<?xml version="1.0" encoding="utf-8"?>
<COLLADA version="1.4.0" xmlns="http://www.collada.org/2005/11/COLLADASchema">
	<asset>
		<contributor>
			<author> SimLab Soft http://www.simLab-soft.com </author>
			<authoring_tool>SimLab Collada Exporter for Fusion 360</authoring_tool>
		</contributor>
		<created>2024-08-15T14:13:18</created>
		<modified>2024-08-15T14:13:18</modified>
		<unit meter="1.000000000000000" name="Meter"/>
		<up_axis>Z_UP</up_axis>
	</asset>
	<library_visual_scenes>
		<visual_scene id="Scene" name="Scene">
			<node>
				<matrix> 1 0 0 0 0 1 0 0 0 0 1 0 0 0 0 1 </matrix>
				<node  id="ID0" name="Camera_2">
					<matrix> 1 0 0 0 0 0 -1 -0.879551 0 1 0 0.041 0 0 0 1 </matrix>
					<instance_camera url="#ID1" />
				</node>
				<node  id="ID2" name="Transform_Node">
					<matrix> 1 0 0 0 0 0 1 0 0 -1 0 0 0 0 0 1 </matrix>
					<node  id="ID3" name="EF_Camera_Stand_V1.2_v2">
						<matrix> 0.01 0 0 0 0 0 -0.01 0 0 0.01 0 0 0 0 0 1 </matrix>
						<node  id="ID4" name="K&#xF6;rper1">
							<matrix> 1 0 0 0 0 1 0 0 0 0 1 0 0 0 0 1 </matrix>
							<instance_geometry url="#ID5">
								<bind_material>
									<technique_common>
										<instance_material symbol="Kunststoff_-_matt_(Schwarz)" target="#ID6">
											<bind_vertex_input semantic="UVSET0" input_semantic="TEXCOORD" input_set="0" />
										</instance_material>
									</technique_common>
								</bind_material>
							</instance_geometry>
						</node>
					</node>
				</node>
			</node>
		</visual_scene>
	</library_visual_scenes>
	<library_cameras>
		<camera id="ID1" name="Camera_2">
			<optics>
				<technique_common>
					<perspective>
						<yfov>45</yfov>
						<aspect_ratio>1.33333</aspect_ratio>
						<znear>0.00951536</znear>
						<zfar>95.1536</zfar>
					</perspective>
				</technique_common>
			</optics>
			<extra>
				<technique  >
					<camera_target type="float">0 -0.0400641 0.041</camera_target>
				</technique>
			</extra>
		</camera >
	</library_cameras>
	<library_geometries>
		<geometry id="ID5" name="geo_0">
			<mesh>
				<source id="geo_0-Position">
					<float_array count="14358" id="geo_0-Position-array">-5.8 -14.3 9.15 -5.8 -14.3618 9.14021 -5.70729 -14.3 9.13532 -5.71032 -14.3618 9.12601 -5.62366 -14.3 9.0927 -5.62942 -14.3618 9.08479 -5.55729 -14.3 9.02634 -5.56521 -14.3618 9.02058 -5.51468 -14.3 8.94271 -5.52399 -14.3618 8.93968 -5.5 -14.3 8.85 -5.50979 -14.3618 8.85 -5.55101 -14.4176 8.9309 -5.5382 -14.4176 8.85 -5.59309 -14.4618 8.91723 -5.58244 -14.4618 8.85 -5.64612 -14.4902 8.9 -5.6382 -14.4902 8.85 -5.70489 -14.5 8.8809 -5.7 -14.5 8.85 -5.8 -14.4176 9.1118 -5.7191 -14.4176 9.09899 -5.64612 -14.4176 9.0618 -5.5882 -14.4176 9.00388 -5.8 -14.4618 9.06756 -5.73277 -14.4618 9.05691 -5.67212 -14.4618 9.02601 -5.62399 -14.4618 8.97788 -5.8 -14.4902 9.0118 -5.75 -14.4902 9.00388 -5.70489 -14.4902 8.9809 -5.6691 -14.4902 8.94511 -5.8 -14.5 8.95 -5.7691 -14.5 8.94511 -5.74122 -14.5 8.9309 -5.7191 -14.5 8.90878 5.8 -14.5 8.95 5.8 -14.4902 9.0118 5.7691 -14.5 8.94511 5.75 -14.4902 9.00388 5.74122 -14.5 8.9309 5.70489 -14.4902 8.9809 5.7191 -14.5 8.90878 5.6691 -14.4902 8.94511 5.70489 -14.5 8.8809 5.64612 -14.4902 8.9 5.7 -14.5 8.85 5.6382 -14.4902 8.85 5.59309 -14.4618 8.91723 5.58244 -14.4618 8.85 5.55101 -14.4176 8.9309 5.5382 -14.4176 8.85 5.52399 -14.3618 8.93968 5.50979 -14.3618 8.85 5.51468 -14.3 8.94271 5.5 -14.3 8.85 5.8 -14.4618 9.06756 5.73277 -14.4618 9.05691 5.67212 -14.4618 9.02601 5.62399 -14.4618 8.97788 5.8 -14.4176 9.1118 5.7191 -14.4176 9.09899 5.64612 -14.4176 9.0618 5.5882 -14.4176 9.00388 5.8 -14.3618 9.14021 5.71032 -14.3618 9.12601 5.62942 -14.3618 9.08479 5.56521 -14.3618 9.02058 5.8 -14.3 9.15 5.70729 -14.3 9.13532 5.62366 -14.3 9.0927 5.55729 -14.3 9.02634 5.8 -14.3 9.15 5.8 -11.45 9.15 5.70729 -14.3 9.13532 5.70729 -11.45 9.13532 5.62366 -14.3 9.0927 5.62366 -11.45 9.0927 5.55729 -14.3 9.02634 5.55729 -11.45 9.02634 5.51468 -14.3 8.94271 5.51468 -11.45 8.94271 5.5 -14.3 8.85 5.5 -11.45 8.85 5.05 -10.7 9.15 5.05 -10.7927 9.13532 5.28176 -10.7367 9.15 5.25312 -10.8249 9.13532 5.49084 -10.8432 9.15 5.43635 -10.9182 9.13532 5.65676 -11.0092 9.15 5.58176 -11.0637 9.13532 5.76329 -11.2182 9.15 5.67512 -11.2469 9.13532 5.8 -11.45 9.15 5.70729 -11.45 9.13532 5.59559 -11.2727 9.0927 5.62366 -11.45 9.0927 5.53247 -11.2932 9.02634 5.55729 -11.45 9.02634 5.49194 -11.3064 8.94271 5.51468 -11.45 8.94271 5.47798 -11.3109 8.85 5.5 -11.45 8.85 5.05 -10.8763 9.0927 5.22727 -10.9044 9.0927 5.38719 -10.9859 9.0927 5.5141 -11.1128 9.0927 5.05 -10.9427 9.02634 5.20676 -10.9675 9.02634 5.34818 -11.0396 9.02634 5.46041 -11.1518 9.02634 5.05 -10.9853 8.94271 5.19359 -11.0081 8.94271 5.32313 -11.0741 8.94271 5.42594 -11.1769 8.94271 5.05 -11 8.85 5.18906 -11.022 8.85 5.3145 -11.0859 8.85 5.41406 -11.1855 8.85 5.05 -10.7 9.15 -5.05 -10.7 9.15 5.05 -10.7927 9.13532 -5.05 -10.7927 9.13532 5.05 -10.8763 9.0927 -5.05 -10.8763 9.0927 5.05 -10.9427 9.02634 -5.05 -10.9427 9.02634 5.05 -10.9853 8.94271 -5.05 -10.9853 8.94271 5.05 -11 8.85 -5.05 -11 8.85 -5.8 -11.45 9.15 -5.70729 -11.45 9.13532 -5.76329 -11.2182 9.15 -5.67512 -11.2469 9.13532 -5.65676 -11.0092 9.15 -5.58176 -11.0637 9.13532 -5.49084 -10.8432 9.15 -5.43635 -10.9182 9.13532 -5.28176 -10.7367 9.15 -5.25312 -10.8249 9.13532 -5.05 -10.7 9.15 -5.05 -10.7927 9.13532 -5.22727 -10.9044 9.0927 -5.05 -10.8763 9.0927 -5.20676 -10.9675 9.02634 -5.05 -10.9427 9.02634 -5.19359 -11.0081 8.94271 -5.05 -10.9853 8.94271 -5.18906 -11.022 8.85 -5.05 -11 8.85 -5.62366 -11.45 9.0927 -5.59559 -11.2727 9.0927 -5.5141 -11.1128 9.0927 -5.38719 -10.9859 9.0927 -5.55729 -11.45 9.02634 -5.53247 -11.2932 9.02634 -5.46041 -11.1518 9.02634 -5.34818 -11.0396 9.02634 -5.51468 -11.45 8.94271 -5.49194 -11.3064 8.94271 -5.42594 -11.1769 8.94271 -5.32313 -11.0741 8.94271 -5.5 -11.45 8.85 -5.47798 -11.3109 8.85 -5.41406 -11.1855 8.85 -5.3145 -11.0859 8.85 -5.8 -11.45 9.15 -5.8 -14.3 9.15 -5.70729 -11.45 9.13532 -5.70729 -14.3 9.13532 -5.62366 -11.45 9.0927 -5.62366 -14.3 9.0927 -5.55729 -11.45 9.02634 -5.55729 -14.3 9.02634 -5.51468 -11.45 8.94271 -5.51468 -14.3 8.94271 -5.5 -11.45 8.85 -5.5 -14.3 8.85 -6.2 -14.5 8.95 -5.8 -14.5 8.95 -6.2 -14.4902 9.0118 -5.8 -14.4902 9.0118 -6.2 -14.4618 9.06756 -5.8 -14.4618 9.06756 -6.2 -14.4176 9.1118 -5.8 -14.4176 9.1118 -6.2 -14.3618 9.14021 -5.8 -14.3618 9.14021 -6.2 -14.3 9.15 -5.8 -14.3 9.15 -5.8 -14.3 9.15 -5.8 -11.45 9.15 -6.2 -14.3 9.15 -6.2 -10.3 9.15 -5.76329 -11.2182 9.15 -5.65676 -11.0092 9.15 -5.49084 -10.8432 9.15 -5.28176 -10.7367 9.15 -5.05 -10.7 9.15 5.05 -10.7 9.15 6.2 -10.3 9.15 5.28176 -10.7367 9.15 5.49084 -10.8432 9.15 5.65676 -11.0092 9.15 5.76329 -11.2182 9.15 5.8 -11.45 9.15 5.8 -14.3 9.15 6.2 -14.3 9.15 6.2 -14.3 9.15 5.8 -14.3 9.15 6.2 -14.3618 9.14021 5.8 -14.3618 9.14021 6.2 -14.4176 9.1118 5.8 -14.4176 9.1118 6.2 -14.4618 9.06756 5.8 -14.4618 9.06756 6.2 -14.4902 9.0118 5.8 -14.4902 9.0118 6.2 -14.5 8.95 5.8 -14.5 8.95 5.7691 -14.5 8.94511 5.7 -14.5 -0.75 5.8 -14.5 8.95 6.3 -14.5 -0.75 6.2 -14.5 8.95 6.2309 -14.5 8.94511 6.25878 -14.5 8.9309 6.3 -14.5 8.85 6.2809 -14.5 8.90878 6.29511 -14.5 8.8809 5.74122 -14.5 8.9309 5.7 -14.5 8.85 5.7191 -14.5 8.90878 5.70489 -14.5 8.8809 6.2 -14.3 9.15 6.2 -14.3618 9.14021 6.29271 -14.3 9.13532 6.28968 -14.3618 9.12601 6.37634 -14.3 9.0927 6.37058 -14.3618 9.08479 6.44271 -14.3 9.02634 6.43479 -14.3618 9.02058 6.48532 -14.3 8.94271 6.47601 -14.3618 8.93968 6.5 -14.3 8.85 6.49021 -14.3618 8.85 6.44899 -14.4176 8.9309 6.4618 -14.4176 8.85 6.40691 -14.4618 8.91723 6.41756 -14.4618 8.85 6.35388 -14.4902 8.9 6.3618 -14.4902 8.85 6.29511 -14.5 8.8809 6.3 -14.5 8.85 6.2 -14.4176 9.1118 6.2809 -14.4176 9.09899 6.35388 -14.4176 9.0618 6.4118 -14.4176 9.00388 6.2 -14.4618 9.06756 6.26723 -14.4618 9.05691 6.32788 -14.4618 9.02601 6.37601 -14.4618 8.97788 6.2 -14.4902 9.0118 6.25 -14.4902 9.00388 6.29511 -14.4902 8.9809 6.3309 -14.4902 8.94511 6.2 -14.5 8.95 6.2309 -14.5 8.94511 6.25878 -14.5 8.9309 6.2809 -14.5 8.90878 6.48532 -10.2049 8.94271 6.5 -10.2 8.85 6.48471 -10.141 8.90541 6.49021 -10.1382 8.85 6.46279 -10.0966 8.90893 6.4618 -10.0824 8.85 6.43106 -10.0586 8.90989 6.41756 -10.0382 8.85 6.39666 -10.0326 8.90855 6.3618 -10.0098 8.85 6.34937 -10.012 8.90436 6.3 -10 8.85 6.29511 -10.0147 8.94271 6.2809 -10.0573 9.02634 6.33221 -10.0427 8.99418 6.34152 -10.0259 8.95588 6.38531 -10.0473 8.96321 6.41763 -10.0725 8.96556 6.44825 -10.1084 8.96388 6.47056 -10.1496 8.95772 6.31395 -10.0766 9.04501 6.25878 -10.1237 9.0927 6.2922 -10.1181 9.08571 6.26825 -10.1646 9.11639 6.28623 -10.1804 9.12045 6.25388 -10.2251 9.13894 6.26295 -10.234 9.13951 6.30081 -10.1943 9.12173 6.27323 -10.2444 9.13911 6.31696 -10.211 9.12083 6.2833 -10.255 9.1376 6.2 -10.3 9.15 6.29271 -10.2691 9.13532 6.2309 -10.2073 9.13532 6.2429 -10.2146 9.13715 6.2 -10.3 9.15 6.2 -10.3 9.15 6.33228 -10.2282 9.11741 6.37634 -10.2412 9.0927 6.37818 -10.2028 9.08736 6.44271 -10.2191 9.02634 6.4194 -10.1795 9.04716 6.45348 -10.1598 8.99638 6.4311 -10.1221 9.00372 6.40197 -10.0887 9.00571 6.37208 -10.0645 9.00291 6.2 -10.3 9.15 6.2 -10.3 9.15 6.34678 -10.0981 9.05358 6.37208 -10.1199 9.05632 6.3175 -10.1376 9.09229 6.39788 -10.1484 9.05438 6.33755 -10.1559 9.09438 6.35895 -10.1787 9.09291 -6.29511 -10.0147 8.94271 -6.3 -10 8.85 -6.35896 -10.0153 8.90541 -6.3618 -10.0098 8.85 -6.40336 -10.0372 8.90893 -6.41756 -10.0382 8.85 -6.44145 -10.0689 8.90989 -6.4618 -10.0824 8.85 -6.46737 -10.1033 8.90855 -6.49021 -10.1382 8.85 -6.48803 -10.1506 8.90436 -6.5 -10.2 8.85 -6.48532 -10.2049 8.94271 -6.44271 -10.2191 9.02634 -6.45728 -10.1678 8.99418 -6.47414 -10.1585 8.95588 -6.45274 -10.1147 8.96321 -6.42753 -10.0824 8.96556 -6.39159 -10.0518 8.96388 -6.35037 -10.0294 8.95772 -6.42336 -10.1861 9.04501 -6.37634 -10.2412 9.0927 -6.38195 -10.2078 9.08571 -6.33541 -10.2317 9.11639 -6.31962 -10.2138 9.12045 -6.27493 -10.2461 9.13894 -6.26601 -10.2371 9.13951 -6.30568 -10.1992 9.12173 -6.25558 -10.2268 9.13911 -6.28896 -10.183 9.12083 -6.24505 -10.2167 9.1376 -6.2 -10.3 9.15 -6.2309 -10.2073 9.13532 -6.29271 -10.2691 9.13532 -6.2854 -10.2571 9.13715 -6.2 -10.3 9.15 -6.2 -10.3 9.15 -6.27177 -10.1677 9.11741 -6.25878 -10.1237 9.0927 -6.29719 -10.1218 9.08736 -6.2809 -10.0573 9.02634 -6.32049 -10.0806 9.04716 -6.34023 -10.0465 8.99638 -6.37786 -10.0689 9.00372 -6.41126 -10.098 9.00571 -6.43545 -10.1279 9.00291 -6.2 -10.3 9.15 -6.2 -10.3 9.15 -6.40187 -10.1532 9.05358 -6.38013 -10.1279 9.05632 -6.36238 -10.1825 9.09229 -6.35163 -10.1021 9.05438 -6.3441 -10.1624 9.09438 -6.3213 -10.141 9.09291 -6.2 -14.5 8.95 -6.2 -14.4902 9.0118 -6.2309 -14.5 8.94511 -6.25 -14.4902 9.00388 -6.25878 -14.5 8.9309 -6.29511 -14.4902 8.9809 -6.2809 -14.5 8.90878 -6.3309 -14.4902 8.94511 -6.29511 -14.5 8.8809 -6.35388 -14.4902 8.9 -6.3 -14.5 8.85 -6.3618 -14.4902 8.85 -6.40691 -14.4618 8.91723 -6.41756 -14.4618 8.85 -6.44899 -14.4176 8.9309 -6.4618 -14.4176 8.85 -6.47601 -14.3618 8.93968 -6.49021 -14.3618 8.85 -6.48532 -14.3 8.94271 -6.5 -14.3 8.85 -6.2 -14.4618 9.06756 -6.26723 -14.4618 9.05691 -6.32788 -14.4618 9.02601 -6.37601 -14.4618 8.97788 -6.2 -14.4176 9.1118 -6.2809 -14.4176 9.09899 -6.35388 -14.4176 9.0618 -6.4118 -14.4176 9.00388 -6.2 -14.3618 9.14021 -6.28968 -14.3618 9.12601 -6.37058 -14.3618 9.08479 -6.43479 -14.3618 9.02058 -6.2 -14.3 9.15 -6.29271 -14.3 9.13532 -6.37634 -14.3 9.0927 -6.44271 -14.3 9.02634 -6.2 -14.3 9.15 -6.2 -10.3 9.15 -6.29271 -14.3 9.13532 -6.29271 -10.2691 9.13532 -6.37634 -14.3 9.0927 -6.37634 -10.2412 9.0927 -6.44271 -14.3 9.02634 -6.44271 -10.2191 9.02634 -6.48532 -14.3 8.94271 -6.48532 -10.2049 8.94271 -6.5 -14.3 8.85 -6.5 -10.2 8.85 -6.2 -10.3 9.15 6.2 -10.3 9.15 -6.2309 -10.2073 9.13532 6.2309 -10.2073 9.13532 -6.25878 -10.1237 9.0927 6.25878 -10.1237 9.0927 -6.2809 -10.0573 9.02634 6.2809 -10.0573 9.02634 -6.29511 -10.0147 8.94271 6.29511 -10.0147 8.94271 -6.3 -10 8.85 6.3 -10 8.85 6.5 -10.2 8.85 6.48532 -10.2049 8.94271 6.5 -14.3 8.85 6.48532 -14.3 8.94271 6.44271 -10.2191 9.02634 6.44271 -14.3 9.02634 6.37634 -10.2412 9.0927 6.37634 -14.3 9.0927 6.29271 -10.2691 9.13532 6.29271 -14.3 9.13532 6.2 -10.3 9.15 6.2 -14.3 9.15 6.5 -14.3 -0.75 6.5 -14.3 8.85 6.49021 -14.3618 -0.75 6.49021 -14.3618 8.85 6.4618 -14.4176 -0.75 6.4618 -14.4176 8.85 6.41756 -14.4618 -0.75 6.41756 -14.4618 8.85 6.3618 -14.4902 -0.75 6.3618 -14.4902 8.85 6.3 -14.5 -0.75 6.3 -14.5 8.85 -5.05313 -10.999 -0.769603 -5.05 -11 -0.75 -5.14943 -11.0107 -0.761914 -5.18906 -11.022 -0.75 -5.2409 -11.0426 -0.755552 -5.3145 -11.0859 -0.75 -5.30393 -11.0786 -0.752683 -5.40701 -11.1763 -0.752111 -5.30991 -11.0783 -0.7642 -5.40772 -11.1716 -0.762802 -5.41064 -11.1649 -0.775025 -5.31768 -11.0758 -0.776661 -5.43295 -11.1297 -0.82003 -5.35638 -11.0552 -0.821665 -5.49047 -11.0542 -0.880002 -5.43621 -11.0007 -0.881005 -5.53133 -11.0033 -0.907315 -5.48932 -10.9617 -0.907942 -5.57881 -10.9454 -0.928853 -5.54947 -10.9162 -0.929168 -5.7 -10.8 -0.95 -5.41406 -11.1855 -0.75 -5.47494 -11.3009 -0.758163 -5.4759 -11.2873 -0.777587 -5.4784 -11.273 -0.792328 -5.49598 -11.2142 -0.837342 -5.54004 -11.1112 -0.890628 -5.57122 -11.0466 -0.913956 -5.60746 -10.9752 -0.932195 -5.7 -10.8 -0.95 -5.47798 -11.3109 -0.75 -5.50096 -11.4469 -0.769603 -5.50384 -11.4375 -0.789018 -5.5 -11.45 -0.75 -5.50861 -11.422 -0.808057 -5.51522 -11.4005 -0.826537 -5.55858 -11.2596 -0.891421 -5.62346 -11.0487 -0.934776 -5.7 -10.8 -0.95 -5.24038 -10.9414 -0.891421 -5.43744 -10.915 -0.918171 -5.45126 -10.8765 -0.934776 -5.5139 -10.8824 -0.934325 -5.7 -10.8 -0.95 -5.09948 -10.9848 -0.826537 -5.25338 -10.9852 -0.848204 -5.36755 -10.9434 -0.897343 -5.4072 -10.9752 -0.886012 -5.46729 -10.9412 -0.911066 -5.07799 -10.9914 -0.808057 -5.1669 -11.0081 -0.786776 -5.18455 -11.0045 -0.803108 -5.26288 -11.0402 -0.78485 -5.31343 -11.0224 -0.829841 -5.06249 -10.9962 -0.789018 -5.7 -10.8 -0.95 -5.5343 -10.9016 -0.930739 -5.7 -10.8 -0.95 -5.25128 -11.0423 -0.771204 -5.05 -11 -0.75 -5.05 -11 8.85 -5.18906 -11.022 -0.75 -5.18906 -11.022 8.85 -5.3145 -11.0859 -0.75 -5.3145 -11.0859 8.85 -5.41406 -11.1855 -0.75 -5.41406 -11.1855 8.85 -5.47798 -11.3109 -0.75 -5.47798 -11.3109 8.85 -5.5 -11.45 -0.75 -5.5 -11.45 8.85 -5.05 -11 8.85 -5.05 -11 -0.75 5.05 -11 8.85 5.05 -11 -0.75 5.05 -11 -0.75 -5.05 -11 -0.75 5.05313 -10.999 -0.769603 -5.05313 -10.999 -0.769603 5.06249 -10.9962 -0.789018 -5.06249 -10.9962 -0.789018 5.07799 -10.9914 -0.808057 -5.07799 -10.9914 -0.808057 -5.09948 -10.9848 -0.826537 5.09948 -10.9848 -0.826537 -5.24038 -10.9414 -0.891421 5.24038 -10.9414 -0.891421 -5.45126 -10.8765 -0.934776 5.45126 -10.8765 -0.934776 -5.7 -10.8 -0.95 5.7 -10.8 -0.95 5.50096 -11.4469 -0.769603 5.5 -11.45 -0.75 5.48929 -11.3517 -0.75853 5.47798 -11.3109 -0.75 5.45761 -11.2596 -0.754015 5.41406 -11.1855 -0.75 5.42156 -11.1963 -0.751979 5.3217 -11.0914 -0.751607 5.42143 -11.1931 -0.758627 5.32417 -11.0913 -0.757598 5.33221 -11.0887 -0.773014 5.4236 -11.1837 -0.774501 5.35043 -11.0782 -0.798728 5.43326 -11.1636 -0.800321 5.42507 -11.0241 -0.867352 5.48456 -11.0845 -0.868416 5.48176 -10.9794 -0.900456 5.52742 -11.0254 -0.901123 5.54868 -10.925 -0.926867 5.5796 -10.9561 -0.927189 5.7 -10.8 -0.95 5.3145 -11.0859 -0.75 5.19386 -11.0234 -0.756088 5.20163 -11.023 -0.769985 5.22083 -11.0204 -0.790911 5.07799 -10.9914 -0.808057 5.09948 -10.9848 -0.826537 5.18906 -11.022 -0.75 5.05313 -10.999 -0.769603 5.06249 -10.9962 -0.789018 5.05 -11 -0.75 5.2535 -11.0119 -0.817914 5.24038 -10.9414 -0.891421 5.36095 -10.9702 -0.880182 5.45126 -10.8765 -0.934776 5.43409 -10.9361 -0.908504 5.51712 -10.8949 -0.930743 5.7 -10.8 -0.95 5.7 -10.8 -0.95 5.55858 -11.2596 -0.891421 5.57712 -11.0817 -0.912989 5.62346 -11.0487 -0.934776 5.61463 -10.9932 -0.93291 5.7 -10.8 -0.95 5.51522 -11.4005 -0.826537 5.5047 -11.28 -0.828463 5.54561 -11.1606 -0.887303 5.51198 -11.1165 -0.874207 5.54926 -11.0493 -0.904752 5.49488 -11.3182 -0.800713 5.50861 -11.422 -0.808057 5.49061 -11.3418 -0.776747 5.50384 -11.4375 -0.789018 5.7 -10.8 -0.95 5.59477 -10.9719 -0.928935 5.7 -10.8 -0.95 5.45749 -11.2539 -0.764252 5.45931 -11.239 -0.782618 5.46759 -11.2118 -0.80901 5.5 -11.45 -0.75 5.5 -11.45 8.85 5.47798 -11.3109 -0.75 5.47798 -11.3109 8.85 5.41406 -11.1855 -0.75 5.41406 -11.1855 8.85 5.3145 -11.0859 -0.75 5.3145 -11.0859 8.85 5.18906 -11.022 -0.75 5.18906 -11.022 8.85 5.05 -11 -0.75 5.05 -11 8.85 5.5 -11.45 8.85 5.5 -13.4036 7.26491 5.5 -14.3 8.85 5.5 -13.4487 7.29095 5.5 -13.5 7.3 5.5 -11.45 -0.75 5.5 -13.3523 2.17605 5.5 -13.3523 7.12395 5.5 -13.3523 7.17605 5.5 -14.3 -0.75 5.5 -13.4036 2.03509 5.5 -13.3701 2.075 5.5 -13.3523 2.12395 5.5 -13.6477 2.17605 5.5 -13.6477 2.12395 5.5 -13.6299 2.075 5.5 -13.4487 7.00905 5.5 -13.4487 2.29095 5.5 -13.5 7 5.5 -13.5 2.3 5.5 -13.5513 2.29095 5.5 -13.4036 2.26491 5.5 -13.4036 7.03509 5.5 -13.3701 2.225 5.5 -13.3701 7.075 5.5 -13.3701 7.225 5.5 -13.5513 7.29095 5.5 -13.5964 7.26491 5.5 -13.6299 7.225 5.5 -13.6477 7.17605 5.5 -13.6477 7.12395 5.5 -13.6299 7.075 5.5 -13.6299 2.225 5.5 -13.5964 7.03509 5.5 -13.5964 2.26491 5.5 -13.5513 7.00905 5.5 -13.5513 2.00905 5.5 -13.5 2 5.5 -13.4487 2.00905 5.5 -13.5964 2.03509 5.5 -11.45 -0.75 5.50096 -11.4469 -0.769603 5.5 -14.3 -0.75 5.50384 -11.4375 -0.789018 5.50979 -14.3 -0.811803 5.50861 -11.422 -0.808057 5.51522 -11.4005 -0.826537 5.5382 -14.3 -0.867557 5.55858 -11.2596 -0.891421 5.58244 -14.3 -0.911803 5.62346 -11.0487 -0.934776 5.6382 -14.3 -0.940211 5.7 -10.8 -0.95 5.7 -14.3 -0.95 5.7 -14.3618 -0.940211 5.67793 -14.362 -0.938871 5.7 -14.3 -0.95 5.63803 -14.3221 -0.938871 5.6382 -14.3 -0.940211 5.58244 -14.3 -0.911803 5.5954 -14.3574 -0.9105 5.53028 -14.3264 -0.852463 5.5629 -14.3872 -0.86659 5.54368 -14.4086 -0.811392 5.5914 -14.4563 -0.811392 5.5382 -14.4176 -0.75 5.58244 -14.4618 -0.75 5.6382 -14.4902 -0.75 5.64967 -14.4876 -0.79787 5.7 -14.5 -0.75 5.7 -14.4902 -0.811803 5.67364 -14.4697 -0.852463 5.7 -14.4618 -0.867557 5.64256 -14.4046 -0.9105 5.7 -14.4176 -0.911803 5.50979 -14.3618 -0.75 5.51245 -14.3503 -0.79787 5.50979 -14.3 -0.811803 5.5382 -14.3 -0.867557 5.5 -14.3 -0.75 5.61276 -14.4371 -0.86659 5.7 -14.5 -0.75 5.7 -14.5 8.85 5.6382 -14.4902 -0.75 5.6382 -14.4902 8.85 5.58244 -14.4618 -0.75 5.58244 -14.4618 8.85 5.5382 -14.4176 -0.75 5.5382 -14.4176 8.85 5.50979 -14.3618 -0.75 5.50979 -14.3618 8.85 5.5 -14.3 -0.75 5.5 -14.3 8.85 6.49021 -14.3 -0.811803 6.5 -14.3 -0.75 6.48755 -14.3479 -0.800331 6.49021 -14.3618 -0.75 6.46972 -14.4025 -0.77636 6.4618 -14.4176 -0.75 6.41756 -14.4618 -0.75 6.3618 -14.4902 -0.75 6.36197 -14.4889 -0.772067 6.4046 -14.4605 -0.807435 6.4371 -14.4166 -0.837243 6.45632 -14.3614 -0.858604 6.4086 -14.3614 -0.906321 6.4618 -14.3 -0.867557 6.41756 -14.3 -0.911803 6.3618 -14.3 -0.940211 6.35033 -14.3479 -0.937551 6.3 -14.3 -0.95 6.3 -14.3618 -0.940211 6.32636 -14.4025 -0.919725 6.3 -14.4176 -0.911803 6.35744 -14.4605 -0.854599 6.3 -14.4618 -0.867557 6.32207 -14.4889 -0.811975 6.3 -14.4902 -0.811803 6.3 -14.5 -0.75 6.38724 -14.4166 -0.887097 5.7 -14.3 -0.95 6.3 -14.3 -0.95 5.7 -14.3618 -0.940211 6.3 -14.3618 -0.940211 5.7 -14.4176 -0.911803 6.3 -14.4176 -0.911803 5.7 -14.4618 -0.867557 6.3 -14.4618 -0.867557 5.7 -14.4902 -0.811803 6.3 -14.4902 -0.811803 5.7 -14.5 -0.75 6.3 -14.5 -0.75 -5.6382 -14.3 -0.940211 -5.63803 -14.3221 -0.938871 -5.7 -14.3 -0.95 -5.67793 -14.362 -0.938871 -5.7 -14.3618 -0.940211 -5.7 -14.4176 -0.911803 -5.64256 -14.4046 -0.9105 -5.67364 -14.4697 -0.852463 -5.61276 -14.4371 -0.86659 -5.5914 -14.4563 -0.811392 -5.54368 -14.4086 -0.811392 -5.58244 -14.4618 -0.75 -5.5382 -14.4176 -0.75 -5.50979 -14.3618 -0.75 -5.51245 -14.3503 -0.79787 -5.5 -14.3 -0.75 -5.50979 -14.3 -0.811803 -5.53028 -14.3264 -0.852463 -5.5382 -14.3 -0.867557 -5.5954 -14.3574 -0.9105 -5.58244 -14.3 -0.911803 -5.6382 -14.4902 -0.75 -5.64967 -14.4876 -0.79787 -5.7 -14.4902 -0.811803 -5.7 -14.4618 -0.867557 -5.7 -14.5 -0.75 -5.5629 -14.3872 -0.86659 -5.5 -14.3 -0.75 -5.5 -14.3 8.85 -5.50979 -14.3618 -0.75 -5.50979 -14.3618 8.85 -5.5382 -14.4176 -0.75 -5.5382 -14.4176 8.85 -5.58244 -14.4618 -0.75 -5.58244 -14.4618 8.85 -5.6382 -14.4902 -0.75 -5.6382 -14.4902 8.85 -5.7 -14.5 -0.75 -5.7 -14.5 8.85 -6.3618 -14.3 -0.940211 -6.3 -14.3 -0.95 -6.35033 -14.3479 -0.937551 -6.3 -14.3618 -0.940211 -6.32636 -14.4025 -0.919725 -6.3 -14.4176 -0.911803 -6.3 -14.4618 -0.867557 -6.3 -14.4902 -0.811803 -6.32207 -14.4889 -0.811975 -6.35744 -14.4605 -0.854599 -6.38724 -14.4166 -0.887097 -6.4086 -14.3614 -0.906321 -6.45632 -14.3614 -0.858604 -6.41756 -14.3 -0.911803 -6.4618 -14.3 -0.867557 -6.49021 -14.3 -0.811803 -6.48755 -14.3479 -0.800331 -6.5 -14.3 -0.75 -6.49021 -14.3618 -0.75 -6.46972 -14.4025 -0.77636 -6.4618 -14.4176 -0.75 -6.4046 -14.4605 -0.807435 -6.41756 -14.4618 -0.75 -6.36197 -14.4889 -0.772067 -6.3618 -14.4902 -0.75 -6.3 -14.5 -0.75 -6.4371 -14.4166 -0.837243 -6.3 -14.5 -0.75 -6.3 -14.5 8.85 -6.3618 -14.4902 -0.75 -6.3618 -14.4902 8.85 -6.41756 -14.4618 -0.75 -6.41756 -14.4618 8.85 -6.4618 -14.4176 -0.75 -6.4618 -14.4176 8.85 -6.49021 -14.3618 -0.75 -6.49021 -14.3618 8.85 -6.5 -14.3 -0.75 -6.5 -14.3 8.85 -6.5 -14.3 -0.75 -6.5 0 -0.75 -6.49021 -14.3 -0.811803 -6.49021 0 -0.811803 -6.4618 -14.3 -0.867557 -6.4618 0 -0.867557 -6.41756 -14.3 -0.911803 -6.41756 0 -0.911803 -6.3618 -14.3 -0.940211 -6.3618 0 -0.940211 -6.3 -14.3 -0.95 -6.3 0 -0.95 6.5 0 -0.75 6.49021 0 -0.811803 6.44875 0.814666 -0.75 6.43903 0.813439 -0.811803 6.29579 1.61648 -0.75 6.28631 1.61405 -0.811803 6.04355 2.39281 -0.75 6.03445 2.38921 -0.811803 5.69599 3.1314 -0.75 5.68742 3.12668 -0.811803 5.25861 3.8206 -0.75 5.25069 3.81485 -0.811803 4.7383 4.44956 -0.75 4.73116 4.44286 -0.811803 4.14326 5.00834 -0.75 4.13702 5.00079 -0.811803 3.48287 5.48813 -0.75 3.47763 5.47987 -0.811803 2.76757 5.88138 -0.75 2.7634 5.87252 -0.811803 2.00861 6.18187 -0.75 2.00559 6.17256 -0.811803 1.21798 6.38487 -0.75 1.21614 6.37525 -0.811803 0.408138 6.48717 -0.75 0.407524 6.4774 -0.811803 -0.408138 6.48717 -0.75 -0.407524 6.4774 -0.811803 -1.21798 6.38487 -0.75 -1.21614 6.37525 -0.811803 -2.00861 6.18187 -0.75 -2.00559 6.17256 -0.811803 -2.76757 5.88138 -0.75 -2.7634 5.87252 -0.811803 -3.48287 5.48813 -0.75 -3.47763 5.47987 -0.811803 -4.14326 5.00834 -0.75 -4.13702 5.00079 -0.811803 -4.7383 4.44956 -0.75 -4.73116 4.44286 -0.811803 -5.25861 3.8206 -0.75 -5.25069 3.81485 -0.811803 -5.69599 3.1314 -0.75 -5.68742 3.12668 -0.811803 -6.04355 2.39281 -0.75 -6.03445 2.38921 -0.811803 -6.29579 1.61648 -0.75 -6.28631 1.61405 -0.811803 -6.44875 0.814666 -0.75 -6.43903 0.813439 -0.811803 -6.5 0 -0.75 -6.49021 0 -0.811803 -6.41085 0.809879 -0.867557 -6.4618 0 -0.867557 -6.36695 0.804333 -0.911803 -6.41756 0 -0.911803 -6.31164 0.797345 -0.940211 -6.3618 0 -0.940211 -6.25032 0.789599 -0.95 -6.3 0 -0.95 6.4618 0 -0.867557 6.41085 0.809879 -0.867557 6.25879 1.60699 -0.867557 6.00803 2.37875 -0.867557 5.66252 3.113 -0.867557 5.22771 3.79815 -0.867557 4.71045 4.42341 -0.867557 4.11891 4.97891 -0.867557 3.46241 5.45588 -0.867557 2.7513 5.84681 -0.867557 1.99681 6.14554 -0.867557 1.21082 6.34735 -0.867557 0.40574 6.44905 -0.867557 -0.40574 6.44905 -0.867557 -1.21082 6.34735 -0.867557 -1.99681 6.14554 -0.867557 -2.7513 5.84681 -0.867557 -3.46241 5.45588 -0.867557 -4.11891 4.97891 -0.867557 -4.71045 4.42341 -0.867557 -5.22771 3.79815 -0.867557 -5.66252 3.113 -0.867557 -6.00803 2.37875 -0.867557 -6.25879 1.60699 -0.867557 6.41756 0 -0.911803 6.36695 0.804333 -0.911803 6.21594 1.59598 -0.911803 5.96689 2.36246 -0.911803 5.62375 3.09168 -0.911803 5.19191 3.77215 -0.911803 4.6782 4.39312 -0.911803 4.0907 4.94481 -0.911803 3.4387 5.41852 -0.911803 2.73246 5.80678 -0.911803 1.98313 6.10346 -0.911803 1.20253 6.30388 -0.911803 0.402962 6.40489 -0.911803 -0.402962 6.40489 -0.911803 -1.20253 6.30388 -0.911803 -1.98313 6.10346 -0.911803 -2.73246 5.80678 -0.911803 -3.4387 5.41852 -0.911803 -4.0907 4.94481 -0.911803 -4.6782 4.39312 -0.911803 -5.19191 3.77215 -0.911803 -5.62375 3.09168 -0.911803 -5.96689 2.36246 -0.911803 -6.21594 1.59598 -0.911803 6.3618 0 -0.940211 6.31164 0.797345 -0.940211 6.16194 1.58212 -0.940211 5.91506 2.34194 -0.940211 5.57489 3.06482 -0.940211 5.14681 3.73937 -0.940211 4.63756 4.35495 -0.940211 4.05517 4.90185 -0.940211 3.40882 5.37145 -0.940211 2.70872 5.75633 -0.940211 1.96591 6.05043 -0.940211 1.19208 6.24912 -0.940211 0.399461 6.34925 -0.940211 -0.399461 6.34925 -0.940211 -1.19208 6.24912 -0.940211 -1.96591 6.05043 -0.940211 -2.70872 5.75633 -0.940211 -3.40882 5.37145 -0.940211 -4.05517 4.90185 -0.940211 -4.63756 4.35495 -0.940211 -5.14681 3.73937 -0.940211 -5.57489 3.06482 -0.940211 -5.91506 2.34194 -0.940211 -6.16194 1.58212 -0.940211 6.3 0 -0.95 6.25032 0.789599 -0.95 6.10207 1.56675 -0.95 5.85759 2.31918 -0.95 5.52073 3.03505 -0.95 5.09681 3.70305 -0.95 4.5925 4.31265 -0.95 4.01577 4.85423 -0.95 3.37571 5.31927 -0.95 2.68241 5.70041 -0.95 1.94681 5.99166 -0.95 1.1805 6.18841 -0.95 0.39558 6.28757 -0.95 -0.39558 6.28757 -0.95 -1.1805 6.18841 -0.95 -1.94681 5.99166 -0.95 -2.68241 5.70041 -0.95 -3.37571 5.31927 -0.95 -4.01577 4.85423 -0.95 -4.5925 4.31265 -0.95 -5.09681 3.70305 -0.95 -5.52073 3.03505 -0.95 -5.85759 2.31918 -0.95 -6.10207 1.56675 -0.95 6.5 0 -0.75 6.5 -14.3 -0.75 6.49021 0 -0.811803 6.49021 -14.3 -0.811803 6.4618 0 -0.867557 6.4618 -14.3 -0.867557 6.41756 0 -0.911803 6.41756 -14.3 -0.911803 6.3618 0 -0.940211 6.3618 -14.3 -0.940211 6.3 0 -0.95 6.3 -14.3 -0.95 -6.3 -14.3 -0.95 -5.7 -14.3 -0.95 -6.3 -14.3618 -0.940211 -5.7 -14.3618 -0.940211 -6.3 -14.4176 -0.911803 -5.7 -14.4176 -0.911803 -6.3 -14.4618 -0.867557 -5.7 -14.4618 -0.867557 -6.3 -14.4902 -0.811803 -5.7 -14.4902 -0.811803 -6.3 -14.5 -0.75 -5.7 -14.5 -0.75 -5.7 -14.3 -0.95 -5.7 -10.8 -0.95 -5.6382 -14.3 -0.940211 -5.62346 -11.0487 -0.934776 -5.58244 -14.3 -0.911803 -5.55858 -11.2596 -0.891421 -5.5382 -14.3 -0.867557 -5.51522 -11.4005 -0.826537 -5.50979 -14.3 -0.811803 -5.50861 -11.422 -0.808057 -5.50384 -11.4375 -0.789018 -5.5 -14.3 -0.75 -5.50096 -11.4469 -0.769603 -5.5 -11.45 -0.75 6.5 -14.3 8.85 6.5 -13.4059 7.40842 6.5 -10.2 8.85 6.5 -13.3232 7.36066 6.5 -10.2 7.4 6.5 -13.2618 7.2875 6.5 -13.2292 7.19775 6.5 -14.3 -0.75 6.5 -13.7708 2.19775 6.5 -13.7708 7.10225 6.5 -13.7708 7.19775 6.5 0 -0.75 6.5 -4.74733 1.2452 6.5 -5.48376 1.38016 6.5 -6.19855 1.6029 6.5 0 1.2 6.5 -4 1.2 6.5 -6.88128 1.91017 6.5 -7.522 2.2975 6.5 -13.3232 1.93934 6.5 -13.2618 2.0125 6.5 -8.11136 2.75923 6.5 -13.2292 2.10225 6.5 -8.64077 3.28864 6.5 -13.2292 2.19775 6.5 -13.2618 2.2875 6.5 -9.1025 3.878 6.5 -13.3232 2.36066 6.5 -9.48983 4.51872 6.5 -13.4059 2.40842 6.5 -9.7971 5.20145 6.5 -13.5 2.425 6.5 -13.5 6.875 6.5 -13.5941 2.40842 6.5 -13.5941 6.89158 6.5 -13.6768 2.36066 6.5 -13.6768 6.93934 6.5 -13.7382 2.2875 6.5 -13.7382 7.0125 6.5 -13.4059 6.89158 6.5 -10.0198 5.91624 6.5 -13.3232 6.93934 6.5 -10.1548 6.65267 6.5 -13.2618 7.0125 6.5 -13.2292 7.10225 6.5 -13.4059 1.89158 6.5 -13.5 1.875 6.5 -13.5941 1.89158 6.5 -13.6768 1.93934 6.5 -13.7382 2.0125 6.5 -13.7708 2.10225 6.5 -13.7382 7.2875 6.5 -13.6768 7.36066 6.5 -13.5941 7.40842 6.5 -13.5 7.425 6.5 0 1.2 6.5 0 -0.75 6.44875 0.814666 1.2 6.44875 0.814666 -0.75 6.29579 1.61648 1.2 6.29579 1.61648 -0.75 6.04355 2.39281 1.2 6.04355 2.39281 -0.75 5.69599 3.1314 1.2 5.69599 3.1314 -0.75 5.25861 3.8206 1.2 5.25861 3.8206 -0.75 4.7383 4.44956 1.2 4.7383 4.44956 -0.75 4.14326 5.00834 1.2 4.14326 5.00834 -0.75 3.48287 5.48813 1.2 3.48287 5.48813 -0.75 2.76757 5.88138 1.2 2.76757 5.88138 -0.75 2.00861 6.18187 1.2 2.00861 6.18187 -0.75 1.21798 6.38487 1.2 1.21798 6.38487 -0.75 0.408138 6.48717 1.2 0.408138 6.48717 -0.75 -0.408138 6.48717 1.2 -0.408138 6.48717 -0.75 -1.21798 6.38487 1.2 -1.21798 6.38487 -0.75 -2.00861 6.18187 1.2 -2.00861 6.18187 -0.75 -2.76757 5.88138 1.2 -2.76757 5.88138 -0.75 -3.48287 5.48813 1.2 -3.48287 5.48813 -0.75 -4.14326 5.00834 1.2 -4.14326 5.00834 -0.75 -4.7383 4.44956 1.2 -4.7383 4.44956 -0.75 -5.25861 3.8206 1.2 -5.25861 3.8206 -0.75 -5.69599 3.1314 1.2 -5.69599 3.1314 -0.75 -6.04355 2.39281 1.2 -6.04355 2.39281 -0.75 -6.29579 1.61648 1.2 -6.29579 1.61648 -0.75 -6.44875 0.814666 1.2 -6.44875 0.814666 -0.75 -6.5 0 1.2 -6.5 0 -0.75 -6.5 -10.2 8.85 -6.5 -13.4059 7.40842 -6.5 -14.3 8.85 -6.5 -13.5 7.425 -6.5 -13.5941 7.40842 -6.5 -13.3232 7.36066 -6.5 -10.2 7.4 -6.5 -13.2618 7.2875 -6.5 -13.2292 7.19775 -6.5 -13.2292 7.10225 -6.5 -10.1548 6.65267 -6.5 -13.2618 7.0125 -6.5 -13.3232 6.93934 -6.5 -10.0198 5.91624 -6.5 -13.4059 6.89158 -6.5 -9.7971 5.20145 -6.5 -13.5 6.875 -6.5 -13.5 2.425 -6.5 -13.5941 6.89158 -6.5 -13.5941 2.40842 -6.5 -13.6768 6.93934 -6.5 -13.6768 2.36066 -6.5 -13.7382 7.0125 -6.5 -13.7382 2.2875 -6.5 -13.7708 7.10225 -6.5 -13.7708 2.19775 -6.5 -14.3 -0.75 -6.5 -13.7708 2.10225 -6.5 -13.7382 2.0125 -6.5 -13.4059 2.40842 -6.5 -9.48983 4.51872 -6.5 -13.3232 2.36066 -6.5 -9.1025 3.878 -6.5 -13.2618 2.2875 -6.5 -8.64077 3.28864 -6.5 -13.2292 2.19775 -6.5 -13.2292 2.10225 -6.5 -8.11136 2.75923 -6.5 -13.2618 2.0125 -6.5 -7.522 2.2975 -6.5 -13.3232 1.93934 -6.5 -13.4059 1.89158 -6.5 -13.5 1.875 -6.5 -13.5941 1.89158 -6.5 -13.6768 1.93934 -6.5 -6.88128 1.91017 -6.5 -6.19855 1.6029 -6.5 -5.48376 1.38016 -6.5 -4.74733 1.2452 -6.5 0 -0.75 -6.5 -4 1.2 -6.5 0 1.2 -6.5 -13.6768 7.36066 -6.5 -13.7382 7.2875 -6.5 -13.7708 7.19775 -5.7 -14.3 -0.95 -6.3 -14.3 -0.95 -5.7 -10.8 -0.95 -6.3 0 -0.95 -2.74704 -1.64128 -0.95 -2.99595 -1.1244 -0.95 -3.14857 -0.571382 -0.95 -3.2 0 -0.95 -6.25032 0.789599 -0.95 -6.10207 1.56675 -0.95 -3.14857 0.571382 -0.95 -5.85759 2.31918 -0.95 -5.52073 3.03505 -0.95 -5.09681 3.70305 -0.95 -2.99595 1.1244 -0.95 -4.5925 4.31265 -0.95 -2.74704 1.64128 -0.95 -4.01577 4.85423 -0.95 -2.40983 2.1054 -0.95 -3.37571 5.31927 -0.95 -1.99517 2.50186 -0.95 -2.68241 5.70041 -0.95 -1.51638 2.81791 -0.95 -1.94681 5.99166 -0.95 -0.988854 3.04338 -0.95 -1.1805 6.18841 -0.95 -0.429546 3.17104 -0.95 -0.39558 6.28757 -0.95 0.143567 3.19678 -0.95 0.39558 6.28757 -0.95 0.712067 3.11977 -0.95 1.1805 6.18841 -0.95 1.25768 2.94249 -0.95 1.94681 5.99166 -0.95 1.76287 2.67063 -0.95 2.68241 5.70041 -0.95 2.2114 2.31294 -0.95 3.37571 5.31927 -0.95 2.58885 1.88091 -0.95 4.01577 4.85423 -0.95 2.8831 1.38843 -0.95 4.5925 4.31265 -0.95 5.09681 3.70305 -0.95 3.08468 0.851318 -0.95 5.52073 3.03505 -0.95 3.18712 0.286846 -0.95 5.85759 2.31918 -0.95 6.10207 1.56675 -0.95 6.25032 0.789599 -0.95 6.3 0 -0.95 3.18712 -0.286846 -0.95 3.08468 -0.851318 -0.95 2.8831 -1.38843 -0.95 5.7 -10.8 -0.95 2.58885 -1.88091 -0.95 2.2114 -2.31294 -0.95 1.76287 -2.67063 -0.95 1.25768 -2.94249 -0.95 0.712067 -3.11977 -0.95 0.143567 -3.19678 -0.95 -0.429546 -3.17104 -0.95 -0.988854 -3.04338 -0.95 -1.51638 -2.81791 -0.95 -1.99517 -2.50186 -0.95 -2.40983 -2.1054 -0.95 6.3 -14.3 -0.95 5.7 -14.3 -0.95 -5.5 -14.3 8.85 -5.5 -13.4036 7.26491 -5.5 -11.45 8.85 -5.5 -13.3701 7.225 -5.5 -13.3523 7.17605 -5.5 -14.3 -0.75 -5.5 -13.6477 2.17605 -5.5 -13.6477 7.12395 -5.5 -13.6477 7.17605 -5.5 -11.45 -0.75 -5.5 -13.4036 2.03509 -5.5 -13.4487 2.00905 -5.5 -13.5 2 -5.5 -13.3523 2.17605 -5.5 -13.3523 2.12395 -5.5 -13.3701 2.075 -5.5 -13.5513 2.00905 -5.5 -13.5964 2.03509 -5.5 -13.6299 2.075 -5.5 -13.6477 2.12395 -5.5 -13.6299 7.075 -5.5 -13.6299 2.225 -5.5 -13.5964 7.03509 -5.5 -13.5964 2.26491 -5.5 -13.5513 7.00905 -5.5 -13.5513 2.29095 -5.5 -13.5 7 -5.5 -13.5 2.3 -5.5 -13.4487 2.29095 -5.5 -13.4487 7.00905 -5.5 -13.4036 2.26491 -5.5 -13.4036 7.03509 -5.5 -13.3701 2.225 -5.5 -13.3701 7.075 -5.5 -13.3523 7.12395 -5.5 -13.6299 7.225 -5.5 -13.5964 7.26491 -5.5 -13.5513 7.29095 -5.5 -13.5 7.3 -5.5 -13.4487 7.29095 -0.3054 2.38884 -0.75 -0.399369 2.35464 -0.85 -0.325 2.5 -0.75 -0.425 2.5 -0.85 -0.325 2.5 -0.75 -0.425 2.5 -0.85 -0.3054 2.61116 -0.75 -0.399369 2.64536 -0.85 -0.248964 2.70891 -0.75 -0.325569 2.77318 -0.85 -0.1625 2.78146 -0.75 -0.2125 2.86806 -0.85 -0.0564357 2.82006 -0.75 -0.0738005 2.91854 -0.85 0.0564357 2.82006 -0.75 0.0738005 2.91854 -0.85 0.1625 2.78146 -0.75 0.2125 2.86806 -0.85 0.248964 2.70891 -0.75 0.325569 2.77318 -0.85 0.3054 2.61116 -0.75 0.399369 2.64536 -0.85 0.325 2.5 -0.75 0.425 2.5 -0.85 0.3054 2.38884 -0.75 0.399369 2.35464 -0.85 0.248964 2.29109 -0.75 0.325569 2.22682 -0.85 0.1625 2.21854 -0.75 0.2125 2.13194 -0.85 0.0564357 2.17994 -0.75 0.0738005 2.08146 -0.85 -0.0564357 2.17994 -0.75 -0.0738005 2.08146 -0.85 -0.1625 2.21854 -0.75 -0.2125 2.13194 -0.85 -0.248964 2.29109 -0.75 -0.325569 2.22682 -0.85 -0.3054 2.61116 -0.75 -0.3054 2.61116 2.05 -0.325 2.5 -0.75 -0.325 2.5 2.05 -0.325 2.5 -0.75 -0.325 2.5 2.05 -0.3054 2.38884 -0.75 -0.3054 2.38884 2.05 -0.248964 2.29109 -0.75 -0.248964 2.29109 2.05 -0.1625 2.21854 -0.75 -0.1625 2.21854 2.05 -0.0564357 2.17994 -0.75 -0.0564357 2.17994 2.05 0.0564357 2.17994 -0.75 0.0564357 2.17994 2.05 0.1625 2.21854 -0.75 0.1625 2.21854 2.05 0.248964 2.29109 -0.75 0.248964 2.29109 2.05 0.3054 2.38884 -0.75 0.3054 2.38884 2.05 0.325 2.5 -0.75 0.325 2.5 2.05 0.3054 2.61116 -0.75 0.3054 2.61116 2.05 0.248964 2.70891 -0.75 0.248964 2.70891 2.05 0.1625 2.78146 -0.75 0.1625 2.78146 2.05 0.0564357 2.82006 -0.75 0.0564357 2.82006 2.05 -0.0564357 2.82006 -0.75 -0.0564357 2.82006 2.05 -0.1625 2.78146 -0.75 -0.1625 2.78146 2.05 -0.248964 2.70891 -0.75 -0.248964 2.70891 2.05 -3.14857 0.571382 -0.85 -1.8242 1.4477 -0.85 -3.2 0 -0.85 -1.71133 1.4477 -0.85 -1.71133 -1.4477 -0.85 -1.60527 -1.48631 -0.85 -1.60527 1.48631 -0.85 -1.5188 -1.55886 -0.85 -1.5188 1.55886 -0.85 -0.0738005 2.08146 -0.85 -1.46237 1.65661 -0.85 -0.2125 2.13194 -0.85 -1.44277 1.76777 -0.85 -0.325569 2.22682 -0.85 -1.46237 1.87892 -0.85 -0.399369 2.35464 -0.85 -1.5188 1.97667 -0.85 -0.425 2.5 -0.85 -1.51638 2.81791 -0.85 -0.988854 3.04338 -0.85 -1.93027 1.48631 -0.85 -2.99595 1.1244 -0.85 -2.01673 1.55886 -0.85 -2.74704 1.64128 -0.85 -2.07317 1.65661 -0.85 -2.09277 1.76777 -0.85 -2.40983 2.1054 -0.85 -2.07317 1.87892 -0.85 -2.01673 1.97667 -0.85 -1.93027 2.04923 -0.85 -1.99517 2.50186 -0.85 -1.8242 2.08783 -0.85 -1.71133 2.08783 -0.85 -1.60527 2.04923 -0.85 -0.429546 3.17104 -0.85 -0.325569 2.77318 -0.85 -0.399369 2.64536 -0.85 0.143567 3.19678 -0.85 -0.0738005 2.91854 -0.85 -0.2125 2.86806 -0.85 0.712067 3.11977 -0.85 0.2125 2.86806 -0.85 0.0738005 2.91854 -0.85 1.25768 2.94249 -0.85 0.399369 2.64536 -0.85 0.325569 2.77318 -0.85 1.76287 2.67063 -0.85 1.60527 2.04923 -0.85 1.5188 1.97667 -0.85 0.425 2.5 -0.85 0.399369 2.35464 -0.85 1.46237 1.87892 -0.85 0.325569 2.22682 -0.85 1.44277 1.76777 -0.85 0.2125 2.13194 -0.85 1.46237 1.65661 -0.85 0.0738005 2.08146 -0.85 1.5188 1.55886 -0.85 1.5188 -1.55886 -0.85 1.60527 1.48631 -0.85 1.60527 -1.48631 -0.85 1.71133 1.4477 -0.85 1.71133 -1.4477 -0.85 1.8242 1.4477 -0.85 1.8242 -1.4477 -0.85 3.18712 0.286846 -0.85 3.18712 -0.286846 -0.85 2.2114 2.31294 -0.85 1.8242 2.08783 -0.85 1.71133 2.08783 -0.85 2.58885 1.88091 -0.85 2.07317 1.87892 -0.85 2.01673 1.97667 -0.85 1.93027 2.04923 -0.85 2.8831 1.38843 -0.85 2.07317 1.65661 -0.85 2.09277 1.76777 -0.85 3.08468 0.851318 -0.85 1.93027 1.48631 -0.85 2.01673 1.55886 -0.85 3.08468 -0.851318 -0.85 1.93027 -1.48631 -0.85 2.8831 -1.38843 -0.85 2.01673 -1.55886 -0.85 2.07317 -1.65661 -0.85 2.58885 -1.88091 -0.85 2.09277 -1.76777 -0.85 2.07317 -1.87892 -0.85 2.2114 -2.31294 -0.85 2.01673 -1.97667 -0.85 1.93027 -2.04923 -0.85 1.8242 -2.08783 -0.85 1.76287 -2.67063 -0.85 1.71133 -2.08783 -0.85 1.60527 -2.04923 -0.85 1.25768 -2.94249 -0.85 1.5188 -1.97667 -0.85 1.46237 -1.87892 -0.85 0.712067 -3.11977 -0.85 1.44277 -1.76777 -0.85 0.143567 -3.19678 -0.85 -1.44277 -1.76777 -0.85 -0.429546 -3.17104 -0.85 -1.46237 -1.87892 -0.85 -0.988854 -3.04338 -0.85 -1.5188 -1.97667 -0.85 -1.51638 -2.81791 -0.85 -1.60527 -2.04923 -0.85 -1.71133 -2.08783 -0.85 -1.99517 -2.50186 -0.85 -1.8242 -2.08783 -0.85 -1.93027 -2.04923 -0.85 -2.40983 -2.1054 -0.85 -2.01673 -1.97667 -0.85 -2.07317 -1.87892 -0.85 -2.09277 -1.76777 -0.85 -2.74704 -1.64128 -0.85 -2.07317 -1.65661 -0.85 -2.01673 -1.55886 -0.85 -2.99595 -1.1244 -0.85 -1.93027 -1.48631 -0.85 -3.14857 -0.571382 -0.85 -1.8242 -1.4477 -0.85 1.46237 -1.65661 -0.85 -1.46237 -1.65661 -0.85 0.3054 2.38884 2.05 0.399369 2.35464 2.15 0.325 2.5 2.05 0.425 2.5 2.15 0.325 2.5 2.05 0.425 2.5 2.15 0.3054 2.61116 2.05 0.399369 2.64536 2.15 0.248964 2.70891 2.05 0.325569 2.77318 2.15 0.1625 2.78146 2.05 0.2125 2.86806 2.15 0.0564357 2.82006 2.05 0.0738005 2.91854 2.15 -0.0564357 2.82006 2.05 -0.0738005 2.91854 2.15 -0.1625 2.78146 2.05 -0.2125 2.86806 2.15 -0.248964 2.70891 2.05 -0.325569 2.77318 2.15 -0.3054 2.61116 2.05 -0.399369 2.64536 2.15 -0.325 2.5 2.05 -0.425 2.5 2.15 -0.3054 2.38884 2.05 -0.399369 2.35464 2.15 -0.248964 2.29109 2.05 -0.325569 2.22682 2.15 -0.1625 2.21854 2.05 -0.2125 2.13194 2.15 -0.0564357 2.17994 2.05 -0.0738005 2.08146 2.15 0.0564357 2.17994 2.05 0.0738005 2.08146 2.15 0.1625 2.21854 2.05 0.2125 2.13194 2.15 0.248964 2.29109 2.05 0.325569 2.22682 2.15 2.99807 -0.560436 2.15 3.05 0 2.15 1.675 0 2.15 2.99807 0.560436 2.15 1.62633 0.400854 2.15 2.84404 1.10179 2.15 2.01777 1.33475 2.15 2.15079 1.44637 2.15 2.59316 1.60562 2.15 2.23761 1.59676 2.15 2.26777 1.76777 2.15 2.23761 1.93878 2.15 2.25398 2.05477 2.15 2.15079 2.08916 2.15 2.01777 2.20078 2.15 1.83804 2.43395 2.15 1.85459 2.26017 2.15 1.68094 2.26017 2.15 1.3595 2.73025 2.15 1.51777 2.20078 2.15 1.38474 2.08916 2.15 0.425 2.5 2.15 0.399369 2.35464 2.15 0.834672 2.93357 2.15 0.399369 2.64536 2.15 0.325569 2.77318 2.15 0.281419 3.03699 2.15 0.2125 2.86806 2.15 0.0738005 2.91854 2.15 -0.281419 3.03699 2.15 -0.0738005 2.91854 2.15 -0.2125 2.86806 2.15 -0.325569 2.77318 2.15 -0.834672 2.93357 2.15 -0.399369 2.64536 2.15 -0.425 2.5 2.15 -1.3595 2.73025 2.15 -1.38474 2.08916 2.15 -1.51777 2.20078 2.15 -1.68094 2.26017 2.15 -1.83804 2.43395 2.15 -1.85459 2.26017 2.15 -2.01777 2.20078 2.15 -2.25398 2.05477 2.15 -2.15079 2.08916 2.15 -2.23761 1.93878 2.15 -2.59316 1.60562 2.15 -2.26777 1.76777 2.15 -2.23761 1.59676 2.15 -2.15079 1.44637 2.15 -2.84404 1.10179 2.15 -2.01777 1.33475 2.15 -1.62633 0.400854 2.15 -1.85459 1.27536 2.15 -1.48314 0.778411 2.15 -1.68094 1.27536 2.15 -1.51777 1.33475 2.15 -1.25376 1.11073 2.15 -1.38474 1.44637 2.15 -0.951508 1.3785 2.15 -1.29792 1.59676 2.15 -1.26777 1.76777 2.15 -0.593963 1.56615 2.15 -1.29792 1.93878 2.15 -0.325569 2.22682 2.15 -0.399369 2.35464 2.15 -2.99807 0.560436 2.15 -1.675 0 2.15 -3.05 0 2.15 -2.99807 -0.560436 2.15 -1.62633 -0.400854 2.15 -2.84404 -1.10179 2.15 -2.01777 -1.33475 2.15 -2.15079 -1.44637 2.15 -2.59316 -1.60562 2.15 -2.23761 -1.59676 2.15 -2.26777 -1.76777 2.15 -2.23761 -1.93878 2.15 -2.25398 -2.05477 2.15 -2.15079 -2.08916 2.15 -2.01777 -2.20078 2.15 -1.83804 -2.43395 2.15 -1.85459 -2.26017 2.15 -1.68094 -2.26017 2.15 -1.3595 -2.73025 2.15 -1.51777 -2.20078 2.15 -1.38474 -2.08916 2.15 -0.834672 -2.93357 2.15 -1.29792 -1.93878 2.15 -0.593963 -1.56615 2.15 -1.26777 -1.76777 2.15 -0.951508 -1.3785 2.15 -1.29792 -1.59676 2.15 -1.38474 -1.44637 2.15 -1.25376 -1.11073 2.15 -1.51777 -1.33475 2.15 -1.48314 -0.778411 2.15 -1.68094 -1.27536 2.15 -1.85459 -1.27536 2.15 -0.201899 -1.66279 2.15 -0.281419 -3.03699 2.15 0.281419 -3.03699 2.15 0.201899 -1.66279 2.15 0.834672 -2.93357 2.15 0.593963 -1.56615 2.15 1.29792 -1.93878 2.15 1.26777 -1.76777 2.15 1.38474 -2.08916 2.15 1.3595 -2.73025 2.15 1.51777 -2.20078 2.15 1.68094 -2.26017 2.15 1.83804 -2.43395 2.15 1.85459 -2.26017 2.15 2.01777 -2.20078 2.15 2.25398 -2.05477 2.15 2.15079 -2.08916 2.15 2.23761 -1.93878 2.15 2.59316 -1.60562 2.15 2.26777 -1.76777 2.15 2.23761 -1.59676 2.15 2.15079 -1.44637 2.15 2.84404 -1.10179 2.15 2.01777 -1.33475 2.15 1.62633 -0.400854 2.15 1.85459 -1.27536 2.15 1.48314 -0.778411 2.15 1.68094 -1.27536 2.15 1.51777 -1.33475 2.15 1.25376 -1.11073 2.15 1.38474 -1.44637 2.15 0.951508 -1.3785 2.15 1.29792 -1.59676 2.15 1.85459 1.27536 2.15 1.48314 0.778411 2.15 1.68094 1.27536 2.15 1.51777 1.33475 2.15 1.25376 1.11073 2.15 1.38474 1.44637 2.15 0.951508 1.3785 2.15 1.29792 1.59676 2.15 1.26777 1.76777 2.15 0.593963 1.56615 2.15 1.29792 1.93878 2.15 0.325569 2.22682 2.15 -0.2125 2.13194 2.15 -0.201899 1.66279 2.15 -0.0738005 2.08146 2.15 0.201899 1.66279 2.15 0.0738005 2.08146 2.15 0.2125 2.13194 2.15 -5.70489 -14.5 8.8809 -5.7191 -14.5 8.90878 -5.7 -14.5 8.85 -5.74122 -14.5 8.9309 -5.7 -14.5 -0.75 -5.7691 -14.5 8.94511 -5.8 -14.5 8.95 -6.2 -14.5 8.95 -6.3 -14.5 -0.75 -6.2309 -14.5 8.94511 -6.25878 -14.5 8.9309 -6.3 -14.5 8.85 -6.2809 -14.5 8.90878 -6.29511 -14.5 8.8809 6 -13.4059 6.89158 6 -13.4487 7.00905 6 -13.5 6.875 6 -13.5 7 6 -13.5513 7.00905 6 -13.4036 7.03509 6 -13.3232 6.93934 6 -13.3701 7.075 6 -13.2618 7.0125 6 -13.3523 7.12395 6 -13.2292 7.10225 6 -13.2292 7.19775 6 -13.3523 7.17605 6 -13.2618 7.2875 6 -13.3701 7.225 6 -13.3232 7.36066 6 -13.4036 7.26491 6 -13.4059 7.40842 6 -13.4487 7.29095 6 -13.5 7.425 6 -13.5 7.3 6 -13.5513 7.29095 6 -13.5941 7.40842 6 -13.5964 7.26491 6 -13.6768 7.36066 6 -13.6299 7.225 6 -13.7382 7.2875 6 -13.6477 7.17605 6 -13.7708 7.19775 6 -13.7708 7.10225 6 -13.6477 7.12395 6 -13.7382 7.0125 6 -13.6299 7.075 6 -13.6768 6.93934 6 -13.5964 7.03509 6 -13.5941 6.89158 6 -13.5941 6.89158 6.5 -13.5941 6.89158 6 -13.5 6.875 6.5 -13.5 6.875 6 -13.5 6.875 6.5 -13.5 6.875 6 -13.4059 6.89158 6.5 -13.4059 6.89158 6 -13.3232 6.93934 6.5 -13.3232 6.93934 6 -13.2618 7.0125 6.5 -13.2618 7.0125 6 -13.2292 7.10225 6.5 -13.2292 7.10225 6 -13.2292 7.19775 6.5 -13.2292 7.19775 6 -13.2618 7.2875 6.5 -13.2618 7.2875 6 -13.3232 7.36066 6.5 -13.3232 7.36066 6 -13.4059 7.40842 6.5 -13.4059 7.40842 6 -13.5 7.425 6.5 -13.5 7.425 6 -13.5941 7.40842 6.5 -13.5941 7.40842 6 -13.6768 7.36066 6.5 -13.6768 7.36066 6 -13.7382 7.2875 6.5 -13.7382 7.2875 6 -13.7708 7.19775 6.5 -13.7708 7.19775 6 -13.7708 7.10225 6.5 -13.7708 7.10225 6 -13.7382 7.0125 6.5 -13.7382 7.0125 6 -13.6768 6.93934 6.5 -13.6768 6.93934 5.5 -13.5513 7.00905 6 -13.5513 7.00905 5.5 -13.5 7 6 -13.5 7 5.5 -13.5 7 6 -13.5 7 5.5 -13.4487 7.00905 6 -13.4487 7.00905 5.5 -13.4036 7.03509 6 -13.4036 7.03509 5.5 -13.3701 7.075 6 -13.3701 7.075 5.5 -13.3523 7.12395 6 -13.3523 7.12395 5.5 -13.3523 7.17605 6 -13.3523 7.17605 5.5 -13.3701 7.225 6 -13.3701 7.225 5.5 -13.4036 7.26491 6 -13.4036 7.26491 5.5 -13.4487 7.29095 6 -13.4487 7.29095 5.5 -13.5 7.3 6 -13.5 7.3 5.5 -13.5513 7.29095 6 -13.5513 7.29095 5.5 -13.5964 7.26491 6 -13.5964 7.26491 5.5 -13.6299 7.225 6 -13.6299 7.225 5.5 -13.6477 7.17605 6 -13.6477 7.17605 5.5 -13.6477 7.12395 6 -13.6477 7.12395 5.5 -13.6299 7.075 6 -13.6299 7.075 5.5 -13.5964 7.03509 6 -13.5964 7.03509 6 -13.4059 1.89158 6 -13.4487 2.00905 6 -13.5 1.875 6 -13.5 2 6 -13.5513 2.00905 6 -13.4036 2.03509 6 -13.3232 1.93934 6 -13.3701 2.075 6 -13.2618 2.0125 6 -13.3523 2.12395 6 -13.2292 2.10225 6 -13.2292 2.19775 6 -13.3523 2.17605 6 -13.2618 2.2875 6 -13.3701 2.225 6 -13.3232 2.36066 6 -13.4036 2.26491 6 -13.4059 2.40842 6 -13.4487 2.29095 6 -13.5 2.425 6 -13.5 2.3 6 -13.5513 2.29095 6 -13.5941 2.40842 6 -13.5964 2.26491 6 -13.6768 2.36066 6 -13.6299 2.225 6 -13.7382 2.2875 6 -13.6477 2.17605 6 -13.7708 2.19775 6 -13.7708 2.10225 6 -13.6477 2.12395 6 -13.7382 2.0125 6 -13.6299 2.075 6 -13.6768 1.93934 6 -13.5964 2.03509 6 -13.5941 1.89158 6 -13.5941 1.89158 6.5 -13.5941 1.89158 6 -13.5 1.875 6.5 -13.5 1.875 6 -13.5 1.875 6.5 -13.5 1.875 6 -13.4059 1.89158 6.5 -13.4059 1.89158 6 -13.3232 1.93934 6.5 -13.3232 1.93934 6 -13.2618 2.0125 6.5 -13.2618 2.0125 6 -13.2292 2.10225 6.5 -13.2292 2.10225 6 -13.2292 2.19775 6.5 -13.2292 2.19775 6 -13.2618 2.2875 6.5 -13.2618 2.2875 6 -13.3232 2.36066 6.5 -13.3232 2.36066 6 -13.4059 2.40842 6.5 -13.4059 2.40842 6 -13.5 2.425 6.5 -13.5 2.425 6 -13.5941 2.40842 6.5 -13.5941 2.40842 6 -13.6768 2.36066 6.5 -13.6768 2.36066 6 -13.7382 2.2875 6.5 -13.7382 2.2875 6 -13.7708 2.19775 6.5 -13.7708 2.19775 6 -13.7708 2.10225 6.5 -13.7708 2.10225 6 -13.7382 2.0125 6.5 -13.7382 2.0125 6 -13.6768 1.93934 6.5 -13.6768 1.93934 5.5 -13.5513 2.00905 6 -13.5513 2.00905 5.5 -13.5 2 6 -13.5 2 5.5 -13.5 2 6 -13.5 2 5.5 -13.4487 2.00905 6 -13.4487 2.00905 5.5 -13.4036 2.03509 6 -13.4036 2.03509 5.5 -13.3701 2.075 6 -13.3701 2.075 5.5 -13.3523 2.12395 6 -13.3523 2.12395 5.5 -13.3523 2.17605 6 -13.3523 2.17605 5.5 -13.3701 2.225 6 -13.3701 2.225 5.5 -13.4036 2.26491 6 -13.4036 2.26491 5.5 -13.4487 2.29095 6 -13.4487 2.29095 5.5 -13.5 2.3 6 -13.5 2.3 5.5 -13.5513 2.29095 6 -13.5513 2.29095 5.5 -13.5964 2.26491 6 -13.5964 2.26491 5.5 -13.6299 2.225 6 -13.6299 2.225 5.5 -13.6477 2.17605 6 -13.6477 2.17605 5.5 -13.6477 2.12395 6 -13.6477 2.12395 5.5 -13.6299 2.075 6 -13.6299 2.075 5.5 -13.5964 2.03509 6 -13.5964 2.03509 -6 -13.4059 1.89158 -6.5 -13.4059 1.89158 -6 -13.5 1.875 -6.5 -13.5 1.875 -6 -13.5 1.875 -6.5 -13.5 1.875 -6 -13.5941 1.89158 -6.5 -13.5941 1.89158 -6 -13.6768 1.93934 -6.5 -13.6768 1.93934 -6 -13.7382 2.0125 -6.5 -13.7382 2.0125 -6 -13.7708 2.10225 -6.5 -13.7708 2.10225 -6 -13.7708 2.19775 -6.5 -13.7708 2.19775 -6 -13.7382 2.2875 -6.5 -13.7382 2.2875 -6 -13.6768 2.36066 -6.5 -13.6768 2.36066 -6 -13.5941 2.40842 -6.5 -13.5941 2.40842 -6 -13.5 2.425 -6.5 -13.5 2.425 -6 -13.4059 2.40842 -6.5 -13.4059 2.40842 -6 -13.3232 2.36066 -6.5 -13.3232 2.36066 -6 -13.2618 2.2875 -6.5 -13.2618 2.2875 -6 -13.2292 2.19775 -6.5 -13.2292 2.19775 -6 -13.2292 2.10225 -6.5 -13.2292 2.10225 -6 -13.2618 2.0125 -6.5 -13.2618 2.0125 -6 -13.3232 1.93934 -6.5 -13.3232 1.93934 -6 -13.5941 1.89158 -6 -13.5513 2.00905 -6 -13.5 1.875 -6 -13.5 2 -6 -13.4487 2.00905 -6 -13.5964 2.03509 -6 -13.6768 1.93934 -6 -13.6299 2.075 -6 -13.7382 2.0125 -6 -13.6477 2.12395 -6 -13.7708 2.10225 -6 -13.7708 2.19775 -6 -13.6477 2.17605 -6 -13.7382 2.2875 -6 -13.6299 2.225 -6 -13.6768 2.36066 -6 -13.5964 2.26491 -6 -13.5941 2.40842 -6 -13.5513 2.29095 -6 -13.5 2.425 -6 -13.5 2.3 -6 -13.4487 2.29095 -6 -13.4059 2.40842 -6 -13.4036 2.26491 -6 -13.3232 2.36066 -6 -13.3701 2.225 -6 -13.2618 2.2875 -6 -13.3523 2.17605 -6 -13.2292 2.19775 -6 -13.2292 2.10225 -6 -13.3523 2.12395 -6 -13.2618 2.0125 -6 -13.3701 2.075 -6 -13.3232 1.93934 -6 -13.4036 2.03509 -6 -13.4059 1.89158 -6 -13.4059 6.89158 -6.5 -13.4059 6.89158 -6 -13.5 6.875 -6.5 -13.5 6.875 -6 -13.5 6.875 -6.5 -13.5 6.875 -6 -13.5941 6.89158 -6.5 -13.5941 6.89158 -6 -13.6768 6.93934 -6.5 -13.6768 6.93934 -6 -13.7382 7.0125 -6.5 -13.7382 7.0125 -6 -13.7708 7.10225 -6.5 -13.7708 7.10225 -6 -13.7708 7.19775 -6.5 -13.7708 7.19775 -6 -13.7382 7.2875 -6.5 -13.7382 7.2875 -6 -13.6768 7.36066 -6.5 -13.6768 7.36066 -6 -13.5941 7.40842 -6.5 -13.5941 7.40842 -6 -13.5 7.425 -6.5 -13.5 7.425 -6 -13.4059 7.40842 -6.5 -13.4059 7.40842 -6 -13.3232 7.36066 -6.5 -13.3232 7.36066 -6 -13.2618 7.2875 -6.5 -13.2618 7.2875 -6 -13.2292 7.19775 -6.5 -13.2292 7.19775 -6 -13.2292 7.10225 -6.5 -13.2292 7.10225 -6 -13.2618 7.0125 -6.5 -13.2618 7.0125 -6 -13.3232 6.93934 -6.5 -13.3232 6.93934 -6 -13.5941 6.89158 -6 -13.5513 7.00905 -6 -13.5 6.875 -6 -13.5 7 -6 -13.4487 7.00905 -6 -13.5964 7.03509 -6 -13.6768 6.93934 -6 -13.6299 7.075 -6 -13.7382 7.0125 -6 -13.6477 7.12395 -6 -13.7708 7.10225 -6 -13.7708 7.19775 -6 -13.6477 7.17605 -6 -13.7382 7.2875 -6 -13.6299 7.225 -6 -13.6768 7.36066 -6 -13.5964 7.26491 -6 -13.5941 7.40842 -6 -13.5513 7.29095 -6 -13.5 7.425 -6 -13.5 7.3 -6 -13.4487 7.29095 -6 -13.4059 7.40842 -6 -13.4036 7.26491 -6 -13.3232 7.36066 -6 -13.3701 7.225 -6 -13.2618 7.2875 -6 -13.3523 7.17605 -6 -13.2292 7.19775 -6 -13.2292 7.10225 -6 -13.3523 7.12395 -6 -13.2618 7.0125 -6 -13.3701 7.075 -6 -13.3232 6.93934 -6 -13.4036 7.03509 -6 -13.4059 6.89158 -5.5 -13.4487 2.00905 -6 -13.4487 2.00905 -5.5 -13.5 2 -6 -13.5 2 -5.5 -13.5 2 -6 -13.5 2 -5.5 -13.5513 2.00905 -6 -13.5513 2.00905 -5.5 -13.5964 2.03509 -6 -13.5964 2.03509 -5.5 -13.6299 2.075 -6 -13.6299 2.075 -5.5 -13.6477 2.12395 -6 -13.6477 2.12395 -5.5 -13.6477 2.17605 -6 -13.6477 2.17605 -5.5 -13.6299 2.225 -6 -13.6299 2.225 -5.5 -13.5964 2.26491 -6 -13.5964 2.26491 -5.5 -13.5513 2.29095 -6 -13.5513 2.29095 -5.5 -13.5 2.3 -6 -13.5 2.3 -5.5 -13.4487 2.29095 -6 -13.4487 2.29095 -5.5 -13.4036 2.26491 -6 -13.4036 2.26491 -5.5 -13.3701 2.225 -6 -13.3701 2.225 -5.5 -13.3523 2.17605 -6 -13.3523 2.17605 -5.5 -13.3523 2.12395 -6 -13.3523 2.12395 -5.5 -13.3701 2.075 -6 -13.3701 2.075 -5.5 -13.4036 2.03509 -6 -13.4036 2.03509 -5.5 -13.4487 7.00905 -6 -13.4487 7.00905 -5.5 -13.5 7 -6 -13.5 7 -5.5 -13.5 7 -6 -13.5 7 -5.5 -13.5513 7.00905 -6 -13.5513 7.00905 -5.5 -13.5964 7.03509 -6 -13.5964 7.03509 -5.5 -13.6299 7.075 -6 -13.6299 7.075 -5.5 -13.6477 7.12395 -6 -13.6477 7.12395 -5.5 -13.6477 7.17605 -6 -13.6477 7.17605 -5.5 -13.6299 7.225 -6 -13.6299 7.225 -5.5 -13.5964 7.26491 -6 -13.5964 7.26491 -5.5 -13.5513 7.29095 -6 -13.5513 7.29095 -5.5 -13.5 7.3 -6 -13.5 7.3 -5.5 -13.4487 7.29095 -6 -13.4487 7.29095 -5.5 -13.4036 7.26491 -6 -13.4036 7.26491 -5.5 -13.3701 7.225 -6 -13.3701 7.225 -5.5 -13.3523 7.17605 -6 -13.3523 7.17605 -5.5 -13.3523 7.12395 -6 -13.3523 7.12395 -5.5 -13.3701 7.075 -6 -13.3701 7.075 -5.5 -13.4036 7.03509 -6 -13.4036 7.03509 6.3 -10 7.4 6.3 -10 8.85 6.3618 -10.0098 7.4 6.3618 -10.0098 8.85 6.41756 -10.0382 7.4 6.41756 -10.0382 8.85 6.4618 -10.0824 7.4 6.4618 -10.0824 8.85 6.49021 -10.1382 7.4 6.49021 -10.1382 8.85 6.5 -10.2 7.4 6.5 -10.2 8.85 6.5 -4 1.2 6.49021 -4 1.2618 6.5 -4.74733 1.2452 6.49021 -4.73988 1.30656 6.5 -5.48376 1.38016 6.49021 -5.46897 1.44017 6.5 -6.19855 1.6029 6.49021 -6.17663 1.66069 6.5 -6.88128 1.91017 6.49021 -6.85256 1.9649 6.5 -7.522 2.2975 6.49021 -7.48689 2.34836 6.5 -8.11136 2.75923 6.49021 -8.07038 2.80549 6.5 -8.64077 3.28864 6.49021 -8.59451 3.32962 6.5 -9.1025 3.878 6.49021 -9.05164 3.91311 6.5 -9.48983 4.51872 6.49021 -9.4351 4.54744 6.5 -9.7971 5.20145 6.49021 -9.73931 5.22337 6.5 -10.0198 5.91624 6.49021 -9.95983 5.93103 6.5 -10.1548 6.65267 6.49021 -10.0934 6.66012 6.5 -10.2 7.4 6.49021 -10.1382 7.4 6.4618 -10.0381 6.66684 6.4618 -10.0824 7.4 6.41756 -9.99417 6.67218 6.41756 -10.0382 7.4 6.3618 -9.96597 6.6756 6.3618 -10.0098 7.4 6.3 -10 7.4 6.3 -9.94867 6.61684 6.3618 -9.83516 5.96176 6.3 -9.79556 5.84709 6.3618 -9.61925 5.2689 6.3 -9.54328 5.1039 6.3618 -9.3214 4.60711 6.3 -9.19615 4.4 6.3618 -8.94596 3.98605 6.3 -8.76012 3.74743 6.3618 -8.49839 3.41477 6.3 -8.24264 3.15736 6.3618 -7.98523 2.90161 6.3 -7.65257 2.63988 6.3618 -7.41395 2.45404 6.3 -7 2.20385 6.3618 -6.79289 2.0786 6.3 -6.2961 1.85672 6.3618 -6.1311 1.78075 6.3 -5.55291 1.60445 6.3618 -5.43824 1.56484 6.3 -4.78316 1.45133 6.3618 -4.7244 1.43403 6.3 -4 1.4 6.3618 -4 1.39021 6.41756 -4.72782 1.40583 6.41756 -4 1.3618 6.4618 -4.73316 1.3619 6.4618 -4 1.31756 6.41756 -5.44503 1.53726 6.41756 -6.14117 1.75419 6.41756 -6.80609 2.05344 6.41756 -7.43009 2.43066 6.41756 -8.00406 2.88034 6.41756 -8.51966 3.39594 6.41756 -8.96934 3.96991 6.41756 -9.34656 4.59391 6.41756 -9.64581 5.25883 6.41756 -9.86274 5.95497 6.4618 -5.45562 1.4943 6.4618 -6.15686 1.71282 6.4618 -6.82665 2.01426 6.4618 -7.45522 2.39425 6.4618 -8.03341 2.84723 6.4618 -8.55277 3.36659 6.4618 -9.00575 3.94478 6.4618 -9.38574 4.57335 6.4618 -9.68718 5.24314 6.4618 -9.9057 5.94438 6.5 -4 1.2 6.5 0 1.2 6.49021 -4 1.2618 6.49021 0 1.2618 6.4618 -4 1.31756 6.4618 0 1.31756 6.41756 -4 1.3618 6.41756 0 1.3618 6.3618 -4 1.39021 6.3618 0 1.39021 6.3 -4 1.4 6.3 0 1.4 -6.5 0 1.2 -6.49021 0 1.2618 -6.44875 0.814666 1.2 -6.43903 0.813439 1.2618 -6.29579 1.61648 1.2 -6.28631 1.61405 1.2618 -6.04355 2.39281 1.2 -6.03445 2.38921 1.2618 -5.69599 3.1314 1.2 -5.68742 3.12668 1.2618 -5.25861 3.8206 1.2 -5.25069 3.81485 1.2618 -4.7383 4.44956 1.2 -4.73116 4.44286 1.2618 -4.14326 5.00834 1.2 -4.13702 5.00079 1.2618 -3.48287 5.48813 1.2 -3.47763 5.47987 1.2618 -2.76757 5.88138 1.2 -2.7634 5.87252 1.2618 -2.00861 6.18187 1.2 -2.00559 6.17256 1.2618 -1.21798 6.38487 1.2 -1.21614 6.37525 1.2618 -0.408138 6.48717 1.2 -0.407524 6.4774 1.2618 0.408138 6.48717 1.2 0.407524 6.4774 1.2618 1.21798 6.38487 1.2 1.21614 6.37525 1.2618 2.00861 6.18187 1.2 2.00559 6.17256 1.2618 2.76757 5.88138 1.2 2.7634 5.87252 1.2618 3.48287 5.48813 1.2 3.47763 5.47987 1.2618 4.14326 5.00834 1.2 4.13702 5.00079 1.2618 4.7383 4.44956 1.2 4.73116 4.44286 1.2618 5.25861 3.8206 1.2 5.25069 3.81485 1.2618 5.69599 3.1314 1.2 5.68742 3.12668 1.2618 6.04355 2.39281 1.2 6.03445 2.38921 1.2618 6.29579 1.61648 1.2 6.28631 1.61405 1.2618 6.44875 0.814666 1.2 6.43903 0.813439 1.2618 6.5 0 1.2 6.49021 0 1.2618 6.41085 0.809879 1.31756 6.4618 0 1.31756 6.36695 0.804333 1.3618 6.41756 0 1.3618 6.31164 0.797345 1.39021 6.3618 0 1.39021 6.25032 0.789599 1.4 6.3 0 1.4 -6.4618 0 1.31756 -6.41085 0.809879 1.31756 -6.25879 1.60699 1.31756 -6.00803 2.37875 1.31756 -5.66252 3.113 1.31756 -5.22771 3.79815 1.31756 -4.71045 4.42341 1.31756 -4.11891 4.97891 1.31756 -3.46241 5.45588 1.31756 -2.7513 5.84681 1.31756 -1.99681 6.14554 1.31756 -1.21082 6.34735 1.31756 -0.40574 6.44905 1.31756 0.40574 6.44905 1.31756 1.21082 6.34735 1.31756 1.99681 6.14554 1.31756 2.7513 5.84681 1.31756 3.46241 5.45588 1.31756 4.11891 4.97891 1.31756 4.71045 4.42341 1.31756 5.22771 3.79815 1.31756 5.66252 3.113 1.31756 6.00803 2.37875 1.31756 6.25879 1.60699 1.31756 -6.41756 0 1.3618 -6.36695 0.804333 1.3618 -6.21594 1.59598 1.3618 -5.96689 2.36246 1.3618 -5.62375 3.09168 1.3618 -5.19191 3.77215 1.3618 -4.6782 4.39312 1.3618 -4.0907 4.94481 1.3618 -3.4387 5.41852 1.3618 -2.73246 5.80678 1.3618 -1.98313 6.10346 1.3618 -1.20253 6.30388 1.3618 -0.402962 6.40489 1.3618 0.402962 6.40489 1.3618 1.20253 6.30388 1.3618 1.98313 6.10346 1.3618 2.73246 5.80678 1.3618 3.4387 5.41852 1.3618 4.0907 4.94481 1.3618 4.6782 4.39312 1.3618 5.19191 3.77215 1.3618 5.62375 3.09168 1.3618 5.96689 2.36246 1.3618 6.21594 1.59598 1.3618 -6.3618 0 1.39021 -6.31164 0.797345 1.39021 -6.16194 1.58212 1.39021 -5.91506 2.34194 1.39021 -5.57489 3.06482 1.39021 -5.14681 3.73937 1.39021 -4.63756 4.35495 1.39021 -4.05517 4.90185 1.39021 -3.40882 5.37145 1.39021 -2.70872 5.75633 1.39021 -1.96591 6.05043 1.39021 -1.19208 6.24912 1.39021 -0.399461 6.34925 1.39021 0.399461 6.34925 1.39021 1.19208 6.24912 1.39021 1.96591 6.05043 1.39021 2.70872 5.75633 1.39021 3.40882 5.37145 1.39021 4.05517 4.90185 1.39021 4.63756 4.35495 1.39021 5.14681 3.73937 1.39021 5.57489 3.06482 1.39021 5.91506 2.34194 1.39021 6.16194 1.58212 1.39021 -6.3 0 1.4 -6.25032 0.789599 1.4 -6.10207 1.56675 1.4 -5.85759 2.31918 1.4 -5.52073 3.03505 1.4 -5.09681 3.70305 1.4 -4.5925 4.31265 1.4 -4.01577 4.85423 1.4 -3.37571 5.31927 1.4 -2.68241 5.70041 1.4 -1.94681 5.99166 1.4 -1.1805 6.18841 1.4 -0.39558 6.28757 1.4 0.39558 6.28757 1.4 1.1805 6.18841 1.4 1.94681 5.99166 1.4 2.68241 5.70041 1.4 3.37571 5.31927 1.4 4.01577 4.85423 1.4 4.5925 4.31265 1.4 5.09681 3.70305 1.4 5.52073 3.03505 1.4 5.85759 2.31918 1.4 6.10207 1.56675 1.4 -6.5 0 1.2 -6.5 -4 1.2 -6.49021 0 1.2618 -6.49021 -4 1.2618 -6.4618 0 1.31756 -6.4618 -4 1.31756 -6.41756 0 1.3618 -6.41756 -4 1.3618 -6.3618 0 1.39021 -6.3618 -4 1.39021 -6.3 0 1.4 -6.3 -4 1.4 -6.5 -10.2 7.4 -6.49021 -10.1382 7.4 -6.5 -10.1548 6.65267 -6.49021 -10.0934 6.66012 -6.5 -10.0198 5.91624 -6.49021 -9.95983 5.93103 -6.5 -9.7971 5.20145 -6.49021 -9.73931 5.22337 -6.5 -9.48983 4.51872 -6.49021 -9.4351 4.54744 -6.5 -9.1025 3.878 -6.49021 -9.05164 3.91311 -6.5 -8.64077 3.28864 -6.49021 -8.59451 3.32962 -6.5 -8.11136 2.75923 -6.49021 -8.07038 2.80549 -6.5 -7.522 2.2975 -6.49021 -7.48689 2.34836 -6.5 -6.88128 1.91017 -6.49021 -6.85256 1.9649 -6.5 -6.19855 1.6029 -6.49021 -6.17663 1.66069 -6.5 -5.48376 1.38016 -6.49021 -5.46897 1.44017 -6.5 -4.74733 1.2452 -6.49021 -4.73988 1.30656 -6.5 -4 1.2 -6.49021 -4 1.2618 -6.4618 -4.73316 1.3619 -6.4618 -4 1.31756 -6.41756 -4.72782 1.40583 -6.41756 -4 1.3618 -6.3618 -4.7244 1.43403 -6.3618 -4 1.39021 -6.3 -4 1.4 -6.3 -4.78316 1.45133 -6.3618 -5.43824 1.56484 -6.3 -5.55291 1.60445 -6.3618 -6.1311 1.78075 -6.3 -6.2961 1.85672 -6.3618 -6.79289 2.0786 -6.3 -7 2.20385 -6.3618 -7.41395 2.45404 -6.3 -7.65257 2.63988 -6.3618 -7.98523 2.90161 -6.3 -8.24264 3.15736 -6.3618 -8.49839 3.41477 -6.3 -8.76012 3.74743 -6.3618 -8.94596 3.98605 -6.3 -9.19615 4.4 -6.3618 -9.3214 4.60711 -6.3 -9.54328 5.1039 -6.3618 -9.61925 5.2689 -6.3 -9.79556 5.84709 -6.3618 -9.83516 5.96176 -6.3 -9.94867 6.61684 -6.3618 -9.96597 6.6756 -6.3 -10 7.4 -6.3618 -10.0098 7.4 -6.41756 -9.99417 6.67218 -6.41756 -10.0382 7.4 -6.4618 -10.0381 6.66684 -6.4618 -10.0824 7.4 -6.41756 -9.86274 5.95497 -6.41756 -9.64581 5.25883 -6.41756 -9.34656 4.59391 -6.41756 -8.96934 3.96991 -6.41756 -8.51966 3.39594 -6.41756 -8.00406 2.88034 -6.41756 -7.43009 2.43066 -6.41756 -6.80609 2.05344 -6.41756 -6.14117 1.75419 -6.41756 -5.44503 1.53726 -6.4618 -9.9057 5.94438 -6.4618 -9.68718 5.24314 -6.4618 -9.38574 4.57335 -6.4618 -9.00575 3.94478 -6.4618 -8.55277 3.36659 -6.4618 -8.03341 2.84723 -6.4618 -7.45522 2.39425 -6.4618 -6.82665 2.01426 -6.4618 -6.15686 1.71282 -6.4618 -5.45562 1.4943 -6.5 -10.2 7.4 -6.5 -10.2 8.85 -6.49021 -10.1382 7.4 -6.49021 -10.1382 8.85 -6.4618 -10.0824 7.4 -6.4618 -10.0824 8.85 -6.41756 -10.0382 7.4 -6.41756 -10.0382 8.85 -6.3618 -10.0098 7.4 -6.3618 -10.0098 8.85 -6.3 -10 7.4 -6.3 -10 8.85 -6.3 -4.78316 1.45133 -1.052 -4.36393 1.41103 -6.3 -4 1.4 -1.56972 -4.21327 1.40377 -2.06155 -4 1.4 -6.3 -5.55291 1.60445 6.3 -5.55291 1.60445 6.3 -4.78316 1.45133 0 -4.48071 1.41929 0.523516 -4.4522 1.41702 1.052 -4.36393 1.41103 6.3 -4 1.4 1.56972 -4.21327 1.40377 2.06155 -4 1.4 6.3 -6.2961 1.85672 -6.3 -6.2961 1.85672 6.3 -7 2.20385 -6.3 -7 2.20385 6.3 -7.65257 2.63988 -6.3 -7.65257 2.63988 6.3 -8.24264 3.15736 -6.3 -8.24264 3.15736 6.3 -8.76012 3.74743 -6.3 -8.76012 3.74743 6.3 -9.19615 4.4 -6.3 -9.19615 4.4 6.3 -9.54328 5.1039 -6.3 -9.54328 5.1039 6.3 -9.79556 5.84709 -6.3 -9.79556 5.84709 6.3 -9.94867 6.61684 -6.3 -9.94867 6.61684 6.3 -10 7.4 -6.3 -10 7.4 -0.523516 -4.4522 1.41702 2.6292 -3.65202 1.4 2.10197 -3.86545 1.5 2.06155 -4 1.4 1.48727 -4.14102 1.5 1.56972 -4.21327 1.40377 1.052 -4.36393 1.41103 0.837721 -4.31952 1.5 0.523516 -4.4522 1.41702 0.168532 -4.39677 1.5 0 -4.48071 1.41929 -0.504607 -4.37097 1.5 -0.523516 -4.4522 1.41702 -1.052 -4.36393 1.41103 -1.16592 -4.24272 1.5 -1.56972 -4.21327 1.40377 -1.7999 -4.01502 1.5 -2.06155 -4 1.4 -2.3917 -3.69321 1.5 -2.6292 -3.65202 1.4 -2.92743 -3.28483 1.5 -3.1393 -3.2241 1.4 -3.39455 -2.79947 1.5 -3.58066 -2.72559 1.4 -3.78211 -2.24848 1.5 -3.94364 -2.16741 1.4 -4.08101 -1.6448 1.5 -4.22029 -1.56179 1.4 -4.28426 -1.00256 1.5 -4.40454 -0.921973 1.4 -4.38709 -0.336817 1.5 -4.49237 -0.261972 1.4 -4.38709 0.336817 1.5 -4.48185 0.403764 1.4 -4.28426 1.00256 1.5 -4.37321 1.06066 1.4 -4.08101 1.6448 1.5 -4.16884 1.69434 1.4 -3.78211 2.24848 1.5 -3.8732 2.29092 1.4 -3.49277 2.83735 1.4 -3.39455 2.79947 1.5 -3.03587 3.32167 1.4 -2.92743 3.28483 1.5 -2.51252 3.73326 1.4 -2.3917 3.69321 1.5 -1.93416 4.06313 1.4 -1.7999 4.01502 1.5 -1.31345 4.30405 1.4 -1.16592 4.24272 1.5 -0.663994 4.45074 1.4 -0.504607 4.37097 1.5 0 4.5 1.4 0.168532 4.39677 1.5 0.663994 4.45074 1.4 0.837721 4.31952 1.5 1.31345 4.30405 1.4 1.48727 4.14102 1.5 1.93416 4.06313 1.4 2.10197 3.86545 1.5 2.51252 3.73326 1.4 2.66739 3.49929 1.5 3.03587 3.32167 1.4 3.1703 3.0511 1.5 3.49277 2.83735 1.4 3.59889 2.5314 1.5 3.8732 2.29092 1.4 3.94313 1.95237 1.5 4.16884 1.69434 1.4 4.19494 1.32757 1.5 4.37321 1.06066 1.4 4.34843 0.671657 1.5 4.48185 0.403764 1.4 4.4 0 1.5 4.49237 -0.261972 1.4 4.49237 -0.261972 1.4 4.4 0 1.5 4.34843 -0.671657 1.5 4.40454 -0.921973 1.4 4.19494 -1.32757 1.5 4.22029 -1.56179 1.4 3.94313 -1.95237 1.5 3.94364 -2.16741 1.4 3.59889 -2.5314 1.5 3.58066 -2.72559 1.4 3.1703 -3.0511 1.5 3.1393 -3.2241 1.4 2.66739 -3.49929 1.5 -6.3 -4 1.4 -4.22029 -1.56179 1.4 -6.3 0 1.4 -4.40454 -0.921973 1.4 -4.49237 -0.261972 1.4 -2.06155 -4 1.4 -2.6292 -3.65202 1.4 -3.1393 -3.2241 1.4 -3.58066 -2.72559 1.4 -3.94364 -2.16741 1.4 -4.48185 0.403764 1.4 -6.25032 0.789599 1.4 -4.37321 1.06066 1.4 -6.10207 1.56675 1.4 -4.16884 1.69434 1.4 -5.85759 2.31918 1.4 -3.8732 2.29092 1.4 -5.52073 3.03505 1.4 -3.49277 2.83735 1.4 -5.09681 3.70305 1.4 -4.5925 4.31265 1.4 -3.03587 3.32167 1.4 -4.01577 4.85423 1.4 -2.51252 3.73326 1.4 -3.37571 5.31927 1.4 -1.93416 4.06313 1.4 -2.68241 5.70041 1.4 -1.31345 4.30405 1.4 -1.94681 5.99166 1.4 -0.663994 4.45074 1.4 -1.1805 6.18841 1.4 -0.39558 6.28757 1.4 0 4.5 1.4 0.39558 6.28757 1.4 0.663994 4.45074 1.4 1.1805 6.18841 1.4 1.94681 5.99166 1.4 1.31345 4.30405 1.4 2.68241 5.70041 1.4 1.93416 4.06313 1.4 3.37571 5.31927 1.4 2.51252 3.73326 1.4 4.01577 4.85423 1.4 3.03587 3.32167 1.4 4.5925 4.31265 1.4 3.49277 2.83735 1.4 5.09681 3.70305 1.4 5.52073 3.03505 1.4 3.8732 2.29092 1.4 5.85759 2.31918 1.4 4.16884 1.69434 1.4 6.10207 1.56675 1.4 4.37321 1.06066 1.4 6.25032 0.789599 1.4 4.48185 0.403764 1.4 6.3 0 1.4 4.49237 -0.261972 1.4 4.40454 -0.921973 1.4 4.22029 -1.56179 1.4 6.3 -4 1.4 3.94364 -2.16741 1.4 3.58066 -2.72559 1.4 3.1393 -3.2241 1.4 2.6292 -3.65202 1.4 2.06155 -4 1.4 -3.14857 -0.571382 -0.85 -3.14857 -0.571382 -0.95 -3.2 0 -0.85 -3.2 0 -0.95 -3.2 0 -0.85 -3.2 0 -0.95 -3.14857 0.571382 -0.85 -3.14857 0.571382 -0.95 -2.99595 1.1244 -0.85 -2.99595 1.1244 -0.95 -2.74704 1.64128 -0.85 -2.74704 1.64128 -0.95 -2.40983 2.1054 -0.85 -2.40983 2.1054 -0.95 -1.99517 2.50186 -0.85 -1.99517 2.50186 -0.95 -1.51638 2.81791 -0.85 -1.51638 2.81791 -0.95 -0.988854 3.04338 -0.85 -0.988854 3.04338 -0.95 -0.429546 3.17104 -0.85 -0.429546 3.17104 -0.95 0.143567 3.19678 -0.85 0.143567 3.19678 -0.95 0.712067 3.11977 -0.85 0.712067 3.11977 -0.95 1.25768 2.94249 -0.85 1.25768 2.94249 -0.95 1.76287 2.67063 -0.85 1.76287 2.67063 -0.95 2.2114 2.31294 -0.85 2.2114 2.31294 -0.95 2.58885 1.88091 -0.85 2.58885 1.88091 -0.95 2.8831 1.38843 -0.85 2.8831 1.38843 -0.95 3.08468 0.851318 -0.85 3.08468 0.851318 -0.95 3.18712 0.286846 -0.85 3.18712 0.286846 -0.95 3.18712 -0.286846 -0.85 3.18712 -0.286846 -0.95 3.08468 -0.851318 -0.85 3.08468 -0.851318 -0.95 2.8831 -1.38843 -0.85 2.8831 -1.38843 -0.95 2.58885 -1.88091 -0.85 2.58885 -1.88091 -0.95 2.2114 -2.31294 -0.85 2.2114 -2.31294 -0.95 1.76287 -2.67063 -0.85 1.76287 -2.67063 -0.95 1.25768 -2.94249 -0.85 1.25768 -2.94249 -0.95 0.712067 -3.11977 -0.85 0.712067 -3.11977 -0.95 0.143567 -3.19678 -0.85 0.143567 -3.19678 -0.95 -0.429546 -3.17104 -0.85 -0.429546 -3.17104 -0.95 -0.988854 -3.04338 -0.85 -0.988854 -3.04338 -0.95 -1.51638 -2.81791 -0.85 -1.51638 -2.81791 -0.95 -1.99517 -2.50186 -0.85 -1.99517 -2.50186 -0.95 -2.40983 -2.1054 -0.85 -2.40983 -2.1054 -0.95 -2.74704 -1.64128 -0.85 -2.74704 -1.64128 -0.95 -2.99595 -1.1244 -0.85 -2.99595 -1.1244 -0.95 -2.21882 -1.6036 2.13 -2.23761 -1.59676 2.15 -2.24777 -1.76777 2.13 -2.26777 -1.76777 2.15 -2.21882 -1.93194 2.13 -2.23761 -1.93878 2.15 -2.13547 -2.0763 2.13 -2.15079 -2.08916 2.15 -2.00777 -2.18346 2.13 -2.01777 -2.20078 2.15 -1.85112 -2.24047 2.13 -1.85459 -2.26017 2.15 -1.68442 -2.24047 2.13 -1.68094 -2.26017 2.15 -1.52777 -2.18346 2.13 -1.51777 -2.20078 2.15 -1.40007 -2.0763 2.13 -1.38474 -2.08916 2.15 -1.31671 -1.93194 2.13 -1.29792 -1.93878 2.15 -1.28777 -1.76777 2.13 -1.26777 -1.76777 2.15 -1.28777 -1.76777 2.13 -1.26777 -1.76777 2.15 -1.31671 -1.6036 2.13 -1.29792 -1.59676 2.15 -1.40007 -1.45923 2.13 -1.38474 -1.44637 2.15 -1.52777 -1.35207 2.13 -1.51777 -1.33475 2.15 -1.68442 -1.29506 2.13 -1.68094 -1.27536 2.15 -1.85112 -1.29506 2.13 -1.85459 -1.27536 2.15 -2.00777 -1.35207 2.13 -2.01777 -1.33475 2.15 -2.13547 -1.45923 2.13 -2.15079 -1.44637 2.15 -2.21882 -1.6036 2.11 -2.21882 -1.6036 2.13 -2.24777 -1.76777 2.11 -2.24777 -1.76777 2.13 -2.24777 -1.76777 2.11 -2.24777 -1.76777 2.13 -2.21882 -1.93194 2.11 -2.21882 -1.93194 2.13 -2.13547 -2.0763 2.11 -2.13547 -2.0763 2.13 -2.00777 -2.18346 2.11 -2.00777 -2.18346 2.13 -1.85112 -2.24047 2.11 -1.85112 -2.24047 2.13 -1.68442 -2.24047 2.11 -1.68442 -2.24047 2.13 -1.52777 -2.18346 2.11 -1.52777 -2.18346 2.13 -1.40007 -2.0763 2.11 -1.40007 -2.0763 2.13 -1.31671 -1.93194 2.11 -1.31671 -1.93194 2.13 -1.28777 -1.76777 2.11 -1.28777 -1.76777 2.13 -1.31671 -1.6036 2.11 -1.31671 -1.6036 2.13 -1.40007 -1.45923 2.11 -1.40007 -1.45923 2.13 -1.52777 -1.35207 2.11 -1.52777 -1.35207 2.13 -1.68442 -1.29506 2.11 -1.68442 -1.29506 2.13 -1.85112 -1.29506 2.11 -1.85112 -1.29506 2.13 -2.00777 -1.35207 2.11 -2.00777 -1.35207 2.13 -2.13547 -1.45923 2.11 -2.13547 -1.45923 2.13 1.31671 -1.6036 2.13 1.29792 -1.59676 2.15 1.28777 -1.76777 2.13 1.26777 -1.76777 2.15 1.31671 -1.93194 2.13 1.29792 -1.93878 2.15 1.40007 -2.0763 2.13 1.38474 -2.08916 2.15 1.52777 -2.18346 2.13 1.51777 -2.20078 2.15 1.68442 -2.24047 2.13 1.68094 -2.26017 2.15 1.85112 -2.24047 2.13 1.85459 -2.26017 2.15 2.00777 -2.18346 2.13 2.01777 -2.20078 2.15 2.13547 -2.0763 2.13 2.15079 -2.08916 2.15 2.21882 -1.93194 2.13 2.23761 -1.93878 2.15 2.24777 -1.76777 2.13 2.26777 -1.76777 2.15 2.24777 -1.76777 2.13 2.26777 -1.76777 2.15 2.21882 -1.6036 2.13 2.23761 -1.59676 2.15 2.13547 -1.45923 2.13 2.15079 -1.44637 2.15 2.00777 -1.35207 2.13 2.01777 -1.33475 2.15 1.85112 -1.29506 2.13 1.85459 -1.27536 2.15 1.68442 -1.29506 2.13 1.68094 -1.27536 2.15 1.52777 -1.35207 2.13 1.51777 -1.33475 2.15 1.40007 -1.45923 2.13 1.38474 -1.44637 2.15 1.31671 -1.6036 2.11 1.31671 -1.6036 2.13 1.28777 -1.76777 2.11 1.28777 -1.76777 2.13 1.28777 -1.76777 2.11 1.28777 -1.76777 2.13 1.31671 -1.93194 2.11 1.31671 -1.93194 2.13 1.40007 -2.0763 2.11 1.40007 -2.0763 2.13 1.52777 -2.18346 2.11 1.52777 -2.18346 2.13 1.68442 -2.24047 2.11 1.68442 -2.24047 2.13 1.85112 -2.24047 2.11 1.85112 -2.24047 2.13 2.00777 -2.18346 2.11 2.00777 -2.18346 2.13 2.13547 -2.0763 2.11 2.13547 -2.0763 2.13 2.21882 -1.93194 2.11 2.21882 -1.93194 2.13 2.24777 -1.76777 2.11 2.24777 -1.76777 2.13 2.21882 -1.6036 2.11 2.21882 -1.6036 2.13 2.13547 -1.45923 2.11 2.13547 -1.45923 2.13 2.00777 -1.35207 2.11 2.00777 -1.35207 2.13 1.85112 -1.29506 2.11 1.85112 -1.29506 2.13 1.68442 -1.29506 2.11 1.68442 -1.29506 2.13 1.52777 -1.35207 2.11 1.52777 -1.35207 2.13 1.40007 -1.45923 2.11 1.40007 -1.45923 2.13 1.31671 1.93194 2.13 1.29792 1.93878 2.15 1.28777 1.76777 2.13 1.26777 1.76777 2.15 1.31671 1.6036 2.13 1.29792 1.59676 2.15 1.40007 1.45923 2.13 1.38474 1.44637 2.15 1.52777 1.35207 2.13 1.51777 1.33475 2.15 1.68442 1.29506 2.13 1.68094 1.27536 2.15 1.85112 1.29506 2.13 1.85459 1.27536 2.15 2.00777 1.35207 2.13 2.01777 1.33475 2.15 2.13547 1.45923 2.13 2.15079 1.44637 2.15 2.21882 1.6036 2.13 2.23761 1.59676 2.15 2.24777 1.76777 2.13 2.26777 1.76777 2.15 2.24777 1.76777 2.13 2.26777 1.76777 2.15 2.21882 1.93194 2.13 2.23761 1.93878 2.15 2.13547 2.0763 2.13 2.15079 2.08916 2.15 2.00777 2.18346 2.13 2.01777 2.20078 2.15 1.85112 2.24047 2.13 1.85459 2.26017 2.15 1.68442 2.24047 2.13 1.68094 2.26017 2.15 1.52777 2.18346 2.13 1.51777 2.20078 2.15 1.40007 2.0763 2.13 1.38474 2.08916 2.15 1.31671 1.93194 2.11 1.31671 1.93194 2.13 1.28777 1.76777 2.11 1.28777 1.76777 2.13 1.28777 1.76777 2.11 1.28777 1.76777 2.13 1.31671 1.6036 2.11 1.31671 1.6036 2.13 1.40007 1.45923 2.11 1.40007 1.45923 2.13 1.52777 1.35207 2.11 1.52777 1.35207 2.13 1.68442 1.29506 2.11 1.68442 1.29506 2.13 1.85112 1.29506 2.11 1.85112 1.29506 2.13 2.00777 1.35207 2.11 2.00777 1.35207 2.13 2.13547 1.45923 2.11 2.13547 1.45923 2.13 2.21882 1.6036 2.11 2.21882 1.6036 2.13 2.24777 1.76777 2.11 2.24777 1.76777 2.13 2.21882 1.93194 2.11 2.21882 1.93194 2.13 2.13547 2.0763 2.11 2.13547 2.0763 2.13 2.00777 2.18346 2.11 2.00777 2.18346 2.13 1.85112 2.24047 2.11 1.85112 2.24047 2.13 1.68442 2.24047 2.11 1.68442 2.24047 2.13 1.52777 2.18346 2.11 1.52777 2.18346 2.13 1.40007 2.0763 2.11 1.40007 2.0763 2.13 -2.21882 1.93194 2.13 -2.23761 1.93878 2.15 -2.24777 1.76777 2.13 -2.26777 1.76777 2.15 -2.21882 1.6036 2.13 -2.23761 1.59676 2.15 -2.13547 1.45923 2.13 -2.15079 1.44637 2.15 -2.00777 1.35207 2.13 -2.01777 1.33475 2.15 -1.85112 1.29506 2.13 -1.85459 1.27536 2.15 -1.68442 1.29506 2.13 -1.68094 1.27536 2.15 -1.52777 1.35207 2.13 -1.51777 1.33475 2.15 -1.40007 1.45923 2.13 -1.38474 1.44637 2.15 -1.31671 1.6036 2.13 -1.29792 1.59676 2.15 -1.28777 1.76777 2.13 -1.26777 1.76777 2.15 -1.28777 1.76777 2.13 -1.26777 1.76777 2.15 -1.31671 1.93194 2.13 -1.29792 1.93878 2.15 -1.40007 2.0763 2.13 -1.38474 2.08916 2.15 -1.52777 2.18346 2.13 -1.51777 2.20078 2.15 -1.68442 2.24047 2.13 -1.68094 2.26017 2.15 -1.85112 2.24047 2.13 -1.85459 2.26017 2.15 -2.00777 2.18346 2.13 -2.01777 2.20078 2.15 -2.13547 2.0763 2.13 -2.15079 2.08916 2.15 -2.21882 1.93194 2.11 -2.21882 1.93194 2.13 -2.24777 1.76777 2.11 -2.24777 1.76777 2.13 -2.24777 1.76777 2.11 -2.24777 1.76777 2.13 -2.21882 1.6036 2.11 -2.21882 1.6036 2.13 -2.13547 1.45923 2.11 -2.13547 1.45923 2.13 -2.00777 1.35207 2.11 -2.00777 1.35207 2.13 -1.85112 1.29506 2.11 -1.85112 1.29506 2.13 -1.68442 1.29506 2.11 -1.68442 1.29506 2.13 -1.52777 1.35207 2.11 -1.52777 1.35207 2.13 -1.40007 1.45923 2.11 -1.40007 1.45923 2.13 -1.31671 1.6036 2.11 -1.31671 1.6036 2.13 -1.28777 1.76777 2.11 -1.28777 1.76777 2.13 -1.31671 1.93194 2.11 -1.31671 1.93194 2.13 -1.40007 2.0763 2.11 -1.40007 2.0763 2.13 -1.52777 2.18346 2.11 -1.52777 2.18346 2.13 -1.68442 2.24047 2.11 -1.68442 2.24047 2.13 -1.85112 2.24047 2.11 -1.85112 2.24047 2.13 -2.00777 2.18346 2.11 -2.00777 2.18346 2.13 -2.13547 2.0763 2.11 -2.13547 2.0763 2.13 -2.21882 -1.93194 2.11 -2.07317 -1.87892 2.11 -2.24777 -1.76777 2.11 -2.09277 -1.76777 2.11 -2.07317 -1.65661 2.11 -2.01673 -1.97667 2.11 -2.13547 -2.0763 2.11 -1.93027 -2.04923 2.11 -2.00777 -2.18346 2.11 -1.8242 -2.08783 2.11 -1.85112 -2.24047 2.11 -1.68442 -2.24047 2.11 -1.71133 -2.08783 2.11 -1.52777 -2.18346 2.11 -1.60527 -2.04923 2.11 -1.40007 -2.0763 2.11 -1.5188 -1.97667 2.11 -1.31671 -1.93194 2.11 -1.46237 -1.87892 2.11 -1.28777 -1.76777 2.11 -1.44277 -1.76777 2.11 -1.46237 -1.65661 2.11 -1.31671 -1.6036 2.11 -1.5188 -1.55886 2.11 -1.40007 -1.45923 2.11 -1.60527 -1.48631 2.11 -1.52777 -1.35207 2.11 -1.71133 -1.4477 2.11 -1.68442 -1.29506 2.11 -1.85112 -1.29506 2.11 -1.8242 -1.4477 2.11 -2.00777 -1.35207 2.11 -1.93027 -1.48631 2.11 -2.13547 -1.45923 2.11 -2.01673 -1.55886 2.11 -2.21882 -1.6036 2.11 1.31671 1.6036 2.11 1.46237 1.65661 2.11 1.28777 1.76777 2.11 1.44277 1.76777 2.11 1.46237 1.87892 2.11 1.5188 1.55886 2.11 1.40007 1.45923 2.11 1.60527 1.48631 2.11 1.52777 1.35207 2.11 1.71133 1.4477 2.11 1.68442 1.29506 2.11 1.85112 1.29506 2.11 1.8242 1.4477 2.11 2.00777 1.35207 2.11 1.93027 1.48631 2.11 2.13547 1.45923 2.11 2.01673 1.55886 2.11 2.21882 1.6036 2.11 2.07317 1.65661 2.11 2.24777 1.76777 2.11 2.09277 1.76777 2.11 2.07317 1.87892 2.11 2.21882 1.93194 2.11 2.01673 1.97667 2.11 2.13547 2.0763 2.11 1.93027 2.04923 2.11 2.00777 2.18346 2.11 1.8242 2.08783 2.11 1.85112 2.24047 2.11 1.68442 2.24047 2.11 1.71133 2.08783 2.11 1.52777 2.18346 2.11 1.60527 2.04923 2.11 1.40007 2.0763 2.11 1.5188 1.97667 2.11 1.31671 1.93194 2.11 1.31671 -1.93194 2.11 1.46237 -1.87892 2.11 1.28777 -1.76777 2.11 1.44277 -1.76777 2.11 1.46237 -1.65661 2.11 1.5188 -1.97667 2.11 1.40007 -2.0763 2.11 1.60527 -2.04923 2.11 1.52777 -2.18346 2.11 1.71133 -2.08783 2.11 1.68442 -2.24047 2.11 1.85112 -2.24047 2.11 1.8242 -2.08783 2.11 2.00777 -2.18346 2.11 1.93027 -2.04923 2.11 2.13547 -2.0763 2.11 2.01673 -1.97667 2.11 2.21882 -1.93194 2.11 2.07317 -1.87892 2.11 2.24777 -1.76777 2.11 2.09277 -1.76777 2.11 2.07317 -1.65661 2.11 2.21882 -1.6036 2.11 2.01673 -1.55886 2.11 2.13547 -1.45923 2.11 1.93027 -1.48631 2.11 2.00777 -1.35207 2.11 1.8242 -1.4477 2.11 1.85112 -1.29506 2.11 1.68442 -1.29506 2.11 1.71133 -1.4477 2.11 1.52777 -1.35207 2.11 1.60527 -1.48631 2.11 1.40007 -1.45923 2.11 1.5188 -1.55886 2.11 1.31671 -1.6036 2.11 -2.21882 1.6036 2.11 -2.07317 1.65661 2.11 -2.24777 1.76777 2.11 -2.09277 1.76777 2.11 -2.07317 1.87892 2.11 -2.01673 1.55886 2.11 -2.13547 1.45923 2.11 -1.93027 1.48631 2.11 -2.00777 1.35207 2.11 -1.8242 1.4477 2.11 -1.85112 1.29506 2.11 -1.68442 1.29506 2.11 -1.71133 1.4477 2.11 -1.52777 1.35207 2.11 -1.60527 1.48631 2.11 -1.40007 1.45923 2.11 -1.5188 1.55886 2.11 -1.31671 1.6036 2.11 -1.46237 1.65661 2.11 -1.28777 1.76777 2.11 -1.44277 1.76777 2.11 -1.46237 1.87892 2.11 -1.31671 1.93194 2.11 -1.5188 1.97667 2.11 -1.40007 2.0763 2.11 -1.60527 2.04923 2.11 -1.52777 2.18346 2.11 -1.71133 2.08783 2.11 -1.68442 2.24047 2.11 -1.85112 2.24047 2.11 -1.8242 2.08783 2.11 -2.00777 2.18346 2.11 -1.93027 2.04923 2.11 -2.13547 2.0763 2.11 -2.01673 1.97667 2.11 -2.21882 1.93194 2.11 1.46237 -1.65661 -0.85 1.46237 -1.65661 2.11 1.44277 -1.76777 -0.85 1.44277 -1.76777 2.11 1.44277 -1.76777 -0.85 1.44277 -1.76777 2.11 1.46237 -1.87892 -0.85 1.46237 -1.87892 2.11 1.5188 -1.97667 -0.85 1.5188 -1.97667 2.11 1.60527 -2.04923 -0.85 1.60527 -2.04923 2.11 1.71133 -2.08783 -0.85 1.71133 -2.08783 2.11 1.8242 -2.08783 -0.85 1.8242 -2.08783 2.11 1.93027 -2.04923 -0.85 1.93027 -2.04923 2.11 2.01673 -1.97667 -0.85 2.01673 -1.97667 2.11 2.07317 -1.87892 -0.85 2.07317 -1.87892 2.11 2.09277 -1.76777 -0.85 2.09277 -1.76777 2.11 2.07317 -1.65661 -0.85 2.07317 -1.65661 2.11 2.01673 -1.55886 -0.85 2.01673 -1.55886 2.11 1.93027 -1.48631 -0.85 1.93027 -1.48631 2.11 1.8242 -1.4477 -0.85 1.8242 -1.4477 2.11 1.71133 -1.4477 -0.85 1.71133 -1.4477 2.11 1.60527 -1.48631 -0.85 1.60527 -1.48631 2.11 1.5188 -1.55886 -0.85 1.5188 -1.55886 2.11 -2.07317 -1.65661 -0.85 -2.07317 -1.65661 2.11 -2.09277 -1.76777 -0.85 -2.09277 -1.76777 2.11 -2.09277 -1.76777 -0.85 -2.09277 -1.76777 2.11 -2.07317 -1.87892 -0.85 -2.07317 -1.87892 2.11 -2.01673 -1.97667 -0.85 -2.01673 -1.97667 2.11 -1.93027 -2.04923 -0.85 -1.93027 -2.04923 2.11 -1.8242 -2.08783 -0.85 -1.8242 -2.08783 2.11 -1.71133 -2.08783 -0.85 -1.71133 -2.08783 2.11 -1.60527 -2.04923 -0.85 -1.60527 -2.04923 2.11 -1.5188 -1.97667 -0.85 -1.5188 -1.97667 2.11 -1.46237 -1.87892 -0.85 -1.46237 -1.87892 2.11 -1.44277 -1.76777 -0.85 -1.44277 -1.76777 2.11 -1.46237 -1.65661 -0.85 -1.46237 -1.65661 2.11 -1.5188 -1.55886 -0.85 -1.5188 -1.55886 2.11 -1.60527 -1.48631 -0.85 -1.60527 -1.48631 2.11 -1.71133 -1.4477 -0.85 -1.71133 -1.4477 2.11 -1.8242 -1.4477 -0.85 -1.8242 -1.4477 2.11 -1.93027 -1.48631 -0.85 -1.93027 -1.48631 2.11 -2.01673 -1.55886 -0.85 -2.01673 -1.55886 2.11 1.46237 1.87892 -0.85 1.46237 1.87892 2.11 1.44277 1.76777 -0.85 1.44277 1.76777 2.11 1.44277 1.76777 -0.85 1.44277 1.76777 2.11 1.46237 1.65661 -0.85 1.46237 1.65661 2.11 1.5188 1.55886 -0.85 1.5188 1.55886 2.11 1.60527 1.48631 -0.85 1.60527 1.48631 2.11 1.71133 1.4477 -0.85 1.71133 1.4477 2.11 1.8242 1.4477 -0.85 1.8242 1.4477 2.11 1.93027 1.48631 -0.85 1.93027 1.48631 2.11 2.01673 1.55886 -0.85 2.01673 1.55886 2.11 2.07317 1.65661 -0.85 2.07317 1.65661 2.11 2.09277 1.76777 -0.85 2.09277 1.76777 2.11 2.07317 1.87892 -0.85 2.07317 1.87892 2.11 2.01673 1.97667 -0.85 2.01673 1.97667 2.11 1.93027 2.04923 -0.85 1.93027 2.04923 2.11 1.8242 2.08783 -0.85 1.8242 2.08783 2.11 1.71133 2.08783 -0.85 1.71133 2.08783 2.11 1.60527 2.04923 -0.85 1.60527 2.04923 2.11 1.5188 1.97667 -0.85 1.5188 1.97667 2.11 -2.07317 1.87892 -0.85 -2.07317 1.87892 2.11 -2.09277 1.76777 -0.85 -2.09277 1.76777 2.11 -2.09277 1.76777 -0.85 -2.09277 1.76777 2.11 -2.07317 1.65661 -0.85 -2.07317 1.65661 2.11 -2.01673 1.55886 -0.85 -2.01673 1.55886 2.11 -1.93027 1.48631 -0.85 -1.93027 1.48631 2.11 -1.8242 1.4477 -0.85 -1.8242 1.4477 2.11 -1.71133 1.4477 -0.85 -1.71133 1.4477 2.11 -1.60527 1.48631 -0.85 -1.60527 1.48631 2.11 -1.5188 1.55886 -0.85 -1.5188 1.55886 2.11 -1.46237 1.65661 -0.85 -1.46237 1.65661 2.11 -1.44277 1.76777 -0.85 -1.44277 1.76777 2.11 -1.46237 1.87892 -0.85 -1.46237 1.87892 2.11 -1.5188 1.97667 -0.85 -1.5188 1.97667 2.11 -1.60527 2.04923 -0.85 -1.60527 2.04923 2.11 -1.71133 2.08783 -0.85 -1.71133 2.08783 2.11 -1.8242 2.08783 -0.85 -1.8242 2.08783 2.11 -1.93027 2.04923 -0.85 -1.93027 2.04923 2.11 -2.01673 1.97667 -0.85 -2.01673 1.97667 2.11 -1.52552 0.391687 2.05 -1.62633 0.400854 2.15 -1.575 0 2.05 -1.675 0 2.15 -1.62633 -0.400854 2.15 -1.48314 0.778411 2.15 -1.38018 0.758762 2.05 -1.25376 1.11073 2.15 -1.14813 1.07816 2.05 -0.951508 1.3785 2.15 -0.843927 1.32982 2.05 -0.593963 1.56615 2.15 -0.486702 1.49791 2.05 -0.201899 1.66279 2.15 -0.0988951 1.57189 2.05 0.201899 1.66279 2.15 0.295126 1.5471 2.05 0.593963 1.56615 2.15 0.670602 1.4251 2.05 0.951508 1.3785 2.15 1.00394 1.21356 2.05 1.25376 1.11073 2.15 1.2742 0.925762 2.05 1.48314 0.778411 2.15 1.4644 0.579796 2.05 1.62633 0.400854 2.15 1.56258 0.1974 2.05 1.675 0 2.15 1.675 0 2.15 1.56258 0.1974 2.05 1.56258 -0.1974 2.05 1.62633 -0.400854 2.15 1.4644 -0.579796 2.05 1.48314 -0.778411 2.15 1.2742 -0.925762 2.05 1.25376 -1.11073 2.15 1.00394 -1.21356 2.05 0.951508 -1.3785 2.15 0.670602 -1.4251 2.05 0.593963 -1.56615 2.15 0.295126 -1.5471 2.05 0.201899 -1.66279 2.15 -0.0988951 -1.57189 2.05 -0.201899 -1.66279 2.15 -0.486702 -1.49791 2.05 -0.593963 -1.56615 2.15 -0.843927 -1.32982 2.05 -0.951508 -1.3785 2.15 -1.14813 -1.07816 2.05 -1.25376 -1.11073 2.15 -1.38018 -0.758762 2.05 -1.48314 -0.778411 2.15 -1.52552 -0.391687 2.05 -1.52552 0.391687 1.5 -1.52552 0.391687 2.05 -1.575 0 1.5 -1.575 0 2.05 -1.575 0 1.5 -1.575 0 2.05 -1.52552 -0.391687 1.5 -1.52552 -0.391687 2.05 -1.38018 -0.758762 1.5 -1.38018 -0.758762 2.05 -1.14813 -1.07816 1.5 -1.14813 -1.07816 2.05 -0.843927 -1.32982 1.5 -0.843927 -1.32982 2.05 -0.486702 -1.49791 1.5 -0.486702 -1.49791 2.05 -0.0988951 -1.57189 1.5 -0.0988951 -1.57189 2.05 0.295126 -1.5471 1.5 0.295126 -1.5471 2.05 0.670602 -1.4251 1.5 0.670602 -1.4251 2.05 1.00394 -1.21356 1.5 1.00394 -1.21356 2.05 1.2742 -0.925762 1.5 1.2742 -0.925762 2.05 1.4644 -0.579796 1.5 1.4644 -0.579796 2.05 1.56258 -0.1974 1.5 1.56258 -0.1974 2.05 1.56258 0.1974 1.5 1.56258 0.1974 2.05 1.4644 0.579796 1.5 1.4644 0.579796 2.05 1.2742 0.925762 1.5 1.2742 0.925762 2.05 1.00394 1.21356 1.5 1.00394 1.21356 2.05 0.670602 1.4251 1.5 0.670602 1.4251 2.05 0.295126 1.5471 1.5 0.295126 1.5471 2.05 -0.0988951 1.57189 1.5 -0.0988951 1.57189 2.05 -0.486702 1.49791 1.5 -0.486702 1.49791 2.05 -0.843927 1.32982 1.5 -0.843927 1.32982 2.05 -1.14813 1.07816 1.5 -1.14813 1.07816 2.05 -1.38018 0.758762 1.5 -1.38018 0.758762 2.05 -1.52552 0.391687 1.5 -1.575 0 1.5 0.670602 -1.4251 1.5 -1.52552 -0.391687 1.5 -1.38018 -0.758762 1.5 -1.14813 -1.07816 1.5 -0.843927 -1.32982 1.5 -0.486702 -1.49791 1.5 -0.0988951 -1.57189 1.5 0.295126 -1.5471 1.5 1.00394 -1.21356 1.5 0.670602 1.4251 1.5 0.295126 1.5471 1.5 -0.0988951 1.57189 1.5 1.00394 1.21356 1.5 1.2742 -0.925762 1.5 1.2742 0.925762 1.5 1.4644 -0.579796 1.5 1.4644 0.579796 1.5 1.56258 -0.1974 1.5 1.56258 0.1974 1.5 -0.486702 1.49791 1.5 -0.843927 1.32982 1.5 -1.14813 1.07816 1.5 -1.38018 0.758762 1.5 -3.09938 0.562454 2.05 -3.15 0 2.05 -3.05 0 2.15 -3.09938 -0.562454 2.05 -2.99807 -0.560436 2.15 -2.94914 -1.10683 2.05 -2.84404 -1.10179 2.15 -2.70411 -1.61563 2.05 -2.59316 -1.60562 2.15 -2.37218 -2.07251 2.05 -2.25398 -2.05477 2.15 -1.96399 -2.46277 2.05 -1.83804 -2.43395 2.15 -1.49269 -2.77388 2.05 -1.3595 -2.73025 2.15 -0.973404 -2.99583 2.05 -0.834672 -2.93357 2.15 -0.422835 -3.12149 2.05 -0.281419 -3.03699 2.15 0.141324 -3.14683 2.05 0.281419 -3.03699 2.15 0.700941 -3.07102 2.05 0.834672 -2.93357 2.15 1.23803 -2.89651 2.05 1.3595 -2.73025 2.15 1.73533 -2.62891 2.05 1.83804 -2.43395 2.15 2.17685 -2.2768 2.05 2.25398 -2.05477 2.15 2.5484 -1.85152 2.05 2.59316 -1.60562 2.15 2.83805 -1.36673 2.05 2.84404 -1.10179 2.15 3.03648 -0.838016 2.05 2.99807 -0.560436 2.15 3.13732 -0.282364 2.05 3.05 0 2.15 3.05 0 2.15 3.13732 -0.282364 2.05 3.13732 0.282364 2.05 2.99807 0.560436 2.15 3.03648 0.838016 2.05 2.84404 1.10179 2.15 2.83805 1.36673 2.05 2.59316 1.60562 2.15 2.5484 1.85152 2.05 2.25398 2.05477 2.15 2.17685 2.2768 2.05 1.83804 2.43395 2.15 1.73533 2.62891 2.05 1.3595 2.73025 2.15 1.23803 2.89651 2.05 0.834672 2.93357 2.15 0.700941 3.07102 2.05 0.281419 3.03699 2.15 0.141324 3.14683 2.05 -0.281419 3.03699 2.15 -0.422835 3.12149 2.05 -0.834672 2.93357 2.15 -0.973404 2.99583 2.05 -1.3595 2.73025 2.15 -1.49269 2.77388 2.05 -1.83804 2.43395 2.15 -1.96399 2.46277 2.05 -2.25398 2.05477 2.15 -2.37218 2.07251 2.05 -2.59316 1.60562 2.15 -2.70411 1.61563 2.05 -2.84404 1.10179 2.15 -2.94914 1.10683 2.05 -2.99807 0.560436 2.15 -3.09938 -0.562454 1.5 -3.09938 -0.562454 2.05 -3.15 0 1.5 -3.15 0 2.05 -3.15 0 1.5 -3.15 0 2.05 -3.09938 0.562454 1.5 -3.09938 0.562454 2.05 -2.94914 1.10683 1.5 -2.94914 1.10683 2.05 -2.70411 1.61563 1.5 -2.70411 1.61563 2.05 -2.37218 2.07251 1.5 -2.37218 2.07251 2.05 -1.96399 2.46277 1.5 -1.96399 2.46277 2.05 -1.49269 2.77388 1.5 -1.49269 2.77388 2.05 -0.973404 2.99583 1.5 -0.973404 2.99583 2.05 -0.422835 3.12149 1.5 -0.422835 3.12149 2.05 0.141324 3.14683 1.5 0.141324 3.14683 2.05 0.700941 3.07102 1.5 0.700941 3.07102 2.05 1.23803 2.89651 1.5 1.23803 2.89651 2.05 1.73533 2.62891 1.5 1.73533 2.62891 2.05 2.17685 2.2768 1.5 2.17685 2.2768 2.05 2.5484 1.85152 1.5 2.5484 1.85152 2.05 2.83805 1.36673 1.5 2.83805 1.36673 2.05 3.03648 0.838016 1.5 3.03648 0.838016 2.05 3.13732 0.282364 1.5 3.13732 0.282364 2.05 3.13732 -0.282364 1.5 3.13732 -0.282364 2.05 3.03648 -0.838016 1.5 3.03648 -0.838016 2.05 2.83805 -1.36673 1.5 2.83805 -1.36673 2.05 2.5484 -1.85152 1.5 2.5484 -1.85152 2.05 2.17685 -2.2768 1.5 2.17685 -2.2768 2.05 1.73533 -2.62891 1.5 1.73533 -2.62891 2.05 1.23803 -2.89651 1.5 1.23803 -2.89651 2.05 0.700941 -3.07102 1.5 0.700941 -3.07102 2.05 0.141324 -3.14683 1.5 0.141324 -3.14683 2.05 -0.422835 -3.12149 1.5 -0.422835 -3.12149 2.05 -0.973404 -2.99583 1.5 -0.973404 -2.99583 2.05 -1.49269 -2.77388 1.5 -1.49269 -2.77388 2.05 -1.96399 -2.46277 1.5 -1.96399 -2.46277 2.05 -2.37218 -2.07251 1.5 -2.37218 -2.07251 2.05 -2.70411 -1.61563 1.5 -2.70411 -1.61563 2.05 -2.94914 -1.10683 1.5 -2.94914 -1.10683 2.05 4.34843 0.671657 1.5 3.13732 0.282364 1.5 4.4 0 1.5 3.13732 -0.282364 1.5 4.34843 -0.671657 1.5 3.03648 -0.838016 1.5 4.19494 -1.32757 1.5 2.83805 -1.36673 1.5 3.94313 -1.95237 1.5 3.59889 -2.5314 1.5 2.5484 -1.85152 1.5 3.1703 -3.0511 1.5 2.17685 -2.2768 1.5 2.66739 -3.49929 1.5 1.73533 -2.62891 1.5 2.10197 -3.86545 1.5 1.23803 -2.89651 1.5 1.48727 -4.14102 1.5 0.700941 -3.07102 1.5 0.837721 -4.31952 1.5 0.141324 -3.14683 1.5 0.168532 -4.39677 1.5 -0.504607 -4.37097 1.5 -0.422835 -3.12149 1.5 -1.16592 -4.24272 1.5 -0.973404 -2.99583 1.5 -1.7999 -4.01502 1.5 -1.49269 -2.77388 1.5 -2.3917 -3.69321 1.5 -1.96399 -2.46277 1.5 -2.92743 -3.28483 1.5 -2.37218 -2.07251 1.5 -3.39455 -2.79947 1.5 -2.70411 -1.61563 1.5 -3.78211 -2.24848 1.5 -4.08101 -1.6448 1.5 -2.94914 -1.10683 1.5 -4.28426 -1.00256 1.5 -3.09938 -0.562454 1.5 -4.38709 -0.336817 1.5 -3.15 0 1.5 -4.38709 0.336817 1.5 -3.09938 0.562454 1.5 -4.28426 1.00256 1.5 -2.94914 1.10683 1.5 -4.08101 1.6448 1.5 -2.70411 1.61563 1.5 -3.78211 2.24848 1.5 -3.39455 2.79947 1.5 -2.37218 2.07251 1.5 -2.92743 3.28483 1.5 -1.96399 2.46277 1.5 -2.3917 3.69321 1.5 -1.49269 2.77388 1.5 -1.7999 4.01502 1.5 -0.973404 2.99583 1.5 -1.16592 4.24272 1.5 -0.422835 3.12149 1.5 -0.504607 4.37097 1.5 0.141324 3.14683 1.5 0.168532 4.39677 1.5 0.837721 4.31952 1.5 0.700941 3.07102 1.5 1.48727 4.14102 1.5 1.23803 2.89651 1.5 2.10197 3.86545 1.5 1.73533 2.62891 1.5 2.66739 3.49929 1.5 2.17685 2.2768 1.5 3.1703 3.0511 1.5 2.5484 1.85152 1.5 3.59889 2.5314 1.5 2.83805 1.36673 1.5 3.94313 1.95237 1.5 4.19494 1.32757 1.5 3.03648 0.838016 1.5 6.3 -10 8.85 6.3 -10 7.4 -6.3 -10 8.85 -6.3 -10 7.4 -5.62366 -14.3 9.0927 -5.62942 -14.3618 9.08479 -5.62942 -14.3618 9.08479 -5.50979 -14.3618 8.85 -5.52399 -14.3618 8.93968 -5.50979 -14.3618 8.85 -5.8 -14.3618 9.14021 -5.71032 -14.3618 9.12601 -5.71032 -14.3618 9.12601 -5.71032 -14.3618 9.12601 -5.62942 -14.3618 9.08479 -5.62942 -14.3618 9.08479 -5.62942 -14.3618 9.08479 -5.56521 -14.3618 9.02058 -5.56521 -14.3618 9.02058 -5.56521 -14.3618 9.02058 -5.52399 -14.3618 8.93968 -5.52399 -14.3618 8.93968 5.52399 -14.3618 8.93968 5.52399 -14.3618 8.93968 5.50979 -14.3618 8.85 5.8 -14.3618 9.14021 5.8 -14.3618 9.14021 5.71032 -14.3618 9.12601 5.71032 -14.3618 9.12601 5.71032 -14.3618 9.12601 5.62942 -14.3618 9.08479 5.62942 -14.3618 9.08479 5.62942 -14.3618 9.08479 5.56521 -14.3618 9.02058 5.56521 -14.3618 9.02058 5.56521 -14.3618 9.02058 5.52399 -14.3618 8.93968 5.62942 -14.3618 9.08479 5.62366 -14.3 9.0927 5.62366 -14.3 9.0927 5.62366 -14.3 9.0927 5.62366 -11.45 9.0927 5.62366 -11.45 9.0927 5.62366 -11.45 9.0927 5.59559 -11.2727 9.0927 5.62366 -11.45 9.0927 5.05 -10.7927 9.13532 5.25312 -10.8249 9.13532 5.25312 -10.8249 9.13532 5.25312 -10.8249 9.13532 5.43635 -10.9182 9.13532 5.43635 -10.9182 9.13532 5.43635 -10.9182 9.13532 5.58176 -11.0637 9.13532 5.58176 -11.0637 9.13532 5.5141 -11.1128 9.0927 5.5141 -11.1128 9.0927 5.5141 -11.1128 9.0927 5.59559 -11.2727 9.0927 5.59559 -11.2727 9.0927 5.53247 -11.2932 9.02634 5.53247 -11.2932 9.02634 5.53247 -11.2932 9.02634 5.49194 -11.3064 8.94271 5.49194 -11.3064 8.94271 5.49194 -11.3064 8.94271 5.47798 -11.3109 8.85 5.05 -10.7927 9.13532 -5.05 -10.7927 9.13532 -5.05 -10.7927 9.13532 -5.05 -10.7927 9.13532 -5.25312 -10.8249 9.13532 -5.05 -10.7927 9.13532 -5.43635 -10.9182 9.13532 -5.5141 -11.1128 9.0927 -5.43635 -10.9182 9.13532 -5.25312 -10.8249 9.13532 -5.25312 -10.8249 9.13532 -5.62366 -11.45 9.0927 -5.59559 -11.2727 9.0927 -5.59559 -11.2727 9.0927 -5.59559 -11.2727 9.0927 -5.5141 -11.1128 9.0927 -5.5141 -11.1128 9.0927 -5.53247 -11.2932 9.02634 -5.5141 -11.1128 9.0927 -5.5141 -11.1128 9.0927 -5.53247 -11.2932 9.02634 -5.49194 -11.3064 8.94271 -5.49194 -11.3064 8.94271 -5.49194 -11.3064 8.94271 -5.47798 -11.3109 8.85 -5.47798 -11.3109 8.85 -5.62366 -11.45 9.0927 -5.62366 -14.3 9.0927 -5.62366 -14.3 9.0927 -6.2 -14.3618 9.14021 -6.2 -14.3618 9.14021 -5.8 -14.3618 9.14021 6.2 -14.3618 9.14021 5.8 -14.3618 9.14021 5.8 -14.3618 9.14021 6.37634 -14.3 9.0927 6.37058 -14.3618 9.08479 6.37058 -14.3618 9.08479 6.49021 -14.3618 8.85 6.47601 -14.3618 8.93968 6.49021 -14.3618 8.85 6.2 -14.3618 9.14021 6.28968 -14.3618 9.12601 6.28968 -14.3618 9.12601 6.28968 -14.3618 9.12601 6.37058 -14.3618 9.08479 6.37058 -14.3618 9.08479 6.37058 -14.3618 9.08479 6.43479 -14.3618 9.02058 6.43479 -14.3618 9.02058 6.43479 -14.3618 9.02058 6.47601 -14.3618 8.93968 6.47601 -14.3618 8.93968 6.48471 -10.141 8.90541 6.49021 -10.1382 8.85 6.49021 -10.1382 8.85 6.47056 -10.1496 8.95772 6.47056 -10.1496 8.95772 6.48471 -10.141 8.90541 6.26825 -10.1646 9.11639 6.26825 -10.1646 9.11639 6.28623 -10.1804 9.12045 6.2309 -10.2073 9.13532 6.26825 -10.1646 9.11639 6.37818 -10.2028 9.08736 6.37634 -10.2412 9.0927 6.37818 -10.2028 9.08736 6.4194 -10.1795 9.04716 6.45348 -10.1598 8.99638 6.45348 -10.1598 8.99638 6.45348 -10.1598 8.99638 6.47056 -10.1496 8.95772 6.28623 -10.1804 9.12045 6.39788 -10.1484 9.05438 6.33755 -10.1559 9.09438 6.33755 -10.1559 9.09438 6.28623 -10.1804 9.12045 6.37818 -10.2028 9.08736 6.39788 -10.1484 9.05438 6.4194 -10.1795 9.04716 6.39788 -10.1484 9.05438 6.33755 -10.1559 9.09438 6.33755 -10.1559 9.09438 6.35895 -10.1787 9.09291 6.35895 -10.1787 9.09291 6.37818 -10.2028 9.08736 -6.46737 -10.1033 8.90855 -6.46737 -10.1033 8.90855 -6.49021 -10.1382 8.85 -6.46737 -10.1033 8.90855 -6.45274 -10.1147 8.96321 -6.46737 -10.1033 8.90855 -6.37634 -10.2412 9.0927 -6.37634 -10.2412 9.0927 -6.38195 -10.2078 9.08571 -6.27177 -10.1677 9.11741 -6.2309 -10.2073 9.13532 -6.27177 -10.1677 9.11741 -6.45274 -10.1147 8.96321 -6.45274 -10.1147 8.96321 -6.43545 -10.1279 9.00291 -6.40187 -10.1532 9.05358 -6.40187 -10.1532 9.05358 -6.43545 -10.1279 9.00291 -6.36238 -10.1825 9.09229 -6.36238 -10.1825 9.09229 -6.38195 -10.2078 9.08571 -6.40187 -10.1532 9.05358 -6.36238 -10.1825 9.09229 -6.36238 -10.1825 9.09229 -6.3441 -10.1624 9.09438 -6.3441 -10.1624 9.09438 -6.3441 -10.1624 9.09438 -6.3441 -10.1624 9.09438 -6.30568 -10.1992 9.12173 -6.30568 -10.1992 9.12173 -6.28896 -10.183 9.12083 -6.27177 -10.1677 9.11741 -6.27177 -10.1677 9.11741 -6.28896 -10.183 9.12083 -6.47601 -14.3618 8.93968 -6.47601 -14.3618 8.93968 -6.49021 -14.3618 8.85 -6.2 -14.3618 9.14021 -6.2 -14.3618 9.14021 -6.28968 -14.3618 9.12601 -6.28968 -14.3618 9.12601 -6.28968 -14.3618 9.12601 -6.37058 -14.3618 9.08479 -6.37058 -14.3618 9.08479 -6.37058 -14.3618 9.08479 -6.43479 -14.3618 9.02058 -6.43479 -14.3618 9.02058 -6.43479 -14.3618 9.02058 -6.47601 -14.3618 8.93968 -6.37058 -14.3618 9.08479 -6.37634 -14.3 9.0927 -6.37634 -14.3 9.0927 -6.37634 -14.3 9.0927 -6.37634 -10.2412 9.0927 -6.37634 -10.2412 9.0927 -6.2309 -10.2073 9.13532 6.2309 -10.2073 9.13532 6.2309 -10.2073 9.13532 6.37634 -10.2412 9.0927 6.37634 -10.2412 9.0927 6.37634 -14.3 9.0927 6.49021 -14.3618 -0.75 6.49021 -14.3618 8.85 6.49021 -14.3618 8.85 -5.49047 -11.0542 -0.880002 -5.49047 -11.0542 -0.880002 -5.43621 -11.0007 -0.881005 -5.47494 -11.3009 -0.758163 -5.47494 -11.3009 -0.758163 -5.47494 -11.3009 -0.758163 -5.4759 -11.2873 -0.777587 -5.4759 -11.2873 -0.777587 -5.4759 -11.2873 -0.777587 -5.4784 -11.273 -0.792328 -5.4784 -11.273 -0.792328 -5.4784 -11.273 -0.792328 -5.49598 -11.2142 -0.837342 -5.49598 -11.2142 -0.837342 -5.49047 -11.0542 -0.880002 -5.49047 -11.0542 -0.880002 -5.54004 -11.1112 -0.890628 -5.47798 -11.3109 -0.75 -5.47494 -11.3009 -0.758163 -5.54004 -11.1112 -0.890628 -5.54004 -11.1112 -0.890628 -5.62346 -11.0487 -0.934776 -5.43744 -10.915 -0.918171 -5.45126 -10.8765 -0.934776 -5.43744 -10.915 -0.918171 -5.43744 -10.915 -0.918171 -5.43744 -10.915 -0.918171 -5.46729 -10.9412 -0.911066 -5.46729 -10.9412 -0.911066 -5.43621 -11.0007 -0.881005 -5.43621 -11.0007 -0.881005 -5.43621 -11.0007 -0.881005 -5.47798 -11.3109 -0.75 -5.47798 -11.3109 -0.75 -5.47798 -11.3109 8.85 -5.45126 -10.8765 -0.934776 -5.45126 -10.8765 -0.934776 5.45126 -10.8765 -0.934776 5.45761 -11.2596 -0.754015 5.47798 -11.3109 -0.75 5.45761 -11.2596 -0.754015 5.42507 -11.0241 -0.867352 5.42507 -11.0241 -0.867352 5.48456 -11.0845 -0.868416 5.45126 -10.8765 -0.934776 5.45126 -10.8765 -0.934776 5.43409 -10.9361 -0.908504 5.57712 -11.0817 -0.912989 5.62346 -11.0487 -0.934776 5.54561 -11.1606 -0.887303 5.54561 -11.1606 -0.887303 5.57712 -11.0817 -0.912989 5.45761 -11.2596 -0.754015 5.45749 -11.2539 -0.764252 5.45749 -11.2539 -0.764252 5.45749 -11.2539 -0.764252 5.45749 -11.2539 -0.764252 5.45931 -11.239 -0.782618 5.45931 -11.239 -0.782618 5.45931 -11.239 -0.782618 5.46759 -11.2118 -0.80901 5.46759 -11.2118 -0.80901 5.48456 -11.0845 -0.868416 5.48456 -11.0845 -0.868416 5.51198 -11.1165 -0.874207 5.42507 -11.0241 -0.867352 5.54561 -11.1606 -0.887303 5.51198 -11.1165 -0.874207 5.54561 -11.1606 -0.887303 5.48176 -10.9794 -0.900456 5.42507 -11.0241 -0.867352 5.42507 -11.0241 -0.867352 5.43409 -10.9361 -0.908504 5.48176 -10.9794 -0.900456 5.47798 -11.3109 -0.75 5.47798 -11.3109 8.85 5.47798 -11.3109 8.85 5.58244 -14.3 -0.911803 5.58244 -14.3 -0.911803 5.62346 -11.0487 -0.934776 5.58244 -14.3 -0.911803 5.5954 -14.3574 -0.9105 5.53028 -14.3264 -0.852463 5.5954 -14.3574 -0.9105 5.53028 -14.3264 -0.852463 5.67793 -14.362 -0.938871 5.67793 -14.362 -0.938871 5.7 -14.3618 -0.940211 5.50979 -14.3618 -0.75 5.50979 -14.3618 -0.75 5.51245 -14.3503 -0.79787 5.51245 -14.3503 -0.79787 5.53028 -14.3264 -0.852463 5.58244 -14.3 -0.911803 5.5954 -14.3574 -0.9105 5.5954 -14.3574 -0.9105 5.67793 -14.362 -0.938871 5.63803 -14.3221 -0.938871 5.63803 -14.3221 -0.938871 5.5954 -14.3574 -0.9105 5.50979 -14.3618 -0.75 5.50979 -14.3618 -0.75 5.50979 -14.3618 8.85 6.46972 -14.4025 -0.77636 6.49021 -14.3618 -0.75 6.46972 -14.4025 -0.77636 6.46972 -14.4025 -0.77636 6.46972 -14.4025 -0.77636 6.46972 -14.4025 -0.77636 6.45632 -14.3614 -0.858604 6.45632 -14.3614 -0.858604 6.4086 -14.3614 -0.906321 6.4086 -14.3614 -0.906321 6.4086 -14.3614 -0.906321 6.41756 -14.3 -0.911803 6.3 -14.3618 -0.940211 6.35033 -14.3479 -0.937551 6.3 -14.3618 -0.940211 6.35033 -14.3479 -0.937551 6.4086 -14.3614 -0.906321 6.4086 -14.3614 -0.906321 6.35033 -14.3479 -0.937551 5.7 -14.3618 -0.940211 6.3 -14.3618 -0.940211 6.3 -14.3618 -0.940211 -5.7 -14.3618 -0.940211 -5.67793 -14.362 -0.938871 -5.67793 -14.362 -0.938871 -5.50979 -14.3618 -0.75 -5.50979 -14.3618 -0.75 -5.51245 -14.3503 -0.79787 -5.5954 -14.3574 -0.9105 -5.5954 -14.3574 -0.9105 -5.58244 -14.3 -0.911803 -5.5954 -14.3574 -0.9105 -5.5954 -14.3574 -0.9105 -5.53028 -14.3264 -0.852463 -5.67793 -14.362 -0.938871 -5.5954 -14.3574 -0.9105 -5.51245 -14.3503 -0.79787 -5.51245 -14.3503 -0.79787 -5.53028 -14.3264 -0.852463 -5.50979 -14.3618 -0.75 -5.50979 -14.3618 8.85 -5.50979 -14.3618 8.85 -6.35033 -14.3479 -0.937551 -6.3 -14.3618 -0.940211 -6.3 -14.3618 -0.940211 -6.4086 -14.3614 -0.906321 -6.4086 -14.3614 -0.906321 -6.45632 -14.3614 -0.858604 -6.4086 -14.3614 -0.906321 -6.41756 -14.3 -0.911803 -6.41756 -14.3 -0.911803 -6.49021 -14.3618 -0.75 -6.46972 -14.4025 -0.77636 -6.46972 -14.4025 -0.77636 -6.4086 -14.3614 -0.906321 -6.35033 -14.3479 -0.937551 -6.46972 -14.4025 -0.77636 -6.48755 -14.3479 -0.800331 -6.45632 -14.3614 -0.858604 -6.45632 -14.3614 -0.858604 -6.48755 -14.3479 -0.800331 -6.46972 -14.4025 -0.77636 -6.49021 -14.3618 -0.75 -6.49021 -14.3618 -0.75 -6.49021 -14.3618 8.85 -6.41756 -14.3 -0.911803 -6.41756 -14.3 -0.911803 -6.41756 0 -0.911803 5.69599 3.1314 -0.75 5.68742 3.12668 -0.811803 5.68742 3.12668 -0.811803 -5.69599 3.1314 -0.75 -5.69599 3.1314 -0.75 -5.68742 3.12668 -0.811803 -6.36695 0.804333 -0.911803 -6.36695 0.804333 -0.911803 -6.41756 0 -0.911803 5.68742 3.12668 -0.811803 5.66252 3.113 -0.867557 5.66252 3.113 -0.867557 -5.68742 3.12668 -0.811803 -5.68742 3.12668 -0.811803 -5.66252 3.113 -0.867557 6.41756 0 -0.911803 6.41756 0 -0.911803 6.36695 0.804333 -0.911803 6.36695 0.804333 -0.911803 6.36695 0.804333 -0.911803 6.21594 1.59598 -0.911803 6.21594 1.59598 -0.911803 5.96689 2.36246 -0.911803 5.96689 2.36246 -0.911803 5.96689 2.36246 -0.911803 5.62375 3.09168 -0.911803 5.62375 3.09168 -0.911803 5.62375 3.09168 -0.911803 5.19191 3.77215 -0.911803 5.66252 3.113 -0.867557 5.19191 3.77215 -0.911803 5.19191 3.77215 -0.911803 -5.19191 3.77215 -0.911803 -5.19191 3.77215 -0.911803 -5.19191 3.77215 -0.911803 -5.62375 3.09168 -0.911803 -5.62375 3.09168 -0.911803 -5.66252 3.113 -0.867557 -5.62375 3.09168 -0.911803 -5.96689 2.36246 -0.911803 -5.96689 2.36246 -0.911803 -5.96689 2.36246 -0.911803 -6.21594 1.59598 -0.911803 -6.21594 1.59598 -0.911803 -6.21594 1.59598 -0.911803 -6.21594 1.59598 -0.911803 -6.36695 0.804333 -0.911803 5.19191 3.77215 -0.911803 5.14681 3.73937 -0.940211 5.14681 3.73937 -0.940211 4.63756 4.35495 -0.940211 4.63756 4.35495 -0.940211 4.63756 4.35495 -0.940211 4.05517 4.90185 -0.940211 4.05517 4.90185 -0.940211 4.05517 4.90185 -0.940211 3.40882 5.37145 -0.940211 3.40882 5.37145 -0.940211 3.40882 5.37145 -0.940211 2.70872 5.75633 -0.940211 2.70872 5.75633 -0.940211 2.70872 5.75633 -0.940211 1.96591 6.05043 -0.940211 1.96591 6.05043 -0.940211 1.96591 6.05043 -0.940211 1.19208 6.24912 -0.940211 1.19208 6.24912 -0.940211 1.19208 6.24912 -0.940211 0.399461 6.34925 -0.940211 0.399461 6.34925 -0.940211 0.399461 6.34925 -0.940211 -0.399461 6.34925 -0.940211 -0.399461 6.34925 -0.940211 -0.399461 6.34925 -0.940211 -1.19208 6.24912 -0.940211 -1.19208 6.24912 -0.940211 -1.19208 6.24912 -0.940211 -1.96591 6.05043 -0.940211 -1.96591 6.05043 -0.940211 -1.96591 6.05043 -0.940211 -2.70872 5.75633 -0.940211 -2.70872 5.75633 -0.940211 -2.70872 5.75633 -0.940211 -3.40882 5.37145 -0.940211 -3.40882 5.37145 -0.940211 -3.40882 5.37145 -0.940211 -4.05517 4.90185 -0.940211 -4.05517 4.90185 -0.940211 -4.05517 4.90185 -0.940211 -4.63756 4.35495 -0.940211 -4.63756 4.35495 -0.940211 -5.19191 3.77215 -0.911803 6.41756 0 -0.911803 6.41756 0 -0.911803 6.41756 -14.3 -0.911803 -6.3 -14.3618 -0.940211 -5.7 -14.3618 -0.940211 -5.7 -14.3618 -0.940211 -5.58244 -14.3 -0.911803 -5.62346 -11.0487 -0.934776 -5.58244 -14.3 -0.911803 5.69599 3.1314 1.2 5.69599 3.1314 -0.75 5.69599 3.1314 -0.75 -5.69599 3.1314 1.2 -5.69599 3.1314 1.2 -5.69599 3.1314 -0.75 -0.3054 2.61116 -0.75 -0.399369 2.64536 -0.85 -0.399369 2.64536 -0.85 0.3054 2.61116 -0.75 0.3054 2.61116 -0.75 0.399369 2.64536 -0.85 0.3054 2.38884 -0.75 0.399369 2.35464 -0.85 0.399369 2.35464 -0.85 -0.3054 2.38884 -0.75 -0.3054 2.38884 -0.75 -0.399369 2.35464 -0.85 -0.3054 2.38884 -0.75 -0.3054 2.38884 2.05 -0.3054 2.38884 2.05 0.3054 2.38884 -0.75 0.3054 2.38884 -0.75 0.3054 2.38884 2.05 0.3054 2.61116 -0.75 0.3054 2.61116 2.05 0.3054 2.61116 2.05 -0.3054 2.61116 -0.75 -0.3054 2.61116 -0.75 -0.3054 2.61116 2.05 0.3054 2.61116 2.05 0.399369 2.64536 2.15 0.399369 2.64536 2.15 -0.3054 2.61116 2.05 -0.3054 2.61116 2.05 -0.399369 2.64536 2.15 -0.3054 2.38884 2.05 -0.399369 2.35464 2.15 -0.399369 2.35464 2.15 0.3054 2.38884 2.05 0.3054 2.38884 2.05 0.399369 2.35464 2.15 6 -13.4059 6.89158 6.5 -13.4059 6.89158 6.5 -13.4059 6.89158 6 -13.4059 7.40842 6 -13.4059 7.40842 6.5 -13.4059 7.40842 6 -13.5941 7.40842 6.5 -13.5941 7.40842 6.5 -13.5941 7.40842 6 -13.5941 6.89158 6 -13.5941 6.89158 6.5 -13.5941 6.89158 5.5 -13.4487 7.00905 6 -13.4487 7.00905 6 -13.4487 7.00905 5.5 -13.4487 7.29095 5.5 -13.4487 7.29095 6 -13.4487 7.29095 5.5 -13.5513 7.29095 6 -13.5513 7.29095 6 -13.5513 7.29095 5.5 -13.5513 7.00905 5.5 -13.5513 7.00905 6 -13.5513 7.00905 6 -13.4059 1.89158 6.5 -13.4059 1.89158 6.5 -13.4059 1.89158 6 -13.4059 2.40842 6 -13.4059 2.40842 6.5 -13.4059 2.40842 6 -13.5941 2.40842 6.5 -13.5941 2.40842 6.5 -13.5941 2.40842 6 -13.5941 1.89158 6 -13.5941 1.89158 6.5 -13.5941 1.89158 5.5 -13.4487 2.00905 6 -13.4487 2.00905 6 -13.4487 2.00905 5.5 -13.4487 2.29095 5.5 -13.4487 2.29095 6 -13.4487 2.29095 5.5 -13.5513 2.29095 6 -13.5513 2.29095 6 -13.5513 2.29095 5.5 -13.5513 2.00905 5.5 -13.5513 2.00905 6 -13.5513 2.00905 -6 -13.5941 1.89158 -6.5 -13.5941 1.89158 -6.5 -13.5941 1.89158 -6 -13.5941 2.40842 -6 -13.5941 2.40842 -6.5 -13.5941 2.40842 -6 -13.4059 2.40842 -6.5 -13.4059 2.40842 -6.5 -13.4059 2.40842 -6 -13.4059 1.89158 -6 -13.4059 1.89158 -6.5 -13.4059 1.89158 -6 -13.5941 6.89158 -6.5 -13.5941 6.89158 -6.5 -13.5941 6.89158 -6 -13.5941 7.40842 -6 -13.5941 7.40842 -6.5 -13.5941 7.40842 -6 -13.4059 7.40842 -6.5 -13.4059 7.40842 -6.5 -13.4059 7.40842 -6 -13.4059 6.89158 -6 -13.4059 6.89158 -6.5 -13.4059 6.89158 -5.5 -13.5513 2.00905 -6 -13.5513 2.00905 -6 -13.5513 2.00905 -5.5 -13.5513 2.29095 -5.5 -13.5513 2.29095 -6 -13.5513 2.29095 -5.5 -13.4487 2.29095 -6 -13.4487 2.29095 -6 -13.4487 2.29095 -5.5 -13.4487 2.00905 -5.5 -13.4487 2.00905 -6 -13.4487 2.00905 -5.5 -13.5513 7.00905 -6 -13.5513 7.00905 -6 -13.5513 7.00905 -5.5 -13.5513 7.29095 -5.5 -13.5513 7.29095 -6 -13.5513 7.29095 -5.5 -13.4487 7.29095 -6 -13.4487 7.29095 -6 -13.4487 7.29095 -5.5 -13.4487 7.00905 -5.5 -13.4487 7.00905 -6 -13.4487 7.00905 6.49021 -10.1382 7.4 6.49021 -10.1382 7.4 6.49021 -10.1382 8.85 6.49021 -10.1382 7.4 6.49021 -10.0934 6.66012 6.49021 -10.1382 7.4 6.3 -6.2961 1.85672 6.3 -6.2961 1.85672 6.3618 -6.1311 1.78075 6.41756 -4 1.3618 6.41756 -4.72782 1.40583 6.41756 -4 1.3618 6.41756 -5.44503 1.53726 6.3618 -5.43824 1.56484 6.3618 -5.43824 1.56484 6.3618 -6.1311 1.78075 6.41756 -6.14117 1.75419 6.3618 -6.1311 1.78075 6.3618 -6.1311 1.78075 6.41756 -4.72782 1.40583 6.41756 -4.72782 1.40583 6.41756 -5.44503 1.53726 6.41756 -5.44503 1.53726 6.4618 -6.15686 1.71282 6.41756 -6.14117 1.75419 6.4618 -6.15686 1.71282 6.4618 -6.82665 2.01426 6.4618 -6.82665 2.01426 6.4618 -6.82665 2.01426 6.4618 -7.45522 2.39425 6.4618 -7.45522 2.39425 6.4618 -7.45522 2.39425 6.4618 -8.03341 2.84723 6.4618 -8.03341 2.84723 6.4618 -8.03341 2.84723 6.4618 -8.55277 3.36659 6.4618 -8.55277 3.36659 6.4618 -8.55277 3.36659 6.4618 -9.00575 3.94478 6.4618 -9.00575 3.94478 6.4618 -9.00575 3.94478 6.49021 -9.73931 5.22337 6.49021 -9.4351 4.54744 6.49021 -9.4351 4.54744 6.4618 -9.00575 3.94478 6.49021 -9.95983 5.93103 6.49021 -9.73931 5.22337 6.49021 -9.73931 5.22337 6.49021 -10.0934 6.66012 6.49021 -9.95983 5.93103 6.49021 -9.95983 5.93103 6.49021 -10.0934 6.66012 6.41756 -4 1.3618 6.41756 -4 1.3618 6.41756 0 1.3618 -5.69599 3.1314 1.2 -5.68742 3.12668 1.2618 -5.68742 3.12668 1.2618 5.69599 3.1314 1.2 5.69599 3.1314 1.2 5.68742 3.12668 1.2618 6.36695 0.804333 1.3618 6.36695 0.804333 1.3618 6.41756 0 1.3618 -5.68742 3.12668 1.2618 -5.66252 3.113 1.31756 -5.66252 3.113 1.31756 5.68742 3.12668 1.2618 5.68742 3.12668 1.2618 5.66252 3.113 1.31756 -6.41756 0 1.3618 -6.41756 0 1.3618 -6.36695 0.804333 1.3618 -6.36695 0.804333 1.3618 -6.36695 0.804333 1.3618 -6.21594 1.59598 1.3618 -6.21594 1.59598 1.3618 -5.96689 2.36246 1.3618 -5.96689 2.36246 1.3618 -5.96689 2.36246 1.3618 -5.62375 3.09168 1.3618 -5.62375 3.09168 1.3618 -5.62375 3.09168 1.3618 -5.19191 3.77215 1.3618 -5.66252 3.113 1.31756 -5.19191 3.77215 1.3618 -5.19191 3.77215 1.3618 5.19191 3.77215 1.3618 5.19191 3.77215 1.3618 5.19191 3.77215 1.3618 5.62375 3.09168 1.3618 5.62375 3.09168 1.3618 5.66252 3.113 1.31756 5.62375 3.09168 1.3618 5.96689 2.36246 1.3618 5.96689 2.36246 1.3618 5.96689 2.36246 1.3618 6.21594 1.59598 1.3618 6.21594 1.59598 1.3618 6.21594 1.59598 1.3618 6.21594 1.59598 1.3618 6.36695 0.804333 1.3618 -5.19191 3.77215 1.3618 -5.14681 3.73937 1.39021 -5.14681 3.73937 1.39021 -4.63756 4.35495 1.39021 -4.63756 4.35495 1.39021 -4.63756 4.35495 1.39021 -4.05517 4.90185 1.39021 -4.05517 4.90185 1.39021 -4.05517 4.90185 1.39021 -3.40882 5.37145 1.39021 -3.40882 5.37145 1.39021 -3.40882 5.37145 1.39021 -2.70872 5.75633 1.39021 -2.70872 5.75633 1.39021 -2.70872 5.75633 1.39021 -1.96591 6.05043 1.39021 -1.96591 6.05043 1.39021 -1.96591 6.05043 1.39021 -1.19208 6.24912 1.39021 -1.19208 6.24912 1.39021 -1.19208 6.24912 1.39021 -0.399461 6.34925 1.39021 -0.399461 6.34925 1.39021 -0.399461 6.34925 1.39021 0.399461 6.34925 1.39021 0.399461 6.34925 1.39021 0.399461 6.34925 1.39021 1.19208 6.24912 1.39021 1.19208 6.24912 1.39021 1.19208 6.24912 1.39021 1.96591 6.05043 1.39021 1.96591 6.05043 1.39021 1.96591 6.05043 1.39021 2.70872 5.75633 1.39021 2.70872 5.75633 1.39021 2.70872 5.75633 1.39021 3.40882 5.37145 1.39021 3.40882 5.37145 1.39021 3.40882 5.37145 1.39021 4.05517 4.90185 1.39021 4.05517 4.90185 1.39021 4.05517 4.90185 1.39021 4.63756 4.35495 1.39021 4.63756 4.35495 1.39021 5.19191 3.77215 1.3618 -6.41756 0 1.3618 -6.41756 0 1.3618 -6.41756 -4 1.3618 -6.41756 -4.72782 1.40583 -6.41756 -4.72782 1.40583 -6.41756 -4 1.3618 -6.3 -6.2961 1.85672 -6.3618 -6.1311 1.78075 -6.3 -6.2961 1.85672 -6.49021 -10.0934 6.66012 -6.49021 -10.0934 6.66012 -6.49021 -10.1382 7.4 -6.41756 -6.14117 1.75419 -6.41756 -6.14117 1.75419 -6.3618 -6.1311 1.78075 -6.3618 -6.1311 1.78075 -6.41756 -5.44503 1.53726 -6.49021 -9.95983 5.93103 -6.49021 -10.0934 6.66012 -6.4618 -9.00575 3.94478 -6.4618 -9.00575 3.94478 -6.4618 -9.00575 3.94478 -6.4618 -8.55277 3.36659 -6.4618 -8.55277 3.36659 -6.4618 -8.55277 3.36659 -6.4618 -8.03341 2.84723 -6.4618 -8.03341 2.84723 -6.4618 -8.03341 2.84723 -6.4618 -7.45522 2.39425 -6.4618 -7.45522 2.39425 -6.4618 -7.45522 2.39425 -6.4618 -6.82665 2.01426 -6.4618 -6.82665 2.01426 -6.41756 -6.14117 1.75419 -6.41756 -5.44503 1.53726 -6.41756 -5.44503 1.53726 -6.41756 -5.44503 1.53726 -6.41756 -5.44503 1.53726 -6.41756 -4.72782 1.40583 -6.49021 -9.73931 5.22337 -6.49021 -9.95983 5.93103 -6.49021 -9.95983 5.93103 -6.49021 -9.4351 4.54744 -6.49021 -9.73931 5.22337 -6.49021 -9.73931 5.22337 -6.49021 -9.05164 3.91311 -6.49021 -9.4351 4.54744 -6.49021 -9.4351 4.54744 -6.4618 -9.00575 3.94478 -6.49021 -9.05164 3.91311 -6.49021 -10.1382 7.4 -6.49021 -10.1382 8.85 -6.49021 -10.1382 8.85 6.3 -6.2961 1.85672 -6.3 -6.2961 1.85672 -6.3 -6.2961 1.85672 -3.78211 -2.24848 1.5 -3.78211 -2.24848 1.5 -3.94364 -2.16741 1.4 -3.8732 2.29092 1.4 -3.78211 2.24848 1.5 -3.78211 2.24848 1.5 3.8732 2.29092 1.4 3.8732 2.29092 1.4 3.94313 1.95237 1.5 3.94364 -2.16741 1.4 3.94313 -1.95237 1.5 3.94364 -2.16741 1.4 -2.74704 1.64128 -0.85 -2.74704 1.64128 -0.95 -2.74704 1.64128 -0.95 2.8831 1.38843 -0.85 2.8831 1.38843 -0.85 2.8831 1.38843 -0.95 2.8831 -1.38843 -0.85 2.8831 -1.38843 -0.95 2.8831 -1.38843 -0.95 -2.74704 -1.64128 -0.85 -2.74704 -1.64128 -0.85 -2.74704 -1.64128 -0.95 -2.21882 -1.93194 2.13 -2.23761 -1.93878 2.15 -2.23761 -1.93878 2.15 -1.31671 -1.93194 2.13 -1.31671 -1.93194 2.13 -1.29792 -1.93878 2.15 -1.31671 -1.6036 2.13 -1.29792 -1.59676 2.15 -1.29792 -1.59676 2.15 -2.21882 -1.6036 2.13 -2.21882 -1.6036 2.13 -2.23761 -1.59676 2.15 -2.21882 -1.93194 2.11 -2.21882 -1.93194 2.13 -2.21882 -1.93194 2.13 -1.31671 -1.93194 2.11 -1.31671 -1.93194 2.11 -1.31671 -1.93194 2.13 -1.31671 -1.6036 2.11 -1.31671 -1.6036 2.13 -1.31671 -1.6036 2.13 -2.21882 -1.6036 2.11 -2.21882 -1.6036 2.11 -2.21882 -1.6036 2.13 1.31671 -1.93194 2.13 1.29792 -1.93878 2.15 1.29792 -1.93878 2.15 2.21882 -1.93194 2.13 2.21882 -1.93194 2.13 2.23761 -1.93878 2.15 2.21882 -1.6036 2.13 2.23761 -1.59676 2.15 2.23761 -1.59676 2.15 1.31671 -1.6036 2.13 1.31671 -1.6036 2.13 1.29792 -1.59676 2.15 1.31671 -1.93194 2.11 1.31671 -1.93194 2.13 1.31671 -1.93194 2.13 2.21882 -1.93194 2.11 2.21882 -1.93194 2.11 2.21882 -1.93194 2.13 2.21882 -1.6036 2.11 2.21882 -1.6036 2.13 2.21882 -1.6036 2.13 1.31671 -1.6036 2.11 1.31671 -1.6036 2.11 1.31671 -1.6036 2.13 1.31671 1.6036 2.13 1.29792 1.59676 2.15 1.29792 1.59676 2.15 2.21882 1.6036 2.13 2.21882 1.6036 2.13 2.23761 1.59676 2.15 2.21882 1.93194 2.13 2.23761 1.93878 2.15 2.23761 1.93878 2.15 1.31671 1.93194 2.13 1.31671 1.93194 2.13 1.29792 1.93878 2.15 1.31671 1.6036 2.11 1.31671 1.6036 2.13 1.31671 1.6036 2.13 2.21882 1.6036 2.11 2.21882 1.6036 2.11 2.21882 1.6036 2.13 2.21882 1.93194 2.11 2.21882 1.93194 2.13 2.21882 1.93194 2.13 1.31671 1.93194 2.11 1.31671 1.93194 2.11 1.31671 1.93194 2.13 -2.21882 1.6036 2.13 -2.23761 1.59676 2.15 -2.23761 1.59676 2.15 -1.31671 1.6036 2.13 -1.31671 1.6036 2.13 -1.29792 1.59676 2.15 -1.31671 1.93194 2.13 -1.29792 1.93878 2.15 -1.29792 1.93878 2.15 -2.21882 1.93194 2.13 -2.21882 1.93194 2.13 -2.23761 1.93878 2.15 -2.21882 1.6036 2.11 -2.21882 1.6036 2.13 -2.21882 1.6036 2.13 -1.31671 1.6036 2.11 -1.31671 1.6036 2.11 -1.31671 1.6036 2.13 -1.31671 1.93194 2.11 -1.31671 1.93194 2.13 -1.31671 1.93194 2.13 -2.21882 1.93194 2.11 -2.21882 1.93194 2.11 -2.21882 1.93194 2.13 1.46237 -1.87892 -0.85 1.46237 -1.87892 2.11 1.46237 -1.87892 2.11 2.07317 -1.87892 -0.85 2.07317 -1.87892 -0.85 2.07317 -1.87892 2.11 2.07317 -1.65661 -0.85 2.07317 -1.65661 2.11 2.07317 -1.65661 2.11 1.46237 -1.65661 -0.85 1.46237 -1.65661 -0.85 1.46237 -1.65661 2.11 -2.07317 -1.87892 -0.85 -2.07317 -1.87892 2.11 -2.07317 -1.87892 2.11 -1.46237 -1.87892 -0.85 -1.46237 -1.87892 -0.85 -1.46237 -1.87892 2.11 -1.46237 -1.65661 -0.85 -1.46237 -1.65661 2.11 -1.46237 -1.65661 2.11 -2.07317 -1.65661 -0.85 -2.07317 -1.65661 -0.85 -2.07317 -1.65661 2.11 1.46237 1.65661 -0.85 1.46237 1.65661 2.11 1.46237 1.65661 2.11 2.07317 1.65661 -0.85 2.07317 1.65661 -0.85 2.07317 1.65661 2.11 2.07317 1.87892 -0.85 2.07317 1.87892 2.11 2.07317 1.87892 2.11 1.46237 1.87892 -0.85 1.46237 1.87892 -0.85 1.46237 1.87892 2.11 -2.07317 1.65661 -0.85 -2.07317 1.65661 2.11 -2.07317 1.65661 2.11 -1.46237 1.65661 -0.85 -1.46237 1.65661 -0.85 -1.46237 1.65661 2.11 -1.46237 1.87892 -0.85 -1.46237 1.87892 2.11 -1.46237 1.87892 2.11 -2.07317 1.87892 -0.85 -2.07317 1.87892 -0.85 -2.07317 1.87892 2.11 -1.48314 0.778411 2.15 -1.38018 0.758762 2.05 -1.38018 0.758762 2.05 1.48314 0.778411 2.15 1.48314 0.778411 2.15 1.4644 0.579796 2.05 1.48314 -0.778411 2.15 1.4644 -0.579796 2.05 1.48314 -0.778411 2.15 -1.38018 -0.758762 2.05 -1.38018 -0.758762 2.05 -1.48314 -0.778411 2.15 -1.38018 -0.758762 1.5 -1.38018 -0.758762 2.05 -1.38018 -0.758762 2.05 1.4644 -0.579796 1.5 1.4644 -0.579796 1.5 1.4644 -0.579796 2.05 1.4644 0.579796 1.5 1.4644 0.579796 2.05 1.4644 0.579796 2.05 -1.38018 0.758762 1.5 -1.38018 0.758762 1.5 -1.38018 0.758762 2.05 -2.59316 -1.60562 2.15 -2.70411 -1.61563 2.05 -2.59316 -1.60562 2.15 2.59316 -1.60562 2.15 2.59316 -1.60562 2.15 2.83805 -1.36673 2.05 2.59316 1.60562 2.15 2.83805 1.36673 2.05 2.59316 1.60562 2.15 -2.59316 1.60562 2.15 -2.59316 1.60562 2.15 -2.70411 1.61563 2.05 -2.70411 1.61563 1.5 -2.70411 1.61563 2.05 -2.70411 1.61563 2.05 2.83805 1.36673 1.5 2.83805 1.36673 1.5 2.83805 1.36673 2.05 2.83805 -1.36673 1.5 2.83805 -1.36673 2.05 2.83805 -1.36673 2.05 -2.70411 -1.61563 1.5 -2.70411 -1.61563 1.5 -2.70411 -1.61563 2.05 </float_array>
					<technique_common>
						<accessor count="4786" source="#geo_0-Position-array" stride="3">
							<param name="X" type="float"/>
							<param name="Y" type="float"/>
							<param name="Z" type="float"/>
						</accessor>
					</technique_common>
				</source>
				<source id="geo_0-Normals">
					<float_array count="14358" id="geo_0-Normals-array">0 0 1 0 -0.309017 0.951057 0.309017 0 0.951057 0.293893 -0.309017 0.904508 0.587785 0 0.809017 0.559017 -0.309017 0.769421 0.809017 0 0.587785 0.769421 -0.309017 0.559017 0.951057 0 0.309017 0.904508 -0.309017 0.293893 1 0 0 0.951057 -0.309017 0 0.769421 -0.587785 0.25 0.809017 -0.587785 0 0.559017 -0.809017 0.181636 0.587785 -0.809017 0 0.293893 -0.951057 0.0954915 0.309017 -0.951057 0 0 -1 0 0 -1 0 0 -0.587785 0.809017 0.25 -0.587785 0.769421 0.475528 -0.587785 0.654508 0.654508 -0.587785 0.475528 0 -0.809017 0.587785 0.181636 -0.809017 0.559017 0.345491 -0.809017 0.475528 0.475528 -0.809017 0.345491 0 -0.951057 0.309017 0.0954915 -0.951057 0.293893 0.181636 -0.951057 0.25 0.25 -0.951057 0.181636 0 -1 0 0 -1 0 0 -1 0 0 -1 0 0 -1 0 0 -0.951057 0.309017 0 -1 0 -0.0954915 -0.951057 0.293893 0 -1 0 -0.181636 -0.951057 0.25 0 -1 0 -0.25 -0.951057 0.181636 0 -1 0 -0.293893 -0.951057 0.0954915 0 -1 0 -0.309017 -0.951057 0 -0.559017 -0.809017 0.181636 -0.587785 -0.809017 0 -0.769421 -0.587785 0.25 -0.809017 -0.587785 0 -0.904508 -0.309017 0.293893 -0.951057 -0.309017 0 -0.951057 0 0.309017 -1 0 0 0 -0.809017 0.587785 -0.181636 -0.809017 0.559017 -0.345491 -0.809017 0.475528 -0.475528 -0.809017 0.345491 0 -0.587785 0.809017 -0.25 -0.587785 0.769421 -0.475528 -0.587785 0.654508 -0.654508 -0.587785 0.475528 0 -0.309017 0.951057 -0.293893 -0.309017 0.904508 -0.559017 -0.309017 0.769421 -0.769421 -0.309017 0.559017 0 0 1 -0.309017 0 0.951057 -0.587785 0 0.809017 -0.809017 0 0.587785 0 0 1 0 0 1 -0.309017 0 0.951057 -0.309017 0 0.951057 -0.587785 0 0.809017 -0.587785 0 0.809017 -0.809017 0 0.587785 -0.809017 0 0.587785 -0.951057 0 0.309017 -0.951057 0 0.309017 -1 0 0 -1 0 0 0 0 1 0 -0.309017 0.951057 0 0 1 -0.0954915 -0.293893 0.951057 0 0 1 -0.181636 -0.25 0.951057 0 0 1 -0.25 -0.181636 0.951057 0 0 1 -0.293893 -0.0954915 0.951057 0 0 1 -0.309017 0 0.951057 -0.559017 -0.181636 0.809017 -0.587785 0 0.809017 -0.769421 -0.25 0.587785 -0.809017 0 0.587785 -0.904508 -0.293893 0.309017 -0.951057 0 0.309017 -0.951057 -0.309017 0 -1 0 0 0 -0.587785 0.809017 -0.181636 -0.559017 0.809017 -0.345491 -0.475528 0.809017 -0.475528 -0.345491 0.809017 0 -0.809017 0.587785 -0.25 -0.769421 0.587785 -0.475528 -0.654508 0.587785 -0.654508 -0.475528 0.587785 0 -0.951057 0.309017 -0.293893 -0.904508 0.309017 -0.559017 -0.769421 0.309017 -0.769421 -0.559017 0.309017 0 -1 0 -0.309017 -0.951057 0 -0.587785 -0.809017 0 -0.809017 -0.587785 0 0 0 1 0 0 1 0 -0.309017 0.951057 0 -0.309017 0.951057 0 -0.587785 0.809017 0 -0.587785 0.809017 0 -0.809017 0.587785 0 -0.809017 0.587785 0 -0.951057 0.309017 0 -0.951057 0.309017 0 -1 0 0 -1 0 0 0 1 0.309017 0 0.951057 0 0 1 0.293893 -0.0954915 0.951057 0 0 1 0.25 -0.181636 0.951057 0 0 1 0.181636 -0.25 0.951057 0 0 1 0.0954915 -0.293893 0.951057 0 0 1 0 -0.309017 0.951057 0.181636 -0.559017 0.809017 0 -0.587785 0.809017 0.25 -0.769421 0.587785 0 -0.809017 0.587785 0.293893 -0.904508 0.309017 0 -0.951057 0.309017 0.309017 -0.951057 0 0 -1 0 0.587785 0 0.809017 0.559017 -0.181636 0.809017 0.475528 -0.345491 0.809017 0.345491 -0.475528 0.809017 0.809017 0 0.587785 0.769421 -0.25 0.587785 0.654508 -0.475528 0.587785 0.475528 -0.654508 0.587785 0.951057 0 0.309017 0.904508 -0.293893 0.309017 0.769421 -0.559017 0.309017 0.559017 -0.769421 0.309017 1 0 0 0.951057 -0.309017 0 0.809017 -0.587785 0 0.587785 -0.809017 0 0 0 1 0 0 1 0.309017 0 0.951057 0.309017 0 0.951057 0.587785 0 0.809017 0.587785 0 0.809017 0.809017 0 0.587785 0.809017 0 0.587785 0.951057 0 0.309017 0.951057 0 0.309017 1 0 0 1 0 0 0 -1 0 0 -1 0 0 -0.951057 0.309017 0 -0.951057 0.309017 0 -0.809017 0.587785 0 -0.809017 0.587785 0 -0.587785 0.809017 0 -0.587785 0.809017 0 -0.309017 0.951057 0 -0.309017 0.951057 0 0 1 0 0 1 0 0 1 0 0 1 0 0 1 0 0 1 0 0 1 0 0 1 0 0 1 0 0 1 0 0 1 0 0 1 0 0 1 0 0 1 0 0 1 0 0 1 0 0 1 0 0 1 0 0 1 0 0 1 0 0 1 0 0 1 0 -0.309017 0.951057 0 -0.309017 0.951057 0 -0.587785 0.809017 0 -0.587785 0.809017 0 -0.809017 0.587785 0 -0.809017 0.587785 0 -0.951057 0.309017 0 -0.951057 0.309017 0 -1 0 0 -1 0 0 -1 0 0 -1 0 0 -1 0 0 -1 0 0 -1 0 0 -1 0 0 -1 0 0 -1 0 0 -1 0 0 -1 0 0 -1 0 0 -1 0 0 -1 0 0 -1 0 0 0 1 0 -0.309017 0.951057 0.309017 0 0.951057 0.293893 -0.309017 0.904508 0.587785 0 0.809017 0.559017 -0.309017 0.769421 0.809017 0 0.587785 0.769421 -0.309017 0.559017 0.951057 0 0.309017 0.904508 -0.309017 0.293893 1 0 0 0.951057 -0.309017 0 0.769421 -0.587785 0.25 0.809017 -0.587785 0 0.559017 -0.809017 0.181636 0.587785 -0.809017 0 0.293893 -0.951057 0.0954915 0.309017 -0.951057 0 0 -1 0 0 -1 0 0 -0.587785 0.809017 0.25 -0.587785 0.769421 0.475528 -0.587785 0.654508 0.654508 -0.587785 0.475528 0 -0.809017 0.587785 0.181636 -0.809017 0.559017 0.345491 -0.809017 0.475528 0.475528 -0.809017 0.345491 0 -0.951057 0.309017 0.0954915 -0.951057 0.293893 0.181636 -0.951057 0.25 0.25 -0.951057 0.181636 0 -1 0 0 -1 0 0 -1 0 0 -1 0 0.950843 0.00643282 0.309606 1 0 0 0.929128 0.308564 0.203741 0.949498 0.313774 0 0.823061 0.522092 0.223583 0.812313 0.583221 0 0.665635 0.71006 0.229663 0.587729 0.809058 0 0.488936 0.843611 0.221953 0.308739 0.951147 0 0.256656 0.945994 0.198046 0 1 0 0.00650091 0.950841 0.309612 0.00205887 0.808741 0.588161 0.216411 0.837414 0.501901 0.239795 0.896353 0.372895 0.454832 0.790925 0.409348 0.619595 0.662414 0.421081 0.770765 0.485968 0.412016 0.878384 0.287534 0.381793 0.172576 0.718227 0.674068 0.00297599 0.585469 0.81069 0.133702 0.578085 0.804948 0.0919881 0.429335 0.898448 0.184574 0.351818 0.917691 0.107501 0.218793 0.969831 0.156345 0.171951 0.97262 0.25918 0.282002 0.923743 0.210607 0.116452 0.97061 0.339977 0.198164 0.919319 0.262607 0.0592524 0.963082 1.28348e-05 1.53362e-06 1 0.314607 -0.0149331 0.949104 -0.0167427 0.315142 0.948897 0.0467706 0.273011 0.960873 4.1192e-06 1.02645e-05 1 6.742e-06 7.64195e-06 1 0.414534 0.111321 0.9032 0.584858 0.00573246 0.811115 0.55942 0.159929 0.81331 0.808633 0.00297752 0.588305 0.698331 0.20752 0.685032 0.818568 0.259772 0.512313 0.710673 0.442672 0.546795 0.566496 0.607447 0.556858 0.41379 0.730347 0.543481 8.96621e-07 1.34628e-05 1 9.77252e-06 4.60872e-06 1 0.335077 0.611145 0.717095 0.464071 0.500402 0.730915 0.258058 0.480595 0.838114 0.592854 0.359132 0.720797 0.358843 0.38857 0.848673 0.465125 0.276484 0.840961 -0.00643282 0.950843 0.309606 0 1 0 -0.308564 0.929128 0.203741 -0.313774 0.949498 0 -0.522092 0.823061 0.223583 -0.583221 0.812313 0 -0.71006 0.665635 0.229663 -0.809058 0.587729 0 -0.843611 0.488936 0.221953 -0.951147 0.308739 0 -0.945994 0.256656 0.198046 -1 0 0 -0.950841 0.00650091 0.309612 -0.808741 0.00205887 0.588161 -0.837414 0.216411 0.501901 -0.896353 0.239795 0.372895 -0.790925 0.454832 0.409348 -0.662414 0.619595 0.421081 -0.485968 0.770765 0.412016 -0.287534 0.878384 0.381793 -0.718227 0.172576 0.674068 -0.585469 0.00297599 0.81069 -0.578085 0.133702 0.804948 -0.429335 0.0919881 0.898448 -0.351818 0.184574 0.917691 -0.218793 0.107501 0.969831 -0.171951 0.156345 0.97262 -0.282002 0.25918 0.923743 -0.116452 0.210607 0.97061 -0.198164 0.339977 0.919319 -0.0592524 0.262607 0.963082 -1.53362e-06 1.28348e-05 1 0.0149331 0.314607 0.949104 -0.315142 -0.0167427 0.948897 -0.273011 0.0467706 0.960873 -1.02645e-05 4.1192e-06 1 -7.64195e-06 6.742e-06 1 -0.111321 0.414534 0.9032 -0.00573246 0.584858 0.811115 -0.159929 0.55942 0.81331 -0.00297752 0.808633 0.588305 -0.20752 0.698331 0.685032 -0.259772 0.818568 0.512313 -0.442672 0.710673 0.546795 -0.607447 0.566496 0.556858 -0.730347 0.41379 0.543481 -1.34628e-05 8.96621e-07 1 -4.60872e-06 9.77252e-06 1 -0.611145 0.335077 0.717095 -0.500402 0.464071 0.730915 -0.480595 0.258058 0.838114 -0.359132 0.592854 0.720797 -0.38857 0.358843 0.848673 -0.276484 0.465125 0.840961 0 -1 0 0 -0.951057 0.309017 0 -1 0 -0.0954915 -0.951057 0.293893 0 -1 0 -0.181636 -0.951057 0.25 0 -1 0 -0.25 -0.951057 0.181636 0 -1 0 -0.293893 -0.951057 0.0954915 0 -1 0 -0.309017 -0.951057 0 -0.559017 -0.809017 0.181636 -0.587785 -0.809017 0 -0.769421 -0.587785 0.25 -0.809017 -0.587785 0 -0.904508 -0.309017 0.293893 -0.951057 -0.309017 0 -0.951057 0 0.309017 -1 0 0 0 -0.809017 0.587785 -0.181636 -0.809017 0.559017 -0.345491 -0.809017 0.475528 -0.475528 -0.809017 0.345491 0 -0.587785 0.809017 -0.25 -0.587785 0.769421 -0.475528 -0.587785 0.654508 -0.654508 -0.587785 0.475528 0 -0.309017 0.951057 -0.293893 -0.309017 0.904508 -0.559017 -0.309017 0.769421 -0.769421 -0.309017 0.559017 0 0 1 -0.309017 0 0.951057 -0.587785 0 0.809017 -0.809017 0 0.587785 0 0 1 0 0 1 -0.309017 0 0.951057 -0.309017 0 0.951057 -0.587785 0 0.809017 -0.587785 0 0.809017 -0.809017 0 0.587785 -0.809017 0 0.587785 -0.951057 0 0.309017 -0.951057 0 0.309017 -1 0 0 -1 0 0 0 0 1 0 0 1 0 0.309017 0.951057 0 0.309017 0.951057 0 0.587785 0.809017 0 0.587785 0.809017 0 0.809017 0.587785 0 0.809017 0.587785 0 0.951057 0.309017 0 0.951057 0.309017 0 1 0 0 1 0 1 0 0 0.951057 0 0.309017 1 0 0 0.951057 0 0.309017 0.809017 0 0.587785 0.809017 0 0.587785 0.587785 0 0.809017 0.587785 0 0.809017 0.309017 0 0.951057 0.309017 0 0.951057 0 0 1 0 0 1 1 0 0 1 0 0 0.951057 -0.309017 0 0.951057 -0.309017 0 0.809017 -0.587785 0 0.809017 -0.587785 0 0.587785 -0.809017 0 0.587785 -0.809017 0 0.309017 -0.951057 0 0.309017 -0.951057 0 0 -1 0 0 -1 0 0.000497694 -0.995212 -0.0977359 0 -1 0 0.216855 -0.968631 -0.12136 0.310278 -0.950646 0 0.417975 -0.900409 -0.120669 0.586188 -0.810175 0 0.55948 -0.823037 -0.0979443 0.790742 -0.605986 -0.0866504 0.511764 -0.762864 -0.395142 0.730534 -0.554224 -0.398943 0.684698 -0.516806 -0.513906 0.476915 -0.715917 -0.509917 0.532375 -0.393167 -0.749665 0.361734 -0.559683 -0.74559 0.366236 -0.266338 -0.891591 0.244463 -0.386422 -0.889335 0.277639 -0.201202 -0.93938 0.18468 -0.293271 -0.938022 0.187695 -0.134665 -0.972952 0.123424 -0.198714 -0.972255 6.01831e-06 -9.77687e-06 -1 0.808937 -0.587896 0 0.937714 -0.325346 -0.121831 0.882256 -0.297277 -0.365035 0.834553 -0.276065 -0.476769 0.673713 -0.206875 -0.709446 0.475983 -0.138177 -0.868532 0.36448 -0.104773 -0.925298 0.250624 -0.0695454 -0.965583 9.22524e-06 -6.57148e-06 -1 0.951021 -0.309128 0 0.995211 -0.000534837 -0.0977475 0.980772 -0.000336109 -0.195154 1 0 0 0.956783 0.00027468 -0.290804 0.923702 -7.54887e-06 -0.383113 0.708336 0.00115596 -0.705874 0.379609 -0.00089701 -0.925147 1.61154e-05 1.81054e-07 -1 -0.000698258 -0.707593 -0.70662 0.0688778 -0.394147 -0.916463 0.00126359 -0.37859 -0.925564 0.0455482 -0.273177 -0.960885 -1.71734e-07 -1.60851e-05 -1 4.89382e-05 -0.923682 -0.383161 0.136341 -0.715412 -0.685272 0.0903226 -0.51195 -0.854253 0.179245 -0.442789 -0.878527 0.135554 -0.337767 -0.931417 -0.000335979 -0.9568 -0.290748 0.197303 -0.917038 -0.346574 0.182905 -0.871406 -0.45519 0.35518 -0.794001 -0.493366 0.26718 -0.632665 -0.726877 0.000249537 -0.980783 -0.195101 4.36288e-06 -1.14391e-05 -1 0.090186 -0.230859 -0.968798 2.11304e-06 -1.37228e-05 -1 0.382029 -0.842228 -0.380403 0 -1 0 0 -1 0 0.309017 -0.951057 0 0.309017 -0.951057 0 0.587785 -0.809017 0 0.587785 -0.809017 0 0.809017 -0.587785 0 0.809017 -0.587785 0 0.951057 -0.309017 0 0.951057 -0.309017 0 1 0 0 1 0 0 0 -1 0 0 -1 0 0 -1 0 0 -1 0 0 -1 0 0 -1 0 0 -0.995185 -0.0980171 0 -0.995185 -0.0980171 0 -0.980785 -0.19509 0 -0.980785 -0.19509 0 -0.95694 -0.290285 0 -0.95694 -0.290285 0 -0.92388 -0.382683 0 -0.92388 -0.382683 0 -0.707107 -0.707107 0 -0.707107 -0.707107 0 -0.382683 -0.92388 0 -0.382683 -0.92388 0 0 -1 0 0 -1 -0.995159 0.00021739 -0.0982764 -1 0 0 -0.971729 -0.217063 -0.0928787 -0.950646 -0.310278 0 -0.902202 -0.417651 -0.107699 -0.810175 -0.586188 0 -0.821989 -0.556954 -0.1189 -0.598423 -0.791718 -0.122768 -0.79004 -0.532289 -0.304147 -0.57221 -0.760331 -0.307363 -0.517935 -0.693811 -0.50037 -0.722295 -0.481468 -0.496465 -0.440741 -0.599888 -0.667744 -0.626585 -0.408834 -0.663511 -0.290826 -0.403997 -0.867298 -0.423781 -0.26918 -0.864842 -0.21303 -0.299749 -0.929929 -0.315262 -0.1968 -0.928375 -0.138918 -0.198292 -0.970249 -0.209093 -0.127998 -0.969483 -1.01889e-05 -6.14736e-06 -1 -0.587896 -0.808937 0 -0.315497 -0.943825 -0.0982688 -0.300156 -0.912627 -0.277523 -0.270256 -0.845149 -0.461179 0.000281048 -0.957103 -0.289747 -0.000172372 -0.923879 -0.382684 -0.309128 -0.951021 0 0.000126721 -0.995156 -0.0983053 0.000604407 -0.980855 -0.19474 0 -1 0 -0.227133 -0.749776 -0.621487 0.000660262 -0.708729 -0.70548 -0.147816 -0.523653 -0.83901 0.00111478 -0.385014 -0.92291 -0.107093 -0.396364 -0.911826 -0.0684716 -0.267228 -0.961198 -6.68491e-06 -9.65183e-06 -1 3.45403e-07 -1.67101e-05 -1 -0.708067 0.000251564 -0.706145 -0.4258 -0.0721931 -0.901933 -0.3839 0.00071298 -0.923374 -0.289069 -0.0455494 -0.956224 -1.66908e-05 3.3947e-07 -1 -0.92381 -0.000317248 -0.382851 -0.786651 -0.154404 -0.597778 -0.558172 -0.100064 -0.82367 -0.484488 -0.197735 -0.852157 -0.364052 -0.143748 -0.920219 -0.87814 -0.184907 -0.441225 -0.957123 0.00035573 -0.28968 -0.942267 -0.205729 -0.264213 -0.980877 0.000787222 -0.194626 -1.19514e-05 -4.3856e-06 -1 -0.243747 -0.0926111 -0.965407 -1.4316e-05 -2.02524e-06 -1 -0.869683 -0.397851 -0.292176 -0.800771 -0.358746 -0.479654 -0.703541 -0.302611 -0.643006 -1 0 0 -1 0 0 -0.951057 -0.309017 0 -0.951057 -0.309017 0 -0.809017 -0.587785 0 -0.809017 -0.587785 0 -0.587785 -0.809017 0 -0.587785 -0.809017 0 -0.309017 -0.951057 0 -0.309017 -0.951057 0 0 -1 0 0 -1 0 -1 0 0 -1 0 0 -1 0 0 -1 0 0 -1 0 0 -1 0 0 -1 0 0 -1 0 0 -1 0 0 -1 0 0 -1 0 0 -1 0 0 -1 0 0 -1 0 0 -1 0 0 -1 0 0 -1 0 0 -1 0 0 -1 0 0 -1 0 0 -1 0 0 -1 0 0 -1 0 0 -1 0 0 -1 0 0 -1 0 0 -1 0 0 -1 0 0 -1 0 0 -1 0 0 -1 0 0 -1 0 0 -1 0 0 -1 0 0 -1 0 0 -1 0 0 -1 0 0 -1 0 0 -1 0 0 -1 0 0 -1 0 0 -0.995185 0 -0.0980171 -1 0 0 -0.980785 0 -0.19509 -0.951057 0 -0.309017 -0.95694 0 -0.290285 -0.92388 0 -0.382683 -0.809017 0 -0.587785 -0.707107 0 -0.707107 -0.587785 0 -0.809017 -0.382683 0 -0.92388 -0.309017 0 -0.951057 0 0 -1 0 0 -1 0 -0.309017 -0.951057 -0.110334 -0.309873 -0.944354 0 0 -1 -0.309873 -0.110334 -0.944354 -0.309017 0 -0.951057 -0.587785 0 -0.809017 -0.522996 -0.287175 -0.8025 -0.848624 -0.131801 -0.512314 -0.685484 -0.436213 -0.582949 -0.781605 -0.543019 -0.30696 -0.543019 -0.781605 -0.30696 -0.809017 -0.587785 0 -0.587785 -0.809017 0 -0.309017 -0.951057 0 -0.251654 -0.937753 -0.239351 0 -1 0 0 -0.951057 -0.309017 -0.131801 -0.848624 -0.512314 0 -0.809017 -0.587785 -0.287175 -0.522996 -0.8025 0 -0.587785 -0.809017 -0.951057 -0.309017 0 -0.937753 -0.251654 -0.239351 -0.951057 0 -0.309017 -0.809017 0 -0.587785 -1 0 0 -0.436213 -0.685484 -0.582949 0 -1 0 0 -1 0 -0.309017 -0.951057 0 -0.309017 -0.951057 0 -0.587785 -0.809017 0 -0.587785 -0.809017 0 -0.809017 -0.587785 0 -0.809017 -0.587785 0 -0.951057 -0.309017 0 -0.951057 -0.309017 0 -1 0 0 -1 0 0 0.951057 0 -0.309017 1 0 0 0.937753 -0.239351 -0.251654 0.951057 -0.309017 0 0.848624 -0.512314 -0.131801 0.809017 -0.587785 0 0.587785 -0.809017 0 0.309017 -0.951057 0 0.309873 -0.944354 -0.110334 0.522996 -0.8025 -0.287175 0.685484 -0.582949 -0.436213 0.781605 -0.30696 -0.543019 0.543019 -0.30696 -0.781605 0.809017 0 -0.587785 0.587785 0 -0.809017 0.309017 0 -0.951057 0.251654 -0.239351 -0.937753 0 0 -1 0 -0.309017 -0.951057 0.131801 -0.512314 -0.848624 0 -0.587785 -0.809017 0.287175 -0.8025 -0.522996 0 -0.809017 -0.587785 0.110334 -0.944354 -0.309873 0 -0.951057 -0.309017 0 -1 0 0.436213 -0.582949 -0.685484 0 0 -1 0 0 -1 0 -0.309017 -0.951057 0 -0.309017 -0.951057 0 -0.587785 -0.809017 0 -0.587785 -0.809017 0 -0.809017 -0.587785 0 -0.809017 -0.587785 0 -0.951057 -0.309017 0 -0.951057 -0.309017 0 -1 0 0 -1 0 0.309017 0 -0.951057 0.309873 -0.110334 -0.944354 0 0 -1 0.110334 -0.309873 -0.944354 0 -0.309017 -0.951057 0 -0.587785 -0.809017 0.287175 -0.522996 -0.8025 0.131801 -0.848624 -0.512314 0.436213 -0.685484 -0.582949 0.543019 -0.781605 -0.30696 0.781605 -0.543019 -0.30696 0.587785 -0.809017 0 0.809017 -0.587785 0 0.951057 -0.309017 0 0.937753 -0.251654 -0.239351 1 0 0 0.951057 0 -0.309017 0.848624 -0.131801 -0.512314 0.809017 0 -0.587785 0.522996 -0.287175 -0.8025 0.587785 0 -0.809017 0.309017 -0.951057 0 0.251654 -0.937753 -0.239351 0 -0.951057 -0.309017 0 -0.809017 -0.587785 0 -1 0 0.685484 -0.436213 -0.582949 1 0 0 1 0 0 0.951057 -0.309017 0 0.951057 -0.309017 0 0.809017 -0.587785 0 0.809017 -0.587785 0 0.587785 -0.809017 0 0.587785 -0.809017 0 0.309017 -0.951057 0 0.309017 -0.951057 0 0 -1 0 0 -1 0 -0.309017 0 -0.951057 0 0 -1 -0.251654 -0.239351 -0.937753 0 -0.309017 -0.951057 -0.131801 -0.512314 -0.848624 0 -0.587785 -0.809017 0 -0.809017 -0.587785 0 -0.951057 -0.309017 -0.110334 -0.944354 -0.309873 -0.287175 -0.8025 -0.522996 -0.436213 -0.582949 -0.685484 -0.543019 -0.30696 -0.781605 -0.781605 -0.30696 -0.543019 -0.587785 0 -0.809017 -0.809017 0 -0.587785 -0.951057 0 -0.309017 -0.937753 -0.239351 -0.251654 -1 0 0 -0.951057 -0.309017 0 -0.848624 -0.512314 -0.131801 -0.809017 -0.587785 0 -0.522996 -0.8025 -0.287175 -0.587785 -0.809017 0 -0.309873 -0.944354 -0.110334 -0.309017 -0.951057 0 0 -1 0 -0.685484 -0.582949 -0.436213 0 -1 0 0 -1 0 -0.309017 -0.951057 0 -0.309017 -0.951057 0 -0.587785 -0.809017 0 -0.587785 -0.809017 0 -0.809017 -0.587785 0 -0.809017 -0.587785 0 -0.951057 -0.309017 0 -0.951057 -0.309017 0 -1 0 0 -1 0 0 -1 0 0 -1 0 0 -0.951057 0 -0.309017 -0.951057 0 -0.309017 -0.809017 0 -0.587785 -0.809017 0 -0.587785 -0.587785 0 -0.809017 -0.587785 0 -0.809017 -0.309017 0 -0.951057 -0.309017 0 -0.951057 0 0 -1 0 0 -1 1 0 0 0.951057 0 -0.309017 0.992115 0.125333 0 0.943557 0.119199 -0.309017 0.968583 0.24869 0 0.921177 0.236518 -0.309017 0.929776 0.368125 0 0.88427 0.350107 -0.309017 0.876307 0.481754 0 0.833417 0.458175 -0.309017 0.809017 0.587785 0 0.769421 0.559017 -0.309017 0.728969 0.684547 0 0.69329 0.651043 -0.309017 0.637424 0.770513 0 0.606226 0.732802 -0.309017 0.535827 0.844328 0 0.509602 0.803004 -0.309017 0.425779 0.904827 0 0.40494 0.860542 -0.309017 0.309017 0.951057 0 0.293893 0.904508 -0.309017 0.187381 0.982287 0 0.17821 0.934211 -0.309017 0.0627905 0.998027 0 0.0597173 0.94918 -0.309017 -0.0627905 0.998027 0 -0.0597173 0.94918 -0.309017 -0.187381 0.982287 0 -0.17821 0.934211 -0.309017 -0.309017 0.951057 0 -0.293893 0.904508 -0.309017 -0.425779 0.904827 0 -0.40494 0.860542 -0.309017 -0.535827 0.844328 0 -0.509602 0.803004 -0.309017 -0.637424 0.770513 0 -0.606226 0.732802 -0.309017 -0.728969 0.684547 0 -0.69329 0.651043 -0.309017 -0.809017 0.587785 0 -0.769421 0.559017 -0.309017 -0.876307 0.481754 0 -0.833417 0.458175 -0.309017 -0.929776 0.368125 0 -0.88427 0.350107 -0.309017 -0.968583 0.24869 0 -0.921177 0.236518 -0.309017 -0.992115 0.125333 0 -0.943557 0.119199 -0.309017 -1 0 0 -0.951057 0 -0.309017 -0.802638 0.101397 -0.587785 -0.809017 0 -0.587785 -0.58315 0.073669 -0.809017 -0.587785 0 -0.809017 -0.30658 0.0387301 -0.951057 -0.309017 0 -0.951057 0 0 -1 0 0 -1 0.809017 0 -0.587785 0.802638 0.101397 -0.587785 0.7836 0.201194 -0.587785 0.752205 0.297819 -0.587785 0.708947 0.389747 -0.587785 0.654508 0.475528 -0.587785 0.589748 0.55381 -0.587785 0.515687 0.623358 -0.587785 0.433493 0.683076 -0.587785 0.344463 0.73202 -0.587785 0.25 0.769421 -0.587785 0.151595 0.794687 -0.587785 0.0507986 0.807421 -0.587785 -0.0507986 0.807421 -0.587785 -0.151595 0.794687 -0.587785 -0.25 0.769421 -0.587785 -0.344463 0.73202 -0.587785 -0.433493 0.683076 -0.587785 -0.515687 0.623358 -0.587785 -0.589748 0.55381 -0.587785 -0.654508 0.475528 -0.587785 -0.708947 0.389747 -0.587785 -0.752205 0.297819 -0.587785 -0.7836 0.201194 -0.587785 0.587785 0 -0.809017 0.58315 0.073669 -0.809017 0.569319 0.146176 -0.809017 0.546509 0.216378 -0.809017 0.51508 0.283168 -0.809017 0.475528 0.345491 -0.809017 0.428477 0.402367 -0.809017 0.374668 0.452896 -0.809017 0.314951 0.496284 -0.809017 0.250267 0.531844 -0.809017 0.181636 0.559017 -0.809017 0.11014 0.577374 -0.809017 0.0369073 0.586625 -0.809017 -0.0369073 0.586625 -0.809017 -0.11014 0.577374 -0.809017 -0.181636 0.559017 -0.809017 -0.250267 0.531844 -0.809017 -0.314951 0.496284 -0.809017 -0.374668 0.452896 -0.809017 -0.428477 0.402367 -0.809017 -0.475528 0.345491 -0.809017 -0.51508 0.283168 -0.809017 -0.546509 0.216378 -0.809017 -0.569319 0.146176 -0.809017 0.309017 0 -0.951057 0.30658 0.0387301 -0.951057 0.299309 0.0768494 -0.951057 0.287317 0.113757 -0.951057 0.270794 0.14887 -0.951057 0.25 0.181636 -0.951057 0.225264 0.211537 -0.951057 0.196975 0.238102 -0.951057 0.16558 0.260912 -0.951057 0.131573 0.279607 -0.951057 0.0954915 0.293893 -0.951057 0.057904 0.303543 -0.951057 0.0194033 0.308407 -0.951057 -0.0194033 0.308407 -0.951057 -0.057904 0.303543 -0.951057 -0.0954915 0.293893 -0.951057 -0.131573 0.279607 -0.951057 -0.16558 0.260912 -0.951057 -0.196975 0.238102 -0.951057 -0.225264 0.211537 -0.951057 -0.25 0.181636 -0.951057 -0.270794 0.14887 -0.951057 -0.287317 0.113757 -0.951057 -0.299309 0.0768494 -0.951057 0 0 -1 0 0 -1 0 0 -1 0 0 -1 0 0 -1 0 0 -1 0 0 -1 0 0 -1 0 0 -1 0 0 -1 0 0 -1 0 0 -1 0 0 -1 0 0 -1 0 0 -1 0 0 -1 0 0 -1 0 0 -1 0 0 -1 0 0 -1 0 0 -1 0 0 -1 0 0 -1 0 0 -1 1 0 0 1 0 0 0.951057 0 -0.309017 0.951057 0 -0.309017 0.809017 0 -0.587785 0.809017 0 -0.587785 0.587785 0 -0.809017 0.587785 0 -0.809017 0.309017 0 -0.951057 0.309017 0 -0.951057 0 0 -1 0 0 -1 0 0 -1 0 0 -1 0 -0.309017 -0.951057 0 -0.309017 -0.951057 0 -0.587785 -0.809017 0 -0.587785 -0.809017 0 -0.809017 -0.587785 0 -0.809017 -0.587785 0 -0.951057 -0.309017 0 -0.951057 -0.309017 0 -1 0 0 -1 0 0 0 -1 0 0 -1 0.309017 0 -0.951057 0.382683 0 -0.92388 0.587785 0 -0.809017 0.707107 0 -0.707107 0.809017 0 -0.587785 0.92388 0 -0.382683 0.951057 0 -0.309017 0.95694 0 -0.290285 0.980785 0 -0.19509 1 0 0 0.995185 0 -0.0980171 1 0 0 1 0 0 1 0 0 1 0 0 1 0 0 1 0 0 1 0 0 1 0 0 1 0 0 1 0 0 1 0 0 1 0 0 1 0 0 1 0 0 1 0 0 1 0 0 1 0 0 1 0 0 1 0 0 1 0 0 1 0 0 1 0 0 1 0 0 1 0 0 1 0 0 1 0 0 1 0 0 1 0 0 1 0 0 1 0 0 1 0 0 1 0 0 1 0 0 1 0 0 1 0 0 1 0 0 1 0 0 1 0 0 1 0 0 1 0 0 1 0 0 1 0 0 1 0 0 1 0 0 1 0 0 1 0 0 1 0 0 1 0 0 1 0 0 1 0 0 1 0 0 1 0 0 1 0 0 1 0 0 1 0 0 1 0 0 1 0 0 1 0 0 0.992115 0.125333 0 0.992115 0.125333 0 0.968583 0.24869 0 0.968583 0.24869 0 0.929776 0.368125 0 0.929776 0.368125 0 0.876307 0.481754 0 0.876307 0.481754 0 0.809017 0.587785 0 0.809017 0.587785 0 0.728969 0.684547 0 0.728969 0.684547 0 0.637424 0.770513 0 0.637424 0.770513 0 0.535827 0.844328 0 0.535827 0.844328 0 0.425779 0.904827 0 0.425779 0.904827 0 0.309017 0.951057 0 0.309017 0.951057 0 0.187381 0.982287 0 0.187381 0.982287 0 0.0627905 0.998027 0 0.0627905 0.998027 0 -0.0627905 0.998027 0 -0.0627905 0.998027 0 -0.187381 0.982287 0 -0.187381 0.982287 0 -0.309017 0.951057 0 -0.309017 0.951057 0 -0.425779 0.904827 0 -0.425779 0.904827 0 -0.535827 0.844328 0 -0.535827 0.844328 0 -0.637424 0.770513 0 -0.637424 0.770513 0 -0.728969 0.684547 0 -0.728969 0.684547 0 -0.809017 0.587785 0 -0.809017 0.587785 0 -0.876307 0.481754 0 -0.876307 0.481754 0 -0.929776 0.368125 0 -0.929776 0.368125 0 -0.968583 0.24869 0 -0.968583 0.24869 0 -0.992115 0.125333 0 -0.992115 0.125333 0 -1 0 0 -1 0 0 -1 0 0 -1 0 0 -1 0 0 -1 0 0 -1 0 0 -1 0 0 -1 0 0 -1 0 0 -1 0 0 -1 0 0 -1 0 0 -1 0 0 -1 0 0 -1 0 0 -1 0 0 -1 0 0 -1 0 0 -1 0 0 -1 0 0 -1 0 0 -1 0 0 -1 0 0 -1 0 0 -1 0 0 -1 0 0 -1 0 0 -1 0 0 -1 0 0 -1 0 0 -1 0 0 -1 0 0 -1 0 0 -1 0 0 -1 0 0 -1 0 0 -1 0 0 -1 0 0 -1 0 0 -1 0 0 -1 0 0 -1 0 0 -1 0 0 -1 0 0 -1 0 0 -1 0 0 -1 0 0 -1 0 0 -1 0 0 -1 0 0 -1 0 0 -1 0 0 -1 0 0 -1 0 0 -1 0 0 -1 0 0 0 0 -1 0 0 -1 0 0 -1 0 0 -1 0 0 -1 0 0 -1 0 0 -1 0 0 -1 0 0 -1 0 0 -1 0 0 -1 0 0 -1 0 0 -1 0 0 -1 0 0 -1 0 0 -1 0 0 -1 0 0 -1 0 0 -1 0 0 -1 0 0 -1 0 0 -1 0 0 -1 0 0 -1 0 0 -1 0 0 -1 0 0 -1 0 0 -1 0 0 -1 0 0 -1 0 0 -1 0 0 -1 0 0 -1 0 0 -1 0 0 -1 0 0 -1 0 0 -1 0 0 -1 0 0 -1 0 0 -1 0 0 -1 0 0 -1 0 0 -1 0 0 -1 0 0 -1 0 0 -1 0 0 -1 0 0 -1 0 0 -1 0 0 -1 0 0 -1 0 0 -1 0 0 -1 0 0 -1 0 0 -1 0 0 -1 0 0 -1 0 0 -1 0 0 -1 0 0 -1 0 0 -1 0 0 -1 0 0 -1 0 0 -1 0 0 -1 0 0 -1 0 0 -1 1 0 0 1 0 0 1 0 0 1 0 0 1 0 0 1 0 0 1 0 0 1 0 0 1 0 0 1 0 0 1 0 0 1 0 0 1 0 0 1 0 0 1 0 0 1 0 0 1 0 0 1 0 0 1 0 0 1 0 0 1 0 0 1 0 0 1 0 0 1 0 0 1 0 0 1 0 0 1 0 0 1 0 0 1 0 0 1 0 0 1 0 0 1 0 0 1 0 0 1 0 0 1 0 0 1 0 0 1 0 0 1 0 0 1 0 0 1 0 0 0.664463 0.241845 -0.707107 0.664463 0.241845 -0.707107 0.707107 0 -0.707107 0.707107 0 -0.707107 0.707107 0 -0.707107 0.707107 0 -0.707107 0.664463 -0.241845 -0.707107 0.664463 -0.241845 -0.707107 0.541675 -0.454519 -0.707107 0.541675 -0.454519 -0.707107 0.353553 -0.612372 -0.707107 0.353553 -0.612372 -0.707107 0.122788 -0.696364 -0.707107 0.122788 -0.696364 -0.707107 -0.122788 -0.696364 -0.707107 -0.122788 -0.696364 -0.707107 -0.353553 -0.612372 -0.707107 -0.353553 -0.612372 -0.707107 -0.541675 -0.454519 -0.707107 -0.541675 -0.454519 -0.707107 -0.664463 -0.241845 -0.707107 -0.664463 -0.241845 -0.707107 -0.707107 0 -0.707107 -0.707107 0 -0.707107 -0.664463 0.241845 -0.707107 -0.664463 0.241845 -0.707107 -0.541675 0.454519 -0.707107 -0.541675 0.454519 -0.707107 -0.353553 0.612372 -0.707107 -0.353553 0.612372 -0.707107 -0.122788 0.696364 -0.707107 -0.122788 0.696364 -0.707107 0.122788 0.696364 -0.707107 0.122788 0.696364 -0.707107 0.353553 0.612372 -0.707107 0.353553 0.612372 -0.707107 0.541675 0.454519 -0.707107 0.541675 0.454519 -0.707107 0.939693 -0.34202 0 0.939693 -0.34202 0 1 0 0 1 0 0 1 0 0 1 0 0 0.939693 0.34202 0 0.939693 0.34202 0 0.766044 0.642788 0 0.766044 0.642788 0 0.5 0.866025 0 0.5 0.866025 0 0.173648 0.984808 0 0.173648 0.984808 0 -0.173648 0.984808 0 -0.173648 0.984808 0 -0.5 0.866025 0 -0.5 0.866025 0 -0.766044 0.642788 0 -0.766044 0.642788 0 -0.939693 0.34202 0 -0.939693 0.34202 0 -1 0 0 -1 0 0 -0.939693 -0.34202 0 -0.939693 -0.34202 0 -0.766044 -0.642788 0 -0.766044 -0.642788 0 -0.5 -0.866025 0 -0.5 -0.866025 0 -0.173648 -0.984808 0 -0.173648 -0.984808 0 0.173648 -0.984808 0 0.173648 -0.984808 0 0.5 -0.866025 0 0.5 -0.866025 0 0.766044 -0.642788 0 0.766044 -0.642788 0 0 0 -1 0 0 -1 0 0 -1 0 0 -1 0 0 -1 0 0 -1 0 0 -1 0 0 -1 0 0 -1 0 0 -1 0 0 -1 0 0 -1 0 0 -1 0 0 -1 0 0 -1 0 0 -1 0 0 -1 0 0 -1 0 0 -1 0 0 -1 0 0 -1 0 0 -1 0 0 -1 0 0 -1 0 0 -1 0 0 -1 0 0 -1 0 0 -1 0 0 -1 0 0 -1 0 0 -1 0 0 -1 0 0 -1 0 0 -1 0 0 -1 0 0 -1 0 0 -1 0 0 -1 0 0 -1 0 0 -1 0 0 -1 0 0 -1 0 0 -1 0 0 -1 0 0 -1 0 0 -1 0 0 -1 0 0 -1 0 0 -1 0 0 -1 0 0 -1 0 0 -1 0 0 -1 0 0 -1 0 0 -1 0 0 -1 0 0 -1 0 0 -1 0 0 -1 0 0 -1 0 0 -1 0 0 -1 0 0 -1 0 0 -1 0 0 -1 0 0 -1 0 0 -1 0 0 -1 0 0 -1 0 0 -1 0 0 -1 0 0 -1 0 0 -1 0 0 -1 0 0 -1 0 0 -1 0 0 -1 0 0 -1 0 0 -1 0 0 -1 0 0 -1 0 0 -1 0 0 -1 0 0 -1 0 0 -1 0 0 -1 0 0 -1 0 0 -1 0 0 -1 0 0 -1 0 0 -1 0 0 -1 0 0 -1 0 0 -1 0 0 -1 0 0 -1 0 0 -1 0 0 -1 0 0 -1 0 0 -1 0 0 -1 0 0 -1 0 0 -1 0 0 -1 0 0 -1 0 0 -1 0 0 -1 0 0 -1 0 0 -1 0 0 -1 0 0 -1 0 0 -1 0 0 -1 0 0 -1 0 0 -1 0 0 -1 0 0 -1 0 0 -1 0 0 -1 0 0 -1 0 0 -1 0 0 -1 0 0 -1 0 0 -1 0 0 -1 -0.664463 0.241845 0.707107 -0.664463 0.241845 0.707107 -0.707107 0 0.707107 -0.707107 0 0.707107 -0.707107 0 0.707107 -0.707107 0 0.707107 -0.664463 -0.241845 0.707107 -0.664463 -0.241845 0.707107 -0.541675 -0.454519 0.707107 -0.541675 -0.454519 0.707107 -0.353553 -0.612372 0.707107 -0.353553 -0.612372 0.707107 -0.122788 -0.696364 0.707107 -0.122788 -0.696364 0.707107 0.122788 -0.696364 0.707107 0.122788 -0.696364 0.707107 0.353553 -0.612372 0.707107 0.353553 -0.612372 0.707107 0.541675 -0.454519 0.707107 0.541675 -0.454519 0.707107 0.664463 -0.241845 0.707107 0.664463 -0.241845 0.707107 0.707107 0 0.707107 0.707107 0 0.707107 0.664463 0.241845 0.707107 0.664463 0.241845 0.707107 0.541675 0.454519 0.707107 0.541675 0.454519 0.707107 0.353553 0.612372 0.707107 0.353553 0.612372 0.707107 0.122788 0.696364 0.707107 0.122788 0.696364 0.707107 -0.122788 0.696364 0.707107 -0.122788 0.696364 0.707107 -0.353553 0.612372 0.707107 -0.353553 0.612372 0.707107 -0.541675 0.454519 0.707107 -0.541675 0.454519 0.707107 0 0 1 0 0 1 0 0 1 0 0 1 0 0 1 0 0 1 0 0 1 0 0 1 0 0 1 0 0 1 0 0 1 0 0 1 0 0 1 0 0 1 0 0 1 0 0 1 0 0 1 0 0 1 0 0 1 0 0 1 0 0 1 0 0 1 0 0 1 0 0 1 0 0 1 0 0 1 0 0 1 0 0 1 0 0 1 0 0 1 0 0 1 0 0 1 0 0 1 0 0 1 0 0 1 0 0 1 0 0 1 0 0 1 0 0 1 0 0 1 0 0 1 0 0 1 0 0 1 0 0 1 0 0 1 0 0 1 0 0 1 0 0 1 0 0 1 0 0 1 0 0 1 0 0 1 0 0 1 0 0 1 0 0 1 0 0 1 0 0 1 0 0 1 0 0 1 0 0 1 0 0 1 0 0 1 0 0 1 0 0 1 0 0 1 0 0 1 0 0 1 0 0 1 0 0 1 0 0 1 0 0 1 0 0 1 0 0 1 0 0 1 0 0 1 0 0 1 0 0 1 0 0 1 0 0 1 0 0 1 0 0 1 0 0 1 0 0 1 0 0 1 0 0 1 0 0 1 0 0 1 0 0 1 0 0 1 0 0 1 0 0 1 0 0 1 0 0 1 0 0 1 0 0 1 0 0 1 0 0 1 0 0 1 0 0 1 0 0 1 0 0 1 0 0 1 0 0 1 0 0 1 0 0 1 0 0 1 0 0 1 0 0 1 0 0 1 0 0 1 0 0 1 0 0 1 0 0 1 0 0 1 0 0 1 0 0 1 0 0 1 0 0 1 0 0 1 0 0 1 0 0 1 0 0 1 0 0 1 0 0 1 0 0 1 0 0 1 0 0 1 0 0 1 0 0 1 0 0 1 0 0 1 0 0 1 0 0 1 0 0 1 0 0 1 0 0 1 0 0 1 0 0 1 0 0 1 0 0 1 0 0 1 0 0 1 0 0 1 0 0 1 0 0 1 0 0 1 0 0 1 0 0 1 0 0 1 0 0 1 0 -1 0 0 -1 0 0 -1 0 0 -1 0 0 -1 0 0 -1 0 0 -1 0 0 -1 0 0 -1 0 0 -1 0 0 -1 0 0 -1 0 0 -1 0 0 -1 0 1 0 0 1 0 0 1 0 0 1 0 0 1 0 0 1 0 0 1 0 0 1 0 0 1 0 0 1 0 0 1 0 0 1 0 0 1 0 0 1 0 0 1 0 0 1 0 0 1 0 0 1 0 0 1 0 0 1 0 0 1 0 0 1 0 0 1 0 0 1 0 0 1 0 0 1 0 0 1 0 0 1 0 0 1 0 0 1 0 0 1 0 0 1 0 0 1 0 0 1 0 0 1 0 0 1 0 0 0 0.34202 0.939693 0 0.34202 0.939693 0 0 1 0 0 1 0 0 1 0 0 1 0 -0.34202 0.939693 0 -0.34202 0.939693 0 -0.642788 0.766044 0 -0.642788 0.766044 0 -0.866025 0.5 0 -0.866025 0.5 0 -0.984808 0.173648 0 -0.984808 0.173648 0 -0.984808 -0.173648 0 -0.984808 -0.173648 0 -0.866025 -0.5 0 -0.866025 -0.5 0 -0.642788 -0.766044 0 -0.642788 -0.766044 0 -0.34202 -0.939693 0 -0.34202 -0.939693 0 0 -1 0 0 -1 0 0.34202 -0.939693 0 0.34202 -0.939693 0 0.642788 -0.766044 0 0.642788 -0.766044 0 0.866025 -0.5 0 0.866025 -0.5 0 0.984808 -0.173648 0 0.984808 -0.173648 0 0.984808 0.173648 0 0.984808 0.173648 0 0.866025 0.5 0 0.866025 0.5 0 0.642788 0.766044 0 0.642788 0.766044 0 0.34202 0.939693 0 0.34202 0.939693 0 0 1 0 0 1 0 0 1 0 0 1 0 -0.34202 0.939693 0 -0.34202 0.939693 0 -0.642788 0.766044 0 -0.642788 0.766044 0 -0.866025 0.5 0 -0.866025 0.5 0 -0.984808 0.173648 0 -0.984808 0.173648 0 -0.984808 -0.173648 0 -0.984808 -0.173648 0 -0.866025 -0.5 0 -0.866025 -0.5 0 -0.642788 -0.766044 0 -0.642788 -0.766044 0 -0.34202 -0.939693 0 -0.34202 -0.939693 0 0 -1 0 0 -1 0 0.34202 -0.939693 0 0.34202 -0.939693 0 0.642788 -0.766044 0 0.642788 -0.766044 0 0.866025 -0.5 0 0.866025 -0.5 0 0.984808 -0.173648 0 0.984808 -0.173648 0 0.984808 0.173648 0 0.984808 0.173648 0 0.866025 0.5 0 0.866025 0.5 0 0.642788 0.766044 0 0.642788 0.766044 1 0 0 1 0 0 1 0 0 1 0 0 1 0 0 1 0 0 1 0 0 1 0 0 1 0 0 1 0 0 1 0 0 1 0 0 1 0 0 1 0 0 1 0 0 1 0 0 1 0 0 1 0 0 1 0 0 1 0 0 1 0 0 1 0 0 1 0 0 1 0 0 1 0 0 1 0 0 1 0 0 1 0 0 1 0 0 1 0 0 1 0 0 1 0 0 1 0 0 1 0 0 1 0 0 1 0 0 0 0.34202 0.939693 0 0.34202 0.939693 0 0 1 0 0 1 0 0 1 0 0 1 0 -0.34202 0.939693 0 -0.34202 0.939693 0 -0.642788 0.766044 0 -0.642788 0.766044 0 -0.866025 0.5 0 -0.866025 0.5 0 -0.984808 0.173648 0 -0.984808 0.173648 0 -0.984808 -0.173648 0 -0.984808 -0.173648 0 -0.866025 -0.5 0 -0.866025 -0.5 0 -0.642788 -0.766044 0 -0.642788 -0.766044 0 -0.34202 -0.939693 0 -0.34202 -0.939693 0 0 -1 0 0 -1 0 0.34202 -0.939693 0 0.34202 -0.939693 0 0.642788 -0.766044 0 0.642788 -0.766044 0 0.866025 -0.5 0 0.866025 -0.5 0 0.984808 -0.173648 0 0.984808 -0.173648 0 0.984808 0.173648 0 0.984808 0.173648 0 0.866025 0.5 0 0.866025 0.5 0 0.642788 0.766044 0 0.642788 0.766044 0 0.34202 0.939693 0 0.34202 0.939693 0 0 1 0 0 1 0 0 1 0 0 1 0 -0.34202 0.939693 0 -0.34202 0.939693 0 -0.642788 0.766044 0 -0.642788 0.766044 0 -0.866025 0.5 0 -0.866025 0.5 0 -0.984808 0.173648 0 -0.984808 0.173648 0 -0.984808 -0.173648 0 -0.984808 -0.173648 0 -0.866025 -0.5 0 -0.866025 -0.5 0 -0.642788 -0.766044 0 -0.642788 -0.766044 0 -0.34202 -0.939693 0 -0.34202 -0.939693 0 0 -1 0 0 -1 0 0.34202 -0.939693 0 0.34202 -0.939693 0 0.642788 -0.766044 0 0.642788 -0.766044 0 0.866025 -0.5 0 0.866025 -0.5 0 0.984808 -0.173648 0 0.984808 -0.173648 0 0.984808 0.173648 0 0.984808 0.173648 0 0.866025 0.5 0 0.866025 0.5 0 0.642788 0.766044 0 0.642788 0.766044 0 -0.34202 0.939693 0 -0.34202 0.939693 0 0 1 0 0 1 0 0 1 0 0 1 0 0.34202 0.939693 0 0.34202 0.939693 0 0.642788 0.766044 0 0.642788 0.766044 0 0.866025 0.5 0 0.866025 0.5 0 0.984808 0.173648 0 0.984808 0.173648 0 0.984808 -0.173648 0 0.984808 -0.173648 0 0.866025 -0.5 0 0.866025 -0.5 0 0.642788 -0.766044 0 0.642788 -0.766044 0 0.34202 -0.939693 0 0.34202 -0.939693 0 0 -1 0 0 -1 0 -0.34202 -0.939693 0 -0.34202 -0.939693 0 -0.642788 -0.766044 0 -0.642788 -0.766044 0 -0.866025 -0.5 0 -0.866025 -0.5 0 -0.984808 -0.173648 0 -0.984808 -0.173648 0 -0.984808 0.173648 0 -0.984808 0.173648 0 -0.866025 0.5 0 -0.866025 0.5 0 -0.642788 0.766044 0 -0.642788 0.766044 -1 0 0 -1 0 0 -1 0 0 -1 0 0 -1 0 0 -1 0 0 -1 0 0 -1 0 0 -1 0 0 -1 0 0 -1 0 0 -1 0 0 -1 0 0 -1 0 0 -1 0 0 -1 0 0 -1 0 0 -1 0 0 -1 0 0 -1 0 0 -1 0 0 -1 0 0 -1 0 0 -1 0 0 -1 0 0 -1 0 0 -1 0 0 -1 0 0 -1 0 0 -1 0 0 -1 0 0 -1 0 0 -1 0 0 -1 0 0 -1 0 0 -1 0 0 0 -0.34202 0.939693 0 -0.34202 0.939693 0 0 1 0 0 1 0 0 1 0 0 1 0 0.34202 0.939693 0 0.34202 0.939693 0 0.642788 0.766044 0 0.642788 0.766044 0 0.866025 0.5 0 0.866025 0.5 0 0.984808 0.173648 0 0.984808 0.173648 0 0.984808 -0.173648 0 0.984808 -0.173648 0 0.866025 -0.5 0 0.866025 -0.5 0 0.642788 -0.766044 0 0.642788 -0.766044 0 0.34202 -0.939693 0 0.34202 -0.939693 0 0 -1 0 0 -1 0 -0.34202 -0.939693 0 -0.34202 -0.939693 0 -0.642788 -0.766044 0 -0.642788 -0.766044 0 -0.866025 -0.5 0 -0.866025 -0.5 0 -0.984808 -0.173648 0 -0.984808 -0.173648 0 -0.984808 0.173648 0 -0.984808 0.173648 0 -0.866025 0.5 0 -0.866025 0.5 0 -0.642788 0.766044 0 -0.642788 0.766044 -1 0 0 -1 0 0 -1 0 0 -1 0 0 -1 0 0 -1 0 0 -1 0 0 -1 0 0 -1 0 0 -1 0 0 -1 0 0 -1 0 0 -1 0 0 -1 0 0 -1 0 0 -1 0 0 -1 0 0 -1 0 0 -1 0 0 -1 0 0 -1 0 0 -1 0 0 -1 0 0 -1 0 0 -1 0 0 -1 0 0 -1 0 0 -1 0 0 -1 0 0 -1 0 0 -1 0 0 -1 0 0 -1 0 0 -1 0 0 -1 0 0 -1 0 0 0 -0.34202 0.939693 0 -0.34202 0.939693 0 0 1 0 0 1 0 0 1 0 0 1 0 0.34202 0.939693 0 0.34202 0.939693 0 0.642788 0.766044 0 0.642788 0.766044 0 0.866025 0.5 0 0.866025 0.5 0 0.984808 0.173648 0 0.984808 0.173648 0 0.984808 -0.173648 0 0.984808 -0.173648 0 0.866025 -0.5 0 0.866025 -0.5 0 0.642788 -0.766044 0 0.642788 -0.766044 0 0.34202 -0.939693 0 0.34202 -0.939693 0 0 -1 0 0 -1 0 -0.34202 -0.939693 0 -0.34202 -0.939693 0 -0.642788 -0.766044 0 -0.642788 -0.766044 0 -0.866025 -0.5 0 -0.866025 -0.5 0 -0.984808 -0.173648 0 -0.984808 -0.173648 0 -0.984808 0.173648 0 -0.984808 0.173648 0 -0.866025 0.5 0 -0.866025 0.5 0 -0.642788 0.766044 0 -0.642788 0.766044 0 -0.34202 0.939693 0 -0.34202 0.939693 0 0 1 0 0 1 0 0 1 0 0 1 0 0.34202 0.939693 0 0.34202 0.939693 0 0.642788 0.766044 0 0.642788 0.766044 0 0.866025 0.5 0 0.866025 0.5 0 0.984808 0.173648 0 0.984808 0.173648 0 0.984808 -0.173648 0 0.984808 -0.173648 0 0.866025 -0.5 0 0.866025 -0.5 0 0.642788 -0.766044 0 0.642788 -0.766044 0 0.34202 -0.939693 0 0.34202 -0.939693 0 0 -1 0 0 -1 0 -0.34202 -0.939693 0 -0.34202 -0.939693 0 -0.642788 -0.766044 0 -0.642788 -0.766044 0 -0.866025 -0.5 0 -0.866025 -0.5 0 -0.984808 -0.173648 0 -0.984808 -0.173648 0 -0.984808 0.173648 0 -0.984808 0.173648 0 -0.866025 0.5 0 -0.866025 0.5 0 -0.642788 0.766044 0 -0.642788 0.766044 0 1 0 0 1 0 0.309017 0.951057 0 0.309017 0.951057 0 0.587785 0.809017 0 0.587785 0.809017 0 0.809017 0.587785 0 0.809017 0.587785 0 0.951057 0.309017 0 0.951057 0.309017 0 1 0 0 1 0 0 1 0 0 0.951057 0 0.309017 1 0 0 0.951057 0.0372479 0.306764 1 0 0 0.951057 0.0739526 0.300038 1 0 0 0.951057 0.109579 0.288936 1 0 0 0.951057 0.143607 0.273621 1 0 0 0.951057 0.175542 0.254316 1 0 0 0.951057 0.204916 0.231303 1 0 0 0.951057 0.231303 0.204916 1 0 0 0.951057 0.254316 0.175542 1 0 0 0.951057 0.273621 0.143607 1 0 0 0.951057 0.288936 0.109579 1 0 0 0.951057 0.300038 0.0739526 1 0 0 0.951057 0.306764 0.0372479 1 0 0 0.951057 0.309017 0 0.809017 0.5835 0.0708497 0.809017 0.587785 0 0.587785 0.803118 0.0975162 0.587785 0.809017 0 0.309017 0.944122 0.114637 0.309017 0.951057 0 0 1 0 0 0.991445 0.130526 0.309017 0.923421 0.227603 0 0.965926 0.258819 0.309017 0.889253 0.337249 0 0.92388 0.382683 0.309017 0.842119 0.441978 0 0.866025 0.5 0.309017 0.782704 0.540262 0 0.793353 0.608761 0.309017 0.711876 0.630667 0 0.707107 0.707107 0.309017 0.630667 0.711876 0 0.608761 0.793353 0.309017 0.540262 0.782704 0 0.5 0.866025 0.309017 0.441978 0.842119 0 0.382683 0.92388 0.309017 0.337249 0.889253 0 0.258819 0.965926 0.309017 0.227603 0.923421 0 0.130526 0.991445 0.309017 0.114637 0.944122 0 0 1 0.309017 0 0.951057 0.587785 0.0975162 0.803118 0.587785 0 0.809017 0.809017 0.0708497 0.5835 0.809017 0 0.587785 0.587785 0.19361 0.785508 0.587785 0.286881 0.756444 0.587785 0.375969 0.716349 0.587785 0.459574 0.665808 0.587785 0.536478 0.605558 0.587785 0.605558 0.536478 0.587785 0.665808 0.459574 0.587785 0.716349 0.375969 0.587785 0.756444 0.286881 0.587785 0.785508 0.19361 0.809017 0.140666 0.570705 0.809017 0.208432 0.549589 0.809017 0.273157 0.520458 0.809017 0.3339 0.483738 0.809017 0.389774 0.439964 0.809017 0.439964 0.389774 0.809017 0.483738 0.3339 0.809017 0.520458 0.273157 0.809017 0.549589 0.208432 0.809017 0.570705 0.140666 1 0 0 1 0 0 0.951057 0 0.309017 0.951057 0 0.309017 0.809017 0 0.587785 0.809017 0 0.587785 0.587785 0 0.809017 0.587785 0 0.809017 0.309017 0 0.951057 0.309017 0 0.951057 0 0 1 0 0 1 -1 0 0 -0.951057 0 0.309017 -0.992115 0.125333 0 -0.943557 0.119199 0.309017 -0.968583 0.24869 0 -0.921177 0.236518 0.309017 -0.929776 0.368125 0 -0.88427 0.350107 0.309017 -0.876307 0.481754 0 -0.833417 0.458175 0.309017 -0.809017 0.587785 0 -0.769421 0.559017 0.309017 -0.728969 0.684547 0 -0.69329 0.651043 0.309017 -0.637424 0.770513 0 -0.606226 0.732802 0.309017 -0.535827 0.844328 0 -0.509602 0.803004 0.309017 -0.425779 0.904827 0 -0.40494 0.860542 0.309017 -0.309017 0.951057 0 -0.293893 0.904508 0.309017 -0.187381 0.982287 0 -0.17821 0.934211 0.309017 -0.0627905 0.998027 0 -0.0597173 0.94918 0.309017 0.0627905 0.998027 0 0.0597173 0.94918 0.309017 0.187381 0.982287 0 0.17821 0.934211 0.309017 0.309017 0.951057 0 0.293893 0.904508 0.309017 0.425779 0.904827 0 0.40494 0.860542 0.309017 0.535827 0.844328 0 0.509602 0.803004 0.309017 0.637424 0.770513 0 0.606226 0.732802 0.309017 0.728969 0.684547 0 0.69329 0.651043 0.309017 0.809017 0.587785 0 0.769421 0.559017 0.309017 0.876307 0.481754 0 0.833417 0.458175 0.309017 0.929776 0.368125 0 0.88427 0.350107 0.309017 0.968583 0.24869 0 0.921177 0.236518 0.309017 0.992115 0.125333 0 0.943557 0.119199 0.309017 1 0 0 0.951057 0 0.309017 0.802638 0.101397 0.587785 0.809017 0 0.587785 0.58315 0.073669 0.809017 0.587785 0 0.809017 0.30658 0.0387301 0.951057 0.309017 0 0.951057 0 0 1 0 0 1 -0.809017 0 0.587785 -0.802638 0.101397 0.587785 -0.7836 0.201194 0.587785 -0.752205 0.297819 0.587785 -0.708947 0.389747 0.587785 -0.654508 0.475528 0.587785 -0.589748 0.55381 0.587785 -0.515687 0.623358 0.587785 -0.433493 0.683076 0.587785 -0.344463 0.73202 0.587785 -0.25 0.769421 0.587785 -0.151595 0.794687 0.587785 -0.0507986 0.807421 0.587785 0.0507986 0.807421 0.587785 0.151595 0.794687 0.587785 0.25 0.769421 0.587785 0.344463 0.73202 0.587785 0.433493 0.683076 0.587785 0.515687 0.623358 0.587785 0.589748 0.55381 0.587785 0.654508 0.475528 0.587785 0.708947 0.389747 0.587785 0.752205 0.297819 0.587785 0.7836 0.201194 0.587785 -0.587785 0 0.809017 -0.58315 0.073669 0.809017 -0.569319 0.146176 0.809017 -0.546509 0.216378 0.809017 -0.51508 0.283168 0.809017 -0.475528 0.345491 0.809017 -0.428477 0.402367 0.809017 -0.374668 0.452896 0.809017 -0.314951 0.496284 0.809017 -0.250267 0.531844 0.809017 -0.181636 0.559017 0.809017 -0.11014 0.577374 0.809017 -0.0369073 0.586625 0.809017 0.0369073 0.586625 0.809017 0.11014 0.577374 0.809017 0.181636 0.559017 0.809017 0.250267 0.531844 0.809017 0.314951 0.496284 0.809017 0.374668 0.452896 0.809017 0.428477 0.402367 0.809017 0.475528 0.345491 0.809017 0.51508 0.283168 0.809017 0.546509 0.216378 0.809017 0.569319 0.146176 0.809017 -0.309017 0 0.951057 -0.30658 0.0387301 0.951057 -0.299309 0.0768494 0.951057 -0.287317 0.113757 0.951057 -0.270794 0.14887 0.951057 -0.25 0.181636 0.951057 -0.225264 0.211537 0.951057 -0.196975 0.238102 0.951057 -0.16558 0.260912 0.951057 -0.131573 0.279607 0.951057 -0.0954915 0.293893 0.951057 -0.057904 0.303543 0.951057 -0.0194033 0.308407 0.951057 0.0194033 0.308407 0.951057 0.057904 0.303543 0.951057 0.0954915 0.293893 0.951057 0.131573 0.279607 0.951057 0.16558 0.260912 0.951057 0.196975 0.238102 0.951057 0.225264 0.211537 0.951057 0.25 0.181636 0.951057 0.270794 0.14887 0.951057 0.287317 0.113757 0.951057 0.299309 0.0768494 0.951057 0 0 1 0 0 1 0 0 1 0 0 1 0 0 1 0 0 1 0 0 1 0 0 1 0 0 1 0 0 1 0 0 1 0 0 1 0 0 1 0 0 1 0 0 1 0 0 1 0 0 1 0 0 1 0 0 1 0 0 1 0 0 1 0 0 1 0 0 1 0 0 1 -1 0 0 -1 0 0 -0.951057 0 0.309017 -0.951057 0 0.309017 -0.809017 0 0.587785 -0.809017 0 0.587785 -0.587785 0 0.809017 -0.587785 0 0.809017 -0.309017 0 0.951057 -0.309017 0 0.951057 0 0 1 0 0 1 -1 0 0 -0.951057 0.309017 0 -1 0 0 -0.951057 0.306764 0.0372479 -1 0 0 -0.951057 0.300038 0.0739526 -1 0 0 -0.951057 0.288936 0.109579 -1 0 0 -0.951057 0.273621 0.143607 -1 0 0 -0.951057 0.254316 0.175542 -1 0 0 -0.951057 0.231303 0.204916 -1 0 0 -0.951057 0.204916 0.231303 -1 0 0 -0.951057 0.175542 0.254316 -1 0 0 -0.951057 0.143607 0.273621 -1 0 0 -0.951057 0.109579 0.288936 -1 0 0 -0.951057 0.0739526 0.300038 -1 0 0 -0.951057 0.0372479 0.306764 -1 0 0 -0.951057 0 0.309017 -0.809017 0.0708497 0.5835 -0.809017 0 0.587785 -0.587785 0.0975162 0.803118 -0.587785 0 0.809017 -0.309017 0.114637 0.944122 -0.309017 0 0.951057 0 0 1 0 0.130526 0.991445 -0.309017 0.227603 0.923421 0 0.258819 0.965926 -0.309017 0.337249 0.889253 0 0.382683 0.92388 -0.309017 0.441978 0.842119 0 0.5 0.866025 -0.309017 0.540262 0.782704 0 0.608761 0.793353 -0.309017 0.630667 0.711876 0 0.707107 0.707107 -0.309017 0.711876 0.630667 0 0.793353 0.608761 -0.309017 0.782704 0.540262 0 0.866025 0.5 -0.309017 0.842119 0.441978 0 0.92388 0.382683 -0.309017 0.889253 0.337249 0 0.965926 0.258819 -0.309017 0.923421 0.227603 0 0.991445 0.130526 -0.309017 0.944122 0.114637 0 1 0 -0.309017 0.951057 0 -0.587785 0.803118 0.0975162 -0.587785 0.809017 0 -0.809017 0.5835 0.0708497 -0.809017 0.587785 0 -0.587785 0.785508 0.19361 -0.587785 0.756444 0.286881 -0.587785 0.716349 0.375969 -0.587785 0.665808 0.459574 -0.587785 0.605558 0.536478 -0.587785 0.536478 0.605558 -0.587785 0.459574 0.665808 -0.587785 0.375969 0.716349 -0.587785 0.286881 0.756444 -0.587785 0.19361 0.785508 -0.809017 0.570705 0.140666 -0.809017 0.549589 0.208432 -0.809017 0.520458 0.273157 -0.809017 0.483738 0.3339 -0.809017 0.439964 0.389774 -0.809017 0.389774 0.439964 -0.809017 0.3339 0.483738 -0.809017 0.273157 0.520458 -0.809017 0.208432 0.549589 -0.809017 0.140666 0.570705 -1 0 0 -1 0 0 -0.951057 0.309017 0 -0.951057 0.309017 0 -0.809017 0.587785 0 -0.809017 0.587785 0 -0.587785 0.809017 0 -0.587785 0.809017 0 -0.309017 0.951057 0 -0.309017 0.951057 0 0 1 0 0 1 0 0 0.130526 0.991445 0 0.0606544 0.998159 0 0 1 0 0.0355446 0.999368 0 0 1 0 0.258819 0.965926 0 0.258819 0.965926 0 0.130526 0.991445 0 0.0801187 0.996785 0 0.0753657 0.997156 0 0.0606544 0.998159 0 0 1 0 0.0355446 0.999368 0 0 1 0 0.382683 0.92388 0 0.382683 0.92388 0 0.5 0.866025 0 0.5 0.866025 0 0.608761 0.793353 0 0.608761 0.793353 0 0.707107 0.707107 0 0.707107 0.707107 0 0.793353 0.608761 0 0.793353 0.608761 0 0.866025 0.5 0 0.866025 0.5 0 0.92388 0.382683 0 0.92388 0.382683 0 0.965926 0.258819 0 0.965926 0.258819 0 0.991445 0.130526 0 0.991445 0.130526 0 1 0 0 1 0 0 0.0753657 0.997156 0.41314 -0.57386 0.707107 0.337799 -0.621202 0.707107 0.323942 -0.628539 0.707107 0.239014 -0.665487 0.707107 0.246867 -0.662613 0.707107 0.165713 -0.687415 0.707107 0.134627 -0.694173 0.707107 0.082577 -0.702268 0.707107 0.0270841 -0.706588 0.707107 0 -0.707107 0.707107 -0.0810934 -0.702441 0.707107 -0.082577 -0.702268 0.707107 -0.165713 -0.687415 0.707107 -0.18737 -0.68183 0.707107 -0.246867 -0.662613 0.707107 -0.289255 -0.645238 0.707107 -0.323942 -0.628539 0.707107 -0.38436 -0.593521 0.707107 -0.41314 -0.57386 0.707107 -0.470456 -0.527893 0.707107 -0.493293 -0.506618 0.707107 -0.545525 -0.449891 0.707107 -0.562647 -0.428285 0.707107 -0.607808 -0.361345 0.707107 -0.619684 -0.340576 0.707107 -0.655843 -0.264329 0.707107 -0.663154 -0.245411 0.707107 -0.688507 -0.161117 0.707107 -0.692107 -0.144874 0.707107 -0.705032 -0.0541285 0.707107 -0.705908 -0.0411649 0.707107 -0.705032 0.0541285 0.707107 -0.704255 0.0634454 0.707107 -0.688507 0.161117 0.707107 -0.687184 0.166667 0.707107 -0.655843 0.264329 0.707107 -0.65507 0.266239 0.707107 -0.607808 0.361345 0.707107 -0.608615 0.359983 0.707107 -0.548836 0.445847 0.707107 -0.545525 0.449891 0.707107 -0.477042 0.52195 0.707107 -0.470456 0.527893 0.707107 -0.394804 0.586626 0.707107 -0.38436 0.593521 0.707107 -0.303923 0.63846 0.707107 -0.289255 0.645238 0.707107 -0.206389 0.676316 0.707107 -0.18737 0.68183 0.707107 -0.104337 0.699367 0.707107 -0.0810934 0.702441 0.707107 0 0.707107 0.707107 0.0270841 0.706588 0.707107 0.104337 0.699367 0.707107 0.134627 0.694173 0.707107 0.206389 0.676316 0.707107 0.239014 0.665487 0.707107 0.303923 0.63846 0.707107 0.337799 0.621202 0.707107 0.394804 0.586626 0.707107 0.428666 0.562357 0.707107 0.477042 0.52195 0.707107 0.509486 0.490331 0.707107 0.548836 0.445847 0.707107 0.578363 0.406812 0.707107 0.608615 0.359983 0.707107 0.633685 0.313757 0.707107 0.65507 0.266239 0.707107 0.674153 0.213349 0.707107 0.687184 0.166667 0.707107 0.69882 0.107939 0.707107 0.704255 0.0634454 0.707107 0.707107 0 0.707107 0.705908 -0.0411649 0.707107 0.705908 -0.0411649 0.707107 0.707107 0 0.707107 0.69882 -0.107939 0.707107 0.692107 -0.144874 0.707107 0.674153 -0.213349 0.707107 0.663154 -0.245411 0.707107 0.633685 -0.313757 0.707107 0.619684 -0.340576 0.707107 0.578363 -0.406812 0.707107 0.562647 -0.428285 0.707107 0.509486 -0.490331 0.707107 0.493293 -0.506618 0.707107 0.428666 -0.562357 0.707107 0 0 1 0 0 1 0 0 1 0 0 1 0 0 1 0 0 1 0 0 1 0 0 1 0 0 1 0 0 1 0 0 1 0 0 1 0 0 1 0 0 1 0 0 1 0 0 1 0 0 1 0 0 1 0 0 1 0 0 1 0 0 1 0 0 1 0 0 1 0 0 1 0 0 1 0 0 1 0 0 1 0 0 1 0 0 1 0 0 1 0 0 1 0 0 1 0 0 1 0 0 1 0 0 1 0 0 1 0 0 1 0 0 1 0 0 1 0 0 1 0 0 1 0 0 1 0 0 1 0 0 1 0 0 1 0 0 1 0 0 1 0 0 1 0 0 1 0 0 1 0 0 1 0 0 1 0 0 1 0 0 1 0 0 1 0 0 1 0 0 1 0 0 1 0 0 1 0 0 1 0 0 1 0 0 1 0 0 1 0 0 1 0 0 1 0.98393 0.178557 0 0.98393 0.178557 0 1 0 0 1 0 0 1 0 0 1 0 0 0.98393 -0.178557 0 0.98393 -0.178557 0 0.936235 -0.351375 0 0.936235 -0.351375 0 0.858449 -0.512899 0 0.858449 -0.512899 0 0.753071 -0.657939 0 0.753071 -0.657939 0 0.62349 -0.781832 0 0.62349 -0.781832 0 0.473869 -0.880596 0 0.473869 -0.880596 0 0.309017 -0.951057 0 0.309017 -0.951057 0 0.134233 -0.99095 0 0.134233 -0.99095 0 -0.0448648 -0.998993 0 -0.0448648 -0.998993 0 -0.222521 -0.974928 0 -0.222521 -0.974928 0 -0.393025 -0.919528 0 -0.393025 -0.919528 0 -0.550897 -0.834573 0 -0.550897 -0.834573 0 -0.691063 -0.722795 0 -0.691063 -0.722795 0 -0.809017 -0.587785 0 -0.809017 -0.587785 0 -0.900969 -0.433884 0 -0.900969 -0.433884 0 -0.963963 -0.266037 0 -0.963963 -0.266037 0 -0.995974 -0.0896393 0 -0.995974 -0.0896393 0 -0.995974 0.0896393 0 -0.995974 0.0896393 0 -0.963963 0.266037 0 -0.963963 0.266037 0 -0.900969 0.433884 0 -0.900969 0.433884 0 -0.809017 0.587785 0 -0.809017 0.587785 0 -0.691063 0.722795 0 -0.691063 0.722795 0 -0.550897 0.834573 0 -0.550897 0.834573 0 -0.393025 0.919528 0 -0.393025 0.919528 0 -0.222521 0.974928 0 -0.222521 0.974928 0 -0.0448648 0.998993 0 -0.0448648 0.998993 0 0.134233 0.99095 0 0.134233 0.99095 0 0.309017 0.951057 0 0.309017 0.951057 0 0.473869 0.880596 0 0.473869 0.880596 0 0.62349 0.781832 0 0.62349 0.781832 0 0.753071 0.657939 0 0.753071 0.657939 0 0.858449 0.512899 0 0.858449 0.512899 0 0.936235 0.351375 0 0.936235 0.351375 0 0.664463 -0.241845 0.707107 0.664463 -0.241845 0.707107 0.707107 0 0.707107 0.707107 0 0.707107 0.664463 0.241845 0.707107 0.664463 0.241845 0.707107 0.541675 0.454519 0.707107 0.541675 0.454519 0.707107 0.353553 0.612372 0.707107 0.353553 0.612372 0.707107 0.122788 0.696364 0.707107 0.122788 0.696364 0.707107 -0.122788 0.696364 0.707107 -0.122788 0.696364 0.707107 -0.353553 0.612372 0.707107 -0.353553 0.612372 0.707107 -0.541675 0.454519 0.707107 -0.541675 0.454519 0.707107 -0.664463 0.241845 0.707107 -0.664463 0.241845 0.707107 -0.707107 0 0.707107 -0.707107 0 0.707107 -0.707107 0 0.707107 -0.707107 0 0.707107 -0.664463 -0.241845 0.707107 -0.664463 -0.241845 0.707107 -0.541675 -0.454519 0.707107 -0.541675 -0.454519 0.707107 -0.353553 -0.612372 0.707107 -0.353553 -0.612372 0.707107 -0.122788 -0.696364 0.707107 -0.122788 -0.696364 0.707107 0.122788 -0.696364 0.707107 0.122788 -0.696364 0.707107 0.353553 -0.612372 0.707107 0.353553 -0.612372 0.707107 0.541675 -0.454519 0.707107 0.541675 -0.454519 0.707107 0.939693 -0.34202 0 0.939693 -0.34202 0 1 0 0 1 0 0 1 0 0 1 0 0 0.939693 0.34202 0 0.939693 0.34202 0 0.766044 0.642788 0 0.766044 0.642788 0 0.5 0.866025 0 0.5 0.866025 0 0.173648 0.984808 0 0.173648 0.984808 0 -0.173648 0.984808 0 -0.173648 0.984808 0 -0.5 0.866025 0 -0.5 0.866025 0 -0.766044 0.642788 0 -0.766044 0.642788 0 -0.939693 0.34202 0 -0.939693 0.34202 0 -1 0 0 -1 0 0 -0.939693 -0.34202 0 -0.939693 -0.34202 0 -0.766044 -0.642788 0 -0.766044 -0.642788 0 -0.5 -0.866025 0 -0.5 -0.866025 0 -0.173648 -0.984808 0 -0.173648 -0.984808 0 0.173648 -0.984808 0 0.173648 -0.984808 0 0.5 -0.866025 0 0.5 -0.866025 0 0.766044 -0.642788 0 0.766044 -0.642788 0 0.664463 -0.241845 0.707107 0.664463 -0.241845 0.707107 0.707107 0 0.707107 0.707107 0 0.707107 0.664463 0.241845 0.707107 0.664463 0.241845 0.707107 0.541675 0.454519 0.707107 0.541675 0.454519 0.707107 0.353553 0.612372 0.707107 0.353553 0.612372 0.707107 0.122788 0.696364 0.707107 0.122788 0.696364 0.707107 -0.122788 0.696364 0.707107 -0.122788 0.696364 0.707107 -0.353553 0.612372 0.707107 -0.353553 0.612372 0.707107 -0.541675 0.454519 0.707107 -0.541675 0.454519 0.707107 -0.664463 0.241845 0.707107 -0.664463 0.241845 0.707107 -0.707107 0 0.707107 -0.707107 0 0.707107 -0.707107 0 0.707107 -0.707107 0 0.707107 -0.664463 -0.241845 0.707107 -0.664463 -0.241845 0.707107 -0.541675 -0.454519 0.707107 -0.541675 -0.454519 0.707107 -0.353553 -0.612372 0.707107 -0.353553 -0.612372 0.707107 -0.122788 -0.696364 0.707107 -0.122788 -0.696364 0.707107 0.122788 -0.696364 0.707107 0.122788 -0.696364 0.707107 0.353553 -0.612372 0.707107 0.353553 -0.612372 0.707107 0.541675 -0.454519 0.707107 0.541675 -0.454519 0.707107 0.939693 -0.34202 0 0.939693 -0.34202 0 1 0 0 1 0 0 1 0 0 1 0 0 0.939693 0.34202 0 0.939693 0.34202 0 0.766044 0.642788 0 0.766044 0.642788 0 0.5 0.866025 0 0.5 0.866025 0 0.173648 0.984808 0 0.173648 0.984808 0 -0.173648 0.984808 0 -0.173648 0.984808 0 -0.5 0.866025 0 -0.5 0.866025 0 -0.766044 0.642788 0 -0.766044 0.642788 0 -0.939693 0.34202 0 -0.939693 0.34202 0 -1 0 0 -1 0 0 -0.939693 -0.34202 0 -0.939693 -0.34202 0 -0.766044 -0.642788 0 -0.766044 -0.642788 0 -0.5 -0.866025 0 -0.5 -0.866025 0 -0.173648 -0.984808 0 -0.173648 -0.984808 0 0.173648 -0.984808 0 0.173648 -0.984808 0 0.5 -0.866025 0 0.5 -0.866025 0 0.766044 -0.642788 0 0.766044 -0.642788 0 0.664463 -0.241845 0.707107 0.664463 -0.241845 0.707107 0.707107 0 0.707107 0.707107 0 0.707107 0.664463 0.241845 0.707107 0.664463 0.241845 0.707107 0.541675 0.454519 0.707107 0.541675 0.454519 0.707107 0.353553 0.612372 0.707107 0.353553 0.612372 0.707107 0.122788 0.696364 0.707107 0.122788 0.696364 0.707107 -0.122788 0.696364 0.707107 -0.122788 0.696364 0.707107 -0.353553 0.612372 0.707107 -0.353553 0.612372 0.707107 -0.541675 0.454519 0.707107 -0.541675 0.454519 0.707107 -0.664463 0.241845 0.707107 -0.664463 0.241845 0.707107 -0.707107 0 0.707107 -0.707107 0 0.707107 -0.707107 0 0.707107 -0.707107 0 0.707107 -0.664463 -0.241845 0.707107 -0.664463 -0.241845 0.707107 -0.541675 -0.454519 0.707107 -0.541675 -0.454519 0.707107 -0.353553 -0.612372 0.707107 -0.353553 -0.612372 0.707107 -0.122788 -0.696364 0.707107 -0.122788 -0.696364 0.707107 0.122788 -0.696364 0.707107 0.122788 -0.696364 0.707107 0.353553 -0.612372 0.707107 0.353553 -0.612372 0.707107 0.541675 -0.454519 0.707107 0.541675 -0.454519 0.707107 0.939693 -0.34202 0 0.939693 -0.34202 0 1 0 0 1 0 0 1 0 0 1 0 0 0.939693 0.34202 0 0.939693 0.34202 0 0.766044 0.642788 0 0.766044 0.642788 0 0.5 0.866025 0 0.5 0.866025 0 0.173648 0.984808 0 0.173648 0.984808 0 -0.173648 0.984808 0 -0.173648 0.984808 0 -0.5 0.866025 0 -0.5 0.866025 0 -0.766044 0.642788 0 -0.766044 0.642788 0 -0.939693 0.34202 0 -0.939693 0.34202 0 -1 0 0 -1 0 0 -0.939693 -0.34202 0 -0.939693 -0.34202 0 -0.766044 -0.642788 0 -0.766044 -0.642788 0 -0.5 -0.866025 0 -0.5 -0.866025 0 -0.173648 -0.984808 0 -0.173648 -0.984808 0 0.173648 -0.984808 0 0.173648 -0.984808 0 0.5 -0.866025 0 0.5 -0.866025 0 0.766044 -0.642788 0 0.766044 -0.642788 0 0.664463 -0.241845 0.707107 0.664463 -0.241845 0.707107 0.707107 0 0.707107 0.707107 0 0.707107 0.664463 0.241845 0.707107 0.664463 0.241845 0.707107 0.541675 0.454519 0.707107 0.541675 0.454519 0.707107 0.353553 0.612372 0.707107 0.353553 0.612372 0.707107 0.122788 0.696364 0.707107 0.122788 0.696364 0.707107 -0.122788 0.696364 0.707107 -0.122788 0.696364 0.707107 -0.353553 0.612372 0.707107 -0.353553 0.612372 0.707107 -0.541675 0.454519 0.707107 -0.541675 0.454519 0.707107 -0.664463 0.241845 0.707107 -0.664463 0.241845 0.707107 -0.707107 0 0.707107 -0.707107 0 0.707107 -0.707107 0 0.707107 -0.707107 0 0.707107 -0.664463 -0.241845 0.707107 -0.664463 -0.241845 0.707107 -0.541675 -0.454519 0.707107 -0.541675 -0.454519 0.707107 -0.353553 -0.612372 0.707107 -0.353553 -0.612372 0.707107 -0.122788 -0.696364 0.707107 -0.122788 -0.696364 0.707107 0.122788 -0.696364 0.707107 0.122788 -0.696364 0.707107 0.353553 -0.612372 0.707107 0.353553 -0.612372 0.707107 0.541675 -0.454519 0.707107 0.541675 -0.454519 0.707107 0.939693 -0.34202 0 0.939693 -0.34202 0 1 0 0 1 0 0 1 0 0 1 0 0 0.939693 0.34202 0 0.939693 0.34202 0 0.766044 0.642788 0 0.766044 0.642788 0 0.5 0.866025 0 0.5 0.866025 0 0.173648 0.984808 0 0.173648 0.984808 0 -0.173648 0.984808 0 -0.173648 0.984808 0 -0.5 0.866025 0 -0.5 0.866025 0 -0.766044 0.642788 0 -0.766044 0.642788 0 -0.939693 0.34202 0 -0.939693 0.34202 0 -1 0 0 -1 0 0 -0.939693 -0.34202 0 -0.939693 -0.34202 0 -0.766044 -0.642788 0 -0.766044 -0.642788 0 -0.5 -0.866025 0 -0.5 -0.866025 0 -0.173648 -0.984808 0 -0.173648 -0.984808 0 0.173648 -0.984808 0 0.173648 -0.984808 0 0.5 -0.866025 0 0.5 -0.866025 0 0.766044 -0.642788 0 0.766044 -0.642788 0 0 0 1 0 0 1 0 0 1 0 0 1 0 0 1 0 0 1 0 0 1 0 0 1 0 0 1 0 0 1 0 0 1 0 0 1 0 0 1 0 0 1 0 0 1 0 0 1 0 0 1 0 0 1 0 0 1 0 0 1 0 0 1 0 0 1 0 0 1 0 0 1 0 0 1 0 0 1 0 0 1 0 0 1 0 0 1 0 0 1 0 0 1 0 0 1 0 0 1 0 0 1 0 0 1 0 0 1 0 0 1 0 0 1 0 0 1 0 0 1 0 0 1 0 0 1 0 0 1 0 0 1 0 0 1 0 0 1 0 0 1 0 0 1 0 0 1 0 0 1 0 0 1 0 0 1 0 0 1 0 0 1 0 0 1 0 0 1 0 0 1 0 0 1 0 0 1 0 0 1 0 0 1 0 0 1 0 0 1 0 0 1 0 0 1 0 0 1 0 0 1 0 0 1 0 0 1 0 0 1 0 0 1 0 0 1 0 0 1 0 0 1 0 0 1 0 0 1 0 0 1 0 0 1 0 0 1 0 0 1 0 0 1 0 0 1 0 0 1 0 0 1 0 0 1 0 0 1 0 0 1 0 0 1 0 0 1 0 0 1 0 0 1 0 0 1 0 0 1 0 0 1 0 0 1 0 0 1 0 0 1 0 0 1 0 0 1 0 0 1 0 0 1 0 0 1 0 0 1 0 0 1 0 0 1 0 0 1 0 0 1 0 0 1 0 0 1 0 0 1 0 0 1 0 0 1 0 0 1 0 0 1 0 0 1 0 0 1 0 0 1 0 0 1 0 0 1 0 0 1 0 0 1 0 0 1 0 0 1 0 0 1 0 0 1 0 0 1 0 0 1 0 0 1 0 0 1 0 0 1 0 0 1 0 0 1 0 0 1 0 0 1 0 0 1 0 0 1 0 0 1 0 0 1 0 0 1 0 0 1 0 0 1 0 0 1 0 0 1 0 0 1 0.939693 -0.34202 0 0.939693 -0.34202 0 1 0 0 1 0 0 1 0 0 1 0 0 0.939693 0.34202 0 0.939693 0.34202 0 0.766044 0.642788 0 0.766044 0.642788 0 0.5 0.866025 0 0.5 0.866025 0 0.173648 0.984808 0 0.173648 0.984808 0 -0.173648 0.984808 0 -0.173648 0.984808 0 -0.5 0.866025 0 -0.5 0.866025 0 -0.766044 0.642788 0 -0.766044 0.642788 0 -0.939693 0.34202 0 -0.939693 0.34202 0 -1 0 0 -1 0 0 -0.939693 -0.34202 0 -0.939693 -0.34202 0 -0.766044 -0.642788 0 -0.766044 -0.642788 0 -0.5 -0.866025 0 -0.5 -0.866025 0 -0.173648 -0.984808 0 -0.173648 -0.984808 0 0.173648 -0.984808 0 0.173648 -0.984808 0 0.5 -0.866025 0 0.5 -0.866025 0 0.766044 -0.642788 0 0.766044 -0.642788 0 0.939693 -0.34202 0 0.939693 -0.34202 0 1 0 0 1 0 0 1 0 0 1 0 0 0.939693 0.34202 0 0.939693 0.34202 0 0.766044 0.642788 0 0.766044 0.642788 0 0.5 0.866025 0 0.5 0.866025 0 0.173648 0.984808 0 0.173648 0.984808 0 -0.173648 0.984808 0 -0.173648 0.984808 0 -0.5 0.866025 0 -0.5 0.866025 0 -0.766044 0.642788 0 -0.766044 0.642788 0 -0.939693 0.34202 0 -0.939693 0.34202 0 -1 0 0 -1 0 0 -0.939693 -0.34202 0 -0.939693 -0.34202 0 -0.766044 -0.642788 0 -0.766044 -0.642788 0 -0.5 -0.866025 0 -0.5 -0.866025 0 -0.173648 -0.984808 0 -0.173648 -0.984808 0 0.173648 -0.984808 0 0.173648 -0.984808 0 0.5 -0.866025 0 0.5 -0.866025 0 0.766044 -0.642788 0 0.766044 -0.642788 0 0.939693 -0.34202 0 0.939693 -0.34202 0 1 0 0 1 0 0 1 0 0 1 0 0 0.939693 0.34202 0 0.939693 0.34202 0 0.766044 0.642788 0 0.766044 0.642788 0 0.5 0.866025 0 0.5 0.866025 0 0.173648 0.984808 0 0.173648 0.984808 0 -0.173648 0.984808 0 -0.173648 0.984808 0 -0.5 0.866025 0 -0.5 0.866025 0 -0.766044 0.642788 0 -0.766044 0.642788 0 -0.939693 0.34202 0 -0.939693 0.34202 0 -1 0 0 -1 0 0 -0.939693 -0.34202 0 -0.939693 -0.34202 0 -0.766044 -0.642788 0 -0.766044 -0.642788 0 -0.5 -0.866025 0 -0.5 -0.866025 0 -0.173648 -0.984808 0 -0.173648 -0.984808 0 0.173648 -0.984808 0 0.173648 -0.984808 0 0.5 -0.866025 0 0.5 -0.866025 0 0.766044 -0.642788 0 0.766044 -0.642788 0 0.939693 -0.34202 0 0.939693 -0.34202 0 1 0 0 1 0 0 1 0 0 1 0 0 0.939693 0.34202 0 0.939693 0.34202 0 0.766044 0.642788 0 0.766044 0.642788 0 0.5 0.866025 0 0.5 0.866025 0 0.173648 0.984808 0 0.173648 0.984808 0 -0.173648 0.984808 0 -0.173648 0.984808 0 -0.5 0.866025 0 -0.5 0.866025 0 -0.766044 0.642788 0 -0.766044 0.642788 0 -0.939693 0.34202 0 -0.939693 0.34202 0 -1 0 0 -1 0 0 -0.939693 -0.34202 0 -0.939693 -0.34202 0 -0.766044 -0.642788 0 -0.766044 -0.642788 0 -0.5 -0.866025 0 -0.5 -0.866025 0 -0.173648 -0.984808 0 -0.173648 -0.984808 0 0.173648 -0.984808 0 0.173648 -0.984808 0 0.5 -0.866025 0 0.5 -0.866025 0 0.766044 -0.642788 0 0.766044 -0.642788 0 0.684892 -0.17585 0.707107 0.68656 -0.169222 0.707107 0.707107 0 0.707107 0.707107 0 0.707107 0.68656 0.169222 0.707107 0.626112 -0.328609 0.707107 0.619642 -0.340651 0.707107 0.529277 -0.468899 0.707107 0.515459 -0.484048 0.707107 0.401682 -0.581937 0.707107 0.378887 -0.59703 0.707107 0.250744 -0.661156 0.707107 0.218508 -0.672499 0.707107 0.0852323 -0.701951 0.707107 0.0443996 -0.705711 0.707107 -0.0852323 -0.701951 0.707107 -0.132499 -0.694582 0.707107 -0.250744 -0.661156 0.707107 -0.301071 -0.639809 0.707107 -0.401682 -0.581937 0.707107 -0.450727 -0.544835 0.707107 -0.529277 -0.468899 0.707107 -0.572061 -0.415627 0.707107 -0.626112 -0.328609 0.707107 -0.657451 -0.260303 0.707107 -0.68656 -0.169222 0.707107 -0.701531 -0.088624 0.707107 -0.707107 0 0.707107 -0.707107 0 0.707107 -0.701531 -0.088624 0.707107 -0.701531 0.088624 0.707107 -0.68656 0.169222 0.707107 -0.657451 0.260303 0.707107 -0.626112 0.328609 0.707107 -0.572061 0.415627 0.707107 -0.529277 0.468899 0.707107 -0.450727 0.544835 0.707107 -0.401682 0.581937 0.707107 -0.301071 0.639809 0.707107 -0.250744 0.661156 0.707107 -0.132499 0.694582 0.707107 -0.0852323 0.701951 0.707107 0.0443996 0.705711 0.707107 0.0852323 0.701951 0.707107 0.218508 0.672499 0.707107 0.250744 0.661156 0.707107 0.378887 0.59703 0.707107 0.401682 0.581937 0.707107 0.515459 0.484048 0.707107 0.529277 0.468899 0.707107 0.619642 0.340651 0.707107 0.626112 0.328609 0.707107 0.684892 0.17585 0.707107 0.968583 -0.24869 0 0.968583 -0.24869 0 1 0 0 1 0 0 1 0 0 1 0 0 0.968583 0.24869 0 0.968583 0.24869 0 0.876307 0.481754 0 0.876307 0.481754 0 0.728969 0.684547 0 0.728969 0.684547 0 0.535827 0.844328 0 0.535827 0.844328 0 0.309017 0.951057 0 0.309017 0.951057 0 0.0627905 0.998027 0 0.0627905 0.998027 0 -0.187381 0.982287 0 -0.187381 0.982287 0 -0.425779 0.904827 0 -0.425779 0.904827 0 -0.637424 0.770513 0 -0.637424 0.770513 0 -0.809017 0.587785 0 -0.809017 0.587785 0 -0.929776 0.368125 0 -0.929776 0.368125 0 -0.992115 0.125333 0 -0.992115 0.125333 0 -0.992115 -0.125333 0 -0.992115 -0.125333 0 -0.929776 -0.368125 0 -0.929776 -0.368125 0 -0.809017 -0.587785 0 -0.809017 -0.587785 0 -0.637424 -0.770513 0 -0.637424 -0.770513 0 -0.425779 -0.904827 0 -0.425779 -0.904827 0 -0.187381 -0.982287 0 -0.187381 -0.982287 0 0.0627905 -0.998027 0 0.0627905 -0.998027 0 0.309017 -0.951057 0 0.309017 -0.951057 0 0.535827 -0.844328 0 0.535827 -0.844328 0 0.728969 -0.684547 0 0.728969 -0.684547 0 0.876307 -0.481754 0 0.876307 -0.481754 0 0 0 1 0 0 1 0 0 1 0 0 1 0 0 1 0 0 1 0 0 1 0 0 1 0 0 1 0 0 1 0 0 1 0 0 1 0 0 1 0 0 1 0 0 1 0 0 1 0 0 1 0 0 1 0 0 1 0 0 1 0 0 1 0 0 1 0 0 1 0 0 1 0 0 1 -0.695743 0.126259 0.707107 -0.707107 0 0.707107 -0.707107 0 0.707107 -0.695743 -0.126259 0.707107 -0.695067 -0.129931 0.707107 -0.662018 -0.24846 0.707107 -0.659357 -0.255436 0.707107 -0.607015 -0.362675 0.707107 -0.601194 -0.372244 0.707107 -0.532502 -0.465233 0.707107 -0.522558 -0.476375 0.707107 -0.440874 -0.552838 0.707107 -0.426127 -0.564283 0.707107 -0.335076 -0.622675 0.707107 -0.315185 -0.632976 0.707107 -0.218508 -0.672499 0.707107 -0.193509 -0.680113 0.707107 -0.0949173 -0.700707 0.707107 -0.0652436 -0.70409 0.707107 0.0317242 -0.706395 0.707107 0.0652436 -0.70409 0.707107 0.157346 -0.689378 0.707107 0.193509 -0.680113 0.707107 0.277911 -0.650204 0.707107 0.315185 -0.632976 0.707107 0.389543 -0.590132 0.707107 0.426127 -0.564283 0.707107 0.488655 -0.511093 0.707107 0.522558 -0.476375 0.707107 0.572061 -0.415627 0.707107 0.601194 -0.372244 0.707107 0.637081 -0.306802 0.707107 0.659357 -0.255436 0.707107 0.681625 -0.188116 0.707107 0.695067 -0.129931 0.707107 0.70426 -0.0633846 0.707107 0.707107 0 0.707107 0.707107 0 0.707107 0.70426 -0.0633846 0.707107 0.70426 0.0633846 0.707107 0.695067 0.129931 0.707107 0.681625 0.188116 0.707107 0.659357 0.255436 0.707107 0.637081 0.306802 0.707107 0.601194 0.372244 0.707107 0.572061 0.415627 0.707107 0.522558 0.476375 0.707107 0.488655 0.511093 0.707107 0.426127 0.564283 0.707107 0.389543 0.590132 0.707107 0.315185 0.632976 0.707107 0.277911 0.650204 0.707107 0.193509 0.680113 0.707107 0.157346 0.689378 0.707107 0.0652436 0.70409 0.707107 0.0317242 0.706395 0.707107 -0.0652436 0.70409 0.707107 -0.0949173 0.700707 0.707107 -0.193509 0.680113 0.707107 -0.218508 0.672499 0.707107 -0.315185 0.632976 0.707107 -0.335076 0.622675 0.707107 -0.426127 0.564283 0.707107 -0.440874 0.552838 0.707107 -0.522558 0.476375 0.707107 -0.532502 0.465233 0.707107 -0.601194 0.372244 0.707107 -0.607015 0.362675 0.707107 -0.659357 0.255436 0.707107 -0.662018 0.24846 0.707107 -0.695067 0.129931 0.707107 -0.98393 -0.178557 0 -0.98393 -0.178557 0 -1 0 0 -1 0 0 -1 0 0 -1 0 0 -0.98393 0.178557 0 -0.98393 0.178557 0 -0.936235 0.351375 0 -0.936235 0.351375 0 -0.858449 0.512899 0 -0.858449 0.512899 0 -0.753071 0.657939 0 -0.753071 0.657939 0 -0.62349 0.781832 0 -0.62349 0.781832 0 -0.473869 0.880596 0 -0.473869 0.880596 0 -0.309017 0.951057 0 -0.309017 0.951057 0 -0.134233 0.99095 0 -0.134233 0.99095 0 0.0448648 0.998993 0 0.0448648 0.998993 0 0.222521 0.974928 0 0.222521 0.974928 0 0.393025 0.919528 0 0.393025 0.919528 0 0.550897 0.834573 0 0.550897 0.834573 0 0.691063 0.722795 0 0.691063 0.722795 0 0.809017 0.587785 0 0.809017 0.587785 0 0.900969 0.433884 0 0.900969 0.433884 0 0.963963 0.266037 0 0.963963 0.266037 0 0.995974 0.0896393 0 0.995974 0.0896393 0 0.995974 -0.0896393 0 0.995974 -0.0896393 0 0.963963 -0.266037 0 0.963963 -0.266037 0 0.900969 -0.433884 0 0.900969 -0.433884 0 0.809017 -0.587785 0 0.809017 -0.587785 0 0.691063 -0.722795 0 0.691063 -0.722795 0 0.550897 -0.834573 0 0.550897 -0.834573 0 0.393025 -0.919528 0 0.393025 -0.919528 0 0.222521 -0.974928 0 0.222521 -0.974928 0 0.0448648 -0.998993 0 0.0448648 -0.998993 0 -0.134233 -0.99095 0 -0.134233 -0.99095 0 -0.309017 -0.951057 0 -0.309017 -0.951057 0 -0.473869 -0.880596 0 -0.473869 -0.880596 0 -0.62349 -0.781832 0 -0.62349 -0.781832 0 -0.753071 -0.657939 0 -0.753071 -0.657939 0 -0.858449 -0.512899 0 -0.858449 -0.512899 0 -0.936235 -0.351375 0 -0.936235 -0.351375 0 0 0 1 0 0 1 0 0 1 0 0 1 0 0 1 0 0 1 0 0 1 0 0 1 0 0 1 0 0 1 0 0 1 0 0 1 0 0 1 0 0 1 0 0 1 0 0 1 0 0 1 0 0 1 0 0 1 0 0 1 0 0 1 0 0 1 0 0 1 0 0 1 0 0 1 0 0 1 0 0 1 0 0 1 0 0 1 0 0 1 0 0 1 0 0 1 0 0 1 0 0 1 0 0 1 0 0 1 0 0 1 0 0 1 0 0 1 0 0 1 0 0 1 0 0 1 0 0 1 0 0 1 0 0 1 0 0 1 0 0 1 0 0 1 0 0 1 0 0 1 0 0 1 0 0 1 0 0 1 0 0 1 0 0 1 0 0 1 0 0 1 0 0 1 0 0 1 0 0 1 0 0 1 0 0 1 0 0 1 0 0 1 0 0 1 0 0 1 0 0 1 0 0 1 0 0 1 0 0 1 0 0 1 0 0 1 0 0 1 0 0 1 0 0 1 0 0 1 0 1 0 0 1 0 0 1 0 0 1 0 0.587785 0 0.809017 0.559017 -0.309017 0.769421 0.559017 -0.309017 0.769421 0.951057 -0.309017 0 0.904508 -0.309017 0.293893 0.951057 -0.309017 0 0 -0.309017 0.951057 0.293893 -0.309017 0.904508 0.293893 -0.309017 0.904508 0.293893 -0.309017 0.904508 0.559017 -0.309017 0.769421 0.559017 -0.309017 0.769421 0.559017 -0.309017 0.769421 0.769421 -0.309017 0.559017 0.769421 -0.309017 0.559017 0.769421 -0.309017 0.559017 0.904508 -0.309017 0.293893 0.904508 -0.309017 0.293893 -0.904508 -0.309017 0.293893 -0.904508 -0.309017 0.293893 -0.951057 -0.309017 0 0 -0.309017 0.951057 0 -0.309017 0.951057 -0.293893 -0.309017 0.904508 -0.293893 -0.309017 0.904508 -0.293893 -0.309017 0.904508 -0.559017 -0.309017 0.769421 -0.559017 -0.309017 0.769421 -0.559017 -0.309017 0.769421 -0.769421 -0.309017 0.559017 -0.769421 -0.309017 0.559017 -0.769421 -0.309017 0.559017 -0.904508 -0.309017 0.293893 -0.559017 -0.309017 0.769421 -0.587785 0 0.809017 -0.587785 0 0.809017 -0.587785 0 0.809017 -0.587785 0 0.809017 -0.587785 0 0.809017 -0.587785 0 0.809017 -0.559017 -0.181636 0.809017 -0.587785 0 0.809017 0 -0.309017 0.951057 -0.0954915 -0.293893 0.951057 -0.0954915 -0.293893 0.951057 -0.0954915 -0.293893 0.951057 -0.181636 -0.25 0.951057 -0.181636 -0.25 0.951057 -0.181636 -0.25 0.951057 -0.25 -0.181636 0.951057 -0.25 -0.181636 0.951057 -0.475528 -0.345491 0.809017 -0.475528 -0.345491 0.809017 -0.475528 -0.345491 0.809017 -0.559017 -0.181636 0.809017 -0.559017 -0.181636 0.809017 -0.769421 -0.25 0.587785 -0.769421 -0.25 0.587785 -0.769421 -0.25 0.587785 -0.904508 -0.293893 0.309017 -0.904508 -0.293893 0.309017 -0.904508 -0.293893 0.309017 -0.951057 -0.309017 0 0 -0.309017 0.951057 0 -0.309017 0.951057 0 -0.309017 0.951057 0 -0.309017 0.951057 0.0954915 -0.293893 0.951057 0 -0.309017 0.951057 0.181636 -0.25 0.951057 0.475528 -0.345491 0.809017 0.181636 -0.25 0.951057 0.0954915 -0.293893 0.951057 0.0954915 -0.293893 0.951057 0.587785 0 0.809017 0.559017 -0.181636 0.809017 0.559017 -0.181636 0.809017 0.559017 -0.181636 0.809017 0.475528 -0.345491 0.809017 0.475528 -0.345491 0.809017 0.769421 -0.25 0.587785 0.475528 -0.345491 0.809017 0.475528 -0.345491 0.809017 0.769421 -0.25 0.587785 0.904508 -0.293893 0.309017 0.904508 -0.293893 0.309017 0.904508 -0.293893 0.309017 0.951057 -0.309017 0 0.951057 -0.309017 0 0.587785 0 0.809017 0.587785 0 0.809017 0.587785 0 0.809017 0 -0.309017 0.951057 0 -0.309017 0.951057 0 -0.309017 0.951057 0 -0.309017 0.951057 0 -0.309017 0.951057 0 -0.309017 0.951057 0.587785 0 0.809017 0.559017 -0.309017 0.769421 0.559017 -0.309017 0.769421 0.951057 -0.309017 0 0.904508 -0.309017 0.293893 0.951057 -0.309017 0 0 -0.309017 0.951057 0.293893 -0.309017 0.904508 0.293893 -0.309017 0.904508 0.293893 -0.309017 0.904508 0.559017 -0.309017 0.769421 0.559017 -0.309017 0.769421 0.559017 -0.309017 0.769421 0.769421 -0.309017 0.559017 0.769421 -0.309017 0.559017 0.769421 -0.309017 0.559017 0.904508 -0.309017 0.293893 0.904508 -0.309017 0.293893 0.929128 0.308564 0.203741 0.949498 0.313774 0 0.949498 0.313774 0 0.878384 0.287534 0.381793 0.878384 0.287534 0.381793 0.929128 0.308564 0.203741 0.0919881 0.429335 0.898448 0.0919881 0.429335 0.898448 0.184574 0.351818 0.917691 -0.0167427 0.315142 0.948897 0.0919881 0.429335 0.898448 0.55942 0.159929 0.81331 0.584858 0.00573246 0.811115 0.55942 0.159929 0.81331 0.698331 0.20752 0.685032 0.818568 0.259772 0.512313 0.818568 0.259772 0.512313 0.818568 0.259772 0.512313 0.878384 0.287534 0.381793 0.184574 0.351818 0.917691 0.592854 0.359132 0.720797 0.358843 0.38857 0.848673 0.358843 0.38857 0.848673 0.184574 0.351818 0.917691 0.55942 0.159929 0.81331 0.592854 0.359132 0.720797 0.698331 0.20752 0.685032 0.592854 0.359132 0.720797 0.358843 0.38857 0.848673 0.358843 0.38857 0.848673 0.465125 0.276484 0.840961 0.465125 0.276484 0.840961 0.55942 0.159929 0.81331 -0.843611 0.488936 0.221953 -0.843611 0.488936 0.221953 -0.951147 0.308739 0 -0.843611 0.488936 0.221953 -0.790925 0.454832 0.409348 -0.843611 0.488936 0.221953 -0.585469 0.00297599 0.81069 -0.585469 0.00297599 0.81069 -0.578085 0.133702 0.804948 -0.111321 0.414534 0.9032 0.0149331 0.314607 0.949104 -0.111321 0.414534 0.9032 -0.790925 0.454832 0.409348 -0.790925 0.454832 0.409348 -0.730347 0.41379 0.543481 -0.611145 0.335077 0.717095 -0.611145 0.335077 0.717095 -0.730347 0.41379 0.543481 -0.480595 0.258058 0.838114 -0.480595 0.258058 0.838114 -0.578085 0.133702 0.804948 -0.611145 0.335077 0.717095 -0.480595 0.258058 0.838114 -0.480595 0.258058 0.838114 -0.38857 0.358843 0.848673 -0.38857 0.358843 0.848673 -0.38857 0.358843 0.848673 -0.38857 0.358843 0.848673 -0.282002 0.25918 0.923743 -0.282002 0.25918 0.923743 -0.198164 0.339977 0.919319 -0.111321 0.414534 0.9032 -0.111321 0.414534 0.9032 -0.198164 0.339977 0.919319 -0.904508 -0.309017 0.293893 -0.904508 -0.309017 0.293893 -0.951057 -0.309017 0 0 -0.309017 0.951057 0 -0.309017 0.951057 -0.293893 -0.309017 0.904508 -0.293893 -0.309017 0.904508 -0.293893 -0.309017 0.904508 -0.559017 -0.309017 0.769421 -0.559017 -0.309017 0.769421 -0.559017 -0.309017 0.769421 -0.769421 -0.309017 0.559017 -0.769421 -0.309017 0.559017 -0.769421 -0.309017 0.559017 -0.904508 -0.309017 0.293893 -0.559017 -0.309017 0.769421 -0.587785 0 0.809017 -0.587785 0 0.809017 -0.587785 0 0.809017 -0.587785 0 0.809017 -0.587785 0 0.809017 0 0.309017 0.951057 0 0.309017 0.951057 0 0.309017 0.951057 0.587785 0 0.809017 0.587785 0 0.809017 0.587785 0 0.809017 0.951057 -0.309017 0 0.951057 -0.309017 0 0.951057 -0.309017 0 0.366236 -0.266338 -0.891591 0.366236 -0.266338 -0.891591 0.244463 -0.386422 -0.889335 0.937714 -0.325346 -0.121831 0.937714 -0.325346 -0.121831 0.937714 -0.325346 -0.121831 0.882256 -0.297277 -0.365035 0.882256 -0.297277 -0.365035 0.882256 -0.297277 -0.365035 0.834553 -0.276065 -0.476769 0.834553 -0.276065 -0.476769 0.834553 -0.276065 -0.476769 0.673713 -0.206875 -0.709446 0.673713 -0.206875 -0.709446 0.366236 -0.266338 -0.891591 0.366236 -0.266338 -0.891591 0.475983 -0.138177 -0.868532 0.951021 -0.309128 0 0.937714 -0.325346 -0.121831 0.475983 -0.138177 -0.868532 0.475983 -0.138177 -0.868532 0.379609 -0.00089701 -0.925147 0.0688778 -0.394147 -0.916463 0.00126359 -0.37859 -0.925564 0.0688778 -0.394147 -0.916463 0.0688778 -0.394147 -0.916463 0.0688778 -0.394147 -0.916463 0.135554 -0.337767 -0.931417 0.135554 -0.337767 -0.931417 0.244463 -0.386422 -0.889335 0.244463 -0.386422 -0.889335 0.244463 -0.386422 -0.889335 0.951057 -0.309017 0 0.951057 -0.309017 0 0.951057 -0.309017 0 0 -0.382683 -0.92388 0 -0.382683 -0.92388 0 -0.382683 -0.92388 -0.902202 -0.417651 -0.107699 -0.950646 -0.310278 0 -0.902202 -0.417651 -0.107699 -0.290826 -0.403997 -0.867298 -0.290826 -0.403997 -0.867298 -0.423781 -0.26918 -0.864842 0.00111478 -0.385014 -0.92291 0.00111478 -0.385014 -0.92291 -0.107093 -0.396364 -0.911826 -0.4258 -0.0721931 -0.901933 -0.3839 0.00071298 -0.923374 -0.558172 -0.100064 -0.82367 -0.558172 -0.100064 -0.82367 -0.4258 -0.0721931 -0.901933 -0.902202 -0.417651 -0.107699 -0.869683 -0.397851 -0.292176 -0.869683 -0.397851 -0.292176 -0.869683 -0.397851 -0.292176 -0.869683 -0.397851 -0.292176 -0.800771 -0.358746 -0.479654 -0.800771 -0.358746 -0.479654 -0.800771 -0.358746 -0.479654 -0.703541 -0.302611 -0.643006 -0.703541 -0.302611 -0.643006 -0.423781 -0.26918 -0.864842 -0.423781 -0.26918 -0.864842 -0.484488 -0.197735 -0.852157 -0.290826 -0.403997 -0.867298 -0.558172 -0.100064 -0.82367 -0.484488 -0.197735 -0.852157 -0.558172 -0.100064 -0.82367 -0.21303 -0.299749 -0.929929 -0.290826 -0.403997 -0.867298 -0.290826 -0.403997 -0.867298 -0.107093 -0.396364 -0.911826 -0.21303 -0.299749 -0.929929 -0.951057 -0.309017 0 -0.951057 -0.309017 0 -0.951057 -0.309017 0 -0.587785 0 -0.809017 -0.587785 0 -0.809017 -0.382683 0 -0.92388 -0.587785 0 -0.809017 -0.522996 -0.287175 -0.8025 -0.848624 -0.131801 -0.512314 -0.522996 -0.287175 -0.8025 -0.848624 -0.131801 -0.512314 -0.110334 -0.309873 -0.944354 -0.110334 -0.309873 -0.944354 0 -0.309017 -0.951057 -0.951057 -0.309017 0 -0.951057 -0.309017 0 -0.937753 -0.251654 -0.239351 -0.937753 -0.251654 -0.239351 -0.848624 -0.131801 -0.512314 -0.587785 0 -0.809017 -0.522996 -0.287175 -0.8025 -0.522996 -0.287175 -0.8025 -0.110334 -0.309873 -0.944354 -0.309873 -0.110334 -0.944354 -0.309873 -0.110334 -0.944354 -0.522996 -0.287175 -0.8025 -0.951057 -0.309017 0 -0.951057 -0.309017 0 -0.951057 -0.309017 0 0.848624 -0.512314 -0.131801 0.951057 -0.309017 0 0.848624 -0.512314 -0.131801 0.848624 -0.512314 -0.131801 0.848624 -0.512314 -0.131801 0.848624 -0.512314 -0.131801 0.781605 -0.30696 -0.543019 0.781605 -0.30696 -0.543019 0.543019 -0.30696 -0.781605 0.543019 -0.30696 -0.781605 0.543019 -0.30696 -0.781605 0.587785 0 -0.809017 0 -0.309017 -0.951057 0.251654 -0.239351 -0.937753 0 -0.309017 -0.951057 0.251654 -0.239351 -0.937753 0.543019 -0.30696 -0.781605 0.543019 -0.30696 -0.781605 0.251654 -0.239351 -0.937753 0 -0.309017 -0.951057 0 -0.309017 -0.951057 0 -0.309017 -0.951057 0 -0.309017 -0.951057 0.110334 -0.309873 -0.944354 0.110334 -0.309873 -0.944354 0.951057 -0.309017 0 0.951057 -0.309017 0 0.937753 -0.251654 -0.239351 0.522996 -0.287175 -0.8025 0.522996 -0.287175 -0.8025 0.587785 0 -0.809017 0.522996 -0.287175 -0.8025 0.522996 -0.287175 -0.8025 0.848624 -0.131801 -0.512314 0.110334 -0.309873 -0.944354 0.522996 -0.287175 -0.8025 0.937753 -0.251654 -0.239351 0.937753 -0.251654 -0.239351 0.848624 -0.131801 -0.512314 0.951057 -0.309017 0 0.951057 -0.309017 0 0.951057 -0.309017 0 -0.251654 -0.239351 -0.937753 0 -0.309017 -0.951057 0 -0.309017 -0.951057 -0.543019 -0.30696 -0.781605 -0.543019 -0.30696 -0.781605 -0.781605 -0.30696 -0.543019 -0.543019 -0.30696 -0.781605 -0.587785 0 -0.809017 -0.587785 0 -0.809017 -0.951057 -0.309017 0 -0.848624 -0.512314 -0.131801 -0.848624 -0.512314 -0.131801 -0.543019 -0.30696 -0.781605 -0.251654 -0.239351 -0.937753 -0.848624 -0.512314 -0.131801 -0.937753 -0.239351 -0.251654 -0.781605 -0.30696 -0.543019 -0.781605 -0.30696 -0.543019 -0.937753 -0.239351 -0.251654 -0.848624 -0.512314 -0.131801 -0.951057 -0.309017 0 -0.951057 -0.309017 0 -0.951057 -0.309017 0 -0.587785 0 -0.809017 -0.587785 0 -0.809017 -0.587785 0 -0.809017 0.876307 0.481754 0 0.833417 0.458175 -0.309017 0.833417 0.458175 -0.309017 -0.876307 0.481754 0 -0.876307 0.481754 0 -0.833417 0.458175 -0.309017 -0.58315 0.073669 -0.809017 -0.58315 0.073669 -0.809017 -0.587785 0 -0.809017 0.833417 0.458175 -0.309017 0.708947 0.389747 -0.587785 0.708947 0.389747 -0.587785 -0.833417 0.458175 -0.309017 -0.833417 0.458175 -0.309017 -0.708947 0.389747 -0.587785 0.587785 0 -0.809017 0.587785 0 -0.809017 0.58315 0.073669 -0.809017 0.58315 0.073669 -0.809017 0.58315 0.073669 -0.809017 0.569319 0.146176 -0.809017 0.569319 0.146176 -0.809017 0.546509 0.216378 -0.809017 0.546509 0.216378 -0.809017 0.546509 0.216378 -0.809017 0.51508 0.283168 -0.809017 0.51508 0.283168 -0.809017 0.51508 0.283168 -0.809017 0.475528 0.345491 -0.809017 0.708947 0.389747 -0.587785 0.475528 0.345491 -0.809017 0.475528 0.345491 -0.809017 -0.475528 0.345491 -0.809017 -0.475528 0.345491 -0.809017 -0.475528 0.345491 -0.809017 -0.51508 0.283168 -0.809017 -0.51508 0.283168 -0.809017 -0.708947 0.389747 -0.587785 -0.51508 0.283168 -0.809017 -0.546509 0.216378 -0.809017 -0.546509 0.216378 -0.809017 -0.546509 0.216378 -0.809017 -0.569319 0.146176 -0.809017 -0.569319 0.146176 -0.809017 -0.569319 0.146176 -0.809017 -0.569319 0.146176 -0.809017 -0.58315 0.073669 -0.809017 0.475528 0.345491 -0.809017 0.25 0.181636 -0.951057 0.25 0.181636 -0.951057 0.225264 0.211537 -0.951057 0.225264 0.211537 -0.951057 0.225264 0.211537 -0.951057 0.196975 0.238102 -0.951057 0.196975 0.238102 -0.951057 0.196975 0.238102 -0.951057 0.16558 0.260912 -0.951057 0.16558 0.260912 -0.951057 0.16558 0.260912 -0.951057 0.131573 0.279607 -0.951057 0.131573 0.279607 -0.951057 0.131573 0.279607 -0.951057 0.0954915 0.293893 -0.951057 0.0954915 0.293893 -0.951057 0.0954915 0.293893 -0.951057 0.057904 0.303543 -0.951057 0.057904 0.303543 -0.951057 0.057904 0.303543 -0.951057 0.0194033 0.308407 -0.951057 0.0194033 0.308407 -0.951057 0.0194033 0.308407 -0.951057 -0.0194033 0.308407 -0.951057 -0.0194033 0.308407 -0.951057 -0.0194033 0.308407 -0.951057 -0.057904 0.303543 -0.951057 -0.057904 0.303543 -0.951057 -0.057904 0.303543 -0.951057 -0.0954915 0.293893 -0.951057 -0.0954915 0.293893 -0.951057 -0.0954915 0.293893 -0.951057 -0.131573 0.279607 -0.951057 -0.131573 0.279607 -0.951057 -0.131573 0.279607 -0.951057 -0.16558 0.260912 -0.951057 -0.16558 0.260912 -0.951057 -0.16558 0.260912 -0.951057 -0.196975 0.238102 -0.951057 -0.196975 0.238102 -0.951057 -0.196975 0.238102 -0.951057 -0.225264 0.211537 -0.951057 -0.225264 0.211537 -0.951057 -0.475528 0.345491 -0.809017 0.587785 0 -0.809017 0.587785 0 -0.809017 0.587785 0 -0.809017 0 -0.309017 -0.951057 0 -0.309017 -0.951057 0 -0.309017 -0.951057 0.587785 0 -0.809017 0.382683 0 -0.92388 0.587785 0 -0.809017 0.876307 0.481754 0 0.876307 0.481754 0 0.876307 0.481754 0 -0.876307 0.481754 0 -0.876307 0.481754 0 -0.876307 0.481754 0 0.664463 -0.241845 -0.707107 0.664463 -0.241845 -0.707107 0.664463 -0.241845 -0.707107 -0.664463 -0.241845 -0.707107 -0.664463 -0.241845 -0.707107 -0.664463 -0.241845 -0.707107 -0.664463 0.241845 -0.707107 -0.664463 0.241845 -0.707107 -0.664463 0.241845 -0.707107 0.664463 0.241845 -0.707107 0.664463 0.241845 -0.707107 0.664463 0.241845 -0.707107 0.939693 0.34202 0 0.939693 0.34202 0 0.939693 0.34202 0 -0.939693 0.34202 0 -0.939693 0.34202 0 -0.939693 0.34202 0 -0.939693 -0.34202 0 -0.939693 -0.34202 0 -0.939693 -0.34202 0 0.939693 -0.34202 0 0.939693 -0.34202 0 0.939693 -0.34202 0 -0.664463 -0.241845 0.707107 -0.664463 -0.241845 0.707107 -0.664463 -0.241845 0.707107 0.664463 -0.241845 0.707107 0.664463 -0.241845 0.707107 0.664463 -0.241845 0.707107 0.664463 0.241845 0.707107 0.664463 0.241845 0.707107 0.664463 0.241845 0.707107 -0.664463 0.241845 0.707107 -0.664463 0.241845 0.707107 -0.664463 0.241845 0.707107 0 -0.34202 0.939693 0 -0.34202 0.939693 0 -0.34202 0.939693 0 -0.34202 -0.939693 0 -0.34202 -0.939693 0 -0.34202 -0.939693 0 0.34202 -0.939693 0 0.34202 -0.939693 0 0.34202 -0.939693 0 0.34202 0.939693 0 0.34202 0.939693 0 0.34202 0.939693 0 -0.34202 0.939693 0 -0.34202 0.939693 0 -0.34202 0.939693 0 -0.34202 -0.939693 0 -0.34202 -0.939693 0 -0.34202 -0.939693 0 0.34202 -0.939693 0 0.34202 -0.939693 0 0.34202 -0.939693 0 0.34202 0.939693 0 0.34202 0.939693 0 0.34202 0.939693 0 -0.34202 0.939693 0 -0.34202 0.939693 0 -0.34202 0.939693 0 -0.34202 -0.939693 0 -0.34202 -0.939693 0 -0.34202 -0.939693 0 0.34202 -0.939693 0 0.34202 -0.939693 0 0.34202 -0.939693 0 0.34202 0.939693 0 0.34202 0.939693 0 0.34202 0.939693 0 -0.34202 0.939693 0 -0.34202 0.939693 0 -0.34202 0.939693 0 -0.34202 -0.939693 0 -0.34202 -0.939693 0 -0.34202 -0.939693 0 0.34202 -0.939693 0 0.34202 -0.939693 0 0.34202 -0.939693 0 0.34202 0.939693 0 0.34202 0.939693 0 0.34202 0.939693 0 0.34202 0.939693 0 0.34202 0.939693 0 0.34202 0.939693 0 0.34202 -0.939693 0 0.34202 -0.939693 0 0.34202 -0.939693 0 -0.34202 -0.939693 0 -0.34202 -0.939693 0 -0.34202 -0.939693 0 -0.34202 0.939693 0 -0.34202 0.939693 0 -0.34202 0.939693 0 0.34202 0.939693 0 0.34202 0.939693 0 0.34202 0.939693 0 0.34202 -0.939693 0 0.34202 -0.939693 0 0.34202 -0.939693 0 -0.34202 -0.939693 0 -0.34202 -0.939693 0 -0.34202 -0.939693 0 -0.34202 0.939693 0 -0.34202 0.939693 0 -0.34202 0.939693 0 0.34202 0.939693 0 0.34202 0.939693 0 0.34202 0.939693 0 0.34202 -0.939693 0 0.34202 -0.939693 0 0.34202 -0.939693 0 -0.34202 -0.939693 0 -0.34202 -0.939693 0 -0.34202 -0.939693 0 -0.34202 0.939693 0 -0.34202 0.939693 0 -0.34202 0.939693 0 0.34202 0.939693 0 0.34202 0.939693 0 0.34202 0.939693 0 0.34202 -0.939693 0 0.34202 -0.939693 0 0.34202 -0.939693 0 -0.34202 -0.939693 0 -0.34202 -0.939693 0 -0.34202 -0.939693 0 -0.34202 0.939693 0 -0.34202 0.939693 0 -0.34202 0.939693 0.951057 0.309017 0 0.951057 0.309017 0 0.951057 0.309017 0 0.951057 0.309017 0 0.951057 0.306764 0.0372479 0.951057 0.309017 0 0 0.382683 0.92388 0 0.382683 0.92388 0.309017 0.337249 0.889253 0.587785 0 0.809017 0.587785 0.0975162 0.803118 0.587785 0 0.809017 0.587785 0.19361 0.785508 0.309017 0.227603 0.923421 0.309017 0.227603 0.923421 0.309017 0.337249 0.889253 0.587785 0.286881 0.756444 0.309017 0.337249 0.889253 0.309017 0.337249 0.889253 0.587785 0.0975162 0.803118 0.587785 0.0975162 0.803118 0.587785 0.19361 0.785508 0.587785 0.19361 0.785508 0.809017 0.208432 0.549589 0.587785 0.286881 0.756444 0.809017 0.208432 0.549589 0.809017 0.273157 0.520458 0.809017 0.273157 0.520458 0.809017 0.273157 0.520458 0.809017 0.3339 0.483738 0.809017 0.3339 0.483738 0.809017 0.3339 0.483738 0.809017 0.389774 0.439964 0.809017 0.389774 0.439964 0.809017 0.389774 0.439964 0.809017 0.439964 0.389774 0.809017 0.439964 0.389774 0.809017 0.439964 0.389774 0.809017 0.483738 0.3339 0.809017 0.483738 0.3339 0.809017 0.483738 0.3339 0.951057 0.288936 0.109579 0.951057 0.273621 0.143607 0.951057 0.273621 0.143607 0.809017 0.483738 0.3339 0.951057 0.300038 0.0739526 0.951057 0.288936 0.109579 0.951057 0.288936 0.109579 0.951057 0.306764 0.0372479 0.951057 0.300038 0.0739526 0.951057 0.300038 0.0739526 0.951057 0.306764 0.0372479 0.587785 0 0.809017 0.587785 0 0.809017 0.587785 0 0.809017 -0.876307 0.481754 0 -0.833417 0.458175 0.309017 -0.833417 0.458175 0.309017 0.876307 0.481754 0 0.876307 0.481754 0 0.833417 0.458175 0.309017 0.58315 0.073669 0.809017 0.58315 0.073669 0.809017 0.587785 0 0.809017 -0.833417 0.458175 0.309017 -0.708947 0.389747 0.587785 -0.708947 0.389747 0.587785 0.833417 0.458175 0.309017 0.833417 0.458175 0.309017 0.708947 0.389747 0.587785 -0.587785 0 0.809017 -0.587785 0 0.809017 -0.58315 0.073669 0.809017 -0.58315 0.073669 0.809017 -0.58315 0.073669 0.809017 -0.569319 0.146176 0.809017 -0.569319 0.146176 0.809017 -0.546509 0.216378 0.809017 -0.546509 0.216378 0.809017 -0.546509 0.216378 0.809017 -0.51508 0.283168 0.809017 -0.51508 0.283168 0.809017 -0.51508 0.283168 0.809017 -0.475528 0.345491 0.809017 -0.708947 0.389747 0.587785 -0.475528 0.345491 0.809017 -0.475528 0.345491 0.809017 0.475528 0.345491 0.809017 0.475528 0.345491 0.809017 0.475528 0.345491 0.809017 0.51508 0.283168 0.809017 0.51508 0.283168 0.809017 0.708947 0.389747 0.587785 0.51508 0.283168 0.809017 0.546509 0.216378 0.809017 0.546509 0.216378 0.809017 0.546509 0.216378 0.809017 0.569319 0.146176 0.809017 0.569319 0.146176 0.809017 0.569319 0.146176 0.809017 0.569319 0.146176 0.809017 0.58315 0.073669 0.809017 -0.475528 0.345491 0.809017 -0.25 0.181636 0.951057 -0.25 0.181636 0.951057 -0.225264 0.211537 0.951057 -0.225264 0.211537 0.951057 -0.225264 0.211537 0.951057 -0.196975 0.238102 0.951057 -0.196975 0.238102 0.951057 -0.196975 0.238102 0.951057 -0.16558 0.260912 0.951057 -0.16558 0.260912 0.951057 -0.16558 0.260912 0.951057 -0.131573 0.279607 0.951057 -0.131573 0.279607 0.951057 -0.131573 0.279607 0.951057 -0.0954915 0.293893 0.951057 -0.0954915 0.293893 0.951057 -0.0954915 0.293893 0.951057 -0.057904 0.303543 0.951057 -0.057904 0.303543 0.951057 -0.057904 0.303543 0.951057 -0.0194033 0.308407 0.951057 -0.0194033 0.308407 0.951057 -0.0194033 0.308407 0.951057 0.0194033 0.308407 0.951057 0.0194033 0.308407 0.951057 0.0194033 0.308407 0.951057 0.057904 0.303543 0.951057 0.057904 0.303543 0.951057 0.057904 0.303543 0.951057 0.0954915 0.293893 0.951057 0.0954915 0.293893 0.951057 0.0954915 0.293893 0.951057 0.131573 0.279607 0.951057 0.131573 0.279607 0.951057 0.131573 0.279607 0.951057 0.16558 0.260912 0.951057 0.16558 0.260912 0.951057 0.16558 0.260912 0.951057 0.196975 0.238102 0.951057 0.196975 0.238102 0.951057 0.196975 0.238102 0.951057 0.225264 0.211537 0.951057 0.225264 0.211537 0.951057 0.475528 0.345491 0.809017 -0.587785 0 0.809017 -0.587785 0 0.809017 -0.587785 0 0.809017 -0.587785 0.0975162 0.803118 -0.587785 0.0975162 0.803118 -0.587785 0 0.809017 0 0.382683 0.92388 -0.309017 0.337249 0.889253 0 0.382683 0.92388 -0.951057 0.306764 0.0372479 -0.951057 0.306764 0.0372479 -0.951057 0.309017 0 -0.587785 0.286881 0.756444 -0.587785 0.286881 0.756444 -0.309017 0.337249 0.889253 -0.309017 0.337249 0.889253 -0.587785 0.19361 0.785508 -0.951057 0.300038 0.0739526 -0.951057 0.306764 0.0372479 -0.809017 0.483738 0.3339 -0.809017 0.483738 0.3339 -0.809017 0.483738 0.3339 -0.809017 0.439964 0.389774 -0.809017 0.439964 0.389774 -0.809017 0.439964 0.389774 -0.809017 0.389774 0.439964 -0.809017 0.389774 0.439964 -0.809017 0.389774 0.439964 -0.809017 0.3339 0.483738 -0.809017 0.3339 0.483738 -0.809017 0.3339 0.483738 -0.809017 0.273157 0.520458 -0.809017 0.273157 0.520458 -0.587785 0.286881 0.756444 -0.587785 0.19361 0.785508 -0.587785 0.19361 0.785508 -0.587785 0.19361 0.785508 -0.587785 0.19361 0.785508 -0.587785 0.0975162 0.803118 -0.951057 0.288936 0.109579 -0.951057 0.300038 0.0739526 -0.951057 0.300038 0.0739526 -0.951057 0.273621 0.143607 -0.951057 0.288936 0.109579 -0.951057 0.288936 0.109579 -0.951057 0.254316 0.175542 -0.951057 0.273621 0.143607 -0.951057 0.273621 0.143607 -0.809017 0.483738 0.3339 -0.951057 0.254316 0.175542 -0.951057 0.309017 0 -0.951057 0.309017 0 -0.951057 0.309017 0 0 0.382683 0.92388 0 0.382683 0.92388 0 0.382683 0.92388 -0.607808 -0.361345 0.707107 -0.607808 -0.361345 0.707107 -0.619684 -0.340576 0.707107 -0.608615 0.359983 0.707107 -0.607808 0.361345 0.707107 -0.607808 0.361345 0.707107 0.608615 0.359983 0.707107 0.608615 0.359983 0.707107 0.633685 0.313757 0.707107 0.619684 -0.340576 0.707107 0.633685 -0.313757 0.707107 0.619684 -0.340576 0.707107 0.858449 -0.512899 0 0.858449 -0.512899 0 0.858449 -0.512899 0 -0.900969 -0.433884 0 -0.900969 -0.433884 0 -0.900969 -0.433884 0 -0.900969 0.433884 0 -0.900969 0.433884 0 -0.900969 0.433884 0 0.858449 0.512899 0 0.858449 0.512899 0 0.858449 0.512899 0 0.664463 0.241845 0.707107 0.664463 0.241845 0.707107 0.664463 0.241845 0.707107 -0.664463 0.241845 0.707107 -0.664463 0.241845 0.707107 -0.664463 0.241845 0.707107 -0.664463 -0.241845 0.707107 -0.664463 -0.241845 0.707107 -0.664463 -0.241845 0.707107 0.664463 -0.241845 0.707107 0.664463 -0.241845 0.707107 0.664463 -0.241845 0.707107 0.939693 0.34202 0 0.939693 0.34202 0 0.939693 0.34202 0 -0.939693 0.34202 0 -0.939693 0.34202 0 -0.939693 0.34202 0 -0.939693 -0.34202 0 -0.939693 -0.34202 0 -0.939693 -0.34202 0 0.939693 -0.34202 0 0.939693 -0.34202 0 0.939693 -0.34202 0 0.664463 0.241845 0.707107 0.664463 0.241845 0.707107 0.664463 0.241845 0.707107 -0.664463 0.241845 0.707107 -0.664463 0.241845 0.707107 -0.664463 0.241845 0.707107 -0.664463 -0.241845 0.707107 -0.664463 -0.241845 0.707107 -0.664463 -0.241845 0.707107 0.664463 -0.241845 0.707107 0.664463 -0.241845 0.707107 0.664463 -0.241845 0.707107 0.939693 0.34202 0 0.939693 0.34202 0 0.939693 0.34202 0 -0.939693 0.34202 0 -0.939693 0.34202 0 -0.939693 0.34202 0 -0.939693 -0.34202 0 -0.939693 -0.34202 0 -0.939693 -0.34202 0 0.939693 -0.34202 0 0.939693 -0.34202 0 0.939693 -0.34202 0 0.664463 0.241845 0.707107 0.664463 0.241845 0.707107 0.664463 0.241845 0.707107 -0.664463 0.241845 0.707107 -0.664463 0.241845 0.707107 -0.664463 0.241845 0.707107 -0.664463 -0.241845 0.707107 -0.664463 -0.241845 0.707107 -0.664463 -0.241845 0.707107 0.664463 -0.241845 0.707107 0.664463 -0.241845 0.707107 0.664463 -0.241845 0.707107 0.939693 0.34202 0 0.939693 0.34202 0 0.939693 0.34202 0 -0.939693 0.34202 0 -0.939693 0.34202 0 -0.939693 0.34202 0 -0.939693 -0.34202 0 -0.939693 -0.34202 0 -0.939693 -0.34202 0 0.939693 -0.34202 0 0.939693 -0.34202 0 0.939693 -0.34202 0 0.664463 0.241845 0.707107 0.664463 0.241845 0.707107 0.664463 0.241845 0.707107 -0.664463 0.241845 0.707107 -0.664463 0.241845 0.707107 -0.664463 0.241845 0.707107 -0.664463 -0.241845 0.707107 -0.664463 -0.241845 0.707107 -0.664463 -0.241845 0.707107 0.664463 -0.241845 0.707107 0.664463 -0.241845 0.707107 0.664463 -0.241845 0.707107 0.939693 0.34202 0 0.939693 0.34202 0 0.939693 0.34202 0 -0.939693 0.34202 0 -0.939693 0.34202 0 -0.939693 0.34202 0 -0.939693 -0.34202 0 -0.939693 -0.34202 0 -0.939693 -0.34202 0 0.939693 -0.34202 0 0.939693 -0.34202 0 0.939693 -0.34202 0 0.939693 0.34202 0 0.939693 0.34202 0 0.939693 0.34202 0 -0.939693 0.34202 0 -0.939693 0.34202 0 -0.939693 0.34202 0 -0.939693 -0.34202 0 -0.939693 -0.34202 0 -0.939693 -0.34202 0 0.939693 -0.34202 0 0.939693 -0.34202 0 0.939693 -0.34202 0 0.939693 0.34202 0 0.939693 0.34202 0 0.939693 0.34202 0 -0.939693 0.34202 0 -0.939693 0.34202 0 -0.939693 0.34202 0 -0.939693 -0.34202 0 -0.939693 -0.34202 0 -0.939693 -0.34202 0 0.939693 -0.34202 0 0.939693 -0.34202 0 0.939693 -0.34202 0 0.939693 0.34202 0 0.939693 0.34202 0 0.939693 0.34202 0 -0.939693 0.34202 0 -0.939693 0.34202 0 -0.939693 0.34202 0 -0.939693 -0.34202 0 -0.939693 -0.34202 0 -0.939693 -0.34202 0 0.939693 -0.34202 0 0.939693 -0.34202 0 0.939693 -0.34202 0 0.939693 0.34202 0 0.939693 0.34202 0 0.939693 0.34202 0 -0.939693 0.34202 0 -0.939693 0.34202 0 -0.939693 0.34202 0 -0.939693 -0.34202 0 -0.939693 -0.34202 0 -0.939693 -0.34202 0 0.939693 -0.34202 0 0.939693 -0.34202 0 0.939693 -0.34202 0 0.626112 -0.328609 0.707107 0.619642 -0.340651 0.707107 0.619642 -0.340651 0.707107 -0.626112 -0.328609 0.707107 -0.626112 -0.328609 0.707107 -0.657451 -0.260303 0.707107 -0.626112 0.328609 0.707107 -0.657451 0.260303 0.707107 -0.626112 0.328609 0.707107 0.619642 0.340651 0.707107 0.619642 0.340651 0.707107 0.626112 0.328609 0.707107 0.876307 0.481754 0 0.876307 0.481754 0 0.876307 0.481754 0 -0.929776 0.368125 0 -0.929776 0.368125 0 -0.929776 0.368125 0 -0.929776 -0.368125 0 -0.929776 -0.368125 0 -0.929776 -0.368125 0 0.876307 -0.481754 0 0.876307 -0.481754 0 0.876307 -0.481754 0 -0.601194 -0.372244 0.707107 -0.607015 -0.362675 0.707107 -0.601194 -0.372244 0.707107 0.601194 -0.372244 0.707107 0.601194 -0.372244 0.707107 0.637081 -0.306802 0.707107 0.601194 0.372244 0.707107 0.637081 0.306802 0.707107 0.601194 0.372244 0.707107 -0.601194 0.372244 0.707107 -0.601194 0.372244 0.707107 -0.607015 0.362675 0.707107 -0.858449 0.512899 0 -0.858449 0.512899 0 -0.858449 0.512899 0 0.900969 0.433884 0 0.900969 0.433884 0 0.900969 0.433884 0 0.900969 -0.433884 0 0.900969 -0.433884 0 0.900969 -0.433884 0 -0.858449 -0.512899 0 -0.858449 -0.512899 0 -0.858449 -0.512899 0 </float_array>
					<technique_common>
						<accessor count="4786" source="#geo_0-Normals-array" stride="3">
							<param name="X" type="float"/>
							<param name="Y" type="float"/>
							<param name="Z" type="float"/>
						</accessor>
					</technique_common>
				</source>
				<vertices id="geo_0-Vertex">
					<input semantic="POSITION" source="#geo_0-Position"/>
				</vertices>
				<triangles count="4162" material="Kunststoff_-_matt_(Schwarz)">
					<input offset="0" semantic="VERTEX" source="#geo_0-Vertex"/>
					<input offset="1" semantic="NORMAL"  source="#geo_0-Normals"/>
					<p>0 0 1 1 2 2 2 2 1 1 3 3 2 2 3 3 4 4 4 4 3 3 5 5 3744 3744 3745 3745 6 6 6 6 3746 3746 7 7 6 6 7 7 8 8 8 8 7 7 9 9 8 8 9 9 10 10 10 10 9 9 11 11 3747 3747 3748 3748 12 12 3749 3749 12 12 13 13 13 13 12 12 14 14 13 13 14 14 15 15 15 15 14 14 16 16 15 15 16 16 17 17 17 17 16 16 18 18 17 17 18 18 19 19 3750 3750 20 20 3751 3751 3752 3752 20 20 21 21 3753 3753 21 21 3754 3754 3755 3755 21 21 22 22 3756 3756 22 22 3757 3757 3758 3758 22 22 23 23 3759 3759 23 23 3760 3760 3761 3761 23 23 12 12 20 20 24 24 21 21 21 21 24 24 25 25 21 21 25 25 22 22 22 22 25 25 26 26 22 22 26 26 27 27 22 22 27 27 23 23 23 23 27 27 12 12 12 12 27 27 14 14 24 24 28 28 25 25 25 25 28 28 29 29 25 25 29 29 26 26 26 26 29 29 30 30 26 26 30 30 27 27 27 27 30 30 31 31 27 27 31 31 14 14 14 14 31 31 16 16 28 28 32 32 29 29 29 29 32 32 33 33 29 29 33 33 30 30 30 30 33 33 34 34 30 30 34 34 31 31 31 31 34 34 35 35 31 31 35 35 16 16 16 16 35 35 18 18 36 36 37 37 38 38 38 38 37 37 39 39 38 38 39 39 40 40 40 40 39 39 41 41 40 40 41 41 42 42 42 42 41 41 43 43 42 42 43 43 44 44 44 44 43 43 45 45 44 44 45 45 46 46 46 46 45 45 47 47 47 47 45 45 48 48 47 47 48 48 49 49 49 49 48 48 50 50 49 49 50 50 51 51 51 51 50 50 3762 3762 51 51 3763 3763 3764 3764 53 53 52 52 54 54 53 53 54 54 55 55 37 37 56 56 39 39 39 39 56 56 57 57 39 39 57 57 41 41 41 41 57 57 58 58 41 41 58 58 43 43 43 43 58 58 59 59 43 43 59 59 45 45 45 45 59 59 48 48 56 56 60 60 57 57 57 57 60 60 61 61 57 57 61 61 58 58 58 58 61 61 62 62 58 58 62 62 63 63 58 58 63 63 59 59 59 59 63 63 48 48 48 48 63 63 50 50 60 60 3765 3765 61 61 61 61 3766 3766 3767 3767 61 61 3768 3768 62 62 62 62 3769 3769 3770 3770 62 62 3771 3771 63 63 63 63 3772 3772 3773 3773 63 63 3774 3774 50 50 50 50 3775 3775 3776 3776 64 64 68 68 65 65 65 65 68 68 69 69 65 65 69 69 66 66 66 66 69 69 70 70 3777 3777 3778 3778 67 67 67 67 3779 3779 71 71 67 67 71 71 52 52 52 52 71 71 54 54 72 72 73 73 74 74 74 74 73 73 75 75 74 74 75 75 76 76 76 76 75 75 77 77 3780 3780 3781 3781 78 78 78 78 3782 3782 79 79 78 78 79 79 80 80 80 80 79 79 81 81 80 80 81 81 82 82 82 82 81 81 83 83 84 84 85 85 86 86 86 86 85 85 87 87 86 86 87 87 88 88 88 88 87 87 89 89 88 88 89 89 90 90 90 90 89 89 91 91 90 90 91 91 92 92 92 92 91 91 93 93 92 92 93 93 94 94 94 94 93 93 95 95 95 95 93 93 96 96 95 95 96 96 97 97 3783 3783 3784 3784 98 98 3785 3785 98 98 99 99 99 99 98 98 100 100 99 99 100 100 101 101 101 101 100 100 102 102 101 101 102 102 103 103 3786 3786 104 104 3787 3787 3788 3788 104 104 105 105 3789 3789 105 105 3790 3790 3791 3791 105 105 106 106 3792 3792 106 106 3793 3793 3794 3794 106 106 3795 3795 91 91 107 107 93 93 93 93 107 107 96 96 104 104 108 108 105 105 105 105 108 108 109 109 105 105 109 109 106 106 106 106 109 109 110 110 106 106 110 110 111 111 106 106 111 111 3796 3796 3797 3797 111 111 3798 3798 3799 3799 111 111 3800 3800 108 108 112 112 109 109 109 109 112 112 113 113 109 109 113 113 110 110 110 110 113 113 114 114 110 110 114 114 111 111 111 111 114 114 115 115 111 111 115 115 3801 3801 3802 3802 115 115 3803 3803 112 112 116 116 113 113 113 113 116 116 117 117 113 113 117 117 114 114 114 114 117 117 118 118 114 114 118 118 115 115 115 115 118 118 119 119 115 115 119 119 3804 3804 3805 3805 119 119 3806 3806 120 120 121 121 122 122 122 122 121 121 123 123 3807 3807 3808 3808 124 124 124 124 3809 3809 125 125 124 124 125 125 126 126 126 126 125 125 127 127 126 126 127 127 128 128 128 128 127 127 129 129 128 128 129 129 130 130 130 130 129 129 131 131 132 132 133 133 134 134 134 134 133 133 135 135 134 134 135 135 136 136 136 136 135 135 137 137 136 136 137 137 138 138 138 138 137 137 139 139 138 138 139 139 140 140 140 140 139 139 141 141 140 140 141 141 142 142 142 142 141 141 143 143 3810 3810 3811 3811 144 144 3812 3812 144 144 145 145 145 145 144 144 146 146 145 145 146 146 147 147 147 147 146 146 148 148 147 147 148 148 149 149 149 149 148 148 150 150 149 149 150 150 151 151 133 133 152 152 135 135 135 135 152 152 153 153 135 135 153 153 137 137 137 137 153 153 154 154 137 137 154 154 139 139 3813 3813 3814 3814 155 155 3815 3815 155 155 3816 3816 3817 3817 155 155 144 144 3818 3818 156 156 3819 3819 3820 3820 156 156 157 157 3821 3821 157 157 3822 3822 3823 3823 3824 3824 158 158 3825 3825 158 158 159 159 3826 3826 159 159 155 155 155 155 159 159 144 144 144 144 159 159 146 146 156 156 160 160 157 157 157 157 160 160 161 161 3827 3827 3828 3828 158 158 158 158 3829 3829 162 162 158 158 162 162 159 159 159 159 162 162 163 163 159 159 163 163 146 146 146 146 163 163 148 148 160 160 164 164 161 161 161 161 164 164 165 165 3830 3830 3831 3831 162 162 162 162 3832 3832 166 166 162 162 166 166 163 163 163 163 166 166 167 167 163 163 167 167 148 148 148 148 167 167 150 150 168 168 169 169 170 170 170 170 169 169 171 171 170 170 171 171 172 172 172 172 171 171 173 173 3833 3833 3834 3834 174 174 174 174 3835 3835 175 175 174 174 175 175 176 176 176 176 175 175 177 177 176 176 177 177 178 178 178 178 177 177 179 179 180 180 181 181 182 182 182 182 181 181 183 183 182 182 183 183 184 184 184 184 183 183 185 185 184 184 185 185 186 186 186 186 185 185 187 187 186 186 187 187 3836 3836 3837 3837 187 187 3838 3838 188 188 189 189 190 190 190 190 189 189 191 191 192 192 193 193 194 194 194 194 193 193 195 195 195 195 193 193 196 196 195 195 196 196 197 197 197 197 198 198 195 195 195 195 198 198 199 199 195 195 199 199 200 200 200 200 201 201 195 195 195 195 201 201 202 202 202 202 201 201 203 203 202 202 203 203 204 204 204 204 205 205 202 202 202 202 205 205 206 206 202 202 206 206 207 207 208 208 209 209 207 207 207 207 209 209 202 202 210 210 211 211 212 212 212 212 211 211 213 213 3839 3839 3840 3840 214 214 214 214 3841 3841 215 215 214 214 215 215 216 216 216 216 215 215 217 217 216 216 217 217 218 218 218 218 217 217 219 219 218 218 219 219 220 220 220 220 219 219 221 221 222 222 223 223 224 224 224 224 223 223 225 225 224 224 225 225 226 226 226 226 225 225 227 227 227 227 225 225 228 228 228 228 225 225 229 229 228 228 229 229 230 230 230 230 229 229 231 231 222 222 232 232 223 223 223 223 232 232 233 233 233 233 232 232 234 234 233 233 234 234 235 235 236 236 237 237 238 238 238 238 237 237 239 239 238 238 239 239 240 240 240 240 239 239 241 241 3842 3842 3843 3843 242 242 242 242 3844 3844 243 243 242 242 243 243 244 244 244 244 243 243 245 245 244 244 245 245 246 246 246 246 245 245 247 247 3845 3845 3846 3846 248 248 3847 3847 248 248 249 249 249 249 248 248 250 250 249 249 250 250 251 251 251 251 250 250 252 252 251 251 252 252 253 253 253 253 252 252 254 254 253 253 254 254 255 255 3848 3848 256 256 3849 3849 3850 3850 256 256 257 257 3851 3851 257 257 3852 3852 3853 3853 257 257 258 258 3854 3854 258 258 3855 3855 3856 3856 258 258 259 259 3857 3857 259 259 3858 3858 3859 3859 259 259 248 248 256 256 260 260 257 257 257 257 260 260 261 261 257 257 261 261 258 258 258 258 261 261 262 262 258 258 262 262 263 263 258 258 263 263 259 259 259 259 263 263 248 248 248 248 263 263 250 250 260 260 264 264 261 261 261 261 264 264 265 265 261 261 265 265 262 262 262 262 265 265 266 266 262 262 266 266 263 263 263 263 266 266 267 267 263 263 267 267 250 250 250 250 267 267 252 252 264 264 268 268 265 265 265 265 268 268 269 269 265 265 269 269 266 266 266 266 269 269 270 270 266 266 270 270 267 267 267 267 270 270 271 271 267 267 271 271 252 252 252 252 271 271 254 254 272 272 273 273 274 274 274 274 273 273 275 275 3860 3860 3861 3861 276 276 276 276 3862 3862 277 277 276 276 277 277 278 278 278 278 277 277 279 279 278 278 279 279 280 280 280 280 279 279 281 281 280 280 281 281 282 282 282 282 281 281 283 283 282 282 283 283 284 284 285 285 286 286 284 284 284 284 286 286 287 287 284 284 287 287 282 282 282 282 287 287 288 288 282 282 288 288 280 280 280 280 288 288 289 289 280 280 289 289 278 278 278 278 289 289 290 290 278 278 290 290 276 276 276 276 290 290 3863 3863 276 276 3864 3864 3865 3865 274 274 291 291 272 272 286 286 285 285 292 292 292 292 285 285 293 293 292 292 293 293 294 294 294 294 293 293 3866 3866 294 294 3867 3867 3868 3868 296 296 295 295 297 297 296 296 297 297 298 298 296 296 298 298 299 299 299 299 298 298 300 300 299 299 300 300 301 301 301 301 300 300 302 302 302 302 300 300 303 303 302 302 303 303 304 304 293 293 3869 3869 3870 3870 295 295 305 305 306 306 295 295 306 306 297 297 297 297 306 306 307 307 297 297 308 308 298 298 302 302 304 304 309 309 309 309 304 304 310 310 309 309 310 310 311 311 3871 3871 3872 3872 312 312 3873 3873 312 312 313 313 313 313 312 312 314 314 3874 3874 3875 3875 315 315 315 315 3876 3876 290 290 315 315 290 290 289 289 315 315 289 289 316 316 316 316 289 289 288 288 316 316 288 288 317 317 317 317 288 288 287 287 312 312 272 272 314 314 314 314 272 272 291 291 3877 3877 3878 3878 290 290 305 305 318 318 306 306 319 319 300 300 298 298 292 292 320 320 286 286 286 286 320 320 317 317 286 286 317 317 287 287 320 320 321 321 316 316 320 320 316 316 317 317 320 320 292 292 322 322 322 322 292 292 294 294 322 322 294 294 3879 3879 321 321 3880 3880 315 315 321 321 315 315 316 316 321 321 320 320 322 322 321 321 322 322 3881 3881 3882 3882 322 322 3883 3883 324 324 296 296 299 299 3884 3884 313 313 323 323 3885 3885 3886 3886 315 315 3887 3887 321 321 3888 3888 323 323 3889 3889 3890 3890 325 325 324 324 299 299 325 325 299 299 301 301 311 311 325 325 309 309 309 309 325 325 301 301 309 309 301 301 302 302 3891 3891 3892 3892 323 323 326 326 327 327 328 328 328 328 327 327 329 329 328 328 329 329 330 330 330 330 329 329 331 331 330 330 331 331 332 332 332 332 331 331 333 333 332 332 333 333 3893 3893 3894 3894 333 333 3895 3895 334 334 335 335 336 336 336 336 335 335 337 337 336 336 337 337 338 338 339 339 340 340 338 338 338 338 340 340 341 341 338 338 341 341 336 336 336 336 341 341 342 342 336 336 342 342 334 334 3896 3896 3897 3897 343 343 3898 3898 343 343 332 332 332 332 343 343 344 344 332 332 344 344 330 330 330 330 344 344 345 345 330 330 345 345 328 328 328 328 345 345 326 326 340 340 339 339 346 346 346 346 339 339 3899 3899 346 346 3900 3900 3901 3901 348 348 347 347 349 349 348 348 349 349 350 350 350 350 349 349 351 351 350 350 351 351 352 352 350 350 352 352 353 353 353 353 352 352 354 354 353 353 354 354 355 355 355 355 354 354 356 356 356 356 354 354 357 357 356 356 357 357 358 358 347 347 359 359 349 349 349 349 359 359 360 360 349 349 360 360 351 351 351 351 360 360 361 361 351 351 362 362 352 352 356 356 358 358 363 363 3902 3902 3903 3903 364 364 3904 3904 364 364 365 365 365 365 364 364 366 366 365 365 366 366 367 367 367 367 366 366 368 368 367 367 368 368 369 369 369 369 368 368 344 344 369 369 344 344 343 343 369 369 343 343 370 370 370 370 343 343 3905 3905 370 370 3906 3906 3907 3907 371 371 342 342 341 341 366 366 326 326 368 368 368 368 326 326 345 345 368 368 345 345 344 344 359 359 372 372 360 360 373 373 354 354 352 352 346 346 374 374 340 340 340 340 374 374 371 371 340 340 371 371 341 341 3908 3908 375 375 370 370 3909 3909 370 370 3910 3910 374 374 346 346 3911 3911 3912 3912 346 346 3913 3913 376 376 348 348 350 350 375 375 377 377 369 369 375 375 369 369 370 370 375 375 3914 3914 3915 3915 375 375 3916 3916 3917 3917 378 378 376 376 350 350 378 378 350 350 353 353 365 365 367 367 377 377 377 377 367 367 369 369 377 377 375 375 3918 3918 377 377 3919 3919 379 379 379 379 3920 3920 3921 3921 379 379 3922 3922 3923 3923 365 365 379 379 3924 3924 3925 3925 379 379 3926 3926 363 363 355 355 356 356 379 379 365 365 377 377 380 380 381 381 382 382 382 382 381 381 383 383 382 382 383 383 384 384 384 384 383 383 385 385 384 384 385 385 386 386 386 386 385 385 387 387 386 386 387 387 388 388 388 388 387 387 389 389 388 388 389 389 390 390 390 390 389 389 391 391 391 391 389 389 392 392 391 391 392 392 393 393 393 393 392 392 394 394 393 393 394 394 395 395 395 395 394 394 3927 3927 395 395 3928 3928 3929 3929 397 397 396 396 398 398 397 397 398 398 399 399 381 381 400 400 383 383 383 383 400 400 401 401 383 383 401 401 385 385 385 385 401 401 402 402 385 385 402 402 387 387 387 387 402 402 403 403 387 387 403 403 389 389 389 389 403 403 392 392 400 400 404 404 401 401 401 401 404 404 405 405 401 401 405 405 402 402 402 402 405 405 406 406 402 402 406 406 407 407 402 402 407 407 403 403 403 403 407 407 392 392 392 392 407 407 394 394 404 404 3930 3930 405 405 405 405 3931 3931 3932 3932 405 405 3933 3933 406 406 406 406 3934 3934 3935 3935 406 406 3936 3936 407 407 407 407 3937 3937 3938 3938 407 407 3939 3939 394 394 394 394 3940 3940 3941 3941 408 408 412 412 409 409 409 409 412 412 413 413 409 409 413 413 410 410 410 410 413 413 414 414 3942 3942 3943 3943 411 411 411 411 3944 3944 415 415 411 411 415 415 396 396 396 396 415 415 398 398 416 416 417 417 418 418 418 418 417 417 419 419 418 418 419 419 420 420 420 420 419 419 421 421 3945 3945 3946 3946 422 422 422 422 3947 3947 423 423 422 422 423 423 424 424 424 424 423 423 425 425 424 424 425 425 426 426 426 426 425 425 427 427 428 428 429 429 430 430 430 430 429 429 431 431 3948 3948 3949 3949 432 432 432 432 3950 3950 433 433 432 432 433 433 434 434 434 434 433 433 435 435 434 434 435 435 436 436 436 436 435 435 437 437 436 436 437 437 438 438 438 438 437 437 439 439 440 440 441 441 442 442 442 442 441 441 443 443 443 443 441 441 444 444 443 443 444 444 445 445 445 445 444 444 3951 3951 445 445 3952 3952 3953 3953 447 447 446 446 448 448 447 447 448 448 449 449 449 449 448 448 450 450 449 449 450 450 451 451 452 452 453 453 454 454 454 454 453 453 455 455 3954 3954 3955 3955 456 456 456 456 3956 3956 457 457 456 456 457 457 458 458 458 458 457 457 459 459 458 458 459 459 460 460 460 460 459 459 461 461 460 460 461 461 462 462 462 462 461 461 463 463 464 464 465 465 466 466 466 466 465 465 467 467 466 466 467 467 468 468 468 468 467 467 469 469 468 468 469 469 470 470 470 470 469 469 471 471 470 470 471 471 472 472 472 472 471 471 473 473 472 472 473 473 474 474 472 472 474 474 475 475 475 475 474 474 476 476 475 475 476 476 477 477 477 477 476 476 3957 3957 477 477 3958 3958 3959 3959 479 479 478 478 480 480 479 479 480 480 481 481 481 481 480 480 482 482 481 481 482 482 483 483 483 483 482 482 484 484 469 469 485 485 471 471 471 471 485 485 3960 3960 471 471 3961 3961 473 473 473 473 3962 3962 3963 3963 473 473 3964 3964 474 474 474 474 3965 3965 3966 3966 474 474 3967 3967 476 476 476 476 3968 3968 3969 3969 476 476 3970 3970 3971 3971 3972 3972 489 489 3973 3973 478 478 490 490 480 480 480 480 490 490 491 491 480 480 491 491 482 482 482 482 491 491 492 492 482 482 492 492 493 493 485 485 3974 3974 3975 3975 486 486 494 494 495 495 486 486 495 495 496 496 494 494 497 497 495 495 486 486 496 496 487 487 487 487 496 496 498 498 487 487 498 498 499 499 500 500 489 489 499 499 499 499 489 489 488 488 499 499 488 488 487 487 489 489 500 500 3976 3976 3977 3977 500 500 3978 3978 490 490 501 501 491 491 491 491 501 501 492 492 501 501 502 502 492 492 503 503 3979 3979 3980 3980 505 505 504 504 506 506 505 505 506 506 507 507 508 508 509 509 503 503 503 503 509 509 510 510 503 503 510 510 3981 3981 3982 3982 510 510 511 511 3983 3983 511 511 3984 3984 3985 3985 511 511 3986 3986 512 512 479 479 481 481 513 513 514 514 508 508 508 508 514 514 515 515 508 508 515 515 509 509 509 509 515 515 516 516 509 509 516 516 517 517 517 517 516 516 475 475 517 517 475 475 477 477 513 513 518 518 514 514 514 514 518 518 466 466 514 514 466 466 468 468 518 518 464 464 466 466 519 519 520 520 483 483 520 520 521 521 506 506 468 468 470 470 522 522 522 522 470 470 472 472 522 522 472 472 475 475 522 522 475 475 516 516 515 515 514 514 522 522 522 522 514 514 468 468 516 516 515 515 522 522 3987 3987 511 511 517 517 3988 3988 517 517 477 477 509 509 517 517 510 510 510 510 517 517 511 511 483 483 520 520 512 512 483 483 512 512 481 481 504 504 512 512 506 506 506 506 512 512 520 520 523 523 524 524 525 525 525 525 524 524 526 526 525 525 526 526 527 527 527 527 526 526 528 528 527 527 528 528 529 529 529 529 528 528 530 530 529 529 530 530 3989 3989 3990 3990 530 530 3991 3991 531 531 532 532 533 533 533 533 532 532 534 534 535 535 536 536 537 537 537 537 536 536 538 538 539 539 540 540 541 541 541 541 540 540 542 542 541 541 542 542 543 543 543 543 542 542 544 544 543 543 544 544 545 545 545 545 544 544 546 546 545 545 546 546 547 547 545 545 547 547 548 548 548 548 547 547 549 549 548 548 549 549 550 550 550 550 549 549 3992 3992 550 550 3993 3993 3994 3994 552 552 551 551 553 553 552 552 553 553 554 554 555 555 556 556 557 557 557 557 556 556 558 558 557 557 558 558 559 559 3995 3995 3996 3996 560 560 3997 3997 560 560 561 561 561 561 560 560 562 562 561 561 562 562 563 563 563 563 562 562 564 564 563 563 564 564 565 565 563 563 565 565 566 566 566 566 565 565 567 567 566 566 567 567 568 568 568 568 567 567 3998 3998 568 568 3999 3999 4000 4000 570 570 569 569 571 571 570 570 571 571 572 572 572 572 571 571 573 573 572 572 573 573 574 574 574 574 573 573 575 575 560 560 576 576 562 562 562 562 576 576 577 577 562 562 577 577 564 564 564 564 577 577 578 578 564 564 578 578 579 579 579 579 578 578 580 580 579 579 580 580 581 581 576 576 582 582 577 577 577 577 582 582 583 583 577 577 583 583 584 584 582 582 585 585 583 583 577 577 584 584 578 578 578 578 584 584 580 580 579 579 581 581 586 586 586 586 581 581 587 587 586 586 587 587 588 588 588 588 587 587 4001 4001 588 588 4002 4002 4003 4003 590 590 589 589 591 591 590 590 591 591 573 573 573 573 591 591 592 592 589 589 593 593 591 591 594 594 4004 4004 4005 4005 596 596 595 595 597 597 596 596 597 597 598 598 599 599 600 600 594 594 594 594 600 600 4006 4006 594 594 4007 4007 4008 4008 595 595 601 601 602 602 595 595 602 602 603 603 603 603 602 602 570 570 603 603 570 570 572 572 600 600 599 599 604 604 604 604 599 599 605 605 604 604 605 605 606 606 606 606 605 605 607 607 606 606 607 607 557 557 557 557 607 607 555 555 608 608 609 609 574 574 609 609 610 610 597 597 606 606 557 557 559 559 4009 4009 561 561 4010 4010 4011 4011 561 561 563 563 4012 4012 563 563 566 566 4013 4013 566 566 4014 4014 4015 4015 566 566 568 568 4016 4016 568 568 4017 4017 4018 4018 568 568 4019 4019 613 613 4020 4020 4021 4021 565 565 564 564 579 579 604 604 606 606 611 611 611 611 606 606 559 559 565 565 579 579 586 586 567 567 565 565 586 586 600 600 604 604 612 612 612 612 604 604 611 611 4022 4022 567 567 586 586 4023 4023 600 600 613 613 613 613 600 600 612 612 4024 4024 4025 4025 613 613 4026 4026 4027 4027 588 588 588 588 4028 4028 586 586 574 574 609 609 603 603 574 574 603 603 572 572 595 595 603 603 597 597 597 597 603 603 609 609 588 588 4029 4029 4030 4030 571 571 590 590 573 573 614 614 615 615 616 616 616 616 615 615 617 617 4031 4031 4032 4032 618 618 618 618 4033 4033 619 619 618 618 619 619 620 620 620 620 619 619 621 621 620 620 621 621 622 622 622 622 621 621 623 623 622 622 623 623 624 624 624 624 623 623 625 625 626 626 627 627 628 628 628 628 627 627 629 629 628 628 629 629 630 630 631 631 632 632 626 626 626 626 632 632 633 633 626 626 633 633 634 634 635 635 636 636 631 631 631 631 636 636 637 637 631 631 637 637 638 638 628 628 639 639 635 635 635 635 639 639 640 640 635 635 640 640 641 641 642 642 643 643 644 644 644 644 643 643 645 645 644 644 645 645 646 646 643 643 642 642 647 647 647 647 642 642 648 648 647 647 648 648 649 649 649 649 648 648 650 650 649 649 650 650 633 633 634 634 651 651 626 626 626 626 651 651 627 627 630 630 652 652 628 628 628 628 652 652 653 653 628 628 653 653 654 654 654 654 655 655 628 628 628 628 655 655 656 656 628 628 656 656 639 639 639 639 656 656 657 657 639 639 657 657 658 658 658 658 657 657 659 659 658 658 659 659 660 660 660 660 659 659 661 661 660 660 661 661 646 646 646 646 661 661 644 644 662 662 663 663 635 635 635 635 663 663 664 664 635 635 664 664 636 636 638 638 632 632 631 631 632 632 649 649 633 633 641 641 665 665 635 635 635 635 665 665 662 662 666 666 667 667 668 668 668 668 667 667 669 669 668 668 669 669 670 670 670 670 669 669 671 671 670 670 671 671 672 672 670 670 672 672 673 673 673 673 672 672 674 674 673 673 674 674 4034 4034 4035 4035 674 674 4036 4036 675 675 676 676 677 677 677 677 676 676 678 678 677 677 678 678 679 679 680 680 681 681 682 682 682 682 681 681 683 683 682 682 683 683 684 684 684 684 683 683 685 685 685 685 683 683 686 686 4037 4037 4038 4038 687 687 4039 4039 4040 4040 688 688 4041 4041 688 688 689 689 689 689 688 688 690 690 689 689 690 690 691 691 691 691 690 690 692 692 692 692 690 690 693 693 693 693 690 690 694 694 693 693 694 694 695 695 695 695 694 694 696 696 696 696 694 694 697 697 696 696 697 697 698 698 698 698 697 697 699 699 698 698 699 699 700 700 700 700 699 699 4042 4042 700 700 4043 4043 4044 4044 691 691 4045 4045 689 689 689 689 4046 4046 4047 4047 689 689 4048 4048 4049 4049 687 687 702 702 703 703 687 687 703 703 704 704 701 701 705 705 702 702 702 702 705 705 703 703 704 704 4050 4050 687 687 688 688 4051 4051 706 706 706 706 4052 4052 699 699 706 706 699 699 697 697 4053 4053 699 699 4054 4054 4055 4055 699 699 4056 4056 694 694 690 690 706 706 706 706 690 690 688 688 694 694 706 706 697 697 707 707 708 708 709 709 709 709 708 708 710 710 709 709 710 710 711 711 711 711 710 710 712 712 711 711 712 712 713 713 713 713 712 712 714 714 713 713 714 714 4057 4057 4058 4058 714 714 4059 4059 715 715 716 716 717 717 717 717 716 716 718 718 719 719 720 720 721 721 721 721 720 720 722 722 721 721 722 722 723 723 4060 4060 4061 4061 724 724 4062 4062 724 724 725 725 726 726 727 727 725 725 725 725 727 727 728 728 725 725 728 728 4063 4063 4064 4064 728 728 729 729 4065 4065 729 729 4066 4066 4067 4067 729 729 4068 4068 730 730 4069 4069 732 732 732 732 4070 4070 4071 4071 733 733 731 731 734 734 734 734 731 731 735 735 734 734 735 735 736 736 736 736 735 735 737 737 4072 4072 4073 4073 738 738 4074 4074 738 738 739 739 739 739 738 738 740 740 739 739 740 740 741 741 741 741 740 740 742 742 741 741 742 742 743 743 743 743 742 742 744 744 744 744 742 742 727 727 744 744 727 727 726 726 732 732 719 719 730 730 730 730 719 719 721 721 730 730 721 721 723 723 742 742 740 740 727 727 727 727 740 740 728 728 729 729 728 728 745 745 745 745 728 728 740 740 745 745 740 740 738 738 4075 4075 4076 4076 745 745 745 745 4077 4077 729 729 4078 4078 745 745 738 738 746 746 747 747 748 748 748 748 747 747 749 749 4079 4079 4080 4080 750 750 750 750 4081 4081 751 751 750 750 751 751 752 752 752 752 751 751 753 753 752 752 753 753 754 754 754 754 753 753 755 755 754 754 755 755 756 756 756 756 755 755 757 757 758 758 759 759 760 760 760 760 759 759 761 761 760 760 761 761 762 762 4082 4082 4083 4083 763 763 763 763 4084 4084 764 764 763 763 764 764 765 765 765 765 764 764 766 766 765 765 766 766 767 767 767 767 766 766 768 768 767 767 768 768 769 769 769 769 768 768 770 770 770 770 768 768 4085 4085 4086 4086 768 768 4087 4087 771 771 772 772 773 773 773 773 772 772 774 774 774 774 772 772 775 775 774 774 775 775 776 776 776 776 775 775 4088 4088 776 776 4089 4089 4090 4090 778 778 777 777 759 759 778 778 759 759 758 758 769 769 779 779 767 767 767 767 779 779 780 780 767 767 780 780 765 765 765 765 780 780 781 781 765 765 781 781 782 782 779 779 783 783 780 780 780 780 783 783 781 781 782 782 763 763 765 765 766 766 764 764 784 784 784 784 764 764 4091 4091 784 784 4092 4092 4093 4093 759 759 777 777 761 761 4094 4094 4095 4095 764 764 4096 4096 768 768 784 784 784 784 768 768 766 766 4097 4097 784 784 4098 4098 785 785 786 786 787 787 787 787 786 786 788 788 4099 4099 4100 4100 789 789 789 789 4101 4101 790 790 789 789 790 790 791 791 791 791 790 790 792 792 791 791 792 792 793 793 793 793 792 792 794 794 793 793 794 794 795 795 795 795 794 794 796 796 797 797 798 798 799 799 799 799 798 798 800 800 4102 4102 4103 4103 801 801 801 801 4104 4104 802 802 801 801 802 802 803 803 804 804 805 805 803 803 803 803 805 805 806 806 803 803 806 806 801 801 801 801 806 806 807 807 801 801 807 807 4105 4105 4106 4106 807 807 4107 4107 4108 4108 809 809 4109 4109 4110 4110 809 809 811 811 811 811 809 809 812 812 812 812 809 809 813 813 812 812 813 813 814 814 814 814 813 813 815 815 815 815 813 813 816 816 4111 4111 4112 4112 817 817 817 817 4113 4113 818 818 817 817 818 818 819 819 819 819 818 818 820 820 819 819 820 820 821 821 821 821 820 820 822 822 822 822 820 820 805 805 822 822 805 805 804 804 810 810 797 797 808 808 808 808 797 797 799 799 4114 4114 4115 4115 801 801 820 820 818 818 805 805 805 805 818 818 806 806 807 807 806 806 823 823 823 823 806 806 818 818 823 823 818 818 4116 4116 4117 4117 4118 4118 823 823 823 823 4119 4119 807 807 4120 4120 823 823 4121 4121 824 824 825 825 826 826 826 826 825 825 827 827 826 826 827 827 828 828 828 828 827 827 829 829 828 828 829 829 830 830 830 830 829 829 831 831 830 830 831 831 4122 4122 4123 4123 831 831 4124 4124 832 832 833 833 834 834 834 834 833 833 835 835 836 836 837 837 838 838 838 838 837 837 839 839 838 838 839 839 840 840 840 840 839 839 841 841 840 840 841 841 4125 4125 4126 4126 841 841 4127 4127 842 842 843 843 844 844 844 844 843 843 845 845 844 844 845 845 846 846 846 846 845 845 847 847 848 848 849 849 850 850 850 850 849 849 851 851 850 850 851 851 852 852 852 852 851 851 853 853 852 852 853 853 854 854 854 854 853 853 855 855 854 854 855 855 856 856 856 856 855 855 857 857 4128 4128 4129 4129 858 858 858 858 4130 4130 859 859 858 858 859 859 860 860 860 860 859 859 861 861 860 860 861 861 862 862 862 862 861 861 863 863 862 862 863 863 864 864 864 864 863 863 865 865 864 864 865 865 866 866 866 866 865 865 867 867 866 866 867 867 868 868 868 868 867 867 869 869 868 868 869 869 870 870 870 870 869 869 871 871 870 870 871 871 872 872 872 872 871 871 873 873 872 872 873 873 874 874 874 874 873 873 875 875 874 874 875 875 876 876 876 876 875 875 877 877 876 876 877 877 878 878 878 878 877 877 879 879 878 878 879 879 880 880 880 880 879 879 881 881 880 880 881 881 882 882 882 882 881 881 883 883 882 882 883 883 884 884 884 884 883 883 885 885 884 884 885 885 886 886 886 886 885 885 887 887 886 886 887 887 888 888 888 888 887 887 889 889 888 888 889 889 4131 4131 4132 4132 889 889 4133 4133 890 890 891 891 892 892 892 892 891 891 893 893 892 892 893 893 894 894 894 894 893 893 895 895 894 894 895 895 896 896 896 896 895 895 897 897 896 896 897 897 898 898 898 898 897 897 899 899 899 899 897 897 900 900 899 899 900 900 901 901 901 901 900 900 4134 4134 901 901 4135 4135 4136 4136 903 903 902 902 904 904 903 903 904 904 905 905 905 905 904 904 906 906 905 905 906 906 907 907 849 849 908 908 851 851 851 851 908 908 909 909 851 851 909 909 853 853 853 853 909 909 910 910 853 853 910 910 855 855 855 855 910 910 911 911 855 855 911 911 857 857 857 857 911 911 912 912 4137 4137 4138 4138 859 859 859 859 4139 4139 913 913 859 859 913 913 861 861 861 861 913 913 914 914 861 861 914 914 863 863 863 863 914 914 915 915 863 863 915 915 865 865 865 865 915 915 916 916 865 865 916 916 867 867 867 867 916 916 917 917 867 867 917 917 869 869 869 869 917 917 918 918 869 869 918 918 871 871 871 871 918 918 919 919 871 871 919 919 873 873 873 873 919 919 920 920 873 873 920 920 875 875 875 875 920 920 921 921 875 875 921 921 877 877 877 877 921 921 922 922 877 877 922 922 879 879 879 879 922 922 923 923 879 879 923 923 881 881 881 881 923 923 924 924 881 881 924 924 883 883 883 883 924 924 925 925 883 883 925 925 885 885 885 885 925 925 926 926 885 885 926 926 887 887 887 887 926 926 927 927 887 887 927 927 889 889 889 889 927 927 928 928 889 889 928 928 4140 4140 4141 4141 928 928 4142 4142 891 891 929 929 893 893 893 893 929 929 930 930 893 893 930 930 895 895 895 895 930 930 931 931 895 895 931 931 897 897 897 897 931 931 900 900 908 908 4143 4143 909 909 909 909 4144 4144 4145 4145 909 909 4146 4146 910 910 910 910 4147 4147 4148 4148 910 910 4149 4149 4150 4150 910 910 4151 4151 911 911 911 911 4152 4152 4153 4153 911 911 4154 4154 912 912 912 912 4155 4155 4156 4156 4157 4157 4158 4158 913 913 913 913 4159 4159 938 938 913 913 938 938 914 914 914 914 938 938 939 939 914 914 939 939 915 915 915 915 939 939 940 940 915 915 940 940 916 916 916 916 940 940 941 941 916 916 941 941 917 917 917 917 941 941 942 942 917 917 942 942 918 918 918 918 942 942 943 943 918 918 943 943 919 919 919 919 943 943 944 944 919 919 944 944 920 920 920 920 944 944 945 945 920 920 945 945 921 921 921 921 945 945 946 946 921 921 946 946 922 922 922 922 946 946 947 947 922 922 947 947 923 923 923 923 947 947 948 948 923 923 948 948 924 924 924 924 948 948 949 949 924 924 949 949 925 925 925 925 949 949 950 950 925 925 950 950 926 926 926 926 950 950 951 951 926 926 951 951 927 927 927 927 951 951 4160 4160 927 927 4161 4161 928 928 928 928 4162 4162 4163 4163 928 928 4164 4164 4165 4165 929 929 4166 4166 4167 4167 929 929 4168 4168 930 930 930 930 4169 4169 4170 4170 930 930 4171 4171 931 931 931 931 4172 4172 900 900 900 900 4173 4173 4174 4174 932 932 956 956 933 933 933 933 956 956 957 957 933 933 957 957 934 934 934 934 957 957 958 958 934 934 958 958 935 935 935 935 958 958 959 959 935 935 959 959 936 936 936 936 959 959 960 960 936 936 960 960 937 937 937 937 960 960 961 961 4175 4175 4176 4176 938 938 938 938 4177 4177 4178 4178 938 938 4179 4179 939 939 939 939 4180 4180 4181 4181 939 939 4182 4182 940 940 940 940 4183 4183 4184 4184 940 940 4185 4185 941 941 941 941 4186 4186 4187 4187 941 941 4188 4188 942 942 942 942 4189 4189 4190 4190 942 942 4191 4191 943 943 943 943 4192 4192 4193 4193 943 943 4194 4194 944 944 944 944 4195 4195 4196 4196 944 944 4197 4197 945 945 945 945 4198 4198 4199 4199 945 945 4200 4200 946 946 946 946 4201 4201 4202 4202 946 946 4203 4203 947 947 947 947 4204 4204 4205 4205 947 947 4206 4206 948 948 948 948 4207 4207 4208 4208 948 948 4209 4209 949 949 949 949 4210 4210 4211 4211 949 949 4212 4212 950 950 950 950 4213 4213 4214 4214 950 950 4215 4215 951 951 951 951 4216 4216 4217 4217 951 951 4218 4218 4219 4219 952 952 975 975 976 976 952 952 976 976 953 953 953 953 976 976 977 977 953 953 977 977 954 954 954 954 977 977 978 978 954 954 978 978 955 955 955 955 978 978 979 979 955 955 979 979 902 902 902 902 979 979 904 904 956 956 980 980 957 957 957 957 980 980 981 981 957 957 981 981 958 958 958 958 981 981 982 982 958 958 982 982 959 959 959 959 982 982 983 983 959 959 983 983 960 960 960 960 983 983 984 984 960 960 984 984 961 961 961 961 984 984 985 985 961 961 985 985 962 962 962 962 985 985 986 986 962 962 986 986 963 963 963 963 986 986 987 987 963 963 987 987 964 964 964 964 987 987 988 988 964 964 988 988 965 965 965 965 988 988 989 989 965 965 989 989 966 966 966 966 989 989 990 990 966 966 990 990 967 967 967 967 990 990 991 991 967 967 991 991 968 968 968 968 991 991 992 992 968 968 992 992 969 969 969 969 992 992 993 993 969 969 993 993 970 970 970 970 993 993 994 994 970 970 994 994 971 971 971 971 994 994 995 995 971 971 995 995 972 972 972 972 995 995 996 996 972 972 996 996 973 973 973 973 996 996 997 997 973 973 997 997 974 974 974 974 997 997 998 998 974 974 998 998 975 975 975 975 998 998 999 999 975 975 999 999 976 976 976 976 999 999 1000 1000 976 976 1000 1000 977 977 977 977 1000 1000 1001 1001 977 977 1001 1001 978 978 978 978 1001 1001 1002 1002 978 978 1002 1002 979 979 979 979 1002 1002 1003 1003 979 979 1003 1003 904 904 904 904 1003 1003 906 906 1004 1004 1005 1005 1006 1006 1006 1006 1005 1005 1007 1007 1006 1006 1007 1007 1008 1008 1008 1008 1007 1007 1009 1009 1008 1008 1009 1009 4220 4220 4221 4221 1009 1009 4222 4222 1010 1010 1011 1011 1012 1012 1012 1012 1011 1011 1013 1013 1012 1012 1013 1013 1014 1014 1014 1014 1013 1013 1015 1015 1016 1016 1017 1017 1018 1018 1018 1018 1017 1017 1019 1019 4223 4223 4224 4224 1020 1020 1020 1020 4225 4225 1021 1021 1020 1020 1021 1021 1022 1022 1022 1022 1021 1021 1023 1023 1022 1022 1023 1023 1024 1024 1024 1024 1023 1023 1025 1025 1024 1024 1025 1025 1026 1026 1026 1026 1025 1025 1027 1027 1028 1028 1029 1029 1030 1030 1030 1030 1029 1029 1031 1031 1030 1030 1031 1031 1032 1032 4226 4226 4227 4227 1033 1033 4228 4228 1033 1033 1034 1034 1034 1034 1033 1033 1035 1035 1034 1034 1035 1035 1036 1036 1036 1036 1035 1035 1037 1037 1036 1036 1037 1037 1038 1038 1036 1036 1038 1038 1039 1039 1039 1039 1038 1038 1040 1040 1039 1039 1040 1040 1041 1041 1042 1042 1043 1043 1044 1044 1044 1044 1043 1043 1045 1045 1044 1044 1045 1045 1046 1046 1046 1046 1045 1045 1047 1047 1046 1046 1047 1047 1048 1048 1049 1049 1050 1050 1042 1042 1042 1042 1050 1050 1051 1051 1042 1042 1051 1051 1052 1052 1053 1053 1054 1054 1049 1049 1049 1049 1054 1054 1055 1055 1049 1049 1055 1055 1056 1056 1057 1057 1058 1058 1053 1053 1053 1053 1058 1058 1054 1054 1056 1056 1059 1059 1049 1049 1049 1049 1059 1059 1060 1060 1049 1049 1060 1060 1061 1061 1061 1061 1060 1060 1062 1062 1062 1062 1060 1060 1063 1063 1062 1062 1063 1063 1064 1064 1064 1064 1063 1063 1065 1065 1064 1064 1065 1065 1066 1066 1066 1066 1065 1065 1067 1067 1067 1067 1065 1065 1068 1068 1067 1067 1068 1068 1069 1069 1069 1069 1068 1068 1070 1070 1069 1069 1070 1070 1071 1071 1071 1071 1070 1070 1072 1072 1071 1071 1072 1072 1073 1073 1073 1073 1072 1072 1074 1074 1073 1073 1074 1074 1075 1075 1075 1075 1074 1074 1076 1076 1075 1075 1076 1076 1077 1077 1077 1077 1076 1076 1078 1078 1077 1077 1078 1078 1079 1079 1079 1079 1078 1078 1080 1080 1079 1079 1080 1080 1050 1050 1050 1050 1080 1080 1051 1051 1074 1074 1072 1072 1081 1081 1081 1081 1072 1072 1082 1082 1081 1081 1082 1082 1083 1083 1083 1083 1082 1082 1084 1084 1083 1083 1084 1084 1085 1085 1085 1085 1084 1084 1086 1086 1086 1086 1084 1084 1046 1046 1086 1086 1046 1046 1048 1048 1087 1087 1088 1088 1049 1049 1049 1049 1088 1088 1089 1089 1049 1049 1089 1089 1090 1090 1090 1090 1091 1091 1049 1049 1049 1049 1091 1091 1092 1092 1049 1049 1092 1092 1050 1050 1061 1061 1087 1087 1049 1049 1052 1052 1093 1093 1042 1042 1042 1042 1093 1093 1094 1094 1042 1042 1094 1094 1095 1095 1095 1095 1096 1096 1042 1042 1042 1042 1096 1096 1043 1043 1097 1097 1098 1098 1099 1099 1099 1099 1098 1098 1100 1100 1099 1099 1100 1100 1101 1101 1101 1101 1100 1100 1102 1102 1101 1101 1102 1102 1103 1103 1103 1103 1102 1102 1104 1104 1103 1103 1104 1104 1105 1105 1105 1105 1104 1104 1106 1106 4229 4229 4230 4230 1107 1107 1107 1107 4231 4231 1108 1108 1107 1107 1108 1108 1109 1109 1109 1109 1108 1108 1110 1110 1109 1109 1110 1110 1111 1111 1111 1111 1110 1110 1112 1112 1111 1111 1112 1112 1113 1113 1113 1113 1112 1112 1114 1114 1113 1113 1114 1114 1115 1115 1115 1115 1114 1114 1116 1116 1115 1115 1116 1116 1117 1117 1117 1117 1116 1116 1118 1118 1117 1117 1118 1118 1119 1119 1119 1119 1118 1118 1120 1120 1119 1119 1120 1120 1121 1121 1121 1121 1120 1120 1122 1122 1121 1121 1122 1122 1123 1123 1123 1123 1122 1122 1124 1124 1123 1123 1124 1124 1125 1125 1125 1125 1124 1124 1126 1126 1125 1125 1126 1126 1127 1127 1127 1127 1126 1126 1128 1128 1127 1127 1128 1128 1129 1129 1129 1129 1128 1128 1130 1130 1129 1129 1130 1130 1131 1131 1131 1131 1130 1130 1132 1132 1131 1131 1132 1132 1133 1133 1133 1133 1132 1132 1134 1134 1133 1133 1134 1134 1135 1135 1135 1135 1134 1134 1136 1136 1135 1135 1136 1136 1137 1137 1137 1137 1136 1136 1138 1138 1137 1137 1138 1138 4232 4232 4233 4233 1138 1138 4234 4234 1139 1139 1140 1140 1141 1141 1141 1141 1140 1140 1142 1142 1141 1141 1142 1142 1143 1143 1143 1143 1142 1142 1144 1144 1143 1143 1144 1144 1145 1145 1145 1145 1144 1144 1146 1146 1145 1145 1146 1146 1147 1147 1147 1147 1146 1146 1148 1148 1149 1149 1150 1150 1151 1151 1151 1151 1150 1150 1152 1152 1151 1151 1152 1152 1153 1153 1150 1150 1149 1149 1154 1154 1154 1154 1149 1149 1155 1155 1154 1154 1155 1155 1156 1156 1156 1156 1155 1155 1157 1157 1157 1157 1155 1155 1158 1158 1158 1158 1155 1155 1159 1159 1158 1158 1159 1159 1160 1160 1160 1160 1159 1159 1161 1161 1161 1161 1159 1159 1162 1162 1161 1161 1162 1162 1163 1163 1163 1163 1162 1162 1164 1164 1163 1163 1164 1164 1165 1165 1165 1165 1164 1164 1166 1166 1165 1165 1166 1166 1167 1167 1167 1167 1166 1166 1168 1168 1167 1167 1168 1168 1169 1169 1169 1169 1168 1168 1170 1170 1169 1169 1170 1170 1171 1171 1171 1171 1170 1170 1172 1172 1171 1171 1172 1172 1173 1173 1173 1173 1172 1172 1174 1174 1173 1173 1174 1174 1151 1151 1151 1151 1174 1174 1175 1175 1175 1175 1174 1174 1176 1176 1175 1175 1176 1176 1177 1177 1166 1166 1164 1164 1178 1178 1178 1178 1164 1164 1179 1179 1178 1178 1179 1179 1180 1180 1180 1180 1179 1179 1181 1181 1180 1180 1181 1181 1182 1182 1182 1182 1181 1181 1183 1183 1182 1182 1183 1183 1184 1184 1184 1184 1183 1183 1185 1185 1185 1185 1183 1183 1186 1186 1185 1185 1186 1186 1187 1187 1187 1187 1186 1186 1188 1188 1187 1187 1188 1188 1189 1189 1189 1189 1188 1188 1175 1175 1189 1189 1175 1175 1190 1190 1190 1190 1175 1175 1191 1191 1191 1191 1175 1175 1192 1192 1192 1192 1175 1175 1193 1193 1193 1193 1175 1175 1177 1177 1188 1188 1194 1194 1175 1175 1175 1175 1194 1194 1195 1195 1175 1175 1195 1195 1196 1196 1196 1196 1197 1197 1175 1175 1175 1175 1197 1197 1198 1198 1198 1198 1197 1197 1199 1199 1198 1198 1199 1199 1200 1200 1153 1153 1201 1201 1151 1151 1151 1151 1201 1201 1202 1202 1151 1151 1202 1202 1203 1203 1203 1203 1173 1173 1151 1151 1204 1204 1205 1205 1206 1206 1206 1206 1205 1205 1207 1207 1206 1206 1207 1207 1208 1208 1208 1208 1207 1207 1209 1209 1209 1209 1207 1207 1210 1210 1210 1210 1207 1207 1211 1211 1211 1211 1207 1207 1212 1212 1211 1211 1212 1212 1213 1213 1211 1211 1213 1213 1214 1214 1214 1214 1213 1213 1215 1215 1214 1214 1215 1215 1216 1216 1216 1216 1217 1217 1214 1214 1214 1214 1217 1217 1218 1218 1218 1218 1217 1217 1219 1219 1218 1218 1219 1219 1220 1220 1220 1220 1219 1219 1221 1221 1220 1220 1221 1221 1222 1222 1222 1222 1221 1221 1223 1223 1222 1222 1223 1223 1224 1224 1224 1224 1223 1223 1225 1225 1224 1224 1225 1225 1226 1226 1226 1226 1225 1225 1227 1227 1226 1226 1227 1227 1228 1228 1228 1228 1227 1227 1229 1229 1228 1228 1229 1229 1230 1230 1230 1230 1229 1229 1231 1231 1230 1230 1231 1231 1232 1232 1232 1232 1231 1231 1233 1233 1232 1232 1233 1233 1234 1234 1234 1234 1233 1233 1235 1235 1234 1234 1235 1235 1236 1236 1236 1236 1235 1235 1237 1237 1236 1236 1237 1237 1238 1238 1238 1238 1237 1237 1239 1239 1238 1238 1239 1239 1240 1240 1240 1240 1239 1239 1241 1241 1240 1240 1241 1241 1242 1242 1242 1242 1241 1241 1243 1243 1242 1242 1243 1243 1244 1244 1244 1244 1243 1243 1245 1245 1244 1244 1245 1245 1246 1246 1244 1244 1246 1246 1247 1247 1247 1247 1246 1246 1248 1248 1247 1247 1248 1248 1249 1249 1249 1249 1248 1248 1250 1250 1249 1249 1250 1250 1251 1251 1251 1251 1252 1252 1249 1249 1249 1249 1252 1252 1253 1253 1249 1249 1253 1253 1254 1254 1254 1254 1253 1253 1255 1255 1255 1255 1253 1253 1256 1256 1256 1256 1253 1253 1257 1257 1256 1256 1257 1257 1258 1258 1258 1258 1257 1257 1259 1259 1259 1259 1257 1257 1260 1260 1260 1260 1257 1257 1261 1261 1261 1261 1257 1257 1262 1262 1262 1262 1257 1257 1263 1263 1263 1263 1257 1257 1206 1206 1263 1263 1206 1206 1264 1264 1264 1264 1206 1206 1265 1265 1265 1265 1206 1206 1266 1266 1266 1266 1206 1206 1267 1267 1267 1267 1206 1206 1268 1268 1268 1268 1206 1206 1208 1208 1253 1253 1269 1269 1257 1257 1257 1257 1269 1269 1270 1270 1271 1271 1272 1272 1273 1273 1273 1273 1272 1272 1274 1274 1273 1273 1274 1274 1275 1275 1276 1276 1277 1277 1271 1271 1271 1271 1277 1277 1278 1278 1271 1271 1278 1278 1279 1279 1280 1280 1281 1281 1276 1276 1276 1276 1281 1281 1282 1282 1276 1276 1282 1282 1283 1283 1273 1273 1284 1284 1280 1280 1280 1280 1284 1284 1285 1285 1280 1280 1285 1285 1286 1286 1283 1283 1287 1287 1276 1276 1276 1276 1287 1287 1288 1288 1276 1276 1288 1288 1289 1289 1289 1289 1290 1290 1276 1276 1276 1276 1290 1290 1277 1277 1278 1278 1277 1277 1291 1291 1291 1291 1277 1277 1292 1292 1291 1291 1292 1292 1293 1293 1293 1293 1292 1292 1294 1294 1293 1293 1294 1294 1295 1295 1295 1295 1294 1294 1296 1296 1295 1295 1296 1296 1297 1297 1297 1297 1296 1296 1298 1298 1297 1297 1298 1298 1299 1299 1297 1297 1299 1299 1300 1300 1300 1300 1299 1299 1301 1301 1300 1300 1301 1301 1302 1302 1302 1302 1301 1301 1303 1303 1302 1302 1303 1303 1304 1304 1304 1304 1303 1303 1305 1305 1305 1305 1303 1303 1284 1284 1305 1305 1284 1284 1273 1273 1286 1286 1281 1281 1280 1280 1279 1279 1306 1306 1271 1271 1271 1271 1306 1306 1307 1307 1271 1271 1307 1307 1308 1308 1308 1308 1309 1309 1271 1271 1271 1271 1309 1309 1310 1310 1271 1271 1310 1310 1272 1272 1275 1275 1305 1305 1273 1273 1311 1311 1312 1312 1313 1313 1313 1313 1312 1312 1314 1314 1315 1315 1316 1316 1317 1317 1317 1317 1316 1316 1318 1318 4235 4235 4236 4236 1319 1319 1319 1319 4237 4237 1320 1320 1319 1319 1320 1320 1321 1321 1321 1321 1320 1320 1322 1322 1321 1321 1322 1322 1323 1323 1323 1323 1322 1322 1324 1324 1323 1323 1324 1324 1325 1325 1325 1325 1324 1324 1326 1326 1325 1325 1326 1326 1327 1327 1327 1327 1326 1326 1328 1328 1327 1327 1328 1328 1329 1329 1329 1329 1328 1328 1330 1330 1329 1329 1330 1330 4238 4238 4239 4239 1330 1330 4240 4240 1331 1331 1332 1332 1333 1333 1333 1333 1332 1332 1334 1334 1333 1333 1334 1334 1335 1335 1335 1335 1334 1334 1336 1336 4241 4241 4242 4242 1337 1337 1337 1337 4243 4243 1338 1338 1337 1337 1338 1338 1339 1339 1339 1339 1338 1338 1340 1340 1339 1339 1340 1340 1341 1341 1341 1341 1340 1340 1342 1342 1341 1341 1342 1342 1343 1343 1343 1343 1342 1342 1344 1344 1343 1343 1344 1344 1345 1345 1345 1345 1344 1344 1346 1346 1345 1345 1346 1346 1347 1347 1347 1347 1346 1346 1348 1348 1347 1347 1348 1348 4244 4244 4245 4245 1348 1348 4246 4246 1349 1349 1350 1350 1351 1351 1351 1351 1350 1350 1352 1352 1353 1353 1354 1354 1355 1355 1355 1355 1354 1354 1356 1356 4247 4247 4248 4248 1357 1357 1357 1357 4249 4249 1358 1358 1357 1357 1358 1358 1359 1359 1359 1359 1358 1358 1360 1360 1359 1359 1360 1360 1361 1361 1361 1361 1360 1360 1362 1362 1361 1361 1362 1362 1363 1363 1363 1363 1362 1362 1364 1364 1363 1363 1364 1364 1365 1365 1365 1365 1364 1364 1366 1366 1365 1365 1366 1366 1367 1367 1367 1367 1366 1366 1368 1368 1367 1367 1368 1368 4250 4250 4251 4251 1368 1368 4252 4252 1369 1369 1370 1370 1371 1371 1371 1371 1370 1370 1372 1372 1371 1371 1372 1372 1373 1373 1373 1373 1372 1372 1374 1374 4253 4253 4254 4254 1375 1375 1375 1375 4255 4255 1376 1376 1375 1375 1376 1376 1377 1377 1377 1377 1376 1376 1378 1378 1377 1377 1378 1378 1379 1379 1379 1379 1378 1378 1380 1380 1379 1379 1380 1380 1381 1381 1381 1381 1380 1380 1382 1382 1381 1381 1382 1382 1383 1383 1383 1383 1382 1382 1384 1384 1383 1383 1384 1384 1385 1385 1385 1385 1384 1384 1386 1386 1385 1385 1386 1386 4256 4256 4257 4257 1386 1386 4258 4258 1387 1387 1388 1388 1389 1389 1389 1389 1388 1388 1390 1390 1389 1389 1390 1390 1391 1391 1391 1391 1390 1390 1392 1392 1392 1392 1390 1390 1393 1393 1392 1392 1393 1393 1394 1394 1394 1394 1393 1393 1395 1395 1394 1394 1395 1395 1396 1396 1396 1396 1395 1395 1397 1397 1396 1396 1397 1397 1398 1398 1398 1398 1397 1397 1399 1399 1398 1398 1399 1399 1400 1400 1400 1400 1399 1399 1401 1401 1400 1400 1401 1401 1402 1402 1402 1402 1401 1401 1403 1403 1402 1402 1403 1403 1404 1404 1404 1404 1403 1403 1405 1405 1404 1404 1405 1405 1406 1406 1388 1388 1387 1387 1407 1407 1407 1407 1387 1387 1408 1408 1407 1407 1408 1408 1409 1409 1409 1409 1408 1408 1410 1410 1409 1409 1410 1410 1411 1411 1411 1411 1410 1410 1412 1412 1412 1412 1410 1410 1413 1413 1412 1412 1413 1413 1414 1414 1414 1414 1413 1413 1415 1415 1415 1415 1413 1413 1416 1416 1416 1416 1413 1413 1417 1417 1416 1416 1417 1417 1418 1418 1418 1418 1417 1417 1419 1419 1419 1419 1417 1417 1405 1405 1419 1419 1405 1405 1420 1420 1420 1420 1405 1405 1403 1403 1421 1421 1422 1422 1406 1406 1406 1406 1422 1422 1423 1423 1406 1406 1423 1423 1404 1404 1424 1424 1425 1425 1421 1421 1421 1421 1425 1425 1426 1426 1421 1421 1426 1426 1422 1422 1427 1427 1428 1428 1424 1424 1424 1424 1428 1428 1429 1429 1424 1424 1429 1429 1425 1425 1430 1430 1431 1431 1427 1427 1427 1427 1431 1431 1432 1432 1427 1427 1432 1432 1428 1428 1433 1433 1434 1434 1430 1430 1430 1430 1434 1434 1435 1435 1430 1430 1435 1435 1436 1436 1436 1436 1435 1435 1437 1437 1437 1437 1435 1435 1438 1438 1437 1437 1438 1438 1439 1439 1439 1439 1438 1438 1440 1440 1439 1439 1440 1440 1441 1441 1441 1441 1440 1440 1442 1442 1441 1441 1442 1442 1443 1443 1443 1443 1442 1442 1444 1444 1443 1443 1444 1444 1445 1445 1445 1445 1444 1444 1446 1446 1445 1445 1446 1446 1447 1447 1447 1447 1446 1446 1448 1448 1447 1447 1448 1448 1449 1449 1449 1449 1448 1448 1450 1450 1449 1449 1450 1450 1451 1451 1451 1451 1450 1450 1452 1452 1451 1451 1452 1452 1453 1453 1454 1454 1455 1455 1433 1433 1433 1433 1455 1455 1456 1456 1433 1433 1456 1456 1434 1434 1457 1457 1458 1458 1454 1454 1454 1454 1458 1458 1459 1459 1454 1454 1459 1459 1460 1460 1461 1461 1462 1462 1457 1457 1457 1457 1462 1462 1463 1463 1457 1457 1463 1463 1458 1458 1464 1464 1465 1465 1461 1461 1461 1461 1465 1465 1466 1466 1461 1461 1466 1466 1462 1462 1465 1465 1464 1464 1450 1450 1450 1450 1464 1464 1452 1452 1453 1453 1467 1467 1451 1451 1451 1451 1467 1467 1468 1468 1468 1468 1467 1467 1469 1469 1468 1468 1469 1469 1470 1470 1470 1470 1469 1469 1471 1471 1471 1471 1469 1469 1472 1472 1471 1471 1472 1472 1473 1473 1473 1473 1472 1472 1474 1474 1474 1474 1472 1472 1475 1475 1474 1474 1475 1475 1476 1476 1476 1476 1475 1475 1477 1477 1477 1477 1475 1475 1478 1478 1478 1478 1475 1475 1479 1479 1478 1478 1479 1479 1480 1480 1480 1480 1479 1479 1481 1481 1481 1481 1479 1479 1482 1482 1481 1481 1482 1482 1483 1483 1483 1483 1482 1482 1484 1484 1484 1484 1482 1482 1485 1485 1484 1484 1485 1485 1486 1486 1486 1486 1485 1485 1487 1487 1486 1486 1487 1487 1488 1488 1488 1488 1487 1487 1489 1489 1488 1488 1489 1489 1490 1490 1490 1490 1489 1489 1491 1491 1490 1490 1491 1491 1492 1492 1492 1492 1491 1491 1493 1493 1492 1492 1493 1493 1494 1494 1494 1494 1493 1493 1495 1495 1495 1495 1493 1493 1496 1496 1495 1495 1496 1496 1497 1497 1497 1497 1496 1496 1498 1498 1498 1498 1496 1496 1499 1499 1498 1498 1499 1499 1500 1500 1500 1500 1499 1499 1501 1501 1501 1501 1499 1499 1502 1502 1502 1502 1499 1499 1503 1503 1502 1502 1503 1503 1504 1504 1504 1504 1503 1503 1505 1505 1505 1505 1503 1503 1506 1506 1505 1505 1506 1506 1507 1507 1507 1507 1506 1506 1508 1508 1507 1507 1508 1508 1509 1509 1509 1509 1508 1508 1389 1389 1509 1509 1389 1389 1391 1391 1510 1510 1511 1511 1445 1445 1445 1445 1511 1511 1394 1394 1445 1445 1394 1394 1443 1443 1443 1443 1394 1394 1396 1396 1511 1511 1510 1510 1488 1488 1488 1488 1510 1510 1486 1486 1460 1460 1455 1455 1454 1454 1436 1436 1431 1431 1430 1430 1512 1512 1513 1513 1514 1514 1514 1514 1513 1513 1515 1515 1516 1516 1517 1517 1518 1518 1518 1518 1517 1517 1519 1519 4259 4259 4260 4260 1520 1520 1520 1520 4261 4261 1521 1521 1520 1520 1521 1521 1522 1522 1522 1522 1521 1521 1523 1523 1522 1522 1523 1523 1524 1524 1524 1524 1523 1523 1525 1525 1524 1524 1525 1525 1526 1526 1526 1526 1525 1525 1527 1527 1526 1526 1527 1527 1528 1528 1528 1528 1527 1527 1529 1529 1528 1528 1529 1529 1530 1530 1530 1530 1529 1529 1531 1531 1530 1530 1531 1531 4262 4262 4263 4263 1531 1531 4264 4264 1532 1532 1533 1533 1534 1534 1534 1534 1533 1533 1535 1535 1534 1534 1535 1535 1536 1536 1536 1536 1535 1535 1537 1537 4265 4265 4266 4266 1538 1538 1538 1538 4267 4267 1539 1539 1538 1538 1539 1539 1540 1540 1540 1540 1539 1539 1541 1541 1540 1540 1541 1541 1542 1542 1542 1542 1541 1541 1543 1543 1542 1542 1543 1543 1544 1544 1544 1544 1543 1543 1545 1545 1544 1544 1545 1545 1546 1546 1546 1546 1545 1545 1547 1547 1546 1546 1547 1547 1548 1548 1548 1548 1547 1547 1549 1549 1548 1548 1549 1549 4268 4268 4269 4269 1549 1549 4270 4270 1550 1550 1551 1551 1552 1552 1552 1552 1551 1551 1553 1553 1552 1552 1553 1553 1554 1554 1554 1554 1553 1553 1555 1555 1554 1554 1555 1555 1556 1556 1556 1556 1555 1555 1557 1557 1557 1557 1555 1555 1558 1558 1557 1557 1558 1558 1559 1559 1559 1559 1558 1558 1560 1560 1560 1560 1558 1558 1561 1561 1561 1561 1558 1558 1562 1562 1561 1561 1562 1562 1563 1563 1563 1563 1562 1562 1564 1564 1564 1564 1562 1562 1565 1565 1564 1564 1565 1565 1566 1566 1566 1566 1565 1565 1567 1567 1567 1567 1565 1565 1568 1568 1567 1567 1568 1568 1569 1569 1569 1569 1568 1568 1570 1570 1570 1570 1568 1568 1571 1571 1570 1570 1571 1571 1572 1572 1568 1568 1573 1573 1571 1571 1571 1571 1573 1573 1574 1574 1574 1574 1573 1573 1575 1575 1575 1575 1573 1573 1576 1576 1575 1575 1576 1576 1577 1577 1577 1577 1576 1576 1578 1578 1578 1578 1576 1576 1579 1579 1578 1578 1579 1579 1580 1580 1580 1580 1579 1579 1581 1581 1581 1581 1579 1579 1582 1582 1582 1582 1579 1579 1583 1583 1582 1582 1583 1583 1584 1584 1584 1584 1583 1583 1585 1585 1585 1585 1583 1583 1586 1586 1585 1585 1586 1586 1587 1587 1587 1587 1586 1586 1588 1588 1588 1588 1586 1586 1589 1589 1589 1589 1586 1586 1590 1590 1589 1589 1590 1590 1591 1591 1591 1591 1590 1590 1592 1592 1592 1592 1590 1590 1593 1593 1592 1592 1593 1593 1594 1594 1594 1594 1593 1593 1595 1595 1595 1595 1593 1593 1596 1596 1595 1595 1596 1596 1597 1597 1597 1597 1596 1596 1598 1598 1598 1598 1596 1596 1599 1599 1599 1599 1596 1596 1600 1600 1599 1599 1600 1600 1601 1601 1601 1601 1600 1600 1602 1602 1601 1601 1602 1602 1603 1603 1603 1603 1602 1602 1604 1604 1603 1603 1604 1604 1605 1605 1605 1605 1604 1604 1606 1606 1606 1606 1604 1604 1607 1607 1606 1606 1607 1607 1608 1608 1608 1608 1607 1607 1609 1609 1608 1608 1609 1609 1610 1610 1610 1610 1609 1609 1611 1611 1611 1611 1609 1609 1612 1612 1611 1611 1612 1612 1613 1613 1613 1613 1612 1612 1614 1614 1613 1613 1614 1614 1615 1615 1600 1600 1616 1616 1602 1602 1602 1602 1616 1616 1617 1617 1617 1617 1616 1616 1618 1618 1617 1617 1618 1618 1619 1619 1617 1617 1619 1619 1620 1620 1620 1620 1619 1619 1621 1621 1620 1620 1621 1621 1622 1622 1622 1622 1621 1621 1623 1623 1623 1623 1621 1621 1624 1624 1623 1623 1624 1624 1625 1625 1625 1625 1624 1624 1626 1626 1626 1626 1624 1624 1627 1627 1627 1627 1624 1624 1628 1628 1627 1627 1628 1628 1629 1629 1629 1629 1628 1628 1630 1630 1630 1630 1628 1628 1631 1631 1630 1630 1631 1631 1632 1632 1632 1632 1631 1631 1633 1633 1633 1633 1631 1631 1634 1634 1633 1633 1634 1634 1635 1635 1635 1635 1634 1634 1636 1636 1636 1636 1634 1634 1637 1637 1636 1636 1637 1637 1638 1638 1638 1638 1637 1637 1639 1639 1638 1638 1639 1639 1640 1640 1640 1640 1639 1639 1641 1641 1640 1640 1641 1641 1642 1642 1642 1642 1641 1641 1643 1643 1643 1643 1641 1641 1644 1644 1643 1643 1644 1644 1645 1645 1645 1645 1644 1644 1646 1646 1645 1645 1646 1646 1647 1647 1647 1647 1646 1646 1648 1648 1648 1648 1646 1646 1620 1620 1648 1648 1620 1620 1622 1622 1639 1639 1637 1637 1649 1649 1649 1649 1637 1637 1650 1650 1649 1649 1650 1650 1651 1651 1649 1649 1651 1651 1652 1652 1652 1652 1651 1651 1653 1653 1652 1652 1653 1653 1654 1654 1654 1654 1653 1653 1655 1655 1654 1654 1655 1655 1656 1656 1655 1655 1653 1653 1657 1657 1657 1657 1653 1653 1658 1658 1657 1657 1658 1658 1659 1659 1659 1659 1658 1658 1660 1660 1660 1660 1658 1658 1661 1661 1660 1660 1661 1661 1662 1662 1662 1662 1661 1661 1663 1663 1663 1663 1661 1661 1664 1664 1663 1663 1664 1664 1665 1665 1665 1665 1664 1664 1666 1666 1666 1666 1664 1664 1667 1667 1666 1666 1667 1667 1668 1668 1668 1668 1667 1667 1669 1669 1669 1669 1667 1667 1670 1670 1670 1670 1667 1667 1671 1671 1670 1670 1671 1671 1672 1672 1672 1672 1671 1671 1673 1673 1672 1672 1673 1673 1674 1674 1674 1674 1673 1673 1675 1675 1674 1674 1675 1675 1676 1676 1676 1676 1675 1675 1677 1677 1677 1677 1675 1675 1678 1678 1677 1677 1678 1678 1679 1679 1679 1679 1678 1678 1680 1680 1679 1679 1680 1680 1681 1681 1681 1681 1680 1680 1656 1656 1656 1656 1680 1680 1654 1654 1671 1671 1550 1550 1673 1673 1673 1673 1550 1550 1552 1552 1556 1556 1682 1682 1554 1554 1554 1554 1682 1682 1683 1683 1683 1683 1682 1682 1684 1684 1683 1683 1684 1684 1685 1685 1683 1683 1685 1685 1686 1686 1686 1686 1685 1685 1687 1687 1686 1686 1687 1687 1688 1688 1688 1688 1687 1687 1689 1689 1688 1688 1689 1689 1690 1690 1688 1688 1690 1690 1691 1691 1691 1691 1690 1690 1692 1692 1691 1691 1692 1692 1693 1693 1693 1693 1692 1692 1572 1572 1572 1572 1692 1692 1570 1570 1614 1614 1612 1612 1694 1694 1694 1694 1612 1612 1695 1695 1694 1694 1695 1695 1696 1696 1696 1696 1695 1695 1697 1697 1696 1696 1697 1697 1698 1698 1698 1698 1697 1697 1699 1699 1699 1699 1697 1697 1691 1691 1699 1699 1691 1691 1693 1693 1585 1585 1587 1587 1615 1615 1615 1615 1587 1587 1613 1613 1700 1700 1701 1701 1702 1702 1702 1702 1701 1701 1703 1703 1702 1702 1703 1703 1704 1704 1704 1704 1703 1703 1705 1705 1704 1704 1705 1705 1706 1706 1706 1706 1707 1707 1704 1704 1704 1704 1707 1707 1708 1708 1708 1708 1707 1707 1709 1709 1708 1708 1709 1709 1710 1710 1708 1708 1710 1710 1711 1711 1711 1711 1710 1710 1712 1712 1711 1711 1712 1712 1713 1713 1714 1714 1715 1715 1716 1716 1716 1716 1715 1715 1717 1717 1716 1716 1717 1717 1718 1718 1715 1715 1714 1714 1719 1719 1719 1719 1714 1714 1720 1720 1719 1719 1720 1720 1721 1721 1721 1721 1720 1720 1722 1722 1721 1721 1722 1722 1723 1723 1723 1723 1722 1722 1724 1724 1723 1723 1724 1724 1725 1725 1723 1723 1725 1725 1726 1726 1726 1726 1725 1725 1727 1727 1726 1726 1727 1727 1728 1728 1728 1728 1727 1727 1729 1729 1728 1728 1729 1729 1730 1730 1730 1730 1729 1729 1731 1731 1730 1730 1731 1731 1732 1732 1732 1732 1731 1731 1733 1733 1732 1732 1733 1733 1734 1734 1734 1734 1733 1733 1735 1735 1735 1735 1733 1733 1736 1736 1735 1735 1736 1736 1737 1737 1737 1737 1736 1736 1738 1738 1737 1737 1738 1738 1739 1739 1739 1739 1738 1738 1740 1740 1739 1739 1740 1740 1741 1741 1741 1741 1740 1740 1742 1742 1741 1741 1742 1742 1743 1743 1741 1741 1743 1743 1744 1744 1744 1744 1743 1743 1745 1745 1744 1744 1745 1745 1746 1746 1746 1746 1745 1745 1747 1747 1746 1746 1747 1747 1748 1748 1748 1748 1747 1747 1749 1749 1748 1748 1749 1749 1718 1718 1718 1718 1749 1749 1716 1716 1750 1750 1751 1751 1752 1752 1752 1752 1751 1751 1753 1753 1754 1754 1755 1755 1756 1756 1756 1756 1755 1755 1757 1757 4271 4271 4272 4272 1758 1758 1758 1758 4273 4273 1759 1759 1758 1758 1759 1759 1760 1760 1760 1760 1759 1759 1761 1761 1760 1760 1761 1761 1762 1762 1762 1762 1761 1761 1763 1763 1762 1762 1763 1763 1764 1764 1764 1764 1763 1763 1765 1765 1764 1764 1765 1765 1766 1766 1766 1766 1765 1765 1767 1767 1766 1766 1767 1767 1768 1768 1768 1768 1767 1767 1769 1769 1768 1768 1769 1769 4274 4274 4275 4275 1769 1769 4276 4276 1770 1770 1771 1771 1772 1772 1772 1772 1771 1771 1773 1773 1772 1772 1773 1773 1774 1774 1774 1774 1773 1773 1775 1775 4277 4277 4278 4278 1776 1776 1776 1776 4279 4279 1777 1777 1776 1776 1777 1777 1778 1778 1778 1778 1777 1777 1779 1779 1778 1778 1779 1779 1780 1780 1780 1780 1779 1779 1781 1781 1780 1780 1781 1781 1782 1782 1782 1782 1781 1781 1783 1783 1782 1782 1783 1783 1784 1784 1784 1784 1783 1783 1785 1785 1784 1784 1785 1785 1786 1786 1786 1786 1785 1785 1787 1787 1786 1786 1787 1787 4280 4280 4281 4281 1787 1787 4282 4282 1788 1788 1789 1789 1790 1790 1790 1790 1789 1789 1791 1791 1792 1792 1793 1793 1794 1794 1794 1794 1793 1793 1795 1795 4283 4283 4284 4284 1796 1796 1796 1796 4285 4285 1797 1797 1796 1796 1797 1797 1798 1798 1798 1798 1797 1797 1799 1799 1798 1798 1799 1799 1800 1800 1800 1800 1799 1799 1801 1801 1800 1800 1801 1801 1802 1802 1802 1802 1801 1801 1803 1803 1802 1802 1803 1803 1804 1804 1804 1804 1803 1803 1805 1805 1804 1804 1805 1805 1806 1806 1806 1806 1805 1805 1807 1807 1806 1806 1807 1807 4286 4286 4287 4287 1807 1807 4288 4288 1808 1808 1809 1809 1810 1810 1810 1810 1809 1809 1811 1811 1810 1810 1811 1811 1812 1812 1812 1812 1811 1811 1813 1813 4289 4289 4290 4290 1814 1814 1814 1814 4291 4291 1815 1815 1814 1814 1815 1815 1816 1816 1816 1816 1815 1815 1817 1817 1816 1816 1817 1817 1818 1818 1818 1818 1817 1817 1819 1819 1818 1818 1819 1819 1820 1820 1820 1820 1819 1819 1821 1821 1820 1820 1821 1821 1822 1822 1822 1822 1821 1821 1823 1823 1822 1822 1823 1823 1824 1824 1824 1824 1823 1823 1825 1825 1824 1824 1825 1825 4292 4292 4293 4293 1825 1825 4294 4294 1826 1826 1827 1827 1828 1828 1828 1828 1827 1827 1829 1829 1828 1828 1829 1829 1830 1830 1827 1827 1826 1826 1831 1831 1831 1831 1826 1826 1832 1832 1831 1831 1832 1832 1833 1833 1833 1833 1832 1832 1834 1834 1833 1833 1834 1834 1835 1835 1835 1835 1834 1834 1836 1836 1835 1835 1836 1836 1837 1837 1835 1835 1837 1837 1838 1838 1838 1838 1837 1837 1839 1839 1838 1838 1839 1839 1840 1840 1840 1840 1839 1839 1841 1841 1840 1840 1841 1841 1842 1842 1842 1842 1841 1841 1843 1843 1842 1842 1843 1843 1844 1844 1844 1844 1843 1843 1845 1845 1844 1844 1845 1845 1846 1846 1846 1846 1845 1845 1847 1847 1847 1847 1845 1845 1848 1848 1847 1847 1848 1848 1849 1849 1849 1849 1848 1848 1850 1850 1849 1849 1850 1850 1851 1851 1851 1851 1850 1850 1852 1852 1851 1851 1852 1852 1853 1853 1853 1853 1852 1852 1854 1854 1853 1853 1854 1854 1855 1855 1853 1853 1855 1855 1856 1856 1856 1856 1855 1855 1857 1857 1856 1856 1857 1857 1858 1858 1858 1858 1857 1857 1859 1859 1858 1858 1859 1859 1860 1860 1860 1860 1859 1859 1861 1861 1860 1860 1861 1861 1830 1830 1830 1830 1861 1861 1828 1828 1862 1862 1863 1863 1864 1864 1864 1864 1863 1863 1865 1865 1866 1866 1867 1867 1868 1868 1868 1868 1867 1867 1869 1869 4295 4295 4296 4296 1870 1870 1870 1870 4297 4297 1871 1871 1870 1870 1871 1871 1872 1872 1872 1872 1871 1871 1873 1873 1872 1872 1873 1873 1874 1874 1874 1874 1873 1873 1875 1875 1874 1874 1875 1875 1876 1876 1876 1876 1875 1875 1877 1877 1876 1876 1877 1877 1878 1878 1878 1878 1877 1877 1879 1879 1878 1878 1879 1879 1880 1880 1880 1880 1879 1879 1881 1881 1880 1880 1881 1881 4298 4298 4299 4299 1881 1881 4300 4300 1882 1882 1883 1883 1884 1884 1884 1884 1883 1883 1885 1885 1884 1884 1885 1885 1886 1886 1886 1886 1885 1885 1887 1887 4301 4301 4302 4302 1888 1888 1888 1888 4303 4303 1889 1889 1888 1888 1889 1889 1890 1890 1890 1890 1889 1889 1891 1891 1890 1890 1891 1891 1892 1892 1892 1892 1891 1891 1893 1893 1892 1892 1893 1893 1894 1894 1894 1894 1893 1893 1895 1895 1894 1894 1895 1895 1896 1896 1896 1896 1895 1895 1897 1897 1896 1896 1897 1897 1898 1898 1898 1898 1897 1897 1899 1899 1898 1898 1899 1899 4304 4304 4305 4305 1899 1899 4306 4306 1900 1900 1901 1901 1902 1902 1902 1902 1901 1901 1903 1903 1904 1904 1905 1905 1906 1906 1906 1906 1905 1905 1907 1907 4307 4307 4308 4308 1908 1908 1908 1908 4309 4309 1909 1909 1908 1908 1909 1909 1910 1910 1910 1910 1909 1909 1911 1911 1910 1910 1911 1911 1912 1912 1912 1912 1911 1911 1913 1913 1912 1912 1913 1913 1914 1914 1914 1914 1913 1913 1915 1915 1914 1914 1915 1915 1916 1916 1916 1916 1915 1915 1917 1917 1916 1916 1917 1917 1918 1918 1918 1918 1917 1917 1919 1919 1918 1918 1919 1919 4310 4310 4311 4311 1919 1919 4312 4312 1920 1920 1921 1921 1922 1922 1922 1922 1921 1921 1923 1923 1922 1922 1923 1923 1924 1924 1924 1924 1923 1923 1925 1925 4313 4313 4314 4314 1926 1926 1926 1926 4315 4315 1927 1927 1926 1926 1927 1927 1928 1928 1928 1928 1927 1927 1929 1929 1928 1928 1929 1929 1930 1930 1930 1930 1929 1929 1931 1931 1930 1930 1931 1931 1932 1932 1932 1932 1931 1931 1933 1933 1932 1932 1933 1933 1934 1934 1934 1934 1933 1933 1935 1935 1934 1934 1935 1935 1936 1936 1936 1936 1935 1935 1937 1937 1936 1936 1937 1937 4316 4316 4317 4317 1937 1937 4318 4318 1938 1938 1939 1939 1940 1940 1940 1940 1939 1939 1941 1941 1942 1942 1943 1943 1944 1944 1944 1944 1943 1943 1945 1945 4319 4319 4320 4320 1946 1946 1946 1946 4321 4321 1947 1947 1946 1946 1947 1947 1948 1948 1948 1948 1947 1947 1949 1949 1948 1948 1949 1949 1950 1950 1950 1950 1949 1949 1951 1951 1950 1950 1951 1951 1952 1952 1952 1952 1951 1951 1953 1953 1952 1952 1953 1953 1954 1954 1954 1954 1953 1953 1955 1955 1954 1954 1955 1955 1956 1956 1956 1956 1955 1955 1957 1957 1956 1956 1957 1957 4322 4322 4323 4323 1957 1957 4324 4324 1958 1958 1959 1959 1960 1960 1960 1960 1959 1959 1961 1961 1960 1960 1961 1961 1962 1962 1962 1962 1961 1961 1963 1963 4325 4325 4326 4326 1964 1964 1964 1964 4327 4327 1965 1965 1964 1964 1965 1965 1966 1966 1966 1966 1965 1965 1967 1967 1966 1966 1967 1967 1968 1968 1968 1968 1967 1967 1969 1969 1968 1968 1969 1969 1970 1970 1970 1970 1969 1969 1971 1971 1970 1970 1971 1971 1972 1972 1972 1972 1971 1971 1973 1973 1972 1972 1973 1973 1974 1974 1974 1974 1973 1973 1975 1975 1974 1974 1975 1975 4328 4328 4329 4329 1975 1975 4330 4330 1976 1976 1977 1977 1978 1978 1978 1978 1977 1977 1979 1979 1978 1978 1979 1979 1980 1980 1977 1977 1976 1976 1981 1981 1981 1981 1976 1976 1982 1982 1981 1981 1982 1982 1983 1983 1983 1983 1982 1982 1984 1984 1983 1983 1984 1984 1985 1985 1985 1985 1984 1984 1986 1986 1985 1985 1986 1986 1987 1987 1985 1985 1987 1987 1988 1988 1988 1988 1987 1987 1989 1989 1988 1988 1989 1989 1990 1990 1990 1990 1989 1989 1991 1991 1990 1990 1991 1991 1992 1992 1992 1992 1991 1991 1993 1993 1992 1992 1993 1993 1994 1994 1994 1994 1993 1993 1995 1995 1994 1994 1995 1995 1996 1996 1996 1996 1995 1995 1997 1997 1997 1997 1995 1995 1998 1998 1997 1997 1998 1998 1999 1999 1999 1999 1998 1998 2000 2000 1999 1999 2000 2000 2001 2001 2001 2001 2000 2000 2002 2002 2001 2001 2002 2002 2003 2003 2003 2003 2002 2002 2004 2004 2003 2003 2004 2004 2005 2005 2003 2003 2005 2005 2006 2006 2006 2006 2005 2005 2007 2007 2006 2006 2007 2007 2008 2008 2008 2008 2007 2007 2009 2009 2008 2008 2009 2009 2010 2010 2010 2010 2009 2009 2011 2011 2010 2010 2011 2011 1980 1980 1980 1980 2011 2011 1978 1978 2012 2012 2013 2013 2014 2014 2014 2014 2013 2013 2015 2015 2016 2016 2017 2017 2018 2018 2018 2018 2017 2017 2019 2019 4331 4331 4332 4332 2020 2020 2020 2020 4333 4333 2021 2021 2020 2020 2021 2021 2022 2022 2022 2022 2021 2021 2023 2023 2022 2022 2023 2023 2024 2024 2024 2024 2023 2023 2025 2025 2024 2024 2025 2025 2026 2026 2026 2026 2025 2025 2027 2027 2026 2026 2027 2027 2028 2028 2028 2028 2027 2027 2029 2029 2028 2028 2029 2029 2030 2030 2030 2030 2029 2029 2031 2031 2030 2030 2031 2031 4334 4334 4335 4335 2031 2031 4336 4336 2032 2032 2033 2033 2034 2034 2034 2034 2033 2033 2035 2035 2034 2034 2035 2035 2036 2036 2036 2036 2035 2035 2037 2037 4337 4337 4338 4338 2038 2038 2038 2038 4339 4339 2039 2039 2038 2038 2039 2039 2040 2040 2040 2040 2039 2039 2041 2041 2040 2040 2041 2041 2042 2042 2042 2042 2041 2041 2043 2043 2042 2042 2043 2043 2044 2044 2044 2044 2043 2043 2045 2045 2044 2044 2045 2045 2046 2046 2046 2046 2045 2045 2047 2047 2046 2046 2047 2047 2048 2048 2048 2048 2047 2047 2049 2049 2048 2048 2049 2049 4340 4340 4341 4341 2049 2049 4342 4342 2050 2050 2051 2051 2052 2052 2052 2052 2051 2051 2053 2053 2052 2052 2053 2053 2054 2054 2051 2051 2050 2050 2055 2055 2055 2055 2050 2050 2056 2056 2055 2055 2056 2056 2057 2057 2057 2057 2056 2056 2058 2058 2057 2057 2058 2058 2059 2059 2059 2059 2058 2058 2060 2060 2059 2059 2060 2060 2061 2061 2059 2059 2061 2061 2062 2062 2062 2062 2061 2061 2063 2063 2062 2062 2063 2063 2064 2064 2064 2064 2063 2063 2065 2065 2064 2064 2065 2065 2066 2066 2066 2066 2065 2065 2067 2067 2066 2066 2067 2067 2068 2068 2068 2068 2067 2067 2069 2069 2068 2068 2069 2069 2070 2070 2070 2070 2069 2069 2071 2071 2071 2071 2069 2069 2072 2072 2071 2071 2072 2072 2073 2073 2073 2073 2072 2072 2074 2074 2073 2073 2074 2074 2075 2075 2075 2075 2074 2074 2076 2076 2075 2075 2076 2076 2077 2077 2077 2077 2076 2076 2078 2078 2077 2077 2078 2078 2079 2079 2077 2077 2079 2079 2080 2080 2080 2080 2079 2079 2081 2081 2080 2080 2081 2081 2082 2082 2082 2082 2081 2081 2083 2083 2082 2082 2083 2083 2084 2084 2084 2084 2083 2083 2085 2085 2084 2084 2085 2085 2054 2054 2054 2054 2085 2085 2052 2052 2086 2086 2087 2087 2088 2088 2088 2088 2087 2087 2089 2089 2090 2090 2091 2091 2092 2092 2092 2092 2091 2091 2093 2093 4343 4343 4344 4344 2094 2094 2094 2094 4345 4345 2095 2095 2094 2094 2095 2095 2096 2096 2096 2096 2095 2095 2097 2097 2096 2096 2097 2097 2098 2098 2098 2098 2097 2097 2099 2099 2098 2098 2099 2099 2100 2100 2100 2100 2099 2099 2101 2101 2100 2100 2101 2101 2102 2102 2102 2102 2101 2101 2103 2103 2102 2102 2103 2103 2104 2104 2104 2104 2103 2103 2105 2105 2104 2104 2105 2105 4346 4346 4347 4347 2105 2105 4348 4348 2106 2106 2107 2107 2108 2108 2108 2108 2107 2107 2109 2109 2108 2108 2109 2109 2110 2110 2110 2110 2109 2109 2111 2111 4349 4349 4350 4350 2112 2112 2112 2112 4351 4351 2113 2113 2112 2112 2113 2113 2114 2114 2114 2114 2113 2113 2115 2115 2114 2114 2115 2115 2116 2116 2116 2116 2115 2115 2117 2117 2116 2116 2117 2117 2118 2118 2118 2118 2117 2117 2119 2119 2118 2118 2119 2119 2120 2120 2120 2120 2119 2119 2121 2121 2120 2120 2121 2121 2122 2122 2122 2122 2121 2121 2123 2123 2122 2122 2123 2123 4352 4352 4353 4353 2123 2123 4354 4354 2124 2124 2125 2125 2126 2126 2126 2126 2125 2125 2127 2127 2128 2128 2129 2129 2130 2130 2130 2130 2129 2129 2131 2131 4355 4355 4356 4356 2132 2132 2132 2132 4357 4357 2133 2133 2132 2132 2133 2133 2134 2134 2134 2134 2133 2133 2135 2135 2134 2134 2135 2135 2136 2136 2136 2136 2135 2135 2137 2137 2136 2136 2137 2137 2138 2138 2138 2138 2137 2137 2139 2139 2138 2138 2139 2139 2140 2140 2140 2140 2139 2139 2141 2141 2140 2140 2141 2141 2142 2142 2142 2142 2141 2141 2143 2143 2142 2142 2143 2143 4358 4358 4359 4359 2143 2143 4360 4360 2144 2144 2145 2145 2146 2146 2146 2146 2145 2145 2147 2147 2146 2146 2147 2147 2148 2148 2148 2148 2147 2147 2149 2149 4361 4361 4362 4362 2150 2150 2150 2150 4363 4363 2151 2151 2150 2150 2151 2151 2152 2152 2152 2152 2151 2151 2153 2153 2152 2152 2153 2153 2154 2154 2154 2154 2153 2153 2155 2155 2154 2154 2155 2155 2156 2156 2156 2156 2155 2155 2157 2157 2156 2156 2157 2157 2158 2158 2158 2158 2157 2157 2159 2159 2158 2158 2159 2159 2160 2160 2160 2160 2159 2159 2161 2161 2160 2160 2161 2161 4364 4364 4365 4365 2161 2161 4366 4366 2162 2162 2163 2163 2164 2164 2164 2164 2163 2163 2165 2165 2164 2164 2165 2165 2166 2166 2166 2166 2165 2165 2167 2167 2166 2166 2167 2167 2168 2168 2168 2168 2167 2167 2169 2169 2168 2168 2169 2169 4367 4367 4368 4368 2169 2169 4369 4369 2170 2170 2171 2171 2172 2172 2172 2172 2171 2171 2173 2173 2174 2174 2175 2175 2176 2176 2176 2176 2175 2175 2177 2177 2176 2176 2177 2177 2178 2178 2178 2178 2177 2177 2179 2179 2178 2178 2179 2179 2180 2180 2180 2180 2179 2179 2181 2181 2180 2180 2181 2181 2182 2182 2182 2182 2181 2181 2183 2183 2182 2182 2183 2183 2184 2184 2184 2184 2183 2183 2185 2185 2184 2184 2185 2185 2186 2186 2186 2186 2185 2185 2187 2187 2186 2186 2187 2187 2188 2188 2188 2188 2187 2187 2189 2189 2188 2188 2189 2189 2190 2190 2190 2190 2189 2189 2191 2191 2190 2190 2191 2191 2192 2192 2192 2192 2191 2191 2193 2193 2192 2192 2193 2193 2194 2194 2194 2194 2193 2193 2195 2195 2194 2194 2195 2195 2196 2196 2196 2196 2195 2195 2197 2197 2196 2196 2197 2197 2198 2198 2198 2198 2197 2197 2199 2199 2198 2198 2199 2199 2200 2200 2200 2200 2199 2199 2201 2201 4370 4370 4371 4371 2202 2202 4372 4372 2202 2202 2203 2203 2203 2203 2202 2202 2204 2204 2203 2203 2204 2204 2205 2205 2205 2205 2204 2204 2206 2206 2205 2205 2206 2206 2207 2207 2207 2207 2206 2206 2208 2208 2208 2208 2206 2206 2209 2209 2209 2209 2206 2206 2210 2210 2209 2209 2210 2210 2211 2211 2211 2211 2210 2210 2212 2212 2211 2211 2212 2212 2213 2213 2213 2213 2212 2212 2214 2214 2213 2213 2214 2214 2215 2215 2215 2215 2214 2214 2216 2216 2215 2215 2216 2216 2217 2217 2217 2217 2216 2216 2218 2218 2217 2217 2218 2218 2219 2219 2219 2219 2218 2218 2220 2220 2219 2219 2220 2220 2221 2221 2221 2221 2220 2220 2222 2222 2221 2221 2222 2222 2223 2223 2223 2223 2222 2222 2224 2224 2223 2223 2224 2224 4373 4373 4374 4374 2224 2224 4375 4375 2225 2225 2226 2226 2227 2227 2227 2227 2226 2226 2228 2228 2227 2227 2228 2228 2229 2229 2229 2229 2228 2228 2230 2230 2229 2229 2230 2230 2231 2231 2231 2231 2230 2230 2232 2232 2232 2232 2230 2230 2233 2233 2232 2232 2233 2233 2234 2234 4376 4376 4377 4377 2235 2235 4378 4378 2235 2235 2236 2236 2236 2236 2235 2235 2177 2177 2236 2236 2177 2177 2175 2175 2233 2233 2230 2230 2237 2237 2237 2237 2230 2230 2228 2228 4379 4379 4380 4380 2238 2238 2238 2238 4381 4381 4382 4382 4383 4383 4384 4384 2239 2239 2239 2239 4385 4385 2224 2224 2239 2239 2224 2224 2240 2240 2240 2240 2224 2224 2222 2222 2240 2240 2222 2222 2241 2241 2241 2241 2222 2222 2220 2220 2241 2241 2220 2220 2242 2242 2242 2242 2220 2220 2218 2218 2242 2242 2218 2218 2243 2243 2243 2243 2218 2218 2216 2216 2243 2243 2216 2216 2244 2244 2244 2244 2216 2216 2214 2214 2244 2244 2214 2214 2245 2245 2245 2245 2214 2214 2212 2212 2245 2245 2212 2212 2246 2246 2246 2246 2212 2212 2210 2210 2246 2246 2210 2210 2204 2204 2204 2204 2210 2210 2206 2206 2179 2179 2177 2177 2235 2235 2235 2235 4386 4386 2247 2247 2247 2247 4387 4387 4388 4388 2247 2247 4389 4389 2238 2238 2247 2247 2238 2238 2248 2248 4390 4390 4391 4391 2239 2239 4392 4392 2239 2239 4393 4393 4394 4394 2239 2239 2240 2240 4395 4395 2240 2240 4396 4396 4397 4397 2240 2240 2241 2241 4398 4398 2241 2241 4399 4399 4400 4400 2241 2241 2242 2242 4401 4401 2242 2242 4402 4402 4403 4403 2242 2242 2243 2243 4404 4404 2243 2243 4405 4405 4406 4406 2243 2243 2244 2244 4407 4407 2244 2244 2254 2254 2254 2254 2244 2244 2245 2245 2254 2254 2245 2245 2255 2255 2255 2255 2245 2245 2246 2246 2255 2255 2246 2246 2256 2256 2256 2256 2246 2246 2202 2202 2202 2202 2246 2246 2204 2204 2181 2181 2179 2179 2247 2247 2247 2247 2179 2179 2235 2235 2183 2183 2181 2181 2248 2248 2248 2248 2181 2181 2247 2247 2185 2185 2183 2183 2249 2249 2249 2249 2183 2183 2248 2248 2187 2187 2185 2185 2250 2250 2250 2250 2185 2185 2249 2249 2189 2189 2187 2187 2251 2251 2251 2251 2187 2187 2250 2250 2191 2191 2189 2189 2252 2252 2252 2252 2189 2189 2251 2251 2193 2193 2191 2191 2253 2253 2253 2253 2191 2191 2252 2252 4408 4408 4409 4409 2254 2254 2254 2254 4410 4410 4411 4411 4412 4412 4413 4413 2255 2255 2255 2255 4414 4414 2254 2254 4415 4415 4416 4416 2256 2256 2256 2256 4417 4417 2255 2255 4418 4418 2256 2256 2202 2202 2257 2257 2258 2258 2259 2259 2259 2259 2258 2258 2260 2260 2259 2259 2260 2260 2261 2261 2261 2261 2260 2260 2262 2262 2261 2261 2262 2262 4419 4419 4420 4420 2262 2262 4421 4421 2263 2263 2264 2264 2265 2265 2265 2265 2264 2264 2266 2266 2265 2265 2266 2266 2267 2267 2267 2267 2266 2266 2268 2268 2269 2269 2270 2270 2271 2271 2271 2271 2270 2270 2272 2272 2271 2271 2272 2272 2273 2273 2273 2273 2272 2272 2274 2274 2273 2273 2274 2274 2275 2275 2275 2275 2274 2274 2276 2276 2275 2275 2276 2276 2277 2277 2277 2277 2276 2276 2278 2278 4422 4422 4423 4423 2279 2279 2279 2279 4424 4424 2280 2280 2279 2279 2280 2280 2281 2281 2281 2281 2280 2280 2282 2282 2281 2281 2282 2282 2283 2283 2283 2283 2282 2282 2284 2284 2283 2283 2284 2284 2285 2285 2285 2285 2284 2284 2286 2286 2285 2285 2286 2286 2287 2287 2287 2287 2286 2286 2288 2288 2287 2287 2288 2288 2289 2289 2289 2289 2288 2288 2290 2290 2289 2289 2290 2290 2291 2291 2291 2291 2290 2290 2292 2292 2291 2291 2292 2292 2293 2293 2293 2293 2292 2292 2294 2294 2293 2293 2294 2294 2295 2295 2295 2295 2294 2294 2296 2296 2295 2295 2296 2296 2297 2297 2297 2297 2296 2296 2298 2298 2297 2297 2298 2298 2299 2299 2299 2299 2298 2298 2300 2300 2299 2299 2300 2300 2301 2301 2301 2301 2300 2300 2302 2302 2301 2301 2302 2302 2303 2303 2303 2303 2302 2302 2304 2304 2303 2303 2304 2304 2305 2305 2305 2305 2304 2304 2306 2306 2305 2305 2306 2306 2307 2307 2307 2307 2306 2306 2308 2308 2307 2307 2308 2308 2309 2309 2309 2309 2308 2308 2310 2310 2309 2309 2310 2310 4425 4425 4426 4426 2310 2310 4427 4427 2311 2311 2312 2312 2313 2313 2313 2313 2312 2312 2314 2314 2313 2313 2314 2314 2315 2315 2315 2315 2314 2314 2316 2316 2315 2315 2316 2316 2317 2317 2317 2317 2316 2316 2318 2318 2317 2317 2318 2318 2319 2319 2319 2319 2318 2318 2320 2320 2320 2320 2318 2318 2321 2321 2320 2320 2321 2321 2322 2322 2322 2322 2321 2321 4428 4428 2322 2322 4429 4429 4430 4430 2324 2324 2323 2323 2325 2325 2324 2324 2325 2325 2326 2326 2326 2326 2325 2325 2327 2327 2326 2326 2327 2327 2328 2328 2270 2270 2329 2329 2272 2272 2272 2272 2329 2329 2330 2330 2272 2272 2330 2330 2274 2274 2274 2274 2330 2330 2331 2331 2274 2274 2331 2331 2276 2276 2276 2276 2331 2331 2332 2332 2276 2276 2332 2332 2278 2278 2278 2278 2332 2332 2333 2333 4431 4431 4432 4432 2280 2280 2280 2280 4433 4433 2334 2334 2280 2280 2334 2334 2282 2282 2282 2282 2334 2334 2335 2335 2282 2282 2335 2335 2284 2284 2284 2284 2335 2335 2336 2336 2284 2284 2336 2336 2286 2286 2286 2286 2336 2336 2337 2337 2286 2286 2337 2337 2288 2288 2288 2288 2337 2337 2338 2338 2288 2288 2338 2338 2290 2290 2290 2290 2338 2338 2339 2339 2290 2290 2339 2339 2292 2292 2292 2292 2339 2339 2340 2340 2292 2292 2340 2340 2294 2294 2294 2294 2340 2340 2341 2341 2294 2294 2341 2341 2296 2296 2296 2296 2341 2341 2342 2342 2296 2296 2342 2342 2298 2298 2298 2298 2342 2342 2343 2343 2298 2298 2343 2343 2300 2300 2300 2300 2343 2343 2344 2344 2300 2300 2344 2344 2302 2302 2302 2302 2344 2344 2345 2345 2302 2302 2345 2345 2304 2304 2304 2304 2345 2345 2346 2346 2304 2304 2346 2346 2306 2306 2306 2306 2346 2346 2347 2347 2306 2306 2347 2347 2308 2308 2308 2308 2347 2347 2348 2348 2308 2308 2348 2348 2310 2310 2310 2310 2348 2348 2349 2349 2310 2310 2349 2349 4434 4434 4435 4435 2349 2349 4436 4436 2312 2312 2350 2350 2314 2314 2314 2314 2350 2350 2351 2351 2314 2314 2351 2351 2316 2316 2316 2316 2351 2351 2352 2352 2316 2316 2352 2352 2318 2318 2318 2318 2352 2352 2321 2321 2329 2329 4437 4437 2330 2330 2330 2330 4438 4438 4439 4439 2330 2330 4440 4440 2331 2331 2331 2331 4441 4441 4442 4442 2331 2331 4443 4443 4444 4444 2331 2331 4445 4445 2332 2332 2332 2332 4446 4446 4447 4447 2332 2332 4448 4448 2333 2333 2333 2333 4449 4449 4450 4450 4451 4451 4452 4452 2334 2334 2334 2334 4453 4453 2359 2359 2334 2334 2359 2359 2335 2335 2335 2335 2359 2359 2360 2360 2335 2335 2360 2360 2336 2336 2336 2336 2360 2360 2361 2361 2336 2336 2361 2361 2337 2337 2337 2337 2361 2361 2362 2362 2337 2337 2362 2362 2338 2338 2338 2338 2362 2362 2363 2363 2338 2338 2363 2363 2339 2339 2339 2339 2363 2363 2364 2364 2339 2339 2364 2364 2340 2340 2340 2340 2364 2364 2365 2365 2340 2340 2365 2365 2341 2341 2341 2341 2365 2365 2366 2366 2341 2341 2366 2366 2342 2342 2342 2342 2366 2366 2367 2367 2342 2342 2367 2367 2343 2343 2343 2343 2367 2367 2368 2368 2343 2343 2368 2368 2344 2344 2344 2344 2368 2368 2369 2369 2344 2344 2369 2369 2345 2345 2345 2345 2369 2369 2370 2370 2345 2345 2370 2370 2346 2346 2346 2346 2370 2370 2371 2371 2346 2346 2371 2371 2347 2347 2347 2347 2371 2371 2372 2372 2347 2347 2372 2372 2348 2348 2348 2348 2372 2372 4454 4454 2348 2348 4455 4455 2349 2349 2349 2349 4456 4456 4457 4457 2349 2349 4458 4458 4459 4459 2350 2350 4460 4460 4461 4461 2350 2350 4462 4462 2351 2351 2351 2351 4463 4463 4464 4464 2351 2351 4465 4465 2352 2352 2352 2352 4466 4466 2321 2321 2321 2321 4467 4467 4468 4468 2353 2353 2377 2377 2354 2354 2354 2354 2377 2377 2378 2378 2354 2354 2378 2378 2355 2355 2355 2355 2378 2378 2379 2379 2355 2355 2379 2379 2356 2356 2356 2356 2379 2379 2380 2380 2356 2356 2380 2380 2357 2357 2357 2357 2380 2380 2381 2381 2357 2357 2381 2381 2358 2358 2358 2358 2381 2381 2382 2382 4469 4469 4470 4470 2359 2359 2359 2359 4471 4471 4472 4472 2359 2359 4473 4473 2360 2360 2360 2360 4474 4474 4475 4475 2360 2360 4476 4476 2361 2361 2361 2361 4477 4477 4478 4478 2361 2361 4479 4479 2362 2362 2362 2362 4480 4480 4481 4481 2362 2362 4482 4482 2363 2363 2363 2363 4483 4483 4484 4484 2363 2363 4485 4485 2364 2364 2364 2364 4486 4486 4487 4487 2364 2364 4488 4488 2365 2365 2365 2365 4489 4489 4490 4490 2365 2365 4491 4491 2366 2366 2366 2366 4492 4492 4493 4493 2366 2366 4494 4494 2367 2367 2367 2367 4495 4495 4496 4496 2367 2367 4497 4497 2368 2368 2368 2368 4498 4498 4499 4499 2368 2368 4500 4500 2369 2369 2369 2369 4501 4501 4502 4502 2369 2369 4503 4503 2370 2370 2370 2370 4504 4504 4505 4505 2370 2370 4506 4506 2371 2371 2371 2371 4507 4507 4508 4508 2371 2371 4509 4509 2372 2372 2372 2372 4510 4510 4511 4511 2372 2372 4512 4512 4513 4513 2373 2373 2396 2396 2397 2397 2373 2373 2397 2397 2374 2374 2374 2374 2397 2397 2398 2398 2374 2374 2398 2398 2375 2375 2375 2375 2398 2398 2399 2399 2375 2375 2399 2399 2376 2376 2376 2376 2399 2399 2400 2400 2376 2376 2400 2400 2323 2323 2323 2323 2400 2400 2325 2325 2377 2377 2401 2401 2378 2378 2378 2378 2401 2401 2402 2402 2378 2378 2402 2402 2379 2379 2379 2379 2402 2402 2403 2403 2379 2379 2403 2403 2380 2380 2380 2380 2403 2403 2404 2404 2380 2380 2404 2404 2381 2381 2381 2381 2404 2404 2405 2405 2381 2381 2405 2405 2382 2382 2382 2382 2405 2405 2406 2406 2382 2382 2406 2406 2383 2383 2383 2383 2406 2406 2407 2407 2383 2383 2407 2407 2384 2384 2384 2384 2407 2407 2408 2408 2384 2384 2408 2408 2385 2385 2385 2385 2408 2408 2409 2409 2385 2385 2409 2409 2386 2386 2386 2386 2409 2409 2410 2410 2386 2386 2410 2410 2387 2387 2387 2387 2410 2410 2411 2411 2387 2387 2411 2411 2388 2388 2388 2388 2411 2411 2412 2412 2388 2388 2412 2412 2389 2389 2389 2389 2412 2412 2413 2413 2389 2389 2413 2413 2390 2390 2390 2390 2413 2413 2414 2414 2390 2390 2414 2414 2391 2391 2391 2391 2414 2414 2415 2415 2391 2391 2415 2415 2392 2392 2392 2392 2415 2415 2416 2416 2392 2392 2416 2416 2393 2393 2393 2393 2416 2416 2417 2417 2393 2393 2417 2417 2394 2394 2394 2394 2417 2417 2418 2418 2394 2394 2418 2418 2395 2395 2395 2395 2418 2418 2419 2419 2395 2395 2419 2419 2396 2396 2396 2396 2419 2419 2420 2420 2396 2396 2420 2420 2397 2397 2397 2397 2420 2420 2421 2421 2397 2397 2421 2421 2398 2398 2398 2398 2421 2421 2422 2422 2398 2398 2422 2422 2399 2399 2399 2399 2422 2422 2423 2423 2399 2399 2423 2423 2400 2400 2400 2400 2423 2423 2424 2424 2400 2400 2424 2424 2325 2325 2325 2325 2424 2424 2327 2327 2425 2425 2426 2426 2427 2427 2427 2427 2426 2426 2428 2428 2427 2427 2428 2428 2429 2429 2429 2429 2428 2428 2430 2430 2429 2429 2430 2430 4514 4514 4515 4515 2430 2430 4516 4516 2431 2431 2432 2432 2433 2433 2433 2433 2432 2432 2434 2434 2433 2433 2434 2434 2435 2435 2435 2435 2434 2434 2436 2436 2437 2437 2438 2438 2439 2439 2439 2439 2438 2438 2440 2440 2439 2439 2440 2440 2441 2441 2441 2441 2440 2440 2442 2442 2441 2441 2442 2442 2443 2443 2443 2443 2442 2442 2444 2444 2443 2443 2444 2444 2445 2445 2445 2445 2444 2444 2446 2446 2445 2445 2446 2446 2447 2447 2447 2447 2446 2446 2448 2448 2447 2447 2448 2448 2449 2449 2449 2449 2448 2448 2450 2450 2449 2449 2450 2450 2451 2451 2451 2451 2450 2450 2452 2452 2451 2451 2452 2452 2453 2453 2453 2453 2452 2452 2454 2454 2453 2453 2454 2454 2455 2455 2455 2455 2454 2454 2456 2456 2455 2455 2456 2456 2457 2457 2457 2457 2456 2456 2458 2458 2457 2457 2458 2458 2459 2459 2459 2459 2458 2458 2460 2460 2459 2459 2460 2460 2461 2461 2461 2461 2460 2460 2462 2462 2461 2461 2462 2462 2463 2463 2463 2463 2462 2462 2464 2464 2464 2464 2462 2462 2465 2465 2464 2464 2465 2465 2466 2466 2466 2466 2465 2465 4517 4517 2466 2466 4518 4518 4519 4519 2468 2468 2467 2467 2469 2469 2468 2468 2469 2469 2470 2470 2470 2470 2469 2469 2471 2471 2471 2471 2469 2469 2472 2472 2472 2472 2469 2469 2473 2473 2472 2472 2473 2473 2474 2474 2474 2474 2473 2473 2475 2475 2474 2474 2475 2475 2476 2476 4520 4520 4521 4521 2477 2477 4522 4522 2477 2477 2478 2478 2478 2478 2477 2477 2479 2479 2478 2478 2479 2479 2480 2480 2480 2480 2479 2479 2481 2481 2480 2480 2481 2481 2482 2482 2482 2482 2481 2481 2483 2483 2482 2482 2483 2483 2484 2484 2484 2484 2483 2483 2485 2485 2484 2484 2485 2485 2486 2486 2486 2486 2485 2485 2487 2487 2486 2486 2487 2487 2488 2488 2488 2488 2487 2487 2489 2489 2488 2488 2489 2489 2490 2490 2490 2490 2489 2489 2491 2491 2490 2490 2491 2491 2492 2492 2492 2492 2491 2491 2493 2493 2492 2492 2493 2493 2494 2494 2494 2494 2493 2493 2495 2495 2495 2495 2493 2493 2496 2496 2495 2495 2496 2496 2497 2497 2497 2497 2496 2496 2498 2498 2497 2497 2498 2498 2499 2499 2499 2499 2498 2498 4523 4523 2499 2499 4524 4524 4525 4525 2496 2496 2493 2493 2500 2500 2500 2500 2493 2493 2491 2491 2500 2500 2491 2491 2501 2501 2501 2501 2491 2491 2489 2489 2501 2501 2489 2489 2502 2502 2502 2502 2489 2489 2487 2487 2502 2502 2487 2487 2503 2503 2503 2503 2487 2487 2485 2485 2503 2503 2485 2485 2504 2504 2504 2504 2485 2485 2483 2483 2504 2504 2483 2483 2505 2505 2505 2505 2483 2483 2481 2481 2505 2505 2481 2481 2506 2506 2506 2506 2481 2481 2479 2479 2506 2506 2479 2479 2507 2507 2507 2507 2479 2479 2477 2477 2507 2507 2477 2477 4526 4526 4527 4527 2477 2477 4528 4528 2508 2508 4529 4529 4530 4530 2509 2509 2475 2475 2473 2473 2509 2509 2473 2473 2467 2467 2467 2467 2473 2473 2469 2469 4531 4531 4532 4532 2498 2498 2498 2498 2496 2496 2510 2510 2510 2510 2496 2496 2500 2500 2510 2510 2500 2500 2501 2501 2510 2510 2501 2501 2511 2511 2511 2511 2501 2501 2502 2502 2511 2511 2502 2502 2512 2512 2512 2512 2502 2502 2503 2503 2512 2512 2503 2503 4533 4533 4534 4534 2503 2503 2504 2504 4535 4535 2504 2504 4536 4536 4537 4537 2504 2504 2505 2505 4538 4538 2505 2505 4539 4539 4540 4540 2505 2505 2506 2506 4541 4541 2506 2506 4542 4542 4543 4543 2506 2506 2507 2507 4544 4544 2507 2507 4545 4545 4546 4546 2507 2507 4547 4547 2517 2517 2508 2508 2518 2518 2518 2518 2508 2508 4548 4548 2518 2518 4549 4549 2519 2519 2519 2519 4550 4550 2465 2465 2465 2465 4551 4551 4552 4552 4553 4553 4554 4554 2510 2510 2510 2510 4555 4555 2498 2498 4556 4556 4557 4557 2511 2511 2511 2511 4558 4558 2510 2510 4559 4559 4560 4560 2512 2512 2512 2512 4561 4561 2511 2511 2450 2450 2448 2448 2513 2513 4562 4562 4563 4563 2512 2512 2452 2452 2450 2450 2514 2514 2514 2514 2450 2450 2513 2513 2454 2454 2452 2452 2515 2515 2515 2515 2452 2452 2514 2514 2456 2456 2454 2454 2516 2516 2516 2516 2454 2454 2515 2515 2458 2458 2456 2456 2517 2517 2517 2517 2456 2456 2516 2516 2460 2460 2458 2458 2518 2518 2518 2518 2458 2458 2517 2517 2462 2462 2460 2460 2519 2519 2519 2519 2460 2460 2518 2518 2462 2462 2519 2519 2465 2465 2520 2520 2521 2521 2522 2522 2522 2522 2521 2521 2523 2523 4564 4564 4565 4565 2524 2524 2524 2524 4566 4566 2525 2525 2524 2524 2525 2525 2526 2526 2526 2526 2525 2525 2527 2527 2526 2526 2527 2527 2528 2528 2528 2528 2527 2527 2529 2529 2528 2528 2529 2529 2530 2530 2530 2530 2529 2529 2531 2531 2532 2532 2533 2533 2534 2534 2534 2534 2533 2533 2535 2535 2534 2534 2535 2535 2536 2536 2537 2537 2538 2538 2532 2532 2532 2532 2538 2538 2539 2539 2532 2532 2539 2539 2540 2540 2540 2540 2539 2539 2541 2541 2541 2541 2539 2539 2542 2542 2542 2542 2539 2539 2543 2543 2542 2542 2543 2543 2544 2544 2544 2544 2543 2543 2545 2545 2538 2538 2537 2537 2546 2546 2546 2546 2537 2537 2547 2547 4567 4567 4568 4568 2548 2548 2548 2548 4569 4569 2549 2549 2548 2548 2549 2549 2550 2550 2550 2550 2549 2549 2551 2551 2550 2550 2551 2551 2552 2552 2552 2552 2551 2551 2553 2553 2552 2552 2553 2553 2554 2554 2554 2554 2553 2553 2555 2555 2554 2554 2555 2555 2556 2556 2556 2556 2555 2555 2557 2557 2556 2556 2557 2557 2558 2558 2558 2558 2557 2557 2559 2559 2558 2558 2559 2559 2560 2560 2560 2560 2559 2559 2561 2561 2560 2560 2561 2561 2562 2562 2562 2562 2561 2561 2563 2563 2562 2562 2563 2563 2564 2564 2564 2564 2563 2563 2565 2565 2540 2540 2566 2566 2532 2532 2532 2532 2566 2566 2533 2533 2567 2567 2568 2568 2569 2569 2569 2569 2568 2568 2570 2570 2569 2569 2570 2570 2571 2571 2571 2571 2570 2570 2572 2572 2572 2572 2570 2570 2573 2573 2572 2572 2573 2573 2574 2574 2574 2574 2573 2573 2575 2575 2574 2574 2575 2575 2576 2576 2576 2576 2575 2575 2577 2577 2576 2576 2577 2577 2578 2578 2578 2578 2577 2577 2579 2579 2579 2579 2577 2577 2580 2580 2579 2579 2580 2580 2581 2581 2581 2581 2580 2580 2582 2582 2581 2581 2582 2582 2583 2583 2583 2583 2582 2582 2584 2584 2583 2583 2584 2584 2585 2585 2585 2585 2584 2584 2586 2586 2585 2585 2586 2586 2587 2587 2587 2587 2586 2586 2588 2588 2587 2587 2588 2588 2589 2589 2589 2589 2588 2588 4570 4570 2589 2589 4571 4571 4572 4572 2591 2591 2590 2590 2592 2592 2591 2591 2592 2592 2593 2593 2593 2593 2592 2592 2594 2594 2593 2593 2594 2594 2595 2595 2595 2595 2594 2594 2596 2596 2595 2595 2596 2596 2597 2597 2597 2597 2596 2596 2598 2598 2597 2597 2598 2598 2599 2599 2599 2599 2598 2598 2600 2600 2599 2599 2600 2600 2601 2601 2601 2601 2600 2600 2602 2602 2601 2601 2602 2602 2603 2603 2603 2603 2602 2602 2604 2604 2603 2603 2604 2604 2605 2605 4573 4573 4574 4574 2606 2606 2606 2606 4575 4575 2607 2607 2606 2606 2607 2607 2608 2608 2608 2608 2607 2607 2609 2609 2608 2608 2609 2609 2610 2610 2610 2610 2609 2609 2611 2611 2610 2610 2611 2611 2612 2612 2612 2612 2611 2611 2613 2613 2612 2612 2613 2613 2614 2614 2614 2614 2613 2613 2615 2615 2614 2614 2615 2615 2616 2616 2616 2616 2615 2615 2617 2617 2616 2616 2617 2617 2618 2618 2618 2618 2617 2617 2619 2619 2618 2618 2619 2619 2620 2620 2620 2620 2619 2619 2621 2621 2620 2620 2621 2621 2622 2622 2622 2622 2621 2621 2623 2623 2622 2622 2623 2623 2624 2624 2624 2624 2623 2623 2625 2625 2624 2624 2625 2625 2626 2626 2626 2626 2625 2625 2627 2627 2626 2626 2627 2627 2628 2628 2628 2628 2627 2627 2629 2629 2628 2628 2629 2629 2630 2630 2630 2630 2629 2629 2631 2631 2630 2630 2631 2631 4576 4576 4577 4577 2631 2631 4578 4578 2632 2632 2633 2633 2634 2634 2634 2634 2633 2633 2635 2635 2634 2634 2635 2635 2636 2636 2636 2636 2635 2635 2637 2637 2636 2636 2637 2637 2638 2638 2638 2638 2637 2637 2639 2639 2638 2638 2639 2639 2640 2640 2641 2641 2642 2642 2643 2643 2641 2641 2643 2643 2644 2644 2644 2644 2643 2643 2645 2645 2644 2644 2645 2645 2646 2646 2646 2646 2645 2645 2647 2647 2646 2646 2647 2647 2648 2648 4579 4579 4580 4580 2649 2649 4581 4581 2649 2649 2650 2650 2650 2650 2649 2649 2651 2651 2650 2650 2651 2651 2652 2652 2652 2652 2651 2651 2653 2653 2652 2652 2653 2653 2567 2567 2567 2567 2653 2653 2568 2568 2654 2654 2655 2655 2656 2656 2656 2656 2655 2655 2657 2657 2656 2656 2657 2657 2658 2658 2659 2659 2660 2660 2654 2654 2654 2654 2660 2660 2661 2661 2654 2654 2661 2661 2662 2662 2662 2662 2663 2663 2654 2654 2654 2654 2663 2663 2655 2655 2658 2658 2664 2664 2656 2656 2656 2656 2664 2664 2665 2665 2665 2665 2664 2664 2666 2666 2665 2665 2666 2666 2667 2667 2667 2667 2666 2666 2668 2668 2667 2667 2668 2668 2669 2669 2669 2669 2668 2668 2670 2670 2669 2669 2670 2670 2671 2671 2671 2671 2670 2670 2672 2672 2671 2671 2672 2672 2673 2673 2673 2673 2672 2672 2674 2674 2674 2674 2672 2672 2675 2675 2674 2674 2675 2675 2676 2676 2676 2676 2675 2675 2677 2677 2676 2676 2677 2677 2678 2678 2678 2678 2677 2677 2679 2679 2678 2678 2679 2679 2680 2680 2680 2680 2679 2679 2681 2681 2680 2680 2681 2681 2682 2682 2682 2682 2681 2681 2683 2683 2682 2682 2683 2683 2684 2684 2684 2684 2683 2683 2685 2685 2685 2685 2683 2683 2686 2686 2685 2685 2686 2686 2687 2687 2687 2687 2686 2686 2688 2688 2687 2687 2688 2688 2689 2689 2689 2689 2688 2688 2690 2690 2690 2690 2688 2688 2691 2691 2690 2690 2691 2691 2692 2692 2692 2692 2691 2691 2693 2693 2692 2692 2693 2693 2694 2694 2694 2694 2693 2693 2695 2695 2694 2694 2695 2695 2696 2696 2696 2696 2695 2695 2697 2697 2696 2696 2697 2697 2698 2698 2698 2698 2697 2697 2699 2699 2698 2698 2699 2699 2700 2700 2700 2700 2699 2699 2701 2701 2701 2701 2699 2699 2702 2702 2701 2701 2702 2702 2703 2703 2703 2703 2702 2702 2704 2704 2703 2703 2704 2704 2705 2705 2705 2705 2704 2704 2706 2706 2705 2705 2706 2706 2707 2707 2707 2707 2706 2706 2708 2708 2707 2707 2708 2708 2709 2709 2709 2709 2708 2708 2710 2710 2709 2709 2710 2710 2711 2711 2711 2711 2712 2712 2709 2709 2709 2709 2712 2712 2713 2713 2713 2713 2712 2712 2714 2714 2713 2713 2714 2714 2715 2715 2715 2715 2716 2716 2713 2713 2713 2713 2716 2716 2717 2717 2713 2713 2717 2717 2718 2718 2719 2719 2720 2720 2721 2721 2721 2721 2720 2720 2722 2722 2723 2723 2724 2724 2725 2725 2725 2725 2724 2724 2726 2726 2725 2725 2726 2726 2727 2727 2727 2727 2726 2726 2728 2728 2727 2727 2728 2728 2729 2729 2729 2729 2728 2728 2730 2730 4582 4582 4583 4583 2731 2731 2731 2731 4584 4584 2732 2732 2731 2731 2732 2732 2733 2733 2733 2733 2732 2732 2734 2734 2733 2733 2734 2734 2735 2735 2735 2735 2734 2734 2736 2736 2735 2735 2736 2736 2737 2737 2737 2737 2736 2736 2738 2738 2737 2737 2738 2738 2739 2739 2739 2739 2738 2738 2740 2740 2739 2739 2740 2740 2741 2741 2741 2741 2740 2740 2742 2742 2741 2741 2742 2742 2743 2743 2743 2743 2742 2742 2744 2744 2743 2743 2744 2744 2745 2745 2745 2745 2744 2744 2746 2746 2745 2745 2746 2746 2747 2747 2747 2747 2746 2746 2748 2748 2747 2747 2748 2748 2749 2749 2749 2749 2748 2748 2750 2750 2749 2749 2750 2750 2751 2751 2751 2751 2750 2750 2752 2752 2751 2751 2752 2752 4585 4585 4586 4586 2752 2752 4587 4587 2753 2753 2754 2754 2755 2755 2755 2755 2754 2754 2756 2756 2755 2755 2756 2756 2757 2757 2757 2757 2756 2756 2758 2758 2757 2757 2758 2758 2759 2759 2759 2759 2758 2758 2760 2760 2759 2759 2760 2760 2761 2761 2761 2761 2760 2760 2762 2762 2761 2761 2762 2762 2763 2763 2763 2763 2762 2762 2764 2764 4588 4588 4589 4589 2765 2765 2765 2765 4590 4590 2766 2766 2765 2765 2766 2766 2767 2767 2767 2767 2766 2766 2768 2768 2767 2767 2768 2768 2769 2769 2769 2769 2768 2768 2770 2770 2769 2769 2770 2770 2771 2771 2771 2771 2770 2770 2772 2772 2771 2771 2772 2772 2773 2773 2773 2773 2772 2772 2774 2774 2773 2773 2774 2774 2775 2775 2775 2775 2774 2774 2776 2776 2775 2775 2776 2776 2777 2777 2777 2777 2776 2776 2778 2778 2777 2777 2778 2778 2779 2779 2779 2779 2778 2778 2780 2780 2779 2779 2780 2780 2781 2781 2781 2781 2780 2780 2782 2782 2781 2781 2782 2782 2783 2783 2783 2783 2782 2782 2784 2784 2783 2783 2784 2784 2785 2785 2785 2785 2784 2784 2786 2786 2785 2785 2786 2786 4591 4591 4592 4592 2786 2786 4593 4593 2787 2787 2788 2788 2789 2789 2789 2789 2788 2788 2790 2790 2789 2789 2790 2790 2719 2719 2719 2719 2790 2790 2720 2720 2791 2791 2792 2792 2793 2793 2793 2793 2792 2792 2794 2794 2793 2793 2794 2794 2795 2795 2795 2795 2794 2794 2796 2796 4594 4594 4595 4595 2797 2797 2797 2797 4596 4596 2798 2798 2797 2797 2798 2798 2799 2799 2799 2799 2798 2798 2800 2800 2799 2799 2800 2800 2801 2801 2801 2801 2800 2800 2802 2802 2801 2801 2802 2802 2803 2803 2803 2803 2802 2802 2804 2804 2803 2803 2804 2804 2805 2805 2805 2805 2804 2804 2806 2806 2805 2805 2806 2806 2807 2807 2807 2807 2806 2806 2808 2808 2807 2807 2808 2808 4597 4597 4598 4598 2808 2808 4599 4599 2809 2809 2810 2810 2811 2811 2811 2811 2810 2810 2812 2812 2813 2813 2814 2814 2815 2815 2815 2815 2814 2814 2816 2816 4600 4600 4601 4601 2817 2817 2817 2817 4602 4602 2818 2818 2817 2817 2818 2818 2819 2819 2819 2819 2818 2818 2820 2820 2819 2819 2820 2820 2821 2821 2821 2821 2820 2820 2822 2822 2821 2821 2822 2822 2823 2823 2823 2823 2822 2822 2824 2824 2823 2823 2824 2824 2825 2825 2825 2825 2824 2824 2826 2826 2825 2825 2826 2826 2827 2827 2827 2827 2826 2826 2828 2828 2827 2827 2828 2828 4603 4603 4604 4604 2828 2828 4605 4605 2829 2829 2830 2830 2831 2831 2831 2831 2830 2830 2832 2832 2833 2833 2834 2834 2835 2835 2835 2835 2834 2834 2836 2836 4606 4606 4607 4607 2837 2837 2837 2837 4608 4608 2838 2838 2837 2837 2838 2838 2839 2839 2839 2839 2838 2838 2840 2840 2839 2839 2840 2840 2841 2841 2841 2841 2840 2840 2842 2842 2841 2841 2842 2842 2843 2843 2843 2843 2842 2842 2844 2844 2843 2843 2844 2844 2845 2845 2845 2845 2844 2844 2846 2846 2845 2845 2846 2846 2847 2847 2847 2847 2846 2846 2848 2848 2847 2847 2848 2848 4609 4609 4610 4610 2848 2848 4611 4611 2849 2849 2850 2850 2851 2851 2851 2851 2850 2850 2852 2852 2851 2851 2852 2852 2853 2853 2853 2853 2852 2852 2854 2854 4612 4612 4613 4613 2855 2855 2855 2855 4614 4614 2856 2856 2855 2855 2856 2856 2857 2857 2857 2857 2856 2856 2858 2858 2857 2857 2858 2858 2859 2859 2859 2859 2858 2858 2860 2860 2859 2859 2860 2860 2861 2861 2861 2861 2860 2860 2862 2862 2861 2861 2862 2862 2863 2863 2863 2863 2862 2862 2864 2864 2863 2863 2864 2864 2865 2865 2865 2865 2864 2864 2866 2866 2865 2865 2866 2866 4615 4615 4616 4616 2866 2866 4617 4617 2867 2867 2868 2868 2869 2869 2869 2869 2868 2868 2870 2870 2869 2869 2870 2870 2871 2871 2871 2871 2870 2870 2872 2872 4618 4618 4619 4619 2873 2873 2873 2873 4620 4620 2874 2874 2873 2873 2874 2874 2875 2875 2875 2875 2874 2874 2876 2876 2875 2875 2876 2876 2877 2877 2877 2877 2876 2876 2878 2878 2877 2877 2878 2878 2879 2879 2879 2879 2878 2878 2880 2880 2879 2879 2880 2880 2881 2881 2881 2881 2880 2880 2882 2882 2881 2881 2882 2882 2883 2883 2883 2883 2882 2882 2884 2884 2883 2883 2884 2884 4621 4621 4622 4622 2884 2884 4623 4623 2885 2885 2886 2886 2887 2887 2887 2887 2886 2886 2888 2888 2889 2889 2890 2890 2891 2891 2891 2891 2890 2890 2892 2892 4624 4624 4625 4625 2893 2893 2893 2893 4626 4626 2894 2894 2893 2893 2894 2894 2895 2895 2895 2895 2894 2894 2896 2896 2895 2895 2896 2896 2897 2897 2897 2897 2896 2896 2898 2898 2897 2897 2898 2898 2899 2899 2899 2899 2898 2898 2900 2900 2899 2899 2900 2900 2901 2901 2901 2901 2900 2900 2902 2902 2901 2901 2902 2902 2903 2903 2903 2903 2902 2902 2904 2904 2903 2903 2904 2904 4627 4627 4628 4628 2904 2904 4629 4629 2905 2905 2906 2906 2907 2907 2907 2907 2906 2906 2908 2908 2909 2909 2910 2910 2911 2911 2911 2911 2910 2910 2912 2912 4630 4630 4631 4631 2913 2913 2913 2913 4632 4632 2914 2914 2913 2913 2914 2914 2915 2915 2915 2915 2914 2914 2916 2916 2915 2915 2916 2916 2917 2917 2917 2917 2916 2916 2918 2918 2917 2917 2918 2918 2919 2919 2919 2919 2918 2918 2920 2920 2919 2919 2920 2920 2921 2921 2921 2921 2920 2920 2922 2922 2921 2921 2922 2922 2923 2923 2923 2923 2922 2922 2924 2924 2923 2923 2924 2924 4633 4633 4634 4634 2924 2924 4635 4635 2925 2925 2926 2926 2927 2927 2927 2927 2926 2926 2928 2928 2927 2927 2928 2928 2929 2929 2929 2929 2928 2928 2930 2930 4636 4636 4637 4637 2931 2931 2931 2931 4638 4638 2932 2932 2931 2931 2932 2932 2933 2933 2933 2933 2932 2932 2934 2934 2933 2933 2934 2934 2935 2935 2935 2935 2934 2934 2936 2936 2935 2935 2936 2936 2937 2937 2937 2937 2936 2936 2938 2938 2937 2937 2938 2938 2939 2939 2939 2939 2938 2938 2940 2940 2939 2939 2940 2940 2941 2941 2941 2941 2940 2940 2942 2942 2941 2941 2942 2942 4639 4639 4640 4640 2942 2942 4641 4641 2943 2943 2944 2944 2945 2945 2945 2945 2944 2944 2946 2946 2945 2945 2946 2946 2947 2947 2947 2947 2946 2946 2948 2948 4642 4642 4643 4643 2949 2949 2949 2949 4644 4644 2950 2950 2949 2949 2950 2950 2951 2951 2951 2951 2950 2950 2952 2952 2951 2951 2952 2952 2953 2953 2953 2953 2952 2952 2954 2954 2953 2953 2954 2954 2955 2955 2955 2955 2954 2954 2956 2956 2955 2955 2956 2956 2957 2957 2957 2957 2956 2956 2958 2958 2957 2957 2958 2958 2959 2959 2959 2959 2958 2958 2960 2960 2959 2959 2960 2960 4645 4645 4646 4646 2960 2960 4647 4647 2961 2961 2962 2962 2963 2963 2963 2963 2962 2962 2964 2964 2965 2965 2966 2966 2967 2967 2967 2967 2966 2966 2968 2968 4648 4648 4649 4649 2969 2969 2969 2969 4650 4650 2970 2970 2969 2969 2970 2970 2971 2971 2971 2971 2970 2970 2972 2972 2971 2971 2972 2972 2973 2973 2973 2973 2972 2972 2974 2974 2973 2973 2974 2974 2975 2975 2975 2975 2974 2974 2976 2976 2975 2975 2976 2976 2977 2977 2977 2977 2976 2976 2978 2978 2977 2977 2978 2978 2979 2979 2979 2979 2978 2978 2980 2980 2979 2979 2980 2980 4651 4651 4652 4652 2980 2980 4653 4653 2981 2981 2982 2982 2983 2983 2983 2983 2982 2982 2984 2984 2985 2985 2986 2986 2987 2987 2987 2987 2986 2986 2988 2988 4654 4654 4655 4655 2989 2989 2989 2989 4656 4656 2990 2990 2989 2989 2990 2990 2991 2991 2991 2991 2990 2990 2992 2992 2991 2991 2992 2992 2993 2993 2993 2993 2992 2992 2994 2994 2993 2993 2994 2994 2995 2995 2995 2995 2994 2994 2996 2996 2995 2995 2996 2996 2997 2997 2997 2997 2996 2996 2998 2998 2997 2997 2998 2998 2999 2999 2999 2999 2998 2998 3000 3000 2999 2999 3000 3000 4657 4657 4658 4658 3000 3000 4659 4659 3001 3001 3002 3002 3003 3003 3003 3003 3002 3002 3004 3004 3003 3003 3004 3004 3005 3005 3005 3005 3004 3004 3006 3006 4660 4660 4661 4661 3007 3007 3007 3007 4662 4662 3008 3008 3007 3007 3008 3008 3009 3009 3009 3009 3008 3008 3010 3010 3009 3009 3010 3010 3011 3011 3011 3011 3010 3010 3012 3012 3011 3011 3012 3012 3013 3013 3013 3013 3012 3012 3014 3014 3013 3013 3014 3014 3015 3015 3015 3015 3014 3014 3016 3016 3015 3015 3016 3016 3017 3017 3017 3017 3016 3016 3018 3018 3017 3017 3018 3018 4663 4663 4664 4664 3018 3018 4665 4665 3019 3019 3020 3020 3021 3021 3021 3021 3020 3020 3022 3022 3021 3021 3022 3022 3023 3023 3023 3023 3022 3022 3024 3024 4666 4666 4667 4667 3025 3025 3025 3025 4668 4668 3026 3026 3025 3025 3026 3026 3027 3027 3027 3027 3026 3026 3028 3028 3027 3027 3028 3028 3029 3029 3029 3029 3028 3028 3030 3030 3029 3029 3030 3030 3031 3031 3031 3031 3030 3030 3032 3032 3031 3031 3032 3032 3033 3033 3033 3033 3032 3032 3034 3034 3033 3033 3034 3034 3035 3035 3035 3035 3034 3034 3036 3036 3035 3035 3036 3036 4669 4669 4670 4670 3036 3036 4671 4671 3037 3037 3038 3038 3039 3039 3039 3039 3038 3038 3040 3040 3041 3041 3042 3042 3043 3043 3043 3043 3042 3042 3044 3044 4672 4672 4673 4673 3045 3045 3045 3045 4674 4674 3046 3046 3045 3045 3046 3046 3047 3047 3047 3047 3046 3046 3048 3048 3047 3047 3048 3048 3049 3049 3049 3049 3048 3048 3050 3050 3049 3049 3050 3050 3051 3051 3051 3051 3050 3050 3052 3052 3051 3051 3052 3052 3053 3053 3053 3053 3052 3052 3054 3054 3053 3053 3054 3054 3055 3055 3055 3055 3054 3054 3056 3056 3055 3055 3056 3056 4675 4675 4676 4676 3056 3056 4677 4677 3057 3057 3058 3058 3059 3059 3059 3059 3058 3058 3060 3060 3061 3061 3062 3062 3063 3063 3063 3063 3062 3062 3064 3064 4678 4678 4679 4679 3065 3065 3065 3065 4680 4680 3066 3066 3065 3065 3066 3066 3067 3067 3067 3067 3066 3066 3068 3068 3067 3067 3068 3068 3069 3069 3069 3069 3068 3068 3070 3070 3069 3069 3070 3070 3071 3071 3071 3071 3070 3070 3072 3072 3071 3071 3072 3072 3073 3073 3073 3073 3072 3072 3074 3074 3073 3073 3074 3074 3075 3075 3075 3075 3074 3074 3076 3076 3075 3075 3076 3076 4681 4681 4682 4682 3076 3076 4683 4683 3077 3077 3078 3078 3079 3079 3079 3079 3078 3078 3080 3080 3079 3079 3080 3080 3081 3081 3081 3081 3080 3080 3082 3082 4684 4684 4685 4685 3083 3083 3083 3083 4686 4686 3084 3084 3083 3083 3084 3084 3085 3085 3085 3085 3084 3084 3086 3086 3085 3085 3086 3086 3087 3087 3087 3087 3086 3086 3088 3088 3087 3087 3088 3088 3089 3089 3089 3089 3088 3088 3090 3090 3089 3089 3090 3090 3091 3091 3091 3091 3090 3090 3092 3092 3091 3091 3092 3092 3093 3093 3093 3093 3092 3092 3094 3094 3093 3093 3094 3094 4687 4687 4688 4688 3094 3094 4689 4689 3095 3095 3096 3096 3097 3097 3097 3097 3096 3096 3098 3098 3097 3097 3098 3098 3099 3099 3096 3096 3095 3095 3100 3100 3100 3100 3095 3095 3101 3101 3100 3100 3101 3101 3102 3102 3102 3102 3101 3101 3103 3103 3102 3102 3103 3103 3104 3104 3104 3104 3103 3103 3105 3105 3104 3104 3105 3105 3106 3106 3104 3104 3106 3106 3107 3107 3107 3107 3106 3106 3108 3108 3107 3107 3108 3108 3109 3109 3109 3109 3108 3108 3110 3110 3109 3109 3110 3110 3111 3111 3111 3111 3110 3110 3112 3112 3111 3111 3112 3112 3113 3113 3113 3113 3112 3112 3114 3114 3113 3113 3114 3114 3115 3115 3115 3115 3114 3114 3116 3116 3116 3116 3114 3114 3117 3117 3116 3116 3117 3117 3118 3118 3118 3118 3117 3117 3119 3119 3118 3118 3119 3119 3120 3120 3120 3120 3119 3119 3121 3121 3120 3120 3121 3121 3122 3122 3122 3122 3121 3121 3123 3123 3122 3122 3123 3123 3124 3124 3122 3122 3124 3124 3125 3125 3125 3125 3124 3124 3126 3126 3125 3125 3126 3126 3127 3127 3127 3127 3126 3126 3128 3128 3127 3127 3128 3128 3129 3129 3129 3129 3128 3128 3130 3130 3129 3129 3130 3130 3099 3099 3099 3099 3130 3130 3097 3097 3131 3131 3132 3132 3133 3133 3133 3133 3132 3132 3134 3134 3133 3133 3134 3134 3135 3135 3132 3132 3131 3131 3136 3136 3136 3136 3131 3131 3137 3137 3136 3136 3137 3137 3138 3138 3138 3138 3137 3137 3139 3139 3138 3138 3139 3139 3140 3140 3140 3140 3139 3139 3141 3141 3140 3140 3141 3141 3142 3142 3140 3140 3142 3142 3143 3143 3143 3143 3142 3142 3144 3144 3143 3143 3144 3144 3145 3145 3145 3145 3144 3144 3146 3146 3145 3145 3146 3146 3147 3147 3147 3147 3146 3146 3148 3148 3147 3147 3148 3148 3149 3149 3149 3149 3148 3148 3150 3150 3149 3149 3150 3150 3151 3151 3151 3151 3150 3150 3152 3152 3152 3152 3150 3150 3153 3153 3152 3152 3153 3153 3154 3154 3154 3154 3153 3153 3155 3155 3154 3154 3155 3155 3156 3156 3156 3156 3155 3155 3157 3157 3156 3156 3157 3157 3158 3158 3158 3158 3157 3157 3159 3159 3158 3158 3159 3159 3160 3160 3158 3158 3160 3160 3161 3161 3161 3161 3160 3160 3162 3162 3161 3161 3162 3162 3163 3163 3163 3163 3162 3162 3164 3164 3163 3163 3164 3164 3165 3165 3165 3165 3164 3164 3166 3166 3165 3165 3166 3166 3135 3135 3135 3135 3166 3166 3133 3133 3167 3167 3168 3168 3169 3169 3169 3169 3168 3168 3170 3170 3169 3169 3170 3170 3171 3171 3168 3168 3167 3167 3172 3172 3172 3172 3167 3167 3173 3173 3172 3172 3173 3173 3174 3174 3174 3174 3173 3173 3175 3175 3174 3174 3175 3175 3176 3176 3176 3176 3175 3175 3177 3177 3176 3176 3177 3177 3178 3178 3176 3176 3178 3178 3179 3179 3179 3179 3178 3178 3180 3180 3179 3179 3180 3180 3181 3181 3181 3181 3180 3180 3182 3182 3181 3181 3182 3182 3183 3183 3183 3183 3182 3182 3184 3184 3183 3183 3184 3184 3185 3185 3185 3185 3184 3184 3186 3186 3185 3185 3186 3186 3187 3187 3187 3187 3186 3186 3188 3188 3188 3188 3186 3186 3189 3189 3188 3188 3189 3189 3190 3190 3190 3190 3189 3189 3191 3191 3190 3190 3191 3191 3192 3192 3192 3192 3191 3191 3193 3193 3192 3192 3193 3193 3194 3194 3194 3194 3193 3193 3195 3195 3194 3194 3195 3195 3196 3196 3194 3194 3196 3196 3197 3197 3197 3197 3196 3196 3198 3198 3197 3197 3198 3198 3199 3199 3199 3199 3198 3198 3200 3200 3199 3199 3200 3200 3201 3201 3201 3201 3200 3200 3202 3202 3201 3201 3202 3202 3171 3171 3171 3171 3202 3202 3169 3169 3203 3203 3204 3204 3205 3205 3205 3205 3204 3204 3206 3206 3205 3205 3206 3206 3207 3207 3204 3204 3203 3203 3208 3208 3208 3208 3203 3203 3209 3209 3208 3208 3209 3209 3210 3210 3210 3210 3209 3209 3211 3211 3210 3210 3211 3211 3212 3212 3212 3212 3211 3211 3213 3213 3212 3212 3213 3213 3214 3214 3212 3212 3214 3214 3215 3215 3215 3215 3214 3214 3216 3216 3215 3215 3216 3216 3217 3217 3217 3217 3216 3216 3218 3218 3217 3217 3218 3218 3219 3219 3219 3219 3218 3218 3220 3220 3219 3219 3220 3220 3221 3221 3221 3221 3220 3220 3222 3222 3221 3221 3222 3222 3223 3223 3223 3223 3222 3222 3224 3224 3224 3224 3222 3222 3225 3225 3224 3224 3225 3225 3226 3226 3226 3226 3225 3225 3227 3227 3226 3226 3227 3227 3228 3228 3228 3228 3227 3227 3229 3229 3228 3228 3229 3229 3230 3230 3230 3230 3229 3229 3231 3231 3230 3230 3231 3231 3232 3232 3230 3230 3232 3232 3233 3233 3233 3233 3232 3232 3234 3234 3233 3233 3234 3234 3235 3235 3235 3235 3234 3234 3236 3236 3235 3235 3236 3236 3237 3237 3237 3237 3236 3236 3238 3238 3237 3237 3238 3238 3207 3207 3207 3207 3238 3238 3205 3205 3239 3239 3240 3240 3241 3241 3241 3241 3240 3240 3242 3242 3243 3243 3244 3244 3245 3245 3245 3245 3244 3244 3246 3246 4690 4690 4691 4691 3247 3247 3247 3247 4692 4692 3248 3248 3247 3247 3248 3248 3249 3249 3249 3249 3248 3248 3250 3250 3249 3249 3250 3250 3251 3251 3251 3251 3250 3250 3252 3252 3251 3251 3252 3252 3253 3253 3253 3253 3252 3252 3254 3254 3253 3253 3254 3254 3255 3255 3255 3255 3254 3254 3256 3256 3255 3255 3256 3256 3257 3257 3257 3257 3256 3256 3258 3258 3257 3257 3258 3258 4693 4693 4694 4694 3258 3258 4695 4695 3259 3259 3260 3260 3261 3261 3261 3261 3260 3260 3262 3262 3261 3261 3262 3262 3263 3263 3263 3263 3262 3262 3264 3264 4696 4696 4697 4697 3265 3265 3265 3265 4698 4698 3266 3266 3265 3265 3266 3266 3267 3267 3267 3267 3266 3266 3268 3268 3267 3267 3268 3268 3269 3269 3269 3269 3268 3268 3270 3270 3269 3269 3270 3270 3271 3271 3271 3271 3270 3270 3272 3272 3271 3271 3272 3272 3273 3273 3273 3273 3272 3272 3274 3274 3273 3273 3274 3274 3275 3275 3275 3275 3274 3274 3276 3276 3275 3275 3276 3276 4699 4699 4700 4700 3276 3276 4701 4701 3277 3277 3278 3278 3279 3279 3279 3279 3278 3278 3280 3280 3281 3281 3282 3282 3283 3283 3283 3283 3282 3282 3284 3284 4702 4702 4703 4703 3285 3285 3285 3285 4704 4704 3286 3286 3285 3285 3286 3286 3287 3287 3287 3287 3286 3286 3288 3288 3287 3287 3288 3288 3289 3289 3289 3289 3288 3288 3290 3290 3289 3289 3290 3290 3291 3291 3291 3291 3290 3290 3292 3292 3291 3291 3292 3292 3293 3293 3293 3293 3292 3292 3294 3294 3293 3293 3294 3294 3295 3295 3295 3295 3294 3294 3296 3296 3295 3295 3296 3296 4705 4705 4706 4706 3296 3296 4707 4707 3297 3297 3298 3298 3299 3299 3299 3299 3298 3298 3300 3300 3299 3299 3300 3300 3301 3301 3301 3301 3300 3300 3302 3302 4708 4708 4709 4709 3303 3303 3303 3303 4710 4710 3304 3304 3303 3303 3304 3304 3305 3305 3305 3305 3304 3304 3306 3306 3305 3305 3306 3306 3307 3307 3307 3307 3306 3306 3308 3308 3307 3307 3308 3308 3309 3309 3309 3309 3308 3308 3310 3310 3309 3309 3310 3310 3311 3311 3311 3311 3310 3310 3312 3312 3311 3311 3312 3312 3313 3313 3313 3313 3312 3312 3314 3314 3313 3313 3314 3314 4711 4711 4712 4712 3314 3314 4713 4713 3315 3315 3316 3316 3317 3317 3317 3317 3316 3316 3318 3318 3319 3319 3320 3320 3321 3321 3321 3321 3320 3320 3322 3322 4714 4714 4715 4715 3323 3323 3323 3323 4716 4716 3324 3324 3323 3323 3324 3324 3325 3325 3325 3325 3324 3324 3326 3326 3325 3325 3326 3326 3327 3327 3327 3327 3326 3326 3328 3328 3327 3327 3328 3328 3329 3329 3329 3329 3328 3328 3330 3330 3329 3329 3330 3330 3331 3331 3331 3331 3330 3330 3332 3332 3331 3331 3332 3332 3333 3333 3333 3333 3332 3332 3334 3334 3333 3333 3334 3334 4717 4717 4718 4718 3334 3334 4719 4719 3335 3335 3336 3336 3337 3337 3337 3337 3336 3336 3338 3338 3337 3337 3338 3338 3339 3339 3339 3339 3338 3338 3340 3340 4720 4720 4721 4721 3341 3341 3341 3341 4722 4722 3342 3342 3341 3341 3342 3342 3343 3343 3343 3343 3342 3342 3344 3344 3343 3343 3344 3344 3345 3345 3345 3345 3344 3344 3346 3346 3345 3345 3346 3346 3347 3347 3347 3347 3346 3346 3348 3348 3347 3347 3348 3348 3349 3349 3349 3349 3348 3348 3350 3350 3349 3349 3350 3350 3351 3351 3351 3351 3350 3350 3352 3352 3351 3351 3352 3352 4723 4723 4724 4724 3352 3352 4725 4725 3353 3353 3354 3354 3355 3355 3355 3355 3354 3354 3356 3356 3357 3357 3358 3358 3359 3359 3359 3359 3358 3358 3360 3360 4726 4726 4727 4727 3361 3361 3361 3361 4728 4728 3362 3362 3361 3361 3362 3362 3363 3363 3363 3363 3362 3362 3364 3364 3363 3363 3364 3364 3365 3365 3365 3365 3364 3364 3366 3366 3365 3365 3366 3366 3367 3367 3367 3367 3366 3366 3368 3368 3367 3367 3368 3368 3369 3369 3369 3369 3368 3368 3370 3370 3369 3369 3370 3370 3371 3371 3371 3371 3370 3370 3372 3372 3371 3371 3372 3372 4729 4729 4730 4730 3372 3372 4731 4731 3373 3373 3374 3374 3375 3375 3375 3375 3374 3374 3376 3376 3375 3375 3376 3376 3377 3377 3377 3377 3376 3376 3378 3378 4732 4732 4733 4733 3379 3379 3379 3379 4734 4734 3380 3380 3379 3379 3380 3380 3381 3381 3381 3381 3380 3380 3382 3382 3381 3381 3382 3382 3383 3383 3383 3383 3382 3382 3384 3384 3383 3383 3384 3384 3385 3385 3385 3385 3384 3384 3386 3386 3385 3385 3386 3386 3387 3387 3387 3387 3386 3386 3388 3388 3387 3387 3388 3388 3389 3389 3389 3389 3388 3388 3390 3390 3389 3389 3390 3390 4735 4735 4736 4736 3390 3390 4737 4737 3391 3391 3392 3392 3393 3393 3393 3393 3392 3392 3394 3394 3393 3393 3394 3394 3395 3395 3392 3392 3391 3391 3396 3396 3396 3396 3391 3391 3397 3397 4738 4738 4739 4739 3398 3398 3398 3398 4740 4740 3399 3399 3398 3398 3399 3399 3400 3400 3400 3400 3399 3399 3401 3401 3400 3400 3401 3401 3402 3402 3402 3402 3401 3401 3403 3403 3402 3402 3403 3403 3404 3404 3404 3404 3403 3403 3405 3405 3404 3404 3405 3405 3406 3406 3406 3406 3405 3405 3407 3407 3406 3406 3407 3407 3408 3408 3408 3408 3407 3407 3409 3409 3408 3408 3409 3409 3410 3410 3410 3410 3409 3409 3411 3411 3410 3410 3411 3411 3412 3412 3412 3412 3411 3411 3413 3413 3412 3412 3413 3413 4741 4741 4742 4742 3413 3413 4743 4743 3414 3414 3415 3415 3416 3416 3416 3416 3415 3415 3417 3417 3416 3416 3417 3417 3418 3418 3419 3419 3420 3420 3421 3421 3419 3419 3421 3421 3422 3422 3422 3422 3421 3421 3423 3423 3422 3422 3423 3423 3424 3424 4744 4744 4745 4745 3425 3425 4746 4746 3425 3425 3426 3426 3426 3426 3425 3425 3427 3427 3426 3426 3427 3427 3428 3428 3428 3428 3427 3427 3429 3429 3428 3428 3429 3429 3430 3430 3430 3430 3429 3429 3431 3431 3430 3430 3431 3431 3432 3432 3432 3432 3431 3431 3433 3433 3432 3432 3433 3433 3434 3434 3434 3434 3433 3433 3435 3435 3434 3434 3435 3435 3436 3436 3436 3436 3435 3435 3437 3437 3436 3436 3437 3437 3438 3438 3438 3438 3437 3437 3439 3439 3438 3438 3439 3439 3440 3440 3440 3440 3439 3439 4747 4747 3440 3440 4748 4748 4749 4749 3442 3442 3441 3441 3443 3443 3442 3442 3443 3443 3395 3395 3395 3395 3443 3443 3393 3393 3444 3444 3445 3445 3446 3446 3446 3446 3445 3445 3447 3447 3448 3448 3449 3449 3450 3450 3450 3450 3449 3449 3451 3451 3450 3450 3451 3451 3452 3452 3452 3452 3451 3451 3453 3453 4750 4750 4751 4751 3454 3454 3454 3454 4752 4752 3455 3455 3454 3454 3455 3455 3456 3456 3456 3456 3455 3455 3457 3457 3456 3456 3457 3457 3458 3458 3458 3458 3457 3457 3459 3459 3458 3458 3459 3459 3460 3460 3460 3460 3459 3459 3461 3461 3460 3460 3461 3461 3462 3462 3462 3462 3461 3461 3463 3463 3462 3462 3463 3463 3464 3464 3464 3464 3463 3463 3465 3465 3464 3464 3465 3465 3466 3466 3466 3466 3465 3465 3467 3467 3466 3466 3467 3467 3468 3468 3468 3468 3467 3467 3469 3469 3468 3468 3469 3469 4753 4753 4754 4754 3469 3469 4755 4755 3470 3470 3471 3471 3472 3472 3472 3472 3471 3471 3473 3473 3472 3472 3473 3473 3474 3474 3474 3474 3473 3473 3475 3475 3474 3474 3475 3475 3476 3476 3476 3476 3475 3475 3477 3477 4756 4756 4757 4757 3478 3478 3478 3478 4758 4758 3479 3479 3478 3478 3479 3479 3480 3480 3480 3480 3479 3479 3481 3481 3480 3480 3481 3481 3482 3482 3482 3482 3481 3481 3483 3483 3482 3482 3483 3483 3484 3484 3484 3484 3483 3483 3485 3485 3484 3484 3485 3485 3486 3486 3486 3486 3485 3485 3487 3487 3486 3486 3487 3487 3488 3488 3488 3488 3487 3487 3489 3489 3488 3488 3489 3489 3490 3490 3490 3490 3489 3489 3491 3491 3490 3490 3491 3491 3492 3492 3492 3492 3491 3491 3493 3493 3492 3492 3493 3493 4759 4759 4760 4760 3493 3493 4761 4761 3494 3494 3495 3495 3444 3444 3444 3444 3495 3495 3445 3445 3496 3496 3497 3497 3498 3498 3498 3498 3497 3497 3499 3499 3498 3498 3499 3499 3500 3500 3500 3500 3501 3501 3498 3498 3498 3498 3501 3501 3502 3502 3498 3498 3502 3502 3503 3503 3504 3504 3505 3505 3503 3503 3503 3503 3505 3505 3498 3498 3506 3506 3507 3507 3498 3498 3498 3498 3507 3507 3508 3508 3498 3498 3508 3508 3509 3509 3507 3507 3506 3506 3510 3510 3510 3510 3506 3506 3511 3511 3510 3510 3511 3511 3512 3512 3512 3512 3511 3511 3513 3513 3512 3512 3513 3513 3514 3514 3514 3514 3513 3513 3515 3515 3514 3514 3515 3515 3516 3516 3509 3509 3517 3517 3498 3498 3498 3498 3517 3517 3518 3518 3498 3498 3518 3518 3519 3519 3519 3519 3520 3520 3498 3498 3498 3498 3520 3520 3496 3496 3521 3521 3522 3522 3523 3523 3523 3523 3522 3522 3524 3524 3523 3523 3524 3524 3525 3525 3525 3525 3524 3524 3526 3526 3525 3525 3526 3526 3527 3527 3527 3527 3526 3526 3528 3528 3527 3527 3528 3528 3529 3529 4762 4762 4763 4763 3530 3530 4764 4764 3530 3530 3531 3531 3531 3531 3530 3530 3532 3532 3531 3531 3532 3532 3533 3533 3533 3533 3532 3532 3534 3534 3533 3533 3534 3534 3535 3535 3535 3535 3534 3534 3536 3536 3535 3535 3536 3536 3537 3537 3537 3537 3536 3536 3538 3538 3537 3537 3538 3538 3539 3539 3539 3539 3538 3538 3540 3540 3539 3539 3540 3540 3541 3541 3541 3541 3540 3540 3542 3542 3541 3541 3542 3542 3543 3543 3543 3543 3542 3542 3544 3544 3543 3543 3544 3544 3545 3545 3545 3545 3544 3544 3546 3546 3545 3545 3546 3546 3547 3547 3547 3547 3546 3546 3548 3548 3547 3547 3548 3548 3549 3549 3549 3549 3548 3548 3550 3550 3549 3549 3550 3550 4765 4765 4766 4766 3550 3550 4767 4767 3551 3551 3552 3552 3553 3553 3553 3553 3552 3552 3554 3554 3553 3553 3554 3554 3555 3555 3555 3555 3554 3554 3556 3556 3555 3555 3556 3556 3557 3557 3558 3558 3559 3559 3560 3560 3558 3558 3560 3560 3561 3561 3561 3561 3560 3560 3562 3562 3561 3561 3562 3562 3563 3563 3563 3563 3562 3562 3564 3564 3563 3563 3564 3564 3565 3565 4768 4768 4769 4769 3566 3566 4770 4770 3566 3566 3567 3567 3567 3567 3566 3566 3568 3568 3567 3567 3568 3568 3569 3569 3569 3569 3568 3568 3570 3570 3569 3569 3570 3570 3571 3571 3571 3571 3570 3570 3572 3572 3571 3571 3572 3572 3573 3573 3573 3573 3572 3572 3574 3574 3573 3573 3574 3574 3575 3575 3575 3575 3574 3574 3576 3576 3575 3575 3576 3576 3577 3577 3577 3577 3576 3576 3578 3578 3577 3577 3578 3578 3579 3579 3579 3579 3578 3578 3580 3580 3579 3579 3580 3580 3581 3581 3581 3581 3580 3580 3582 3582 3581 3581 3582 3582 3583 3583 3583 3583 3582 3582 3584 3584 3583 3583 3584 3584 3585 3585 3585 3585 3584 3584 3586 3586 3585 3585 3586 3586 4771 4771 4772 4772 3586 3586 4773 4773 3587 3587 3588 3588 3589 3589 3589 3589 3588 3588 3590 3590 3589 3589 3590 3590 3591 3591 3591 3591 3590 3590 3521 3521 3591 3591 3521 3521 3523 3523 3592 3592 3593 3593 3594 3594 3594 3594 3593 3593 3595 3595 3596 3596 3597 3597 3598 3598 3598 3598 3597 3597 3599 3599 3598 3598 3599 3599 3600 3600 3600 3600 3599 3599 3601 3601 3600 3600 3601 3601 3602 3602 3602 3602 3601 3601 3603 3603 4774 4774 4775 4775 3604 3604 3604 3604 4776 4776 3605 3605 3604 3604 3605 3605 3606 3606 3606 3606 3605 3605 3607 3607 3606 3606 3607 3607 3608 3608 3608 3608 3607 3607 3609 3609 3608 3608 3609 3609 3610 3610 3610 3610 3609 3609 3611 3611 3610 3610 3611 3611 3612 3612 3612 3612 3611 3611 3613 3613 3612 3612 3613 3613 3614 3614 3614 3614 3613 3613 3615 3615 3614 3614 3615 3615 3616 3616 3616 3616 3615 3615 3617 3617 3616 3616 3617 3617 3618 3618 3618 3618 3617 3617 3619 3619 3618 3618 3619 3619 3620 3620 3620 3620 3619 3619 3621 3621 3620 3620 3621 3621 3622 3622 3622 3622 3621 3621 3623 3623 3622 3622 3623 3623 3624 3624 3624 3624 3623 3623 3625 3625 3624 3624 3625 3625 4777 4777 4778 4778 3625 3625 4779 4779 3626 3626 3627 3627 3628 3628 3628 3628 3627 3627 3629 3629 3628 3628 3629 3629 3630 3630 3630 3630 3629 3629 3631 3631 3630 3630 3631 3631 3632 3632 3632 3632 3631 3631 3633 3633 3632 3632 3633 3633 3634 3634 3634 3634 3633 3633 3635 3635 3634 3634 3635 3635 3636 3636 3636 3636 3635 3635 3637 3637 4780 4780 4781 4781 3638 3638 3638 3638 4782 4782 3639 3639 3638 3638 3639 3639 3640 3640 3640 3640 3639 3639 3641 3641 3640 3640 3641 3641 3642 3642 3642 3642 3641 3641 3643 3643 3642 3642 3643 3643 3644 3644 3644 3644 3643 3643 3645 3645 3644 3644 3645 3645 3646 3646 3646 3646 3645 3645 3647 3647 3646 3646 3647 3647 3648 3648 3648 3648 3647 3647 3649 3649 3648 3648 3649 3649 3650 3650 3650 3650 3649 3649 3651 3651 3650 3650 3651 3651 3652 3652 3652 3652 3651 3651 3653 3653 3652 3652 3653 3653 3654 3654 3654 3654 3653 3653 3655 3655 3654 3654 3655 3655 3656 3656 3656 3656 3655 3655 3657 3657 3656 3656 3657 3657 3658 3658 3658 3658 3657 3657 3659 3659 3658 3658 3659 3659 4783 4783 4784 4784 3659 3659 4785 4785 3660 3660 3661 3661 3662 3662 3662 3662 3661 3661 3663 3663 3662 3662 3663 3663 3592 3592 3592 3592 3663 3663 3593 3593 3664 3664 3665 3665 3666 3666 3666 3666 3665 3665 3667 3667 3666 3666 3667 3667 3668 3668 3668 3668 3667 3667 3669 3669 3668 3668 3669 3669 3670 3670 3670 3670 3669 3669 3671 3671 3670 3670 3671 3671 3672 3672 3672 3672 3671 3671 3673 3673 3673 3673 3671 3671 3674 3674 3673 3673 3674 3674 3675 3675 3675 3675 3674 3674 3676 3676 3675 3675 3676 3676 3677 3677 3677 3677 3676 3676 3678 3678 3677 3677 3678 3678 3679 3679 3679 3679 3678 3678 3680 3680 3679 3679 3680 3680 3681 3681 3681 3681 3680 3680 3682 3682 3681 3681 3682 3682 3683 3683 3683 3683 3682 3682 3684 3684 3683 3683 3684 3684 3685 3685 3685 3685 3684 3684 3686 3686 3686 3686 3684 3684 3687 3687 3686 3686 3687 3687 3688 3688 3688 3688 3687 3687 3689 3689 3688 3688 3689 3689 3690 3690 3690 3690 3689 3689 3691 3691 3690 3690 3691 3691 3692 3692 3692 3692 3691 3691 3693 3693 3692 3692 3693 3693 3694 3694 3694 3694 3693 3693 3695 3695 3694 3694 3695 3695 3696 3696 3696 3696 3695 3695 3697 3697 3696 3696 3697 3697 3698 3698 3698 3698 3697 3697 3699 3699 3699 3699 3697 3697 3700 3700 3699 3699 3700 3700 3701 3701 3701 3701 3700 3700 3702 3702 3701 3701 3702 3702 3703 3703 3703 3703 3702 3702 3704 3704 3703 3703 3704 3704 3705 3705 3705 3705 3704 3704 3706 3706 3705 3705 3706 3706 3707 3707 3707 3707 3706 3706 3708 3708 3707 3707 3708 3708 3709 3709 3709 3709 3708 3708 3710 3710 3709 3709 3710 3710 3711 3711 3711 3711 3710 3710 3712 3712 3712 3712 3710 3710 3713 3713 3712 3712 3713 3713 3714 3714 3714 3714 3713 3713 3715 3715 3714 3714 3715 3715 3716 3716 3716 3716 3715 3715 3717 3717 3716 3716 3717 3717 3718 3718 3718 3718 3717 3717 3719 3719 3718 3718 3719 3719 3720 3720 3720 3720 3719 3719 3721 3721 3720 3720 3721 3721 3722 3722 3722 3722 3721 3721 3723 3723 3722 3722 3723 3723 3724 3724 3724 3724 3723 3723 3725 3725 3725 3725 3723 3723 3726 3726 3725 3725 3726 3726 3727 3727 3727 3727 3726 3726 3728 3728 3727 3727 3728 3728 3729 3729 3729 3729 3728 3728 3730 3730 3729 3729 3730 3730 3731 3731 3731 3731 3730 3730 3732 3732 3731 3731 3732 3732 3733 3733 3733 3733 3732 3732 3734 3734 3733 3733 3734 3734 3735 3735 3735 3735 3734 3734 3736 3736 3735 3735 3736 3736 3737 3737 3737 3737 3736 3736 3738 3738 3738 3738 3736 3736 3739 3739 3738 3738 3739 3739 3664 3664 3664 3664 3739 3739 3665 3665 3740 3740 3741 3741 3742 3742 3742 3742 3741 3741 3743 3743 </p>
				</triangles>
			</mesh>
		</geometry>
	</library_geometries>
	<library_materials>
		<material id="ID6" name="Kunststoff_-_matt_(Schwarz)">
			<instance_effect url="#ID7"/>
		</material>
	</library_materials>
	<library_effects>
		<effect id="ID7">
			<profile_COMMON>
				<technique sid="standard">
					<phong>
						<emission><color>0 0 0 1</color></emission>
						<ambient><color>0 0 0 1</color></ambient>
						<diffuse>
							<color>0.06 0.06 0.06 1</color>
						</diffuse>
						<specular><color>1 1 1 1</color></specular>
						<transparent opaque="A_ONE"><color>1.0 1.0 1.0 1.0</color></transparent>
						<transparency><float>1</float></transparency>
					</phong>
				</technique>
			</profile_COMMON>
		</effect>
	</library_effects>
	<scene>
		<instance_visual_scene url="#Scene"/>
	</scene>
</COLLADA>
