# Blender 4.4.3
# www.blender.org
mtllib Mesh_17.007.mtl
o Mesh_17.007
v 0.002000 0.008553 -0.009600
v 0.002000 0.008603 -0.009600
v 0.001680 0.008553 -0.009600
v 0.001680 0.008603 -0.009600
v 0.001640 0.008603 -0.010360
v 0.001640 0.008553 -0.010360
v 0.001640 0.008603 -0.009640
v 0.001640 0.008553 -0.009640
v 0.001680 0.008553 -0.010400
v 0.001680 0.008603 -0.010400
v 0.002000 0.008553 -0.010400
v 0.002000 0.008603 -0.010400
v 0.002040 0.008553 -0.010360
v 0.002040 0.008603 -0.010360
v 0.002040 0.008553 -0.009640
v 0.002040 0.008603 -0.009640
v 0.001641 0.008553 -0.009632
v 0.001640 0.008553 -0.009636
v 0.001640 0.008553 -0.009640
v 0.001642 0.008553 -0.009628
v 0.001640 0.008553 -0.009640
v 0.001643 0.008553 -0.009625
v 0.001640 0.008553 -0.009640
v 0.001645 0.008553 -0.009621
v 0.001640 0.008553 -0.009640
v 0.001647 0.008553 -0.009618
v 0.001640 0.008553 -0.009640
v 0.001649 0.008553 -0.009615
v 0.001640 0.008553 -0.009640
v 0.001652 0.008553 -0.009612
v 0.001640 0.008553 -0.009640
v 0.001655 0.008553 -0.009609
v 0.001640 0.008553 -0.009640
v 0.001658 0.008553 -0.009607
v 0.001640 0.008553 -0.009640
v 0.001661 0.008553 -0.009605
v 0.001640 0.008553 -0.009640
v 0.001665 0.008553 -0.009603
v 0.001640 0.008553 -0.009640
v 0.001668 0.008553 -0.009602
v 0.001640 0.008553 -0.009640
v 0.001672 0.008553 -0.009601
v 0.001640 0.008553 -0.009640
v 0.001676 0.008553 -0.009600
v 0.001640 0.008553 -0.009640
v 0.001680 0.008553 -0.009600
v 0.001640 0.008553 -0.009640
v 0.001776 0.008553 -0.009736
v 0.001680 0.008553 -0.009600
v 0.001640 0.008553 -0.009640
v 0.002000 0.008553 -0.009600
v 0.001680 0.008553 -0.009600
v 0.001840 0.008553 -0.009710
v 0.001849 0.008553 -0.009710
v 0.002000 0.008553 -0.009600
v 0.001858 0.008553 -0.009712
v 0.002000 0.008553 -0.009600
v 0.001866 0.008553 -0.009714
v 0.002000 0.008553 -0.009600
v 0.002000 0.008553 -0.009600
v 0.001874 0.008553 -0.009717
v 0.001882 0.008553 -0.009721
v 0.001890 0.008553 -0.009725
v 0.002000 0.008553 -0.009600
v 0.001897 0.008553 -0.009730
v 0.002000 0.008553 -0.009600
v 0.002000 0.008553 -0.009600
v 0.002040 0.008553 -0.009640
v 0.002004 0.008553 -0.009600
v 0.002000 0.008553 -0.009600
v 0.001904 0.008553 -0.009736
v 0.002040 0.008553 -0.009640
v 0.002008 0.008553 -0.009601
v 0.002019 0.008553 -0.009605
v 0.002015 0.008553 -0.009603
v 0.002040 0.008553 -0.009640
v 0.002022 0.008553 -0.009607
v 0.002040 0.008553 -0.009640
v 0.002025 0.008553 -0.009609
v 0.002040 0.008553 -0.009640
v 0.002028 0.008553 -0.009612
v 0.002040 0.008553 -0.009640
v 0.002031 0.008553 -0.009615
v 0.002040 0.008553 -0.009640
v 0.002035 0.008553 -0.009621
v 0.002033 0.008553 -0.009618
v 0.002040 0.008553 -0.009640
v 0.001928 0.008553 -0.009818
v 0.001926 0.008553 -0.009826
v 0.002040 0.008553 -0.009640
v 0.002040 0.008553 -0.010360
v 0.002040 0.008553 -0.010360
v 0.001926 0.008553 -0.010174
v 0.001928 0.008553 -0.010182
v 0.002040 0.008553 -0.010360
v 0.001930 0.008553 -0.010191
v 0.002040 0.008553 -0.010360
v 0.002040 0.008553 -0.010360
v 0.001930 0.008553 -0.010200
v 0.001930 0.008553 -0.010209
v 0.002040 0.008553 -0.010360
v 0.001928 0.008553 -0.010218
v 0.002040 0.008553 -0.010360
v 0.002040 0.008553 -0.010360
v 0.001926 0.008553 -0.010226
v 0.001923 0.008553 -0.010234
v 0.002040 0.008553 -0.010360
v 0.002000 0.008553 -0.010400
v 0.002040 0.008553 -0.010364
v 0.002040 0.008553 -0.010360
v 0.001919 0.008553 -0.010242
v 0.002040 0.008553 -0.010360
v 0.002000 0.008553 -0.010400
v 0.002039 0.008553 -0.010368
v 0.002037 0.008553 -0.010375
v 0.002000 0.008553 -0.010400
v 0.002035 0.008553 -0.010379
v 0.002000 0.008553 -0.010400
v 0.002033 0.008553 -0.010382
v 0.002000 0.008553 -0.010400
v 0.002028 0.008553 -0.010388
v 0.002031 0.008553 -0.010385
v 0.002000 0.008553 -0.010400
v 0.001874 0.008553 -0.010283
v 0.001866 0.008553 -0.010286
v 0.002000 0.008553 -0.010400
v 0.001882 0.008553 -0.010279
v 0.001680 0.008553 -0.010400
v 0.002000 0.008553 -0.010400
v 0.001840 0.008553 -0.010290
v 0.001831 0.008553 -0.010290
v 0.001680 0.008553 -0.010400
v 0.001822 0.008553 -0.010288
v 0.001680 0.008553 -0.010400
v 0.001814 0.008553 -0.010286
v 0.001680 0.008553 -0.010400
v 0.001680 0.008553 -0.010400
v 0.001806 0.008553 -0.010283
v 0.001798 0.008553 -0.010279
v 0.001790 0.008553 -0.010275
v 0.001680 0.008553 -0.010400
v 0.001783 0.008553 -0.010270
v 0.001680 0.008553 -0.010400
v 0.001680 0.008553 -0.010400
v 0.001640 0.008553 -0.010360
v 0.001676 0.008553 -0.010400
v 0.001680 0.008553 -0.010400
v 0.001776 0.008553 -0.010264
v 0.001640 0.008553 -0.010360
v 0.001672 0.008553 -0.010399
v 0.001661 0.008553 -0.010395
v 0.001665 0.008553 -0.010397
v 0.001640 0.008553 -0.010360
v 0.001658 0.008553 -0.010393
v 0.001640 0.008553 -0.010360
v 0.001655 0.008553 -0.010391
v 0.001640 0.008553 -0.010360
v 0.001652 0.008553 -0.010388
v 0.001640 0.008553 -0.010360
v 0.001649 0.008553 -0.010385
v 0.001640 0.008553 -0.010360
v 0.001645 0.008553 -0.010379
v 0.001647 0.008553 -0.010382
v 0.001640 0.008553 -0.010360
v 0.001752 0.008553 -0.010182
v 0.001754 0.008553 -0.010174
v 0.001640 0.008553 -0.009640
v 0.001752 0.008553 -0.009818
v 0.001750 0.008553 -0.009809
v 0.001640 0.008553 -0.009640
v 0.001640 0.008553 -0.010360
v 0.001930 0.008553 -0.009791
v 0.002040 0.008553 -0.009640
v 0.001928 0.008553 -0.009782
v 0.001930 0.008553 -0.009800
v 0.002040 0.008553 -0.009640
v 0.002040 0.008553 -0.009640
v 0.001926 0.008553 -0.009774
v 0.002040 0.008553 -0.009640
v 0.001923 0.008553 -0.009766
v 0.002040 0.008553 -0.009640
v 0.001919 0.008553 -0.009758
v 0.002040 0.008553 -0.009640
v 0.001915 0.008553 -0.009750
v 0.002040 0.008553 -0.009640
v 0.001910 0.008553 -0.009743
v 0.002040 0.008553 -0.009640
v 0.002040 0.008553 -0.009640
v 0.002012 0.008553 -0.009602
v 0.002040 0.008553 -0.009640
v 0.002039 0.008553 -0.009632
v 0.002040 0.008553 -0.009640
v 0.002040 0.008553 -0.009636
v 0.002038 0.008553 -0.009628
v 0.002040 0.008553 -0.009640
v 0.002040 0.008553 -0.009640
v 0.002037 0.008553 -0.009625
v 0.002040 0.008553 -0.009640
v 0.002040 0.008553 -0.009640
v 0.002040 0.008553 -0.009640
v 0.002040 0.008553 -0.009640
v 0.002000 0.008553 -0.009600
v 0.002000 0.008553 -0.009600
v 0.001680 0.008553 -0.009600
v 0.001831 0.008553 -0.009710
v 0.001680 0.008553 -0.009600
v 0.001822 0.008553 -0.009712
v 0.001680 0.008553 -0.009600
v 0.001814 0.008553 -0.009714
v 0.001790 0.008553 -0.009725
v 0.001798 0.008553 -0.009721
v 0.001680 0.008553 -0.009600
v 0.001680 0.008553 -0.009600
v 0.001806 0.008553 -0.009717
v 0.001783 0.008553 -0.009730
v 0.001680 0.008553 -0.009600
v 0.001680 0.008553 -0.009600
v 0.001770 0.008553 -0.009743
v 0.001640 0.008553 -0.009640
v 0.001765 0.008553 -0.009750
v 0.001640 0.008553 -0.009640
v 0.001761 0.008553 -0.009758
v 0.001640 0.008553 -0.009640
v 0.001757 0.008553 -0.009766
v 0.001640 0.008553 -0.009640
v 0.001754 0.008553 -0.009774
v 0.001640 0.008553 -0.009640
v 0.001680 0.008553 -0.009600
v 0.001640 0.008553 -0.009640
v 0.001750 0.008553 -0.009791
v 0.001752 0.008553 -0.009782
v 0.001640 0.008553 -0.009640
v 0.001750 0.008553 -0.009800
v 0.001640 0.008553 -0.009640
v 0.001640 0.008553 -0.009640
v 0.001754 0.008553 -0.009826
v 0.001761 0.008553 -0.009842
v 0.001757 0.008553 -0.009834
v 0.001757 0.008553 -0.010166
v 0.001761 0.008553 -0.010158
v 0.001765 0.008553 -0.009850
v 0.001765 0.008553 -0.010150
v 0.001770 0.008553 -0.010143
v 0.001770 0.008553 -0.009857
v 0.001776 0.008553 -0.009864
v 0.001776 0.008553 -0.010136
v 0.001783 0.008553 -0.009870
v 0.001783 0.008553 -0.010130
v 0.001790 0.008553 -0.009875
v 0.001798 0.008553 -0.009879
v 0.001790 0.008553 -0.010125
v 0.001798 0.008553 -0.010121
v 0.001806 0.008553 -0.009883
v 0.001806 0.008553 -0.010117
v 0.001814 0.008553 -0.009886
v 0.001814 0.008553 -0.010114
v 0.001822 0.008553 -0.009888
v 0.001822 0.008553 -0.010112
v 0.001831 0.008553 -0.009890
v 0.001831 0.008553 -0.010110
v 0.001840 0.008553 -0.010110
v 0.001840 0.008553 -0.009890
v 0.001849 0.008553 -0.009890
v 0.001849 0.008553 -0.010110
v 0.001858 0.008553 -0.009888
v 0.001858 0.008553 -0.010112
v 0.001890 0.008553 -0.009875
v 0.001882 0.008553 -0.010121
v 0.001890 0.008553 -0.010125
v 0.001882 0.008553 -0.009879
v 0.001897 0.008553 -0.009870
v 0.001897 0.008553 -0.010130
v 0.001904 0.008553 -0.009864
v 0.001919 0.008553 -0.009842
v 0.001915 0.008553 -0.009850
v 0.001915 0.008553 -0.010150
v 0.001910 0.008553 -0.010143
v 0.001923 0.008553 -0.009834
v 0.001923 0.008553 -0.010166
v 0.001866 0.008553 -0.009886
v 0.001866 0.008553 -0.010114
v 0.001640 0.008553 -0.009640
v 0.002000 0.008553 -0.010400
v 0.002038 0.008553 -0.010372
v 0.002000 0.008553 -0.010400
v 0.002040 0.008553 -0.010360
v 0.001915 0.008553 -0.010250
v 0.001930 0.008553 -0.009809
v 0.002040 0.008553 -0.009640
v 0.001904 0.008553 -0.010264
v 0.002000 0.008553 -0.010400
v 0.002040 0.008553 -0.010360
v 0.001910 0.008553 -0.010257
v 0.002040 0.008553 -0.010360
v 0.002040 0.008553 -0.010360
v 0.001919 0.008553 -0.010158
v 0.001910 0.008553 -0.009857
v 0.001904 0.008553 -0.010136
v 0.001874 0.008553 -0.010117
v 0.001874 0.008553 -0.009883
v 0.001640 0.008553 -0.009640
v 0.001640 0.008553 -0.010360
v 0.001750 0.008553 -0.010191
v 0.001640 0.008553 -0.010360
v 0.001750 0.008553 -0.010200
v 0.001752 0.008553 -0.010218
v 0.001640 0.008553 -0.010360
v 0.001754 0.008553 -0.010226
v 0.001750 0.008553 -0.010209
v 0.001640 0.008553 -0.010360
v 0.001640 0.008553 -0.010360
v 0.001757 0.008553 -0.010234
v 0.001640 0.008553 -0.010360
v 0.001761 0.008553 -0.010242
v 0.001640 0.008553 -0.010360
v 0.001765 0.008553 -0.010250
v 0.001640 0.008553 -0.010360
v 0.001770 0.008553 -0.010257
v 0.001640 0.008553 -0.010360
v 0.001640 0.008553 -0.010360
v 0.001668 0.008553 -0.010398
v 0.001640 0.008553 -0.010360
v 0.001641 0.008553 -0.010368
v 0.001640 0.008553 -0.010360
v 0.001640 0.008553 -0.010364
v 0.001642 0.008553 -0.010372
v 0.001640 0.008553 -0.010360
v 0.001640 0.008553 -0.010360
v 0.001643 0.008553 -0.010375
v 0.001640 0.008553 -0.010360
v 0.001640 0.008553 -0.010360
v 0.001640 0.008553 -0.010360
v 0.001640 0.008553 -0.010360
v 0.001680 0.008553 -0.010400
v 0.001680 0.008553 -0.010400
v 0.002000 0.008553 -0.010400
v 0.001849 0.008553 -0.010290
v 0.002000 0.008553 -0.010400
v 0.001858 0.008553 -0.010288
v 0.001640 0.008553 -0.010360
v 0.001890 0.008553 -0.010275
v 0.002000 0.008553 -0.010400
v 0.001897 0.008553 -0.010270
v 0.002000 0.008553 -0.010400
v 0.002000 0.008553 -0.010400
v 0.002000 0.008553 -0.010400
v 0.002025 0.008553 -0.010391
v 0.002000 0.008553 -0.010400
v 0.002022 0.008553 -0.010393
v 0.002008 0.008553 -0.010399
v 0.002000 0.008553 -0.010400
v 0.002004 0.008553 -0.010400
v 0.002012 0.008553 -0.010398
v 0.002000 0.008553 -0.010400
v 0.002000 0.008553 -0.010400
v 0.002015 0.008553 -0.010397
v 0.002019 0.008553 -0.010395
v 0.002000 0.008553 -0.010400
v 0.002000 0.008553 -0.010400
v 0.002000 0.008553 -0.010400
v 0.002040 0.008553 -0.009640
v 0.002000 0.008553 -0.010400
v 0.001840 0.008603 -0.010248
v 0.002000 0.008603 -0.010400
v 0.001680 0.008603 -0.010400
v 0.001680 0.008603 -0.010400
v 0.001835 0.008603 -0.010248
v 0.001680 0.008603 -0.010400
v 0.001831 0.008603 -0.010248
v 0.001826 0.008603 -0.010246
v 0.001680 0.008603 -0.010400
v 0.001680 0.008603 -0.010400
v 0.001821 0.008603 -0.010245
v 0.001680 0.008603 -0.010400
v 0.001817 0.008603 -0.010243
v 0.001809 0.008603 -0.010237
v 0.001813 0.008603 -0.010240
v 0.001680 0.008603 -0.010400
v 0.001680 0.008603 -0.010400
v 0.001806 0.008603 -0.010234
v 0.001680 0.008603 -0.010400
v 0.001640 0.008603 -0.010360
v 0.001640 0.008603 -0.010360
v 0.001672 0.008603 -0.010399
v 0.001668 0.008603 -0.010398
v 0.001676 0.008603 -0.010400
v 0.001640 0.008603 -0.010360
v 0.001680 0.008603 -0.010400
v 0.001640 0.008603 -0.010360
v 0.001665 0.008603 -0.010397
v 0.001640 0.008603 -0.010360
v 0.001661 0.008603 -0.010395
v 0.001655 0.008603 -0.010391
v 0.001640 0.008603 -0.010360
v 0.001658 0.008603 -0.010393
v 0.001652 0.008603 -0.010388
v 0.001640 0.008603 -0.010360
v 0.001649 0.008603 -0.010385
v 0.001640 0.008603 -0.010360
v 0.001640 0.008603 -0.010360
v 0.001796 0.008603 -0.010179
v 0.001794 0.008603 -0.010186
v 0.001640 0.008603 -0.010360
v 0.001640 0.008603 -0.009640
v 0.001640 0.008603 -0.009640
v 0.001795 0.008603 -0.009819
v 0.001794 0.008603 -0.009814
v 0.001640 0.008603 -0.009640
v 0.001640 0.008603 -0.009640
v 0.001792 0.008603 -0.009809
v 0.001640 0.008603 -0.009640
v 0.001792 0.008603 -0.009805
v 0.001791 0.008603 -0.009800
v 0.001640 0.008603 -0.009640
v 0.001640 0.008603 -0.009640
v 0.001792 0.008603 -0.009793
v 0.001640 0.008603 -0.009640
v 0.001794 0.008603 -0.009786
v 0.001800 0.008603 -0.009773
v 0.001796 0.008603 -0.009779
v 0.001640 0.008603 -0.009640
v 0.001640 0.008603 -0.009640
v 0.001804 0.008603 -0.009767
v 0.001640 0.008603 -0.009640
v 0.001680 0.008603 -0.009600
v 0.001680 0.008603 -0.009600
v 0.001641 0.008603 -0.009632
v 0.001642 0.008603 -0.009628
v 0.001640 0.008603 -0.009636
v 0.001680 0.008603 -0.009600
v 0.001680 0.008603 -0.009600
v 0.001643 0.008603 -0.009625
v 0.001680 0.008603 -0.009600
v 0.001649 0.008603 -0.009615
v 0.001652 0.008603 -0.009612
v 0.001680 0.008603 -0.009600
v 0.001835 0.008603 -0.009752
v 0.001828 0.008603 -0.009753
v 0.002000 0.008603 -0.009600
v 0.001842 0.008603 -0.009752
v 0.001680 0.008603 -0.009600
v 0.001849 0.008603 -0.009752
v 0.002000 0.008603 -0.009600
v 0.001856 0.008603 -0.009754
v 0.002000 0.008603 -0.009600
v 0.002000 0.008603 -0.009600
v 0.001863 0.008603 -0.009757
v 0.002000 0.008603 -0.009600
v 0.001869 0.008603 -0.009761
v 0.001874 0.008603 -0.009766
v 0.002000 0.008603 -0.009600
v 0.002000 0.008603 -0.009600
v 0.002040 0.008603 -0.009640
v 0.002000 0.008603 -0.009600
v 0.002004 0.008603 -0.009600
v 0.002040 0.008603 -0.009640
v 0.002008 0.008603 -0.009601
v 0.002040 0.008603 -0.009640
v 0.002019 0.008603 -0.009605
v 0.002040 0.008603 -0.009640
v 0.002015 0.008603 -0.009603
v 0.002040 0.008603 -0.009640
v 0.002012 0.008603 -0.009602
v 0.002022 0.008603 -0.009607
v 0.002040 0.008603 -0.009640
v 0.002025 0.008603 -0.009609
v 0.002040 0.008603 -0.009640
v 0.002040 0.008603 -0.009640
v 0.002031 0.008603 -0.009615
v 0.002033 0.008603 -0.009618
v 0.002040 0.008603 -0.009640
v 0.002035 0.008603 -0.009621
v 0.002040 0.008603 -0.009640
v 0.001885 0.008603 -0.009819
v 0.001887 0.008603 -0.009812
v 0.002040 0.008603 -0.009640
v 0.002040 0.008603 -0.010360
v 0.002040 0.008603 -0.010360
v 0.001883 0.008603 -0.010177
v 0.001886 0.008603 -0.010184
v 0.002040 0.008603 -0.010360
v 0.001888 0.008603 -0.010191
v 0.002040 0.008603 -0.010360
v 0.001888 0.008603 -0.010198
v 0.002040 0.008603 -0.010360
v 0.001888 0.008603 -0.010205
v 0.001887 0.008603 -0.010212
v 0.002040 0.008603 -0.010360
v 0.002040 0.008603 -0.010360
v 0.001885 0.008603 -0.010219
v 0.002040 0.008603 -0.010360
v 0.001882 0.008603 -0.010225
v 0.001877 0.008603 -0.010231
v 0.002040 0.008603 -0.010360
v 0.002040 0.008603 -0.010360
v 0.001873 0.008603 -0.010236
v 0.002040 0.008603 -0.010360
v 0.002000 0.008603 -0.010400
v 0.002000 0.008603 -0.010400
v 0.002039 0.008603 -0.010368
v 0.002038 0.008603 -0.010372
v 0.002040 0.008603 -0.010364
v 0.002000 0.008603 -0.010400
v 0.002035 0.008603 -0.010379
v 0.002000 0.008603 -0.010400
v 0.002037 0.008603 -0.010375
v 0.002025 0.008603 -0.010391
v 0.002000 0.008603 -0.010400
v 0.002028 0.008603 -0.010388
v 0.002000 0.008603 -0.010400
v 0.001847 0.008603 -0.010248
v 0.001854 0.008603 -0.010246
v 0.001847 0.008603 -0.009848
v 0.001854 0.008603 -0.009846
v 0.001849 0.008603 -0.010152
v 0.001842 0.008603 -0.010152
v 0.001840 0.008603 -0.009848
v 0.001856 0.008603 -0.010154
v 0.001861 0.008603 -0.009844
v 0.001863 0.008603 -0.010157
v 0.001867 0.008603 -0.009840
v 0.001873 0.008603 -0.009836
v 0.001869 0.008603 -0.010161
v 0.001874 0.008603 -0.010166
v 0.001877 0.008603 -0.009831
v 0.001882 0.008603 -0.009825
v 0.001879 0.008603 -0.010171
v 0.002000 0.008603 -0.010400
v 0.002031 0.008603 -0.010385
v 0.002000 0.008603 -0.010400
v 0.001888 0.008603 -0.009798
v 0.001888 0.008603 -0.009791
v 0.002040 0.008603 -0.009640
v 0.002040 0.008603 -0.009640
v 0.001888 0.008603 -0.009805
v 0.001886 0.008603 -0.009784
v 0.002040 0.008603 -0.009640
v 0.001883 0.008603 -0.009777
v 0.002040 0.008603 -0.009640
v 0.001879 0.008603 -0.009771
v 0.002040 0.008603 -0.009640
v 0.002040 0.008603 -0.009640
v 0.002040 0.008603 -0.009640
v 0.002040 0.008603 -0.009640
v 0.002028 0.008603 -0.009612
v 0.002040 0.008603 -0.009640
v 0.002040 0.008603 -0.009636
v 0.002040 0.008603 -0.009640
v 0.002039 0.008603 -0.009632
v 0.002040 0.008603 -0.009640
v 0.002038 0.008603 -0.009628
v 0.002037 0.008603 -0.009625
v 0.002040 0.008603 -0.009640
v 0.002040 0.008603 -0.009640
v 0.002040 0.008603 -0.009640
v 0.001680 0.008603 -0.009600
v 0.001680 0.008603 -0.009600
v 0.001821 0.008603 -0.009755
v 0.001809 0.008603 -0.009763
v 0.001680 0.008603 -0.009600
v 0.001680 0.008603 -0.009600
v 0.001815 0.008603 -0.009758
v 0.001645 0.008603 -0.009621
v 0.001680 0.008603 -0.009600
v 0.001661 0.008603 -0.009605
v 0.001665 0.008603 -0.009603
v 0.001680 0.008603 -0.009600
v 0.001672 0.008603 -0.009601
v 0.001676 0.008603 -0.009600
v 0.001680 0.008603 -0.009600
v 0.001680 0.008603 -0.009600
v 0.001668 0.008603 -0.009602
v 0.001680 0.008603 -0.009600
v 0.001680 0.008603 -0.009600
v 0.001658 0.008603 -0.009607
v 0.001655 0.008603 -0.009609
v 0.001680 0.008603 -0.009600
v 0.001680 0.008603 -0.009600
v 0.001680 0.008603 -0.009600
v 0.001647 0.008603 -0.009618
v 0.001680 0.008603 -0.009600
v 0.001640 0.008603 -0.009640
v 0.001800 0.008603 -0.010173
v 0.001797 0.008603 -0.009823
v 0.001800 0.008603 -0.009827
v 0.001803 0.008603 -0.009831
v 0.001804 0.008603 -0.010167
v 0.001806 0.008603 -0.009834
v 0.001809 0.008603 -0.010163
v 0.001809 0.008603 -0.009837
v 0.001813 0.008603 -0.009840
v 0.001815 0.008603 -0.010158
v 0.001817 0.008603 -0.009843
v 0.001821 0.008603 -0.010155
v 0.001640 0.008603 -0.009640
v 0.002000 0.008603 -0.010400
v 0.001680 0.008603 -0.010400
v 0.001861 0.008603 -0.010244
v 0.002000 0.008603 -0.010400
v 0.001867 0.008603 -0.010240
v 0.002000 0.008603 -0.010400
v 0.002000 0.008603 -0.010400
v 0.002040 0.008603 -0.010360
v 0.002000 0.008603 -0.010400
v 0.002033 0.008603 -0.010382
v 0.002000 0.008603 -0.010400
v 0.002012 0.008603 -0.010398
v 0.002008 0.008603 -0.010399
v 0.002000 0.008603 -0.010400
v 0.002004 0.008603 -0.010400
v 0.002000 0.008603 -0.010400
v 0.002000 0.008603 -0.010400
v 0.002015 0.008603 -0.010397
v 0.002000 0.008603 -0.010400
v 0.002019 0.008603 -0.010395
v 0.002000 0.008603 -0.010400
v 0.002022 0.008603 -0.010393
v 0.002000 0.008603 -0.010400
v 0.002000 0.008603 -0.010400
v 0.002040 0.008603 -0.010360
v 0.001680 0.008603 -0.009600
v 0.001835 0.008603 -0.010152
v 0.001835 0.008603 -0.009848
v 0.001831 0.008603 -0.009848
v 0.001826 0.008603 -0.009846
v 0.001828 0.008603 -0.010153
v 0.001821 0.008603 -0.009845
v 0.001680 0.008603 -0.009600
v 0.001792 0.008603 -0.010193
v 0.001640 0.008603 -0.010360
v 0.001640 0.008603 -0.010360
v 0.001791 0.008603 -0.010200
v 0.001640 0.008603 -0.010360
v 0.001792 0.008603 -0.010205
v 0.001794 0.008603 -0.010214
v 0.001795 0.008603 -0.010219
v 0.001640 0.008603 -0.010360
v 0.001640 0.008603 -0.010360
v 0.001792 0.008603 -0.010209
v 0.001797 0.008603 -0.010223
v 0.001640 0.008603 -0.010360
v 0.001800 0.008603 -0.010227
v 0.001640 0.008603 -0.010360
v 0.001803 0.008603 -0.010231
v 0.001640 0.008603 -0.010360
v 0.001640 0.008603 -0.010360
v 0.001640 0.008603 -0.010360
v 0.001640 0.008603 -0.010360
v 0.001647 0.008603 -0.010382
v 0.001645 0.008603 -0.010379
v 0.001640 0.008603 -0.010360
v 0.001641 0.008603 -0.010368
v 0.001640 0.008603 -0.010364
v 0.001640 0.008603 -0.010360
v 0.001640 0.008603 -0.010360
v 0.001642 0.008603 -0.010372
v 0.001640 0.008603 -0.010360
v 0.001643 0.008603 -0.010375
v 0.001640 0.008603 -0.010360
v 0.001640 0.008603 -0.010360
v 0.001640 0.008603 -0.010360
v 0.001792 0.008603 -0.009793
v 0.001794 0.008603 -0.009786
v 0.001792 0.008594 -0.009791
v 0.001794 0.008603 -0.009786
v 0.001794 0.008594 -0.009786
v 0.001796 0.008603 -0.009779
v 0.001797 0.008594 -0.009777
v 0.001795 0.008594 -0.009781
v 0.001800 0.008603 -0.009773
v 0.001800 0.008594 -0.009773
v 0.001804 0.008603 -0.009767
v 0.001806 0.008594 -0.009766
v 0.001803 0.008594 -0.009769
v 0.001809 0.008603 -0.009763
v 0.001809 0.008594 -0.009763
v 0.001813 0.008594 -0.009760
v 0.001809 0.008603 -0.009763
v 0.001815 0.008603 -0.009758
v 0.001817 0.008594 -0.009757
v 0.001815 0.008603 -0.009758
v 0.001821 0.008603 -0.009755
v 0.001826 0.008594 -0.009754
v 0.001821 0.008603 -0.009755
v 0.001828 0.008603 -0.009753
v 0.001831 0.008594 -0.009752
v 0.001828 0.008603 -0.009753
v 0.001835 0.008603 -0.009752
v 0.001835 0.008594 -0.009752
v 0.001835 0.008603 -0.009752
v 0.001840 0.008594 -0.009751
v 0.001842 0.008603 -0.009752
v 0.001845 0.008594 -0.009752
v 0.001849 0.008594 -0.009752
v 0.001849 0.008603 -0.009752
v 0.001854 0.008594 -0.009754
v 0.001856 0.008603 -0.009754
v 0.001859 0.008594 -0.009755
v 0.001863 0.008603 -0.009757
v 0.001863 0.008594 -0.009757
v 0.001863 0.008603 -0.009757
v 0.001869 0.008603 -0.009761
v 0.001867 0.008594 -0.009760
v 0.001871 0.008594 -0.009763
v 0.001874 0.008603 -0.009766
v 0.001874 0.008594 -0.009766
v 0.001874 0.008603 -0.009766
v 0.001879 0.008603 -0.009771
v 0.001877 0.008594 -0.009769
v 0.001879 0.008603 -0.009771
v 0.001883 0.008603 -0.009777
v 0.001880 0.008594 -0.009773
v 0.001883 0.008603 -0.009777
v 0.001885 0.008594 -0.009781
v 0.001883 0.008594 -0.009777
v 0.001886 0.008603 -0.009784
v 0.001888 0.008603 -0.009791
v 0.001886 0.008594 -0.009786
v 0.001888 0.008603 -0.009791
v 0.001888 0.008594 -0.009795
v 0.001888 0.008594 -0.009791
v 0.001888 0.008603 -0.009798
v 0.001888 0.008594 -0.009800
v 0.001888 0.008603 -0.009805
v 0.001888 0.008594 -0.009805
v 0.001885 0.008603 -0.009819
v 0.001885 0.008594 -0.009819
v 0.001886 0.008594 -0.009814
v 0.001882 0.008603 -0.009825
v 0.001880 0.008594 -0.009827
v 0.001883 0.008594 -0.009823
v 0.001877 0.008603 -0.009831
v 0.001874 0.008594 -0.009834
v 0.001877 0.008594 -0.009831
v 0.001873 0.008603 -0.009836
v 0.001867 0.008603 -0.009840
v 0.001871 0.008594 -0.009837
v 0.001867 0.008603 -0.009840
v 0.001861 0.008603 -0.009844
v 0.001863 0.008594 -0.009843
v 0.001859 0.008594 -0.009845
v 0.001854 0.008603 -0.009846
v 0.001854 0.008594 -0.009846
v 0.001854 0.008603 -0.009846
v 0.001847 0.008603 -0.009848
v 0.001849 0.008594 -0.009848
v 0.001847 0.008603 -0.009848
v 0.001840 0.008603 -0.009848
v 0.001845 0.008594 -0.009848
v 0.001840 0.008603 -0.009848
v 0.001835 0.008603 -0.009848
v 0.001840 0.008594 -0.009848
v 0.001835 0.008594 -0.009848
v 0.001831 0.008603 -0.009848
v 0.001831 0.008594 -0.009848
v 0.001826 0.008603 -0.009846
v 0.001826 0.008594 -0.009846
v 0.001821 0.008603 -0.009845
v 0.001821 0.008594 -0.009845
v 0.001817 0.008594 -0.009843
v 0.001817 0.008603 -0.009843
v 0.001813 0.008603 -0.009840
v 0.001813 0.008594 -0.009840
v 0.001813 0.008603 -0.009840
v 0.001809 0.008603 -0.009837
v 0.001809 0.008594 -0.009837
v 0.001809 0.008603 -0.009837
v 0.001806 0.008603 -0.009834
v 0.001806 0.008594 -0.009834
v 0.001806 0.008603 -0.009834
v 0.001803 0.008603 -0.009831
v 0.001797 0.008603 -0.009823
v 0.001797 0.008594 -0.009823
v 0.001800 0.008594 -0.009827
v 0.001795 0.008603 -0.009819
v 0.001795 0.008594 -0.009819
v 0.001794 0.008603 -0.009814
v 0.001794 0.008594 -0.009814
v 0.001792 0.008603 -0.009809
v 0.001792 0.008594 -0.009809
v 0.001792 0.008603 -0.009805
v 0.001792 0.008594 -0.009805
v 0.001792 0.008603 -0.009793
v 0.001792 0.008594 -0.009795
v 0.001803 0.008594 -0.009831
v 0.001803 0.008603 -0.009831
v 0.001800 0.008603 -0.009827
v 0.001792 0.008603 -0.009805
v 0.001791 0.008603 -0.009800
v 0.001792 0.008603 -0.009809
v 0.001792 0.008603 -0.009805
v 0.001794 0.008603 -0.009814
v 0.001792 0.008603 -0.009809
v 0.001795 0.008603 -0.009819
v 0.001794 0.008603 -0.009814
v 0.001797 0.008603 -0.009823
v 0.001795 0.008603 -0.009819
v 0.001800 0.008603 -0.009827
v 0.001797 0.008603 -0.009823
v 0.001800 0.008603 -0.009827
v 0.001803 0.008603 -0.009831
v 0.001806 0.008603 -0.009834
v 0.001809 0.008603 -0.009837
v 0.001813 0.008603 -0.009840
v 0.001817 0.008603 -0.009843
v 0.001821 0.008603 -0.009845
v 0.001817 0.008603 -0.009843
v 0.001826 0.008603 -0.009846
v 0.001821 0.008603 -0.009845
v 0.001831 0.008603 -0.009848
v 0.001826 0.008603 -0.009846
v 0.001835 0.008603 -0.009848
v 0.001831 0.008603 -0.009848
v 0.001835 0.008603 -0.009848
v 0.001840 0.008603 -0.009848
v 0.001847 0.008603 -0.009848
v 0.001854 0.008603 -0.009846
v 0.001861 0.008603 -0.009844
v 0.001854 0.008603 -0.009846
v 0.001861 0.008603 -0.009844
v 0.001867 0.008603 -0.009840
v 0.001867 0.008594 -0.009840
v 0.001867 0.008603 -0.009840
v 0.001873 0.008603 -0.009836
v 0.001873 0.008603 -0.009836
v 0.001877 0.008603 -0.009831
v 0.001877 0.008603 -0.009831
v 0.001877 0.008603 -0.009831
v 0.001882 0.008603 -0.009825
v 0.001882 0.008603 -0.009825
v 0.001885 0.008603 -0.009819
v 0.001885 0.008603 -0.009819
v 0.001885 0.008603 -0.009819
v 0.001887 0.008603 -0.009812
v 0.001888 0.008594 -0.009809
v 0.001888 0.008603 -0.009805
v 0.001887 0.008603 -0.009812
v 0.001887 0.008603 -0.009812
v 0.001888 0.008603 -0.009805
v 0.001888 0.008603 -0.009798
v 0.001888 0.008603 -0.009805
v 0.001888 0.008603 -0.009791
v 0.001888 0.008603 -0.009798
v 0.001888 0.008603 -0.009791
v 0.001886 0.008603 -0.009784
v 0.001883 0.008603 -0.009777
v 0.001886 0.008603 -0.009784
v 0.001883 0.008603 -0.009777
v 0.001879 0.008603 -0.009771
v 0.001874 0.008603 -0.009766
v 0.001874 0.008603 -0.009766
v 0.001869 0.008603 -0.009761
v 0.001869 0.008603 -0.009761
v 0.001863 0.008603 -0.009757
v 0.001863 0.008603 -0.009757
v 0.001856 0.008603 -0.009754
v 0.001856 0.008603 -0.009754
v 0.001849 0.008603 -0.009752
v 0.001849 0.008603 -0.009752
v 0.001849 0.008603 -0.009752
v 0.001842 0.008603 -0.009752
v 0.001842 0.008603 -0.009752
v 0.001835 0.008603 -0.009752
v 0.001835 0.008603 -0.009752
v 0.001828 0.008603 -0.009753
v 0.001821 0.008603 -0.009755
v 0.001821 0.008594 -0.009755
v 0.001821 0.008603 -0.009755
v 0.001815 0.008603 -0.009758
v 0.001809 0.008603 -0.009763
v 0.001804 0.008603 -0.009767
v 0.001809 0.008603 -0.009763
v 0.001800 0.008603 -0.009773
v 0.001804 0.008603 -0.009767
v 0.001800 0.008603 -0.009773
v 0.001796 0.008603 -0.009779
v 0.001800 0.008603 -0.009773
v 0.001794 0.008603 -0.009786
v 0.001796 0.008603 -0.009779
v 0.001794 0.008603 -0.009786
v 0.001791 0.008594 -0.009800
v 0.001791 0.008603 -0.009800
v 0.001791 0.008603 -0.009800
v 0.001791 0.008603 -0.009800
v 0.001792 0.008603 -0.009793
v 0.001888 0.008594 -0.009805
v 0.001888 0.008594 -0.009809
v 0.001930 0.008553 -0.009809
v 0.001888 0.008594 -0.009809
v 0.001886 0.008594 -0.009814
v 0.001928 0.008553 -0.009818
v 0.001886 0.008594 -0.009814
v 0.001926 0.008553 -0.009826
v 0.001928 0.008553 -0.009818
v 0.001885 0.008594 -0.009819
v 0.001923 0.008553 -0.009834
v 0.001926 0.008553 -0.009826
v 0.001883 0.008594 -0.009823
v 0.001923 0.008553 -0.009834
v 0.001885 0.008594 -0.009819
v 0.001880 0.008594 -0.009827
v 0.001919 0.008553 -0.009842
v 0.001883 0.008594 -0.009823
v 0.001915 0.008553 -0.009850
v 0.001919 0.008553 -0.009842
v 0.001880 0.008594 -0.009827
v 0.001910 0.008553 -0.009857
v 0.001915 0.008553 -0.009850
v 0.001877 0.008594 -0.009831
v 0.001904 0.008553 -0.009864
v 0.001910 0.008553 -0.009857
v 0.001874 0.008594 -0.009834
v 0.001904 0.008553 -0.009864
v 0.001874 0.008594 -0.009834
v 0.001871 0.008594 -0.009837
v 0.001897 0.008553 -0.009870
v 0.001871 0.008594 -0.009837
v 0.001867 0.008594 -0.009840
v 0.001890 0.008553 -0.009875
v 0.001867 0.008594 -0.009840
v 0.001863 0.008594 -0.009843
v 0.001890 0.008553 -0.009875
v 0.001863 0.008594 -0.009843
v 0.001882 0.008553 -0.009879
v 0.001882 0.008553 -0.009879
v 0.001859 0.008594 -0.009845
v 0.001874 0.008553 -0.009883
v 0.001859 0.008594 -0.009845
v 0.001854 0.008594 -0.009846
v 0.001874 0.008553 -0.009883
v 0.001854 0.008594 -0.009846
v 0.001849 0.008594 -0.009848
v 0.001866 0.008553 -0.009886
v 0.001849 0.008594 -0.009848
v 0.001845 0.008594 -0.009848
v 0.001858 0.008553 -0.009888
v 0.001845 0.008594 -0.009848
v 0.001849 0.008553 -0.009890
v 0.001858 0.008553 -0.009888
v 0.001840 0.008594 -0.009848
v 0.001840 0.008553 -0.009890
v 0.001849 0.008553 -0.009890
v 0.001835 0.008594 -0.009848
v 0.001840 0.008553 -0.009890
v 0.001840 0.008594 -0.009848
v 0.001831 0.008594 -0.009848
v 0.001831 0.008553 -0.009890
v 0.001835 0.008594 -0.009848
v 0.001826 0.008594 -0.009846
v 0.001822 0.008553 -0.009888
v 0.001831 0.008594 -0.009848
v 0.001814 0.008553 -0.009886
v 0.001822 0.008553 -0.009888
v 0.001826 0.008594 -0.009846
v 0.001806 0.008553 -0.009883
v 0.001814 0.008553 -0.009886
v 0.001821 0.008594 -0.009845
v 0.001806 0.008553 -0.009883
v 0.001821 0.008594 -0.009845
v 0.001817 0.008594 -0.009843
v 0.001798 0.008553 -0.009879
v 0.001817 0.008594 -0.009843
v 0.001813 0.008594 -0.009840
v 0.001790 0.008553 -0.009875
v 0.001813 0.008594 -0.009840
v 0.001809 0.008594 -0.009837
v 0.001790 0.008553 -0.009875
v 0.001809 0.008594 -0.009837
v 0.001783 0.008553 -0.009870
v 0.001783 0.008553 -0.009870
v 0.001806 0.008594 -0.009834
v 0.001776 0.008553 -0.009864
v 0.001806 0.008594 -0.009834
v 0.001803 0.008594 -0.009831
v 0.001776 0.008553 -0.009864
v 0.001803 0.008594 -0.009831
v 0.001800 0.008594 -0.009827
v 0.001770 0.008553 -0.009857
v 0.001800 0.008594 -0.009827
v 0.001797 0.008594 -0.009823
v 0.001765 0.008553 -0.009850
v 0.001797 0.008594 -0.009823
v 0.001761 0.008553 -0.009842
v 0.001765 0.008553 -0.009850
v 0.001795 0.008594 -0.009819
v 0.001757 0.008553 -0.009834
v 0.001761 0.008553 -0.009842
v 0.001794 0.008594 -0.009814
v 0.001757 0.008553 -0.009834
v 0.001795 0.008594 -0.009819
v 0.001792 0.008594 -0.009809
v 0.001754 0.008553 -0.009826
v 0.001794 0.008594 -0.009814
v 0.001792 0.008594 -0.009805
v 0.001752 0.008553 -0.009818
v 0.001792 0.008594 -0.009809
v 0.001750 0.008553 -0.009809
v 0.001752 0.008553 -0.009818
v 0.001792 0.008594 -0.009805
v 0.001750 0.008553 -0.009800
v 0.001750 0.008553 -0.009809
v 0.001791 0.008594 -0.009800
v 0.001750 0.008553 -0.009800
v 0.001791 0.008594 -0.009800
v 0.001792 0.008594 -0.009795
v 0.001750 0.008553 -0.009791
v 0.001792 0.008594 -0.009795
v 0.001792 0.008594 -0.009791
v 0.001752 0.008553 -0.009782
v 0.001792 0.008594 -0.009791
v 0.001794 0.008594 -0.009786
v 0.001752 0.008553 -0.009782
v 0.001794 0.008594 -0.009786
v 0.001754 0.008553 -0.009774
v 0.001754 0.008553 -0.009774
v 0.001795 0.008594 -0.009781
v 0.001757 0.008553 -0.009766
v 0.001795 0.008594 -0.009781
v 0.001797 0.008594 -0.009777
v 0.001757 0.008553 -0.009766
v 0.001797 0.008594 -0.009777
v 0.001800 0.008594 -0.009773
v 0.001761 0.008553 -0.009758
v 0.001800 0.008594 -0.009773
v 0.001803 0.008594 -0.009769
v 0.001765 0.008553 -0.009750
v 0.001803 0.008594 -0.009769
v 0.001770 0.008553 -0.009743
v 0.001765 0.008553 -0.009750
v 0.001806 0.008594 -0.009766
v 0.001776 0.008553 -0.009736
v 0.001770 0.008553 -0.009743
v 0.001809 0.008594 -0.009763
v 0.001776 0.008553 -0.009736
v 0.001806 0.008594 -0.009766
v 0.001813 0.008594 -0.009760
v 0.001783 0.008553 -0.009730
v 0.001809 0.008594 -0.009763
v 0.001817 0.008594 -0.009757
v 0.001790 0.008553 -0.009725
v 0.001813 0.008594 -0.009760
v 0.001798 0.008553 -0.009721
v 0.001817 0.008594 -0.009757
v 0.001821 0.008594 -0.009755
v 0.001831 0.008594 -0.009752
v 0.001814 0.008553 -0.009714
v 0.001826 0.008594 -0.009754
v 0.001835 0.008594 -0.009752
v 0.001840 0.008594 -0.009751
v 0.001831 0.008553 -0.009710
v 0.001849 0.008553 -0.009710
v 0.001845 0.008594 -0.009752
v 0.001849 0.008594 -0.009752
v 0.001859 0.008594 -0.009755
v 0.001866 0.008553 -0.009714
v 0.001854 0.008594 -0.009754
v 0.001863 0.008594 -0.009757
v 0.001867 0.008594 -0.009760
v 0.001882 0.008553 -0.009721
v 0.001897 0.008553 -0.009730
v 0.001871 0.008594 -0.009763
v 0.001874 0.008594 -0.009766
v 0.001919 0.008553 -0.009758
v 0.001883 0.008594 -0.009777
v 0.001885 0.008594 -0.009781
v 0.001926 0.008553 -0.009774
v 0.001923 0.008553 -0.009766
v 0.001886 0.008594 -0.009786
v 0.001888 0.008594 -0.009795
v 0.001930 0.008553 -0.009791
v 0.001928 0.008553 -0.009782
v 0.001888 0.008594 -0.009809
v 0.001928 0.008553 -0.009818
v 0.001930 0.008553 -0.009809
v 0.001880 0.008594 -0.009773
v 0.001910 0.008553 -0.009743
v 0.001877 0.008594 -0.009769
v 0.001930 0.008553 -0.009791
v 0.001888 0.008594 -0.009800
v 0.001930 0.008553 -0.009800
v 0.001888 0.008594 -0.009795
v 0.001888 0.008594 -0.009800
v 0.001930 0.008553 -0.009791
v 0.001888 0.008594 -0.009791
v 0.001888 0.008594 -0.009795
v 0.001928 0.008553 -0.009782
v 0.001888 0.008594 -0.009791
v 0.001928 0.008553 -0.009782
v 0.001926 0.008553 -0.009774
v 0.001888 0.008594 -0.009791
v 0.001926 0.008553 -0.009774
v 0.001886 0.008594 -0.009786
v 0.001886 0.008594 -0.009786
v 0.001923 0.008553 -0.009766
v 0.001885 0.008594 -0.009781
v 0.001923 0.008553 -0.009766
v 0.001919 0.008553 -0.009758
v 0.001885 0.008594 -0.009781
v 0.001919 0.008553 -0.009758
v 0.001915 0.008553 -0.009750
v 0.001883 0.008594 -0.009777
v 0.001915 0.008553 -0.009750
v 0.001880 0.008594 -0.009773
v 0.001883 0.008594 -0.009777
v 0.001910 0.008553 -0.009743
v 0.001880 0.008594 -0.009773
v 0.001915 0.008553 -0.009750
v 0.001904 0.008553 -0.009736
v 0.001877 0.008594 -0.009769
v 0.001910 0.008553 -0.009743
v 0.001874 0.008594 -0.009766
v 0.001877 0.008594 -0.009769
v 0.001904 0.008553 -0.009736
v 0.001874 0.008594 -0.009766
v 0.001904 0.008553 -0.009736
v 0.001897 0.008553 -0.009730
v 0.001871 0.008594 -0.009763
v 0.001897 0.008553 -0.009730
v 0.001890 0.008553 -0.009725
v 0.001871 0.008594 -0.009763
v 0.001890 0.008553 -0.009725
v 0.001867 0.008594 -0.009760
v 0.001890 0.008553 -0.009725
v 0.001882 0.008553 -0.009721
v 0.001867 0.008594 -0.009760
v 0.001882 0.008553 -0.009721
v 0.001874 0.008553 -0.009717
v 0.001863 0.008594 -0.009757
v 0.001874 0.008553 -0.009717
v 0.001859 0.008594 -0.009755
v 0.001863 0.008594 -0.009757
v 0.001866 0.008553 -0.009714
v 0.001859 0.008594 -0.009755
v 0.001874 0.008553 -0.009717
v 0.001858 0.008553 -0.009712
v 0.001854 0.008594 -0.009754
v 0.001866 0.008553 -0.009714
v 0.001849 0.008594 -0.009752
v 0.001854 0.008594 -0.009754
v 0.001858 0.008553 -0.009712
v 0.001849 0.008594 -0.009752
v 0.001858 0.008553 -0.009712
v 0.001849 0.008553 -0.009710
v 0.001845 0.008594 -0.009752
v 0.001849 0.008553 -0.009710
v 0.001840 0.008553 -0.009710
v 0.001845 0.008594 -0.009752
v 0.001840 0.008553 -0.009710
v 0.001840 0.008594 -0.009751
v 0.001840 0.008553 -0.009710
v 0.001831 0.008553 -0.009710
v 0.001840 0.008594 -0.009751
v 0.001831 0.008553 -0.009710
v 0.001822 0.008553 -0.009712
v 0.001835 0.008594 -0.009752
v 0.001822 0.008553 -0.009712
v 0.001831 0.008594 -0.009752
v 0.001835 0.008594 -0.009752
v 0.001814 0.008553 -0.009714
v 0.001831 0.008594 -0.009752
v 0.001822 0.008553 -0.009712
v 0.001806 0.008553 -0.009717
v 0.001826 0.008594 -0.009754
v 0.001814 0.008553 -0.009714
v 0.001821 0.008594 -0.009755
v 0.001826 0.008594 -0.009754
v 0.001806 0.008553 -0.009717
v 0.001821 0.008594 -0.009755
v 0.001806 0.008553 -0.009717
v 0.001798 0.008553 -0.009721
v 0.001817 0.008594 -0.009757
v 0.001798 0.008553 -0.009721
v 0.001790 0.008553 -0.009725
v 0.001790 0.008553 -0.009725
v 0.001783 0.008553 -0.009730
v 0.001813 0.008594 -0.009760
v 0.001783 0.008553 -0.009730
v 0.001776 0.008553 -0.009736
v 0.001809 0.008594 -0.009763
v 0.001806 0.008594 -0.009766
v 0.001770 0.008553 -0.009743
v 0.001803 0.008594 -0.009769
v 0.001800 0.008594 -0.009773
v 0.001765 0.008553 -0.009750
v 0.001761 0.008553 -0.009758
v 0.001797 0.008594 -0.009777
v 0.001761 0.008553 -0.009758
v 0.001757 0.008553 -0.009766
v 0.001794 0.008594 -0.009786
v 0.001795 0.008594 -0.009781
v 0.001754 0.008553 -0.009774
v 0.001750 0.008553 -0.009791
v 0.001792 0.008594 -0.009791
v 0.001752 0.008553 -0.009782
v 0.001750 0.008553 -0.009800
v 0.001792 0.008594 -0.009795
v 0.001750 0.008553 -0.009791
v 0.001750 0.008553 -0.009809
v 0.001792 0.008594 -0.009805
v 0.001791 0.008594 -0.009800
v 0.001752 0.008553 -0.009818
v 0.001754 0.008553 -0.009826
v 0.001792 0.008594 -0.009809
v 0.001754 0.008553 -0.009826
v 0.001757 0.008553 -0.009834
v 0.001794 0.008594 -0.009814
v 0.001795 0.008594 -0.009819
v 0.001761 0.008553 -0.009842
v 0.001797 0.008594 -0.009823
v 0.001800 0.008594 -0.009827
v 0.001765 0.008553 -0.009850
v 0.001770 0.008553 -0.009857
v 0.001803 0.008594 -0.009831
v 0.001770 0.008553 -0.009857
v 0.001776 0.008553 -0.009864
v 0.001809 0.008594 -0.009837
v 0.001806 0.008594 -0.009834
v 0.001783 0.008553 -0.009870
v 0.001798 0.008553 -0.009879
v 0.001813 0.008594 -0.009840
v 0.001790 0.008553 -0.009875
v 0.001806 0.008553 -0.009883
v 0.001817 0.008594 -0.009843
v 0.001798 0.008553 -0.009879
v 0.001814 0.008553 -0.009886
v 0.001826 0.008594 -0.009846
v 0.001821 0.008594 -0.009845
v 0.001822 0.008553 -0.009888
v 0.001831 0.008553 -0.009890
v 0.001831 0.008594 -0.009848
v 0.001831 0.008553 -0.009890
v 0.001840 0.008553 -0.009890
v 0.001835 0.008594 -0.009848
v 0.001840 0.008594 -0.009848
v 0.001849 0.008553 -0.009890
v 0.001845 0.008594 -0.009848
v 0.001849 0.008594 -0.009848
v 0.001858 0.008553 -0.009888
v 0.001866 0.008553 -0.009886
v 0.001854 0.008594 -0.009846
v 0.001866 0.008553 -0.009886
v 0.001874 0.008553 -0.009883
v 0.001863 0.008594 -0.009843
v 0.001859 0.008594 -0.009845
v 0.001882 0.008553 -0.009879
v 0.001897 0.008553 -0.009870
v 0.001867 0.008594 -0.009840
v 0.001890 0.008553 -0.009875
v 0.001904 0.008553 -0.009864
v 0.001871 0.008594 -0.009837
v 0.001897 0.008553 -0.009870
v 0.001910 0.008553 -0.009857
v 0.001877 0.008594 -0.009831
v 0.001874 0.008594 -0.009834
v 0.001915 0.008553 -0.009850
v 0.001880 0.008594 -0.009827
v 0.001877 0.008594 -0.009831
v 0.001919 0.008553 -0.009842
v 0.001923 0.008553 -0.009834
v 0.001883 0.008594 -0.009823
v 0.001885 0.008594 -0.009819
v 0.001926 0.008553 -0.009826
v 0.001886 0.008594 -0.009814
v 0.001888 0.008594 -0.009800
v 0.001888 0.008594 -0.009805
v 0.001930 0.008553 -0.009809
v 0.001930 0.008553 -0.009809
v 0.001930 0.008553 -0.009800
v 0.001888 0.008594 -0.009800
v 0.001792 0.008603 -0.010193
v 0.001794 0.008603 -0.010186
v 0.001792 0.008594 -0.010191
v 0.001794 0.008603 -0.010186
v 0.001794 0.008594 -0.010186
v 0.001796 0.008603 -0.010179
v 0.001797 0.008594 -0.010177
v 0.001795 0.008594 -0.010181
v 0.001800 0.008603 -0.010173
v 0.001800 0.008594 -0.010173
v 0.001804 0.008603 -0.010167
v 0.001806 0.008594 -0.010166
v 0.001803 0.008594 -0.010169
v 0.001809 0.008603 -0.010163
v 0.001809 0.008594 -0.010163
v 0.001813 0.008594 -0.010160
v 0.001809 0.008603 -0.010163
v 0.001815 0.008603 -0.010158
v 0.001817 0.008594 -0.010157
v 0.001815 0.008603 -0.010158
v 0.001821 0.008603 -0.010155
v 0.001826 0.008594 -0.010154
v 0.001821 0.008603 -0.010155
v 0.001828 0.008603 -0.010153
v 0.001831 0.008594 -0.010152
v 0.001828 0.008603 -0.010153
v 0.001835 0.008603 -0.010152
v 0.001835 0.008594 -0.010152
v 0.001835 0.008603 -0.010152
v 0.001840 0.008594 -0.010151
v 0.001842 0.008603 -0.010152
v 0.001845 0.008594 -0.010152
v 0.001849 0.008594 -0.010152
v 0.001849 0.008603 -0.010152
v 0.001854 0.008594 -0.010154
v 0.001856 0.008603 -0.010154
v 0.001859 0.008594 -0.010155
v 0.001863 0.008603 -0.010157
v 0.001863 0.008594 -0.010157
v 0.001863 0.008603 -0.010157
v 0.001869 0.008603 -0.010161
v 0.001867 0.008594 -0.010160
v 0.001871 0.008594 -0.010163
v 0.001874 0.008603 -0.010166
v 0.001874 0.008594 -0.010166
v 0.001874 0.008603 -0.010166
v 0.001879 0.008603 -0.010171
v 0.001877 0.008594 -0.010169
v 0.001879 0.008603 -0.010171
v 0.001883 0.008603 -0.010177
v 0.001880 0.008594 -0.010173
v 0.001883 0.008603 -0.010177
v 0.001885 0.008594 -0.010181
v 0.001883 0.008594 -0.010177
v 0.001886 0.008603 -0.010184
v 0.001888 0.008603 -0.010191
v 0.001886 0.008594 -0.010186
v 0.001888 0.008603 -0.010191
v 0.001888 0.008594 -0.010195
v 0.001888 0.008594 -0.010191
v 0.001888 0.008603 -0.010198
v 0.001888 0.008594 -0.010200
v 0.001888 0.008603 -0.010205
v 0.001888 0.008594 -0.010205
v 0.001885 0.008603 -0.010219
v 0.001885 0.008594 -0.010219
v 0.001886 0.008594 -0.010214
v 0.001882 0.008603 -0.010225
v 0.001880 0.008594 -0.010227
v 0.001883 0.008594 -0.010223
v 0.001877 0.008603 -0.010231
v 0.001874 0.008594 -0.010234
v 0.001877 0.008594 -0.010231
v 0.001873 0.008603 -0.010236
v 0.001867 0.008603 -0.010240
v 0.001871 0.008594 -0.010237
v 0.001867 0.008603 -0.010240
v 0.001861 0.008603 -0.010244
v 0.001863 0.008594 -0.010243
v 0.001859 0.008594 -0.010245
v 0.001854 0.008603 -0.010246
v 0.001854 0.008594 -0.010246
v 0.001854 0.008603 -0.010246
v 0.001847 0.008603 -0.010248
v 0.001849 0.008594 -0.010248
v 0.001847 0.008603 -0.010248
v 0.001840 0.008603 -0.010248
v 0.001845 0.008594 -0.010248
v 0.001840 0.008603 -0.010248
v 0.001835 0.008603 -0.010248
v 0.001840 0.008594 -0.010248
v 0.001835 0.008594 -0.010248
v 0.001831 0.008603 -0.010248
v 0.001831 0.008594 -0.010248
v 0.001826 0.008603 -0.010246
v 0.001826 0.008594 -0.010246
v 0.001821 0.008603 -0.010245
v 0.001821 0.008594 -0.010245
v 0.001817 0.008594 -0.010243
v 0.001817 0.008603 -0.010243
v 0.001813 0.008603 -0.010240
v 0.001813 0.008594 -0.010240
v 0.001813 0.008603 -0.010240
v 0.001809 0.008603 -0.010237
v 0.001809 0.008594 -0.010237
v 0.001809 0.008603 -0.010237
v 0.001806 0.008603 -0.010234
v 0.001806 0.008594 -0.010234
v 0.001806 0.008603 -0.010234
v 0.001803 0.008603 -0.010231
v 0.001797 0.008603 -0.010223
v 0.001797 0.008594 -0.010223
v 0.001800 0.008594 -0.010227
v 0.001795 0.008603 -0.010219
v 0.001795 0.008594 -0.010219
v 0.001794 0.008603 -0.010214
v 0.001794 0.008594 -0.010214
v 0.001792 0.008603 -0.010209
v 0.001792 0.008594 -0.010209
v 0.001792 0.008603 -0.010205
v 0.001792 0.008594 -0.010205
v 0.001792 0.008603 -0.010193
v 0.001792 0.008594 -0.010195
v 0.001803 0.008594 -0.010231
v 0.001803 0.008603 -0.010231
v 0.001800 0.008603 -0.010227
v 0.001792 0.008603 -0.010205
v 0.001791 0.008603 -0.010200
v 0.001792 0.008603 -0.010209
v 0.001792 0.008603 -0.010205
v 0.001794 0.008603 -0.010214
v 0.001792 0.008603 -0.010209
v 0.001795 0.008603 -0.010219
v 0.001794 0.008603 -0.010214
v 0.001797 0.008603 -0.010223
v 0.001795 0.008603 -0.010219
v 0.001800 0.008603 -0.010227
v 0.001797 0.008603 -0.010223
v 0.001800 0.008603 -0.010227
v 0.001803 0.008603 -0.010231
v 0.001806 0.008603 -0.010234
v 0.001809 0.008603 -0.010237
v 0.001813 0.008603 -0.010240
v 0.001817 0.008603 -0.010243
v 0.001821 0.008603 -0.010245
v 0.001817 0.008603 -0.010243
v 0.001826 0.008603 -0.010246
v 0.001821 0.008603 -0.010245
v 0.001831 0.008603 -0.010248
v 0.001826 0.008603 -0.010246
v 0.001835 0.008603 -0.010248
v 0.001831 0.008603 -0.010248
v 0.001835 0.008603 -0.010248
v 0.001840 0.008603 -0.010248
v 0.001847 0.008603 -0.010248
v 0.001854 0.008603 -0.010246
v 0.001861 0.008603 -0.010244
v 0.001854 0.008603 -0.010246
v 0.001861 0.008603 -0.010244
v 0.001867 0.008603 -0.010240
v 0.001867 0.008594 -0.010240
v 0.001867 0.008603 -0.010240
v 0.001873 0.008603 -0.010236
v 0.001873 0.008603 -0.010236
v 0.001877 0.008603 -0.010231
v 0.001877 0.008603 -0.010231
v 0.001877 0.008603 -0.010231
v 0.001882 0.008603 -0.010225
v 0.001882 0.008603 -0.010225
v 0.001885 0.008603 -0.010219
v 0.001885 0.008603 -0.010219
v 0.001885 0.008603 -0.010219
v 0.001887 0.008603 -0.010212
v 0.001888 0.008594 -0.010209
v 0.001888 0.008603 -0.010205
v 0.001887 0.008603 -0.010212
v 0.001887 0.008603 -0.010212
v 0.001888 0.008603 -0.010205
v 0.001888 0.008603 -0.010198
v 0.001888 0.008603 -0.010205
v 0.001888 0.008603 -0.010191
v 0.001888 0.008603 -0.010198
v 0.001888 0.008603 -0.010191
v 0.001886 0.008603 -0.010184
v 0.001883 0.008603 -0.010177
v 0.001886 0.008603 -0.010184
v 0.001883 0.008603 -0.010177
v 0.001879 0.008603 -0.010171
v 0.001874 0.008603 -0.010166
v 0.001874 0.008603 -0.010166
v 0.001869 0.008603 -0.010161
v 0.001869 0.008603 -0.010161
v 0.001863 0.008603 -0.010157
v 0.001863 0.008603 -0.010157
v 0.001856 0.008603 -0.010154
v 0.001856 0.008603 -0.010154
v 0.001849 0.008603 -0.010152
v 0.001849 0.008603 -0.010152
v 0.001849 0.008603 -0.010152
v 0.001842 0.008603 -0.010152
v 0.001842 0.008603 -0.010152
v 0.001835 0.008603 -0.010152
v 0.001835 0.008603 -0.010152
v 0.001828 0.008603 -0.010153
v 0.001821 0.008603 -0.010155
v 0.001821 0.008594 -0.010155
v 0.001821 0.008603 -0.010155
v 0.001815 0.008603 -0.010158
v 0.001809 0.008603 -0.010163
v 0.001804 0.008603 -0.010167
v 0.001809 0.008603 -0.010163
v 0.001800 0.008603 -0.010173
v 0.001804 0.008603 -0.010167
v 0.001800 0.008603 -0.010173
v 0.001796 0.008603 -0.010179
v 0.001800 0.008603 -0.010173
v 0.001794 0.008603 -0.010186
v 0.001796 0.008603 -0.010179
v 0.001794 0.008603 -0.010186
v 0.001791 0.008594 -0.010200
v 0.001791 0.008603 -0.010200
v 0.001791 0.008603 -0.010200
v 0.001791 0.008603 -0.010200
v 0.001792 0.008603 -0.010193
v 0.001888 0.008594 -0.010205
v 0.001888 0.008594 -0.010209
v 0.001930 0.008553 -0.010209
v 0.001888 0.008594 -0.010209
v 0.001886 0.008594 -0.010214
v 0.001928 0.008553 -0.010218
v 0.001886 0.008594 -0.010214
v 0.001926 0.008553 -0.010226
v 0.001928 0.008553 -0.010218
v 0.001885 0.008594 -0.010219
v 0.001923 0.008553 -0.010234
v 0.001926 0.008553 -0.010226
v 0.001883 0.008594 -0.010223
v 0.001923 0.008553 -0.010234
v 0.001885 0.008594 -0.010219
v 0.001880 0.008594 -0.010227
v 0.001919 0.008553 -0.010242
v 0.001883 0.008594 -0.010223
v 0.001915 0.008553 -0.010250
v 0.001919 0.008553 -0.010242
v 0.001880 0.008594 -0.010227
v 0.001910 0.008553 -0.010257
v 0.001915 0.008553 -0.010250
v 0.001877 0.008594 -0.010231
v 0.001904 0.008553 -0.010264
v 0.001910 0.008553 -0.010257
v 0.001874 0.008594 -0.010234
v 0.001904 0.008553 -0.010264
v 0.001874 0.008594 -0.010234
v 0.001871 0.008594 -0.010237
v 0.001897 0.008553 -0.010270
v 0.001871 0.008594 -0.010237
v 0.001867 0.008594 -0.010240
v 0.001890 0.008553 -0.010275
v 0.001867 0.008594 -0.010240
v 0.001863 0.008594 -0.010243
v 0.001890 0.008553 -0.010275
v 0.001863 0.008594 -0.010243
v 0.001882 0.008553 -0.010279
v 0.001882 0.008553 -0.010279
v 0.001859 0.008594 -0.010245
v 0.001874 0.008553 -0.010283
v 0.001859 0.008594 -0.010245
v 0.001854 0.008594 -0.010246
v 0.001874 0.008553 -0.010283
v 0.001854 0.008594 -0.010246
v 0.001849 0.008594 -0.010248
v 0.001866 0.008553 -0.010286
v 0.001849 0.008594 -0.010248
v 0.001845 0.008594 -0.010248
v 0.001858 0.008553 -0.010288
v 0.001845 0.008594 -0.010248
v 0.001849 0.008553 -0.010290
v 0.001858 0.008553 -0.010288
v 0.001840 0.008594 -0.010248
v 0.001840 0.008553 -0.010290
v 0.001849 0.008553 -0.010290
v 0.001835 0.008594 -0.010248
v 0.001840 0.008553 -0.010290
v 0.001840 0.008594 -0.010248
v 0.001831 0.008594 -0.010248
v 0.001831 0.008553 -0.010290
v 0.001835 0.008594 -0.010248
v 0.001826 0.008594 -0.010246
v 0.001822 0.008553 -0.010288
v 0.001831 0.008594 -0.010248
v 0.001814 0.008553 -0.010286
v 0.001822 0.008553 -0.010288
v 0.001826 0.008594 -0.010246
v 0.001806 0.008553 -0.010283
v 0.001814 0.008553 -0.010286
v 0.001821 0.008594 -0.010245
v 0.001806 0.008553 -0.010283
v 0.001821 0.008594 -0.010245
v 0.001817 0.008594 -0.010243
v 0.001798 0.008553 -0.010279
v 0.001817 0.008594 -0.010243
v 0.001813 0.008594 -0.010240
v 0.001790 0.008553 -0.010275
v 0.001813 0.008594 -0.010240
v 0.001809 0.008594 -0.010237
v 0.001790 0.008553 -0.010275
v 0.001809 0.008594 -0.010237
v 0.001783 0.008553 -0.010270
v 0.001783 0.008553 -0.010270
v 0.001806 0.008594 -0.010234
v 0.001776 0.008553 -0.010264
v 0.001806 0.008594 -0.010234
v 0.001803 0.008594 -0.010231
v 0.001776 0.008553 -0.010264
v 0.001803 0.008594 -0.010231
v 0.001800 0.008594 -0.010227
v 0.001770 0.008553 -0.010257
v 0.001800 0.008594 -0.010227
v 0.001797 0.008594 -0.010223
v 0.001765 0.008553 -0.010250
v 0.001797 0.008594 -0.010223
v 0.001761 0.008553 -0.010242
v 0.001765 0.008553 -0.010250
v 0.001795 0.008594 -0.010219
v 0.001757 0.008553 -0.010234
v 0.001761 0.008553 -0.010242
v 0.001794 0.008594 -0.010214
v 0.001757 0.008553 -0.010234
v 0.001795 0.008594 -0.010219
v 0.001792 0.008594 -0.010209
v 0.001754 0.008553 -0.010226
v 0.001794 0.008594 -0.010214
v 0.001792 0.008594 -0.010205
v 0.001752 0.008553 -0.010218
v 0.001792 0.008594 -0.010209
v 0.001750 0.008553 -0.010209
v 0.001752 0.008553 -0.010218
v 0.001792 0.008594 -0.010205
v 0.001750 0.008553 -0.010200
v 0.001750 0.008553 -0.010209
v 0.001791 0.008594 -0.010200
v 0.001750 0.008553 -0.010200
v 0.001791 0.008594 -0.010200
v 0.001792 0.008594 -0.010195
v 0.001750 0.008553 -0.010191
v 0.001792 0.008594 -0.010195
v 0.001792 0.008594 -0.010191
v 0.001752 0.008553 -0.010182
v 0.001792 0.008594 -0.010191
v 0.001794 0.008594 -0.010186
v 0.001752 0.008553 -0.010182
v 0.001794 0.008594 -0.010186
v 0.001754 0.008553 -0.010174
v 0.001754 0.008553 -0.010174
v 0.001795 0.008594 -0.010181
v 0.001757 0.008553 -0.010166
v 0.001795 0.008594 -0.010181
v 0.001797 0.008594 -0.010177
v 0.001757 0.008553 -0.010166
v 0.001797 0.008594 -0.010177
v 0.001800 0.008594 -0.010173
v 0.001761 0.008553 -0.010158
v 0.001800 0.008594 -0.010173
v 0.001803 0.008594 -0.010169
v 0.001765 0.008553 -0.010150
v 0.001803 0.008594 -0.010169
v 0.001770 0.008553 -0.010143
v 0.001765 0.008553 -0.010150
v 0.001806 0.008594 -0.010166
v 0.001776 0.008553 -0.010136
v 0.001770 0.008553 -0.010143
v 0.001809 0.008594 -0.010163
v 0.001776 0.008553 -0.010136
v 0.001806 0.008594 -0.010166
v 0.001813 0.008594 -0.010160
v 0.001783 0.008553 -0.010130
v 0.001809 0.008594 -0.010163
v 0.001817 0.008594 -0.010157
v 0.001790 0.008553 -0.010125
v 0.001813 0.008594 -0.010160
v 0.001798 0.008553 -0.010121
v 0.001817 0.008594 -0.010157
v 0.001821 0.008594 -0.010155
v 0.001831 0.008594 -0.010152
v 0.001814 0.008553 -0.010114
v 0.001826 0.008594 -0.010154
v 0.001835 0.008594 -0.010152
v 0.001840 0.008594 -0.010151
v 0.001831 0.008553 -0.010110
v 0.001849 0.008553 -0.010110
v 0.001845 0.008594 -0.010152
v 0.001849 0.008594 -0.010152
v 0.001859 0.008594 -0.010155
v 0.001866 0.008553 -0.010114
v 0.001854 0.008594 -0.010154
v 0.001863 0.008594 -0.010157
v 0.001867 0.008594 -0.010160
v 0.001882 0.008553 -0.010121
v 0.001897 0.008553 -0.010130
v 0.001871 0.008594 -0.010163
v 0.001874 0.008594 -0.010166
v 0.001919 0.008553 -0.010158
v 0.001883 0.008594 -0.010177
v 0.001885 0.008594 -0.010181
v 0.001926 0.008553 -0.010174
v 0.001923 0.008553 -0.010166
v 0.001886 0.008594 -0.010186
v 0.001888 0.008594 -0.010195
v 0.001930 0.008553 -0.010191
v 0.001928 0.008553 -0.010182
v 0.001888 0.008594 -0.010209
v 0.001928 0.008553 -0.010218
v 0.001930 0.008553 -0.010209
v 0.001880 0.008594 -0.010173
v 0.001910 0.008553 -0.010143
v 0.001877 0.008594 -0.010169
v 0.001930 0.008553 -0.010191
v 0.001888 0.008594 -0.010200
v 0.001930 0.008553 -0.010200
v 0.001888 0.008594 -0.010195
v 0.001888 0.008594 -0.010200
v 0.001930 0.008553 -0.010191
v 0.001888 0.008594 -0.010191
v 0.001888 0.008594 -0.010195
v 0.001928 0.008553 -0.010182
v 0.001888 0.008594 -0.010191
v 0.001928 0.008553 -0.010182
v 0.001926 0.008553 -0.010174
v 0.001888 0.008594 -0.010191
v 0.001926 0.008553 -0.010174
v 0.001886 0.008594 -0.010186
v 0.001886 0.008594 -0.010186
v 0.001923 0.008553 -0.010166
v 0.001885 0.008594 -0.010181
v 0.001923 0.008553 -0.010166
v 0.001919 0.008553 -0.010158
v 0.001885 0.008594 -0.010181
v 0.001919 0.008553 -0.010158
v 0.001915 0.008553 -0.010150
v 0.001883 0.008594 -0.010177
v 0.001915 0.008553 -0.010150
v 0.001880 0.008594 -0.010173
v 0.001883 0.008594 -0.010177
v 0.001910 0.008553 -0.010143
v 0.001880 0.008594 -0.010173
v 0.001915 0.008553 -0.010150
v 0.001904 0.008553 -0.010136
v 0.001877 0.008594 -0.010169
v 0.001910 0.008553 -0.010143
v 0.001874 0.008594 -0.010166
v 0.001877 0.008594 -0.010169
v 0.001904 0.008553 -0.010136
v 0.001874 0.008594 -0.010166
v 0.001904 0.008553 -0.010136
v 0.001897 0.008553 -0.010130
v 0.001871 0.008594 -0.010163
v 0.001897 0.008553 -0.010130
v 0.001890 0.008553 -0.010125
v 0.001871 0.008594 -0.010163
v 0.001890 0.008553 -0.010125
v 0.001867 0.008594 -0.010160
v 0.001890 0.008553 -0.010125
v 0.001882 0.008553 -0.010121
v 0.001867 0.008594 -0.010160
v 0.001882 0.008553 -0.010121
v 0.001874 0.008553 -0.010117
v 0.001863 0.008594 -0.010157
v 0.001874 0.008553 -0.010117
v 0.001859 0.008594 -0.010155
v 0.001863 0.008594 -0.010157
v 0.001866 0.008553 -0.010114
v 0.001859 0.008594 -0.010155
v 0.001874 0.008553 -0.010117
v 0.001858 0.008553 -0.010112
v 0.001854 0.008594 -0.010154
v 0.001866 0.008553 -0.010114
v 0.001849 0.008594 -0.010152
v 0.001854 0.008594 -0.010154
v 0.001858 0.008553 -0.010112
v 0.001849 0.008594 -0.010152
v 0.001858 0.008553 -0.010112
v 0.001849 0.008553 -0.010110
v 0.001845 0.008594 -0.010152
v 0.001849 0.008553 -0.010110
v 0.001840 0.008553 -0.010110
v 0.001845 0.008594 -0.010152
v 0.001840 0.008553 -0.010110
v 0.001840 0.008594 -0.010151
v 0.001840 0.008553 -0.010110
v 0.001831 0.008553 -0.010110
v 0.001840 0.008594 -0.010151
v 0.001831 0.008553 -0.010110
v 0.001822 0.008553 -0.010112
v 0.001835 0.008594 -0.010152
v 0.001822 0.008553 -0.010112
v 0.001831 0.008594 -0.010152
v 0.001835 0.008594 -0.010152
v 0.001814 0.008553 -0.010114
v 0.001831 0.008594 -0.010152
v 0.001822 0.008553 -0.010112
v 0.001806 0.008553 -0.010117
v 0.001826 0.008594 -0.010154
v 0.001814 0.008553 -0.010114
v 0.001821 0.008594 -0.010155
v 0.001826 0.008594 -0.010154
v 0.001806 0.008553 -0.010117
v 0.001821 0.008594 -0.010155
v 0.001806 0.008553 -0.010117
v 0.001798 0.008553 -0.010121
v 0.001817 0.008594 -0.010157
v 0.001798 0.008553 -0.010121
v 0.001790 0.008553 -0.010125
v 0.001790 0.008553 -0.010125
v 0.001783 0.008553 -0.010130
v 0.001813 0.008594 -0.010160
v 0.001783 0.008553 -0.010130
v 0.001776 0.008553 -0.010136
v 0.001809 0.008594 -0.010163
v 0.001806 0.008594 -0.010166
v 0.001770 0.008553 -0.010143
v 0.001803 0.008594 -0.010169
v 0.001800 0.008594 -0.010173
v 0.001765 0.008553 -0.010150
v 0.001761 0.008553 -0.010158
v 0.001797 0.008594 -0.010177
v 0.001761 0.008553 -0.010158
v 0.001757 0.008553 -0.010166
v 0.001794 0.008594 -0.010186
v 0.001795 0.008594 -0.010181
v 0.001754 0.008553 -0.010174
v 0.001750 0.008553 -0.010191
v 0.001792 0.008594 -0.010191
v 0.001752 0.008553 -0.010182
v 0.001750 0.008553 -0.010200
v 0.001792 0.008594 -0.010195
v 0.001750 0.008553 -0.010191
v 0.001750 0.008553 -0.010209
v 0.001792 0.008594 -0.010205
v 0.001791 0.008594 -0.010200
v 0.001752 0.008553 -0.010218
v 0.001754 0.008553 -0.010226
v 0.001792 0.008594 -0.010209
v 0.001754 0.008553 -0.010226
v 0.001757 0.008553 -0.010234
v 0.001794 0.008594 -0.010214
v 0.001795 0.008594 -0.010219
v 0.001761 0.008553 -0.010242
v 0.001797 0.008594 -0.010223
v 0.001800 0.008594 -0.010227
v 0.001765 0.008553 -0.010250
v 0.001770 0.008553 -0.010257
v 0.001803 0.008594 -0.010231
v 0.001770 0.008553 -0.010257
v 0.001776 0.008553 -0.010264
v 0.001809 0.008594 -0.010237
v 0.001806 0.008594 -0.010234
v 0.001783 0.008553 -0.010270
v 0.001798 0.008553 -0.010279
v 0.001813 0.008594 -0.010240
v 0.001790 0.008553 -0.010275
v 0.001806 0.008553 -0.010283
v 0.001817 0.008594 -0.010243
v 0.001798 0.008553 -0.010279
v 0.001814 0.008553 -0.010286
v 0.001826 0.008594 -0.010246
v 0.001821 0.008594 -0.010245
v 0.001822 0.008553 -0.010288
v 0.001831 0.008553 -0.010290
v 0.001831 0.008594 -0.010248
v 0.001831 0.008553 -0.010290
v 0.001840 0.008553 -0.010290
v 0.001835 0.008594 -0.010248
v 0.001840 0.008594 -0.010248
v 0.001849 0.008553 -0.010290
v 0.001845 0.008594 -0.010248
v 0.001849 0.008594 -0.010248
v 0.001858 0.008553 -0.010288
v 0.001866 0.008553 -0.010286
v 0.001854 0.008594 -0.010246
v 0.001866 0.008553 -0.010286
v 0.001874 0.008553 -0.010283
v 0.001863 0.008594 -0.010243
v 0.001859 0.008594 -0.010245
v 0.001882 0.008553 -0.010279
v 0.001897 0.008553 -0.010270
v 0.001867 0.008594 -0.010240
v 0.001890 0.008553 -0.010275
v 0.001904 0.008553 -0.010264
v 0.001871 0.008594 -0.010237
v 0.001897 0.008553 -0.010270
v 0.001910 0.008553 -0.010257
v 0.001877 0.008594 -0.010231
v 0.001874 0.008594 -0.010234
v 0.001915 0.008553 -0.010250
v 0.001880 0.008594 -0.010227
v 0.001877 0.008594 -0.010231
v 0.001919 0.008553 -0.010242
v 0.001923 0.008553 -0.010234
v 0.001883 0.008594 -0.010223
v 0.001885 0.008594 -0.010219
v 0.001926 0.008553 -0.010226
v 0.001886 0.008594 -0.010214
v 0.001888 0.008594 -0.010200
v 0.001888 0.008594 -0.010205
v 0.001930 0.008553 -0.010209
v 0.001930 0.008553 -0.010209
v 0.001930 0.008553 -0.010200
v 0.001888 0.008594 -0.010200
v 0.001640 0.008603 -0.009636
v 0.001640 0.008603 -0.009636
v 0.001640 0.008553 -0.009636
v 0.001641 0.008603 -0.009632
v 0.001640 0.008603 -0.009636
v 0.001640 0.008553 -0.009636
v 0.001641 0.008553 -0.009632
v 0.001641 0.008603 -0.009632
v 0.001640 0.008553 -0.009636
v 0.001641 0.008553 -0.009632
v 0.001642 0.008603 -0.009628
v 0.001641 0.008603 -0.009632
v 0.001641 0.008553 -0.009632
v 0.001642 0.008553 -0.009628
v 0.001642 0.008603 -0.009628
v 0.001642 0.008603 -0.009628
v 0.001642 0.008553 -0.009628
v 0.001643 0.008603 -0.009625
v 0.001643 0.008603 -0.009625
v 0.001642 0.008553 -0.009628
v 0.001643 0.008553 -0.009625
v 0.001645 0.008603 -0.009621
v 0.001643 0.008603 -0.009625
v 0.001643 0.008553 -0.009625
v 0.001645 0.008553 -0.009621
v 0.001645 0.008603 -0.009621
v 0.001643 0.008553 -0.009625
v 0.001645 0.008553 -0.009621
v 0.001647 0.008603 -0.009618
v 0.001645 0.008603 -0.009621
v 0.001645 0.008553 -0.009621
v 0.001647 0.008553 -0.009618
v 0.001647 0.008603 -0.009618
v 0.001647 0.008603 -0.009618
v 0.001647 0.008553 -0.009618
v 0.001649 0.008603 -0.009615
v 0.001649 0.008603 -0.009615
v 0.001647 0.008553 -0.009618
v 0.001649 0.008553 -0.009615
v 0.001655 0.008553 -0.009609
v 0.001658 0.008553 -0.009607
v 0.001658 0.008603 -0.009607
v 0.001658 0.008553 -0.009607
v 0.001661 0.008603 -0.009605
v 0.001658 0.008603 -0.009607
v 0.001676 0.008553 -0.009600
v 0.001676 0.008553 -0.009600
v 0.001676 0.008603 -0.009600
v 0.001672 0.008553 -0.009601
v 0.001676 0.008553 -0.009600
v 0.001676 0.008603 -0.009600
v 0.001672 0.008603 -0.009601
v 0.001672 0.008553 -0.009601
v 0.001676 0.008603 -0.009600
v 0.001672 0.008603 -0.009601
v 0.001668 0.008553 -0.009602
v 0.001672 0.008553 -0.009601
v 0.001672 0.008603 -0.009601
v 0.001668 0.008603 -0.009602
v 0.001668 0.008553 -0.009602
v 0.001668 0.008553 -0.009602
v 0.001668 0.008603 -0.009602
v 0.001665 0.008553 -0.009603
v 0.001665 0.008553 -0.009603
v 0.001668 0.008603 -0.009602
v 0.001665 0.008603 -0.009603
v 0.001661 0.008553 -0.009605
v 0.001665 0.008553 -0.009603
v 0.001665 0.008603 -0.009603
v 0.001661 0.008603 -0.009605
v 0.001661 0.008553 -0.009605
v 0.001665 0.008603 -0.009603
v 0.001661 0.008603 -0.009605
v 0.001658 0.008553 -0.009607
v 0.001661 0.008553 -0.009605
v 0.001658 0.008603 -0.009607
v 0.001655 0.008603 -0.009609
v 0.001655 0.008553 -0.009609
v 0.001655 0.008553 -0.009609
v 0.001655 0.008603 -0.009609
v 0.001652 0.008553 -0.009612
v 0.001652 0.008553 -0.009612
v 0.001655 0.008603 -0.009609
v 0.001652 0.008603 -0.009612
v 0.001649 0.008553 -0.009615
v 0.001652 0.008553 -0.009612
v 0.001652 0.008603 -0.009612
v 0.001649 0.008553 -0.009615
v 0.001652 0.008603 -0.009612
v 0.001649 0.008603 -0.009615
v 0.002004 0.008603 -0.009600
v 0.002004 0.008603 -0.009600
v 0.002004 0.008553 -0.009600
v 0.002008 0.008603 -0.009601
v 0.002008 0.008603 -0.009601
v 0.002004 0.008553 -0.009600
v 0.002008 0.008553 -0.009601
v 0.002012 0.008603 -0.009602
v 0.002008 0.008553 -0.009601
v 0.002012 0.008553 -0.009602
v 0.002015 0.008603 -0.009603
v 0.002012 0.008603 -0.009602
v 0.002012 0.008553 -0.009602
v 0.002019 0.008603 -0.009605
v 0.002015 0.008603 -0.009603
v 0.002015 0.008553 -0.009603
v 0.002022 0.008603 -0.009607
v 0.002019 0.008603 -0.009605
v 0.002019 0.008553 -0.009605
v 0.002022 0.008553 -0.009607
v 0.002022 0.008603 -0.009607
v 0.002019 0.008553 -0.009605
v 0.002025 0.008553 -0.009609
v 0.002025 0.008603 -0.009609
v 0.002022 0.008553 -0.009607
v 0.002025 0.008553 -0.009609
v 0.002028 0.008603 -0.009612
v 0.002025 0.008603 -0.009609
v 0.002028 0.008553 -0.009612
v 0.002031 0.008603 -0.009615
v 0.002028 0.008603 -0.009612
v 0.002028 0.008553 -0.009612
v 0.002031 0.008553 -0.009615
v 0.002031 0.008603 -0.009615
v 0.002031 0.008553 -0.009615
v 0.002033 0.008553 -0.009618
v 0.002033 0.008603 -0.009618
v 0.002033 0.008603 -0.009618
v 0.002033 0.008553 -0.009618
v 0.002035 0.008603 -0.009621
v 0.002035 0.008603 -0.009621
v 0.002035 0.008553 -0.009621
v 0.002037 0.008603 -0.009625
v 0.002037 0.008603 -0.009625
v 0.002035 0.008553 -0.009621
v 0.002037 0.008553 -0.009625
v 0.002040 0.008553 -0.009636
v 0.002040 0.008603 -0.009636
v 0.002040 0.008553 -0.009636
v 0.002040 0.008603 -0.009636
v 0.002039 0.008553 -0.009632
v 0.002040 0.008553 -0.009636
v 0.002040 0.008603 -0.009636
v 0.002039 0.008603 -0.009632
v 0.002039 0.008553 -0.009632
v 0.002039 0.008553 -0.009632
v 0.002039 0.008603 -0.009632
v 0.002038 0.008553 -0.009628
v 0.002038 0.008553 -0.009628
v 0.002039 0.008603 -0.009632
v 0.002038 0.008603 -0.009628
v 0.002037 0.008553 -0.009625
v 0.002038 0.008553 -0.009628
v 0.002038 0.008603 -0.009628
v 0.002037 0.008603 -0.009625
v 0.002037 0.008553 -0.009625
v 0.002038 0.008603 -0.009628
v 0.002033 0.008553 -0.009618
v 0.002035 0.008553 -0.009621
v 0.002035 0.008603 -0.009621
v 0.002031 0.008553 -0.009615
v 0.002033 0.008603 -0.009618
v 0.002031 0.008603 -0.009615
v 0.002028 0.008553 -0.009612
v 0.002028 0.008603 -0.009612
v 0.002025 0.008553 -0.009609
v 0.002025 0.008603 -0.009609
v 0.002022 0.008603 -0.009607
v 0.002022 0.008553 -0.009607
v 0.002019 0.008603 -0.009605
v 0.002015 0.008553 -0.009603
v 0.002019 0.008553 -0.009605
v 0.002015 0.008603 -0.009603
v 0.002012 0.008553 -0.009602
v 0.002015 0.008553 -0.009603
v 0.002004 0.008553 -0.009600
v 0.002004 0.008603 -0.009600
v 0.002008 0.008553 -0.009601
v 0.002012 0.008603 -0.009602
v 0.002008 0.008603 -0.009601
v 0.002040 0.008603 -0.010364
v 0.002040 0.008603 -0.010364
v 0.002040 0.008553 -0.010364
v 0.002039 0.008603 -0.010368
v 0.002040 0.008603 -0.010364
v 0.002040 0.008553 -0.010364
v 0.002039 0.008553 -0.010368
v 0.002039 0.008603 -0.010368
v 0.002040 0.008553 -0.010364
v 0.002039 0.008553 -0.010368
v 0.002038 0.008603 -0.010372
v 0.002039 0.008603 -0.010368
v 0.002039 0.008553 -0.010368
v 0.002038 0.008553 -0.010372
v 0.002038 0.008603 -0.010372
v 0.002038 0.008603 -0.010372
v 0.002038 0.008553 -0.010372
v 0.002037 0.008603 -0.010375
v 0.002037 0.008603 -0.010375
v 0.002038 0.008553 -0.010372
v 0.002037 0.008553 -0.010375
v 0.002035 0.008603 -0.010379
v 0.002037 0.008603 -0.010375
v 0.002037 0.008553 -0.010375
v 0.002035 0.008553 -0.010379
v 0.002035 0.008603 -0.010379
v 0.002037 0.008553 -0.010375
v 0.002035 0.008553 -0.010379
v 0.002033 0.008603 -0.010382
v 0.002035 0.008603 -0.010379
v 0.002035 0.008553 -0.010379
v 0.002033 0.008553 -0.010382
v 0.002033 0.008603 -0.010382
v 0.002033 0.008603 -0.010382
v 0.002033 0.008553 -0.010382
v 0.002031 0.008603 -0.010385
v 0.002031 0.008603 -0.010385
v 0.002033 0.008553 -0.010382
v 0.002031 0.008553 -0.010385
v 0.002028 0.008603 -0.010388
v 0.002031 0.008603 -0.010385
v 0.002031 0.008553 -0.010385
v 0.002028 0.008553 -0.010388
v 0.002028 0.008603 -0.010388
v 0.002031 0.008553 -0.010385
v 0.002004 0.008553 -0.010400
v 0.002004 0.008603 -0.010400
v 0.002004 0.008553 -0.010400
v 0.002004 0.008603 -0.010400
v 0.002008 0.008553 -0.010399
v 0.002004 0.008553 -0.010400
v 0.002004 0.008603 -0.010400
v 0.002008 0.008603 -0.010399
v 0.002008 0.008553 -0.010399
v 0.002008 0.008553 -0.010399
v 0.002008 0.008603 -0.010399
v 0.002012 0.008553 -0.010398
v 0.002012 0.008553 -0.010398
v 0.002008 0.008603 -0.010399
v 0.002012 0.008603 -0.010398
v 0.002015 0.008553 -0.010397
v 0.002012 0.008553 -0.010398
v 0.002012 0.008603 -0.010398
v 0.002015 0.008603 -0.010397
v 0.002015 0.008553 -0.010397
v 0.002012 0.008603 -0.010398
v 0.002015 0.008603 -0.010397
v 0.002019 0.008553 -0.010395
v 0.002015 0.008553 -0.010397
v 0.002015 0.008603 -0.010397
v 0.002019 0.008603 -0.010395
v 0.002019 0.008553 -0.010395
v 0.002019 0.008553 -0.010395
v 0.002019 0.008603 -0.010395
v 0.002022 0.008553 -0.010393
v 0.002022 0.008553 -0.010393
v 0.002019 0.008603 -0.010395
v 0.002022 0.008603 -0.010393
v 0.002025 0.008553 -0.010391
v 0.002022 0.008553 -0.010393
v 0.002022 0.008603 -0.010393
v 0.002025 0.008603 -0.010391
v 0.002025 0.008553 -0.010391
v 0.002022 0.008603 -0.010393
v 0.002025 0.008603 -0.010391
v 0.002028 0.008553 -0.010388
v 0.002025 0.008553 -0.010391
v 0.002028 0.008603 -0.010388
v 0.002028 0.008553 -0.010388
v 0.002025 0.008603 -0.010391
v 0.001676 0.008603 -0.010400
v 0.001676 0.008603 -0.010400
v 0.001676 0.008553 -0.010400
v 0.001672 0.008603 -0.010399
v 0.001676 0.008603 -0.010400
v 0.001676 0.008553 -0.010400
v 0.001672 0.008553 -0.010399
v 0.001672 0.008603 -0.010399
v 0.001676 0.008553 -0.010400
v 0.001672 0.008553 -0.010399
v 0.001668 0.008603 -0.010398
v 0.001672 0.008603 -0.010399
v 0.001672 0.008553 -0.010399
v 0.001668 0.008553 -0.010398
v 0.001668 0.008603 -0.010398
v 0.001668 0.008603 -0.010398
v 0.001668 0.008553 -0.010398
v 0.001665 0.008603 -0.010397
v 0.001665 0.008603 -0.010397
v 0.001668 0.008553 -0.010398
v 0.001665 0.008553 -0.010397
v 0.001661 0.008603 -0.010395
v 0.001665 0.008603 -0.010397
v 0.001665 0.008553 -0.010397
v 0.001661 0.008553 -0.010395
v 0.001661 0.008603 -0.010395
v 0.001665 0.008553 -0.010397
v 0.001661 0.008553 -0.010395
v 0.001658 0.008603 -0.010393
v 0.001661 0.008603 -0.010395
v 0.001661 0.008553 -0.010395
v 0.001658 0.008553 -0.010393
v 0.001658 0.008603 -0.010393
v 0.001658 0.008603 -0.010393
v 0.001658 0.008553 -0.010393
v 0.001655 0.008603 -0.010391
v 0.001655 0.008603 -0.010391
v 0.001658 0.008553 -0.010393
v 0.001655 0.008553 -0.010391
v 0.001652 0.008603 -0.010388
v 0.001655 0.008603 -0.010391
v 0.001655 0.008553 -0.010391
v 0.001652 0.008553 -0.010388
v 0.001652 0.008603 -0.010388
v 0.001655 0.008553 -0.010391
v 0.001652 0.008553 -0.010388
v 0.001649 0.008603 -0.010385
v 0.001652 0.008603 -0.010388
v 0.001640 0.008553 -0.010364
v 0.001640 0.008603 -0.010364
v 0.001640 0.008553 -0.010364
v 0.001640 0.008603 -0.010364
v 0.001641 0.008553 -0.010368
v 0.001640 0.008553 -0.010364
v 0.001640 0.008603 -0.010364
v 0.001641 0.008603 -0.010368
v 0.001641 0.008553 -0.010368
v 0.001641 0.008553 -0.010368
v 0.001641 0.008603 -0.010368
v 0.001642 0.008553 -0.010372
v 0.001642 0.008553 -0.010372
v 0.001641 0.008603 -0.010368
v 0.001642 0.008603 -0.010372
v 0.001643 0.008553 -0.010375
v 0.001642 0.008553 -0.010372
v 0.001642 0.008603 -0.010372
v 0.001643 0.008603 -0.010375
v 0.001643 0.008553 -0.010375
v 0.001642 0.008603 -0.010372
v 0.001643 0.008603 -0.010375
v 0.001645 0.008553 -0.010379
v 0.001643 0.008553 -0.010375
v 0.001643 0.008603 -0.010375
v 0.001645 0.008603 -0.010379
v 0.001645 0.008553 -0.010379
v 0.001645 0.008553 -0.010379
v 0.001645 0.008603 -0.010379
v 0.001647 0.008553 -0.010382
v 0.001647 0.008553 -0.010382
v 0.001645 0.008603 -0.010379
v 0.001647 0.008603 -0.010382
v 0.001649 0.008553 -0.010385
v 0.001647 0.008553 -0.010382
v 0.001647 0.008603 -0.010382
v 0.001649 0.008603 -0.010385
v 0.001649 0.008553 -0.010385
v 0.001647 0.008603 -0.010382
v 0.001649 0.008603 -0.010385
v 0.001652 0.008553 -0.010388
v 0.001649 0.008553 -0.010385
vn -0.0000 -0.0000 1.0000
vn -1.0000 -0.0000 -0.0000
vn -0.0000 -0.0000 -1.0000
vn 1.0000 -0.0000 -0.0000
vn -0.0000 -1.0000 -0.0000
vn -0.0000 -1.0000 0.0002
vn -0.0000 -1.0000 -0.0001
vn -0.0000 -1.0000 0.0001
vn -0.0000 -1.0000 -0.0002
vn -0.0000 -1.0000 -0.0003
vn -0.0000 1.0000 -0.0000
vn -0.0000 1.0000 0.0002
vn -0.0000 1.0000 -0.0001
vn -0.0000 1.0000 0.0003
vn -0.0000 1.0000 -0.0002
vn -0.0000 1.0000 0.0001
vn -0.0000 1.0000 -0.0003
vn 0.9892 -0.0000 -0.1467
vn 0.9569 -0.0000 -0.2903
vn 0.9808 -0.0000 -0.1951
vn 0.9040 -0.0000 -0.4276
vn 0.8819 -0.0000 -0.4714
vn 0.9239 -0.0000 -0.3827
vn 0.8315 -0.0000 -0.5556
vn 0.7409 -0.0000 -0.6716
vn 0.7071 -0.0000 -0.7071
vn 0.7730 -0.0000 -0.6344
vn 0.6344 -0.0000 -0.7730
vn 0.7073 -0.0000 -0.7069
vn 0.5556 -0.0000 -0.8315
vn 0.5142 -0.0000 -0.8577
vn 0.4714 -0.0000 -0.8819
vn 0.5141 -0.0000 -0.8577
vn 0.3827 -0.0000 -0.9239
vn 0.2903 -0.0000 -0.9569
vn 0.2430 -0.0000 -0.9700
vn 0.1951 -0.0000 -0.9808
vn 0.0980 -0.0000 -0.9952
vn -0.0491 -0.0000 -0.9988
vn -0.0980 -0.0000 -0.9952
vn -0.1951 -0.0000 -0.9808
vn -0.2903 -0.0000 -0.9569
vn -0.3369 -0.0000 -0.9415
vn -0.3827 -0.0000 -0.9239
vn -0.4714 -0.0000 -0.8819
vn -0.5957 -0.0000 -0.8032
vn -0.5556 -0.0000 -0.8315
vn -0.6344 -0.0000 -0.7730
vn -0.7072 -0.0000 -0.7071
vn -0.7071 -0.0000 -0.7072
vn -0.8032 -0.0000 -0.5957
vn -0.7730 -0.0000 -0.6344
vn -0.8819 -0.0000 -0.4714
vn -0.8315 -0.0000 -0.5556
vn -0.9239 -0.0000 -0.3827
vn -0.9415 -0.0000 -0.3369
vn -0.9808 -0.0000 -0.1951
vn -0.9569 -0.0000 -0.2903
vn -0.9808 -0.0000 -0.1950
vn -0.9952 -0.0000 -0.0980
vn -0.9988 -0.0000 -0.0491
vn -0.9952 -0.0000 0.0980
vn -0.9239 -0.0000 0.3827
vn -0.9569 -0.0000 0.2903
vn -0.8577 -0.0000 0.5141
vn -0.8315 -0.0000 0.5556
vn -0.8819 -0.0000 0.4714
vn -0.7730 -0.0000 0.6344
vn -0.7071 -0.0000 0.7071
vn -0.6715 -0.0000 0.7410
vn -0.5556 -0.0000 0.8315
vn -0.6344 -0.0000 0.7730
vn -0.4276 -0.0000 0.9040
vn -0.4714 -0.0000 0.8819
vn -0.3827 -0.0000 0.9239
vn -0.2903 -0.0000 0.9569
vn -0.1468 -0.0000 0.9892
vn -0.1951 -0.0000 0.9808
vn -0.1466 -0.0000 0.9892
vn -0.0980 -0.0000 0.9952
vn 0.0980 -0.0000 0.9952
vn 0.1950 -0.0000 0.9808
vn 0.1952 -0.0000 0.9808
vn 0.2903 -0.0000 0.9569
vn 0.3827 -0.0000 0.9239
vn 0.3826 -0.0000 0.9239
vn 0.4715 -0.0000 0.8819
vn 0.4714 -0.0000 0.8819
vn 0.5556 -0.0000 0.8315
vn 0.6344 -0.0000 0.7730
vn 0.7069 -0.0000 0.7073
vn 0.7071 -0.0000 0.7071
vn 0.7730 -0.0000 0.6344
vn 0.8819 -0.0000 0.4714
vn 0.8819 -0.0000 0.4715
vn 0.8315 -0.0000 0.5556
vn 0.9239 -0.0000 0.3827
vn 0.9569 -0.0000 0.2903
vn 0.9808 -0.0000 0.1951
vn 0.9808 -0.0000 0.1952
vn 0.9952 -0.0000 0.0980
vn 0.9808 -0.0000 0.1950
vn 0.9892 -0.0000 -0.1466
vn 0.9808 -0.0000 -0.1950
vn 0.9952 -0.0000 -0.0980
vn 0.7073 -0.0000 0.7069
vn 0.5556 -0.0000 0.8314
vn 0.1951 -0.0000 0.9808
vn -0.1950 -0.0000 0.9808
vn -0.1952 -0.0000 0.9808
vn -0.4275 -0.0000 0.9040
vn -0.5556 -0.0000 0.8314
vn -0.4715 -0.0000 0.8819
vn -0.6716 -0.0000 0.7410
vn -0.6716 -0.0000 0.7409
vn -0.8314 -0.0000 0.5556
vn -0.9700 -0.0000 0.2430
vn -0.9808 -0.0000 0.1951
vn -0.9808 -0.0000 0.1950
vn -0.9988 -0.0000 -0.0490
vn -0.8819 -0.0000 -0.4715
vn -0.7073 -0.0000 -0.7069
vn -0.7070 -0.0001 -0.7072
vn -0.5957 -0.0001 -0.8032
vn -0.5556 -0.0000 -0.8314
vn -0.3369 -0.0000 -0.9416
vn -0.1950 -0.0000 -0.9808
vn -0.0490 -0.0000 -0.9988
vn 0.1950 -0.0000 -0.9808
vn 0.3826 -0.0000 -0.9239
vn 0.7410 -0.0000 -0.6715
vn 0.9040 -0.0000 -0.4275
vn 0.9239 -0.0000 -0.3826
vn -0.7037 -0.7071 0.0693
vn -0.6935 -0.7071 0.1379
vn -0.6935 -0.7071 0.1380
vn -0.6767 -0.7071 0.2052
vn -0.6533 -0.7071 0.2706
vn -0.6767 -0.7071 0.2053
vn -0.6236 -0.7071 0.3333
vn -0.5879 -0.7071 0.3928
vn -0.5466 -0.7071 0.4486
vn -0.5879 -0.7071 0.3929
vn -0.5000 -0.7071 0.5000
vn -0.4486 -0.7071 0.5466
vn -0.3929 -0.7071 0.5879
vn -0.3928 -0.7071 0.5879
vn -0.3333 -0.7071 0.6236
vn -0.2706 -0.7071 0.6533
vn -0.2053 -0.7071 0.6767
vn -0.2052 -0.7071 0.6767
vn -0.1380 -0.7071 0.6935
vn -0.1379 -0.7071 0.6935
vn -0.0693 -0.7071 0.7037
vn -0.0000 -0.7071 0.7071
vn 0.0693 -0.7071 0.7037
vn 0.1379 -0.7071 0.6935
vn 0.2052 -0.7071 0.6767
vn 0.1380 -0.7071 0.6935
vn 0.2706 -0.7071 0.6533
vn 0.2053 -0.7071 0.6767
vn 0.3333 -0.7071 0.6236
vn 0.3334 -0.7071 0.6236
vn 0.3928 -0.7071 0.5879
vn 0.3929 -0.7071 0.5879
vn 0.4486 -0.7071 0.5466
vn 0.5000 -0.7071 0.5000
vn 0.5466 -0.7071 0.4486
vn 0.5001 -0.7071 0.4999
vn 0.5879 -0.7071 0.3929
vn 0.5879 -0.7071 0.3928
vn 0.6236 -0.7071 0.3333
vn 0.6533 -0.7071 0.2706
vn 0.6767 -0.7071 0.2053
vn 0.6935 -0.7071 0.1381
vn 0.6767 -0.7071 0.2052
vn 0.7037 -0.7071 0.0693
vn 0.6935 -0.7071 0.1379
vn 0.7071 -0.7071 -0.0000
vn 0.7037 -0.7071 -0.0693
vn 0.6935 -0.7071 -0.1379
vn 0.6935 -0.7071 -0.1380
vn 0.6767 -0.7071 -0.2052
vn 0.6767 -0.7071 -0.2053
vn 0.6533 -0.7071 -0.2706
vn 0.6236 -0.7071 -0.3333
vn 0.5879 -0.7071 -0.3928
vn 0.5879 -0.7071 -0.3929
vn 0.5466 -0.7071 -0.4486
vn 0.5000 -0.7071 -0.5000
vn 0.4486 -0.7071 -0.5466
vn 0.4999 -0.7071 -0.5001
vn 0.3929 -0.7071 -0.5879
vn 0.3333 -0.7071 -0.6236
vn 0.3928 -0.7071 -0.5879
vn 0.2706 -0.7071 -0.6533
vn 0.1380 -0.7071 -0.6935
vn 0.2052 -0.7071 -0.6767
vn 0.0693 -0.7071 -0.7037
vn -0.0000 -0.7071 -0.7071
vn -0.0693 -0.7071 -0.7037
vn -0.1379 -0.7071 -0.6935
vn -0.2706 -0.7071 -0.6533
vn -0.2053 -0.7071 -0.6767
vn -0.3333 -0.7071 -0.6236
vn -0.3928 -0.7071 -0.5879
vn -0.4486 -0.7071 -0.5466
vn -0.5000 -0.7071 -0.5000
vn -0.6236 -0.7071 -0.3333
vn -0.6533 -0.7071 -0.2706
vn -0.6767 -0.7071 -0.2053
vn -0.7037 -0.7071 -0.0693
vn -0.6935 -0.7071 -0.1379
vn -0.5879 -0.7071 -0.3929
vn -0.5466 -0.7071 -0.4486
vn -0.7071 -0.7071 -0.0000
vn -0.6935 -0.7071 -0.1380
vn -0.6767 -0.7071 -0.2052
vn -0.5879 -0.7071 -0.3928
vn -0.6236 -0.7071 -0.3334
vn -0.5001 -0.7071 -0.4999
vn -0.3929 -0.7071 -0.5879
vn -0.1380 -0.7071 -0.6935
vn -0.2052 -0.7071 -0.6767
vn 0.1379 -0.7071 -0.6935
vn 0.2053 -0.7071 -0.6767
vn 0.6935 -0.7071 0.1380
vn 0.8819 -0.0000 -0.4715
vn 0.7069 -0.0000 -0.7073
vn 0.5556 -0.0000 -0.8314
vn 0.5141 0.0001 -0.8577
vn 0.0001 -0.0000 -1.0000
vn -0.3826 -0.0000 -0.9239
vn -0.9416 -0.0000 -0.3369
vn -0.9239 -0.0000 0.3826
vn -0.3826 -0.0000 0.9239
vn -0.1467 -0.0000 0.9892
vn 0.9239 -0.0000 0.3826
vn -0.8577 -0.0000 0.5142
vn -0.9700 -0.0000 0.2431
vn -0.8314 -0.0000 -0.5556
vn -0.7070 -0.0000 -0.7072
vn 0.2904 -0.0000 -0.9569
vn 1.0000 -0.0000 -0.0001
vn -0.6935 -0.7071 0.1381
vn -0.4999 -0.7071 0.5001
vn 0.1381 -0.7071 0.6935
vn 0.4999 -0.7071 0.5001
vn 0.5001 -0.7071 -0.4999
vn -0.5000 -0.7071 -0.4999
vn 0.3928 -0.7071 0.5880
vn 0.2053 -0.7071 0.6766
vn -0.6533 -0.7071 0.2705
vn -0.8315 -0.0000 0.5555
vn -0.7730 -0.0001 0.6344
vn -0.5554 -0.0000 0.8316
vn -0.5555 -0.0000 0.8315
vn -0.7073 -0.0000 0.7070
vn -0.7070 -0.0000 0.7072
vn 0.5555 -0.0000 0.8315
vn 0.7070 -0.0000 0.7072
vn 0.8315 -0.0000 0.5555
vn 0.8318 -0.0000 -0.5551
vn 0.8315 -0.0000 -0.5555
vn 0.7070 -0.0000 -0.7072
vn 0.5555 -0.0000 -0.8315
vn -0.0981 -0.0000 -0.9952
vn -0.5555 -0.0000 -0.8315
vn -0.8315 -0.0000 -0.5555
vn -0.7073 -0.0000 -0.7070
s 1
usemtl Diffuse_51_51_51_100.018
f 1//1 2//1 3//1
f 2//1 4//1 3//1
f 5//2 6//2 7//2
f 6//2 8//2 7//2
f 9//3 10//3 11//3
f 10//3 12//3 11//3
f 13//4 14//4 15//4
f 14//4 16//4 15//4
f 17//5 18//5 19//5
f 20//5 17//5 21//5
f 22//5 20//5 23//5
f 24//5 22//5 25//5
f 26//5 24//5 27//5
f 28//5 26//5 29//5
f 30//5 28//5 31//5
f 32//5 30//5 33//5
f 34//5 32//5 35//5
f 36//5 34//5 37//5
f 38//5 36//5 39//5
f 40//5 38//5 41//5
f 42//5 40//5 43//5
f 44//5 42//5 45//5
f 46//5 47//5 48//5
f 49//5 44//5 50//5
f 51//5 52//5 53//5
f 54//6 55//6 53//6
f 56//5 57//5 54//5
f 56//5 58//5 59//5
f 60//7 61//7 62//7
f 63//5 64//5 62//5
f 63//5 65//5 66//5
f 67//5 68//5 69//5
f 70//5 65//5 71//5
f 69//5 72//5 73//5
f 74//5 75//5 76//5
f 77//5 74//5 78//5
f 79//5 77//5 80//5
f 81//5 82//5 83//5
f 84//5 85//5 86//5
f 87//8 88//8 89//8
f 90//5 89//5 91//5
f 92//5 89//5 93//5
f 94//7 95//7 93//7
f 94//6 96//6 97//6
f 98//5 96//5 99//5
f 100//5 101//5 99//5
f 100//6 102//6 103//6
f 104//9 102//9 105//9
f 106//6 107//6 105//6
f 108//5 109//5 110//5
f 106//5 111//5 112//5
f 113//7 114//7 109//7
f 115//5 116//5 117//5
f 117//5 118//5 119//5
f 120//7 121//7 122//7
f 123//7 124//7 125//7
f 126//8 127//8 124//8
f 128//5 129//5 130//5
f 131//5 132//5 130//5
f 133//9 134//9 131//9
f 133//5 135//5 136//5
f 137//8 138//8 139//8
f 140//5 141//5 139//5
f 140//5 142//5 143//5
f 144//5 145//5 146//5
f 147//5 142//5 148//5
f 146//5 149//5 150//5
f 151//5 152//5 153//5
f 154//8 151//8 155//8
f 156//5 154//5 157//5
f 158//5 159//5 160//5
f 161//9 162//9 163//9
f 164//5 165//5 166//5
f 167//8 168//8 169//8
f 170//5 171//5 166//5
f 172//9 173//9 174//9
f 172//5 175//5 176//5
f 174//6 177//6 178//6
f 178//9 179//9 180//9
f 180//5 181//5 182//5
f 182//9 183//9 184//9
f 184//5 185//5 186//5
f 186//5 187//5 71//5
f 73//5 188//5 189//5
f 83//5 190//5 86//5
f 191//5 192//5 193//5
f 191//5 194//5 195//5
f 196//10 194//10 197//10
f 85//5 198//5 197//5
f 199//7 81//7 79//7
f 75//5 189//5 200//5
f 71//5 201//5 202//5
f 61//5 203//5 58//5
f 53//5 204//5 205//5
f 205//6 206//6 207//6
f 207//5 208//5 209//5
f 210//5 211//5 212//5
f 213//7 211//7 214//7
f 215//5 210//5 216//5
f 48//5 215//5 217//5
f 218//5 48//5 219//5
f 220//5 218//5 221//5
f 222//6 220//6 223//6
f 224//5 222//5 225//5
f 226//9 224//9 227//9
f 209//5 228//5 214//5
f 229//7 230//7 231//7
f 232//5 233//5 230//5
f 234//5 169//5 233//5
f 235//5 236//5 168//5
f 237//5 238//5 239//5
f 239//5 238//5 166//5
f 240//5 237//5 239//5
f 240//5 241//5 237//5
f 240//5 242//5 241//5
f 242//5 243//5 244//5
f 244//5 243//5 245//5
f 245//5 243//5 246//5
f 247//5 246//5 248//5
f 249//5 247//5 248//5
f 250//5 249//5 251//5
f 252//5 250//5 251//5
f 252//5 253//5 250//5
f 253//5 254//5 255//5
f 255//5 254//5 256//5
f 257//5 256//5 258//5
f 259//5 257//5 258//5
f 260//5 259//5 258//5
f 261//5 262//5 260//5
f 261//5 263//5 262//5
f 261//5 264//5 263//5
f 263//5 264//5 265//5
f 265//5 264//5 266//5
f 267//5 268//5 269//5
f 267//5 270//5 268//5
f 271//5 272//5 273//5
f 274//5 275//5 276//5
f 276//5 275//5 277//5
f 278//5 279//5 89//5
f 166//5 238//5 236//5
f 280//5 266//5 281//5
f 282//6 231//6 226//6
f 283//7 115//7 284//7
f 285//5 122//5 119//5
f 286//7 111//7 287//7
f 288//5 88//5 289//5
f 290//5 291//5 292//5
f 293//5 290//5 294//5
f 287//5 293//5 295//5
f 279//5 93//5 89//5
f 296//5 279//5 278//5
f 274//5 296//5 278//5
f 274//5 276//5 296//5
f 275//5 297//5 277//5
f 277//5 297//5 298//5
f 298//5 297//5 273//5
f 272//5 298//5 273//5
f 269//5 272//5 271//5
f 267//5 269//5 271//5
f 268//5 270//5 299//5
f 299//5 270//5 300//5
f 281//5 299//5 300//5
f 280//5 281//5 300//5
f 265//5 266//5 280//5
f 262//5 259//5 260//5
f 255//5 256//5 257//5
f 246//5 247//5 245//5
f 249//5 248//5 251//5
f 244//5 241//5 242//5
f 166//5 236//5 301//5
f 252//5 254//5 253//5
f 302//7 303//7 165//7
f 304//5 305//5 303//5
f 306//8 307//8 308//8
f 306//8 309//8 310//8
f 308//6 311//6 312//6
f 312//5 313//5 314//5
f 314//6 315//6 316//6
f 316//5 317//5 318//5
f 318//5 319//5 148//5
f 150//5 320//5 321//5
f 160//5 322//5 163//5
f 323//5 324//5 325//5
f 323//5 326//5 327//5
f 328//5 326//5 329//5
f 329//5 162//5 330//5
f 156//5 331//5 158//5
f 152//5 321//5 332//5
f 148//5 333//5 334//5
f 138//5 335//5 135//5
f 130//9 336//9 337//9
f 337//5 338//5 339//5
f 340//5 309//5 305//5
f 341//5 342//5 343//5
f 341//5 127//5 344//5
f 343//5 345//5 290//5
f 114//5 346//5 284//5
f 347//5 348//5 349//5
f 350//5 351//5 352//5
f 350//5 353//5 354//5
f 355//5 353//5 356//5
f 357//5 358//5 356//5
f 359//5 357//5 349//5
f 347//5 121//5 360//5
f 288//5 361//5 175//5
f 362//8 125//8 339//8
f 363//11 364//11 365//11
f 363//11 366//11 367//11
f 368//12 369//12 367//12
f 370//11 369//11 371//11
f 370//11 372//11 373//11
f 374//13 375//13 373//13
f 376//14 377//14 378//14
f 376//11 379//11 380//11
f 381//11 382//11 380//11
f 383//13 384//13 385//13
f 386//11 387//11 388//11
f 389//15 385//15 390//15
f 391//13 390//13 392//13
f 393//11 394//11 395//11
f 396//11 397//11 393//11
f 398//14 399//14 396//14
f 400//13 401//13 402//13
f 403//11 404//11 401//11
f 405//11 406//11 401//11
f 407//11 406//11 408//11
f 407//11 409//11 410//11
f 411//11 412//11 410//11
f 413//11 412//11 414//11
f 413//11 415//11 416//11
f 417//11 418//11 416//11
f 419//11 420//11 421//11
f 419//11 422//11 423//11
f 424//11 425//11 423//11
f 426//15 427//15 428//15
f 429//16 427//16 430//16
f 431//11 428//11 432//11
f 433//11 434//11 435//11
f 436//13 437//13 438//13
f 439//11 440//11 441//11
f 442//11 440//11 443//11
f 444//11 442//11 445//11
f 444//15 446//15 447//15
f 448//13 449//13 447//13
f 450//11 449//11 451//11
f 450//11 452//11 453//11
f 454//11 455//11 456//11
f 455//11 457//11 458//11
f 459//11 460//11 461//11
f 462//16 463//16 461//16
f 464//11 465//11 459//11
f 466//11 467//11 464//11
f 468//12 469//12 470//12
f 471//12 470//12 472//12
f 473//16 474//16 475//16
f 476//11 477//11 474//11
f 478//11 479//11 474//11
f 480//11 479//11 481//11
f 482//11 483//11 484//11
f 485//11 486//11 484//11
f 487//11 486//11 488//11
f 487//11 489//11 490//11
f 491//11 492//11 490//11
f 493//11 492//11 494//11
f 493//11 495//11 496//11
f 497//11 498//11 496//11
f 499//12 500//12 501//12
f 502//11 500//11 503//11
f 504//11 505//11 506//11
f 507//11 508//11 509//11
f 510//16 511//16 512//16
f 513//11 514//11 515//11
f 513//11 516//11 517//11
f 514//11 518//11 515//11
f 519//11 520//11 518//11
f 521//11 520//11 519//11
f 522//11 523//11 521//11
f 524//11 523//11 522//11
f 522//11 525//11 524//11
f 525//11 526//11 527//11
f 528//15 529//15 509//15
f 506//16 530//16 501//16
f 531//11 532//11 533//11
f 531//11 534//11 535//11
f 532//15 536//15 537//15
f 536//11 538//11 539//11
f 538//15 540//15 541//15
f 540//11 450//11 542//11
f 543//13 475//13 535//13
f 457//11 463//11 544//11
f 545//11 469//11 546//11
f 526//11 479//11 527//11
f 547//11 548//11 549//11
f 550//11 551//11 549//11
f 552//13 551//13 553//13
f 552//11 554//11 472//11
f 466//11 545//11 555//11
f 440//12 437//12 556//12
f 557//11 438//11 558//11
f 559//11 423//11 560//11
f 559//11 561//11 562//11
f 432//11 563//11 564//11
f 565//11 566//11 567//11
f 568//11 569//11 570//11
f 568//11 571//11 572//11
f 566//11 572//11 573//11
f 574//17 575//17 565//17
f 576//11 575//11 577//11
f 576//11 578//11 435//11
f 579//16 580//16 434//16
f 429//11 581//11 582//11
f 583//11 401//11 584//11
f 401//11 406//11 584//11
f 583//11 584//11 585//11
f 583//11 585//11 586//11
f 583//11 586//11 587//11
f 587//11 588//11 589//11
f 588//11 590//11 589//11
f 590//11 591//11 589//11
f 591//11 592//11 589//11
f 593//11 592//11 591//11
f 594//11 592//11 593//11
f 420//11 418//11 595//11
f 513//11 515//11 516//11
f 511//15 596//15 363//15
f 375//12 597//12 377//12
f 512//11 598//11 599//11
f 598//11 600//11 601//11
f 600//11 496//11 602//11
f 603//11 502//11 604//11
f 605//11 529//11 606//11
f 607//11 608//11 609//11
f 608//11 610//11 611//11
f 612//16 613//16 607//16
f 613//11 614//11 615//11
f 616//11 617//11 615//11
f 507//11 617//11 618//11
f 504//11 605//11 619//11
f 480//11 620//11 482//11
f 479//11 526//11 474//11
f 527//11 524//11 525//11
f 521//11 523//11 520//11
f 514//11 519//11 518//11
f 621//11 558//11 562//11
f 517//11 516//11 622//11
f 517//11 622//11 623//11
f 622//11 624//11 623//11
f 625//11 624//11 626//11
f 625//11 626//11 594//11
f 588//11 587//11 586//11
f 627//11 594//11 593//11
f 628//16 563//16 580//16
f 629//11 630//11 402//11
f 631//16 629//16 632//16
f 633//13 632//13 634//13
f 635//12 636//12 637//12
f 635//11 638//11 639//11
f 636//17 640//17 641//17
f 640//17 642//17 643//17
f 642//11 644//11 645//11
f 644//11 380//11 646//11
f 386//11 384//11 647//11
f 392//11 395//11 648//11
f 649//15 650//15 651//15
f 652//11 653//11 654//11
f 652//11 655//11 656//11
f 657//11 658//11 656//11
f 398//11 649//11 659//11
f 625//11 594//11 627//11
f 626//11 624//11 622//11
f 660//11 634//11 639//11
f 658//16 661//16 650//16
f 662//18 663//19 664//20
f 665//19 666//19 664//20
f 667//21 668//22 669//23
f 670//24 671//24 668//22
f 672//25 673//26 674//27
f 675//28 676//28 673//29
f 677//30 678//28 679//31
f 680//32 681//33 682//34
f 683//35 684//34 685//36
f 686//37 687//36 688//38
f 689//38 690//38 691//3
f 691//3 692//39 693//40
f 694//41 695//41 696//42
f 696//42 697//43 698//44
f 698//44 699//45 700//45
f 701//45 702//46 703//47
f 704//48 705//49 706//49
f 707//50 708//51 709//52
f 710//51 711//53 712//54
f 713//53 714//55 715//53
f 716//56 717//57 718//58
f 719//59 720//60 721//59
f 722//61 723//2 720//60
f 724//62 725//62 723//2
f 726//63 727//63 728//64
f 729//65 730//66 731//67
f 732//68 733//69 734//68
f 735//70 736//71 737//72
f 738//71 739//73 740//74
f 741//75 742//76 743//76
f 744//76 745//77 746//78
f 747//79 748//1 749//80
f 750//1 751//81 752//1
f 753//81 754//82 755//82
f 755//83 756//84 757//84
f 757//84 758//85 759//86
f 760//87 761//88 762//89
f 763//89 764//89 765//90
f 766//90 767//90 768//91
f 769//92 770//92 771//93
f 772//94 773//95 774//96
f 775//97 776//97 773//94
f 777//98 778//98 776//97
f 779//99 780//100 778//98
f 781//101 782//101 780//102
f 783//103 664//104 784//105
f 785//93 786//93 787//96
f 782//101 788//101 789//4
f 780//102 790//102 791//101
f 778//98 792//98 793//100
f 776//97 794//97 795//98
f 773//94 796//94 797//97
f 774//96 798//96 799//94
f 785//93 800//96 774//96
f 769//92 801//93 785//93
f 766//90 802//106 769//106
f 763//89 803//90 766//90
f 760//87 804//107 763//107
f 759//85 805//88 760//88
f 806//85 807//88 759//85
f 808//84 809//85 757//84
f 810//108 811//84 755//108
f 812//81 813//82 753//81
f 814//81 753//81 752//1
f 815//1 752//1 749//80
f 816//79 749//80 746//109
f 817//76 746//110 743//76
f 818//111 819//76 741//75
f 820//73 741//75 740//74
f 821//112 740//113 822//112
f 823//71 822//71 737//72
f 824//114 737//72 733//69
f 825//115 733//69 826//68
f 827//68 734//68 730//66
f 828//68 730//116 829//65
f 830//65 731//67 831//63
f 731//67 727//63 832//63
f 833//63 728//64 834//117
f 835//118 836//62 837//117
f 835//118 838//117 728//64
f 725//62 839//62 835//119
f 723//2 840//120 841//62
f 720//60 842//59 843//61
f 721//57 718//58 844//57
f 718//58 714//55 845//56
f 714//55 846//53 847//56
f 715//121 712//54 848//53
f 712//54 709//52 849//51
f 709//52 706//122 850//122
f 851//123 704//48 852//124
f 704//48 703//125 853//46
f 703//47 700//45 854//45
f 855//45 698//44 856//43
f 857//126 696//42 858//41
f 859//127 694//127 693//40
f 860//127 693//40 861//39
f 862//128 691//3 863//38
f 864//38 689//38 686//129
f 865//36 686//37 683//35
f 866//130 683//35 867//130
f 868//34 867//34 680//32
f 869//33 680//32 677//30
f 870//28 677//30 676//28
f 871//25 872//28 673//26
f 873//24 874//131 674//27
f 875//24 674//27 671//24
f 876//21 877//24 668//22
f 878//19 879//132 669//23
f 880//19 669//133 666//19
f 784//105 881//4 882//4
f 881//4 782//101 883//4
f 784//105 884//4 885//18
f 886//134 887//135 888//134
f 889//136 890//137 891//136
f 892//137 893//137 894//136
f 895//138 896//138 897//139
f 898//140 899//138 900//138
f 901//141 902//140 903//140
f 904//141 905//140 906//141
f 907//142 908//143 909//142
f 910//144 911//142 912//144
f 913//144 914//144 915//145
f 916//145 917//145 918//146
f 919//147 920//147 921//148
f 922//147 923//148 924//148
f 925//148 926//149 927//149
f 928//149 929//150 930//149
f 931//151 932//152 933//151
f 934//153 935//154 936//153
f 937//154 938//154 939//153
f 940//155 941//155 942//154
f 943//156 944//155 945//155
f 946//157 947//156 948//156
f 949//158 950//159 951//159
f 952//158 953//159 954//158
f 955//160 956//161 957//160
f 958//160 959//160 960//162
f 961//163 962//162 963//164
f 964//165 965//165 966//166
f 967//165 968//166 969//166
f 970//166 971//167 972//167
f 973//167 974//168 975//169
f 976//168 977//170 978//168
f 979//171 980//172 981//171
f 982//172 983//172 984//171
f 985//173 986//173 987//172
f 988//174 989//173 990//173
f 991//175 992//176 993//176
f 994//177 995//178 996//178
f 997//177 998//178 999//177
f 1000//179 1001//177 1002//179
f 1003//179 1004//179 1005//180
f 1006//180 1007//180 1008//181
f 1009//182 1010//182 1011//183
f 1012//182 1013//183 1014//183
f 1015//184 1016//185 1017//185
f 1018//185 1019//186 1020//185
f 1021//186 1022//187 1023//186
f 1024//188 1025//189 1026//188
f 1027//189 1028//189 1029//188
f 1030//190 1031//190 1032//189
f 1033//191 1034//192 1035//190
f 1036//193 1037//191 1038//191
f 1039//194 1040//195 1041//195
f 1042//194 1043//194 1044//196
f 1045//197 1046//198 1047//198
f 1048//199 1049//200 1050//199
f 1051//201 1052//201 1053//202
f 1054//203 1055//204 1056//204
f 1057//205 1058//206 1059//205
f 1060//207 1061//207 1062//208
f 1063//209 1064//209 1065//210
f 1066//211 1067//210 1068//211
f 1069//212 1070//212 1071//213
f 1072//135 1073//135 1074//134
f 1075//214 1076//215 1077//215
f 1078//212 1079//216 1080//216
f 1081//212 1082//216 1083//212
f 1084//213 1085//212 1086//213
f 1087//217 1088//217 1089//218
f 1090//217 1091//218 1092//218
f 1093//211 1094//210 1095//210
f 1096//210 1097//209 1098//210
f 1099//209 1100//219 1101//209
f 1102//219 1103//219 1104//220
f 1105//215 1106//214 1107//214
f 1108//208 1109//215 1110//215
f 1111//208 1112//215 1113//221
f 1114//208 1115//208 1116//207
f 1117//207 1118//207 1119//222
f 1120//207 1121//222 1122//222
f 1123//206 1124//205 1125//206
f 1126//205 1127//203 1128//205
f 1129//203 1130//203 1131//205
f 1132//204 1133//203 1134//203
f 1135//223 1136//224 1137//224
f 1138//223 1139//224 1140//223
f 1141//202 1142//202 1143//201
f 1144//201 1145//201 1146//200
f 1147//201 1148//200 1149//200
f 1150//200 1151//199 1152//200
f 1153//199 1154//225 1155//199
f 1156//225 1157//225 1158//199
f 1159//198 1160//197 1161//197
f 1162//196 1163//226 1164//226
f 1165//196 1166//226 1167//196
f 1168//196 1169//196 1170//194
f 1171//194 1172//194 1173//195
f 1174//193 1175//191 1176//193
f 1177//191 1178//190 1179//191
f 1180//190 1181//189 1182//189
f 1183//187 1184//187 1185//186
f 1186//186 1187//186 1188//185
f 1189//184 1190//185 1191//184
f 1192//180 1193//181 1194//181
f 1195//179 1196//180 1197//180
f 1198//177 1199//177 1200//179
f 1201//227 1202//176 1203//227
f 1204//174 1205//173 1206//174
f 1207//173 1208//172 1209//172
f 1210//170 1211//170 1212//168
f 1213//168 1214//168 1215//167
f 1216//166 1217//167 1218//166
f 1219//162 1220//164 1221//164
f 1222//160 1223//162 1224//162
f 1225//161 1226//161 1227//160
f 1228//157 1229//156 1230//157
f 1231//156 1232//155 1233//156
f 1234//155 1235//154 1236//154
f 1237//152 1238//152 1239//151
f 1240//150 1241//150 1242//149
f 1243//148 1244//149 1245//148
f 1246//145 1247//146 1248//146
f 1249//144 1250//145 1251//145
f 1252//142 1253//142 1254//144
f 1255//143 1256//143 1257//142
f 1258//140 1259//138 1260//140
f 1261//138 1262//139 1263//139
f 1264//216 1265//134 1266//134
f 1267//134 1268//216 1269//216
f 1270//18 1271//19 1272//20
f 1273//19 1274//19 1272//20
f 1275//21 1276//22 1277//23
f 1278//24 1279//24 1276//228
f 1280//25 1281//26 1282//27
f 1283//28 1284//28 1281//229
f 1285//230 1286//28 1287//31
f 1288//32 1289//231 1290//34
f 1291//35 1292//34 1293//36
f 1294//37 1295//36 1296//38
f 1297//38 1298//38 1299//232
f 1299//3 1300//39 1301//40
f 1302//41 1303//41 1304//42
f 1304//42 1305//43 1306//233
f 1306//44 1307//45 1308//45
f 1309//45 1310//46 1311//47
f 1312//48 1313//49 1314//49
f 1315//50 1316//51 1317//52
f 1318//51 1319//53 1320//54
f 1321//53 1322//55 1323//53
f 1324//234 1325//57 1326//58
f 1327//59 1328//60 1329//59
f 1330//61 1331//2 1328//60
f 1332//62 1333//62 1331//2
f 1334//235 1335//235 1336//64
f 1337//65 1338//116 1339//67
f 1340//68 1341//69 1342//68
f 1343//70 1344//71 1345//72
f 1346//71 1347//73 1348//74
f 1349//236 1350//76 1351//76
f 1352//76 1353//237 1354//78
f 1355//79 1356//1 1357//80
f 1358//1 1359//81 1360//1
f 1361//81 1362//82 1363//82
f 1363//108 1364//84 1365//84
f 1365//84 1366//86 1367//86
f 1368//87 1369//87 1370//89
f 1371//89 1372//89 1373//90
f 1374//90 1375//90 1376//92
f 1377//91 1378//91 1379//93
f 1380//94 1381//94 1382//96
f 1383//97 1384//97 1381//94
f 1385//98 1386//98 1384//97
f 1387//100 1388//100 1386//98
f 1389//101 1390//101 1388//102
f 1391//103 1272//104 1392//105
f 1393//93 1394//93 1395//96
f 1390//101 1396//101 1397//4
f 1388//102 1398//102 1399//101
f 1386//98 1400//98 1401//99
f 1384//238 1402//238 1403//98
f 1381//94 1404//94 1405//97
f 1382//96 1406//96 1407//95
f 1393//93 1408//96 1382//96
f 1377//92 1409//93 1393//93
f 1374//90 1410//92 1377//92
f 1371//89 1411//90 1374//90
f 1368//87 1412//89 1371//89
f 1367//85 1413//88 1368//88
f 1414//85 1415//88 1367//85
f 1416//84 1417//86 1365//84
f 1418//108 1419//84 1363//108
f 1420//81 1421//82 1361//81
f 1422//81 1361//81 1360//1
f 1423//1 1360//1 1357//80
f 1424//79 1357//80 1354//109
f 1425//76 1354//78 1351//76
f 1426//111 1427//76 1349//75
f 1428//73 1349//75 1348//74
f 1429//71 1348//113 1430//71
f 1431//71 1430//71 1345//72
f 1432//115 1345//72 1341//69
f 1433//115 1341//69 1434//68
f 1435//68 1342//68 1338//66
f 1436//68 1338//66 1437//239
f 1438//65 1339//67 1439//63
f 1339//67 1335//63 1440//63
f 1441//63 1336//64 1442//117
f 1443//118 1444//62 1445//117
f 1443//118 1446//240 1336//64
f 1333//62 1447//62 1443//119
f 1331//2 1448//120 1449//62
f 1328//60 1450//59 1451//61
f 1329//57 1326//58 1452//57
f 1326//58 1322//55 1453//56
f 1322//55 1454//53 1455//56
f 1323//53 1320//54 1456//53
f 1320//241 1317//52 1457//51
f 1317//52 1314//122 1458//122
f 1459//242 1312//48 1460//46
f 1312//48 1311//47 1461//46
f 1311//125 1308//45 1462//45
f 1463//45 1306//44 1464//43
f 1465//43 1304//42 1466//41
f 1467//127 1302//127 1301//40
f 1468//127 1301//40 1469//39
f 1470//128 1299//3 1471//38
f 1472//38 1297//38 1294//129
f 1473//36 1294//37 1291//243
f 1474//130 1291//35 1475//130
f 1476//34 1475//34 1288//32
f 1477//33 1288//32 1285//230
f 1478//28 1285//30 1284//28
f 1479//25 1480//28 1281//26
f 1481//24 1482//131 1282//27
f 1483//24 1282//27 1279//24
f 1484//21 1485//24 1276//22
f 1486//19 1487//132 1277//23
f 1488//19 1277//133 1274//19
f 1392//105 1489//244 1490//244
f 1489//4 1390//101 1491//4
f 1392//105 1492//4 1493//18
f 1494//134 1495//135 1496//134
f 1497//245 1498//137 1499//245
f 1500//137 1501//137 1502//136
f 1503//138 1504//138 1505//139
f 1506//140 1507//138 1508//138
f 1509//141 1510//140 1511//140
f 1512//141 1513//140 1514//141
f 1515//142 1516//143 1517//142
f 1518//144 1519//142 1520//144
f 1521//246 1522//144 1523//145
f 1524//145 1525//145 1526//146
f 1527//147 1528//147 1529//148
f 1530//147 1531//148 1532//148
f 1533//148 1534//149 1535//149
f 1536//149 1537//150 1538//149
f 1539//151 1540//152 1541//151
f 1542//153 1543//154 1544//153
f 1545//154 1546//154 1547//153
f 1548//155 1549//155 1550//154
f 1551//156 1552//155 1553//155
f 1554//157 1555//156 1556//156
f 1557//158 1558//159 1559//247
f 1560//158 1561//159 1562//158
f 1563//160 1564//161 1565//160
f 1566//160 1567//160 1568//162
f 1569//162 1570//162 1571//165
f 1572//165 1573//165 1574//166
f 1575//165 1576//166 1577//166
f 1578//166 1579//167 1580//167
f 1581//167 1582//168 1583//248
f 1584//168 1585//170 1586//168
f 1587//171 1588//172 1589//171
f 1590//172 1591//172 1592//171
f 1593//173 1594//173 1595//172
f 1596//174 1597//173 1598//173
f 1599//227 1600//176 1601//176
f 1602//177 1603//178 1604//178
f 1605//177 1606//178 1607//177
f 1608//179 1609//177 1610//179
f 1611//179 1612//179 1613//180
f 1614//180 1615//180 1616//181
f 1617//182 1618//182 1619//183
f 1620//182 1621//183 1622//183
f 1623//184 1624//185 1625//185
f 1626//185 1627//186 1628//185
f 1629//186 1630//187 1631//186
f 1632//188 1633//189 1634//188
f 1635//189 1636//189 1637//188
f 1638//190 1639//190 1640//189
f 1641//191 1642//249 1643//190
f 1644//193 1645//191 1646//191
f 1647//194 1648//195 1649//195
f 1650//194 1651//194 1652//196
f 1653//197 1654//198 1655//198
f 1656//199 1657//200 1658//199
f 1659//201 1660//201 1661//202
f 1662//203 1663//204 1664//204
f 1665//205 1666//206 1667//205
f 1668//207 1669//207 1670//208
f 1671//209 1672//209 1673//210
f 1674//211 1675//210 1676//211
f 1677//212 1678//212 1679//213
f 1680//135 1681//135 1682//134
f 1683//214 1684//215 1685//215
f 1686//212 1687//216 1688//216
f 1689//212 1690//216 1691//212
f 1692//213 1693//212 1694//213
f 1695//217 1696//217 1697//218
f 1698//217 1699//218 1700//218
f 1701//211 1702//210 1703//210
f 1704//210 1705//209 1706//210
f 1707//209 1708//219 1709//209
f 1710//219 1711//219 1712//209
f 1713//215 1714//214 1715//214
f 1716//208 1717//215 1718//215
f 1719//208 1720//215 1721//250
f 1722//208 1723//208 1724//207
f 1725//207 1726//207 1727//222
f 1728//207 1729//222 1730//222
f 1731//206 1732//205 1733//206
f 1734//205 1735//203 1736//205
f 1737//203 1738//203 1739//205
f 1740//204 1741//203 1742//203
f 1743//223 1744//224 1745//224
f 1746//223 1747//224 1748//223
f 1749//202 1750//202 1751//201
f 1752//201 1753//201 1754//200
f 1755//201 1756//200 1757//200
f 1758//200 1759//199 1760//200
f 1761//199 1762//225 1763//199
f 1764//225 1765//225 1766//199
f 1767//198 1768//197 1769//197
f 1770//196 1771//226 1772//226
f 1773//196 1774//226 1775//196
f 1776//196 1777//196 1778//194
f 1779//194 1780//194 1781//195
f 1782//193 1783//191 1784//193
f 1785//191 1786//190 1787//191
f 1788//190 1789//189 1790//189
f 1791//187 1792//187 1793//186
f 1794//186 1795//186 1796//185
f 1797//184 1798//185 1799//184
f 1800//180 1801//181 1802//181
f 1803//179 1804//180 1805//180
f 1806//177 1807//177 1808//179
f 1809//227 1810//176 1811//227
f 1812//174 1813//173 1814//174
f 1815//173 1816//172 1817//172
f 1818//170 1819//170 1820//168
f 1821//168 1822//168 1823//167
f 1824//166 1825//167 1826//166
f 1827//162 1828//251 1829//164
f 1830//160 1831//162 1832//162
f 1833//252 1834//161 1835//160
f 1836//157 1837//156 1838//157
f 1839//156 1840//155 1841//156
f 1842//155 1843//154 1844//154
f 1845//152 1846//152 1847//151
f 1848//150 1849//150 1850//149
f 1851//148 1852//149 1853//148
f 1854//145 1855//146 1856//146
f 1857//144 1858//145 1859//145
f 1860//142 1861//142 1862//144
f 1863//143 1864//143 1865//142
f 1866//140 1867//138 1868//140
f 1869//253 1870//139 1871//139
f 1872//216 1873//134 1874//134
f 1875//134 1876//216 1877//216
f 7//2 8//2 1878//62
f 1879//62 8//2 1880//62
f 1881//118 1882//62 1883//62
f 1884//118 1885//118 1886//62
f 1887//118 1888//64 1889//118
f 1890//118 1891//64 1892//64
f 1893//64 1894//64 1895//63
f 1896//63 1897//64 1898//63
f 1899//67 1900//63 1901//63
f 1902//67 1903//67 1904//63
f 1905//67 1906//66 1907//67
f 1908//67 1909//254 1910//254
f 1911//254 1912//254 1913//255
f 1914//68 1915//254 1916//68
f 1917//72 1918//71 1919//71
f 1920//71 1921//74 1922//71
f 3//1 4//1 1923//80
f 1924//80 4//1 1925//80
f 1926//78 1927//80 1928//80
f 1929//78 1930//78 1931//80
f 1932//78 1933//76 1934//78
f 1935//78 1936//76 1937//76
f 1938//76 1939//76 1940//75
f 1941//75 1942//76 1943//75
f 1944//74 1945//75 1946//75
f 1947//74 1948//74 1949//75
f 1950//74 1951//256 1952//74
f 1953//257 1954//72 1955//72
f 1956//72 1957//72 1958//258
f 1959//259 1960//72 1961//259
f 1962//68 1963//258 1964//258
f 1965//68 1966//259 1967//68
f 2//1 1//1 1968//81
f 1969//81 1970//81 1971//108
f 1972//108 1973//81 1974//108
f 1975//84 1976//108 1977//84
f 1978//85 1979//84 1980//84
f 1981//88 1982//85 1983//85
f 1984//260 1985//88 1986//88
f 1987//89 1988//89 1989//88
f 1990//90 1991//90 1992//89
f 1993//90 1994//106 1995//90
f 1996//106 1997//93 1998//106
f 1999//261 2000//93 2001//93
f 2002//93 2003//262 2004//262
f 2005//96 2006//96 2007//94
f 2008//94 2009//94 2010//97
f 2011//97 2012//94 2013//97
f 2014//101 15//4 16//4
f 2015//101 2016//101 16//4
f 2017//101 2018//99 2019//101
f 2020//101 2021//99 2022//99
f 2023//99 2024//99 2025//98
f 2026//98 2027//99 2028//98
f 2029//97 2030//98 2031//98
f 2032//97 2033//97 2034//98
f 2035//262 2036//94 2037//94
f 2038//93 2039//96 2040//93
f 2041//261 2042//261 2043//90
f 2044//90 2045//260 2046//260
f 2047//88 2048//85 2049//88
f 2050//85 2051//84 2052//85
f 2053//81 2054//81 1//1
f 2055//108 2056//84 2057//108
f 14//4 13//4 2058//105
f 2059//105 13//4 2060//105
f 2061//20 2062//105 2063//105
f 2064//20 2065//20 2066//105
f 2067//20 2068//19 2069//20
f 2070//20 2071//19 2072//19
f 2073//19 2074//19 2075//23
f 2076//23 2077//19 2078//23
f 2079//22 2080//23 2081//23
f 2082//22 2083//22 2084//23
f 2085//22 2086//24 2087//22
f 2088//22 2089//24 2090//24
f 2091//263 2092//263 2093//27
f 2094//27 2095//264 2096//27
f 2097//29 2098//27 2099//27
f 2100//265 2101//265 2102//27
f 2103//38 11//3 12//3
f 2104//38 2105//38 12//3
f 2106//38 2107//37 2108//38
f 2109//38 2110//37 2111//37
f 2112//37 2113//37 2114//35
f 2115//35 2116//37 2117//35
f 2118//34 2119//35 2120//35
f 2121//34 2122//34 2123//35
f 2124//34 2125//32 2126//34
f 2127//34 2128//32 2129//32
f 2130//32 2131//32 2132//30
f 2133//266 2134//32 2135//266
f 2136//28 2137//30 2138//30
f 2139//28 2140//28 2141//266
f 2142//28 2143//265 2144//28
f 2145//265 2146//265 2147//28
f 10//3 9//3 2148//40
f 2149//40 9//3 2150//40
f 2151//41 2152//40 2153//267
f 2154//41 2155//41 2156//40
f 2157//41 2158//42 2159//41
f 2160//41 2161//42 2162//42
f 2163//42 2164//42 2165//44
f 2166//44 2167//42 2168//44
f 2169//45 2170//44 2171//44
f 2172//45 2173//45 2174//44
f 2175//45 2176//125 2177//45
f 2178//45 2179//268 2180//268
f 2181//268 2182//268 2183//48
f 2184//48 2185//47 2186//48
f 2187//242 2188//48 2189//48
f 2190//242 2191//242 2192//48
f 2193//242 2194//52 2195//242
f 2196//60 6//2 5//2
f 2197//60 2198//60 5//2
f 2199//60 2200//57 2201//60
f 2202//60 2203//57 2204//57
f 2205//57 2206//57 2207//58
f 2208//58 2209//57 2210//58
f 2211//55 2212//58 2213//58
f 2214//55 2215//55 2216//58
f 2217//55 2218//53 2219//55
f 2220//55 2221//53 2222//53
f 2223//53 2224//53 2225//269
f 2226//269 2227//53 2228//269
f 2229//52 2230//269 2231//269
f 2232//52 2233//52 2234//269
f 2235//52 2236//270 2237//52
