# Blender 4.4.3
# www.blender.org
mtllib Mesh_15.008.mtl
o Mesh_15.008
v -0.000360 0.008803 -0.011978
v -0.000360 0.008803 -0.012000
v -0.000360 0.008843 -0.011978
v -0.000360 0.008708 -0.011200
v -0.000360 0.008613 -0.011200
v -0.000360 0.008657 -0.011296
v -0.000360 0.008898 -0.011200
v -0.000360 0.008843 -0.011222
v -0.000360 0.008843 -0.011242
v -0.000360 0.008898 -0.012000
v -0.000360 0.008993 -0.012000
v -0.000360 0.008949 -0.011904
v -0.000360 0.008708 -0.012000
v -0.000360 0.008763 -0.011978
v -0.000360 0.008763 -0.011958
v -0.000360 0.008823 -0.011770
v -0.000360 0.008880 -0.011736
v -0.000360 0.008883 -0.011730
v -0.000360 0.008823 -0.011780
v -0.000360 0.008833 -0.011780
v -0.000360 0.008726 -0.011736
v -0.000360 0.008783 -0.011770
v -0.000360 0.008723 -0.011730
v -0.000360 0.008773 -0.011780
v -0.000360 0.008731 -0.011760
v -0.000360 0.008773 -0.011820
v -0.000360 0.008731 -0.011840
v -0.000360 0.008728 -0.011741
v -0.000360 0.008729 -0.011748
v -0.000360 0.008783 -0.011830
v -0.000360 0.008730 -0.011846
v -0.000360 0.008823 -0.011830
v -0.000360 0.008843 -0.011958
v -0.000360 0.008728 -0.011859
v -0.000360 0.008726 -0.011864
v -0.000360 0.008729 -0.011852
v -0.000360 0.008875 -0.011840
v -0.000360 0.008875 -0.011760
v -0.000360 0.008876 -0.011754
v -0.000360 0.008783 -0.011820
v -0.000360 0.008603 -0.011451
v -0.000360 0.008603 -0.011453
v -0.000360 0.008604 -0.011449
v -0.000360 0.008605 -0.011447
v -0.000360 0.008607 -0.011445
v -0.000360 0.008606 -0.011446
v -0.000360 0.008611 -0.011443
v -0.000360 0.008609 -0.011444
v -0.000360 0.008647 -0.011496
v -0.000360 0.008647 -0.011494
v -0.000360 0.008648 -0.011498
v -0.000360 0.008649 -0.011500
v -0.000360 0.008650 -0.011501
v -0.000360 0.008649 -0.011700
v -0.000360 0.008650 -0.011699
v -0.000360 0.008651 -0.011502
v -0.000360 0.008651 -0.011698
v -0.000360 0.008653 -0.011503
v -0.000360 0.008653 -0.011697
v -0.000360 0.008655 -0.011504
v -0.000360 0.008655 -0.011696
v -0.000360 0.008657 -0.011696
v -0.000360 0.008657 -0.011504
v -0.000360 0.008666 -0.011504
v -0.000360 0.008666 -0.011696
v -0.000360 0.008673 -0.011504
v -0.000360 0.008673 -0.011696
v -0.000360 0.008679 -0.011503
v -0.000360 0.008679 -0.011697
v -0.000360 0.008685 -0.011501
v -0.000360 0.008685 -0.011699
v -0.000360 0.008691 -0.011499
v -0.000360 0.008691 -0.011701
v -0.000360 0.008697 -0.011496
v -0.000360 0.008697 -0.011704
v -0.000360 0.008702 -0.011493
v -0.000360 0.008707 -0.011489
v -0.000360 0.008707 -0.011711
v -0.000360 0.008899 -0.011489
v -0.000360 0.008702 -0.011707
v -0.000360 0.008783 -0.011430
v -0.000360 0.008720 -0.011476
v -0.000360 0.008886 -0.011476
v -0.000360 0.008890 -0.011481
v -0.000360 0.008716 -0.011481
v -0.000360 0.008730 -0.011446
v -0.000360 0.008729 -0.011452
v -0.000360 0.008726 -0.011464
v -0.000360 0.008723 -0.011470
v -0.000360 0.008712 -0.011485
v -0.000360 0.008894 -0.011485
v -0.000360 0.008647 -0.011443
v -0.000360 0.008613 -0.011443
v -0.000360 0.008773 -0.011380
v -0.000360 0.008731 -0.011360
v -0.000360 0.008773 -0.011420
v -0.000360 0.008783 -0.011370
v -0.000360 0.008730 -0.011354
v -0.000360 0.008729 -0.011348
v -0.000360 0.008726 -0.011336
v -0.000360 0.008728 -0.011341
v -0.000360 0.008723 -0.011330
v -0.000360 0.008763 -0.011242
v -0.000360 0.008716 -0.011319
v -0.000360 0.008720 -0.011324
v -0.000360 0.008707 -0.011311
v -0.000360 0.008702 -0.011307
v -0.000360 0.008712 -0.011315
v -0.000360 0.008697 -0.011304
v -0.000360 0.008691 -0.011301
v -0.000360 0.008685 -0.011299
v -0.000360 0.008763 -0.011222
v -0.000360 0.008679 -0.011297
v -0.000360 0.008673 -0.011296
v -0.000360 0.008666 -0.011296
v -0.000360 0.008603 -0.011210
v -0.000360 0.008655 -0.011296
v -0.000360 0.008651 -0.011298
v -0.000360 0.008653 -0.011297
v -0.000360 0.008650 -0.011299
v -0.000360 0.008649 -0.011300
v -0.000360 0.008648 -0.011302
v -0.000360 0.008603 -0.011347
v -0.000360 0.008647 -0.011304
v -0.000360 0.008613 -0.011357
v -0.000360 0.008647 -0.011357
v -0.000360 0.008647 -0.011306
v -0.000360 0.008611 -0.011357
v -0.000360 0.008609 -0.011356
v -0.000360 0.008607 -0.011355
v -0.000360 0.008605 -0.011353
v -0.000360 0.008606 -0.011354
v -0.000360 0.008603 -0.011349
v -0.000360 0.008604 -0.011351
v -0.000360 0.008603 -0.011208
v -0.000360 0.008604 -0.011206
v -0.000360 0.008607 -0.011202
v -0.000360 0.008606 -0.011203
v -0.000360 0.008611 -0.011200
v -0.000360 0.008609 -0.011201
v -0.000360 0.008605 -0.011204
v -0.000360 0.008933 -0.011296
v -0.000360 0.008939 -0.011296
v -0.000360 0.008949 -0.011296
v -0.000360 0.008993 -0.011200
v -0.000360 0.008951 -0.011296
v -0.000360 0.008997 -0.011201
v -0.000360 0.008995 -0.011200
v -0.000360 0.009003 -0.011210
v -0.000360 0.008999 -0.011202
v -0.000360 0.009000 -0.011203
v -0.000360 0.009002 -0.011206
v -0.000360 0.009001 -0.011204
v -0.000360 0.008957 -0.011300
v -0.000360 0.008958 -0.011302
v -0.000360 0.009003 -0.011347
v -0.000360 0.008959 -0.011304
v -0.000360 0.008959 -0.011306
v -0.000360 0.008993 -0.011357
v -0.000360 0.009003 -0.011349
v -0.000360 0.009002 -0.011351
v -0.000360 0.009001 -0.011353
v -0.000360 0.008999 -0.011355
v -0.000360 0.009000 -0.011354
v -0.000360 0.008997 -0.011356
v -0.000360 0.008995 -0.011357
v -0.000360 0.008956 -0.011299
v -0.000360 0.008955 -0.011298
v -0.000360 0.008953 -0.011297
v -0.000360 0.008959 -0.011357
v -0.000360 0.009003 -0.011208
v -0.000360 0.008927 -0.011297
v -0.000360 0.008915 -0.011301
v -0.000360 0.008921 -0.011299
v -0.000360 0.008909 -0.011304
v -0.000360 0.008904 -0.011307
v -0.000360 0.008890 -0.011319
v -0.000360 0.008894 -0.011315
v -0.000360 0.008899 -0.011311
v -0.000360 0.008886 -0.011324
v -0.000360 0.008883 -0.011330
v -0.000360 0.008823 -0.011370
v -0.000360 0.008880 -0.011336
v -0.000360 0.008878 -0.011341
v -0.000360 0.008877 -0.011348
v -0.000360 0.008875 -0.011360
v -0.000360 0.008833 -0.011380
v -0.000360 0.008875 -0.011440
v -0.000360 0.008876 -0.011354
v -0.000360 0.008833 -0.011420
v -0.000360 0.008823 -0.011430
v -0.000360 0.008876 -0.011446
v -0.000360 0.008877 -0.011452
v -0.000360 0.008880 -0.011464
v -0.000360 0.008878 -0.011459
v -0.000360 0.008883 -0.011470
v -0.000360 0.008728 -0.011459
v -0.000360 0.008899 -0.011711
v -0.000360 0.008904 -0.011493
v -0.000360 0.008904 -0.011707
v -0.000360 0.008909 -0.011496
v -0.000360 0.008909 -0.011704
v -0.000360 0.008915 -0.011499
v -0.000360 0.008915 -0.011701
v -0.000360 0.008921 -0.011501
v -0.000360 0.008921 -0.011699
v -0.000360 0.008927 -0.011503
v -0.000360 0.008927 -0.011697
v -0.000360 0.008933 -0.011504
v -0.000360 0.008933 -0.011696
v -0.000360 0.008939 -0.011504
v -0.000360 0.008939 -0.011696
v -0.000360 0.008949 -0.011504
v -0.000360 0.008949 -0.011696
v -0.000360 0.008955 -0.011698
v -0.000360 0.008955 -0.011502
v -0.000360 0.008953 -0.011697
v -0.000360 0.008959 -0.011494
v -0.000360 0.009003 -0.011453
v -0.000360 0.008993 -0.011443
v -0.000360 0.008957 -0.011500
v -0.000360 0.008956 -0.011501
v -0.000360 0.008956 -0.011699
v -0.000360 0.008959 -0.011443
v -0.000360 0.008951 -0.011504
v -0.000360 0.008731 -0.011440
v -0.000360 0.008995 -0.011443
v -0.000360 0.008999 -0.011445
v -0.000360 0.008997 -0.011444
v -0.000360 0.009000 -0.011446
v -0.000360 0.009001 -0.011447
v -0.000360 0.008959 -0.011496
v -0.000360 0.008957 -0.011700
v -0.000360 0.008958 -0.011702
v -0.000360 0.009003 -0.011747
v -0.000360 0.008959 -0.011704
v -0.000360 0.008959 -0.011706
v -0.000360 0.008993 -0.011757
v -0.000360 0.009003 -0.011749
v -0.000360 0.008995 -0.011757
v -0.000360 0.008997 -0.011756
v -0.000360 0.009000 -0.011754
v -0.000360 0.009001 -0.011753
v -0.000360 0.008999 -0.011755
v -0.000360 0.008958 -0.011498
v -0.000360 0.008959 -0.011757
v -0.000360 0.008953 -0.011503
v -0.000360 0.008951 -0.011696
v -0.000360 0.008894 -0.011715
v -0.000360 0.008712 -0.011715
v -0.000360 0.008716 -0.011719
v -0.000360 0.008890 -0.011719
v -0.000360 0.008886 -0.011724
v -0.000360 0.008720 -0.011724
v -0.000360 0.008878 -0.011741
v -0.000360 0.008877 -0.011748
v -0.000360 0.008833 -0.011820
v -0.000360 0.008723 -0.011870
v -0.000360 0.008876 -0.011846
v -0.000360 0.008877 -0.011852
v -0.000360 0.008878 -0.011859
v -0.000360 0.008886 -0.011876
v -0.000360 0.008883 -0.011870
v -0.000360 0.008880 -0.011864
v -0.000360 0.008890 -0.011881
v -0.000360 0.008823 -0.011820
v -0.000360 0.008921 -0.011901
v -0.000360 0.008915 -0.011899
v -0.000360 0.008927 -0.011903
v -0.000360 0.008909 -0.011896
v -0.000360 0.008904 -0.011893
v -0.000360 0.008899 -0.011889
v -0.000360 0.008933 -0.011904
v -0.000360 0.008939 -0.011904
v -0.000360 0.009003 -0.011990
v -0.000360 0.008951 -0.011904
v -0.000360 0.008955 -0.011902
v -0.000360 0.008953 -0.011903
v -0.000360 0.008956 -0.011901
v -0.000360 0.008957 -0.011900
v -0.000360 0.008958 -0.011898
v -0.000360 0.009003 -0.011853
v -0.000360 0.008959 -0.011896
v -0.000360 0.008894 -0.011885
v -0.000360 0.008959 -0.011894
v -0.000360 0.008993 -0.011843
v -0.000360 0.008959 -0.011843
v -0.000360 0.008730 -0.011754
v -0.000360 0.009002 -0.011751
v -0.000360 0.008999 -0.011845
v -0.000360 0.009000 -0.011846
v -0.000360 0.009001 -0.011847
v -0.000360 0.009002 -0.011849
v -0.000360 0.009003 -0.011992
v -0.000360 0.009002 -0.011994
v -0.000360 0.009001 -0.011996
v -0.000360 0.008673 -0.011904
v -0.000360 0.008666 -0.011904
v -0.000360 0.008657 -0.011904
v -0.000360 0.008613 -0.012000
v -0.000360 0.008655 -0.011904
v -0.000360 0.008609 -0.011999
v -0.000360 0.008611 -0.012000
v -0.000360 0.008603 -0.011990
v -0.000360 0.008607 -0.011998
v -0.000360 0.008606 -0.011997
v -0.000360 0.008604 -0.011994
v -0.000360 0.008605 -0.011996
v -0.000360 0.008649 -0.011900
v -0.000360 0.008648 -0.011898
v -0.000360 0.008603 -0.011853
v -0.000360 0.008647 -0.011896
v -0.000360 0.008647 -0.011894
v -0.000360 0.008613 -0.011843
v -0.000360 0.008603 -0.011851
v -0.000360 0.008604 -0.011849
v -0.000360 0.008605 -0.011847
v -0.000360 0.008607 -0.011845
v -0.000360 0.008606 -0.011846
v -0.000360 0.008609 -0.011844
v -0.000360 0.008611 -0.011843
v -0.000360 0.008650 -0.011901
v -0.000360 0.008651 -0.011902
v -0.000360 0.008653 -0.011903
v -0.000360 0.008647 -0.011843
v -0.000360 0.008603 -0.011992
v -0.000360 0.008679 -0.011903
v -0.000360 0.008691 -0.011899
v -0.000360 0.008685 -0.011901
v -0.000360 0.008697 -0.011896
v -0.000360 0.008702 -0.011893
v -0.000360 0.008716 -0.011881
v -0.000360 0.008712 -0.011885
v -0.000360 0.008707 -0.011889
v -0.000360 0.008720 -0.011876
v -0.000360 0.009003 -0.011851
v -0.000360 0.009000 -0.011997
v -0.000360 0.008999 -0.011998
v -0.000360 0.008997 -0.011999
v -0.000360 0.008995 -0.011843
v -0.000360 0.008783 -0.011780
v -0.000360 0.008648 -0.011702
v -0.000360 0.008603 -0.011747
v -0.000360 0.008647 -0.011704
v -0.000360 0.008995 -0.012000
v -0.000360 0.008647 -0.011706
v -0.000360 0.008613 -0.011757
v -0.000360 0.008647 -0.011757
v -0.000360 0.008611 -0.011757
v -0.000360 0.008609 -0.011756
v -0.000360 0.008997 -0.011844
v -0.000360 0.008604 -0.011751
v -0.000360 0.008605 -0.011753
v -0.000360 0.008606 -0.011754
v -0.000360 0.008607 -0.011755
v -0.000360 0.008603 -0.011749
v -0.000360 0.008803 -0.011200
v -0.000360 0.009002 -0.011449
v -0.000360 0.008803 -0.011222
v -0.000360 0.008823 -0.011380
v -0.000360 0.008783 -0.011380
v -0.000360 0.008783 -0.011420
v -0.000360 0.009003 -0.011451
v -0.000360 0.008823 -0.011420
v -0.000400 0.008636 -0.011680
v -0.000400 0.008647 -0.011706
v -0.000400 0.008636 -0.011757
v -0.000400 0.008970 -0.011680
v -0.000400 0.008970 -0.011757
v -0.000400 0.008959 -0.011706
v -0.000400 0.008970 -0.011921
v -0.000400 0.008959 -0.011894
v -0.000400 0.008970 -0.011843
v -0.000400 0.008636 -0.011921
v -0.000400 0.008636 -0.011843
v -0.000400 0.008647 -0.011894
v -0.000400 0.008647 -0.011757
v -0.000400 0.008636 -0.011602
v -0.000400 0.008702 -0.011707
v -0.000400 0.008697 -0.011704
v -0.000400 0.008970 -0.011602
v -0.000400 0.008803 -0.011602
v -0.000400 0.008959 -0.011704
v -0.000400 0.008959 -0.011757
v -0.000400 0.008933 -0.011696
v -0.000400 0.008958 -0.011702
v -0.000400 0.008957 -0.011700
v -0.000400 0.008956 -0.011699
v -0.000400 0.008955 -0.011698
v -0.000400 0.008953 -0.011697
v -0.000400 0.008951 -0.011696
v -0.000400 0.008949 -0.011696
v -0.000400 0.008939 -0.011696
v -0.000400 0.008927 -0.011697
v -0.000400 0.008921 -0.011699
v -0.000400 0.008915 -0.011701
v -0.000400 0.008909 -0.011704
v -0.000400 0.008904 -0.011707
v -0.000400 0.008899 -0.011711
v -0.000400 0.008707 -0.011711
v -0.000400 0.008712 -0.011715
v -0.000400 0.008894 -0.011715
v -0.000400 0.008890 -0.011719
v -0.000400 0.008716 -0.011719
v -0.000400 0.008886 -0.011724
v -0.000400 0.008720 -0.011724
v -0.000400 0.008883 -0.011730
v -0.000400 0.008880 -0.011736
v -0.000400 0.008723 -0.011730
v -0.000400 0.008726 -0.011736
v -0.000400 0.008729 -0.011748
v -0.000400 0.008877 -0.011748
v -0.000400 0.008876 -0.011754
v -0.000400 0.008730 -0.011754
v -0.000400 0.008875 -0.011760
v -0.000400 0.008731 -0.011760
v -0.000400 0.008875 -0.011840
v -0.000400 0.008876 -0.011846
v -0.000400 0.008731 -0.011840
v -0.000400 0.008730 -0.011846
v -0.000400 0.008729 -0.011852
v -0.000400 0.008877 -0.011852
v -0.000400 0.008878 -0.011859
v -0.000400 0.008728 -0.011859
v -0.000400 0.008880 -0.011864
v -0.000400 0.008723 -0.011870
v -0.000400 0.008726 -0.011864
v -0.000400 0.008883 -0.011870
v -0.000400 0.008886 -0.011876
v -0.000400 0.008712 -0.011885
v -0.000400 0.008894 -0.011885
v -0.000400 0.008899 -0.011889
v -0.000400 0.008716 -0.011881
v -0.000400 0.008970 -0.012000
v -0.000400 0.008702 -0.011893
v -0.000400 0.008904 -0.011893
v -0.000400 0.008707 -0.011889
v -0.000400 0.008933 -0.011904
v -0.000400 0.008921 -0.011901
v -0.000400 0.008927 -0.011903
v -0.000400 0.008939 -0.011904
v -0.000400 0.008915 -0.011899
v -0.000400 0.008949 -0.011904
v -0.000400 0.008951 -0.011904
v -0.000400 0.008953 -0.011903
v -0.000400 0.008955 -0.011902
v -0.000400 0.008956 -0.011901
v -0.000400 0.008909 -0.011896
v -0.000400 0.008957 -0.011900
v -0.000400 0.008958 -0.011898
v -0.000400 0.008890 -0.011881
v -0.000400 0.008720 -0.011876
v -0.000400 0.008959 -0.011896
v -0.000400 0.008647 -0.011843
v -0.000400 0.008647 -0.011896
v -0.000400 0.008673 -0.011904
v -0.000400 0.008636 -0.012000
v -0.000400 0.008648 -0.011898
v -0.000400 0.008649 -0.011900
v -0.000400 0.008650 -0.011901
v -0.000400 0.008651 -0.011902
v -0.000400 0.008653 -0.011903
v -0.000400 0.008655 -0.011904
v -0.000400 0.008657 -0.011904
v -0.000400 0.008666 -0.011904
v -0.000400 0.008679 -0.011903
v -0.000400 0.008685 -0.011901
v -0.000400 0.008691 -0.011899
v -0.000400 0.008697 -0.011896
v -0.000400 0.008959 -0.011843
v -0.000400 0.008728 -0.011741
v -0.000400 0.008878 -0.011741
v -0.000400 0.008691 -0.011701
v -0.000400 0.008685 -0.011699
v -0.000400 0.008679 -0.011697
v -0.000400 0.008673 -0.011696
v -0.000400 0.008666 -0.011696
v -0.000400 0.008653 -0.011697
v -0.000400 0.008655 -0.011696
v -0.000400 0.008657 -0.011696
v -0.000400 0.008651 -0.011698
v -0.000400 0.008650 -0.011699
v -0.000400 0.008649 -0.011700
v -0.000400 0.008648 -0.011702
v -0.000400 0.008647 -0.011704
v -0.000400 0.008636 -0.011680
v -0.000400 0.008636 -0.011757
v -0.000367 0.008603 -0.011747
v -0.000373 0.008609 -0.011605
v -0.000400 0.008636 -0.011680
v -0.000373 0.008609 -0.011594
v -0.000367 0.008603 -0.011453
v -0.000400 0.008636 -0.011597
v -0.000400 0.008636 -0.011520
v -0.000400 0.008636 -0.011443
v -0.000400 0.008636 -0.011602
v -0.000400 0.008636 -0.011680
v -0.000377 0.008613 -0.011443
v -0.000375 0.008611 -0.011443
v -0.000373 0.008609 -0.011444
v -0.000371 0.008607 -0.011445
v -0.000370 0.008606 -0.011446
v -0.000369 0.008605 -0.011447
v -0.000367 0.008603 -0.011451
v -0.000368 0.008604 -0.011449
v -0.000400 0.008636 -0.011757
v -0.000377 0.008613 -0.011757
v -0.000375 0.008611 -0.011757
v -0.000373 0.008609 -0.011756
v -0.000371 0.008607 -0.011755
v -0.000370 0.008606 -0.011754
v -0.000369 0.008605 -0.011753
v -0.000368 0.008604 -0.011751
v -0.000367 0.008603 -0.011749
v -0.000368 0.008604 -0.011994
v -0.000367 0.008603 -0.011992
v -0.000367 0.008603 -0.011990
v -0.000369 0.008605 -0.011996
v -0.000370 0.008606 -0.011997
v -0.000371 0.008607 -0.011998
v -0.000373 0.008609 -0.011999
v -0.000375 0.008611 -0.012000
v -0.000377 0.008613 -0.012000
v -0.000400 0.008636 -0.012000
v -0.000400 0.008636 -0.011921
v -0.000400 0.008636 -0.011921
v -0.000367 0.008603 -0.011853
v -0.000377 0.008613 -0.011843
v -0.000375 0.008611 -0.011843
v -0.000373 0.008609 -0.011844
v -0.000371 0.008607 -0.011845
v -0.000370 0.008606 -0.011846
v -0.000368 0.008604 -0.011849
v -0.000369 0.008605 -0.011847
v -0.000367 0.008603 -0.011851
v -0.000400 0.008636 -0.011843
v -0.000400 0.008636 -0.012000
v -0.000400 0.008636 -0.011843
v -0.000400 0.008636 -0.011921
v -0.000360 0.008603 -0.011453
v -0.000367 0.008603 -0.011453
v -0.000360 0.008603 -0.011747
v -0.000360 0.008603 -0.011747
v -0.000367 0.008603 -0.011453
v -0.000367 0.008603 -0.011747
v -0.000367 0.008603 -0.011990
v -0.000360 0.008603 -0.011990
v -0.000367 0.008603 -0.011853
v -0.000367 0.008603 -0.011853
v -0.000360 0.008603 -0.011990
v -0.000360 0.008603 -0.011853
v -0.000368 0.009002 -0.011449
v -0.000367 0.009003 -0.011451
v -0.000367 0.009003 -0.011453
v -0.000369 0.009001 -0.011447
v -0.000370 0.009000 -0.011446
v -0.000371 0.008999 -0.011445
v -0.000373 0.008997 -0.011444
v -0.000375 0.008995 -0.011443
v -0.000377 0.008993 -0.011443
v -0.000400 0.008970 -0.011520
v -0.000400 0.008970 -0.011597
v -0.000373 0.008997 -0.011594
v -0.000373 0.008997 -0.011605
v -0.000367 0.009003 -0.011747
v -0.000400 0.008970 -0.011680
v -0.000400 0.008970 -0.011680
v -0.000400 0.008970 -0.011602
v -0.000400 0.008970 -0.011757
v -0.000400 0.008970 -0.011680
v -0.000375 0.008995 -0.011757
v -0.000373 0.008997 -0.011756
v -0.000371 0.008999 -0.011755
v -0.000370 0.009000 -0.011754
v -0.000369 0.009001 -0.011753
v -0.000367 0.009003 -0.011749
v -0.000368 0.009002 -0.011751
v -0.000377 0.008993 -0.011757
v -0.000400 0.008970 -0.011443
v -0.000400 0.008970 -0.011757
v -0.000367 0.009003 -0.011453
v -0.000360 0.009003 -0.011453
v -0.000367 0.009003 -0.011747
v -0.000367 0.009003 -0.011747
v -0.000360 0.009003 -0.011453
v -0.000360 0.009003 -0.011747
v -0.000400 0.008636 -0.011520
v -0.000400 0.008636 -0.011443
v -0.000400 0.008647 -0.011494
v -0.000400 0.008636 -0.011278
v -0.000400 0.008647 -0.011306
v -0.000400 0.008636 -0.011357
v -0.000400 0.008970 -0.011278
v -0.000400 0.008970 -0.011357
v -0.000400 0.008959 -0.011306
v -0.000400 0.008970 -0.011520
v -0.000400 0.008959 -0.011494
v -0.000400 0.008970 -0.011443
v -0.000400 0.008636 -0.011597
v -0.000400 0.008702 -0.011493
v -0.000400 0.008803 -0.011597
v -0.000400 0.008647 -0.011496
v -0.000400 0.008636 -0.011520
v -0.000400 0.008636 -0.011443
v -0.000400 0.008647 -0.011443
v -0.000400 0.008673 -0.011504
v -0.000400 0.008636 -0.011597
v -0.000400 0.008636 -0.011520
v -0.000400 0.008648 -0.011498
v -0.000400 0.008636 -0.011520
v -0.000400 0.008649 -0.011500
v -0.000400 0.008636 -0.011520
v -0.000400 0.008650 -0.011501
v -0.000400 0.008636 -0.011520
v -0.000400 0.008651 -0.011502
v -0.000400 0.008636 -0.011520
v -0.000400 0.008653 -0.011503
v -0.000400 0.008636 -0.011520
v -0.000400 0.008636 -0.011520
v -0.000400 0.008655 -0.011504
v -0.000400 0.008636 -0.011520
v -0.000400 0.008657 -0.011504
v -0.000400 0.008636 -0.011520
v -0.000400 0.008666 -0.011504
v -0.000400 0.008636 -0.011520
v -0.000400 0.008636 -0.011597
v -0.000400 0.008679 -0.011503
v -0.000400 0.008636 -0.011597
v -0.000400 0.008685 -0.011501
v -0.000400 0.008636 -0.011597
v -0.000400 0.008691 -0.011499
v -0.000400 0.008636 -0.011597
v -0.000400 0.008697 -0.011496
v -0.000400 0.008636 -0.011597
v -0.000400 0.008970 -0.011597
v -0.000400 0.008904 -0.011493
v -0.000400 0.008707 -0.011489
v -0.000400 0.008899 -0.011489
v -0.000400 0.008712 -0.011485
v -0.000400 0.008894 -0.011485
v -0.000400 0.008716 -0.011481
v -0.000400 0.008890 -0.011481
v -0.000400 0.008720 -0.011476
v -0.000400 0.008886 -0.011476
v -0.000400 0.008723 -0.011470
v -0.000400 0.008726 -0.011464
v -0.000400 0.008883 -0.011470
v -0.000400 0.008880 -0.011464
v -0.000400 0.008877 -0.011452
v -0.000400 0.008729 -0.011452
v -0.000400 0.008730 -0.011446
v -0.000400 0.008876 -0.011446
v -0.000400 0.008731 -0.011440
v -0.000400 0.008875 -0.011440
v -0.000400 0.008731 -0.011360
v -0.000400 0.008730 -0.011354
v -0.000400 0.008875 -0.011360
v -0.000400 0.008876 -0.011354
v -0.000400 0.008877 -0.011348
v -0.000400 0.008729 -0.011348
v -0.000400 0.008728 -0.011341
v -0.000400 0.008878 -0.011341
v -0.000400 0.008726 -0.011336
v -0.000400 0.008883 -0.011330
v -0.000400 0.008880 -0.011336
v -0.000400 0.008723 -0.011330
v -0.000400 0.008720 -0.011324
v -0.000400 0.008894 -0.011315
v -0.000400 0.008712 -0.011315
v -0.000400 0.008707 -0.011311
v -0.000400 0.008890 -0.011319
v -0.000400 0.008636 -0.011200
v -0.000400 0.008904 -0.011307
v -0.000400 0.008702 -0.011307
v -0.000400 0.008899 -0.011311
v -0.000400 0.008673 -0.011296
v -0.000400 0.008685 -0.011299
v -0.000400 0.008679 -0.011297
v -0.000400 0.008666 -0.011296
v -0.000400 0.008691 -0.011301
v -0.000400 0.008657 -0.011296
v -0.000400 0.008655 -0.011296
v -0.000400 0.008653 -0.011297
v -0.000400 0.008651 -0.011298
v -0.000400 0.008650 -0.011299
v -0.000400 0.008697 -0.011304
v -0.000400 0.008649 -0.011300
v -0.000400 0.008648 -0.011302
v -0.000400 0.008716 -0.011319
v -0.000400 0.008886 -0.011324
v -0.000400 0.008647 -0.011304
v -0.000400 0.008959 -0.011304
v -0.000400 0.008959 -0.011357
v -0.000400 0.008933 -0.011296
v -0.000400 0.008970 -0.011200
v -0.000400 0.008958 -0.011302
v -0.000400 0.008957 -0.011300
v -0.000400 0.008956 -0.011299
v -0.000400 0.008955 -0.011298
v -0.000400 0.008953 -0.011297
v -0.000400 0.008951 -0.011296
v -0.000400 0.008949 -0.011296
v -0.000400 0.008939 -0.011296
v -0.000400 0.008927 -0.011297
v -0.000400 0.008921 -0.011299
v -0.000400 0.008915 -0.011301
v -0.000400 0.008909 -0.011304
v -0.000400 0.008647 -0.011357
v -0.000400 0.008878 -0.011459
v -0.000400 0.008728 -0.011459
v -0.000400 0.008909 -0.011496
v -0.000400 0.008970 -0.011597
v -0.000400 0.008915 -0.011499
v -0.000400 0.008970 -0.011597
v -0.000400 0.008921 -0.011501
v -0.000400 0.008970 -0.011597
v -0.000400 0.008970 -0.011597
v -0.000400 0.008927 -0.011503
v -0.000400 0.008970 -0.011597
v -0.000400 0.008933 -0.011504
v -0.000400 0.008970 -0.011520
v -0.000400 0.008939 -0.011504
v -0.000400 0.008970 -0.011520
v -0.000400 0.008953 -0.011503
v -0.000400 0.008970 -0.011520
v -0.000400 0.008951 -0.011504
v -0.000400 0.008970 -0.011520
v -0.000400 0.008949 -0.011504
v -0.000400 0.008955 -0.011502
v -0.000400 0.008970 -0.011520
v -0.000400 0.008956 -0.011501
v -0.000400 0.008970 -0.011520
v -0.000400 0.008970 -0.011520
v -0.000400 0.008957 -0.011500
v -0.000400 0.008970 -0.011520
v -0.000400 0.008958 -0.011498
v -0.000400 0.008970 -0.011520
v -0.000400 0.008970 -0.011597
v -0.000400 0.008959 -0.011496
v -0.000400 0.008970 -0.011520
v -0.000400 0.008970 -0.011520
v -0.000400 0.008959 -0.011443
v -0.000400 0.008970 -0.011443
v -0.000400 0.008970 -0.011597
v -0.000400 0.008970 -0.011921
v -0.000367 0.009003 -0.011990
v -0.000400 0.008970 -0.012000
v -0.000400 0.008970 -0.011921
v -0.000400 0.008970 -0.011843
v -0.000367 0.009003 -0.011853
v -0.000377 0.008993 -0.012000
v -0.000400 0.008970 -0.012000
v -0.000375 0.008995 -0.012000
v -0.000373 0.008997 -0.011999
v -0.000371 0.008999 -0.011998
v -0.000370 0.009000 -0.011997
v -0.000368 0.009002 -0.011994
v -0.000369 0.009001 -0.011996
v -0.000367 0.009003 -0.011992
v -0.000400 0.008970 -0.011921
v -0.000400 0.008970 -0.011843
v -0.000377 0.008993 -0.011843
v -0.000375 0.008995 -0.011843
v -0.000373 0.008997 -0.011844
v -0.000370 0.009000 -0.011846
v -0.000369 0.009001 -0.011847
v -0.000371 0.008999 -0.011845
v -0.000367 0.009003 -0.011851
v -0.000368 0.009002 -0.011849
v -0.000360 0.008603 -0.011210
v -0.000367 0.008603 -0.011210
v -0.000360 0.008603 -0.011347
v -0.000360 0.008603 -0.011347
v -0.000367 0.008603 -0.011347
v -0.000400 0.008636 -0.011278
v -0.000367 0.008603 -0.011210
v -0.000400 0.008636 -0.011200
v -0.000400 0.008636 -0.011278
v -0.000400 0.008636 -0.011357
v -0.000367 0.008603 -0.011347
v -0.000377 0.008613 -0.011200
v -0.000400 0.008636 -0.011200
v -0.000367 0.008603 -0.011210
v -0.000375 0.008611 -0.011200
v -0.000367 0.008603 -0.011210
v -0.000373 0.008609 -0.011201
v -0.000367 0.008603 -0.011210
v -0.000371 0.008607 -0.011202
v -0.000367 0.008603 -0.011210
v -0.000370 0.008606 -0.011203
v -0.000368 0.008604 -0.011206
v -0.000369 0.008605 -0.011204
v -0.000367 0.008603 -0.011210
v -0.000367 0.008603 -0.011210
v -0.000367 0.008603 -0.011208
v -0.000367 0.008603 -0.011210
v -0.000367 0.008603 -0.011210
v -0.000367 0.008603 -0.011210
v -0.000400 0.008636 -0.011278
v -0.000367 0.008603 -0.011347
v -0.000367 0.008603 -0.011347
v -0.000400 0.008636 -0.011357
v -0.000377 0.008613 -0.011357
v -0.000375 0.008611 -0.011357
v -0.000367 0.008603 -0.011347
v -0.000373 0.008609 -0.011356
v -0.000367 0.008603 -0.011347
v -0.000367 0.008603 -0.011347
v -0.000370 0.008606 -0.011354
v -0.000369 0.008605 -0.011353
v -0.000367 0.008603 -0.011347
v -0.000371 0.008607 -0.011355
v -0.000367 0.008603 -0.011349
v -0.000367 0.008603 -0.011347
v -0.000368 0.008604 -0.011351
v -0.000367 0.008603 -0.011347
v -0.000367 0.008603 -0.011347
v -0.000360 0.009003 -0.011347
v -0.000367 0.009003 -0.011347
v -0.000360 0.009003 -0.011210
v -0.000360 0.009003 -0.011210
v -0.000367 0.009003 -0.011210
v -0.000400 0.008970 -0.011278
v -0.000367 0.009003 -0.011347
v -0.000400 0.008970 -0.011357
v -0.000400 0.008970 -0.011278
v -0.000400 0.008970 -0.011200
v -0.000367 0.009003 -0.011210
v -0.000377 0.008993 -0.011357
v -0.000400 0.008970 -0.011357
v -0.000367 0.009003 -0.011347
v -0.000375 0.008995 -0.011357
v -0.000367 0.009003 -0.011347
v -0.000373 0.008997 -0.011356
v -0.000367 0.009003 -0.011347
v -0.000371 0.008999 -0.011355
v -0.000367 0.009003 -0.011347
v -0.000370 0.009000 -0.011354
v -0.000368 0.009002 -0.011351
v -0.000369 0.009001 -0.011353
v -0.000367 0.009003 -0.011347
v -0.000367 0.009003 -0.011347
v -0.000367 0.009003 -0.011349
v -0.000367 0.009003 -0.011347
v -0.000367 0.009003 -0.011347
v -0.000367 0.009003 -0.011347
v -0.000400 0.008970 -0.011278
v -0.000367 0.009003 -0.011210
v -0.000367 0.009003 -0.011210
v -0.000400 0.008970 -0.011200
v -0.000377 0.008993 -0.011200
v -0.000375 0.008995 -0.011200
v -0.000367 0.009003 -0.011210
v -0.000373 0.008997 -0.011201
v -0.000367 0.009003 -0.011210
v -0.000367 0.009003 -0.011210
v -0.000370 0.009000 -0.011203
v -0.000369 0.009001 -0.011204
v -0.000367 0.009003 -0.011210
v -0.000371 0.008999 -0.011202
v -0.000367 0.009003 -0.011208
v -0.000367 0.009003 -0.011210
v -0.000368 0.009002 -0.011206
v -0.000367 0.009003 -0.011210
v -0.000367 0.009003 -0.011210
v -0.000400 0.008636 -0.011200
v -0.000360 0.008803 -0.011200
v -0.000400 0.008970 -0.011200
v -0.000400 0.008636 -0.011200
v -0.000377 0.008613 -0.011200
v -0.000360 0.008613 -0.011200
v -0.000400 0.008970 -0.011200
v -0.000360 0.008803 -0.011200
v -0.000360 0.008898 -0.011200
v -0.000377 0.008993 -0.011200
v -0.000400 0.008970 -0.011200
v -0.000360 0.008993 -0.011200
v -0.000360 0.008898 -0.011200
v -0.000360 0.008993 -0.011200
v -0.000400 0.008970 -0.011200
v -0.000360 0.008708 -0.011200
v -0.000360 0.008803 -0.011200
v -0.000400 0.008636 -0.011200
v -0.000360 0.008708 -0.011200
v -0.000400 0.008636 -0.011200
v -0.000360 0.008613 -0.011200
v -0.000400 0.008636 -0.012000
v -0.000360 0.008803 -0.012000
v -0.000360 0.008708 -0.012000
v -0.000400 0.008636 -0.012000
v -0.000400 0.008970 -0.012000
v -0.000360 0.008803 -0.012000
v -0.000377 0.008613 -0.012000
v -0.000400 0.008636 -0.012000
v -0.000360 0.008613 -0.012000
v -0.000360 0.008708 -0.012000
v -0.000360 0.008613 -0.012000
v -0.000400 0.008636 -0.012000
v -0.000360 0.008898 -0.012000
v -0.000400 0.008970 -0.012000
v -0.000360 0.008993 -0.012000
v -0.000377 0.008993 -0.012000
v -0.000360 0.008993 -0.012000
v -0.000400 0.008970 -0.012000
v -0.000400 0.008970 -0.012000
v -0.000360 0.008898 -0.012000
v -0.000360 0.008803 -0.012000
v -0.000360 0.009003 -0.011990
v -0.000367 0.009003 -0.011990
v -0.000360 0.009003 -0.011853
v -0.000360 0.009003 -0.011853
v -0.000367 0.009003 -0.011990
v -0.000367 0.009003 -0.011853
v -0.000360 0.008875 -0.011440
v -0.000400 0.008875 -0.011440
v -0.000360 0.008875 -0.011360
v -0.000400 0.008875 -0.011440
v -0.000400 0.008875 -0.011360
v -0.000360 0.008875 -0.011360
v -0.000360 0.008933 -0.011296
v -0.000360 0.008927 -0.011297
v -0.000400 0.008933 -0.011296
v -0.000360 0.008927 -0.011297
v -0.000360 0.008921 -0.011299
v -0.000400 0.008927 -0.011297
v -0.000360 0.008921 -0.011299
v -0.000400 0.008921 -0.011299
v -0.000400 0.008927 -0.011297
v -0.000360 0.008915 -0.011301
v -0.000400 0.008915 -0.011301
v -0.000400 0.008921 -0.011299
v -0.000360 0.008909 -0.011304
v -0.000400 0.008915 -0.011301
v -0.000360 0.008915 -0.011301
v -0.000360 0.008904 -0.011307
v -0.000400 0.008909 -0.011304
v -0.000360 0.008909 -0.011304
v -0.000400 0.008904 -0.011307
v -0.000400 0.008909 -0.011304
v -0.000360 0.008904 -0.011307
v -0.000400 0.008899 -0.011311
v -0.000400 0.008904 -0.011307
v -0.000360 0.008899 -0.011311
v -0.000400 0.008899 -0.011311
v -0.000360 0.008899 -0.011311
v -0.000360 0.008894 -0.011315
v -0.000400 0.008894 -0.011315
v -0.000360 0.008894 -0.011315
v -0.000360 0.008890 -0.011319
v -0.000400 0.008894 -0.011315
v -0.000360 0.008890 -0.011319
v -0.000400 0.008890 -0.011319
v -0.000400 0.008890 -0.011319
v -0.000360 0.008886 -0.011324
v -0.000400 0.008886 -0.011324
v -0.000360 0.008886 -0.011324
v -0.000360 0.008883 -0.011330
v -0.000400 0.008886 -0.011324
v -0.000360 0.008883 -0.011330
v -0.000360 0.008880 -0.011336
v -0.000400 0.008883 -0.011330
v -0.000360 0.008880 -0.011336
v -0.000400 0.008880 -0.011336
v -0.000400 0.008883 -0.011330
v -0.000360 0.008933 -0.011296
v -0.000400 0.008933 -0.011296
v -0.000360 0.008939 -0.011296
v -0.000400 0.008876 -0.011354
v -0.000360 0.008875 -0.011360
v -0.000400 0.008875 -0.011360
v -0.000360 0.008876 -0.011354
v -0.000360 0.008875 -0.011360
v -0.000400 0.008876 -0.011354
v -0.000360 0.008876 -0.011354
v -0.000400 0.008876 -0.011354
v -0.000400 0.008877 -0.011348
v -0.000360 0.008876 -0.011354
v -0.000400 0.008877 -0.011348
v -0.000360 0.008877 -0.011348
v -0.000400 0.008877 -0.011348
v -0.000400 0.008878 -0.011341
v -0.000360 0.008877 -0.011348
v -0.000400 0.008878 -0.011341
v -0.000360 0.008878 -0.011341
v -0.000360 0.008877 -0.011348
v -0.000400 0.008880 -0.011336
v -0.000360 0.008878 -0.011341
v -0.000400 0.008878 -0.011341
v -0.000360 0.008880 -0.011336
v -0.000360 0.008878 -0.011341
v -0.000400 0.008880 -0.011336
v -0.000400 0.008886 -0.011324
v -0.000360 0.008883 -0.011330
v -0.000400 0.008883 -0.011330
v -0.000400 0.008890 -0.011319
v -0.000360 0.008890 -0.011319
v -0.000360 0.008886 -0.011324
v -0.000400 0.008894 -0.011315
v -0.000400 0.008899 -0.011311
v -0.000360 0.008894 -0.011315
v -0.000360 0.008899 -0.011311
v -0.000400 0.008904 -0.011307
v -0.000360 0.008904 -0.011307
v -0.000360 0.008909 -0.011304
v -0.000400 0.008909 -0.011304
v -0.000400 0.008915 -0.011301
v -0.000360 0.008921 -0.011299
v -0.000360 0.008915 -0.011301
v -0.000400 0.008921 -0.011299
v -0.000400 0.008933 -0.011296
v -0.000400 0.008939 -0.011296
v -0.000360 0.008939 -0.011296
v -0.000360 0.008927 -0.011297
v -0.000400 0.008927 -0.011297
v -0.000400 0.008933 -0.011296
v -0.000400 0.008949 -0.011296
v -0.000360 0.008949 -0.011296
v -0.000400 0.008939 -0.011296
v -0.000360 0.008949 -0.011296
v -0.000360 0.008939 -0.011296
v -0.000400 0.008939 -0.011296
v -0.000360 0.008959 -0.011306
v -0.000400 0.008959 -0.011306
v -0.000360 0.008959 -0.011357
v -0.000400 0.008959 -0.011306
v -0.000400 0.008959 -0.011357
v -0.000360 0.008959 -0.011357
v -0.000400 0.008959 -0.011494
v -0.000360 0.008959 -0.011494
v -0.000400 0.008959 -0.011443
v -0.000360 0.008959 -0.011494
v -0.000360 0.008959 -0.011443
v -0.000400 0.008959 -0.011443
v -0.000360 0.008949 -0.011504
v -0.000400 0.008949 -0.011504
v -0.000360 0.008939 -0.011504
v -0.000400 0.008949 -0.011504
v -0.000400 0.008939 -0.011504
v -0.000360 0.008939 -0.011504
v -0.000360 0.008876 -0.011446
v -0.000360 0.008877 -0.011452
v -0.000400 0.008876 -0.011446
v -0.000360 0.008877 -0.011452
v -0.000360 0.008878 -0.011459
v -0.000400 0.008877 -0.011452
v -0.000360 0.008878 -0.011459
v -0.000400 0.008878 -0.011459
v -0.000400 0.008877 -0.011452
v -0.000360 0.008880 -0.011464
v -0.000400 0.008880 -0.011464
v -0.000400 0.008878 -0.011459
v -0.000360 0.008883 -0.011470
v -0.000400 0.008880 -0.011464
v -0.000360 0.008880 -0.011464
v -0.000360 0.008886 -0.011476
v -0.000400 0.008883 -0.011470
v -0.000360 0.008883 -0.011470
v -0.000400 0.008886 -0.011476
v -0.000400 0.008883 -0.011470
v -0.000360 0.008886 -0.011476
v -0.000400 0.008890 -0.011481
v -0.000400 0.008886 -0.011476
v -0.000360 0.008890 -0.011481
v -0.000400 0.008890 -0.011481
v -0.000360 0.008890 -0.011481
v -0.000360 0.008894 -0.011485
v -0.000400 0.008894 -0.011485
v -0.000360 0.008894 -0.011485
v -0.000360 0.008899 -0.011489
v -0.000400 0.008894 -0.011485
v -0.000360 0.008899 -0.011489
v -0.000400 0.008899 -0.011489
v -0.000400 0.008899 -0.011489
v -0.000360 0.008904 -0.011493
v -0.000400 0.008904 -0.011493
v -0.000360 0.008904 -0.011493
v -0.000360 0.008909 -0.011496
v -0.000400 0.008904 -0.011493
v -0.000360 0.008909 -0.011496
v -0.000360 0.008915 -0.011499
v -0.000400 0.008909 -0.011496
v -0.000360 0.008915 -0.011499
v -0.000400 0.008915 -0.011499
v -0.000400 0.008909 -0.011496
v -0.000360 0.008876 -0.011446
v -0.000400 0.008876 -0.011446
v -0.000360 0.008875 -0.011440
v -0.000400 0.008933 -0.011504
v -0.000360 0.008939 -0.011504
v -0.000400 0.008939 -0.011504
v -0.000360 0.008933 -0.011504
v -0.000360 0.008939 -0.011504
v -0.000400 0.008933 -0.011504
v -0.000360 0.008933 -0.011504
v -0.000400 0.008933 -0.011504
v -0.000400 0.008927 -0.011503
v -0.000360 0.008933 -0.011504
v -0.000400 0.008927 -0.011503
v -0.000360 0.008927 -0.011503
v -0.000400 0.008927 -0.011503
v -0.000400 0.008921 -0.011501
v -0.000360 0.008927 -0.011503
v -0.000400 0.008921 -0.011501
v -0.000360 0.008921 -0.011501
v -0.000360 0.008927 -0.011503
v -0.000400 0.008915 -0.011499
v -0.000360 0.008921 -0.011501
v -0.000400 0.008921 -0.011501
v -0.000360 0.008915 -0.011499
v -0.000360 0.008921 -0.011501
v -0.000400 0.008915 -0.011499
v -0.000400 0.008904 -0.011493
v -0.000360 0.008909 -0.011496
v -0.000400 0.008909 -0.011496
v -0.000400 0.008899 -0.011489
v -0.000360 0.008899 -0.011489
v -0.000360 0.008904 -0.011493
v -0.000400 0.008894 -0.011485
v -0.000400 0.008890 -0.011481
v -0.000360 0.008894 -0.011485
v -0.000360 0.008890 -0.011481
v -0.000400 0.008886 -0.011476
v -0.000360 0.008886 -0.011476
v -0.000360 0.008883 -0.011470
v -0.000400 0.008883 -0.011470
v -0.000400 0.008880 -0.011464
v -0.000360 0.008878 -0.011459
v -0.000360 0.008880 -0.011464
v -0.000400 0.008878 -0.011459
v -0.000400 0.008876 -0.011446
v -0.000400 0.008875 -0.011440
v -0.000360 0.008875 -0.011440
v -0.000360 0.008877 -0.011452
v -0.000400 0.008877 -0.011452
v -0.000400 0.008876 -0.011446
v -0.000377 0.008993 -0.011357
v -0.000360 0.008959 -0.011357
v -0.000400 0.008970 -0.011357
v -0.000360 0.008993 -0.011357
v -0.000360 0.008959 -0.011357
v -0.000377 0.008993 -0.011357
v -0.000400 0.008959 -0.011357
v -0.000400 0.008970 -0.011357
v -0.000360 0.008959 -0.011357
v -0.000360 0.008993 -0.011443
v -0.000377 0.008993 -0.011443
v -0.000360 0.008959 -0.011443
v -0.000400 0.008970 -0.011443
v -0.000400 0.008959 -0.011443
v -0.000360 0.008959 -0.011443
v -0.000377 0.008993 -0.011443
v -0.000400 0.008970 -0.011443
v -0.000360 0.008959 -0.011443
v -0.000360 0.008731 -0.011440
v -0.000360 0.008731 -0.011360
v -0.000400 0.008731 -0.011440
v -0.000400 0.008731 -0.011440
v -0.000360 0.008731 -0.011360
v -0.000400 0.008731 -0.011360
v -0.000400 0.008666 -0.011296
v -0.000400 0.008673 -0.011296
v -0.000360 0.008666 -0.011296
v -0.000400 0.008673 -0.011296
v -0.000360 0.008673 -0.011296
v -0.000360 0.008666 -0.011296
v -0.000400 0.008679 -0.011297
v -0.000360 0.008673 -0.011296
v -0.000400 0.008673 -0.011296
v -0.000360 0.008679 -0.011297
v -0.000360 0.008673 -0.011296
v -0.000400 0.008679 -0.011297
v -0.000360 0.008679 -0.011297
v -0.000400 0.008679 -0.011297
v -0.000400 0.008685 -0.011299
v -0.000360 0.008679 -0.011297
v -0.000400 0.008685 -0.011299
v -0.000360 0.008685 -0.011299
v -0.000400 0.008685 -0.011299
v -0.000400 0.008691 -0.011301
v -0.000360 0.008685 -0.011299
v -0.000400 0.008691 -0.011301
v -0.000360 0.008691 -0.011301
v -0.000360 0.008685 -0.011299
v -0.000400 0.008697 -0.011304
v -0.000360 0.008691 -0.011301
v -0.000400 0.008691 -0.011301
v -0.000360 0.008697 -0.011304
v -0.000360 0.008691 -0.011301
v -0.000400 0.008697 -0.011304
v -0.000360 0.008697 -0.011304
v -0.000400 0.008697 -0.011304
v -0.000400 0.008702 -0.011307
v -0.000360 0.008697 -0.011304
v -0.000400 0.008702 -0.011307
v -0.000360 0.008702 -0.011307
v -0.000400 0.008702 -0.011307
v -0.000400 0.008707 -0.011311
v -0.000360 0.008702 -0.011307
v -0.000400 0.008707 -0.011311
v -0.000360 0.008707 -0.011311
v -0.000360 0.008702 -0.011307
v -0.000360 0.008716 -0.011319
v -0.000400 0.008720 -0.011324
v -0.000360 0.008720 -0.011324
v -0.000360 0.008720 -0.011324
v -0.000400 0.008720 -0.011324
v -0.000400 0.008723 -0.011330
v -0.000360 0.008731 -0.011360
v -0.000360 0.008730 -0.011354
v -0.000400 0.008731 -0.011360
v -0.000360 0.008730 -0.011354
v -0.000400 0.008730 -0.011354
v -0.000400 0.008731 -0.011360
v -0.000360 0.008729 -0.011348
v -0.000400 0.008730 -0.011354
v -0.000360 0.008730 -0.011354
v -0.000400 0.008729 -0.011348
v -0.000400 0.008730 -0.011354
v -0.000360 0.008729 -0.011348
v -0.000400 0.008729 -0.011348
v -0.000360 0.008729 -0.011348
v -0.000360 0.008728 -0.011341
v -0.000400 0.008729 -0.011348
v -0.000360 0.008728 -0.011341
v -0.000400 0.008728 -0.011341
v -0.000360 0.008728 -0.011341
v -0.000360 0.008726 -0.011336
v -0.000400 0.008728 -0.011341
v -0.000360 0.008726 -0.011336
v -0.000400 0.008726 -0.011336
v -0.000400 0.008728 -0.011341
v -0.000360 0.008723 -0.011330
v -0.000400 0.008726 -0.011336
v -0.000360 0.008726 -0.011336
v -0.000400 0.008723 -0.011330
v -0.000400 0.008726 -0.011336
v -0.000360 0.008723 -0.011330
v -0.000400 0.008723 -0.011330
v -0.000360 0.008723 -0.011330
v -0.000360 0.008720 -0.011324
v -0.000400 0.008720 -0.011324
v -0.000360 0.008716 -0.011319
v -0.000400 0.008716 -0.011319
v -0.000360 0.008716 -0.011319
v -0.000360 0.008712 -0.011315
v -0.000400 0.008716 -0.011319
v -0.000360 0.008712 -0.011315
v -0.000400 0.008712 -0.011315
v -0.000400 0.008716 -0.011319
v -0.000360 0.008707 -0.011311
v -0.000400 0.008712 -0.011315
v -0.000360 0.008712 -0.011315
v -0.000360 0.008707 -0.011311
v -0.000400 0.008707 -0.011311
v -0.000400 0.008712 -0.011315
v -0.000400 0.008666 -0.011296
v -0.000360 0.008666 -0.011296
v -0.000400 0.008657 -0.011296
v -0.000400 0.008657 -0.011296
v -0.000360 0.008666 -0.011296
v -0.000360 0.008657 -0.011296
v -0.000360 0.008647 -0.011357
v -0.000400 0.008647 -0.011357
v -0.000360 0.008647 -0.011306
v -0.000360 0.008647 -0.011306
v -0.000400 0.008647 -0.011357
v -0.000400 0.008647 -0.011306
v -0.000400 0.008647 -0.011443
v -0.000360 0.008647 -0.011443
v -0.000400 0.008647 -0.011494
v -0.000400 0.008647 -0.011494
v -0.000360 0.008647 -0.011443
v -0.000360 0.008647 -0.011494
v -0.000360 0.008666 -0.011504
v -0.000400 0.008666 -0.011504
v -0.000360 0.008657 -0.011504
v -0.000360 0.008657 -0.011504
v -0.000400 0.008666 -0.011504
v -0.000400 0.008657 -0.011504
v -0.000400 0.008731 -0.011440
v -0.000400 0.008730 -0.011446
v -0.000360 0.008731 -0.011440
v -0.000400 0.008730 -0.011446
v -0.000400 0.008729 -0.011452
v -0.000360 0.008730 -0.011446
v -0.000400 0.008729 -0.011452
v -0.000360 0.008729 -0.011452
v -0.000360 0.008730 -0.011446
v -0.000400 0.008728 -0.011459
v -0.000360 0.008728 -0.011459
v -0.000360 0.008729 -0.011452
v -0.000400 0.008726 -0.011464
v -0.000360 0.008726 -0.011464
v -0.000360 0.008728 -0.011459
v -0.000400 0.008723 -0.011470
v -0.000360 0.008726 -0.011464
v -0.000400 0.008726 -0.011464
v -0.000400 0.008720 -0.011476
v -0.000360 0.008723 -0.011470
v -0.000400 0.008723 -0.011470
v -0.000360 0.008720 -0.011476
v -0.000360 0.008723 -0.011470
v -0.000400 0.008720 -0.011476
v -0.000360 0.008716 -0.011481
v -0.000360 0.008720 -0.011476
v -0.000400 0.008716 -0.011481
v -0.000360 0.008716 -0.011481
v -0.000400 0.008716 -0.011481
v -0.000400 0.008712 -0.011485
v -0.000360 0.008712 -0.011485
v -0.000400 0.008712 -0.011485
v -0.000400 0.008707 -0.011489
v -0.000360 0.008712 -0.011485
v -0.000400 0.008707 -0.011489
v -0.000360 0.008707 -0.011489
v -0.000360 0.008707 -0.011489
v -0.000400 0.008702 -0.011493
v -0.000360 0.008702 -0.011493
v -0.000400 0.008702 -0.011493
v -0.000400 0.008697 -0.011496
v -0.000360 0.008702 -0.011493
v -0.000400 0.008697 -0.011496
v -0.000400 0.008691 -0.011499
v -0.000360 0.008697 -0.011496
v -0.000400 0.008691 -0.011499
v -0.000360 0.008691 -0.011499
v -0.000360 0.008697 -0.011496
v -0.000360 0.008673 -0.011504
v -0.000400 0.008666 -0.011504
v -0.000360 0.008666 -0.011504
v -0.000400 0.008673 -0.011504
v -0.000400 0.008666 -0.011504
v -0.000360 0.008673 -0.011504
v -0.000400 0.008673 -0.011504
v -0.000360 0.008673 -0.011504
v -0.000360 0.008679 -0.011503
v -0.000400 0.008673 -0.011504
v -0.000360 0.008679 -0.011503
v -0.000400 0.008679 -0.011503
v -0.000360 0.008679 -0.011503
v -0.000360 0.008685 -0.011501
v -0.000400 0.008679 -0.011503
v -0.000360 0.008685 -0.011501
v -0.000400 0.008685 -0.011501
v -0.000400 0.008679 -0.011503
v -0.000360 0.008691 -0.011499
v -0.000400 0.008685 -0.011501
v -0.000360 0.008685 -0.011501
v -0.000400 0.008691 -0.011499
v -0.000400 0.008685 -0.011501
v -0.000360 0.008691 -0.011499
v -0.000360 0.008702 -0.011493
v -0.000400 0.008697 -0.011496
v -0.000360 0.008697 -0.011496
v -0.000360 0.008707 -0.011489
v -0.000400 0.008707 -0.011489
v -0.000400 0.008702 -0.011493
v -0.000360 0.008712 -0.011485
v -0.000360 0.008716 -0.011481
v -0.000400 0.008712 -0.011485
v -0.000400 0.008716 -0.011481
v -0.000360 0.008720 -0.011476
v -0.000400 0.008720 -0.011476
v -0.000400 0.008723 -0.011470
v -0.000360 0.008723 -0.011470
v -0.000360 0.008726 -0.011464
v -0.000400 0.008728 -0.011459
v -0.000400 0.008726 -0.011464
v -0.000360 0.008728 -0.011459
v -0.000360 0.008730 -0.011446
v -0.000360 0.008731 -0.011440
v -0.000400 0.008730 -0.011446
v -0.000360 0.008729 -0.011452
v -0.000400 0.008729 -0.011452
v -0.000400 0.008728 -0.011459
v -0.000400 0.008647 -0.011357
v -0.000360 0.008647 -0.011357
v -0.000400 0.008636 -0.011357
v -0.000377 0.008613 -0.011357
v -0.000360 0.008647 -0.011357
v -0.000360 0.008613 -0.011357
v -0.000377 0.008613 -0.011357
v -0.000400 0.008636 -0.011357
v -0.000360 0.008647 -0.011357
v -0.000400 0.008647 -0.011443
v -0.000400 0.008636 -0.011443
v -0.000360 0.008647 -0.011443
v -0.000360 0.008647 -0.011443
v -0.000400 0.008636 -0.011443
v -0.000377 0.008613 -0.011443
v -0.000377 0.008613 -0.011443
v -0.000360 0.008613 -0.011443
v -0.000360 0.008647 -0.011443
v -0.000367 0.008603 -0.011453
v -0.000360 0.008603 -0.011453
v -0.000360 0.008603 -0.011451
v -0.000367 0.008603 -0.011451
v -0.000367 0.008603 -0.011453
v -0.000360 0.008603 -0.011451
v -0.000360 0.008603 -0.011451
v -0.000360 0.008604 -0.011449
v -0.000367 0.008603 -0.011451
v -0.000367 0.008603 -0.011451
v -0.000360 0.008604 -0.011449
v -0.000368 0.008604 -0.011449
v -0.000368 0.008604 -0.011449
v -0.000360 0.008604 -0.011449
v -0.000360 0.008605 -0.011447
v -0.000369 0.008605 -0.011447
v -0.000368 0.008604 -0.011449
v -0.000360 0.008605 -0.011447
v -0.000360 0.008606 -0.011446
v -0.000369 0.008605 -0.011447
v -0.000360 0.008605 -0.011447
v -0.000360 0.008607 -0.011445
v -0.000370 0.008606 -0.011446
v -0.000360 0.008606 -0.011446
v -0.000360 0.008606 -0.011446
v -0.000370 0.008606 -0.011446
v -0.000369 0.008605 -0.011447
v -0.000375 0.008611 -0.011443
v -0.000360 0.008613 -0.011443
v -0.000377 0.008613 -0.011443
v -0.000375 0.008611 -0.011443
v -0.000360 0.008611 -0.011443
v -0.000360 0.008613 -0.011443
v -0.000375 0.008611 -0.011443
v -0.000373 0.008609 -0.011444
v -0.000360 0.008611 -0.011443
v -0.000360 0.008611 -0.011443
v -0.000373 0.008609 -0.011444
v -0.000360 0.008609 -0.011444
v -0.000360 0.008609 -0.011444
v -0.000373 0.008609 -0.011444
v -0.000371 0.008607 -0.011445
v -0.000360 0.008607 -0.011445
v -0.000360 0.008609 -0.011444
v -0.000371 0.008607 -0.011445
v -0.000370 0.008606 -0.011446
v -0.000360 0.008607 -0.011445
v -0.000371 0.008607 -0.011445
v -0.000360 0.008603 -0.011990
v -0.000367 0.008603 -0.011990
v -0.000360 0.008603 -0.011992
v -0.000360 0.008603 -0.011992
v -0.000367 0.008603 -0.011992
v -0.000360 0.008604 -0.011994
v -0.000360 0.008604 -0.011994
v -0.000367 0.008603 -0.011992
v -0.000368 0.008604 -0.011994
v -0.000360 0.008605 -0.011996
v -0.000368 0.008604 -0.011994
v -0.000369 0.008605 -0.011996
v -0.000360 0.008606 -0.011997
v -0.000360 0.008605 -0.011996
v -0.000369 0.008605 -0.011996
v -0.000360 0.008607 -0.011998
v -0.000360 0.008606 -0.011997
v -0.000370 0.008606 -0.011997
v -0.000371 0.008607 -0.011998
v -0.000360 0.008607 -0.011998
v -0.000370 0.008606 -0.011997
v -0.000371 0.008607 -0.011998
v -0.000360 0.008609 -0.011999
v -0.000360 0.008607 -0.011998
v -0.000360 0.008613 -0.012000
v -0.000360 0.008611 -0.012000
v -0.000375 0.008611 -0.012000
v -0.000375 0.008611 -0.012000
v -0.000377 0.008613 -0.012000
v -0.000360 0.008613 -0.012000
v -0.000360 0.008611 -0.012000
v -0.000373 0.008609 -0.011999
v -0.000375 0.008611 -0.012000
v -0.000370 0.008606 -0.011997
v -0.000360 0.008606 -0.011997
v -0.000369 0.008605 -0.011996
v -0.000360 0.008609 -0.011999
v -0.000371 0.008607 -0.011998
v -0.000373 0.008609 -0.011999
v -0.000367 0.008603 -0.011992
v -0.000360 0.008603 -0.011992
v -0.000367 0.008603 -0.011990
v -0.000360 0.008611 -0.012000
v -0.000360 0.008609 -0.011999
v -0.000373 0.008609 -0.011999
v -0.000368 0.008604 -0.011994
v -0.000360 0.008605 -0.011996
v -0.000360 0.008604 -0.011994
v -0.000360 0.008993 -0.012000
v -0.000377 0.008993 -0.012000
v -0.000375 0.008995 -0.012000
v -0.000360 0.008995 -0.012000
v -0.000360 0.008993 -0.012000
v -0.000375 0.008995 -0.012000
v -0.000373 0.008997 -0.011999
v -0.000360 0.008995 -0.012000
v -0.000375 0.008995 -0.012000
v -0.000373 0.008997 -0.011999
v -0.000360 0.008997 -0.011999
v -0.000360 0.008995 -0.012000
v -0.000371 0.008999 -0.011998
v -0.000360 0.008999 -0.011998
v -0.000360 0.008997 -0.011999
v -0.000370 0.009000 -0.011997
v -0.000360 0.009000 -0.011997
v -0.000360 0.008999 -0.011998
v -0.000369 0.009001 -0.011996
v -0.000360 0.009001 -0.011996
v -0.000360 0.009000 -0.011997
v -0.000368 0.009002 -0.011994
v -0.000360 0.009002 -0.011994
v -0.000360 0.009001 -0.011996
v -0.000367 0.009003 -0.011992
v -0.000367 0.009003 -0.011990
v -0.000360 0.009003 -0.011992
v -0.000360 0.009003 -0.011992
v -0.000367 0.009003 -0.011990
v -0.000360 0.009003 -0.011990
v -0.000360 0.009002 -0.011994
v -0.000367 0.009003 -0.011992
v -0.000360 0.009003 -0.011992
v -0.000360 0.009002 -0.011994
v -0.000368 0.009002 -0.011994
v -0.000367 0.009003 -0.011992
v -0.000360 0.009001 -0.011996
v -0.000369 0.009001 -0.011996
v -0.000368 0.009002 -0.011994
v -0.000360 0.009000 -0.011997
v -0.000370 0.009000 -0.011997
v -0.000369 0.009001 -0.011996
v -0.000360 0.008999 -0.011998
v -0.000371 0.008999 -0.011998
v -0.000370 0.009000 -0.011997
v -0.000360 0.008997 -0.011999
v -0.000373 0.008997 -0.011999
v -0.000371 0.008999 -0.011998
v -0.000360 0.008993 -0.011443
v -0.000375 0.008995 -0.011443
v -0.000377 0.008993 -0.011443
v -0.000360 0.008993 -0.011443
v -0.000360 0.008995 -0.011443
v -0.000375 0.008995 -0.011443
v -0.000375 0.008995 -0.011443
v -0.000360 0.008995 -0.011443
v -0.000373 0.008997 -0.011444
v -0.000373 0.008997 -0.011444
v -0.000360 0.008995 -0.011443
v -0.000360 0.008997 -0.011444
v -0.000360 0.008999 -0.011445
v -0.000360 0.009000 -0.011446
v -0.000370 0.009000 -0.011446
v -0.000371 0.008999 -0.011445
v -0.000360 0.008997 -0.011444
v -0.000360 0.008999 -0.011445
v -0.000360 0.009000 -0.011446
v -0.000360 0.009001 -0.011447
v -0.000369 0.009001 -0.011447
v -0.000371 0.008999 -0.011445
v -0.000373 0.008997 -0.011444
v -0.000360 0.008997 -0.011444
v -0.000360 0.009003 -0.011451
v -0.000360 0.009003 -0.011453
v -0.000367 0.009003 -0.011453
v -0.000367 0.009003 -0.011451
v -0.000360 0.009003 -0.011451
v -0.000367 0.009003 -0.011453
v -0.000367 0.009003 -0.011451
v -0.000360 0.009002 -0.011449
v -0.000360 0.009003 -0.011451
v -0.000367 0.009003 -0.011451
v -0.000368 0.009002 -0.011449
v -0.000360 0.009002 -0.011449
v -0.000360 0.009002 -0.011449
v -0.000368 0.009002 -0.011449
v -0.000360 0.009001 -0.011447
v -0.000360 0.009001 -0.011447
v -0.000368 0.009002 -0.011449
v -0.000369 0.009001 -0.011447
v -0.000360 0.009000 -0.011446
v -0.000369 0.009001 -0.011447
v -0.000370 0.009000 -0.011446
v -0.000370 0.009000 -0.011446
v -0.000371 0.008999 -0.011445
v -0.000360 0.008999 -0.011445
v -0.000360 0.009003 -0.011347
v -0.000360 0.009003 -0.011349
v -0.000367 0.009003 -0.011349
v -0.000360 0.009003 -0.011349
v -0.000360 0.009003 -0.011349
v -0.000360 0.009002 -0.011351
v -0.000367 0.009003 -0.011349
v -0.000367 0.009003 -0.011349
v -0.000360 0.009002 -0.011351
v -0.000368 0.009002 -0.011351
v -0.000368 0.009002 -0.011351
v -0.000360 0.009002 -0.011351
v -0.000360 0.009001 -0.011353
v -0.000369 0.009001 -0.011353
v -0.000368 0.009002 -0.011351
v -0.000360 0.009001 -0.011353
v -0.000360 0.009000 -0.011354
v -0.000369 0.009001 -0.011353
v -0.000360 0.009001 -0.011353
v -0.000360 0.008999 -0.011355
v -0.000370 0.009000 -0.011354
v -0.000360 0.009000 -0.011354
v -0.000360 0.009000 -0.011354
v -0.000370 0.009000 -0.011354
v -0.000369 0.009001 -0.011353
v -0.000375 0.008995 -0.011357
v -0.000360 0.008993 -0.011357
v -0.000377 0.008993 -0.011357
v -0.000375 0.008995 -0.011357
v -0.000360 0.008995 -0.011357
v -0.000360 0.008993 -0.011357
v -0.000375 0.008995 -0.011357
v -0.000373 0.008997 -0.011356
v -0.000360 0.008995 -0.011357
v -0.000360 0.008995 -0.011357
v -0.000373 0.008997 -0.011356
v -0.000360 0.008997 -0.011356
v -0.000360 0.008997 -0.011356
v -0.000373 0.008997 -0.011356
v -0.000371 0.008999 -0.011355
v -0.000360 0.008999 -0.011355
v -0.000360 0.008997 -0.011356
v -0.000371 0.008999 -0.011355
v -0.000370 0.009000 -0.011354
v -0.000360 0.008999 -0.011355
v -0.000371 0.008999 -0.011355
v -0.000360 0.008951 -0.011504
v -0.000360 0.008953 -0.011503
v -0.000400 0.008951 -0.011504
v -0.000360 0.008953 -0.011503
v -0.000360 0.008955 -0.011502
v -0.000400 0.008953 -0.011503
v -0.000360 0.008955 -0.011502
v -0.000400 0.008955 -0.011502
v -0.000400 0.008953 -0.011503
v -0.000360 0.008956 -0.011501
v -0.000400 0.008956 -0.011501
v -0.000400 0.008955 -0.011502
v -0.000360 0.008957 -0.011500
v -0.000400 0.008956 -0.011501
v -0.000360 0.008956 -0.011501
v -0.000360 0.008958 -0.011498
v -0.000400 0.008957 -0.011500
v -0.000360 0.008957 -0.011500
v -0.000400 0.008958 -0.011498
v -0.000400 0.008957 -0.011500
v -0.000360 0.008958 -0.011498
v -0.000360 0.008951 -0.011504
v -0.000400 0.008951 -0.011504
v -0.000360 0.008949 -0.011504
v -0.000400 0.008959 -0.011496
v -0.000360 0.008959 -0.011494
v -0.000400 0.008959 -0.011494
v -0.000360 0.008959 -0.011496
v -0.000360 0.008959 -0.011494
v -0.000400 0.008959 -0.011496
v -0.000360 0.008959 -0.011496
v -0.000400 0.008959 -0.011496
v -0.000400 0.008958 -0.011498
v -0.000360 0.008959 -0.011496
v -0.000400 0.008958 -0.011498
v -0.000360 0.008958 -0.011498
v -0.000360 0.008957 -0.011500
v -0.000400 0.008957 -0.011500
v -0.000400 0.008956 -0.011501
v -0.000360 0.008955 -0.011502
v -0.000360 0.008956 -0.011501
v -0.000400 0.008955 -0.011502
v -0.000400 0.008951 -0.011504
v -0.000400 0.008949 -0.011504
v -0.000360 0.008949 -0.011504
v -0.000360 0.008953 -0.011503
v -0.000400 0.008953 -0.011503
v -0.000400 0.008951 -0.011504
v -0.000360 0.008959 -0.011304
v -0.000360 0.008958 -0.011302
v -0.000400 0.008959 -0.011304
v -0.000360 0.008958 -0.011302
v -0.000360 0.008957 -0.011300
v -0.000400 0.008958 -0.011302
v -0.000360 0.008957 -0.011300
v -0.000400 0.008957 -0.011300
v -0.000400 0.008958 -0.011302
v -0.000360 0.008956 -0.011299
v -0.000400 0.008956 -0.011299
v -0.000400 0.008957 -0.011300
v -0.000360 0.008955 -0.011298
v -0.000400 0.008956 -0.011299
v -0.000360 0.008956 -0.011299
v -0.000360 0.008953 -0.011297
v -0.000400 0.008955 -0.011298
v -0.000360 0.008955 -0.011298
v -0.000400 0.008953 -0.011297
v -0.000400 0.008955 -0.011298
v -0.000360 0.008953 -0.011297
v -0.000360 0.008959 -0.011304
v -0.000400 0.008959 -0.011304
v -0.000360 0.008959 -0.011306
v -0.000400 0.008951 -0.011296
v -0.000360 0.008949 -0.011296
v -0.000400 0.008949 -0.011296
v -0.000360 0.008951 -0.011296
v -0.000360 0.008949 -0.011296
v -0.000400 0.008951 -0.011296
v -0.000360 0.008951 -0.011296
v -0.000400 0.008951 -0.011296
v -0.000400 0.008953 -0.011297
v -0.000360 0.008951 -0.011296
v -0.000400 0.008953 -0.011297
v -0.000360 0.008953 -0.011297
v -0.000360 0.008955 -0.011298
v -0.000400 0.008955 -0.011298
v -0.000400 0.008956 -0.011299
v -0.000360 0.008957 -0.011300
v -0.000360 0.008956 -0.011299
v -0.000400 0.008957 -0.011300
v -0.000400 0.008959 -0.011304
v -0.000400 0.008959 -0.011306
v -0.000360 0.008959 -0.011306
v -0.000360 0.008958 -0.011302
v -0.000400 0.008958 -0.011302
v -0.000400 0.008959 -0.011304
v -0.000360 0.008647 -0.011496
v -0.000360 0.008648 -0.011498
v -0.000400 0.008647 -0.011496
v -0.000360 0.008648 -0.011498
v -0.000360 0.008649 -0.011500
v -0.000400 0.008648 -0.011498
v -0.000360 0.008649 -0.011500
v -0.000400 0.008649 -0.011500
v -0.000400 0.008648 -0.011498
v -0.000360 0.008650 -0.011501
v -0.000400 0.008650 -0.011501
v -0.000400 0.008649 -0.011500
v -0.000360 0.008651 -0.011502
v -0.000400 0.008650 -0.011501
v -0.000360 0.008650 -0.011501
v -0.000360 0.008653 -0.011503
v -0.000400 0.008651 -0.011502
v -0.000360 0.008651 -0.011502
v -0.000400 0.008653 -0.011503
v -0.000400 0.008651 -0.011502
v -0.000360 0.008653 -0.011503
v -0.000360 0.008657 -0.011504
v -0.000400 0.008657 -0.011504
v -0.000400 0.008655 -0.011504
v -0.000360 0.008657 -0.011504
v -0.000400 0.008655 -0.011504
v -0.000360 0.008655 -0.011504
v -0.000400 0.008655 -0.011504
v -0.000400 0.008653 -0.011503
v -0.000360 0.008655 -0.011504
v -0.000360 0.008647 -0.011496
v -0.000400 0.008647 -0.011496
v -0.000360 0.008647 -0.011494
v -0.000360 0.008653 -0.011503
v -0.000360 0.008655 -0.011504
v -0.000400 0.008653 -0.011503
v -0.000400 0.008647 -0.011496
v -0.000400 0.008647 -0.011494
v -0.000360 0.008647 -0.011494
v -0.000400 0.008647 -0.011496
v -0.000360 0.008648 -0.011498
v -0.000400 0.008648 -0.011498
v -0.000360 0.008649 -0.011500
v -0.000360 0.008650 -0.011501
v -0.000400 0.008649 -0.011500
v -0.000360 0.008651 -0.011502
v -0.000400 0.008651 -0.011502
v -0.000400 0.008650 -0.011501
v -0.000360 0.008613 -0.011200
v -0.000377 0.008613 -0.011200
v -0.000375 0.008611 -0.011200
v -0.000360 0.008611 -0.011200
v -0.000360 0.008613 -0.011200
v -0.000375 0.008611 -0.011200
v -0.000373 0.008609 -0.011201
v -0.000360 0.008611 -0.011200
v -0.000375 0.008611 -0.011200
v -0.000373 0.008609 -0.011201
v -0.000360 0.008609 -0.011201
v -0.000360 0.008611 -0.011200
v -0.000373 0.008609 -0.011201
v -0.000371 0.008607 -0.011202
v -0.000360 0.008609 -0.011201
v -0.000360 0.008609 -0.011201
v -0.000371 0.008607 -0.011202
v -0.000360 0.008607 -0.011202
v -0.000360 0.008607 -0.011202
v -0.000370 0.008606 -0.011203
v -0.000360 0.008606 -0.011203
v -0.000360 0.008603 -0.011210
v -0.000360 0.008603 -0.011208
v -0.000360 0.008603 -0.011208
v -0.000367 0.008603 -0.011208
v -0.000360 0.008603 -0.011208
v -0.000360 0.008604 -0.011206
v -0.000367 0.008603 -0.011208
v -0.000367 0.008603 -0.011208
v -0.000360 0.008604 -0.011206
v -0.000368 0.008604 -0.011206
v -0.000368 0.008604 -0.011206
v -0.000360 0.008604 -0.011206
v -0.000360 0.008605 -0.011204
v -0.000369 0.008605 -0.011204
v -0.000368 0.008604 -0.011206
v -0.000360 0.008605 -0.011204
v -0.000360 0.008606 -0.011203
v -0.000369 0.008605 -0.011204
v -0.000360 0.008605 -0.011204
v -0.000360 0.008606 -0.011203
v -0.000370 0.008606 -0.011203
v -0.000369 0.008605 -0.011204
v -0.000370 0.008606 -0.011203
v -0.000360 0.008607 -0.011202
v -0.000371 0.008607 -0.011202
v -0.000360 0.009003 -0.011210
v -0.000360 0.009003 -0.011208
v -0.000360 0.009003 -0.011208
v -0.000367 0.009003 -0.011208
v -0.000360 0.009002 -0.011206
v -0.000360 0.009003 -0.011208
v -0.000367 0.009003 -0.011208
v -0.000368 0.009002 -0.011206
v -0.000360 0.009002 -0.011206
v -0.000367 0.009003 -0.011208
v -0.000368 0.009002 -0.011206
v -0.000360 0.009001 -0.011204
v -0.000360 0.009002 -0.011206
v -0.000368 0.009002 -0.011206
v -0.000369 0.009001 -0.011204
v -0.000360 0.009001 -0.011204
v -0.000360 0.009001 -0.011204
v -0.000369 0.009001 -0.011204
v -0.000360 0.009000 -0.011203
v -0.000360 0.009000 -0.011203
v -0.000369 0.009001 -0.011204
v -0.000370 0.009000 -0.011203
v -0.000360 0.008999 -0.011202
v -0.000360 0.009000 -0.011203
v -0.000370 0.009000 -0.011203
v -0.000377 0.008993 -0.011200
v -0.000360 0.008993 -0.011200
v -0.000375 0.008995 -0.011200
v -0.000375 0.008995 -0.011200
v -0.000360 0.008993 -0.011200
v -0.000360 0.008995 -0.011200
v -0.000373 0.008997 -0.011201
v -0.000375 0.008995 -0.011200
v -0.000360 0.008995 -0.011200
v -0.000371 0.008999 -0.011202
v -0.000360 0.008997 -0.011201
v -0.000360 0.008999 -0.011202
v -0.000371 0.008999 -0.011202
v -0.000373 0.008997 -0.011201
v -0.000360 0.008997 -0.011201
v -0.000370 0.009000 -0.011203
v -0.000371 0.008999 -0.011202
v -0.000360 0.008999 -0.011202
v -0.000373 0.008997 -0.011201
v -0.000360 0.008995 -0.011200
v -0.000360 0.008997 -0.011201
v -0.000360 0.008655 -0.011296
v -0.000400 0.008655 -0.011296
v -0.000360 0.008657 -0.011296
v -0.000360 0.008653 -0.011297
v -0.000400 0.008655 -0.011296
v -0.000360 0.008655 -0.011296
v -0.000360 0.008651 -0.011298
v -0.000400 0.008653 -0.011297
v -0.000360 0.008653 -0.011297
v -0.000400 0.008651 -0.011298
v -0.000400 0.008653 -0.011297
v -0.000360 0.008651 -0.011298
v -0.000400 0.008650 -0.011299
v -0.000400 0.008651 -0.011298
v -0.000360 0.008650 -0.011299
v -0.000400 0.008650 -0.011299
v -0.000360 0.008650 -0.011299
v -0.000360 0.008649 -0.011300
v -0.000400 0.008649 -0.011300
v -0.000360 0.008649 -0.011300
v -0.000360 0.008648 -0.011302
v -0.000400 0.008647 -0.011306
v -0.000400 0.008647 -0.011304
v -0.000360 0.008647 -0.011306
v -0.000400 0.008647 -0.011304
v -0.000360 0.008647 -0.011304
v -0.000360 0.008647 -0.011306
v -0.000400 0.008648 -0.011302
v -0.000360 0.008647 -0.011304
v -0.000400 0.008647 -0.011304
v -0.000360 0.008648 -0.011302
v -0.000360 0.008647 -0.011304
v -0.000400 0.008648 -0.011302
v -0.000360 0.008648 -0.011302
v -0.000400 0.008648 -0.011302
v -0.000400 0.008649 -0.011300
v -0.000360 0.008649 -0.011300
v -0.000400 0.008649 -0.011300
v -0.000400 0.008650 -0.011299
v -0.000360 0.008651 -0.011298
v -0.000360 0.008650 -0.011299
v -0.000400 0.008651 -0.011298
v -0.000400 0.008655 -0.011296
v -0.000400 0.008657 -0.011296
v -0.000360 0.008657 -0.011296
v -0.000360 0.008653 -0.011297
v -0.000400 0.008653 -0.011297
v -0.000400 0.008655 -0.011296
v -0.000360 0.008613 -0.011357
v -0.000375 0.008611 -0.011357
v -0.000377 0.008613 -0.011357
v -0.000360 0.008613 -0.011357
v -0.000360 0.008611 -0.011357
v -0.000375 0.008611 -0.011357
v -0.000375 0.008611 -0.011357
v -0.000360 0.008611 -0.011357
v -0.000373 0.008609 -0.011356
v -0.000373 0.008609 -0.011356
v -0.000360 0.008611 -0.011357
v -0.000360 0.008609 -0.011356
v -0.000360 0.008607 -0.011355
v -0.000360 0.008606 -0.011354
v -0.000370 0.008606 -0.011354
v -0.000371 0.008607 -0.011355
v -0.000360 0.008609 -0.011356
v -0.000360 0.008607 -0.011355
v -0.000360 0.008606 -0.011354
v -0.000360 0.008605 -0.011353
v -0.000369 0.008605 -0.011353
v -0.000371 0.008607 -0.011355
v -0.000373 0.008609 -0.011356
v -0.000360 0.008609 -0.011356
v -0.000360 0.008603 -0.011349
v -0.000360 0.008603 -0.011347
v -0.000367 0.008603 -0.011349
v -0.000360 0.008603 -0.011349
v -0.000367 0.008603 -0.011349
v -0.000360 0.008604 -0.011351
v -0.000360 0.008603 -0.011349
v -0.000367 0.008603 -0.011349
v -0.000368 0.008604 -0.011351
v -0.000360 0.008604 -0.011351
v -0.000360 0.008604 -0.011351
v -0.000368 0.008604 -0.011351
v -0.000360 0.008605 -0.011353
v -0.000360 0.008605 -0.011353
v -0.000368 0.008604 -0.011351
v -0.000369 0.008605 -0.011353
v -0.000360 0.008606 -0.011354
v -0.000369 0.008605 -0.011353
v -0.000370 0.008606 -0.011354
v -0.000370 0.008606 -0.011354
v -0.000371 0.008607 -0.011355
v -0.000360 0.008607 -0.011355
v -0.000310 0.008833 -0.011380
v -0.000310 0.008833 -0.011420
v -0.000360 0.008833 -0.011380
v -0.000360 0.008833 -0.011420
v -0.000360 0.008833 -0.011380
v -0.000270 0.008826 -0.011380
v -0.000310 0.008833 -0.011380
v -0.000270 0.008823 -0.011380
v -0.000310 0.008833 -0.011380
v -0.000360 0.008823 -0.011380
v -0.000360 0.008833 -0.011380
v -0.000360 0.008823 -0.011380
v -0.000310 0.008833 -0.011380
v -0.000310 0.008823 -0.011370
v -0.000360 0.008823 -0.011380
v -0.000360 0.008823 -0.011370
v -0.000270 0.008823 -0.011380
v -0.000360 0.008823 -0.011380
v -0.000270 0.008823 -0.011380
v -0.000270 0.008823 -0.011377
v -0.000310 0.008783 -0.011370
v -0.000310 0.008823 -0.011370
v -0.000360 0.008783 -0.011370
v -0.000310 0.008823 -0.011370
v -0.000360 0.008823 -0.011370
v -0.000360 0.008783 -0.011370
v -0.000270 0.008783 -0.011377
v -0.000310 0.008783 -0.011370
v -0.000270 0.008783 -0.011380
v -0.000310 0.008783 -0.011370
v -0.000360 0.008783 -0.011380
v -0.000360 0.008783 -0.011370
v -0.000360 0.008783 -0.011380
v -0.000310 0.008783 -0.011370
v -0.000310 0.008773 -0.011380
v -0.000360 0.008783 -0.011380
v -0.000360 0.008773 -0.011380
v -0.000270 0.008783 -0.011380
v -0.000360 0.008783 -0.011380
v -0.000270 0.008783 -0.011380
v -0.000270 0.008780 -0.011380
v -0.000310 0.008773 -0.011420
v -0.000310 0.008773 -0.011380
v -0.000360 0.008773 -0.011420
v -0.000310 0.008773 -0.011380
v -0.000360 0.008773 -0.011380
v -0.000360 0.008773 -0.011420
v -0.000270 0.008780 -0.011420
v -0.000310 0.008773 -0.011420
v -0.000270 0.008783 -0.011420
v -0.000310 0.008773 -0.011420
v -0.000360 0.008783 -0.011420
v -0.000360 0.008773 -0.011420
v -0.000360 0.008783 -0.011420
v -0.000310 0.008773 -0.011420
v -0.000310 0.008783 -0.011430
v -0.000360 0.008783 -0.011420
v -0.000360 0.008783 -0.011430
v -0.000270 0.008783 -0.011420
v -0.000360 0.008783 -0.011420
v -0.000270 0.008783 -0.011420
v -0.000270 0.008783 -0.011423
v -0.000310 0.008823 -0.011430
v -0.000310 0.008783 -0.011430
v -0.000360 0.008823 -0.011430
v -0.000310 0.008783 -0.011430
v -0.000360 0.008783 -0.011430
v -0.000360 0.008823 -0.011430
v -0.000270 0.008823 -0.011423
v -0.000310 0.008823 -0.011430
v -0.000270 0.008823 -0.011420
v -0.000310 0.008823 -0.011430
v -0.000360 0.008823 -0.011420
v -0.000360 0.008823 -0.011430
v -0.000360 0.008823 -0.011420
v -0.000310 0.008823 -0.011430
v -0.000360 0.008799 -0.011420
v -0.000270 0.008799 -0.011420
v -0.000360 0.008803 -0.011420
v -0.000360 0.008795 -0.011418
v -0.000360 0.008792 -0.011417
v -0.000270 0.008795 -0.011418
v -0.000270 0.008792 -0.011417
v -0.000270 0.008789 -0.011414
v -0.000360 0.008789 -0.011414
v -0.000360 0.008786 -0.011411
v -0.000270 0.008786 -0.011411
v -0.000360 0.008785 -0.011408
v -0.000270 0.008785 -0.011408
v -0.000360 0.008783 -0.011404
v -0.000270 0.008783 -0.011404
v -0.000360 0.008783 -0.011400
v -0.000360 0.008783 -0.011396
v -0.000270 0.008783 -0.011400
v -0.000270 0.008783 -0.011396
v -0.000360 0.008785 -0.011392
v -0.000270 0.008785 -0.011392
v -0.000360 0.008786 -0.011389
v -0.000360 0.008789 -0.011386
v -0.000270 0.008786 -0.011389
v -0.000270 0.008789 -0.011386
v -0.000270 0.008792 -0.011383
v -0.000360 0.008792 -0.011383
v -0.000360 0.008795 -0.011382
v -0.000270 0.008795 -0.011382
v -0.000360 0.008799 -0.011380
v -0.000270 0.008799 -0.011380
v -0.000360 0.008803 -0.011380
v -0.000270 0.008803 -0.011380
v -0.000360 0.008807 -0.011380
v -0.000270 0.008807 -0.011380
v -0.000360 0.008811 -0.011382
v -0.000270 0.008811 -0.011382
v -0.000360 0.008814 -0.011383
v -0.000360 0.008823 -0.011400
v -0.000270 0.008823 -0.011400
v -0.000270 0.008823 -0.011396
v -0.000360 0.008823 -0.011404
v -0.000270 0.008823 -0.011404
v -0.000360 0.008821 -0.011408
v -0.000270 0.008821 -0.011408
v -0.000360 0.008820 -0.011411
v -0.000270 0.008820 -0.011411
v -0.000360 0.008817 -0.011414
v -0.000360 0.008814 -0.011417
v -0.000270 0.008817 -0.011414
v -0.000270 0.008814 -0.011417
v -0.000270 0.008811 -0.011418
v -0.000360 0.008811 -0.011418
v -0.000270 0.008807 -0.011420
v -0.000360 0.008807 -0.011420
v -0.000270 0.008803 -0.011420
v -0.000360 0.008823 -0.011396
v -0.000270 0.008821 -0.011392
v -0.000360 0.008821 -0.011392
v -0.000270 0.008820 -0.011389
v -0.000360 0.008820 -0.011389
v -0.000270 0.008817 -0.011386
v -0.000360 0.008817 -0.011386
v -0.000270 0.008814 -0.011383
v -0.000310 0.008833 -0.011420
v -0.000360 0.008823 -0.011420
v -0.000360 0.008833 -0.011420
v -0.000270 0.008823 -0.011420
v -0.000360 0.008823 -0.011420
v -0.000310 0.008833 -0.011420
v -0.000270 0.008823 -0.011420
v -0.000310 0.008833 -0.011420
v -0.000270 0.008826 -0.011420
v -0.000270 0.008803 -0.011423
v -0.000270 0.008803 -0.011420
v -0.000270 0.008799 -0.011420
v -0.000270 0.008780 -0.011400
v -0.000270 0.008783 -0.011400
v -0.000270 0.008783 -0.011396
v -0.000270 0.008826 -0.011380
v -0.000270 0.008823 -0.011380
v -0.000270 0.008820 -0.011389
v -0.000270 0.008826 -0.011420
v -0.000270 0.008821 -0.011408
v -0.000270 0.008820 -0.011411
v -0.000270 0.008811 -0.011418
v -0.000270 0.008807 -0.011420
v -0.000270 0.008823 -0.011423
v -0.000270 0.008814 -0.011417
v -0.000270 0.008811 -0.011418
v -0.000270 0.008783 -0.011423
v -0.000270 0.008795 -0.011418
v -0.000270 0.008792 -0.011417
v -0.000270 0.008785 -0.011408
v -0.000270 0.008783 -0.011404
v -0.000270 0.008780 -0.011420
v -0.000270 0.008786 -0.011411
v -0.000270 0.008785 -0.011408
v -0.000270 0.008780 -0.011380
v -0.000270 0.008785 -0.011392
v -0.000270 0.008786 -0.011389
v -0.000270 0.008803 -0.011377
v -0.000270 0.008795 -0.011382
v -0.000270 0.008799 -0.011380
v -0.000270 0.008783 -0.011377
v -0.000270 0.008792 -0.011383
v -0.000270 0.008795 -0.011382
v -0.000270 0.008823 -0.011377
v -0.000270 0.008811 -0.011382
v -0.000270 0.008814 -0.011383
v -0.000270 0.008823 -0.011380
v -0.000270 0.008814 -0.011383
v -0.000270 0.008817 -0.011386
v -0.000270 0.008823 -0.011380
v -0.000270 0.008817 -0.011386
v -0.000270 0.008820 -0.011389
v -0.000270 0.008807 -0.011420
v -0.000270 0.008803 -0.011420
v -0.000270 0.008823 -0.011423
v -0.000270 0.008811 -0.011418
v -0.000270 0.008820 -0.011411
v -0.000270 0.008823 -0.011420
v -0.000270 0.008826 -0.011420
v -0.000270 0.008814 -0.011417
v -0.000270 0.008823 -0.011423
v -0.000270 0.008823 -0.011420
v -0.000270 0.008817 -0.011414
v -0.000270 0.008814 -0.011417
v -0.000270 0.008823 -0.011420
v -0.000270 0.008820 -0.011411
v -0.000270 0.008817 -0.011414
v -0.000270 0.008823 -0.011420
v -0.000270 0.008821 -0.011408
v -0.000270 0.008826 -0.011420
v -0.000270 0.008826 -0.011400
v -0.000270 0.008823 -0.011404
v -0.000270 0.008821 -0.011408
v -0.000270 0.008823 -0.011396
v -0.000270 0.008823 -0.011400
v -0.000270 0.008826 -0.011380
v -0.000270 0.008821 -0.011392
v -0.000270 0.008821 -0.011392
v -0.000270 0.008823 -0.011396
v -0.000270 0.008820 -0.011389
v -0.000270 0.008821 -0.011392
v -0.000270 0.008826 -0.011380
v -0.000270 0.008814 -0.011383
v -0.000270 0.008823 -0.011380
v -0.000270 0.008823 -0.011377
v -0.000270 0.008823 -0.011400
v -0.000270 0.008823 -0.011404
v -0.000270 0.008807 -0.011380
v -0.000270 0.008811 -0.011382
v -0.000270 0.008799 -0.011380
v -0.000270 0.008803 -0.011380
v -0.000270 0.008783 -0.011377
v -0.000270 0.008795 -0.011382
v -0.000270 0.008786 -0.011389
v -0.000270 0.008783 -0.011380
v -0.000270 0.008780 -0.011380
v -0.000270 0.008792 -0.011383
v -0.000270 0.008783 -0.011377
v -0.000270 0.008783 -0.011380
v -0.000270 0.008789 -0.011386
v -0.000270 0.008792 -0.011383
v -0.000270 0.008783 -0.011380
v -0.000270 0.008786 -0.011389
v -0.000270 0.008789 -0.011386
v -0.000270 0.008783 -0.011380
v -0.000270 0.008785 -0.011392
v -0.000270 0.008780 -0.011380
v -0.000270 0.008783 -0.011396
v -0.000270 0.008785 -0.011392
v -0.000270 0.008783 -0.011404
v -0.000270 0.008783 -0.011400
v -0.000270 0.008780 -0.011420
v -0.000270 0.008785 -0.011408
v -0.000270 0.008792 -0.011417
v -0.000270 0.008783 -0.011420
v -0.000270 0.008783 -0.011423
v -0.000270 0.008786 -0.011411
v -0.000270 0.008780 -0.011420
v -0.000270 0.008783 -0.011420
v -0.000270 0.008789 -0.011414
v -0.000270 0.008786 -0.011411
v -0.000270 0.008783 -0.011420
v -0.000270 0.008792 -0.011417
v -0.000270 0.008789 -0.011414
v -0.000270 0.008783 -0.011420
v -0.000270 0.008795 -0.011418
v -0.000270 0.008783 -0.011423
v -0.000270 0.008803 -0.011380
v -0.000270 0.008807 -0.011380
v -0.000270 0.008799 -0.011420
v -0.000270 0.008795 -0.011418
v -0.000270 0.008811 -0.011382
v -0.000270 0.008823 -0.011377
v -0.000360 0.008795 -0.011418
v -0.000360 0.008799 -0.011420
v -0.000360 0.008803 -0.011420
v -0.000360 0.008792 -0.011417
v -0.000360 0.008795 -0.011418
v -0.000360 0.008803 -0.011420
v -0.000360 0.008789 -0.011414
v -0.000360 0.008792 -0.011417
v -0.000360 0.008803 -0.011420
v -0.000360 0.008786 -0.011411
v -0.000360 0.008789 -0.011414
v -0.000360 0.008803 -0.011420
v -0.000360 0.008785 -0.011408
v -0.000360 0.008803 -0.011420
v -0.000360 0.008783 -0.011404
v -0.000360 0.008785 -0.011408
v -0.000360 0.008786 -0.011411
v -0.000360 0.008803 -0.011420
v -0.000360 0.008783 -0.011404
v -0.000360 0.008803 -0.011420
v -0.000360 0.008783 -0.011400
v -0.000360 0.008783 -0.011400
v -0.000360 0.008803 -0.011420
v -0.000360 0.008783 -0.011396
v -0.000360 0.008803 -0.011420
v -0.000360 0.008785 -0.011392
v -0.000360 0.008783 -0.011396
v -0.000360 0.008803 -0.011420
v -0.000360 0.008786 -0.011389
v -0.000360 0.008785 -0.011392
v -0.000360 0.008803 -0.011420
v -0.000360 0.008789 -0.011386
v -0.000360 0.008786 -0.011389
v -0.000360 0.008795 -0.011382
v -0.000360 0.008792 -0.011383
v -0.000360 0.008803 -0.011420
v -0.000360 0.008803 -0.011420
v -0.000360 0.008792 -0.011383
v -0.000360 0.008789 -0.011386
v -0.000360 0.008799 -0.011380
v -0.000360 0.008803 -0.011420
v -0.000360 0.008803 -0.011380
v -0.000360 0.008803 -0.011380
v -0.000360 0.008803 -0.011420
v -0.000360 0.008807 -0.011380
v -0.000360 0.008803 -0.011420
v -0.000360 0.008811 -0.011382
v -0.000360 0.008807 -0.011380
v -0.000360 0.008803 -0.011420
v -0.000360 0.008814 -0.011383
v -0.000360 0.008811 -0.011382
v -0.000360 0.008803 -0.011420
v -0.000360 0.008817 -0.011386
v -0.000360 0.008814 -0.011383
v -0.000360 0.008821 -0.011392
v -0.000360 0.008820 -0.011389
v -0.000360 0.008803 -0.011420
v -0.000360 0.008803 -0.011420
v -0.000360 0.008820 -0.011389
v -0.000360 0.008817 -0.011386
v -0.000360 0.008823 -0.011396
v -0.000360 0.008821 -0.011392
v -0.000360 0.008803 -0.011420
v -0.000360 0.008823 -0.011400
v -0.000360 0.008823 -0.011396
v -0.000360 0.008803 -0.011420
v -0.000360 0.008823 -0.011400
v -0.000360 0.008803 -0.011420
v -0.000360 0.008823 -0.011404
v -0.000360 0.008823 -0.011404
v -0.000360 0.008803 -0.011420
v -0.000360 0.008821 -0.011408
v -0.000360 0.008821 -0.011408
v -0.000360 0.008803 -0.011420
v -0.000360 0.008820 -0.011411
v -0.000360 0.008803 -0.011420
v -0.000360 0.008814 -0.011417
v -0.000360 0.008817 -0.011414
v -0.000360 0.008820 -0.011411
v -0.000360 0.008803 -0.011420
v -0.000360 0.008817 -0.011414
v -0.000360 0.008803 -0.011420
v -0.000360 0.008811 -0.011418
v -0.000360 0.008814 -0.011417
v -0.000360 0.008803 -0.011420
v -0.000360 0.008799 -0.011380
v -0.000360 0.008795 -0.011382
v -0.000360 0.008807 -0.011420
v -0.000360 0.008811 -0.011418
v -0.000360 0.008803 -0.011420
v -0.000270 0.008803 -0.011377
v -0.000270 0.008823 -0.011377
v -0.000310 0.008823 -0.011370
v -0.000270 0.008783 -0.011377
v -0.000270 0.008803 -0.011377
v -0.000270 0.008803 -0.011377
v -0.000310 0.008823 -0.011370
v -0.000270 0.008780 -0.011400
v -0.000270 0.008780 -0.011380
v -0.000310 0.008773 -0.011380
v -0.000270 0.008780 -0.011420
v -0.000270 0.008780 -0.011400
v -0.000270 0.008780 -0.011400
v -0.000310 0.008773 -0.011380
v -0.000270 0.008803 -0.011423
v -0.000270 0.008783 -0.011423
v -0.000310 0.008783 -0.011430
v -0.000270 0.008823 -0.011423
v -0.000270 0.008803 -0.011423
v -0.000270 0.008803 -0.011423
v -0.000310 0.008783 -0.011430
v -0.000270 0.008826 -0.011400
v -0.000270 0.008826 -0.011420
v -0.000270 0.008826 -0.011380
v -0.000270 0.008826 -0.011400
v -0.000270 0.008826 -0.011400
v -0.000330 0.008843 -0.011222
v -0.000360 0.008803 -0.011222
v -0.000330 0.008763 -0.011222
v -0.000360 0.008803 -0.011222
v -0.000360 0.008763 -0.011222
v -0.000360 0.008803 -0.011222
v -0.000360 0.008843 -0.011222
v -0.000330 0.008843 -0.011242
v -0.000360 0.008843 -0.011242
v -0.000330 0.008843 -0.011222
v -0.000330 0.008843 -0.011222
v -0.000360 0.008843 -0.011242
v -0.000360 0.008843 -0.011222
v -0.000330 0.008763 -0.011242
v -0.000360 0.008763 -0.011242
v -0.000330 0.008843 -0.011242
v -0.000330 0.008843 -0.011242
v -0.000360 0.008763 -0.011242
v -0.000360 0.008843 -0.011242
v -0.000330 0.008763 -0.011222
v -0.000360 0.008763 -0.011222
v -0.000330 0.008763 -0.011242
v -0.000330 0.008763 -0.011242
v -0.000360 0.008763 -0.011222
v -0.000360 0.008763 -0.011242
v -0.000330 0.008763 -0.011222
v -0.000330 0.008763 -0.011242
v -0.000330 0.008843 -0.011222
v -0.000330 0.008763 -0.011242
v -0.000330 0.008843 -0.011242
v -0.000330 0.008843 -0.011222
v -0.000400 0.008803 -0.011597
v -0.000373 0.008803 -0.011594
v -0.000400 0.008636 -0.011597
v -0.000400 0.008970 -0.011597
v -0.000373 0.008997 -0.011594
v -0.000400 0.008970 -0.011597
v -0.000400 0.008803 -0.011597
v -0.000373 0.008609 -0.011594
v -0.000400 0.008636 -0.011597
v -0.000373 0.008803 -0.011605
v -0.000373 0.008803 -0.011594
v -0.000373 0.008997 -0.011605
v -0.000373 0.008609 -0.011605
v -0.000373 0.008803 -0.011594
v -0.000373 0.008609 -0.011605
v -0.000373 0.008609 -0.011594
v -0.000373 0.008803 -0.011594
v -0.000373 0.008997 -0.011605
v -0.000373 0.008803 -0.011594
v -0.000373 0.008997 -0.011594
v -0.000400 0.008803 -0.011602
v -0.000373 0.008803 -0.011605
v -0.000400 0.008970 -0.011602
v -0.000400 0.008636 -0.011602
v -0.000373 0.008803 -0.011605
v -0.000400 0.008803 -0.011602
v -0.000373 0.008997 -0.011605
v -0.000400 0.008970 -0.011602
v -0.000373 0.008803 -0.011605
v -0.000373 0.008609 -0.011605
v -0.000373 0.008803 -0.011605
v -0.000400 0.008636 -0.011602
v -0.000360 0.008875 -0.011840
v -0.000400 0.008875 -0.011840
v -0.000360 0.008875 -0.011760
v -0.000400 0.008875 -0.011840
v -0.000400 0.008875 -0.011760
v -0.000360 0.008875 -0.011760
v -0.000360 0.008933 -0.011696
v -0.000360 0.008927 -0.011697
v -0.000400 0.008933 -0.011696
v -0.000360 0.008927 -0.011697
v -0.000360 0.008921 -0.011699
v -0.000400 0.008927 -0.011697
v -0.000360 0.008921 -0.011699
v -0.000400 0.008921 -0.011699
v -0.000400 0.008927 -0.011697
v -0.000360 0.008915 -0.011701
v -0.000400 0.008915 -0.011701
v -0.000400 0.008921 -0.011699
v -0.000360 0.008909 -0.011704
v -0.000400 0.008915 -0.011701
v -0.000360 0.008915 -0.011701
v -0.000360 0.008904 -0.011707
v -0.000400 0.008909 -0.011704
v -0.000360 0.008909 -0.011704
v -0.000400 0.008904 -0.011707
v -0.000400 0.008909 -0.011704
v -0.000360 0.008904 -0.011707
v -0.000400 0.008899 -0.011711
v -0.000400 0.008904 -0.011707
v -0.000360 0.008899 -0.011711
v -0.000400 0.008899 -0.011711
v -0.000360 0.008899 -0.011711
v -0.000360 0.008894 -0.011715
v -0.000400 0.008894 -0.011715
v -0.000360 0.008894 -0.011715
v -0.000360 0.008890 -0.011719
v -0.000400 0.008894 -0.011715
v -0.000360 0.008890 -0.011719
v -0.000400 0.008890 -0.011719
v -0.000400 0.008890 -0.011719
v -0.000360 0.008886 -0.011724
v -0.000400 0.008886 -0.011724
v -0.000360 0.008886 -0.011724
v -0.000360 0.008883 -0.011730
v -0.000400 0.008886 -0.011724
v -0.000360 0.008883 -0.011730
v -0.000360 0.008880 -0.011736
v -0.000400 0.008883 -0.011730
v -0.000360 0.008880 -0.011736
v -0.000400 0.008880 -0.011736
v -0.000400 0.008883 -0.011730
v -0.000360 0.008933 -0.011696
v -0.000400 0.008933 -0.011696
v -0.000360 0.008939 -0.011696
v -0.000400 0.008876 -0.011754
v -0.000360 0.008875 -0.011760
v -0.000400 0.008875 -0.011760
v -0.000360 0.008876 -0.011754
v -0.000360 0.008875 -0.011760
v -0.000400 0.008876 -0.011754
v -0.000360 0.008876 -0.011754
v -0.000400 0.008876 -0.011754
v -0.000400 0.008877 -0.011748
v -0.000360 0.008876 -0.011754
v -0.000400 0.008877 -0.011748
v -0.000360 0.008877 -0.011748
v -0.000400 0.008877 -0.011748
v -0.000400 0.008878 -0.011741
v -0.000360 0.008877 -0.011748
v -0.000400 0.008878 -0.011741
v -0.000360 0.008878 -0.011741
v -0.000360 0.008877 -0.011748
v -0.000400 0.008880 -0.011736
v -0.000360 0.008878 -0.011741
v -0.000400 0.008878 -0.011741
v -0.000360 0.008880 -0.011736
v -0.000360 0.008878 -0.011741
v -0.000400 0.008880 -0.011736
v -0.000400 0.008886 -0.011724
v -0.000360 0.008883 -0.011730
v -0.000400 0.008883 -0.011730
v -0.000400 0.008890 -0.011719
v -0.000360 0.008890 -0.011719
v -0.000360 0.008886 -0.011724
v -0.000400 0.008894 -0.011715
v -0.000400 0.008899 -0.011711
v -0.000360 0.008894 -0.011715
v -0.000360 0.008899 -0.011711
v -0.000400 0.008904 -0.011707
v -0.000360 0.008904 -0.011707
v -0.000360 0.008909 -0.011704
v -0.000400 0.008909 -0.011704
v -0.000400 0.008915 -0.011701
v -0.000360 0.008921 -0.011699
v -0.000360 0.008915 -0.011701
v -0.000400 0.008921 -0.011699
v -0.000400 0.008933 -0.011696
v -0.000400 0.008939 -0.011696
v -0.000360 0.008939 -0.011696
v -0.000360 0.008927 -0.011697
v -0.000400 0.008927 -0.011697
v -0.000400 0.008933 -0.011696
v -0.000400 0.008949 -0.011696
v -0.000360 0.008949 -0.011696
v -0.000400 0.008939 -0.011696
v -0.000360 0.008949 -0.011696
v -0.000360 0.008939 -0.011696
v -0.000400 0.008939 -0.011696
v -0.000360 0.008959 -0.011706
v -0.000400 0.008959 -0.011706
v -0.000360 0.008959 -0.011757
v -0.000400 0.008959 -0.011706
v -0.000400 0.008959 -0.011757
v -0.000360 0.008959 -0.011757
v -0.000400 0.008959 -0.011894
v -0.000360 0.008959 -0.011894
v -0.000400 0.008959 -0.011843
v -0.000360 0.008959 -0.011894
v -0.000360 0.008959 -0.011843
v -0.000400 0.008959 -0.011843
v -0.000360 0.008949 -0.011904
v -0.000400 0.008949 -0.011904
v -0.000360 0.008939 -0.011904
v -0.000400 0.008949 -0.011904
v -0.000400 0.008939 -0.011904
v -0.000360 0.008939 -0.011904
v -0.000360 0.008876 -0.011846
v -0.000360 0.008877 -0.011852
v -0.000400 0.008876 -0.011846
v -0.000360 0.008877 -0.011852
v -0.000360 0.008878 -0.011859
v -0.000400 0.008877 -0.011852
v -0.000360 0.008878 -0.011859
v -0.000400 0.008878 -0.011859
v -0.000400 0.008877 -0.011852
v -0.000360 0.008880 -0.011864
v -0.000400 0.008880 -0.011864
v -0.000400 0.008878 -0.011859
v -0.000360 0.008883 -0.011870
v -0.000400 0.008880 -0.011864
v -0.000360 0.008880 -0.011864
v -0.000360 0.008886 -0.011876
v -0.000400 0.008883 -0.011870
v -0.000360 0.008883 -0.011870
v -0.000400 0.008886 -0.011876
v -0.000400 0.008883 -0.011870
v -0.000360 0.008886 -0.011876
v -0.000400 0.008890 -0.011881
v -0.000400 0.008886 -0.011876
v -0.000360 0.008890 -0.011881
v -0.000400 0.008890 -0.011881
v -0.000360 0.008890 -0.011881
v -0.000360 0.008894 -0.011885
v -0.000400 0.008894 -0.011885
v -0.000360 0.008894 -0.011885
v -0.000360 0.008899 -0.011889
v -0.000400 0.008894 -0.011885
v -0.000360 0.008899 -0.011889
v -0.000400 0.008899 -0.011889
v -0.000400 0.008899 -0.011889
v -0.000360 0.008904 -0.011893
v -0.000400 0.008904 -0.011893
v -0.000360 0.008904 -0.011893
v -0.000360 0.008909 -0.011896
v -0.000400 0.008904 -0.011893
v -0.000360 0.008909 -0.011896
v -0.000360 0.008915 -0.011899
v -0.000400 0.008909 -0.011896
v -0.000360 0.008915 -0.011899
v -0.000400 0.008915 -0.011899
v -0.000400 0.008909 -0.011896
v -0.000360 0.008876 -0.011846
v -0.000400 0.008876 -0.011846
v -0.000360 0.008875 -0.011840
v -0.000400 0.008933 -0.011904
v -0.000360 0.008939 -0.011904
v -0.000400 0.008939 -0.011904
v -0.000360 0.008933 -0.011904
v -0.000360 0.008939 -0.011904
v -0.000400 0.008933 -0.011904
v -0.000360 0.008933 -0.011904
v -0.000400 0.008933 -0.011904
v -0.000400 0.008927 -0.011903
v -0.000360 0.008933 -0.011904
v -0.000400 0.008927 -0.011903
v -0.000360 0.008927 -0.011903
v -0.000400 0.008927 -0.011903
v -0.000400 0.008921 -0.011901
v -0.000360 0.008927 -0.011903
v -0.000400 0.008921 -0.011901
v -0.000360 0.008921 -0.011901
v -0.000360 0.008927 -0.011903
v -0.000400 0.008915 -0.011899
v -0.000360 0.008921 -0.011901
v -0.000400 0.008921 -0.011901
v -0.000360 0.008915 -0.011899
v -0.000360 0.008921 -0.011901
v -0.000400 0.008915 -0.011899
v -0.000400 0.008904 -0.011893
v -0.000360 0.008909 -0.011896
v -0.000400 0.008909 -0.011896
v -0.000400 0.008899 -0.011889
v -0.000360 0.008899 -0.011889
v -0.000360 0.008904 -0.011893
v -0.000400 0.008894 -0.011885
v -0.000400 0.008890 -0.011881
v -0.000360 0.008894 -0.011885
v -0.000360 0.008890 -0.011881
v -0.000400 0.008886 -0.011876
v -0.000360 0.008886 -0.011876
v -0.000360 0.008883 -0.011870
v -0.000400 0.008883 -0.011870
v -0.000400 0.008880 -0.011864
v -0.000360 0.008878 -0.011859
v -0.000360 0.008880 -0.011864
v -0.000400 0.008878 -0.011859
v -0.000400 0.008876 -0.011846
v -0.000400 0.008875 -0.011840
v -0.000360 0.008875 -0.011840
v -0.000360 0.008877 -0.011852
v -0.000400 0.008877 -0.011852
v -0.000400 0.008876 -0.011846
v -0.000377 0.008993 -0.011757
v -0.000360 0.008959 -0.011757
v -0.000400 0.008970 -0.011757
v -0.000360 0.008993 -0.011757
v -0.000360 0.008959 -0.011757
v -0.000377 0.008993 -0.011757
v -0.000400 0.008959 -0.011757
v -0.000400 0.008970 -0.011757
v -0.000360 0.008959 -0.011757
v -0.000360 0.008993 -0.011843
v -0.000377 0.008993 -0.011843
v -0.000360 0.008959 -0.011843
v -0.000400 0.008970 -0.011843
v -0.000400 0.008959 -0.011843
v -0.000360 0.008959 -0.011843
v -0.000377 0.008993 -0.011843
v -0.000400 0.008970 -0.011843
v -0.000360 0.008959 -0.011843
v -0.000360 0.008731 -0.011840
v -0.000360 0.008731 -0.011760
v -0.000400 0.008731 -0.011840
v -0.000400 0.008731 -0.011840
v -0.000360 0.008731 -0.011760
v -0.000400 0.008731 -0.011760
v -0.000400 0.008666 -0.011696
v -0.000400 0.008673 -0.011696
v -0.000360 0.008666 -0.011696
v -0.000400 0.008673 -0.011696
v -0.000360 0.008673 -0.011696
v -0.000360 0.008666 -0.011696
v -0.000400 0.008679 -0.011697
v -0.000360 0.008673 -0.011696
v -0.000400 0.008673 -0.011696
v -0.000360 0.008679 -0.011697
v -0.000360 0.008673 -0.011696
v -0.000400 0.008679 -0.011697
v -0.000360 0.008679 -0.011697
v -0.000400 0.008679 -0.011697
v -0.000400 0.008685 -0.011699
v -0.000360 0.008679 -0.011697
v -0.000400 0.008685 -0.011699
v -0.000360 0.008685 -0.011699
v -0.000400 0.008685 -0.011699
v -0.000400 0.008691 -0.011701
v -0.000360 0.008685 -0.011699
v -0.000400 0.008691 -0.011701
v -0.000360 0.008691 -0.011701
v -0.000360 0.008685 -0.011699
v -0.000400 0.008697 -0.011704
v -0.000360 0.008691 -0.011701
v -0.000400 0.008691 -0.011701
v -0.000360 0.008697 -0.011704
v -0.000360 0.008691 -0.011701
v -0.000400 0.008697 -0.011704
v -0.000360 0.008697 -0.011704
v -0.000400 0.008697 -0.011704
v -0.000400 0.008702 -0.011707
v -0.000360 0.008697 -0.011704
v -0.000400 0.008702 -0.011707
v -0.000360 0.008702 -0.011707
v -0.000400 0.008702 -0.011707
v -0.000400 0.008707 -0.011711
v -0.000360 0.008702 -0.011707
v -0.000400 0.008707 -0.011711
v -0.000360 0.008707 -0.011711
v -0.000360 0.008702 -0.011707
v -0.000360 0.008716 -0.011719
v -0.000400 0.008720 -0.011724
v -0.000360 0.008720 -0.011724
v -0.000360 0.008720 -0.011724
v -0.000400 0.008720 -0.011724
v -0.000400 0.008723 -0.011730
v -0.000360 0.008731 -0.011760
v -0.000360 0.008730 -0.011754
v -0.000400 0.008731 -0.011760
v -0.000360 0.008730 -0.011754
v -0.000400 0.008730 -0.011754
v -0.000400 0.008731 -0.011760
v -0.000360 0.008729 -0.011748
v -0.000400 0.008730 -0.011754
v -0.000360 0.008730 -0.011754
v -0.000400 0.008729 -0.011748
v -0.000400 0.008730 -0.011754
v -0.000360 0.008729 -0.011748
v -0.000400 0.008729 -0.011748
v -0.000360 0.008729 -0.011748
v -0.000360 0.008728 -0.011741
v -0.000400 0.008729 -0.011748
v -0.000360 0.008728 -0.011741
v -0.000400 0.008728 -0.011741
v -0.000360 0.008728 -0.011741
v -0.000360 0.008726 -0.011736
v -0.000400 0.008728 -0.011741
v -0.000360 0.008726 -0.011736
v -0.000400 0.008726 -0.011736
v -0.000400 0.008728 -0.011741
v -0.000360 0.008723 -0.011730
v -0.000400 0.008726 -0.011736
v -0.000360 0.008726 -0.011736
v -0.000400 0.008723 -0.011730
v -0.000400 0.008726 -0.011736
v -0.000360 0.008723 -0.011730
v -0.000400 0.008723 -0.011730
v -0.000360 0.008723 -0.011730
v -0.000360 0.008720 -0.011724
v -0.000400 0.008720 -0.011724
v -0.000360 0.008716 -0.011719
v -0.000400 0.008716 -0.011719
v -0.000360 0.008716 -0.011719
v -0.000360 0.008712 -0.011715
v -0.000400 0.008716 -0.011719
v -0.000360 0.008712 -0.011715
v -0.000400 0.008712 -0.011715
v -0.000400 0.008716 -0.011719
v -0.000360 0.008707 -0.011711
v -0.000400 0.008712 -0.011715
v -0.000360 0.008712 -0.011715
v -0.000360 0.008707 -0.011711
v -0.000400 0.008707 -0.011711
v -0.000400 0.008712 -0.011715
v -0.000400 0.008666 -0.011696
v -0.000360 0.008666 -0.011696
v -0.000400 0.008657 -0.011696
v -0.000400 0.008657 -0.011696
v -0.000360 0.008666 -0.011696
v -0.000360 0.008657 -0.011696
v -0.000360 0.008647 -0.011757
v -0.000400 0.008647 -0.011757
v -0.000360 0.008647 -0.011706
v -0.000360 0.008647 -0.011706
v -0.000400 0.008647 -0.011757
v -0.000400 0.008647 -0.011706
v -0.000400 0.008647 -0.011843
v -0.000360 0.008647 -0.011843
v -0.000400 0.008647 -0.011894
v -0.000400 0.008647 -0.011894
v -0.000360 0.008647 -0.011843
v -0.000360 0.008647 -0.011894
v -0.000360 0.008666 -0.011904
v -0.000400 0.008666 -0.011904
v -0.000360 0.008657 -0.011904
v -0.000360 0.008657 -0.011904
v -0.000400 0.008666 -0.011904
v -0.000400 0.008657 -0.011904
v -0.000400 0.008731 -0.011840
v -0.000400 0.008730 -0.011846
v -0.000360 0.008731 -0.011840
v -0.000400 0.008730 -0.011846
v -0.000400 0.008729 -0.011852
v -0.000360 0.008730 -0.011846
v -0.000400 0.008729 -0.011852
v -0.000360 0.008729 -0.011852
v -0.000360 0.008730 -0.011846
v -0.000400 0.008728 -0.011859
v -0.000360 0.008728 -0.011859
v -0.000360 0.008729 -0.011852
v -0.000400 0.008726 -0.011864
v -0.000360 0.008726 -0.011864
v -0.000360 0.008728 -0.011859
v -0.000400 0.008723 -0.011870
v -0.000360 0.008726 -0.011864
v -0.000400 0.008726 -0.011864
v -0.000400 0.008720 -0.011876
v -0.000360 0.008723 -0.011870
v -0.000400 0.008723 -0.011870
v -0.000360 0.008720 -0.011876
v -0.000360 0.008723 -0.011870
v -0.000400 0.008720 -0.011876
v -0.000360 0.008716 -0.011881
v -0.000360 0.008720 -0.011876
v -0.000400 0.008716 -0.011881
v -0.000360 0.008716 -0.011881
v -0.000400 0.008716 -0.011881
v -0.000400 0.008712 -0.011885
v -0.000360 0.008712 -0.011885
v -0.000400 0.008712 -0.011885
v -0.000400 0.008707 -0.011889
v -0.000360 0.008712 -0.011885
v -0.000400 0.008707 -0.011889
v -0.000360 0.008707 -0.011889
v -0.000360 0.008707 -0.011889
v -0.000400 0.008702 -0.011893
v -0.000360 0.008702 -0.011893
v -0.000400 0.008702 -0.011893
v -0.000400 0.008697 -0.011896
v -0.000360 0.008702 -0.011893
v -0.000400 0.008697 -0.011896
v -0.000400 0.008691 -0.011899
v -0.000360 0.008697 -0.011896
v -0.000400 0.008691 -0.011899
v -0.000360 0.008691 -0.011899
v -0.000360 0.008697 -0.011896
v -0.000360 0.008673 -0.011904
v -0.000400 0.008666 -0.011904
v -0.000360 0.008666 -0.011904
v -0.000400 0.008673 -0.011904
v -0.000400 0.008666 -0.011904
v -0.000360 0.008673 -0.011904
v -0.000400 0.008673 -0.011904
v -0.000360 0.008673 -0.011904
v -0.000360 0.008679 -0.011903
v -0.000400 0.008673 -0.011904
v -0.000360 0.008679 -0.011903
v -0.000400 0.008679 -0.011903
v -0.000360 0.008679 -0.011903
v -0.000360 0.008685 -0.011901
v -0.000400 0.008679 -0.011903
v -0.000360 0.008685 -0.011901
v -0.000400 0.008685 -0.011901
v -0.000400 0.008679 -0.011903
v -0.000360 0.008691 -0.011899
v -0.000400 0.008685 -0.011901
v -0.000360 0.008685 -0.011901
v -0.000400 0.008691 -0.011899
v -0.000400 0.008685 -0.011901
v -0.000360 0.008691 -0.011899
v -0.000360 0.008702 -0.011893
v -0.000400 0.008697 -0.011896
v -0.000360 0.008697 -0.011896
v -0.000360 0.008707 -0.011889
v -0.000400 0.008707 -0.011889
v -0.000400 0.008702 -0.011893
v -0.000360 0.008712 -0.011885
v -0.000360 0.008716 -0.011881
v -0.000400 0.008712 -0.011885
v -0.000400 0.008716 -0.011881
v -0.000360 0.008720 -0.011876
v -0.000400 0.008720 -0.011876
v -0.000400 0.008723 -0.011870
v -0.000360 0.008723 -0.011870
v -0.000360 0.008726 -0.011864
v -0.000400 0.008728 -0.011859
v -0.000400 0.008726 -0.011864
v -0.000360 0.008728 -0.011859
v -0.000360 0.008730 -0.011846
v -0.000360 0.008731 -0.011840
v -0.000400 0.008730 -0.011846
v -0.000360 0.008729 -0.011852
v -0.000400 0.008729 -0.011852
v -0.000400 0.008728 -0.011859
v -0.000400 0.008647 -0.011757
v -0.000360 0.008647 -0.011757
v -0.000400 0.008636 -0.011757
v -0.000377 0.008613 -0.011757
v -0.000360 0.008647 -0.011757
v -0.000360 0.008613 -0.011757
v -0.000377 0.008613 -0.011757
v -0.000400 0.008636 -0.011757
v -0.000360 0.008647 -0.011757
v -0.000400 0.008647 -0.011843
v -0.000400 0.008636 -0.011843
v -0.000360 0.008647 -0.011843
v -0.000360 0.008647 -0.011843
v -0.000400 0.008636 -0.011843
v -0.000377 0.008613 -0.011843
v -0.000377 0.008613 -0.011843
v -0.000360 0.008613 -0.011843
v -0.000360 0.008647 -0.011843
v -0.000367 0.008603 -0.011853
v -0.000360 0.008603 -0.011853
v -0.000360 0.008603 -0.011851
v -0.000367 0.008603 -0.011851
v -0.000367 0.008603 -0.011853
v -0.000360 0.008603 -0.011851
v -0.000360 0.008603 -0.011851
v -0.000360 0.008604 -0.011849
v -0.000367 0.008603 -0.011851
v -0.000367 0.008603 -0.011851
v -0.000360 0.008604 -0.011849
v -0.000368 0.008604 -0.011849
v -0.000368 0.008604 -0.011849
v -0.000360 0.008604 -0.011849
v -0.000360 0.008605 -0.011847
v -0.000369 0.008605 -0.011847
v -0.000368 0.008604 -0.011849
v -0.000360 0.008605 -0.011847
v -0.000360 0.008606 -0.011846
v -0.000369 0.008605 -0.011847
v -0.000360 0.008605 -0.011847
v -0.000360 0.008607 -0.011845
v -0.000370 0.008606 -0.011846
v -0.000360 0.008606 -0.011846
v -0.000360 0.008606 -0.011846
v -0.000370 0.008606 -0.011846
v -0.000369 0.008605 -0.011847
v -0.000375 0.008611 -0.011843
v -0.000360 0.008613 -0.011843
v -0.000377 0.008613 -0.011843
v -0.000375 0.008611 -0.011843
v -0.000360 0.008611 -0.011843
v -0.000360 0.008613 -0.011843
v -0.000375 0.008611 -0.011843
v -0.000373 0.008609 -0.011844
v -0.000360 0.008611 -0.011843
v -0.000360 0.008611 -0.011843
v -0.000373 0.008609 -0.011844
v -0.000360 0.008609 -0.011844
v -0.000360 0.008609 -0.011844
v -0.000373 0.008609 -0.011844
v -0.000371 0.008607 -0.011845
v -0.000360 0.008607 -0.011845
v -0.000360 0.008609 -0.011844
v -0.000371 0.008607 -0.011845
v -0.000370 0.008606 -0.011846
v -0.000360 0.008607 -0.011845
v -0.000371 0.008607 -0.011845
v -0.000360 0.008993 -0.011843
v -0.000375 0.008995 -0.011843
v -0.000377 0.008993 -0.011843
v -0.000360 0.008993 -0.011843
v -0.000360 0.008995 -0.011843
v -0.000375 0.008995 -0.011843
v -0.000375 0.008995 -0.011843
v -0.000360 0.008995 -0.011843
v -0.000373 0.008997 -0.011844
v -0.000373 0.008997 -0.011844
v -0.000360 0.008995 -0.011843
v -0.000360 0.008997 -0.011844
v -0.000360 0.008999 -0.011845
v -0.000360 0.009000 -0.011846
v -0.000370 0.009000 -0.011846
v -0.000371 0.008999 -0.011845
v -0.000360 0.008997 -0.011844
v -0.000360 0.008999 -0.011845
v -0.000360 0.009000 -0.011846
v -0.000360 0.009001 -0.011847
v -0.000369 0.009001 -0.011847
v -0.000371 0.008999 -0.011845
v -0.000373 0.008997 -0.011844
v -0.000360 0.008997 -0.011844
v -0.000360 0.009003 -0.011851
v -0.000360 0.009003 -0.011853
v -0.000367 0.009003 -0.011853
v -0.000367 0.009003 -0.011851
v -0.000360 0.009003 -0.011851
v -0.000367 0.009003 -0.011853
v -0.000367 0.009003 -0.011851
v -0.000360 0.009002 -0.011849
v -0.000360 0.009003 -0.011851
v -0.000367 0.009003 -0.011851
v -0.000368 0.009002 -0.011849
v -0.000360 0.009002 -0.011849
v -0.000360 0.009002 -0.011849
v -0.000368 0.009002 -0.011849
v -0.000360 0.009001 -0.011847
v -0.000360 0.009001 -0.011847
v -0.000368 0.009002 -0.011849
v -0.000369 0.009001 -0.011847
v -0.000360 0.009000 -0.011846
v -0.000369 0.009001 -0.011847
v -0.000370 0.009000 -0.011846
v -0.000370 0.009000 -0.011846
v -0.000371 0.008999 -0.011845
v -0.000360 0.008999 -0.011845
v -0.000360 0.008993 -0.011757
v -0.000377 0.008993 -0.011757
v -0.000375 0.008995 -0.011757
v -0.000360 0.008995 -0.011757
v -0.000360 0.008993 -0.011757
v -0.000375 0.008995 -0.011757
v -0.000373 0.008997 -0.011756
v -0.000360 0.008995 -0.011757
v -0.000375 0.008995 -0.011757
v -0.000373 0.008997 -0.011756
v -0.000360 0.008997 -0.011756
v -0.000360 0.008995 -0.011757
v -0.000373 0.008997 -0.011756
v -0.000371 0.008999 -0.011755
v -0.000360 0.008997 -0.011756
v -0.000360 0.008997 -0.011756
v -0.000371 0.008999 -0.011755
v -0.000360 0.008999 -0.011755
v -0.000360 0.008999 -0.011755
v -0.000370 0.009000 -0.011754
v -0.000360 0.009000 -0.011754
v -0.000367 0.009003 -0.011747
v -0.000360 0.009003 -0.011747
v -0.000360 0.009003 -0.011749
v -0.000360 0.009003 -0.011749
v -0.000367 0.009003 -0.011749
v -0.000367 0.009003 -0.011747
v -0.000360 0.009003 -0.011749
v -0.000360 0.009002 -0.011751
v -0.000367 0.009003 -0.011749
v -0.000367 0.009003 -0.011749
v -0.000360 0.009002 -0.011751
v -0.000368 0.009002 -0.011751
v -0.000368 0.009002 -0.011751
v -0.000360 0.009002 -0.011751
v -0.000360 0.009001 -0.011753
v -0.000369 0.009001 -0.011753
v -0.000368 0.009002 -0.011751
v -0.000360 0.009001 -0.011753
v -0.000360 0.009000 -0.011754
v -0.000369 0.009001 -0.011753
v -0.000360 0.009001 -0.011753
v -0.000360 0.009000 -0.011754
v -0.000370 0.009000 -0.011754
v -0.000369 0.009001 -0.011753
v -0.000370 0.009000 -0.011754
v -0.000360 0.008999 -0.011755
v -0.000371 0.008999 -0.011755
v -0.000360 0.008951 -0.011904
v -0.000360 0.008953 -0.011903
v -0.000400 0.008951 -0.011904
v -0.000360 0.008953 -0.011903
v -0.000360 0.008955 -0.011902
v -0.000400 0.008953 -0.011903
v -0.000360 0.008955 -0.011902
v -0.000400 0.008955 -0.011902
v -0.000400 0.008953 -0.011903
v -0.000360 0.008956 -0.011901
v -0.000400 0.008956 -0.011901
v -0.000400 0.008955 -0.011902
v -0.000360 0.008957 -0.011900
v -0.000400 0.008956 -0.011901
v -0.000360 0.008956 -0.011901
v -0.000360 0.008958 -0.011898
v -0.000400 0.008957 -0.011900
v -0.000360 0.008957 -0.011900
v -0.000400 0.008958 -0.011898
v -0.000400 0.008957 -0.011900
v -0.000360 0.008958 -0.011898
v -0.000360 0.008951 -0.011904
v -0.000400 0.008951 -0.011904
v -0.000360 0.008949 -0.011904
v -0.000400 0.008959 -0.011896
v -0.000360 0.008959 -0.011894
v -0.000400 0.008959 -0.011894
v -0.000360 0.008959 -0.011896
v -0.000360 0.008959 -0.011894
v -0.000400 0.008959 -0.011896
v -0.000360 0.008959 -0.011896
v -0.000400 0.008959 -0.011896
v -0.000400 0.008958 -0.011898
v -0.000360 0.008959 -0.011896
v -0.000400 0.008958 -0.011898
v -0.000360 0.008958 -0.011898
v -0.000360 0.008957 -0.011900
v -0.000400 0.008957 -0.011900
v -0.000400 0.008956 -0.011901
v -0.000360 0.008955 -0.011902
v -0.000360 0.008956 -0.011901
v -0.000400 0.008955 -0.011902
v -0.000400 0.008951 -0.011904
v -0.000400 0.008949 -0.011904
v -0.000360 0.008949 -0.011904
v -0.000360 0.008953 -0.011903
v -0.000400 0.008953 -0.011903
v -0.000400 0.008951 -0.011904
v -0.000360 0.008959 -0.011704
v -0.000360 0.008958 -0.011702
v -0.000400 0.008959 -0.011704
v -0.000360 0.008958 -0.011702
v -0.000360 0.008957 -0.011700
v -0.000400 0.008958 -0.011702
v -0.000360 0.008957 -0.011700
v -0.000400 0.008957 -0.011700
v -0.000400 0.008958 -0.011702
v -0.000360 0.008956 -0.011699
v -0.000400 0.008956 -0.011699
v -0.000400 0.008957 -0.011700
v -0.000360 0.008955 -0.011698
v -0.000400 0.008956 -0.011699
v -0.000360 0.008956 -0.011699
v -0.000360 0.008953 -0.011697
v -0.000400 0.008955 -0.011698
v -0.000360 0.008955 -0.011698
v -0.000400 0.008953 -0.011697
v -0.000400 0.008955 -0.011698
v -0.000360 0.008953 -0.011697
v -0.000360 0.008959 -0.011704
v -0.000400 0.008959 -0.011704
v -0.000360 0.008959 -0.011706
v -0.000400 0.008951 -0.011696
v -0.000360 0.008949 -0.011696
v -0.000400 0.008949 -0.011696
v -0.000360 0.008951 -0.011696
v -0.000360 0.008949 -0.011696
v -0.000400 0.008951 -0.011696
v -0.000360 0.008951 -0.011696
v -0.000400 0.008951 -0.011696
v -0.000400 0.008953 -0.011697
v -0.000360 0.008951 -0.011696
v -0.000400 0.008953 -0.011697
v -0.000360 0.008953 -0.011697
v -0.000360 0.008955 -0.011698
v -0.000400 0.008955 -0.011698
v -0.000400 0.008956 -0.011699
v -0.000360 0.008957 -0.011700
v -0.000360 0.008956 -0.011699
v -0.000400 0.008957 -0.011700
v -0.000400 0.008959 -0.011704
v -0.000400 0.008959 -0.011706
v -0.000360 0.008959 -0.011706
v -0.000360 0.008958 -0.011702
v -0.000400 0.008958 -0.011702
v -0.000400 0.008959 -0.011704
v -0.000360 0.008647 -0.011896
v -0.000360 0.008648 -0.011898
v -0.000400 0.008647 -0.011896
v -0.000360 0.008648 -0.011898
v -0.000360 0.008649 -0.011900
v -0.000400 0.008648 -0.011898
v -0.000360 0.008649 -0.011900
v -0.000400 0.008649 -0.011900
v -0.000400 0.008648 -0.011898
v -0.000360 0.008650 -0.011901
v -0.000400 0.008650 -0.011901
v -0.000400 0.008649 -0.011900
v -0.000360 0.008651 -0.011902
v -0.000400 0.008650 -0.011901
v -0.000360 0.008650 -0.011901
v -0.000360 0.008653 -0.011903
v -0.000400 0.008651 -0.011902
v -0.000360 0.008651 -0.011902
v -0.000400 0.008653 -0.011903
v -0.000400 0.008651 -0.011902
v -0.000360 0.008653 -0.011903
v -0.000360 0.008657 -0.011904
v -0.000400 0.008657 -0.011904
v -0.000400 0.008655 -0.011904
v -0.000360 0.008657 -0.011904
v -0.000400 0.008655 -0.011904
v -0.000360 0.008655 -0.011904
v -0.000400 0.008655 -0.011904
v -0.000400 0.008653 -0.011903
v -0.000360 0.008655 -0.011904
v -0.000360 0.008647 -0.011896
v -0.000400 0.008647 -0.011896
v -0.000360 0.008647 -0.011894
v -0.000360 0.008653 -0.011903
v -0.000360 0.008655 -0.011904
v -0.000400 0.008653 -0.011903
v -0.000400 0.008647 -0.011896
v -0.000400 0.008647 -0.011894
v -0.000360 0.008647 -0.011894
v -0.000400 0.008647 -0.011896
v -0.000360 0.008648 -0.011898
v -0.000400 0.008648 -0.011898
v -0.000360 0.008649 -0.011900
v -0.000360 0.008650 -0.011901
v -0.000400 0.008649 -0.011900
v -0.000360 0.008651 -0.011902
v -0.000400 0.008651 -0.011902
v -0.000400 0.008650 -0.011901
v -0.000360 0.008655 -0.011696
v -0.000400 0.008655 -0.011696
v -0.000360 0.008657 -0.011696
v -0.000360 0.008653 -0.011697
v -0.000400 0.008655 -0.011696
v -0.000360 0.008655 -0.011696
v -0.000360 0.008651 -0.011698
v -0.000400 0.008653 -0.011697
v -0.000360 0.008653 -0.011697
v -0.000400 0.008651 -0.011698
v -0.000400 0.008653 -0.011697
v -0.000360 0.008651 -0.011698
v -0.000400 0.008650 -0.011699
v -0.000400 0.008651 -0.011698
v -0.000360 0.008650 -0.011699
v -0.000400 0.008650 -0.011699
v -0.000360 0.008650 -0.011699
v -0.000360 0.008649 -0.011700
v -0.000400 0.008649 -0.011700
v -0.000360 0.008649 -0.011700
v -0.000360 0.008648 -0.011702
v -0.000400 0.008647 -0.011706
v -0.000400 0.008647 -0.011704
v -0.000360 0.008647 -0.011706
v -0.000400 0.008647 -0.011704
v -0.000360 0.008647 -0.011704
v -0.000360 0.008647 -0.011706
v -0.000400 0.008648 -0.011702
v -0.000360 0.008647 -0.011704
v -0.000400 0.008647 -0.011704
v -0.000360 0.008648 -0.011702
v -0.000360 0.008647 -0.011704
v -0.000400 0.008648 -0.011702
v -0.000360 0.008648 -0.011702
v -0.000400 0.008648 -0.011702
v -0.000400 0.008649 -0.011700
v -0.000360 0.008649 -0.011700
v -0.000400 0.008649 -0.011700
v -0.000400 0.008650 -0.011699
v -0.000360 0.008651 -0.011698
v -0.000360 0.008650 -0.011699
v -0.000400 0.008651 -0.011698
v -0.000400 0.008655 -0.011696
v -0.000400 0.008657 -0.011696
v -0.000360 0.008657 -0.011696
v -0.000360 0.008653 -0.011697
v -0.000400 0.008653 -0.011697
v -0.000400 0.008655 -0.011696
v -0.000360 0.008603 -0.011747
v -0.000367 0.008603 -0.011747
v -0.000360 0.008603 -0.011749
v -0.000360 0.008603 -0.011749
v -0.000367 0.008603 -0.011749
v -0.000360 0.008604 -0.011751
v -0.000360 0.008604 -0.011751
v -0.000367 0.008603 -0.011749
v -0.000368 0.008604 -0.011751
v -0.000360 0.008605 -0.011753
v -0.000368 0.008604 -0.011751
v -0.000369 0.008605 -0.011753
v -0.000360 0.008606 -0.011754
v -0.000360 0.008605 -0.011753
v -0.000369 0.008605 -0.011753
v -0.000360 0.008607 -0.011755
v -0.000360 0.008606 -0.011754
v -0.000370 0.008606 -0.011754
v -0.000371 0.008607 -0.011755
v -0.000360 0.008607 -0.011755
v -0.000370 0.008606 -0.011754
v -0.000371 0.008607 -0.011755
v -0.000360 0.008609 -0.011756
v -0.000360 0.008607 -0.011755
v -0.000360 0.008613 -0.011757
v -0.000360 0.008611 -0.011757
v -0.000375 0.008611 -0.011757
v -0.000375 0.008611 -0.011757
v -0.000377 0.008613 -0.011757
v -0.000360 0.008613 -0.011757
v -0.000360 0.008611 -0.011757
v -0.000373 0.008609 -0.011756
v -0.000375 0.008611 -0.011757
v -0.000370 0.008606 -0.011754
v -0.000360 0.008606 -0.011754
v -0.000369 0.008605 -0.011753
v -0.000360 0.008609 -0.011756
v -0.000371 0.008607 -0.011755
v -0.000373 0.008609 -0.011756
v -0.000367 0.008603 -0.011749
v -0.000360 0.008603 -0.011749
v -0.000367 0.008603 -0.011747
v -0.000360 0.008611 -0.011757
v -0.000360 0.008609 -0.011756
v -0.000373 0.008609 -0.011756
v -0.000368 0.008604 -0.011751
v -0.000360 0.008605 -0.011753
v -0.000360 0.008604 -0.011751
v -0.000310 0.008833 -0.011780
v -0.000310 0.008833 -0.011820
v -0.000360 0.008833 -0.011780
v -0.000360 0.008833 -0.011820
v -0.000360 0.008833 -0.011780
v -0.000270 0.008826 -0.011780
v -0.000310 0.008833 -0.011780
v -0.000270 0.008823 -0.011780
v -0.000310 0.008833 -0.011780
v -0.000360 0.008823 -0.011780
v -0.000360 0.008833 -0.011780
v -0.000360 0.008823 -0.011780
v -0.000310 0.008833 -0.011780
v -0.000310 0.008823 -0.011770
v -0.000360 0.008823 -0.011780
v -0.000360 0.008823 -0.011770
v -0.000270 0.008823 -0.011780
v -0.000360 0.008823 -0.011780
v -0.000270 0.008823 -0.011780
v -0.000270 0.008823 -0.011777
v -0.000310 0.008783 -0.011770
v -0.000310 0.008823 -0.011770
v -0.000360 0.008783 -0.011770
v -0.000310 0.008823 -0.011770
v -0.000360 0.008823 -0.011770
v -0.000360 0.008783 -0.011770
v -0.000270 0.008783 -0.011777
v -0.000310 0.008783 -0.011770
v -0.000270 0.008783 -0.011780
v -0.000310 0.008783 -0.011770
v -0.000360 0.008783 -0.011780
v -0.000360 0.008783 -0.011770
v -0.000360 0.008783 -0.011780
v -0.000310 0.008783 -0.011770
v -0.000310 0.008773 -0.011780
v -0.000360 0.008783 -0.011780
v -0.000360 0.008773 -0.011780
v -0.000270 0.008783 -0.011780
v -0.000360 0.008783 -0.011780
v -0.000270 0.008783 -0.011780
v -0.000270 0.008780 -0.011780
v -0.000310 0.008773 -0.011820
v -0.000310 0.008773 -0.011780
v -0.000360 0.008773 -0.011820
v -0.000310 0.008773 -0.011780
v -0.000360 0.008773 -0.011780
v -0.000360 0.008773 -0.011820
v -0.000270 0.008780 -0.011820
v -0.000310 0.008773 -0.011820
v -0.000270 0.008783 -0.011820
v -0.000310 0.008773 -0.011820
v -0.000360 0.008783 -0.011820
v -0.000360 0.008773 -0.011820
v -0.000360 0.008783 -0.011820
v -0.000310 0.008773 -0.011820
v -0.000310 0.008783 -0.011830
v -0.000360 0.008783 -0.011820
v -0.000360 0.008783 -0.011830
v -0.000270 0.008783 -0.011820
v -0.000360 0.008783 -0.011820
v -0.000270 0.008783 -0.011820
v -0.000270 0.008783 -0.011823
v -0.000310 0.008823 -0.011830
v -0.000310 0.008783 -0.011830
v -0.000360 0.008823 -0.011830
v -0.000310 0.008783 -0.011830
v -0.000360 0.008783 -0.011830
v -0.000360 0.008823 -0.011830
v -0.000270 0.008823 -0.011823
v -0.000310 0.008823 -0.011830
v -0.000270 0.008823 -0.011820
v -0.000310 0.008823 -0.011830
v -0.000360 0.008823 -0.011820
v -0.000360 0.008823 -0.011830
v -0.000360 0.008823 -0.011820
v -0.000310 0.008823 -0.011830
v -0.000360 0.008799 -0.011820
v -0.000270 0.008799 -0.011820
v -0.000360 0.008803 -0.011820
v -0.000360 0.008795 -0.011818
v -0.000360 0.008792 -0.011817
v -0.000270 0.008795 -0.011818
v -0.000270 0.008792 -0.011817
v -0.000270 0.008789 -0.011814
v -0.000360 0.008789 -0.011814
v -0.000360 0.008786 -0.011811
v -0.000270 0.008786 -0.011811
v -0.000360 0.008785 -0.011808
v -0.000270 0.008785 -0.011808
v -0.000360 0.008783 -0.011804
v -0.000270 0.008783 -0.011804
v -0.000360 0.008783 -0.011800
v -0.000360 0.008783 -0.011796
v -0.000270 0.008783 -0.011800
v -0.000270 0.008783 -0.011796
v -0.000360 0.008785 -0.011792
v -0.000270 0.008785 -0.011792
v -0.000360 0.008786 -0.011789
v -0.000360 0.008789 -0.011786
v -0.000270 0.008786 -0.011789
v -0.000270 0.008789 -0.011786
v -0.000270 0.008792 -0.011783
v -0.000360 0.008792 -0.011783
v -0.000360 0.008795 -0.011782
v -0.000270 0.008795 -0.011782
v -0.000360 0.008799 -0.011780
v -0.000270 0.008799 -0.011780
v -0.000360 0.008803 -0.011780
v -0.000270 0.008803 -0.011780
v -0.000360 0.008807 -0.011780
v -0.000270 0.008807 -0.011780
v -0.000360 0.008811 -0.011782
v -0.000270 0.008811 -0.011782
v -0.000360 0.008814 -0.011783
v -0.000360 0.008823 -0.011800
v -0.000270 0.008823 -0.011800
v -0.000270 0.008823 -0.011796
v -0.000360 0.008823 -0.011804
v -0.000270 0.008823 -0.011804
v -0.000360 0.008821 -0.011808
v -0.000270 0.008821 -0.011808
v -0.000360 0.008820 -0.011811
v -0.000270 0.008820 -0.011811
v -0.000360 0.008817 -0.011814
v -0.000360 0.008814 -0.011817
v -0.000270 0.008817 -0.011814
v -0.000270 0.008814 -0.011817
v -0.000270 0.008811 -0.011818
v -0.000360 0.008811 -0.011818
v -0.000270 0.008807 -0.011820
v -0.000360 0.008807 -0.011820
v -0.000270 0.008803 -0.011820
v -0.000360 0.008823 -0.011796
v -0.000270 0.008821 -0.011792
v -0.000360 0.008821 -0.011792
v -0.000270 0.008820 -0.011789
v -0.000360 0.008820 -0.011789
v -0.000270 0.008817 -0.011786
v -0.000360 0.008817 -0.011786
v -0.000270 0.008814 -0.011783
v -0.000310 0.008833 -0.011820
v -0.000360 0.008823 -0.011820
v -0.000360 0.008833 -0.011820
v -0.000270 0.008823 -0.011820
v -0.000360 0.008823 -0.011820
v -0.000310 0.008833 -0.011820
v -0.000270 0.008823 -0.011820
v -0.000310 0.008833 -0.011820
v -0.000270 0.008826 -0.011820
v -0.000270 0.008803 -0.011823
v -0.000270 0.008803 -0.011820
v -0.000270 0.008799 -0.011820
v -0.000270 0.008780 -0.011800
v -0.000270 0.008783 -0.011800
v -0.000270 0.008783 -0.011796
v -0.000270 0.008826 -0.011780
v -0.000270 0.008823 -0.011780
v -0.000270 0.008820 -0.011789
v -0.000270 0.008826 -0.011820
v -0.000270 0.008821 -0.011808
v -0.000270 0.008820 -0.011811
v -0.000270 0.008811 -0.011818
v -0.000270 0.008807 -0.011820
v -0.000270 0.008823 -0.011823
v -0.000270 0.008814 -0.011817
v -0.000270 0.008811 -0.011818
v -0.000270 0.008783 -0.011823
v -0.000270 0.008795 -0.011818
v -0.000270 0.008792 -0.011817
v -0.000270 0.008785 -0.011808
v -0.000270 0.008783 -0.011804
v -0.000270 0.008780 -0.011820
v -0.000270 0.008786 -0.011811
v -0.000270 0.008785 -0.011808
v -0.000270 0.008780 -0.011780
v -0.000270 0.008785 -0.011792
v -0.000270 0.008786 -0.011789
v -0.000270 0.008803 -0.011777
v -0.000270 0.008795 -0.011782
v -0.000270 0.008799 -0.011780
v -0.000270 0.008783 -0.011777
v -0.000270 0.008792 -0.011783
v -0.000270 0.008795 -0.011782
v -0.000270 0.008823 -0.011777
v -0.000270 0.008811 -0.011782
v -0.000270 0.008814 -0.011783
v -0.000270 0.008823 -0.011780
v -0.000270 0.008814 -0.011783
v -0.000270 0.008817 -0.011786
v -0.000270 0.008823 -0.011780
v -0.000270 0.008817 -0.011786
v -0.000270 0.008820 -0.011789
v -0.000270 0.008807 -0.011820
v -0.000270 0.008803 -0.011820
v -0.000270 0.008823 -0.011823
v -0.000270 0.008811 -0.011818
v -0.000270 0.008820 -0.011811
v -0.000270 0.008823 -0.011820
v -0.000270 0.008826 -0.011820
v -0.000270 0.008814 -0.011817
v -0.000270 0.008823 -0.011823
v -0.000270 0.008823 -0.011820
v -0.000270 0.008817 -0.011814
v -0.000270 0.008814 -0.011817
v -0.000270 0.008823 -0.011820
v -0.000270 0.008820 -0.011811
v -0.000270 0.008817 -0.011814
v -0.000270 0.008823 -0.011820
v -0.000270 0.008821 -0.011808
v -0.000270 0.008826 -0.011820
v -0.000270 0.008826 -0.011800
v -0.000270 0.008823 -0.011804
v -0.000270 0.008821 -0.011808
v -0.000270 0.008823 -0.011796
v -0.000270 0.008823 -0.011800
v -0.000270 0.008826 -0.011780
v -0.000270 0.008821 -0.011792
v -0.000270 0.008821 -0.011792
v -0.000270 0.008823 -0.011796
v -0.000270 0.008820 -0.011789
v -0.000270 0.008821 -0.011792
v -0.000270 0.008826 -0.011780
v -0.000270 0.008814 -0.011783
v -0.000270 0.008823 -0.011780
v -0.000270 0.008823 -0.011777
v -0.000270 0.008823 -0.011800
v -0.000270 0.008823 -0.011804
v -0.000270 0.008807 -0.011780
v -0.000270 0.008811 -0.011782
v -0.000270 0.008799 -0.011780
v -0.000270 0.008803 -0.011780
v -0.000270 0.008783 -0.011777
v -0.000270 0.008795 -0.011782
v -0.000270 0.008786 -0.011789
v -0.000270 0.008783 -0.011780
v -0.000270 0.008780 -0.011780
v -0.000270 0.008792 -0.011783
v -0.000270 0.008783 -0.011777
v -0.000270 0.008783 -0.011780
v -0.000270 0.008789 -0.011786
v -0.000270 0.008792 -0.011783
v -0.000270 0.008783 -0.011780
v -0.000270 0.008786 -0.011789
v -0.000270 0.008789 -0.011786
v -0.000270 0.008783 -0.011780
v -0.000270 0.008785 -0.011792
v -0.000270 0.008780 -0.011780
v -0.000270 0.008783 -0.011796
v -0.000270 0.008785 -0.011792
v -0.000270 0.008783 -0.011804
v -0.000270 0.008783 -0.011800
v -0.000270 0.008780 -0.011820
v -0.000270 0.008785 -0.011808
v -0.000270 0.008792 -0.011817
v -0.000270 0.008783 -0.011820
v -0.000270 0.008783 -0.011823
v -0.000270 0.008786 -0.011811
v -0.000270 0.008780 -0.011820
v -0.000270 0.008783 -0.011820
v -0.000270 0.008789 -0.011814
v -0.000270 0.008786 -0.011811
v -0.000270 0.008783 -0.011820
v -0.000270 0.008792 -0.011817
v -0.000270 0.008789 -0.011814
v -0.000270 0.008783 -0.011820
v -0.000270 0.008795 -0.011818
v -0.000270 0.008783 -0.011823
v -0.000270 0.008803 -0.011780
v -0.000270 0.008807 -0.011780
v -0.000270 0.008799 -0.011820
v -0.000270 0.008795 -0.011818
v -0.000270 0.008811 -0.011782
v -0.000270 0.008823 -0.011777
v -0.000360 0.008795 -0.011818
v -0.000360 0.008799 -0.011820
v -0.000360 0.008803 -0.011820
v -0.000360 0.008792 -0.011817
v -0.000360 0.008795 -0.011818
v -0.000360 0.008803 -0.011820
v -0.000360 0.008789 -0.011814
v -0.000360 0.008792 -0.011817
v -0.000360 0.008803 -0.011820
v -0.000360 0.008786 -0.011811
v -0.000360 0.008789 -0.011814
v -0.000360 0.008803 -0.011820
v -0.000360 0.008785 -0.011808
v -0.000360 0.008803 -0.011820
v -0.000360 0.008783 -0.011804
v -0.000360 0.008785 -0.011808
v -0.000360 0.008786 -0.011811
v -0.000360 0.008803 -0.011820
v -0.000360 0.008783 -0.011804
v -0.000360 0.008803 -0.011820
v -0.000360 0.008783 -0.011800
v -0.000360 0.008783 -0.011800
v -0.000360 0.008803 -0.011820
v -0.000360 0.008783 -0.011796
v -0.000360 0.008803 -0.011820
v -0.000360 0.008785 -0.011792
v -0.000360 0.008783 -0.011796
v -0.000360 0.008803 -0.011820
v -0.000360 0.008786 -0.011789
v -0.000360 0.008785 -0.011792
v -0.000360 0.008803 -0.011820
v -0.000360 0.008789 -0.011786
v -0.000360 0.008786 -0.011789
v -0.000360 0.008795 -0.011782
v -0.000360 0.008792 -0.011783
v -0.000360 0.008803 -0.011820
v -0.000360 0.008803 -0.011820
v -0.000360 0.008792 -0.011783
v -0.000360 0.008789 -0.011786
v -0.000360 0.008799 -0.011780
v -0.000360 0.008803 -0.011820
v -0.000360 0.008803 -0.011780
v -0.000360 0.008803 -0.011780
v -0.000360 0.008803 -0.011820
v -0.000360 0.008807 -0.011780
v -0.000360 0.008803 -0.011820
v -0.000360 0.008811 -0.011782
v -0.000360 0.008807 -0.011780
v -0.000360 0.008803 -0.011820
v -0.000360 0.008814 -0.011783
v -0.000360 0.008811 -0.011782
v -0.000360 0.008803 -0.011820
v -0.000360 0.008817 -0.011786
v -0.000360 0.008814 -0.011783
v -0.000360 0.008821 -0.011792
v -0.000360 0.008820 -0.011789
v -0.000360 0.008803 -0.011820
v -0.000360 0.008803 -0.011820
v -0.000360 0.008820 -0.011789
v -0.000360 0.008817 -0.011786
v -0.000360 0.008823 -0.011796
v -0.000360 0.008821 -0.011792
v -0.000360 0.008803 -0.011820
v -0.000360 0.008823 -0.011800
v -0.000360 0.008823 -0.011796
v -0.000360 0.008803 -0.011820
v -0.000360 0.008823 -0.011800
v -0.000360 0.008803 -0.011820
v -0.000360 0.008823 -0.011804
v -0.000360 0.008823 -0.011804
v -0.000360 0.008803 -0.011820
v -0.000360 0.008821 -0.011808
v -0.000360 0.008821 -0.011808
v -0.000360 0.008803 -0.011820
v -0.000360 0.008820 -0.011811
v -0.000360 0.008803 -0.011820
v -0.000360 0.008814 -0.011817
v -0.000360 0.008817 -0.011814
v -0.000360 0.008820 -0.011811
v -0.000360 0.008803 -0.011820
v -0.000360 0.008817 -0.011814
v -0.000360 0.008803 -0.011820
v -0.000360 0.008811 -0.011818
v -0.000360 0.008814 -0.011817
v -0.000360 0.008803 -0.011820
v -0.000360 0.008799 -0.011780
v -0.000360 0.008795 -0.011782
v -0.000360 0.008807 -0.011820
v -0.000360 0.008811 -0.011818
v -0.000360 0.008803 -0.011820
v -0.000270 0.008803 -0.011777
v -0.000270 0.008823 -0.011777
v -0.000310 0.008823 -0.011770
v -0.000270 0.008783 -0.011777
v -0.000270 0.008803 -0.011777
v -0.000270 0.008803 -0.011777
v -0.000310 0.008823 -0.011770
v -0.000270 0.008780 -0.011800
v -0.000270 0.008780 -0.011780
v -0.000310 0.008773 -0.011780
v -0.000270 0.008780 -0.011820
v -0.000270 0.008780 -0.011800
v -0.000270 0.008780 -0.011800
v -0.000310 0.008773 -0.011780
v -0.000270 0.008803 -0.011823
v -0.000270 0.008783 -0.011823
v -0.000310 0.008783 -0.011830
v -0.000270 0.008823 -0.011823
v -0.000270 0.008803 -0.011823
v -0.000270 0.008803 -0.011823
v -0.000310 0.008783 -0.011830
v -0.000270 0.008826 -0.011800
v -0.000270 0.008826 -0.011820
v -0.000270 0.008826 -0.011780
v -0.000270 0.008826 -0.011800
v -0.000270 0.008826 -0.011800
v -0.000330 0.008843 -0.011958
v -0.000360 0.008843 -0.011958
v -0.000330 0.008763 -0.011958
v -0.000360 0.008843 -0.011958
v -0.000360 0.008763 -0.011958
v -0.000330 0.008843 -0.011978
v -0.000360 0.008843 -0.011978
v -0.000330 0.008843 -0.011958
v -0.000330 0.008843 -0.011958
v -0.000360 0.008843 -0.011978
v -0.000360 0.008843 -0.011958
v -0.000330 0.008763 -0.011978
v -0.000360 0.008803 -0.011978
v -0.000330 0.008843 -0.011978
v -0.000360 0.008803 -0.011978
v -0.000360 0.008843 -0.011978
v -0.000330 0.008843 -0.011978
v -0.000360 0.008803 -0.011978
v -0.000360 0.008763 -0.011978
v -0.000330 0.008763 -0.011958
v -0.000360 0.008763 -0.011958
v -0.000330 0.008763 -0.011978
v -0.000330 0.008763 -0.011978
v -0.000360 0.008763 -0.011958
v -0.000360 0.008763 -0.011978
v -0.000330 0.008763 -0.011958
v -0.000330 0.008763 -0.011978
v -0.000330 0.008843 -0.011958
v -0.000330 0.008763 -0.011978
v -0.000330 0.008843 -0.011978
v -0.000330 0.008843 -0.011958
vn 1.0000 -0.0000 -0.0000
vn 1.0000 -0.0001 -0.0000
vn 1.0000 0.0001 -0.0000
vn -1.0000 -0.0000 -0.0000
vn -0.7071 -0.7071 -0.0000
vn -0.7072 -0.7070 -0.0000
vn -0.7070 -0.7072 -0.0002
vn -0.7071 -0.7071 -0.0003
vn -0.7071 -0.7071 0.0004
vn -0.7070 -0.7072 -0.0001
vn -0.7071 -0.7071 0.0001
vn -0.7071 -0.7072 0.0001
vn -0.7070 -0.7072 0.0001
vn -0.7069 -0.7073 -0.0004
vn -0.7073 -0.7069 -0.0002
vn -0.7072 -0.7071 0.0001
vn -0.7070 -0.7072 -0.0000
vn -0.7071 -0.7072 -0.0001
vn -0.7074 -0.7069 -0.0000
vn -0.7071 -0.7071 -0.0001
vn -0.7072 -0.7071 -0.0000
vn -0.7070 -0.7072 -0.0005
vn -0.7070 -0.7073 -0.0004
vn -0.7073 -0.7069 0.0003
vn -0.7070 -0.7072 0.0002
vn -0.7073 -0.7069 -0.0000
vn -0.0000 -1.0000 -0.0000
vn -0.7072 0.7070 0.0002
vn -0.7072 0.7070 -0.0000
vn -0.7071 0.7071 -0.0000
vn -0.7071 0.7071 -0.0002
vn -0.7069 0.7073 -0.0001
vn -0.7071 0.7071 0.0002
vn -0.7071 0.7072 -0.0003
vn -0.7070 0.7072 -0.0000
vn -0.7072 0.7071 -0.0000
vn -0.7072 0.7071 0.0001
vn -0.7071 0.7071 -0.0001
vn -0.7074 0.7069 0.0001
vn -0.7071 0.7071 0.0001
vn -0.7070 0.7072 0.0001
vn -0.0000 1.0000 -0.0000
vn -1.0000 0.0001 -0.0000
vn -0.7072 0.7070 0.0001
vn -0.7071 0.7072 0.0001
vn -0.7073 0.7069 -0.0000
vn -0.7071 0.7072 -0.0000
vn -0.7072 -0.7071 -0.0002
vn -0.7074 -0.7068 0.0003
vn -0.7070 -0.7072 -0.0003
vn -0.7074 0.7068 -0.0000
vn -0.7073 0.7070 0.0003
vn -0.7072 0.7071 0.0002
vn -0.7072 0.7070 -0.0002
vn -0.0000 -0.0000 1.0000
vn 0.0001 -0.0000 1.0000
vn -0.0000 -0.0000 -1.0000
vn -0.0000 0.0980 -0.9952
vn -0.0000 0.1951 -0.9808
vn -0.0000 0.2903 -0.9569
vn -0.0000 0.3827 -0.9239
vn -0.0000 0.4714 -0.8819
vn -0.0000 0.5556 -0.8315
vn -0.0000 0.5555 -0.8315
vn -0.0000 0.6344 -0.7730
vn -0.0000 0.5556 -0.8314
vn -0.0000 0.7071 -0.7071
vn -0.0000 0.7070 -0.7073
vn -0.0000 0.7730 -0.6344
vn -0.0000 0.7072 -0.7070
vn -0.0000 0.8314 -0.5556
vn -0.0000 0.8315 -0.5555
vn -0.0000 0.8819 -0.4714
vn -0.0000 0.9239 -0.3827
vn -0.0000 0.9952 -0.0980
vn -0.0000 0.9808 -0.1951
vn -0.0000 0.9569 -0.2903
vn -0.0000 0.8315 -0.5556
vn -0.0000 0.9952 0.0980
vn -0.0000 0.9808 0.1951
vn -0.0000 0.9569 0.2903
vn -0.0000 0.9239 0.3827
vn -0.0000 0.8819 0.4714
vn -0.0000 0.8315 0.5555
vn -0.0000 0.7730 0.6344
vn -0.0000 0.8315 0.5556
vn -0.0000 0.7072 0.7070
vn -0.0000 0.7071 0.7071
vn -0.0000 0.6344 0.7730
vn -0.0000 0.5556 0.8314
vn -0.0000 0.5555 0.8315
vn -0.0000 0.4714 0.8819
vn -0.0000 0.3827 0.9239
vn -0.0000 0.0980 0.9952
vn -0.0000 0.1951 0.9808
vn -0.0000 0.2903 0.9569
vn -0.0000 0.5556 0.8315
vn -0.0000 0.7070 0.7073
vn -0.0000 0.8314 0.5556
vn -0.0000 -0.0980 -0.9952
vn -0.0000 -0.1951 -0.9808
vn -0.0000 -0.2903 -0.9569
vn -0.0000 -0.3827 -0.9239
vn -0.0000 -0.4714 -0.8819
vn -0.0000 -0.5556 -0.8315
vn -0.0000 -0.5556 -0.8314
vn -0.0000 -0.6344 -0.7730
vn -0.0000 -0.7730 -0.6344
vn -0.0000 -0.8314 -0.5556
vn -0.0000 -0.8315 -0.5555
vn -0.0000 -0.8819 -0.4714
vn -0.0000 -0.9952 -0.0980
vn -0.0000 -0.9808 -0.1951
vn -0.0000 -0.9569 -0.2903
vn -0.0000 -0.9239 -0.3827
vn -0.0000 -0.7071 -0.7071
vn -0.0000 -0.7072 -0.7070
vn -0.0000 -1.0000 0.0001
vn -0.0000 -0.9952 0.0980
vn -0.0000 -0.9808 0.1951
vn -0.0000 -0.9569 0.2903
vn -0.0000 -0.9239 0.3827
vn -0.0000 -0.8819 0.4714
vn -0.0000 -0.8315 0.5556
vn -0.0000 -0.8315 0.5555
vn -0.0000 -0.7730 0.6344
vn -0.0000 -0.8314 0.5556
vn -0.0000 -0.7071 0.7071
vn -0.0000 -0.6344 0.7730
vn -0.0000 -0.5556 0.8314
vn -0.0000 -0.5556 0.8315
vn -0.0000 -0.4714 0.8819
vn -0.0000 -0.3827 0.9239
vn -0.0000 -0.0980 0.9952
vn -0.0000 -0.1951 0.9808
vn -0.0000 -0.2903 0.9569
vn -0.0000 -0.7072 0.7070
vn -0.0000 -0.9808 0.1950
vn -0.0000 -0.9808 0.1952
vn -0.0000 -0.7074 0.7068
vn -0.0000 -0.8314 0.5557
vn -0.0000 -0.7068 0.7074
vn -0.0000 -0.1950 0.9808
vn -0.0000 -0.1952 0.9808
vn -0.0000 -0.3826 0.9239
vn -0.0000 -0.5555 0.8315
vn -0.0000 -0.7068 0.7075
vn -0.0000 -0.9808 -0.1950
vn -0.0000 -0.9808 -0.1952
vn -0.0000 -0.8315 -0.5556
vn -0.0000 -0.7074 -0.7068
vn -0.0000 -0.8314 -0.5557
vn -0.0000 -0.7070 -0.7072
vn -0.0000 -0.5555 -0.8315
vn -0.0000 -0.1950 -0.9808
vn -0.0000 -0.3826 -0.9239
vn -0.0000 0.1950 -0.9808
vn -0.0000 0.8314 -0.5557
vn -0.0000 0.7074 -0.7068
vn -0.0000 0.9808 -0.1950
vn -0.0000 0.7068 -0.7074
vn -0.0000 0.5557 -0.8314
vn -0.0000 0.1950 0.9808
vn -0.0000 0.1952 0.9808
vn -0.0000 0.3826 0.9239
vn -0.0000 0.7074 0.7068
vn -0.0000 0.8314 0.5557
vn -0.0000 0.9808 0.1950
vn -0.0000 0.7068 0.7074
vn -0.0000 0.7068 0.7075
vn -0.0000 0.3826 -0.9239
vn -0.0000 0.7070 -0.7072
vn -0.0000 -0.7069 0.7073
vn -0.0000 -0.5557 0.8314
vn -0.0000 -0.7070 0.7072
vn -0.0000 -0.9239 0.3826
vn -0.0000 -0.9239 -0.3826
vn -0.0000 -0.1952 -0.9808
vn -0.0000 0.9239 0.3826
vn -0.0000 0.7070 0.7072
vn -0.0000 0.5557 0.8314
vn -0.0000 0.7069 0.7073
vn -0.0000 0.9239 -0.3826
vn -0.0000 -0.7068 -0.7074
vn -0.0000 1.0000 -0.0001
vn -0.0000 1.0000 0.0001
vn -0.0000 0.3828 0.9238
vn -0.0000 0.9238 0.3828
vn -0.0000 0.9238 -0.3828
vn -0.0000 0.3828 -0.9238
vn -0.0000 -0.3828 -0.9238
vn -0.0000 -0.3828 0.9238
vn -0.0000 -0.7071 -0.7072
vn 0.1723 -0.0000 0.9850
vn 0.1724 -0.0000 0.9850
vn 0.1724 -0.9850 -0.0000
vn 0.0001 -1.0000 -0.0000
vn 0.1724 -0.0000 -0.9850
vn 0.1724 0.9850 -0.0000
vn 0.1104 -0.0000 -0.9939
vn 0.1105 -0.0000 -0.9939
vn 0.1105 -0.0000 0.9939
vn 0.1104 -0.0000 0.9939
vn -0.0000 -1.0000 -0.0001
vn -0.0000 0.7068 -0.7075
vn -0.0000 -0.7069 -0.7073
vn -0.0000 0.1952 -0.9808
vn -0.0000 -0.7068 -0.7075
vn -0.0000 -0.7067 -0.7075
vn 0.0001 -0.0000 -1.0000
vn 0.0001 1.0000 -0.0000
s 1
usemtl Diffuse_51_51_51_100.014
f 1//1 2//1 3//1
f 4//1 5//1 6//1
f 7//1 8//1 9//1
f 10//1 11//1 12//1
f 13//1 14//1 15//1
f 16//1 17//1 18//1
f 16//1 19//1 20//1
f 21//1 22//1 23//1
f 24//1 25//1 26//1
f 26//1 25//1 27//1
f 28//1 29//1 22//1
f 30//1 27//1 31//1
f 32//1 15//1 33//1
f 27//1 30//1 26//1
f 34//1 35//1 30//1
f 31//1 36//1 30//1
f 20//1 37//1 38//1
f 39//1 16//1 38//1
f 30//1 40//1 26//1
f 41//1 42//1 43//1
s 0
f 44//2 43//2 42//2
s 1
f 45//1 46//1 42//1
f 47//1 48//1 42//1
f 49//3 50//1 42//1
f 51//2 49//3 42//1
f 52//1 51//2 42//1
f 53//1 54//1 55//1
f 53//1 52//1 54//1
f 56//2 53//1 55//1
f 57//1 56//2 55//1
f 57//1 58//1 56//2
f 59//1 60//1 58//1
f 59//1 61//1 60//1
f 61//1 62//1 63//1
f 63//1 62//1 64//1
f 64//1 65//1 66//1
f 66//1 65//1 67//1
f 67//1 68//1 66//1
f 69//1 70//1 68//1
f 69//1 71//1 70//1
f 70//1 71//1 72//1
f 72//1 71//1 73//1
f 74//1 73//1 75//1
f 76//1 74//1 75//1
f 77//1 78//1 79//1
f 77//1 80//1 78//1
f 81//1 82//1 83//1
f 84//1 82//1 85//1
f 86//1 87//1 81//1
f 88//1 89//1 81//1
f 90//1 79//1 91//1
f 80//1 76//1 75//1
f 50//1 92//1 93//1
f 94//1 95//1 96//1
f 94//1 97//1 95//1
f 95//1 97//1 98//1
f 98//1 97//1 99//1
f 97//1 100//1 101//1
f 97//1 102//1 100//1
f 97//1 103//1 102//1
f 103//1 104//1 105//1
f 106//1 103//1 107//1
f 106//1 108//1 103//1
f 107//1 103//1 109//1
f 109//1 103//1 110//1
f 110//1 103//1 4//1
f 111//1 110//1 4//1
f 4//1 103//1 112//1
f 4//1 113//1 111//1
f 113//1 4//1 114//1
f 114//1 4//1 115//1
f 116//1 117//1 5//1
f 5//1 117//1 6//1
f 118//1 119//1 116//1
f 116//1 119//1 117//1
f 120//1 118//1 116//1
f 121//1 120//1 116//1
f 116//1 122//1 121//1
f 116//1 123//1 122//1
f 102//1 103//1 105//1
f 122//1 123//1 124//1
f 103//1 108//1 104//1
f 125//1 126//1 127//1
f 93//1 42//1 50//1
f 97//1 101//1 99//1
f 93//1 47//1 42//1
f 128//1 125//1 123//1
f 48//1 45//1 42//1
f 129//1 123//1 130//1
f 129//1 128//1 123//1
f 123//1 131//1 132//1
f 44//1 42//1 46//1
f 133//1 134//1 123//1
f 132//1 130//1 123//1
f 123//1 125//1 127//1
f 124//1 123//1 127//1
f 135//1 116//1 5//1
f 136//1 135//1 5//1
f 5//1 137//1 138//1
f 139//1 140//1 5//1
f 5//1 140//1 137//1
f 5//1 138//1 141//1
f 142//1 143//1 7//1
f 7//1 143//1 144//1
f 145//1 7//1 144//1
f 146//1 145//1 144//1
f 147//1 148//1 149//1
f 146//1 149//1 145//1
f 150//1 149//1 151//1
f 149//1 152//3 153//1
f 149//1 154//1 155//1
f 156//1 149//1 155//1
f 156//1 157//1 158//1
f 159//1 160//1 156//1
f 159//1 161//1 160//1
f 159//1 162//1 161//1
f 163//1 164//1 159//1
f 165//1 163//1 159//1
f 166//1 165//1 159//1
f 155//1 157//1 156//1
f 154//1 149//1 167//1
f 167//1 149//1 168//1
f 168//1 149//1 169//1
f 169//1 149//1 146//1
f 145//1 149//1 148//1
f 159//1 158//1 170//1
f 171//1 152//3 149//1
f 149//1 153//1 151//1
f 7//1 172//1 142//1
f 7//1 9//1 173//1
f 174//1 7//1 173//1
f 173//1 9//1 175//1
f 175//1 9//1 176//1
f 177//1 178//1 9//1
f 9//1 178//1 179//1
f 180//1 9//1 181//1
f 181//1 9//1 182//1
f 183//1 181//1 182//1
f 184//1 183//1 182//1
f 182//1 185//1 184//1
f 186//1 187//1 188//1
f 186//1 189//1 182//1
f 190//1 188//1 187//1
f 190//1 191//1 188//1
f 188//1 191//1 192//1
f 192//1 191//1 193//1
f 191//1 194//1 195//1
f 191//1 196//1 194//1
f 191//1 83//1 196//1
f 81//1 87//1 197//1
f 83//1 82//1 84//1
f 88//1 81//1 197//1
f 198//1 199//1 79//1
f 78//1 198//1 79//1
f 198//1 200//1 199//1
f 199//1 200//1 201//1
f 201//1 202//1 203//1
f 203//1 204//1 205//1
f 91//1 84//1 85//1
f 205//1 206//1 207//1
f 207//1 206//1 208//1
f 209//1 207//1 208//1
f 208//1 210//1 209//1
f 209//1 210//1 211//1
f 211//1 212//1 213//1
f 213//1 212//1 214//1
f 215//1 216//1 217//1
f 218//1 219//1 220//1
f 221//1 222//1 223//1
f 224//1 218//1 220//1
f 225//1 213//1 214//1
f 81//1 226//1 86//1
f 191//1 195//1 193//1
f 172//1 7//1 174//1
f 220//1 219//1 227//1
f 176//1 9//1 179//1
f 219//1 228//1 229//1
f 150//1 147//1 149//1
f 182//1 189//1 185//1
f 159//1 164//1 162//1
f 230//1 219//1 231//1
f 230//1 228//1 219//1
f 219//1 218//1 232//1
f 159//1 156//1 158//1
f 233//1 234//3 235//1
f 235//1 234//3 236//1
f 237//1 235//1 236//1
f 237//1 238//1 235//1
f 235//1 238//1 239//1
f 238//1 240//1 241//1
f 238//1 242//1 243//1
f 241//1 244//1 238//1
f 238//1 244//1 242//1
f 233//1 235//1 219//1
f 227//1 219//1 229//1
f 219//1 232//1 245//3
f 221//1 219//1 245//3
f 221//1 233//1 219//1
f 221//1 223//1 233//1
f 238//1 237//1 246//1
f 81//1 83//1 191//1
f 247//1 217//1 216//1
f 222//1 216//1 215//1
f 247//1 248//1 217//1
f 247//1 225//1 248//1
f 248//1 225//1 214//1
f 206//1 205//1 204//1
f 198//1 78//1 249//1
f 249//1 78//1 250//1
f 251//1 252//1 250//1
f 251//1 253//1 252//1
f 251//1 254//1 253//1
f 22//1 21//1 28//1
f 16//1 20//1 38//1
f 255//1 16//1 256//1
f 256//1 16//1 39//1
f 257//1 37//1 20//1
f 257//1 32//1 37//1
f 258//1 30//1 35//1
f 259//1 32//1 260//1
f 261//1 260//1 32//1
f 262//1 263//1 33//1
f 32//1 263//1 264//1
f 265//1 262//1 33//1
f 32//1 257//1 266//1
f 267//1 268//1 10//1
f 10//1 268//1 33//1
f 10//1 33//1 3//1
f 10//1 269//1 267//1
f 33//1 268//1 270//1
f 271//1 272//1 33//1
f 269//1 10//1 273//1
f 273//1 10//1 274//1
f 275//1 276//1 11//1
f 11//1 276//1 12//1
f 277//1 278//1 275//1
f 275//1 278//1 276//1
f 279//1 277//1 275//1
f 280//1 279//1 275//1
f 275//1 281//1 280//1
f 275//1 282//1 281//1
f 274//1 10//1 12//1
f 281//1 282//1 283//2
f 272//1 284//1 33//1
f 285//1 286//1 287//1
f 288//1 22//1 29//1
f 252//1 249//1 250//1
f 288//1 25//1 22//1
f 211//1 210//1 212//1
f 36//1 34//1 30//1
f 22//1 25//1 24//1
f 32//1 259//1 37//1
f 215//1 223//1 222//1
f 203//1 202//1 204//1
f 289//1 238//1 243//1
f 16//1 253//1 22//1
f 32//1 30//1 15//1
f 239//1 238//1 289//1
f 23//1 22//1 254//1
f 290//1 282//1 291//1
f 291//1 282//1 292//1
f 292//1 282//1 293//3
f 285//1 282//1 286//1
f 294//1 275//1 11//1
f 285//1 283//2 282//1
f 295//1 11//1 296//1
f 297//1 298//1 13//1
f 13//1 298//1 299//1
f 300//1 13//1 299//1
f 301//1 300//1 299//1
f 302//1 303//1 304//1
f 301//1 304//1 300//1
f 305//1 304//1 306//1
s 0
f 304//2 307//2 308//2
s 1
f 304//1 309//1 310//1
f 311//1 304//1 310//1
f 311//1 312//3 313//1
f 314//1 315//1 311//1
f 314//1 316//1 315//1
f 314//1 317//1 316//1
f 318//1 319//1 314//1
f 320//1 318//1 314//1
f 321//1 320//1 314//1
f 310//1 312//3 311//1
f 309//1 304//1 322//1
f 322//1 304//1 323//1
f 323//1 304//1 324//1
f 324//1 304//1 301//1
f 300//1 304//1 303//1
f 314//1 313//1 325//1
f 326//1 307//1 304//1
f 304//1 308//1 306//1
f 13//1 327//1 297//1
f 13//1 15//1 328//1
f 329//1 13//1 328//1
f 328//1 15//1 330//1
f 330//1 15//1 331//1
f 332//1 333//1 15//1
f 15//1 333//1 334//1
f 335//1 15//1 258//1
f 258//1 15//1 30//1
f 263//1 32//1 33//1
f 264//1 261//1 32//1
f 33//1 284//1 265//1
f 293//3 282//1 336//1
f 337//1 11//1 338//1
f 338//1 11//1 339//1
f 11//1 337//1 296//1
f 16//1 255//1 17//1
f 340//1 286//1 282//1
f 22//1 24//1 341//1
f 18//1 253//1 16//1
f 22//1 253//1 254//1
f 200//1 202//1 201//1
f 52//1 42//1 54//1
f 81//1 89//1 82//1
f 90//1 91//1 85//1
f 96//1 226//1 81//1
f 90//1 77//1 79//1
f 80//1 77//1 76//1
f 74//1 72//1 73//1
f 67//1 69//1 68//1
f 60//1 61//1 63//1
f 342//2 54//1 343//1
f 343//1 54//1 42//1
f 343//1 344//1 342//2
f 339//1 11//1 345//1
f 57//1 59//1 58//1
f 65//1 64//1 62//1
f 344//1 343//1 346//1
f 346//1 347//1 348//1
f 343//1 349//1 347//1
f 15//1 334//1 331//1
f 343//1 350//1 349//1
f 13//1 329//1 327//1
f 305//1 302//1 304//1
f 290//1 351//1 282//1
f 33//1 270//1 271//1
f 314//1 319//1 317//1
s 0
f 343//2 352//2 353//2
s 1
f 354//1 355//1 343//1
f 343//1 356//1 352//1
f 311//1 313//1 314//1
s 0
f 123//2 134//2 131//2
s 1
f 4//1 112//1 357//1
f 9//1 180//1 177//1
f 219//1 358//3 231//1
f 186//1 182//1 187//1
f 359//1 357//1 112//1
f 9//1 97//1 182//1
f 8//1 7//1 357//1
f 8//1 357//1 359//1
f 182//1 360//1 187//1
f 361//1 97//1 94//1
f 103//1 97//1 9//1
f 347//1 346//1 343//1
f 5//1 141//1 136//1
f 226//1 96//1 95//1
f 81//1 362//1 96//1
f 354//1 343//1 353//1
f 355//1 350//1 343//1
f 363//1 358//3 219//1
f 115//1 4//1 6//1
f 14//1 2//1 1//1
f 14//1 13//1 2//1
f 3//1 2//1 10//1
f 11//1 295//1 294//1
f 351//1 340//1 282//1
f 15//1 335//1 332//1
f 191//1 190//1 364//1
f 365//4 366//4 367//4
f 368//4 369//4 370//4
f 371//4 372//4 373//4
f 374//4 375//4 376//4
f 367//4 366//4 377//4
f 378//4 379//4 380//4
f 381//4 379//4 382//4
f 370//4 383//4 368//4
f 370//4 369//4 384//4
f 385//4 381//4 368//4
f 386//4 368//4 383//4
f 387//4 368//4 386//4
f 388//4 368//4 387//4
f 389//4 368//4 388//4
f 390//4 368//4 389//4
f 368//4 390//4 391//4
f 368//4 391//4 392//4
f 368//4 392//4 393//4
f 368//4 393//4 385//4
f 381//4 385//4 394//4
f 381//4 394//4 395//4
f 381//4 395//4 396//4
f 381//4 396//4 397//4
f 381//4 397//4 398//4
f 379//4 398//4 399//4
f 379//4 399//4 400//4
f 401//4 402//4 403//4
f 400//4 402//4 401//4
f 404//4 403//4 405//4
f 404//4 405//4 406//4
f 405//4 407//4 406//4
f 407//4 408//4 409//4
f 408//4 410//4 409//4
f 411//4 412//4 413//4
f 411//4 413//4 414//4
f 414//4 415//4 416//4
f 417//4 416//4 415//4
f 418//4 419//4 417//4
f 420//4 419//4 418//4
f 421//4 420//4 422//4
f 421//4 422//4 423//4
f 424//4 423//4 425//4
f 426//4 427//4 428//4
f 427//4 425//4 428//4
f 426//4 428//4 429//4
f 424//4 425//4 427//4
f 430//4 431//4 432//4
f 433//4 431//4 430//4
f 434//4 435//4 436//4
f 435//4 437//4 436//4
f 438//4 371//4 434//4
f 434//4 439//4 440//4
f 441//4 371//4 438//4
f 442//4 439//4 434//4
f 443//4 371//4 441//4
f 444//4 371//4 443//4
f 445//4 371//4 444//4
f 446//4 371//4 445//4
f 371//4 446//4 447//4
f 442//4 434//4 448//4
f 371//4 449//4 450//4
f 451//4 452//4 429//4
f 451//4 431//4 433//4
f 451//4 433//4 452//4
f 429//4 452//4 426//4
f 372//4 371//4 453//4
f 454//4 376//4 375//4
f 376//4 455//4 374//4
f 456//4 457//4 374//4
f 458//4 374//4 455//4
f 459//4 374//4 458//4
f 460//4 374//4 459//4
f 461//4 374//4 460//4
f 462//4 374//4 461//4
f 374//4 462//4 463//4
f 374//4 463//4 464//4
f 374//4 464//4 465//4
f 374//4 465//4 456//4
f 457//4 456//4 466//4
f 457//4 466//4 467//4
f 457//4 467//4 468//4
f 457//4 468//4 469//4
f 457//4 469//4 435//4
f 457//4 435//4 434//4
f 436//4 448//4 434//4
f 371//4 447//4 449//4
f 450//4 453//4 371//4
f 373//4 372//4 470//4
f 432//4 436//4 437//4
f 432//4 437//4 430//4
f 400//4 399//4 402//4
f 423//4 424//4 421//4
f 422//4 420//4 418//4
f 417//4 419//4 416//4
f 413//4 415//4 414//4
f 471//4 412//4 411//4
f 410//4 408//4 472//4
f 410//4 472//4 471//4
f 409//4 406//4 407//4
f 403//4 404//4 401//4
f 379//4 381//4 398//4
f 473//4 378//4 380//4
f 474//4 378//4 473//4
f 378//4 474//4 475//4
f 440//4 438//4 434//4
f 378//4 476//4 365//4
f 476//4 477//4 365//4
f 478//4 365//4 479//4
f 365//4 480//4 479//4
f 481//4 365//4 478//4
f 482//4 365//4 481//4
f 483//4 365//4 482//4
f 365//4 483//4 484//4
f 365//4 484//4 485//4
f 477//4 480//4 365//4
f 378//4 475//4 476//4
f 472//4 412//4 471//4
f 366//4 365//4 485//4
f 382//4 379//4 378//4
f 486//5 487//5 488//5
f 489//6 490//5 488//5
f 491//5 489//6 488//5
f 491//5 492//5 493//5
f 494//5 492//5 495//5
f 489//5 496//5 497//5
f 498//7 495//5 492//5
f 499//8 492//5 500//5
f 500//5 492//5 501//9
f 501//9 492//5 502//5
f 492//5 503//5 502//5
f 504//6 505//5 492//5
f 492//5 505//5 503//5
f 492//5 499//8 498//7
f 492//5 491//5 488//5
f 488//10 506//11 507//12
f 508//13 488//10 507//12
f 508//13 509//5 488//10
f 488//10 510//14 511//15
f 488//10 509//5 510//14
f 512//16 488//10 511//15
f 513//5 514//17 488//10
f 512//16 513//5 488//10
f 493//5 492//5 494//5
f 515//18 516//19 517//20
f 518//21 515//18 517//20
f 519//22 518//21 517//20
f 520//23 519//22 517//20
f 521//24 520//23 517//20
f 522//12 521//24 517//20
f 523//12 522//12 517//20
f 524//5 517//5 525//5
f 526//5 517//5 527//5
f 528//18 527//5 529//20
f 529//20 527//5 530//6
f 530//6 527//5 531//25
f 527//5 532//6 531//25
f 533//5 534//5 527//5
f 527//5 534//5 532//6
f 535//26 533//5 527//5
f 527//5 528//18 536//20
f 517//20 537//11 523//12
f 527//5 538//5 539//5
f 540//27 541//27 542//27
f 543//27 544//27 545//27
f 546//27 547//27 548//27
f 549//27 550//27 551//27
f 552//28 553//29 554//30
f 555//31 552//28 554//30
f 556//30 555//31 554//30
f 557//32 556//30 554//30
f 558//33 557//32 554//30
f 559//34 558//33 554//30
f 560//35 559//34 554//30
f 561//30 554//30 562//30
f 562//30 554//30 563//36
f 564//30 563//36 554//30
f 564//30 565//30 566//30
f 564//30 554//30 565//30
f 567//30 568//30 564//30
f 565//30 569//30 570//30
f 571//37 565//38 572//38
f 572//38 565//38 573//39
f 573//39 565//38 574//40
f 565//38 575//41 574//40
f 576//35 577//38 565//38
f 565//38 577//38 575//41
f 565//38 571//37 578//38
f 554//30 579//30 560//35
f 565//38 578//38 580//31
f 579//30 554//30 561//30
f 581//42 582//42 583//42
f 584//42 585//42 586//42
f 587//4 588//4 589//4
f 590//4 591//4 592//4
f 593//4 594//4 595//4
f 596//4 597//4 598//4
f 599//4 600//4 601//4
f 589//4 602//4 603//4
f 589//4 604//4 605//4
f 606//4 607//4 608//4
f 609//4 610//4 602//4
f 611//4 612//4 609//4
f 613//43 614//43 611//43
f 615//4 616//4 613//4
f 617//4 618//4 615//4
f 619//4 617//4 620//4
f 621//4 620//4 622//4
f 623//4 622//4 624//4
f 625//4 624//4 606//4
f 626//4 606//4 627//4
f 628//4 627//4 629//4
f 630//4 629//4 631//4
f 632//4 631//4 633//4
f 634//4 633//4 600//4
f 635//4 600//4 636//4
f 600//4 637//4 636//4
f 638//4 639//4 640//4
f 637//4 639//4 638//4
f 640//4 641//4 642//4
f 642//4 643//4 644//4
f 643//4 645//4 644//4
f 645//4 646//4 647//4
f 646//4 648//4 647//4
f 649//4 650//4 651//4
f 649//4 651//4 652//4
f 652//4 653//4 654//4
f 655//4 654//4 653//4
f 656//4 657//4 655//4
f 658//4 657//4 656//4
f 659//4 658//4 660//4
f 659//4 660//4 661//4
f 662//4 661//4 663//4
f 664//4 665//4 666//4
f 665//4 663//4 666//4
f 664//4 666//4 667//4
f 662//4 663//4 665//4
f 668//4 669//4 670//4
f 671//4 669//4 668//4
f 672//4 673//4 674//4
f 673//4 675//4 674//4
f 676//4 590//4 672//4
f 672//4 677//4 678//4
f 679//4 590//4 676//4
f 680//4 677//4 672//4
f 681//4 590//4 679//4
f 682//4 590//4 681//4
f 683//4 590//4 682//4
f 684//4 590//4 683//4
f 590//4 684//4 685//4
f 680//4 672//4 686//4
f 590//4 687//4 688//4
f 689//4 690//4 667//4
f 689//4 669//4 671//4
f 689//4 671//4 690//4
f 667//4 690//4 664//4
f 591//4 590//4 691//4
f 595//4 692//4 593//4
f 595//4 594//4 693//4
f 694//4 695//4 593//4
f 696//4 593//4 692//4
f 697//4 593//4 696//4
f 698//4 593//4 697//4
f 699//4 593//4 698//4
f 700//4 593//4 699//4
f 593//4 700//4 701//4
f 593//4 701//4 702//4
f 593//4 702//4 703//4
f 593//4 703//4 694//4
f 695//4 694//4 704//4
f 695//4 704//4 705//4
f 695//4 705//4 706//4
f 695//4 706//4 707//4
f 695//4 707//4 673//4
f 695//4 673//4 672//4
f 674//4 686//4 672//4
f 590//4 685//4 687//4
f 688//4 691//4 590//4
f 592//4 591//4 708//4
f 670//4 674//4 675//4
f 670//4 675//4 668//4
f 636//4 637//4 638//4
f 661//4 662//4 659//4
f 660//4 658//4 656//4
f 655//4 657//4 654//4
f 651//4 653//4 652//4
f 709//4 650//4 649//4
f 648//4 646//4 710//4
f 648//4 710//4 709//4
f 647//4 644//4 645//4
f 643//4 642//4 641//4
f 641//4 640//4 639//4
f 711//4 712//4 636//4
f 713//4 714//4 711//4
f 715//4 716//4 713//4
f 717//4 715//4 718//4
f 719//4 720//4 721//4
f 720//4 722//4 723//4
f 724//4 725//4 726//4
f 727//4 728//4 726//4
f 729//4 730//4 724//4
f 731//4 732//4 729//4
f 733//4 731//4 734//4
f 735//4 734//4 736//4
f 722//4 728//4 737//4
f 738//4 718//4 720//4
f 678//4 676//4 672//4
f 739//4 740//4 736//4
f 710//4 650//4 709//4
f 597//4 741//4 739//4
f 597//4 742//4 743//4
f 601//4 600//4 744//4
f 745//30 746//30 747//30
f 748//30 749//30 750//30
f 751//38 752//31 746//38
f 753//44 746//38 754//31
f 754//31 746//38 755//45
f 746//38 756//30 755//45
f 757//30 758//30 746//38
f 746//38 758//30 756//30
f 759//46 757//30 746//38
f 746//38 753//44 751//38
f 746//30 760//30 750//30
f 750//44 761//33 762//47
f 763//34 750//44 762//47
f 763//34 764//40 750//44
f 750//44 765//38 766//41
f 750//44 764//40 767//30
f 768//46 750//44 769//40
f 769//40 750//44 766//41
f 750//44 767//30 765//38
f 770//27 771//27 772//27
f 773//27 771//27 774//27
f 775//5 776//5 777//5
f 778//5 779//5 780//5
f 781//48 782//48 783//48
f 784//20 785//20 786//20
f 786//13 787//13 788//13
f 789//49 790//49 788//49
f 791//5 792//5 793//5
f 794//5 792//20 790//20
f 795//17 791//17 796//17
f 797//8 784//8 781//8
f 798//5 799//5 800//5
f 801//11 802//11 803//11
f 804//17 805//17 803//17
f 804//5 806//5 807//5
f 808//5 809//5 810//5
f 811//5 806//5 812//5
f 813//26 814//26 815//26
f 815//5 816//5 810//5
f 817//50 812//50 809//50
f 818//42 819//42 820//42
f 821//42 819//42 822//42
f 823//30 824//30 825//30
f 826//30 827//30 828//30
f 829//31 830//31 831//31
f 832//31 833//31 834//31
f 834//51 835//51 836//51
f 837//30 838//30 836//30
f 839//38 840//38 841//38
f 842//30 840//30 838//30
f 843//46 839//46 844//46
f 845//52 832//52 829//52
f 846//30 847//30 848//30
f 849//53 850//53 851//53
f 852//30 853//30 851//30
f 852//33 854//33 855//33
f 856//36 857//36 858//36
f 859//54 854//54 860//54
f 861//35 862//35 863//35
f 863//40 864//40 858//40
f 865//30 860//30 857//30
f 866//55 867//55 868//55
f 869//55 870//55 871//55
f 872//56 873//56 874//56
f 875//55 876//55 877//55
f 878//55 879//55 880//55
f 881//55 882//55 883//55
f 884//55 885//55 886//55
f 887//57 888//57 889//57
f 890//57 891//57 892//57
f 893//57 894//57 895//57
f 896//57 897//57 898//57
f 899//57 900//57 901//57
f 902//57 903//57 904//57
f 905//57 906//57 907//57
f 908//42 909//42 910//42
f 911//42 912//42 913//42
f 914//42 915//42 916//42
f 917//42 918//42 919//42
f 920//58 921//59 922//58
f 923//59 924//60 925//59
f 926//60 927//60 928//59
f 929//61 930//61 931//60
f 932//62 933//61 934//61
f 935//63 936//62 937//62
f 938//64 939//62 940//64
f 941//65 942//66 943//65
f 944//65 945//65 946//67
f 947//68 948//68 949//69
f 950//70 951//69 952//69
f 953//69 954//71 955//71
f 956//72 957//73 958//72
f 959//73 960//74 961//73
f 962//74 963//74 964//73
f 965//58 966//58 967//57
f 968//75 969//42 970//42
f 971//75 972//42 973//75
f 974//75 975//75 976//76
f 977//75 978//76 979//76
f 980//76 981//77 982//76
f 983//77 984//77 985//76
f 986//74 987//77 988//77
f 989//74 990//77 991//74
f 992//72 993//73 994//73
f 995//69 996//69 997//78
f 998//67 999//65 1000//67
f 1001//65 1002//66 1003//66
f 1004//62 1005//62 1006//61
f 1007//60 1008//61 1009//60
f 1010//58 1011//57 1012//57
f 1013//59 1014//59 1015//58
f 1016//57 1017//57 1018//57
f 1019//57 1020//57 1021//57
f 1022//27 1023//27 1024//27
f 1025//27 1026//27 1027//27
f 1028//27 1029//27 1030//27
f 1031//27 1032//27 1033//27
f 1034//55 1035//55 1036//55
f 1037//55 1038//55 1039//55
f 1040//79 1041//80 1042//79
f 1043//80 1044//81 1045//80
f 1046//81 1047//81 1048//80
f 1049//82 1050//82 1051//81
f 1052//83 1053//82 1054//82
f 1055//84 1056//83 1057//83
f 1058//84 1059//83 1060//84
f 1061//85 1062//86 1063//85
f 1064//85 1065//85 1066//87
f 1067//88 1068//88 1069//89
f 1070//88 1071//89 1072//89
f 1073//89 1074//90 1075//90
f 1076//91 1077//92 1078//91
f 1079//92 1080//93 1081//92
f 1082//93 1083//93 1084//92
f 1085//79 1086//79 1087//42
f 1088//94 1089//55 1090//55
f 1091//94 1092//55 1093//94
f 1094//94 1095//94 1096//95
f 1097//94 1098//95 1099//95
f 1100//95 1101//96 1102//95
f 1103//96 1104//96 1105//95
f 1106//93 1107//96 1108//96
f 1109//93 1110//96 1111//93
f 1112//97 1113//92 1114//92
f 1115//89 1116//89 1117//90
f 1118//98 1119//85 1120//98
f 1121//85 1122//99 1123//99
f 1124//83 1125//83 1126//82
f 1127//81 1128//82 1129//81
f 1130//79 1131//42 1132//42
f 1133//80 1134//80 1135//79
f 1136//57 1137//57 1138//57
f 1139//57 1140//57 1141//57
f 1142//57 1143//57 1144//57
f 1145//55 1146//55 1147//55
f 1148//55 1149//55 1150//55
f 1151//55 1152//55 1153//55
f 1154//27 1155//27 1156//27
f 1157//27 1158//27 1159//27
f 1160//57 1161//100 1162//57
f 1163//100 1164//100 1165//57
f 1166//101 1167//100 1168//100
f 1169//101 1170//100 1171//101
f 1172//101 1173//101 1174//102
f 1175//101 1176//102 1177//102
f 1178//102 1179//103 1180//102
f 1181//103 1182//103 1183//102
f 1184//104 1185//103 1186//103
f 1187//104 1188//103 1189//104
f 1190//104 1191//104 1192//105
f 1193//104 1194//105 1195//105
f 1196//106 1197//107 1198//106
f 1199//107 1200//107 1201//106
f 1202//108 1203//109 1204//109
f 1205//110 1206//110 1207//111
f 1208//27 1209//112 1210//27
f 1211//112 1212//112 1213//27
f 1214//113 1215//112 1216//112
f 1217//113 1218//112 1219//113
f 1220//113 1221//113 1222//114
f 1223//113 1224//114 1225//114
f 1226//114 1227//115 1228//114
f 1229//115 1230//115 1231//114
f 1232//111 1233//115 1234//115
f 1235//111 1236//115 1237//111
f 1238//111 1239//111 1240//110
f 1241//109 1242//108 1243//108
f 1244//108 1245//116 1246//108
f 1247//117 1248//117 1249//108
f 1250//107 1251//116 1252//116
f 1253//107 1254//107 1255//116
f 1256//57 1257//57 1258//57
f 1259//57 1260//57 1261//57
f 1262//42 1263//42 1264//42
f 1265//42 1266//42 1267//42
f 1268//42 1269//42 1270//42
f 1271//42 1272//42 1273//42
f 1274//55 1275//55 1276//55
f 1277//55 1278//55 1279//55
f 1280//118 1281//119 1282//118
f 1283//119 1284//120 1285//119
f 1286//120 1287//120 1288//119
f 1289//121 1290//121 1291//120
f 1292//122 1293//122 1294//121
f 1295//123 1296//122 1297//122
f 1298//124 1299//123 1300//123
f 1301//125 1302//123 1303//125
f 1304//126 1305//127 1306//126
f 1307//126 1308//126 1309//128
f 1310//128 1311//128 1312//129
f 1313//128 1314//129 1315//129
f 1316//129 1317//130 1318//130
f 1319//131 1320//132 1321//131
f 1322//132 1323//133 1324//132
f 1325//133 1326//133 1327//132
f 1328//134 1329//55 1330//55
f 1331//134 1332//55 1333//134
f 1334//134 1335//134 1336//135
f 1337//134 1338//135 1339//135
f 1340//135 1341//136 1342//135
f 1343//136 1344//136 1345//135
f 1346//133 1347//136 1348//136
f 1349//133 1350//136 1351//133
f 1352//131 1353//132 1354//132
f 1355//129 1356//129 1357//130
f 1358//137 1359//126 1360//137
f 1361//126 1362//127 1363//127
f 1364//123 1365//123 1366//122
f 1367//121 1368//122 1369//121
f 1370//119 1371//118 1372//119
f 1373//120 1374//120 1375//121
f 1376//57 1377//57 1378//57
f 1379//57 1380//57 1381//57
f 1382//57 1383//57 1384//57
f 1385//55 1386//55 1387//55
f 1388//55 1389//55 1390//55
f 1391//55 1392//55 1393//55
f 1394//27 1395//27 1396//138
f 1397//138 1398//27 1399//138
f 1400//139 1401//122 1402//120
f 1403//139 1404//122 1405//122
f 1406//122 1407//122 1408//125
f 1409//125 1410//122 1411//124
f 1412//140 1413//141 1414//127
f 1415//130 1416//137 1417//137
f 1418//142 1419//142 1420//127
f 1421//143 1422//55 1423//55
f 1424//143 1425//143 1426//55
f 1427//144 1428//145 1429//144
f 1430//135 1431//145 1432//145
f 1433//133 1434//133 1435//146
f 1436//146 1437//133 1438//146
f 1439//147 1440//131 1441//130
f 1442//27 1443//27 1444//148
f 1445//149 1446//113 1447//115
f 1448//115 1449//113 1450//115
f 1451//150 1452//115 1453//150
f 1454//151 1455//109 1456//152
f 1457//105 1458//117 1459//117
f 1460//106 1461//106 1462//153
f 1463//154 1464//103 1465//154
f 1466//57 1467//155 1468//155
f 1469//155 1470//57 1471//57
f 1472//101 1473//156 1474//101
f 1475//153 1476//153 1477//109
f 1478//103 1479//105 1480//103
f 1481//148 1482//148 1483//27
f 1484//101 1485//103 1486//103
f 1487//115 1488//110 1489//115
f 1490//57 1491//57 1492//157
f 1493//157 1494//57 1495//157
f 1496//61 1497//59 1498//59
f 1499//61 1500//61 1501//59
f 1502//63 1503//63 1504//61
f 1505//70 1506//70 1507//66
f 1508//158 1509//71 1510//159
f 1511//74 1512//74 1513//72
f 1514//160 1515//42 1516//160
f 1517//160 1518//42 1519//42
f 1520//74 1521//76 1522//76
f 1523//74 1524//74 1525//76
f 1526//72 1527//72 1528//74
f 1529//161 1530//161 1531//71
f 1532//162 1533//162 1534//68
f 1535//61 1536//61 1537//64
f 1538//55 1539//163 1540//55
f 1541//55 1542//163 1543//163
f 1544//164 1545//164 1546//165
f 1547//165 1548//95 1549//165
f 1550//97 1551//88 1552//88
f 1553//91 1554//93 1555//91
f 1556//166 1557//99 1558//167
f 1559//91 1560//93 1561//93
f 1562//168 1563//42 1564//42
f 1565//168 1566//168 1567//42
f 1568//80 1569//82 1570//80
f 1571//80 1572//82 1573//82
f 1574//82 1575//82 1576//84
f 1577//84 1578//82 1579//86
f 1580//169 1581//99 1582//169
f 1583//170 1584//97 1585//97
f 819//42 1586//42 1587//160
f 1588//160 819//42 1589//160
f 1590//76 1591//74 1592//76
f 1593//76 1594//74 1595//74
f 1596//74 1597//74 1598//72
f 1599//78 1600//74 1601//78
f 1602//159 1603//158 1604//71
f 1605//66 1606//70 1607//70
f 1608//161 1609//161 1610//71
f 1611//157 1612//57 1613//57
f 1614//157 1615//157 1616//57
f 1617//59 1618//171 1619//59
f 1620//59 1621//171 1622//171
f 1623//61 1624//61 1625//64
f 1626//64 1627//61 1628//64
f 1629//172 1630//66 1631//66
f 1632//135 1633//145 1634//135
f 1635//133 1636//146 1637//133
f 1638//146 1639//146 1640//133
f 1641//173 1642//173 1643//174
f 1644//127 1645//175 1646//175
f 1647//122 1648//125 1649//124
f 1650//122 1651//125 1652//122
f 1653//143 1654//143 1655//55
f 1656//138 1657//27 1658//27
f 1659//138 1660//27 1661//138
f 1662//139 1663//139 1664//176
f 1665//139 1666//176 1667//176
f 1668//127 1669//127 1670//175
f 1671//174 1672//175 1673//174
f 1674//143 1675//55 1676//55
f 1677//145 1678//145 1679//144
f 1680//149 1681//177 1682//149
f 1683//115 1684//110 1685//115
f 1686//110 1687//110 1688//115
f 1689//153 1690//153 1691//109
f 1692//106 1693//153 1694//153
f 1695//103 1696//154 1697//105
f 1698//103 1699//154 1700//103
f 1701//148 1702//148 1703//27
f 1704//155 1705//57 1706//57
f 1707//155 1708//57 1709//155
f 1710//178 1711//101 1712//156
f 1713//178 1714//156 1715//156
f 1716//106 1717//106 1718//153
f 1719//109 1720//153 1721//152
f 1722//148 1723//27 1724//27
f 1725//177 1726//177 1727//149
f 1728//80 1729//179 1730//80
f 1731//82 1732//84 1733//82
f 1734//86 1735//86 1736//82
f 1737//180 1738//180 1739//99
f 1740//181 1741//180 1742//180
f 1743//93 1744//91 1745//91
f 1746//93 1747//91 1748//93
f 1749//55 1750//55 1751//163
f 1752//55 1753//163 1754//163
f 1755//164 1756//165 1757//95
f 1758//168 1759//168 1760//42
f 1761//165 1762//95 1763//165
f 1764//168 1765//42 1766//42
f 1767//80 1768//179 1769//179
f 1770//99 1771//87 1772//167
f 1773//181 1774//181 1775//182
f 1776//55 1777//55 1778//143
f 1779//143 1780//55 1781//143
f 1782//133 1783//135 1784//135
f 1785//133 1786//133 1787//135
f 1788//133 1789//131 1790//133
f 1791//133 1792//146 1793//146
f 1794//130 1795//137 1796//137
f 771//27 1797//27 1798//138
f 1799//138 1800//138 771//27
f 1801//139 1802//122 1803//120
f 1804//139 1805//122 1806//122
f 1807//122 1808//122 1809//125
f 1810//125 1811//122 1812//124
f 1813//175 1814//127 1815//141
f 1816//175 1817//175 1818//124
f 1819//147 1820//131 1821//130
f 1822//42 822//42 1823//168
f 1824//168 822//42 1825//168
f 1826//82 1827//80 1828//80
f 1829//82 1830//82 1831//80
f 1832//82 1833//84 1834//82
f 1835//82 1836//86 1837//86
f 1838//167 1839//99 1840//180
f 1841//180 1842//86 1843//180
f 1844//97 1845//88 1846//88
f 1847//55 1848//55 1849//163
f 1850//163 1851//55 1852//163
f 1853//93 1854//95 1855//95
f 1856//97 1857//93 1858//97
f 1859//91 1860//93 1861//93
f 1862//170 1863//97 1864//97
f 1865//93 1866//95 1867//93
f 1868//157 1869//157 1870//57
f 1871//171 1872//59 1873//59
f 1874//64 1875//61 1876//61
f 1877//64 1878//61 1879//64
f 1880//172 1881//66 1882//172
f 1883//172 1884//172 1885//71
f 1886//72 1887//72 1888//74
f 1889//42 1890//160 1891//42
f 1892//160 1893//160 1894//42
f 1895//183 1896//76 1897//76
f 1898//183 1899//76 1900//183
f 1901//74 1902//74 1903//72
f 1904//158 1905//71 1906//70
f 1907//66 1908//172 1909//66
f 1910//157 1911//57 1912//57
f 1913//171 1914//171 1915//59
f 1916//57 1917//155 1918//57
f 1919//57 1920//155 1921//155
f 1922//101 1923//101 1924//156
f 1925//156 1926//101 1927//156
f 1928//105 1929//117 1930//117
f 1931//154 1932//103 1933//154
f 1934//151 1935//109 1936//152
f 1937//154 1938//103 1939//103
f 1940//148 1941//27 774//27
f 1942//148 1943//148 774//27
f 1944//113 1945//115 1946//149
f 1947//149 1948//115 1949//115
f 1950//115 1951//115 1952//110
f 1953//150 1954//115 1955//150
f 1956//184 1957//109 1958//184
f 1959//153 1960//106 1961//106
f 1962//42 1963//42 1964//42
f 1963//42 1965//42 1966//42
f 1967//55 1968//55 1969//55
f 1970//55 1971//55 1969//55
f 1972//55 1973//55 1974//55
f 1975//42 1976//42 1977//42
f 1978//185 1979//185 1975//185
f 1980//42 1975//42 1981//42
f 1982//55 1983//55 1984//55
f 1985//55 1986//55 1987//55
f 1988//27 1989//27 1990//27
f 1991//27 1992//27 1990//27
f 1993//27 1994//27 1995//27
f 1996//55 1997//55 1998//55
f 1999//55 2000//55 1996//55
f 2001//56 1996//56 2002//56
f 2003//27 2004//27 2005//27
f 2006//27 2007//27 2008//27
f 2009//57 2010//57 2011//57
f 2012//57 2013//57 2011//57
f 2014//57 2015//57 2016//57
f 2017//27 2018//27 2019//27
f 2020//27 2021//27 2017//27
f 2022//27 2017//27 2023//27
f 2024//57 2025//57 2026//57
f 2027//57 2028//57 2029//57
f 2030//42 2031//42 2032//42
f 2033//186 2034//186 2032//186
f 2035//42 2036//42 2037//42
f 2038//95 2039//95 2040//55
f 2041//93 2039//95 2038//95
f 2042//97 2043//187 2041//93
f 2044//97 2043//187 2042//97
f 2045//88 2044//97 2046//88
f 2045//88 2046//88 2047//86
f 2048//86 2047//86 2049//82
f 2048//86 2049//82 2050//188
f 2050//188 2051//80 2052//80
f 2051//80 2053//42 2052//80
f 2053//42 2054//76 2055//42
f 2054//76 2056//76 2055//42
f 2057//189 2058//74 2056//76
f 2059//78 2058//74 2057//189
f 2060//70 2061//72 2059//78
f 2062//67 2061//72 2060//70
f 2063//63 2062//67 2064//63
f 2063//63 2064//63 2065//190
f 2066//171 2065//190 2067//59
f 2066//171 2067//59 2068//59
f 2068//59 2069//57 2070//57
f 2069//57 2071//101 2070//57
f 2072//101 2073//103 2074//191
f 2074//191 2073//103 2075//105
f 2076//27 2077//27 2078//113
f 2079//120 2080//120 2077//27
f 2081//122 2082//176 2080//120
f 2083//124 2084//124 2082//176
f 2085//175 2084//124 2083//124
f 2086//131 2087//128 2085//175
f 2088//131 2087//128 2086//131
f 2089//133 2088//131 2090//192
f 2064//63 2062//67 2060//70
f 2091//135 2092//135 2040//55
f 2089//133 2092//135 2091//135
f 2090//192 2092//135 2089//133
f 2086//131 2090//192 2088//131
f 2084//124 2085//175 2087//128
f 2082//176 2081//122 2083//124
f 2080//120 2079//120 2081//122
f 2091//135 2040//55 2093//55
f 2077//27 2076//27 2079//120
f 2078//113 2094//113 2076//27
f 2095//115 2094//113 2078//113
f 2096//177 2094//113 2095//115
f 2096//177 2095//115 2097//150
f 2096//177 2097//150 2098//150
f 2097//150 2099//193 2098//150
f 2099//193 2100//116 2098//150
f 2101//105 2100//116 2099//193
f 2075//105 2100//116 2101//105
f 2075//105 2101//105 2074//191
f 2073//103 2072//101 2071//101
f 2072//101 2070//57 2071//101
f 2069//57 2068//59 2067//59
f 2065//190 2066//171 2063//63
f 2058//74 2059//78 2061//72
f 2056//76 2054//76 2057//189
f 2055//42 2052//80 2053//42
f 2051//80 2050//188 2049//82
f 2047//86 2048//86 2045//88
f 2042//97 2046//88 2044//97
f 2039//95 2041//93 2043//187
f 2039//95 2093//55 2040//55
f 2102//57 2103//57 2104//57
f 2105//57 2106//57 2107//57
f 2108//57 2109//57 2110//57
f 2111//1 2112//1 2113//1
f 2114//1 2115//1 2116//1
f 2117//1 2118//1 2119//1
f 2120//1 2121//1 2122//1
f 2111//1 2123//1 2124//1
f 2125//1 2126//1 2127//1
f 2128//1 2129//1 2130//1
f 2114//1 2131//1 2132//1
f 2133//1 2134//1 2135//1
f 2136//1 2137//1 2138//1
f 2139//1 2140//1 2141//1
f 2142//1 2143//1 2144//1
f 2145//1 2146//1 2147//1
f 2148//1 2149//1 2150//1
f 2151//1 2152//1 2153//1
f 2154//1 2155//1 2111//1
f 2156//1 2157//1 2111//1
f 2158//1 2159//1 2160//1
f 2161//1 2162//1 2163//1
f 2164//1 2165//1 2166//1
f 2167//1 2168//1 2169//1
f 2170//1 2171//1 2172//1
f 2172//1 2173//1 2174//1
f 2175//1 2176//1 2172//1
f 2177//1 2178//1 2172//1
f 2179//1 2180//1 2172//1
f 2181//1 2182//1 2183//1
f 2184//1 2185//1 2186//1
f 2172//1 2187//1 2188//1
f 2139//1 2189//1 2190//1
f 2191//1 2192//1 2139//1
f 2193//1 2194//1 2139//1
f 2195//1 2196//1 2197//1
f 2198//1 2199//1 2200//1
f 2201//1 2202//1 2203//1
f 2204//1 2205//1 2206//1
f 2114//1 2207//1 2208//1
f 2114//1 2209//1 2210//1
f 2211//1 2212//1 2114//1
f 2213//1 2214//1 2114//1
f 2215//1 2216//1 2217//1
f 2218//1 2219//1 2220//1
f 2221//1 2222//1 2223//1
f 2224//1 2225//1 2226//1
f 2111//1 2227//1 2228//1
f 2139//1 2229//1 2230//1
f 2111//1 2231//1 2232//1
f 2139//1 2233//1 2234//1
f 2235//1 2236//1 2237//1
f 2238//2 2239//2 2240//2
f 2241//1 2242//1 2243//1
f 2244//1 2245//1 2246//1
f 2247//1 2248//1 2249//1
f 2250//1 2251//1 2252//1
f 2253//1 2254//1 2255//1
f 2256//1 2257//1 2258//1
f 2259//1 2260//1 2261//1
f 2262//1 2263//1 2264//1
f 2265//1 2266//1 2267//1
f 2268//1 2269//1 2270//1
f 2271//1 2272//1 2273//1
f 2274//1 2275//1 2276//1
f 2277//1 2278//1 2279//1
f 2280//1 2281//1 2282//1
f 2283//1 2284//1 2285//1
f 2286//1 2287//1 2288//1
f 2289//1 2290//1 2291//1
f 2292//1 2293//1 2294//1
f 2295//1 2296//1 2297//1
f 2298//1 2299//1 2300//1
f 2301//1 2302//1 2303//1
f 2304//1 2305//1 2306//1
f 2307//1 2308//1 2309//1
f 2310//1 2311//1 2312//1
f 2313//1 2314//1 2315//1
f 2316//3 2317//3 2318//3
f 2319//1 2320//1 2321//1
f 2322//1 2323//1 2324//1
f 2325//194 2326//194 2327//194
f 2328//194 2329//194 1982//55
f 1982//56 2330//195 2331//195
f 2332//196 2333//196 2334//196
f 2335//196 2336//196 2003//197
f 2003//27 2337//196 2338//196
f 2339//198 2340//198 2341//198
f 2342//198 2343//198 2024//57
f 2024//57 2344//198 2345//198
f 2346//199 2347//199 1963//42
f 2348//199 2349//199 1962//42
f 1962//42 2350//199 1963//42
f 2351//55 2352//55 2353//55
f 2354//55 2355//55 2353//55
f 2356//55 2351//55 2357//55
f 2358//42 2359//42 2360//42
f 2361//42 2362//42 2363//42
f 2364//57 2365//57 2366//57
f 2367//57 2368//57 2369//57
f 2370//27 2371//27 2372//27
f 2373//27 2374//27 2375//27
f 2376//1 2377//1 2378//1
f 2379//1 2380//1 2381//1
f 2382//200 2383//200 2384//200
f 2383//201 2385//201 2386//201
f 2387//200 2383//200 2388//200
f 2383//201 2389//201 2390//201
f 2391//4 2392//4 2393//4
f 2394//4 2395//4 2391//4
f 2396//4 2397//4 2398//4
f 2399//4 2400//4 2401//4
f 2402//202 2403//202 2404//202
f 2405//202 2406//202 2407//202
f 2408//203 2409//203 2410//203
f 2411//203 2412//203 2413//203
f 2414//42 2415//42 2416//42
f 2417//42 2418//42 2419//42
f 2420//58 2421//59 2422//58
f 2423//59 2424//60 2425//59
f 2426//60 2427//60 2428//59
f 2429//61 2430//61 2431//60
f 2432//62 2433//61 2434//61
f 2435//63 2436//62 2437//62
f 2438//63 2439//62 2440//63
f 2441//65 2442//66 2443//65
f 2444//65 2445//65 2446//67
f 2447//68 2448//68 2449//69
f 2450//70 2451//69 2452//69
f 2453//69 2454//71 2455//71
f 2456//72 2457//73 2458//72
f 2459//73 2460//74 2461//73
f 2462//74 2463//74 2464//73
f 2465//58 2466//58 2467//57
f 2468//75 2469//42 2470//42
f 2471//75 2472//42 2473//75
f 2474//75 2475//75 2476//76
f 2477//75 2478//76 2479//76
f 2480//76 2481//77 2482//76
f 2483//77 2484//77 2485//76
f 2486//74 2487//77 2488//77
f 2489//74 2490//77 2491//74
f 2492//72 2493//73 2494//73
f 2495//69 2496//69 2497//78
f 2498//67 2499//65 2500//67
f 2501//65 2502//66 2503//66
f 2504//62 2505//62 2506//61
f 2507//60 2508//61 2509//60
f 2510//58 2511//57 2512//57
f 2513//59 2514//59 2515//58
f 2516//57 2517//57 2518//57
f 2519//57 2520//57 2521//57
f 2522//27 2523//27 2524//27
f 2525//27 2526//27 2527//27
f 2528//27 2529//27 2530//27
f 2531//27 2532//27 2533//27
f 2534//55 2535//55 2536//55
f 2537//55 2538//55 2539//55
f 2540//79 2541//80 2542//79
f 2543//80 2544//81 2545//80
f 2546//81 2547//81 2548//80
f 2549//82 2550//82 2551//81
f 2552//83 2553//82 2554//82
f 2555//84 2556//83 2557//83
f 2558//84 2559//83 2560//84
f 2561//85 2562//86 2563//85
f 2564//85 2565//85 2566//87
f 2567//88 2568//88 2569//89
f 2570//88 2571//89 2572//89
f 2573//89 2574//90 2575//90
f 2576//91 2577//92 2578//91
f 2579//92 2580//93 2581//92
f 2582//93 2583//93 2584//92
f 2585//79 2586//79 2587//42
f 2588//94 2589//55 2590//55
f 2591//94 2592//55 2593//94
f 2594//94 2595//94 2596//95
f 2597//94 2598//95 2599//95
f 2600//95 2601//96 2602//95
f 2603//96 2604//96 2605//95
f 2606//93 2607//96 2608//96
f 2609//93 2610//96 2611//93
f 2612//97 2613//92 2614//92
f 2615//89 2616//89 2617//90
f 2618//98 2619//85 2620//98
f 2621//85 2622//99 2623//99
f 2624//83 2625//83 2626//82
f 2627//81 2628//82 2629//81
f 2630//79 2631//42 2632//42
f 2633//80 2634//80 2635//79
f 2636//57 2637//57 2638//57
f 2639//57 2640//57 2641//57
f 2642//57 2643//57 2644//57
f 2645//55 2646//55 2647//55
f 2648//55 2649//55 2650//55
f 2651//55 2652//55 2653//55
f 2654//27 2655//27 2656//27
f 2657//27 2658//27 2659//27
f 2660//57 2661//100 2662//57
f 2663//100 2664//100 2665//57
f 2666//101 2667//100 2668//100
f 2669//101 2670//100 2671//101
f 2672//101 2673//101 2674//102
f 2675//101 2676//102 2677//102
f 2678//102 2679//103 2680//102
f 2681//103 2682//103 2683//102
f 2684//104 2685//103 2686//103
f 2687//104 2688//103 2689//104
f 2690//104 2691//104 2692//105
f 2693//104 2694//105 2695//105
f 2696//106 2697//107 2698//106
f 2699//107 2700//107 2701//106
f 2702//108 2703//109 2704//109
f 2705//110 2706//110 2707//111
f 2708//204 2709//112 2710//204
f 2711//112 2712//112 2713//204
f 2714//113 2715//112 2716//112
f 2717//113 2718//112 2719//113
f 2720//113 2721//113 2722//114
f 2723//113 2724//114 2725//114
f 2726//114 2727//115 2728//114
f 2729//115 2730//115 2731//114
f 2732//111 2733//115 2734//115
f 2735//111 2736//115 2737//111
f 2738//111 2739//111 2740//110
f 2741//109 2742//108 2743//108
f 2744//108 2745//116 2746//108
f 2747//117 2748//117 2749//108
f 2750//107 2751//116 2752//116
f 2753//107 2754//107 2755//116
f 2756//57 2757//57 2758//57
f 2759//57 2760//57 2761//57
f 2762//42 2763//42 2764//42
f 2765//42 2766//42 2767//42
f 2768//42 2769//42 2770//42
f 2771//42 2772//42 2773//42
f 2774//55 2775//55 2776//55
f 2777//55 2778//55 2779//55
f 2780//118 2781//119 2782//118
f 2783//119 2784//120 2785//119
f 2786//120 2787//120 2788//119
f 2789//121 2790//121 2791//120
f 2792//122 2793//122 2794//121
f 2795//123 2796//122 2797//122
f 2798//125 2799//123 2800//123
f 2801//125 2802//123 2803//125
f 2804//126 2805//127 2806//126
f 2807//126 2808//126 2809//128
f 2810//128 2811//128 2812//129
f 2813//128 2814//129 2815//129
f 2816//129 2817//130 2818//130
f 2819//131 2820//132 2821//131
f 2822//132 2823//133 2824//132
f 2825//133 2826//133 2827//132
f 2828//134 2829//55 2830//55
f 2831//134 2832//55 2833//134
f 2834//134 2835//134 2836//135
f 2837//134 2838//135 2839//135
f 2840//135 2841//136 2842//135
f 2843//136 2844//136 2845//135
f 2846//133 2847//136 2848//136
f 2849//133 2850//136 2851//133
f 2852//131 2853//132 2854//132
f 2855//129 2856//129 2857//130
f 2858//137 2859//126 2860//137
f 2861//126 2862//127 2863//127
f 2864//123 2865//123 2866//122
f 2867//121 2868//122 2869//121
f 2870//119 2871//118 2872//119
f 2873//120 2874//120 2875//121
f 2876//57 2877//57 2878//57
f 2879//57 2880//57 2881//57
f 2882//57 2883//57 2884//57
f 2885//55 2886//55 2887//55
f 2888//55 2889//55 2890//55
f 2891//55 2892//55 2893//55
f 2894//27 2895//27 2896//138
f 2897//138 2898//27 2899//138
f 2900//139 2901//122 2902//120
f 2903//139 2904//122 2905//122
f 2906//122 2907//122 2908//125
f 2909//125 2910//122 2911//124
f 2912//175 2913//127 2914//141
f 2915//130 2916//137 2917//137
f 2918//175 2919//175 2920//124
f 2921//143 2922//55 2923//55
f 2924//143 2925//143 2926//55
f 2927//135 2928//145 2929//135
f 2930//135 2931//145 2932//145
f 2933//133 2934//133 2935//146
f 2936//146 2937//133 2938//146
f 2939//147 2940//131 2941//130
f 2942//55 2943//163 2944//55
f 2945//55 2946//163 2947//163
f 2948//95 2949//95 2950//165
f 2951//165 2952//95 2953//165
f 2954//97 2955//88 2956//88
f 2957//91 2958//93 2959//91
f 2960//180 2961//167 2962//99
f 2963//91 2964//93 2965//93
f 2966//168 2967//42 2968//42
f 2969//168 2970//168 2971//42
f 2972//80 2973//82 2974//80
f 2975//80 2976//82 2977//82
f 2978//82 2979//82 2980//84
f 2981//84 2982//82 2983//84
f 2984//180 2985//86 2986//180
f 2987//170 2988//97 2989//97
f 2990//57 2991//57 2992//157
f 2993//157 2994//57 2995//157
f 2996//171 2997//59 2998//59
f 2999//171 3000//171 3001//59
f 3002//61 3003//64 3004//61
f 3005//61 3006//64 3007//64
f 3008//63 3009//67 3010//67
f 3011//42 3012//42 3013//160
f 3014//160 3015//160 3016//42
f 3017//76 3018//74 3019//76
f 3020//76 3021//74 3022//74
f 3023//74 3024//74 3025//72
f 3026//78 3027//74 3028//78
f 3029//172 3030//71 3031//158
f 3032//172 3033//172 3034//78
f 3035//205 3036//63 3037//63
f 3038//135 3039//145 3040//135
f 3041//133 3042//146 3043//133
f 3044//146 3045//131 3046//133
f 3047//175 3048//175 3049//130
f 3050//141 3051//175 3052//175
f 3053//122 3054//125 3055//125
f 3056//122 3057//125 3058//122
f 3059//143 3060//143 3061//55
f 3062//138 3063//27 3064//27
f 3065//138 3066//27 3067//138
f 3068//139 3069//139 3070//176
f 3071//139 3072//176 3073//176
f 3074//127 3075//141 3076//173
f 3077//130 3078//175 3079//130
f 3080//143 3081//55 3082//55
f 3083//145 3084//145 3085//144
f 3086//149 3087//177 3088//149
f 3089//115 3090//110 3091//115
f 3092//110 3093//150 3094//115
f 3095//206 3096//206 3097//152
f 3098//106 3099//153 3100//153
f 3101//103 3102//154 3103//154
f 3104//103 3105//154 3106//103
f 3107//148 3108//148 3109//27
f 3110//155 3111//57 3112//57
f 3113//155 3114//57 3115//155
f 3116//101 3117//101 3118//156
f 3119//178 3120//156 3121//156
f 3122//106 3123//106 3124//153
f 3125//152 3126//153 3127//109
f 3128//148 3129//27 3130//27
f 3131//177 3132//177 3133//149
f 3134//80 3135//179 3136//80
f 3137//82 3138//84 3139//82
f 3140//84 3141//84 3142//82
f 3143//182 3144//182 3145//167
f 3146//90 3147//180 3148//180
f 3149//93 3150//91 3151//91
f 3152//93 3153//91 3154//93
f 3155//55 3156//55 3157//163
f 3158//55 3159//163 3160//163
f 3161//164 3162//165 3163//95
f 3164//168 3165//168 3166//42
f 3167//165 3168//95 3169//165
f 3170//168 3171//42 3172//42
f 3173//80 3174//179 3175//179
f 3176//99 3177//87 3178//99
f 3179//90 3180//90 3181//180
f 3182//157 3183//157 3184//57
f 3185//171 3186//59 3187//207
f 3188//64 3189//61 3190//61
f 3191//64 3192//61 3193//64
f 3194//172 3195//66 3196//172
f 3197//172 3198//172 3199//158
f 3200//78 3201//78 3202//74
f 3203//42 3204//160 3205//42
f 3206//160 3207//160 3208//42
f 3209//183 3210//76 3211//76
f 3212//183 3213//76 3214//183
f 3215//74 3216//74 3217//72
f 3218//71 3219//158 3220//70
f 3221//66 3222//172 3223//66
f 3224//157 3225//57 3226//57
f 3227//171 3228//171 3229//59
f 3230//27 3231//27 3232//148
f 3233//149 3234//113 3235//115
f 3236//115 3237//113 3238//115
f 3239//150 3240//115 3241//150
f 3242//153 3243//152 3244//109
f 3245//106 3246//117 3247//117
f 3248//106 3249//105 3250//208
f 3251//154 3252//103 3253//154
f 3254//57 3255//155 3256//155
f 3257//155 3258//57 3259//57
f 3260//101 3261//156 3262//101
f 3263//209 3264//209 3265//109
f 3266//103 3267//154 3268//103
f 3269//148 3270//148 3271//27
f 3272//101 3273//156 3274//156
f 3275//115 3276//110 3277//115
f 3278//42 3279//42 3280//42
f 3279//42 3281//42 3282//42
f 3283//55 3284//55 3285//55
f 3286//55 3287//55 3285//55
f 3288//55 3289//55 3290//55
f 3291//42 3292//42 3293//42
f 3294//185 3295//185 3291//185
f 3296//42 3291//42 3297//42
f 3298//55 3299//55 3300//55
f 3301//55 3302//55 3303//55
f 3304//27 3305//27 3306//27
f 3307//27 3308//27 3306//27
f 3309//27 3310//27 3311//27
f 3312//55 3313//55 3314//55
f 3315//55 3316//55 3312//55
f 3317//55 3312//55 3318//55
f 3319//27 3320//27 3321//27
f 3322//27 3323//27 3324//27
f 3325//57 3326//57 3327//57
f 3328//57 3329//57 3327//57
f 3330//57 3331//57 3332//57
f 3333//27 3334//27 3335//27
f 3336//27 3337//27 3333//27
f 3338//27 3333//27 3339//27
f 3340//57 3341//57 3342//57
f 3343//57 3344//57 3345//57
f 3346//42 3347//42 3348//42
f 3349//186 3350//186 3348//186
f 3351//42 3352//42 3353//42
f 3354//95 3355//95 3356//55
f 3357//165 3355//95 3354//95
f 3358//97 3359//187 3357//165
f 3360//97 3359//187 3358//97
f 3361//88 3360//97 3362//88
f 3361//88 3362//88 3363//86
f 3364//86 3363//86 3365//82
f 3364//86 3365//82 3366//188
f 3366//188 3367//80 3368//80
f 3367//80 3369//42 3368//80
f 3369//42 3370//76 3371//42
f 3370//76 3372//76 3371//42
f 3373//189 3374//74 3372//76
f 3375//78 3374//74 3373//189
f 3376//67 3377//78 3375//78
f 3378//67 3377//78 3376//67
f 3379//63 3378//67 3380//63
f 3379//63 3380//63 3381//190
f 3382//171 3381//190 3383//59
f 3382//171 3383//59 3384//59
f 3384//59 3385//57 3386//57
f 3385//57 3387//101 3386//57
f 3388//101 3389//103 3390//191
f 3390//191 3389//103 3391//105
f 3392//27 3393//27 3394//113
f 3395//120 3396//120 3393//27
f 3397//122 3398//176 3396//120
f 3399//124 3400//124 3398//176
f 3401//175 3400//124 3399//124
f 3402//131 3403//128 3401//175
f 3404//131 3403//128 3402//131
f 3405//133 3404//131 3406//192
f 3380//63 3378//67 3376//67
f 3407//135 3408//135 3356//55
f 3405//133 3408//135 3407//135
f 3406//192 3408//135 3405//133
f 3402//131 3406//192 3404//131
f 3400//124 3401//175 3403//128
f 3398//176 3397//122 3399//124
f 3396//120 3395//120 3397//122
f 3407//135 3356//55 3409//55
f 3393//27 3392//27 3395//120
f 3394//113 3410//113 3392//27
f 3411//115 3410//113 3394//113
f 3412//177 3410//113 3411//115
f 3412//177 3411//115 3413//150
f 3412//177 3413//150 3414//150
f 3413//150 3415//153 3414//150
f 3415//153 3416//116 3414//150
f 3417//105 3416//116 3415//153
f 3391//105 3416//116 3417//105
f 3391//105 3417//105 3390//191
f 3389//103 3388//101 3387//101
f 3388//101 3386//57 3387//101
f 3385//57 3384//59 3383//59
f 3381//190 3382//171 3379//63
f 3374//74 3375//78 3377//78
f 3372//76 3370//76 3373//189
f 3371//42 3368//80 3369//42
f 3367//80 3366//188 3365//82
f 3363//86 3364//86 3361//88
f 3358//97 3362//88 3360//97
f 3355//95 3357//165 3359//187
f 3355//95 3409//55 3356//55
f 3418//57 3419//57 3420//57
f 3421//57 3422//57 3423//57
f 3424//57 3425//57 3426//57
f 3427//1 3428//1 3429//1
f 3430//1 3431//1 3432//1
f 3433//1 3434//1 3435//1
f 3436//1 3437//1 3438//1
f 3427//1 3439//1 3440//1
f 3441//1 3442//1 3443//1
f 3444//1 3445//1 3446//1
f 3430//3 3447//3 3448//3
f 3449//1 3450//1 3451//1
f 3452//1 3453//1 3454//1
f 3455//1 3456//1 3457//1
f 3458//1 3459//1 3460//1
f 3461//1 3462//1 3463//1
f 3464//1 3465//1 3466//1
f 3467//1 3468//1 3469//1
f 3470//1 3471//1 3427//1
f 3472//1 3473//1 3427//1
f 3474//1 3475//1 3476//1
f 3477//1 3478//1 3479//1
f 3480//1 3481//1 3482//1
f 3483//1 3484//1 3485//1
f 3486//1 3487//1 3488//1
f 3488//2 3489//2 3490//2
f 3491//1 3492//1 3488//1
f 3493//1 3494//1 3488//1
f 3495//1 3496//1 3488//1
f 3497//1 3498//1 3499//1
f 3500//1 3501//1 3502//1
f 3488//1 3503//1 3504//1
f 3455//1 3505//1 3506//1
f 3507//1 3508//1 3455//1
f 3509//1 3510//1 3455//1
f 3511//1 3512//1 3513//1
f 3514//1 3515//1 3516//1
f 3517//1 3518//1 3519//1
f 3520//1 3521//1 3522//1
f 3430//1 3523//1 3524//1
f 3430//1 3525//1 3526//1
f 3527//1 3528//1 3430//1
f 3529//1 3530//1 3430//1
f 3531//1 3532//1 3533//1
f 3534//1 3535//1 3536//1
f 3537//1 3538//1 3539//1
f 3540//1 3541//1 3542//1
f 3427//1 3543//1 3544//1
f 3455//1 3545//1 3546//1
f 3427//1 3547//1 3548//1
f 3455//1 3549//1 3550//1
f 3551//1 3552//1 3553//1
f 3554//2 3555//2 3556//2
f 3557//1 3558//1 3559//1
f 3560//1 3561//1 3562//1
f 3563//1 3564//1 3565//1
f 3566//1 3567//1 3568//1
f 3569//1 3570//1 3571//1
f 3572//1 3573//1 3574//1
f 3575//1 3576//1 3577//1
f 3578//1 3579//1 3580//1
f 3581//1 3582//1 3583//1
f 3584//1 3585//1 3586//1
f 3587//1 3588//1 3589//1
f 3590//1 3591//1 3592//1
f 3593//1 3594//1 3595//1
f 3596//1 3597//1 3598//1
f 3599//1 3600//1 3601//1
f 3602//1 3603//1 3604//1
f 3605//1 3606//1 3607//1
f 3608//1 3609//1 3610//1
f 3611//1 3612//1 3613//1
f 3614//1 3615//1 3616//1
f 3617//1 3618//1 3619//1
f 3620//1 3621//1 3622//1
f 3623//1 3624//1 3625//1
f 3626//1 3627//1 3628//1
f 3629//1 3630//1 3631//1
f 3632//3 3633//3 3634//3
f 3635//1 3636//1 3637//1
f 3638//1 3639//1 3640//1
f 3641//195 3642//195 3643//195
f 3644//195 3645//195 3298//55
f 3298//56 3646//195 3647//195
f 3648//196 3649//196 3650//196
f 3651//196 3652//196 3319//27
f 3319//27 3653//196 3654//196
f 3655//198 3656//198 3657//198
f 3658//198 3659//198 3340//57
f 3340//210 3660//198 3661//198
f 3662//199 3663//199 3279//211
f 3664//199 3665//199 3278//42
f 3278//42 3666//199 3279//42
f 3667//55 3668//55 3669//55
f 3669//55 3670//55 3671//55
f 3672//42 3673//42 3674//42
f 3675//42 3676//42 3677//42
f 3678//57 3679//57 3680//57
f 3681//57 3682//57 3683//57
f 3684//57 3678//57 3685//57
f 3686//27 3687//27 3688//27
f 3689//27 3690//27 3691//27
f 3692//1 3693//1 3694//1
f 3695//1 3696//1 3697//1
