# Blender 4.4.3
# www.blender.org
mtllib Mesh_17.034.mtl
o Mesh_17.034
v 0.002000 0.008553 -0.005200
v 0.002000 0.008603 -0.005200
v 0.001680 0.008553 -0.005200
v 0.001680 0.008603 -0.005200
v 0.001640 0.008603 -0.005960
v 0.001640 0.008553 -0.005960
v 0.001640 0.008603 -0.005240
v 0.001640 0.008553 -0.005240
v 0.001680 0.008553 -0.006000
v 0.001680 0.008603 -0.006000
v 0.002000 0.008553 -0.006000
v 0.002000 0.008603 -0.006000
v 0.002040 0.008553 -0.005960
v 0.002040 0.008603 -0.005960
v 0.002040 0.008553 -0.005240
v 0.002040 0.008603 -0.005240
v 0.001641 0.008553 -0.005232
v 0.001640 0.008553 -0.005236
v 0.001640 0.008553 -0.005240
v 0.001642 0.008553 -0.005228
v 0.001640 0.008553 -0.005240
v 0.001643 0.008553 -0.005225
v 0.001640 0.008553 -0.005240
v 0.001645 0.008553 -0.005221
v 0.001640 0.008553 -0.005240
v 0.001647 0.008553 -0.005218
v 0.001640 0.008553 -0.005240
v 0.001649 0.008553 -0.005215
v 0.001640 0.008553 -0.005240
v 0.001652 0.008553 -0.005212
v 0.001640 0.008553 -0.005240
v 0.001655 0.008553 -0.005209
v 0.001640 0.008553 -0.005240
v 0.001658 0.008553 -0.005207
v 0.001640 0.008553 -0.005240
v 0.001661 0.008553 -0.005205
v 0.001640 0.008553 -0.005240
v 0.001665 0.008553 -0.005203
v 0.001640 0.008553 -0.005240
v 0.001668 0.008553 -0.005202
v 0.001640 0.008553 -0.005240
v 0.001672 0.008553 -0.005201
v 0.001640 0.008553 -0.005240
v 0.001676 0.008553 -0.005200
v 0.001640 0.008553 -0.005240
v 0.001680 0.008553 -0.005200
v 0.001640 0.008553 -0.005240
v 0.001776 0.008553 -0.005336
v 0.001680 0.008553 -0.005200
v 0.001640 0.008553 -0.005240
v 0.002000 0.008553 -0.005200
v 0.001680 0.008553 -0.005200
v 0.001840 0.008553 -0.005310
v 0.001849 0.008553 -0.005310
v 0.002000 0.008553 -0.005200
v 0.001858 0.008553 -0.005312
v 0.002000 0.008553 -0.005200
v 0.001866 0.008553 -0.005314
v 0.002000 0.008553 -0.005200
v 0.002000 0.008553 -0.005200
v 0.001874 0.008553 -0.005317
v 0.001882 0.008553 -0.005321
v 0.001890 0.008553 -0.005325
v 0.002000 0.008553 -0.005200
v 0.001897 0.008553 -0.005330
v 0.002000 0.008553 -0.005200
v 0.002000 0.008553 -0.005200
v 0.002040 0.008553 -0.005240
v 0.002004 0.008553 -0.005200
v 0.002000 0.008553 -0.005200
v 0.001904 0.008553 -0.005336
v 0.002040 0.008553 -0.005240
v 0.002008 0.008553 -0.005201
v 0.002019 0.008553 -0.005205
v 0.002015 0.008553 -0.005203
v 0.002040 0.008553 -0.005240
v 0.002022 0.008553 -0.005207
v 0.002040 0.008553 -0.005240
v 0.002025 0.008553 -0.005209
v 0.002040 0.008553 -0.005240
v 0.002028 0.008553 -0.005212
v 0.002040 0.008553 -0.005240
v 0.002031 0.008553 -0.005215
v 0.002040 0.008553 -0.005240
v 0.002035 0.008553 -0.005221
v 0.002033 0.008553 -0.005218
v 0.002040 0.008553 -0.005240
v 0.001928 0.008553 -0.005418
v 0.001926 0.008553 -0.005426
v 0.002040 0.008553 -0.005240
v 0.002040 0.008553 -0.005960
v 0.002040 0.008553 -0.005960
v 0.001926 0.008553 -0.005774
v 0.001928 0.008553 -0.005782
v 0.002040 0.008553 -0.005960
v 0.001930 0.008553 -0.005791
v 0.002040 0.008553 -0.005960
v 0.002040 0.008553 -0.005960
v 0.001930 0.008553 -0.005800
v 0.001930 0.008553 -0.005809
v 0.002040 0.008553 -0.005960
v 0.001928 0.008553 -0.005818
v 0.002040 0.008553 -0.005960
v 0.002040 0.008553 -0.005960
v 0.001926 0.008553 -0.005826
v 0.001923 0.008553 -0.005834
v 0.002040 0.008553 -0.005960
v 0.002000 0.008553 -0.006000
v 0.002040 0.008553 -0.005964
v 0.002040 0.008553 -0.005960
v 0.001919 0.008553 -0.005842
v 0.002040 0.008553 -0.005960
v 0.002000 0.008553 -0.006000
v 0.002039 0.008553 -0.005968
v 0.002037 0.008553 -0.005975
v 0.002000 0.008553 -0.006000
v 0.002035 0.008553 -0.005979
v 0.002000 0.008553 -0.006000
v 0.002033 0.008553 -0.005982
v 0.002000 0.008553 -0.006000
v 0.002028 0.008553 -0.005988
v 0.002031 0.008553 -0.005985
v 0.002000 0.008553 -0.006000
v 0.001874 0.008553 -0.005883
v 0.001866 0.008553 -0.005886
v 0.002000 0.008553 -0.006000
v 0.001882 0.008553 -0.005879
v 0.001680 0.008553 -0.006000
v 0.002000 0.008553 -0.006000
v 0.001840 0.008553 -0.005890
v 0.001831 0.008553 -0.005890
v 0.001680 0.008553 -0.006000
v 0.001822 0.008553 -0.005888
v 0.001680 0.008553 -0.006000
v 0.001814 0.008553 -0.005886
v 0.001680 0.008553 -0.006000
v 0.001680 0.008553 -0.006000
v 0.001806 0.008553 -0.005883
v 0.001798 0.008553 -0.005879
v 0.001790 0.008553 -0.005875
v 0.001680 0.008553 -0.006000
v 0.001783 0.008553 -0.005870
v 0.001680 0.008553 -0.006000
v 0.001680 0.008553 -0.006000
v 0.001640 0.008553 -0.005960
v 0.001676 0.008553 -0.006000
v 0.001680 0.008553 -0.006000
v 0.001776 0.008553 -0.005864
v 0.001640 0.008553 -0.005960
v 0.001672 0.008553 -0.005999
v 0.001661 0.008553 -0.005995
v 0.001665 0.008553 -0.005997
v 0.001640 0.008553 -0.005960
v 0.001658 0.008553 -0.005993
v 0.001640 0.008553 -0.005960
v 0.001655 0.008553 -0.005991
v 0.001640 0.008553 -0.005960
v 0.001652 0.008553 -0.005988
v 0.001640 0.008553 -0.005960
v 0.001649 0.008553 -0.005985
v 0.001640 0.008553 -0.005960
v 0.001645 0.008553 -0.005979
v 0.001647 0.008553 -0.005982
v 0.001640 0.008553 -0.005960
v 0.001752 0.008553 -0.005782
v 0.001754 0.008553 -0.005774
v 0.001640 0.008553 -0.005240
v 0.001752 0.008553 -0.005418
v 0.001750 0.008553 -0.005409
v 0.001640 0.008553 -0.005240
v 0.001640 0.008553 -0.005960
v 0.001930 0.008553 -0.005391
v 0.002040 0.008553 -0.005240
v 0.001928 0.008553 -0.005382
v 0.001930 0.008553 -0.005400
v 0.002040 0.008553 -0.005240
v 0.002040 0.008553 -0.005240
v 0.001926 0.008553 -0.005374
v 0.002040 0.008553 -0.005240
v 0.001923 0.008553 -0.005366
v 0.002040 0.008553 -0.005240
v 0.001919 0.008553 -0.005358
v 0.002040 0.008553 -0.005240
v 0.001915 0.008553 -0.005350
v 0.002040 0.008553 -0.005240
v 0.001910 0.008553 -0.005343
v 0.002040 0.008553 -0.005240
v 0.002040 0.008553 -0.005240
v 0.002012 0.008553 -0.005202
v 0.002040 0.008553 -0.005240
v 0.002039 0.008553 -0.005232
v 0.002040 0.008553 -0.005240
v 0.002040 0.008553 -0.005236
v 0.002038 0.008553 -0.005228
v 0.002040 0.008553 -0.005240
v 0.002040 0.008553 -0.005240
v 0.002037 0.008553 -0.005225
v 0.002040 0.008553 -0.005240
v 0.002040 0.008553 -0.005240
v 0.002040 0.008553 -0.005240
v 0.002040 0.008553 -0.005240
v 0.002000 0.008553 -0.005200
v 0.002000 0.008553 -0.005200
v 0.001680 0.008553 -0.005200
v 0.001831 0.008553 -0.005310
v 0.001680 0.008553 -0.005200
v 0.001822 0.008553 -0.005312
v 0.001680 0.008553 -0.005200
v 0.001814 0.008553 -0.005314
v 0.001790 0.008553 -0.005325
v 0.001798 0.008553 -0.005321
v 0.001680 0.008553 -0.005200
v 0.001680 0.008553 -0.005200
v 0.001806 0.008553 -0.005317
v 0.001783 0.008553 -0.005330
v 0.001680 0.008553 -0.005200
v 0.001680 0.008553 -0.005200
v 0.001770 0.008553 -0.005343
v 0.001640 0.008553 -0.005240
v 0.001765 0.008553 -0.005350
v 0.001640 0.008553 -0.005240
v 0.001761 0.008553 -0.005358
v 0.001640 0.008553 -0.005240
v 0.001757 0.008553 -0.005366
v 0.001640 0.008553 -0.005240
v 0.001754 0.008553 -0.005374
v 0.001640 0.008553 -0.005240
v 0.001680 0.008553 -0.005200
v 0.001640 0.008553 -0.005240
v 0.001750 0.008553 -0.005391
v 0.001752 0.008553 -0.005382
v 0.001640 0.008553 -0.005240
v 0.001750 0.008553 -0.005400
v 0.001640 0.008553 -0.005240
v 0.001640 0.008553 -0.005240
v 0.001754 0.008553 -0.005426
v 0.001761 0.008553 -0.005442
v 0.001757 0.008553 -0.005434
v 0.001757 0.008553 -0.005766
v 0.001761 0.008553 -0.005758
v 0.001765 0.008553 -0.005450
v 0.001765 0.008553 -0.005750
v 0.001770 0.008553 -0.005743
v 0.001770 0.008553 -0.005457
v 0.001776 0.008553 -0.005464
v 0.001776 0.008553 -0.005736
v 0.001783 0.008553 -0.005470
v 0.001783 0.008553 -0.005730
v 0.001790 0.008553 -0.005475
v 0.001798 0.008553 -0.005479
v 0.001790 0.008553 -0.005725
v 0.001798 0.008553 -0.005721
v 0.001806 0.008553 -0.005483
v 0.001806 0.008553 -0.005717
v 0.001814 0.008553 -0.005486
v 0.001814 0.008553 -0.005714
v 0.001822 0.008553 -0.005488
v 0.001822 0.008553 -0.005712
v 0.001831 0.008553 -0.005490
v 0.001831 0.008553 -0.005710
v 0.001840 0.008553 -0.005710
v 0.001840 0.008553 -0.005490
v 0.001849 0.008553 -0.005490
v 0.001849 0.008553 -0.005710
v 0.001858 0.008553 -0.005488
v 0.001858 0.008553 -0.005712
v 0.001890 0.008553 -0.005475
v 0.001882 0.008553 -0.005721
v 0.001890 0.008553 -0.005725
v 0.001882 0.008553 -0.005479
v 0.001897 0.008553 -0.005470
v 0.001897 0.008553 -0.005730
v 0.001904 0.008553 -0.005464
v 0.001919 0.008553 -0.005442
v 0.001915 0.008553 -0.005450
v 0.001915 0.008553 -0.005750
v 0.001910 0.008553 -0.005743
v 0.001923 0.008553 -0.005434
v 0.001923 0.008553 -0.005766
v 0.001866 0.008553 -0.005486
v 0.001866 0.008553 -0.005714
v 0.001640 0.008553 -0.005240
v 0.002000 0.008553 -0.006000
v 0.002038 0.008553 -0.005972
v 0.002000 0.008553 -0.006000
v 0.002040 0.008553 -0.005960
v 0.001915 0.008553 -0.005850
v 0.001930 0.008553 -0.005409
v 0.002040 0.008553 -0.005240
v 0.001904 0.008553 -0.005864
v 0.002000 0.008553 -0.006000
v 0.002040 0.008553 -0.005960
v 0.001910 0.008553 -0.005857
v 0.002040 0.008553 -0.005960
v 0.002040 0.008553 -0.005960
v 0.001919 0.008553 -0.005758
v 0.001910 0.008553 -0.005457
v 0.001904 0.008553 -0.005736
v 0.001874 0.008553 -0.005717
v 0.001874 0.008553 -0.005483
v 0.001640 0.008553 -0.005240
v 0.001640 0.008553 -0.005960
v 0.001750 0.008553 -0.005791
v 0.001640 0.008553 -0.005960
v 0.001750 0.008553 -0.005800
v 0.001752 0.008553 -0.005818
v 0.001640 0.008553 -0.005960
v 0.001754 0.008553 -0.005826
v 0.001750 0.008553 -0.005809
v 0.001640 0.008553 -0.005960
v 0.001640 0.008553 -0.005960
v 0.001757 0.008553 -0.005834
v 0.001640 0.008553 -0.005960
v 0.001761 0.008553 -0.005842
v 0.001640 0.008553 -0.005960
v 0.001765 0.008553 -0.005850
v 0.001640 0.008553 -0.005960
v 0.001770 0.008553 -0.005857
v 0.001640 0.008553 -0.005960
v 0.001640 0.008553 -0.005960
v 0.001668 0.008553 -0.005998
v 0.001640 0.008553 -0.005960
v 0.001641 0.008553 -0.005968
v 0.001640 0.008553 -0.005960
v 0.001640 0.008553 -0.005964
v 0.001642 0.008553 -0.005972
v 0.001640 0.008553 -0.005960
v 0.001640 0.008553 -0.005960
v 0.001643 0.008553 -0.005975
v 0.001640 0.008553 -0.005960
v 0.001640 0.008553 -0.005960
v 0.001640 0.008553 -0.005960
v 0.001640 0.008553 -0.005960
v 0.001680 0.008553 -0.006000
v 0.001680 0.008553 -0.006000
v 0.002000 0.008553 -0.006000
v 0.001849 0.008553 -0.005890
v 0.002000 0.008553 -0.006000
v 0.001858 0.008553 -0.005888
v 0.001640 0.008553 -0.005960
v 0.001890 0.008553 -0.005875
v 0.002000 0.008553 -0.006000
v 0.001897 0.008553 -0.005870
v 0.002000 0.008553 -0.006000
v 0.002000 0.008553 -0.006000
v 0.002000 0.008553 -0.006000
v 0.002025 0.008553 -0.005991
v 0.002000 0.008553 -0.006000
v 0.002022 0.008553 -0.005993
v 0.002008 0.008553 -0.005999
v 0.002000 0.008553 -0.006000
v 0.002004 0.008553 -0.006000
v 0.002012 0.008553 -0.005998
v 0.002000 0.008553 -0.006000
v 0.002000 0.008553 -0.006000
v 0.002015 0.008553 -0.005997
v 0.002019 0.008553 -0.005995
v 0.002000 0.008553 -0.006000
v 0.002000 0.008553 -0.006000
v 0.002000 0.008553 -0.006000
v 0.002040 0.008553 -0.005240
v 0.002000 0.008553 -0.006000
v 0.001840 0.008603 -0.005848
v 0.002000 0.008603 -0.006000
v 0.001680 0.008603 -0.006000
v 0.001680 0.008603 -0.006000
v 0.001835 0.008603 -0.005848
v 0.001680 0.008603 -0.006000
v 0.001831 0.008603 -0.005848
v 0.001826 0.008603 -0.005846
v 0.001680 0.008603 -0.006000
v 0.001680 0.008603 -0.006000
v 0.001821 0.008603 -0.005845
v 0.001680 0.008603 -0.006000
v 0.001817 0.008603 -0.005843
v 0.001809 0.008603 -0.005837
v 0.001813 0.008603 -0.005840
v 0.001680 0.008603 -0.006000
v 0.001680 0.008603 -0.006000
v 0.001806 0.008603 -0.005834
v 0.001680 0.008603 -0.006000
v 0.001640 0.008603 -0.005960
v 0.001640 0.008603 -0.005960
v 0.001672 0.008603 -0.005999
v 0.001668 0.008603 -0.005998
v 0.001676 0.008603 -0.006000
v 0.001640 0.008603 -0.005960
v 0.001680 0.008603 -0.006000
v 0.001640 0.008603 -0.005960
v 0.001665 0.008603 -0.005997
v 0.001640 0.008603 -0.005960
v 0.001661 0.008603 -0.005995
v 0.001655 0.008603 -0.005991
v 0.001640 0.008603 -0.005960
v 0.001658 0.008603 -0.005993
v 0.001652 0.008603 -0.005988
v 0.001640 0.008603 -0.005960
v 0.001649 0.008603 -0.005985
v 0.001640 0.008603 -0.005960
v 0.001640 0.008603 -0.005960
v 0.001796 0.008603 -0.005779
v 0.001794 0.008603 -0.005786
v 0.001640 0.008603 -0.005960
v 0.001640 0.008603 -0.005240
v 0.001640 0.008603 -0.005240
v 0.001795 0.008603 -0.005419
v 0.001794 0.008603 -0.005414
v 0.001640 0.008603 -0.005240
v 0.001640 0.008603 -0.005240
v 0.001792 0.008603 -0.005409
v 0.001640 0.008603 -0.005240
v 0.001792 0.008603 -0.005405
v 0.001791 0.008603 -0.005400
v 0.001640 0.008603 -0.005240
v 0.001640 0.008603 -0.005240
v 0.001792 0.008603 -0.005393
v 0.001640 0.008603 -0.005240
v 0.001794 0.008603 -0.005386
v 0.001800 0.008603 -0.005373
v 0.001796 0.008603 -0.005379
v 0.001640 0.008603 -0.005240
v 0.001640 0.008603 -0.005240
v 0.001804 0.008603 -0.005367
v 0.001640 0.008603 -0.005240
v 0.001680 0.008603 -0.005200
v 0.001680 0.008603 -0.005200
v 0.001641 0.008603 -0.005232
v 0.001642 0.008603 -0.005228
v 0.001640 0.008603 -0.005236
v 0.001680 0.008603 -0.005200
v 0.001680 0.008603 -0.005200
v 0.001643 0.008603 -0.005225
v 0.001680 0.008603 -0.005200
v 0.001649 0.008603 -0.005215
v 0.001652 0.008603 -0.005212
v 0.001680 0.008603 -0.005200
v 0.001835 0.008603 -0.005352
v 0.001828 0.008603 -0.005353
v 0.002000 0.008603 -0.005200
v 0.001842 0.008603 -0.005352
v 0.001680 0.008603 -0.005200
v 0.001849 0.008603 -0.005352
v 0.002000 0.008603 -0.005200
v 0.001856 0.008603 -0.005354
v 0.002000 0.008603 -0.005200
v 0.002000 0.008603 -0.005200
v 0.001863 0.008603 -0.005357
v 0.002000 0.008603 -0.005200
v 0.001869 0.008603 -0.005361
v 0.001874 0.008603 -0.005366
v 0.002000 0.008603 -0.005200
v 0.002000 0.008603 -0.005200
v 0.002040 0.008603 -0.005240
v 0.002000 0.008603 -0.005200
v 0.002004 0.008603 -0.005200
v 0.002040 0.008603 -0.005240
v 0.002008 0.008603 -0.005201
v 0.002040 0.008603 -0.005240
v 0.002019 0.008603 -0.005205
v 0.002040 0.008603 -0.005240
v 0.002015 0.008603 -0.005203
v 0.002040 0.008603 -0.005240
v 0.002012 0.008603 -0.005202
v 0.002022 0.008603 -0.005207
v 0.002040 0.008603 -0.005240
v 0.002025 0.008603 -0.005209
v 0.002040 0.008603 -0.005240
v 0.002040 0.008603 -0.005240
v 0.002031 0.008603 -0.005215
v 0.002033 0.008603 -0.005218
v 0.002040 0.008603 -0.005240
v 0.002035 0.008603 -0.005221
v 0.002040 0.008603 -0.005240
v 0.001885 0.008603 -0.005419
v 0.001887 0.008603 -0.005412
v 0.002040 0.008603 -0.005240
v 0.002040 0.008603 -0.005960
v 0.002040 0.008603 -0.005960
v 0.001883 0.008603 -0.005777
v 0.001886 0.008603 -0.005784
v 0.002040 0.008603 -0.005960
v 0.001888 0.008603 -0.005791
v 0.002040 0.008603 -0.005960
v 0.001888 0.008603 -0.005798
v 0.002040 0.008603 -0.005960
v 0.001888 0.008603 -0.005805
v 0.001887 0.008603 -0.005812
v 0.002040 0.008603 -0.005960
v 0.002040 0.008603 -0.005960
v 0.001885 0.008603 -0.005819
v 0.002040 0.008603 -0.005960
v 0.001882 0.008603 -0.005825
v 0.001877 0.008603 -0.005831
v 0.002040 0.008603 -0.005960
v 0.002040 0.008603 -0.005960
v 0.001873 0.008603 -0.005836
v 0.002040 0.008603 -0.005960
v 0.002000 0.008603 -0.006000
v 0.002000 0.008603 -0.006000
v 0.002039 0.008603 -0.005968
v 0.002038 0.008603 -0.005972
v 0.002040 0.008603 -0.005964
v 0.002000 0.008603 -0.006000
v 0.002035 0.008603 -0.005979
v 0.002000 0.008603 -0.006000
v 0.002037 0.008603 -0.005975
v 0.002025 0.008603 -0.005991
v 0.002000 0.008603 -0.006000
v 0.002028 0.008603 -0.005988
v 0.002000 0.008603 -0.006000
v 0.001847 0.008603 -0.005848
v 0.001854 0.008603 -0.005846
v 0.001847 0.008603 -0.005448
v 0.001854 0.008603 -0.005446
v 0.001849 0.008603 -0.005752
v 0.001842 0.008603 -0.005752
v 0.001840 0.008603 -0.005448
v 0.001856 0.008603 -0.005754
v 0.001861 0.008603 -0.005444
v 0.001863 0.008603 -0.005757
v 0.001867 0.008603 -0.005440
v 0.001873 0.008603 -0.005436
v 0.001869 0.008603 -0.005761
v 0.001874 0.008603 -0.005766
v 0.001877 0.008603 -0.005431
v 0.001882 0.008603 -0.005425
v 0.001879 0.008603 -0.005771
v 0.002000 0.008603 -0.006000
v 0.002031 0.008603 -0.005985
v 0.002000 0.008603 -0.006000
v 0.001888 0.008603 -0.005398
v 0.001888 0.008603 -0.005391
v 0.002040 0.008603 -0.005240
v 0.002040 0.008603 -0.005240
v 0.001888 0.008603 -0.005405
v 0.001886 0.008603 -0.005384
v 0.002040 0.008603 -0.005240
v 0.001883 0.008603 -0.005377
v 0.002040 0.008603 -0.005240
v 0.001879 0.008603 -0.005371
v 0.002040 0.008603 -0.005240
v 0.002040 0.008603 -0.005240
v 0.002040 0.008603 -0.005240
v 0.002040 0.008603 -0.005240
v 0.002028 0.008603 -0.005212
v 0.002040 0.008603 -0.005240
v 0.002040 0.008603 -0.005236
v 0.002040 0.008603 -0.005240
v 0.002039 0.008603 -0.005232
v 0.002040 0.008603 -0.005240
v 0.002038 0.008603 -0.005228
v 0.002037 0.008603 -0.005225
v 0.002040 0.008603 -0.005240
v 0.002040 0.008603 -0.005240
v 0.002040 0.008603 -0.005240
v 0.001680 0.008603 -0.005200
v 0.001680 0.008603 -0.005200
v 0.001821 0.008603 -0.005355
v 0.001809 0.008603 -0.005363
v 0.001680 0.008603 -0.005200
v 0.001680 0.008603 -0.005200
v 0.001815 0.008603 -0.005358
v 0.001645 0.008603 -0.005221
v 0.001680 0.008603 -0.005200
v 0.001661 0.008603 -0.005205
v 0.001665 0.008603 -0.005203
v 0.001680 0.008603 -0.005200
v 0.001672 0.008603 -0.005201
v 0.001676 0.008603 -0.005200
v 0.001680 0.008603 -0.005200
v 0.001680 0.008603 -0.005200
v 0.001668 0.008603 -0.005202
v 0.001680 0.008603 -0.005200
v 0.001680 0.008603 -0.005200
v 0.001658 0.008603 -0.005207
v 0.001655 0.008603 -0.005209
v 0.001680 0.008603 -0.005200
v 0.001680 0.008603 -0.005200
v 0.001680 0.008603 -0.005200
v 0.001647 0.008603 -0.005218
v 0.001680 0.008603 -0.005200
v 0.001640 0.008603 -0.005240
v 0.001800 0.008603 -0.005773
v 0.001797 0.008603 -0.005423
v 0.001800 0.008603 -0.005427
v 0.001803 0.008603 -0.005431
v 0.001804 0.008603 -0.005767
v 0.001806 0.008603 -0.005434
v 0.001809 0.008603 -0.005763
v 0.001809 0.008603 -0.005437
v 0.001813 0.008603 -0.005440
v 0.001815 0.008603 -0.005758
v 0.001817 0.008603 -0.005443
v 0.001821 0.008603 -0.005755
v 0.001640 0.008603 -0.005240
v 0.002000 0.008603 -0.006000
v 0.001680 0.008603 -0.006000
v 0.001861 0.008603 -0.005844
v 0.002000 0.008603 -0.006000
v 0.001867 0.008603 -0.005840
v 0.002000 0.008603 -0.006000
v 0.002000 0.008603 -0.006000
v 0.002040 0.008603 -0.005960
v 0.002000 0.008603 -0.006000
v 0.002033 0.008603 -0.005982
v 0.002000 0.008603 -0.006000
v 0.002012 0.008603 -0.005998
v 0.002008 0.008603 -0.005999
v 0.002000 0.008603 -0.006000
v 0.002004 0.008603 -0.006000
v 0.002000 0.008603 -0.006000
v 0.002000 0.008603 -0.006000
v 0.002015 0.008603 -0.005997
v 0.002000 0.008603 -0.006000
v 0.002019 0.008603 -0.005995
v 0.002000 0.008603 -0.006000
v 0.002022 0.008603 -0.005993
v 0.002000 0.008603 -0.006000
v 0.002000 0.008603 -0.006000
v 0.002040 0.008603 -0.005960
v 0.001680 0.008603 -0.005200
v 0.001835 0.008603 -0.005752
v 0.001835 0.008603 -0.005448
v 0.001831 0.008603 -0.005448
v 0.001826 0.008603 -0.005446
v 0.001828 0.008603 -0.005753
v 0.001821 0.008603 -0.005445
v 0.001680 0.008603 -0.005200
v 0.001792 0.008603 -0.005793
v 0.001640 0.008603 -0.005960
v 0.001640 0.008603 -0.005960
v 0.001791 0.008603 -0.005800
v 0.001640 0.008603 -0.005960
v 0.001792 0.008603 -0.005805
v 0.001794 0.008603 -0.005814
v 0.001795 0.008603 -0.005819
v 0.001640 0.008603 -0.005960
v 0.001640 0.008603 -0.005960
v 0.001792 0.008603 -0.005809
v 0.001797 0.008603 -0.005823
v 0.001640 0.008603 -0.005960
v 0.001800 0.008603 -0.005827
v 0.001640 0.008603 -0.005960
v 0.001803 0.008603 -0.005831
v 0.001640 0.008603 -0.005960
v 0.001640 0.008603 -0.005960
v 0.001640 0.008603 -0.005960
v 0.001640 0.008603 -0.005960
v 0.001647 0.008603 -0.005982
v 0.001645 0.008603 -0.005979
v 0.001640 0.008603 -0.005960
v 0.001641 0.008603 -0.005968
v 0.001640 0.008603 -0.005964
v 0.001640 0.008603 -0.005960
v 0.001640 0.008603 -0.005960
v 0.001642 0.008603 -0.005972
v 0.001640 0.008603 -0.005960
v 0.001643 0.008603 -0.005975
v 0.001640 0.008603 -0.005960
v 0.001640 0.008603 -0.005960
v 0.001640 0.008603 -0.005960
v 0.001792 0.008603 -0.005393
v 0.001794 0.008603 -0.005386
v 0.001792 0.008594 -0.005391
v 0.001794 0.008603 -0.005386
v 0.001794 0.008594 -0.005386
v 0.001796 0.008603 -0.005379
v 0.001797 0.008594 -0.005377
v 0.001795 0.008594 -0.005381
v 0.001800 0.008603 -0.005373
v 0.001800 0.008594 -0.005373
v 0.001804 0.008603 -0.005367
v 0.001806 0.008594 -0.005366
v 0.001803 0.008594 -0.005369
v 0.001809 0.008603 -0.005363
v 0.001809 0.008594 -0.005363
v 0.001813 0.008594 -0.005360
v 0.001809 0.008603 -0.005363
v 0.001815 0.008603 -0.005358
v 0.001817 0.008594 -0.005357
v 0.001815 0.008603 -0.005358
v 0.001821 0.008603 -0.005355
v 0.001826 0.008594 -0.005354
v 0.001821 0.008603 -0.005355
v 0.001828 0.008603 -0.005353
v 0.001831 0.008594 -0.005352
v 0.001828 0.008603 -0.005353
v 0.001835 0.008603 -0.005352
v 0.001835 0.008594 -0.005352
v 0.001835 0.008603 -0.005352
v 0.001840 0.008594 -0.005351
v 0.001842 0.008603 -0.005352
v 0.001845 0.008594 -0.005352
v 0.001849 0.008594 -0.005352
v 0.001849 0.008603 -0.005352
v 0.001854 0.008594 -0.005354
v 0.001856 0.008603 -0.005354
v 0.001859 0.008594 -0.005355
v 0.001863 0.008603 -0.005357
v 0.001863 0.008594 -0.005357
v 0.001863 0.008603 -0.005357
v 0.001869 0.008603 -0.005361
v 0.001867 0.008594 -0.005360
v 0.001871 0.008594 -0.005363
v 0.001874 0.008603 -0.005366
v 0.001874 0.008594 -0.005366
v 0.001874 0.008603 -0.005366
v 0.001879 0.008603 -0.005371
v 0.001877 0.008594 -0.005369
v 0.001879 0.008603 -0.005371
v 0.001883 0.008603 -0.005377
v 0.001880 0.008594 -0.005373
v 0.001883 0.008603 -0.005377
v 0.001885 0.008594 -0.005381
v 0.001883 0.008594 -0.005377
v 0.001886 0.008603 -0.005384
v 0.001888 0.008603 -0.005391
v 0.001886 0.008594 -0.005386
v 0.001888 0.008603 -0.005391
v 0.001888 0.008594 -0.005395
v 0.001888 0.008594 -0.005391
v 0.001888 0.008603 -0.005398
v 0.001888 0.008594 -0.005400
v 0.001888 0.008603 -0.005405
v 0.001888 0.008594 -0.005405
v 0.001885 0.008603 -0.005419
v 0.001885 0.008594 -0.005419
v 0.001886 0.008594 -0.005414
v 0.001882 0.008603 -0.005425
v 0.001880 0.008594 -0.005427
v 0.001883 0.008594 -0.005423
v 0.001877 0.008603 -0.005431
v 0.001874 0.008594 -0.005434
v 0.001877 0.008594 -0.005431
v 0.001873 0.008603 -0.005436
v 0.001867 0.008603 -0.005440
v 0.001871 0.008594 -0.005437
v 0.001867 0.008603 -0.005440
v 0.001861 0.008603 -0.005444
v 0.001863 0.008594 -0.005443
v 0.001859 0.008594 -0.005445
v 0.001854 0.008603 -0.005446
v 0.001854 0.008594 -0.005446
v 0.001854 0.008603 -0.005446
v 0.001847 0.008603 -0.005448
v 0.001849 0.008594 -0.005448
v 0.001847 0.008603 -0.005448
v 0.001840 0.008603 -0.005448
v 0.001845 0.008594 -0.005448
v 0.001840 0.008603 -0.005448
v 0.001835 0.008603 -0.005448
v 0.001840 0.008594 -0.005448
v 0.001835 0.008594 -0.005448
v 0.001831 0.008603 -0.005448
v 0.001831 0.008594 -0.005448
v 0.001826 0.008603 -0.005446
v 0.001826 0.008594 -0.005446
v 0.001821 0.008603 -0.005445
v 0.001821 0.008594 -0.005445
v 0.001817 0.008594 -0.005443
v 0.001817 0.008603 -0.005443
v 0.001813 0.008603 -0.005440
v 0.001813 0.008594 -0.005440
v 0.001813 0.008603 -0.005440
v 0.001809 0.008603 -0.005437
v 0.001809 0.008594 -0.005437
v 0.001809 0.008603 -0.005437
v 0.001806 0.008603 -0.005434
v 0.001806 0.008594 -0.005434
v 0.001806 0.008603 -0.005434
v 0.001803 0.008603 -0.005431
v 0.001797 0.008603 -0.005423
v 0.001797 0.008594 -0.005423
v 0.001800 0.008594 -0.005427
v 0.001795 0.008603 -0.005419
v 0.001795 0.008594 -0.005419
v 0.001794 0.008603 -0.005414
v 0.001794 0.008594 -0.005414
v 0.001792 0.008603 -0.005409
v 0.001792 0.008594 -0.005409
v 0.001792 0.008603 -0.005405
v 0.001792 0.008594 -0.005405
v 0.001792 0.008603 -0.005393
v 0.001792 0.008594 -0.005395
v 0.001803 0.008594 -0.005431
v 0.001803 0.008603 -0.005431
v 0.001800 0.008603 -0.005427
v 0.001792 0.008603 -0.005405
v 0.001791 0.008603 -0.005400
v 0.001792 0.008603 -0.005409
v 0.001792 0.008603 -0.005405
v 0.001794 0.008603 -0.005414
v 0.001792 0.008603 -0.005409
v 0.001795 0.008603 -0.005419
v 0.001794 0.008603 -0.005414
v 0.001797 0.008603 -0.005423
v 0.001795 0.008603 -0.005419
v 0.001800 0.008603 -0.005427
v 0.001797 0.008603 -0.005423
v 0.001800 0.008603 -0.005427
v 0.001803 0.008603 -0.005431
v 0.001806 0.008603 -0.005434
v 0.001809 0.008603 -0.005437
v 0.001813 0.008603 -0.005440
v 0.001817 0.008603 -0.005443
v 0.001821 0.008603 -0.005445
v 0.001817 0.008603 -0.005443
v 0.001826 0.008603 -0.005446
v 0.001821 0.008603 -0.005445
v 0.001831 0.008603 -0.005448
v 0.001826 0.008603 -0.005446
v 0.001835 0.008603 -0.005448
v 0.001831 0.008603 -0.005448
v 0.001835 0.008603 -0.005448
v 0.001840 0.008603 -0.005448
v 0.001847 0.008603 -0.005448
v 0.001854 0.008603 -0.005446
v 0.001861 0.008603 -0.005444
v 0.001854 0.008603 -0.005446
v 0.001861 0.008603 -0.005444
v 0.001867 0.008603 -0.005440
v 0.001867 0.008594 -0.005440
v 0.001867 0.008603 -0.005440
v 0.001873 0.008603 -0.005436
v 0.001873 0.008603 -0.005436
v 0.001877 0.008603 -0.005431
v 0.001877 0.008603 -0.005431
v 0.001877 0.008603 -0.005431
v 0.001882 0.008603 -0.005425
v 0.001882 0.008603 -0.005425
v 0.001885 0.008603 -0.005419
v 0.001885 0.008603 -0.005419
v 0.001885 0.008603 -0.005419
v 0.001887 0.008603 -0.005412
v 0.001888 0.008594 -0.005409
v 0.001888 0.008603 -0.005405
v 0.001887 0.008603 -0.005412
v 0.001887 0.008603 -0.005412
v 0.001888 0.008603 -0.005405
v 0.001888 0.008603 -0.005398
v 0.001888 0.008603 -0.005405
v 0.001888 0.008603 -0.005391
v 0.001888 0.008603 -0.005398
v 0.001888 0.008603 -0.005391
v 0.001886 0.008603 -0.005384
v 0.001883 0.008603 -0.005377
v 0.001886 0.008603 -0.005384
v 0.001883 0.008603 -0.005377
v 0.001879 0.008603 -0.005371
v 0.001874 0.008603 -0.005366
v 0.001874 0.008603 -0.005366
v 0.001869 0.008603 -0.005361
v 0.001869 0.008603 -0.005361
v 0.001863 0.008603 -0.005357
v 0.001863 0.008603 -0.005357
v 0.001856 0.008603 -0.005354
v 0.001856 0.008603 -0.005354
v 0.001849 0.008603 -0.005352
v 0.001849 0.008603 -0.005352
v 0.001849 0.008603 -0.005352
v 0.001842 0.008603 -0.005352
v 0.001842 0.008603 -0.005352
v 0.001835 0.008603 -0.005352
v 0.001835 0.008603 -0.005352
v 0.001828 0.008603 -0.005353
v 0.001821 0.008603 -0.005355
v 0.001821 0.008594 -0.005355
v 0.001821 0.008603 -0.005355
v 0.001815 0.008603 -0.005358
v 0.001809 0.008603 -0.005363
v 0.001804 0.008603 -0.005367
v 0.001809 0.008603 -0.005363
v 0.001800 0.008603 -0.005373
v 0.001804 0.008603 -0.005367
v 0.001800 0.008603 -0.005373
v 0.001796 0.008603 -0.005379
v 0.001800 0.008603 -0.005373
v 0.001794 0.008603 -0.005386
v 0.001796 0.008603 -0.005379
v 0.001794 0.008603 -0.005386
v 0.001791 0.008594 -0.005400
v 0.001791 0.008603 -0.005400
v 0.001791 0.008603 -0.005400
v 0.001791 0.008603 -0.005400
v 0.001792 0.008603 -0.005393
v 0.001888 0.008594 -0.005405
v 0.001888 0.008594 -0.005409
v 0.001930 0.008553 -0.005409
v 0.001888 0.008594 -0.005409
v 0.001886 0.008594 -0.005414
v 0.001928 0.008553 -0.005418
v 0.001886 0.008594 -0.005414
v 0.001926 0.008553 -0.005426
v 0.001928 0.008553 -0.005418
v 0.001885 0.008594 -0.005419
v 0.001923 0.008553 -0.005434
v 0.001926 0.008553 -0.005426
v 0.001883 0.008594 -0.005423
v 0.001923 0.008553 -0.005434
v 0.001885 0.008594 -0.005419
v 0.001880 0.008594 -0.005427
v 0.001919 0.008553 -0.005442
v 0.001883 0.008594 -0.005423
v 0.001915 0.008553 -0.005450
v 0.001919 0.008553 -0.005442
v 0.001880 0.008594 -0.005427
v 0.001910 0.008553 -0.005457
v 0.001915 0.008553 -0.005450
v 0.001877 0.008594 -0.005431
v 0.001904 0.008553 -0.005464
v 0.001910 0.008553 -0.005457
v 0.001874 0.008594 -0.005434
v 0.001904 0.008553 -0.005464
v 0.001874 0.008594 -0.005434
v 0.001871 0.008594 -0.005437
v 0.001897 0.008553 -0.005470
v 0.001871 0.008594 -0.005437
v 0.001867 0.008594 -0.005440
v 0.001890 0.008553 -0.005475
v 0.001867 0.008594 -0.005440
v 0.001863 0.008594 -0.005443
v 0.001890 0.008553 -0.005475
v 0.001863 0.008594 -0.005443
v 0.001882 0.008553 -0.005479
v 0.001882 0.008553 -0.005479
v 0.001859 0.008594 -0.005445
v 0.001874 0.008553 -0.005483
v 0.001859 0.008594 -0.005445
v 0.001854 0.008594 -0.005446
v 0.001874 0.008553 -0.005483
v 0.001854 0.008594 -0.005446
v 0.001849 0.008594 -0.005448
v 0.001866 0.008553 -0.005486
v 0.001849 0.008594 -0.005448
v 0.001845 0.008594 -0.005448
v 0.001858 0.008553 -0.005488
v 0.001845 0.008594 -0.005448
v 0.001849 0.008553 -0.005490
v 0.001858 0.008553 -0.005488
v 0.001840 0.008594 -0.005448
v 0.001840 0.008553 -0.005490
v 0.001849 0.008553 -0.005490
v 0.001835 0.008594 -0.005448
v 0.001840 0.008553 -0.005490
v 0.001840 0.008594 -0.005448
v 0.001831 0.008594 -0.005448
v 0.001831 0.008553 -0.005490
v 0.001835 0.008594 -0.005448
v 0.001826 0.008594 -0.005446
v 0.001822 0.008553 -0.005488
v 0.001831 0.008594 -0.005448
v 0.001814 0.008553 -0.005486
v 0.001822 0.008553 -0.005488
v 0.001826 0.008594 -0.005446
v 0.001806 0.008553 -0.005483
v 0.001814 0.008553 -0.005486
v 0.001821 0.008594 -0.005445
v 0.001806 0.008553 -0.005483
v 0.001821 0.008594 -0.005445
v 0.001817 0.008594 -0.005443
v 0.001798 0.008553 -0.005479
v 0.001817 0.008594 -0.005443
v 0.001813 0.008594 -0.005440
v 0.001790 0.008553 -0.005475
v 0.001813 0.008594 -0.005440
v 0.001809 0.008594 -0.005437
v 0.001790 0.008553 -0.005475
v 0.001809 0.008594 -0.005437
v 0.001783 0.008553 -0.005470
v 0.001783 0.008553 -0.005470
v 0.001806 0.008594 -0.005434
v 0.001776 0.008553 -0.005464
v 0.001806 0.008594 -0.005434
v 0.001803 0.008594 -0.005431
v 0.001776 0.008553 -0.005464
v 0.001803 0.008594 -0.005431
v 0.001800 0.008594 -0.005427
v 0.001770 0.008553 -0.005457
v 0.001800 0.008594 -0.005427
v 0.001797 0.008594 -0.005423
v 0.001765 0.008553 -0.005450
v 0.001797 0.008594 -0.005423
v 0.001761 0.008553 -0.005442
v 0.001765 0.008553 -0.005450
v 0.001795 0.008594 -0.005419
v 0.001757 0.008553 -0.005434
v 0.001761 0.008553 -0.005442
v 0.001794 0.008594 -0.005414
v 0.001757 0.008553 -0.005434
v 0.001795 0.008594 -0.005419
v 0.001792 0.008594 -0.005409
v 0.001754 0.008553 -0.005426
v 0.001794 0.008594 -0.005414
v 0.001792 0.008594 -0.005405
v 0.001752 0.008553 -0.005418
v 0.001792 0.008594 -0.005409
v 0.001750 0.008553 -0.005409
v 0.001752 0.008553 -0.005418
v 0.001792 0.008594 -0.005405
v 0.001750 0.008553 -0.005400
v 0.001750 0.008553 -0.005409
v 0.001791 0.008594 -0.005400
v 0.001750 0.008553 -0.005400
v 0.001791 0.008594 -0.005400
v 0.001792 0.008594 -0.005395
v 0.001750 0.008553 -0.005391
v 0.001792 0.008594 -0.005395
v 0.001792 0.008594 -0.005391
v 0.001752 0.008553 -0.005382
v 0.001792 0.008594 -0.005391
v 0.001794 0.008594 -0.005386
v 0.001752 0.008553 -0.005382
v 0.001794 0.008594 -0.005386
v 0.001754 0.008553 -0.005374
v 0.001754 0.008553 -0.005374
v 0.001795 0.008594 -0.005381
v 0.001757 0.008553 -0.005366
v 0.001795 0.008594 -0.005381
v 0.001797 0.008594 -0.005377
v 0.001757 0.008553 -0.005366
v 0.001797 0.008594 -0.005377
v 0.001800 0.008594 -0.005373
v 0.001761 0.008553 -0.005358
v 0.001800 0.008594 -0.005373
v 0.001803 0.008594 -0.005369
v 0.001765 0.008553 -0.005350
v 0.001803 0.008594 -0.005369
v 0.001770 0.008553 -0.005343
v 0.001765 0.008553 -0.005350
v 0.001806 0.008594 -0.005366
v 0.001776 0.008553 -0.005336
v 0.001770 0.008553 -0.005343
v 0.001809 0.008594 -0.005363
v 0.001776 0.008553 -0.005336
v 0.001806 0.008594 -0.005366
v 0.001813 0.008594 -0.005360
v 0.001783 0.008553 -0.005330
v 0.001809 0.008594 -0.005363
v 0.001817 0.008594 -0.005357
v 0.001790 0.008553 -0.005325
v 0.001813 0.008594 -0.005360
v 0.001798 0.008553 -0.005321
v 0.001817 0.008594 -0.005357
v 0.001821 0.008594 -0.005355
v 0.001831 0.008594 -0.005352
v 0.001814 0.008553 -0.005314
v 0.001826 0.008594 -0.005354
v 0.001835 0.008594 -0.005352
v 0.001840 0.008594 -0.005351
v 0.001831 0.008553 -0.005310
v 0.001849 0.008553 -0.005310
v 0.001845 0.008594 -0.005352
v 0.001849 0.008594 -0.005352
v 0.001859 0.008594 -0.005355
v 0.001866 0.008553 -0.005314
v 0.001854 0.008594 -0.005354
v 0.001863 0.008594 -0.005357
v 0.001867 0.008594 -0.005360
v 0.001882 0.008553 -0.005321
v 0.001897 0.008553 -0.005330
v 0.001871 0.008594 -0.005363
v 0.001874 0.008594 -0.005366
v 0.001919 0.008553 -0.005358
v 0.001883 0.008594 -0.005377
v 0.001885 0.008594 -0.005381
v 0.001926 0.008553 -0.005374
v 0.001923 0.008553 -0.005366
v 0.001886 0.008594 -0.005386
v 0.001888 0.008594 -0.005395
v 0.001930 0.008553 -0.005391
v 0.001928 0.008553 -0.005382
v 0.001888 0.008594 -0.005409
v 0.001928 0.008553 -0.005418
v 0.001930 0.008553 -0.005409
v 0.001880 0.008594 -0.005373
v 0.001910 0.008553 -0.005343
v 0.001877 0.008594 -0.005369
v 0.001930 0.008553 -0.005391
v 0.001888 0.008594 -0.005400
v 0.001930 0.008553 -0.005400
v 0.001888 0.008594 -0.005395
v 0.001888 0.008594 -0.005400
v 0.001930 0.008553 -0.005391
v 0.001888 0.008594 -0.005391
v 0.001888 0.008594 -0.005395
v 0.001928 0.008553 -0.005382
v 0.001888 0.008594 -0.005391
v 0.001928 0.008553 -0.005382
v 0.001926 0.008553 -0.005374
v 0.001888 0.008594 -0.005391
v 0.001926 0.008553 -0.005374
v 0.001886 0.008594 -0.005386
v 0.001886 0.008594 -0.005386
v 0.001923 0.008553 -0.005366
v 0.001885 0.008594 -0.005381
v 0.001923 0.008553 -0.005366
v 0.001919 0.008553 -0.005358
v 0.001885 0.008594 -0.005381
v 0.001919 0.008553 -0.005358
v 0.001915 0.008553 -0.005350
v 0.001883 0.008594 -0.005377
v 0.001915 0.008553 -0.005350
v 0.001880 0.008594 -0.005373
v 0.001883 0.008594 -0.005377
v 0.001910 0.008553 -0.005343
v 0.001880 0.008594 -0.005373
v 0.001915 0.008553 -0.005350
v 0.001904 0.008553 -0.005336
v 0.001877 0.008594 -0.005369
v 0.001910 0.008553 -0.005343
v 0.001874 0.008594 -0.005366
v 0.001877 0.008594 -0.005369
v 0.001904 0.008553 -0.005336
v 0.001874 0.008594 -0.005366
v 0.001904 0.008553 -0.005336
v 0.001897 0.008553 -0.005330
v 0.001871 0.008594 -0.005363
v 0.001897 0.008553 -0.005330
v 0.001890 0.008553 -0.005325
v 0.001871 0.008594 -0.005363
v 0.001890 0.008553 -0.005325
v 0.001867 0.008594 -0.005360
v 0.001890 0.008553 -0.005325
v 0.001882 0.008553 -0.005321
v 0.001867 0.008594 -0.005360
v 0.001882 0.008553 -0.005321
v 0.001874 0.008553 -0.005317
v 0.001863 0.008594 -0.005357
v 0.001874 0.008553 -0.005317
v 0.001859 0.008594 -0.005355
v 0.001863 0.008594 -0.005357
v 0.001866 0.008553 -0.005314
v 0.001859 0.008594 -0.005355
v 0.001874 0.008553 -0.005317
v 0.001858 0.008553 -0.005312
v 0.001854 0.008594 -0.005354
v 0.001866 0.008553 -0.005314
v 0.001849 0.008594 -0.005352
v 0.001854 0.008594 -0.005354
v 0.001858 0.008553 -0.005312
v 0.001849 0.008594 -0.005352
v 0.001858 0.008553 -0.005312
v 0.001849 0.008553 -0.005310
v 0.001845 0.008594 -0.005352
v 0.001849 0.008553 -0.005310
v 0.001840 0.008553 -0.005310
v 0.001845 0.008594 -0.005352
v 0.001840 0.008553 -0.005310
v 0.001840 0.008594 -0.005351
v 0.001840 0.008553 -0.005310
v 0.001831 0.008553 -0.005310
v 0.001840 0.008594 -0.005351
v 0.001831 0.008553 -0.005310
v 0.001822 0.008553 -0.005312
v 0.001835 0.008594 -0.005352
v 0.001822 0.008553 -0.005312
v 0.001831 0.008594 -0.005352
v 0.001835 0.008594 -0.005352
v 0.001814 0.008553 -0.005314
v 0.001831 0.008594 -0.005352
v 0.001822 0.008553 -0.005312
v 0.001806 0.008553 -0.005317
v 0.001826 0.008594 -0.005354
v 0.001814 0.008553 -0.005314
v 0.001821 0.008594 -0.005355
v 0.001826 0.008594 -0.005354
v 0.001806 0.008553 -0.005317
v 0.001821 0.008594 -0.005355
v 0.001806 0.008553 -0.005317
v 0.001798 0.008553 -0.005321
v 0.001817 0.008594 -0.005357
v 0.001798 0.008553 -0.005321
v 0.001790 0.008553 -0.005325
v 0.001790 0.008553 -0.005325
v 0.001783 0.008553 -0.005330
v 0.001813 0.008594 -0.005360
v 0.001783 0.008553 -0.005330
v 0.001776 0.008553 -0.005336
v 0.001809 0.008594 -0.005363
v 0.001806 0.008594 -0.005366
v 0.001770 0.008553 -0.005343
v 0.001803 0.008594 -0.005369
v 0.001800 0.008594 -0.005373
v 0.001765 0.008553 -0.005350
v 0.001761 0.008553 -0.005358
v 0.001797 0.008594 -0.005377
v 0.001761 0.008553 -0.005358
v 0.001757 0.008553 -0.005366
v 0.001794 0.008594 -0.005386
v 0.001795 0.008594 -0.005381
v 0.001754 0.008553 -0.005374
v 0.001750 0.008553 -0.005391
v 0.001792 0.008594 -0.005391
v 0.001752 0.008553 -0.005382
v 0.001750 0.008553 -0.005400
v 0.001792 0.008594 -0.005395
v 0.001750 0.008553 -0.005391
v 0.001750 0.008553 -0.005409
v 0.001792 0.008594 -0.005405
v 0.001791 0.008594 -0.005400
v 0.001752 0.008553 -0.005418
v 0.001754 0.008553 -0.005426
v 0.001792 0.008594 -0.005409
v 0.001754 0.008553 -0.005426
v 0.001757 0.008553 -0.005434
v 0.001794 0.008594 -0.005414
v 0.001795 0.008594 -0.005419
v 0.001761 0.008553 -0.005442
v 0.001797 0.008594 -0.005423
v 0.001800 0.008594 -0.005427
v 0.001765 0.008553 -0.005450
v 0.001770 0.008553 -0.005457
v 0.001803 0.008594 -0.005431
v 0.001770 0.008553 -0.005457
v 0.001776 0.008553 -0.005464
v 0.001809 0.008594 -0.005437
v 0.001806 0.008594 -0.005434
v 0.001783 0.008553 -0.005470
v 0.001798 0.008553 -0.005479
v 0.001813 0.008594 -0.005440
v 0.001790 0.008553 -0.005475
v 0.001806 0.008553 -0.005483
v 0.001817 0.008594 -0.005443
v 0.001798 0.008553 -0.005479
v 0.001814 0.008553 -0.005486
v 0.001826 0.008594 -0.005446
v 0.001821 0.008594 -0.005445
v 0.001822 0.008553 -0.005488
v 0.001831 0.008553 -0.005490
v 0.001831 0.008594 -0.005448
v 0.001831 0.008553 -0.005490
v 0.001840 0.008553 -0.005490
v 0.001835 0.008594 -0.005448
v 0.001840 0.008594 -0.005448
v 0.001849 0.008553 -0.005490
v 0.001845 0.008594 -0.005448
v 0.001849 0.008594 -0.005448
v 0.001858 0.008553 -0.005488
v 0.001866 0.008553 -0.005486
v 0.001854 0.008594 -0.005446
v 0.001866 0.008553 -0.005486
v 0.001874 0.008553 -0.005483
v 0.001863 0.008594 -0.005443
v 0.001859 0.008594 -0.005445
v 0.001882 0.008553 -0.005479
v 0.001897 0.008553 -0.005470
v 0.001867 0.008594 -0.005440
v 0.001890 0.008553 -0.005475
v 0.001904 0.008553 -0.005464
v 0.001871 0.008594 -0.005437
v 0.001897 0.008553 -0.005470
v 0.001910 0.008553 -0.005457
v 0.001877 0.008594 -0.005431
v 0.001874 0.008594 -0.005434
v 0.001915 0.008553 -0.005450
v 0.001880 0.008594 -0.005427
v 0.001877 0.008594 -0.005431
v 0.001919 0.008553 -0.005442
v 0.001923 0.008553 -0.005434
v 0.001883 0.008594 -0.005423
v 0.001885 0.008594 -0.005419
v 0.001926 0.008553 -0.005426
v 0.001886 0.008594 -0.005414
v 0.001888 0.008594 -0.005400
v 0.001888 0.008594 -0.005405
v 0.001930 0.008553 -0.005409
v 0.001930 0.008553 -0.005409
v 0.001930 0.008553 -0.005400
v 0.001888 0.008594 -0.005400
v 0.001792 0.008603 -0.005793
v 0.001794 0.008603 -0.005786
v 0.001792 0.008594 -0.005791
v 0.001794 0.008603 -0.005786
v 0.001794 0.008594 -0.005786
v 0.001796 0.008603 -0.005779
v 0.001797 0.008594 -0.005777
v 0.001795 0.008594 -0.005781
v 0.001800 0.008603 -0.005773
v 0.001800 0.008594 -0.005773
v 0.001804 0.008603 -0.005767
v 0.001806 0.008594 -0.005766
v 0.001803 0.008594 -0.005769
v 0.001809 0.008603 -0.005763
v 0.001809 0.008594 -0.005763
v 0.001813 0.008594 -0.005760
v 0.001809 0.008603 -0.005763
v 0.001815 0.008603 -0.005758
v 0.001817 0.008594 -0.005757
v 0.001815 0.008603 -0.005758
v 0.001821 0.008603 -0.005755
v 0.001826 0.008594 -0.005754
v 0.001821 0.008603 -0.005755
v 0.001828 0.008603 -0.005753
v 0.001831 0.008594 -0.005752
v 0.001828 0.008603 -0.005753
v 0.001835 0.008603 -0.005752
v 0.001835 0.008594 -0.005752
v 0.001835 0.008603 -0.005752
v 0.001840 0.008594 -0.005751
v 0.001842 0.008603 -0.005752
v 0.001845 0.008594 -0.005752
v 0.001849 0.008594 -0.005752
v 0.001849 0.008603 -0.005752
v 0.001854 0.008594 -0.005754
v 0.001856 0.008603 -0.005754
v 0.001859 0.008594 -0.005755
v 0.001863 0.008603 -0.005757
v 0.001863 0.008594 -0.005757
v 0.001863 0.008603 -0.005757
v 0.001869 0.008603 -0.005761
v 0.001867 0.008594 -0.005760
v 0.001871 0.008594 -0.005763
v 0.001874 0.008603 -0.005766
v 0.001874 0.008594 -0.005766
v 0.001874 0.008603 -0.005766
v 0.001879 0.008603 -0.005771
v 0.001877 0.008594 -0.005769
v 0.001879 0.008603 -0.005771
v 0.001883 0.008603 -0.005777
v 0.001880 0.008594 -0.005773
v 0.001883 0.008603 -0.005777
v 0.001885 0.008594 -0.005781
v 0.001883 0.008594 -0.005777
v 0.001886 0.008603 -0.005784
v 0.001888 0.008603 -0.005791
v 0.001886 0.008594 -0.005786
v 0.001888 0.008603 -0.005791
v 0.001888 0.008594 -0.005795
v 0.001888 0.008594 -0.005791
v 0.001888 0.008603 -0.005798
v 0.001888 0.008594 -0.005800
v 0.001888 0.008603 -0.005805
v 0.001888 0.008594 -0.005805
v 0.001885 0.008603 -0.005819
v 0.001885 0.008594 -0.005819
v 0.001886 0.008594 -0.005814
v 0.001882 0.008603 -0.005825
v 0.001880 0.008594 -0.005827
v 0.001883 0.008594 -0.005823
v 0.001877 0.008603 -0.005831
v 0.001874 0.008594 -0.005834
v 0.001877 0.008594 -0.005831
v 0.001873 0.008603 -0.005836
v 0.001867 0.008603 -0.005840
v 0.001871 0.008594 -0.005837
v 0.001867 0.008603 -0.005840
v 0.001861 0.008603 -0.005844
v 0.001863 0.008594 -0.005843
v 0.001859 0.008594 -0.005845
v 0.001854 0.008603 -0.005846
v 0.001854 0.008594 -0.005846
v 0.001854 0.008603 -0.005846
v 0.001847 0.008603 -0.005848
v 0.001849 0.008594 -0.005848
v 0.001847 0.008603 -0.005848
v 0.001840 0.008603 -0.005848
v 0.001845 0.008594 -0.005848
v 0.001840 0.008603 -0.005848
v 0.001835 0.008603 -0.005848
v 0.001840 0.008594 -0.005848
v 0.001835 0.008594 -0.005848
v 0.001831 0.008603 -0.005848
v 0.001831 0.008594 -0.005848
v 0.001826 0.008603 -0.005846
v 0.001826 0.008594 -0.005846
v 0.001821 0.008603 -0.005845
v 0.001821 0.008594 -0.005845
v 0.001817 0.008594 -0.005843
v 0.001817 0.008603 -0.005843
v 0.001813 0.008603 -0.005840
v 0.001813 0.008594 -0.005840
v 0.001813 0.008603 -0.005840
v 0.001809 0.008603 -0.005837
v 0.001809 0.008594 -0.005837
v 0.001809 0.008603 -0.005837
v 0.001806 0.008603 -0.005834
v 0.001806 0.008594 -0.005834
v 0.001806 0.008603 -0.005834
v 0.001803 0.008603 -0.005831
v 0.001797 0.008603 -0.005823
v 0.001797 0.008594 -0.005823
v 0.001800 0.008594 -0.005827
v 0.001795 0.008603 -0.005819
v 0.001795 0.008594 -0.005819
v 0.001794 0.008603 -0.005814
v 0.001794 0.008594 -0.005814
v 0.001792 0.008603 -0.005809
v 0.001792 0.008594 -0.005809
v 0.001792 0.008603 -0.005805
v 0.001792 0.008594 -0.005805
v 0.001792 0.008603 -0.005793
v 0.001792 0.008594 -0.005795
v 0.001803 0.008594 -0.005831
v 0.001803 0.008603 -0.005831
v 0.001800 0.008603 -0.005827
v 0.001792 0.008603 -0.005805
v 0.001791 0.008603 -0.005800
v 0.001792 0.008603 -0.005809
v 0.001792 0.008603 -0.005805
v 0.001794 0.008603 -0.005814
v 0.001792 0.008603 -0.005809
v 0.001795 0.008603 -0.005819
v 0.001794 0.008603 -0.005814
v 0.001797 0.008603 -0.005823
v 0.001795 0.008603 -0.005819
v 0.001800 0.008603 -0.005827
v 0.001797 0.008603 -0.005823
v 0.001800 0.008603 -0.005827
v 0.001803 0.008603 -0.005831
v 0.001806 0.008603 -0.005834
v 0.001809 0.008603 -0.005837
v 0.001813 0.008603 -0.005840
v 0.001817 0.008603 -0.005843
v 0.001821 0.008603 -0.005845
v 0.001817 0.008603 -0.005843
v 0.001826 0.008603 -0.005846
v 0.001821 0.008603 -0.005845
v 0.001831 0.008603 -0.005848
v 0.001826 0.008603 -0.005846
v 0.001835 0.008603 -0.005848
v 0.001831 0.008603 -0.005848
v 0.001835 0.008603 -0.005848
v 0.001840 0.008603 -0.005848
v 0.001847 0.008603 -0.005848
v 0.001854 0.008603 -0.005846
v 0.001861 0.008603 -0.005844
v 0.001854 0.008603 -0.005846
v 0.001861 0.008603 -0.005844
v 0.001867 0.008603 -0.005840
v 0.001867 0.008594 -0.005840
v 0.001867 0.008603 -0.005840
v 0.001873 0.008603 -0.005836
v 0.001873 0.008603 -0.005836
v 0.001877 0.008603 -0.005831
v 0.001877 0.008603 -0.005831
v 0.001877 0.008603 -0.005831
v 0.001882 0.008603 -0.005825
v 0.001882 0.008603 -0.005825
v 0.001885 0.008603 -0.005819
v 0.001885 0.008603 -0.005819
v 0.001885 0.008603 -0.005819
v 0.001887 0.008603 -0.005812
v 0.001888 0.008594 -0.005809
v 0.001888 0.008603 -0.005805
v 0.001887 0.008603 -0.005812
v 0.001887 0.008603 -0.005812
v 0.001888 0.008603 -0.005805
v 0.001888 0.008603 -0.005798
v 0.001888 0.008603 -0.005805
v 0.001888 0.008603 -0.005791
v 0.001888 0.008603 -0.005798
v 0.001888 0.008603 -0.005791
v 0.001886 0.008603 -0.005784
v 0.001883 0.008603 -0.005777
v 0.001886 0.008603 -0.005784
v 0.001883 0.008603 -0.005777
v 0.001879 0.008603 -0.005771
v 0.001874 0.008603 -0.005766
v 0.001874 0.008603 -0.005766
v 0.001869 0.008603 -0.005761
v 0.001869 0.008603 -0.005761
v 0.001863 0.008603 -0.005757
v 0.001863 0.008603 -0.005757
v 0.001856 0.008603 -0.005754
v 0.001856 0.008603 -0.005754
v 0.001849 0.008603 -0.005752
v 0.001849 0.008603 -0.005752
v 0.001849 0.008603 -0.005752
v 0.001842 0.008603 -0.005752
v 0.001842 0.008603 -0.005752
v 0.001835 0.008603 -0.005752
v 0.001835 0.008603 -0.005752
v 0.001828 0.008603 -0.005753
v 0.001821 0.008603 -0.005755
v 0.001821 0.008594 -0.005755
v 0.001821 0.008603 -0.005755
v 0.001815 0.008603 -0.005758
v 0.001809 0.008603 -0.005763
v 0.001804 0.008603 -0.005767
v 0.001809 0.008603 -0.005763
v 0.001800 0.008603 -0.005773
v 0.001804 0.008603 -0.005767
v 0.001800 0.008603 -0.005773
v 0.001796 0.008603 -0.005779
v 0.001800 0.008603 -0.005773
v 0.001794 0.008603 -0.005786
v 0.001796 0.008603 -0.005779
v 0.001794 0.008603 -0.005786
v 0.001791 0.008594 -0.005800
v 0.001791 0.008603 -0.005800
v 0.001791 0.008603 -0.005800
v 0.001791 0.008603 -0.005800
v 0.001792 0.008603 -0.005793
v 0.001888 0.008594 -0.005805
v 0.001888 0.008594 -0.005809
v 0.001930 0.008553 -0.005809
v 0.001888 0.008594 -0.005809
v 0.001886 0.008594 -0.005814
v 0.001928 0.008553 -0.005818
v 0.001886 0.008594 -0.005814
v 0.001926 0.008553 -0.005826
v 0.001928 0.008553 -0.005818
v 0.001885 0.008594 -0.005819
v 0.001923 0.008553 -0.005834
v 0.001926 0.008553 -0.005826
v 0.001883 0.008594 -0.005823
v 0.001923 0.008553 -0.005834
v 0.001885 0.008594 -0.005819
v 0.001880 0.008594 -0.005827
v 0.001919 0.008553 -0.005842
v 0.001883 0.008594 -0.005823
v 0.001915 0.008553 -0.005850
v 0.001919 0.008553 -0.005842
v 0.001880 0.008594 -0.005827
v 0.001910 0.008553 -0.005857
v 0.001915 0.008553 -0.005850
v 0.001877 0.008594 -0.005831
v 0.001904 0.008553 -0.005864
v 0.001910 0.008553 -0.005857
v 0.001874 0.008594 -0.005834
v 0.001904 0.008553 -0.005864
v 0.001874 0.008594 -0.005834
v 0.001871 0.008594 -0.005837
v 0.001897 0.008553 -0.005870
v 0.001871 0.008594 -0.005837
v 0.001867 0.008594 -0.005840
v 0.001890 0.008553 -0.005875
v 0.001867 0.008594 -0.005840
v 0.001863 0.008594 -0.005843
v 0.001890 0.008553 -0.005875
v 0.001863 0.008594 -0.005843
v 0.001882 0.008553 -0.005879
v 0.001882 0.008553 -0.005879
v 0.001859 0.008594 -0.005845
v 0.001874 0.008553 -0.005883
v 0.001859 0.008594 -0.005845
v 0.001854 0.008594 -0.005846
v 0.001874 0.008553 -0.005883
v 0.001854 0.008594 -0.005846
v 0.001849 0.008594 -0.005848
v 0.001866 0.008553 -0.005886
v 0.001849 0.008594 -0.005848
v 0.001845 0.008594 -0.005848
v 0.001858 0.008553 -0.005888
v 0.001845 0.008594 -0.005848
v 0.001849 0.008553 -0.005890
v 0.001858 0.008553 -0.005888
v 0.001840 0.008594 -0.005848
v 0.001840 0.008553 -0.005890
v 0.001849 0.008553 -0.005890
v 0.001835 0.008594 -0.005848
v 0.001840 0.008553 -0.005890
v 0.001840 0.008594 -0.005848
v 0.001831 0.008594 -0.005848
v 0.001831 0.008553 -0.005890
v 0.001835 0.008594 -0.005848
v 0.001826 0.008594 -0.005846
v 0.001822 0.008553 -0.005888
v 0.001831 0.008594 -0.005848
v 0.001814 0.008553 -0.005886
v 0.001822 0.008553 -0.005888
v 0.001826 0.008594 -0.005846
v 0.001806 0.008553 -0.005883
v 0.001814 0.008553 -0.005886
v 0.001821 0.008594 -0.005845
v 0.001806 0.008553 -0.005883
v 0.001821 0.008594 -0.005845
v 0.001817 0.008594 -0.005843
v 0.001798 0.008553 -0.005879
v 0.001817 0.008594 -0.005843
v 0.001813 0.008594 -0.005840
v 0.001790 0.008553 -0.005875
v 0.001813 0.008594 -0.005840
v 0.001809 0.008594 -0.005837
v 0.001790 0.008553 -0.005875
v 0.001809 0.008594 -0.005837
v 0.001783 0.008553 -0.005870
v 0.001783 0.008553 -0.005870
v 0.001806 0.008594 -0.005834
v 0.001776 0.008553 -0.005864
v 0.001806 0.008594 -0.005834
v 0.001803 0.008594 -0.005831
v 0.001776 0.008553 -0.005864
v 0.001803 0.008594 -0.005831
v 0.001800 0.008594 -0.005827
v 0.001770 0.008553 -0.005857
v 0.001800 0.008594 -0.005827
v 0.001797 0.008594 -0.005823
v 0.001765 0.008553 -0.005850
v 0.001797 0.008594 -0.005823
v 0.001761 0.008553 -0.005842
v 0.001765 0.008553 -0.005850
v 0.001795 0.008594 -0.005819
v 0.001757 0.008553 -0.005834
v 0.001761 0.008553 -0.005842
v 0.001794 0.008594 -0.005814
v 0.001757 0.008553 -0.005834
v 0.001795 0.008594 -0.005819
v 0.001792 0.008594 -0.005809
v 0.001754 0.008553 -0.005826
v 0.001794 0.008594 -0.005814
v 0.001792 0.008594 -0.005805
v 0.001752 0.008553 -0.005818
v 0.001792 0.008594 -0.005809
v 0.001750 0.008553 -0.005809
v 0.001752 0.008553 -0.005818
v 0.001792 0.008594 -0.005805
v 0.001750 0.008553 -0.005800
v 0.001750 0.008553 -0.005809
v 0.001791 0.008594 -0.005800
v 0.001750 0.008553 -0.005800
v 0.001791 0.008594 -0.005800
v 0.001792 0.008594 -0.005795
v 0.001750 0.008553 -0.005791
v 0.001792 0.008594 -0.005795
v 0.001792 0.008594 -0.005791
v 0.001752 0.008553 -0.005782
v 0.001792 0.008594 -0.005791
v 0.001794 0.008594 -0.005786
v 0.001752 0.008553 -0.005782
v 0.001794 0.008594 -0.005786
v 0.001754 0.008553 -0.005774
v 0.001754 0.008553 -0.005774
v 0.001795 0.008594 -0.005781
v 0.001757 0.008553 -0.005766
v 0.001795 0.008594 -0.005781
v 0.001797 0.008594 -0.005777
v 0.001757 0.008553 -0.005766
v 0.001797 0.008594 -0.005777
v 0.001800 0.008594 -0.005773
v 0.001761 0.008553 -0.005758
v 0.001800 0.008594 -0.005773
v 0.001803 0.008594 -0.005769
v 0.001765 0.008553 -0.005750
v 0.001803 0.008594 -0.005769
v 0.001770 0.008553 -0.005743
v 0.001765 0.008553 -0.005750
v 0.001806 0.008594 -0.005766
v 0.001776 0.008553 -0.005736
v 0.001770 0.008553 -0.005743
v 0.001809 0.008594 -0.005763
v 0.001776 0.008553 -0.005736
v 0.001806 0.008594 -0.005766
v 0.001813 0.008594 -0.005760
v 0.001783 0.008553 -0.005730
v 0.001809 0.008594 -0.005763
v 0.001817 0.008594 -0.005757
v 0.001790 0.008553 -0.005725
v 0.001813 0.008594 -0.005760
v 0.001798 0.008553 -0.005721
v 0.001817 0.008594 -0.005757
v 0.001821 0.008594 -0.005755
v 0.001831 0.008594 -0.005752
v 0.001814 0.008553 -0.005714
v 0.001826 0.008594 -0.005754
v 0.001835 0.008594 -0.005752
v 0.001840 0.008594 -0.005751
v 0.001831 0.008553 -0.005710
v 0.001849 0.008553 -0.005710
v 0.001845 0.008594 -0.005752
v 0.001849 0.008594 -0.005752
v 0.001859 0.008594 -0.005755
v 0.001866 0.008553 -0.005714
v 0.001854 0.008594 -0.005754
v 0.001863 0.008594 -0.005757
v 0.001867 0.008594 -0.005760
v 0.001882 0.008553 -0.005721
v 0.001897 0.008553 -0.005730
v 0.001871 0.008594 -0.005763
v 0.001874 0.008594 -0.005766
v 0.001919 0.008553 -0.005758
v 0.001883 0.008594 -0.005777
v 0.001885 0.008594 -0.005781
v 0.001926 0.008553 -0.005774
v 0.001923 0.008553 -0.005766
v 0.001886 0.008594 -0.005786
v 0.001888 0.008594 -0.005795
v 0.001930 0.008553 -0.005791
v 0.001928 0.008553 -0.005782
v 0.001888 0.008594 -0.005809
v 0.001928 0.008553 -0.005818
v 0.001930 0.008553 -0.005809
v 0.001880 0.008594 -0.005773
v 0.001910 0.008553 -0.005743
v 0.001877 0.008594 -0.005769
v 0.001930 0.008553 -0.005791
v 0.001888 0.008594 -0.005800
v 0.001930 0.008553 -0.005800
v 0.001888 0.008594 -0.005795
v 0.001888 0.008594 -0.005800
v 0.001930 0.008553 -0.005791
v 0.001888 0.008594 -0.005791
v 0.001888 0.008594 -0.005795
v 0.001928 0.008553 -0.005782
v 0.001888 0.008594 -0.005791
v 0.001928 0.008553 -0.005782
v 0.001926 0.008553 -0.005774
v 0.001888 0.008594 -0.005791
v 0.001926 0.008553 -0.005774
v 0.001886 0.008594 -0.005786
v 0.001886 0.008594 -0.005786
v 0.001923 0.008553 -0.005766
v 0.001885 0.008594 -0.005781
v 0.001923 0.008553 -0.005766
v 0.001919 0.008553 -0.005758
v 0.001885 0.008594 -0.005781
v 0.001919 0.008553 -0.005758
v 0.001915 0.008553 -0.005750
v 0.001883 0.008594 -0.005777
v 0.001915 0.008553 -0.005750
v 0.001880 0.008594 -0.005773
v 0.001883 0.008594 -0.005777
v 0.001910 0.008553 -0.005743
v 0.001880 0.008594 -0.005773
v 0.001915 0.008553 -0.005750
v 0.001904 0.008553 -0.005736
v 0.001877 0.008594 -0.005769
v 0.001910 0.008553 -0.005743
v 0.001874 0.008594 -0.005766
v 0.001877 0.008594 -0.005769
v 0.001904 0.008553 -0.005736
v 0.001874 0.008594 -0.005766
v 0.001904 0.008553 -0.005736
v 0.001897 0.008553 -0.005730
v 0.001871 0.008594 -0.005763
v 0.001897 0.008553 -0.005730
v 0.001890 0.008553 -0.005725
v 0.001871 0.008594 -0.005763
v 0.001890 0.008553 -0.005725
v 0.001867 0.008594 -0.005760
v 0.001890 0.008553 -0.005725
v 0.001882 0.008553 -0.005721
v 0.001867 0.008594 -0.005760
v 0.001882 0.008553 -0.005721
v 0.001874 0.008553 -0.005717
v 0.001863 0.008594 -0.005757
v 0.001874 0.008553 -0.005717
v 0.001859 0.008594 -0.005755
v 0.001863 0.008594 -0.005757
v 0.001866 0.008553 -0.005714
v 0.001859 0.008594 -0.005755
v 0.001874 0.008553 -0.005717
v 0.001858 0.008553 -0.005712
v 0.001854 0.008594 -0.005754
v 0.001866 0.008553 -0.005714
v 0.001849 0.008594 -0.005752
v 0.001854 0.008594 -0.005754
v 0.001858 0.008553 -0.005712
v 0.001849 0.008594 -0.005752
v 0.001858 0.008553 -0.005712
v 0.001849 0.008553 -0.005710
v 0.001845 0.008594 -0.005752
v 0.001849 0.008553 -0.005710
v 0.001840 0.008553 -0.005710
v 0.001845 0.008594 -0.005752
v 0.001840 0.008553 -0.005710
v 0.001840 0.008594 -0.005751
v 0.001840 0.008553 -0.005710
v 0.001831 0.008553 -0.005710
v 0.001840 0.008594 -0.005751
v 0.001831 0.008553 -0.005710
v 0.001822 0.008553 -0.005712
v 0.001835 0.008594 -0.005752
v 0.001822 0.008553 -0.005712
v 0.001831 0.008594 -0.005752
v 0.001835 0.008594 -0.005752
v 0.001814 0.008553 -0.005714
v 0.001831 0.008594 -0.005752
v 0.001822 0.008553 -0.005712
v 0.001806 0.008553 -0.005717
v 0.001826 0.008594 -0.005754
v 0.001814 0.008553 -0.005714
v 0.001821 0.008594 -0.005755
v 0.001826 0.008594 -0.005754
v 0.001806 0.008553 -0.005717
v 0.001821 0.008594 -0.005755
v 0.001806 0.008553 -0.005717
v 0.001798 0.008553 -0.005721
v 0.001817 0.008594 -0.005757
v 0.001798 0.008553 -0.005721
v 0.001790 0.008553 -0.005725
v 0.001790 0.008553 -0.005725
v 0.001783 0.008553 -0.005730
v 0.001813 0.008594 -0.005760
v 0.001783 0.008553 -0.005730
v 0.001776 0.008553 -0.005736
v 0.001809 0.008594 -0.005763
v 0.001806 0.008594 -0.005766
v 0.001770 0.008553 -0.005743
v 0.001803 0.008594 -0.005769
v 0.001800 0.008594 -0.005773
v 0.001765 0.008553 -0.005750
v 0.001761 0.008553 -0.005758
v 0.001797 0.008594 -0.005777
v 0.001761 0.008553 -0.005758
v 0.001757 0.008553 -0.005766
v 0.001794 0.008594 -0.005786
v 0.001795 0.008594 -0.005781
v 0.001754 0.008553 -0.005774
v 0.001750 0.008553 -0.005791
v 0.001792 0.008594 -0.005791
v 0.001752 0.008553 -0.005782
v 0.001750 0.008553 -0.005800
v 0.001792 0.008594 -0.005795
v 0.001750 0.008553 -0.005791
v 0.001750 0.008553 -0.005809
v 0.001792 0.008594 -0.005805
v 0.001791 0.008594 -0.005800
v 0.001752 0.008553 -0.005818
v 0.001754 0.008553 -0.005826
v 0.001792 0.008594 -0.005809
v 0.001754 0.008553 -0.005826
v 0.001757 0.008553 -0.005834
v 0.001794 0.008594 -0.005814
v 0.001795 0.008594 -0.005819
v 0.001761 0.008553 -0.005842
v 0.001797 0.008594 -0.005823
v 0.001800 0.008594 -0.005827
v 0.001765 0.008553 -0.005850
v 0.001770 0.008553 -0.005857
v 0.001803 0.008594 -0.005831
v 0.001770 0.008553 -0.005857
v 0.001776 0.008553 -0.005864
v 0.001809 0.008594 -0.005837
v 0.001806 0.008594 -0.005834
v 0.001783 0.008553 -0.005870
v 0.001798 0.008553 -0.005879
v 0.001813 0.008594 -0.005840
v 0.001790 0.008553 -0.005875
v 0.001806 0.008553 -0.005883
v 0.001817 0.008594 -0.005843
v 0.001798 0.008553 -0.005879
v 0.001814 0.008553 -0.005886
v 0.001826 0.008594 -0.005846
v 0.001821 0.008594 -0.005845
v 0.001822 0.008553 -0.005888
v 0.001831 0.008553 -0.005890
v 0.001831 0.008594 -0.005848
v 0.001831 0.008553 -0.005890
v 0.001840 0.008553 -0.005890
v 0.001835 0.008594 -0.005848
v 0.001840 0.008594 -0.005848
v 0.001849 0.008553 -0.005890
v 0.001845 0.008594 -0.005848
v 0.001849 0.008594 -0.005848
v 0.001858 0.008553 -0.005888
v 0.001866 0.008553 -0.005886
v 0.001854 0.008594 -0.005846
v 0.001866 0.008553 -0.005886
v 0.001874 0.008553 -0.005883
v 0.001863 0.008594 -0.005843
v 0.001859 0.008594 -0.005845
v 0.001882 0.008553 -0.005879
v 0.001897 0.008553 -0.005870
v 0.001867 0.008594 -0.005840
v 0.001890 0.008553 -0.005875
v 0.001904 0.008553 -0.005864
v 0.001871 0.008594 -0.005837
v 0.001897 0.008553 -0.005870
v 0.001910 0.008553 -0.005857
v 0.001877 0.008594 -0.005831
v 0.001874 0.008594 -0.005834
v 0.001915 0.008553 -0.005850
v 0.001880 0.008594 -0.005827
v 0.001877 0.008594 -0.005831
v 0.001919 0.008553 -0.005842
v 0.001923 0.008553 -0.005834
v 0.001883 0.008594 -0.005823
v 0.001885 0.008594 -0.005819
v 0.001926 0.008553 -0.005826
v 0.001886 0.008594 -0.005814
v 0.001888 0.008594 -0.005800
v 0.001888 0.008594 -0.005805
v 0.001930 0.008553 -0.005809
v 0.001930 0.008553 -0.005809
v 0.001930 0.008553 -0.005800
v 0.001888 0.008594 -0.005800
v 0.001640 0.008603 -0.005236
v 0.001640 0.008603 -0.005236
v 0.001640 0.008553 -0.005236
v 0.001641 0.008603 -0.005232
v 0.001640 0.008603 -0.005236
v 0.001640 0.008553 -0.005236
v 0.001641 0.008553 -0.005232
v 0.001641 0.008603 -0.005232
v 0.001640 0.008553 -0.005236
v 0.001641 0.008553 -0.005232
v 0.001642 0.008603 -0.005228
v 0.001641 0.008603 -0.005232
v 0.001641 0.008553 -0.005232
v 0.001642 0.008553 -0.005228
v 0.001642 0.008603 -0.005228
v 0.001642 0.008603 -0.005228
v 0.001642 0.008553 -0.005228
v 0.001643 0.008603 -0.005225
v 0.001643 0.008603 -0.005225
v 0.001642 0.008553 -0.005228
v 0.001643 0.008553 -0.005225
v 0.001645 0.008603 -0.005221
v 0.001643 0.008603 -0.005225
v 0.001643 0.008553 -0.005225
v 0.001645 0.008553 -0.005221
v 0.001645 0.008603 -0.005221
v 0.001643 0.008553 -0.005225
v 0.001645 0.008553 -0.005221
v 0.001647 0.008603 -0.005218
v 0.001645 0.008603 -0.005221
v 0.001645 0.008553 -0.005221
v 0.001647 0.008553 -0.005218
v 0.001647 0.008603 -0.005218
v 0.001647 0.008603 -0.005218
v 0.001647 0.008553 -0.005218
v 0.001649 0.008603 -0.005215
v 0.001649 0.008603 -0.005215
v 0.001647 0.008553 -0.005218
v 0.001649 0.008553 -0.005215
v 0.001655 0.008553 -0.005209
v 0.001658 0.008553 -0.005207
v 0.001658 0.008603 -0.005207
v 0.001658 0.008553 -0.005207
v 0.001661 0.008603 -0.005205
v 0.001658 0.008603 -0.005207
v 0.001676 0.008553 -0.005200
v 0.001676 0.008553 -0.005200
v 0.001676 0.008603 -0.005200
v 0.001672 0.008553 -0.005201
v 0.001676 0.008553 -0.005200
v 0.001676 0.008603 -0.005200
v 0.001672 0.008603 -0.005201
v 0.001672 0.008553 -0.005201
v 0.001676 0.008603 -0.005200
v 0.001672 0.008603 -0.005201
v 0.001668 0.008553 -0.005202
v 0.001672 0.008553 -0.005201
v 0.001672 0.008603 -0.005201
v 0.001668 0.008603 -0.005202
v 0.001668 0.008553 -0.005202
v 0.001668 0.008553 -0.005202
v 0.001668 0.008603 -0.005202
v 0.001665 0.008553 -0.005203
v 0.001665 0.008553 -0.005203
v 0.001668 0.008603 -0.005202
v 0.001665 0.008603 -0.005203
v 0.001661 0.008553 -0.005205
v 0.001665 0.008553 -0.005203
v 0.001665 0.008603 -0.005203
v 0.001661 0.008603 -0.005205
v 0.001661 0.008553 -0.005205
v 0.001665 0.008603 -0.005203
v 0.001661 0.008603 -0.005205
v 0.001658 0.008553 -0.005207
v 0.001661 0.008553 -0.005205
v 0.001658 0.008603 -0.005207
v 0.001655 0.008603 -0.005209
v 0.001655 0.008553 -0.005209
v 0.001655 0.008553 -0.005209
v 0.001655 0.008603 -0.005209
v 0.001652 0.008553 -0.005212
v 0.001652 0.008553 -0.005212
v 0.001655 0.008603 -0.005209
v 0.001652 0.008603 -0.005212
v 0.001649 0.008553 -0.005215
v 0.001652 0.008553 -0.005212
v 0.001652 0.008603 -0.005212
v 0.001649 0.008553 -0.005215
v 0.001652 0.008603 -0.005212
v 0.001649 0.008603 -0.005215
v 0.002004 0.008603 -0.005200
v 0.002004 0.008603 -0.005200
v 0.002004 0.008553 -0.005200
v 0.002008 0.008603 -0.005201
v 0.002008 0.008603 -0.005201
v 0.002004 0.008553 -0.005200
v 0.002008 0.008553 -0.005201
v 0.002012 0.008603 -0.005202
v 0.002008 0.008553 -0.005201
v 0.002012 0.008553 -0.005202
v 0.002015 0.008603 -0.005203
v 0.002012 0.008603 -0.005202
v 0.002012 0.008553 -0.005202
v 0.002019 0.008603 -0.005205
v 0.002015 0.008603 -0.005203
v 0.002015 0.008553 -0.005203
v 0.002022 0.008603 -0.005207
v 0.002019 0.008603 -0.005205
v 0.002019 0.008553 -0.005205
v 0.002022 0.008553 -0.005207
v 0.002022 0.008603 -0.005207
v 0.002019 0.008553 -0.005205
v 0.002025 0.008553 -0.005209
v 0.002025 0.008603 -0.005209
v 0.002022 0.008553 -0.005207
v 0.002025 0.008553 -0.005209
v 0.002028 0.008603 -0.005212
v 0.002025 0.008603 -0.005209
v 0.002028 0.008553 -0.005212
v 0.002031 0.008603 -0.005215
v 0.002028 0.008603 -0.005212
v 0.002028 0.008553 -0.005212
v 0.002031 0.008553 -0.005215
v 0.002031 0.008603 -0.005215
v 0.002031 0.008553 -0.005215
v 0.002033 0.008553 -0.005218
v 0.002033 0.008603 -0.005218
v 0.002033 0.008603 -0.005218
v 0.002033 0.008553 -0.005218
v 0.002035 0.008603 -0.005221
v 0.002035 0.008603 -0.005221
v 0.002035 0.008553 -0.005221
v 0.002037 0.008603 -0.005225
v 0.002037 0.008603 -0.005225
v 0.002035 0.008553 -0.005221
v 0.002037 0.008553 -0.005225
v 0.002040 0.008553 -0.005236
v 0.002040 0.008603 -0.005236
v 0.002040 0.008553 -0.005236
v 0.002040 0.008603 -0.005236
v 0.002039 0.008553 -0.005232
v 0.002040 0.008553 -0.005236
v 0.002040 0.008603 -0.005236
v 0.002039 0.008603 -0.005232
v 0.002039 0.008553 -0.005232
v 0.002039 0.008553 -0.005232
v 0.002039 0.008603 -0.005232
v 0.002038 0.008553 -0.005228
v 0.002038 0.008553 -0.005228
v 0.002039 0.008603 -0.005232
v 0.002038 0.008603 -0.005228
v 0.002037 0.008553 -0.005225
v 0.002038 0.008553 -0.005228
v 0.002038 0.008603 -0.005228
v 0.002037 0.008603 -0.005225
v 0.002037 0.008553 -0.005225
v 0.002038 0.008603 -0.005228
v 0.002033 0.008553 -0.005218
v 0.002035 0.008553 -0.005221
v 0.002035 0.008603 -0.005221
v 0.002031 0.008553 -0.005215
v 0.002033 0.008603 -0.005218
v 0.002031 0.008603 -0.005215
v 0.002028 0.008553 -0.005212
v 0.002028 0.008603 -0.005212
v 0.002025 0.008553 -0.005209
v 0.002025 0.008603 -0.005209
v 0.002022 0.008603 -0.005207
v 0.002022 0.008553 -0.005207
v 0.002019 0.008603 -0.005205
v 0.002015 0.008553 -0.005203
v 0.002019 0.008553 -0.005205
v 0.002015 0.008603 -0.005203
v 0.002012 0.008553 -0.005202
v 0.002015 0.008553 -0.005203
v 0.002004 0.008553 -0.005200
v 0.002004 0.008603 -0.005200
v 0.002008 0.008553 -0.005201
v 0.002012 0.008603 -0.005202
v 0.002008 0.008603 -0.005201
v 0.002040 0.008603 -0.005964
v 0.002040 0.008603 -0.005964
v 0.002040 0.008553 -0.005964
v 0.002039 0.008603 -0.005968
v 0.002040 0.008603 -0.005964
v 0.002040 0.008553 -0.005964
v 0.002039 0.008553 -0.005968
v 0.002039 0.008603 -0.005968
v 0.002040 0.008553 -0.005964
v 0.002039 0.008553 -0.005968
v 0.002038 0.008603 -0.005972
v 0.002039 0.008603 -0.005968
v 0.002039 0.008553 -0.005968
v 0.002038 0.008553 -0.005972
v 0.002038 0.008603 -0.005972
v 0.002038 0.008603 -0.005972
v 0.002038 0.008553 -0.005972
v 0.002037 0.008603 -0.005975
v 0.002037 0.008603 -0.005975
v 0.002038 0.008553 -0.005972
v 0.002037 0.008553 -0.005975
v 0.002035 0.008603 -0.005979
v 0.002037 0.008603 -0.005975
v 0.002037 0.008553 -0.005975
v 0.002035 0.008553 -0.005979
v 0.002035 0.008603 -0.005979
v 0.002037 0.008553 -0.005975
v 0.002035 0.008553 -0.005979
v 0.002033 0.008603 -0.005982
v 0.002035 0.008603 -0.005979
v 0.002035 0.008553 -0.005979
v 0.002033 0.008553 -0.005982
v 0.002033 0.008603 -0.005982
v 0.002033 0.008603 -0.005982
v 0.002033 0.008553 -0.005982
v 0.002031 0.008603 -0.005985
v 0.002031 0.008603 -0.005985
v 0.002033 0.008553 -0.005982
v 0.002031 0.008553 -0.005985
v 0.002028 0.008603 -0.005988
v 0.002031 0.008603 -0.005985
v 0.002031 0.008553 -0.005985
v 0.002028 0.008553 -0.005988
v 0.002028 0.008603 -0.005988
v 0.002031 0.008553 -0.005985
v 0.002004 0.008553 -0.006000
v 0.002004 0.008603 -0.006000
v 0.002004 0.008553 -0.006000
v 0.002004 0.008603 -0.006000
v 0.002008 0.008553 -0.005999
v 0.002004 0.008553 -0.006000
v 0.002004 0.008603 -0.006000
v 0.002008 0.008603 -0.005999
v 0.002008 0.008553 -0.005999
v 0.002008 0.008553 -0.005999
v 0.002008 0.008603 -0.005999
v 0.002012 0.008553 -0.005998
v 0.002012 0.008553 -0.005998
v 0.002008 0.008603 -0.005999
v 0.002012 0.008603 -0.005998
v 0.002015 0.008553 -0.005997
v 0.002012 0.008553 -0.005998
v 0.002012 0.008603 -0.005998
v 0.002015 0.008603 -0.005997
v 0.002015 0.008553 -0.005997
v 0.002012 0.008603 -0.005998
v 0.002015 0.008603 -0.005997
v 0.002019 0.008553 -0.005995
v 0.002015 0.008553 -0.005997
v 0.002015 0.008603 -0.005997
v 0.002019 0.008603 -0.005995
v 0.002019 0.008553 -0.005995
v 0.002019 0.008553 -0.005995
v 0.002019 0.008603 -0.005995
v 0.002022 0.008553 -0.005993
v 0.002022 0.008553 -0.005993
v 0.002019 0.008603 -0.005995
v 0.002022 0.008603 -0.005993
v 0.002025 0.008553 -0.005991
v 0.002022 0.008553 -0.005993
v 0.002022 0.008603 -0.005993
v 0.002025 0.008603 -0.005991
v 0.002025 0.008553 -0.005991
v 0.002022 0.008603 -0.005993
v 0.002025 0.008603 -0.005991
v 0.002028 0.008553 -0.005988
v 0.002025 0.008553 -0.005991
v 0.002028 0.008603 -0.005988
v 0.002028 0.008553 -0.005988
v 0.002025 0.008603 -0.005991
v 0.001676 0.008603 -0.006000
v 0.001676 0.008603 -0.006000
v 0.001676 0.008553 -0.006000
v 0.001672 0.008603 -0.005999
v 0.001676 0.008603 -0.006000
v 0.001676 0.008553 -0.006000
v 0.001672 0.008553 -0.005999
v 0.001672 0.008603 -0.005999
v 0.001676 0.008553 -0.006000
v 0.001672 0.008553 -0.005999
v 0.001668 0.008603 -0.005998
v 0.001672 0.008603 -0.005999
v 0.001672 0.008553 -0.005999
v 0.001668 0.008553 -0.005998
v 0.001668 0.008603 -0.005998
v 0.001668 0.008603 -0.005998
v 0.001668 0.008553 -0.005998
v 0.001665 0.008603 -0.005997
v 0.001665 0.008603 -0.005997
v 0.001668 0.008553 -0.005998
v 0.001665 0.008553 -0.005997
v 0.001661 0.008603 -0.005995
v 0.001665 0.008603 -0.005997
v 0.001665 0.008553 -0.005997
v 0.001661 0.008553 -0.005995
v 0.001661 0.008603 -0.005995
v 0.001665 0.008553 -0.005997
v 0.001661 0.008553 -0.005995
v 0.001658 0.008603 -0.005993
v 0.001661 0.008603 -0.005995
v 0.001661 0.008553 -0.005995
v 0.001658 0.008553 -0.005993
v 0.001658 0.008603 -0.005993
v 0.001658 0.008603 -0.005993
v 0.001658 0.008553 -0.005993
v 0.001655 0.008603 -0.005991
v 0.001655 0.008603 -0.005991
v 0.001658 0.008553 -0.005993
v 0.001655 0.008553 -0.005991
v 0.001652 0.008603 -0.005988
v 0.001655 0.008603 -0.005991
v 0.001655 0.008553 -0.005991
v 0.001652 0.008553 -0.005988
v 0.001652 0.008603 -0.005988
v 0.001655 0.008553 -0.005991
v 0.001652 0.008553 -0.005988
v 0.001649 0.008603 -0.005985
v 0.001652 0.008603 -0.005988
v 0.001640 0.008553 -0.005964
v 0.001640 0.008603 -0.005964
v 0.001640 0.008553 -0.005964
v 0.001640 0.008603 -0.005964
v 0.001641 0.008553 -0.005968
v 0.001640 0.008553 -0.005964
v 0.001640 0.008603 -0.005964
v 0.001641 0.008603 -0.005968
v 0.001641 0.008553 -0.005968
v 0.001641 0.008553 -0.005968
v 0.001641 0.008603 -0.005968
v 0.001642 0.008553 -0.005972
v 0.001642 0.008553 -0.005972
v 0.001641 0.008603 -0.005968
v 0.001642 0.008603 -0.005972
v 0.001643 0.008553 -0.005975
v 0.001642 0.008553 -0.005972
v 0.001642 0.008603 -0.005972
v 0.001643 0.008603 -0.005975
v 0.001643 0.008553 -0.005975
v 0.001642 0.008603 -0.005972
v 0.001643 0.008603 -0.005975
v 0.001645 0.008553 -0.005979
v 0.001643 0.008553 -0.005975
v 0.001643 0.008603 -0.005975
v 0.001645 0.008603 -0.005979
v 0.001645 0.008553 -0.005979
v 0.001645 0.008553 -0.005979
v 0.001645 0.008603 -0.005979
v 0.001647 0.008553 -0.005982
v 0.001647 0.008553 -0.005982
v 0.001645 0.008603 -0.005979
v 0.001647 0.008603 -0.005982
v 0.001649 0.008553 -0.005985
v 0.001647 0.008553 -0.005982
v 0.001647 0.008603 -0.005982
v 0.001649 0.008603 -0.005985
v 0.001649 0.008553 -0.005985
v 0.001647 0.008603 -0.005982
v 0.001649 0.008603 -0.005985
v 0.001652 0.008553 -0.005988
v 0.001649 0.008553 -0.005985
vn -0.0000 -0.0000 1.0000
vn -1.0000 -0.0000 -0.0000
vn -0.0000 -0.0000 -1.0000
vn 1.0000 -0.0000 -0.0000
vn -0.0000 -1.0000 -0.0000
vn -0.0000 -1.0000 0.0002
vn -0.0000 -1.0000 -0.0001
vn -0.0000 -1.0000 0.0001
vn -0.0000 -1.0000 -0.0002
vn -0.0000 1.0000 -0.0000
vn -0.0000 1.0000 0.0002
vn -0.0000 1.0000 -0.0001
vn -0.0000 1.0000 -0.0002
vn -0.0000 1.0000 0.0001
vn -0.0000 1.0000 -0.0003
vn 0.9892 -0.0000 -0.1467
vn 0.9569 -0.0000 -0.2903
vn 0.9808 -0.0000 -0.1951
vn 0.9808 -0.0000 -0.1952
vn 0.9040 -0.0000 -0.4276
vn 0.8819 -0.0000 -0.4714
vn 0.9239 -0.0000 -0.3827
vn 0.8315 -0.0000 -0.5556
vn 0.7409 -0.0000 -0.6716
vn 0.7071 -0.0000 -0.7071
vn 0.7730 -0.0000 -0.6344
vn 0.6344 -0.0000 -0.7730
vn 0.5556 -0.0000 -0.8315
vn 0.5141 -0.0000 -0.8577
vn 0.4714 -0.0000 -0.8819
vn 0.3827 -0.0000 -0.9239
vn 0.2903 -0.0000 -0.9569
vn 0.2430 -0.0000 -0.9700
vn 0.1951 -0.0000 -0.9808
vn 0.0980 -0.0000 -0.9952
vn -0.0001 -0.0000 -1.0000
vn -0.0491 -0.0000 -0.9988
vn -0.0980 -0.0000 -0.9952
vn -0.1951 -0.0000 -0.9808
vn -0.2903 -0.0000 -0.9569
vn -0.3369 -0.0000 -0.9416
vn -0.3827 -0.0000 -0.9239
vn -0.4714 -0.0000 -0.8819
vn -0.5957 -0.0000 -0.8032
vn -0.5556 -0.0000 -0.8315
vn -0.6344 -0.0000 -0.7730
vn -0.7071 -0.0000 -0.7072
vn -0.7072 -0.0000 -0.7070
vn -0.8032 -0.0000 -0.5957
vn -0.7730 -0.0000 -0.6344
vn -0.8819 -0.0000 -0.4714
vn -0.8315 -0.0000 -0.5556
vn -0.9239 -0.0000 -0.3827
vn -0.9415 -0.0000 -0.3369
vn -0.9808 -0.0000 -0.1951
vn -0.9569 -0.0000 -0.2903
vn -0.9808 -0.0000 -0.1950
vn -0.9952 -0.0000 -0.0980
vn -0.9988 -0.0000 -0.0491
vn -0.9952 -0.0000 0.0980
vn -0.9239 -0.0000 0.3827
vn -0.9569 -0.0000 0.2903
vn -0.8577 -0.0000 0.5141
vn -0.8315 -0.0000 0.5556
vn -0.8819 -0.0000 0.4714
vn -0.7730 -0.0000 0.6344
vn -0.7071 -0.0000 0.7071
vn -0.6715 -0.0000 0.7410
vn -0.5556 -0.0000 0.8315
vn -0.6344 -0.0000 0.7730
vn -0.4276 -0.0000 0.9040
vn -0.4714 -0.0000 0.8819
vn -0.3826 -0.0000 0.9239
vn -0.2903 -0.0000 0.9569
vn -0.1468 -0.0000 0.9892
vn -0.1951 -0.0000 0.9808
vn -0.1466 -0.0000 0.9892
vn -0.0980 -0.0000 0.9952
vn 0.0980 -0.0000 0.9952
vn 0.1950 -0.0000 0.9808
vn 0.1951 -0.0000 0.9808
vn 0.2903 -0.0000 0.9569
vn 0.3826 -0.0000 0.9239
vn 0.4714 -0.0000 0.8819
vn 0.5556 -0.0000 0.8315
vn 0.6344 -0.0000 0.7730
vn 0.7071 -0.0000 0.7071
vn 0.7730 -0.0000 0.6344
vn 0.8819 -0.0000 0.4714
vn 0.8315 -0.0000 0.5556
vn 0.9239 -0.0000 0.3827
vn 0.9569 -0.0000 0.2903
vn 0.9808 -0.0000 0.1951
vn 0.9808 -0.0000 0.1952
vn 0.9952 -0.0000 0.0980
vn 0.9808 -0.0000 0.1950
vn 0.9892 -0.0000 -0.1466
vn 0.9808 -0.0000 -0.1950
vn 0.9952 -0.0000 -0.0980
vn 0.7072 -0.0000 0.7070
vn 0.3827 -0.0000 0.9239
vn -0.1950 -0.0000 0.9808
vn -0.4275 -0.0000 0.9040
vn -0.3827 -0.0000 0.9239
vn -0.6716 -0.0000 0.7409
vn -0.8314 -0.0000 0.5556
vn -0.9700 -0.0000 0.2430
vn -0.9808 -0.0000 0.1951
vn -0.9808 -0.0000 0.1950
vn -0.9988 -0.0000 -0.0490
vn -0.9808 -0.0000 -0.1952
vn -0.9239 -0.0000 -0.3826
vn -0.7071 -0.0000 -0.7071
vn -0.5557 -0.0000 -0.8314
vn -0.3369 -0.0000 -0.9415
vn -0.1950 -0.0000 -0.9808
vn -0.0490 -0.0000 -0.9988
vn 0.1950 -0.0000 -0.9808
vn 0.1952 -0.0000 -0.9808
vn 0.3826 -0.0000 -0.9239
vn 0.5142 -0.0000 -0.8577
vn 0.7410 -0.0000 -0.6715
vn 0.9040 -0.0000 -0.4275
vn 0.9239 -0.0000 -0.3826
vn 1.0000 -0.0000 -0.0001
vn 1.0000 -0.0000 0.0001
vn -0.7037 -0.7071 0.0693
vn -0.6935 -0.7071 0.1379
vn -0.6935 -0.7071 0.1380
vn -0.6767 -0.7071 0.2052
vn -0.6533 -0.7071 0.2706
vn -0.6767 -0.7071 0.2053
vn -0.6236 -0.7071 0.3333
vn -0.5879 -0.7071 0.3928
vn -0.5466 -0.7071 0.4486
vn -0.5879 -0.7071 0.3929
vn -0.5000 -0.7071 0.5000
vn -0.4486 -0.7071 0.5466
vn -0.3929 -0.7071 0.5879
vn -0.3928 -0.7071 0.5879
vn -0.3333 -0.7071 0.6236
vn -0.2706 -0.7071 0.6533
vn -0.2053 -0.7071 0.6767
vn -0.2705 -0.7071 0.6533
vn -0.2052 -0.7071 0.6767
vn -0.1380 -0.7071 0.6935
vn -0.1379 -0.7071 0.6935
vn -0.0693 -0.7071 0.7037
vn -0.0000 -0.7071 0.7071
vn 0.0693 -0.7071 0.7037
vn 0.1379 -0.7071 0.6935
vn 0.2052 -0.7071 0.6767
vn 0.1380 -0.7071 0.6935
vn 0.2706 -0.7071 0.6533
vn 0.2053 -0.7071 0.6767
vn 0.3333 -0.7071 0.6236
vn 0.3928 -0.7071 0.5879
vn 0.3929 -0.7071 0.5879
vn 0.4486 -0.7071 0.5466
vn 0.5000 -0.7071 0.5000
vn 0.5466 -0.7071 0.4486
vn 0.4999 -0.7071 0.5001
vn 0.5879 -0.7071 0.3929
vn 0.5879 -0.7071 0.3928
vn 0.6236 -0.7071 0.3333
vn 0.6533 -0.7071 0.2706
vn 0.6767 -0.7071 0.2053
vn 0.6935 -0.7071 0.1380
vn 0.6767 -0.7071 0.2052
vn 0.7037 -0.7071 0.0693
vn 0.6935 -0.7071 0.1379
vn 0.7071 -0.7071 -0.0000
vn 0.7037 -0.7071 -0.0693
vn 0.6935 -0.7071 -0.1379
vn 0.6935 -0.7071 -0.1380
vn 0.6767 -0.7071 -0.2052
vn 0.6767 -0.7071 -0.2053
vn 0.6533 -0.7071 -0.2706
vn 0.6236 -0.7071 -0.3333
vn 0.5879 -0.7071 -0.3928
vn 0.5879 -0.7071 -0.3929
vn 0.5466 -0.7071 -0.4486
vn 0.5000 -0.7071 -0.5000
vn 0.4486 -0.7071 -0.5466
vn 0.3929 -0.7071 -0.5879
vn 0.3333 -0.7071 -0.6236
vn 0.3928 -0.7071 -0.5879
vn 0.2706 -0.7071 -0.6533
vn 0.1381 -0.7071 -0.6935
vn 0.2052 -0.7071 -0.6767
vn 0.0693 -0.7071 -0.7037
vn -0.0000 -0.7071 -0.7071
vn -0.0693 -0.7071 -0.7037
vn -0.1379 -0.7071 -0.6935
vn -0.2706 -0.7071 -0.6533
vn -0.2053 -0.7071 -0.6767
vn -0.3333 -0.7071 -0.6236
vn -0.3928 -0.7071 -0.5879
vn -0.4486 -0.7071 -0.5466
vn -0.5000 -0.7071 -0.5000
vn -0.6236 -0.7071 -0.3333
vn -0.6533 -0.7071 -0.2706
vn -0.6767 -0.7071 -0.2053
vn -0.7037 -0.7071 -0.0693
vn -0.6935 -0.7071 -0.1379
vn -0.5879 -0.7071 -0.3929
vn -0.5466 -0.7071 -0.4486
vn -0.7071 -0.7071 -0.0000
vn -0.6935 -0.7071 -0.1380
vn -0.6767 -0.7071 -0.2052
vn -0.5879 -0.7071 -0.3928
vn -0.3929 -0.7071 -0.5879
vn -0.1380 -0.7071 -0.6935
vn -0.2052 -0.7071 -0.6767
vn 0.1379 -0.7071 -0.6935
vn 0.1380 -0.7071 -0.6935
vn 0.2053 -0.7071 -0.6767
vn 0.3928 -0.7071 0.5880
vn 0.7072 -0.0000 -0.7070
vn -0.7072 -0.0000 -0.7071
vn -0.9416 -0.0000 -0.3369
vn -0.9239 -0.0000 0.3826
vn -0.1467 -0.0000 0.9892
vn 0.9239 -0.0000 0.3826
vn 0.9569 -0.0000 0.2904
vn 0.5556 -0.0000 0.8314
vn 0.4715 -0.0000 -0.8819
vn 0.5556 -0.0000 -0.8314
vn -0.6935 -0.7071 0.1381
vn -0.4999 -0.7071 0.5001
vn 0.5002 -0.7071 0.4998
vn -0.5001 -0.7071 -0.4999
vn 0.2053 -0.7071 0.6766
vn 0.2705 -0.7071 0.6533
vn -0.8315 -0.0000 0.5555
vn -0.5555 -0.0000 0.8315
vn -0.0981 -0.0000 0.9952
vn -0.5554 -0.0000 0.8316
vn -0.7070 -0.0000 0.7072
vn 0.5555 -0.0000 0.8315
vn 0.7070 -0.0000 0.7072
vn 0.8315 -0.0000 0.5555
vn 0.8316 -0.0000 0.5554
vn 0.9952 -0.0000 0.0981
vn 0.8314 -0.0000 0.5556
vn 0.8819 -0.0000 -0.4715
vn 0.8316 -0.0000 -0.5554
vn 0.8315 -0.0000 -0.5555
vn 0.7070 -0.0000 -0.7072
vn 0.5555 -0.0000 -0.8315
vn -0.0981 -0.0000 -0.9952
vn -0.5555 -0.0000 -0.8315
vn -0.8315 -0.0000 -0.5555
vn -0.8314 -0.0000 -0.5556
vn -0.7070 -0.0000 -0.7072
s 1
usemtl Diffuse_51_51_51_100.018
f 1//1 2//1 3//1
f 2//1 4//1 3//1
f 5//2 6//2 7//2
f 6//2 8//2 7//2
f 9//3 10//3 11//3
f 10//3 12//3 11//3
f 13//4 14//4 15//4
f 14//4 16//4 15//4
f 17//5 18//5 19//5
f 20//5 17//5 21//5
f 22//5 20//5 23//5
f 24//5 22//5 25//5
f 26//5 24//5 27//5
f 28//5 26//5 29//5
f 30//5 28//5 31//5
f 32//5 30//5 33//5
f 34//5 32//5 35//5
f 36//5 34//5 37//5
f 38//5 36//5 39//5
f 40//5 38//5 41//5
f 42//5 40//5 43//5
f 44//5 42//5 45//5
f 46//5 47//5 48//5
f 49//5 44//5 50//5
f 51//5 52//5 53//5
f 54//6 55//6 53//6
f 56//5 57//5 54//5
f 56//5 58//5 59//5
f 60//7 61//7 62//7
f 63//5 64//5 62//5
f 63//5 65//5 66//5
f 67//5 68//5 69//5
f 70//5 65//5 71//5
f 69//5 72//5 73//5
f 74//5 75//5 76//5
f 77//5 74//5 78//5
f 79//5 77//5 80//5
f 81//5 82//5 83//5
f 84//5 85//5 86//5
f 87//8 88//8 89//8
f 90//5 89//5 91//5
f 92//5 89//5 93//5
f 94//8 95//8 93//8
f 94//6 96//6 97//6
f 98//5 96//5 99//5
f 100//5 101//5 99//5
f 100//9 102//9 103//9
f 104//9 102//9 105//9
f 106//6 107//6 105//6
f 108//5 109//5 110//5
f 106//5 111//5 112//5
f 113//7 114//7 109//7
f 115//5 116//5 117//5
f 117//5 118//5 119//5
f 120//7 121//7 122//7
f 123//7 124//7 125//7
f 126//8 127//8 124//8
f 128//5 129//5 130//5
f 131//5 132//5 130//5
f 133//6 134//6 131//6
f 133//5 135//5 136//5
f 137//8 138//8 139//8
f 140//5 141//5 139//5
f 140//5 142//5 143//5
f 144//5 145//5 146//5
f 147//5 142//5 148//5
f 146//5 149//5 150//5
f 151//5 152//5 153//5
f 154//8 151//8 155//8
f 156//5 154//5 157//5
f 158//5 159//5 160//5
f 161//9 162//9 163//9
f 164//7 165//7 166//7
f 167//8 168//8 169//8
f 170//5 171//5 166//5
f 172//6 173//6 174//6
f 172//5 175//5 176//5
f 174//7 177//7 178//7
f 178//9 179//9 180//9
f 180//5 181//5 182//5
f 182//6 183//6 184//6
f 184//5 185//5 186//5
f 186//5 187//5 71//5
f 73//5 188//5 189//5
f 83//5 190//5 86//5
f 191//5 192//5 193//5
f 191//5 194//5 195//5
f 196//6 194//6 197//6
f 85//5 198//5 197//5
f 199//7 81//7 79//7
f 75//5 189//5 200//5
f 71//5 201//5 202//5
f 61//5 203//5 58//5
f 53//5 204//5 205//5
f 205//9 206//9 207//9
f 207//5 208//5 209//5
f 210//5 211//5 212//5
f 213//7 211//7 214//7
f 215//5 210//5 216//5
f 48//5 215//5 217//5
f 218//5 48//5 219//5
f 220//5 218//5 221//5
f 222//6 220//6 223//6
f 224//5 222//5 225//5
f 226//9 224//9 227//9
f 209//5 228//5 214//5
f 229//7 230//7 231//7
f 232//5 233//5 230//5
f 234//5 169//5 233//5
f 235//5 236//5 168//5
f 237//5 238//5 239//5
f 239//5 238//5 166//5
f 240//5 237//5 239//5
f 240//5 241//5 237//5
f 240//5 242//5 241//5
f 242//5 243//5 244//5
f 244//5 243//5 245//5
f 245//5 243//5 246//5
f 247//5 246//5 248//5
f 249//5 247//5 248//5
f 250//5 249//5 251//5
f 252//5 250//5 251//5
f 252//5 253//5 250//5
f 253//5 254//5 255//5
f 255//5 254//5 256//5
f 257//5 256//5 258//5
f 259//5 257//5 258//5
f 260//5 259//5 258//5
f 261//5 262//5 260//5
f 261//5 263//5 262//5
f 261//5 264//5 263//5
f 263//5 264//5 265//5
f 265//5 264//5 266//5
f 267//5 268//5 269//5
f 267//5 270//5 268//5
f 271//5 272//5 273//5
f 274//5 275//5 276//5
f 276//5 275//5 277//5
f 278//5 279//5 89//5
f 166//5 238//5 236//5
f 280//5 266//5 281//5
f 282//9 231//9 226//9
f 283//5 115//5 284//5
f 285//5 122//5 119//5
f 286//7 111//7 287//7
f 288//5 88//5 289//5
f 290//5 291//5 292//5
f 293//5 290//5 294//5
f 287//5 293//5 295//5
f 279//5 93//5 89//5
f 296//5 279//5 278//5
f 274//5 296//5 278//5
f 274//5 276//5 296//5
f 275//5 297//5 277//5
f 277//5 297//5 298//5
f 298//5 297//5 273//5
f 272//5 298//5 273//5
f 269//5 272//5 271//5
f 267//5 269//5 271//5
f 268//5 270//5 299//5
f 299//5 270//5 300//5
f 281//5 299//5 300//5
f 280//5 281//5 300//5
f 265//5 266//5 280//5
f 262//5 259//5 260//5
f 255//5 256//5 257//5
f 246//5 247//5 245//5
f 249//5 248//5 251//5
f 244//5 241//5 242//5
f 166//5 236//5 301//5
f 252//5 254//5 253//5
f 302//7 303//7 165//7
f 304//5 305//5 303//5
f 306//9 307//9 308//9
f 306//8 309//8 310//8
f 308//6 311//6 312//6
f 312//5 313//5 314//5
f 314//9 315//9 316//9
f 316//5 317//5 318//5
f 318//5 319//5 148//5
f 150//5 320//5 321//5
f 160//5 322//5 163//5
f 323//5 324//5 325//5
f 323//5 326//5 327//5
f 328//5 326//5 329//5
f 329//5 162//5 330//5
f 156//5 331//5 158//5
f 152//5 321//5 332//5
f 148//5 333//5 334//5
f 138//5 335//5 135//5
f 130//9 336//9 337//9
f 337//5 338//5 339//5
f 340//5 309//5 305//5
f 341//5 342//5 343//5
f 341//5 127//5 344//5
f 343//5 345//5 290//5
f 114//5 346//5 284//5
f 347//5 348//5 349//5
f 350//5 351//5 352//5
f 350//5 353//5 354//5
f 355//5 353//5 356//5
f 357//5 358//5 356//5
f 359//5 357//5 349//5
f 347//5 121//5 360//5
f 288//5 361//5 175//5
f 362//8 125//8 339//8
f 363//10 364//10 365//10
f 363//10 366//10 367//10
f 368//11 369//11 367//11
f 370//10 369//10 371//10
f 370//10 372//10 373//10
f 374//12 375//12 373//12
f 376//13 377//13 378//13
f 376//10 379//10 380//10
f 381//10 382//10 380//10
f 383//12 384//12 385//12
f 386//10 387//10 388//10
f 389//11 385//11 390//11
f 391//12 390//12 392//12
f 393//10 394//10 395//10
f 396//10 397//10 393//10
f 398//10 399//10 396//10
f 400//12 401//12 402//12
f 403//10 404//10 401//10
f 405//10 406//10 401//10
f 407//10 406//10 408//10
f 407//10 409//10 410//10
f 411//10 412//10 410//10
f 413//10 412//10 414//10
f 413//10 415//10 416//10
f 417//10 418//10 416//10
f 419//10 420//10 421//10
f 419//10 422//10 423//10
f 424//10 425//10 423//10
f 426//13 427//13 428//13
f 429//10 427//10 430//10
f 431//10 428//10 432//10
f 433//10 434//10 435//10
f 436//12 437//12 438//12
f 439//10 440//10 441//10
f 442//10 440//10 443//10
f 444//10 442//10 445//10
f 444//11 446//11 447//11
f 448//12 449//12 447//12
f 450//10 449//10 451//10
f 450//10 452//10 453//10
f 454//10 455//10 456//10
f 455//10 457//10 458//10
f 459//10 460//10 461//10
f 462//11 463//11 461//11
f 464//10 465//10 459//10
f 466//10 467//10 464//10
f 468//11 469//11 470//11
f 471//11 470//11 472//11
f 473//14 474//14 475//14
f 476//10 477//10 474//10
f 478//10 479//10 474//10
f 480//10 479//10 481//10
f 482//10 483//10 484//10
f 485//10 486//10 484//10
f 487//10 486//10 488//10
f 487//10 489//10 490//10
f 491//10 492//10 490//10
f 493//10 492//10 494//10
f 493//10 495//10 496//10
f 497//10 498//10 496//10
f 499//11 500//11 501//11
f 502//10 500//10 503//10
f 504//10 505//10 506//10
f 507//10 508//10 509//10
f 510//14 511//14 512//14
f 513//10 514//10 515//10
f 513//10 516//10 517//10
f 514//10 518//10 515//10
f 519//10 520//10 518//10
f 521//10 520//10 519//10
f 522//10 523//10 521//10
f 524//10 523//10 522//10
f 522//10 525//10 524//10
f 525//10 526//10 527//10
f 528//13 529//13 509//13
f 506//10 530//10 501//10
f 531//10 532//10 533//10
f 531//10 534//10 535//10
f 532//13 536//13 537//13
f 536//10 538//10 539//10
f 538//13 540//13 541//13
f 540//10 450//10 542//10
f 543//12 475//12 535//12
f 457//10 463//10 544//10
f 545//15 469//15 546//15
f 526//10 479//10 527//10
f 547//10 548//10 549//10
f 550//10 551//10 549//10
f 552//12 551//12 553//12
f 552//10 554//10 472//10
f 466//10 545//10 555//10
f 440//11 437//11 556//11
f 557//10 438//10 558//10
f 559//10 423//10 560//10
f 559//10 561//10 562//10
f 432//10 563//10 564//10
f 565//10 566//10 567//10
f 568//10 569//10 570//10
f 568//10 571//10 572//10
f 566//10 572//10 573//10
f 574//15 575//15 565//15
f 576//10 575//10 577//10
f 576//10 578//10 435//10
f 579//14 580//14 434//14
f 429//10 581//10 582//10
f 583//10 401//10 584//10
f 401//10 406//10 584//10
f 583//10 584//10 585//10
f 583//10 585//10 586//10
f 583//10 586//10 587//10
f 587//10 588//10 589//10
f 588//10 590//10 589//10
f 590//10 591//10 589//10
f 591//10 592//10 589//10
f 593//10 592//10 591//10
f 594//10 592//10 593//10
f 420//10 418//10 595//10
f 513//10 515//10 516//10
f 511//13 596//13 363//13
f 375//11 597//11 377//11
f 512//10 598//10 599//10
f 598//10 600//10 601//10
f 600//10 496//10 602//10
f 603//10 502//10 604//10
f 605//10 529//10 606//10
f 607//10 608//10 609//10
f 608//10 610//10 611//10
f 612//10 613//10 607//10
f 613//10 614//10 615//10
f 616//10 617//10 615//10
f 507//10 617//10 618//10
f 504//10 605//10 619//10
f 480//10 620//10 482//10
f 479//10 526//10 474//10
f 527//10 524//10 525//10
f 521//10 523//10 520//10
f 514//10 519//10 518//10
f 621//10 558//10 562//10
f 517//10 516//10 622//10
f 517//10 622//10 623//10
f 622//10 624//10 623//10
f 625//10 624//10 626//10
f 625//10 626//10 594//10
f 588//10 587//10 586//10
f 627//10 594//10 593//10
f 628//14 563//14 580//14
f 629//10 630//10 402//10
f 631//14 629//14 632//14
f 633//12 632//12 634//12
f 635//12 636//12 637//12
f 635//10 638//10 639//10
f 636//15 640//15 641//15
f 640//11 642//11 643//11
f 642//10 644//10 645//10
f 644//10 380//10 646//10
f 386//10 384//10 647//10
f 392//10 395//10 648//10
f 649//10 650//10 651//10
f 652//10 653//10 654//10
f 652//10 655//10 656//10
f 657//10 658//10 656//10
f 398//10 649//10 659//10
f 625//10 594//10 627//10
f 626//10 624//10 622//10
f 660//10 634//10 639//10
f 658//14 661//14 650//14
f 662//16 663//17 664//18
f 665//17 666//17 664//19
f 667//20 668//21 669//22
f 670//23 671//23 668//21
f 672//24 673//25 674//26
f 675//27 676//27 673//25
f 677//28 678//27 679//29
f 680//30 681//29 682//31
f 683//32 684//31 685//33
f 686//34 687//33 688//35
f 689//35 690//35 691//3
f 691//36 692//37 693//38
f 694//39 695//39 696//40
f 696//40 697//41 698//42
f 698//42 699//43 700//43
f 701//43 702//44 703//45
f 704//46 705//47 706//47
f 707//48 708//49 709//50
f 710//49 711//51 712//52
f 713//51 714//53 715//51
f 716//54 717//55 718//56
f 719//57 720//58 721//57
f 722//59 723//2 720//58
f 724//60 725//60 723//2
f 726//61 727//61 728//62
f 729//63 730//64 731//65
f 732//66 733//67 734//66
f 735//68 736//69 737//70
f 738//69 739//71 740//72
f 741//73 742//74 743//74
f 744//74 745//75 746//76
f 747//77 748//1 749//78
f 750//1 751//79 752//1
f 753//79 754//80 755//80
f 755//81 756//82 757//82
f 757//82 758//83 759//83
f 760//84 761//84 762//85
f 763//85 764//85 765//86
f 766//86 767//86 768//87
f 769//87 770//87 771//88
f 772//89 773//89 774//90
f 775//91 776//91 773//89
f 777//92 778//92 776//91
f 779//93 780//94 778//92
f 781//95 782//95 780//96
f 783//97 664//98 784//99
f 785//88 786//88 787//90
f 782//95 788//95 789//4
f 780//96 790//96 791//95
f 778//92 792//92 793//94
f 776//91 794//91 795//92
f 773//89 796//89 797//91
f 774//90 798//90 799//89
f 785//88 800//90 774//90
f 769//87 801//88 785//88
f 766//86 802//100 769//100
f 763//85 803//86 766//86
f 760//84 804//85 763//85
f 759//101 805//84 760//84
f 806//101 807//84 759//101
f 808//82 809//83 757//82
f 810//81 811//82 755//81
f 812//79 813//80 753//79
f 814//79 753//79 752//1
f 815//1 752//1 749//78
f 816//77 749//78 746//102
f 817//74 746//76 743//74
f 818//103 819//74 741//104
f 820//71 741//104 740//72
f 821//69 740//72 822//69
f 823//69 822//69 737//70
f 824//105 737//70 733//67
f 825//105 733//67 826//66
f 827//66 734//66 730//64
f 828//66 730//106 829//63
f 830//63 731//65 831//61
f 731//65 727//61 832//61
f 833//61 728//62 834//107
f 835//108 836//60 837//107
f 835//108 838//107 728//62
f 725//60 839//60 835//109
f 723//2 840//110 841//60
f 720//58 842//57 843//59
f 721//111 718//56 844//111
f 718//56 714//112 845//54
f 714//53 846//51 847//54
f 715//51 712//52 848//51
f 712//52 709//50 849//49
f 709//50 706//113 850//113
f 851//47 704//46 852//44
f 704//46 703//114 853//44
f 703//45 700//43 854//43
f 855//43 698//42 856//115
f 857//41 696//40 858//39
f 859//116 694//116 693//38
f 860//116 693//38 861//37
f 862//117 691//3 863//35
f 864//35 689//35 686//118
f 865//33 686//119 683//32
f 866//120 683//32 867//120
f 868//31 867//31 680//30
f 869//121 680//30 677//28
f 870//27 677//28 676//27
f 871//24 872//27 673//25
f 873//23 874//122 674//26
f 875//23 674//26 671//23
f 876//20 877//23 668//21
f 878//17 879//123 669//22
f 880//17 669//124 666//17
f 784//99 881//125 882//125
f 881//126 782//95 883//126
f 784//99 884//4 885//16
f 886//127 887//128 888//127
f 889//129 890//130 891//129
f 892//130 893//130 894//129
f 895//131 896//131 897//132
f 898//133 899//131 900//131
f 901//134 902//133 903//133
f 904//134 905//133 906//134
f 907//135 908//136 909//135
f 910//137 911//135 912//137
f 913//137 914//137 915//138
f 916//138 917//138 918//139
f 919//140 920//140 921//141
f 922//140 923//141 924//141
f 925//141 926//142 927//142
f 928//142 929//143 930//144
f 931//145 932//146 933//145
f 934//147 935//148 936//147
f 937//148 938//148 939//147
f 940//149 941//149 942//148
f 943//150 944//149 945//149
f 946//151 947//150 948//150
f 949//152 950//153 951//153
f 952//152 953//153 954//152
f 955//154 956//155 957//154
f 958//154 959//154 960//156
f 961//156 962//156 963//157
f 964//158 965//158 966//159
f 967//158 968//159 969//159
f 970//159 971//160 972//160
f 973//160 974//161 975//162
f 976//161 977//163 978//161
f 979//164 980//165 981//164
f 982//165 983//165 984//164
f 985//166 986//166 987//165
f 988//167 989//166 990//166
f 991//168 992//169 993//169
f 994//170 995//171 996//171
f 997//170 998//171 999//170
f 1000//172 1001//170 1002//172
f 1003//172 1004//172 1005//173
f 1006//173 1007//173 1008//174
f 1009//175 1010//175 1011//176
f 1012//175 1013//176 1014//176
f 1015//177 1016//178 1017//178
f 1018//178 1019//179 1020//178
f 1021//179 1022//180 1023//179
f 1024//181 1025//182 1026//181
f 1027//182 1028//182 1029//181
f 1030//183 1031//183 1032//182
f 1033//184 1034//183 1035//183
f 1036//185 1037//184 1038//184
f 1039//186 1040//187 1041//187
f 1042//186 1043//186 1044//188
f 1045//189 1046//190 1047//190
f 1048//191 1049//192 1050//191
f 1051//193 1052//193 1053//194
f 1054//195 1055//196 1056//196
f 1057//197 1058//198 1059//197
f 1060//199 1061//199 1062//200
f 1063//201 1064//201 1065//202
f 1066//203 1067//202 1068//203
f 1069//204 1070//204 1071//205
f 1072//128 1073//128 1074//127
f 1075//206 1076//207 1077//207
f 1078//204 1079//208 1080//208
f 1081//204 1082//208 1083//204
f 1084//205 1085//204 1086//205
f 1087//209 1088//209 1089//210
f 1090//209 1091//210 1092//210
f 1093//203 1094//202 1095//202
f 1096//202 1097//201 1098//202
f 1099//201 1100//211 1101//201
f 1102//211 1103//211 1104//201
f 1105//207 1106//206 1107//206
f 1108//200 1109//207 1110//207
f 1111//200 1112//207 1113//200
f 1114//200 1115//200 1116//199
f 1117//199 1118//199 1119//212
f 1120//199 1121//212 1122//212
f 1123//198 1124//197 1125//198
f 1126//197 1127//195 1128//197
f 1129//195 1130//195 1131//197
f 1132//196 1133//195 1134//195
f 1135//213 1136//214 1137//214
f 1138//213 1139//214 1140//213
f 1141//194 1142//194 1143//193
f 1144//193 1145//193 1146//192
f 1147//193 1148//192 1149//192
f 1150//192 1151//191 1152//192
f 1153//191 1154//215 1155//191
f 1156//215 1157//215 1158//191
f 1159//190 1160//216 1161//216
f 1162//188 1163//217 1164//217
f 1165//188 1166//217 1167//188
f 1168//188 1169//188 1170//186
f 1171//186 1172//186 1173//187
f 1174//185 1175//184 1176//185
f 1177//184 1178//183 1179//184
f 1180//183 1181//182 1182//182
f 1183//180 1184//180 1185//179
f 1186//179 1187//179 1188//178
f 1189//177 1190//178 1191//177
f 1192//173 1193//174 1194//174
f 1195//172 1196//173 1197//173
f 1198//170 1199//170 1200//172
f 1201//168 1202//169 1203//168
f 1204//167 1205//166 1206//167
f 1207//166 1208//165 1209//165
f 1210//163 1211//163 1212//161
f 1213//161 1214//161 1215//160
f 1216//159 1217//160 1218//159
f 1219//156 1220//157 1221//218
f 1222//154 1223//156 1224//156
f 1225//155 1226//155 1227//154
f 1228//151 1229//150 1230//151
f 1231//150 1232//149 1233//150
f 1234//149 1235//148 1236//148
f 1237//146 1238//146 1239//145
f 1240//143 1241//143 1242//142
f 1243//141 1244//142 1245//141
f 1246//138 1247//139 1248//139
f 1249//137 1250//138 1251//138
f 1252//135 1253//135 1254//137
f 1255//136 1256//136 1257//135
f 1258//133 1259//131 1260//133
f 1261//131 1262//132 1263//132
f 1264//208 1265//127 1266//127
f 1267//127 1268//208 1269//208
f 1270//16 1271//17 1272//18
f 1273//17 1274//17 1272//18
f 1275//20 1276//21 1277//22
f 1278//23 1279//23 1276//21
f 1280//24 1281//25 1282//26
f 1283//27 1284//27 1281//219
f 1285//28 1286//27 1287//29
f 1288//30 1289//29 1290//31
f 1291//32 1292//31 1293//33
f 1294//34 1295//33 1296//35
f 1297//35 1298//35 1299//3
f 1299//3 1300//37 1301//38
f 1302//39 1303//39 1304//40
f 1304//40 1305//41 1306//42
f 1306//42 1307//43 1308//43
f 1309//43 1310//44 1311//45
f 1312//46 1313//220 1314//220
f 1315//47 1316//49 1317//50
f 1318//49 1319//51 1320//52
f 1321//51 1322//53 1323//51
f 1324//221 1325//55 1326//56
f 1327//57 1328//58 1329//57
f 1330//59 1331//2 1328//58
f 1332//60 1333//60 1331//2
f 1334//222 1335//222 1336//62
f 1337//63 1338//64 1339//65
f 1340//66 1341//67 1342//66
f 1343//68 1344//69 1345//70
f 1346//69 1347//71 1348//72
f 1349//73 1350//74 1351//74
f 1352//74 1353//223 1354//76
f 1355//77 1356//1 1357//78
f 1358//1 1359//79 1360//1
f 1361//79 1362//80 1363//80
f 1363//81 1364//82 1365//82
f 1365//82 1366//83 1367//83
f 1368//84 1369//84 1370//85
f 1371//85 1372//85 1373//86
f 1374//86 1375//86 1376//87
f 1377//87 1378//87 1379//88
f 1380//89 1381//89 1382//90
f 1383//91 1384//91 1381//89
f 1385//92 1386//92 1384//224
f 1387//94 1388//94 1386//225
f 1389//95 1390//95 1388//96
f 1391//97 1272//98 1392//99
f 1393//88 1394//88 1395//90
f 1390//95 1396//95 1397//4
f 1388//96 1398//96 1399//95
f 1386//225 1400//225 1401//94
f 1384//224 1402//224 1403//92
f 1381//89 1404//89 1405//91
f 1382//90 1406//90 1407//89
f 1393//88 1408//90 1382//90
f 1377//87 1409//88 1393//88
f 1374//86 1410//87 1377//87
f 1371//226 1411//86 1374//86
f 1368//84 1412//85 1371//85
f 1367//101 1413//84 1368//84
f 1414//101 1415//84 1367//101
f 1416//82 1417//83 1365//82
f 1418//81 1419//82 1363//81
f 1420//79 1421//80 1361//79
f 1422//79 1361//79 1360//1
f 1423//1 1360//1 1357//78
f 1424//77 1357//78 1354//102
f 1425//74 1354//76 1351//74
f 1426//103 1427//74 1349//104
f 1428//71 1349//104 1348//72
f 1429//69 1348//72 1430//69
f 1431//69 1430//69 1345//70
f 1432//105 1345//70 1341//67
f 1433//105 1341//67 1434//66
f 1435//66 1342//66 1338//64
f 1436//66 1338//64 1437//63
f 1438//63 1339//65 1439//61
f 1339//65 1335//61 1440//61
f 1441//61 1336//62 1442//107
f 1443//108 1444//60 1445//107
f 1443//108 1446//107 1336//62
f 1333//60 1447//60 1443//109
f 1331//2 1448//110 1449//60
f 1328//58 1450//57 1451//59
f 1329//55 1326//56 1452//55
f 1326//56 1322//112 1453//221
f 1322//53 1454//51 1455//54
f 1323//51 1320//52 1456//51
f 1320//52 1317//50 1457//49
f 1317//50 1314//113 1458//113
f 1459//220 1312//46 1460//44
f 1312//46 1311//45 1461//44
f 1311//45 1308//43 1462//43
f 1463//43 1306//42 1464//115
f 1465//115 1304//40 1466//39
f 1467//116 1302//116 1301//38
f 1468//116 1301//38 1469//37
f 1470//117 1299//3 1471//35
f 1472//35 1297//35 1294//118
f 1473//33 1294//119 1291//32
f 1474//120 1291//32 1475//120
f 1476//31 1475//31 1288//30
f 1477//29 1288//227 1285//228
f 1478//27 1285//28 1284//27
f 1479//24 1480//27 1281//25
f 1481//23 1482//122 1282//26
f 1483//23 1282//26 1279//23
f 1484//20 1485//23 1276//21
f 1486//17 1487//123 1277//22
f 1488//17 1277//124 1274//17
f 1392//99 1489//4 1490//4
f 1489//126 1390//95 1491//126
f 1392//99 1492//4 1493//16
f 1494//127 1495//128 1496//127
f 1497//229 1498//130 1499//129
f 1500//130 1501//130 1502//129
f 1503//131 1504//131 1505//132
f 1506//133 1507//131 1508//131
f 1509//134 1510//133 1511//133
f 1512//134 1513//133 1514//134
f 1515//135 1516//136 1517//135
f 1518//137 1519//135 1520//137
f 1521//230 1522//137 1523//138
f 1524//138 1525//138 1526//139
f 1527//140 1528//140 1529//141
f 1530//140 1531//141 1532//141
f 1533//141 1534//142 1535//142
f 1536//142 1537//143 1538//142
f 1539//145 1540//146 1541//145
f 1542//147 1543//148 1544//147
f 1545//148 1546//148 1547//147
f 1548//149 1549//149 1550//148
f 1551//150 1552//149 1553//149
f 1554//151 1555//150 1556//150
f 1557//152 1558//153 1559//153
f 1560//152 1561//153 1562//152
f 1563//154 1564//155 1565//154
f 1566//154 1567//154 1568//156
f 1569//156 1570//156 1571//157
f 1572//158 1573//158 1574//159
f 1575//158 1576//159 1577//159
f 1578//159 1579//160 1580//160
f 1581//160 1582//161 1583//231
f 1584//161 1585//163 1586//161
f 1587//164 1588//165 1589//164
f 1590//165 1591//165 1592//164
f 1593//166 1594//166 1595//165
f 1596//167 1597//166 1598//166
f 1599//168 1600//169 1601//169
f 1602//170 1603//171 1604//171
f 1605//170 1606//171 1607//170
f 1608//172 1609//170 1610//172
f 1611//172 1612//172 1613//173
f 1614//173 1615//173 1616//174
f 1617//175 1618//175 1619//176
f 1620//175 1621//176 1622//176
f 1623//177 1624//178 1625//178
f 1626//178 1627//179 1628//178
f 1629//179 1630//180 1631//179
f 1632//181 1633//182 1634//181
f 1635//182 1636//182 1637//181
f 1638//183 1639//183 1640//182
f 1641//184 1642//183 1643//183
f 1644//185 1645//184 1646//184
f 1647//186 1648//187 1649//187
f 1650//186 1651//186 1652//188
f 1653//216 1654//190 1655//190
f 1656//191 1657//192 1658//191
f 1659//193 1660//193 1661//194
f 1662//195 1663//196 1664//196
f 1665//197 1666//198 1667//197
f 1668//199 1669//199 1670//200
f 1671//201 1672//201 1673//202
f 1674//203 1675//202 1676//203
f 1677//204 1678//204 1679//205
f 1680//128 1681//128 1682//127
f 1683//206 1684//207 1685//207
f 1686//204 1687//208 1688//208
f 1689//204 1690//208 1691//204
f 1692//205 1693//204 1694//205
f 1695//209 1696//209 1697//210
f 1698//209 1699//210 1700//210
f 1701//203 1702//202 1703//202
f 1704//202 1705//201 1706//202
f 1707//201 1708//211 1709//201
f 1710//211 1711//211 1712//201
f 1713//207 1714//206 1715//206
f 1716//200 1717//207 1718//207
f 1719//200 1720//207 1721//232
f 1722//200 1723//200 1724//199
f 1725//199 1726//199 1727//212
f 1728//199 1729//212 1730//212
f 1731//198 1732//197 1733//198
f 1734//197 1735//195 1736//197
f 1737//195 1738//195 1739//197
f 1740//196 1741//195 1742//195
f 1743//213 1744//214 1745//214
f 1746//213 1747//214 1748//213
f 1749//194 1750//194 1751//193
f 1752//193 1753//193 1754//192
f 1755//193 1756//192 1757//192
f 1758//192 1759//191 1760//192
f 1761//191 1762//215 1763//191
f 1764//215 1765//215 1766//191
f 1767//190 1768//216 1769//216
f 1770//188 1771//217 1772//217
f 1773//188 1774//217 1775//188
f 1776//188 1777//188 1778//186
f 1779//186 1780//186 1781//187
f 1782//185 1783//184 1784//185
f 1785//184 1786//183 1787//184
f 1788//183 1789//182 1790//182
f 1791//180 1792//180 1793//179
f 1794//179 1795//179 1796//178
f 1797//177 1798//178 1799//177
f 1800//173 1801//174 1802//174
f 1803//172 1804//173 1805//173
f 1806//170 1807//170 1808//172
f 1809//168 1810//169 1811//168
f 1812//167 1813//166 1814//167
f 1815//166 1816//165 1817//165
f 1818//163 1819//163 1820//161
f 1821//161 1822//161 1823//160
f 1824//159 1825//160 1826//159
f 1827//156 1828//157 1829//157
f 1830//154 1831//156 1832//156
f 1833//233 1834//155 1835//234
f 1836//151 1837//150 1838//151
f 1839//150 1840//149 1841//150
f 1842//149 1843//148 1844//148
f 1845//146 1846//146 1847//145
f 1848//143 1849//143 1850//142
f 1851//141 1852//142 1853//141
f 1854//138 1855//139 1856//139
f 1857//137 1858//138 1859//138
f 1860//135 1861//135 1862//137
f 1863//136 1864//136 1865//135
f 1866//133 1867//131 1868//133
f 1869//131 1870//132 1871//132
f 1872//208 1873//127 1874//127
f 1875//127 1876//208 1877//208
f 7//2 8//2 1878//60
f 1879//60 8//2 1880//60
f 1881//108 1882//60 1883//60
f 1884//108 1885//108 1886//60
f 1887//108 1888//62 1889//108
f 1890//108 1891//62 1892//62
f 1893//62 1894//62 1895//61
f 1896//61 1897//62 1898//61
f 1899//65 1900//61 1901//61
f 1902//65 1903//65 1904//61
f 1905//65 1906//106 1907//65
f 1908//65 1909//235 1910//235
f 1911//106 1912//106 1913//66
f 1914//66 1915//235 1916//66
f 1917//70 1918//236 1919//236
f 1920//69 1921//72 1922//69
f 3//1 4//1 1923//78
f 1924//78 4//1 1925//78
f 1926//76 1927//237 1928//78
f 1929//76 1930//76 1931//78
f 1932//76 1933//74 1934//76
f 1935//76 1936//74 1937//74
f 1938//74 1939//74 1940//104
f 1941//104 1942//74 1943//104
f 1944//72 1945//104 1946//104
f 1947//72 1948//72 1949//104
f 1950//72 1951//238 1952//72
f 1953//236 1954//70 1955//70
f 1956//70 1957//70 1958//67
f 1959//67 1960//70 1961//67
f 1962//66 1963//67 1964//67
f 1965//66 1966//239 1967//66
f 2//1 1//1 1968//79
f 1969//79 1970//79 1971//81
f 1972//81 1973//79 1974//81
f 1975//82 1976//81 1977//82
f 1978//101 1979//82 1980//82
f 1981//84 1982//101 1983//101
f 1984//240 1985//84 1986//84
f 1987//85 1988//85 1989//84
f 1990//86 1991//86 1992//85
f 1993//86 1994//87 1995//86
f 1996//87 1997//88 1998//87
f 1999//241 2000//88 2001//88
f 2002//88 2003//242 2004//242
f 2005//243 2006//243 2007//89
f 2008//89 2009//89 2010//91
f 2011//91 2012//89 2013//91
f 2014//95 15//4 16//4
f 2015//95 2016//95 16//4
f 2017//244 2018//93 2019//244
f 2020//95 2021//93 2022//93
f 2023//93 2024//93 2025//92
f 2026//92 2027//93 2028//92
f 2029//91 2030//92 2031//92
f 2032//91 2033//91 2034//92
f 2035//242 2036//89 2037//89
f 2038//88 2039//245 2040//88
f 2041//87 2042//87 2043//86
f 2044//86 2045//240 2046//240
f 2047//84 2048//101 2049//84
f 2050//101 2051//82 2052//101
f 2053//79 2054//79 1//1
f 2055//81 2056//82 2057//81
f 14//4 13//4 2058//99
f 2059//99 13//4 2060//99
f 2061//18 2062//99 2063//99
f 2064//18 2065//18 2066//99
f 2067//18 2068//17 2069//18
f 2070//18 2071//17 2072//17
f 2073//17 2074//17 2075//22
f 2076//22 2077//17 2078//22
f 2079//21 2080//22 2081//22
f 2082//21 2083//21 2084//22
f 2085//246 2086//247 2087//21
f 2088//21 2089//248 2090//248
f 2091//23 2092//23 2093//26
f 2094//26 2095//248 2096//26
f 2097//249 2098//26 2099//26
f 2100//25 2101//25 2102//26
f 2103//35 11//3 12//3
f 2104//35 2105//35 12//3
f 2106//35 2107//34 2108//35
f 2109//35 2110//34 2111//34
f 2112//34 2113//34 2114//32
f 2115//32 2116//34 2117//32
f 2118//31 2119//32 2120//32
f 2121//31 2122//31 2123//32
f 2124//31 2125//30 2126//31
f 2127//31 2128//30 2129//30
f 2130//30 2131//30 2132//250
f 2133//250 2134//30 2135//250
f 2136//27 2137//28 2138//28
f 2139//27 2140//27 2141//250
f 2142//27 2143//25 2144//27
f 2145//25 2146//25 2147//27
f 10//3 9//3 2148//38
f 2149//38 9//3 2150//38
f 2151//39 2152//38 2153//251
f 2154//39 2155//39 2156//38
f 2157//39 2158//40 2159//39
f 2160//39 2161//40 2162//40
f 2163//40 2164//40 2165//42
f 2166//42 2167//40 2168//42
f 2169//43 2170//42 2171//42
f 2172//43 2173//43 2174//42
f 2175//43 2176//252 2177//43
f 2178//43 2179//252 2180//252
f 2181//252 2182//252 2183//46
f 2184//46 2185//252 2186//46
f 2187//113 2188//46 2189//46
f 2190//113 2191//113 2192//46
f 2193//113 2194//50 2195//113
f 2196//58 6//2 5//2
f 2197//58 2198//58 5//2
f 2199//58 2200//55 2201//58
f 2202//58 2203//55 2204//55
f 2205//55 2206//55 2207//56
f 2208//56 2209//55 2210//56
f 2211//53 2212//56 2213//56
f 2214//53 2215//53 2216//56
f 2217//53 2218//51 2219//53
f 2220//53 2221//51 2222//51
f 2223//51 2224//51 2225//253
f 2226//254 2227//51 2228//254
f 2229//50 2230//253 2231//253
f 2232//50 2233//50 2234//253
f 2235//50 2236//255 2237//50
