# Blender 4.4.3
# www.blender.org
mtllib Mesh_15.001.mtl
o Mesh_15.001
v 0.017560 0.008803 -0.007978
v 0.017560 0.008803 -0.008000
v 0.017560 0.008763 -0.007978
v 0.017560 0.008898 -0.007200
v 0.017560 0.008993 -0.007200
v 0.017560 0.008949 -0.007296
v 0.017560 0.008708 -0.007200
v 0.017560 0.008763 -0.007222
v 0.017560 0.008763 -0.007242
v 0.017560 0.008708 -0.008000
v 0.017560 0.008613 -0.008000
v 0.017560 0.008657 -0.007904
v 0.017560 0.008898 -0.008000
v 0.017560 0.008843 -0.007978
v 0.017560 0.008843 -0.007958
v 0.017560 0.008783 -0.007770
v 0.017560 0.008726 -0.007736
v 0.017560 0.008723 -0.007730
v 0.017560 0.008783 -0.007780
v 0.017560 0.008773 -0.007780
v 0.017560 0.008880 -0.007736
v 0.017560 0.008823 -0.007770
v 0.017560 0.008883 -0.007730
v 0.017560 0.008833 -0.007780
v 0.017560 0.008875 -0.007760
v 0.017560 0.008833 -0.007820
v 0.017560 0.008875 -0.007840
v 0.017560 0.008878 -0.007741
v 0.017560 0.008877 -0.007748
v 0.017560 0.008823 -0.007830
v 0.017560 0.008876 -0.007846
v 0.017560 0.008783 -0.007830
v 0.017560 0.008763 -0.007958
v 0.017560 0.008878 -0.007859
v 0.017560 0.008880 -0.007864
v 0.017560 0.008877 -0.007852
v 0.017560 0.008731 -0.007840
v 0.017560 0.008731 -0.007760
v 0.017560 0.008730 -0.007754
v 0.017560 0.008823 -0.007820
v 0.017560 0.009003 -0.007451
v 0.017560 0.009003 -0.007453
v 0.017560 0.009002 -0.007449
v 0.017560 0.009001 -0.007447
v 0.017560 0.008999 -0.007445
v 0.017560 0.009000 -0.007446
v 0.017560 0.008995 -0.007443
v 0.017560 0.008997 -0.007444
v 0.017560 0.008959 -0.007496
v 0.017560 0.008959 -0.007494
v 0.017560 0.008958 -0.007498
v 0.017560 0.008957 -0.007500
v 0.017560 0.008956 -0.007501
v 0.017560 0.008957 -0.007700
v 0.017560 0.008956 -0.007699
v 0.017560 0.008955 -0.007502
v 0.017560 0.008955 -0.007698
v 0.017560 0.008953 -0.007503
v 0.017560 0.008953 -0.007697
v 0.017560 0.008951 -0.007504
v 0.017560 0.008951 -0.007696
v 0.017560 0.008949 -0.007696
v 0.017560 0.008949 -0.007504
v 0.017560 0.008939 -0.007504
v 0.017560 0.008939 -0.007696
v 0.017560 0.008933 -0.007504
v 0.017560 0.008933 -0.007696
v 0.017560 0.008927 -0.007503
v 0.017560 0.008927 -0.007697
v 0.017560 0.008921 -0.007501
v 0.017560 0.008921 -0.007699
v 0.017560 0.008915 -0.007499
v 0.017560 0.008915 -0.007701
v 0.017560 0.008909 -0.007496
v 0.017560 0.008909 -0.007704
v 0.017560 0.008904 -0.007493
v 0.017560 0.008899 -0.007489
v 0.017560 0.008899 -0.007711
v 0.017560 0.008707 -0.007489
v 0.017560 0.008904 -0.007707
v 0.017560 0.008823 -0.007430
v 0.017560 0.008886 -0.007476
v 0.017560 0.008720 -0.007476
v 0.017560 0.008716 -0.007481
v 0.017560 0.008890 -0.007481
v 0.017560 0.008876 -0.007446
v 0.017560 0.008877 -0.007452
v 0.017560 0.008880 -0.007464
v 0.017560 0.008883 -0.007470
v 0.017560 0.008894 -0.007485
v 0.017560 0.008712 -0.007485
v 0.017560 0.008959 -0.007443
v 0.017560 0.008993 -0.007443
v 0.017560 0.008833 -0.007380
v 0.017560 0.008875 -0.007360
v 0.017560 0.008833 -0.007420
v 0.017560 0.008823 -0.007370
v 0.017560 0.008876 -0.007354
v 0.017560 0.008877 -0.007348
v 0.017560 0.008880 -0.007336
v 0.017560 0.008878 -0.007341
v 0.017560 0.008883 -0.007330
v 0.017560 0.008843 -0.007242
v 0.017560 0.008890 -0.007319
v 0.017560 0.008886 -0.007324
v 0.017560 0.008899 -0.007311
v 0.017560 0.008904 -0.007307
v 0.017560 0.008894 -0.007315
v 0.017560 0.008909 -0.007304
v 0.017560 0.008915 -0.007301
v 0.017560 0.008921 -0.007299
v 0.017560 0.008843 -0.007222
v 0.017560 0.008927 -0.007297
v 0.017560 0.008933 -0.007296
v 0.017560 0.008939 -0.007296
v 0.017560 0.009003 -0.007210
v 0.017560 0.008951 -0.007296
v 0.017560 0.008955 -0.007298
v 0.017560 0.008953 -0.007297
v 0.017560 0.008956 -0.007299
v 0.017560 0.008957 -0.007300
v 0.017560 0.008958 -0.007302
v 0.017560 0.009003 -0.007347
v 0.017560 0.008959 -0.007304
v 0.017560 0.008993 -0.007357
v 0.017560 0.008959 -0.007357
v 0.017560 0.008959 -0.007306
v 0.017560 0.008995 -0.007357
v 0.017560 0.008997 -0.007356
v 0.017560 0.008999 -0.007355
v 0.017560 0.009001 -0.007353
v 0.017560 0.009000 -0.007354
v 0.017560 0.009003 -0.007349
v 0.017560 0.009002 -0.007351
v 0.017560 0.009003 -0.007208
v 0.017560 0.009002 -0.007206
v 0.017560 0.008999 -0.007202
v 0.017560 0.009000 -0.007203
v 0.017560 0.008995 -0.007200
v 0.017560 0.008997 -0.007201
v 0.017560 0.009001 -0.007204
v 0.017560 0.008673 -0.007296
v 0.017560 0.008666 -0.007296
v 0.017560 0.008657 -0.007296
v 0.017560 0.008613 -0.007200
v 0.017560 0.008655 -0.007296
v 0.017560 0.008609 -0.007201
v 0.017560 0.008611 -0.007200
v 0.017560 0.008603 -0.007210
v 0.017560 0.008607 -0.007202
v 0.017560 0.008606 -0.007203
v 0.017560 0.008604 -0.007206
v 0.017560 0.008605 -0.007204
v 0.017560 0.008649 -0.007300
v 0.017560 0.008648 -0.007302
v 0.017560 0.008603 -0.007347
v 0.017560 0.008647 -0.007304
v 0.017560 0.008647 -0.007306
v 0.017560 0.008613 -0.007357
v 0.017560 0.008603 -0.007349
v 0.017560 0.008604 -0.007351
v 0.017560 0.008605 -0.007353
v 0.017560 0.008607 -0.007355
v 0.017560 0.008606 -0.007354
v 0.017560 0.008609 -0.007356
v 0.017560 0.008611 -0.007357
v 0.017560 0.008650 -0.007299
v 0.017560 0.008651 -0.007298
v 0.017560 0.008653 -0.007297
v 0.017560 0.008647 -0.007357
v 0.017560 0.008603 -0.007208
v 0.017560 0.008679 -0.007297
v 0.017560 0.008691 -0.007301
v 0.017560 0.008685 -0.007299
v 0.017560 0.008697 -0.007304
v 0.017560 0.008702 -0.007307
v 0.017560 0.008716 -0.007319
v 0.017560 0.008712 -0.007315
v 0.017560 0.008707 -0.007311
v 0.017560 0.008720 -0.007324
v 0.017560 0.008723 -0.007330
v 0.017560 0.008783 -0.007370
v 0.017560 0.008726 -0.007336
v 0.017560 0.008728 -0.007341
v 0.017560 0.008729 -0.007348
v 0.017560 0.008731 -0.007360
v 0.017560 0.008773 -0.007380
v 0.017560 0.008731 -0.007440
v 0.017560 0.008730 -0.007354
v 0.017560 0.008773 -0.007420
v 0.017560 0.008783 -0.007430
v 0.017560 0.008730 -0.007446
v 0.017560 0.008729 -0.007452
v 0.017560 0.008726 -0.007464
v 0.017560 0.008728 -0.007459
v 0.017560 0.008723 -0.007470
v 0.017560 0.008878 -0.007459
v 0.017560 0.008707 -0.007711
v 0.017560 0.008702 -0.007493
v 0.017560 0.008702 -0.007707
v 0.017560 0.008697 -0.007496
v 0.017560 0.008697 -0.007704
v 0.017560 0.008691 -0.007499
v 0.017560 0.008691 -0.007701
v 0.017560 0.008685 -0.007501
v 0.017560 0.008685 -0.007699
v 0.017560 0.008679 -0.007503
v 0.017560 0.008679 -0.007697
v 0.017560 0.008673 -0.007504
v 0.017560 0.008673 -0.007696
v 0.017560 0.008666 -0.007504
v 0.017560 0.008666 -0.007696
v 0.017560 0.008657 -0.007504
v 0.017560 0.008657 -0.007696
v 0.017560 0.008651 -0.007698
v 0.017560 0.008651 -0.007502
v 0.017560 0.008653 -0.007697
v 0.017560 0.008647 -0.007494
v 0.017560 0.008603 -0.007453
v 0.017560 0.008613 -0.007443
v 0.017560 0.008649 -0.007500
v 0.017560 0.008650 -0.007501
v 0.017560 0.008650 -0.007699
v 0.017560 0.008647 -0.007443
v 0.017560 0.008655 -0.007504
v 0.017560 0.008875 -0.007440
v 0.017560 0.008611 -0.007443
v 0.017560 0.008607 -0.007445
v 0.017560 0.008609 -0.007444
v 0.017560 0.008606 -0.007446
v 0.017560 0.008605 -0.007447
v 0.017560 0.008647 -0.007496
v 0.017560 0.008649 -0.007700
v 0.017560 0.008648 -0.007702
v 0.017560 0.008603 -0.007747
v 0.017560 0.008647 -0.007704
v 0.017560 0.008647 -0.007706
v 0.017560 0.008613 -0.007757
v 0.017560 0.008603 -0.007749
v 0.017560 0.008611 -0.007757
v 0.017560 0.008609 -0.007756
v 0.017560 0.008606 -0.007754
v 0.017560 0.008605 -0.007753
v 0.017560 0.008607 -0.007755
v 0.017560 0.008648 -0.007498
v 0.017560 0.008647 -0.007757
v 0.017560 0.008653 -0.007503
v 0.017560 0.008655 -0.007696
v 0.017560 0.008712 -0.007715
v 0.017560 0.008894 -0.007715
v 0.017560 0.008890 -0.007719
v 0.017560 0.008716 -0.007719
v 0.017560 0.008720 -0.007724
v 0.017560 0.008886 -0.007724
v 0.017560 0.008728 -0.007741
v 0.017560 0.008729 -0.007748
v 0.017560 0.008773 -0.007820
v 0.017560 0.008883 -0.007870
v 0.017560 0.008730 -0.007846
v 0.017560 0.008729 -0.007852
v 0.017560 0.008728 -0.007859
v 0.017560 0.008720 -0.007876
v 0.017560 0.008723 -0.007870
v 0.017560 0.008726 -0.007864
v 0.017560 0.008716 -0.007881
v 0.017560 0.008783 -0.007820
v 0.017560 0.008685 -0.007901
v 0.017560 0.008691 -0.007899
v 0.017560 0.008679 -0.007903
v 0.017560 0.008697 -0.007896
v 0.017560 0.008702 -0.007893
v 0.017560 0.008707 -0.007889
v 0.017560 0.008673 -0.007904
v 0.017560 0.008666 -0.007904
v 0.017560 0.008603 -0.007990
v 0.017560 0.008655 -0.007904
v 0.017560 0.008651 -0.007902
v 0.017560 0.008653 -0.007903
v 0.017560 0.008650 -0.007901
v 0.017560 0.008649 -0.007900
v 0.017560 0.008648 -0.007898
v 0.017560 0.008603 -0.007853
v 0.017560 0.008647 -0.007896
v 0.017560 0.008712 -0.007885
v 0.017560 0.008647 -0.007894
v 0.017560 0.008613 -0.007843
v 0.017560 0.008647 -0.007843
v 0.017560 0.008876 -0.007754
v 0.017560 0.008604 -0.007751
v 0.017560 0.008607 -0.007845
v 0.017560 0.008606 -0.007846
v 0.017560 0.008605 -0.007847
v 0.017560 0.008604 -0.007849
v 0.017560 0.008603 -0.007992
v 0.017560 0.008604 -0.007994
v 0.017560 0.008605 -0.007996
v 0.017560 0.008933 -0.007904
v 0.017560 0.008939 -0.007904
v 0.017560 0.008949 -0.007904
v 0.017560 0.008993 -0.008000
v 0.017560 0.008951 -0.007904
v 0.017560 0.008997 -0.007999
v 0.017560 0.008995 -0.008000
v 0.017560 0.009003 -0.007990
v 0.017560 0.008999 -0.007998
v 0.017560 0.009000 -0.007997
v 0.017560 0.009002 -0.007994
v 0.017560 0.009001 -0.007996
v 0.017560 0.008957 -0.007900
v 0.017560 0.008958 -0.007898
v 0.017560 0.009003 -0.007853
v 0.017560 0.008959 -0.007896
v 0.017560 0.008959 -0.007894
v 0.017560 0.008993 -0.007843
v 0.017560 0.009003 -0.007851
v 0.017560 0.009002 -0.007849
v 0.017560 0.009001 -0.007847
v 0.017560 0.008999 -0.007845
v 0.017560 0.009000 -0.007846
v 0.017560 0.008997 -0.007844
v 0.017560 0.008995 -0.007843
v 0.017560 0.008956 -0.007901
v 0.017560 0.008955 -0.007902
v 0.017560 0.008953 -0.007903
v 0.017560 0.008959 -0.007843
v 0.017560 0.009003 -0.007992
v 0.017560 0.008927 -0.007903
v 0.017560 0.008915 -0.007899
v 0.017560 0.008921 -0.007901
v 0.017560 0.008909 -0.007896
v 0.017560 0.008904 -0.007893
v 0.017560 0.008890 -0.007881
v 0.017560 0.008894 -0.007885
v 0.017560 0.008899 -0.007889
v 0.017560 0.008886 -0.007876
v 0.017560 0.008603 -0.007851
v 0.017560 0.008606 -0.007997
v 0.017560 0.008607 -0.007998
v 0.017560 0.008609 -0.007999
v 0.017560 0.008611 -0.007843
v 0.017560 0.008823 -0.007780
v 0.017560 0.008958 -0.007702
v 0.017560 0.009003 -0.007747
v 0.017560 0.008959 -0.007704
v 0.017560 0.008611 -0.008000
v 0.017560 0.008959 -0.007706
v 0.017560 0.008993 -0.007757
v 0.017560 0.008959 -0.007757
v 0.017560 0.008995 -0.007757
v 0.017560 0.008997 -0.007756
v 0.017560 0.008609 -0.007844
v 0.017560 0.009002 -0.007751
v 0.017560 0.009001 -0.007753
v 0.017560 0.009000 -0.007754
v 0.017560 0.008999 -0.007755
v 0.017560 0.009003 -0.007749
v 0.017560 0.008803 -0.007200
v 0.017560 0.008604 -0.007449
v 0.017560 0.008803 -0.007222
v 0.017560 0.008783 -0.007380
v 0.017560 0.008823 -0.007380
v 0.017560 0.008823 -0.007420
v 0.017560 0.008603 -0.007451
v 0.017560 0.008783 -0.007420
v 0.017600 0.008970 -0.007680
v 0.017600 0.008959 -0.007706
v 0.017600 0.008970 -0.007757
v 0.017600 0.008636 -0.007680
v 0.017600 0.008636 -0.007757
v 0.017600 0.008647 -0.007706
v 0.017600 0.008636 -0.007922
v 0.017600 0.008647 -0.007894
v 0.017600 0.008636 -0.007843
v 0.017600 0.008970 -0.007922
v 0.017600 0.008970 -0.007843
v 0.017600 0.008959 -0.007894
v 0.017600 0.008959 -0.007757
v 0.017600 0.008970 -0.007603
v 0.017600 0.008904 -0.007707
v 0.017600 0.008909 -0.007704
v 0.017600 0.008636 -0.007603
v 0.017600 0.008803 -0.007603
v 0.017600 0.008647 -0.007704
v 0.017600 0.008647 -0.007757
v 0.017600 0.008673 -0.007696
v 0.017600 0.008648 -0.007702
v 0.017600 0.008649 -0.007700
v 0.017600 0.008650 -0.007699
v 0.017600 0.008651 -0.007698
v 0.017600 0.008653 -0.007697
v 0.017600 0.008655 -0.007696
v 0.017600 0.008657 -0.007696
v 0.017600 0.008666 -0.007696
v 0.017600 0.008679 -0.007697
v 0.017600 0.008685 -0.007699
v 0.017600 0.008691 -0.007701
v 0.017600 0.008697 -0.007704
v 0.017600 0.008702 -0.007707
v 0.017600 0.008707 -0.007711
v 0.017600 0.008899 -0.007711
v 0.017600 0.008894 -0.007715
v 0.017600 0.008712 -0.007715
v 0.017600 0.008716 -0.007719
v 0.017600 0.008890 -0.007719
v 0.017600 0.008720 -0.007724
v 0.017600 0.008886 -0.007724
v 0.017600 0.008723 -0.007730
v 0.017600 0.008726 -0.007736
v 0.017600 0.008883 -0.007730
v 0.017600 0.008880 -0.007736
v 0.017600 0.008877 -0.007748
v 0.017600 0.008729 -0.007748
v 0.017600 0.008730 -0.007754
v 0.017600 0.008876 -0.007754
v 0.017600 0.008731 -0.007760
v 0.017600 0.008875 -0.007760
v 0.017600 0.008731 -0.007840
v 0.017600 0.008730 -0.007846
v 0.017600 0.008875 -0.007840
v 0.017600 0.008876 -0.007846
v 0.017600 0.008877 -0.007852
v 0.017600 0.008729 -0.007852
v 0.017600 0.008728 -0.007859
v 0.017600 0.008878 -0.007859
v 0.017600 0.008726 -0.007864
v 0.017600 0.008883 -0.007870
v 0.017600 0.008880 -0.007864
v 0.017600 0.008723 -0.007870
v 0.017600 0.008720 -0.007876
v 0.017600 0.008894 -0.007885
v 0.017600 0.008712 -0.007885
v 0.017600 0.008707 -0.007889
v 0.017600 0.008890 -0.007881
v 0.017600 0.008636 -0.008000
v 0.017600 0.008904 -0.007893
v 0.017600 0.008702 -0.007893
v 0.017600 0.008899 -0.007889
v 0.017600 0.008673 -0.007904
v 0.017600 0.008685 -0.007901
v 0.017600 0.008679 -0.007903
v 0.017600 0.008666 -0.007904
v 0.017600 0.008691 -0.007899
v 0.017600 0.008657 -0.007904
v 0.017600 0.008655 -0.007904
v 0.017600 0.008653 -0.007903
v 0.017600 0.008651 -0.007902
v 0.017600 0.008650 -0.007901
v 0.017600 0.008697 -0.007896
v 0.017600 0.008649 -0.007900
v 0.017600 0.008648 -0.007898
v 0.017600 0.008716 -0.007881
v 0.017600 0.008886 -0.007876
v 0.017600 0.008647 -0.007896
v 0.017600 0.008959 -0.007843
v 0.017600 0.008959 -0.007896
v 0.017600 0.008933 -0.007904
v 0.017600 0.008970 -0.008000
v 0.017600 0.008958 -0.007898
v 0.017600 0.008957 -0.007900
v 0.017600 0.008956 -0.007901
v 0.017600 0.008955 -0.007902
v 0.017600 0.008953 -0.007903
v 0.017600 0.008951 -0.007904
v 0.017600 0.008949 -0.007904
v 0.017600 0.008939 -0.007904
v 0.017600 0.008927 -0.007903
v 0.017600 0.008921 -0.007901
v 0.017600 0.008915 -0.007899
v 0.017600 0.008909 -0.007896
v 0.017600 0.008647 -0.007843
v 0.017600 0.008878 -0.007741
v 0.017600 0.008728 -0.007741
v 0.017600 0.008915 -0.007701
v 0.017600 0.008921 -0.007699
v 0.017600 0.008927 -0.007697
v 0.017600 0.008933 -0.007696
v 0.017600 0.008939 -0.007696
v 0.017600 0.008953 -0.007697
v 0.017600 0.008951 -0.007696
v 0.017600 0.008949 -0.007696
v 0.017600 0.008955 -0.007698
v 0.017600 0.008956 -0.007699
v 0.017600 0.008957 -0.007700
v 0.017600 0.008958 -0.007702
v 0.017600 0.008959 -0.007704
v 0.017600 0.008970 -0.007680
v 0.017600 0.008970 -0.007757
v 0.017567 0.009003 -0.007747
v 0.017573 0.008997 -0.007606
v 0.017600 0.008970 -0.007680
v 0.017573 0.008997 -0.007595
v 0.017567 0.009003 -0.007453
v 0.017600 0.008970 -0.007597
v 0.017600 0.008970 -0.007520
v 0.017600 0.008970 -0.007443
v 0.017600 0.008970 -0.007603
v 0.017600 0.008970 -0.007680
v 0.017577 0.008993 -0.007443
v 0.017575 0.008995 -0.007443
v 0.017573 0.008997 -0.007444
v 0.017571 0.008999 -0.007445
v 0.017570 0.009000 -0.007446
v 0.017569 0.009001 -0.007447
v 0.017567 0.009003 -0.007451
v 0.017568 0.009002 -0.007449
v 0.017600 0.008970 -0.007757
v 0.017577 0.008993 -0.007757
v 0.017575 0.008995 -0.007757
v 0.017573 0.008997 -0.007756
v 0.017571 0.008999 -0.007755
v 0.017570 0.009000 -0.007754
v 0.017569 0.009001 -0.007753
v 0.017568 0.009002 -0.007751
v 0.017567 0.009003 -0.007749
v 0.017568 0.009002 -0.007994
v 0.017567 0.009003 -0.007992
v 0.017567 0.009003 -0.007990
v 0.017569 0.009001 -0.007996
v 0.017570 0.009000 -0.007997
v 0.017571 0.008999 -0.007998
v 0.017573 0.008997 -0.007999
v 0.017575 0.008995 -0.008000
v 0.017577 0.008993 -0.008000
v 0.017600 0.008970 -0.008000
v 0.017600 0.008970 -0.007922
v 0.017600 0.008970 -0.007922
v 0.017567 0.009003 -0.007853
v 0.017577 0.008993 -0.007843
v 0.017575 0.008995 -0.007843
v 0.017573 0.008997 -0.007844
v 0.017571 0.008999 -0.007845
v 0.017570 0.009000 -0.007846
v 0.017568 0.009002 -0.007849
v 0.017569 0.009001 -0.007847
v 0.017567 0.009003 -0.007851
v 0.017600 0.008970 -0.007843
v 0.017600 0.008970 -0.008000
v 0.017600 0.008970 -0.007843
v 0.017600 0.008970 -0.007922
v 0.017560 0.009003 -0.007453
v 0.017567 0.009003 -0.007453
v 0.017560 0.009003 -0.007747
v 0.017560 0.009003 -0.007747
v 0.017567 0.009003 -0.007453
v 0.017567 0.009003 -0.007747
v 0.017567 0.009003 -0.007990
v 0.017560 0.009003 -0.007990
v 0.017567 0.009003 -0.007853
v 0.017567 0.009003 -0.007853
v 0.017560 0.009003 -0.007990
v 0.017560 0.009003 -0.007853
v 0.017568 0.008604 -0.007449
v 0.017567 0.008603 -0.007451
v 0.017567 0.008603 -0.007453
v 0.017569 0.008605 -0.007447
v 0.017570 0.008606 -0.007446
v 0.017571 0.008607 -0.007445
v 0.017573 0.008609 -0.007444
v 0.017575 0.008611 -0.007443
v 0.017577 0.008613 -0.007443
v 0.017600 0.008636 -0.007520
v 0.017600 0.008636 -0.007597
v 0.017573 0.008609 -0.007595
v 0.017573 0.008609 -0.007606
v 0.017567 0.008603 -0.007747
v 0.017600 0.008636 -0.007680
v 0.017600 0.008636 -0.007680
v 0.017600 0.008636 -0.007603
v 0.017600 0.008636 -0.007757
v 0.017600 0.008636 -0.007680
v 0.017575 0.008611 -0.007757
v 0.017573 0.008609 -0.007756
v 0.017571 0.008607 -0.007755
v 0.017570 0.008606 -0.007754
v 0.017569 0.008605 -0.007753
v 0.017567 0.008603 -0.007749
v 0.017568 0.008604 -0.007751
v 0.017577 0.008613 -0.007757
v 0.017600 0.008636 -0.007443
v 0.017600 0.008636 -0.007757
v 0.017567 0.008603 -0.007453
v 0.017560 0.008603 -0.007453
v 0.017567 0.008603 -0.007747
v 0.017567 0.008603 -0.007747
v 0.017560 0.008603 -0.007453
v 0.017560 0.008603 -0.007747
v 0.017600 0.008970 -0.007520
v 0.017600 0.008970 -0.007443
v 0.017600 0.008959 -0.007494
v 0.017600 0.008970 -0.007279
v 0.017600 0.008959 -0.007306
v 0.017600 0.008970 -0.007357
v 0.017600 0.008636 -0.007279
v 0.017600 0.008636 -0.007357
v 0.017600 0.008647 -0.007306
v 0.017600 0.008636 -0.007520
v 0.017600 0.008647 -0.007494
v 0.017600 0.008636 -0.007443
v 0.017600 0.008970 -0.007597
v 0.017600 0.008904 -0.007493
v 0.017600 0.008803 -0.007597
v 0.017600 0.008959 -0.007496
v 0.017600 0.008970 -0.007520
v 0.017600 0.008970 -0.007443
v 0.017600 0.008959 -0.007443
v 0.017600 0.008933 -0.007504
v 0.017600 0.008970 -0.007597
v 0.017600 0.008970 -0.007520
v 0.017600 0.008958 -0.007498
v 0.017600 0.008970 -0.007520
v 0.017600 0.008957 -0.007500
v 0.017600 0.008970 -0.007520
v 0.017600 0.008956 -0.007501
v 0.017600 0.008970 -0.007520
v 0.017600 0.008955 -0.007502
v 0.017600 0.008970 -0.007520
v 0.017600 0.008953 -0.007503
v 0.017600 0.008970 -0.007520
v 0.017600 0.008970 -0.007520
v 0.017600 0.008951 -0.007504
v 0.017600 0.008970 -0.007520
v 0.017600 0.008949 -0.007504
v 0.017600 0.008970 -0.007520
v 0.017600 0.008939 -0.007504
v 0.017600 0.008970 -0.007520
v 0.017600 0.008970 -0.007597
v 0.017600 0.008927 -0.007503
v 0.017600 0.008970 -0.007597
v 0.017600 0.008921 -0.007501
v 0.017600 0.008970 -0.007597
v 0.017600 0.008915 -0.007499
v 0.017600 0.008970 -0.007597
v 0.017600 0.008909 -0.007496
v 0.017600 0.008970 -0.007597
v 0.017600 0.008636 -0.007597
v 0.017600 0.008702 -0.007493
v 0.017600 0.008899 -0.007489
v 0.017600 0.008707 -0.007489
v 0.017600 0.008894 -0.007485
v 0.017600 0.008712 -0.007485
v 0.017600 0.008890 -0.007481
v 0.017600 0.008716 -0.007481
v 0.017600 0.008886 -0.007476
v 0.017600 0.008720 -0.007476
v 0.017600 0.008883 -0.007470
v 0.017600 0.008880 -0.007464
v 0.017600 0.008723 -0.007470
v 0.017600 0.008726 -0.007464
v 0.017600 0.008729 -0.007452
v 0.017600 0.008877 -0.007452
v 0.017600 0.008876 -0.007446
v 0.017600 0.008730 -0.007446
v 0.017600 0.008875 -0.007440
v 0.017600 0.008731 -0.007440
v 0.017600 0.008875 -0.007360
v 0.017600 0.008876 -0.007354
v 0.017600 0.008731 -0.007360
v 0.017600 0.008730 -0.007354
v 0.017600 0.008729 -0.007348
v 0.017600 0.008877 -0.007348
v 0.017600 0.008878 -0.007341
v 0.017600 0.008728 -0.007341
v 0.017600 0.008880 -0.007336
v 0.017600 0.008723 -0.007330
v 0.017600 0.008726 -0.007336
v 0.017600 0.008883 -0.007330
v 0.017600 0.008886 -0.007324
v 0.017600 0.008712 -0.007315
v 0.017600 0.008894 -0.007315
v 0.017600 0.008899 -0.007311
v 0.017600 0.008716 -0.007319
v 0.017600 0.008970 -0.007200
v 0.017600 0.008702 -0.007307
v 0.017600 0.008904 -0.007307
v 0.017600 0.008707 -0.007311
v 0.017600 0.008933 -0.007296
v 0.017600 0.008921 -0.007299
v 0.017600 0.008927 -0.007297
v 0.017600 0.008939 -0.007296
v 0.017600 0.008915 -0.007301
v 0.017600 0.008949 -0.007296
v 0.017600 0.008951 -0.007296
v 0.017600 0.008953 -0.007297
v 0.017600 0.008955 -0.007298
v 0.017600 0.008956 -0.007299
v 0.017600 0.008909 -0.007304
v 0.017600 0.008957 -0.007300
v 0.017600 0.008958 -0.007302
v 0.017600 0.008890 -0.007319
v 0.017600 0.008720 -0.007324
v 0.017600 0.008959 -0.007304
v 0.017600 0.008647 -0.007304
v 0.017600 0.008647 -0.007357
v 0.017600 0.008673 -0.007296
v 0.017600 0.008636 -0.007200
v 0.017600 0.008648 -0.007302
v 0.017600 0.008649 -0.007300
v 0.017600 0.008650 -0.007299
v 0.017600 0.008651 -0.007298
v 0.017600 0.008653 -0.007297
v 0.017600 0.008655 -0.007296
v 0.017600 0.008657 -0.007296
v 0.017600 0.008666 -0.007296
v 0.017600 0.008679 -0.007297
v 0.017600 0.008685 -0.007299
v 0.017600 0.008691 -0.007301
v 0.017600 0.008697 -0.007304
v 0.017600 0.008959 -0.007357
v 0.017600 0.008728 -0.007459
v 0.017600 0.008878 -0.007459
v 0.017600 0.008697 -0.007496
v 0.017600 0.008636 -0.007597
v 0.017600 0.008691 -0.007499
v 0.017600 0.008636 -0.007597
v 0.017600 0.008685 -0.007501
v 0.017600 0.008636 -0.007597
v 0.017600 0.008636 -0.007597
v 0.017600 0.008679 -0.007503
v 0.017600 0.008636 -0.007597
v 0.017600 0.008673 -0.007504
v 0.017600 0.008636 -0.007520
v 0.017600 0.008666 -0.007504
v 0.017600 0.008636 -0.007520
v 0.017600 0.008653 -0.007503
v 0.017600 0.008636 -0.007520
v 0.017600 0.008655 -0.007504
v 0.017600 0.008636 -0.007520
v 0.017600 0.008657 -0.007504
v 0.017600 0.008651 -0.007502
v 0.017600 0.008636 -0.007520
v 0.017600 0.008650 -0.007501
v 0.017600 0.008636 -0.007520
v 0.017600 0.008636 -0.007520
v 0.017600 0.008649 -0.007500
v 0.017600 0.008636 -0.007520
v 0.017600 0.008648 -0.007498
v 0.017600 0.008636 -0.007520
v 0.017600 0.008636 -0.007597
v 0.017600 0.008647 -0.007496
v 0.017600 0.008636 -0.007520
v 0.017600 0.008636 -0.007520
v 0.017600 0.008647 -0.007443
v 0.017600 0.008636 -0.007443
v 0.017600 0.008636 -0.007597
v 0.017600 0.008636 -0.007922
v 0.017567 0.008603 -0.007990
v 0.017600 0.008636 -0.008000
v 0.017600 0.008636 -0.007922
v 0.017600 0.008636 -0.007843
v 0.017567 0.008603 -0.007853
v 0.017577 0.008613 -0.008000
v 0.017600 0.008636 -0.008000
v 0.017575 0.008611 -0.008000
v 0.017573 0.008609 -0.007999
v 0.017571 0.008607 -0.007998
v 0.017570 0.008606 -0.007997
v 0.017568 0.008604 -0.007994
v 0.017569 0.008605 -0.007996
v 0.017567 0.008603 -0.007992
v 0.017600 0.008636 -0.007922
v 0.017600 0.008636 -0.007843
v 0.017577 0.008613 -0.007843
v 0.017575 0.008611 -0.007843
v 0.017573 0.008609 -0.007844
v 0.017570 0.008606 -0.007846
v 0.017569 0.008605 -0.007847
v 0.017571 0.008607 -0.007845
v 0.017567 0.008603 -0.007851
v 0.017568 0.008604 -0.007849
v 0.017560 0.009003 -0.007210
v 0.017567 0.009003 -0.007210
v 0.017560 0.009003 -0.007347
v 0.017560 0.009003 -0.007347
v 0.017567 0.009003 -0.007347
v 0.017600 0.008970 -0.007279
v 0.017567 0.009003 -0.007210
v 0.017600 0.008970 -0.007200
v 0.017600 0.008970 -0.007279
v 0.017600 0.008970 -0.007357
v 0.017567 0.009003 -0.007347
v 0.017577 0.008993 -0.007200
v 0.017600 0.008970 -0.007200
v 0.017567 0.009003 -0.007210
v 0.017575 0.008995 -0.007200
v 0.017567 0.009003 -0.007210
v 0.017573 0.008997 -0.007201
v 0.017567 0.009003 -0.007210
v 0.017571 0.008999 -0.007202
v 0.017567 0.009003 -0.007210
v 0.017570 0.009000 -0.007203
v 0.017568 0.009002 -0.007206
v 0.017569 0.009001 -0.007204
v 0.017567 0.009003 -0.007210
v 0.017567 0.009003 -0.007210
v 0.017567 0.009003 -0.007208
v 0.017567 0.009003 -0.007210
v 0.017567 0.009003 -0.007210
v 0.017567 0.009003 -0.007210
v 0.017600 0.008970 -0.007279
v 0.017567 0.009003 -0.007347
v 0.017567 0.009003 -0.007347
v 0.017600 0.008970 -0.007357
v 0.017577 0.008993 -0.007357
v 0.017575 0.008995 -0.007357
v 0.017567 0.009003 -0.007347
v 0.017573 0.008997 -0.007356
v 0.017567 0.009003 -0.007347
v 0.017567 0.009003 -0.007347
v 0.017570 0.009000 -0.007354
v 0.017569 0.009001 -0.007353
v 0.017567 0.009003 -0.007347
v 0.017571 0.008999 -0.007355
v 0.017567 0.009003 -0.007349
v 0.017567 0.009003 -0.007347
v 0.017568 0.009002 -0.007351
v 0.017567 0.009003 -0.007347
v 0.017567 0.009003 -0.007347
v 0.017560 0.008603 -0.007347
v 0.017567 0.008603 -0.007347
v 0.017560 0.008603 -0.007210
v 0.017560 0.008603 -0.007210
v 0.017567 0.008603 -0.007210
v 0.017600 0.008636 -0.007279
v 0.017567 0.008603 -0.007347
v 0.017600 0.008636 -0.007357
v 0.017600 0.008636 -0.007279
v 0.017600 0.008636 -0.007200
v 0.017567 0.008603 -0.007210
v 0.017577 0.008613 -0.007357
v 0.017600 0.008636 -0.007357
v 0.017567 0.008603 -0.007347
v 0.017575 0.008611 -0.007357
v 0.017567 0.008603 -0.007347
v 0.017573 0.008609 -0.007356
v 0.017567 0.008603 -0.007347
v 0.017571 0.008607 -0.007355
v 0.017567 0.008603 -0.007347
v 0.017570 0.008606 -0.007354
v 0.017568 0.008604 -0.007351
v 0.017569 0.008605 -0.007353
v 0.017567 0.008603 -0.007347
v 0.017567 0.008603 -0.007347
v 0.017567 0.008603 -0.007349
v 0.017567 0.008603 -0.007347
v 0.017567 0.008603 -0.007347
v 0.017567 0.008603 -0.007347
v 0.017600 0.008636 -0.007279
v 0.017567 0.008603 -0.007210
v 0.017567 0.008603 -0.007210
v 0.017600 0.008636 -0.007200
v 0.017577 0.008613 -0.007200
v 0.017575 0.008611 -0.007200
v 0.017567 0.008603 -0.007210
v 0.017573 0.008609 -0.007201
v 0.017567 0.008603 -0.007210
v 0.017567 0.008603 -0.007210
v 0.017570 0.008606 -0.007203
v 0.017569 0.008605 -0.007204
v 0.017567 0.008603 -0.007210
v 0.017571 0.008607 -0.007202
v 0.017567 0.008603 -0.007208
v 0.017567 0.008603 -0.007210
v 0.017568 0.008604 -0.007206
v 0.017567 0.008603 -0.007210
v 0.017567 0.008603 -0.007210
v 0.017600 0.008970 -0.007200
v 0.017560 0.008803 -0.007200
v 0.017600 0.008636 -0.007200
v 0.017600 0.008970 -0.007200
v 0.017577 0.008993 -0.007200
v 0.017560 0.008993 -0.007200
v 0.017600 0.008636 -0.007200
v 0.017560 0.008803 -0.007200
v 0.017560 0.008708 -0.007200
v 0.017577 0.008613 -0.007200
v 0.017600 0.008636 -0.007200
v 0.017560 0.008613 -0.007200
v 0.017560 0.008708 -0.007200
v 0.017560 0.008613 -0.007200
v 0.017600 0.008636 -0.007200
v 0.017560 0.008898 -0.007200
v 0.017560 0.008803 -0.007200
v 0.017600 0.008970 -0.007200
v 0.017560 0.008898 -0.007200
v 0.017600 0.008970 -0.007200
v 0.017560 0.008993 -0.007200
v 0.017600 0.008970 -0.008000
v 0.017560 0.008803 -0.008000
v 0.017560 0.008898 -0.008000
v 0.017600 0.008970 -0.008000
v 0.017600 0.008636 -0.008000
v 0.017560 0.008803 -0.008000
v 0.017577 0.008993 -0.008000
v 0.017600 0.008970 -0.008000
v 0.017560 0.008993 -0.008000
v 0.017560 0.008898 -0.008000
v 0.017560 0.008993 -0.008000
v 0.017600 0.008970 -0.008000
v 0.017560 0.008708 -0.008000
v 0.017600 0.008636 -0.008000
v 0.017560 0.008613 -0.008000
v 0.017577 0.008613 -0.008000
v 0.017560 0.008613 -0.008000
v 0.017600 0.008636 -0.008000
v 0.017600 0.008636 -0.008000
v 0.017560 0.008708 -0.008000
v 0.017560 0.008803 -0.008000
v 0.017560 0.008603 -0.007990
v 0.017567 0.008603 -0.007990
v 0.017560 0.008603 -0.007853
v 0.017560 0.008603 -0.007853
v 0.017567 0.008603 -0.007990
v 0.017567 0.008603 -0.007853
v 0.017560 0.008731 -0.007440
v 0.017600 0.008731 -0.007440
v 0.017560 0.008731 -0.007360
v 0.017600 0.008731 -0.007440
v 0.017600 0.008731 -0.007360
v 0.017560 0.008731 -0.007360
v 0.017560 0.008673 -0.007296
v 0.017560 0.008679 -0.007297
v 0.017600 0.008673 -0.007296
v 0.017560 0.008679 -0.007297
v 0.017560 0.008685 -0.007299
v 0.017600 0.008679 -0.007297
v 0.017560 0.008685 -0.007299
v 0.017600 0.008685 -0.007299
v 0.017600 0.008679 -0.007297
v 0.017560 0.008691 -0.007301
v 0.017600 0.008691 -0.007301
v 0.017600 0.008685 -0.007299
v 0.017560 0.008697 -0.007304
v 0.017600 0.008691 -0.007301
v 0.017560 0.008691 -0.007301
v 0.017560 0.008702 -0.007307
v 0.017600 0.008697 -0.007304
v 0.017560 0.008697 -0.007304
v 0.017600 0.008702 -0.007307
v 0.017600 0.008697 -0.007304
v 0.017560 0.008702 -0.007307
v 0.017600 0.008707 -0.007311
v 0.017600 0.008702 -0.007307
v 0.017560 0.008707 -0.007311
v 0.017600 0.008707 -0.007311
v 0.017560 0.008707 -0.007311
v 0.017560 0.008712 -0.007315
v 0.017600 0.008712 -0.007315
v 0.017560 0.008712 -0.007315
v 0.017560 0.008716 -0.007319
v 0.017600 0.008712 -0.007315
v 0.017560 0.008716 -0.007319
v 0.017600 0.008716 -0.007319
v 0.017600 0.008716 -0.007319
v 0.017560 0.008720 -0.007324
v 0.017600 0.008720 -0.007324
v 0.017560 0.008720 -0.007324
v 0.017560 0.008723 -0.007330
v 0.017600 0.008720 -0.007324
v 0.017560 0.008723 -0.007330
v 0.017560 0.008726 -0.007336
v 0.017600 0.008723 -0.007330
v 0.017560 0.008726 -0.007336
v 0.017600 0.008726 -0.007336
v 0.017600 0.008723 -0.007330
v 0.017560 0.008673 -0.007296
v 0.017600 0.008673 -0.007296
v 0.017560 0.008666 -0.007296
v 0.017600 0.008730 -0.007354
v 0.017560 0.008731 -0.007360
v 0.017600 0.008731 -0.007360
v 0.017560 0.008730 -0.007354
v 0.017560 0.008731 -0.007360
v 0.017600 0.008730 -0.007354
v 0.017560 0.008730 -0.007354
v 0.017600 0.008730 -0.007354
v 0.017600 0.008729 -0.007348
v 0.017560 0.008730 -0.007354
v 0.017600 0.008729 -0.007348
v 0.017560 0.008729 -0.007348
v 0.017600 0.008729 -0.007348
v 0.017600 0.008728 -0.007341
v 0.017560 0.008729 -0.007348
v 0.017600 0.008728 -0.007341
v 0.017560 0.008728 -0.007341
v 0.017560 0.008729 -0.007348
v 0.017600 0.008726 -0.007336
v 0.017560 0.008728 -0.007341
v 0.017600 0.008728 -0.007341
v 0.017560 0.008726 -0.007336
v 0.017560 0.008728 -0.007341
v 0.017600 0.008726 -0.007336
v 0.017600 0.008720 -0.007324
v 0.017560 0.008723 -0.007330
v 0.017600 0.008723 -0.007330
v 0.017600 0.008716 -0.007319
v 0.017560 0.008716 -0.007319
v 0.017560 0.008720 -0.007324
v 0.017600 0.008712 -0.007315
v 0.017600 0.008707 -0.007311
v 0.017560 0.008712 -0.007315
v 0.017560 0.008707 -0.007311
v 0.017600 0.008702 -0.007307
v 0.017560 0.008702 -0.007307
v 0.017560 0.008697 -0.007304
v 0.017600 0.008697 -0.007304
v 0.017600 0.008691 -0.007301
v 0.017560 0.008685 -0.007299
v 0.017560 0.008691 -0.007301
v 0.017600 0.008685 -0.007299
v 0.017600 0.008673 -0.007296
v 0.017600 0.008666 -0.007296
v 0.017560 0.008666 -0.007296
v 0.017560 0.008679 -0.007297
v 0.017600 0.008679 -0.007297
v 0.017600 0.008673 -0.007296
v 0.017600 0.008657 -0.007296
v 0.017560 0.008657 -0.007296
v 0.017600 0.008666 -0.007296
v 0.017560 0.008657 -0.007296
v 0.017560 0.008666 -0.007296
v 0.017600 0.008666 -0.007296
v 0.017560 0.008647 -0.007306
v 0.017600 0.008647 -0.007306
v 0.017560 0.008647 -0.007357
v 0.017600 0.008647 -0.007306
v 0.017600 0.008647 -0.007357
v 0.017560 0.008647 -0.007357
v 0.017600 0.008647 -0.007494
v 0.017560 0.008647 -0.007494
v 0.017600 0.008647 -0.007443
v 0.017560 0.008647 -0.007494
v 0.017560 0.008647 -0.007443
v 0.017600 0.008647 -0.007443
v 0.017560 0.008657 -0.007504
v 0.017600 0.008657 -0.007504
v 0.017560 0.008666 -0.007504
v 0.017600 0.008657 -0.007504
v 0.017600 0.008666 -0.007504
v 0.017560 0.008666 -0.007504
v 0.017560 0.008730 -0.007446
v 0.017560 0.008729 -0.007452
v 0.017600 0.008730 -0.007446
v 0.017560 0.008729 -0.007452
v 0.017560 0.008728 -0.007459
v 0.017600 0.008729 -0.007452
v 0.017560 0.008728 -0.007459
v 0.017600 0.008728 -0.007459
v 0.017600 0.008729 -0.007452
v 0.017560 0.008726 -0.007464
v 0.017600 0.008726 -0.007464
v 0.017600 0.008728 -0.007459
v 0.017560 0.008723 -0.007470
v 0.017600 0.008726 -0.007464
v 0.017560 0.008726 -0.007464
v 0.017560 0.008720 -0.007476
v 0.017600 0.008723 -0.007470
v 0.017560 0.008723 -0.007470
v 0.017600 0.008720 -0.007476
v 0.017600 0.008723 -0.007470
v 0.017560 0.008720 -0.007476
v 0.017600 0.008716 -0.007481
v 0.017600 0.008720 -0.007476
v 0.017560 0.008716 -0.007481
v 0.017600 0.008716 -0.007481
v 0.017560 0.008716 -0.007481
v 0.017560 0.008712 -0.007485
v 0.017600 0.008712 -0.007485
v 0.017560 0.008712 -0.007485
v 0.017560 0.008707 -0.007489
v 0.017600 0.008712 -0.007485
v 0.017560 0.008707 -0.007489
v 0.017600 0.008707 -0.007489
v 0.017600 0.008707 -0.007489
v 0.017560 0.008702 -0.007493
v 0.017600 0.008702 -0.007493
v 0.017560 0.008702 -0.007493
v 0.017560 0.008697 -0.007496
v 0.017600 0.008702 -0.007493
v 0.017560 0.008697 -0.007496
v 0.017560 0.008691 -0.007499
v 0.017600 0.008697 -0.007496
v 0.017560 0.008691 -0.007499
v 0.017600 0.008691 -0.007499
v 0.017600 0.008697 -0.007496
v 0.017560 0.008730 -0.007446
v 0.017600 0.008730 -0.007446
v 0.017560 0.008731 -0.007440
v 0.017600 0.008673 -0.007504
v 0.017560 0.008666 -0.007504
v 0.017600 0.008666 -0.007504
v 0.017560 0.008673 -0.007504
v 0.017560 0.008666 -0.007504
v 0.017600 0.008673 -0.007504
v 0.017560 0.008673 -0.007504
v 0.017600 0.008673 -0.007504
v 0.017600 0.008679 -0.007503
v 0.017560 0.008673 -0.007504
v 0.017600 0.008679 -0.007503
v 0.017560 0.008679 -0.007503
v 0.017600 0.008679 -0.007503
v 0.017600 0.008685 -0.007501
v 0.017560 0.008679 -0.007503
v 0.017600 0.008685 -0.007501
v 0.017560 0.008685 -0.007501
v 0.017560 0.008679 -0.007503
v 0.017600 0.008691 -0.007499
v 0.017560 0.008685 -0.007501
v 0.017600 0.008685 -0.007501
v 0.017560 0.008691 -0.007499
v 0.017560 0.008685 -0.007501
v 0.017600 0.008691 -0.007499
v 0.017600 0.008702 -0.007493
v 0.017560 0.008697 -0.007496
v 0.017600 0.008697 -0.007496
v 0.017600 0.008707 -0.007489
v 0.017560 0.008707 -0.007489
v 0.017560 0.008702 -0.007493
v 0.017600 0.008712 -0.007485
v 0.017600 0.008716 -0.007481
v 0.017560 0.008712 -0.007485
v 0.017560 0.008716 -0.007481
v 0.017600 0.008720 -0.007476
v 0.017560 0.008720 -0.007476
v 0.017560 0.008723 -0.007470
v 0.017600 0.008723 -0.007470
v 0.017600 0.008726 -0.007464
v 0.017560 0.008728 -0.007459
v 0.017560 0.008726 -0.007464
v 0.017600 0.008728 -0.007459
v 0.017600 0.008730 -0.007446
v 0.017600 0.008731 -0.007440
v 0.017560 0.008731 -0.007440
v 0.017560 0.008729 -0.007452
v 0.017600 0.008729 -0.007452
v 0.017600 0.008730 -0.007446
v 0.017577 0.008613 -0.007357
v 0.017560 0.008647 -0.007357
v 0.017600 0.008636 -0.007357
v 0.017560 0.008613 -0.007357
v 0.017560 0.008647 -0.007357
v 0.017577 0.008613 -0.007357
v 0.017600 0.008647 -0.007357
v 0.017600 0.008636 -0.007357
v 0.017560 0.008647 -0.007357
v 0.017560 0.008613 -0.007443
v 0.017577 0.008613 -0.007443
v 0.017560 0.008647 -0.007443
v 0.017600 0.008636 -0.007443
v 0.017600 0.008647 -0.007443
v 0.017560 0.008647 -0.007443
v 0.017577 0.008613 -0.007443
v 0.017600 0.008636 -0.007443
v 0.017560 0.008647 -0.007443
v 0.017560 0.008875 -0.007440
v 0.017560 0.008875 -0.007360
v 0.017600 0.008875 -0.007440
v 0.017600 0.008875 -0.007440
v 0.017560 0.008875 -0.007360
v 0.017600 0.008875 -0.007360
v 0.017600 0.008939 -0.007296
v 0.017600 0.008933 -0.007296
v 0.017560 0.008939 -0.007296
v 0.017600 0.008933 -0.007296
v 0.017560 0.008933 -0.007296
v 0.017560 0.008939 -0.007296
v 0.017600 0.008927 -0.007297
v 0.017560 0.008933 -0.007296
v 0.017600 0.008933 -0.007296
v 0.017560 0.008927 -0.007297
v 0.017560 0.008933 -0.007296
v 0.017600 0.008927 -0.007297
v 0.017560 0.008927 -0.007297
v 0.017600 0.008927 -0.007297
v 0.017600 0.008921 -0.007299
v 0.017560 0.008927 -0.007297
v 0.017600 0.008921 -0.007299
v 0.017560 0.008921 -0.007299
v 0.017600 0.008921 -0.007299
v 0.017600 0.008915 -0.007301
v 0.017560 0.008921 -0.007299
v 0.017600 0.008915 -0.007301
v 0.017560 0.008915 -0.007301
v 0.017560 0.008921 -0.007299
v 0.017600 0.008909 -0.007304
v 0.017560 0.008915 -0.007301
v 0.017600 0.008915 -0.007301
v 0.017560 0.008909 -0.007304
v 0.017560 0.008915 -0.007301
v 0.017600 0.008909 -0.007304
v 0.017560 0.008909 -0.007304
v 0.017600 0.008909 -0.007304
v 0.017600 0.008904 -0.007307
v 0.017560 0.008909 -0.007304
v 0.017600 0.008904 -0.007307
v 0.017560 0.008904 -0.007307
v 0.017600 0.008904 -0.007307
v 0.017600 0.008899 -0.007311
v 0.017560 0.008904 -0.007307
v 0.017600 0.008899 -0.007311
v 0.017560 0.008899 -0.007311
v 0.017560 0.008904 -0.007307
v 0.017560 0.008890 -0.007319
v 0.017600 0.008886 -0.007324
v 0.017560 0.008886 -0.007324
v 0.017560 0.008886 -0.007324
v 0.017600 0.008886 -0.007324
v 0.017600 0.008883 -0.007330
v 0.017560 0.008875 -0.007360
v 0.017560 0.008876 -0.007354
v 0.017600 0.008875 -0.007360
v 0.017560 0.008876 -0.007354
v 0.017600 0.008876 -0.007354
v 0.017600 0.008875 -0.007360
v 0.017560 0.008877 -0.007348
v 0.017600 0.008876 -0.007354
v 0.017560 0.008876 -0.007354
v 0.017600 0.008877 -0.007348
v 0.017600 0.008876 -0.007354
v 0.017560 0.008877 -0.007348
v 0.017600 0.008877 -0.007348
v 0.017560 0.008877 -0.007348
v 0.017560 0.008878 -0.007341
v 0.017600 0.008877 -0.007348
v 0.017560 0.008878 -0.007341
v 0.017600 0.008878 -0.007341
v 0.017560 0.008878 -0.007341
v 0.017560 0.008880 -0.007336
v 0.017600 0.008878 -0.007341
v 0.017560 0.008880 -0.007336
v 0.017600 0.008880 -0.007336
v 0.017600 0.008878 -0.007341
v 0.017560 0.008883 -0.007330
v 0.017600 0.008880 -0.007336
v 0.017560 0.008880 -0.007336
v 0.017600 0.008883 -0.007330
v 0.017600 0.008880 -0.007336
v 0.017560 0.008883 -0.007330
v 0.017600 0.008883 -0.007330
v 0.017560 0.008883 -0.007330
v 0.017560 0.008886 -0.007324
v 0.017600 0.008886 -0.007324
v 0.017560 0.008890 -0.007319
v 0.017600 0.008890 -0.007319
v 0.017560 0.008890 -0.007319
v 0.017560 0.008894 -0.007315
v 0.017600 0.008890 -0.007319
v 0.017560 0.008894 -0.007315
v 0.017600 0.008894 -0.007315
v 0.017600 0.008890 -0.007319
v 0.017560 0.008899 -0.007311
v 0.017600 0.008894 -0.007315
v 0.017560 0.008894 -0.007315
v 0.017560 0.008899 -0.007311
v 0.017600 0.008899 -0.007311
v 0.017600 0.008894 -0.007315
v 0.017600 0.008939 -0.007296
v 0.017560 0.008939 -0.007296
v 0.017600 0.008949 -0.007296
v 0.017600 0.008949 -0.007296
v 0.017560 0.008939 -0.007296
v 0.017560 0.008949 -0.007296
v 0.017560 0.008959 -0.007357
v 0.017600 0.008959 -0.007357
v 0.017560 0.008959 -0.007306
v 0.017560 0.008959 -0.007306
v 0.017600 0.008959 -0.007357
v 0.017600 0.008959 -0.007306
v 0.017600 0.008959 -0.007443
v 0.017560 0.008959 -0.007443
v 0.017600 0.008959 -0.007494
v 0.017600 0.008959 -0.007494
v 0.017560 0.008959 -0.007443
v 0.017560 0.008959 -0.007494
v 0.017560 0.008939 -0.007504
v 0.017600 0.008939 -0.007504
v 0.017560 0.008949 -0.007504
v 0.017560 0.008949 -0.007504
v 0.017600 0.008939 -0.007504
v 0.017600 0.008949 -0.007504
v 0.017600 0.008875 -0.007440
v 0.017600 0.008876 -0.007446
v 0.017560 0.008875 -0.007440
v 0.017600 0.008876 -0.007446
v 0.017600 0.008877 -0.007452
v 0.017560 0.008876 -0.007446
v 0.017600 0.008877 -0.007452
v 0.017560 0.008877 -0.007452
v 0.017560 0.008876 -0.007446
v 0.017600 0.008878 -0.007459
v 0.017560 0.008878 -0.007459
v 0.017560 0.008877 -0.007452
v 0.017600 0.008880 -0.007464
v 0.017560 0.008880 -0.007464
v 0.017560 0.008878 -0.007459
v 0.017600 0.008883 -0.007470
v 0.017560 0.008880 -0.007464
v 0.017600 0.008880 -0.007464
v 0.017600 0.008886 -0.007476
v 0.017560 0.008883 -0.007470
v 0.017600 0.008883 -0.007470
v 0.017560 0.008886 -0.007476
v 0.017560 0.008883 -0.007470
v 0.017600 0.008886 -0.007476
v 0.017560 0.008890 -0.007481
v 0.017560 0.008886 -0.007476
v 0.017600 0.008890 -0.007481
v 0.017560 0.008890 -0.007481
v 0.017600 0.008890 -0.007481
v 0.017600 0.008894 -0.007485
v 0.017560 0.008894 -0.007485
v 0.017600 0.008894 -0.007485
v 0.017600 0.008899 -0.007489
v 0.017560 0.008894 -0.007485
v 0.017600 0.008899 -0.007489
v 0.017560 0.008899 -0.007489
v 0.017560 0.008899 -0.007489
v 0.017600 0.008904 -0.007493
v 0.017560 0.008904 -0.007493
v 0.017600 0.008904 -0.007493
v 0.017600 0.008909 -0.007496
v 0.017560 0.008904 -0.007493
v 0.017600 0.008909 -0.007496
v 0.017600 0.008915 -0.007499
v 0.017560 0.008909 -0.007496
v 0.017600 0.008915 -0.007499
v 0.017560 0.008915 -0.007499
v 0.017560 0.008909 -0.007496
v 0.017560 0.008933 -0.007504
v 0.017600 0.008939 -0.007504
v 0.017560 0.008939 -0.007504
v 0.017600 0.008933 -0.007504
v 0.017600 0.008939 -0.007504
v 0.017560 0.008933 -0.007504
v 0.017600 0.008933 -0.007504
v 0.017560 0.008933 -0.007504
v 0.017560 0.008927 -0.007503
v 0.017600 0.008933 -0.007504
v 0.017560 0.008927 -0.007503
v 0.017600 0.008927 -0.007503
v 0.017560 0.008927 -0.007503
v 0.017560 0.008921 -0.007501
v 0.017600 0.008927 -0.007503
v 0.017560 0.008921 -0.007501
v 0.017600 0.008921 -0.007501
v 0.017600 0.008927 -0.007503
v 0.017560 0.008915 -0.007499
v 0.017600 0.008921 -0.007501
v 0.017560 0.008921 -0.007501
v 0.017600 0.008915 -0.007499
v 0.017600 0.008921 -0.007501
v 0.017560 0.008915 -0.007499
v 0.017560 0.008904 -0.007493
v 0.017600 0.008909 -0.007496
v 0.017560 0.008909 -0.007496
v 0.017560 0.008899 -0.007489
v 0.017600 0.008899 -0.007489
v 0.017600 0.008904 -0.007493
v 0.017560 0.008894 -0.007485
v 0.017560 0.008890 -0.007481
v 0.017600 0.008894 -0.007485
v 0.017600 0.008890 -0.007481
v 0.017560 0.008886 -0.007476
v 0.017600 0.008886 -0.007476
v 0.017600 0.008883 -0.007470
v 0.017560 0.008883 -0.007470
v 0.017560 0.008880 -0.007464
v 0.017600 0.008878 -0.007459
v 0.017600 0.008880 -0.007464
v 0.017560 0.008878 -0.007459
v 0.017560 0.008876 -0.007446
v 0.017560 0.008875 -0.007440
v 0.017600 0.008876 -0.007446
v 0.017560 0.008877 -0.007452
v 0.017600 0.008877 -0.007452
v 0.017600 0.008878 -0.007459
v 0.017600 0.008959 -0.007357
v 0.017560 0.008959 -0.007357
v 0.017600 0.008970 -0.007357
v 0.017577 0.008993 -0.007357
v 0.017560 0.008959 -0.007357
v 0.017560 0.008993 -0.007357
v 0.017577 0.008993 -0.007357
v 0.017600 0.008970 -0.007357
v 0.017560 0.008959 -0.007357
v 0.017600 0.008959 -0.007443
v 0.017600 0.008970 -0.007443
v 0.017560 0.008959 -0.007443
v 0.017560 0.008959 -0.007443
v 0.017600 0.008970 -0.007443
v 0.017577 0.008993 -0.007443
v 0.017577 0.008993 -0.007443
v 0.017560 0.008993 -0.007443
v 0.017560 0.008959 -0.007443
v 0.017567 0.009003 -0.007453
v 0.017560 0.009003 -0.007453
v 0.017560 0.009003 -0.007451
v 0.017567 0.009003 -0.007451
v 0.017567 0.009003 -0.007453
v 0.017560 0.009003 -0.007451
v 0.017560 0.009003 -0.007451
v 0.017560 0.009002 -0.007449
v 0.017567 0.009003 -0.007451
v 0.017567 0.009003 -0.007451
v 0.017560 0.009002 -0.007449
v 0.017568 0.009002 -0.007449
v 0.017568 0.009002 -0.007449
v 0.017560 0.009002 -0.007449
v 0.017560 0.009001 -0.007447
v 0.017569 0.009001 -0.007447
v 0.017568 0.009002 -0.007449
v 0.017560 0.009001 -0.007447
v 0.017560 0.009000 -0.007446
v 0.017569 0.009001 -0.007447
v 0.017560 0.009001 -0.007447
v 0.017560 0.008999 -0.007445
v 0.017570 0.009000 -0.007446
v 0.017560 0.009000 -0.007446
v 0.017560 0.009000 -0.007446
v 0.017570 0.009000 -0.007446
v 0.017569 0.009001 -0.007447
v 0.017575 0.008995 -0.007443
v 0.017560 0.008993 -0.007443
v 0.017577 0.008993 -0.007443
v 0.017575 0.008995 -0.007443
v 0.017560 0.008995 -0.007443
v 0.017560 0.008993 -0.007443
v 0.017575 0.008995 -0.007443
v 0.017573 0.008997 -0.007444
v 0.017560 0.008995 -0.007443
v 0.017560 0.008995 -0.007443
v 0.017573 0.008997 -0.007444
v 0.017560 0.008997 -0.007444
v 0.017560 0.008997 -0.007444
v 0.017573 0.008997 -0.007444
v 0.017571 0.008999 -0.007445
v 0.017560 0.008999 -0.007445
v 0.017560 0.008997 -0.007444
v 0.017571 0.008999 -0.007445
v 0.017570 0.009000 -0.007446
v 0.017560 0.008999 -0.007445
v 0.017571 0.008999 -0.007445
v 0.017560 0.009003 -0.007990
v 0.017567 0.009003 -0.007990
v 0.017560 0.009003 -0.007992
v 0.017560 0.009003 -0.007992
v 0.017567 0.009003 -0.007992
v 0.017560 0.009002 -0.007994
v 0.017560 0.009002 -0.007994
v 0.017567 0.009003 -0.007992
v 0.017568 0.009002 -0.007994
v 0.017560 0.009001 -0.007996
v 0.017568 0.009002 -0.007994
v 0.017569 0.009001 -0.007996
v 0.017560 0.009000 -0.007997
v 0.017560 0.009001 -0.007996
v 0.017569 0.009001 -0.007996
v 0.017560 0.008999 -0.007998
v 0.017560 0.009000 -0.007997
v 0.017570 0.009000 -0.007997
v 0.017571 0.008999 -0.007998
v 0.017560 0.008999 -0.007998
v 0.017570 0.009000 -0.007997
v 0.017571 0.008999 -0.007998
v 0.017560 0.008997 -0.007999
v 0.017560 0.008999 -0.007998
v 0.017560 0.008993 -0.008000
v 0.017560 0.008995 -0.008000
v 0.017575 0.008995 -0.008000
v 0.017575 0.008995 -0.008000
v 0.017577 0.008993 -0.008000
v 0.017560 0.008993 -0.008000
v 0.017560 0.008995 -0.008000
v 0.017573 0.008997 -0.007999
v 0.017575 0.008995 -0.008000
v 0.017570 0.009000 -0.007997
v 0.017560 0.009000 -0.007997
v 0.017569 0.009001 -0.007996
v 0.017560 0.008997 -0.007999
v 0.017571 0.008999 -0.007998
v 0.017573 0.008997 -0.007999
v 0.017567 0.009003 -0.007992
v 0.017560 0.009003 -0.007992
v 0.017567 0.009003 -0.007990
v 0.017560 0.008995 -0.008000
v 0.017560 0.008997 -0.007999
v 0.017573 0.008997 -0.007999
v 0.017568 0.009002 -0.007994
v 0.017560 0.009001 -0.007996
v 0.017560 0.009002 -0.007994
v 0.017560 0.008613 -0.008000
v 0.017577 0.008613 -0.008000
v 0.017575 0.008611 -0.008000
v 0.017560 0.008611 -0.008000
v 0.017560 0.008613 -0.008000
v 0.017575 0.008611 -0.008000
v 0.017573 0.008609 -0.007999
v 0.017560 0.008611 -0.008000
v 0.017575 0.008611 -0.008000
v 0.017573 0.008609 -0.007999
v 0.017560 0.008609 -0.007999
v 0.017560 0.008611 -0.008000
v 0.017571 0.008607 -0.007998
v 0.017560 0.008607 -0.007998
v 0.017560 0.008609 -0.007999
v 0.017570 0.008606 -0.007997
v 0.017560 0.008606 -0.007997
v 0.017560 0.008607 -0.007998
v 0.017569 0.008605 -0.007996
v 0.017560 0.008605 -0.007996
v 0.017560 0.008606 -0.007997
v 0.017568 0.008604 -0.007994
v 0.017560 0.008604 -0.007994
v 0.017560 0.008605 -0.007996
v 0.017567 0.008603 -0.007992
v 0.017567 0.008603 -0.007990
v 0.017560 0.008603 -0.007992
v 0.017560 0.008603 -0.007992
v 0.017567 0.008603 -0.007990
v 0.017560 0.008603 -0.007990
v 0.017560 0.008604 -0.007994
v 0.017567 0.008603 -0.007992
v 0.017560 0.008603 -0.007992
v 0.017560 0.008604 -0.007994
v 0.017568 0.008604 -0.007994
v 0.017567 0.008603 -0.007992
v 0.017560 0.008605 -0.007996
v 0.017569 0.008605 -0.007996
v 0.017568 0.008604 -0.007994
v 0.017560 0.008606 -0.007997
v 0.017570 0.008606 -0.007997
v 0.017569 0.008605 -0.007996
v 0.017560 0.008607 -0.007998
v 0.017571 0.008607 -0.007998
v 0.017570 0.008606 -0.007997
v 0.017560 0.008609 -0.007999
v 0.017573 0.008609 -0.007999
v 0.017571 0.008607 -0.007998
v 0.017560 0.008613 -0.007443
v 0.017575 0.008611 -0.007443
v 0.017577 0.008613 -0.007443
v 0.017560 0.008613 -0.007443
v 0.017560 0.008611 -0.007443
v 0.017575 0.008611 -0.007443
v 0.017575 0.008611 -0.007443
v 0.017560 0.008611 -0.007443
v 0.017573 0.008609 -0.007444
v 0.017573 0.008609 -0.007444
v 0.017560 0.008611 -0.007443
v 0.017560 0.008609 -0.007444
v 0.017560 0.008607 -0.007445
v 0.017560 0.008606 -0.007446
v 0.017570 0.008606 -0.007446
v 0.017571 0.008607 -0.007445
v 0.017560 0.008609 -0.007444
v 0.017560 0.008607 -0.007445
v 0.017560 0.008606 -0.007446
v 0.017560 0.008605 -0.007447
v 0.017569 0.008605 -0.007447
v 0.017571 0.008607 -0.007445
v 0.017573 0.008609 -0.007444
v 0.017560 0.008609 -0.007444
v 0.017560 0.008603 -0.007451
v 0.017560 0.008603 -0.007453
v 0.017567 0.008603 -0.007453
v 0.017567 0.008603 -0.007451
v 0.017560 0.008603 -0.007451
v 0.017567 0.008603 -0.007453
v 0.017567 0.008603 -0.007451
v 0.017560 0.008604 -0.007449
v 0.017560 0.008603 -0.007451
v 0.017567 0.008603 -0.007451
v 0.017568 0.008604 -0.007449
v 0.017560 0.008604 -0.007449
v 0.017560 0.008604 -0.007449
v 0.017568 0.008604 -0.007449
v 0.017560 0.008605 -0.007447
v 0.017560 0.008605 -0.007447
v 0.017568 0.008604 -0.007449
v 0.017569 0.008605 -0.007447
v 0.017560 0.008606 -0.007446
v 0.017569 0.008605 -0.007447
v 0.017570 0.008606 -0.007446
v 0.017570 0.008606 -0.007446
v 0.017571 0.008607 -0.007445
v 0.017560 0.008607 -0.007445
v 0.017560 0.008603 -0.007347
v 0.017560 0.008603 -0.007349
v 0.017567 0.008603 -0.007349
v 0.017560 0.008603 -0.007349
v 0.017560 0.008603 -0.007349
v 0.017560 0.008604 -0.007351
v 0.017567 0.008603 -0.007349
v 0.017567 0.008603 -0.007349
v 0.017560 0.008604 -0.007351
v 0.017568 0.008604 -0.007351
v 0.017568 0.008604 -0.007351
v 0.017560 0.008604 -0.007351
v 0.017560 0.008605 -0.007353
v 0.017569 0.008605 -0.007353
v 0.017568 0.008604 -0.007351
v 0.017560 0.008605 -0.007353
v 0.017560 0.008606 -0.007354
v 0.017569 0.008605 -0.007353
v 0.017560 0.008605 -0.007353
v 0.017560 0.008607 -0.007355
v 0.017570 0.008606 -0.007354
v 0.017560 0.008606 -0.007354
v 0.017560 0.008606 -0.007354
v 0.017570 0.008606 -0.007354
v 0.017569 0.008605 -0.007353
v 0.017575 0.008611 -0.007357
v 0.017560 0.008613 -0.007357
v 0.017577 0.008613 -0.007357
v 0.017575 0.008611 -0.007357
v 0.017560 0.008611 -0.007357
v 0.017560 0.008613 -0.007357
v 0.017575 0.008611 -0.007357
v 0.017573 0.008609 -0.007356
v 0.017560 0.008611 -0.007357
v 0.017560 0.008611 -0.007357
v 0.017573 0.008609 -0.007356
v 0.017560 0.008609 -0.007356
v 0.017560 0.008609 -0.007356
v 0.017573 0.008609 -0.007356
v 0.017571 0.008607 -0.007355
v 0.017560 0.008607 -0.007355
v 0.017560 0.008609 -0.007356
v 0.017571 0.008607 -0.007355
v 0.017570 0.008606 -0.007354
v 0.017560 0.008607 -0.007355
v 0.017571 0.008607 -0.007355
v 0.017560 0.008655 -0.007504
v 0.017560 0.008653 -0.007503
v 0.017600 0.008655 -0.007504
v 0.017560 0.008653 -0.007503
v 0.017560 0.008651 -0.007502
v 0.017600 0.008653 -0.007503
v 0.017560 0.008651 -0.007502
v 0.017600 0.008651 -0.007502
v 0.017600 0.008653 -0.007503
v 0.017560 0.008650 -0.007501
v 0.017600 0.008650 -0.007501
v 0.017600 0.008651 -0.007502
v 0.017560 0.008649 -0.007500
v 0.017600 0.008650 -0.007501
v 0.017560 0.008650 -0.007501
v 0.017560 0.008648 -0.007498
v 0.017600 0.008649 -0.007500
v 0.017560 0.008649 -0.007500
v 0.017600 0.008648 -0.007498
v 0.017600 0.008649 -0.007500
v 0.017560 0.008648 -0.007498
v 0.017560 0.008655 -0.007504
v 0.017600 0.008655 -0.007504
v 0.017560 0.008657 -0.007504
v 0.017600 0.008647 -0.007496
v 0.017560 0.008647 -0.007494
v 0.017600 0.008647 -0.007494
v 0.017560 0.008647 -0.007496
v 0.017560 0.008647 -0.007494
v 0.017600 0.008647 -0.007496
v 0.017560 0.008647 -0.007496
v 0.017600 0.008647 -0.007496
v 0.017600 0.008648 -0.007498
v 0.017560 0.008647 -0.007496
v 0.017600 0.008648 -0.007498
v 0.017560 0.008648 -0.007498
v 0.017560 0.008649 -0.007500
v 0.017600 0.008649 -0.007500
v 0.017600 0.008650 -0.007501
v 0.017560 0.008651 -0.007502
v 0.017560 0.008650 -0.007501
v 0.017600 0.008651 -0.007502
v 0.017600 0.008655 -0.007504
v 0.017600 0.008657 -0.007504
v 0.017560 0.008657 -0.007504
v 0.017560 0.008653 -0.007503
v 0.017600 0.008653 -0.007503
v 0.017600 0.008655 -0.007504
v 0.017560 0.008647 -0.007304
v 0.017560 0.008648 -0.007302
v 0.017600 0.008647 -0.007304
v 0.017560 0.008648 -0.007302
v 0.017560 0.008649 -0.007300
v 0.017600 0.008648 -0.007302
v 0.017560 0.008649 -0.007300
v 0.017600 0.008649 -0.007300
v 0.017600 0.008648 -0.007302
v 0.017560 0.008650 -0.007299
v 0.017600 0.008650 -0.007299
v 0.017600 0.008649 -0.007300
v 0.017560 0.008651 -0.007298
v 0.017600 0.008650 -0.007299
v 0.017560 0.008650 -0.007299
v 0.017560 0.008653 -0.007297
v 0.017600 0.008651 -0.007298
v 0.017560 0.008651 -0.007298
v 0.017600 0.008653 -0.007297
v 0.017600 0.008651 -0.007298
v 0.017560 0.008653 -0.007297
v 0.017560 0.008647 -0.007304
v 0.017600 0.008647 -0.007304
v 0.017560 0.008647 -0.007306
v 0.017600 0.008655 -0.007296
v 0.017560 0.008657 -0.007296
v 0.017600 0.008657 -0.007296
v 0.017560 0.008655 -0.007296
v 0.017560 0.008657 -0.007296
v 0.017600 0.008655 -0.007296
v 0.017560 0.008655 -0.007296
v 0.017600 0.008655 -0.007296
v 0.017600 0.008653 -0.007297
v 0.017560 0.008655 -0.007296
v 0.017600 0.008653 -0.007297
v 0.017560 0.008653 -0.007297
v 0.017560 0.008651 -0.007298
v 0.017600 0.008651 -0.007298
v 0.017600 0.008650 -0.007299
v 0.017560 0.008649 -0.007300
v 0.017560 0.008650 -0.007299
v 0.017600 0.008649 -0.007300
v 0.017600 0.008647 -0.007304
v 0.017600 0.008647 -0.007306
v 0.017560 0.008647 -0.007306
v 0.017560 0.008648 -0.007302
v 0.017600 0.008648 -0.007302
v 0.017600 0.008647 -0.007304
v 0.017560 0.008959 -0.007496
v 0.017560 0.008958 -0.007498
v 0.017600 0.008959 -0.007496
v 0.017560 0.008958 -0.007498
v 0.017560 0.008957 -0.007500
v 0.017600 0.008958 -0.007498
v 0.017560 0.008957 -0.007500
v 0.017600 0.008957 -0.007500
v 0.017600 0.008958 -0.007498
v 0.017560 0.008956 -0.007501
v 0.017600 0.008956 -0.007501
v 0.017600 0.008957 -0.007500
v 0.017560 0.008955 -0.007502
v 0.017600 0.008956 -0.007501
v 0.017560 0.008956 -0.007501
v 0.017560 0.008953 -0.007503
v 0.017600 0.008955 -0.007502
v 0.017560 0.008955 -0.007502
v 0.017600 0.008953 -0.007503
v 0.017600 0.008955 -0.007502
v 0.017560 0.008953 -0.007503
v 0.017560 0.008949 -0.007504
v 0.017600 0.008949 -0.007504
v 0.017600 0.008951 -0.007504
v 0.017560 0.008949 -0.007504
v 0.017600 0.008951 -0.007504
v 0.017560 0.008951 -0.007504
v 0.017600 0.008951 -0.007504
v 0.017600 0.008953 -0.007503
v 0.017560 0.008951 -0.007504
v 0.017560 0.008959 -0.007496
v 0.017600 0.008959 -0.007496
v 0.017560 0.008959 -0.007494
v 0.017560 0.008953 -0.007503
v 0.017560 0.008951 -0.007504
v 0.017600 0.008953 -0.007503
v 0.017600 0.008959 -0.007496
v 0.017600 0.008959 -0.007494
v 0.017560 0.008959 -0.007494
v 0.017600 0.008959 -0.007496
v 0.017560 0.008958 -0.007498
v 0.017600 0.008958 -0.007498
v 0.017560 0.008957 -0.007500
v 0.017560 0.008956 -0.007501
v 0.017600 0.008957 -0.007500
v 0.017560 0.008955 -0.007502
v 0.017600 0.008955 -0.007502
v 0.017600 0.008956 -0.007501
v 0.017560 0.008993 -0.007200
v 0.017577 0.008993 -0.007200
v 0.017575 0.008995 -0.007200
v 0.017560 0.008995 -0.007200
v 0.017560 0.008993 -0.007200
v 0.017575 0.008995 -0.007200
v 0.017573 0.008997 -0.007201
v 0.017560 0.008995 -0.007200
v 0.017575 0.008995 -0.007200
v 0.017573 0.008997 -0.007201
v 0.017560 0.008997 -0.007201
v 0.017560 0.008995 -0.007200
v 0.017573 0.008997 -0.007201
v 0.017571 0.008999 -0.007202
v 0.017560 0.008997 -0.007201
v 0.017560 0.008997 -0.007201
v 0.017571 0.008999 -0.007202
v 0.017560 0.008999 -0.007202
v 0.017560 0.008999 -0.007202
v 0.017570 0.009000 -0.007203
v 0.017560 0.009000 -0.007203
v 0.017560 0.009003 -0.007210
v 0.017560 0.009003 -0.007208
v 0.017560 0.009003 -0.007208
v 0.017567 0.009003 -0.007208
v 0.017560 0.009003 -0.007208
v 0.017560 0.009002 -0.007206
v 0.017567 0.009003 -0.007208
v 0.017567 0.009003 -0.007208
v 0.017560 0.009002 -0.007206
v 0.017568 0.009002 -0.007206
v 0.017568 0.009002 -0.007206
v 0.017560 0.009002 -0.007206
v 0.017560 0.009001 -0.007204
v 0.017569 0.009001 -0.007204
v 0.017568 0.009002 -0.007206
v 0.017560 0.009001 -0.007204
v 0.017560 0.009000 -0.007203
v 0.017569 0.009001 -0.007204
v 0.017560 0.009001 -0.007204
v 0.017560 0.009000 -0.007203
v 0.017570 0.009000 -0.007203
v 0.017569 0.009001 -0.007204
v 0.017570 0.009000 -0.007203
v 0.017560 0.008999 -0.007202
v 0.017571 0.008999 -0.007202
v 0.017560 0.008603 -0.007210
v 0.017560 0.008603 -0.007208
v 0.017560 0.008603 -0.007208
v 0.017567 0.008603 -0.007208
v 0.017560 0.008604 -0.007206
v 0.017560 0.008603 -0.007208
v 0.017567 0.008603 -0.007208
v 0.017568 0.008604 -0.007206
v 0.017560 0.008604 -0.007206
v 0.017567 0.008603 -0.007208
v 0.017568 0.008604 -0.007206
v 0.017560 0.008605 -0.007204
v 0.017560 0.008604 -0.007206
v 0.017568 0.008604 -0.007206
v 0.017569 0.008605 -0.007204
v 0.017560 0.008605 -0.007204
v 0.017560 0.008605 -0.007204
v 0.017569 0.008605 -0.007204
v 0.017560 0.008606 -0.007203
v 0.017560 0.008606 -0.007203
v 0.017569 0.008605 -0.007204
v 0.017570 0.008606 -0.007203
v 0.017560 0.008607 -0.007202
v 0.017560 0.008606 -0.007203
v 0.017570 0.008606 -0.007203
v 0.017577 0.008613 -0.007200
v 0.017560 0.008613 -0.007200
v 0.017575 0.008611 -0.007200
v 0.017575 0.008611 -0.007200
v 0.017560 0.008613 -0.007200
v 0.017560 0.008611 -0.007200
v 0.017573 0.008609 -0.007201
v 0.017575 0.008611 -0.007200
v 0.017560 0.008611 -0.007200
v 0.017571 0.008607 -0.007202
v 0.017560 0.008609 -0.007201
v 0.017560 0.008607 -0.007202
v 0.017571 0.008607 -0.007202
v 0.017573 0.008609 -0.007201
v 0.017560 0.008609 -0.007201
v 0.017570 0.008606 -0.007203
v 0.017571 0.008607 -0.007202
v 0.017560 0.008607 -0.007202
v 0.017573 0.008609 -0.007201
v 0.017560 0.008611 -0.007200
v 0.017560 0.008609 -0.007201
v 0.017560 0.008951 -0.007296
v 0.017600 0.008951 -0.007296
v 0.017560 0.008949 -0.007296
v 0.017560 0.008953 -0.007297
v 0.017600 0.008951 -0.007296
v 0.017560 0.008951 -0.007296
v 0.017560 0.008955 -0.007298
v 0.017600 0.008953 -0.007297
v 0.017560 0.008953 -0.007297
v 0.017600 0.008955 -0.007298
v 0.017600 0.008953 -0.007297
v 0.017560 0.008955 -0.007298
v 0.017600 0.008956 -0.007299
v 0.017600 0.008955 -0.007298
v 0.017560 0.008956 -0.007299
v 0.017600 0.008956 -0.007299
v 0.017560 0.008956 -0.007299
v 0.017560 0.008957 -0.007300
v 0.017600 0.008957 -0.007300
v 0.017560 0.008957 -0.007300
v 0.017560 0.008958 -0.007302
v 0.017600 0.008959 -0.007306
v 0.017600 0.008959 -0.007304
v 0.017560 0.008959 -0.007306
v 0.017600 0.008959 -0.007304
v 0.017560 0.008959 -0.007304
v 0.017560 0.008959 -0.007306
v 0.017600 0.008958 -0.007302
v 0.017560 0.008959 -0.007304
v 0.017600 0.008959 -0.007304
v 0.017560 0.008958 -0.007302
v 0.017560 0.008959 -0.007304
v 0.017600 0.008958 -0.007302
v 0.017560 0.008958 -0.007302
v 0.017600 0.008958 -0.007302
v 0.017600 0.008957 -0.007300
v 0.017560 0.008957 -0.007300
v 0.017600 0.008957 -0.007300
v 0.017600 0.008956 -0.007299
v 0.017560 0.008955 -0.007298
v 0.017560 0.008956 -0.007299
v 0.017600 0.008955 -0.007298
v 0.017600 0.008951 -0.007296
v 0.017600 0.008949 -0.007296
v 0.017560 0.008949 -0.007296
v 0.017560 0.008953 -0.007297
v 0.017600 0.008953 -0.007297
v 0.017600 0.008951 -0.007296
v 0.017560 0.008993 -0.007357
v 0.017575 0.008995 -0.007357
v 0.017577 0.008993 -0.007357
v 0.017560 0.008993 -0.007357
v 0.017560 0.008995 -0.007357
v 0.017575 0.008995 -0.007357
v 0.017575 0.008995 -0.007357
v 0.017560 0.008995 -0.007357
v 0.017573 0.008997 -0.007356
v 0.017573 0.008997 -0.007356
v 0.017560 0.008995 -0.007357
v 0.017560 0.008997 -0.007356
v 0.017560 0.008999 -0.007355
v 0.017560 0.009000 -0.007354
v 0.017570 0.009000 -0.007354
v 0.017571 0.008999 -0.007355
v 0.017560 0.008997 -0.007356
v 0.017560 0.008999 -0.007355
v 0.017560 0.009000 -0.007354
v 0.017560 0.009001 -0.007353
v 0.017569 0.009001 -0.007353
v 0.017571 0.008999 -0.007355
v 0.017573 0.008997 -0.007356
v 0.017560 0.008997 -0.007356
v 0.017560 0.009003 -0.007349
v 0.017560 0.009003 -0.007347
v 0.017567 0.009003 -0.007349
v 0.017560 0.009003 -0.007349
v 0.017567 0.009003 -0.007349
v 0.017560 0.009002 -0.007351
v 0.017560 0.009003 -0.007349
v 0.017567 0.009003 -0.007349
v 0.017568 0.009002 -0.007351
v 0.017560 0.009002 -0.007351
v 0.017560 0.009002 -0.007351
v 0.017568 0.009002 -0.007351
v 0.017560 0.009001 -0.007353
v 0.017560 0.009001 -0.007353
v 0.017568 0.009002 -0.007351
v 0.017569 0.009001 -0.007353
v 0.017560 0.009000 -0.007354
v 0.017569 0.009001 -0.007353
v 0.017570 0.009000 -0.007354
v 0.017570 0.009000 -0.007354
v 0.017571 0.008999 -0.007355
v 0.017560 0.008999 -0.007355
v 0.017510 0.008773 -0.007380
v 0.017510 0.008773 -0.007420
v 0.017560 0.008773 -0.007380
v 0.017560 0.008773 -0.007420
v 0.017560 0.008773 -0.007380
v 0.017470 0.008780 -0.007380
v 0.017510 0.008773 -0.007380
v 0.017470 0.008783 -0.007380
v 0.017510 0.008773 -0.007380
v 0.017560 0.008783 -0.007380
v 0.017560 0.008773 -0.007380
v 0.017560 0.008783 -0.007380
v 0.017510 0.008773 -0.007380
v 0.017510 0.008783 -0.007370
v 0.017560 0.008783 -0.007380
v 0.017560 0.008783 -0.007370
v 0.017470 0.008783 -0.007380
v 0.017560 0.008783 -0.007380
v 0.017470 0.008783 -0.007380
v 0.017470 0.008783 -0.007377
v 0.017510 0.008823 -0.007370
v 0.017510 0.008783 -0.007370
v 0.017560 0.008823 -0.007370
v 0.017510 0.008783 -0.007370
v 0.017560 0.008783 -0.007370
v 0.017560 0.008823 -0.007370
v 0.017470 0.008823 -0.007377
v 0.017510 0.008823 -0.007370
v 0.017470 0.008823 -0.007380
v 0.017510 0.008823 -0.007370
v 0.017560 0.008823 -0.007380
v 0.017560 0.008823 -0.007370
v 0.017560 0.008823 -0.007380
v 0.017510 0.008823 -0.007370
v 0.017510 0.008833 -0.007380
v 0.017560 0.008823 -0.007380
v 0.017560 0.008833 -0.007380
v 0.017470 0.008823 -0.007380
v 0.017560 0.008823 -0.007380
v 0.017470 0.008823 -0.007380
v 0.017470 0.008826 -0.007380
v 0.017510 0.008833 -0.007420
v 0.017510 0.008833 -0.007380
v 0.017560 0.008833 -0.007420
v 0.017510 0.008833 -0.007380
v 0.017560 0.008833 -0.007380
v 0.017560 0.008833 -0.007420
v 0.017470 0.008826 -0.007420
v 0.017510 0.008833 -0.007420
v 0.017470 0.008823 -0.007420
v 0.017510 0.008833 -0.007420
v 0.017560 0.008823 -0.007420
v 0.017560 0.008833 -0.007420
v 0.017560 0.008823 -0.007420
v 0.017510 0.008833 -0.007420
v 0.017510 0.008823 -0.007430
v 0.017560 0.008823 -0.007420
v 0.017560 0.008823 -0.007430
v 0.017470 0.008823 -0.007420
v 0.017560 0.008823 -0.007420
v 0.017470 0.008823 -0.007420
v 0.017470 0.008823 -0.007423
v 0.017510 0.008783 -0.007430
v 0.017510 0.008823 -0.007430
v 0.017560 0.008783 -0.007430
v 0.017510 0.008823 -0.007430
v 0.017560 0.008823 -0.007430
v 0.017560 0.008783 -0.007430
v 0.017470 0.008783 -0.007423
v 0.017510 0.008783 -0.007430
v 0.017470 0.008783 -0.007420
v 0.017510 0.008783 -0.007430
v 0.017560 0.008783 -0.007420
v 0.017560 0.008783 -0.007430
v 0.017560 0.008783 -0.007420
v 0.017510 0.008783 -0.007430
v 0.017560 0.008807 -0.007420
v 0.017470 0.008807 -0.007420
v 0.017560 0.008803 -0.007420
v 0.017560 0.008811 -0.007418
v 0.017560 0.008814 -0.007417
v 0.017470 0.008811 -0.007418
v 0.017470 0.008814 -0.007417
v 0.017470 0.008817 -0.007414
v 0.017560 0.008817 -0.007414
v 0.017560 0.008820 -0.007411
v 0.017470 0.008820 -0.007411
v 0.017560 0.008821 -0.007408
v 0.017470 0.008821 -0.007408
v 0.017560 0.008823 -0.007404
v 0.017470 0.008823 -0.007404
v 0.017560 0.008823 -0.007400
v 0.017560 0.008823 -0.007396
v 0.017470 0.008823 -0.007400
v 0.017470 0.008823 -0.007396
v 0.017560 0.008821 -0.007392
v 0.017470 0.008821 -0.007392
v 0.017560 0.008820 -0.007389
v 0.017560 0.008817 -0.007386
v 0.017470 0.008820 -0.007389
v 0.017470 0.008817 -0.007386
v 0.017470 0.008814 -0.007383
v 0.017560 0.008814 -0.007383
v 0.017560 0.008811 -0.007382
v 0.017470 0.008811 -0.007382
v 0.017560 0.008807 -0.007380
v 0.017470 0.008807 -0.007380
v 0.017560 0.008803 -0.007380
v 0.017470 0.008803 -0.007380
v 0.017560 0.008799 -0.007380
v 0.017470 0.008799 -0.007380
v 0.017560 0.008795 -0.007382
v 0.017470 0.008795 -0.007382
v 0.017560 0.008792 -0.007383
v 0.017560 0.008783 -0.007400
v 0.017470 0.008783 -0.007400
v 0.017470 0.008783 -0.007396
v 0.017560 0.008783 -0.007404
v 0.017470 0.008783 -0.007404
v 0.017560 0.008785 -0.007408
v 0.017470 0.008785 -0.007408
v 0.017560 0.008786 -0.007411
v 0.017470 0.008786 -0.007411
v 0.017560 0.008789 -0.007414
v 0.017560 0.008792 -0.007417
v 0.017470 0.008789 -0.007414
v 0.017470 0.008792 -0.007417
v 0.017470 0.008795 -0.007418
v 0.017560 0.008795 -0.007418
v 0.017470 0.008799 -0.007420
v 0.017560 0.008799 -0.007420
v 0.017470 0.008803 -0.007420
v 0.017560 0.008783 -0.007396
v 0.017470 0.008785 -0.007392
v 0.017560 0.008785 -0.007392
v 0.017470 0.008786 -0.007389
v 0.017560 0.008786 -0.007389
v 0.017470 0.008789 -0.007386
v 0.017560 0.008789 -0.007386
v 0.017470 0.008792 -0.007383
v 0.017510 0.008773 -0.007420
v 0.017560 0.008783 -0.007420
v 0.017560 0.008773 -0.007420
v 0.017470 0.008783 -0.007420
v 0.017560 0.008783 -0.007420
v 0.017510 0.008773 -0.007420
v 0.017470 0.008783 -0.007420
v 0.017510 0.008773 -0.007420
v 0.017470 0.008780 -0.007420
v 0.017470 0.008803 -0.007423
v 0.017470 0.008803 -0.007420
v 0.017470 0.008807 -0.007420
v 0.017470 0.008826 -0.007400
v 0.017470 0.008823 -0.007400
v 0.017470 0.008823 -0.007396
v 0.017470 0.008780 -0.007380
v 0.017470 0.008783 -0.007380
v 0.017470 0.008786 -0.007389
v 0.017470 0.008780 -0.007420
v 0.017470 0.008785 -0.007408
v 0.017470 0.008786 -0.007411
v 0.017470 0.008795 -0.007418
v 0.017470 0.008799 -0.007420
v 0.017470 0.008783 -0.007423
v 0.017470 0.008792 -0.007417
v 0.017470 0.008795 -0.007418
v 0.017470 0.008823 -0.007423
v 0.017470 0.008811 -0.007418
v 0.017470 0.008814 -0.007417
v 0.017470 0.008821 -0.007408
v 0.017470 0.008823 -0.007404
v 0.017470 0.008826 -0.007420
v 0.017470 0.008820 -0.007411
v 0.017470 0.008821 -0.007408
v 0.017470 0.008826 -0.007380
v 0.017470 0.008821 -0.007392
v 0.017470 0.008820 -0.007389
v 0.017470 0.008803 -0.007377
v 0.017470 0.008811 -0.007382
v 0.017470 0.008807 -0.007380
v 0.017470 0.008823 -0.007377
v 0.017470 0.008814 -0.007383
v 0.017470 0.008811 -0.007382
v 0.017470 0.008783 -0.007377
v 0.017470 0.008795 -0.007382
v 0.017470 0.008792 -0.007383
v 0.017470 0.008783 -0.007380
v 0.017470 0.008792 -0.007383
v 0.017470 0.008789 -0.007386
v 0.017470 0.008783 -0.007380
v 0.017470 0.008789 -0.007386
v 0.017470 0.008786 -0.007389
v 0.017470 0.008799 -0.007420
v 0.017470 0.008803 -0.007420
v 0.017470 0.008783 -0.007423
v 0.017470 0.008795 -0.007418
v 0.017470 0.008786 -0.007411
v 0.017470 0.008783 -0.007420
v 0.017470 0.008780 -0.007420
v 0.017470 0.008792 -0.007417
v 0.017470 0.008783 -0.007423
v 0.017470 0.008783 -0.007420
v 0.017470 0.008789 -0.007414
v 0.017470 0.008792 -0.007417
v 0.017470 0.008783 -0.007420
v 0.017470 0.008786 -0.007411
v 0.017470 0.008789 -0.007414
v 0.017470 0.008783 -0.007420
v 0.017470 0.008785 -0.007408
v 0.017470 0.008780 -0.007420
v 0.017470 0.008780 -0.007400
v 0.017470 0.008783 -0.007404
v 0.017470 0.008785 -0.007408
v 0.017470 0.008783 -0.007396
v 0.017470 0.008783 -0.007400
v 0.017470 0.008780 -0.007380
v 0.017470 0.008785 -0.007392
v 0.017470 0.008785 -0.007392
v 0.017470 0.008783 -0.007396
v 0.017470 0.008786 -0.007389
v 0.017470 0.008785 -0.007392
v 0.017470 0.008780 -0.007380
v 0.017470 0.008792 -0.007383
v 0.017470 0.008783 -0.007380
v 0.017470 0.008783 -0.007377
v 0.017470 0.008783 -0.007400
v 0.017470 0.008783 -0.007404
v 0.017470 0.008799 -0.007380
v 0.017470 0.008795 -0.007382
v 0.017470 0.008807 -0.007380
v 0.017470 0.008803 -0.007380
v 0.017470 0.008823 -0.007377
v 0.017470 0.008811 -0.007382
v 0.017470 0.008820 -0.007389
v 0.017470 0.008823 -0.007380
v 0.017470 0.008826 -0.007380
v 0.017470 0.008814 -0.007383
v 0.017470 0.008823 -0.007377
v 0.017470 0.008823 -0.007380
v 0.017470 0.008817 -0.007386
v 0.017470 0.008814 -0.007383
v 0.017470 0.008823 -0.007380
v 0.017470 0.008820 -0.007389
v 0.017470 0.008817 -0.007386
v 0.017470 0.008823 -0.007380
v 0.017470 0.008821 -0.007392
v 0.017470 0.008826 -0.007380
v 0.017470 0.008823 -0.007396
v 0.017470 0.008821 -0.007392
v 0.017470 0.008823 -0.007404
v 0.017470 0.008823 -0.007400
v 0.017470 0.008826 -0.007420
v 0.017470 0.008821 -0.007408
v 0.017470 0.008814 -0.007417
v 0.017470 0.008823 -0.007420
v 0.017470 0.008823 -0.007423
v 0.017470 0.008820 -0.007411
v 0.017470 0.008826 -0.007420
v 0.017470 0.008823 -0.007420
v 0.017470 0.008817 -0.007414
v 0.017470 0.008820 -0.007411
v 0.017470 0.008823 -0.007420
v 0.017470 0.008814 -0.007417
v 0.017470 0.008817 -0.007414
v 0.017470 0.008823 -0.007420
v 0.017470 0.008811 -0.007418
v 0.017470 0.008823 -0.007423
v 0.017470 0.008803 -0.007380
v 0.017470 0.008799 -0.007380
v 0.017470 0.008807 -0.007420
v 0.017470 0.008811 -0.007418
v 0.017470 0.008795 -0.007382
v 0.017470 0.008783 -0.007377
v 0.017560 0.008811 -0.007418
v 0.017560 0.008807 -0.007420
v 0.017560 0.008803 -0.007420
v 0.017560 0.008814 -0.007417
v 0.017560 0.008811 -0.007418
v 0.017560 0.008803 -0.007420
v 0.017560 0.008817 -0.007414
v 0.017560 0.008814 -0.007417
v 0.017560 0.008803 -0.007420
v 0.017560 0.008820 -0.007411
v 0.017560 0.008817 -0.007414
v 0.017560 0.008803 -0.007420
v 0.017560 0.008821 -0.007408
v 0.017560 0.008803 -0.007420
v 0.017560 0.008823 -0.007404
v 0.017560 0.008821 -0.007408
v 0.017560 0.008820 -0.007411
v 0.017560 0.008803 -0.007420
v 0.017560 0.008823 -0.007404
v 0.017560 0.008803 -0.007420
v 0.017560 0.008823 -0.007400
v 0.017560 0.008823 -0.007400
v 0.017560 0.008803 -0.007420
v 0.017560 0.008823 -0.007396
v 0.017560 0.008803 -0.007420
v 0.017560 0.008821 -0.007392
v 0.017560 0.008823 -0.007396
v 0.017560 0.008803 -0.007420
v 0.017560 0.008820 -0.007389
v 0.017560 0.008821 -0.007392
v 0.017560 0.008803 -0.007420
v 0.017560 0.008817 -0.007386
v 0.017560 0.008820 -0.007389
v 0.017560 0.008811 -0.007382
v 0.017560 0.008814 -0.007383
v 0.017560 0.008803 -0.007420
v 0.017560 0.008803 -0.007420
v 0.017560 0.008814 -0.007383
v 0.017560 0.008817 -0.007386
v 0.017560 0.008807 -0.007380
v 0.017560 0.008803 -0.007420
v 0.017560 0.008803 -0.007380
v 0.017560 0.008803 -0.007380
v 0.017560 0.008803 -0.007420
v 0.017560 0.008799 -0.007380
v 0.017560 0.008803 -0.007420
v 0.017560 0.008795 -0.007382
v 0.017560 0.008799 -0.007380
v 0.017560 0.008803 -0.007420
v 0.017560 0.008792 -0.007383
v 0.017560 0.008795 -0.007382
v 0.017560 0.008803 -0.007420
v 0.017560 0.008789 -0.007386
v 0.017560 0.008792 -0.007383
v 0.017560 0.008785 -0.007392
v 0.017560 0.008786 -0.007389
v 0.017560 0.008803 -0.007420
v 0.017560 0.008803 -0.007420
v 0.017560 0.008786 -0.007389
v 0.017560 0.008789 -0.007386
v 0.017560 0.008783 -0.007396
v 0.017560 0.008785 -0.007392
v 0.017560 0.008803 -0.007420
v 0.017560 0.008783 -0.007400
v 0.017560 0.008783 -0.007396
v 0.017560 0.008803 -0.007420
v 0.017560 0.008783 -0.007400
v 0.017560 0.008803 -0.007420
v 0.017560 0.008783 -0.007404
v 0.017560 0.008783 -0.007404
v 0.017560 0.008803 -0.007420
v 0.017560 0.008785 -0.007408
v 0.017560 0.008785 -0.007408
v 0.017560 0.008803 -0.007420
v 0.017560 0.008786 -0.007411
v 0.017560 0.008803 -0.007420
v 0.017560 0.008792 -0.007417
v 0.017560 0.008789 -0.007414
v 0.017560 0.008786 -0.007411
v 0.017560 0.008803 -0.007420
v 0.017560 0.008789 -0.007414
v 0.017560 0.008803 -0.007420
v 0.017560 0.008795 -0.007418
v 0.017560 0.008792 -0.007417
v 0.017560 0.008803 -0.007420
v 0.017560 0.008807 -0.007380
v 0.017560 0.008811 -0.007382
v 0.017560 0.008799 -0.007420
v 0.017560 0.008795 -0.007418
v 0.017560 0.008803 -0.007420
v 0.017470 0.008803 -0.007377
v 0.017470 0.008783 -0.007377
v 0.017510 0.008783 -0.007370
v 0.017470 0.008823 -0.007377
v 0.017470 0.008803 -0.007377
v 0.017470 0.008803 -0.007377
v 0.017510 0.008783 -0.007370
v 0.017470 0.008826 -0.007400
v 0.017470 0.008826 -0.007380
v 0.017510 0.008833 -0.007380
v 0.017470 0.008826 -0.007420
v 0.017470 0.008826 -0.007400
v 0.017470 0.008826 -0.007400
v 0.017510 0.008833 -0.007380
v 0.017470 0.008803 -0.007423
v 0.017470 0.008823 -0.007423
v 0.017510 0.008823 -0.007430
v 0.017470 0.008783 -0.007423
v 0.017470 0.008803 -0.007423
v 0.017470 0.008803 -0.007423
v 0.017510 0.008823 -0.007430
v 0.017470 0.008780 -0.007400
v 0.017470 0.008780 -0.007420
v 0.017470 0.008780 -0.007380
v 0.017470 0.008780 -0.007400
v 0.017470 0.008780 -0.007400
v 0.017530 0.008763 -0.007222
v 0.017560 0.008803 -0.007222
v 0.017530 0.008843 -0.007222
v 0.017560 0.008803 -0.007222
v 0.017560 0.008843 -0.007222
v 0.017560 0.008803 -0.007222
v 0.017560 0.008763 -0.007222
v 0.017530 0.008763 -0.007242
v 0.017560 0.008763 -0.007242
v 0.017530 0.008763 -0.007222
v 0.017530 0.008763 -0.007222
v 0.017560 0.008763 -0.007242
v 0.017560 0.008763 -0.007222
v 0.017530 0.008843 -0.007242
v 0.017560 0.008843 -0.007242
v 0.017530 0.008763 -0.007242
v 0.017530 0.008763 -0.007242
v 0.017560 0.008843 -0.007242
v 0.017560 0.008763 -0.007242
v 0.017530 0.008843 -0.007222
v 0.017560 0.008843 -0.007222
v 0.017530 0.008843 -0.007242
v 0.017530 0.008843 -0.007242
v 0.017560 0.008843 -0.007222
v 0.017560 0.008843 -0.007242
v 0.017530 0.008843 -0.007222
v 0.017530 0.008843 -0.007242
v 0.017530 0.008763 -0.007222
v 0.017530 0.008843 -0.007242
v 0.017530 0.008763 -0.007242
v 0.017530 0.008763 -0.007222
v 0.017600 0.008803 -0.007597
v 0.017573 0.008803 -0.007595
v 0.017600 0.008970 -0.007597
v 0.017600 0.008636 -0.007597
v 0.017573 0.008609 -0.007595
v 0.017600 0.008636 -0.007597
v 0.017600 0.008803 -0.007597
v 0.017573 0.008997 -0.007595
v 0.017600 0.008970 -0.007597
v 0.017573 0.008803 -0.007606
v 0.017573 0.008803 -0.007595
v 0.017573 0.008609 -0.007606
v 0.017573 0.008997 -0.007606
v 0.017573 0.008803 -0.007595
v 0.017573 0.008997 -0.007606
v 0.017573 0.008997 -0.007595
v 0.017573 0.008803 -0.007595
v 0.017573 0.008609 -0.007606
v 0.017573 0.008803 -0.007595
v 0.017573 0.008609 -0.007595
v 0.017600 0.008803 -0.007603
v 0.017573 0.008803 -0.007606
v 0.017600 0.008636 -0.007603
v 0.017600 0.008970 -0.007603
v 0.017573 0.008803 -0.007606
v 0.017600 0.008803 -0.007603
v 0.017573 0.008609 -0.007606
v 0.017600 0.008636 -0.007603
v 0.017573 0.008803 -0.007606
v 0.017573 0.008997 -0.007606
v 0.017573 0.008803 -0.007606
v 0.017600 0.008970 -0.007603
v 0.017560 0.008731 -0.007840
v 0.017600 0.008731 -0.007840
v 0.017560 0.008731 -0.007760
v 0.017600 0.008731 -0.007840
v 0.017600 0.008731 -0.007760
v 0.017560 0.008731 -0.007760
v 0.017560 0.008673 -0.007696
v 0.017560 0.008679 -0.007697
v 0.017600 0.008673 -0.007696
v 0.017560 0.008679 -0.007697
v 0.017560 0.008685 -0.007699
v 0.017600 0.008679 -0.007697
v 0.017560 0.008685 -0.007699
v 0.017600 0.008685 -0.007699
v 0.017600 0.008679 -0.007697
v 0.017560 0.008691 -0.007701
v 0.017600 0.008691 -0.007701
v 0.017600 0.008685 -0.007699
v 0.017560 0.008697 -0.007704
v 0.017600 0.008691 -0.007701
v 0.017560 0.008691 -0.007701
v 0.017560 0.008702 -0.007707
v 0.017600 0.008697 -0.007704
v 0.017560 0.008697 -0.007704
v 0.017600 0.008702 -0.007707
v 0.017600 0.008697 -0.007704
v 0.017560 0.008702 -0.007707
v 0.017600 0.008707 -0.007711
v 0.017600 0.008702 -0.007707
v 0.017560 0.008707 -0.007711
v 0.017600 0.008707 -0.007711
v 0.017560 0.008707 -0.007711
v 0.017560 0.008712 -0.007715
v 0.017600 0.008712 -0.007715
v 0.017560 0.008712 -0.007715
v 0.017560 0.008716 -0.007719
v 0.017600 0.008712 -0.007715
v 0.017560 0.008716 -0.007719
v 0.017600 0.008716 -0.007719
v 0.017600 0.008716 -0.007719
v 0.017560 0.008720 -0.007724
v 0.017600 0.008720 -0.007724
v 0.017560 0.008720 -0.007724
v 0.017560 0.008723 -0.007730
v 0.017600 0.008720 -0.007724
v 0.017560 0.008723 -0.007730
v 0.017560 0.008726 -0.007736
v 0.017600 0.008723 -0.007730
v 0.017560 0.008726 -0.007736
v 0.017600 0.008726 -0.007736
v 0.017600 0.008723 -0.007730
v 0.017560 0.008673 -0.007696
v 0.017600 0.008673 -0.007696
v 0.017560 0.008666 -0.007696
v 0.017600 0.008730 -0.007754
v 0.017560 0.008731 -0.007760
v 0.017600 0.008731 -0.007760
v 0.017560 0.008730 -0.007754
v 0.017560 0.008731 -0.007760
v 0.017600 0.008730 -0.007754
v 0.017560 0.008730 -0.007754
v 0.017600 0.008730 -0.007754
v 0.017600 0.008729 -0.007748
v 0.017560 0.008730 -0.007754
v 0.017600 0.008729 -0.007748
v 0.017560 0.008729 -0.007748
v 0.017600 0.008729 -0.007748
v 0.017600 0.008728 -0.007741
v 0.017560 0.008729 -0.007748
v 0.017600 0.008728 -0.007741
v 0.017560 0.008728 -0.007741
v 0.017560 0.008729 -0.007748
v 0.017600 0.008726 -0.007736
v 0.017560 0.008728 -0.007741
v 0.017600 0.008728 -0.007741
v 0.017560 0.008726 -0.007736
v 0.017560 0.008728 -0.007741
v 0.017600 0.008726 -0.007736
v 0.017600 0.008720 -0.007724
v 0.017560 0.008723 -0.007730
v 0.017600 0.008723 -0.007730
v 0.017600 0.008716 -0.007719
v 0.017560 0.008716 -0.007719
v 0.017560 0.008720 -0.007724
v 0.017600 0.008712 -0.007715
v 0.017600 0.008707 -0.007711
v 0.017560 0.008712 -0.007715
v 0.017560 0.008707 -0.007711
v 0.017600 0.008702 -0.007707
v 0.017560 0.008702 -0.007707
v 0.017560 0.008697 -0.007704
v 0.017600 0.008697 -0.007704
v 0.017600 0.008691 -0.007701
v 0.017560 0.008685 -0.007699
v 0.017560 0.008691 -0.007701
v 0.017600 0.008685 -0.007699
v 0.017600 0.008673 -0.007696
v 0.017600 0.008666 -0.007696
v 0.017560 0.008666 -0.007696
v 0.017560 0.008679 -0.007697
v 0.017600 0.008679 -0.007697
v 0.017600 0.008673 -0.007696
v 0.017600 0.008657 -0.007696
v 0.017560 0.008657 -0.007696
v 0.017600 0.008666 -0.007696
v 0.017560 0.008657 -0.007696
v 0.017560 0.008666 -0.007696
v 0.017600 0.008666 -0.007696
v 0.017560 0.008647 -0.007706
v 0.017600 0.008647 -0.007706
v 0.017560 0.008647 -0.007757
v 0.017600 0.008647 -0.007706
v 0.017600 0.008647 -0.007757
v 0.017560 0.008647 -0.007757
v 0.017600 0.008647 -0.007894
v 0.017560 0.008647 -0.007894
v 0.017600 0.008647 -0.007843
v 0.017560 0.008647 -0.007894
v 0.017560 0.008647 -0.007843
v 0.017600 0.008647 -0.007843
v 0.017560 0.008657 -0.007904
v 0.017600 0.008657 -0.007904
v 0.017560 0.008666 -0.007904
v 0.017600 0.008657 -0.007904
v 0.017600 0.008666 -0.007904
v 0.017560 0.008666 -0.007904
v 0.017560 0.008730 -0.007846
v 0.017560 0.008729 -0.007852
v 0.017600 0.008730 -0.007846
v 0.017560 0.008729 -0.007852
v 0.017560 0.008728 -0.007859
v 0.017600 0.008729 -0.007852
v 0.017560 0.008728 -0.007859
v 0.017600 0.008728 -0.007859
v 0.017600 0.008729 -0.007852
v 0.017560 0.008726 -0.007864
v 0.017600 0.008726 -0.007864
v 0.017600 0.008728 -0.007859
v 0.017560 0.008723 -0.007870
v 0.017600 0.008726 -0.007864
v 0.017560 0.008726 -0.007864
v 0.017560 0.008720 -0.007876
v 0.017600 0.008723 -0.007870
v 0.017560 0.008723 -0.007870
v 0.017600 0.008720 -0.007876
v 0.017600 0.008723 -0.007870
v 0.017560 0.008720 -0.007876
v 0.017600 0.008716 -0.007881
v 0.017600 0.008720 -0.007876
v 0.017560 0.008716 -0.007881
v 0.017600 0.008716 -0.007881
v 0.017560 0.008716 -0.007881
v 0.017560 0.008712 -0.007885
v 0.017600 0.008712 -0.007885
v 0.017560 0.008712 -0.007885
v 0.017560 0.008707 -0.007889
v 0.017600 0.008712 -0.007885
v 0.017560 0.008707 -0.007889
v 0.017600 0.008707 -0.007889
v 0.017600 0.008707 -0.007889
v 0.017560 0.008702 -0.007893
v 0.017600 0.008702 -0.007893
v 0.017560 0.008702 -0.007893
v 0.017560 0.008697 -0.007896
v 0.017600 0.008702 -0.007893
v 0.017560 0.008697 -0.007896
v 0.017560 0.008691 -0.007899
v 0.017600 0.008697 -0.007896
v 0.017560 0.008691 -0.007899
v 0.017600 0.008691 -0.007899
v 0.017600 0.008697 -0.007896
v 0.017560 0.008730 -0.007846
v 0.017600 0.008730 -0.007846
v 0.017560 0.008731 -0.007840
v 0.017600 0.008673 -0.007904
v 0.017560 0.008666 -0.007904
v 0.017600 0.008666 -0.007904
v 0.017560 0.008673 -0.007904
v 0.017560 0.008666 -0.007904
v 0.017600 0.008673 -0.007904
v 0.017560 0.008673 -0.007904
v 0.017600 0.008673 -0.007904
v 0.017600 0.008679 -0.007903
v 0.017560 0.008673 -0.007904
v 0.017600 0.008679 -0.007903
v 0.017560 0.008679 -0.007903
v 0.017600 0.008679 -0.007903
v 0.017600 0.008685 -0.007901
v 0.017560 0.008679 -0.007903
v 0.017600 0.008685 -0.007901
v 0.017560 0.008685 -0.007901
v 0.017560 0.008679 -0.007903
v 0.017600 0.008691 -0.007899
v 0.017560 0.008685 -0.007901
v 0.017600 0.008685 -0.007901
v 0.017560 0.008691 -0.007899
v 0.017560 0.008685 -0.007901
v 0.017600 0.008691 -0.007899
v 0.017600 0.008702 -0.007893
v 0.017560 0.008697 -0.007896
v 0.017600 0.008697 -0.007896
v 0.017600 0.008707 -0.007889
v 0.017560 0.008707 -0.007889
v 0.017560 0.008702 -0.007893
v 0.017600 0.008712 -0.007885
v 0.017600 0.008716 -0.007881
v 0.017560 0.008712 -0.007885
v 0.017560 0.008716 -0.007881
v 0.017600 0.008720 -0.007876
v 0.017560 0.008720 -0.007876
v 0.017560 0.008723 -0.007870
v 0.017600 0.008723 -0.007870
v 0.017600 0.008726 -0.007864
v 0.017560 0.008728 -0.007859
v 0.017560 0.008726 -0.007864
v 0.017600 0.008728 -0.007859
v 0.017600 0.008730 -0.007846
v 0.017600 0.008731 -0.007840
v 0.017560 0.008731 -0.007840
v 0.017560 0.008729 -0.007852
v 0.017600 0.008729 -0.007852
v 0.017600 0.008730 -0.007846
v 0.017577 0.008613 -0.007757
v 0.017560 0.008647 -0.007757
v 0.017600 0.008636 -0.007757
v 0.017560 0.008613 -0.007757
v 0.017560 0.008647 -0.007757
v 0.017577 0.008613 -0.007757
v 0.017600 0.008647 -0.007757
v 0.017600 0.008636 -0.007757
v 0.017560 0.008647 -0.007757
v 0.017560 0.008613 -0.007843
v 0.017577 0.008613 -0.007843
v 0.017560 0.008647 -0.007843
v 0.017600 0.008636 -0.007843
v 0.017600 0.008647 -0.007843
v 0.017560 0.008647 -0.007843
v 0.017577 0.008613 -0.007843
v 0.017600 0.008636 -0.007843
v 0.017560 0.008647 -0.007843
v 0.017560 0.008875 -0.007840
v 0.017560 0.008875 -0.007760
v 0.017600 0.008875 -0.007840
v 0.017600 0.008875 -0.007840
v 0.017560 0.008875 -0.007760
v 0.017600 0.008875 -0.007760
v 0.017600 0.008939 -0.007696
v 0.017600 0.008933 -0.007696
v 0.017560 0.008939 -0.007696
v 0.017600 0.008933 -0.007696
v 0.017560 0.008933 -0.007696
v 0.017560 0.008939 -0.007696
v 0.017600 0.008927 -0.007697
v 0.017560 0.008933 -0.007696
v 0.017600 0.008933 -0.007696
v 0.017560 0.008927 -0.007697
v 0.017560 0.008933 -0.007696
v 0.017600 0.008927 -0.007697
v 0.017560 0.008927 -0.007697
v 0.017600 0.008927 -0.007697
v 0.017600 0.008921 -0.007699
v 0.017560 0.008927 -0.007697
v 0.017600 0.008921 -0.007699
v 0.017560 0.008921 -0.007699
v 0.017600 0.008921 -0.007699
v 0.017600 0.008915 -0.007701
v 0.017560 0.008921 -0.007699
v 0.017600 0.008915 -0.007701
v 0.017560 0.008915 -0.007701
v 0.017560 0.008921 -0.007699
v 0.017600 0.008909 -0.007704
v 0.017560 0.008915 -0.007701
v 0.017600 0.008915 -0.007701
v 0.017560 0.008909 -0.007704
v 0.017560 0.008915 -0.007701
v 0.017600 0.008909 -0.007704
v 0.017560 0.008909 -0.007704
v 0.017600 0.008909 -0.007704
v 0.017600 0.008904 -0.007707
v 0.017560 0.008909 -0.007704
v 0.017600 0.008904 -0.007707
v 0.017560 0.008904 -0.007707
v 0.017600 0.008904 -0.007707
v 0.017600 0.008899 -0.007711
v 0.017560 0.008904 -0.007707
v 0.017600 0.008899 -0.007711
v 0.017560 0.008899 -0.007711
v 0.017560 0.008904 -0.007707
v 0.017560 0.008890 -0.007719
v 0.017600 0.008886 -0.007724
v 0.017560 0.008886 -0.007724
v 0.017560 0.008886 -0.007724
v 0.017600 0.008886 -0.007724
v 0.017600 0.008883 -0.007730
v 0.017560 0.008875 -0.007760
v 0.017560 0.008876 -0.007754
v 0.017600 0.008875 -0.007760
v 0.017560 0.008876 -0.007754
v 0.017600 0.008876 -0.007754
v 0.017600 0.008875 -0.007760
v 0.017560 0.008877 -0.007748
v 0.017600 0.008876 -0.007754
v 0.017560 0.008876 -0.007754
v 0.017600 0.008877 -0.007748
v 0.017600 0.008876 -0.007754
v 0.017560 0.008877 -0.007748
v 0.017600 0.008877 -0.007748
v 0.017560 0.008877 -0.007748
v 0.017560 0.008878 -0.007741
v 0.017600 0.008877 -0.007748
v 0.017560 0.008878 -0.007741
v 0.017600 0.008878 -0.007741
v 0.017560 0.008878 -0.007741
v 0.017560 0.008880 -0.007736
v 0.017600 0.008878 -0.007741
v 0.017560 0.008880 -0.007736
v 0.017600 0.008880 -0.007736
v 0.017600 0.008878 -0.007741
v 0.017560 0.008883 -0.007730
v 0.017600 0.008880 -0.007736
v 0.017560 0.008880 -0.007736
v 0.017600 0.008883 -0.007730
v 0.017600 0.008880 -0.007736
v 0.017560 0.008883 -0.007730
v 0.017600 0.008883 -0.007730
v 0.017560 0.008883 -0.007730
v 0.017560 0.008886 -0.007724
v 0.017600 0.008886 -0.007724
v 0.017560 0.008890 -0.007719
v 0.017600 0.008890 -0.007719
v 0.017560 0.008890 -0.007719
v 0.017560 0.008894 -0.007715
v 0.017600 0.008890 -0.007719
v 0.017560 0.008894 -0.007715
v 0.017600 0.008894 -0.007715
v 0.017600 0.008890 -0.007719
v 0.017560 0.008899 -0.007711
v 0.017600 0.008894 -0.007715
v 0.017560 0.008894 -0.007715
v 0.017560 0.008899 -0.007711
v 0.017600 0.008899 -0.007711
v 0.017600 0.008894 -0.007715
v 0.017600 0.008939 -0.007696
v 0.017560 0.008939 -0.007696
v 0.017600 0.008949 -0.007696
v 0.017600 0.008949 -0.007696
v 0.017560 0.008939 -0.007696
v 0.017560 0.008949 -0.007696
v 0.017560 0.008959 -0.007757
v 0.017600 0.008959 -0.007757
v 0.017560 0.008959 -0.007706
v 0.017560 0.008959 -0.007706
v 0.017600 0.008959 -0.007757
v 0.017600 0.008959 -0.007706
v 0.017600 0.008959 -0.007843
v 0.017560 0.008959 -0.007843
v 0.017600 0.008959 -0.007894
v 0.017600 0.008959 -0.007894
v 0.017560 0.008959 -0.007843
v 0.017560 0.008959 -0.007894
v 0.017560 0.008939 -0.007904
v 0.017600 0.008939 -0.007904
v 0.017560 0.008949 -0.007904
v 0.017560 0.008949 -0.007904
v 0.017600 0.008939 -0.007904
v 0.017600 0.008949 -0.007904
v 0.017600 0.008875 -0.007840
v 0.017600 0.008876 -0.007846
v 0.017560 0.008875 -0.007840
v 0.017600 0.008876 -0.007846
v 0.017600 0.008877 -0.007852
v 0.017560 0.008876 -0.007846
v 0.017600 0.008877 -0.007852
v 0.017560 0.008877 -0.007852
v 0.017560 0.008876 -0.007846
v 0.017600 0.008878 -0.007859
v 0.017560 0.008878 -0.007859
v 0.017560 0.008877 -0.007852
v 0.017600 0.008880 -0.007864
v 0.017560 0.008880 -0.007864
v 0.017560 0.008878 -0.007859
v 0.017600 0.008883 -0.007870
v 0.017560 0.008880 -0.007864
v 0.017600 0.008880 -0.007864
v 0.017600 0.008886 -0.007876
v 0.017560 0.008883 -0.007870
v 0.017600 0.008883 -0.007870
v 0.017560 0.008886 -0.007876
v 0.017560 0.008883 -0.007870
v 0.017600 0.008886 -0.007876
v 0.017560 0.008890 -0.007881
v 0.017560 0.008886 -0.007876
v 0.017600 0.008890 -0.007881
v 0.017560 0.008890 -0.007881
v 0.017600 0.008890 -0.007881
v 0.017600 0.008894 -0.007885
v 0.017560 0.008894 -0.007885
v 0.017600 0.008894 -0.007885
v 0.017600 0.008899 -0.007889
v 0.017560 0.008894 -0.007885
v 0.017600 0.008899 -0.007889
v 0.017560 0.008899 -0.007889
v 0.017560 0.008899 -0.007889
v 0.017600 0.008904 -0.007893
v 0.017560 0.008904 -0.007893
v 0.017600 0.008904 -0.007893
v 0.017600 0.008909 -0.007896
v 0.017560 0.008904 -0.007893
v 0.017600 0.008909 -0.007896
v 0.017600 0.008915 -0.007899
v 0.017560 0.008909 -0.007896
v 0.017600 0.008915 -0.007899
v 0.017560 0.008915 -0.007899
v 0.017560 0.008909 -0.007896
v 0.017560 0.008933 -0.007904
v 0.017600 0.008939 -0.007904
v 0.017560 0.008939 -0.007904
v 0.017600 0.008933 -0.007904
v 0.017600 0.008939 -0.007904
v 0.017560 0.008933 -0.007904
v 0.017600 0.008933 -0.007904
v 0.017560 0.008933 -0.007904
v 0.017560 0.008927 -0.007903
v 0.017600 0.008933 -0.007904
v 0.017560 0.008927 -0.007903
v 0.017600 0.008927 -0.007903
v 0.017560 0.008927 -0.007903
v 0.017560 0.008921 -0.007901
v 0.017600 0.008927 -0.007903
v 0.017560 0.008921 -0.007901
v 0.017600 0.008921 -0.007901
v 0.017600 0.008927 -0.007903
v 0.017560 0.008915 -0.007899
v 0.017600 0.008921 -0.007901
v 0.017560 0.008921 -0.007901
v 0.017600 0.008915 -0.007899
v 0.017600 0.008921 -0.007901
v 0.017560 0.008915 -0.007899
v 0.017560 0.008904 -0.007893
v 0.017600 0.008909 -0.007896
v 0.017560 0.008909 -0.007896
v 0.017560 0.008899 -0.007889
v 0.017600 0.008899 -0.007889
v 0.017600 0.008904 -0.007893
v 0.017560 0.008894 -0.007885
v 0.017560 0.008890 -0.007881
v 0.017600 0.008894 -0.007885
v 0.017600 0.008890 -0.007881
v 0.017560 0.008886 -0.007876
v 0.017600 0.008886 -0.007876
v 0.017600 0.008883 -0.007870
v 0.017560 0.008883 -0.007870
v 0.017560 0.008880 -0.007864
v 0.017600 0.008878 -0.007859
v 0.017600 0.008880 -0.007864
v 0.017560 0.008878 -0.007859
v 0.017560 0.008876 -0.007846
v 0.017560 0.008875 -0.007840
v 0.017600 0.008876 -0.007846
v 0.017560 0.008877 -0.007852
v 0.017600 0.008877 -0.007852
v 0.017600 0.008878 -0.007859
v 0.017600 0.008959 -0.007757
v 0.017560 0.008959 -0.007757
v 0.017600 0.008970 -0.007757
v 0.017577 0.008993 -0.007757
v 0.017560 0.008959 -0.007757
v 0.017560 0.008993 -0.007757
v 0.017577 0.008993 -0.007757
v 0.017600 0.008970 -0.007757
v 0.017560 0.008959 -0.007757
v 0.017600 0.008959 -0.007843
v 0.017600 0.008970 -0.007843
v 0.017560 0.008959 -0.007843
v 0.017560 0.008959 -0.007843
v 0.017600 0.008970 -0.007843
v 0.017577 0.008993 -0.007843
v 0.017577 0.008993 -0.007843
v 0.017560 0.008993 -0.007843
v 0.017560 0.008959 -0.007843
v 0.017567 0.009003 -0.007853
v 0.017560 0.009003 -0.007853
v 0.017560 0.009003 -0.007851
v 0.017567 0.009003 -0.007851
v 0.017567 0.009003 -0.007853
v 0.017560 0.009003 -0.007851
v 0.017560 0.009003 -0.007851
v 0.017560 0.009002 -0.007849
v 0.017567 0.009003 -0.007851
v 0.017567 0.009003 -0.007851
v 0.017560 0.009002 -0.007849
v 0.017568 0.009002 -0.007849
v 0.017568 0.009002 -0.007849
v 0.017560 0.009002 -0.007849
v 0.017560 0.009001 -0.007847
v 0.017569 0.009001 -0.007847
v 0.017568 0.009002 -0.007849
v 0.017560 0.009001 -0.007847
v 0.017560 0.009000 -0.007846
v 0.017569 0.009001 -0.007847
v 0.017560 0.009001 -0.007847
v 0.017560 0.008999 -0.007845
v 0.017570 0.009000 -0.007846
v 0.017560 0.009000 -0.007846
v 0.017560 0.009000 -0.007846
v 0.017570 0.009000 -0.007846
v 0.017569 0.009001 -0.007847
v 0.017575 0.008995 -0.007843
v 0.017560 0.008993 -0.007843
v 0.017577 0.008993 -0.007843
v 0.017575 0.008995 -0.007843
v 0.017560 0.008995 -0.007843
v 0.017560 0.008993 -0.007843
v 0.017575 0.008995 -0.007843
v 0.017573 0.008997 -0.007844
v 0.017560 0.008995 -0.007843
v 0.017560 0.008995 -0.007843
v 0.017573 0.008997 -0.007844
v 0.017560 0.008997 -0.007844
v 0.017560 0.008997 -0.007844
v 0.017573 0.008997 -0.007844
v 0.017571 0.008999 -0.007845
v 0.017560 0.008999 -0.007845
v 0.017560 0.008997 -0.007844
v 0.017571 0.008999 -0.007845
v 0.017570 0.009000 -0.007846
v 0.017560 0.008999 -0.007845
v 0.017571 0.008999 -0.007845
v 0.017560 0.008613 -0.007843
v 0.017575 0.008611 -0.007843
v 0.017577 0.008613 -0.007843
v 0.017560 0.008613 -0.007843
v 0.017560 0.008611 -0.007843
v 0.017575 0.008611 -0.007843
v 0.017575 0.008611 -0.007843
v 0.017560 0.008611 -0.007843
v 0.017573 0.008609 -0.007844
v 0.017573 0.008609 -0.007844
v 0.017560 0.008611 -0.007843
v 0.017560 0.008609 -0.007844
v 0.017560 0.008607 -0.007845
v 0.017560 0.008606 -0.007846
v 0.017570 0.008606 -0.007846
v 0.017571 0.008607 -0.007845
v 0.017560 0.008609 -0.007844
v 0.017560 0.008607 -0.007845
v 0.017560 0.008606 -0.007846
v 0.017560 0.008605 -0.007847
v 0.017569 0.008605 -0.007847
v 0.017571 0.008607 -0.007845
v 0.017573 0.008609 -0.007844
v 0.017560 0.008609 -0.007844
v 0.017560 0.008603 -0.007851
v 0.017560 0.008603 -0.007853
v 0.017567 0.008603 -0.007853
v 0.017567 0.008603 -0.007851
v 0.017560 0.008603 -0.007851
v 0.017567 0.008603 -0.007853
v 0.017567 0.008603 -0.007851
v 0.017560 0.008604 -0.007849
v 0.017560 0.008603 -0.007851
v 0.017567 0.008603 -0.007851
v 0.017568 0.008604 -0.007849
v 0.017560 0.008604 -0.007849
v 0.017560 0.008604 -0.007849
v 0.017568 0.008604 -0.007849
v 0.017560 0.008605 -0.007847
v 0.017560 0.008605 -0.007847
v 0.017568 0.008604 -0.007849
v 0.017569 0.008605 -0.007847
v 0.017560 0.008606 -0.007846
v 0.017569 0.008605 -0.007847
v 0.017570 0.008606 -0.007846
v 0.017570 0.008606 -0.007846
v 0.017571 0.008607 -0.007845
v 0.017560 0.008607 -0.007845
v 0.017560 0.008613 -0.007757
v 0.017577 0.008613 -0.007757
v 0.017575 0.008611 -0.007757
v 0.017560 0.008611 -0.007757
v 0.017560 0.008613 -0.007757
v 0.017575 0.008611 -0.007757
v 0.017573 0.008609 -0.007756
v 0.017560 0.008611 -0.007757
v 0.017575 0.008611 -0.007757
v 0.017573 0.008609 -0.007756
v 0.017560 0.008609 -0.007756
v 0.017560 0.008611 -0.007757
v 0.017573 0.008609 -0.007756
v 0.017571 0.008607 -0.007755
v 0.017560 0.008609 -0.007756
v 0.017560 0.008609 -0.007756
v 0.017571 0.008607 -0.007755
v 0.017560 0.008607 -0.007755
v 0.017560 0.008607 -0.007755
v 0.017570 0.008606 -0.007754
v 0.017560 0.008606 -0.007754
v 0.017567 0.008603 -0.007747
v 0.017560 0.008603 -0.007747
v 0.017560 0.008603 -0.007749
v 0.017560 0.008603 -0.007749
v 0.017567 0.008603 -0.007749
v 0.017567 0.008603 -0.007747
v 0.017560 0.008603 -0.007749
v 0.017560 0.008604 -0.007751
v 0.017567 0.008603 -0.007749
v 0.017567 0.008603 -0.007749
v 0.017560 0.008604 -0.007751
v 0.017568 0.008604 -0.007751
v 0.017568 0.008604 -0.007751
v 0.017560 0.008604 -0.007751
v 0.017560 0.008605 -0.007753
v 0.017569 0.008605 -0.007753
v 0.017568 0.008604 -0.007751
v 0.017560 0.008605 -0.007753
v 0.017560 0.008606 -0.007754
v 0.017569 0.008605 -0.007753
v 0.017560 0.008605 -0.007753
v 0.017560 0.008606 -0.007754
v 0.017570 0.008606 -0.007754
v 0.017569 0.008605 -0.007753
v 0.017570 0.008606 -0.007754
v 0.017560 0.008607 -0.007755
v 0.017571 0.008607 -0.007755
v 0.017560 0.008655 -0.007904
v 0.017560 0.008653 -0.007903
v 0.017600 0.008655 -0.007904
v 0.017560 0.008653 -0.007903
v 0.017560 0.008651 -0.007902
v 0.017600 0.008653 -0.007903
v 0.017560 0.008651 -0.007902
v 0.017600 0.008651 -0.007902
v 0.017600 0.008653 -0.007903
v 0.017560 0.008650 -0.007901
v 0.017600 0.008650 -0.007901
v 0.017600 0.008651 -0.007902
v 0.017560 0.008649 -0.007900
v 0.017600 0.008650 -0.007901
v 0.017560 0.008650 -0.007901
v 0.017560 0.008648 -0.007898
v 0.017600 0.008649 -0.007900
v 0.017560 0.008649 -0.007900
v 0.017600 0.008648 -0.007898
v 0.017600 0.008649 -0.007900
v 0.017560 0.008648 -0.007898
v 0.017560 0.008655 -0.007904
v 0.017600 0.008655 -0.007904
v 0.017560 0.008657 -0.007904
v 0.017600 0.008647 -0.007896
v 0.017560 0.008647 -0.007894
v 0.017600 0.008647 -0.007894
v 0.017560 0.008647 -0.007896
v 0.017560 0.008647 -0.007894
v 0.017600 0.008647 -0.007896
v 0.017560 0.008647 -0.007896
v 0.017600 0.008647 -0.007896
v 0.017600 0.008648 -0.007898
v 0.017560 0.008647 -0.007896
v 0.017600 0.008648 -0.007898
v 0.017560 0.008648 -0.007898
v 0.017560 0.008649 -0.007900
v 0.017600 0.008649 -0.007900
v 0.017600 0.008650 -0.007901
v 0.017560 0.008651 -0.007902
v 0.017560 0.008650 -0.007901
v 0.017600 0.008651 -0.007902
v 0.017600 0.008655 -0.007904
v 0.017600 0.008657 -0.007904
v 0.017560 0.008657 -0.007904
v 0.017560 0.008653 -0.007903
v 0.017600 0.008653 -0.007903
v 0.017600 0.008655 -0.007904
v 0.017560 0.008647 -0.007704
v 0.017560 0.008648 -0.007702
v 0.017600 0.008647 -0.007704
v 0.017560 0.008648 -0.007702
v 0.017560 0.008649 -0.007700
v 0.017600 0.008648 -0.007702
v 0.017560 0.008649 -0.007700
v 0.017600 0.008649 -0.007700
v 0.017600 0.008648 -0.007702
v 0.017560 0.008650 -0.007699
v 0.017600 0.008650 -0.007699
v 0.017600 0.008649 -0.007700
v 0.017560 0.008651 -0.007698
v 0.017600 0.008650 -0.007699
v 0.017560 0.008650 -0.007699
v 0.017560 0.008653 -0.007697
v 0.017600 0.008651 -0.007698
v 0.017560 0.008651 -0.007698
v 0.017600 0.008653 -0.007697
v 0.017600 0.008651 -0.007698
v 0.017560 0.008653 -0.007697
v 0.017560 0.008647 -0.007704
v 0.017600 0.008647 -0.007704
v 0.017560 0.008647 -0.007706
v 0.017600 0.008655 -0.007696
v 0.017560 0.008657 -0.007696
v 0.017600 0.008657 -0.007696
v 0.017560 0.008655 -0.007696
v 0.017560 0.008657 -0.007696
v 0.017600 0.008655 -0.007696
v 0.017560 0.008655 -0.007696
v 0.017600 0.008655 -0.007696
v 0.017600 0.008653 -0.007697
v 0.017560 0.008655 -0.007696
v 0.017600 0.008653 -0.007697
v 0.017560 0.008653 -0.007697
v 0.017560 0.008651 -0.007698
v 0.017600 0.008651 -0.007698
v 0.017600 0.008650 -0.007699
v 0.017560 0.008649 -0.007700
v 0.017560 0.008650 -0.007699
v 0.017600 0.008649 -0.007700
v 0.017600 0.008647 -0.007704
v 0.017600 0.008647 -0.007706
v 0.017560 0.008647 -0.007706
v 0.017560 0.008648 -0.007702
v 0.017600 0.008648 -0.007702
v 0.017600 0.008647 -0.007704
v 0.017560 0.008959 -0.007896
v 0.017560 0.008958 -0.007898
v 0.017600 0.008959 -0.007896
v 0.017560 0.008958 -0.007898
v 0.017560 0.008957 -0.007900
v 0.017600 0.008958 -0.007898
v 0.017560 0.008957 -0.007900
v 0.017600 0.008957 -0.007900
v 0.017600 0.008958 -0.007898
v 0.017560 0.008956 -0.007901
v 0.017600 0.008956 -0.007901
v 0.017600 0.008957 -0.007900
v 0.017560 0.008955 -0.007902
v 0.017600 0.008956 -0.007901
v 0.017560 0.008956 -0.007901
v 0.017560 0.008953 -0.007903
v 0.017600 0.008955 -0.007902
v 0.017560 0.008955 -0.007902
v 0.017600 0.008953 -0.007903
v 0.017600 0.008955 -0.007902
v 0.017560 0.008953 -0.007903
v 0.017560 0.008949 -0.007904
v 0.017600 0.008949 -0.007904
v 0.017600 0.008951 -0.007904
v 0.017560 0.008949 -0.007904
v 0.017600 0.008951 -0.007904
v 0.017560 0.008951 -0.007904
v 0.017600 0.008951 -0.007904
v 0.017600 0.008953 -0.007903
v 0.017560 0.008951 -0.007904
v 0.017560 0.008959 -0.007896
v 0.017600 0.008959 -0.007896
v 0.017560 0.008959 -0.007894
v 0.017560 0.008953 -0.007903
v 0.017560 0.008951 -0.007904
v 0.017600 0.008953 -0.007903
v 0.017600 0.008959 -0.007896
v 0.017600 0.008959 -0.007894
v 0.017560 0.008959 -0.007894
v 0.017600 0.008959 -0.007896
v 0.017560 0.008958 -0.007898
v 0.017600 0.008958 -0.007898
v 0.017560 0.008957 -0.007900
v 0.017560 0.008956 -0.007901
v 0.017600 0.008957 -0.007900
v 0.017560 0.008955 -0.007902
v 0.017600 0.008955 -0.007902
v 0.017600 0.008956 -0.007901
v 0.017560 0.008951 -0.007696
v 0.017600 0.008951 -0.007696
v 0.017560 0.008949 -0.007696
v 0.017560 0.008953 -0.007697
v 0.017600 0.008951 -0.007696
v 0.017560 0.008951 -0.007696
v 0.017560 0.008955 -0.007698
v 0.017600 0.008953 -0.007697
v 0.017560 0.008953 -0.007697
v 0.017600 0.008955 -0.007698
v 0.017600 0.008953 -0.007697
v 0.017560 0.008955 -0.007698
v 0.017600 0.008956 -0.007699
v 0.017600 0.008955 -0.007698
v 0.017560 0.008956 -0.007699
v 0.017600 0.008956 -0.007699
v 0.017560 0.008956 -0.007699
v 0.017560 0.008957 -0.007700
v 0.017600 0.008957 -0.007700
v 0.017560 0.008957 -0.007700
v 0.017560 0.008958 -0.007702
v 0.017600 0.008959 -0.007706
v 0.017600 0.008959 -0.007704
v 0.017560 0.008959 -0.007706
v 0.017600 0.008959 -0.007704
v 0.017560 0.008959 -0.007704
v 0.017560 0.008959 -0.007706
v 0.017600 0.008958 -0.007702
v 0.017560 0.008959 -0.007704
v 0.017600 0.008959 -0.007704
v 0.017560 0.008958 -0.007702
v 0.017560 0.008959 -0.007704
v 0.017600 0.008958 -0.007702
v 0.017560 0.008958 -0.007702
v 0.017600 0.008958 -0.007702
v 0.017600 0.008957 -0.007700
v 0.017560 0.008957 -0.007700
v 0.017600 0.008957 -0.007700
v 0.017600 0.008956 -0.007699
v 0.017560 0.008955 -0.007698
v 0.017560 0.008956 -0.007699
v 0.017600 0.008955 -0.007698
v 0.017600 0.008951 -0.007696
v 0.017600 0.008949 -0.007696
v 0.017560 0.008949 -0.007696
v 0.017560 0.008953 -0.007697
v 0.017600 0.008953 -0.007697
v 0.017600 0.008951 -0.007696
v 0.017560 0.009003 -0.007747
v 0.017567 0.009003 -0.007747
v 0.017560 0.009003 -0.007749
v 0.017560 0.009003 -0.007749
v 0.017567 0.009003 -0.007749
v 0.017560 0.009002 -0.007751
v 0.017560 0.009002 -0.007751
v 0.017567 0.009003 -0.007749
v 0.017568 0.009002 -0.007751
v 0.017560 0.009001 -0.007753
v 0.017568 0.009002 -0.007751
v 0.017569 0.009001 -0.007753
v 0.017560 0.009000 -0.007754
v 0.017560 0.009001 -0.007753
v 0.017569 0.009001 -0.007753
v 0.017560 0.008999 -0.007755
v 0.017560 0.009000 -0.007754
v 0.017570 0.009000 -0.007754
v 0.017571 0.008999 -0.007755
v 0.017560 0.008999 -0.007755
v 0.017570 0.009000 -0.007754
v 0.017571 0.008999 -0.007755
v 0.017560 0.008997 -0.007756
v 0.017560 0.008999 -0.007755
v 0.017560 0.008993 -0.007757
v 0.017560 0.008995 -0.007757
v 0.017575 0.008995 -0.007757
v 0.017575 0.008995 -0.007757
v 0.017577 0.008993 -0.007757
v 0.017560 0.008993 -0.007757
v 0.017560 0.008995 -0.007757
v 0.017573 0.008997 -0.007756
v 0.017575 0.008995 -0.007757
v 0.017570 0.009000 -0.007754
v 0.017560 0.009000 -0.007754
v 0.017569 0.009001 -0.007753
v 0.017560 0.008997 -0.007756
v 0.017571 0.008999 -0.007755
v 0.017573 0.008997 -0.007756
v 0.017567 0.009003 -0.007749
v 0.017560 0.009003 -0.007749
v 0.017567 0.009003 -0.007747
v 0.017560 0.008995 -0.007757
v 0.017560 0.008997 -0.007756
v 0.017573 0.008997 -0.007756
v 0.017568 0.009002 -0.007751
v 0.017560 0.009001 -0.007753
v 0.017560 0.009002 -0.007751
v 0.017510 0.008773 -0.007780
v 0.017510 0.008773 -0.007820
v 0.017560 0.008773 -0.007780
v 0.017560 0.008773 -0.007820
v 0.017560 0.008773 -0.007780
v 0.017470 0.008780 -0.007780
v 0.017510 0.008773 -0.007780
v 0.017470 0.008783 -0.007780
v 0.017510 0.008773 -0.007780
v 0.017560 0.008783 -0.007780
v 0.017560 0.008773 -0.007780
v 0.017560 0.008783 -0.007780
v 0.017510 0.008773 -0.007780
v 0.017510 0.008783 -0.007770
v 0.017560 0.008783 -0.007780
v 0.017560 0.008783 -0.007770
v 0.017470 0.008783 -0.007780
v 0.017560 0.008783 -0.007780
v 0.017470 0.008783 -0.007780
v 0.017470 0.008783 -0.007777
v 0.017510 0.008823 -0.007770
v 0.017510 0.008783 -0.007770
v 0.017560 0.008823 -0.007770
v 0.017510 0.008783 -0.007770
v 0.017560 0.008783 -0.007770
v 0.017560 0.008823 -0.007770
v 0.017470 0.008823 -0.007777
v 0.017510 0.008823 -0.007770
v 0.017470 0.008823 -0.007780
v 0.017510 0.008823 -0.007770
v 0.017560 0.008823 -0.007780
v 0.017560 0.008823 -0.007770
v 0.017560 0.008823 -0.007780
v 0.017510 0.008823 -0.007770
v 0.017510 0.008833 -0.007780
v 0.017560 0.008823 -0.007780
v 0.017560 0.008833 -0.007780
v 0.017470 0.008823 -0.007780
v 0.017560 0.008823 -0.007780
v 0.017470 0.008823 -0.007780
v 0.017470 0.008826 -0.007780
v 0.017510 0.008833 -0.007820
v 0.017510 0.008833 -0.007780
v 0.017560 0.008833 -0.007820
v 0.017510 0.008833 -0.007780
v 0.017560 0.008833 -0.007780
v 0.017560 0.008833 -0.007820
v 0.017470 0.008826 -0.007820
v 0.017510 0.008833 -0.007820
v 0.017470 0.008823 -0.007820
v 0.017510 0.008833 -0.007820
v 0.017560 0.008823 -0.007820
v 0.017560 0.008833 -0.007820
v 0.017560 0.008823 -0.007820
v 0.017510 0.008833 -0.007820
v 0.017510 0.008823 -0.007830
v 0.017560 0.008823 -0.007820
v 0.017560 0.008823 -0.007830
v 0.017470 0.008823 -0.007820
v 0.017560 0.008823 -0.007820
v 0.017470 0.008823 -0.007820
v 0.017470 0.008823 -0.007823
v 0.017510 0.008783 -0.007830
v 0.017510 0.008823 -0.007830
v 0.017560 0.008783 -0.007830
v 0.017510 0.008823 -0.007830
v 0.017560 0.008823 -0.007830
v 0.017560 0.008783 -0.007830
v 0.017470 0.008783 -0.007823
v 0.017510 0.008783 -0.007830
v 0.017470 0.008783 -0.007820
v 0.017510 0.008783 -0.007830
v 0.017560 0.008783 -0.007820
v 0.017560 0.008783 -0.007830
v 0.017560 0.008783 -0.007820
v 0.017510 0.008783 -0.007830
v 0.017560 0.008807 -0.007820
v 0.017470 0.008807 -0.007820
v 0.017560 0.008803 -0.007820
v 0.017560 0.008811 -0.007818
v 0.017560 0.008814 -0.007817
v 0.017470 0.008811 -0.007818
v 0.017470 0.008814 -0.007817
v 0.017470 0.008817 -0.007814
v 0.017560 0.008817 -0.007814
v 0.017560 0.008820 -0.007811
v 0.017470 0.008820 -0.007811
v 0.017560 0.008821 -0.007808
v 0.017470 0.008821 -0.007808
v 0.017560 0.008823 -0.007804
v 0.017470 0.008823 -0.007804
v 0.017560 0.008823 -0.007800
v 0.017560 0.008823 -0.007796
v 0.017470 0.008823 -0.007800
v 0.017470 0.008823 -0.007796
v 0.017560 0.008821 -0.007792
v 0.017470 0.008821 -0.007792
v 0.017560 0.008820 -0.007789
v 0.017560 0.008817 -0.007786
v 0.017470 0.008820 -0.007789
v 0.017470 0.008817 -0.007786
v 0.017470 0.008814 -0.007783
v 0.017560 0.008814 -0.007783
v 0.017560 0.008811 -0.007782
v 0.017470 0.008811 -0.007782
v 0.017560 0.008807 -0.007780
v 0.017470 0.008807 -0.007780
v 0.017560 0.008803 -0.007780
v 0.017470 0.008803 -0.007780
v 0.017560 0.008799 -0.007780
v 0.017470 0.008799 -0.007780
v 0.017560 0.008795 -0.007782
v 0.017470 0.008795 -0.007782
v 0.017560 0.008792 -0.007783
v 0.017560 0.008783 -0.007800
v 0.017470 0.008783 -0.007800
v 0.017470 0.008783 -0.007796
v 0.017560 0.008783 -0.007804
v 0.017470 0.008783 -0.007804
v 0.017560 0.008785 -0.007808
v 0.017470 0.008785 -0.007808
v 0.017560 0.008786 -0.007811
v 0.017470 0.008786 -0.007811
v 0.017560 0.008789 -0.007814
v 0.017560 0.008792 -0.007817
v 0.017470 0.008789 -0.007814
v 0.017470 0.008792 -0.007817
v 0.017470 0.008795 -0.007818
v 0.017560 0.008795 -0.007818
v 0.017470 0.008799 -0.007820
v 0.017560 0.008799 -0.007820
v 0.017470 0.008803 -0.007820
v 0.017560 0.008783 -0.007796
v 0.017470 0.008785 -0.007792
v 0.017560 0.008785 -0.007792
v 0.017470 0.008786 -0.007789
v 0.017560 0.008786 -0.007789
v 0.017470 0.008789 -0.007786
v 0.017560 0.008789 -0.007786
v 0.017470 0.008792 -0.007783
v 0.017510 0.008773 -0.007820
v 0.017560 0.008783 -0.007820
v 0.017560 0.008773 -0.007820
v 0.017470 0.008783 -0.007820
v 0.017560 0.008783 -0.007820
v 0.017510 0.008773 -0.007820
v 0.017470 0.008783 -0.007820
v 0.017510 0.008773 -0.007820
v 0.017470 0.008780 -0.007820
v 0.017470 0.008803 -0.007823
v 0.017470 0.008803 -0.007820
v 0.017470 0.008807 -0.007820
v 0.017470 0.008826 -0.007800
v 0.017470 0.008823 -0.007800
v 0.017470 0.008823 -0.007796
v 0.017470 0.008780 -0.007780
v 0.017470 0.008783 -0.007780
v 0.017470 0.008786 -0.007789
v 0.017470 0.008780 -0.007820
v 0.017470 0.008785 -0.007808
v 0.017470 0.008786 -0.007811
v 0.017470 0.008795 -0.007818
v 0.017470 0.008799 -0.007820
v 0.017470 0.008783 -0.007823
v 0.017470 0.008792 -0.007817
v 0.017470 0.008795 -0.007818
v 0.017470 0.008823 -0.007823
v 0.017470 0.008811 -0.007818
v 0.017470 0.008814 -0.007817
v 0.017470 0.008821 -0.007808
v 0.017470 0.008823 -0.007804
v 0.017470 0.008826 -0.007820
v 0.017470 0.008820 -0.007811
v 0.017470 0.008821 -0.007808
v 0.017470 0.008826 -0.007780
v 0.017470 0.008821 -0.007792
v 0.017470 0.008820 -0.007789
v 0.017470 0.008803 -0.007777
v 0.017470 0.008811 -0.007782
v 0.017470 0.008807 -0.007780
v 0.017470 0.008823 -0.007777
v 0.017470 0.008814 -0.007783
v 0.017470 0.008811 -0.007782
v 0.017470 0.008783 -0.007777
v 0.017470 0.008795 -0.007782
v 0.017470 0.008792 -0.007783
v 0.017470 0.008783 -0.007780
v 0.017470 0.008792 -0.007783
v 0.017470 0.008789 -0.007786
v 0.017470 0.008783 -0.007780
v 0.017470 0.008789 -0.007786
v 0.017470 0.008786 -0.007789
v 0.017470 0.008799 -0.007820
v 0.017470 0.008803 -0.007820
v 0.017470 0.008783 -0.007823
v 0.017470 0.008795 -0.007818
v 0.017470 0.008786 -0.007811
v 0.017470 0.008783 -0.007820
v 0.017470 0.008780 -0.007820
v 0.017470 0.008792 -0.007817
v 0.017470 0.008783 -0.007823
v 0.017470 0.008783 -0.007820
v 0.017470 0.008789 -0.007814
v 0.017470 0.008792 -0.007817
v 0.017470 0.008783 -0.007820
v 0.017470 0.008786 -0.007811
v 0.017470 0.008789 -0.007814
v 0.017470 0.008783 -0.007820
v 0.017470 0.008785 -0.007808
v 0.017470 0.008780 -0.007820
v 0.017470 0.008780 -0.007800
v 0.017470 0.008783 -0.007804
v 0.017470 0.008785 -0.007808
v 0.017470 0.008783 -0.007796
v 0.017470 0.008783 -0.007800
v 0.017470 0.008780 -0.007780
v 0.017470 0.008785 -0.007792
v 0.017470 0.008785 -0.007792
v 0.017470 0.008783 -0.007796
v 0.017470 0.008786 -0.007789
v 0.017470 0.008785 -0.007792
v 0.017470 0.008780 -0.007780
v 0.017470 0.008792 -0.007783
v 0.017470 0.008783 -0.007780
v 0.017470 0.008783 -0.007777
v 0.017470 0.008783 -0.007800
v 0.017470 0.008783 -0.007804
v 0.017470 0.008799 -0.007780
v 0.017470 0.008795 -0.007782
v 0.017470 0.008807 -0.007780
v 0.017470 0.008803 -0.007780
v 0.017470 0.008823 -0.007777
v 0.017470 0.008811 -0.007782
v 0.017470 0.008820 -0.007789
v 0.017470 0.008823 -0.007780
v 0.017470 0.008826 -0.007780
v 0.017470 0.008814 -0.007783
v 0.017470 0.008823 -0.007777
v 0.017470 0.008823 -0.007780
v 0.017470 0.008817 -0.007786
v 0.017470 0.008814 -0.007783
v 0.017470 0.008823 -0.007780
v 0.017470 0.008820 -0.007789
v 0.017470 0.008817 -0.007786
v 0.017470 0.008823 -0.007780
v 0.017470 0.008821 -0.007792
v 0.017470 0.008826 -0.007780
v 0.017470 0.008823 -0.007796
v 0.017470 0.008821 -0.007792
v 0.017470 0.008823 -0.007804
v 0.017470 0.008823 -0.007800
v 0.017470 0.008826 -0.007820
v 0.017470 0.008821 -0.007808
v 0.017470 0.008814 -0.007817
v 0.017470 0.008823 -0.007820
v 0.017470 0.008823 -0.007823
v 0.017470 0.008820 -0.007811
v 0.017470 0.008826 -0.007820
v 0.017470 0.008823 -0.007820
v 0.017470 0.008817 -0.007814
v 0.017470 0.008820 -0.007811
v 0.017470 0.008823 -0.007820
v 0.017470 0.008814 -0.007817
v 0.017470 0.008817 -0.007814
v 0.017470 0.008823 -0.007820
v 0.017470 0.008811 -0.007818
v 0.017470 0.008823 -0.007823
v 0.017470 0.008803 -0.007780
v 0.017470 0.008799 -0.007780
v 0.017470 0.008807 -0.007820
v 0.017470 0.008811 -0.007818
v 0.017470 0.008795 -0.007782
v 0.017470 0.008783 -0.007777
v 0.017560 0.008811 -0.007818
v 0.017560 0.008807 -0.007820
v 0.017560 0.008803 -0.007820
v 0.017560 0.008814 -0.007817
v 0.017560 0.008811 -0.007818
v 0.017560 0.008803 -0.007820
v 0.017560 0.008817 -0.007814
v 0.017560 0.008814 -0.007817
v 0.017560 0.008803 -0.007820
v 0.017560 0.008820 -0.007811
v 0.017560 0.008817 -0.007814
v 0.017560 0.008803 -0.007820
v 0.017560 0.008821 -0.007808
v 0.017560 0.008803 -0.007820
v 0.017560 0.008823 -0.007804
v 0.017560 0.008821 -0.007808
v 0.017560 0.008820 -0.007811
v 0.017560 0.008803 -0.007820
v 0.017560 0.008823 -0.007804
v 0.017560 0.008803 -0.007820
v 0.017560 0.008823 -0.007800
v 0.017560 0.008823 -0.007800
v 0.017560 0.008803 -0.007820
v 0.017560 0.008823 -0.007796
v 0.017560 0.008803 -0.007820
v 0.017560 0.008821 -0.007792
v 0.017560 0.008823 -0.007796
v 0.017560 0.008803 -0.007820
v 0.017560 0.008820 -0.007789
v 0.017560 0.008821 -0.007792
v 0.017560 0.008803 -0.007820
v 0.017560 0.008817 -0.007786
v 0.017560 0.008820 -0.007789
v 0.017560 0.008811 -0.007782
v 0.017560 0.008814 -0.007783
v 0.017560 0.008803 -0.007820
v 0.017560 0.008803 -0.007820
v 0.017560 0.008814 -0.007783
v 0.017560 0.008817 -0.007786
v 0.017560 0.008807 -0.007780
v 0.017560 0.008803 -0.007820
v 0.017560 0.008803 -0.007780
v 0.017560 0.008803 -0.007780
v 0.017560 0.008803 -0.007820
v 0.017560 0.008799 -0.007780
v 0.017560 0.008803 -0.007820
v 0.017560 0.008795 -0.007782
v 0.017560 0.008799 -0.007780
v 0.017560 0.008803 -0.007820
v 0.017560 0.008792 -0.007783
v 0.017560 0.008795 -0.007782
v 0.017560 0.008803 -0.007820
v 0.017560 0.008789 -0.007786
v 0.017560 0.008792 -0.007783
v 0.017560 0.008785 -0.007792
v 0.017560 0.008786 -0.007789
v 0.017560 0.008803 -0.007820
v 0.017560 0.008803 -0.007820
v 0.017560 0.008786 -0.007789
v 0.017560 0.008789 -0.007786
v 0.017560 0.008783 -0.007796
v 0.017560 0.008785 -0.007792
v 0.017560 0.008803 -0.007820
v 0.017560 0.008783 -0.007800
v 0.017560 0.008783 -0.007796
v 0.017560 0.008803 -0.007820
v 0.017560 0.008783 -0.007800
v 0.017560 0.008803 -0.007820
v 0.017560 0.008783 -0.007804
v 0.017560 0.008783 -0.007804
v 0.017560 0.008803 -0.007820
v 0.017560 0.008785 -0.007808
v 0.017560 0.008785 -0.007808
v 0.017560 0.008803 -0.007820
v 0.017560 0.008786 -0.007811
v 0.017560 0.008803 -0.007820
v 0.017560 0.008792 -0.007817
v 0.017560 0.008789 -0.007814
v 0.017560 0.008786 -0.007811
v 0.017560 0.008803 -0.007820
v 0.017560 0.008789 -0.007814
v 0.017560 0.008803 -0.007820
v 0.017560 0.008795 -0.007818
v 0.017560 0.008792 -0.007817
v 0.017560 0.008803 -0.007820
v 0.017560 0.008807 -0.007780
v 0.017560 0.008811 -0.007782
v 0.017560 0.008799 -0.007820
v 0.017560 0.008795 -0.007818
v 0.017560 0.008803 -0.007820
v 0.017470 0.008803 -0.007777
v 0.017470 0.008783 -0.007777
v 0.017510 0.008783 -0.007770
v 0.017470 0.008823 -0.007777
v 0.017470 0.008803 -0.007777
v 0.017470 0.008803 -0.007777
v 0.017510 0.008783 -0.007770
v 0.017470 0.008826 -0.007800
v 0.017470 0.008826 -0.007780
v 0.017510 0.008833 -0.007780
v 0.017470 0.008826 -0.007820
v 0.017470 0.008826 -0.007800
v 0.017470 0.008826 -0.007800
v 0.017510 0.008833 -0.007780
v 0.017470 0.008803 -0.007823
v 0.017470 0.008823 -0.007823
v 0.017510 0.008823 -0.007830
v 0.017470 0.008783 -0.007823
v 0.017470 0.008803 -0.007823
v 0.017470 0.008803 -0.007823
v 0.017510 0.008823 -0.007830
v 0.017470 0.008780 -0.007800
v 0.017470 0.008780 -0.007820
v 0.017470 0.008780 -0.007780
v 0.017470 0.008780 -0.007800
v 0.017470 0.008780 -0.007800
v 0.017530 0.008763 -0.007958
v 0.017560 0.008763 -0.007958
v 0.017530 0.008843 -0.007958
v 0.017560 0.008763 -0.007958
v 0.017560 0.008843 -0.007958
v 0.017530 0.008763 -0.007978
v 0.017560 0.008763 -0.007978
v 0.017530 0.008763 -0.007958
v 0.017530 0.008763 -0.007958
v 0.017560 0.008763 -0.007978
v 0.017560 0.008763 -0.007958
v 0.017530 0.008843 -0.007978
v 0.017560 0.008803 -0.007978
v 0.017530 0.008763 -0.007978
v 0.017560 0.008803 -0.007978
v 0.017560 0.008763 -0.007978
v 0.017530 0.008763 -0.007978
v 0.017560 0.008803 -0.007978
v 0.017560 0.008843 -0.007978
v 0.017530 0.008843 -0.007958
v 0.017560 0.008843 -0.007958
v 0.017530 0.008843 -0.007978
v 0.017530 0.008843 -0.007978
v 0.017560 0.008843 -0.007958
v 0.017560 0.008843 -0.007978
v 0.017530 0.008843 -0.007958
v 0.017530 0.008843 -0.007978
v 0.017530 0.008763 -0.007958
v 0.017530 0.008843 -0.007978
v 0.017530 0.008763 -0.007978
v 0.017530 0.008763 -0.007958
vn -1.0000 -0.0000 -0.0000
vn -1.0000 0.0001 -0.0000
vn -1.0000 -0.0001 -0.0000
vn -1.0000 -0.0002 -0.0000
vn -1.0000 0.0002 -0.0000
vn -1.0000 0.0003 -0.0000
vn 1.0000 -0.0000 -0.0000
vn 1.0000 -0.0002 -0.0000
vn 1.0000 0.0002 -0.0000
vn 1.0000 -0.0001 -0.0000
vn 1.0000 0.0004 -0.0000
vn 1.0000 0.0001 -0.0000
vn 1.0000 0.0003 -0.0000
vn 0.7071 0.7071 -0.0000
vn 0.7071 0.7072 -0.0000
vn 0.7070 0.7072 -0.0000
vn 0.7070 0.7072 -0.0001
vn 0.7069 0.7073 -0.0000
vn 0.7071 0.7072 -0.0001
vn 0.7070 0.7072 0.0001
vn 0.7071 0.7071 0.0001
vn 0.7068 0.7074 -0.0000
vn 0.7072 0.7071 -0.0000
vn 0.7072 0.7070 -0.0000
vn 0.7070 0.7073 -0.0000
vn 0.7071 0.7071 -0.0001
vn -0.0000 1.0000 -0.0000
vn 0.7071 -0.7071 -0.0000
vn 0.7072 -0.7070 -0.0000
vn 0.7072 -0.7071 -0.0000
vn 0.7069 -0.7073 -0.0002
vn 0.7073 -0.7069 -0.0000
vn 0.7069 -0.7073 -0.0000
vn 0.7070 -0.7072 -0.0000
vn 0.7071 -0.7071 -0.0001
vn 0.7069 -0.7073 0.0001
vn 0.7071 -0.7072 0.0001
vn -0.0000 -1.0000 -0.0000
vn 1.0000 -0.0003 -0.0000
vn 0.7070 -0.7072 0.0002
vn 0.7072 -0.7071 0.0002
vn 0.7071 -0.7071 0.0001
vn 0.7070 -0.7072 0.0001
vn 0.7068 -0.7074 -0.0000
vn 0.7071 -0.7072 -0.0000
vn 0.7070 -0.7073 -0.0002
vn 0.7072 0.7070 0.0002
vn 0.7071 -0.7072 0.0002
vn 0.7070 -0.7072 -0.0001
vn 0.7073 -0.7069 0.0002
vn -0.0000 -0.0000 1.0000
vn -0.0000 -0.0000 -1.0000
vn -0.0000 -0.0980 -0.9952
vn -0.0000 -0.1951 -0.9808
vn -0.0000 -0.2903 -0.9569
vn -0.0000 -0.3827 -0.9239
vn -0.0000 -0.4714 -0.8819
vn -0.0000 -0.5556 -0.8315
vn -0.0000 -0.5555 -0.8315
vn -0.0000 -0.6344 -0.7730
vn -0.0000 -0.7071 -0.7071
vn -0.0000 -0.7072 -0.7070
vn -0.0000 -0.7730 -0.6344
vn -0.0000 -0.8315 -0.5556
vn -0.0000 -0.8315 -0.5555
vn -0.0000 -0.8819 -0.4714
vn -0.0000 -0.9239 -0.3827
vn -0.0000 -0.9952 -0.0980
vn -0.0000 -1.0000 -0.0001
vn -0.0000 -0.9808 -0.1951
vn -0.0000 -0.9569 -0.2903
vn -0.0000 -0.5556 -0.8314
vn -0.0000 -0.9952 0.0980
vn -0.0000 -0.9808 0.1951
vn -0.0000 -0.9569 0.2903
vn -0.0000 -0.9239 0.3827
vn -0.0000 -0.8819 0.4714
vn -0.0000 -0.8315 0.5555
vn -0.0000 -0.7730 0.6344
vn -0.0000 -0.8315 0.5556
vn -0.0000 -0.7071 0.7071
vn -0.0000 -0.6344 0.7730
vn -0.0000 -0.5556 0.8314
vn -0.0000 -0.5556 0.8315
vn -0.0000 -0.4714 0.8819
vn -0.0000 -0.3827 0.9239
vn -0.0000 -0.0980 0.9952
vn -0.0000 -0.1951 0.9808
vn -0.0000 -0.2903 0.9569
vn -0.0000 -0.5555 0.8315
vn -0.0000 -0.7072 0.7070
vn -0.0000 -1.0000 0.0001
vn -0.0000 0.0980 -0.9952
vn -0.0000 0.1951 -0.9808
vn -0.0000 0.2903 -0.9569
vn -0.0000 0.3827 -0.9239
vn -0.0000 0.4714 -0.8819
vn -0.0000 0.5555 -0.8315
vn -0.0000 0.5556 -0.8315
vn -0.0000 0.5556 -0.8314
vn -0.0000 0.6344 -0.7730
vn -0.0000 0.7730 -0.6344
vn -0.0000 0.8314 -0.5556
vn -0.0000 0.8315 -0.5555
vn -0.0000 0.8819 -0.4714
vn -0.0000 0.9952 -0.0980
vn -0.0000 0.9808 -0.1951
vn -0.0000 0.9569 -0.2903
vn -0.0000 0.9239 -0.3827
vn -0.0000 0.8315 -0.5556
vn -0.0000 0.7072 -0.7070
vn -0.0000 0.7070 -0.7072
vn -0.0000 0.7071 -0.7071
vn -0.0000 0.9952 0.0980
vn -0.0000 0.9808 0.1951
vn -0.0000 0.9569 0.2903
vn -0.0000 0.9239 0.3827
vn -0.0000 0.8819 0.4714
vn -0.0000 0.8315 0.5555
vn -0.0000 0.7730 0.6344
vn -0.0000 0.8315 0.5556
vn -0.0000 0.7072 0.7070
vn -0.0000 0.7071 0.7071
vn -0.0000 0.6344 0.7730
vn -0.0000 0.5556 0.8314
vn -0.0000 0.5556 0.8315
vn -0.0000 0.4714 0.8819
vn -0.0000 0.3827 0.9239
vn -0.0000 0.0980 0.9952
vn -0.0000 0.1951 0.9808
vn -0.0000 0.2903 0.9569
vn -0.0000 0.7069 0.7073
vn -0.0000 0.8314 0.5556
vn -0.0000 0.9808 0.1950
vn -0.0000 0.9808 0.1952
vn -0.0000 0.7068 0.7074
vn -0.0000 0.8314 0.5557
vn -0.0000 0.7074 0.7069
vn -0.0000 0.1950 0.9808
vn -0.0000 0.3826 0.9239
vn -0.0000 0.5555 0.8315
vn -0.0000 0.9808 -0.1950
vn -0.0000 0.9808 -0.1952
vn -0.0000 0.8314 -0.5557
vn -0.0000 0.7069 -0.7073
vn -0.0000 0.1950 -0.9808
vn -0.0000 0.3826 -0.9239
vn -0.0000 0.1952 -0.9808
vn -0.0000 -0.1950 -0.9808
vn -0.0000 -0.1952 -0.9808
vn -0.0000 -0.8314 -0.5557
vn -0.0000 -0.8314 -0.5556
vn -0.0000 -0.7070 -0.7072
vn -0.0000 -0.9808 -0.1950
vn -0.0000 -0.9808 -0.1952
vn -0.0000 -0.5557 -0.8314
vn -0.0000 -0.7071 -0.7072
vn -0.0000 -0.1950 0.9808
vn -0.0000 -0.3826 0.9239
vn -0.0000 -0.7069 0.7074
vn -0.0000 -0.7068 0.7074
vn -0.0000 -0.8314 0.5557
vn -0.0000 -0.9808 0.1950
vn -0.0000 -0.9808 0.1952
vn -0.0000 -0.7074 0.7068
vn -0.0000 -0.8314 0.5556
vn -0.0000 -0.7069 0.7073
vn -0.0000 -0.7068 -0.7074
vn -0.0000 -0.7069 -0.7074
vn -0.0000 -0.7074 -0.7068
vn -0.0000 -0.3826 -0.9239
vn -0.0000 -0.7069 -0.7073
vn -0.0000 0.5557 0.8314
vn -0.0000 0.7070 0.7072
vn -0.0000 0.9239 0.3826
vn -0.0000 0.1952 0.9808
vn -0.0000 0.9239 -0.3826
vn -0.0000 0.5557 -0.8314
vn -0.0000 0.7069 -0.7074
vn -0.0000 0.7072 -0.7071
vn -0.0000 -0.9239 0.3826
vn -0.0000 -0.7070 0.7072
vn -0.0000 -0.5557 0.8314
vn 0.0001 0.8314 0.5557
vn -0.0000 -0.7073 0.7069
vn -0.0000 -0.1952 0.9808
vn -0.0000 -0.9239 -0.3826
vn -0.0000 0.7074 -0.7069
vn -0.0000 0.7068 -0.7074
vn -0.0000 1.0000 0.0001
vn -0.0001 -0.0000 1.0000
vn -0.0000 1.0000 -0.0001
vn -0.0000 -0.9238 0.3828
vn -0.0000 -0.9238 -0.3828
vn -0.0000 -0.3828 -0.9239
vn -0.0000 0.3828 -0.9238
vn -0.0000 0.9238 0.3828
vn -0.0000 0.3828 0.9238
vn -0.0000 0.9238 -0.3828
vn -0.1724 -0.0000 0.9850
vn -0.1724 0.9850 -0.0000
vn -0.0001 1.0000 -0.0000
vn -0.1724 -0.0000 -0.9850
vn -0.1724 -0.9850 -0.0000
vn -0.1104 -0.0000 -0.9939
vn -0.1105 -0.0000 0.9939
vn -0.1104 -0.0000 0.9939
vn 0.0001 -0.8314 -0.5557
vn -0.0000 -0.7073 -0.7069
vn -0.0000 -0.7072 -0.7071
vn -0.0000 0.7075 -0.7067
vn -0.0001 -0.0000 -1.0000
vn -1.0000 -0.0003 -0.0000
vn -0.0001 -1.0000 -0.0000
s 1
usemtl Diffuse_51_51_51_100.014
f 1//1 2//1 3//1
f 4//1 5//2 6//1
f 7//1 8//1 9//1
f 10//1 11//1 12//1
f 13//1 14//1 15//1
f 16//1 17//2 18//3
f 16//1 19//1 20//1
f 21//1 22//1 23//2
f 24//1 25//1 26//1
f 26//1 25//1 27//2
f 28//3 29//1 22//1
f 30//1 27//2 31//3
f 32//1 15//1 33//1
f 27//2 30//1 26//1
f 34//1 35//2 30//1
f 31//3 36//3 30//1
f 20//1 37//3 38//1
f 39//1 16//1 38//1
f 30//1 40//1 26//1
f 41//1 42//1 43//1
f 44//1 43//1 42//1
f 45//1 46//1 42//1
f 47//1 48//1 42//1
f 49//1 50//1 42//1
f 51//1 49//1 42//1
f 52//1 51//1 42//1
f 53//1 54//4 55//2
f 53//1 52//1 54//4
f 56//3 53//1 55//2
f 57//1 56//3 55//2
f 57//1 58//4 56//3
f 59//2 60//4 58//4
f 59//2 61//2 60//4
f 61//2 62//1 63//1
f 63//1 62//1 64//1
f 64//1 65//1 66//3
f 66//3 65//1 67//1
f 67//1 68//2 66//3
f 69//3 70//3 68//2
f 69//3 71//3 70//3
f 70//3 71//3 72//1
f 72//1 71//3 73//2
f 74//1 73//2 75//1
f 76//1 74//1 75//1
f 77//1 78//2 79//3
f 77//1 80//1 78//2
f 81//1 82//1 83//1
f 84//1 82//1 85//1
f 86//1 87//3 81//1
f 88//1 89//1 81//1
f 90//1 79//3 91//1
f 80//1 76//1 75//1
f 50//1 92//1 93//1
f 94//1 95//3 96//1
f 94//1 97//1 95//3
f 95//3 97//1 98//3
f 98//3 97//1 99//3
f 97//1 100//3 101//3
f 97//1 102//2 100//3
f 97//1 103//1 102//2
f 103//1 104//4 105//1
f 106//1 103//1 107//1
f 106//1 108//4 103//1
f 107//1 103//1 109//3
f 109//3 103//1 110//2
f 110//2 103//1 4//1
f 111//1 110//2 4//1
f 4//1 103//1 112//1
f 4//1 113//1 111//1
f 113//1 4//1 114//1
f 114//1 4//1 115//1
f 116//2 117//2 5//2
f 5//2 117//2 6//1
f 118//1 119//1 116//2
f 116//2 119//1 117//2
f 120//1 118//1 116//2
f 121//3 120//1 116//2
f 116//2 122//1 121//3
f 116//2 123//2 122//1
f 102//2 103//1 105//1
f 122//1 123//2 124//1
f 103//1 108//4 104//4
f 125//1 126//1 127//1
f 93//1 42//1 50//1
f 97//1 101//3 99//3
f 93//1 47//1 42//1
f 128//1 125//1 123//2
f 48//1 45//1 42//1
f 129//1 123//2 130//1
f 129//1 128//1 123//2
f 123//2 131//1 132//5
f 44//1 42//1 46//1
f 133//1 134//1 123//2
f 132//5 130//1 123//2
f 123//2 125//1 127//1
f 124//1 123//2 127//1
f 135//1 116//2 5//2
f 136//1 135//1 5//2
f 5//2 137//1 138//1
f 139//1 140//1 5//1
s 0
f 5//1 140//1 137//1
s 1
f 5//2 138//1 141//2
f 142//2 143//1 7//1
f 7//1 143//1 144//1
f 145//1 7//1 144//1
f 146//2 145//1 144//1
f 147//1 148//1 149//1
f 146//2 149//1 145//1
f 150//1 149//1 151//2
s 0
f 149//1 152//1 153//1
s 1
f 149//1 154//2 155//1
f 156//1 149//1 155//1
f 156//1 157//2 158//3
f 159//1 160//1 156//1
f 159//1 161//1 160//1
f 159//1 162//4 161//1
f 163//1 164//1 159//1
f 165//1 163//1 159//1
s 0
f 166//1 165//1 159//1
s 1
f 155//1 157//2 156//1
f 154//2 149//1 167//1
f 167//1 149//1 168//1
f 168//1 149//1 169//1
f 169//1 149//1 146//2
f 145//1 149//1 148//1
f 159//1 158//3 170//1
f 171//1 152//1 149//1
f 149//1 153//1 151//2
f 7//1 172//2 142//2
f 7//1 9//1 173//3
f 174//1 7//1 173//3
f 173//3 9//1 175//2
f 175//2 9//1 176//1
f 177//3 178//5 9//1
f 9//1 178//5 179//1
f 180//1 9//1 181//3
f 181//3 9//1 182//1
f 183//1 181//3 182//1
f 184//1 183//1 182//1
f 182//1 185//1 184//1
f 186//2 187//1 188//2
f 186//2 189//1 182//1
f 190//1 188//2 187//1
f 190//1 191//1 188//2
f 188//2 191//1 192//2
f 192//2 191//1 193//2
f 191//1 194//2 195//2
f 191//1 196//1 194//2
f 191//1 83//1 196//1
f 81//1 87//3 197//1
f 83//1 82//1 84//1
f 88//1 81//1 197//1
f 198//1 199//1 79//3
f 78//2 198//1 79//3
f 198//1 200//1 199//1
f 199//1 200//1 201//1
f 201//1 202//1 203//3
f 203//3 204//1 205//1
f 91//1 84//1 85//1
f 205//1 206//2 207//2
f 207//2 206//2 208//3
f 209//1 207//2 208//3
f 208//3 210//5 209//1
f 209//1 210//5 211//1
f 211//1 212//1 213//1
f 213//1 212//1 214//1
f 215//1 216//1 217//3
f 218//3 219//1 220//1
f 221//1 222//1 223//1
f 224//1 218//3 220//1
f 225//1 213//1 214//1
f 81//1 226//3 86//1
f 191//1 195//2 193//2
f 172//2 7//1 174//1
f 220//1 219//1 227//1
f 176//1 9//1 179//1
f 219//1 228//2 229//3
f 150//1 147//1 149//1
f 182//1 189//1 185//1
f 159//1 164//1 162//4
f 230//1 219//1 231//1
f 230//1 228//2 219//1
f 219//1 218//3 232//2
f 159//1 156//1 158//3
f 233//1 234//2 235//1
f 235//1 234//2 236//5
f 237//1 235//1 236//5
f 237//1 238//1 235//1
f 235//1 238//1 239//1
f 238//1 240//1 241//1
f 238//1 242//1 243//3
s 0
f 241//1 244//1 238//1
s 1
f 238//1 244//1 242//1
f 233//1 235//1 219//1
f 227//1 219//1 229//3
f 219//1 232//2 245//2
f 221//1 219//1 245//2
f 221//1 233//1 219//1
f 221//1 223//1 233//1
f 238//1 237//1 246//1
f 81//1 83//1 191//1
f 247//5 217//3 216//1
f 222//1 216//1 215//1
f 247//5 248//5 217//3
f 247//5 225//1 248//5
f 248//5 225//1 214//1
f 206//2 205//1 204//1
f 198//1 78//2 249//1
f 249//1 78//2 250//1
f 251//1 252//1 250//1
f 251//1 253//1 252//1
f 251//1 254//1 253//1
f 22//1 21//1 28//3
f 16//1 20//1 38//1
f 255//2 16//1 256//1
f 256//1 16//1 39//1
f 257//1 37//3 20//1
f 257//1 32//1 37//3
f 258//1 30//1 35//2
f 259//2 32//1 260//2
f 261//1 260//2 32//1
f 262//1 263//1 33//1
f 32//1 263//1 264//3
f 265//2 262//1 33//1
f 32//1 257//1 266//1
f 267//1 268//3 10//1
f 10//1 268//3 33//1
f 10//1 33//1 3//1
f 10//1 269//1 267//1
f 33//1 268//3 270//3
f 271//2 272//1 33//1
f 269//1 10//1 273//1
f 273//1 10//1 274//1
f 275//3 276//6 11//1
f 11//1 276//6 12//1
f 277//1 278//1 275//3
f 275//3 278//1 276//6
f 279//1 277//1 275//3
f 280//5 279//1 275//3
f 275//3 281//2 280//5
f 275//3 282//5 281//2
f 274//1 10//1 12//1
f 281//2 282//5 283//1
f 272//1 284//5 33//1
f 285//1 286//1 287//1
f 288//1 22//1 29//1
f 252//1 249//1 250//1
f 288//1 25//1 22//1
f 211//1 210//5 212//1
f 36//3 34//1 30//1
f 22//1 25//1 24//1
f 32//1 259//2 37//3
f 215//1 223//1 222//1
f 203//3 202//1 204//1
f 289//1 238//1 243//3
f 16//1 253//1 22//1
f 32//1 30//1 15//1
f 239//1 238//1 289//1
f 23//2 22//1 254//1
f 290//1 282//5 291//2
f 291//2 282//5 292//1
s 0
f 292//1 282//1 293//1
s 1
f 285//1 282//5 286//1
f 294//1 275//3 11//1
f 285//1 283//1 282//5
f 295//2 11//1 296//3
f 297//3 298//1 13//1
f 13//1 298//1 299//1
f 300//1 13//1 299//1
f 301//3 300//1 299//1
f 302//1 303//1 304//1
f 301//3 304//1 300//1
f 305//1 304//1 306//3
f 304//1 307//1 308//1
f 304//1 309//4 310//3
f 311//4 304//1 310//3
f 311//4 312//3 313//5
f 314//1 315//4 311//4
f 314//1 316//3 315//4
f 314//1 317//5 316//3
f 318//1 319//1 314//1
f 320//1 318//1 314//1
f 321//1 320//1 314//1
f 310//3 312//3 311//4
f 309//4 304//1 322//1
f 322//1 304//1 323//1
f 323//1 304//1 324//1
f 324//1 304//1 301//3
f 300//1 304//1 303//1
f 314//1 313//5 325//1
f 326//1 307//1 304//1
f 304//1 308//1 306//3
f 13//1 327//3 297//3
f 13//1 15//1 328//2
f 329//1 13//1 328//2
f 328//2 15//1 330//3
f 330//3 15//1 331//1
f 332//4 333//4 15//1
f 15//1 333//4 334//2
f 335//1 15//1 258//1
f 258//1 15//1 30//1
f 263//1 32//1 33//1
f 264//3 261//1 32//1
f 33//1 284//5 265//2
f 293//1 282//1 336//1
f 337//1 11//1 338//1
f 338//1 11//1 339//1
f 11//1 337//1 296//3
f 16//1 255//2 17//2
f 340//1 286//1 282//5
f 22//1 24//1 341//1
f 18//3 253//1 16//1
f 22//1 253//1 254//1
f 200//1 202//1 201//1
f 52//1 42//1 54//4
f 81//1 89//1 82//1
f 90//1 91//1 85//1
f 96//1 226//3 81//1
f 90//1 77//1 79//3
f 80//1 77//1 76//1
f 74//1 72//1 73//2
f 67//1 69//3 68//2
f 60//4 61//2 63//1
f 342//3 54//4 343//1
f 343//1 54//4 42//1
f 343//1 344//2 342//3
f 339//1 11//1 345//1
f 57//1 59//2 58//4
f 65//1 64//1 62//1
f 344//2 343//1 346//1
f 346//1 347//3 348//1
f 343//1 349//2 347//3
f 15//1 334//2 331//1
f 343//1 350//3 349//2
f 13//1 329//1 327//3
f 305//1 302//1 304//1
f 290//1 351//1 282//5
f 33//1 270//3 271//2
f 314//1 319//1 317//5
f 343//1 352//1 353//1
f 354//1 355//1 343//1
f 343//1 356//1 352//1
f 311//4 313//5 314//1
f 123//2 134//1 131//1
f 4//1 112//1 357//1
f 9//1 180//1 177//3
s 0
f 219//1 358//1 231//1
s 1
f 186//2 182//1 187//1
f 359//1 357//1 112//1
f 9//1 97//1 182//1
f 8//1 7//1 357//1
f 8//1 357//1 359//1
f 182//1 360//1 187//1
f 361//1 97//1 94//1
f 103//1 97//1 9//1
f 347//3 346//1 343//1
f 5//2 141//2 136//1
f 226//3 96//1 95//3
f 81//1 362//1 96//1
f 354//1 343//1 353//1
f 355//1 350//3 343//1
f 363//1 358//1 219//1
f 115//1 4//1 6//1
f 14//1 2//1 1//1
f 14//1 13//1 2//1
f 3//1 2//1 10//1
f 11//1 295//2 294//1
f 351//1 340//1 282//5
f 15//1 335//1 332//4
f 191//1 190//1 364//1
f 365//7 366//7 367//7
f 368//7 369//7 370//7
f 371//7 372//8 373//7
f 374//7 375//7 376//9
f 367//7 366//7 377//7
f 378//7 379//7 380//10
f 381//7 379//7 382//7
f 370//7 383//7 368//7
f 370//7 369//7 384//7
f 385//10 381//7 368//7
f 386//11 368//7 383//7
f 387//12 368//7 386//11
f 388//7 368//7 387//12
f 389//7 368//7 388//7
f 390//7 368//7 389//7
f 368//7 390//7 391//7
f 368//7 391//7 392//7
f 368//7 392//7 393//7
f 368//7 393//7 385//10
f 381//7 385//10 394//10
f 381//7 394//10 395//10
f 381//7 395//10 396//12
f 381//7 396//12 397//12
f 381//7 397//12 398//7
f 379//7 398//7 399//7
f 379//7 399//7 400//7
f 401//7 402//7 403//7
f 400//7 402//7 401//7
f 404//7 403//7 405//7
f 404//7 405//7 406//7
f 405//7 407//7 406//7
f 407//7 408//7 409//7
f 408//7 410//7 409//7
f 411//7 412//7 413//7
f 411//7 413//7 414//7
f 414//7 415//7 416//7
f 417//7 416//7 415//7
f 418//7 419//7 417//7
f 420//7 419//7 418//7
f 421//7 420//7 422//7
f 421//7 422//7 423//7
f 424//7 423//7 425//7
f 426//7 427//7 428//7
f 427//7 425//7 428//7
f 426//7 428//7 429//7
f 424//7 425//7 427//7
f 430//7 431//7 432//7
f 433//7 431//7 430//7
f 434//7 435//7 436//7
f 435//7 437//7 436//7
f 438//7 371//7 434//7
f 434//7 439//7 440//7
f 441//7 371//7 438//7
f 442//7 439//7 434//7
f 443//7 371//7 441//7
f 444//7 371//7 443//7
f 445//7 371//7 444//7
f 446//9 371//7 445//7
f 371//7 446//9 447//13
f 442//7 434//7 448//7
f 371//7 449//12 450//7
f 451//7 452//7 429//7
f 451//7 431//7 433//7
f 451//7 433//7 452//7
f 429//7 452//7 426//7
f 372//8 371//7 453//7
f 454//7 376//9 375//7
f 376//9 455//7 374//7
f 456//10 457//7 374//7
f 458//7 374//7 455//7
f 459//7 374//7 458//7
f 460//7 374//7 459//7
f 461//7 374//7 460//7
f 462//12 374//7 461//7
f 374//7 462//12 463//7
f 374//7 463//7 464//7
f 374//7 464//7 465//7
f 374//7 465//7 456//10
f 457//7 456//10 466//7
f 457//7 466//7 467//12
f 457//7 467//12 468//10
f 457//7 468//10 469//10
f 457//7 469//10 435//7
f 457//7 435//7 434//7
f 436//7 448//7 434//7
f 371//7 447//13 449//12
f 450//7 453//7 371//7
f 373//7 372//8 470//7
f 432//7 436//7 437//7
f 432//7 437//7 430//7
f 400//7 399//7 402//7
f 423//7 424//7 421//7
f 422//7 420//7 418//7
f 417//7 419//7 416//7
f 413//7 415//7 414//7
f 471//7 412//7 411//7
f 410//7 408//7 472//7
f 410//7 472//7 471//7
f 409//7 406//7 407//7
f 403//7 404//7 401//7
f 379//7 381//7 398//7
f 473//7 378//7 380//10
f 474//7 378//7 473//7
f 378//7 474//7 475//12
f 440//7 438//7 434//7
f 378//7 476//12 365//7
f 476//12 477//7 365//7
f 478//7 365//7 479//7
f 365//7 480//7 479//7
f 481//7 365//7 478//7
f 482//7 365//7 481//7
f 483//7 365//7 482//7
f 365//7 483//7 484//12
f 365//7 484//12 485//12
f 477//7 480//7 365//7
f 378//7 475//12 476//12
f 472//7 412//7 471//7
f 366//7 365//7 485//12
f 382//7 379//7 378//7
f 486//14 487//14 488//14
f 489//14 490//14 488//14
f 491//15 489//14 488//14
f 491//15 492//16 493//14
f 494//14 492//16 495//14
f 489//14 496//14 497//14
f 498//17 495//14 492//16
f 499//17 492//16 500//14
f 500//14 492//16 501//14
f 501//14 492//16 502//14
f 492//16 503//14 502//14
f 504//14 505//14 492//16
f 492//16 505//14 503//14
f 492//16 499//17 498//17
f 492//16 491//15 488//14
f 488//18 506//19 507//16
f 508//20 488//18 507//16
f 508//20 509//14 488//18
f 488//18 510//21 511//14
f 488//18 509//14 510//21
f 512//14 488//18 511//14
f 513//22 514//16 488//18
f 512//14 513//22 488//18
f 493//14 492//16 494//14
f 515//23 516//15 517//22
f 518//14 515//23 517//22
f 519//14 518//14 517//22
f 520//24 519//14 517//22
f 521//14 520//24 517//22
f 522//20 521//14 517//22
f 523//25 522//20 517//22
f 524//14 517//14 525//14
f 526//14 517//14 527//14
f 528//16 527//14 529//17
f 529//17 527//14 530//14
f 530//14 527//14 531//14
f 527//14 532//14 531//14
f 533//14 534//24 527//14
f 527//14 534//24 532//14
f 535//22 533//14 527//14
f 527//14 528//16 536//21
f 517//22 537//26 523//25
f 527//14 538//14 539//14
f 540//27 541//27 542//27
f 543//27 544//27 545//27
f 546//27 547//27 548//27
f 549//27 550//27 551//27
f 552//28 553//28 554//29
f 555//28 552//28 554//29
f 556//28 555//28 554//29
f 557//30 556//28 554//29
f 558//28 557//30 554//29
f 559//28 558//28 554//29
f 560//31 559//28 554//29
f 561//28 554//29 562//28
f 562//28 554//29 563//32
f 564//33 563//32 554//29
f 564//33 565//28 566//28
f 564//33 554//29 565//28
f 567//28 568//28 564//28
f 565//28 569//28 570//28
f 571//28 565//34 572//28
f 572//28 565//34 573//34
f 573//34 565//34 574//28
f 565//34 575//28 574//28
f 576//34 577//35 565//34
f 565//34 577//35 575//28
f 565//34 571//28 578//36
f 554//29 579//28 560//31
f 565//34 578//36 580//37
f 579//28 554//29 561//28
f 581//38 582//38 583//38
f 584//38 585//38 586//38
f 587//7 588//7 589//7
f 590//7 591//7 592//7
f 593//7 594//7 595//7
f 596//7 597//7 598//7
f 599//7 600//7 601//7
f 589//7 602//7 603//7
f 589//7 604//7 605//7
f 606//10 607//10 608//10
f 609//7 610//7 602//7
f 611//7 612//7 609//7
f 613//7 614//7 611//7
f 615//7 616//7 613//7
f 617//7 618//7 615//7
f 619//12 617//12 620//12
f 621//7 620//7 622//7
f 623//7 622//7 624//7
f 625//7 624//7 606//7
f 626//8 606//8 627//8
f 628//12 627//12 629//12
f 630//12 629//12 631//12
f 632//8 631//8 633//8
f 634//10 633//10 600//10
f 635//7 600//7 636//7
f 600//7 637//7 636//7
f 638//7 639//7 640//7
f 637//7 639//7 638//7
f 640//7 641//7 642//7
f 642//7 643//7 644//7
f 643//7 645//7 644//7
f 645//7 646//7 647//7
f 646//7 648//7 647//7
f 649//7 650//7 651//7
f 649//7 651//7 652//7
f 652//7 653//7 654//7
f 655//7 654//7 653//7
f 656//7 657//7 655//7
f 658//7 657//7 656//7
f 659//7 658//7 660//7
f 659//7 660//7 661//7
f 662//7 661//7 663//7
f 664//7 665//7 666//7
f 665//7 663//7 666//7
f 664//7 666//7 667//7
f 662//7 663//7 665//7
f 668//7 669//7 670//7
f 671//7 669//7 668//7
f 672//7 673//7 674//7
f 673//7 675//7 674//7
f 676//7 590//7 672//7
f 672//7 677//7 678//12
f 679//7 590//7 676//7
f 680//7 677//7 672//7
f 681//7 590//7 679//7
f 682//7 590//7 681//7
f 683//7 590//7 682//7
f 684//12 590//7 683//7
f 590//7 684//12 685//9
f 680//7 672//7 686//7
f 590//7 687//9 688//7
f 689//7 690//7 667//7
f 689//7 669//7 671//7
f 689//7 671//7 690//7
f 667//7 690//7 664//7
f 591//7 590//7 691//39
f 595//7 692//7 593//7
f 595//7 594//7 693//7
f 694//12 695//7 593//7
f 696//12 593//7 692//7
f 697//7 593//7 696//12
f 698//7 593//7 697//7
f 699//7 593//7 698//7
f 700//7 593//7 699//7
f 593//7 700//7 701//9
f 593//7 701//9 702//7
f 593//7 702//7 703//7
f 593//7 703//7 694//12
f 695//7 694//12 704//7
f 695//7 704//7 705//10
f 695//7 705//10 706//12
f 695//7 706//12 707//12
f 695//7 707//12 673//7
f 695//7 673//7 672//7
f 674//7 686//7 672//7
f 590//7 685//9 687//9
f 688//7 691//39 590//7
f 592//7 591//7 708//7
f 670//7 674//7 675//7
f 670//7 675//7 668//7
f 636//7 637//7 638//7
f 661//7 662//7 659//7
f 660//7 658//7 656//7
f 655//7 657//7 654//7
f 651//7 653//7 652//7
f 709//7 650//7 649//7
f 648//7 646//7 710//7
f 648//7 710//7 709//7
f 647//7 644//7 645//7
f 643//7 642//7 641//7
f 641//7 640//7 639//7
f 711//7 712//7 636//7
f 713//7 714//7 711//7
f 715//7 716//7 713//7
f 717//10 715//10 718//10
f 719//12 720//12 721//12
f 720//7 722//7 723//7
f 724//7 725//7 726//7
f 727//7 728//7 726//7
f 729//7 730//7 724//7
f 731//7 732//7 729//7
f 733//8 731//8 734//8
f 735//7 734//7 736//7
f 722//7 728//7 737//7
f 738//39 718//39 720//39
f 678//12 676//7 672//7
f 739//7 740//7 736//7
f 710//7 650//7 709//7
f 597//7 741//7 739//7
f 597//7 742//7 743//7
f 601//7 600//7 744//7
f 745//28 746//28 747//28
f 748//28 749//28 750//28
f 751//40 752//41 746//42
f 753//43 746//42 754//28
f 754//28 746//42 755//44
f 746//42 756//45 755//44
f 757//28 758//28 746//42
f 746//42 758//28 756//45
f 759//34 757//28 746//42
f 746//42 753//43 751//40
f 746//28 760//28 750//28
f 750//35 761//35 762//46
f 763//28 750//35 762//46
f 763//28 764//28 750//35
f 750//35 765//36 766//35
f 750//35 764//28 767//40
f 768//44 750//35 769//28
f 769//28 750//35 766//35
f 750//35 767//40 765//36
f 770//27 771//27 772//27
f 773//27 771//27 774//27
f 775//14 776//14 777//14
f 778//14 779//14 780//14
f 781//15 782//15 783//15
f 784//14 785//14 786//14
f 786//24 787//24 788//24
f 789//14 790//14 788//14
f 791//14 792//14 793//14
f 794//14 792//14 790//14
f 795//14 791//14 796//14
f 797//17 784//17 781//17
f 798//14 799//14 800//14
f 801//19 802//19 803//19
f 804//20 805//20 803//20
f 804//14 806//14 807//14
f 808//14 809//14 810//14
f 811//47 806//47 812//47
f 813//16 814//16 815//16
f 815//14 816//14 810//14
f 817//14 812//14 809//14
f 818//38 819//38 820//38
f 821//38 819//38 822//38
f 823//28 824//28 825//28
f 826//28 827//28 828//28
f 829//48 830//48 831//48
f 832//28 833//28 834//28
f 834//28 835//28 836//28
f 837//28 838//28 836//28
f 839//28 840//28 841//28
f 842//28 840//28 838//28
f 843//34 839//34 844//34
f 845//28 832//28 829//28
f 846//45 847//45 848//45
f 849//35 850//35 851//35
f 852//49 853//49 851//49
f 852//28 854//28 855//28
f 856//28 857//28 858//28
f 859//50 854//50 860//50
f 861//28 862//28 863//28
f 863//28 864//30 858//28
f 865//28 860//28 857//28
f 866//51 867//51 868//51
f 869//51 870//51 871//51
f 872//51 873//51 874//51
f 875//51 876//51 877//51
f 878//51 879//51 880//51
f 881//51 882//51 883//51
f 884//51 885//51 886//51
f 887//52 888//52 889//52
f 890//52 891//52 892//52
f 893//52 894//52 895//52
f 896//52 897//52 898//52
f 899//52 900//52 901//52
f 902//52 903//52 904//52
f 905//52 906//52 907//52
f 908//38 909//38 910//38
f 911//38 912//38 913//38
f 914//38 915//38 916//38
f 917//38 918//38 919//38
f 920//53 921//54 922//53
f 923//54 924//55 925//54
f 926//55 927//55 928//54
f 929//56 930//56 931//55
f 932//57 933//56 934//56
f 935//58 936//57 937//57
f 938//59 939//57 940//59
f 941//60 942//58 943//60
f 944//60 945//60 946//61
f 947//62 948//62 949//63
f 950//61 951//63 952//63
f 953//63 954//64 955//64
f 956//65 957//66 958//65
f 959//66 960//67 961//66
f 962//67 963//67 964//66
f 965//53 966//53 967//52
f 968//68 969//69 970//69
f 971//68 972//38 973//68
f 974//68 975//68 976//70
f 977//68 978//70 979//70
f 980//70 981//71 982//70
f 983//71 984//71 985//70
f 986//67 987//71 988//71
f 989//67 990//71 991//67
f 992//65 993//66 994//66
f 995//63 996//63 997//64
f 998//61 999//60 1000//61
f 1001//60 1002//72 1003//72
f 1004//57 1005//57 1006//56
f 1007//55 1008//56 1009//55
f 1010//53 1011//52 1012//52
f 1013//54 1014//54 1015//53
f 1016//52 1017//52 1018//52
f 1019//52 1020//52 1021//52
f 1022//27 1023//27 1024//27
f 1025//27 1026//27 1027//27
f 1028//27 1029//27 1030//27
f 1031//27 1032//27 1033//27
f 1034//51 1035//51 1036//51
f 1037//51 1038//51 1039//51
f 1040//73 1041//74 1042//73
f 1043//74 1044//75 1045//74
f 1046//75 1047//75 1048//74
f 1049//76 1050//76 1051//75
f 1052//77 1053//76 1054//76
f 1055//78 1056//77 1057//77
f 1058//78 1059//77 1060//78
f 1061//79 1062//80 1063//79
f 1064//79 1065//79 1066//81
f 1067//81 1068//81 1069//82
f 1070//81 1071//82 1072//82
f 1073//82 1074//83 1075//83
f 1076//84 1077//85 1078//84
f 1079//85 1080//86 1081//85
f 1082//86 1083//86 1084//85
f 1085//73 1086//73 1087//38
f 1088//87 1089//51 1090//51
f 1091//87 1092//51 1093//87
f 1094//87 1095//87 1096//88
f 1097//87 1098//88 1099//88
f 1100//88 1101//89 1102//88
f 1103//89 1104//89 1105//88
f 1106//86 1107//89 1108//89
f 1109//86 1110//89 1111//86
f 1112//90 1113//85 1114//85
f 1115//82 1116//82 1117//83
f 1118//91 1119//79 1120//91
f 1121//79 1122//80 1123//80
f 1124//77 1125//77 1126//76
f 1127//75 1128//76 1129//75
f 1130//73 1131//92 1132//92
f 1133//74 1134//74 1135//73
f 1136//52 1137//52 1138//52
f 1139//52 1140//52 1141//52
f 1142//52 1143//52 1144//52
f 1145//51 1146//51 1147//51
f 1148//51 1149//51 1150//51
f 1151//51 1152//51 1153//51
f 1154//27 1155//27 1156//27
f 1157//27 1158//27 1159//27
f 1160//52 1161//93 1162//52
f 1163//93 1164//93 1165//52
f 1166//94 1167//93 1168//93
f 1169//94 1170//93 1171//94
f 1172//94 1173//94 1174//95
f 1175//94 1176//95 1177//95
f 1178//95 1179//96 1180//95
f 1181//96 1182//96 1183//95
f 1184//97 1185//96 1186//96
f 1187//97 1188//96 1189//97
f 1190//97 1191//97 1192//98
f 1193//97 1194//99 1195//99
f 1196//100 1197//101 1198//100
f 1199//101 1200//101 1201//100
f 1202//102 1203//103 1204//103
f 1205//104 1206//104 1207//105
f 1208//27 1209//106 1210//27
f 1211//106 1212//106 1213//27
f 1214//107 1215//106 1216//106
f 1217//107 1218//106 1219//107
f 1220//107 1221//107 1222//108
f 1223//107 1224//108 1225//108
f 1226//108 1227//109 1228//108
f 1229//109 1230//109 1231//108
f 1232//105 1233//109 1234//109
f 1235//105 1236//109 1237//105
f 1238//105 1239//105 1240//104
f 1241//110 1242//102 1243//102
f 1244//102 1245//111 1246//102
f 1247//112 1248//112 1249//102
f 1250//101 1251//113 1252//113
f 1253//101 1254//101 1255//113
f 1256//52 1257//52 1258//52
f 1259//52 1260//52 1261//52
f 1262//38 1263//38 1264//38
f 1265//38 1266//38 1267//38
f 1268//38 1269//38 1270//38
f 1271//38 1272//38 1273//38
f 1274//51 1275//51 1276//51
f 1277//51 1278//51 1279//51
f 1280//27 1281//114 1282//27
f 1283//114 1284//115 1285//114
f 1286//115 1287//115 1288//114
f 1289//116 1290//116 1291//115
f 1292//117 1293//117 1294//116
f 1295//118 1296//117 1297//117
f 1298//119 1299//118 1300//118
f 1301//119 1302//118 1303//119
f 1304//120 1305//121 1306//120
f 1307//120 1308//120 1309//122
f 1310//123 1311//123 1312//124
f 1313//123 1314//124 1315//124
f 1316//124 1317//125 1318//125
f 1319//126 1320//127 1321//126
f 1322//127 1323//128 1324//127
f 1325//128 1326//128 1327//127
f 1328//129 1329//51 1330//51
f 1331//129 1332//51 1333//129
f 1334//129 1335//129 1336//130
f 1337//129 1338//130 1339//130
f 1340//130 1341//131 1342//130
f 1343//131 1344//131 1345//130
f 1346//128 1347//131 1348//131
f 1349//128 1350//131 1351//128
f 1352//126 1353//127 1354//127
f 1355//124 1356//124 1357//126
f 1358//132 1359//120 1360//132
f 1361//120 1362//133 1363//133
f 1364//118 1365//118 1366//117
f 1367//116 1368//117 1369//116
f 1370//114 1371//27 1372//114
f 1373//115 1374//115 1375//116
f 1376//52 1377//52 1378//52
f 1379//52 1380//52 1381//52
f 1382//52 1383//52 1384//52
f 1385//51 1386//51 1387//51
f 1388//51 1389//51 1390//51
f 1391//51 1392//51 1393//51
f 1394//27 1395//27 1396//134
f 1397//134 1398//27 1399//134
f 1400//135 1401//117 1402//115
f 1403//115 1404//117 1405//117
f 1406//117 1407//117 1408//119
f 1409//121 1410//117 1411//121
f 1412//136 1413//137 1414//137
f 1415//125 1416//138 1417//138
f 1418//123 1419//123 1420//133
f 1421//139 1422//51 1423//51
f 1424//139 1425//139 1426//51
f 1427//130 1428//140 1429//130
f 1430//130 1431//140 1432//140
f 1433//128 1434//128 1435//141
f 1436//141 1437//128 1438//141
f 1439//132 1440//125 1441//125
f 1442//27 1443//27 1444//142
f 1445//143 1446//107 1447//109
f 1448//109 1449//143 1450//109
f 1451//104 1452//109 1453//110
f 1454//112 1455//103 1456//144
f 1457//100 1458//111 1459//111
f 1460//100 1461//100 1462//145
f 1463//99 1464//96 1465//99
f 1466//52 1467//146 1468//146
f 1469//146 1470//52 1471//52
f 1472//94 1473//147 1474//94
f 1475//111 1476//111 1477//103
f 1478//96 1479//99 1480//96
f 1481//142 1482//142 1483//27
f 1484//148 1485//96 1486//96
f 1487//109 1488//104 1489//109
f 1490//52 1491//52 1492//149
f 1493//149 1494//52 1495//149
f 1496//56 1497//54 1498//150
f 1499//56 1500//56 1501//54
f 1502//59 1503//59 1504//56
f 1505//61 1506//61 1507//72
f 1508//151 1509//152 1510//153
f 1511//67 1512//67 1513//65
f 1514//154 1515//38 1516//154
f 1517//154 1518//38 1519//38
f 1520//67 1521//70 1522//155
f 1523//67 1524//67 1525//155
f 1526//65 1527//64 1528//67
f 1529//153 1530//153 1531//152
f 1532//156 1533//156 1534//157
f 1535//56 1536//56 1537//58
f 1538//51 1539//158 1540//51
f 1541//51 1542//158 1543//158
f 1544//88 1545//88 1546//159
f 1547//159 1548//88 1549//159
f 1550//83 1551//160 1552//160
f 1553//90 1554//86 1555//90
f 1556//161 1557//162 1558//162
f 1559//90 1560//86 1561//86
f 1562//163 1563//38 1564//38
f 1565//163 1566//163 1567//38
f 1568//74 1569//76 1570//164
f 1571//74 1572//76 1573//76
f 1574//76 1575//76 1576//78
f 1577//80 1578//76 1579//78
f 1580//165 1581//166 1582//165
f 1583//167 1584//83 1585//83
f 819//38 1586//38 1587//154
f 1588//154 819//38 1589//154
f 1590//155 1591//67 1592//70
f 1593//70 1594//67 1595//67
f 1596//67 1597//67 1598//65
f 1599//65 1600//67 1601//64
f 1602//168 1603//151 1604//151
f 1605//72 1606//169 1607//169
f 1608//170 1609//170 1610//152
f 1611//149 1612//52 1613//52
f 1614//149 1615//149 1616//52
f 1617//54 1618//171 1619//54
f 1620//54 1621//171 1622//171
f 1623//56 1624//56 1625//59
f 1626//59 1627//56 1628//59
f 1629//172 1630//72 1631//72
f 1632//130 1633//140 1634//130
f 1635//128 1636//141 1637//128
f 1638//141 1639//141 1640//128
f 1641//123 1642//123 1643//173
f 1644//137 1645//174 1646//174
f 1647//117 1648//121 1649//121
f 1650//117 1651//119 1652//117
f 1653//139 1654//139 1655//51
f 1656//134 1657//27 1658//27
f 1659//134 1660//27 1661//134
f 1662//115 1663//135 1664//175
f 1665//115 1666//175 1667//175
f 1668//133 1669//137 1670//174
f 1671//173 1672//138 1673//173
f 1674//139 1675//51 1676//51
f 1677//140 1678//140 1679//176
f 1680//107 1681//177 1682//107
f 1683//109 1684//104 1685//109
f 1686//104 1687//104 1688//109
f 1689//112 1690//112 1691//144
f 1692//178 1693//179 1694//179
f 1695//96 1696//99 1697//99
f 1698//96 1699//98 1700//96
f 1701//142 1702//142 1703//27
f 1704//146 1705//52 1706//52
f 1707//146 1708//52 1709//146
f 1710//94 1711//148 1712//147
f 1713//94 1714//147 1715//147
f 1716//178 1717//178 1718//180
f 1719//144 1720//112 1721//144
f 1722//142 1723//27 1724//27
f 1725//177 1726//177 1727//107
f 1728//164 1729//181 1730//164
f 1731//76 1732//78 1733//76
f 1734//78 1735//78 1736//76
f 1737//182 1738//182 1739//162
f 1740//183 1741//160 1742//160
f 1743//86 1744//90 1745//90
f 1746//86 1747//90 1748//86
f 1749//51 1750//51 1751//158
f 1752//51 1753//158 1754//158
f 1755//88 1756//159 1757//88
f 1758//163 1759//163 1760//38
f 1761//159 1762//88 1763//159
f 1764//163 1765//38 1766//38
f 1767//74 1768//181 1769//181
f 1770//162 1771//91 1772//166
f 1773//183 1774//183 1775//81
f 1776//51 1777//51 1778//139
f 1779//139 1780//51 1781//139
f 1782//128 1783//130 1784//130
f 1785//128 1786//128 1787//176
f 1788//128 1789//141 1790//128
f 1791//128 1792//141 1793//141
f 1794//125 1795//122 1796//122
f 771//27 1797//27 1798//134
f 1799//134 1800//134 771//27
f 1801//135 1802//117 1803//115
f 1804//115 1805//117 1806//117
f 1807//117 1808//117 1809//119
f 1810//121 1811//117 1812//121
f 1813//174 1814//137 1815//184
f 1816//138 1817//138 1818//121
f 1819//132 1820//125 1821//125
f 1822//38 822//38 1823//163
f 1824//163 822//38 1825//163
f 1826//76 1827//164 1828//74
f 1829//76 1830//76 1831//74
f 1832//76 1833//78 1834//76
f 1835//76 1836//78 1837//80
f 1838//162 1839//162 1840//182
f 1841//185 1842//80 1843//185
f 1844//83 1845//81 1846//81
f 1847//51 1848//51 1849//158
f 1850//158 1851//51 1852//158
f 1853//86 1854//186 1855//88
f 1856//84 1857//86 1858//84
f 1859//90 1860//86 1861//86
f 1862//167 1863//84 1864//83
f 1865//86 1866//88 1867//86
f 1868//149 1869//149 1870//52
f 1871//171 1872//54 1873//54
f 1874//59 1875//56 1876//56
f 1877//58 1878//56 1879//58
f 1880//61 1881//156 1882//61
f 1883//153 1884//153 1885//151
f 1886//65 1887//65 1888//67
f 1889//38 1890//154 1891//38
f 1892//154 1893//154 1894//38
f 1895//187 1896//70 1897//70
f 1898//187 1899//155 1900//187
f 1901//67 1902//67 1903//65
f 1904//152 1905//152 1906//62
f 1907//156 1908//169 1909//156
f 1910//149 1911//52 1912//52
f 1913//171 1914//171 1915//54
f 1916//52 1917//146 1918//52
f 1919//52 1920//146 1921//146
f 1922//94 1923//94 1924//147
f 1925//147 1926//94 1927//147
f 1928//100 1929//188 1930//188
f 1931//98 1932//96 1933//98
f 1934//189 1935//144 1936//144
f 1937//98 1938//96 1939//96
f 1940//142 1941//27 774//27
f 1942//142 1943//142 774//27
f 1944//107 1945//109 1946//143
f 1947//107 1948//109 1949//109
f 1950//109 1951//109 1952//104
f 1953//104 1954//109 1955//104
f 1956//113 1957//103 1958//113
f 1959//145 1960//100 1961//100
f 1962//38 1963//38 1964//38
f 1963//38 1965//38 1966//38
f 1967//51 1968//51 1969//51
f 1970//51 1971//51 1969//51
f 1972//51 1973//51 1974//51
f 1975//38 1976//38 1977//38
f 1978//69 1979//69 1975//69
f 1980//38 1975//38 1981//38
f 1982//51 1983//51 1984//51
f 1985//51 1986//51 1987//51
f 1988//27 1989//27 1990//27
f 1991//190 1992//190 1990//190
f 1993//27 1994//27 1995//27
f 1996//51 1997//51 1998//51
f 1999//51 2000//51 1996//51
f 2001//191 1996//191 2002//191
f 2003//27 2004//27 2005//27
f 2006//27 2007//27 2008//27
f 2009//52 2010//52 2011//52
f 2012//52 2013//52 2011//52
f 2014//52 2015//52 2016//52
f 2017//27 2018//27 2019//27
f 2020//192 2021//192 2017//192
f 2022//27 2017//27 2023//27
f 2024//52 2025//52 2026//52
f 2027//52 2028//52 2029//52
f 2030//38 2031//38 2032//38
f 2033//92 2034//92 2032//92
f 2035//38 2036//38 2037//38
f 2038//88 2039//88 2040//51
f 2041//86 2039//88 2038//88
f 2042//84 2043//86 2041//86
f 2044//90 2043//86 2042//84
f 2045//182 2044//90 2046//91
f 2045//182 2046//91 2047//80
f 2048//78 2047//80 2049//181
f 2048//78 2049//181 2050//193
f 2050//193 2051//74 2052//74
f 2051//74 2053//38 2052//74
f 2053//38 2054//70 2055//38
f 2054//70 2056//70 2055//38
f 2057//194 2058//187 2056//70
f 2059//64 2058//187 2057//194
f 2060//153 2061//64 2059//64
f 2062//62 2061//64 2060//153
f 2063//58 2062//62 2064//58
f 2063//58 2064//58 2065//195
f 2066//56 2065//195 2067//54
f 2066//56 2067//54 2068//54
f 2068//54 2069//52 2070//52
f 2069//52 2071//94 2070//52
f 2072//94 2073//96 2074//196
f 2074//196 2073//96 2075//99
f 2076//27 2077//27 2078//107
f 2079//115 2080//115 2077//27
f 2081//117 2082//197 2080//115
f 2083//121 2084//121 2082//197
f 2085//123 2084//121 2083//121
f 2086//126 2087//122 2085//123
f 2088//126 2087//122 2086//126
f 2089//128 2088//126 2090//198
f 2064//58 2062//62 2060//153
f 2091//130 2092//130 2040//51
f 2089//128 2092//130 2091//130
f 2090//198 2092//130 2089//128
f 2086//126 2090//198 2088//126
f 2084//121 2085//123 2087//122
f 2082//197 2081//117 2083//121
f 2080//115 2079//115 2081//117
f 2091//130 2040//51 2093//51
f 2077//27 2076//27 2079//115
f 2078//107 2094//107 2076//27
f 2095//109 2094//107 2078//107
f 2096//199 2094//107 2095//109
f 2096//199 2095//109 2097//110
f 2096//199 2097//110 2098//110
f 2097//110 2099//113 2098//110
f 2099//113 2100//111 2098//110
f 2101//99 2100//111 2099//113
f 2075//99 2100//111 2101//99
f 2075//99 2101//99 2074//196
f 2073//96 2072//94 2071//94
f 2072//94 2070//52 2071//94
f 2069//52 2068//54 2067//54
f 2065//195 2066//56 2063//58
f 2058//187 2059//64 2061//64
f 2056//70 2054//70 2057//194
f 2055//38 2052//74 2053//38
f 2051//74 2050//193 2049//181
f 2047//80 2048//78 2045//182
f 2042//84 2046//91 2044//90
f 2039//88 2041//86 2043//86
f 2039//88 2093//51 2040//51
f 2102//52 2103//52 2104//52
f 2105//52 2106//52 2107//52
f 2108//52 2109//52 2110//52
f 2111//1 2112//1 2113//1
f 2114//1 2115//1 2116//1
f 2117//1 2118//1 2119//1
f 2120//2 2121//2 2122//2
f 2111//1 2123//1 2124//1
f 2125//2 2126//2 2127//2
f 2128//3 2129//3 2130//3
f 2114//1 2131//1 2132//1
f 2133//6 2134//6 2135//6
f 2136//3 2137//3 2138//3
f 2139//1 2140//1 2141//1
f 2142//3 2143//3 2144//3
f 2145//2 2146//2 2147//2
f 2148//1 2149//1 2150//1
f 2151//5 2152//5 2153//5
f 2154//1 2155//1 2111//1
f 2156//1 2157//1 2111//1
f 2158//1 2159//1 2160//1
f 2161//1 2162//1 2163//1
f 2164//1 2165//1 2166//1
f 2167//1 2168//1 2169//1
f 2170//1 2171//1 2172//1
f 2172//1 2173//1 2174//1
f 2175//1 2176//1 2172//1
f 2177//4 2178//4 2172//4
f 2179//1 2180//1 2172//1
f 2181//1 2182//1 2183//1
f 2184//1 2185//1 2186//1
f 2172//1 2187//1 2188//1
f 2139//1 2189//1 2190//1
f 2191//1 2192//1 2139//1
f 2193//1 2194//1 2139//1
f 2195//1 2196//1 2197//1
f 2198//1 2199//1 2200//1
f 2201//1 2202//1 2203//1
f 2204//1 2205//1 2206//1
f 2114//2 2207//2 2208//2
f 2114//1 2209//1 2210//1
f 2211//1 2212//1 2114//1
f 2213//2 2214//2 2114//2
f 2215//1 2216//1 2217//1
f 2218//1 2219//1 2220//1
f 2221//1 2222//1 2223//1
f 2224//1 2225//1 2226//1
f 2111//1 2227//1 2228//1
f 2139//1 2229//1 2230//1
f 2111//1 2231//1 2232//1
f 2139//1 2233//1 2234//1
f 2235//1 2236//1 2237//1
f 2238//1 2239//1 2240//1
f 2241//1 2242//1 2243//1
f 2244//1 2245//1 2246//1
f 2247//1 2248//1 2249//1
f 2250//1 2251//1 2252//1
f 2253//1 2254//1 2255//1
f 2256//1 2257//1 2258//1
f 2259//3 2260//3 2261//3
f 2262//1 2263//1 2264//1
f 2265//3 2266//3 2267//3
f 2268//1 2269//1 2270//1
f 2271//2 2272//2 2273//2
f 2274//1 2275//1 2276//1
f 2277//1 2278//1 2279//1
f 2280//4 2281//4 2282//4
f 2283//3 2284//3 2285//3
f 2286//2 2287//2 2288//2
f 2289//1 2290//1 2291//1
f 2292//2 2293//2 2294//2
f 2295//1 2296//1 2297//1
f 2298//1 2299//1 2300//1
f 2301//1 2302//1 2303//1
f 2304//1 2305//1 2306//1
f 2307//1 2308//1 2309//1
f 2310//1 2311//1 2312//1
f 2313//1 2314//1 2315//1
f 2316//1 2317//1 2318//1
f 2319//5 2320//5 2321//5
f 2322//1 2323//1 2324//1
f 2325//200 2326//200 2327//200
f 2328//200 2329//200 1982//51
f 1982//51 2330//200 2331//200
f 2332//201 2333//201 2334//201
f 2335//201 2336//201 2003//27
f 2003//202 2337//201 2338//201
f 2339//203 2340//203 2341//203
f 2342//203 2343//203 2024//52
f 2024//52 2344//203 2345//203
f 2346//204 2347//204 1963//38
f 2348//204 2349//204 1962//38
f 1962//38 2350//204 1963//38
f 2351//51 2352//51 2353//51
f 2354//51 2355//51 2353//51
f 2356//51 2351//51 2357//51
f 2358//38 2359//38 2360//38
f 2361//38 2362//38 2363//38
f 2364//52 2365//52 2366//52
f 2367//52 2368//52 2369//52
f 2370//27 2371//27 2372//27
f 2373//27 2374//27 2375//27
f 2376//1 2377//1 2378//1
f 2379//1 2380//1 2381//1
f 2382//205 2383//205 2384//205
f 2383//205 2385//205 2386//205
f 2387//205 2383//205 2388//205
f 2383//205 2389//205 2390//205
f 2391//7 2392//7 2393//7
f 2394//7 2395//7 2391//7
f 2396//7 2397//7 2398//7
f 2399//7 2400//7 2401//7
f 2402//206 2403//206 2404//206
f 2405//206 2406//206 2407//206
f 2408//207 2409//207 2410//207
f 2411//207 2412//207 2413//207
f 2414//38 2415//38 2416//38
f 2417//38 2418//38 2419//38
f 2420//53 2421//54 2422//53
f 2423//54 2424//55 2425//54
f 2426//55 2427//55 2428//54
f 2429//56 2430//56 2431//55
f 2432//57 2433//56 2434//56
f 2435//58 2436//57 2437//57
f 2438//59 2439//57 2440//59
f 2441//60 2442//58 2443//60
f 2444//60 2445//60 2446//61
f 2447//62 2448//62 2449//63
f 2450//61 2451//63 2452//63
f 2453//63 2454//152 2455//152
f 2456//65 2457//66 2458//65
f 2459//66 2460//67 2461//66
f 2462//67 2463//67 2464//66
f 2465//53 2466//53 2467//52
f 2468//68 2469//69 2470//69
f 2471//68 2472//38 2473//68
f 2474//68 2475//68 2476//70
f 2477//68 2478//70 2479//70
f 2480//70 2481//71 2482//70
f 2483//71 2484//71 2485//70
f 2486//67 2487//71 2488//71
f 2489//67 2490//71 2491//67
f 2492//65 2493//66 2494//66
f 2495//63 2496//63 2497//64
f 2498//61 2499//60 2500//61
f 2501//60 2502//72 2503//72
f 2504//57 2505//57 2506//56
f 2507//55 2508//56 2509//55
f 2510//53 2511//52 2512//52
f 2513//54 2514//54 2515//53
f 2516//52 2517//52 2518//52
f 2519//52 2520//52 2521//52
f 2522//27 2523//27 2524//27
f 2525//27 2526//27 2527//27
f 2528//27 2529//27 2530//27
f 2531//27 2532//27 2533//27
f 2534//51 2535//51 2536//51
f 2537//51 2538//51 2539//51
f 2540//73 2541//74 2542//73
f 2543//74 2544//75 2545//74
f 2546//75 2547//75 2548//74
f 2549//76 2550//76 2551//75
f 2552//77 2553//76 2554//76
f 2555//80 2556//77 2557//77
f 2558//80 2559//77 2560//80
f 2561//79 2562//80 2563//79
f 2564//79 2565//79 2566//81
f 2567//81 2568//81 2569//82
f 2570//81 2571//82 2572//82
f 2573//82 2574//83 2575//83
f 2576//84 2577//85 2578//84
f 2579//85 2580//86 2581//85
f 2582//86 2583//86 2584//85
f 2585//73 2586//73 2587//38
f 2588//87 2589//51 2590//51
f 2591//87 2592//51 2593//87
f 2594//87 2595//87 2596//88
f 2597//87 2598//88 2599//88
f 2600//88 2601//89 2602//88
f 2603//89 2604//89 2605//88
f 2606//86 2607//89 2608//89
f 2609//86 2610//89 2611//86
f 2612//90 2613//85 2614//85
f 2615//82 2616//82 2617//83
f 2618//91 2619//79 2620//91
f 2621//79 2622//166 2623//166
f 2624//77 2625//77 2626//76
f 2627//75 2628//76 2629//75
f 2630//73 2631//38 2632//38
f 2633//74 2634//74 2635//73
f 2636//52 2637//52 2638//52
f 2639//52 2640//52 2641//52
f 2642//52 2643//52 2644//52
f 2645//51 2646//51 2647//51
f 2648//51 2649//51 2650//51
f 2651//51 2652//51 2653//51
f 2654//27 2655//27 2656//27
f 2657//27 2658//27 2659//27
f 2660//52 2661//93 2662//52
f 2663//93 2664//93 2665//52
f 2666//94 2667//93 2668//93
f 2669//94 2670//93 2671//94
f 2672//94 2673//94 2674//95
f 2675//94 2676//95 2677//95
f 2678//95 2679//96 2680//95
f 2681//96 2682//96 2683//95
f 2684//97 2685//96 2686//96
f 2687//97 2688//96 2689//97
f 2690//97 2691//97 2692//98
f 2693//97 2694//99 2695//99
f 2696//100 2697//101 2698//100
f 2699//101 2700//101 2701//100
f 2702//102 2703//110 2704//110
f 2705//104 2706//104 2707//105
f 2708//27 2709//106 2710//27
f 2711//106 2712//106 2713//27
f 2714//107 2715//106 2716//106
f 2717//107 2718//106 2719//107
f 2720//107 2721//107 2722//108
f 2723//107 2724//108 2725//108
f 2726//108 2727//109 2728//108
f 2729//109 2730//109 2731//108
f 2732//105 2733//109 2734//109
f 2735//105 2736//109 2737//105
f 2738//105 2739//105 2740//104
f 2741//103 2742//102 2743//102
f 2744//102 2745//111 2746//102
f 2747//112 2748//112 2749//102
f 2750//101 2751//113 2752//113
f 2753//101 2754//101 2755//113
f 2756//52 2757//52 2758//52
f 2759//52 2760//52 2761//52
f 2762//38 2763//38 2764//38
f 2765//38 2766//38 2767//38
f 2768//38 2769//38 2770//38
f 2771//38 2772//38 2773//38
f 2774//51 2775//51 2776//51
f 2777//51 2778//51 2779//51
f 2780//27 2781//114 2782//27
f 2783//114 2784//115 2785//114
f 2786//115 2787//115 2788//114
f 2789//116 2790//116 2791//115
f 2792//117 2793//117 2794//116
f 2795//118 2796//117 2797//117
f 2798//121 2799//118 2800//118
f 2801//121 2802//118 2803//121
f 2804//120 2805//133 2806//120
f 2807//120 2808//120 2809//122
f 2810//123 2811//123 2812//124
f 2813//123 2814//124 2815//124
f 2816//124 2817//125 2818//125
f 2819//126 2820//127 2821//126
f 2822//127 2823//128 2824//127
f 2825//128 2826//128 2827//127
f 2828//129 2829//51 2830//51
f 2831//129 2832//51 2833//129
f 2834//129 2835//129 2836//130
f 2837//129 2838//130 2839//130
f 2840//130 2841//131 2842//130
f 2843//131 2844//131 2845//130
f 2846//128 2847//131 2848//131
f 2849//128 2850//131 2851//128
f 2852//126 2853//127 2854//127
f 2855//124 2856//124 2857//126
f 2858//132 2859//120 2860//132
f 2861//120 2862//133 2863//133
f 2864//118 2865//118 2866//117
f 2867//116 2868//117 2869//116
f 2870//114 2871//190 2872//114
f 2873//115 2874//115 2875//116
f 2876//52 2877//52 2878//52
f 2879//52 2880//52 2881//52
f 2882//52 2883//52 2884//52
f 2885//51 2886//51 2887//51
f 2888//51 2889//51 2890//51
f 2891//51 2892//51 2893//51
f 2894//27 2895//27 2896//134
f 2897//134 2898//27 2899//134
f 2900//135 2901//117 2902//115
f 2903//135 2904//117 2905//117
f 2906//117 2907//117 2908//119
f 2909//119 2910//117 2911//119
f 2912//136 2913//137 2914//137
f 2915//125 2916//138 2917//138
f 2918//123 2919//123 2920//133
f 2921//139 2922//51 2923//51
f 2924//139 2925//139 2926//51
f 2927//130 2928//140 2929//130
f 2930//176 2931//140 2932//140
f 2933//128 2934//128 2935//141
f 2936//141 2937//128 2938//141
f 2939//174 2940//125 2941//125
f 2942//51 2943//158 2944//51
f 2945//51 2946//158 2947//158
f 2948//88 2949//88 2950//159
f 2951//159 2952//88 2953//159
f 2954//84 2955//160 2956//160
f 2957//90 2958//86 2959//90
f 2960//161 2961//162 2962//162
f 2963//90 2964//86 2965//86
f 2966//163 2967//38 2968//38
f 2969//163 2970//163 2971//38
f 2972//74 2973//76 2974//164
f 2975//164 2976//76 2977//76
f 2978//76 2979//76 2980//78
f 2981//78 2982//76 2983//80
f 2984//165 2985//166 2986//165
f 2987//182 2988//84 2989//83
f 2990//52 2991//52 2992//149
f 2993//149 2994//52 2995//149
f 2996//171 2997//54 2998//150
f 2999//171 3000//171 3001//54
f 3002//56 3003//59 3004//56
f 3005//56 3006//59 3007//59
f 3008//72 3009//61 3010//61
f 3011//38 3012//38 3013//154
f 3014//154 3015//154 3016//38
f 3017//155 3018//67 3019//70
f 3020//70 3021//67 3022//67
f 3023//67 3024//67 3025//65
f 3026//65 3027//67 3028//64
f 3029//153 3030//151 3031//208
f 3032//209 3033//209 3034//64
f 3035//172 3036//72 3037//58
f 3038//130 3039//140 3040//130
f 3041//128 3042//141 3043//128
f 3044//126 3045//126 3046//128
f 3047//174 3048//174 3049//173
f 3050//137 3051//174 3052//174
f 3053//117 3054//119 3055//119
f 3056//117 3057//119 3058//117
f 3059//139 3060//139 3061//51
f 3062//134 3063//27 3064//27
f 3065//134 3066//27 3067//134
f 3068//115 3069//115 3070//175
f 3071//115 3072//175 3073//175
f 3074//133 3075//137 3076//174
f 3077//173 3078//122 3079//125
f 3080//139 3081//51 3082//51
f 3083//140 3084//140 3085//130
f 3086//107 3087//177 3088//107
f 3089//109 3090//104 3091//109
f 3092//104 3093//104 3094//109
f 3095//113 3096//113 3097//144
f 3098//178 3099//112 3100//112
f 3101//96 3102//98 3103//98
f 3104//96 3105//98 3106//96
f 3107//142 3108//142 3109//27
f 3110//146 3111//52 3112//52
f 3113//146 3114//52 3115//146
f 3116//148 3117//94 3118//147
f 3119//94 3120//147 3121//147
f 3122//100 3123//178 3124//111
f 3125//144 3126//179 3127//144
f 3128//142 3129//27 3130//27
f 3131//177 3132//177 3133//107
f 3134//74 3135//181 3136//74
f 3137//76 3138//78 3139//76
f 3140//78 3141//78 3142//76
f 3143//182 3144//182 3145//162
f 3146//183 3147//182 3148//182
f 3149//86 3150//84 3151//90
f 3152//86 3153//90 3154//86
f 3155//51 3156//51 3157//158
f 3158//51 3159//158 3160//158
f 3161//88 3162//159 3163//88
f 3164//163 3165//163 3166//38
f 3167//159 3168//186 3169//159
f 3170//163 3171//38 3172//38
f 3173//74 3174//181 3175//181
f 3176//162 3177//91 3178//166
f 3179//183 3180//183 3181//182
f 3182//149 3183//149 3184//52
f 3185//171 3186//54 3187//54
f 3188//59 3189//56 3190//56
f 3191//59 3192//56 3193//59
f 3194//153 3195//156 3196//153
f 3197//169 3198//169 3199//151
f 3200//64 3201//65 3202//67
f 3203//38 3204//154 3205//38
f 3206//154 3207//154 3208//38
f 3209//187 3210//70 3211//70
f 3212//187 3213//155 3214//187
f 3215//67 3216//67 3217//65
f 3218//151 3219//151 3220//210
f 3221//156 3222//153 3223//156
f 3224//149 3225//52 3226//52
f 3227//171 3228//171 3229//150
f 3230//27 3231//27 3232//142
f 3233//143 3234//107 3235//109
f 3236//109 3237//107 3238//109
f 3239//104 3240//109 3241//104
f 3242//112 3243//144 3244//144
f 3245//100 3246//111 3247//111
f 3248//100 3249//100 3250//145
f 3251//98 3252//96 3253//98
f 3254//52 3255//146 3256//146
f 3257//146 3258//52 3259//52
f 3260//94 3261//147 3262//94
f 3263//211 3264//211 3265//103
f 3266//96 3267//98 3268//96
f 3269//142 3270//142 3271//27
f 3272//148 3273//147 3274//147
f 3275//109 3276//104 3277//109
f 3278//38 3279//38 3280//38
f 3279//38 3281//38 3282//38
f 3283//51 3284//51 3285//51
f 3286//51 3287//51 3285//51
f 3288//51 3289//51 3290//51
f 3291//38 3292//38 3293//38
f 3294//69 3295//69 3291//69
f 3296//38 3291//38 3297//38
f 3298//51 3299//51 3300//51
f 3301//51 3302//51 3303//51
f 3304//27 3305//27 3306//27
f 3307//190 3308//190 3306//190
f 3309//27 3310//27 3311//27
f 3312//51 3313//51 3314//51
f 3315//51 3316//51 3312//51
f 3317//51 3312//51 3318//51
f 3319//27 3320//27 3321//27
f 3322//27 3323//27 3324//27
f 3325//52 3326//52 3327//52
f 3328//52 3329//52 3327//52
f 3330//52 3331//52 3332//52
f 3333//27 3334//27 3335//27
f 3336//192 3337//192 3333//192
f 3338//27 3333//27 3339//27
f 3340//52 3341//52 3342//52
f 3343//52 3344//52 3345//52
f 3346//38 3347//38 3348//38
f 3349//92 3350//92 3348//92
f 3351//38 3352//38 3353//38
f 3354//88 3355//88 3356//51
f 3357//86 3355//88 3354//88
f 3358//84 3359//86 3357//86
f 3360//90 3359//86 3358//84
f 3361//182 3360//90 3362//91
f 3361//182 3362//91 3363//80
f 3364//80 3363//80 3365//181
f 3364//80 3365//181 3366//193
f 3366//193 3367//74 3368//74
f 3367//74 3369//38 3368//74
f 3369//38 3370//70 3371//38
f 3370//70 3372//70 3371//38
f 3373//194 3374//187 3372//70
f 3375//64 3374//187 3373//194
f 3376//153 3377//64 3375//64
f 3378//62 3377//64 3376//153
f 3379//58 3378//62 3380//58
f 3379//58 3380//58 3381//56
f 3382//171 3381//56 3383//54
f 3382//171 3383//54 3384//54
f 3384//54 3385//52 3386//52
f 3385//52 3387//94 3386//52
f 3388//94 3389//147 3390//96
f 3390//96 3389//147 3391//99
f 3392//27 3393//27 3394//107
f 3395//115 3396//115 3393//27
f 3397//117 3398//197 3396//115
f 3399//121 3400//121 3398//197
f 3401//123 3400//121 3399//121
f 3402//126 3403//122 3401//123
f 3404//126 3403//122 3402//126
f 3405//140 3404//126 3406//198
f 3380//58 3378//62 3376//153
f 3407//130 3408//130 3356//51
f 3405//140 3408//130 3407//130
f 3406//198 3408//130 3405//140
f 3402//126 3406//198 3404//126
f 3400//121 3401//123 3403//122
f 3398//197 3397//117 3399//121
f 3396//115 3395//115 3397//117
f 3407//130 3356//51 3409//51
f 3393//27 3392//27 3395//115
f 3394//107 3410//107 3392//27
f 3411//109 3410//107 3394//107
f 3412//199 3410//107 3411//109
f 3412//199 3411//109 3413//104
f 3412//199 3413//104 3414//110
f 3413//104 3415//113 3414//110
f 3415//113 3416//111 3414//110
f 3417//99 3416//111 3415//113
f 3391//99 3416//111 3417//99
f 3391//99 3417//99 3390//96
f 3389//147 3388//94 3387//94
f 3388//94 3386//52 3387//94
f 3385//52 3384//54 3383//54
f 3381//56 3382//171 3379//58
f 3374//187 3375//64 3377//64
f 3372//70 3370//70 3373//194
f 3371//38 3368//74 3369//38
f 3367//74 3366//193 3365//181
f 3363//80 3364//80 3361//182
f 3358//84 3362//91 3360//90
f 3355//88 3357//86 3359//86
f 3355//88 3409//51 3356//51
f 3418//52 3419//52 3420//52
f 3421//52 3422//52 3423//52
f 3424//212 3425//212 3426//212
f 3427//1 3428//1 3429//1
f 3430//1 3431//1 3432//1
f 3433//1 3434//1 3435//1
f 3436//6 3437//6 3438//6
f 3427//1 3439//1 3440//1
f 3441//4 3442//4 3443//4
f 3444//5 3445//5 3446//5
f 3430//1 3447//1 3448//1
f 3449//213 3450//213 3451//213
f 3452//5 3453//5 3454//5
f 3455//1 3456//1 3457//1
f 3458//3 3459//3 3460//3
f 3461//2 3462//2 3463//2
f 3464//1 3465//1 3466//1
f 3467//2 3468//2 3469//2
f 3470//1 3471//1 3427//1
f 3472//1 3473//1 3427//1
f 3474//1 3475//1 3476//1
f 3477//1 3478//1 3479//1
f 3480//1 3481//1 3482//1
f 3483//2 3484//2 3485//2
f 3486//1 3487//1 3488//1
f 3488//1 3489//1 3490//1
f 3491//1 3492//1 3488//1
f 3493//1 3494//1 3488//1
f 3495//1 3496//1 3488//1
f 3497//1 3498//1 3499//1
f 3500//1 3501//1 3502//1
f 3488//1 3503//1 3504//1
f 3455//1 3505//1 3506//1
f 3507//1 3508//1 3455//1
f 3509//1 3510//1 3455//1
f 3511//1 3512//1 3513//1
f 3514//1 3515//1 3516//1
f 3517//1 3518//1 3519//1
f 3520//1 3521//1 3522//1
f 3430//1 3523//1 3524//1
f 3430//1 3525//1 3526//1
f 3527//1 3528//1 3430//1
f 3529//2 3530//2 3430//2
f 3531//1 3532//1 3533//1
f 3534//1 3535//1 3536//1
f 3537//1 3538//1 3539//1
f 3540//1 3541//1 3542//1
f 3427//1 3543//1 3544//1
f 3455//1 3545//1 3546//1
f 3427//1 3547//1 3548//1
f 3455//1 3549//1 3550//1
f 3551//1 3552//1 3553//1
f 3554//1 3555//1 3556//1
f 3557//1 3558//1 3559//1
f 3560//1 3561//1 3562//1
f 3563//1 3564//1 3565//1
f 3566//1 3567//1 3568//1
f 3569//1 3570//1 3571//1
f 3572//1 3573//1 3574//1
f 3575//1 3576//1 3577//1
f 3578//1 3579//1 3580//1
f 3581//2 3582//2 3583//2
f 3584//1 3585//1 3586//1
f 3587//5 3588//5 3589//5
f 3590//1 3591//1 3592//1
f 3593//1 3594//1 3595//1
f 3596//4 3597//4 3598//4
f 3599//4 3600//4 3601//4
f 3602//4 3603//4 3604//4
f 3605//1 3606//1 3607//1
f 3608//2 3609//2 3610//2
f 3611//1 3612//1 3613//1
f 3614//1 3615//1 3616//1
f 3617//1 3618//1 3619//1
f 3620//1 3621//1 3622//1
f 3623//1 3624//1 3625//1
f 3626//1 3627//1 3628//1
f 3629//1 3630//1 3631//1
f 3632//1 3633//1 3634//1
f 3635//5 3636//5 3637//5
f 3638//1 3639//1 3640//1
f 3641//200 3642//200 3643//200
f 3644//200 3645//200 3298//51
f 3298//191 3646//200 3647//200
f 3648//201 3649//201 3650//201
f 3651//201 3652//201 3319//27
f 3319//27 3653//201 3654//201
f 3655//203 3656//203 3657//203
f 3658//203 3659//203 3340//52
f 3340//212 3660//203 3661//203
f 3662//204 3663//204 3279//38
f 3664//204 3665//204 3278//214
f 3278//38 3666//204 3279//38
f 3667//51 3668//51 3669//51
f 3669//51 3670//51 3671//51
f 3672//38 3673//38 3674//38
f 3675//38 3676//38 3677//38
f 3678//52 3679//52 3680//52
f 3681//52 3682//52 3683//52
f 3684//52 3678//52 3685//52
f 3686//27 3687//27 3688//27
f 3689//27 3690//27 3691//27
f 3692//1 3693//1 3694//1
f 3695//1 3696//1 3697//1
