# Blender 4.4.3
# www.blender.org
mtllib Mesh_3.002.mtl
o Mesh_3.002
v 0.015115 0.008944 0.000112
v 0.015188 0.008944 0.000167
v 0.015229 0.008944 0.000112
v 0.015195 0.008944 0.000166
v 0.015235 0.008944 0.000113
v 0.015250 0.008944 0.000125
v 0.015207 0.008944 0.000169
v 0.015201 0.008944 0.000167
v 0.015241 0.008944 0.000116
v 0.015246 0.008944 0.000119
v 0.015276 0.008944 0.000169
v 0.015182 0.008944 0.000169
v 0.015115 0.008944 0.000169
v 0.015195 0.008944 0.000228
v 0.015188 0.008944 0.000228
v 0.015229 0.008944 0.000282
v 0.015115 0.008944 0.000282
v 0.015115 0.008944 0.000226
v 0.015182 0.008944 0.000226
v 0.015207 0.008944 0.000226
v 0.015250 0.008944 0.000270
v 0.015201 0.008944 0.000228
v 0.015276 0.008944 0.000226
v 0.015235 0.008944 0.000281
v 0.015241 0.008944 0.000279
v 0.015246 0.008944 0.000275
v 0.015180 0.008894 0.000147
v 0.015180 0.008894 0.000146
v 0.015195 0.008894 0.000147
v 0.015209 0.008894 0.000147
v 0.015213 0.008894 0.000146
v 0.015223 0.008894 0.000147
v 0.015180 0.008894 0.000247
v 0.015195 0.008894 0.000247
v 0.015180 0.008894 0.000248
v 0.015166 0.008894 0.000247
v 0.015147 0.008894 0.000248
v 0.015213 0.008894 0.000248
v 0.015223 0.008894 0.000247
v 0.015245 0.008894 0.000248
v 0.015209 0.008894 0.000247
v 0.015115 0.008894 0.000197
v 0.015137 0.008894 0.000197
v 0.015115 0.008894 0.000248
v 0.015147 0.008894 0.000146
v 0.015115 0.008894 0.000146
v 0.015166 0.008894 0.000147
v 0.015245 0.008894 0.000146
v 0.015252 0.008894 0.000197
v 0.015266 0.008894 0.000181
v 0.015266 0.008894 0.000213
v 0.015229 0.008934 0.000112
v 0.015115 0.008934 0.000112
v 0.015229 0.008944 0.000112
v 0.015229 0.008944 0.000112
v 0.015115 0.008944 0.000112
v 0.015147 0.008894 0.000146
v 0.015115 0.008894 0.000146
v 0.015115 0.008924 0.000117
v 0.015180 0.008894 0.000146
v 0.015147 0.008894 0.000146
v 0.015229 0.008924 0.000117
v 0.015180 0.008894 0.000146
v 0.015237 0.008919 0.000122
v 0.015245 0.008894 0.000146
v 0.015213 0.008894 0.000146
v 0.015213 0.008894 0.000146
v 0.015231 0.008923 0.000117
v 0.015234 0.008922 0.000118
v 0.015213 0.008894 0.000146
v 0.015180 0.008894 0.000146
v 0.015245 0.008894 0.000146
v 0.015251 0.008895 0.000145
v 0.015115 0.008924 0.000278
v 0.015180 0.008894 0.000248
v 0.015229 0.008924 0.000278
v 0.015237 0.008919 0.000273
v 0.015234 0.008922 0.000276
v 0.015213 0.008894 0.000248
v 0.015245 0.008894 0.000248
v 0.015251 0.008895 0.000249
v 0.015213 0.008894 0.000248
v 0.015245 0.008894 0.000248
v 0.015231 0.008923 0.000277
v 0.015147 0.008894 0.000248
v 0.015115 0.008894 0.000248
v 0.015213 0.008894 0.000248
v 0.015180 0.008894 0.000248
v 0.015147 0.008894 0.000248
v 0.015180 0.008894 0.000248
v 0.015229 0.008944 0.000282
v 0.015115 0.008944 0.000282
v 0.015229 0.008934 0.000282
v 0.015115 0.008944 0.000282
v 0.015115 0.008934 0.000282
v 0.015229 0.008929 0.000281
v 0.015115 0.008929 0.000281
v 0.015229 0.008929 0.000113
v 0.015115 0.008929 0.000113
v 0.015301 0.009014 0.000169
v 0.015310 0.008999 0.000169
v 0.015276 0.008999 0.000169
v 0.015276 0.008944 0.000169
v 0.015207 0.008944 0.000169
v 0.015207 0.008944 0.000169
v 0.015207 0.008979 0.000169
v 0.015312 0.008999 0.000169
v 0.015313 0.008998 0.000169
v 0.015395 0.009014 0.000169
v 0.015314 0.008996 0.000169
v 0.015315 0.008994 0.000169
v 0.015395 0.008944 0.000169
v 0.015315 0.008944 0.000169
v 0.015207 0.009014 0.000169
v 0.015007 0.008964 0.000226
v 0.015115 0.008964 0.000226
v 0.015007 0.009014 0.000226
v 0.015182 0.009014 0.000226
v 0.015115 0.008944 0.000226
v 0.015182 0.008944 0.000226
v 0.015182 0.008944 0.000226
v 0.014689 0.009014 0.000226
v 0.014680 0.008999 0.000226
v 0.014714 0.008999 0.000226
v 0.014714 0.008944 0.000226
v 0.014782 0.008944 0.000226
v 0.014782 0.009014 0.000226
v 0.014678 0.008999 0.000226
v 0.014676 0.008998 0.000226
v 0.014595 0.009014 0.000226
v 0.014675 0.008996 0.000226
v 0.014675 0.008994 0.000226
v 0.014595 0.008944 0.000226
v 0.014675 0.008944 0.000226
v 0.014982 0.008964 0.000169
v 0.014875 0.008964 0.000169
v 0.014982 0.009014 0.000169
v 0.014807 0.009014 0.000169
v 0.014875 0.008944 0.000169
v 0.014807 0.008944 0.000169
v 0.014807 0.008979 0.000169
v 0.014807 0.008979 0.000226
v 0.014875 0.008964 0.000226
v 0.014807 0.009014 0.000226
v 0.014982 0.009014 0.000226
v 0.014982 0.008964 0.000226
v 0.014807 0.008944 0.000226
v 0.014875 0.008944 0.000226
v 0.015182 0.008979 0.000169
v 0.015115 0.008964 0.000169
v 0.015182 0.009014 0.000169
v 0.015007 0.009014 0.000169
v 0.015007 0.008964 0.000169
v 0.015182 0.008944 0.000169
v 0.015115 0.008944 0.000169
v 0.015182 0.008944 0.000169
v 0.014728 0.009024 0.000142
v 0.014728 0.009024 0.000252
v 0.014731 0.009032 0.000142
v 0.014731 0.009032 0.000252
v 0.014705 0.009024 0.000252
v 0.014705 0.009024 0.000142
v 0.014702 0.009032 0.000252
v 0.014702 0.009032 0.000142
v 0.014678 0.009024 0.000142
v 0.014678 0.009024 0.000252
v 0.014681 0.009032 0.000142
v 0.014681 0.009032 0.000252
v 0.014655 0.009024 0.000252
v 0.014655 0.009024 0.000142
v 0.014652 0.009032 0.000252
v 0.014652 0.009032 0.000142
v 0.014628 0.009024 0.000142
v 0.014628 0.009024 0.000252
v 0.014631 0.009032 0.000142
v 0.014631 0.009032 0.000252
v 0.014605 0.009024 0.000252
v 0.014605 0.009024 0.000142
v 0.014602 0.009032 0.000252
v 0.014602 0.009032 0.000142
v 0.014727 0.009023 0.000252
v 0.014727 0.009023 0.000142
v 0.014726 0.009023 0.000252
v 0.014726 0.009023 0.000142
v 0.014708 0.009023 0.000142
v 0.014708 0.009023 0.000252
v 0.014706 0.009023 0.000252
v 0.014706 0.009023 0.000142
v 0.014677 0.009023 0.000252
v 0.014677 0.009023 0.000142
v 0.014676 0.009023 0.000252
v 0.014676 0.009023 0.000142
v 0.014658 0.009023 0.000142
v 0.014658 0.009023 0.000252
v 0.014656 0.009023 0.000252
v 0.014656 0.009023 0.000142
v 0.015261 0.009024 0.000252
v 0.015261 0.009024 0.000142
v 0.015258 0.009032 0.000252
v 0.015258 0.009032 0.000142
v 0.015284 0.009024 0.000142
v 0.015284 0.009024 0.000252
v 0.015287 0.009032 0.000142
v 0.015287 0.009032 0.000252
v 0.015311 0.009024 0.000252
v 0.015311 0.009024 0.000142
v 0.015308 0.009032 0.000252
v 0.015308 0.009032 0.000142
v 0.015334 0.009024 0.000142
v 0.015334 0.009024 0.000252
v 0.015337 0.009032 0.000142
v 0.015337 0.009032 0.000252
v 0.015361 0.009024 0.000252
v 0.015361 0.009024 0.000142
v 0.015358 0.009032 0.000252
v 0.015358 0.009032 0.000142
v 0.015384 0.009024 0.000142
v 0.015384 0.009024 0.000252
v 0.015387 0.009032 0.000142
v 0.015387 0.009032 0.000252
v 0.015283 0.009023 0.000252
v 0.015283 0.009023 0.000142
v 0.015282 0.009023 0.000252
v 0.015282 0.009023 0.000142
v 0.015264 0.009023 0.000142
v 0.015264 0.009023 0.000252
v 0.015262 0.009023 0.000252
v 0.015262 0.009023 0.000142
v 0.015333 0.009023 0.000252
v 0.015333 0.009023 0.000142
v 0.015332 0.009023 0.000252
v 0.015332 0.009023 0.000142
v 0.015314 0.009023 0.000142
v 0.015314 0.009023 0.000252
v 0.015312 0.009023 0.000252
v 0.015312 0.009023 0.000142
v 0.015049 0.009014 0.000062
v 0.015370 0.009014 0.000037
v 0.015229 0.009014 0.000062
v 0.015182 0.009014 0.000169
v 0.015029 0.009014 0.000112
v 0.015049 0.009014 0.000112
v 0.015007 0.009014 0.000169
v 0.015007 0.009014 0.000169
v 0.015182 0.009014 0.000169
v 0.015001 0.009014 0.000167
v 0.015007 0.009014 0.000169
v 0.015029 0.009014 0.000062
v 0.014961 0.009014 0.000062
v 0.015249 0.009014 0.000062
v 0.015309 0.009014 0.000069
v 0.015308 0.009014 0.000077
v 0.015312 0.009014 0.000062
v 0.015249 0.009014 0.000112
v 0.015301 0.009014 0.000169
v 0.015207 0.009014 0.000169
v 0.015316 0.009014 0.000096
v 0.015301 0.009014 0.000169
v 0.015229 0.009014 0.000112
v 0.015207 0.009014 0.000169
v 0.015182 0.009014 0.000169
v 0.014761 0.009014 0.000062
v 0.014620 0.009014 0.000037
v 0.014941 0.009014 0.000062
v 0.014807 0.009014 0.000169
v 0.014761 0.009014 0.000112
v 0.014801 0.009014 0.000167
v 0.014795 0.009014 0.000166
v 0.014741 0.009014 0.000112
v 0.014675 0.009014 0.000094
v 0.014680 0.009014 0.000088
v 0.014782 0.009014 0.000169
v 0.014662 0.009014 0.000103
v 0.014741 0.009014 0.000062
v 0.014674 0.009014 0.000058
v 0.014667 0.009014 0.000053
v 0.014678 0.009014 0.000064
v 0.015182 0.009014 0.000169
v 0.014961 0.009014 0.000112
v 0.014995 0.009014 0.000166
v 0.014941 0.009014 0.000112
v 0.014807 0.009014 0.000169
v 0.014982 0.009014 0.000169
v 0.014807 0.009014 0.000169
v 0.014982 0.009014 0.000169
v 0.014988 0.009014 0.000167
v 0.015317 0.009014 0.000056
v 0.015301 0.009014 0.000169
v 0.015329 0.009014 0.000104
v 0.015335 0.009014 0.000104
v 0.015395 0.009014 0.000169
v 0.015301 0.009014 0.000169
v 0.015342 0.009014 0.000103
v 0.015207 0.009014 0.000169
v 0.015201 0.009014 0.000167
v 0.015395 0.009014 0.000062
v 0.015360 0.009014 0.000088
v 0.015361 0.009014 0.000080
v 0.015361 0.009014 0.000072
v 0.015358 0.009014 0.000064
v 0.015390 0.009014 0.000048
v 0.015393 0.009014 0.000053
v 0.015387 0.009014 0.000044
v 0.015384 0.009014 0.000041
v 0.015374 0.009014 0.000038
v 0.015379 0.009014 0.000039
v 0.015332 0.009014 0.000050
v 0.015324 0.009014 0.000052
v 0.014637 0.009014 0.000056
v 0.014632 0.009014 0.000062
v 0.014615 0.009014 0.000038
v 0.014610 0.009014 0.000039
v 0.014606 0.009014 0.000041
v 0.014629 0.009014 0.000069
v 0.014599 0.009014 0.000048
v 0.014602 0.009014 0.000044
v 0.014595 0.009014 0.000062
v 0.014628 0.009014 0.000082
v 0.014630 0.009014 0.000088
v 0.014628 0.009014 0.000077
v 0.014595 0.009014 0.000169
v 0.014655 0.009014 0.000104
v 0.014670 0.009014 0.000100
v 0.014689 0.009014 0.000169
v 0.014681 0.009014 0.000080
v 0.014982 0.009014 0.000169
v 0.014681 0.009014 0.000072
v 0.014788 0.009014 0.000167
v 0.014807 0.009014 0.000169
v 0.015308 0.009014 0.000082
v 0.015182 0.009014 0.000169
v 0.015188 0.009014 0.000167
v 0.015301 0.009014 0.000169
v 0.015324 0.009014 0.000102
v 0.015310 0.009014 0.000088
v 0.015336 0.009014 0.000050
v 0.015340 0.009014 0.000051
v 0.014644 0.009014 0.000052
v 0.015347 0.009014 0.000053
v 0.015354 0.009014 0.000058
v 0.015394 0.009014 0.000057
v 0.015350 0.009014 0.000100
v 0.015355 0.009014 0.000094
v 0.015395 0.009014 0.000169
v 0.015395 0.009014 0.000169
v 0.015395 0.009014 0.000169
v 0.014660 0.009014 0.000051
v 0.015320 0.009014 0.000100
v 0.015301 0.009014 0.000169
v 0.015301 0.009014 0.000169
v 0.015312 0.009014 0.000092
v 0.015395 0.009014 0.000115
v 0.015301 0.009014 0.000169
v 0.014595 0.009014 0.000057
v 0.014597 0.009014 0.000053
v 0.014652 0.009014 0.000050
v 0.014656 0.009014 0.000050
v 0.015195 0.009014 0.000166
v 0.014649 0.009014 0.000104
v 0.014644 0.009014 0.000102
v 0.014640 0.009014 0.000100
v 0.014636 0.009014 0.000096
v 0.014632 0.009014 0.000092
v 0.014595 0.009014 0.000115
v 0.014807 0.009014 0.000169
v 0.015395 0.009014 0.000169
v 0.014761 0.009014 0.000282
v 0.014795 0.009014 0.000228
v 0.014801 0.009014 0.000228
v 0.014761 0.009014 0.000332
v 0.014807 0.009014 0.000226
v 0.014941 0.009014 0.000332
v 0.014620 0.009014 0.000357
v 0.014741 0.009014 0.000282
v 0.014782 0.009014 0.000226
v 0.014741 0.009014 0.000332
v 0.014675 0.009014 0.000334
v 0.014680 0.009014 0.000328
v 0.014807 0.009014 0.000226
v 0.014961 0.009014 0.000282
v 0.014988 0.009014 0.000228
v 0.014995 0.009014 0.000228
v 0.015029 0.009014 0.000282
v 0.014961 0.009014 0.000332
v 0.015029 0.009014 0.000332
v 0.014670 0.009014 0.000340
v 0.014982 0.009014 0.000226
v 0.014941 0.009014 0.000282
v 0.014807 0.009014 0.000226
v 0.014982 0.009014 0.000226
v 0.015049 0.009014 0.000282
v 0.015182 0.009014 0.000226
v 0.015049 0.009014 0.000332
v 0.015182 0.009014 0.000226
v 0.015229 0.009014 0.000332
v 0.015370 0.009014 0.000357
v 0.015007 0.009014 0.000226
v 0.014662 0.009014 0.000343
v 0.015249 0.009014 0.000282
v 0.015207 0.009014 0.000226
v 0.015324 0.009014 0.000292
v 0.015229 0.009014 0.000282
v 0.015249 0.009014 0.000332
v 0.015310 0.009014 0.000328
v 0.015312 0.009014 0.000332
v 0.015007 0.009014 0.000226
v 0.015001 0.009014 0.000228
v 0.014681 0.009014 0.000320
v 0.014681 0.009014 0.000312
v 0.015182 0.009014 0.000226
v 0.015320 0.009014 0.000340
v 0.015316 0.009014 0.000336
v 0.015182 0.009014 0.000226
v 0.015188 0.009014 0.000228
v 0.015182 0.009014 0.000226
v 0.015007 0.009014 0.000226
v 0.015324 0.009014 0.000342
v 0.014807 0.009014 0.000226
v 0.014807 0.009014 0.000226
v 0.014674 0.009014 0.000298
v 0.014678 0.009014 0.000304
v 0.014689 0.009014 0.000226
v 0.014667 0.009014 0.000293
v 0.014660 0.009014 0.000291
v 0.014595 0.009014 0.000226
v 0.014689 0.009014 0.000226
v 0.014652 0.009014 0.000290
v 0.014595 0.009014 0.000332
v 0.014632 0.009014 0.000302
v 0.014629 0.009014 0.000309
v 0.014628 0.009014 0.000322
v 0.014628 0.009014 0.000317
v 0.014630 0.009014 0.000328
v 0.014595 0.009014 0.000337
v 0.014597 0.009014 0.000342
v 0.014602 0.009014 0.000350
v 0.014599 0.009014 0.000346
v 0.014606 0.009014 0.000353
v 0.014632 0.009014 0.000332
v 0.015355 0.009014 0.000334
v 0.015374 0.009014 0.000357
v 0.015329 0.009014 0.000344
v 0.015335 0.009014 0.000344
v 0.015379 0.009014 0.000355
v 0.015384 0.009014 0.000353
v 0.015360 0.009014 0.000328
v 0.015387 0.009014 0.000350
v 0.015390 0.009014 0.000346
v 0.015395 0.009014 0.000332
v 0.015361 0.009014 0.000312
v 0.015358 0.009014 0.000304
v 0.015361 0.009014 0.000320
v 0.015395 0.009014 0.000226
v 0.015332 0.009014 0.000290
v 0.015312 0.009014 0.000302
v 0.015309 0.009014 0.000309
v 0.015317 0.009014 0.000296
v 0.015301 0.009014 0.000226
v 0.014595 0.009014 0.000279
v 0.014637 0.009014 0.000296
v 0.014595 0.009014 0.000226
v 0.014644 0.009014 0.000292
v 0.014595 0.009014 0.000226
v 0.014595 0.009014 0.000226
v 0.015201 0.009014 0.000228
v 0.014689 0.009014 0.000226
v 0.014656 0.009014 0.000290
v 0.014689 0.009014 0.000226
v 0.015308 0.009014 0.000322
v 0.015308 0.009014 0.000317
v 0.014689 0.009014 0.000226
v 0.014689 0.009014 0.000226
v 0.014782 0.009014 0.000226
v 0.014655 0.009014 0.000344
v 0.014649 0.009014 0.000344
v 0.014644 0.009014 0.000342
v 0.014640 0.009014 0.000340
v 0.014636 0.009014 0.000336
v 0.015342 0.009014 0.000343
v 0.015350 0.009014 0.000340
v 0.014615 0.009014 0.000357
v 0.014610 0.009014 0.000355
v 0.015195 0.009014 0.000228
v 0.014788 0.009014 0.000228
v 0.014782 0.009014 0.000226
v 0.015340 0.009014 0.000291
v 0.015347 0.009014 0.000293
v 0.015336 0.009014 0.000290
v 0.015354 0.009014 0.000298
v 0.015395 0.009014 0.000279
v 0.015393 0.009014 0.000342
v 0.015394 0.009014 0.000337
v 0.014982 0.009014 0.000226
v 0.014595 0.009014 0.000226
v 0.014689 0.009014 0.000226
v 0.014795 0.008944 0.000166
v 0.014801 0.008944 0.000167
v 0.014761 0.008944 0.000112
v 0.014875 0.008944 0.000112
v 0.014875 0.008944 0.000169
v 0.014807 0.008944 0.000169
v 0.014782 0.008944 0.000169
v 0.014739 0.008944 0.000125
v 0.014788 0.008944 0.000167
v 0.014714 0.008944 0.000169
v 0.014754 0.008944 0.000113
v 0.014748 0.008944 0.000116
v 0.014743 0.008944 0.000119
v 0.014807 0.008944 0.000169
v 0.014875 0.008944 0.000282
v 0.014801 0.008944 0.000228
v 0.014761 0.008944 0.000282
v 0.014795 0.008944 0.000228
v 0.014754 0.008944 0.000281
v 0.014739 0.008944 0.000270
v 0.014782 0.008944 0.000226
v 0.014788 0.008944 0.000228
v 0.014748 0.008944 0.000279
v 0.014743 0.008944 0.000275
v 0.014714 0.008944 0.000226
v 0.014782 0.008944 0.000226
v 0.014807 0.008944 0.000226
v 0.014875 0.008944 0.000226
v 0.014782 0.008944 0.000226
v 0.014807 0.008944 0.000226
v 0.014809 0.008894 0.000147
v 0.014795 0.008894 0.000147
v 0.014809 0.008894 0.000146
v 0.014823 0.008894 0.000147
v 0.014809 0.008894 0.000247
v 0.014809 0.008894 0.000248
v 0.014795 0.008894 0.000247
v 0.014780 0.008894 0.000247
v 0.014777 0.008894 0.000248
v 0.014766 0.008894 0.000247
v 0.014842 0.008894 0.000146
v 0.014777 0.008894 0.000146
v 0.014766 0.008894 0.000147
v 0.014744 0.008894 0.000146
v 0.014780 0.008894 0.000147
v 0.014875 0.008894 0.000197
v 0.014852 0.008894 0.000197
v 0.014875 0.008894 0.000146
v 0.014737 0.008894 0.000197
v 0.014875 0.008894 0.000248
v 0.014842 0.008894 0.000248
v 0.014823 0.008894 0.000247
v 0.014744 0.008894 0.000248
v 0.014724 0.008894 0.000181
v 0.014724 0.008894 0.000213
v 0.014659 0.008944 0.000114
v 0.014654 0.008944 0.000113
v 0.014650 0.008944 0.000112
v 0.014664 0.008944 0.000116
v 0.014667 0.008944 0.000119
v 0.014670 0.008944 0.000123
v 0.014673 0.008944 0.000128
v 0.014674 0.008944 0.000132
v 0.014675 0.008944 0.000137
v 0.014595 0.008944 0.000137
v 0.014675 0.008944 0.000169
v 0.014595 0.008944 0.000169
v 0.014620 0.008944 0.000112
v 0.014599 0.008944 0.000123
v 0.014597 0.008944 0.000128
v 0.014602 0.008944 0.000119
v 0.014610 0.008944 0.000114
v 0.014606 0.008944 0.000116
v 0.014615 0.008944 0.000113
v 0.014595 0.008944 0.000132
v 0.014761 0.008944 0.000112
v 0.014875 0.008944 0.000112
v 0.014761 0.008934 0.000112
v 0.014875 0.008944 0.000112
v 0.014875 0.008934 0.000112
v 0.014620 0.008944 0.000112
v 0.014650 0.008944 0.000112
v 0.014620 0.008934 0.000112
v 0.014650 0.008944 0.000112
v 0.014650 0.008934 0.000112
v 0.014875 0.008924 0.000117
v 0.014809 0.008894 0.000146
v 0.014761 0.008924 0.000117
v 0.014752 0.008919 0.000122
v 0.014756 0.008922 0.000118
v 0.014777 0.008894 0.000146
v 0.014744 0.008894 0.000146
v 0.014738 0.008895 0.000145
v 0.014777 0.008894 0.000146
v 0.014744 0.008894 0.000146
v 0.014758 0.008923 0.000117
v 0.014842 0.008894 0.000146
v 0.014875 0.008894 0.000146
v 0.014842 0.008894 0.000146
v 0.014809 0.008894 0.000146
v 0.014777 0.008894 0.000146
v 0.014809 0.008894 0.000146
v 0.014610 0.008914 0.000127
v 0.014620 0.008924 0.000117
v 0.014650 0.008924 0.000117
v 0.014610 0.008918 0.000123
v 0.014613 0.008921 0.000119
v 0.014616 0.008923 0.000117
v 0.014660 0.008914 0.000127
v 0.014610 0.008894 0.000146
v 0.014660 0.008894 0.000146
v 0.014653 0.008923 0.000117
v 0.014657 0.008921 0.000119
v 0.014659 0.008918 0.000123
v 0.014610 0.008894 0.000248
v 0.014610 0.008894 0.000146
v 0.014660 0.008894 0.000248
v 0.014610 0.008894 0.000146
v 0.014660 0.008894 0.000146
v 0.014842 0.008894 0.000248
v 0.014875 0.008894 0.000248
v 0.014875 0.008924 0.000278
v 0.014809 0.008894 0.000248
v 0.014842 0.008894 0.000248
v 0.014761 0.008924 0.000278
v 0.014809 0.008894 0.000248
v 0.014752 0.008919 0.000273
v 0.014744 0.008894 0.000248
v 0.014777 0.008894 0.000248
v 0.014777 0.008894 0.000248
v 0.014758 0.008923 0.000277
v 0.014756 0.008922 0.000276
v 0.014777 0.008894 0.000248
v 0.014809 0.008894 0.000248
v 0.014744 0.008894 0.000248
v 0.014738 0.008895 0.000249
v 0.014610 0.008914 0.000268
v 0.014610 0.008894 0.000248
v 0.014660 0.008914 0.000268
v 0.014616 0.008923 0.000277
v 0.014613 0.008921 0.000275
v 0.014620 0.008924 0.000278
v 0.014610 0.008918 0.000272
v 0.014659 0.008918 0.000272
v 0.014650 0.008924 0.000278
v 0.014657 0.008921 0.000275
v 0.014653 0.008923 0.000277
v 0.014610 0.008894 0.000248
v 0.014660 0.008894 0.000248
v 0.014761 0.008934 0.000282
v 0.014875 0.008934 0.000282
v 0.014761 0.008944 0.000282
v 0.014761 0.008944 0.000282
v 0.014875 0.008944 0.000282
v 0.014650 0.008944 0.000282
v 0.014620 0.008944 0.000282
v 0.014650 0.008934 0.000282
v 0.014620 0.008934 0.000282
v 0.014610 0.008944 0.000280
v 0.014615 0.008944 0.000282
v 0.014620 0.008944 0.000282
v 0.014606 0.008944 0.000278
v 0.014620 0.008944 0.000282
v 0.014602 0.008944 0.000275
v 0.014620 0.008944 0.000282
v 0.014599 0.008944 0.000271
v 0.014620 0.008944 0.000282
v 0.014597 0.008944 0.000267
v 0.014620 0.008944 0.000282
v 0.014595 0.008944 0.000262
v 0.014620 0.008944 0.000282
v 0.014595 0.008944 0.000257
v 0.014620 0.008944 0.000282
v 0.014620 0.008944 0.000282
v 0.014675 0.008944 0.000257
v 0.014595 0.008944 0.000226
v 0.014675 0.008944 0.000226
v 0.014595 0.008944 0.000226
v 0.014620 0.008944 0.000282
v 0.014650 0.008944 0.000282
v 0.014650 0.008944 0.000282
v 0.014670 0.008944 0.000271
v 0.014673 0.008944 0.000267
v 0.014650 0.008944 0.000282
v 0.014667 0.008944 0.000275
v 0.014659 0.008944 0.000280
v 0.014664 0.008944 0.000278
v 0.014650 0.008944 0.000282
v 0.014650 0.008944 0.000282
v 0.014654 0.008944 0.000282
v 0.014650 0.008944 0.000282
v 0.014650 0.008944 0.000282
v 0.014674 0.008944 0.000262
v 0.014650 0.008944 0.000282
v 0.015301 0.009014 0.000226
v 0.015310 0.008999 0.000226
v 0.015312 0.008999 0.000226
v 0.015395 0.009014 0.000226
v 0.015315 0.008994 0.000226
v 0.015395 0.008944 0.000226
v 0.015315 0.008944 0.000226
v 0.015395 0.009014 0.000226
v 0.015314 0.008996 0.000226
v 0.015313 0.008998 0.000226
v 0.015301 0.009014 0.000226
v 0.015301 0.009014 0.000226
v 0.015395 0.009014 0.000226
v 0.015395 0.009014 0.000226
v 0.015276 0.008999 0.000226
v 0.015207 0.009014 0.000226
v 0.015207 0.008979 0.000226
v 0.015276 0.008944 0.000226
v 0.015207 0.008944 0.000226
v 0.015301 0.009014 0.000226
v 0.015207 0.009014 0.000226
v 0.015301 0.009014 0.000226
v 0.015207 0.008944 0.000226
v 0.014620 0.009014 0.000357
v 0.015370 0.009014 0.000357
v 0.014620 0.009039 0.000357
v 0.015370 0.009014 0.000357
v 0.015370 0.009039 0.000357
v 0.015237 0.009044 0.000197
v 0.015226 0.009044 0.000197
v 0.015225 0.009044 0.000203
v 0.014995 0.009044 0.000271
v 0.014753 0.009044 0.000255
v 0.014597 0.009044 0.000271
v 0.014995 0.009044 0.000123
v 0.015237 0.009044 0.000139
v 0.015393 0.009044 0.000123
v 0.015237 0.009044 0.000255
v 0.015183 0.009044 0.000226
v 0.014995 0.009044 0.000228
v 0.014989 0.009044 0.000228
v 0.015223 0.009044 0.000209
v 0.015393 0.009044 0.000271
v 0.015393 0.009044 0.000255
v 0.015195 0.009044 0.000228
v 0.015189 0.009044 0.000228
v 0.014597 0.009044 0.000255
v 0.014753 0.009044 0.000197
v 0.014753 0.009044 0.000226
v 0.014766 0.009044 0.000209
v 0.014795 0.009044 0.000228
v 0.014789 0.009044 0.000228
v 0.014983 0.009044 0.000226
v 0.014753 0.009044 0.000139
v 0.014806 0.009044 0.000169
v 0.014995 0.009044 0.000166
v 0.015001 0.009044 0.000167
v 0.014764 0.009044 0.000197
v 0.014764 0.009044 0.000203
v 0.014597 0.009044 0.000123
v 0.014597 0.009044 0.000139
v 0.014795 0.009044 0.000166
v 0.014801 0.009044 0.000167
v 0.015393 0.009044 0.000139
v 0.015237 0.009044 0.000226
v 0.015195 0.009044 0.000166
v 0.015201 0.009044 0.000167
v 0.015006 0.009044 0.000169
v 0.015025 0.009044 0.000191
v 0.015164 0.009044 0.000191
v 0.015023 0.009044 0.000185
v 0.015026 0.009044 0.000197
v 0.015166 0.009044 0.000185
v 0.015020 0.009044 0.000180
v 0.015169 0.009044 0.000180
v 0.015017 0.009044 0.000175
v 0.015173 0.009044 0.000175
v 0.015177 0.009044 0.000171
v 0.014989 0.009044 0.000167
v 0.014983 0.009044 0.000169
v 0.014812 0.009044 0.000171
v 0.014817 0.009044 0.000175
v 0.015189 0.009044 0.000167
v 0.014973 0.009044 0.000175
v 0.014977 0.009044 0.000171
v 0.014820 0.009044 0.000180
v 0.014969 0.009044 0.000180
v 0.015183 0.009044 0.000169
v 0.014966 0.009044 0.000185
v 0.014964 0.009044 0.000191
v 0.014823 0.009044 0.000185
v 0.014825 0.009044 0.000191
v 0.014826 0.009044 0.000197
v 0.014964 0.009044 0.000197
v 0.014964 0.009044 0.000203
v 0.014825 0.009044 0.000203
v 0.014966 0.009044 0.000209
v 0.014973 0.009044 0.000219
v 0.014977 0.009044 0.000223
v 0.014817 0.009044 0.000219
v 0.014812 0.009044 0.000223
v 0.015001 0.009044 0.000228
v 0.015006 0.009044 0.000226
v 0.015177 0.009044 0.000223
v 0.015173 0.009044 0.000219
v 0.014801 0.009044 0.000228
v 0.015017 0.009044 0.000219
v 0.015012 0.009044 0.000223
v 0.015169 0.009044 0.000214
v 0.015020 0.009044 0.000214
v 0.015164 0.009044 0.000203
v 0.015164 0.009044 0.000197
v 0.014823 0.009044 0.000209
v 0.014820 0.009044 0.000214
v 0.014969 0.009044 0.000214
v 0.015012 0.009044 0.000171
v 0.014789 0.009044 0.000167
v 0.014783 0.009044 0.000169
v 0.014777 0.009044 0.000171
v 0.014773 0.009044 0.000175
v 0.014769 0.009044 0.000180
v 0.014766 0.009044 0.000185
v 0.014753 0.009044 0.000168
v 0.014764 0.009044 0.000191
v 0.014769 0.009044 0.000214
v 0.014783 0.009044 0.000226
v 0.014777 0.009044 0.000223
v 0.014773 0.009044 0.000219
v 0.015023 0.009044 0.000209
v 0.014806 0.009044 0.000226
v 0.015166 0.009044 0.000209
v 0.015225 0.009044 0.000191
v 0.015237 0.009044 0.000168
v 0.015223 0.009044 0.000185
v 0.015220 0.009044 0.000180
v 0.015217 0.009044 0.000175
v 0.015212 0.009044 0.000171
v 0.015206 0.009044 0.000169
v 0.015025 0.009044 0.000203
v 0.015201 0.009044 0.000228
v 0.015206 0.009044 0.000226
v 0.015212 0.009044 0.000223
v 0.015217 0.009044 0.000219
v 0.015220 0.009044 0.000214
v 0.015370 0.009014 0.000037
v 0.014620 0.009014 0.000037
v 0.015370 0.009039 0.000037
v 0.014620 0.009014 0.000037
v 0.014620 0.009039 0.000037
v 0.014689 0.009014 0.000169
v 0.014680 0.008999 0.000169
v 0.014678 0.008999 0.000169
v 0.014595 0.009014 0.000169
v 0.014675 0.008994 0.000169
v 0.014595 0.008944 0.000169
v 0.014595 0.008944 0.000169
v 0.014675 0.008944 0.000169
v 0.014595 0.009014 0.000169
v 0.014675 0.008996 0.000169
v 0.014676 0.008998 0.000169
v 0.014689 0.009014 0.000169
v 0.014689 0.009014 0.000169
v 0.014595 0.009014 0.000169
v 0.014595 0.009014 0.000169
v 0.014714 0.008999 0.000169
v 0.014782 0.009014 0.000169
v 0.014782 0.008979 0.000169
v 0.014714 0.008944 0.000169
v 0.014782 0.008944 0.000169
v 0.014689 0.009014 0.000169
v 0.014689 0.009014 0.000169
v 0.014782 0.009014 0.000169
v 0.014782 0.008944 0.000169
v 0.015379 0.008944 0.000114
v 0.015374 0.008944 0.000113
v 0.015370 0.008944 0.000112
v 0.015384 0.008944 0.000116
v 0.015387 0.008944 0.000119
v 0.015390 0.008944 0.000123
v 0.015393 0.008944 0.000128
v 0.015394 0.008944 0.000132
v 0.015395 0.008944 0.000137
v 0.015315 0.008944 0.000137
v 0.015395 0.008944 0.000169
v 0.015315 0.008944 0.000169
v 0.015395 0.008944 0.000169
v 0.015340 0.008944 0.000112
v 0.015319 0.008944 0.000123
v 0.015317 0.008944 0.000128
v 0.015322 0.008944 0.000119
v 0.015330 0.008944 0.000114
v 0.015326 0.008944 0.000116
v 0.015335 0.008944 0.000113
v 0.015315 0.008944 0.000132
v 0.015340 0.008944 0.000112
v 0.015370 0.008944 0.000112
v 0.015340 0.008934 0.000112
v 0.015370 0.008944 0.000112
v 0.015370 0.008934 0.000112
v 0.015380 0.008914 0.000127
v 0.015380 0.008894 0.000146
v 0.015330 0.008914 0.000127
v 0.015373 0.008923 0.000117
v 0.015377 0.008921 0.000119
v 0.015370 0.008924 0.000117
v 0.015379 0.008918 0.000123
v 0.015330 0.008918 0.000123
v 0.015340 0.008924 0.000117
v 0.015333 0.008921 0.000119
v 0.015336 0.008923 0.000117
v 0.015330 0.008894 0.000146
v 0.015380 0.008894 0.000146
v 0.015315 0.008894 0.000167
v 0.015330 0.008894 0.000146
v 0.015380 0.008894 0.000146
v 0.015380 0.008894 0.000248
v 0.015330 0.008894 0.000146
v 0.015316 0.008894 0.000159
v 0.015330 0.008894 0.000146
v 0.015319 0.008894 0.000152
v 0.015324 0.008894 0.000148
v 0.015330 0.008894 0.000146
v 0.015327 0.008894 0.000147
v 0.015330 0.008894 0.000146
v 0.015315 0.008894 0.000227
v 0.015324 0.008894 0.000247
v 0.015319 0.008894 0.000242
v 0.015330 0.008894 0.000248
v 0.015327 0.008894 0.000248
v 0.015316 0.008894 0.000235
v 0.015380 0.008914 0.000268
v 0.015370 0.008924 0.000278
v 0.015340 0.008924 0.000278
v 0.015379 0.008918 0.000272
v 0.015377 0.008921 0.000275
v 0.015373 0.008923 0.000277
v 0.015330 0.008914 0.000268
v 0.015380 0.008894 0.000248
v 0.015330 0.008894 0.000248
v 0.015380 0.008894 0.000248
v 0.015336 0.008923 0.000277
v 0.015333 0.008921 0.000275
v 0.015330 0.008918 0.000272
v 0.015370 0.008944 0.000282
v 0.015340 0.008944 0.000282
v 0.015370 0.008934 0.000282
v 0.015340 0.008934 0.000282
v 0.015330 0.008944 0.000280
v 0.015335 0.008944 0.000282
v 0.015340 0.008944 0.000282
v 0.015326 0.008944 0.000278
v 0.015340 0.008944 0.000282
v 0.015322 0.008944 0.000275
v 0.015340 0.008944 0.000282
v 0.015319 0.008944 0.000271
v 0.015340 0.008944 0.000282
v 0.015317 0.008944 0.000267
v 0.015340 0.008944 0.000282
v 0.015315 0.008944 0.000262
v 0.015340 0.008944 0.000282
v 0.015315 0.008944 0.000257
v 0.015340 0.008944 0.000282
v 0.015340 0.008944 0.000282
v 0.015395 0.008944 0.000257
v 0.015315 0.008944 0.000226
v 0.015395 0.008944 0.000226
v 0.015315 0.008944 0.000226
v 0.015340 0.008944 0.000282
v 0.015370 0.008944 0.000282
v 0.015370 0.008944 0.000282
v 0.015390 0.008944 0.000271
v 0.015393 0.008944 0.000267
v 0.015370 0.008944 0.000282
v 0.015387 0.008944 0.000275
v 0.015379 0.008944 0.000280
v 0.015384 0.008944 0.000278
v 0.015370 0.008944 0.000282
v 0.015370 0.008944 0.000282
v 0.015374 0.008944 0.000282
v 0.015370 0.008944 0.000282
v 0.015370 0.008944 0.000282
v 0.015394 0.008944 0.000262
v 0.015370 0.008944 0.000282
v 0.015395 0.009014 0.000279
v 0.015395 0.009039 0.000273
v 0.015395 0.009039 0.000332
v 0.015395 0.009031 0.000226
v 0.015395 0.009014 0.000226
v 0.015395 0.009031 0.000197
v 0.015395 0.009031 0.000169
v 0.015395 0.009014 0.000169
v 0.015395 0.009031 0.000140
v 0.015395 0.009014 0.000169
v 0.015395 0.009014 0.000115
v 0.015395 0.009014 0.000062
v 0.015395 0.009039 0.000062
v 0.015395 0.008944 0.000226
v 0.015395 0.008909 0.000242
v 0.015395 0.008944 0.000169
v 0.015395 0.008944 0.000226
v 0.015395 0.008944 0.000169
v 0.015395 0.009014 0.000226
v 0.015395 0.009014 0.000226
v 0.015395 0.009031 0.000254
v 0.015395 0.009014 0.000279
v 0.015395 0.009014 0.000332
v 0.015395 0.009014 0.000279
v 0.015395 0.009039 0.000272
v 0.015395 0.009014 0.000279
v 0.015395 0.009014 0.000279
v 0.015395 0.009040 0.000271
v 0.015395 0.009042 0.000270
v 0.015395 0.009041 0.000270
v 0.015395 0.009042 0.000255
v 0.015395 0.009041 0.000254
v 0.015395 0.009042 0.000255
v 0.015395 0.009014 0.000226
v 0.015395 0.009042 0.000254
v 0.015395 0.009042 0.000254
v 0.015395 0.009014 0.000226
v 0.015395 0.009014 0.000169
v 0.015395 0.009039 0.000122
v 0.015395 0.009040 0.000123
v 0.015395 0.009041 0.000124
v 0.015395 0.009042 0.000139
v 0.015395 0.009041 0.000140
v 0.015395 0.009042 0.000140
v 0.015395 0.009042 0.000140
v 0.015395 0.009042 0.000140
v 0.015395 0.009042 0.000124
v 0.015395 0.009014 0.000115
v 0.015395 0.009039 0.000121
v 0.015395 0.009014 0.000115
v 0.015395 0.009014 0.000169
v 0.015395 0.009014 0.000115
v 0.015395 0.008944 0.000226
v 0.015395 0.008944 0.000257
v 0.015395 0.008924 0.000257
v 0.015395 0.008924 0.000137
v 0.015395 0.008944 0.000169
v 0.015395 0.008909 0.000152
v 0.015395 0.009014 0.000115
v 0.015395 0.008944 0.000169
v 0.015395 0.008944 0.000137
v 0.015395 0.008944 0.000226
v 0.015395 0.008944 0.000169
v 0.015395 0.009014 0.000226
v 0.015395 0.008944 0.000169
v 0.015395 0.009014 0.000169
v 0.014595 0.009014 0.000279
v 0.014595 0.009039 0.000332
v 0.014595 0.009039 0.000273
v 0.014595 0.009031 0.000226
v 0.014595 0.009031 0.000197
v 0.014595 0.009014 0.000226
v 0.014595 0.009031 0.000169
v 0.014595 0.009031 0.000140
v 0.014595 0.009014 0.000169
v 0.014595 0.009014 0.000169
v 0.014595 0.009014 0.000115
v 0.014595 0.009039 0.000062
v 0.014595 0.009014 0.000062
v 0.014595 0.008909 0.000242
v 0.014595 0.008944 0.000226
v 0.014595 0.008909 0.000152
v 0.014595 0.008924 0.000257
v 0.014595 0.008944 0.000226
v 0.014595 0.009014 0.000279
v 0.014595 0.009031 0.000254
v 0.014595 0.009014 0.000226
v 0.014595 0.008944 0.000226
v 0.014595 0.009014 0.000226
v 0.014595 0.008944 0.000169
v 0.014595 0.009014 0.000226
v 0.014595 0.009014 0.000169
v 0.014595 0.009014 0.000226
v 0.014595 0.009014 0.000169
v 0.014595 0.008944 0.000169
v 0.014595 0.009014 0.000332
v 0.014595 0.009014 0.000279
v 0.014595 0.009014 0.000279
v 0.014595 0.009039 0.000272
v 0.014595 0.009041 0.000270
v 0.014595 0.009042 0.000255
v 0.014595 0.009040 0.000271
v 0.014595 0.009042 0.000270
v 0.014595 0.009041 0.000254
v 0.014595 0.009042 0.000255
v 0.014595 0.009014 0.000226
v 0.014595 0.009042 0.000254
v 0.014595 0.009042 0.000254
v 0.014595 0.009014 0.000279
v 0.014595 0.009040 0.000123
v 0.014595 0.009039 0.000122
v 0.014595 0.009041 0.000124
v 0.014595 0.009042 0.000139
v 0.014595 0.009041 0.000140
v 0.014595 0.009042 0.000140
v 0.014595 0.009042 0.000140
v 0.014595 0.009042 0.000140
v 0.014595 0.009042 0.000124
v 0.014595 0.009014 0.000115
v 0.014595 0.009014 0.000115
v 0.014595 0.009039 0.000121
v 0.014595 0.008944 0.000169
v 0.014595 0.008924 0.000137
v 0.014595 0.008944 0.000257
v 0.014595 0.008944 0.000226
v 0.014595 0.009014 0.000115
v 0.014595 0.009014 0.000115
v 0.014595 0.009014 0.000169
v 0.014595 0.008944 0.000169
v 0.014595 0.008944 0.000137
v 0.014595 0.008944 0.000169
v 0.014595 0.008944 0.000226
v 0.015315 0.008894 0.000227
v 0.015315 0.008944 0.000226
v 0.015315 0.008894 0.000167
v 0.015315 0.008924 0.000257
v 0.015315 0.008944 0.000257
v 0.015315 0.008944 0.000226
v 0.015315 0.008944 0.000226
v 0.015315 0.008994 0.000226
v 0.015315 0.008944 0.000169
v 0.015315 0.008944 0.000226
v 0.015315 0.008894 0.000227
v 0.015315 0.008994 0.000226
v 0.015315 0.008994 0.000169
v 0.015315 0.008944 0.000169
v 0.015315 0.008944 0.000169
v 0.015315 0.008924 0.000137
v 0.015315 0.008894 0.000167
v 0.015315 0.008944 0.000169
v 0.015315 0.008944 0.000137
v 0.015315 0.008944 0.000169
v 0.015315 0.008894 0.000167
v 0.015315 0.008944 0.000226
v 0.015280 0.008954 0.000218
v 0.015276 0.008999 0.000226
v 0.015276 0.008944 0.000226
v 0.015262 0.008909 0.000249
v 0.015276 0.008944 0.000226
v 0.015250 0.008929 0.000270
v 0.015280 0.008909 0.000218
v 0.015276 0.008944 0.000226
v 0.015280 0.008999 0.000218
v 0.015276 0.008999 0.000226
v 0.015276 0.008944 0.000226
v 0.015276 0.008944 0.000226
v 0.015250 0.008944 0.000270
v 0.015280 0.008954 0.000176
v 0.015280 0.008909 0.000176
v 0.015276 0.008944 0.000169
v 0.015262 0.008909 0.000145
v 0.015276 0.008944 0.000169
v 0.015250 0.008929 0.000125
v 0.015250 0.008944 0.000125
v 0.015276 0.008944 0.000169
v 0.015276 0.008944 0.000169
v 0.015276 0.008999 0.000169
v 0.015280 0.008999 0.000176
v 0.015276 0.008999 0.000169
v 0.015276 0.008944 0.000169
v 0.015281 0.008909 0.000216
v 0.015281 0.008909 0.000179
v 0.015281 0.008999 0.000216
v 0.015281 0.008999 0.000179
v 0.014709 0.008954 0.000218
v 0.014709 0.008909 0.000218
v 0.014714 0.008944 0.000226
v 0.014727 0.008909 0.000249
v 0.014714 0.008944 0.000226
v 0.014739 0.008929 0.000270
v 0.014714 0.008944 0.000226
v 0.014714 0.008944 0.000226
v 0.014739 0.008944 0.000270
v 0.014714 0.008999 0.000226
v 0.014714 0.008944 0.000226
v 0.014714 0.008999 0.000226
v 0.014709 0.008999 0.000218
v 0.014709 0.008954 0.000176
v 0.014714 0.008999 0.000169
v 0.014714 0.008944 0.000169
v 0.014739 0.008929 0.000125
v 0.014714 0.008944 0.000169
v 0.014739 0.008944 0.000125
v 0.014727 0.008909 0.000145
v 0.014714 0.008944 0.000169
v 0.014709 0.008999 0.000176
v 0.014714 0.008999 0.000169
v 0.014714 0.008944 0.000169
v 0.014709 0.008909 0.000176
v 0.014714 0.008944 0.000169
v 0.014675 0.008924 0.000257
v 0.014675 0.008944 0.000226
v 0.014675 0.008944 0.000257
v 0.014675 0.008909 0.000242
v 0.014675 0.008909 0.000152
v 0.014675 0.008944 0.000226
v 0.014675 0.008924 0.000137
v 0.014675 0.008944 0.000137
v 0.014675 0.008944 0.000169
v 0.014675 0.008944 0.000169
v 0.014675 0.008994 0.000169
v 0.014675 0.008944 0.000226
v 0.014675 0.008944 0.000169
v 0.014675 0.008994 0.000169
v 0.014675 0.008994 0.000226
v 0.014675 0.008944 0.000226
v 0.014675 0.008944 0.000226
v 0.014675 0.008944 0.000226
v 0.014675 0.008944 0.000169
v 0.014709 0.008909 0.000179
v 0.014709 0.008909 0.000216
v 0.014709 0.008999 0.000179
v 0.014709 0.008999 0.000216
v 0.015166 0.008894 0.000247
v 0.015166 0.008929 0.000247
v 0.015180 0.008894 0.000247
v 0.015180 0.008894 0.000247
v 0.015195 0.008894 0.000247
v 0.015195 0.008894 0.000247
v 0.015223 0.008929 0.000247
v 0.015209 0.008894 0.000247
v 0.015195 0.008894 0.000247
v 0.015223 0.008894 0.000247
v 0.015209 0.008894 0.000247
v 0.015223 0.008894 0.000247
v 0.015223 0.008929 0.000247
v 0.015252 0.008894 0.000197
v 0.015252 0.008894 0.000197
v 0.015223 0.008929 0.000247
v 0.015252 0.008929 0.000197
v 0.015252 0.008894 0.000197
v 0.015252 0.008929 0.000197
v 0.015223 0.008894 0.000147
v 0.015223 0.008894 0.000147
v 0.015252 0.008929 0.000197
v 0.015223 0.008929 0.000147
v 0.015223 0.008894 0.000147
v 0.015223 0.008929 0.000147
v 0.015209 0.008894 0.000147
v 0.015209 0.008894 0.000147
v 0.015223 0.008929 0.000147
v 0.015195 0.008894 0.000147
v 0.015195 0.008894 0.000147
v 0.015223 0.008929 0.000147
v 0.015166 0.008929 0.000147
v 0.015180 0.008894 0.000147
v 0.015195 0.008894 0.000147
v 0.015166 0.008894 0.000147
v 0.015180 0.008894 0.000147
v 0.015166 0.008894 0.000147
v 0.015166 0.008929 0.000147
v 0.015137 0.008894 0.000197
v 0.015137 0.008894 0.000197
v 0.015166 0.008929 0.000147
v 0.015137 0.008929 0.000197
v 0.015137 0.008894 0.000197
v 0.015137 0.008929 0.000197
v 0.015166 0.008894 0.000247
v 0.015166 0.008894 0.000247
v 0.015137 0.008929 0.000197
v 0.015166 0.008929 0.000247
v 0.014766 0.008894 0.000247
v 0.014766 0.008929 0.000247
v 0.014780 0.008894 0.000247
v 0.014780 0.008894 0.000247
v 0.014795 0.008894 0.000247
v 0.014795 0.008894 0.000247
v 0.014823 0.008929 0.000247
v 0.014809 0.008894 0.000247
v 0.014795 0.008894 0.000247
v 0.014823 0.008894 0.000247
v 0.014809 0.008894 0.000247
v 0.014823 0.008894 0.000247
v 0.014823 0.008929 0.000247
v 0.014852 0.008894 0.000197
v 0.014852 0.008894 0.000197
v 0.014823 0.008929 0.000247
v 0.014852 0.008929 0.000197
v 0.014852 0.008894 0.000197
v 0.014852 0.008929 0.000197
v 0.014823 0.008894 0.000147
v 0.014823 0.008894 0.000147
v 0.014852 0.008929 0.000197
v 0.014823 0.008929 0.000147
v 0.014823 0.008894 0.000147
v 0.014823 0.008929 0.000147
v 0.014809 0.008894 0.000147
v 0.014809 0.008894 0.000147
v 0.014823 0.008929 0.000147
v 0.014795 0.008894 0.000147
v 0.014795 0.008894 0.000147
v 0.014823 0.008929 0.000147
v 0.014766 0.008929 0.000147
v 0.014780 0.008894 0.000147
v 0.014795 0.008894 0.000147
v 0.014766 0.008894 0.000147
v 0.014780 0.008894 0.000147
v 0.014766 0.008894 0.000147
v 0.014766 0.008929 0.000147
v 0.014737 0.008894 0.000197
v 0.014737 0.008894 0.000197
v 0.014766 0.008929 0.000147
v 0.014737 0.008929 0.000197
v 0.014737 0.008894 0.000197
v 0.014737 0.008929 0.000197
v 0.014766 0.008894 0.000247
v 0.014766 0.008894 0.000247
v 0.014737 0.008929 0.000197
v 0.014766 0.008929 0.000247
v 0.014766 0.008929 0.000147
v 0.014789 0.008929 0.000167
v 0.014780 0.008929 0.000170
v 0.014766 0.008929 0.000147
v 0.014823 0.008929 0.000147
v 0.014798 0.008929 0.000166
v 0.014737 0.008929 0.000197
v 0.014764 0.008929 0.000200
v 0.014766 0.008929 0.000209
v 0.014766 0.008929 0.000247
v 0.014786 0.008929 0.000227
v 0.014795 0.008929 0.000228
v 0.014852 0.008929 0.000197
v 0.014826 0.008929 0.000197
v 0.014824 0.008929 0.000188
v 0.014766 0.008929 0.000147
v 0.014825 0.008929 0.000203
v 0.014852 0.008929 0.000197
v 0.014823 0.008929 0.000209
v 0.014852 0.008929 0.000197
v 0.014852 0.008929 0.000197
v 0.014820 0.008929 0.000214
v 0.014852 0.008929 0.000197
v 0.014823 0.008929 0.000247
v 0.014817 0.008929 0.000219
v 0.014823 0.008929 0.000247
v 0.014812 0.008929 0.000223
v 0.014823 0.008929 0.000247
v 0.014806 0.008929 0.000226
v 0.014823 0.008929 0.000247
v 0.014823 0.008929 0.000247
v 0.014801 0.008929 0.000228
v 0.014766 0.008929 0.000247
v 0.014777 0.008929 0.000223
v 0.014766 0.008929 0.000247
v 0.014823 0.008929 0.000247
v 0.014766 0.008929 0.000247
v 0.014771 0.008929 0.000217
v 0.014766 0.008929 0.000247
v 0.014766 0.008929 0.000247
v 0.014737 0.008929 0.000197
v 0.014823 0.008929 0.000247
v 0.014767 0.008929 0.000183
v 0.014737 0.008929 0.000197
v 0.014766 0.008929 0.000147
v 0.014764 0.008929 0.000191
v 0.014737 0.008929 0.000197
v 0.014773 0.008929 0.000175
v 0.014766 0.008929 0.000147
v 0.014766 0.008929 0.000147
v 0.014806 0.008929 0.000169
v 0.014823 0.008929 0.000147
v 0.014814 0.008929 0.000173
v 0.014823 0.008929 0.000147
v 0.014823 0.008929 0.000147
v 0.014820 0.008929 0.000180
v 0.014823 0.008929 0.000147
v 0.014852 0.008929 0.000197
v 0.014737 0.008929 0.000197
v 0.014852 0.008929 0.000197
v 0.015223 0.008929 0.000247
v 0.015201 0.008929 0.000228
v 0.015206 0.008929 0.000226
v 0.015223 0.008929 0.000247
v 0.015166 0.008929 0.000247
v 0.015195 0.008929 0.000228
v 0.015252 0.008929 0.000197
v 0.015226 0.008929 0.000197
v 0.015224 0.008929 0.000188
v 0.015223 0.008929 0.000147
v 0.015198 0.008929 0.000166
v 0.015166 0.008929 0.000147
v 0.015137 0.008929 0.000197
v 0.015164 0.008929 0.000200
v 0.015166 0.008929 0.000209
v 0.015223 0.008929 0.000247
v 0.015225 0.008929 0.000203
v 0.015252 0.008929 0.000197
v 0.015223 0.008929 0.000209
v 0.015252 0.008929 0.000197
v 0.015252 0.008929 0.000197
v 0.015220 0.008929 0.000214
v 0.015252 0.008929 0.000197
v 0.015223 0.008929 0.000247
v 0.015217 0.008929 0.000219
v 0.015223 0.008929 0.000247
v 0.015212 0.008929 0.000223
v 0.015223 0.008929 0.000247
v 0.015223 0.008929 0.000247
v 0.015186 0.008929 0.000227
v 0.015166 0.008929 0.000247
v 0.015177 0.008929 0.000223
v 0.015166 0.008929 0.000247
v 0.015166 0.008929 0.000247
v 0.015171 0.008929 0.000217
v 0.015166 0.008929 0.000247
v 0.015166 0.008929 0.000247
v 0.015137 0.008929 0.000197
v 0.015167 0.008929 0.000183
v 0.015137 0.008929 0.000197
v 0.015166 0.008929 0.000147
v 0.015164 0.008929 0.000191
v 0.015137 0.008929 0.000197
v 0.015173 0.008929 0.000175
v 0.015166 0.008929 0.000147
v 0.015180 0.008929 0.000170
v 0.015166 0.008929 0.000147
v 0.015166 0.008929 0.000147
v 0.015189 0.008929 0.000167
v 0.015206 0.008929 0.000169
v 0.015223 0.008929 0.000147
v 0.015214 0.008929 0.000173
v 0.015223 0.008929 0.000147
v 0.015223 0.008929 0.000147
v 0.015220 0.008929 0.000180
v 0.015223 0.008929 0.000147
v 0.015252 0.008929 0.000197
v 0.015137 0.008929 0.000197
v 0.015252 0.008929 0.000197
v 0.015166 0.008929 0.000147
v 0.015393 0.009043 0.000122
v 0.015393 0.009042 0.000122
v 0.014995 0.009043 0.000122
v 0.014995 0.009042 0.000122
v 0.014597 0.009042 0.000122
v 0.014597 0.009043 0.000122
v 0.015393 0.009041 0.000121
v 0.015340 0.009041 0.000104
v 0.015335 0.009041 0.000104
v 0.015329 0.009041 0.000104
v 0.015249 0.009041 0.000112
v 0.015393 0.009041 0.000062
v 0.015361 0.009041 0.000082
v 0.015362 0.009041 0.000077
v 0.015361 0.009041 0.000072
v 0.015360 0.009041 0.000067
v 0.015392 0.009041 0.000058
v 0.015386 0.009041 0.000046
v 0.015382 0.009041 0.000043
v 0.015391 0.009041 0.000053
v 0.015357 0.009041 0.000062
v 0.015370 0.009041 0.000039
v 0.015229 0.009041 0.000062
v 0.015329 0.009041 0.000051
v 0.015029 0.009041 0.000062
v 0.014620 0.009041 0.000039
v 0.014961 0.009041 0.000062
v 0.014644 0.009041 0.000052
v 0.014649 0.009041 0.000051
v 0.014655 0.009041 0.000050
v 0.014660 0.009041 0.000051
v 0.014632 0.009041 0.000062
v 0.014636 0.009041 0.000058
v 0.014615 0.009041 0.000040
v 0.014611 0.009041 0.000041
v 0.014607 0.009041 0.000043
v 0.014597 0.009041 0.000062
v 0.014628 0.009041 0.000077
v 0.014628 0.009041 0.000072
v 0.014597 0.009041 0.000121
v 0.014660 0.009041 0.000104
v 0.014655 0.009041 0.000104
v 0.015029 0.009041 0.000112
v 0.014995 0.009041 0.000121
v 0.015049 0.009041 0.000112
v 0.015049 0.009041 0.000062
v 0.015229 0.009041 0.000112
v 0.014761 0.009041 0.000062
v 0.014941 0.009041 0.000062
v 0.015249 0.009041 0.000062
v 0.015312 0.009041 0.000062
v 0.015316 0.009041 0.000058
v 0.014741 0.009041 0.000112
v 0.014761 0.009041 0.000112
v 0.014741 0.009041 0.000062
v 0.014677 0.009041 0.000062
v 0.014680 0.009041 0.000067
v 0.014941 0.009041 0.000112
v 0.014665 0.009041 0.000102
v 0.014670 0.009041 0.000100
v 0.014961 0.009041 0.000112
v 0.014674 0.009041 0.000058
v 0.014670 0.009041 0.000055
v 0.015320 0.009041 0.000055
v 0.015324 0.009041 0.000052
v 0.014677 0.009041 0.000092
v 0.014674 0.009041 0.000096
v 0.015308 0.009041 0.000082
v 0.015308 0.009041 0.000077
v 0.014665 0.009041 0.000052
v 0.015308 0.009041 0.000072
v 0.015310 0.009041 0.000067
v 0.015335 0.009041 0.000050
v 0.015340 0.009041 0.000051
v 0.015345 0.009041 0.000052
v 0.015350 0.009041 0.000055
v 0.015354 0.009041 0.000058
v 0.014640 0.009041 0.000055
v 0.015378 0.009041 0.000041
v 0.015374 0.009041 0.000040
v 0.015389 0.009041 0.000049
v 0.015360 0.009041 0.000088
v 0.015350 0.009041 0.000100
v 0.015354 0.009041 0.000096
v 0.015357 0.009041 0.000092
v 0.015345 0.009041 0.000102
v 0.015324 0.009041 0.000102
v 0.014680 0.009041 0.000088
v 0.015320 0.009041 0.000100
v 0.014681 0.009041 0.000082
v 0.015316 0.009041 0.000096
v 0.014682 0.009041 0.000077
v 0.014630 0.009041 0.000067
v 0.014628 0.009041 0.000082
v 0.014597 0.009041 0.000058
v 0.014598 0.009041 0.000053
v 0.014600 0.009041 0.000049
v 0.014603 0.009041 0.000046
v 0.014681 0.009041 0.000072
v 0.015310 0.009041 0.000088
v 0.015312 0.009041 0.000092
v 0.014649 0.009041 0.000104
v 0.014644 0.009041 0.000102
v 0.014640 0.009041 0.000100
v 0.014636 0.009041 0.000096
v 0.014632 0.009041 0.000092
v 0.014630 0.009041 0.000088
v 0.015357 0.009041 0.000332
v 0.015370 0.009041 0.000355
v 0.015374 0.009041 0.000355
v 0.015378 0.009041 0.000353
v 0.015382 0.009041 0.000351
v 0.015360 0.009041 0.000328
v 0.015386 0.009041 0.000348
v 0.015389 0.009041 0.000345
v 0.015391 0.009041 0.000341
v 0.015392 0.009041 0.000337
v 0.015393 0.009041 0.000273
v 0.015329 0.009041 0.000291
v 0.015335 0.009041 0.000290
v 0.014597 0.009041 0.000273
v 0.014649 0.009041 0.000291
v 0.014655 0.009041 0.000290
v 0.014660 0.009041 0.000291
v 0.014741 0.009041 0.000282
v 0.014597 0.009041 0.000332
v 0.014628 0.009041 0.000312
v 0.014628 0.009041 0.000317
v 0.014628 0.009041 0.000322
v 0.014630 0.009041 0.000328
v 0.014597 0.009041 0.000337
v 0.014603 0.009041 0.000348
v 0.014607 0.009041 0.000351
v 0.014598 0.009041 0.000341
v 0.014632 0.009041 0.000332
v 0.014620 0.009041 0.000355
v 0.014761 0.009041 0.000332
v 0.014660 0.009041 0.000344
v 0.015335 0.009041 0.000344
v 0.015329 0.009041 0.000344
v 0.015229 0.009041 0.000332
v 0.015049 0.009041 0.000332
v 0.014741 0.009041 0.000332
v 0.014681 0.009041 0.000322
v 0.014680 0.009041 0.000328
v 0.014677 0.009041 0.000332
v 0.014761 0.009041 0.000282
v 0.014995 0.009041 0.000273
v 0.014682 0.009041 0.000317
v 0.014681 0.009041 0.000312
v 0.014941 0.009041 0.000332
v 0.014941 0.009041 0.000282
v 0.014961 0.009041 0.000282
v 0.014961 0.009041 0.000332
v 0.015029 0.009041 0.000332
v 0.015029 0.009041 0.000282
v 0.015049 0.009041 0.000282
v 0.014680 0.009041 0.000307
v 0.015229 0.009041 0.000282
v 0.015249 0.009041 0.000282
v 0.015249 0.009041 0.000332
v 0.015312 0.009041 0.000332
v 0.015310 0.009041 0.000328
v 0.014600 0.009041 0.000345
v 0.014630 0.009041 0.000307
v 0.014632 0.009041 0.000302
v 0.014636 0.009041 0.000298
v 0.014640 0.009041 0.000295
v 0.014644 0.009041 0.000292
v 0.014665 0.009041 0.000292
v 0.015320 0.009041 0.000295
v 0.015324 0.009041 0.000292
v 0.015316 0.009041 0.000298
v 0.015312 0.009041 0.000302
v 0.015310 0.009041 0.000307
v 0.015308 0.009041 0.000312
v 0.014670 0.009041 0.000295
v 0.014674 0.009041 0.000298
v 0.015308 0.009041 0.000317
v 0.015308 0.009041 0.000322
v 0.014655 0.009041 0.000344
v 0.014649 0.009041 0.000344
v 0.014644 0.009041 0.000342
v 0.014640 0.009041 0.000340
v 0.014636 0.009041 0.000336
v 0.014615 0.009041 0.000355
v 0.014611 0.009041 0.000353
v 0.014674 0.009041 0.000336
v 0.015320 0.009041 0.000340
v 0.015316 0.009041 0.000336
v 0.014677 0.009041 0.000302
v 0.015340 0.009041 0.000291
v 0.015345 0.009041 0.000292
v 0.015350 0.009041 0.000295
v 0.015354 0.009041 0.000298
v 0.015357 0.009041 0.000302
v 0.015360 0.009041 0.000307
v 0.015361 0.009041 0.000312
v 0.015393 0.009041 0.000332
v 0.015362 0.009041 0.000317
v 0.015361 0.009041 0.000322
v 0.015350 0.009041 0.000340
v 0.015354 0.009041 0.000336
v 0.015345 0.009041 0.000342
v 0.015340 0.009041 0.000344
v 0.014665 0.009041 0.000342
v 0.015324 0.009041 0.000342
v 0.014670 0.009041 0.000340
v 0.015393 0.009042 0.000272
v 0.015393 0.009043 0.000272
v 0.014995 0.009042 0.000272
v 0.014995 0.009043 0.000272
v 0.014597 0.009043 0.000272
v 0.014597 0.009042 0.000272
v 0.014709 0.008999 0.000218
v 0.014680 0.008999 0.000226
v 0.014709 0.008999 0.000216
v 0.014709 0.008999 0.000218
v 0.014714 0.008999 0.000226
v 0.014680 0.008999 0.000226
v 0.014709 0.008999 0.000216
v 0.014680 0.008999 0.000226
v 0.014709 0.008999 0.000179
v 0.014709 0.008999 0.000176
v 0.014680 0.008999 0.000169
v 0.014714 0.008999 0.000169
v 0.014680 0.008999 0.000169
v 0.014709 0.008999 0.000179
v 0.014680 0.008999 0.000226
v 0.014680 0.008999 0.000169
v 0.014709 0.008999 0.000176
v 0.014709 0.008999 0.000179
v 0.015280 0.008999 0.000176
v 0.015310 0.008999 0.000169
v 0.015281 0.008999 0.000179
v 0.015280 0.008999 0.000176
v 0.015276 0.008999 0.000169
v 0.015310 0.008999 0.000169
v 0.015281 0.008999 0.000179
v 0.015310 0.008999 0.000169
v 0.015281 0.008999 0.000216
v 0.015280 0.008999 0.000218
v 0.015310 0.008999 0.000226
v 0.015276 0.008999 0.000226
v 0.015310 0.008999 0.000226
v 0.015281 0.008999 0.000216
v 0.015310 0.008999 0.000169
v 0.015310 0.008999 0.000226
v 0.015280 0.008999 0.000218
v 0.015281 0.008999 0.000216
v 0.015029 0.009014 0.000062
v 0.015029 0.009041 0.000062
v 0.015029 0.009014 0.000112
v 0.015029 0.009041 0.000062
v 0.015029 0.009041 0.000112
v 0.015029 0.009014 0.000112
v 0.015029 0.009014 0.000112
v 0.015029 0.009041 0.000112
v 0.015049 0.009014 0.000112
v 0.015029 0.009041 0.000112
v 0.015049 0.009041 0.000112
v 0.015049 0.009014 0.000112
v 0.015049 0.009014 0.000112
v 0.015049 0.009041 0.000112
v 0.015049 0.009014 0.000062
v 0.015049 0.009041 0.000112
v 0.015049 0.009041 0.000062
v 0.015049 0.009014 0.000062
v 0.015049 0.009014 0.000062
v 0.015049 0.009041 0.000062
v 0.015029 0.009014 0.000062
v 0.015049 0.009041 0.000062
v 0.015029 0.009041 0.000062
v 0.015029 0.009014 0.000062
v 0.015229 0.009014 0.000062
v 0.015229 0.009041 0.000062
v 0.015229 0.009014 0.000112
v 0.015229 0.009041 0.000062
v 0.015229 0.009041 0.000112
v 0.015229 0.009014 0.000112
v 0.015229 0.009014 0.000112
v 0.015229 0.009041 0.000112
v 0.015249 0.009014 0.000112
v 0.015229 0.009041 0.000112
v 0.015249 0.009041 0.000112
v 0.015249 0.009014 0.000112
v 0.015249 0.009014 0.000112
v 0.015249 0.009041 0.000112
v 0.015249 0.009014 0.000062
v 0.015249 0.009041 0.000112
v 0.015249 0.009041 0.000062
v 0.015249 0.009014 0.000062
v 0.015249 0.009014 0.000062
v 0.015249 0.009041 0.000062
v 0.015229 0.009014 0.000062
v 0.015249 0.009041 0.000062
v 0.015229 0.009041 0.000062
v 0.015229 0.009014 0.000062
v 0.014741 0.009014 0.000282
v 0.014741 0.009041 0.000282
v 0.014741 0.009014 0.000332
v 0.014741 0.009041 0.000282
v 0.014741 0.009041 0.000332
v 0.014741 0.009014 0.000332
v 0.014741 0.009014 0.000332
v 0.014741 0.009041 0.000332
v 0.014761 0.009014 0.000332
v 0.014741 0.009041 0.000332
v 0.014761 0.009041 0.000332
v 0.014761 0.009014 0.000332
v 0.014761 0.009014 0.000332
v 0.014761 0.009041 0.000332
v 0.014761 0.009014 0.000282
v 0.014761 0.009041 0.000332
v 0.014761 0.009041 0.000282
v 0.014761 0.009014 0.000282
v 0.014761 0.009014 0.000282
v 0.014761 0.009041 0.000282
v 0.014741 0.009014 0.000282
v 0.014761 0.009041 0.000282
v 0.014741 0.009041 0.000282
v 0.014741 0.009014 0.000282
v 0.014941 0.009014 0.000282
v 0.014941 0.009041 0.000282
v 0.014941 0.009014 0.000332
v 0.014941 0.009041 0.000282
v 0.014941 0.009041 0.000332
v 0.014941 0.009014 0.000332
v 0.014941 0.009014 0.000332
v 0.014941 0.009041 0.000332
v 0.014961 0.009014 0.000332
v 0.014941 0.009041 0.000332
v 0.014961 0.009041 0.000332
v 0.014961 0.009014 0.000332
v 0.014961 0.009014 0.000332
v 0.014961 0.009041 0.000332
v 0.014961 0.009014 0.000282
v 0.014961 0.009041 0.000332
v 0.014961 0.009041 0.000282
v 0.014961 0.009014 0.000282
v 0.014961 0.009014 0.000282
v 0.014961 0.009041 0.000282
v 0.014941 0.009014 0.000282
v 0.014961 0.009041 0.000282
v 0.014941 0.009041 0.000282
v 0.014941 0.009014 0.000282
v 0.015029 0.009014 0.000282
v 0.015029 0.009041 0.000282
v 0.015029 0.009014 0.000332
v 0.015029 0.009041 0.000282
v 0.015029 0.009041 0.000332
v 0.015029 0.009014 0.000332
v 0.015029 0.009014 0.000332
v 0.015029 0.009041 0.000332
v 0.015049 0.009014 0.000332
v 0.015029 0.009041 0.000332
v 0.015049 0.009041 0.000332
v 0.015049 0.009014 0.000332
v 0.015049 0.009014 0.000332
v 0.015049 0.009041 0.000332
v 0.015049 0.009014 0.000282
v 0.015049 0.009041 0.000332
v 0.015049 0.009041 0.000282
v 0.015049 0.009014 0.000282
v 0.015049 0.009014 0.000282
v 0.015049 0.009041 0.000282
v 0.015029 0.009014 0.000282
v 0.015049 0.009041 0.000282
v 0.015029 0.009041 0.000282
v 0.015029 0.009014 0.000282
v 0.015229 0.009014 0.000282
v 0.015229 0.009041 0.000282
v 0.015229 0.009014 0.000332
v 0.015229 0.009041 0.000282
v 0.015229 0.009041 0.000332
v 0.015229 0.009014 0.000332
v 0.015229 0.009014 0.000332
v 0.015229 0.009041 0.000332
v 0.015249 0.009014 0.000332
v 0.015229 0.009041 0.000332
v 0.015249 0.009041 0.000332
v 0.015249 0.009014 0.000332
v 0.015249 0.009014 0.000332
v 0.015249 0.009041 0.000332
v 0.015249 0.009014 0.000282
v 0.015249 0.009041 0.000332
v 0.015249 0.009041 0.000282
v 0.015249 0.009014 0.000282
v 0.015249 0.009014 0.000282
v 0.015249 0.009041 0.000282
v 0.015229 0.009014 0.000282
v 0.015249 0.009041 0.000282
v 0.015229 0.009041 0.000282
v 0.015229 0.009014 0.000282
v 0.014741 0.009014 0.000062
v 0.014741 0.009041 0.000062
v 0.014741 0.009014 0.000112
v 0.014741 0.009041 0.000062
v 0.014741 0.009041 0.000112
v 0.014741 0.009014 0.000112
v 0.014741 0.009014 0.000112
v 0.014741 0.009041 0.000112
v 0.014761 0.009014 0.000112
v 0.014741 0.009041 0.000112
v 0.014761 0.009041 0.000112
v 0.014761 0.009014 0.000112
v 0.014761 0.009014 0.000112
v 0.014761 0.009041 0.000112
v 0.014761 0.009014 0.000062
v 0.014761 0.009041 0.000112
v 0.014761 0.009041 0.000062
v 0.014761 0.009014 0.000062
v 0.014761 0.009014 0.000062
v 0.014761 0.009041 0.000062
v 0.014741 0.009014 0.000062
v 0.014761 0.009041 0.000062
v 0.014741 0.009041 0.000062
v 0.014741 0.009014 0.000062
v 0.014941 0.009014 0.000062
v 0.014941 0.009041 0.000062
v 0.014941 0.009014 0.000112
v 0.014941 0.009041 0.000062
v 0.014941 0.009041 0.000112
v 0.014941 0.009014 0.000112
v 0.014941 0.009014 0.000112
v 0.014941 0.009041 0.000112
v 0.014961 0.009014 0.000112
v 0.014941 0.009041 0.000112
v 0.014961 0.009041 0.000112
v 0.014961 0.009014 0.000112
v 0.014961 0.009014 0.000112
v 0.014961 0.009041 0.000112
v 0.014961 0.009014 0.000062
v 0.014961 0.009041 0.000112
v 0.014961 0.009041 0.000062
v 0.014961 0.009014 0.000062
v 0.014961 0.009014 0.000062
v 0.014961 0.009041 0.000062
v 0.014941 0.009014 0.000062
v 0.014961 0.009041 0.000062
v 0.014941 0.009041 0.000062
v 0.014941 0.009014 0.000062
v 0.015383 0.009023 0.000252
v 0.015383 0.009023 0.000142
v 0.015382 0.009023 0.000252
v 0.015382 0.009023 0.000142
v 0.015364 0.009023 0.000142
v 0.015364 0.009023 0.000252
v 0.015362 0.009023 0.000252
v 0.015362 0.009023 0.000142
v 0.015393 0.009034 0.000142
v 0.015393 0.009041 0.000142
v 0.015392 0.009034 0.000142
v 0.015240 0.009041 0.000142
v 0.015305 0.009034 0.000142
v 0.015340 0.009034 0.000142
v 0.015255 0.009034 0.000142
v 0.015290 0.009034 0.000142
v 0.015257 0.009034 0.000142
v 0.015240 0.009034 0.000142
v 0.015288 0.009034 0.000142
v 0.015258 0.009032 0.000142
v 0.015287 0.009032 0.000142
v 0.015264 0.009023 0.000142
v 0.015287 0.009032 0.000142
v 0.015258 0.009032 0.000142
v 0.015258 0.009032 0.000142
v 0.015261 0.009024 0.000142
v 0.015264 0.009023 0.000142
v 0.015287 0.009032 0.000142
v 0.015264 0.009023 0.000142
v 0.015282 0.009023 0.000142
v 0.015287 0.009032 0.000142
v 0.015282 0.009023 0.000142
v 0.015284 0.009024 0.000142
v 0.015283 0.009023 0.000142
v 0.015284 0.009024 0.000142
v 0.015282 0.009023 0.000142
v 0.015258 0.009032 0.000142
v 0.015307 0.009034 0.000142
v 0.015338 0.009034 0.000142
v 0.015308 0.009032 0.000142
v 0.015337 0.009032 0.000142
v 0.015314 0.009023 0.000142
v 0.015337 0.009032 0.000142
v 0.015308 0.009032 0.000142
v 0.015314 0.009023 0.000142
v 0.015308 0.009032 0.000142
v 0.015311 0.009024 0.000142
v 0.015262 0.009023 0.000142
v 0.015264 0.009023 0.000142
v 0.015261 0.009024 0.000142
v 0.015337 0.009032 0.000142
v 0.015314 0.009023 0.000142
v 0.015332 0.009023 0.000142
v 0.015337 0.009032 0.000142
v 0.015332 0.009023 0.000142
v 0.015334 0.009024 0.000142
v 0.015333 0.009023 0.000142
v 0.015334 0.009024 0.000142
v 0.015332 0.009023 0.000142
v 0.015308 0.009032 0.000142
v 0.015388 0.009034 0.000142
v 0.015390 0.009034 0.000142
v 0.015355 0.009034 0.000142
v 0.015357 0.009034 0.000142
v 0.015358 0.009032 0.000142
v 0.015387 0.009032 0.000142
v 0.015364 0.009023 0.000142
v 0.015387 0.009032 0.000142
v 0.015358 0.009032 0.000142
v 0.015364 0.009023 0.000142
v 0.015358 0.009032 0.000142
v 0.015361 0.009024 0.000142
v 0.015312 0.009023 0.000142
v 0.015314 0.009023 0.000142
v 0.015311 0.009024 0.000142
v 0.015387 0.009032 0.000142
v 0.015382 0.009023 0.000142
v 0.015384 0.009024 0.000142
v 0.015364 0.009023 0.000142
v 0.015382 0.009023 0.000142
v 0.015387 0.009032 0.000142
v 0.015383 0.009023 0.000142
v 0.015384 0.009024 0.000142
v 0.015382 0.009023 0.000142
v 0.015364 0.009023 0.000142
v 0.015361 0.009024 0.000142
v 0.015362 0.009023 0.000142
v 0.015358 0.009032 0.000142
v 0.015240 0.009034 0.000252
v 0.015240 0.009041 0.000252
v 0.015255 0.009034 0.000252
v 0.015257 0.009034 0.000252
v 0.015288 0.009034 0.000252
v 0.015258 0.009032 0.000252
v 0.015290 0.009034 0.000252
v 0.015258 0.009032 0.000252
v 0.015287 0.009032 0.000252
v 0.015264 0.009023 0.000252
v 0.015258 0.009032 0.000252
v 0.015287 0.009032 0.000252
v 0.015258 0.009032 0.000252
v 0.015264 0.009023 0.000252
v 0.015261 0.009024 0.000252
v 0.015287 0.009032 0.000252
v 0.015282 0.009023 0.000252
v 0.015264 0.009023 0.000252
v 0.015287 0.009032 0.000252
v 0.015284 0.009024 0.000252
v 0.015282 0.009023 0.000252
v 0.015283 0.009023 0.000252
v 0.015282 0.009023 0.000252
v 0.015284 0.009024 0.000252
v 0.015305 0.009034 0.000252
v 0.015393 0.009041 0.000252
v 0.015340 0.009034 0.000252
v 0.015307 0.009034 0.000252
v 0.015338 0.009034 0.000252
v 0.015308 0.009032 0.000252
v 0.015337 0.009032 0.000252
v 0.015314 0.009023 0.000252
v 0.015308 0.009032 0.000252
v 0.015337 0.009032 0.000252
v 0.015314 0.009023 0.000252
v 0.015311 0.009024 0.000252
v 0.015308 0.009032 0.000252
v 0.015262 0.009023 0.000252
v 0.015261 0.009024 0.000252
v 0.015264 0.009023 0.000252
v 0.015337 0.009032 0.000252
v 0.015332 0.009023 0.000252
v 0.015314 0.009023 0.000252
v 0.015337 0.009032 0.000252
v 0.015334 0.009024 0.000252
v 0.015332 0.009023 0.000252
v 0.015333 0.009023 0.000252
v 0.015332 0.009023 0.000252
v 0.015334 0.009024 0.000252
v 0.015355 0.009034 0.000252
v 0.015357 0.009034 0.000252
v 0.015388 0.009034 0.000252
v 0.015358 0.009032 0.000252
v 0.015387 0.009032 0.000252
v 0.015358 0.009032 0.000252
v 0.015387 0.009032 0.000252
v 0.015364 0.009023 0.000252
v 0.015358 0.009032 0.000252
v 0.015312 0.009023 0.000252
v 0.015311 0.009024 0.000252
v 0.015314 0.009023 0.000252
v 0.015308 0.009032 0.000252
v 0.015387 0.009032 0.000252
v 0.015384 0.009024 0.000252
v 0.015382 0.009023 0.000252
v 0.015364 0.009023 0.000252
v 0.015387 0.009032 0.000252
v 0.015382 0.009023 0.000252
v 0.015383 0.009023 0.000252
v 0.015382 0.009023 0.000252
v 0.015384 0.009024 0.000252
v 0.015364 0.009023 0.000252
v 0.015362 0.009023 0.000252
v 0.015361 0.009024 0.000252
v 0.015392 0.009034 0.000252
v 0.015393 0.009034 0.000252
v 0.015390 0.009034 0.000252
v 0.015358 0.009032 0.000252
v 0.015364 0.009023 0.000252
v 0.015361 0.009024 0.000252
v 0.015392 0.009034 0.000252
v 0.015392 0.009034 0.000225
v 0.015390 0.009034 0.000252
v 0.015390 0.009034 0.000252
v 0.015392 0.009034 0.000142
v 0.015390 0.009034 0.000142
v 0.015392 0.009034 0.000197
v 0.015392 0.009034 0.000170
v 0.015390 0.009034 0.000252
v 0.015392 0.009034 0.000142
v 0.015390 0.009034 0.000252
v 0.015390 0.009034 0.000252
v 0.015355 0.009034 0.000252
v 0.015355 0.009034 0.000142
v 0.015340 0.009034 0.000252
v 0.015340 0.009034 0.000252
v 0.015355 0.009034 0.000142
v 0.015340 0.009034 0.000142
v 0.015305 0.009034 0.000252
v 0.015305 0.009034 0.000142
v 0.015290 0.009034 0.000252
v 0.015290 0.009034 0.000252
v 0.015305 0.009034 0.000142
v 0.015290 0.009034 0.000142
v 0.015240 0.009034 0.000142
v 0.015240 0.009034 0.000252
v 0.015255 0.009034 0.000142
v 0.015255 0.009034 0.000142
v 0.015240 0.009034 0.000252
v 0.015255 0.009034 0.000252
v 0.015240 0.009041 0.000225
v 0.015240 0.009041 0.000252
v 0.015240 0.009034 0.000142
v 0.015240 0.009041 0.000252
v 0.015240 0.009034 0.000252
v 0.015240 0.009034 0.000142
v 0.015240 0.009041 0.000170
v 0.015240 0.009041 0.000197
v 0.015240 0.009034 0.000142
v 0.015240 0.009034 0.000142
v 0.015240 0.009041 0.000142
v 0.015240 0.009034 0.000142
v 0.015239 0.009042 0.000142
v 0.015393 0.009044 0.000140
v 0.015393 0.009042 0.000142
v 0.015239 0.009043 0.000141
v 0.015238 0.009044 0.000140
v 0.015393 0.009043 0.000141
v 0.015239 0.009043 0.000172
v 0.015239 0.009043 0.000179
v 0.015239 0.009043 0.000222
v 0.015239 0.009043 0.000216
v 0.015239 0.009043 0.000191
v 0.015239 0.009043 0.000203
v 0.015239 0.009043 0.000160
v 0.015240 0.009041 0.000142
v 0.015239 0.009043 0.000234
v 0.015239 0.009042 0.000252
v 0.015240 0.009041 0.000252
v 0.015240 0.009041 0.000142
v 0.015239 0.009042 0.000142
v 0.015240 0.009041 0.000252
v 0.015238 0.009044 0.000254
v 0.015239 0.009043 0.000253
v 0.015238 0.009044 0.000140
v 0.015239 0.009043 0.000141
v 0.015238 0.009044 0.000140
v 0.015239 0.009043 0.000141
v 0.015239 0.009042 0.000142
v 0.015238 0.009044 0.000254
v 0.015239 0.009043 0.000253
v 0.015238 0.009044 0.000254
v 0.015239 0.009043 0.000253
v 0.015239 0.009042 0.000252
v 0.015239 0.009042 0.000252
v 0.015393 0.009044 0.000254
v 0.015393 0.009042 0.000252
v 0.015239 0.009042 0.000252
v 0.015239 0.009042 0.000252
v 0.015393 0.009043 0.000253
v 0.015239 0.009042 0.000252
v 0.015394 0.009033 0.000228
v 0.015394 0.009033 0.000207
v 0.015392 0.009034 0.000252
v 0.015393 0.009034 0.000252
v 0.015394 0.009033 0.000188
v 0.015394 0.009033 0.000166
v 0.015394 0.009033 0.000200
v 0.015392 0.009034 0.000142
v 0.015394 0.009033 0.000142
v 0.015393 0.009034 0.000142
v 0.015392 0.009034 0.000142
v 0.015393 0.009034 0.000142
v 0.015393 0.009034 0.000252
v 0.015394 0.009033 0.000253
v 0.015392 0.009034 0.000252
v 0.015388 0.009034 0.000142
v 0.015388 0.009034 0.000142
v 0.015388 0.009034 0.000252
v 0.015388 0.009034 0.000252
v 0.015390 0.009034 0.000252
v 0.015390 0.009034 0.000142
v 0.015388 0.009034 0.000252
v 0.015390 0.009034 0.000142
v 0.015388 0.009034 0.000142
v 0.015357 0.009034 0.000252
v 0.015355 0.009034 0.000252
v 0.015357 0.009034 0.000142
v 0.015355 0.009034 0.000142
v 0.015357 0.009034 0.000142
v 0.015355 0.009034 0.000252
v 0.015357 0.009034 0.000252
v 0.015357 0.009034 0.000142
v 0.015357 0.009034 0.000252
v 0.015338 0.009034 0.000142
v 0.015338 0.009034 0.000142
v 0.015338 0.009034 0.000252
v 0.015338 0.009034 0.000252
v 0.015340 0.009034 0.000252
v 0.015340 0.009034 0.000142
v 0.015338 0.009034 0.000252
v 0.015340 0.009034 0.000142
v 0.015338 0.009034 0.000142
v 0.015307 0.009034 0.000252
v 0.015305 0.009034 0.000252
v 0.015307 0.009034 0.000142
v 0.015305 0.009034 0.000142
v 0.015307 0.009034 0.000142
v 0.015305 0.009034 0.000252
v 0.015307 0.009034 0.000252
v 0.015307 0.009034 0.000142
v 0.015307 0.009034 0.000252
v 0.015288 0.009034 0.000142
v 0.015288 0.009034 0.000142
v 0.015288 0.009034 0.000252
v 0.015288 0.009034 0.000252
v 0.015290 0.009034 0.000252
v 0.015290 0.009034 0.000142
v 0.015288 0.009034 0.000252
v 0.015290 0.009034 0.000142
v 0.015288 0.009034 0.000142
v 0.015257 0.009034 0.000252
v 0.015255 0.009034 0.000252
v 0.015257 0.009034 0.000142
v 0.015255 0.009034 0.000142
v 0.015257 0.009034 0.000142
v 0.015255 0.009034 0.000252
v 0.015257 0.009034 0.000252
v 0.015257 0.009034 0.000142
v 0.015257 0.009034 0.000252
v 0.014627 0.009023 0.000252
v 0.014627 0.009023 0.000142
v 0.014626 0.009023 0.000252
v 0.014626 0.009023 0.000142
v 0.014608 0.009023 0.000142
v 0.014608 0.009023 0.000252
v 0.014606 0.009023 0.000252
v 0.014606 0.009023 0.000142
v 0.014597 0.009041 0.000142
v 0.014649 0.009034 0.000142
v 0.014684 0.009034 0.000142
v 0.014597 0.009034 0.000142
v 0.014598 0.009034 0.000142
v 0.014601 0.009034 0.000142
v 0.014602 0.009032 0.000142
v 0.014632 0.009034 0.000142
v 0.014599 0.009034 0.000142
v 0.014602 0.009032 0.000142
v 0.014631 0.009032 0.000142
v 0.014608 0.009023 0.000142
v 0.014631 0.009032 0.000142
v 0.014602 0.009032 0.000142
v 0.014602 0.009032 0.000142
v 0.014605 0.009024 0.000142
v 0.014608 0.009023 0.000142
v 0.014631 0.009032 0.000142
v 0.014626 0.009023 0.000142
v 0.014628 0.009024 0.000142
v 0.014627 0.009023 0.000142
v 0.014628 0.009024 0.000142
v 0.014626 0.009023 0.000142
v 0.014651 0.009034 0.000142
v 0.014634 0.009034 0.000142
v 0.014682 0.009034 0.000142
v 0.014652 0.009032 0.000142
v 0.014681 0.009032 0.000142
v 0.014658 0.009023 0.000142
v 0.014681 0.009032 0.000142
v 0.014652 0.009032 0.000142
v 0.014658 0.009023 0.000142
v 0.014652 0.009032 0.000142
v 0.014655 0.009024 0.000142
v 0.014606 0.009023 0.000142
v 0.014608 0.009023 0.000142
v 0.014605 0.009024 0.000142
v 0.014631 0.009032 0.000142
v 0.014608 0.009023 0.000142
v 0.014626 0.009023 0.000142
v 0.014681 0.009032 0.000142
v 0.014658 0.009023 0.000142
v 0.014676 0.009023 0.000142
v 0.014681 0.009032 0.000142
v 0.014676 0.009023 0.000142
v 0.014678 0.009024 0.000142
v 0.014677 0.009023 0.000142
v 0.014678 0.009024 0.000142
v 0.014676 0.009023 0.000142
v 0.014652 0.009032 0.000142
v 0.014699 0.009034 0.000142
v 0.014734 0.009034 0.000142
v 0.014750 0.009041 0.000142
v 0.014701 0.009034 0.000142
v 0.014702 0.009032 0.000142
v 0.014731 0.009032 0.000142
v 0.014732 0.009034 0.000142
v 0.014708 0.009023 0.000142
v 0.014731 0.009032 0.000142
v 0.014702 0.009032 0.000142
v 0.014708 0.009023 0.000142
v 0.014702 0.009032 0.000142
v 0.014705 0.009024 0.000142
v 0.014656 0.009023 0.000142
v 0.014658 0.009023 0.000142
v 0.014655 0.009024 0.000142
v 0.014731 0.009032 0.000142
v 0.014726 0.009023 0.000142
v 0.014728 0.009024 0.000142
v 0.014708 0.009023 0.000142
v 0.014726 0.009023 0.000142
v 0.014731 0.009032 0.000142
v 0.014727 0.009023 0.000142
v 0.014728 0.009024 0.000142
v 0.014726 0.009023 0.000142
v 0.014702 0.009032 0.000142
v 0.014708 0.009023 0.000142
v 0.014705 0.009024 0.000142
v 0.014706 0.009023 0.000142
v 0.014750 0.009034 0.000142
v 0.014599 0.009034 0.000252
v 0.014597 0.009041 0.000252
v 0.014601 0.009034 0.000252
v 0.014598 0.009034 0.000252
v 0.014602 0.009032 0.000252
v 0.014631 0.009032 0.000252
v 0.014608 0.009023 0.000252
v 0.014632 0.009034 0.000252
v 0.014608 0.009023 0.000252
v 0.014605 0.009024 0.000252
v 0.014602 0.009032 0.000252
v 0.014631 0.009032 0.000252
v 0.014628 0.009024 0.000252
v 0.014626 0.009023 0.000252
v 0.014627 0.009023 0.000252
v 0.014626 0.009023 0.000252
v 0.014628 0.009024 0.000252
v 0.014634 0.009034 0.000252
v 0.014649 0.009034 0.000252
v 0.014684 0.009034 0.000252
v 0.014651 0.009034 0.000252
v 0.014682 0.009034 0.000252
v 0.014652 0.009032 0.000252
v 0.014681 0.009032 0.000252
v 0.014658 0.009023 0.000252
v 0.014652 0.009032 0.000252
v 0.014681 0.009032 0.000252
v 0.014608 0.009023 0.000252
v 0.014631 0.009032 0.000252
v 0.014626 0.009023 0.000252
v 0.014602 0.009032 0.000252
v 0.014602 0.009032 0.000252
v 0.014631 0.009032 0.000252
v 0.014658 0.009023 0.000252
v 0.014655 0.009024 0.000252
v 0.014652 0.009032 0.000252
v 0.014658 0.009023 0.000252
v 0.014681 0.009032 0.000252
v 0.014676 0.009023 0.000252
v 0.014677 0.009023 0.000252
v 0.014676 0.009023 0.000252
v 0.014678 0.009024 0.000252
v 0.014750 0.009041 0.000252
v 0.014699 0.009034 0.000252
v 0.014734 0.009034 0.000252
v 0.014701 0.009034 0.000252
v 0.014702 0.009032 0.000252
v 0.014732 0.009034 0.000252
v 0.014731 0.009032 0.000252
v 0.014708 0.009023 0.000252
v 0.014702 0.009032 0.000252
v 0.014731 0.009032 0.000252
v 0.014708 0.009023 0.000252
v 0.014705 0.009024 0.000252
v 0.014702 0.009032 0.000252
v 0.014676 0.009023 0.000252
v 0.014681 0.009032 0.000252
v 0.014678 0.009024 0.000252
v 0.014652 0.009032 0.000252
v 0.014658 0.009023 0.000252
v 0.014656 0.009023 0.000252
v 0.014655 0.009024 0.000252
v 0.014708 0.009023 0.000252
v 0.014731 0.009032 0.000252
v 0.014726 0.009023 0.000252
v 0.014728 0.009024 0.000252
v 0.014726 0.009023 0.000252
v 0.014731 0.009032 0.000252
v 0.014728 0.009024 0.000252
v 0.014727 0.009023 0.000252
v 0.014726 0.009023 0.000252
v 0.014750 0.009034 0.000252
v 0.014597 0.009034 0.000252
v 0.014605 0.009024 0.000252
v 0.014608 0.009023 0.000252
v 0.014606 0.009023 0.000252
v 0.014702 0.009032 0.000252
v 0.014708 0.009023 0.000252
v 0.014706 0.009023 0.000252
v 0.014705 0.009024 0.000252
v 0.014598 0.009034 0.000142
v 0.014598 0.009034 0.000170
v 0.014599 0.009034 0.000142
v 0.014599 0.009034 0.000142
v 0.014598 0.009034 0.000252
v 0.014599 0.009034 0.000252
v 0.014598 0.009034 0.000197
v 0.014598 0.009034 0.000225
v 0.014599 0.009034 0.000142
v 0.014599 0.009034 0.000142
v 0.014598 0.009034 0.000252
v 0.014599 0.009034 0.000142
v 0.014649 0.009034 0.000252
v 0.014649 0.009034 0.000142
v 0.014634 0.009034 0.000252
v 0.014634 0.009034 0.000252
v 0.014649 0.009034 0.000142
v 0.014634 0.009034 0.000142
v 0.014750 0.009041 0.000170
v 0.014750 0.009041 0.000142
v 0.014750 0.009034 0.000252
v 0.014750 0.009041 0.000142
v 0.014750 0.009034 0.000142
v 0.014750 0.009034 0.000252
v 0.014750 0.009041 0.000225
v 0.014750 0.009041 0.000197
v 0.014750 0.009034 0.000252
v 0.014750 0.009041 0.000252
v 0.014750 0.009034 0.000252
v 0.014750 0.009034 0.000252
v 0.014750 0.009034 0.000252
v 0.014750 0.009034 0.000142
v 0.014734 0.009034 0.000252
v 0.014734 0.009034 0.000252
v 0.014750 0.009034 0.000142
v 0.014734 0.009034 0.000142
v 0.014699 0.009034 0.000252
v 0.014699 0.009034 0.000142
v 0.014684 0.009034 0.000252
v 0.014684 0.009034 0.000252
v 0.014699 0.009034 0.000142
v 0.014684 0.009034 0.000142
v 0.014751 0.009044 0.000140
v 0.014750 0.009043 0.000141
v 0.014750 0.009042 0.000142
v 0.014597 0.009044 0.000140
v 0.014597 0.009042 0.000142
v 0.014597 0.009043 0.000141
v 0.014750 0.009043 0.000222
v 0.014750 0.009043 0.000216
v 0.014750 0.009043 0.000172
v 0.014750 0.009043 0.000179
v 0.014750 0.009043 0.000191
v 0.014750 0.009043 0.000203
v 0.014750 0.009043 0.000160
v 0.014750 0.009042 0.000142
v 0.014750 0.009041 0.000142
v 0.014750 0.009043 0.000234
v 0.014750 0.009041 0.000252
v 0.014750 0.009041 0.000142
v 0.014750 0.009041 0.000252
v 0.014750 0.009042 0.000252
v 0.014750 0.009043 0.000253
v 0.014751 0.009044 0.000254
v 0.014750 0.009043 0.000141
v 0.014751 0.009044 0.000140
v 0.014750 0.009042 0.000142
v 0.014750 0.009043 0.000141
v 0.014751 0.009044 0.000140
v 0.014750 0.009042 0.000252
v 0.014597 0.009044 0.000254
v 0.014750 0.009042 0.000252
v 0.014597 0.009042 0.000252
v 0.014750 0.009043 0.000253
v 0.014751 0.009044 0.000254
v 0.014751 0.009044 0.000254
v 0.014750 0.009043 0.000253
v 0.014750 0.009042 0.000252
v 0.014750 0.009042 0.000252
v 0.014597 0.009043 0.000253
v 0.014750 0.009042 0.000252
v 0.014595 0.009033 0.000207
v 0.014595 0.009033 0.000228
v 0.014595 0.009033 0.000166
v 0.014595 0.009033 0.000188
v 0.014598 0.009034 0.000142
v 0.014597 0.009034 0.000142
v 0.014595 0.009033 0.000200
v 0.014598 0.009034 0.000252
v 0.014595 0.009033 0.000253
v 0.014597 0.009034 0.000252
v 0.014598 0.009034 0.000252
v 0.014597 0.009034 0.000252
v 0.014597 0.009034 0.000142
v 0.014595 0.009033 0.000142
v 0.014598 0.009034 0.000142
v 0.014732 0.009034 0.000142
v 0.014732 0.009034 0.000142
v 0.014732 0.009034 0.000252
v 0.014732 0.009034 0.000252
v 0.014734 0.009034 0.000252
v 0.014734 0.009034 0.000142
v 0.014732 0.009034 0.000252
v 0.014734 0.009034 0.000142
v 0.014732 0.009034 0.000142
v 0.014701 0.009034 0.000252
v 0.014699 0.009034 0.000252
v 0.014701 0.009034 0.000142
v 0.014699 0.009034 0.000142
v 0.014701 0.009034 0.000142
v 0.014699 0.009034 0.000252
v 0.014701 0.009034 0.000252
v 0.014701 0.009034 0.000142
v 0.014701 0.009034 0.000252
v 0.014682 0.009034 0.000142
v 0.014682 0.009034 0.000142
v 0.014682 0.009034 0.000252
v 0.014682 0.009034 0.000252
v 0.014684 0.009034 0.000252
v 0.014684 0.009034 0.000142
v 0.014682 0.009034 0.000252
v 0.014684 0.009034 0.000142
v 0.014682 0.009034 0.000142
v 0.014651 0.009034 0.000252
v 0.014649 0.009034 0.000252
v 0.014651 0.009034 0.000142
v 0.014649 0.009034 0.000142
v 0.014651 0.009034 0.000142
v 0.014649 0.009034 0.000252
v 0.014651 0.009034 0.000252
v 0.014651 0.009034 0.000142
v 0.014651 0.009034 0.000252
v 0.014632 0.009034 0.000142
v 0.014632 0.009034 0.000142
v 0.014632 0.009034 0.000252
v 0.014632 0.009034 0.000252
v 0.014634 0.009034 0.000252
v 0.014634 0.009034 0.000142
v 0.014632 0.009034 0.000252
v 0.014634 0.009034 0.000142
v 0.014632 0.009034 0.000142
v 0.014601 0.009034 0.000252
v 0.014599 0.009034 0.000252
v 0.014601 0.009034 0.000142
v 0.014599 0.009034 0.000142
v 0.014601 0.009034 0.000142
v 0.014599 0.009034 0.000252
v 0.014601 0.009034 0.000252
v 0.014601 0.009034 0.000142
v 0.014601 0.009034 0.000252
v 0.015394 0.009014 0.000337
v 0.015394 0.009039 0.000337
v 0.015393 0.009014 0.000342
v 0.015393 0.009014 0.000342
v 0.015393 0.009039 0.000342
v 0.015390 0.009014 0.000346
v 0.015390 0.009014 0.000346
v 0.015390 0.009039 0.000346
v 0.015387 0.009014 0.000350
v 0.015387 0.009039 0.000350
v 0.015384 0.009014 0.000353
v 0.015387 0.009014 0.000350
v 0.015379 0.009014 0.000355
v 0.015384 0.009014 0.000353
v 0.015384 0.009039 0.000353
v 0.015379 0.009039 0.000355
v 0.015379 0.009014 0.000355
v 0.015394 0.009014 0.000337
v 0.015395 0.009014 0.000332
v 0.015374 0.009039 0.000357
v 0.015370 0.009014 0.000357
v 0.015374 0.009014 0.000357
v 0.015370 0.009014 0.000357
v 0.015374 0.009014 0.000357
v 0.015374 0.009014 0.000357
v 0.015379 0.009014 0.000355
v 0.015384 0.009014 0.000353
v 0.015390 0.009014 0.000346
v 0.015387 0.009014 0.000350
v 0.015395 0.009014 0.000332
v 0.015393 0.009014 0.000342
v 0.014615 0.009014 0.000357
v 0.014615 0.009039 0.000357
v 0.014610 0.009014 0.000355
v 0.014610 0.009014 0.000355
v 0.014610 0.009039 0.000355
v 0.014606 0.009014 0.000353
v 0.014606 0.009014 0.000353
v 0.014606 0.009039 0.000353
v 0.014602 0.009014 0.000350
v 0.014602 0.009039 0.000350
v 0.014599 0.009014 0.000346
v 0.014602 0.009014 0.000350
v 0.014597 0.009014 0.000342
v 0.014599 0.009014 0.000346
v 0.014599 0.009039 0.000346
v 0.014597 0.009039 0.000342
v 0.014597 0.009014 0.000342
v 0.014595 0.009014 0.000332
v 0.014595 0.009039 0.000337
v 0.014595 0.009014 0.000332
v 0.014595 0.009014 0.000337
v 0.014595 0.009014 0.000337
v 0.014595 0.009014 0.000337
v 0.014597 0.009014 0.000342
v 0.014599 0.009014 0.000346
v 0.014620 0.009014 0.000357
v 0.014615 0.009014 0.000357
v 0.014620 0.009014 0.000357
v 0.014610 0.009014 0.000355
v 0.014602 0.009014 0.000350
v 0.014606 0.009014 0.000353
v 0.014595 0.009014 0.000057
v 0.014595 0.009014 0.000062
v 0.014595 0.009039 0.000057
v 0.014597 0.009014 0.000053
v 0.014595 0.009014 0.000057
v 0.014599 0.009014 0.000048
v 0.014597 0.009014 0.000053
v 0.014597 0.009039 0.000053
v 0.014599 0.009039 0.000048
v 0.014599 0.009014 0.000048
v 0.014602 0.009039 0.000044
v 0.014602 0.009014 0.000044
v 0.014606 0.009014 0.000041
v 0.014602 0.009014 0.000044
v 0.014606 0.009039 0.000041
v 0.014610 0.009014 0.000039
v 0.014606 0.009014 0.000041
v 0.014620 0.009014 0.000037
v 0.014615 0.009039 0.000038
v 0.014620 0.009014 0.000037
v 0.014615 0.009014 0.000038
v 0.014610 0.009039 0.000039
v 0.014615 0.009014 0.000038
v 0.014610 0.009014 0.000039
v 0.014615 0.009014 0.000038
v 0.014610 0.009014 0.000039
v 0.014606 0.009014 0.000041
v 0.014599 0.009014 0.000048
v 0.014602 0.009014 0.000044
v 0.014595 0.009014 0.000062
v 0.014597 0.009014 0.000053
v 0.014674 0.008944 0.000132
v 0.014674 0.008926 0.000132
v 0.014673 0.008928 0.000128
v 0.014673 0.008944 0.000128
v 0.014670 0.008930 0.000123
v 0.014670 0.008944 0.000123
v 0.014673 0.008944 0.000128
v 0.014667 0.008944 0.000119
v 0.014670 0.008944 0.000123
v 0.014667 0.008931 0.000119
v 0.014664 0.008944 0.000116
v 0.014667 0.008944 0.000119
v 0.014664 0.008933 0.000116
v 0.014659 0.008934 0.000114
v 0.014664 0.008944 0.000116
v 0.014654 0.008934 0.000113
v 0.014659 0.008944 0.000114
v 0.014674 0.008944 0.000132
v 0.014675 0.008944 0.000137
v 0.014659 0.008944 0.000114
v 0.014654 0.008944 0.000113
v 0.014654 0.008944 0.000113
v 0.014664 0.008944 0.000116
v 0.014659 0.008944 0.000114
v 0.014667 0.008944 0.000119
v 0.014670 0.008944 0.000123
v 0.014673 0.008944 0.000128
v 0.014674 0.008944 0.000132
v 0.014650 0.008944 0.000112
v 0.014654 0.008944 0.000113
v 0.014675 0.008944 0.000137
v 0.014615 0.008944 0.000113
v 0.014615 0.008934 0.000113
v 0.014610 0.008944 0.000114
v 0.014610 0.008944 0.000114
v 0.014610 0.008934 0.000114
v 0.014606 0.008944 0.000116
v 0.014606 0.008933 0.000116
v 0.014602 0.008944 0.000119
v 0.014606 0.008944 0.000116
v 0.014599 0.008944 0.000123
v 0.014602 0.008944 0.000119
v 0.014602 0.008931 0.000119
v 0.014599 0.008930 0.000123
v 0.014599 0.008944 0.000123
v 0.014597 0.008944 0.000128
v 0.014599 0.008944 0.000123
v 0.014595 0.008944 0.000137
v 0.014595 0.008926 0.000132
v 0.014595 0.008944 0.000137
v 0.014595 0.008944 0.000132
v 0.014597 0.008944 0.000128
v 0.014597 0.008928 0.000128
v 0.014595 0.008944 0.000132
v 0.014597 0.008944 0.000128
v 0.014615 0.008944 0.000113
v 0.014595 0.008944 0.000132
v 0.014615 0.008944 0.000113
v 0.014620 0.008944 0.000112
v 0.014606 0.008944 0.000116
v 0.014610 0.008944 0.000114
v 0.014602 0.008944 0.000119
v 0.014595 0.008944 0.000262
v 0.014595 0.008944 0.000257
v 0.014595 0.008926 0.000262
v 0.014597 0.008928 0.000267
v 0.014595 0.008944 0.000262
v 0.014599 0.008930 0.000271
v 0.014597 0.008944 0.000267
v 0.014599 0.008944 0.000271
v 0.014597 0.008944 0.000267
v 0.014602 0.008931 0.000275
v 0.014602 0.008944 0.000275
v 0.014599 0.008944 0.000271
v 0.014606 0.008933 0.000278
v 0.014606 0.008944 0.000278
v 0.014602 0.008944 0.000275
v 0.014610 0.008934 0.000280
v 0.014606 0.008944 0.000278
v 0.014615 0.008944 0.000282
v 0.014615 0.008944 0.000282
v 0.014615 0.008934 0.000282
v 0.014615 0.008944 0.000282
v 0.014610 0.008944 0.000280
v 0.014610 0.008944 0.000280
v 0.014610 0.008944 0.000280
v 0.014606 0.008944 0.000278
v 0.014602 0.008944 0.000275
v 0.014599 0.008944 0.000271
v 0.014595 0.008944 0.000257
v 0.014597 0.008944 0.000267
v 0.014595 0.008944 0.000262
v 0.014654 0.008944 0.000282
v 0.014654 0.008934 0.000282
v 0.014659 0.008944 0.000280
v 0.014659 0.008944 0.000280
v 0.014659 0.008934 0.000280
v 0.014664 0.008944 0.000278
v 0.014664 0.008933 0.000278
v 0.014667 0.008944 0.000275
v 0.014664 0.008944 0.000278
v 0.014670 0.008944 0.000271
v 0.014667 0.008944 0.000275
v 0.014667 0.008931 0.000275
v 0.014670 0.008930 0.000271
v 0.014670 0.008944 0.000271
v 0.014673 0.008944 0.000267
v 0.014670 0.008944 0.000271
v 0.014674 0.008926 0.000262
v 0.014674 0.008944 0.000262
v 0.014673 0.008928 0.000267
v 0.014654 0.008944 0.000282
v 0.014675 0.008944 0.000257
v 0.014675 0.008944 0.000257
v 0.014674 0.008944 0.000262
v 0.014667 0.008944 0.000275
v 0.014673 0.008944 0.000267
v 0.014659 0.008944 0.000280
v 0.014664 0.008944 0.000278
v 0.014673 0.008944 0.000267
v 0.014674 0.008944 0.000262
v 0.014654 0.008944 0.000282
v 0.014743 0.008944 0.000275
v 0.014743 0.008931 0.000275
v 0.014748 0.008933 0.000279
v 0.014748 0.008944 0.000279
v 0.014754 0.008934 0.000281
v 0.014754 0.008944 0.000281
v 0.014748 0.008944 0.000279
v 0.014743 0.008944 0.000275
v 0.014739 0.008944 0.000270
v 0.014754 0.008944 0.000281
v 0.014754 0.008944 0.000281
v 0.014761 0.008944 0.000282
v 0.014748 0.008944 0.000279
v 0.014743 0.008944 0.000275
v 0.014739 0.008944 0.000270
v 0.014754 0.008944 0.000113
v 0.014754 0.008934 0.000113
v 0.014748 0.008944 0.000116
v 0.014748 0.008944 0.000116
v 0.014748 0.008933 0.000116
v 0.014743 0.008944 0.000119
v 0.014743 0.008931 0.000119
v 0.014754 0.008944 0.000113
v 0.014754 0.008944 0.000113
v 0.014761 0.008944 0.000112
v 0.014739 0.008944 0.000125
v 0.014743 0.008944 0.000119
v 0.014748 0.008944 0.000116
v 0.014739 0.008944 0.000125
v 0.014743 0.008944 0.000119
v 0.015246 0.008944 0.000119
v 0.015246 0.008931 0.000119
v 0.015241 0.008933 0.000116
v 0.015241 0.008944 0.000116
v 0.015235 0.008934 0.000113
v 0.015235 0.008944 0.000113
v 0.015241 0.008944 0.000116
v 0.015246 0.008944 0.000119
v 0.015250 0.008944 0.000125
v 0.015229 0.008944 0.000112
v 0.015235 0.008944 0.000113
v 0.015235 0.008944 0.000113
v 0.015250 0.008944 0.000125
v 0.015241 0.008944 0.000116
v 0.015246 0.008944 0.000119
v 0.015235 0.008944 0.000281
v 0.015235 0.008934 0.000281
v 0.015241 0.008944 0.000279
v 0.015241 0.008944 0.000279
v 0.015241 0.008933 0.000279
v 0.015246 0.008944 0.000275
v 0.015246 0.008931 0.000275
v 0.015235 0.008944 0.000281
v 0.015229 0.008944 0.000282
v 0.015241 0.008944 0.000279
v 0.015246 0.008944 0.000275
v 0.015250 0.008944 0.000270
v 0.015246 0.008944 0.000275
v 0.015235 0.008944 0.000281
v 0.015250 0.008944 0.000270
v 0.015315 0.008944 0.000262
v 0.015315 0.008944 0.000257
v 0.015315 0.008926 0.000262
v 0.015317 0.008928 0.000267
v 0.015315 0.008944 0.000262
v 0.015319 0.008930 0.000271
v 0.015317 0.008944 0.000267
v 0.015319 0.008944 0.000271
v 0.015317 0.008944 0.000267
v 0.015322 0.008931 0.000275
v 0.015322 0.008944 0.000275
v 0.015319 0.008944 0.000271
v 0.015326 0.008933 0.000278
v 0.015326 0.008944 0.000278
v 0.015322 0.008944 0.000275
v 0.015330 0.008934 0.000280
v 0.015326 0.008944 0.000278
v 0.015335 0.008944 0.000282
v 0.015335 0.008944 0.000282
v 0.015335 0.008934 0.000282
v 0.015335 0.008944 0.000282
v 0.015330 0.008944 0.000280
v 0.015330 0.008944 0.000280
v 0.015330 0.008944 0.000280
v 0.015326 0.008944 0.000278
v 0.015322 0.008944 0.000275
v 0.015319 0.008944 0.000271
v 0.015315 0.008944 0.000257
v 0.015317 0.008944 0.000267
v 0.015315 0.008944 0.000262
v 0.015374 0.008944 0.000282
v 0.015374 0.008934 0.000282
v 0.015379 0.008944 0.000280
v 0.015379 0.008944 0.000280
v 0.015379 0.008934 0.000280
v 0.015384 0.008944 0.000278
v 0.015384 0.008933 0.000278
v 0.015387 0.008944 0.000275
v 0.015384 0.008944 0.000278
v 0.015390 0.008944 0.000271
v 0.015387 0.008944 0.000275
v 0.015387 0.008931 0.000275
v 0.015390 0.008930 0.000271
v 0.015390 0.008944 0.000271
v 0.015393 0.008944 0.000267
v 0.015390 0.008944 0.000271
v 0.015394 0.008926 0.000262
v 0.015394 0.008944 0.000262
v 0.015393 0.008928 0.000267
v 0.015374 0.008944 0.000282
v 0.015395 0.008944 0.000257
v 0.015395 0.008944 0.000257
v 0.015394 0.008944 0.000262
v 0.015387 0.008944 0.000275
v 0.015393 0.008944 0.000267
v 0.015379 0.008944 0.000280
v 0.015384 0.008944 0.000278
v 0.015393 0.008944 0.000267
v 0.015394 0.008944 0.000262
v 0.015374 0.008944 0.000282
v 0.015394 0.008944 0.000132
v 0.015394 0.008926 0.000132
v 0.015393 0.008928 0.000128
v 0.015393 0.008944 0.000128
v 0.015390 0.008930 0.000123
v 0.015390 0.008944 0.000123
v 0.015393 0.008944 0.000128
v 0.015387 0.008944 0.000119
v 0.015390 0.008944 0.000123
v 0.015387 0.008931 0.000119
v 0.015384 0.008944 0.000116
v 0.015387 0.008944 0.000119
v 0.015384 0.008933 0.000116
v 0.015379 0.008934 0.000114
v 0.015384 0.008944 0.000116
v 0.015374 0.008934 0.000113
v 0.015379 0.008944 0.000114
v 0.015394 0.008944 0.000132
v 0.015395 0.008944 0.000137
v 0.015379 0.008944 0.000114
v 0.015374 0.008944 0.000113
v 0.015374 0.008944 0.000113
v 0.015384 0.008944 0.000116
v 0.015379 0.008944 0.000114
v 0.015387 0.008944 0.000119
v 0.015390 0.008944 0.000123
v 0.015393 0.008944 0.000128
v 0.015394 0.008944 0.000132
v 0.015370 0.008944 0.000112
v 0.015374 0.008944 0.000113
v 0.015395 0.008944 0.000137
v 0.015335 0.008944 0.000113
v 0.015335 0.008934 0.000113
v 0.015330 0.008944 0.000114
v 0.015330 0.008944 0.000114
v 0.015330 0.008934 0.000114
v 0.015326 0.008944 0.000116
v 0.015326 0.008933 0.000116
v 0.015322 0.008944 0.000119
v 0.015326 0.008944 0.000116
v 0.015319 0.008944 0.000123
v 0.015322 0.008944 0.000119
v 0.015322 0.008931 0.000119
v 0.015319 0.008930 0.000123
v 0.015319 0.008944 0.000123
v 0.015317 0.008944 0.000128
v 0.015319 0.008944 0.000123
v 0.015315 0.008944 0.000137
v 0.015315 0.008926 0.000132
v 0.015315 0.008944 0.000137
v 0.015315 0.008944 0.000132
v 0.015317 0.008944 0.000128
v 0.015317 0.008928 0.000128
v 0.015315 0.008944 0.000132
v 0.015317 0.008944 0.000128
v 0.015335 0.008944 0.000113
v 0.015315 0.008944 0.000132
v 0.015335 0.008944 0.000113
v 0.015340 0.008944 0.000112
v 0.015326 0.008944 0.000116
v 0.015330 0.008944 0.000114
v 0.015322 0.008944 0.000119
v 0.015374 0.009014 0.000038
v 0.015374 0.009039 0.000038
v 0.015379 0.009014 0.000039
v 0.015379 0.009014 0.000039
v 0.015379 0.009039 0.000039
v 0.015384 0.009014 0.000041
v 0.015384 0.009014 0.000041
v 0.015384 0.009039 0.000041
v 0.015387 0.009014 0.000044
v 0.015387 0.009039 0.000044
v 0.015390 0.009014 0.000048
v 0.015387 0.009014 0.000044
v 0.015393 0.009014 0.000053
v 0.015390 0.009014 0.000048
v 0.015390 0.009039 0.000048
v 0.015393 0.009039 0.000053
v 0.015393 0.009014 0.000053
v 0.015374 0.009014 0.000038
v 0.015370 0.009014 0.000037
v 0.015394 0.009039 0.000057
v 0.015395 0.009014 0.000062
v 0.015394 0.009014 0.000057
v 0.015395 0.009014 0.000062
v 0.015394 0.009014 0.000057
v 0.015394 0.009014 0.000057
v 0.015393 0.009014 0.000053
v 0.015390 0.009014 0.000048
v 0.015384 0.009014 0.000041
v 0.015387 0.009014 0.000044
v 0.015370 0.009014 0.000037
v 0.015379 0.009014 0.000039
v 0.014678 0.008999 0.000226
v 0.014676 0.008998 0.000226
v 0.014678 0.008999 0.000169
v 0.014676 0.008998 0.000226
v 0.014675 0.008996 0.000226
v 0.014676 0.008998 0.000169
v 0.014675 0.008996 0.000226
v 0.014675 0.008996 0.000169
v 0.014676 0.008998 0.000169
v 0.014678 0.008999 0.000226
v 0.014678 0.008999 0.000169
v 0.014680 0.008999 0.000226
v 0.014675 0.008996 0.000169
v 0.014675 0.008994 0.000226
v 0.014675 0.008994 0.000169
v 0.014675 0.008996 0.000226
v 0.014675 0.008994 0.000226
v 0.014675 0.008996 0.000169
v 0.014678 0.008999 0.000169
v 0.014680 0.008999 0.000169
v 0.014680 0.008999 0.000226
v 0.014676 0.008998 0.000226
v 0.014676 0.008998 0.000169
v 0.014678 0.008999 0.000169
v 0.015312 0.008999 0.000169
v 0.015312 0.008999 0.000226
v 0.015310 0.008999 0.000169
v 0.015313 0.008998 0.000169
v 0.015312 0.008999 0.000226
v 0.015312 0.008999 0.000169
v 0.015314 0.008996 0.000169
v 0.015313 0.008998 0.000226
v 0.015313 0.008998 0.000169
v 0.015314 0.008996 0.000226
v 0.015313 0.008998 0.000226
v 0.015314 0.008996 0.000169
v 0.015315 0.008994 0.000169
v 0.015315 0.008994 0.000226
v 0.015314 0.008996 0.000226
v 0.015315 0.008994 0.000169
v 0.015314 0.008996 0.000226
v 0.015314 0.008996 0.000169
v 0.015312 0.008999 0.000226
v 0.015313 0.008998 0.000169
v 0.015313 0.008998 0.000226
v 0.015310 0.008999 0.000169
v 0.015312 0.008999 0.000226
v 0.015310 0.008999 0.000226
v 0.015393 0.009041 0.000122
v 0.015393 0.009042 0.000122
v 0.015393 0.009041 0.000122
v 0.014597 0.009041 0.000122
v 0.014597 0.009042 0.000122
v 0.014597 0.009041 0.000122
v 0.015393 0.009042 0.000272
v 0.014597 0.009041 0.000273
v 0.015393 0.009041 0.000273
v 0.014597 0.009041 0.000272
v 0.015393 0.009041 0.000272
v 0.014597 0.009042 0.000272
v 0.014597 0.009044 0.000272
v 0.014597 0.009044 0.000272
v 0.014597 0.009044 0.000272
v 0.015393 0.009044 0.000272
v 0.015393 0.009044 0.000272
v 0.015393 0.009044 0.000272
v 0.014597 0.009044 0.000123
v 0.014597 0.009044 0.000122
v 0.014597 0.009044 0.000122
v 0.015393 0.009044 0.000122
v 0.015393 0.009044 0.000122
v 0.015393 0.009044 0.000123
v 0.014596 0.009041 0.000252
v 0.014595 0.009033 0.000253
v 0.014595 0.009041 0.000253
v 0.014595 0.009033 0.000253
v 0.014595 0.009041 0.000253
v 0.014595 0.009033 0.000253
v 0.014595 0.009033 0.000253
v 0.014595 0.009043 0.000254
v 0.014595 0.009044 0.000255
v 0.014596 0.009044 0.000254
v 0.014595 0.009043 0.000255
v 0.014596 0.009044 0.000255
v 0.014596 0.009044 0.000271
v 0.014595 0.009044 0.000271
v 0.014595 0.009043 0.000271
v 0.014595 0.009043 0.000271
v 0.014595 0.009043 0.000272
v 0.014596 0.009043 0.000272
v 0.014596 0.009042 0.000272
v 0.014595 0.009042 0.000272
v 0.014595 0.009042 0.000271
v 0.014596 0.009041 0.000273
v 0.014595 0.009041 0.000273
v 0.014595 0.009040 0.000273
v 0.014596 0.009041 0.000332
v 0.014595 0.009041 0.000332
v 0.014595 0.009040 0.000332
v 0.014605 0.009041 0.000352
v 0.014609 0.009040 0.000354
v 0.014601 0.009040 0.000348
v 0.014614 0.009041 0.000356
v 0.014620 0.009041 0.000357
v 0.014620 0.009041 0.000356
v 0.014596 0.009040 0.000338
v 0.014598 0.009040 0.000344
v 0.014620 0.009040 0.000357
v 0.015370 0.009041 0.000356
v 0.015370 0.009041 0.000357
v 0.015370 0.009040 0.000357
v 0.015393 0.009041 0.000337
v 0.015394 0.009041 0.000332
v 0.015393 0.009041 0.000332
v 0.015392 0.009040 0.000343
v 0.015385 0.009041 0.000351
v 0.015389 0.009040 0.000348
v 0.015378 0.009040 0.000356
v 0.015394 0.009040 0.000332
v 0.015393 0.009041 0.000273
v 0.015394 0.009041 0.000273
v 0.015394 0.009040 0.000273
v 0.015394 0.009042 0.000271
v 0.015394 0.009042 0.000272
v 0.015393 0.009042 0.000272
v 0.015393 0.009043 0.000272
v 0.015394 0.009043 0.000272
v 0.015394 0.009043 0.000271
v 0.015393 0.009044 0.000271
v 0.015394 0.009044 0.000271
v 0.015394 0.009043 0.000271
v 0.015393 0.009044 0.000255
v 0.015394 0.009044 0.000255
v 0.015394 0.009043 0.000255
v 0.015394 0.009042 0.000253
v 0.015394 0.009041 0.000253
v 0.015394 0.009043 0.000253
v 0.015394 0.009041 0.000253
v 0.015393 0.009041 0.000252
v 0.015394 0.009033 0.000253
v 0.015394 0.009033 0.000253
v 0.015394 0.009033 0.000253
v 0.015394 0.009033 0.000253
v 0.014595 0.009041 0.000141
v 0.014595 0.009033 0.000142
v 0.014595 0.009041 0.000142
v 0.014595 0.009033 0.000142
v 0.014596 0.009041 0.000142
v 0.014595 0.009033 0.000142
v 0.014595 0.009033 0.000142
v 0.014595 0.009042 0.000141
v 0.014596 0.009043 0.000142
v 0.014595 0.009043 0.000139
v 0.014595 0.009044 0.000139
v 0.014596 0.009044 0.000139
v 0.014595 0.009043 0.000124
v 0.014595 0.009044 0.000123
v 0.014596 0.009044 0.000123
v 0.014595 0.009043 0.000123
v 0.014595 0.009043 0.000123
v 0.014596 0.009043 0.000122
v 0.014595 0.009042 0.000123
v 0.014595 0.009042 0.000123
v 0.014596 0.009042 0.000122
v 0.014595 0.009040 0.000121
v 0.014595 0.009041 0.000121
v 0.014596 0.009041 0.000121
v 0.014595 0.009040 0.000062
v 0.014595 0.009041 0.000062
v 0.014596 0.009041 0.000062
v 0.014614 0.009040 0.000038
v 0.014608 0.009040 0.000041
v 0.014598 0.009040 0.000051
v 0.014596 0.009040 0.000056
v 0.014603 0.009040 0.000044
v 0.014620 0.009040 0.000037
v 0.014620 0.009041 0.000038
v 0.014620 0.009041 0.000038
v 0.015370 0.009040 0.000037
v 0.015370 0.009041 0.000038
v 0.015370 0.009041 0.000038
v 0.015390 0.009041 0.000050
v 0.015388 0.009040 0.000046
v 0.015393 0.009040 0.000054
v 0.015384 0.009041 0.000043
v 0.015381 0.009040 0.000040
v 0.015375 0.009041 0.000039
v 0.015393 0.009041 0.000062
v 0.015394 0.009040 0.000062
v 0.015394 0.009041 0.000062
v 0.015394 0.009040 0.000121
v 0.015394 0.009041 0.000121
v 0.015393 0.009041 0.000121
v 0.015394 0.009042 0.000123
v 0.015394 0.009042 0.000123
v 0.015393 0.009042 0.000122
v 0.015394 0.009043 0.000123
v 0.015394 0.009043 0.000123
v 0.015393 0.009043 0.000122
v 0.015394 0.009043 0.000124
v 0.015394 0.009044 0.000123
v 0.015393 0.009044 0.000123
v 0.015394 0.009043 0.000139
v 0.015394 0.009044 0.000139
v 0.015393 0.009044 0.000139
v 0.015394 0.009043 0.000140
v 0.015394 0.009044 0.000141
v 0.015394 0.009041 0.000141
v 0.015394 0.009041 0.000142
v 0.015393 0.009041 0.000142
v 0.015394 0.009033 0.000142
v 0.015394 0.009033 0.000142
v 0.015394 0.009033 0.000142
v 0.015394 0.009033 0.000142
v 0.015025 0.008978 0.000205
v 0.015026 0.008964 0.000197
v 0.015024 0.008964 0.000206
v 0.015020 0.008964 0.000214
v 0.015022 0.009005 0.000211
v 0.015018 0.009005 0.000217
v 0.015020 0.009044 0.000214
v 0.015023 0.009044 0.000209
v 0.015014 0.008964 0.000221
v 0.015013 0.009007 0.000222
v 0.015017 0.009044 0.000219
v 0.015020 0.009044 0.000214
v 0.015012 0.009044 0.000223
v 0.015017 0.009044 0.000219
v 0.014965 0.008978 0.000205
v 0.014969 0.008964 0.000214
v 0.014965 0.008964 0.000206
v 0.014964 0.008964 0.000197
v 0.014967 0.009005 0.000211
v 0.014969 0.009044 0.000214
v 0.014971 0.009005 0.000217
v 0.014973 0.009044 0.000219
v 0.014976 0.009007 0.000222
v 0.014975 0.008964 0.000221
v 0.014977 0.009044 0.000223
v 0.015025 0.008978 0.000189
v 0.015020 0.008964 0.000180
v 0.015024 0.008964 0.000188
v 0.015022 0.009005 0.000183
v 0.015020 0.009044 0.000180
v 0.015018 0.009005 0.000177
v 0.015017 0.009044 0.000175
v 0.015013 0.009007 0.000172
v 0.015014 0.008964 0.000173
v 0.015012 0.009044 0.000171
v 0.014965 0.008978 0.000189
v 0.014965 0.008964 0.000188
v 0.014969 0.008964 0.000180
v 0.014967 0.009005 0.000183
v 0.014971 0.009005 0.000177
v 0.014969 0.009044 0.000180
v 0.014966 0.009044 0.000185
v 0.014975 0.008964 0.000173
v 0.014976 0.009007 0.000172
v 0.014973 0.009044 0.000175
v 0.014969 0.009044 0.000180
v 0.014977 0.009044 0.000171
v 0.014973 0.009044 0.000175
v 0.015025 0.009044 0.000191
v 0.015026 0.009044 0.000197
v 0.015025 0.009044 0.000191
v 0.015025 0.009044 0.000191
v 0.015023 0.009044 0.000185
v 0.015012 0.009044 0.000171
v 0.015006 0.009044 0.000169
v 0.015006 0.009044 0.000169
v 0.015001 0.009014 0.000167
v 0.015001 0.009044 0.000167
v 0.015001 0.009014 0.000167
v 0.015006 0.009044 0.000169
v 0.014995 0.009014 0.000166
v 0.015001 0.009014 0.000167
v 0.015001 0.009044 0.000167
v 0.014995 0.009014 0.000166
v 0.015001 0.009044 0.000167
v 0.014995 0.009044 0.000166
v 0.014995 0.009014 0.000166
v 0.014995 0.009044 0.000166
v 0.014989 0.009044 0.000167
v 0.014995 0.009014 0.000166
v 0.014989 0.009044 0.000167
v 0.014988 0.009014 0.000167
v 0.014988 0.009014 0.000167
v 0.014983 0.009044 0.000169
v 0.014983 0.009044 0.000169
v 0.014977 0.009044 0.000171
v 0.014964 0.009044 0.000197
v 0.014966 0.009044 0.000185
v 0.014964 0.009044 0.000191
v 0.014964 0.009044 0.000197
v 0.014964 0.009044 0.000203
v 0.014964 0.009044 0.000203
v 0.014964 0.009044 0.000197
v 0.014969 0.009044 0.000214
v 0.014966 0.009044 0.000209
v 0.014988 0.009014 0.000228
v 0.014983 0.009044 0.000226
v 0.014989 0.009044 0.000228
v 0.014988 0.009014 0.000228
v 0.014989 0.009044 0.000228
v 0.014995 0.009014 0.000228
v 0.014989 0.009044 0.000228
v 0.014995 0.009044 0.000228
v 0.014995 0.009014 0.000228
v 0.014995 0.009044 0.000228
v 0.015001 0.009044 0.000228
v 0.014995 0.009014 0.000228
v 0.015001 0.009044 0.000228
v 0.015001 0.009014 0.000228
v 0.014995 0.009014 0.000228
v 0.015006 0.009044 0.000226
v 0.015001 0.009014 0.000228
v 0.015001 0.009044 0.000228
v 0.015012 0.009044 0.000223
v 0.015006 0.009044 0.000226
v 0.015026 0.009044 0.000197
v 0.015026 0.009044 0.000197
v 0.015017 0.009044 0.000175
v 0.015012 0.009044 0.000171
v 0.015025 0.009044 0.000203
v 0.015026 0.009044 0.000197
v 0.015025 0.009044 0.000203
v 0.015023 0.009044 0.000209
v 0.015025 0.009044 0.000203
v 0.015020 0.009044 0.000214
v 0.015017 0.009044 0.000219
v 0.014983 0.009044 0.000226
v 0.014988 0.009014 0.000228
v 0.015001 0.009014 0.000228
v 0.015006 0.009044 0.000226
v 0.015012 0.009044 0.000223
v 0.014977 0.009044 0.000223
v 0.014973 0.009044 0.000219
v 0.014983 0.009044 0.000226
v 0.014977 0.009044 0.000223
v 0.014969 0.009044 0.000214
v 0.014973 0.009044 0.000219
v 0.014964 0.009044 0.000203
v 0.014966 0.009044 0.000209
v 0.014964 0.009044 0.000197
v 0.014964 0.009044 0.000191
v 0.014969 0.009044 0.000180
v 0.014964 0.009044 0.000191
v 0.015017 0.009044 0.000175
v 0.015020 0.009044 0.000180
v 0.014973 0.009044 0.000175
v 0.015020 0.009044 0.000180
v 0.015023 0.009044 0.000185
v 0.014977 0.009044 0.000171
v 0.014983 0.009044 0.000169
v 0.014988 0.009014 0.000167
v 0.014989 0.009044 0.000167
v 0.014769 0.008985 0.000179
v 0.014771 0.008992 0.000177
v 0.014766 0.008987 0.000186
v 0.014767 0.008929 0.000183
v 0.014773 0.008977 0.000175
v 0.014810 0.008978 0.000170
v 0.014814 0.008929 0.000173
v 0.014816 0.008977 0.000175
v 0.014814 0.009012 0.000173
v 0.014812 0.009044 0.000171
v 0.014821 0.008964 0.000180
v 0.014821 0.009002 0.000180
v 0.014814 0.008929 0.000173
v 0.014820 0.008929 0.000180
v 0.014824 0.008987 0.000187
v 0.014823 0.009044 0.000185
v 0.014820 0.009044 0.000180
v 0.014824 0.008929 0.000188
v 0.014817 0.009044 0.000175
v 0.014824 0.008929 0.000188
v 0.014826 0.008987 0.000197
v 0.014825 0.009044 0.000191
v 0.014823 0.009044 0.000185
v 0.014820 0.008929 0.000180
v 0.014824 0.008929 0.000188
v 0.014826 0.008929 0.000197
v 0.014825 0.008986 0.000201
v 0.014825 0.008929 0.000203
v 0.014823 0.008984 0.000209
v 0.014825 0.009044 0.000203
v 0.014826 0.009044 0.000197
v 0.014811 0.008991 0.000224
v 0.014810 0.008962 0.000224
v 0.014820 0.008929 0.000214
v 0.014818 0.008979 0.000218
v 0.014823 0.009044 0.000209
v 0.014825 0.009044 0.000203
v 0.014817 0.008929 0.000219
v 0.014817 0.009044 0.000219
v 0.014820 0.009044 0.000214
v 0.014812 0.008929 0.000223
v 0.014769 0.009044 0.000180
v 0.014776 0.009012 0.000173
v 0.014779 0.008978 0.000170
v 0.014782 0.009014 0.000169
v 0.014777 0.009044 0.000171
v 0.014773 0.009044 0.000175
v 0.014780 0.008929 0.000170
v 0.014782 0.008944 0.000169
v 0.014773 0.009044 0.000175
v 0.014769 0.009044 0.000180
v 0.014767 0.008929 0.000183
v 0.014773 0.008929 0.000175
v 0.014764 0.009044 0.000191
v 0.014764 0.008987 0.000195
v 0.014764 0.008929 0.000191
v 0.014767 0.008929 0.000183
v 0.014764 0.009044 0.000197
v 0.014764 0.008988 0.000204
v 0.014764 0.008929 0.000200
v 0.014764 0.008929 0.000191
v 0.014766 0.009044 0.000209
v 0.014768 0.008990 0.000214
v 0.014766 0.008929 0.000209
v 0.014764 0.008929 0.000200
v 0.014773 0.009044 0.000219
v 0.014775 0.008996 0.000221
v 0.014771 0.008929 0.000217
v 0.014766 0.008929 0.000209
v 0.014777 0.009044 0.000223
v 0.014777 0.008929 0.000223
v 0.014771 0.008929 0.000217
v 0.014806 0.008929 0.000169
v 0.014814 0.008929 0.000173
v 0.014801 0.008944 0.000167
v 0.014798 0.008929 0.000166
v 0.014806 0.008929 0.000169
v 0.014795 0.008944 0.000166
v 0.014789 0.008929 0.000167
v 0.014798 0.008929 0.000166
v 0.014782 0.008944 0.000169
v 0.014788 0.008944 0.000167
v 0.014782 0.008944 0.000169
v 0.014789 0.008929 0.000167
v 0.014782 0.008944 0.000169
v 0.014780 0.008929 0.000170
v 0.014789 0.008929 0.000167
v 0.014782 0.009014 0.000169
v 0.014782 0.009014 0.000169
v 0.014783 0.009044 0.000169
v 0.014777 0.009044 0.000171
v 0.014773 0.008929 0.000175
v 0.014780 0.008929 0.000170
v 0.014795 0.009014 0.000166
v 0.014795 0.009044 0.000166
v 0.014789 0.009044 0.000167
v 0.014801 0.009014 0.000167
v 0.014801 0.009044 0.000167
v 0.014795 0.009014 0.000166
v 0.014817 0.009044 0.000175
v 0.014812 0.009044 0.000171
v 0.014812 0.009044 0.000171
v 0.014806 0.009044 0.000169
v 0.014801 0.009014 0.000228
v 0.014806 0.009044 0.000226
v 0.014795 0.009014 0.000228
v 0.014801 0.009044 0.000228
v 0.014801 0.009014 0.000228
v 0.014773 0.009044 0.000219
v 0.014777 0.009044 0.000223
v 0.014777 0.009044 0.000223
v 0.014783 0.009044 0.000226
v 0.014786 0.008929 0.000227
v 0.014777 0.008929 0.000223
v 0.014789 0.009044 0.000228
v 0.014795 0.009014 0.000228
v 0.014788 0.009014 0.000228
v 0.014788 0.008944 0.000228
v 0.014795 0.008929 0.000228
v 0.014786 0.008929 0.000227
v 0.014795 0.008944 0.000228
v 0.014801 0.008929 0.000228
v 0.014795 0.008929 0.000228
v 0.014801 0.008944 0.000228
v 0.014801 0.008929 0.000228
v 0.014795 0.008944 0.000228
v 0.014795 0.009044 0.000228
v 0.014801 0.009044 0.000228
v 0.014795 0.009014 0.000228
v 0.014817 0.008929 0.000219
v 0.014812 0.008929 0.000223
v 0.014812 0.008929 0.000223
v 0.014806 0.008929 0.000226
v 0.014806 0.009044 0.000226
v 0.014812 0.009044 0.000223
v 0.014788 0.008944 0.000228
v 0.014795 0.008944 0.000228
v 0.014795 0.008929 0.000228
v 0.014788 0.008944 0.000228
v 0.014786 0.008929 0.000227
v 0.014769 0.009044 0.000214
v 0.014773 0.009044 0.000219
v 0.014771 0.008929 0.000217
v 0.014764 0.009044 0.000197
v 0.014764 0.009044 0.000203
v 0.014766 0.008929 0.000209
v 0.014764 0.008929 0.000200
v 0.014769 0.009044 0.000180
v 0.014766 0.009044 0.000185
v 0.014773 0.009044 0.000175
v 0.014767 0.008929 0.000183
v 0.014777 0.009044 0.000171
v 0.014782 0.009014 0.000169
v 0.014783 0.009044 0.000169
v 0.014782 0.009014 0.000169
v 0.014788 0.009014 0.000167
v 0.014789 0.009044 0.000167
v 0.014788 0.009014 0.000167
v 0.014795 0.009014 0.000166
v 0.014795 0.009014 0.000166
v 0.014801 0.009044 0.000167
v 0.014795 0.009044 0.000166
v 0.014825 0.009044 0.000191
v 0.014826 0.009044 0.000197
v 0.014825 0.009044 0.000191
v 0.014814 0.008929 0.000173
v 0.014823 0.009044 0.000185
v 0.014814 0.008929 0.000173
v 0.014820 0.009044 0.000180
v 0.014817 0.009044 0.000175
v 0.014806 0.008929 0.000169
v 0.014801 0.008944 0.000167
v 0.014801 0.008944 0.000167
v 0.014795 0.008944 0.000166
v 0.014798 0.008929 0.000166
v 0.014806 0.009044 0.000169
v 0.014801 0.009014 0.000167
v 0.014788 0.008944 0.000167
v 0.014789 0.008929 0.000167
v 0.014795 0.008944 0.000166
v 0.014801 0.009044 0.000167
v 0.014801 0.009014 0.000167
v 0.014806 0.009044 0.000169
v 0.014773 0.008929 0.000175
v 0.014789 0.009044 0.000167
v 0.014783 0.009044 0.000169
v 0.014788 0.009014 0.000167
v 0.014764 0.008929 0.000191
v 0.014766 0.009044 0.000185
v 0.014764 0.009044 0.000191
v 0.014764 0.009044 0.000191
v 0.014764 0.009044 0.000197
v 0.014766 0.009044 0.000209
v 0.014764 0.009044 0.000203
v 0.014769 0.009044 0.000214
v 0.014766 0.009044 0.000209
v 0.014788 0.009014 0.000228
v 0.014783 0.009044 0.000226
v 0.014788 0.009014 0.000228
v 0.014783 0.009044 0.000226
v 0.014789 0.009044 0.000228
v 0.014806 0.008929 0.000226
v 0.014801 0.008929 0.000228
v 0.014801 0.008944 0.000228
v 0.014789 0.009044 0.000228
v 0.014795 0.009044 0.000228
v 0.014795 0.009014 0.000228
v 0.014806 0.008929 0.000226
v 0.014801 0.008944 0.000228
v 0.014801 0.009044 0.000228
v 0.014806 0.009044 0.000226
v 0.014801 0.009014 0.000228
v 0.014820 0.008929 0.000214
v 0.014817 0.008929 0.000219
v 0.014812 0.009044 0.000223
v 0.014826 0.009044 0.000197
v 0.014826 0.008929 0.000197
v 0.014824 0.008929 0.000188
v 0.014825 0.009044 0.000203
v 0.014826 0.008929 0.000197
v 0.014825 0.008929 0.000203
v 0.014823 0.009044 0.000209
v 0.014820 0.009044 0.000214
v 0.014825 0.008929 0.000203
v 0.014823 0.008929 0.000209
v 0.014820 0.009044 0.000214
v 0.014820 0.008929 0.000214
v 0.014823 0.008929 0.000209
v 0.014812 0.009044 0.000223
v 0.014817 0.009044 0.000219
v 0.014777 0.008929 0.000223
v 0.014817 0.009044 0.000219
v 0.015169 0.008985 0.000179
v 0.015171 0.008992 0.000177
v 0.015166 0.008987 0.000186
v 0.015167 0.008929 0.000183
v 0.015173 0.008977 0.000175
v 0.015207 0.008944 0.000169
v 0.015210 0.008978 0.000170
v 0.015214 0.008929 0.000173
v 0.015216 0.008977 0.000175
v 0.015214 0.009012 0.000173
v 0.015212 0.009044 0.000171
v 0.015221 0.008964 0.000180
v 0.015221 0.009002 0.000180
v 0.015214 0.008929 0.000173
v 0.015220 0.008929 0.000180
v 0.015224 0.008987 0.000187
v 0.015223 0.009044 0.000185
v 0.015220 0.009044 0.000180
v 0.015224 0.008929 0.000188
v 0.015217 0.009044 0.000175
v 0.015224 0.008929 0.000188
v 0.015226 0.008987 0.000197
v 0.015225 0.009044 0.000191
v 0.015223 0.009044 0.000185
v 0.015220 0.008929 0.000180
v 0.015224 0.008929 0.000188
v 0.015226 0.008929 0.000197
v 0.015225 0.008986 0.000201
v 0.015225 0.008929 0.000203
v 0.015223 0.008984 0.000209
v 0.015225 0.009044 0.000203
v 0.015226 0.009044 0.000197
v 0.015211 0.008991 0.000224
v 0.015210 0.008962 0.000224
v 0.015207 0.009014 0.000226
v 0.015220 0.008929 0.000214
v 0.015218 0.008979 0.000218
v 0.015223 0.009044 0.000209
v 0.015225 0.009044 0.000203
v 0.015217 0.008929 0.000219
v 0.015217 0.009044 0.000219
v 0.015220 0.009044 0.000214
v 0.015212 0.008929 0.000223
v 0.015207 0.008944 0.000226
v 0.015169 0.009044 0.000180
v 0.015176 0.009012 0.000173
v 0.015179 0.008978 0.000170
v 0.015177 0.009044 0.000171
v 0.015173 0.009044 0.000175
v 0.015180 0.008929 0.000170
v 0.015182 0.008944 0.000169
v 0.015173 0.009044 0.000175
v 0.015169 0.009044 0.000180
v 0.015167 0.008929 0.000183
v 0.015173 0.008929 0.000175
v 0.015164 0.009044 0.000191
v 0.015164 0.008987 0.000195
v 0.015164 0.008929 0.000191
v 0.015167 0.008929 0.000183
v 0.015164 0.009044 0.000197
v 0.015164 0.008988 0.000204
v 0.015164 0.008929 0.000200
v 0.015164 0.008929 0.000191
v 0.015166 0.009044 0.000209
v 0.015168 0.008990 0.000214
v 0.015166 0.008929 0.000209
v 0.015164 0.008929 0.000200
v 0.015173 0.009044 0.000219
v 0.015175 0.008996 0.000221
v 0.015171 0.008929 0.000217
v 0.015166 0.008929 0.000209
v 0.015177 0.009044 0.000223
v 0.015177 0.008929 0.000223
v 0.015171 0.008929 0.000217
v 0.015182 0.008944 0.000226
v 0.015186 0.008929 0.000227
v 0.015177 0.008929 0.000223
v 0.015188 0.008944 0.000228
v 0.015195 0.008929 0.000228
v 0.015186 0.008929 0.000227
v 0.015207 0.008944 0.000226
v 0.015201 0.008944 0.000228
v 0.015206 0.008929 0.000226
v 0.015201 0.008929 0.000228
v 0.015217 0.008929 0.000219
v 0.015212 0.008929 0.000223
v 0.015207 0.008944 0.000226
v 0.015212 0.008929 0.000223
v 0.015206 0.008929 0.000226
v 0.015207 0.009014 0.000226
v 0.015206 0.009044 0.000226
v 0.015212 0.009044 0.000223
v 0.015201 0.009014 0.000228
v 0.015201 0.009044 0.000228
v 0.015206 0.009044 0.000226
v 0.015201 0.008929 0.000228
v 0.015195 0.008929 0.000228
v 0.015195 0.008944 0.000228
v 0.015195 0.009014 0.000228
v 0.015195 0.009044 0.000228
v 0.015201 0.009044 0.000228
v 0.015201 0.008944 0.000228
v 0.015201 0.008929 0.000228
v 0.015195 0.008944 0.000228
v 0.015182 0.008944 0.000226
v 0.015188 0.008944 0.000228
v 0.015186 0.008929 0.000227
v 0.015182 0.008944 0.000226
v 0.015177 0.009044 0.000223
v 0.015183 0.009044 0.000226
v 0.015188 0.009014 0.000167
v 0.015183 0.009044 0.000169
v 0.015195 0.009014 0.000166
v 0.015189 0.009044 0.000167
v 0.015188 0.009014 0.000167
v 0.015217 0.009044 0.000175
v 0.015212 0.009044 0.000171
v 0.015212 0.009044 0.000171
v 0.015206 0.009044 0.000169
v 0.015220 0.009044 0.000180
v 0.015217 0.009044 0.000175
v 0.015201 0.009044 0.000167
v 0.015195 0.009014 0.000166
v 0.015201 0.009014 0.000167
v 0.015201 0.008944 0.000167
v 0.015198 0.008929 0.000166
v 0.015206 0.008929 0.000169
v 0.015195 0.008944 0.000166
v 0.015189 0.008929 0.000167
v 0.015198 0.008929 0.000166
v 0.015188 0.008944 0.000167
v 0.015189 0.008929 0.000167
v 0.015195 0.008944 0.000166
v 0.015195 0.009044 0.000166
v 0.015189 0.009044 0.000167
v 0.015195 0.009014 0.000166
v 0.015182 0.008944 0.000169
v 0.015180 0.008929 0.000170
v 0.015189 0.008929 0.000167
v 0.015182 0.008944 0.000169
v 0.015173 0.008929 0.000175
v 0.015188 0.009014 0.000167
v 0.015189 0.009044 0.000167
v 0.015183 0.009044 0.000169
v 0.015189 0.009044 0.000228
v 0.015195 0.009014 0.000228
v 0.015188 0.009014 0.000228
v 0.015195 0.008944 0.000228
v 0.015195 0.008929 0.000228
v 0.015188 0.008944 0.000228
v 0.015177 0.009044 0.000223
v 0.015173 0.009044 0.000219
v 0.015182 0.008944 0.000226
v 0.015177 0.008929 0.000223
v 0.015171 0.008929 0.000217
v 0.015164 0.009044 0.000197
v 0.015164 0.009044 0.000203
v 0.015166 0.008929 0.000209
v 0.015164 0.008929 0.000200
v 0.015169 0.009044 0.000180
v 0.015166 0.009044 0.000185
v 0.015173 0.009044 0.000175
v 0.015167 0.008929 0.000183
v 0.015177 0.009044 0.000171
v 0.015183 0.009044 0.000169
v 0.015177 0.009044 0.000171
v 0.015195 0.009014 0.000166
v 0.015201 0.009044 0.000167
v 0.015195 0.009044 0.000166
v 0.015206 0.009044 0.000169
v 0.015201 0.009044 0.000167
v 0.015201 0.009014 0.000167
v 0.015225 0.009044 0.000191
v 0.015226 0.009044 0.000197
v 0.015225 0.009044 0.000191
v 0.015214 0.008929 0.000173
v 0.015223 0.009044 0.000185
v 0.015207 0.008944 0.000169
v 0.015214 0.008929 0.000173
v 0.015206 0.008929 0.000169
v 0.015207 0.008944 0.000169
v 0.015201 0.008944 0.000167
v 0.015214 0.008929 0.000173
v 0.015207 0.008944 0.000169
v 0.015206 0.008929 0.000169
v 0.015201 0.008944 0.000167
v 0.015195 0.008944 0.000166
v 0.015198 0.008929 0.000166
v 0.015201 0.009014 0.000167
v 0.015206 0.009044 0.000169
v 0.015182 0.008944 0.000169
v 0.015189 0.008929 0.000167
v 0.015188 0.008944 0.000167
v 0.015173 0.008929 0.000175
v 0.015180 0.008929 0.000170
v 0.015164 0.008929 0.000191
v 0.015166 0.009044 0.000185
v 0.015164 0.009044 0.000191
v 0.015164 0.009044 0.000191
v 0.015164 0.009044 0.000197
v 0.015166 0.009044 0.000209
v 0.015164 0.009044 0.000203
v 0.015169 0.009044 0.000214
v 0.015166 0.009044 0.000209
v 0.015189 0.009044 0.000228
v 0.015188 0.009014 0.000228
v 0.015183 0.009044 0.000226
v 0.015195 0.009044 0.000228
v 0.015195 0.009014 0.000228
v 0.015189 0.009044 0.000228
v 0.015206 0.008929 0.000226
v 0.015201 0.008944 0.000228
v 0.015207 0.008944 0.000226
v 0.015201 0.009014 0.000228
v 0.015195 0.009014 0.000228
v 0.015201 0.009044 0.000228
v 0.015201 0.009014 0.000228
v 0.015206 0.009044 0.000226
v 0.015207 0.009014 0.000226
v 0.015220 0.008929 0.000214
v 0.015217 0.008929 0.000219
v 0.015212 0.009044 0.000223
v 0.015207 0.009014 0.000226
v 0.015226 0.009044 0.000197
v 0.015183 0.009044 0.000226
v 0.015188 0.009014 0.000228
v 0.015226 0.008929 0.000197
v 0.015224 0.008929 0.000188
v 0.015225 0.009044 0.000203
v 0.015226 0.008929 0.000197
v 0.015225 0.008929 0.000203
v 0.015223 0.009044 0.000209
v 0.015220 0.009044 0.000214
v 0.015225 0.008929 0.000203
v 0.015223 0.008929 0.000209
v 0.015220 0.009044 0.000214
v 0.015220 0.008929 0.000214
v 0.015223 0.008929 0.000209
v 0.015212 0.009044 0.000223
v 0.015217 0.009044 0.000219
v 0.015173 0.009044 0.000219
v 0.015169 0.009044 0.000214
v 0.015217 0.009044 0.000219
v 0.015336 0.009014 0.000050
v 0.015340 0.009041 0.000051
v 0.015335 0.009041 0.000050
v 0.015309 0.009014 0.000069
v 0.015308 0.009041 0.000072
v 0.015308 0.009014 0.000077
v 0.015312 0.009014 0.000062
v 0.015310 0.009041 0.000067
v 0.015309 0.009014 0.000069
v 0.015312 0.009041 0.000062
v 0.015310 0.009041 0.000067
v 0.015312 0.009014 0.000062
v 0.015316 0.009041 0.000058
v 0.015312 0.009014 0.000062
v 0.015317 0.009014 0.000056
v 0.015320 0.009041 0.000055
v 0.015317 0.009014 0.000056
v 0.015324 0.009014 0.000052
v 0.015340 0.009014 0.000051
v 0.015345 0.009041 0.000052
v 0.015340 0.009041 0.000051
v 0.015347 0.009014 0.000053
v 0.015350 0.009041 0.000055
v 0.015345 0.009041 0.000052
v 0.015354 0.009014 0.000058
v 0.015354 0.009041 0.000058
v 0.015350 0.009041 0.000055
v 0.015358 0.009014 0.000064
v 0.015357 0.009041 0.000062
v 0.015354 0.009014 0.000058
v 0.015360 0.009041 0.000067
v 0.015357 0.009041 0.000062
v 0.015358 0.009014 0.000064
v 0.015361 0.009041 0.000072
v 0.015360 0.009041 0.000067
v 0.015361 0.009014 0.000072
v 0.015362 0.009041 0.000077
v 0.015361 0.009014 0.000072
v 0.015361 0.009014 0.000080
v 0.015361 0.009041 0.000082
v 0.015361 0.009014 0.000080
v 0.015360 0.009014 0.000088
v 0.015361 0.009041 0.000082
v 0.015360 0.009014 0.000088
v 0.015360 0.009041 0.000088
v 0.015360 0.009014 0.000088
v 0.015355 0.009014 0.000094
v 0.015357 0.009041 0.000092
v 0.015355 0.009014 0.000094
v 0.015350 0.009014 0.000100
v 0.015354 0.009041 0.000096
v 0.015350 0.009014 0.000100
v 0.015350 0.009041 0.000100
v 0.015354 0.009041 0.000096
v 0.015342 0.009014 0.000103
v 0.015345 0.009041 0.000102
v 0.015350 0.009014 0.000100
v 0.015340 0.009041 0.000104
v 0.015345 0.009041 0.000102
v 0.015342 0.009014 0.000103
v 0.015335 0.009041 0.000104
v 0.015340 0.009041 0.000104
v 0.015335 0.009014 0.000104
v 0.015335 0.009041 0.000104
v 0.015335 0.009014 0.000104
v 0.015329 0.009014 0.000104
v 0.015329 0.009041 0.000104
v 0.015329 0.009014 0.000104
v 0.015324 0.009014 0.000102
v 0.015329 0.009041 0.000104
v 0.015324 0.009014 0.000102
v 0.015324 0.009041 0.000102
v 0.015312 0.009014 0.000092
v 0.015316 0.009041 0.000096
v 0.015316 0.009014 0.000096
v 0.015308 0.009041 0.000082
v 0.015308 0.009014 0.000077
v 0.015308 0.009041 0.000077
v 0.015308 0.009014 0.000082
v 0.015308 0.009014 0.000077
v 0.015308 0.009041 0.000082
v 0.015308 0.009014 0.000082
v 0.015308 0.009041 0.000082
v 0.015310 0.009041 0.000088
v 0.015308 0.009014 0.000082
v 0.015310 0.009041 0.000088
v 0.015310 0.009014 0.000088
v 0.015310 0.009041 0.000088
v 0.015312 0.009041 0.000092
v 0.015310 0.009014 0.000088
v 0.015312 0.009041 0.000092
v 0.015312 0.009014 0.000092
v 0.015310 0.009014 0.000088
v 0.015316 0.009041 0.000096
v 0.015312 0.009014 0.000092
v 0.015312 0.009041 0.000092
v 0.015316 0.009014 0.000096
v 0.015316 0.009041 0.000096
v 0.015320 0.009041 0.000100
v 0.015316 0.009014 0.000096
v 0.015320 0.009041 0.000100
v 0.015320 0.009014 0.000100
v 0.015320 0.009041 0.000100
v 0.015324 0.009041 0.000102
v 0.015320 0.009014 0.000100
v 0.015324 0.009041 0.000102
v 0.015324 0.009014 0.000102
v 0.015320 0.009014 0.000100
v 0.015329 0.009041 0.000104
v 0.015335 0.009041 0.000104
v 0.015329 0.009014 0.000104
v 0.015335 0.009014 0.000104
v 0.015340 0.009041 0.000104
v 0.015342 0.009014 0.000103
v 0.015354 0.009041 0.000096
v 0.015357 0.009041 0.000092
v 0.015355 0.009014 0.000094
v 0.015357 0.009041 0.000092
v 0.015360 0.009041 0.000088
v 0.015360 0.009014 0.000088
v 0.015361 0.009014 0.000080
v 0.015361 0.009041 0.000082
v 0.015362 0.009041 0.000077
v 0.015361 0.009014 0.000072
v 0.015362 0.009041 0.000077
v 0.015361 0.009041 0.000072
v 0.015358 0.009014 0.000064
v 0.015361 0.009014 0.000072
v 0.015360 0.009041 0.000067
v 0.015354 0.009041 0.000058
v 0.015354 0.009014 0.000058
v 0.015357 0.009041 0.000062
v 0.015350 0.009041 0.000055
v 0.015347 0.009014 0.000053
v 0.015354 0.009014 0.000058
v 0.015345 0.009041 0.000052
v 0.015340 0.009014 0.000051
v 0.015347 0.009014 0.000053
v 0.015340 0.009041 0.000051
v 0.015336 0.009014 0.000050
v 0.015340 0.009014 0.000051
v 0.015308 0.009014 0.000077
v 0.015308 0.009041 0.000072
v 0.015308 0.009041 0.000077
v 0.015335 0.009041 0.000050
v 0.015332 0.009014 0.000050
v 0.015336 0.009014 0.000050
v 0.015329 0.009041 0.000051
v 0.015332 0.009014 0.000050
v 0.015335 0.009041 0.000050
v 0.015324 0.009014 0.000052
v 0.015332 0.009014 0.000050
v 0.015329 0.009041 0.000051
v 0.015324 0.009014 0.000052
v 0.015329 0.009041 0.000051
v 0.015324 0.009041 0.000052
v 0.015324 0.009014 0.000052
v 0.015324 0.009041 0.000052
v 0.015320 0.009041 0.000055
v 0.015317 0.009014 0.000056
v 0.015320 0.009041 0.000055
v 0.015316 0.009041 0.000058
v 0.015312 0.009014 0.000062
v 0.015316 0.009041 0.000058
v 0.015312 0.009041 0.000062
v 0.015308 0.009041 0.000072
v 0.015309 0.009014 0.000069
v 0.015310 0.009041 0.000067
v 0.015350 0.009041 0.000100
v 0.015350 0.009014 0.000100
v 0.015345 0.009041 0.000102
v 0.014656 0.009014 0.000050
v 0.014660 0.009041 0.000051
v 0.014655 0.009041 0.000050
v 0.014629 0.009014 0.000069
v 0.014628 0.009041 0.000072
v 0.014628 0.009014 0.000077
v 0.014632 0.009014 0.000062
v 0.014630 0.009041 0.000067
v 0.014629 0.009014 0.000069
v 0.014632 0.009041 0.000062
v 0.014630 0.009041 0.000067
v 0.014632 0.009014 0.000062
v 0.014636 0.009041 0.000058
v 0.014632 0.009014 0.000062
v 0.014637 0.009014 0.000056
v 0.014640 0.009041 0.000055
v 0.014637 0.009014 0.000056
v 0.014644 0.009014 0.000052
v 0.014660 0.009014 0.000051
v 0.014665 0.009041 0.000052
v 0.014660 0.009041 0.000051
v 0.014667 0.009014 0.000053
v 0.014670 0.009041 0.000055
v 0.014665 0.009041 0.000052
v 0.014674 0.009014 0.000058
v 0.014674 0.009041 0.000058
v 0.014670 0.009041 0.000055
v 0.014678 0.009014 0.000064
v 0.014677 0.009041 0.000062
v 0.014674 0.009014 0.000058
v 0.014680 0.009041 0.000067
v 0.014677 0.009041 0.000062
v 0.014678 0.009014 0.000064
v 0.014681 0.009041 0.000072
v 0.014680 0.009041 0.000067
v 0.014681 0.009014 0.000072
v 0.014682 0.009041 0.000077
v 0.014681 0.009014 0.000072
v 0.014681 0.009014 0.000080
v 0.014681 0.009041 0.000082
v 0.014681 0.009014 0.000080
v 0.014680 0.009014 0.000088
v 0.014681 0.009041 0.000082
v 0.014680 0.009014 0.000088
v 0.014680 0.009041 0.000088
v 0.014680 0.009014 0.000088
v 0.014675 0.009014 0.000094
v 0.014677 0.009041 0.000092
v 0.014675 0.009014 0.000094
v 0.014670 0.009014 0.000100
v 0.014674 0.009041 0.000096
v 0.014670 0.009014 0.000100
v 0.014670 0.009041 0.000100
v 0.014674 0.009041 0.000096
v 0.014662 0.009014 0.000103
v 0.014665 0.009041 0.000102
v 0.014670 0.009014 0.000100
v 0.014660 0.009041 0.000104
v 0.014665 0.009041 0.000102
v 0.014662 0.009014 0.000103
v 0.014655 0.009041 0.000104
v 0.014660 0.009041 0.000104
v 0.014655 0.009014 0.000104
v 0.014655 0.009041 0.000104
v 0.014655 0.009014 0.000104
v 0.014649 0.009014 0.000104
v 0.014649 0.009041 0.000104
v 0.014649 0.009014 0.000104
v 0.014644 0.009014 0.000102
v 0.014649 0.009041 0.000104
v 0.014644 0.009014 0.000102
v 0.014644 0.009041 0.000102
v 0.014632 0.009014 0.000092
v 0.014636 0.009041 0.000096
v 0.014636 0.009014 0.000096
v 0.014628 0.009041 0.000082
v 0.014628 0.009014 0.000077
v 0.014628 0.009041 0.000077
v 0.014628 0.009014 0.000082
v 0.014628 0.009014 0.000077
v 0.014628 0.009041 0.000082
v 0.014628 0.009014 0.000082
v 0.014628 0.009041 0.000082
v 0.014630 0.009041 0.000088
v 0.014628 0.009014 0.000082
v 0.014630 0.009041 0.000088
v 0.014630 0.009014 0.000088
v 0.014630 0.009041 0.000088
v 0.014632 0.009041 0.000092
v 0.014630 0.009014 0.000088
v 0.014632 0.009041 0.000092
v 0.014632 0.009014 0.000092
v 0.014630 0.009014 0.000088
v 0.014636 0.009041 0.000096
v 0.014632 0.009014 0.000092
v 0.014632 0.009041 0.000092
v 0.014636 0.009014 0.000096
v 0.014636 0.009041 0.000096
v 0.014640 0.009041 0.000100
v 0.014636 0.009014 0.000096
v 0.014640 0.009041 0.000100
v 0.014640 0.009014 0.000100
v 0.014640 0.009041 0.000100
v 0.014644 0.009041 0.000102
v 0.014640 0.009014 0.000100
v 0.014644 0.009041 0.000102
v 0.014644 0.009014 0.000102
v 0.014640 0.009014 0.000100
v 0.014649 0.009041 0.000104
v 0.014655 0.009041 0.000104
v 0.014649 0.009014 0.000104
v 0.014655 0.009014 0.000104
v 0.014660 0.009041 0.000104
v 0.014662 0.009014 0.000103
v 0.014674 0.009041 0.000096
v 0.014677 0.009041 0.000092
v 0.014675 0.009014 0.000094
v 0.014677 0.009041 0.000092
v 0.014680 0.009041 0.000088
v 0.014680 0.009014 0.000088
v 0.014681 0.009014 0.000080
v 0.014681 0.009041 0.000082
v 0.014682 0.009041 0.000077
v 0.014681 0.009014 0.000072
v 0.014682 0.009041 0.000077
v 0.014681 0.009041 0.000072
v 0.014678 0.009014 0.000064
v 0.014681 0.009014 0.000072
v 0.014680 0.009041 0.000067
v 0.014674 0.009041 0.000058
v 0.014674 0.009014 0.000058
v 0.014677 0.009041 0.000062
v 0.014670 0.009041 0.000055
v 0.014667 0.009014 0.000053
v 0.014674 0.009014 0.000058
v 0.014665 0.009041 0.000052
v 0.014660 0.009014 0.000051
v 0.014667 0.009014 0.000053
v 0.014660 0.009041 0.000051
v 0.014656 0.009014 0.000050
v 0.014660 0.009014 0.000051
v 0.014628 0.009014 0.000077
v 0.014628 0.009041 0.000072
v 0.014628 0.009041 0.000077
v 0.014655 0.009041 0.000050
v 0.014652 0.009014 0.000050
v 0.014656 0.009014 0.000050
v 0.014649 0.009041 0.000051
v 0.014652 0.009014 0.000050
v 0.014655 0.009041 0.000050
v 0.014644 0.009014 0.000052
v 0.014652 0.009014 0.000050
v 0.014649 0.009041 0.000051
v 0.014644 0.009014 0.000052
v 0.014649 0.009041 0.000051
v 0.014644 0.009041 0.000052
v 0.014644 0.009014 0.000052
v 0.014644 0.009041 0.000052
v 0.014640 0.009041 0.000055
v 0.014637 0.009014 0.000056
v 0.014640 0.009041 0.000055
v 0.014636 0.009041 0.000058
v 0.014632 0.009014 0.000062
v 0.014636 0.009041 0.000058
v 0.014632 0.009041 0.000062
v 0.014628 0.009041 0.000072
v 0.014629 0.009014 0.000069
v 0.014630 0.009041 0.000067
v 0.014670 0.009041 0.000100
v 0.014670 0.009014 0.000100
v 0.014665 0.009041 0.000102
v 0.014656 0.009014 0.000290
v 0.014660 0.009041 0.000291
v 0.014655 0.009041 0.000290
v 0.014629 0.009014 0.000309
v 0.014628 0.009041 0.000312
v 0.014628 0.009014 0.000317
v 0.014632 0.009014 0.000302
v 0.014630 0.009041 0.000307
v 0.014629 0.009014 0.000309
v 0.014632 0.009041 0.000302
v 0.014630 0.009041 0.000307
v 0.014632 0.009014 0.000302
v 0.014636 0.009041 0.000298
v 0.014632 0.009014 0.000302
v 0.014637 0.009014 0.000296
v 0.014640 0.009041 0.000295
v 0.014637 0.009014 0.000296
v 0.014644 0.009014 0.000292
v 0.014660 0.009014 0.000291
v 0.014665 0.009041 0.000292
v 0.014660 0.009041 0.000291
v 0.014667 0.009014 0.000293
v 0.014670 0.009041 0.000295
v 0.014665 0.009041 0.000292
v 0.014674 0.009014 0.000298
v 0.014674 0.009041 0.000298
v 0.014670 0.009041 0.000295
v 0.014678 0.009014 0.000304
v 0.014677 0.009041 0.000302
v 0.014674 0.009014 0.000298
v 0.014680 0.009041 0.000307
v 0.014677 0.009041 0.000302
v 0.014678 0.009014 0.000304
v 0.014681 0.009041 0.000312
v 0.014680 0.009041 0.000307
v 0.014681 0.009014 0.000312
v 0.014682 0.009041 0.000317
v 0.014681 0.009014 0.000312
v 0.014681 0.009014 0.000320
v 0.014681 0.009041 0.000322
v 0.014681 0.009014 0.000320
v 0.014680 0.009014 0.000328
v 0.014681 0.009041 0.000322
v 0.014680 0.009014 0.000328
v 0.014680 0.009041 0.000328
v 0.014680 0.009014 0.000328
v 0.014675 0.009014 0.000334
v 0.014677 0.009041 0.000332
v 0.014675 0.009014 0.000334
v 0.014670 0.009014 0.000340
v 0.014674 0.009041 0.000336
v 0.014670 0.009014 0.000340
v 0.014670 0.009041 0.000340
v 0.014674 0.009041 0.000336
v 0.014662 0.009014 0.000343
v 0.014665 0.009041 0.000342
v 0.014670 0.009014 0.000340
v 0.014660 0.009041 0.000344
v 0.014665 0.009041 0.000342
v 0.014662 0.009014 0.000343
v 0.014655 0.009041 0.000344
v 0.014660 0.009041 0.000344
v 0.014655 0.009014 0.000344
v 0.014655 0.009041 0.000344
v 0.014655 0.009014 0.000344
v 0.014649 0.009014 0.000344
v 0.014649 0.009041 0.000344
v 0.014649 0.009014 0.000344
v 0.014644 0.009014 0.000342
v 0.014649 0.009041 0.000344
v 0.014644 0.009014 0.000342
v 0.014644 0.009041 0.000342
v 0.014632 0.009014 0.000332
v 0.014636 0.009041 0.000336
v 0.014636 0.009014 0.000336
v 0.014628 0.009041 0.000322
v 0.014628 0.009014 0.000317
v 0.014628 0.009041 0.000317
v 0.014628 0.009014 0.000322
v 0.014628 0.009014 0.000317
v 0.014628 0.009041 0.000322
v 0.014628 0.009014 0.000322
v 0.014628 0.009041 0.000322
v 0.014630 0.009041 0.000328
v 0.014628 0.009014 0.000322
v 0.014630 0.009041 0.000328
v 0.014630 0.009014 0.000328
v 0.014630 0.009041 0.000328
v 0.014632 0.009041 0.000332
v 0.014630 0.009014 0.000328
v 0.014632 0.009041 0.000332
v 0.014632 0.009014 0.000332
v 0.014630 0.009014 0.000328
v 0.014636 0.009041 0.000336
v 0.014632 0.009014 0.000332
v 0.014632 0.009041 0.000332
v 0.014636 0.009014 0.000336
v 0.014636 0.009041 0.000336
v 0.014640 0.009041 0.000340
v 0.014636 0.009014 0.000336
v 0.014640 0.009041 0.000340
v 0.014640 0.009014 0.000340
v 0.014640 0.009041 0.000340
v 0.014644 0.009041 0.000342
v 0.014640 0.009014 0.000340
v 0.014644 0.009041 0.000342
v 0.014644 0.009014 0.000342
v 0.014640 0.009014 0.000340
v 0.014649 0.009041 0.000344
v 0.014655 0.009041 0.000344
v 0.014649 0.009014 0.000344
v 0.014655 0.009014 0.000344
v 0.014660 0.009041 0.000344
v 0.014662 0.009014 0.000343
v 0.014674 0.009041 0.000336
v 0.014677 0.009041 0.000332
v 0.014675 0.009014 0.000334
v 0.014677 0.009041 0.000332
v 0.014680 0.009041 0.000328
v 0.014680 0.009014 0.000328
v 0.014681 0.009014 0.000320
v 0.014681 0.009041 0.000322
v 0.014682 0.009041 0.000317
v 0.014681 0.009014 0.000312
v 0.014682 0.009041 0.000317
v 0.014681 0.009041 0.000312
v 0.014678 0.009014 0.000304
v 0.014681 0.009014 0.000312
v 0.014680 0.009041 0.000307
v 0.014674 0.009041 0.000298
v 0.014674 0.009014 0.000298
v 0.014677 0.009041 0.000302
v 0.014670 0.009041 0.000295
v 0.014667 0.009014 0.000293
v 0.014674 0.009014 0.000298
v 0.014665 0.009041 0.000292
v 0.014660 0.009014 0.000291
v 0.014667 0.009014 0.000293
v 0.014660 0.009041 0.000291
v 0.014656 0.009014 0.000290
v 0.014660 0.009014 0.000291
v 0.014628 0.009014 0.000317
v 0.014628 0.009041 0.000312
v 0.014628 0.009041 0.000317
v 0.014655 0.009041 0.000290
v 0.014652 0.009014 0.000290
v 0.014656 0.009014 0.000290
v 0.014649 0.009041 0.000291
v 0.014652 0.009014 0.000290
v 0.014655 0.009041 0.000290
v 0.014644 0.009014 0.000292
v 0.014652 0.009014 0.000290
v 0.014649 0.009041 0.000291
v 0.014644 0.009014 0.000292
v 0.014649 0.009041 0.000291
v 0.014644 0.009041 0.000292
v 0.014644 0.009014 0.000292
v 0.014644 0.009041 0.000292
v 0.014640 0.009041 0.000295
v 0.014637 0.009014 0.000296
v 0.014640 0.009041 0.000295
v 0.014636 0.009041 0.000298
v 0.014632 0.009014 0.000302
v 0.014636 0.009041 0.000298
v 0.014632 0.009041 0.000302
v 0.014628 0.009041 0.000312
v 0.014629 0.009014 0.000309
v 0.014630 0.009041 0.000307
v 0.014670 0.009041 0.000340
v 0.014670 0.009014 0.000340
v 0.014665 0.009041 0.000342
v 0.015336 0.009014 0.000290
v 0.015340 0.009041 0.000291
v 0.015335 0.009041 0.000290
v 0.015309 0.009014 0.000309
v 0.015308 0.009041 0.000312
v 0.015308 0.009014 0.000317
v 0.015312 0.009014 0.000302
v 0.015310 0.009041 0.000307
v 0.015309 0.009014 0.000309
v 0.015312 0.009041 0.000302
v 0.015310 0.009041 0.000307
v 0.015312 0.009014 0.000302
v 0.015316 0.009041 0.000298
v 0.015312 0.009014 0.000302
v 0.015317 0.009014 0.000296
v 0.015320 0.009041 0.000295
v 0.015317 0.009014 0.000296
v 0.015324 0.009014 0.000292
v 0.015340 0.009014 0.000291
v 0.015345 0.009041 0.000292
v 0.015340 0.009041 0.000291
v 0.015347 0.009014 0.000293
v 0.015350 0.009041 0.000295
v 0.015345 0.009041 0.000292
v 0.015354 0.009014 0.000298
v 0.015354 0.009041 0.000298
v 0.015350 0.009041 0.000295
v 0.015358 0.009014 0.000304
v 0.015357 0.009041 0.000302
v 0.015354 0.009014 0.000298
v 0.015360 0.009041 0.000307
v 0.015357 0.009041 0.000302
v 0.015358 0.009014 0.000304
v 0.015361 0.009041 0.000312
v 0.015360 0.009041 0.000307
v 0.015361 0.009014 0.000312
v 0.015362 0.009041 0.000317
v 0.015361 0.009014 0.000312
v 0.015361 0.009014 0.000320
v 0.015361 0.009041 0.000322
v 0.015361 0.009014 0.000320
v 0.015360 0.009014 0.000328
v 0.015361 0.009041 0.000322
v 0.015360 0.009014 0.000328
v 0.015360 0.009041 0.000328
v 0.015360 0.009014 0.000328
v 0.015355 0.009014 0.000334
v 0.015357 0.009041 0.000332
v 0.015355 0.009014 0.000334
v 0.015350 0.009014 0.000340
v 0.015354 0.009041 0.000336
v 0.015350 0.009014 0.000340
v 0.015350 0.009041 0.000340
v 0.015354 0.009041 0.000336
v 0.015342 0.009014 0.000343
v 0.015345 0.009041 0.000342
v 0.015350 0.009014 0.000340
v 0.015340 0.009041 0.000344
v 0.015345 0.009041 0.000342
v 0.015342 0.009014 0.000343
v 0.015335 0.009041 0.000344
v 0.015340 0.009041 0.000344
v 0.015335 0.009014 0.000344
v 0.015335 0.009041 0.000344
v 0.015335 0.009014 0.000344
v 0.015329 0.009014 0.000344
v 0.015329 0.009041 0.000344
v 0.015329 0.009014 0.000344
v 0.015324 0.009014 0.000342
v 0.015329 0.009041 0.000344
v 0.015324 0.009014 0.000342
v 0.015324 0.009041 0.000342
v 0.015312 0.009014 0.000332
v 0.015316 0.009041 0.000336
v 0.015316 0.009014 0.000336
v 0.015308 0.009041 0.000322
v 0.015308 0.009014 0.000317
v 0.015308 0.009041 0.000317
v 0.015308 0.009014 0.000322
v 0.015308 0.009014 0.000317
v 0.015308 0.009041 0.000322
v 0.015308 0.009014 0.000322
v 0.015308 0.009041 0.000322
v 0.015310 0.009041 0.000328
v 0.015308 0.009014 0.000322
v 0.015310 0.009041 0.000328
v 0.015310 0.009014 0.000328
v 0.015310 0.009041 0.000328
v 0.015312 0.009041 0.000332
v 0.015310 0.009014 0.000328
v 0.015312 0.009041 0.000332
v 0.015312 0.009014 0.000332
v 0.015310 0.009014 0.000328
v 0.015316 0.009041 0.000336
v 0.015312 0.009014 0.000332
v 0.015312 0.009041 0.000332
v 0.015316 0.009014 0.000336
v 0.015316 0.009041 0.000336
v 0.015320 0.009041 0.000340
v 0.015316 0.009014 0.000336
v 0.015320 0.009041 0.000340
v 0.015320 0.009014 0.000340
v 0.015320 0.009041 0.000340
v 0.015324 0.009041 0.000342
v 0.015320 0.009014 0.000340
v 0.015324 0.009041 0.000342
v 0.015324 0.009014 0.000342
v 0.015320 0.009014 0.000340
v 0.015329 0.009041 0.000344
v 0.015335 0.009041 0.000344
v 0.015329 0.009014 0.000344
v 0.015335 0.009014 0.000344
v 0.015340 0.009041 0.000344
v 0.015342 0.009014 0.000343
v 0.015354 0.009041 0.000336
v 0.015357 0.009041 0.000332
v 0.015355 0.009014 0.000334
v 0.015357 0.009041 0.000332
v 0.015360 0.009041 0.000328
v 0.015360 0.009014 0.000328
v 0.015361 0.009014 0.000320
v 0.015361 0.009041 0.000322
v 0.015362 0.009041 0.000317
v 0.015361 0.009014 0.000312
v 0.015362 0.009041 0.000317
v 0.015361 0.009041 0.000312
v 0.015358 0.009014 0.000304
v 0.015361 0.009014 0.000312
v 0.015360 0.009041 0.000307
v 0.015354 0.009041 0.000298
v 0.015354 0.009014 0.000298
v 0.015357 0.009041 0.000302
v 0.015350 0.009041 0.000295
v 0.015347 0.009014 0.000293
v 0.015354 0.009014 0.000298
v 0.015345 0.009041 0.000292
v 0.015340 0.009014 0.000291
v 0.015347 0.009014 0.000293
v 0.015340 0.009041 0.000291
v 0.015336 0.009014 0.000290
v 0.015340 0.009014 0.000291
v 0.015308 0.009014 0.000317
v 0.015308 0.009041 0.000312
v 0.015308 0.009041 0.000317
v 0.015335 0.009041 0.000290
v 0.015332 0.009014 0.000290
v 0.015336 0.009014 0.000290
v 0.015329 0.009041 0.000291
v 0.015332 0.009014 0.000290
v 0.015335 0.009041 0.000290
v 0.015324 0.009014 0.000292
v 0.015332 0.009014 0.000290
v 0.015329 0.009041 0.000291
v 0.015324 0.009014 0.000292
v 0.015329 0.009041 0.000291
v 0.015324 0.009041 0.000292
v 0.015324 0.009014 0.000292
v 0.015324 0.009041 0.000292
v 0.015320 0.009041 0.000295
v 0.015317 0.009014 0.000296
v 0.015320 0.009041 0.000295
v 0.015316 0.009041 0.000298
v 0.015312 0.009014 0.000302
v 0.015316 0.009041 0.000298
v 0.015312 0.009041 0.000302
v 0.015308 0.009041 0.000312
v 0.015309 0.009014 0.000309
v 0.015310 0.009041 0.000307
v 0.015350 0.009041 0.000340
v 0.015350 0.009014 0.000340
v 0.015345 0.009041 0.000342
v 0.015327 0.008894 0.000147
v 0.015324 0.008915 0.000127
v 0.015324 0.008894 0.000148
v 0.015319 0.008917 0.000130
v 0.015324 0.008894 0.000148
v 0.015319 0.008894 0.000152
v 0.015316 0.008920 0.000133
v 0.015319 0.008894 0.000152
v 0.015316 0.008894 0.000159
v 0.015316 0.008894 0.000159
v 0.015327 0.008894 0.000147
v 0.015316 0.008894 0.000159
v 0.015315 0.008894 0.000167
v 0.015324 0.008894 0.000148
v 0.015327 0.008894 0.000147
v 0.015319 0.008894 0.000152
v 0.015337 0.008926 0.000115
v 0.015340 0.008929 0.000113
v 0.015330 0.008925 0.000116
v 0.015330 0.008927 0.000116
v 0.015329 0.008920 0.000121
v 0.015322 0.008918 0.000126
v 0.015318 0.008920 0.000128
v 0.015329 0.008928 0.000116
v 0.015322 0.008924 0.000121
v 0.015333 0.008930 0.000114
v 0.015315 0.008923 0.000132
v 0.015317 0.008924 0.000127
v 0.015322 0.008927 0.000120
v 0.015323 0.008927 0.000119
v 0.015327 0.008930 0.000116
v 0.015324 0.008922 0.000121
v 0.015370 0.008929 0.000113
v 0.015373 0.008926 0.000115
v 0.015379 0.008927 0.000116
v 0.015380 0.008920 0.000121
v 0.015385 0.008922 0.000121
v 0.015387 0.008918 0.000126
v 0.015390 0.008917 0.000130
v 0.015385 0.008915 0.000127
v 0.015391 0.008920 0.000128
v 0.015381 0.008928 0.000116
v 0.015376 0.008930 0.000114
v 0.015386 0.008927 0.000119
v 0.015387 0.008924 0.000121
v 0.015394 0.008923 0.000132
v 0.015393 0.008920 0.000133
v 0.015392 0.008924 0.000127
v 0.015387 0.008927 0.000120
v 0.015382 0.008930 0.000116
v 0.015379 0.008925 0.000116
v 0.015385 0.008895 0.000147
v 0.015390 0.008899 0.000148
v 0.015393 0.008903 0.000150
v 0.015380 0.008894 0.000146
v 0.015385 0.008895 0.000248
v 0.015380 0.008894 0.000146
v 0.015385 0.008895 0.000147
v 0.015385 0.008895 0.000147
v 0.015390 0.008899 0.000148
v 0.015390 0.008899 0.000246
v 0.015385 0.008895 0.000147
v 0.015393 0.008903 0.000244
v 0.015390 0.008899 0.000148
v 0.015390 0.008899 0.000148
v 0.015380 0.008894 0.000248
v 0.015385 0.008895 0.000248
v 0.015385 0.008915 0.000267
v 0.015385 0.008895 0.000248
v 0.015390 0.008899 0.000246
v 0.015385 0.008895 0.000248
v 0.015390 0.008899 0.000246
v 0.015390 0.008917 0.000265
v 0.015393 0.008920 0.000261
v 0.015390 0.008899 0.000246
v 0.015373 0.008926 0.000280
v 0.015370 0.008929 0.000281
v 0.015379 0.008925 0.000278
v 0.015379 0.008927 0.000279
v 0.015380 0.008920 0.000274
v 0.015387 0.008918 0.000268
v 0.015391 0.008920 0.000267
v 0.015381 0.008928 0.000279
v 0.015387 0.008924 0.000273
v 0.015376 0.008930 0.000281
v 0.015394 0.008923 0.000262
v 0.015392 0.008924 0.000267
v 0.015387 0.008927 0.000274
v 0.015386 0.008927 0.000275
v 0.015382 0.008930 0.000278
v 0.015385 0.008922 0.000273
v 0.015340 0.008929 0.000281
v 0.015337 0.008926 0.000280
v 0.015330 0.008927 0.000279
v 0.015329 0.008920 0.000274
v 0.015324 0.008922 0.000273
v 0.015322 0.008918 0.000268
v 0.015319 0.008917 0.000265
v 0.015324 0.008915 0.000267
v 0.015318 0.008920 0.000267
v 0.015329 0.008928 0.000279
v 0.015333 0.008930 0.000281
v 0.015323 0.008927 0.000275
v 0.015322 0.008924 0.000273
v 0.015315 0.008923 0.000262
v 0.015316 0.008920 0.000261
v 0.015317 0.008924 0.000267
v 0.015322 0.008927 0.000274
v 0.015327 0.008930 0.000278
v 0.015330 0.008925 0.000278
v 0.015315 0.008894 0.000227
v 0.015316 0.008894 0.000235
v 0.015316 0.008894 0.000235
v 0.015319 0.008894 0.000242
v 0.015316 0.008894 0.000235
v 0.015330 0.008894 0.000248
v 0.015327 0.008894 0.000248
v 0.015327 0.008894 0.000248
v 0.015324 0.008894 0.000247
v 0.015327 0.008894 0.000248
v 0.015324 0.008894 0.000247
v 0.015324 0.008894 0.000247
v 0.015319 0.008894 0.000242
v 0.015319 0.008894 0.000242
v 0.014596 0.008920 0.000133
v 0.014596 0.008903 0.000150
v 0.014599 0.008917 0.000130
v 0.014604 0.008895 0.000147
v 0.014604 0.008915 0.000127
v 0.014599 0.008899 0.000148
v 0.014596 0.008903 0.000244
v 0.014599 0.008899 0.000246
v 0.014610 0.008894 0.000146
v 0.014604 0.008895 0.000147
v 0.014604 0.008895 0.000147
v 0.014604 0.008895 0.000248
v 0.014599 0.008899 0.000148
v 0.014604 0.008895 0.000147
v 0.014599 0.008899 0.000148
v 0.014599 0.008899 0.000148
v 0.014617 0.008926 0.000115
v 0.014620 0.008929 0.000113
v 0.014610 0.008925 0.000116
v 0.014610 0.008927 0.000116
v 0.014609 0.008920 0.000121
v 0.014602 0.008918 0.000126
v 0.014598 0.008920 0.000128
v 0.014609 0.008928 0.000116
v 0.014602 0.008924 0.000121
v 0.014613 0.008930 0.000114
v 0.014595 0.008923 0.000132
v 0.014597 0.008924 0.000127
v 0.014602 0.008927 0.000120
v 0.014603 0.008927 0.000119
v 0.014607 0.008930 0.000116
v 0.014604 0.008922 0.000121
v 0.014596 0.008920 0.000261
v 0.014599 0.008917 0.000265
v 0.014610 0.008894 0.000248
v 0.014604 0.008895 0.000248
v 0.014604 0.008895 0.000248
v 0.014604 0.008915 0.000267
v 0.014599 0.008899 0.000246
v 0.014604 0.008895 0.000248
v 0.014599 0.008899 0.000246
v 0.014599 0.008899 0.000246
v 0.014650 0.008929 0.000113
v 0.014617 0.008926 0.000280
v 0.014620 0.008929 0.000281
v 0.014610 0.008927 0.000279
v 0.014609 0.008920 0.000274
v 0.014604 0.008922 0.000273
v 0.014602 0.008918 0.000268
v 0.014598 0.008920 0.000267
v 0.014609 0.008928 0.000279
v 0.014613 0.008930 0.000281
v 0.014603 0.008927 0.000275
v 0.014602 0.008924 0.000273
v 0.014595 0.008923 0.000262
v 0.014597 0.008924 0.000267
v 0.014602 0.008927 0.000274
v 0.014607 0.008930 0.000278
v 0.014610 0.008925 0.000278
v 0.014653 0.008926 0.000115
v 0.014659 0.008927 0.000116
v 0.014660 0.008920 0.000121
v 0.014665 0.008922 0.000121
v 0.014667 0.008918 0.000126
v 0.014670 0.008917 0.000130
v 0.014665 0.008915 0.000127
v 0.014671 0.008920 0.000128
v 0.014661 0.008928 0.000116
v 0.014656 0.008930 0.000114
v 0.014666 0.008927 0.000119
v 0.014667 0.008924 0.000121
v 0.014674 0.008923 0.000132
v 0.014673 0.008920 0.000133
v 0.014672 0.008924 0.000127
v 0.014667 0.008927 0.000120
v 0.014662 0.008930 0.000116
v 0.014659 0.008925 0.000116
v 0.014650 0.008929 0.000281
v 0.014665 0.008895 0.000147
v 0.014670 0.008899 0.000148
v 0.014673 0.008903 0.000150
v 0.014653 0.008926 0.000280
v 0.014659 0.008925 0.000278
v 0.014659 0.008927 0.000279
v 0.014660 0.008920 0.000274
v 0.014665 0.008915 0.000267
v 0.014667 0.008918 0.000268
v 0.014670 0.008917 0.000265
v 0.014671 0.008920 0.000267
v 0.014661 0.008928 0.000279
v 0.014667 0.008924 0.000273
v 0.014656 0.008930 0.000281
v 0.014674 0.008923 0.000262
v 0.014673 0.008920 0.000261
v 0.014672 0.008924 0.000267
v 0.014667 0.008927 0.000274
v 0.014666 0.008927 0.000275
v 0.014662 0.008930 0.000278
v 0.014665 0.008922 0.000273
v 0.014660 0.008894 0.000146
v 0.014665 0.008895 0.000248
v 0.014665 0.008895 0.000147
v 0.014670 0.008899 0.000246
v 0.014665 0.008895 0.000147
v 0.014670 0.008899 0.000148
v 0.014673 0.008903 0.000244
v 0.014670 0.008899 0.000148
v 0.014665 0.008895 0.000147
v 0.014660 0.008894 0.000146
v 0.014670 0.008899 0.000148
v 0.014670 0.008899 0.000246
v 0.014665 0.008895 0.000248
v 0.014660 0.008894 0.000248
v 0.014665 0.008895 0.000248
v 0.014665 0.008895 0.000248
v 0.014670 0.008899 0.000246
v 0.014670 0.008899 0.000246
v 0.014738 0.008895 0.000249
v 0.014718 0.008895 0.000215
v 0.014738 0.008895 0.000249
v 0.014734 0.008897 0.000250
v 0.014713 0.008899 0.000217
v 0.014731 0.008901 0.000251
v 0.014729 0.008905 0.000251
v 0.014710 0.008903 0.000218
v 0.014738 0.008895 0.000249
v 0.014709 0.008907 0.000218
v 0.014718 0.008895 0.000214
v 0.014713 0.008899 0.000215
v 0.014710 0.008903 0.000216
v 0.014741 0.008926 0.000272
v 0.014744 0.008923 0.000273
v 0.014734 0.008897 0.000250
v 0.014734 0.008897 0.000250
v 0.014748 0.008920 0.000273
v 0.014734 0.008897 0.000250
v 0.014718 0.008895 0.000180
v 0.014713 0.008899 0.000179
v 0.014710 0.008903 0.000179
v 0.014748 0.008924 0.000276
v 0.014747 0.008928 0.000277
v 0.014748 0.008927 0.000277
v 0.014754 0.008930 0.000281
v 0.014761 0.008929 0.000281
v 0.014754 0.008926 0.000279
v 0.014709 0.008907 0.000178
v 0.014718 0.008895 0.000179
v 0.014713 0.008899 0.000178
v 0.014710 0.008903 0.000176
v 0.014875 0.008929 0.000281
v 0.014738 0.008895 0.000145
v 0.014738 0.008895 0.000145
v 0.014738 0.008895 0.000145
v 0.014734 0.008897 0.000144
v 0.014731 0.008901 0.000143
v 0.014729 0.008905 0.000144
v 0.015241 0.008924 0.000276
v 0.015241 0.008920 0.000273
v 0.015245 0.008923 0.000273
v 0.015235 0.008926 0.000279
v 0.015242 0.008928 0.000277
v 0.015241 0.008927 0.000277
v 0.015248 0.008926 0.000272
v 0.015235 0.008930 0.000281
v 0.014734 0.008897 0.000144
v 0.014748 0.008920 0.000121
v 0.014734 0.008897 0.000144
v 0.014744 0.008923 0.000121
v 0.014741 0.008926 0.000122
v 0.014734 0.008897 0.000144
v 0.015261 0.008905 0.000251
v 0.015258 0.008901 0.000251
v 0.015255 0.008897 0.000250
v 0.014748 0.008924 0.000118
v 0.014754 0.008926 0.000115
v 0.014747 0.008928 0.000117
v 0.014748 0.008927 0.000117
v 0.014754 0.008930 0.000114
v 0.014761 0.008929 0.000113
v 0.015255 0.008897 0.000250
v 0.015251 0.008895 0.000249
v 0.015271 0.008895 0.000215
v 0.015276 0.008899 0.000217
v 0.015255 0.008897 0.000250
v 0.015279 0.008903 0.000218
v 0.015251 0.008895 0.000249
v 0.015251 0.008895 0.000249
v 0.015255 0.008897 0.000250
v 0.014875 0.008929 0.000113
v 0.015280 0.008907 0.000217
v 0.015279 0.008903 0.000216
v 0.015276 0.008899 0.000215
v 0.015271 0.008895 0.000214
v 0.015241 0.008924 0.000118
v 0.015241 0.008920 0.000121
v 0.015245 0.008923 0.000121
v 0.015242 0.008928 0.000117
v 0.015241 0.008927 0.000117
v 0.015235 0.008930 0.000114
v 0.015248 0.008926 0.000122
v 0.015235 0.008926 0.000115
v 0.015279 0.008903 0.000179
v 0.015276 0.008899 0.000179
v 0.015271 0.008895 0.000180
v 0.015255 0.008897 0.000144
v 0.015261 0.008905 0.000144
v 0.015258 0.008901 0.000143
v 0.015280 0.008907 0.000177
v 0.015279 0.008903 0.000176
v 0.015276 0.008899 0.000178
v 0.015271 0.008895 0.000179
v 0.015251 0.008895 0.000145
v 0.015251 0.008895 0.000145
v 0.015255 0.008897 0.000144
v 0.015255 0.008897 0.000144
v 0.015255 0.008897 0.000144
v 0.015251 0.008895 0.000145
v 0.015115 0.008964 0.000226
v 0.015115 0.008964 0.000169
v 0.015115 0.008944 0.000226
v 0.015115 0.008964 0.000169
v 0.015115 0.008944 0.000169
v 0.015115 0.008944 0.000226
v 0.015115 0.008944 0.000169
v 0.015115 0.008894 0.000197
v 0.015115 0.008944 0.000226
v 0.015115 0.008924 0.000117
v 0.015115 0.008894 0.000146
v 0.015115 0.008944 0.000169
v 0.015115 0.008934 0.000112
v 0.015115 0.008924 0.000117
v 0.015115 0.008944 0.000112
v 0.015115 0.008944 0.000169
v 0.015115 0.008944 0.000112
v 0.015115 0.008924 0.000117
v 0.015115 0.008934 0.000112
v 0.015115 0.008929 0.000113
v 0.015115 0.008924 0.000117
v 0.015115 0.008894 0.000197
v 0.015115 0.008894 0.000248
v 0.015115 0.008944 0.000226
v 0.015115 0.008894 0.000248
v 0.015115 0.008924 0.000278
v 0.015115 0.008944 0.000226
v 0.015115 0.008924 0.000278
v 0.015115 0.008944 0.000282
v 0.015115 0.008944 0.000226
v 0.015115 0.008929 0.000281
v 0.015115 0.008934 0.000282
v 0.015115 0.008924 0.000278
v 0.015115 0.008934 0.000282
v 0.015115 0.008944 0.000282
v 0.015115 0.008924 0.000278
v 0.015115 0.008894 0.000197
v 0.015115 0.008944 0.000169
v 0.015115 0.008894 0.000146
v 0.015007 0.008964 0.000226
v 0.015014 0.008964 0.000221
v 0.015115 0.008964 0.000226
v 0.015014 0.008964 0.000221
v 0.015020 0.008964 0.000214
v 0.015115 0.008964 0.000226
v 0.015020 0.008964 0.000214
v 0.015024 0.008964 0.000206
v 0.015115 0.008964 0.000226
v 0.015024 0.008964 0.000206
v 0.015026 0.008964 0.000197
v 0.015115 0.008964 0.000226
v 0.015026 0.008964 0.000197
v 0.015115 0.008964 0.000169
v 0.015115 0.008964 0.000226
v 0.015115 0.008964 0.000169
v 0.015026 0.008964 0.000197
v 0.015024 0.008964 0.000188
v 0.015115 0.008964 0.000169
v 0.015024 0.008964 0.000188
v 0.015020 0.008964 0.000180
v 0.015115 0.008964 0.000169
v 0.015020 0.008964 0.000180
v 0.015014 0.008964 0.000173
v 0.015007 0.008964 0.000169
v 0.015115 0.008964 0.000169
v 0.015014 0.008964 0.000173
v 0.014875 0.008944 0.000226
v 0.014875 0.008894 0.000248
v 0.014875 0.008894 0.000197
v 0.014875 0.008944 0.000226
v 0.014875 0.008944 0.000169
v 0.014875 0.008964 0.000226
v 0.014875 0.008934 0.000282
v 0.014875 0.008924 0.000278
v 0.014875 0.008944 0.000282
v 0.014875 0.008894 0.000248
v 0.014875 0.008944 0.000226
v 0.014875 0.008924 0.000278
v 0.014875 0.008934 0.000282
v 0.014875 0.008929 0.000281
v 0.014875 0.008924 0.000278
v 0.014875 0.008894 0.000197
v 0.014875 0.008944 0.000169
v 0.014875 0.008944 0.000226
v 0.014875 0.008894 0.000146
v 0.014875 0.008924 0.000117
v 0.014875 0.008944 0.000169
v 0.014875 0.008924 0.000117
v 0.014875 0.008944 0.000112
v 0.014875 0.008944 0.000169
v 0.014875 0.008929 0.000113
v 0.014875 0.008934 0.000112
v 0.014875 0.008924 0.000117
v 0.014875 0.008934 0.000112
v 0.014875 0.008944 0.000112
v 0.014875 0.008924 0.000117
v 0.014875 0.008944 0.000169
v 0.014875 0.008964 0.000169
v 0.014875 0.008964 0.000226
v 0.014875 0.008894 0.000197
v 0.014875 0.008894 0.000146
v 0.014875 0.008944 0.000169
v 0.014875 0.008944 0.000226
v 0.014875 0.008944 0.000282
v 0.014875 0.008924 0.000278
v 0.014982 0.008964 0.000169
v 0.014975 0.008964 0.000173
v 0.014875 0.008964 0.000169
v 0.014975 0.008964 0.000173
v 0.014969 0.008964 0.000180
v 0.014875 0.008964 0.000169
v 0.014969 0.008964 0.000180
v 0.014965 0.008964 0.000188
v 0.014875 0.008964 0.000169
v 0.014965 0.008964 0.000188
v 0.014964 0.008964 0.000197
v 0.014875 0.008964 0.000169
v 0.014964 0.008964 0.000197
v 0.014875 0.008964 0.000226
v 0.014875 0.008964 0.000169
v 0.014875 0.008964 0.000226
v 0.014964 0.008964 0.000197
v 0.014965 0.008964 0.000206
v 0.014875 0.008964 0.000226
v 0.014965 0.008964 0.000206
v 0.014969 0.008964 0.000214
v 0.014875 0.008964 0.000226
v 0.014969 0.008964 0.000214
v 0.014975 0.008964 0.000221
v 0.014982 0.008964 0.000226
v 0.014875 0.008964 0.000226
v 0.014975 0.008964 0.000221
vn -0.0000 1.0000 -0.0000
vn -0.0000 1.0000 -0.0001
vn -0.0000 1.0000 -0.0002
vn -0.0000 1.0000 0.0001
vn -0.0000 1.0000 0.0002
vn -0.0000 -1.0000 -0.0000
vn -0.0000 -1.0000 -0.0001
vn -0.0000 -1.0000 -0.0002
vn -0.0000 -0.0000 -1.0000
vn -0.0000 -0.0001 -1.0000
vn -0.0000 -0.7071 -0.7071
vn 0.0001 -0.7071 -0.7071
vn -0.0000 -0.7071 0.7071
vn -0.0000 -0.7072 0.7070
vn -0.0000 -0.7070 0.7072
vn 0.0001 -0.7071 0.7071
vn -0.0000 -0.0000 1.0000
vn -0.0000 -0.3827 0.9239
vn -0.0000 -0.3827 -0.9239
vn 0.0001 -0.0000 -1.0000
vn -0.0000 0.0002 -1.0000
vn 0.0001 -0.0000 1.0000
vn -0.0001 0.0001 1.0000
vn -0.0000 0.0001 -1.0000
vn 0.0001 0.0002 -1.0000
vn -0.0000 0.0001 1.0000
vn -0.0001 -0.0000 1.0000
vn -0.0000 -0.0002 1.0000
vn -0.0001 -0.0000 -1.0000
vn -0.0002 0.0001 -1.0000
vn -0.9397 0.3421 -0.0000
vn -0.9397 0.3420 -0.0000
vn 0.9397 0.3421 -0.0000
vn 0.9397 0.3420 -0.0000
vn -0.9396 0.3421 -0.0000
vn -0.9396 0.3422 -0.0001
vn -0.5000 0.8660 -0.0001
vn -0.5000 0.8660 -0.0000
vn 0.5000 0.8660 -0.0000
vn 0.5000 0.8660 0.0001
vn -0.9397 0.3420 -0.0002
vn -0.0000 -1.0000 0.0001
vn -0.0000 -1.0000 0.0002
vn -0.0000 -1.0000 -0.0003
vn -0.0001 -0.7071 0.7071
vn 0.0001 -0.7073 0.7069
vn 0.0001 -0.7074 0.7068
vn -0.0000 -0.7071 0.7072
vn -0.0000 -0.0001 1.0000
vn 0.0001 1.0000 -0.0000
vn -0.0001 1.0000 -0.0000
vn -0.0000 -0.7072 -0.7071
vn -0.0000 -0.7072 0.7071
vn 0.0001 -0.7068 0.7074
vn 1.0000 -0.0000 -0.0000
vn 1.0000 0.0001 -0.0000
vn 1.0000 -0.0000 -0.0001
vn 1.0000 -0.0001 -0.0000
vn -0.0000 -0.0000 -0.0000
vn 1.0000 -0.0010 -0.0022
vn -1.0000 -0.0001 -0.0000
vn -1.0000 -0.0000 -0.0000
vn -1.0000 -0.0004 -0.0008
vn -1.0000 0.0001 -0.0000
vn -1.0000 0.0003 -0.0000
vn 0.8660 -0.0000 0.5000
vn 0.8660 -0.0000 -0.5000
vn 0.8660 -0.0000 -0.5001
vn 1.0000 -0.0001 0.0001
vn -0.8660 -0.0000 0.5000
vn -0.8660 -0.0000 0.5001
vn -0.8660 -0.0000 -0.5000
vn -0.8660 -0.0001 -0.5000
vn -0.8661 -0.0000 -0.5000
vn 1.0000 -0.0009 -0.0020
vn -1.0000 -0.0000 0.0001
vn 0.8660 -0.0000 0.5001
vn -0.0000 1.0000 -0.0004
vn -0.0000 1.0000 0.0003
vn -0.0000 1.0000 -0.0003
vn -0.0000 0.3827 0.9239
vn -0.0000 0.9239 0.3827
vn 0.0001 0.3827 0.9239
vn -0.0000 0.7071 0.7071
vn -0.0000 0.7070 0.7072
vn 0.7373 0.6756 -0.0000
vn 0.7933 0.6088 -0.0000
vn 0.9239 0.3827 -0.0000
vn 0.9239 0.3826 -0.0000
vn 0.3827 0.9239 -0.0000
vn 0.7071 0.7071 -0.0000
vn 0.3826 0.9239 -0.0000
vn 0.7075 0.7068 -0.0000
vn 0.7071 0.7071 0.0001
vn 0.7934 0.6087 -0.0000
vn -0.0000 0.9239 -0.3827
vn -0.0000 0.7071 -0.7071
vn -0.0000 0.9239 -0.3826
vn -0.0001 1.0000 0.0001
vn -0.0000 0.3827 -0.9239
vn 0.0001 0.9239 -0.3827
vn -0.0000 0.3826 -0.9239
vn 0.0001 0.7072 -0.7071
vn 0.0001 0.7071 -0.7071
vn 0.7660 0.6428 -0.0000
vn 0.8660 0.5000 -0.0000
vn 0.7661 0.6427 -0.0000
vn 0.3333 0.9428 -0.0000
vn 0.8660 0.5001 -0.0000
vn 0.8363 0.5482 -0.0000
vn 0.3334 0.9428 -0.0000
vn -0.5736 0.8191 0.0001
vn -0.5736 0.8191 -0.0000
vn -0.5736 0.8191 -0.0001
vn 0.5736 0.8191 -0.0000
vn 0.5735 0.8192 -0.0000
vn 0.5736 0.8191 0.0001
vn -0.0000 0.3830 0.9238
vn -0.0000 0.7068 0.7074
vn -0.7373 0.6756 -0.0000
vn -0.7933 0.6088 -0.0000
vn -0.7373 0.6755 -0.0000
vn -0.9239 0.3826 -0.0000
vn -0.7071 0.7071 -0.0000
vn -0.3827 0.9239 -0.0000
vn -0.7075 0.7068 -0.0000
vn -0.9239 0.3827 -0.0000
vn -0.7934 0.6087 -0.0000
vn -0.3826 0.9239 -0.0000
vn 0.0001 0.3827 -0.9239
vn -0.0000 0.9244 -0.3813
vn -0.0001 0.3827 -0.9239
vn -0.0000 0.9244 -0.3814
vn -0.0000 0.7072 -0.7070
vn -0.8660 0.5001 -0.0000
vn -0.7660 0.6428 -0.0000
vn -0.7661 0.6427 -0.0000
vn -0.3333 0.9428 -0.0000
vn -0.8364 0.5482 -0.0000
vn -0.7661 0.6427 0.0001
vn -0.3334 0.9428 -0.0000
vn -0.8363 0.5482 -0.0000
vn -0.5735 0.8192 -0.0000
vn 0.9808 -0.0000 0.1951
vn 0.9239 -0.0000 0.3826
vn 0.9239 -0.0000 0.3827
vn 0.8315 -0.0000 0.5555
vn 0.8328 -0.0000 0.5535
vn 0.7071 -0.0000 0.7071
vn 0.7085 -0.0000 0.7057
vn 0.5556 -0.0000 0.8314
vn 0.3827 -0.0000 0.9239
vn 0.5555 -0.0000 0.8315
vn 0.3827 0.0001 0.9239
vn 0.5556 -0.0000 0.8315
vn 0.9808 -0.0000 0.1950
vn 0.1951 0.0002 0.9808
vn 0.1950 -0.0000 0.9808
vn 0.1951 -0.0000 0.9808
vn 0.3826 -0.0000 0.9239
vn 0.5557 -0.0000 0.8314
vn 0.8314 -0.0000 0.5556
vn 0.9808 0.0001 0.1951
vn -0.1951 -0.0000 0.9808
vn -0.3826 -0.0000 0.9239
vn -0.3827 -0.0000 0.9239
vn -0.5555 -0.0000 0.8315
vn -0.5556 -0.0000 0.8315
vn -0.5556 0.0001 0.8315
vn -0.7071 -0.0000 0.7071
vn -0.7071 0.0001 0.7071
vn -0.8314 -0.0000 0.5556
vn -0.9239 -0.0000 0.3827
vn -0.8315 -0.0000 0.5555
vn -0.9237 0.0001 0.3831
vn -0.8301 0.0001 0.5576
vn -0.9808 -0.0000 0.1951
vn -0.9808 -0.0000 0.1950
vn -0.1951 0.0001 0.9808
vn -0.1950 -0.0000 0.9808
vn -0.5556 -0.0000 0.8314
vn -0.9808 -0.0000 -0.1950
vn -0.9239 -0.0000 -0.3827
vn -0.9808 -0.0000 -0.1951
vn -0.8315 -0.0000 -0.5555
vn -0.8315 0.0001 -0.5556
vn -0.9248 -0.0000 -0.3804
vn -0.7071 0.0001 -0.7071
vn -0.7071 -0.0000 -0.7071
vn -0.5556 -0.0000 -0.8314
vn -0.5555 -0.0000 -0.8315
vn -0.3827 -0.0000 -0.9239
vn -0.1951 -0.0000 -0.9808
vn -0.3831 0.0001 -0.9237
vn -0.1950 -0.0000 -0.9808
vn -0.3825 -0.0000 -0.9239
vn -0.5576 -0.0000 -0.8301
vn -0.8314 -0.0000 -0.5556
vn -0.9808 0.0001 -0.1951
vn 0.9808 -0.0000 -0.1951
vn 0.9239 -0.0000 -0.3827
vn 0.8309 0.0003 -0.5564
vn 0.8315 -0.0000 -0.5555
vn 0.7071 -0.0000 -0.7071
vn 0.8314 -0.0000 -0.5556
vn 0.5557 -0.0000 -0.8314
vn 0.7072 -0.0000 -0.7070
vn 0.3827 -0.0000 -0.9239
vn 0.5555 -0.0000 -0.8315
vn 0.5556 -0.0000 -0.8315
vn 0.1951 -0.0000 -0.9808
vn 0.3826 -0.0000 -0.9239
vn 0.9808 -0.0000 -0.1950
vn 0.1950 -0.0000 -0.9808
vn -0.3826 -0.0000 -0.9239
vn -0.5556 -0.0000 -0.8315
vn -0.8315 -0.0000 -0.5556
vn -0.9808 -0.0000 -0.1952
vn -0.9808 -0.0000 0.1952
vn -0.8309 0.0003 0.5564
vn -0.8314 -0.0000 0.5557
vn 0.7072 -0.0000 0.7070
vn 0.8315 -0.0000 0.5556
vn 0.8314 -0.0000 0.5557
vn 0.9808 -0.0000 0.1952
vn -0.5000 -0.0000 0.8660
vn -0.2588 -0.0000 0.9659
vn -0.5000 -0.0001 0.8660
vn -0.2588 -0.0000 -0.9659
vn -0.5000 -0.0000 -0.8660
vn -0.2588 -0.0001 -0.9659
vn 0.5000 -0.0000 -0.8660
vn 0.2588 -0.0000 -0.9659
vn 0.2588 -0.0000 0.9659
vn 0.5000 -0.0001 0.8660
vn 0.5000 -0.0000 0.8661
vn 0.5000 -0.0000 0.8660
vn 0.2588 -0.0001 0.9659
vn 0.5001 -0.0000 0.8660
vn 0.1952 -0.0000 -0.9808
vn 0.3825 -0.0000 -0.9239
vn 0.7071 0.0001 -0.7071
vn 0.9239 0.0001 -0.3827
vn 0.8317 0.0001 -0.5553
vn 0.9808 0.0001 -0.1951
vn 0.5556 -0.0000 -0.8314
vn 0.1951 0.0001 -0.9808
vn 0.3827 -0.9239 -0.0000
vn 0.7071 -0.7072 -0.0000
vn 0.7071 -0.7071 -0.0000
vn 0.9239 -0.3827 -0.0000
vn 0.3826 -0.9239 -0.0000
vn 0.9239 -0.3826 -0.0000
vn -0.3826 -0.9239 -0.0000
vn -0.7071 -0.7071 -0.0000
vn -0.3827 -0.9239 -0.0000
vn -0.9239 -0.3827 -0.0000
vn -0.9239 -0.3826 -0.0000
vn -0.0000 0.7070 -0.7072
vn 0.0001 0.7071 0.7071
vn -0.0001 0.7071 0.7071
vn -0.0000 0.7068 -0.7074
vn -0.7490 -0.0000 -0.6626
vn -0.7489 -0.0000 -0.6626
vn -0.7490 0.0001 -0.6626
vn -0.7933 0.5272 -0.3044
vn -0.5000 0.7499 -0.4331
vn -0.7071 0.7071 -0.0001
vn -0.3827 0.9239 -0.0001
vn -0.0000 0.9245 -0.3813
vn -0.5000 0.7500 -0.4331
vn -0.9238 -0.0000 -0.3828
vn -0.7933 0.5273 -0.3044
vn -0.7934 0.5272 -0.3044
vn -0.9205 -0.0179 0.3903
vn -0.7072 0.7070 0.0001
vn -0.0001 0.7071 0.7072
vn -0.3827 0.9239 0.0016
vn -0.7072 0.7071 0.0001
vn -0.3834 0.0040 0.9236
vn -0.7071 0.7071 0.0001
vn -1.0000 -0.0000 -0.0001
vn -0.7071 -0.0001 0.7071
vn -0.3834 -0.0000 0.9236
vn -0.3801 0.7660 0.5184
vn -0.3830 0.5001 0.7767
vn -0.6511 0.5000 0.5710
vn -0.1241 0.8191 0.5600
vn -0.8565 0.4746 0.2030
vn -0.6716 0.6428 0.3685
vn -0.0000 0.3826 0.9239
vn 0.5600 0.8191 0.1241
vn 0.7767 0.5000 0.3830
vn 0.4635 0.6862 0.5606
vn 0.5974 0.6428 0.4795
vn 0.2784 0.4999 0.8201
vn 0.7071 0.7071 0.0002
vn 0.7071 -0.0001 0.7071
vn 0.3834 0.9236 0.0040
vn 0.9205 0.3903 -0.0179
vn 0.7071 0.0001 0.7071
vn 0.3834 0.9236 -0.0000
vn 0.7071 0.7071 -0.0001
vn 0.7932 0.3046 -0.5273
vn 0.5000 0.4330 -0.7500
vn 0.7933 0.3045 -0.5273
vn 0.7070 -0.0000 -0.7072
vn 0.4999 0.4330 -0.7500
vn 0.0001 0.7070 -0.7072
vn 0.7932 0.3045 -0.5273
vn 0.5000 0.4329 -0.7500
vn 0.9239 -0.0001 -0.3827
vn 1.0000 -0.0001 -0.0001
vn 0.7490 -0.0000 -0.6626
vn 0.7489 -0.0000 -0.6626
vn -0.9239 -0.0000 0.3826
vn -0.7490 0.0001 0.6626
vn -0.7490 -0.0000 0.6626
vn -0.7490 -0.0000 0.6625
vn -0.7933 0.3045 0.5272
vn -0.5000 0.4330 0.7500
vn -0.7932 0.3045 0.5273
vn -0.9239 0.3827 -0.0001
vn -0.0001 0.9239 0.3827
vn -0.5000 0.4330 0.7501
vn -0.3834 0.0040 -0.9236
vn -0.7072 0.7071 -0.0001
vn -0.0000 0.7071 -0.7072
vn -0.0000 0.7072 -0.7071
vn -0.9205 -0.0179 -0.3903
vn -0.9205 -0.0180 -0.3903
vn -0.7075 -0.0000 -0.7068
vn -0.3827 0.0001 -0.9239
vn -0.0001 0.7071 -0.7071
vn -0.2030 0.4746 -0.8565
vn -0.3684 0.6428 -0.6716
vn -0.6795 0.6428 -0.3537
vn -0.8365 0.5000 -0.2241
vn -0.5710 0.5000 -0.6511
vn -0.0000 0.7069 -0.7073
vn 0.5495 0.7661 -0.3335
vn 0.6511 0.5000 -0.5710
vn 0.8201 0.5000 -0.2784
vn 0.3801 0.7661 -0.5184
vn 0.3830 0.5001 -0.7767
vn 0.1241 0.8192 -0.5600
vn 0.1241 0.8191 -0.5600
vn 0.5496 0.7660 -0.3335
vn 0.0001 1.0000 -0.0001
vn 1.0000 -0.0001 0.0002
vn 0.3827 0.0001 -0.9239
vn 0.7075 -0.0000 -0.7068
vn 0.9205 0.3903 0.0179
vn 0.7072 0.7070 -0.0001
vn 0.0001 0.7068 -0.7074
vn 0.7071 0.7071 -0.0002
vn 0.9240 0.3825 -0.0000
vn 0.3834 0.9236 -0.0040
vn 0.3827 0.9239 0.0001
vn 0.7933 0.5273 0.3044
vn 0.5000 0.7500 0.4330
vn 0.7933 0.5273 0.3043
vn 1.0000 -0.0000 0.0002
vn 0.9239 -0.0001 0.3828
vn 0.4999 0.7500 0.4330
vn 0.0001 0.9239 0.3827
vn 0.0002 0.3827 0.9239
vn 0.9239 0.0001 0.3826
vn 0.7490 -0.0000 0.6625
vn 0.7490 -0.0000 0.6626
vn -0.9685 -0.0000 -0.2489
vn -0.9578 -0.0000 -0.2875
vn -0.8347 -0.0000 -0.5507
vn -0.8947 -0.0000 -0.4467
vn -0.7620 0.0003 -0.6476
vn -0.6411 -0.0000 -0.7674
vn -0.5880 -0.0000 -0.8089
vn -0.7617 -0.0000 -0.6479
vn -0.5880 -0.0000 -0.8088
vn 0.9685 -0.0000 -0.2489
vn 0.8347 -0.0000 -0.5507
vn 0.9578 -0.0000 -0.2875
vn 0.8947 -0.0000 -0.4467
vn 0.8316 -0.0000 -0.5554
vn 0.7617 -0.0000 -0.6479
vn 0.5880 -0.0000 -0.8089
vn 0.6411 -0.0000 -0.7674
vn -0.9685 -0.0000 0.2489
vn -0.8347 -0.0000 0.5507
vn -0.9578 -0.0000 0.2875
vn -0.8947 -0.0000 0.4467
vn -0.7617 -0.0000 0.6479
vn -0.5880 -0.0000 0.8089
vn -0.6411 -0.0000 0.7674
vn 0.9685 -0.0000 0.2489
vn 0.9578 -0.0000 0.2875
vn 0.8347 -0.0000 0.5507
vn 0.8947 -0.0000 0.4467
vn 0.7617 -0.0000 0.6479
vn 0.6411 -0.0000 0.7674
vn 0.5880 -0.0000 0.8089
vn 0.5880 -0.0000 0.8088
vn -0.8947 -0.0000 0.4466
vn -0.5555 -0.0011 0.8315
vn -0.2008 0.0011 0.9796
vn -0.2009 -0.0000 0.9796
vn -0.3826 -0.0006 0.9239
vn -0.2008 -0.0000 0.9796
vn 0.2008 0.0006 0.9796
vn 0.2009 -0.0000 0.9796
vn -0.0002 -0.0011 -1.0000
vn 0.3827 -0.0011 0.9239
vn 0.8947 -0.0000 0.4466
vn 0.8315 -0.0000 -0.5556
vn 0.2008 -0.0000 -0.9796
vn 0.3826 -0.0006 -0.9239
vn -0.0000 0.0005 -1.0000
vn -0.2008 -0.0000 -0.9796
vn -0.2009 -0.0000 -0.9796
vn -0.3827 -0.0011 -0.9239
vn -0.5880 -0.0000 0.8088
vn -0.8947 -0.0000 -0.4466
vn -0.8316 -0.0000 -0.5554
vn -0.0002 -0.0000 1.0000
vn 0.2008 0.0011 -0.9796
vn 0.0002 -0.0011 1.0000
vn 0.5881 -0.0000 -0.8088
vn 0.7071 -0.0001 -0.7071
vn 0.5556 -0.0011 -0.8315
vn 0.8947 -0.0000 -0.4466
vn -0.8315 -0.0000 0.5556
vn 0.2008 -0.0000 0.9796
vn 0.1951 -0.0006 0.9808
vn 0.8167 -0.0000 0.5770
vn 0.7721 -0.0000 0.6355
vn 0.9289 -0.0000 0.3704
vn 0.8819 -0.0000 0.4714
vn 0.7130 -0.0000 0.7012
vn -0.5047 -0.0000 0.8633
vn -0.6344 -0.0000 0.7730
vn -0.7021 -0.0000 0.7121
vn -0.6100 -0.0000 0.7924
vn -0.8421 -0.0000 0.5393
vn -0.9469 -0.0000 0.3215
vn -0.8422 -0.0000 0.5392
vn -0.9239 -0.0013 0.3827
vn -0.9569 -0.0000 0.2903
vn -0.9470 -0.0000 0.3214
vn -0.9570 -0.0000 0.2902
vn -0.9469 -0.0000 0.3214
vn -0.9569 -0.0000 0.2904
vn -0.9921 -0.0000 -0.1254
vn -0.9921 -0.0000 -0.1255
vn -0.9297 -0.0000 -0.3684
vn -0.5200 -0.0000 -0.8542
vn -0.5067 -0.0000 -0.8621
vn -0.9296 -0.0000 -0.3685
vn -0.7390 -0.0000 -0.6737
vn -0.9239 -0.0000 -0.3826
vn 0.6140 -0.0000 0.7893
vn 0.5091 -0.0000 0.8607
vn 0.3935 -0.0000 0.9193
vn 0.4714 -0.0000 0.8819
vn 0.3934 -0.0000 0.9194
vn 0.9289 -0.0000 0.3703
vn 0.9983 -0.0000 0.0583
vn 0.9808 -0.0020 0.1951
vn 0.9764 -0.0000 -0.2160
vn 0.9952 -0.0000 -0.0980
vn 0.9764 -0.0000 -0.2161
vn 0.8499 -0.0000 -0.5269
vn 0.9239 -0.0000 -0.3826
vn 0.9952 -0.0000 -0.0981
vn 0.8499 -0.0000 -0.5270
vn 0.6374 -0.0000 -0.7705
vn 0.7730 -0.0000 -0.6344
vn 0.6373 -0.0000 -0.7706
vn -0.0981 -0.0000 0.9952
vn -0.0980 -0.0000 0.9952
vn -0.0002 -0.0000 -1.0000
vn 0.2008 0.0012 0.9796
vn 0.2903 -0.0000 -0.9569
vn 0.2901 -0.0000 -0.9570
vn -0.0000 -0.0012 -1.0000
vn -0.5068 -0.0000 -0.8621
vn 0.2009 -0.0000 -0.9796
vn 1.0000 0.0013 -0.0000
vn 0.8315 0.0007 0.5555
vn 0.3936 -0.0000 0.9193
vn 0.3934 0.0011 0.9194
vn 0.0001 0.0022 -1.0000
vn 0.0002 -0.0000 -1.0000
vn -0.0000 -0.0012 1.0000
vn 0.9239 -0.0007 0.3826
vn 0.9808 -0.0010 -0.1951
vn -0.3827 0.0011 -0.9239
vn -0.1952 -0.0000 -0.9808
vn -0.8315 0.0008 -0.5556
vn -0.5557 -0.0000 -0.8314
vn -0.3934 -0.0000 0.9194
vn -0.5199 -0.0000 -0.8542
vn -0.3935 -0.0000 -0.9193
vn 0.6374 -0.0000 -0.7706
vn 0.3934 -0.0000 -0.9194
vn 0.2902 -0.0000 -0.9570
vn -0.3934 -0.0000 -0.9194
vn 0.3935 -0.0000 -0.9193
vn 0.5555 -0.0011 -0.8315
vn -0.3935 -0.0000 0.9193
vn -0.3934 0.0011 -0.9194
vn -0.0491 -0.0000 0.9988
vn 0.9569 -0.0000 0.2903
vn 0.6344 -0.0000 0.7730
vn -0.4714 -0.0000 0.8819
vn -0.8819 -0.0000 0.4714
vn -0.9952 -0.0000 -0.0980
vn -0.7730 -0.0000 -0.6344
vn -0.2903 -0.0000 -0.9569
vn 0.8314 -0.0000 -0.5557
vn -0.9239 -0.0000 -0.3828
vn 0.0980 -0.0000 0.9952
vn 0.9808 -0.0000 -0.1952
vn -0.5557 -0.0000 0.8314
vn -0.2904 -0.0000 -0.9569
vn 0.9569 -0.0000 0.2904
vn -0.7072 -0.0000 0.7071
vn -0.1950 -0.6935 -0.6935
vn -0.3827 -0.6533 -0.6533
vn -0.7071 -0.5000 -0.5000
vn -0.7071 -0.5001 -0.5000
vn -0.9239 -0.2706 -0.2706
vn -0.1951 -0.6935 -0.6935
vn -0.3826 -0.6533 -0.6533
vn -0.3825 -0.6533 -0.6533
vn -0.0654 -0.5343 -0.8427
vn -0.2340 -0.4970 -0.8356
vn -0.2809 -0.4081 -0.8687
vn -0.1392 -0.6558 -0.7420
vn -0.5234 -0.5561 -0.6456
vn -0.7679 -0.3778 -0.5172
vn -0.3643 -0.3151 -0.8764
vn -0.6006 -0.3662 -0.7107
vn -0.2216 -0.2651 -0.9384
vn -0.9521 -0.1591 -0.2611
vn -0.8511 -0.2097 -0.4813
vn -0.6526 -0.2221 -0.7244
vn -0.5838 -0.2784 -0.7627
vn -0.4611 -0.1775 -0.8694
vn -0.4383 -0.5071 -0.7421
vn 0.0654 -0.5343 -0.8427
vn 0.2809 -0.4081 -0.8687
vn 0.1393 -0.6558 -0.7420
vn 0.4383 -0.5071 -0.7421
vn 0.5234 -0.5561 -0.6456
vn 0.7071 -0.5000 -0.5000
vn 0.3827 -0.6533 -0.6533
vn 0.7679 -0.3779 -0.5172
vn 0.3643 -0.3151 -0.8764
vn 0.2217 -0.2651 -0.9384
vn 0.5837 -0.2784 -0.7627
vn 0.6006 -0.3662 -0.7107
vn 0.9521 -0.1591 -0.2611
vn 0.9239 -0.2706 -0.2706
vn 0.8511 -0.2097 -0.4813
vn 0.6526 -0.2221 -0.7244
vn 0.4611 -0.1775 -0.8694
vn 0.2340 -0.4970 -0.8356
vn 0.3825 -0.9239 -0.0000
vn 0.9239 -0.3827 0.0001
vn 0.9239 -0.3828 -0.0000
vn 0.3826 -0.6533 0.6533
vn 0.3827 -0.6533 0.6533
vn 0.7071 -0.5000 0.5000
vn 0.3827 -0.6532 0.6533
vn 0.9239 -0.2706 0.2706
vn 0.0654 -0.5343 0.8428
vn 0.2340 -0.4970 0.8356
vn 0.2809 -0.4081 0.8686
vn 0.1392 -0.6558 0.7420
vn 0.5234 -0.5561 0.6456
vn 0.7679 -0.3778 0.5172
vn 0.3643 -0.3150 0.8764
vn 0.6006 -0.3662 0.7107
vn 0.2217 -0.2651 0.9384
vn 0.9521 -0.1591 0.2611
vn 0.8511 -0.2097 0.4813
vn 0.6526 -0.2221 0.7244
vn 0.5838 -0.2783 0.7627
vn 0.4611 -0.1775 0.8694
vn 0.4383 -0.5071 0.7421
vn -0.0654 -0.5343 0.8428
vn -0.2809 -0.4081 0.8686
vn -0.1393 -0.6558 0.7420
vn -0.4383 -0.5071 0.7421
vn -0.5234 -0.5561 0.6456
vn -0.7071 -0.5000 0.5000
vn -0.3827 -0.6533 0.6533
vn -0.7679 -0.3778 0.5172
vn -0.3643 -0.3151 0.8764
vn -0.2217 -0.2651 0.9384
vn -0.5837 -0.2784 0.7627
vn -0.6006 -0.3662 0.7107
vn -0.9521 -0.1592 0.2611
vn -0.9239 -0.2706 0.2706
vn -0.8511 -0.2097 0.4813
vn -0.6526 -0.2221 0.7244
vn -0.4611 -0.1775 0.8694
vn -0.2340 -0.4970 0.8356
vn -0.0000 -0.7069 0.7073
vn -0.1950 -0.6935 0.6935
vn -0.1951 -0.6935 0.6935
vn -0.3825 -0.6533 0.6533
vn -0.3826 -0.6533 0.6533
vn -0.9239 -0.3827 0.0001
vn -0.0001 -1.0000 -0.0000
vn -0.2217 -0.2651 -0.9384
vn -0.3827 -0.6532 0.6533
vn -0.0654 -0.5343 0.8427
vn -0.2216 -0.2651 0.9384
vn -0.9521 -0.1591 0.2611
vn 0.7679 -0.3778 -0.5172
vn 0.9521 -0.1592 -0.2611
vn 0.2340 -0.4969 -0.8356
vn 0.3643 -0.3151 0.8764
vn 0.2216 -0.2651 0.9384
vn 0.9521 -0.1592 0.2611
vn 0.3825 -0.9239 -0.0001
vn -0.3062 -0.9354 0.1768
vn -0.3314 -0.9239 0.1913
vn -0.5335 -0.7877 0.3080
vn -0.6124 -0.7071 0.3535
vn -0.7124 -0.5685 0.4114
vn -0.8267 -0.2978 0.4774
vn -0.8001 -0.3827 0.4619
vn -0.3062 -0.9354 0.1767
vn -0.9305 -0.1387 0.3389
vn -0.3828 -0.9238 -0.0008
vn -0.9238 -0.3828 0.0009
vn -0.7292 -0.2251 0.6462
vn -0.5263 -0.4298 0.7337
vn -0.2757 -0.5955 0.7546
vn -0.2757 -0.5954 0.7546
vn -0.2758 -0.5954 0.7546
vn -0.3241 -0.5009 0.8025
vn -0.4694 -0.2615 0.8434
vn -0.4183 -0.3352 0.8442
vn -0.2392 -0.2387 0.9412
vn -0.1619 -0.4875 0.8580
vn -0.9753 -0.1387 -0.1717
vn -0.3311 -0.9238 -0.1921
vn -0.6124 -0.7071 -0.3535
vn -0.8005 -0.3828 -0.4612
vn -0.3062 -0.9354 -0.1768
vn -0.3062 -0.9354 -0.1767
vn -0.5335 -0.7877 -0.3080
vn -0.7124 -0.5685 -0.4114
vn -0.8267 -0.2978 -0.4774
vn 0.3241 -0.5009 0.8025
vn 0.2757 -0.5954 0.7546
vn 0.5263 -0.4298 0.7337
vn 0.1619 -0.4875 0.8580
vn 0.4694 -0.2615 0.8434
vn 0.4183 -0.3352 0.8442
vn 0.7292 -0.2251 0.6462
vn 0.2392 -0.2387 0.9412
vn -0.2757 -0.5955 -0.7546
vn -0.2757 -0.5954 -0.7546
vn -0.5263 -0.4297 -0.7337
vn -0.7292 -0.2251 -0.6462
vn 0.7293 -0.2251 0.6461
vn 0.5264 -0.4298 0.7336
vn 0.2757 -0.5955 0.7546
vn -0.3241 -0.5009 -0.8025
vn -0.1619 -0.4875 -0.8580
vn -0.4694 -0.2615 -0.8434
vn -0.4183 -0.3352 -0.8442
vn -0.2392 -0.2387 -0.9412
vn 0.5335 -0.7877 0.3080
vn 0.3062 -0.9354 0.1768
vn 0.3314 -0.9239 0.1914
vn 0.6124 -0.7071 0.3535
vn 0.5336 -0.7877 0.3080
vn 0.8001 -0.3827 0.4619
vn 0.3062 -0.9354 0.1767
vn 0.3314 -0.9239 0.1913
vn 0.9753 -0.1387 0.1717
vn 0.9238 -0.3828 0.0009
vn 0.3828 -0.9238 -0.0008
vn 0.3241 -0.5009 -0.8025
vn 0.2757 -0.5954 -0.7546
vn 0.5263 -0.4298 -0.7337
vn 0.4694 -0.2615 -0.8434
vn 0.4183 -0.3352 -0.8442
vn 0.2392 -0.2387 -0.9412
vn 0.7293 -0.2251 -0.6462
vn 0.1619 -0.4875 -0.8580
vn 0.2757 -0.5955 -0.7546
vn 0.7293 -0.2251 -0.6461
vn 0.5264 -0.4298 -0.7336
vn 0.9305 -0.1387 -0.3389
vn 0.8005 -0.3828 -0.4611
vn 0.6124 -0.7071 -0.3536
vn 0.3311 -0.9238 -0.1921
vn 0.3061 -0.9354 -0.1768
vn 0.3312 -0.9238 -0.1922
vn 0.3062 -0.9354 -0.1768
vn 0.5335 -0.7877 -0.3080
vn 0.3062 -0.9354 -0.1767
vt 0.850000 -1.200000
vt 0.303686 -1.937750
vt 0.850000 -2.340385
vt 0.310000 -2.000000
vt 0.841482 -2.405090
vt 0.725000 -2.556891
vt 0.285000 -2.121963
vt 0.303686 -2.062250
vt 0.816506 -2.465385
vt 0.776777 -2.517161
vt 0.285000 -2.810925
vt 0.285000 -1.878037
vt 0.285000 -1.200000
vt -0.310000 -2.000000
vt -0.303686 -1.937750
vt -0.850000 -2.340385
vt -0.850000 -1.200000
vt -0.285000 -1.200000
vt -0.285000 -1.878037
vt -0.285000 -2.121963
vt -0.725000 -2.556891
vt -0.303686 -2.062250
vt -0.285000 -2.810925
vt -0.841482 -2.405090
vt -0.816506 -2.465385
vt -0.776777 -2.517161
vt -0.500000 -1.855662
vt -0.510000 -1.853908
vt -0.500000 -2.000000
vt -0.500000 -2.144338
vt -0.510000 -2.180862
vt -0.500000 -2.288675
vt 0.500000 -1.855662
vt 0.500000 -2.000000
vt 0.510000 -1.853908
vt 0.500000 -1.711325
vt 0.510000 -1.526954
vt 0.510000 -2.180862
vt 0.500000 -2.288675
vt 0.510000 -2.507816
vt 0.500000 -2.144338
vt -0.000000 -1.200000
vt -0.000000 -1.422650
vt 0.510000 -1.200000
vt -0.510000 -1.526954
vt -0.510000 -1.200000
vt -0.500000 -1.711325
vt -0.510000 -2.507816
vt -0.000000 -2.577350
vt -0.159808 -2.710000
vt 0.159808 -2.710000
vt 0.797868 -2.340385
vt 0.797868 -1.200000
vt 0.700000 -2.340385
vt 0.700000 -1.200000
vt 1.200000 -1.526954
vt 1.200000 -1.200000
vt 0.903934 -1.200000
vt 1.200000 -1.853908
vt 0.903934 -2.340385
vt 0.953934 -2.426987
vt 1.200000 -2.507816
vt 1.200000 -2.180862
vt 0.907341 -2.366267
vt 0.917331 -2.390385
vt -0.756066 -2.426987
vt -0.519688 -2.563460
vt -0.903934 -1.200000
vt -1.200000 -1.853908
vt -0.903934 -2.340385
vt -0.953934 -2.426987
vt -0.917331 -2.390385
vt -1.200000 -2.180862
vt 0.519688 -2.563460
vt 0.756066 -2.426987
vt -1.200000 -2.507816
vt -0.907341 -2.366267
vt -1.200000 -1.526954
vt -1.200000 -1.200000
vt -0.700000 -2.340385
vt -0.700000 -1.200000
vt -0.797868 -2.340385
vt -0.797868 -1.200000
vt -0.855271 -2.340385
vt -0.855271 -1.200000
vt 0.855271 -2.340385
vt 0.855271 -1.200000
vt -0.000000 -3.060982
vt 0.150000 -3.150000
vt 0.150000 -2.810925
vt 0.700000 -2.810925
vt 0.700000 -2.121963
vt 0.350000 -2.121963
vt 0.153806 -3.169134
vt 0.164645 -3.185355
vt -0.000000 -4.000000
vt 0.180866 -3.196194
vt 0.200000 -3.200000
vt 0.700000 -4.000000
vt 0.700000 -3.200000
vt -0.000000 -2.121963
vt -0.500000 -0.121963
vt -0.500000 -1.200000
vt -0.000000 -0.121963
vt -0.000000 -1.878037
vt -0.700000 -1.878037
vt 0.000000 3.060982
vt -0.150000 3.150000
vt -0.150000 2.810925
vt -0.700000 2.810925
vt -0.700000 2.121963
vt -0.000000 2.121963
vt -0.153806 3.169134
vt -0.164645 3.185355
vt 0.000000 4.000000
vt -0.180866 3.196194
vt -0.200000 3.200000
vt -0.700000 4.000000
vt -0.700000 3.200000
vt 0.500000 0.121963
vt 0.500000 1.200000
vt 0.000000 0.121963
vt 0.000000 1.878037
vt 0.700000 1.200000
vt 0.700000 1.878037
vt 0.350000 1.878037
vt -0.350000 1.878037
vt -0.500000 1.200000
vt -0.500000 0.121963
vt -0.700000 1.878037
vt -0.700000 1.200000
vt 0.350000 -1.878037
vt 0.500000 -1.200000
vt 0.500000 -0.121963
vt 0.700000 -1.878037
vt -0.550000 0.100000
vt 0.550000 0.100000
vt -0.550000 0.180261
vt 0.550000 0.180261
vt 0.550000 0.089019
vt -0.550000 0.089019
vt -0.550000 2.675000
vt 0.550000 2.675000
vt -0.550000 2.690000
vt 0.550000 2.690000
vt 0.550000 2.870000
vt -0.550000 2.870000
vt -0.550000 2.885000
vt 0.550000 2.885000
vt -0.550000 2.895981
vt 0.550000 2.895981
vt -0.550000 3.175000
vt 0.550000 3.175000
vt -0.550000 3.190000
vt 0.550000 3.190000
vt 0.550000 3.370000
vt -0.550000 3.370000
vt -0.550000 3.385000
vt 0.550000 3.385000
vt -0.550000 3.395981
vt 0.550000 3.395981
vt -0.550000 -2.885000
vt -0.550000 -2.895981
vt 0.550000 -2.885000
vt -0.550000 -2.870000
vt 0.550000 -2.870000
vt 0.550000 -2.895981
vt 0.550000 -2.690000
vt -0.550000 -2.690000
vt -0.550000 -2.675000
vt 0.550000 -2.675000
vt -0.550000 -3.385000
vt -0.550000 -3.395981
vt 0.550000 -3.385000
vt -0.550000 -3.370000
vt 0.550000 -3.370000
vt 0.550000 -3.395981
vt 0.550000 -3.190000
vt -0.550000 -3.190000
vt -0.550000 -3.175000
vt 0.550000 -3.175000
vt -1.350000 -0.540000
vt -1.600000 -3.750000
vt -1.350000 -2.340000
vt -0.850000 -0.340000
vt -0.850000 -0.540000
vt -0.285000 -0.121963
vt -0.303686 -0.062250
vt -1.350000 -0.340000
vt -1.350000 0.340000
vt -1.350000 -2.540000
vt -1.278377 -3.141626
vt -1.200000 -3.130000
vt -1.350004 -3.175503
vt -0.850000 -2.540000
vt -0.285000 -3.060982
vt -1.009081 -3.209081
vt -0.850000 -2.340000
vt -1.350000 2.340000
vt -1.600000 3.750000
vt -1.350000 0.540000
vt -0.285000 1.878037
vt -0.850000 2.340000
vt -0.303686 1.937750
vt -0.310000 2.000000
vt -0.850000 2.540000
vt -1.028714 3.191287
vt -1.096676 3.150553
vt -0.285000 2.121963
vt -0.941626 3.321623
vt -1.350000 2.540000
vt -1.390919 3.209081
vt -1.438119 3.272723
vt -1.327277 3.161881
vt -0.850000 0.340000
vt -0.310000 0.000000
vt -0.850000 0.540000
vt -0.285000 0.121963
vt -0.303686 0.062250
vt -1.408713 -3.228714
vt -0.935188 -3.347326
vt -0.930000 -3.400000
vt -0.285000 -4.000000
vt -0.941626 -3.478377
vt -1.350000 -4.000000
vt -1.096676 -3.649448
vt -1.173535 -3.668700
vt -1.252674 -3.664812
vt -1.327277 -3.638119
vt -1.488893 -3.957867
vt -1.445671 -3.980970
vt -1.526777 -3.926777
vt -1.557867 -3.888893
vt -1.595196 -3.798773
vt -1.580970 -3.845671
vt -1.468700 -3.373536
vt -1.449448 -3.296675
vt -1.408713 3.571286
vt -1.350004 3.624497
vt -1.595196 3.798773
vt -1.580970 3.845671
vt -1.557867 3.888893
vt -1.278377 3.658374
vt -1.488893 3.957867
vt -1.526777 3.926777
vt -1.350000 4.000000
vt -1.147326 3.664812
vt -1.096676 3.649448
vt -1.200000 3.670000
vt -0.285000 4.000000
vt -0.930000 3.400000
vt -0.975503 3.249996
vt -0.285000 3.060982
vt -1.173535 3.131300
vt -1.252674 3.135188
vt -0.303686 2.062250
vt -1.147326 -3.135188
vt -0.950553 -3.296675
vt -1.096676 -3.150553
vt -1.466756 -3.413105
vt -1.464812 -3.452675
vt -1.449448 3.503325
vt -1.438119 -3.527277
vt -1.390919 -3.590919
vt -1.398773 -3.995196
vt -0.975503 -3.550004
vt -1.028714 -3.608713
vt -1.464812 3.347326
vt -0.975503 -3.249996
vt -1.049996 -3.175503
vt -0.817500 -4.000000
vt -1.398773 3.995196
vt -1.445671 3.980970
vt -1.468700 3.426465
vt -1.466756 3.386895
vt -0.935188 3.452675
vt -0.950553 3.503325
vt -0.975503 3.550004
vt -1.009081 3.590919
vt -1.049996 3.624497
vt -0.817500 4.000000
vt 0.850000 2.340000
vt 0.310000 2.000000
vt 0.303686 1.937750
vt 1.350000 2.340000
vt 0.285000 1.878037
vt 1.350000 0.540000
vt 1.600000 3.750000
vt 0.850000 2.540000
vt 0.285000 2.121963
vt 1.350000 2.540000
vt 1.371286 3.191287
vt 1.303325 3.150553
vt 0.850000 0.340000
vt 0.303686 0.062250
vt 0.310000 0.000000
vt 0.850000 -0.340000
vt 1.350000 0.340000
vt 1.350000 -0.340000
vt 1.424497 3.249996
vt 0.285000 0.121963
vt 0.850000 0.540000
vt 0.850000 -0.540000
vt 1.350000 -0.540000
vt 1.350000 -2.340000
vt 1.600000 -3.750000
vt 0.285000 -0.121963
vt 1.458374 3.321623
vt 0.850000 -2.540000
vt 0.950553 -3.296675
vt 0.850000 -2.340000
vt 1.350000 -2.540000
vt 1.303325 -3.150553
vt 1.350004 -3.175503
vt 0.303686 -0.062250
vt 1.226465 3.131300
vt 1.147326 3.135188
vt 1.424497 -3.249996
vt 1.390919 -3.209081
vt 1.449448 -3.296675
vt 1.009081 3.209081
vt 1.072723 3.161881
vt 0.285000 3.060982
vt 0.961881 3.272723
vt 0.935188 3.347326
vt 0.285000 4.000000
vt 0.931300 3.426465
vt 1.350000 4.000000
vt 1.049996 3.624497
vt 1.121623 3.658374
vt 1.252674 3.664812
vt 1.200000 3.670000
vt 1.303325 3.649448
vt 1.398773 3.995196
vt 1.445671 3.980970
vt 1.526777 3.926777
vt 1.488893 3.957867
vt 1.557867 3.888893
vt 1.350004 3.624497
vt 1.371286 -3.608713
vt 1.595196 -3.798773
vt 1.464812 -3.347326
vt 1.470000 -3.400000
vt 1.580970 -3.845671
vt 1.557867 -3.888893
vt 1.303325 -3.649448
vt 1.526777 -3.926777
vt 1.488893 -3.957867
vt 1.350000 -4.000000
vt 1.147326 -3.664812
vt 1.072723 -3.638119
vt 1.226465 -3.668700
vt 0.285000 -4.000000
vt 0.931300 -3.373536
vt 1.049996 -3.175503
vt 1.121623 -3.141626
vt 0.991287 -3.228714
vt 0.285000 -3.060982
vt 0.817500 4.000000
vt 0.991287 3.571286
vt 0.950553 3.503325
vt 0.933244 3.386895
vt 1.252674 -3.135188
vt 1.200000 -3.130000
vt 1.470000 3.400000
vt 1.464812 3.452675
vt 1.449448 3.503325
vt 1.424497 3.550004
vt 1.390919 3.590919
vt 1.458374 -3.478377
vt 1.424497 -3.550004
vt 1.595196 3.798773
vt 1.580970 3.845671
vt 0.303686 2.062250
vt 0.935188 -3.452675
vt 0.961881 -3.527277
vt 0.933244 -3.413105
vt 1.009081 -3.590919
vt 0.817500 -4.000000
vt 1.445671 -3.980970
vt 1.398773 -3.995196
vt 0.850000 2.340385
vt 0.850000 1.200000
vt 0.285000 1.200000
vt 0.725000 2.556891
vt 0.285000 2.810925
vt 0.841482 2.405090
vt 0.816506 2.465385
vt 0.776777 2.517161
vt -0.850000 1.200000
vt -0.850000 2.340385
vt -0.841482 2.405090
vt -0.725000 2.556891
vt -0.816506 2.465385
vt -0.776777 2.517161
vt -0.285000 2.810925
vt -0.285000 1.200000
vt -0.500000 1.855662
vt -0.500000 2.000000
vt -0.510000 1.853908
vt -0.500000 1.711325
vt 0.500000 1.855662
vt 0.510000 1.853908
vt 0.500000 2.000000
vt 0.500000 2.144338
vt 0.510000 2.180862
vt 0.500000 2.288675
vt -0.510000 1.526954
vt -0.510000 2.180862
vt -0.500000 2.288675
vt -0.510000 2.507816
vt -0.500000 2.144338
vt -0.000000 1.200000
vt -0.000000 1.422650
vt -0.510000 1.200000
vt -0.000000 2.577350
vt 0.510000 1.200000
vt 0.510000 1.526954
vt 0.500000 1.711325
vt 0.510000 2.507816
vt -0.159808 2.710000
vt 0.159808 2.710000
vt 0.830970 3.354329
vt 0.845196 3.401228
vt 0.850000 3.450000
vt 0.807867 3.311107
vt 0.776777 3.273223
vt 0.738893 3.242133
vt 0.695671 3.219030
vt 0.648773 3.204804
vt 0.600000 3.200000
vt 0.600000 4.000000
vt 0.285000 3.200000
vt 0.850000 3.750000
vt 0.738893 3.957867
vt 0.695671 3.980970
vt 0.776777 3.926777
vt 0.830970 3.845671
vt 0.807867 3.888893
vt 0.845196 3.798773
vt 0.648773 3.995196
vt 0.700000 2.340385
vt 0.797868 2.340385
vt 0.797868 1.200000
vt 0.700000 3.750000
vt 0.700000 3.450000
vt 0.797868 3.750000
vt 0.797868 3.450000
vt 0.903934 1.200000
vt 1.200000 1.853908
vt 0.903934 2.340385
vt 0.953934 2.426987
vt 0.917331 2.390385
vt 1.200000 2.180862
vt -0.519688 2.563460
vt -0.756066 2.426987
vt 1.200000 2.507816
vt 0.907341 2.366267
vt 1.200000 1.526954
vt 1.200000 1.200000
vt 1.003934 3.850000
vt 0.903934 3.750000
vt 0.903934 3.450000
vt -0.744334 3.842388
vt -0.776777 3.820711
vt -0.806066 3.750000
vt 0.965666 3.842388
vt 0.933223 3.820711
vt 0.911546 3.788268
vt 1.003934 3.350000
vt -0.510000 3.850000
vt -0.706066 3.350000
vt -0.510000 3.350000
vt -0.706066 3.850000
vt 0.911546 3.411732
vt 0.933223 3.379289
vt -0.806066 3.450000
vt -0.776777 3.379289
vt -0.744334 3.357612
vt 0.965666 3.357612
vt 0.510000 3.850000
vt 0.510000 3.350000
vt -1.200000 1.526954
vt -1.200000 1.200000
vt -0.903934 1.200000
vt -1.200000 1.853908
vt -0.903934 2.340385
vt -0.953934 2.426987
vt -1.200000 2.507816
vt -1.200000 2.180862
vt -0.907341 2.366267
vt -0.917331 2.390385
vt 0.756066 2.426987
vt 0.519688 2.563460
vt 0.706066 3.850000
vt 0.706066 3.350000
vt -0.911546 3.788268
vt -0.933223 3.820711
vt -0.903934 3.750000
vt 0.806066 3.750000
vt 0.776777 3.820711
vt 0.744334 3.842388
vt -0.965666 3.842388
vt -1.003934 3.850000
vt -1.003934 3.350000
vt -0.965666 3.357612
vt -0.903934 3.450000
vt -0.933223 3.379289
vt -0.911546 3.411732
vt 0.776777 3.379289
vt 0.806066 3.450000
vt 0.744334 3.357612
vt -0.797868 2.340385
vt -0.797868 1.200000
vt -0.700000 2.340385
vt -0.700000 3.450000
vt -0.700000 3.750000
vt -0.797868 3.450000
vt -0.797868 3.750000
vt -0.830970 3.845671
vt -0.845196 3.798773
vt -0.850000 3.750000
vt -0.807867 3.888893
vt -0.776777 3.926777
vt -0.738893 3.957867
vt -0.695671 3.980970
vt -0.648773 3.995196
vt -0.600000 4.000000
vt -0.600000 3.200000
vt -0.285000 3.200000
vt -0.850000 3.450000
vt -0.738893 3.242133
vt -0.695671 3.219030
vt -0.776777 3.273223
vt -0.830970 3.354329
vt -0.807867 3.311107
vt -0.845196 3.401228
vt -0.648773 3.204804
vt -0.150000 -3.150000
vt -0.153806 -3.169134
vt -0.200000 -3.200000
vt -0.700000 -4.000000
vt -0.700000 -3.200000
vt -0.180866 -3.196194
vt -0.164645 -3.185355
vt -0.150000 -2.810925
vt -0.350000 -2.121963
vt -0.700000 -2.810925
vt -0.700000 -2.121963
vt 0.000000 3.750000
vt 0.000000 -3.750000
vt 0.250000 3.750000
vt 0.250000 -3.750000
vt 0.000000 -2.420000
vt 0.000000 -2.310000
vt -0.060478 -2.304044
vt -0.740000 0.000000
vt -0.580000 2.420000
vt -0.740000 3.980000
vt 0.740000 0.000000
vt 0.580000 -2.420000
vt 0.740000 -3.980000
vt -0.580000 -2.420000
vt -0.286403 -1.881368
vt -0.304043 0.060478
vt -0.118632 -2.286403
vt -0.740000 -3.980000
vt -0.580000 -3.980000
vt -0.304043 -1.939522
vt -0.580000 3.980000
vt 0.000000 2.420000
vt -0.290000 2.420000
vt -0.118632 2.286403
vt -0.304043 2.060478
vt -0.286403 0.118632
vt 0.580000 2.420000
vt 0.286403 1.881368
vt 0.304043 -0.060478
vt -0.000000 2.310000
vt -0.060478 2.304044
vt 0.740000 3.980000
vt 0.580000 3.980000
vt 0.304043 1.939522
vt 0.580000 -3.980000
vt -0.290000 -2.420000
vt 0.304043 -2.060478
vt 0.286403 -0.118632
vt 0.060478 -0.304043
vt 0.060478 -1.695957
vt 0.118632 -0.286403
vt 0.000000 -0.310000
vt 0.118632 -1.713597
vt 0.172227 -0.257756
vt 0.172227 -1.742244
vt 0.219203 -0.219203
vt 0.219203 -1.780797
vt 0.257756 -1.827773
vt 0.304043 0.060478
vt 0.286403 0.118632
vt 0.257756 1.827773
vt 0.219203 1.780797
vt 0.304043 -1.939522
vt 0.219203 0.219203
vt 0.257756 0.172227
vt 0.172227 1.742244
vt 0.172227 0.257756
vt 0.286403 -1.881368
vt 0.118632 0.286403
vt 0.060478 0.304043
vt 0.118632 1.713597
vt 0.060478 1.695957
vt -0.000000 1.690000
vt 0.000000 0.310000
vt -0.060478 0.304043
vt -0.060478 1.695957
vt -0.118632 0.286403
vt -0.219203 0.219203
vt -0.257756 0.172227
vt -0.219203 1.780797
vt -0.257756 1.827773
vt -0.304043 -0.060478
vt -0.286403 -0.118632
vt -0.257756 -1.827773
vt -0.219203 -1.780797
vt -0.304043 1.939522
vt -0.219203 -0.219203
vt -0.257756 -0.172227
vt -0.172227 -1.742244
vt -0.172227 -0.257756
vt -0.060478 -1.695957
vt 0.000000 -1.690000
vt -0.118632 1.713597
vt -0.172227 1.742244
vt -0.172227 0.257756
vt 0.257756 -0.172227
vt 0.304043 2.060478
vt 0.286403 2.118632
vt 0.257756 2.172227
vt 0.219203 2.219203
vt 0.172227 2.257756
vt 0.118632 2.286403
vt 0.290000 2.420000
vt 0.060478 2.304044
vt -0.172227 2.257756
vt -0.286403 2.118632
vt -0.257756 2.172227
vt -0.219203 2.219203
vt -0.118632 -0.286403
vt -0.286403 1.881368
vt -0.118632 -1.713597
vt 0.060478 -2.304044
vt 0.290000 -2.420000
vt 0.118632 -2.286403
vt 0.172227 -2.257756
vt 0.219203 -2.219203
vt 0.257756 -2.172227
vt 0.286403 -2.118632
vt -0.060478 -0.304043
vt -0.304043 -2.060478
vt -0.286403 -2.118632
vt -0.257756 -2.172227
vt -0.219203 -2.219203
vt -0.172227 -2.257756
vt -0.250000 -3.750000
vt -0.250000 3.750000
vt 0.150000 3.150000
vt 0.153806 3.169134
vt 0.200000 3.200000
vt 0.700000 4.000000
vt 0.700000 3.200000
vt 0.180866 3.196194
vt 0.164645 3.185355
vt 0.150000 2.810925
vt 0.350000 2.121963
vt 0.700000 2.810925
vt 0.700000 2.121963
vt 0.830970 -3.845671
vt 0.845196 -3.798773
vt 0.850000 -3.750000
vt 0.807867 -3.888893
vt 0.776777 -3.926777
vt 0.738893 -3.957867
vt 0.695671 -3.980970
vt 0.648773 -3.995196
vt 0.600000 -4.000000
vt 0.600000 -3.200000
vt 0.285000 -3.200000
vt 0.850000 -3.450000
vt 0.738893 -3.242133
vt 0.695671 -3.219030
vt 0.776777 -3.273223
vt 0.830970 -3.354329
vt 0.807867 -3.311107
vt 0.845196 -3.401228
vt 0.648773 -3.204804
vt 0.700000 -3.450000
vt 0.700000 -3.750000
vt 0.797868 -3.450000
vt 0.797868 -3.750000
vt -0.706066 -3.850000
vt -0.510000 -3.850000
vt -0.706066 -3.350000
vt 0.911546 -3.788268
vt 0.933223 -3.820711
vt 0.903934 -3.750000
vt -0.806066 -3.750000
vt -0.776777 -3.820711
vt -0.744334 -3.842388
vt 0.965666 -3.842388
vt 1.003934 -3.850000
vt 1.003934 -3.350000
vt 0.965666 -3.357612
vt 0.903934 -3.450000
vt 0.933223 -3.379289
vt 0.911546 -3.411732
vt -0.510000 -3.350000
vt -0.744334 -3.357612
vt -0.776777 -3.379289
vt -0.806066 -3.450000
vt -0.297868 -3.200000
vt 0.510000 -3.850000
vt -0.379047 -3.211418
vt -0.447868 -3.243934
vt -0.493852 -3.292598
vt -0.505924 -3.320736
vt 0.297868 -3.200000
vt 0.493852 -3.292598
vt 0.447868 -3.243934
vt 0.510000 -3.350000
vt 0.505924 -3.320736
vt 0.379047 -3.211418
vt -1.003934 -3.850000
vt -0.903934 -3.750000
vt -0.903934 -3.450000
vt 0.744334 -3.842388
vt 0.776777 -3.820711
vt 0.806066 -3.750000
vt -0.965666 -3.842388
vt -0.933223 -3.820711
vt -0.911546 -3.788268
vt -1.003934 -3.350000
vt 0.706066 -3.350000
vt 0.706066 -3.850000
vt -0.911546 -3.411732
vt -0.933223 -3.379289
vt 0.806066 -3.450000
vt 0.776777 -3.379289
vt 0.744334 -3.357612
vt -0.965666 -3.357612
vt -0.700000 -3.750000
vt -0.700000 -3.450000
vt -0.797868 -3.750000
vt -0.797868 -3.450000
vt -0.830970 -3.354329
vt -0.845196 -3.401228
vt -0.850000 -3.450000
vt -0.807867 -3.311107
vt -0.776777 -3.273223
vt -0.738893 -3.242133
vt -0.695671 -3.219030
vt -0.648773 -3.204804
vt -0.600000 -3.200000
vt -0.600000 -4.000000
vt -0.285000 -3.200000
vt -0.850000 -3.750000
vt -0.738893 -3.957867
vt -0.695671 -3.980970
vt -0.776777 -3.926777
vt -0.830970 -3.845671
vt -0.807867 -3.888893
vt -0.845196 -3.798773
vt -0.648773 -3.995196
vt -0.817500 0.000000
vt -0.760000 0.250000
vt -1.350000 0.250000
vt -0.285000 0.170000
vt -0.285000 0.000000
vt 0.000000 0.170000
vt 0.285000 0.170000
vt 0.285000 0.000000
vt 0.570000 0.170000
vt 0.817500 0.000000
vt 1.350000 0.000000
vt 1.350000 0.250000
vt -0.285000 -0.700000
vt -0.447868 -1.050000
vt 0.285000 -0.700000
vt -0.570000 0.170000
vt -1.350000 0.000000
vt -0.748520 0.252284
vt -0.738787 0.258787
vt -0.730000 0.280000
vt -0.732284 0.268519
vt -0.580000 0.280000
vt -0.570000 0.270000
vt -0.576173 0.279239
vt -0.570761 0.273827
vt -0.572929 0.277071
vt 0.748520 0.252284
vt 0.738787 0.258787
vt 0.732284 0.268519
vt 0.580000 0.280000
vt 0.570000 0.270000
vt 0.570761 0.273827
vt 0.576173 0.279239
vt 0.572929 0.277071
vt 0.730000 0.280000
vt 0.760000 0.250000
vt -0.600000 -0.700000
vt -0.600000 -0.897868
vt 0.600000 -0.897868
vt 0.447868 -1.050000
vt 0.600000 -0.700000
vt 0.297868 -1.200000
vt -0.297868 -1.200000
vt 0.285000 -0.200000
vt -0.285000 -0.200000
vt -0.211603 -0.600000
vt -0.285000 -0.150000
vt -0.522868 -1.050000
vt -0.725000 -0.847868
vt -0.211603 -1.050000
vt -0.211603 -0.150000
vt -0.725000 -0.700000
vt 0.211603 -0.600000
vt 0.211603 -1.050000
vt 0.522868 -1.050000
vt 0.725000 -0.847868
vt 0.725000 -0.700000
vt 0.285000 -0.150000
vt 0.211603 -0.150000
vt -0.186603 -1.050000
vt 0.186603 -1.050000
vt -0.186603 -0.150000
vt 0.186603 -0.150000
vt 1.200000 -1.711325
vt 0.850000 -1.711325
vt 1.200000 -1.855662
vt 1.200000 -2.000000
vt 0.850000 -2.288675
vt 1.200000 -2.144338
vt 1.200000 -2.288675
vt 0.500000 -0.850000
vt -0.000000 -0.850000
vt -0.500000 -0.850000
vt -1.200000 -2.288675
vt -0.850000 -2.288675
vt -1.200000 -2.144338
vt -1.200000 -2.000000
vt -0.850000 -1.711325
vt -1.200000 -1.855662
vt -1.200000 -1.711325
vt 1.200000 2.288675
vt 0.850000 2.288675
vt 1.200000 2.144338
vt 1.200000 2.000000
vt 0.850000 1.711325
vt 1.200000 1.855662
vt 1.200000 1.711325
vt -1.200000 1.711325
vt -0.850000 1.711325
vt -1.200000 1.855662
vt -1.200000 2.000000
vt -0.850000 2.288675
vt -1.200000 2.144338
vt -1.200000 2.288675
vt -0.273396 2.146133
vt -0.308507 1.969615
vt 0.030385 2.308507
vt 0.296652 2.089988
vt -0.089988 1.703349
vt 0.196662 2.239633
vt -0.146133 2.273396
vt -0.239633 1.803338
vt -0.089988 -2.296652
vt -0.308507 -2.030385
vt 0.030385 -1.691493
vt 0.296652 -1.910012
vt 0.196662 -1.760367
vt -0.146133 -1.726604
vt -0.273396 -1.853867
vt -0.239633 -2.196662
vt -0.290000 -3.980000
vt -0.280000 -3.980000
vt -0.290000 0.000000
vt -0.280000 0.000000
vt -0.280000 3.980000
vt -0.290000 3.980000
vt 0.760000 -3.980000
vt 0.930000 -3.400000
vt 0.935188 -3.347326
vt 1.350000 -3.980000
vt 1.200000 -3.670000
vt 1.252674 -3.664812
vt 1.394871 -3.975581
vt 1.512635 -3.912635
vt 1.541238 -3.877781
vt 1.438017 -3.962492
vt 1.350004 -3.624497
vt 1.580000 -3.750000
vt 1.580000 3.750000
vt 1.464812 3.347326
vt 1.575581 3.794871
vt 1.562492 3.838017
vt 1.541238 3.877781
vt 1.350000 3.980000
vt 0.760000 3.980000
vt 0.930000 3.400000
vt 0.760000 0.000000
vt 1.350004 3.175503
vt 0.950553 3.296675
vt 0.975503 3.249996
vt 1.390919 3.209081
vt 1.049996 3.175503
vt 1.147326 -3.135188
vt 1.449448 3.296675
vt 1.464812 -3.452675
vt 1.449448 -3.503325
vt 1.390919 -3.590919
vt 1.562492 -3.838017
vt 1.575581 -3.794871
vt 1.477781 -3.941238
vt 1.096676 -3.649448
vt 0.975503 -3.550004
vt 1.049996 -3.624497
vt 0.950553 -3.503325
vt 1.096676 3.150553
vt 0.975503 -3.249996
vt 1.009081 -3.209081
vt 1.200000 3.130000
vt 1.147326 3.664812
vt 1.394871 3.975581
vt 1.438017 3.962492
vt 1.477781 3.941238
vt 1.512635 3.912635
vt 1.252674 3.135188
vt 1.096676 -3.150553
vt 0.935188 3.452675
vt 0.975503 3.550004
vt 1.009081 3.590919
vt 1.096676 3.649448
vt -1.350004 -3.624497
vt -1.580000 -3.750000
vt -1.575581 -3.794871
vt -1.562492 -3.838017
vt -1.541238 -3.877781
vt -1.303325 -3.649448
vt -1.512635 -3.912635
vt -1.477781 -3.941238
vt -1.438017 -3.962492
vt -1.394871 -3.975581
vt -0.760000 -3.980000
vt -0.760000 3.980000
vt -0.935188 3.347326
vt -1.350000 3.980000
vt -1.252674 3.664812
vt -1.303325 3.649448
vt -1.394871 3.975581
vt -1.512635 3.912635
vt -1.541238 3.877781
vt -1.438017 3.962492
vt -1.580000 3.750000
vt -1.470000 -3.400000
vt -1.464812 -3.347326
vt -1.303325 3.150553
vt -1.350004 3.175503
vt -0.760000 0.000000
vt -1.200000 3.130000
vt -1.147326 3.135188
vt -1.303325 -3.150553
vt -1.477781 3.941238
vt -0.950553 3.296675
vt -1.009081 3.209081
vt -1.252674 -3.135188
vt -1.470000 3.400000
vt -1.464812 3.452675
vt -1.424497 3.550004
vt -1.390919 3.590919
vt -1.575581 3.794871
vt -1.562492 3.838017
vt -1.424497 -3.249996
vt -1.390919 -3.209081
vt -1.049996 3.175503
vt -0.935188 -3.452675
vt -0.950553 -3.503325
vt -1.009081 -3.590919
vt -1.049996 -3.624497
vt -1.147326 -3.664812
vt -1.350000 -3.980000
vt -1.200000 -3.670000
vt -1.424497 -3.550004
vt -1.449448 -3.503325
vt -1.449448 3.296675
vt -1.424497 3.249996
vt 0.280000 -3.980000
vt 0.290000 -3.980000
vt 0.280000 0.000000
vt 0.290000 0.000000
vt 0.290000 3.980000
vt 0.280000 3.980000
vt 0.211603 2.853301
vt 0.285000 3.150000
vt 0.186603 2.860000
vt -0.186603 2.860000
vt -0.211603 2.853301
vt -0.285000 3.150000
vt -0.211603 -2.853301
vt -0.285000 -3.150000
vt -0.186603 -2.860000
vt 0.186603 -2.860000
vt 0.211603 -2.853301
vt 0.285000 -3.150000
vt 1.350000 0.270000
vt 0.850000 0.000000
vt 0.850000 0.270000
vt -0.000000 -0.340000
vt -0.270000 -0.340000
vt -0.000000 -0.540000
vt -0.270000 -0.540000
vt -0.850000 0.000000
vt -0.850000 0.270000
vt -1.350000 0.270000
vt 0.270000 -0.540000
vt 0.270000 -0.340000
vt -0.000000 -2.340000
vt -0.270000 -2.340000
vt -0.000000 -2.540000
vt -0.270000 -2.540000
vt 0.270000 -2.540000
vt 0.270000 -2.340000
vt -0.000000 2.540000
vt -0.270000 2.540000
vt -0.000000 2.340000
vt -0.270000 2.340000
vt 0.270000 2.340000
vt 0.270000 2.540000
vt -0.000000 0.540000
vt -0.270000 0.540000
vt -0.000000 0.340000
vt -0.270000 0.340000
vt 0.270000 0.340000
vt 0.270000 0.540000
vt -0.550000 -3.885000
vt -0.550000 -3.895981
vt 0.550000 -3.885000
vt -0.550000 -3.870000
vt 0.550000 -3.870000
vt 0.550000 -3.895981
vt 0.550000 -3.690000
vt -0.550000 -3.690000
vt -0.550000 -3.675000
vt 0.550000 -3.675000
vt 0.198284 -3.980000
vt 0.270000 -3.980000
vt 0.200000 -3.970000
vt 0.270000 -2.450000
vt 0.200000 -3.106616
vt 0.200000 -3.453384
vt 0.200000 -2.606616
vt 0.200000 -2.953384
vt 0.194575 -2.623823
vt 0.200000 -2.450000
vt 0.194575 -2.936177
vt 0.180261 -2.634807
vt 0.180261 -2.925193
vt 0.085000 -2.690000
vt 0.100000 -2.664019
vt 0.085000 -2.870000
vt 0.100000 -2.895981
vt 0.089019 -2.885000
vt 0.194575 -3.123823
vt 0.194575 -3.436177
vt 0.180261 -3.134807
vt 0.180261 -3.425194
vt 0.085000 -3.190000
vt 0.100000 -3.164019
vt 0.089019 -2.675000
vt 0.085000 -3.370000
vt 0.100000 -3.395981
vt 0.089019 -3.385000
vt 0.194575 -3.936177
vt 0.200000 -3.953384
vt 0.200000 -3.606616
vt 0.194575 -3.623823
vt 0.180261 -3.634807
vt 0.180261 -3.925194
vt 0.085000 -3.690000
vt 0.100000 -3.664019
vt 0.089019 -3.175000
vt 0.085000 -3.870000
vt 0.100000 -3.895981
vt 0.089019 -3.885000
vt 0.089019 -3.675000
vt -0.200000 -2.450000
vt -0.270000 -2.450000
vt -0.200000 -2.606616
vt -0.194575 -2.623823
vt -0.194575 -2.936177
vt -0.180261 -2.634807
vt -0.200000 -2.953384
vt -0.180261 -2.925193
vt -0.085000 -2.690000
vt -0.100000 -2.664019
vt -0.085000 -2.870000
vt -0.100000 -2.895981
vt -0.089019 -2.885000
vt -0.200000 -3.106616
vt -0.270000 -3.980000
vt -0.200000 -3.453384
vt -0.194575 -3.123823
vt -0.194575 -3.436177
vt -0.180261 -3.134807
vt -0.180261 -3.425194
vt -0.085000 -3.190000
vt -0.100000 -3.164019
vt -0.089019 -2.675000
vt -0.085000 -3.370000
vt -0.100000 -3.395981
vt -0.089019 -3.385000
vt -0.200000 -3.606616
vt -0.194575 -3.623823
vt -0.194575 -3.936177
vt -0.180261 -3.634807
vt -0.180261 -3.925194
vt -0.085000 -3.690000
vt -0.089019 -3.175000
vt -0.100000 -3.895981
vt -0.085000 -3.870000
vt -0.089019 -3.885000
vt -0.089019 -3.675000
vt -0.100000 -3.664019
vt -0.200000 -3.970000
vt -0.198284 -3.980000
vt -0.200000 -3.953384
vt -0.550000 -3.970000
vt -0.275000 -3.970000
vt -0.550000 -3.953384
vt 0.550000 -3.970000
vt 0.550000 -3.953384
vt 0.000000 -3.970000
vt 0.275000 -3.970000
vt -0.550000 -3.606616
vt 0.550000 -3.606616
vt -0.550000 -3.453384
vt 0.550000 -3.453384
vt -0.550000 -3.106616
vt 0.550000 -3.106616
vt -0.550000 -2.953384
vt 0.550000 -2.953384
vt 0.550000 -2.450000
vt -0.550000 -2.450000
vt 0.550000 -2.606616
vt -0.550000 -2.606616
vt -0.275000 0.270000
vt -0.550000 0.270000
vt 0.550000 0.200000
vt -0.550000 0.200000
vt 0.275000 0.270000
vt 0.000000 0.270000
vt 0.550000 0.270000
vt 0.552284 -2.447716
vt 0.568520 -3.980000
vt 0.281481 -2.447716
vt 0.281481 -3.980000
vt 0.558787 -2.441213
vt 0.568520 -2.431480
vt 0.291213 -2.441213
vt 0.300000 -3.980000
vt 0.558787 -3.980000
vt 0.291213 -3.980000
vt 0.249698 0.290268
vt 0.184095 0.288263
vt 0.249698 -2.442118
vt 0.184095 -2.443801
vt -0.249698 -2.442118
vt -0.184095 -2.443801
vt -0.249698 0.290268
vt -0.184095 0.288263
vt 0.061365 0.290268
vt 0.061365 -2.442118
vt -0.061365 -2.442118
vt -0.061365 0.290268
vt 0.372428 0.288263
vt 0.372428 -2.443801
vt -0.372428 0.288263
vt -0.552284 0.281481
vt 0.552284 0.281481
vt -0.372428 -2.443801
vt -0.568520 -2.431480
vt -0.558787 -2.441213
vt 0.558787 0.291213
vt -0.558787 0.291213
vt -0.291213 -2.441213
vt -0.300000 -3.980000
vt -0.281481 -2.447716
vt -0.552284 -2.447716
vt -0.568520 -3.980000
vt -0.281481 -3.980000
vt -0.291213 -3.980000
vt -0.558787 -3.980000
vt -0.310000 -3.992981
vt -0.095000 -3.995981
vt -0.310000 0.189284
vt -0.095000 0.185000
vt -0.550000 -3.980000
vt 0.095000 -3.995981
vt 0.310000 0.189284
vt 0.095000 0.185000
vt -0.031667 0.189284
vt -0.031667 -3.992981
vt 0.310000 -3.992981
vt 0.556626 0.186465
vt 0.550000 -3.980000
vt 0.556626 -3.995118
vt -0.556626 -3.995118
vt -0.556626 0.186465
vt -0.550000 0.194575
vt 0.550000 0.194575
vt -0.550000 -3.936177
vt 0.550000 -3.936177
vt 0.550000 -3.623823
vt -0.550000 -3.623823
vt -0.550000 -3.436177
vt 0.550000 -3.436177
vt 0.550000 -3.123823
vt -0.550000 -3.123823
vt -0.550000 -2.936177
vt 0.550000 -2.936177
vt 0.550000 -2.623823
vt -0.550000 -2.623823
vt -0.550000 3.675000
vt 0.550000 3.675000
vt -0.550000 3.690000
vt 0.550000 3.690000
vt 0.550000 3.870000
vt -0.550000 3.870000
vt -0.550000 3.885000
vt 0.550000 3.885000
vt -0.550000 3.895981
vt 0.550000 3.895981
vt 0.270000 3.980000
vt 0.200000 3.453384
vt 0.200000 3.106616
vt 0.198284 3.980000
vt 0.200000 3.970000
vt 0.194575 3.936177
vt 0.180261 3.925194
vt 0.194575 3.623823
vt 0.200000 3.953384
vt 0.180261 3.634807
vt 0.085000 3.870000
vt 0.100000 3.895981
vt 0.085000 3.690000
vt 0.100000 3.664019
vt 0.089019 3.675000
vt 0.194575 3.436177
vt 0.200000 3.606616
vt 0.194575 3.123823
vt 0.180261 3.425194
vt 0.180261 3.134807
vt 0.085000 3.370000
vt 0.100000 3.395981
vt 0.089019 3.885000
vt 0.085000 3.190000
vt 0.100000 3.164019
vt 0.089019 3.175000
vt 0.200000 2.953384
vt 0.200000 2.606616
vt 0.270000 2.450000
vt 0.194575 2.936177
vt 0.180261 2.925193
vt 0.180261 2.634807
vt 0.194575 2.623823
vt 0.085000 2.870000
vt 0.100000 2.895981
vt 0.089019 3.385000
vt 0.085000 2.690000
vt 0.100000 2.664019
vt 0.089019 2.675000
vt 0.089019 2.885000
vt 0.200000 2.450000
vt -0.200000 3.953384
vt -0.270000 3.980000
vt -0.194575 3.936177
vt -0.200000 3.970000
vt -0.180261 3.925194
vt -0.180261 3.634807
vt -0.085000 3.870000
vt -0.194575 3.623823
vt -0.100000 3.895981
vt -0.100000 3.664019
vt -0.085000 3.690000
vt -0.089019 3.675000
vt -0.200000 3.606616
vt -0.200000 3.453384
vt -0.200000 3.106616
vt -0.194575 3.436177
vt -0.194575 3.123823
vt -0.180261 3.425194
vt -0.180261 3.134807
vt -0.085000 3.370000
vt -0.100000 3.395981
vt -0.085000 3.190000
vt -0.089019 3.175000
vt -0.100000 3.164019
vt -0.270000 2.450000
vt -0.200000 2.953384
vt -0.200000 2.606616
vt -0.194575 2.936177
vt -0.180261 2.925193
vt -0.194575 2.623823
vt -0.180261 2.634807
vt -0.085000 2.870000
vt -0.100000 2.895981
vt -0.089019 3.385000
vt -0.085000 2.690000
vt -0.100000 2.664019
vt -0.089019 2.675000
vt -0.200000 2.450000
vt -0.198284 3.980000
vt -0.089019 3.885000
vt -0.089019 2.885000
vt 0.550000 3.970000
vt 0.275000 3.970000
vt 0.550000 3.953384
vt -0.550000 3.970000
vt -0.550000 3.953384
vt 0.000000 3.970000
vt -0.275000 3.970000
vt -0.550000 3.453384
vt 0.550000 3.453384
vt -0.550000 3.606616
vt 0.550000 3.606616
vt -0.550000 2.450000
vt 0.550000 2.450000
vt -0.550000 2.606616
vt 0.550000 2.606616
vt -0.550000 2.953384
vt 0.550000 2.953384
vt -0.550000 3.106616
vt 0.550000 3.106616
vt 0.568520 2.431480
vt 0.558787 2.441213
vt 0.291213 2.441213
vt 0.300000 3.980000
vt 0.281481 2.447716
vt 0.552284 2.447716
vt 0.568520 3.980000
vt 0.281481 3.980000
vt 0.291213 3.980000
vt 0.558787 3.980000
vt -0.249698 2.442118
vt -0.184095 2.443801
vt 0.249698 2.442118
vt 0.184095 2.443801
vt -0.061365 2.442118
vt 0.061365 2.442118
vt -0.372428 2.443801
vt 0.372428 2.443801
vt -0.558787 2.441213
vt -0.568520 2.431480
vt -0.552284 2.447716
vt -0.568520 3.980000
vt -0.281481 2.447716
vt -0.281481 3.980000
vt -0.291213 2.441213
vt -0.300000 3.980000
vt -0.558787 3.980000
vt -0.291213 3.980000
vt -0.095000 3.995981
vt 0.310000 3.992981
vt 0.095000 3.995981
vt 0.550000 3.980000
vt -0.031667 3.992981
vt 0.031667 0.189284
vt -0.310000 3.992981
vt -0.550000 3.980000
vt -0.556626 3.995118
vt 0.556626 3.995118
vt -0.550000 2.623823
vt 0.550000 2.623823
vt 0.550000 2.936177
vt -0.550000 2.936177
vt -0.550000 3.123823
vt 0.550000 3.123823
vt 0.550000 3.436177
vt -0.550000 3.436177
vt -0.550000 3.623823
vt 0.550000 3.623823
vt 0.550000 3.936177
vt -0.550000 3.936177
vt -1.398773 0.000000
vt -1.398773 0.250000
vt -1.445671 0.000000
vt -1.445671 0.250000
vt -1.488893 0.000000
vt -1.488893 0.250000
vt -1.526777 0.000000
vt -1.526777 0.250000
vt 0.000000 -3.888893
vt 0.000000 -3.926777
vt 0.250000 -3.926777
vt 0.000000 -3.845671
vt 0.250000 -3.888893
vt 0.250000 -3.845671
vt 0.250000 -3.798773
vt 0.000000 -3.798773
vt 0.000000 3.798773
vt 0.250000 3.798773
vt 0.000000 3.845671
vt 0.250000 3.845671
vt 0.000000 3.888893
vt 0.250000 3.888893
vt 0.000000 3.926777
vt 0.250000 3.926777
vt 1.488893 0.000000
vt 1.526777 0.000000
vt 1.526777 0.250000
vt 1.445671 0.000000
vt 1.488893 0.250000
vt 1.445671 0.250000
vt 1.398773 0.250000
vt 1.398773 0.000000
vt -0.250000 3.926777
vt -0.250000 3.888893
vt -0.250000 3.798773
vt -0.250000 3.845671
vt 0.648773 -0.700000
vt 0.648773 -0.878359
vt 0.695671 -0.859600
vt 0.695671 -0.700000
vt 0.738893 -0.842311
vt 0.738893 -0.700000
vt 0.776777 -0.700000
vt 0.776777 -0.827157
vt 0.700000 3.311107
vt 0.700000 3.273223
vt 0.814721 3.311107
vt 0.805480 3.354329
vt 0.799789 3.401228
vt 0.700000 3.354329
vt 0.700000 3.401228
vt 0.827157 3.273223
vt 0.700000 3.798773
vt 0.799789 3.798773
vt 0.700000 3.845671
vt 0.805480 3.845671
vt 0.700000 3.888893
vt 0.814721 3.888893
vt 0.700000 3.926777
vt -0.738893 -0.700000
vt -0.776777 -0.700000
vt -0.776777 -0.827157
vt -0.738893 -0.842311
vt -0.695671 -0.700000
vt -0.648773 -0.878359
vt -0.648773 -0.700000
vt -0.695671 -0.859600
vt 0.827157 3.926777
vt -0.814721 3.888893
vt -0.700000 3.888893
vt -0.700000 3.926777
vt -0.805480 3.845671
vt -0.700000 3.798773
vt -0.799789 3.798773
vt -0.700000 3.845671
vt -0.827157 3.926777
vt -0.700000 3.401228
vt -0.799789 3.401228
vt -0.700000 3.354329
vt -0.805480 3.354329
vt -0.700000 3.311107
vt -0.814721 3.311107
vt -0.700000 3.273223
vt -0.827157 3.273223
vt -0.700000 2.517161
vt -0.827157 2.517161
vt -0.811265 2.465385
vt -0.700000 2.465385
vt -0.801275 2.405090
vt -0.700000 2.405090
vt 0.700000 2.405090
vt 0.801275 2.405090
vt 0.700000 2.465385
vt 0.811265 2.465385
vt 0.700000 2.517161
vt 0.827157 2.517161
vt 0.700000 -2.517161
vt 0.827157 -2.517161
vt 0.811265 -2.465385
vt 0.700000 -2.465385
vt 0.801275 -2.405090
vt 0.700000 -2.405090
vt -0.700000 -2.405090
vt -0.801275 -2.405090
vt -0.700000 -2.465385
vt -0.811265 -2.465385
vt -0.700000 -2.517161
vt -0.827157 -2.517161
vt -0.814721 -3.311107
vt -0.700000 -3.311107
vt -0.700000 -3.273223
vt -0.805480 -3.354329
vt -0.700000 -3.401228
vt -0.799789 -3.401228
vt -0.700000 -3.354329
vt -0.827157 -3.273223
vt -0.700000 -3.798773
vt -0.799789 -3.798773
vt -0.700000 -3.845671
vt -0.805480 -3.845671
vt -0.700000 -3.888893
vt -0.814721 -3.888893
vt -0.700000 -3.926777
vt -0.827157 -3.926777
vt 0.700000 -3.888893
vt 0.700000 -3.926777
vt 0.814721 -3.888893
vt 0.805480 -3.845671
vt 0.799789 -3.798773
vt 0.700000 -3.845671
vt 0.700000 -3.798773
vt 0.827157 -3.926777
vt 0.700000 -3.401228
vt 0.799789 -3.401228
vt 0.700000 -3.354329
vt 0.805480 -3.354329
vt 0.700000 -3.311107
vt 0.814721 -3.311107
vt 0.700000 -3.273223
vt 0.827157 -3.273223
vt -0.250000 -3.798773
vt -0.250000 -3.845671
vt -0.250000 -3.888893
vt -0.250000 -3.926777
vt 0.285000 3.169134
vt 0.285000 3.185355
vt -0.285000 3.169134
vt -0.285000 -0.164645
vt -0.285000 -0.180866
vt 0.285000 -0.164645
vt 0.285000 -0.180866
vt -0.285000 3.185355
vt -0.285000 -3.169134
vt 0.285000 -3.169134
vt -0.285000 -3.185355
vt 0.285000 -3.185355
vt -0.272929 -3.980000
vt -0.270000 0.000000
vt -0.276173 -3.980000
vt 0.756173 -3.980000
vt 0.752929 -3.980000
vt -0.272929 3.980000
vt -0.276173 3.980000
vt 0.756173 3.980000
vt 0.752929 3.980000
vt 0.276173 -3.980000
vt -0.756173 3.980000
vt -0.756173 -3.980000
vt -0.752929 3.980000
vt -0.752929 -3.980000
vt 0.270000 0.000000
vt 0.272929 3.980000
vt 0.272929 -3.980000
vt 0.276173 3.980000
vt 0.293827 3.980000
vt 0.297071 3.980000
vt -0.743827 3.980000
vt -0.747071 3.980000
vt 0.300000 0.000000
vt -0.743827 -3.980000
vt -0.747071 -3.980000
vt 0.297071 -3.980000
vt 0.293827 -3.980000
vt 0.743827 3.980000
vt 0.747071 3.980000
vt -0.297071 3.980000
vt -0.300000 0.000000
vt -0.293827 3.980000
vt -0.297071 -3.980000
vt -0.293827 -3.980000
vt 0.743827 -3.980000
vt 0.747071 -3.980000
vt -0.270000 3.987654
vt -0.186465 3.995118
vt -0.270000 3.994142
vt 0.562346 0.270000
vt 0.555858 0.270000
vt -0.568912 3.995867
vt -0.580000 3.994142
vt -0.566340 3.990000
vt 0.568912 0.289204
vt 0.580000 0.287654
vt 0.580000 0.294142
vt -0.580000 3.987654
vt -0.293660 3.990000
vt -0.289204 3.995867
vt -0.739239 3.987654
vt -0.737071 3.994142
vt 0.733827 0.287654
vt 0.737071 0.294142
vt 0.737654 0.283827
vt 0.744142 0.287071
vt 0.298478 3.987654
vt 0.294142 3.994142
vt 0.289239 3.987654
vt -0.744142 3.994142
vt -0.748478 3.987654
vt 0.280000 3.987654
vt 0.287071 3.994142
vt 0.744142 0.280000
vt 0.737654 0.280000
vt 0.280000 3.994142
vt -0.760000 3.987654
vt -0.760000 3.994142
vt 0.264142 3.994142
vt 0.760000 0.264142
vt 0.760000 0.257654
vt -1.350000 3.987654
vt -1.350000 3.994142
vt 1.350000 0.257654
vt 1.350000 0.264142
vt -1.545850 3.893603
vt -1.571815 3.859387
vt 0.265321 3.893603
vt 0.260000 3.935946
vt -1.585748 3.802264
vt -1.594142 3.750000
vt -1.587654 3.750000
vt 0.266383 3.802264
vt 0.260000 3.859387
vt -1.407102 3.990930
vt -1.467997 3.965080
vt 1.407102 0.259492
vt -1.513070 3.935946
vt 1.467997 0.262856
vt 1.513070 0.260000
vt 0.257654 3.750000
vt 0.264142 3.750000
vt -1.587654 -3.750000
vt -1.594142 -3.750000
vt 0.257654 -3.750000
vt 0.264142 -3.750000
vt -1.402264 -3.985748
vt -1.350000 -3.994142
vt -1.350000 -3.987654
vt -1.402264 0.266383
vt -1.459387 0.260000
vt -1.538472 -3.905825
vt -1.503552 -3.941322
vt 0.263725 -3.905825
vt -1.459387 -3.971815
vt -1.503552 0.262856
vt 0.260000 -3.829499
vt -1.584195 -3.829499
vt -1.350000 0.257654
vt -1.350000 0.264142
vt -1.538472 0.263725
vt -0.760000 -3.987654
vt -0.760000 -3.994142
vt -0.760000 0.257654
vt -0.760000 0.264142
vt -0.737654 0.280000
vt -0.744142 0.280000
vt 0.280000 -3.987654
vt 0.280000 -3.994142
vt 0.264142 -3.994142
vt 0.289239 -3.987654
vt 0.287071 -3.994142
vt -0.744142 0.287071
vt -0.737654 0.283827
vt -0.739239 -3.987654
vt 0.298478 -3.987654
vt 0.294142 -3.994142
vt -0.733827 0.287654
vt -0.748478 -3.987654
vt -0.744142 -3.994142
vt -0.737071 0.294142
vt -0.737071 -3.994142
vt -0.580000 -3.987654
vt -0.580000 -3.994142
vt -0.580000 0.294142
vt -0.580000 0.287654
vt -0.281088 -3.995867
vt -0.270000 -3.994142
vt -0.283660 -3.990000
vt -0.560796 0.281088
vt -0.562346 0.270000
vt -0.555858 0.270000
vt -0.270000 -3.987654
vt -0.556340 -3.990000
vt -0.560796 -3.995867
vt -0.186465 -3.995118
vt 0.270000 3.987654
vt 0.186465 3.995118
vt 0.270000 3.994142
vt 0.281088 3.995867
vt 0.283660 3.990000
vt 0.560796 3.995867
vt 0.556340 3.990000
vt 0.580000 3.994142
vt 0.580000 3.987654
vt 0.739239 3.987654
vt 0.737071 3.994142
vt -0.289239 3.987654
vt 0.748478 3.987654
vt 0.744142 3.994142
vt -0.294142 3.994142
vt -0.298478 3.987654
vt -0.280000 3.994142
vt -0.287071 3.994142
vt -0.280000 3.987654
vt 0.760000 3.994142
vt 0.760000 3.987654
vt -0.264142 3.994142
vt 1.350000 3.987654
vt 1.350000 3.994142
vt 1.590930 3.807101
vt 1.565079 3.867997
vt -0.259492 3.807101
vt 1.463277 3.967602
vt 1.414011 3.988893
vt -1.463277 0.262856
vt -1.414011 0.260000
vt 1.535945 3.913070
vt -0.262856 3.867997
vt -1.535945 0.260000
vt -0.260000 3.913070
vt -0.257654 3.750000
vt 1.587654 3.750000
vt -0.264142 3.750000
vt 1.594142 3.750000
vt -0.257654 -3.750000
vt -0.264142 -3.750000
vt 1.587654 -3.750000
vt 1.594142 -3.750000
vt 1.475987 -3.957620
vt 1.513070 -3.935946
vt 1.475987 0.265321
vt 1.429499 0.260000
vt 1.545850 -3.893603
vt 1.571815 -3.859387
vt -0.265321 -3.893603
vt -0.260000 -3.935946
vt 1.585748 -3.802264
vt -0.266383 -3.802264
vt -0.260000 -3.859387
vt 1.350000 -3.987654
vt 1.429499 -3.984195
vt 1.350000 -3.994142
vt 0.760000 -3.987654
vt 0.760000 -3.994142
vt -0.264142 -3.994142
vt -0.280000 -3.994142
vt -0.280000 -3.987654
vt -0.289239 -3.987654
vt -0.287071 -3.994142
vt 0.739239 -3.987654
vt -0.298478 -3.987654
vt -0.294142 -3.994142
vt 0.744142 -3.994142
vt 0.748478 -3.987654
vt 0.737071 -3.994142
vt 0.580000 -3.987654
vt 0.580000 -3.994142
vt 0.568912 -3.995867
vt 0.566340 -3.990000
vt 0.293660 -3.990000
vt 0.270000 -3.994142
vt 0.289204 -3.995867
vt 0.270000 -3.987654
vt 0.186465 -3.995118
vt 0.077161 -0.365432
vt -0.000000 -0.500000
vt 0.089123 -0.500000
vt 0.170721 -0.500000
vt 0.138469 -0.096296
vt 0.200850 -0.088889
vt 0.172227 0.300000
vt 0.118632 0.300000
vt 0.088889 -0.236134
vt 0.500000 -0.198750
vt 0.066667 -0.182278
vt 0.219203 0.300000
vt -0.300000 -0.172227
vt -0.300000 -0.219203
vt -0.077161 -0.365432
vt -0.170721 -0.500000
vt -0.089123 -0.500000
vt -0.138469 -0.096296
vt -0.172227 0.300000
vt -0.200850 -0.088889
vt 0.088889 0.236134
vt -0.300000 0.219203
vt 0.066667 0.182278
vt -0.237904 -0.500000
vt -0.300000 0.172227
vt 0.500000 0.198750
vt -0.088889 -0.236134
vt 0.300000 -0.219203
vt -0.066667 -0.182278
vt 0.300000 -0.172227
vt -0.500000 -0.198750
vt -0.088889 0.236134
vt -0.500000 0.198750
vt -0.066667 0.182278
vt 0.300000 0.172227
vt 0.300000 0.219203
vt -0.060478 0.300000
vt -0.000000 0.300000
vt -0.118632 0.300000
vt 0.300000 -0.118632
vt 0.000000 -0.062250
vt 0.300000 -0.060478
vt 0.000000 0.000000
vt 0.300000 0.060478
vt 0.000000 0.062250
vt 0.300000 0.118632
vt 0.237904 -0.500000
vt 0.060478 0.300000
vt -0.300000 0.118632
vt -0.300000 0.060478
vt -0.300000 -0.060478
vt -0.300000 -0.118632
vt -0.219203 0.300000
vt 0.178875 -0.290982
vt 0.197019 -0.224455
vt 0.114817 -0.273868
vt 0.146133 -0.850000
vt 0.217373 -0.374623
vt -0.358333 1.843544
vt -0.850000 1.803338
vt -0.375000 1.782341
vt -0.025000 1.810904
vt 0.300000 1.827773
vt -0.167174 -0.500000
vt -0.167174 -0.116667
vt -0.220737 -0.375000
vt -0.239633 -0.850000
vt -0.172227 -0.850000
vt -0.099646 -0.275000
vt -0.089988 -0.850000
vt -0.245647 -0.025000
vt 0.000000 -0.275000
vt 0.038884 -0.283951
vt 0.060478 -0.850000
vt 0.114205 -0.301852
vt 0.235185 1.838819
vt 0.516667 1.842918
vt 0.172227 -0.850000
vt 0.208840 -0.355556
vt 0.355556 1.770902
vt 0.850000 1.780797
vt 0.850000 1.827773
vt -0.024874 2.190349
vt -0.358208 2.157822
vt 0.300000 2.172227
vt 0.300000 2.219203
vt -0.374623 2.221018
vt -0.850000 2.146133
vt 0.219203 -0.850000
vt 0.018069 -0.271605
vt -0.066966 -0.264815
vt -0.030385 -0.850000
vt -0.163360 -0.244444
vt -0.118632 -0.850000
vt -0.238867 -0.183333
vt -0.196662 -0.850000
vt 0.183333 2.197592
vt -0.300000 2.172227
vt 0.850000 2.172227
vt 0.850000 2.239633
vt -0.850000 1.881368
vt -0.700000 1.937750
vt -0.850000 1.969615
vt -0.700000 2.000000
vt -0.850000 2.060478
vt -0.350000 2.121963
vt -0.700000 2.062250
vt 0.300000 2.118632
vt -0.850000 2.219203
vt 0.000000 2.000000
vt 0.300000 2.000000
vt 0.300000 2.060478
vt 0.000000 1.937750
vt 0.300000 1.939522
vt 0.300000 1.780797
vt 0.300000 1.881368
vt -0.300000 1.881368
vt -0.300000 1.939522
vt -0.300000 2.219203
vt -0.300000 2.118632
vt 0.850000 2.089988
vt -0.300000 2.060478
vt -0.000000 2.062250
vt 0.700000 2.062250
vt 0.850000 2.000000
vt 0.700000 2.000000
vt 0.850000 1.939522
vt 0.700000 1.937750
vt -0.300000 2.000000
vt 0.850000 1.881368
vt -0.300000 1.827773
vt -0.224455 2.239340
vt 0.244678 -0.024874
vt 0.118632 -0.850000
vt -0.300000 1.780797
vt -0.358333 -2.156456
vt -0.850000 -2.196662
vt -0.375000 -2.217659
vt -0.025000 -2.189096
vt 0.300000 -2.172227
vt 0.235185 -2.161181
vt 0.516667 -2.157082
vt 0.355556 -2.229098
vt 0.850000 -2.219203
vt 0.850000 -2.172227
vt -0.024874 -1.809651
vt -0.358208 -1.842178
vt 0.300000 -1.827773
vt 0.300000 -1.780797
vt -0.374623 -1.778982
vt -0.850000 -1.853867
vt 0.183333 -1.802408
vt -0.300000 -1.827773
vt 0.850000 -1.827773
vt 0.850000 -1.760367
vt 0.850000 -1.910012
vt 0.700000 -1.937750
vt 0.850000 -2.000000
vt 0.700000 -2.062250
vt 0.850000 -2.118632
vt 0.850000 -2.060478
vt -0.300000 -2.118632
vt -0.300000 -2.172227
vt -0.000000 -2.062250
vt -0.300000 -2.060478
vt 0.700000 -2.000000
vt -0.000000 -2.000000
vt -0.300000 -2.000000
vt -0.300000 -1.881368
vt -0.350000 -1.878037
vt 0.000000 -1.937750
vt 0.300000 -1.881368
vt 0.300000 -1.939522
vt 0.300000 -2.219203
vt 0.300000 -2.118632
vt 0.300000 -2.060478
vt -0.700000 -2.062250
vt -0.850000 -2.030385
vt -0.850000 -2.118632
vt -0.700000 -2.000000
vt -0.850000 -1.939522
vt -0.700000 -1.937750
vt 0.300000 -2.000000
vt -0.850000 -1.780797
vt -0.300000 -1.939522
vt -0.300000 -1.780797
vt -0.224455 -1.760660
vt -0.300000 -2.219203
vt 0.000000 -3.413105
vt 0.270000 -3.452675
vt 0.270000 -3.400000
vt 1.278377 0.000000
vt 1.252674 0.270000
vt 1.200000 0.000000
vt 1.350004 0.000000
vt 1.303325 0.270000
vt 1.350004 0.270000
vt 1.390919 0.270000
vt 1.408713 0.000000
vt 0.270000 -3.249996
vt 0.000000 -3.228714
vt 0.000000 -3.296675
vt 0.000000 -3.452675
vt 0.270000 -3.503325
vt 0.000000 -3.527277
vt 0.270000 -3.550004
vt 0.000000 -3.590919
vt 0.270000 -3.590919
vt -1.327277 0.000000
vt -1.350004 0.270000
vt -1.390919 0.000000
vt -1.303325 0.270000
vt -1.252674 0.270000
vt -1.252674 0.000000
vt -1.200000 0.270000
vt -1.173535 0.000000
vt -1.147326 0.270000
vt -1.096676 0.000000
vt -1.096676 0.270000
vt -1.028714 0.000000
vt -1.049996 0.270000
vt -0.000000 -3.608713
vt -0.000000 -3.550004
vt -0.270000 -3.590919
vt -0.270000 -3.550004
vt -0.000000 -3.478377
vt -0.270000 -3.503325
vt -0.270000 -3.452675
vt -0.270000 -3.400000
vt -0.000000 -3.400000
vt -0.000000 -3.347326
vt -0.270000 -3.347326
vt -0.270000 -3.296675
vt 1.049996 0.000000
vt 1.009081 0.270000
vt 1.009081 0.000000
vt 1.147326 0.270000
vt 1.200000 0.270000
vt 1.147326 0.000000
vt 1.096676 0.270000
vt 1.096676 0.000000
vt 1.049996 0.270000
vt -0.000000 -3.209081
vt -0.270000 -3.209081
vt -0.270000 -3.249996
vt -0.000000 -3.249996
vt -1.009081 0.270000
vt -1.390919 0.270000
vt 0.000000 -3.373536
vt 0.270000 -3.347326
vt 0.270000 -3.296675
vt 0.270000 -3.209081
vt 0.000000 3.386895
vt 0.270000 3.347326
vt 0.270000 3.400000
vt 0.270000 3.550004
vt 0.000000 3.571286
vt 0.000000 3.503325
vt 0.000000 3.347326
vt 0.270000 3.296675
vt 0.000000 3.272723
vt 0.270000 3.249996
vt 0.000000 3.209081
vt 0.270000 3.209081
vt -0.000000 3.191287
vt -0.000000 3.249996
vt -0.270000 3.209081
vt -0.270000 3.249996
vt -0.000000 3.321623
vt -0.270000 3.296675
vt -0.270000 3.347326
vt -0.270000 3.400000
vt -0.000000 3.400000
vt -0.000000 3.452675
vt -0.270000 3.452675
vt -0.270000 3.503325
vt -0.000000 3.590919
vt -0.270000 3.590919
vt -0.270000 3.550004
vt -0.000000 3.550004
vt 0.000000 3.426465
vt 0.270000 3.452675
vt 0.270000 3.503325
vt 0.270000 3.590919
vt -1.121623 0.000000
vt -1.200000 0.000000
vt -1.049996 0.000000
vt -0.991287 0.000000
vt 1.072723 0.000000
vt 1.226465 0.000000
vt 1.303325 0.000000
vt 1.371286 0.000000
vt -1.350004 0.000000
vt -1.303325 0.000000
vt 0.995860 -3.292598
vt 1.200000 -3.292598
vt 0.972868 -3.243934
vt 1.200000 -3.243934
vt -0.640590 -0.938458
vt -0.447868 -1.200000
vt -0.379047 -1.200000
vt 1.200000 -3.320736
vt -0.675000 -0.972868
vt 0.880203 -3.420260
vt 0.855271 -3.450000
vt 0.890856 -3.357387
vt 0.874400 -3.355207
vt -0.764276 -3.344378
vt -0.697992 -3.292598
vt 0.943258 -3.344378
vt -0.713101 -0.965044
vt -0.694703 -0.937480
vt -0.713101 -3.272913
vt -0.675000 -3.243934
vt 0.861994 -3.340175
vt 0.902643 -3.273630
vt 0.842766 -3.386166
vt -0.648992 -0.911942
vt -0.702117 -0.899552
vt 0.869739 -3.273360
vt 0.875449 -3.285812
vt 0.841989 -3.324545
vt -0.770193 -0.869739
vt 0.926338 -3.296478
vt 0.965044 -3.272913
vt -0.756850 -0.902643
vt 0.937480 -3.236408
vt 0.855271 -3.750000
vt 0.880203 -3.779740
vt 0.874400 -3.844793
vt 0.943258 -3.855622
vt 0.926338 -3.903522
vt 0.965044 -3.927088
vt -0.713101 -3.927088
vt -0.675000 -3.956066
vt -0.697992 -3.907403
vt 0.937480 -3.963593
vt 0.861994 -3.859825
vt 0.842766 -3.813834
vt 0.875449 -3.914188
vt 0.902643 -3.926370
vt 0.648992 -0.911942
vt 0.640590 -0.938458
vt 0.702117 -0.899552
vt 0.869739 -3.926640
vt 0.841989 -3.875456
vt 0.770193 -0.869739
vt 0.778622 -0.875449
vt 0.890856 -3.842613
vt 0.756850 -0.902643
vt 0.694703 -0.937480
vt 0.675000 -0.972868
vt 0.713101 -0.965044
vt 0.995860 -3.907403
vt -0.505270 -3.907403
vt 0.972868 -3.956066
vt 1.156066 -3.956066
vt -0.491802 -3.956066
vt 0.471645 -1.107403
vt 0.491802 -1.156066
vt 0.505270 -3.907403
vt 0.491802 -3.956066
vt -0.471645 -1.107403
vt -0.491802 -1.156066
vt 0.697992 -3.907403
vt -1.156066 -3.956066
vt -0.972868 -3.956066
vt -0.995860 -3.907403
vt -0.880203 -3.779740
vt -0.855271 -3.750000
vt -0.890856 -3.842613
vt -0.874400 -3.844793
vt 0.764276 -3.855622
vt -0.943258 -3.855622
vt 0.713101 -3.927088
vt 0.675000 -3.956066
vt -0.861994 -3.859825
vt -0.902643 -3.926370
vt -0.842766 -3.813834
vt -0.869739 -3.926640
vt -0.875449 -3.914188
vt -0.841989 -3.875456
vt -0.926338 -3.903522
vt -0.965044 -3.927088
vt -0.937480 -3.963593
vt -0.855271 -3.450000
vt -0.880203 -3.420260
vt -0.874400 -3.355207
vt -0.943258 -3.344378
vt -0.926338 -3.296478
vt -0.965044 -3.272913
vt 0.713101 -3.272913
vt 0.675000 -3.243934
vt 0.697992 -3.292598
vt -0.937480 -3.236408
vt -0.861994 -3.340175
vt -0.842766 -3.386166
vt -0.875449 -3.285812
vt -0.902643 -3.273630
vt -0.869739 -3.273360
vt -0.841989 -3.324545
vt -0.890856 -3.357387
vt -0.995860 -3.292598
vt 0.379047 -1.200000
vt 0.447868 -1.200000
vt -1.200000 -3.320736
vt -1.200000 -3.292598
vt -0.972868 -3.243934
vt -1.200000 -3.243934
vt -0.505270 3.907403
vt -0.697992 3.907403
vt -0.491802 3.956066
vt 1.156066 3.956066
vt 0.972868 3.956066
vt 0.995860 3.907403
vt 0.505270 3.907403
vt 0.491802 3.956066
vt 0.880203 3.779740
vt 0.855271 3.750000
vt 0.890856 3.842613
vt 0.874400 3.844793
vt -0.764276 3.855622
vt 0.943258 3.855622
vt -0.713101 3.927088
vt -0.675000 3.956066
vt 0.861994 3.859825
vt 0.902643 3.926370
vt 0.842766 3.813834
vt 0.869739 3.926640
vt 0.875449 3.914188
vt 0.841989 3.875456
vt 0.926338 3.903522
vt 0.965044 3.927088
vt 0.937480 3.963593
vt 0.697992 3.907403
vt -0.995860 3.907403
vt -0.972868 3.956066
vt -1.156066 3.956066
vt 0.855271 3.450000
vt -0.880203 3.779740
vt -0.855271 3.750000
vt -0.874400 3.844793
vt -0.943258 3.855622
vt -0.926338 3.903522
vt -0.965044 3.927088
vt 0.713101 3.927088
vt 0.675000 3.956066
vt -0.937480 3.963593
vt -0.861994 3.859825
vt -0.842766 3.813834
vt -0.875449 3.914188
vt -0.902643 3.926370
vt -0.869739 3.926640
vt -0.841989 3.875456
vt -0.890856 3.842613
vt 0.880203 3.420260
vt 0.874400 3.355207
vt 0.943258 3.344378
vt 0.926338 3.296478
vt 0.965044 3.272913
vt -0.713101 3.272913
vt -0.675000 3.243934
vt -0.697992 3.292598
vt 0.937480 3.236408
vt 0.861994 3.340175
vt 0.842766 3.386166
vt 0.875449 3.285812
vt 0.902643 3.273630
vt 0.869739 3.273360
vt 0.841989 3.324545
vt 0.890856 3.357387
vt 0.995860 3.292598
vt -0.855271 3.450000
vt -0.505270 3.292598
vt 0.972868 3.243934
vt 1.156066 3.243934
vt -0.491802 3.243934
vt -0.880203 3.420260
vt -0.890856 3.357387
vt -0.874400 3.355207
vt 0.764276 3.344378
vt 0.697992 3.292598
vt -0.943258 3.344378
vt 0.713101 3.272913
vt 0.675000 3.243934
vt -0.861994 3.340175
vt -0.902643 3.273630
vt -0.842766 3.386166
vt -0.869739 3.273360
vt -0.875449 3.285812
vt -0.841989 3.324545
vt -0.926338 3.296478
vt -0.965044 3.272913
vt -0.937480 3.236408
vt -0.995860 3.292598
vt 0.505270 3.292598
vt 0.491802 3.243934
vt -1.156066 3.243934
vt -0.972868 3.243934
vt 0.179629 2.764839
vt 0.532222 2.601691
vt 0.196432 2.811329
vt 0.537102 2.634659
vt 0.533887 -1.094666
vt 0.207660 -1.107403
vt 0.537102 -1.135279
vt 0.196432 -1.156066
vt 0.203317 -1.069759
vt 0.170062 2.767402
vt 0.178754 2.816066
vt 0.178754 -1.156066
vt 0.184563 -1.107403
vt 0.746921 -0.881632
vt -0.912333 2.505940
vt -0.881632 2.536378
vt -1.094666 2.659373
vt -1.168156 2.601691
vt -1.190312 2.563460
vt -0.937185 2.468340
vt -1.135279 2.634659
vt -0.170062 2.767402
vt -0.178754 2.816066
vt -0.184563 -1.107403
vt -0.178754 -1.156066
vt -0.906427 2.463140
vt -0.860915 2.474388
vt -0.872549 2.467422
vt -0.839103 2.406545
vt -0.855271 2.340385
vt -0.879669 2.403544
vt -0.194952 -1.069759
vt -0.179629 2.764839
vt -0.196432 2.811329
vt -0.196432 -1.156066
vt -0.207660 -1.107403
vt -0.855271 1.200000
vt -0.532222 2.601691
vt -0.537102 2.634659
vt -0.533887 -1.094666
vt -0.537102 -1.135279
vt -0.906427 -2.463140
vt -0.937185 -2.468340
vt -0.912333 -2.505940
vt -0.879669 -2.403544
vt -0.860915 -2.474388
vt -0.872549 -2.467422
vt -0.881632 -2.536378
vt -0.839103 -2.406545
vt -0.746921 -0.881632
vt 1.190312 2.563460
vt 1.168156 2.601691
vt 0.937185 2.468340
vt 1.135279 2.634659
vt 0.912333 2.505940
vt 1.094666 2.659373
vt 0.881632 2.536378
vt -1.094666 -2.659373
vt -1.135279 -2.634659
vt -1.168156 -2.601691
vt -1.190312 -2.563460
vt 0.906427 2.463140
vt 0.879669 2.403544
vt 0.860915 2.474388
vt 0.872549 2.467422
vt 0.839103 2.406545
vt 0.855271 2.340385
vt 0.532222 -2.601691
vt 0.179629 -2.764839
vt 0.196432 -2.811329
vt 0.537102 -2.634659
vt 0.855271 1.200000
vt 0.170062 -2.767402
vt 0.178754 -2.816066
vt 0.906427 -2.463140
vt 0.937185 -2.468340
vt 0.912333 -2.505940
vt 0.860915 -2.474388
vt 0.872549 -2.467422
vt 0.839103 -2.406545
vt 0.881632 -2.536378
vt 0.879669 -2.403544
vt -0.170062 -2.767402
vt -0.178754 -2.816066
vt 1.168156 -2.601691
vt 1.190312 -2.563460
vt 1.094666 -2.659373
vt 1.135279 -2.634659
vt -0.179629 -2.764839
vt -0.196432 -2.811329
vt -0.532222 -2.601691
vt -0.537102 -2.634659
vt 0.285000 -0.500000
vt -0.285000 -0.500000
vt -0.806066 -0.903934
vt -0.850000 -0.797868
vt -0.850000 -0.700000
vt -0.838582 -0.855271
vt 0.806066 -0.903934
vt 0.850000 -0.700000
vt 0.838582 -0.855271
vt 0.850000 -0.797868
vt 0.237904 -0.198750
vt 0.170721 -0.258755
vt 0.089123 -0.296913
vt -0.089123 -0.296913
vt -0.170721 -0.258755
vt -0.237904 -0.198750
vt -0.237904 0.198750
vt -0.170721 0.258755
vt -0.089123 0.296913
vt 0.089123 0.296913
vt 0.170721 0.258755
vt 0.237904 0.198750
s 1
usemtl Diffuse_51_51_51_100.034
f 1/1/1 2/2/2 3/3/1
f 3/3/1 2/2/2 4/4/1
f 5/5/1 3/3/1 6/6/1
f 7/7/1 3/3/1 8/8/1
f 6/6/1 9/9/1 5/5/1
f 6/6/1 10/10/2 9/9/1
f 11/11/1 6/6/1 7/7/1
f 12/12/3 1/1/1 13/13/1
f 3/3/1 7/7/1 6/6/1
f 4/4/1 8/8/1 3/3/1
f 12/12/3 2/2/2 1/1/1
f 14/14/1 15/15/4 16/16/1
f 16/16/1 15/15/4 17/17/1
f 18/18/1 17/17/1 19/19/5
f 20/20/1 16/16/1 21/21/1
f 16/16/1 22/22/1 14/14/1
f 21/21/1 23/23/1 20/20/1
f 24/24/1 25/25/1 16/16/1
f 21/21/1 25/25/1 26/26/1
f 16/16/1 20/20/1 22/22/1
f 15/15/4 19/19/5 17/17/1
f 16/16/1 25/25/1 21/21/1
f 27/27/6 28/28/6 29/29/6
f 30/30/7 31/31/6 32/32/8
f 29/29/6 31/31/6 30/30/7
f 33/33/6 34/34/6 35/35/6
f 33/33/6 35/35/6 36/36/6
f 37/37/6 36/36/6 35/35/6
f 38/38/6 39/39/6 40/40/6
f 35/35/6 34/34/6 38/38/6
f 39/39/6 38/38/6 41/41/6
f 42/42/6 43/43/6 44/44/6
f 45/45/6 43/43/6 46/46/6
f 47/47/7 28/28/6 27/27/6
f 45/45/6 47/47/7 43/43/6
f 32/32/8 48/48/6 49/49/6
f 49/49/6 48/48/6 50/50/6
f 28/28/6 31/31/6 29/29/6
f 39/39/6 49/49/6 40/40/6
f 34/34/6 41/41/6 38/38/6
f 36/36/6 37/37/6 43/43/6
f 51/51/6 49/49/6 50/50/6
f 46/46/6 43/43/6 42/42/6
f 28/28/6 47/47/7 45/45/6
f 48/48/6 32/32/8 31/31/6
f 37/37/6 44/44/6 43/43/6
f 40/40/6 49/49/6 51/51/6
f 52/52/9 53/53/10 54/54/9
f 55/54/9 53/53/9 56/55/9
f 57/56/11 58/57/11 59/58/11
f 60/59/11 61/56/11 59/58/11
f 62/60/11 63/59/11 59/58/12
f 64/61/11 65/62/11 66/63/11
f 67/63/11 62/60/11 64/61/11
f 68/64/11 69/65/11 62/60/11
f 62/60/11 69/65/11 64/61/11
f 62/60/11 70/63/11 71/59/11
f 72/48/11 64/66/11 73/67/11
f 74/68/13 75/69/13 76/70/13
f 76/70/14 77/71/13 78/72/13
f 76/70/14 79/73/13 77/71/13
f 80/40/15 81/74/13 77/75/13
f 82/73/13 83/76/13 77/71/13
s 0
f 78/72/16 84/77/16 76/70/16
s 1
f 85/78/13 74/68/13 86/79/13
f 87/73/13 76/70/13 88/69/13
f 89/78/13 90/69/13 74/68/13
f 91/80/17 92/81/17 93/82/17
f 93/82/17 94/81/17 95/83/17
f 93/82/17 95/83/17 96/84/18
f 96/84/18 95/83/17 97/85/18
f 97/85/18 74/68/13 76/70/13
f 97/85/18 76/70/13 96/84/18
f 62/60/11 59/58/12 98/86/19
f 98/86/19 59/58/12 99/87/19
f 52/52/9 98/86/19 99/87/19
f 99/87/19 53/53/10 52/52/9
f 100/88/9 101/89/9 102/90/9
f 103/91/9 104/92/9 102/90/9
f 102/90/9 105/92/9 106/93/9
f 101/89/9 100/88/9 107/94/20
f 107/94/20 100/88/9 108/95/9
f 108/95/9 109/96/9 110/97/9
f 110/97/9 109/96/9 111/98/9
f 111/98/9 109/96/9 112/99/9
f 113/100/9 111/98/9 112/99/9
f 100/88/9 102/90/9 114/101/21
f 108/95/9 100/88/9 109/96/9
f 102/90/9 106/93/9 114/101/21
f 115/102/17 116/103/17 117/104/22
f 117/104/22 116/103/17 118/105/17
f 116/103/17 119/81/17 120/106/17
f 116/103/17 121/106/17 118/105/17
f 122/107/17 123/108/17 124/109/17
f 125/110/17 126/111/23 124/109/17
f 124/109/17 126/111/23 127/112/17
f 123/108/17 122/107/17 128/113/17
f 128/113/17 122/107/17 129/114/17
f 129/114/17 130/115/17 131/116/17
f 131/116/17 130/115/17 132/117/17
f 132/117/17 130/115/17 133/118/17
f 134/119/17 132/117/17 133/118/17
f 122/107/17 124/109/17 127/112/17
f 129/114/17 122/107/17 130/115/17
f 135/120/9 136/121/9 137/122/9
f 137/122/9 136/121/9 138/123/24
f 136/121/9 139/124/9 140/125/9
f 136/121/9 140/125/9 141/126/25
f 136/121/9 141/126/25 138/123/24
f 142/127/26 143/128/17 144/123/27
f 144/123/27 143/128/17 145/122/27
f 143/128/17 146/129/17 145/122/27
f 143/128/17 147/130/28 148/131/17
f 147/130/28 143/128/17 142/127/26
f 149/132/29 150/133/9 151/105/30
f 151/105/30 150/133/9 152/104/9
f 150/133/9 153/134/10 152/104/9
f 150/133/9 154/135/9 155/55/9
f 156/135/9 150/133/9 149/132/29
f 157/136/31 158/137/32 159/138/32
f 159/138/32 158/137/32 160/139/32
f 161/136/33 162/137/34 163/138/33
f 163/138/33 162/137/34 164/139/33
f 165/136/35 166/137/32 167/138/32
f 167/138/32 166/137/32 168/139/32
f 169/136/34 170/137/34 171/138/33
f 171/138/33 170/137/34 172/139/34
f 173/136/31 174/137/36 175/138/32
f 175/138/32 174/137/36 176/139/32
f 177/136/34 178/137/33 179/138/33
f 179/138/33 178/137/33 180/139/34
f 181/140/37 158/137/32 182/141/38
f 181/142/37 182/143/38 183/144/1
f 182/143/38 184/145/1 183/144/1
f 158/137/32 157/136/31 182/141/38
f 185/146/1 186/147/1 184/145/1
f 184/145/1 186/147/1 183/144/1
f 187/148/39 186/147/1 188/149/40
f 187/148/39 188/149/40 161/150/33
f 188/149/40 186/147/1 185/146/1
f 161/150/33 188/149/40 162/151/34
f 189/140/37 166/137/32 190/141/38
f 189/152/37 190/153/38 191/154/1
f 190/153/38 192/155/1 191/154/1
f 166/137/32 165/136/35 190/141/38
f 193/156/1 194/157/1 192/155/1
f 192/155/1 194/157/1 191/154/1
f 195/158/39 194/157/1 196/159/39
f 195/158/39 196/159/39 169/160/34
f 196/159/39 194/157/1 193/156/1
f 169/160/34 196/159/39 170/161/34
f 197/136/33 198/137/34 199/138/34
f 199/138/34 198/137/34 200/139/34
f 201/136/35 202/137/41 203/138/31
f 203/138/31 202/137/41 204/139/31
f 205/136/33 206/137/34 207/138/34
f 207/138/34 206/137/34 208/139/34
f 209/136/35 210/137/35 211/138/31
f 211/138/31 210/137/35 212/139/32
f 213/136/33 214/137/34 215/138/34
f 215/138/34 214/137/34 216/139/34
f 217/136/31 218/137/31 219/138/31
f 219/138/31 218/137/31 220/139/32
f 221/162/37 202/163/41 222/164/38
f 221/162/37 222/164/38 223/165/1
f 222/164/38 224/166/1 223/165/1
f 202/163/41 201/167/35 222/164/38
f 225/168/1 226/169/1 224/166/1
f 224/166/1 226/169/1 223/165/1
f 227/170/39 226/169/1 228/171/39
f 227/141/39 228/140/39 197/136/33
f 228/171/39 226/169/1 225/168/1
f 197/136/33 228/140/39 198/137/34
f 229/172/37 210/173/35 230/174/38
f 229/172/37 230/174/38 231/175/1
f 230/174/38 232/176/1 231/175/1
f 210/173/35 209/177/35 230/174/38
f 233/178/1 234/179/1 232/176/1
f 232/176/1 234/179/1 231/175/1
f 235/180/39 234/179/1 236/181/39
f 235/141/39 236/140/39 205/136/33
f 236/181/39 234/179/1 233/178/1
f 205/136/33 236/140/39 206/137/34
f 237/182/6 238/183/7 239/184/6
f 237/182/6 239/184/6 240/19/6
f 241/185/6 242/186/6 243/187/6
f 244/187/6 242/186/6 245/19/6
f 246/188/6 241/185/6 247/187/6
f 248/189/6 249/190/6 238/183/7
f 250/191/6 251/192/6 252/193/7
f 250/191/6 253/194/6 251/192/6
f 254/195/6 255/196/6 256/20/6
f 254/195/6 257/197/6 258/196/6
f 259/198/6 254/195/6 260/20/6
f 239/184/6 259/198/6 261/19/6
f 239/184/6 238/183/7 250/191/6
f 262/199/6 263/200/6 264/201/6
f 262/199/6 264/201/6 265/202/6
f 266/203/6 267/204/42 268/205/6
f 269/206/6 270/207/6 271/208/6
f 269/206/6 272/209/6 273/210/6
f 274/211/7 275/212/6 276/213/6
f 274/211/7 277/214/6 275/212/6
f 242/186/6 237/182/6 278/19/6
f 248/189/6 238/183/7 237/182/6
f 279/215/6 241/185/6 280/216/6
f 281/217/6 282/202/6 264/201/6
f 281/217/6 283/218/6 284/202/6
f 285/218/7 279/215/6 286/219/7
f 250/191/6 287/220/42 253/194/6
f 288/196/6 289/221/6 290/222/6
f 291/223/6 292/196/6 293/224/6
f 259/198/7 294/20/6 295/22/6
f 296/225/7 297/226/6 298/227/6
f 299/228/6 296/225/7 298/227/6
f 299/228/6 300/229/6 296/225/7
f 300/229/6 301/230/7 302/231/43
f 300/229/6 303/232/6 301/230/7
f 300/229/6 304/233/42 303/232/6
f 305/234/6 306/235/42 300/229/6
f 238/183/7 307/236/6 308/237/7
f 238/183/7 308/237/7 250/191/6
f 263/200/6 309/238/6 310/239/6
f 311/240/6 310/239/6 312/241/6
f 263/200/6 238/183/7 249/190/6
f 313/242/6 312/241/6 310/239/6
f 310/239/6 314/243/6 315/244/6
f 316/245/6 310/239/6 315/244/6
f 317/246/6 318/247/7 319/248/6
f 317/246/6 320/249/6 318/247/7
f 321/250/6 322/251/6 273/210/6
f 323/252/6 270/207/6 269/206/6
f 273/210/6 323/252/6 269/206/6
f 324/253/6 273/210/6 272/209/6
f 271/208/6 325/254/6 269/206/6
f 266/203/6 272/209/6 269/206/6
f 326/218/6 281/217/6 279/215/6
f 274/211/7 325/254/6 327/255/6
f 327/255/6 277/214/6 274/211/7
f 266/203/6 328/256/6 272/209/6
f 266/203/6 329/202/42 267/204/42
f 250/191/6 330/257/6 254/195/6
f 331/19/6 259/198/7 332/15/6
f 333/196/6 334/258/6 289/221/6
f 268/205/6 328/256/6 266/203/6
f 335/259/6 254/195/6 330/257/6
f 330/257/6 250/191/6 252/193/7
f 241/185/6 279/215/6 248/189/6
f 336/260/6 238/183/7 337/261/6
f 338/262/6 309/238/6 263/200/6
f 337/261/6 238/183/7 339/263/7
f 339/263/7 238/183/7 340/264/6
f 250/191/6 308/237/7 287/220/42
f 300/229/6 238/183/7 305/234/6
f 306/235/42 304/233/42 300/229/6
f 296/225/7 300/229/6 341/265/6
f 341/265/6 300/229/6 302/231/43
f 342/266/7 343/267/7 344/223/7
f 345/223/42 343/267/42 297/226/42
f 293/224/42 342/266/42 346/223/42
f 276/213/6 347/268/6 274/211/7
f 348/269/7 334/258/7 349/196/7
f 257/197/6 348/269/6 350/196/6
f 286/219/7 279/215/6 280/216/6
f 263/200/6 249/190/6 264/201/6
f 257/197/6 254/195/6 351/270/6
f 352/271/6 297/226/6 296/225/7
f 293/224/6 353/196/6 290/222/6
f 314/243/6 317/246/6 354/272/6
f 314/243/6 320/249/6 317/246/6
f 355/273/6 314/243/6 354/272/6
f 355/273/6 315/244/6 314/243/6
f 310/239/6 316/245/6 313/242/6
f 340/264/6 238/183/7 300/229/6
f 338/262/6 263/200/6 356/274/7
f 263/200/6 347/268/6 357/275/6
f 263/200/6 262/199/6 274/211/7
f 347/268/6 263/200/6 274/211/7
f 358/14/7 332/15/6 259/198/7
f 246/188/6 280/216/6 241/185/6
f 263/200/6 310/239/6 311/240/6
f 248/189/6 279/215/6 249/190/6
f 351/270/6 254/195/6 335/259/6
f 322/251/6 321/250/6 359/276/6
f 274/211/7 269/206/6 325/254/6
f 359/276/6 321/250/6 360/277/42
f 360/277/42 321/250/6 361/278/42
f 361/278/42 321/250/6 362/279/42
f 362/279/42 321/250/6 363/280/6
f 363/280/6 321/250/6 319/248/6
f 364/281/6 319/248/6 321/250/6
f 295/22/6 358/14/7 259/198/7
f 365/202/6 266/203/6 262/199/6
f 321/250/6 273/210/6 324/253/6
f 366/223/6 297/226/6 352/271/6
f 317/246/6 319/248/6 364/281/6
f 307/236/6 238/183/7 336/260/6
f 263/200/6 357/275/6 356/274/7
f 367/282/6 368/283/6 369/284/6
f 370/285/6 371/286/6 372/287/6
f 370/285/6 372/287/6 373/288/6
f 367/282/6 374/289/6 375/290/6
f 376/291/6 377/292/6 378/293/6
f 376/291/6 370/285/6 373/288/6
f 379/286/6 367/282/6 369/284/6
f 380/294/6 381/295/6 382/296/6
f 380/294/6 383/297/6 384/298/6
f 384/298/6 385/299/6 373/288/6
f 376/291/6 386/300/42 377/292/6
f 380/294/6 387/301/42 381/295/6
f 388/302/6 389/286/6 390/301/6
f 391/303/6 392/12/6 393/304/6
f 393/304/6 394/12/6 395/305/6
f 393/304/6 395/305/6 396/306/6
f 391/303/6 383/297/6 397/307/6
f 376/291/6 398/308/42 386/300/42
f 385/299/6 393/304/6 396/306/6
f 399/309/6 400/7/6 401/310/6
f 399/309/6 402/311/6 400/7/6
f 403/312/42 404/313/42 405/314/6
f 406/307/6 383/297/6 407/315/6
f 376/291/6 408/316/6 409/317/6
f 402/311/6 395/305/6 410/12/6
f 411/318/7 403/312/42 412/319/6
f 402/311/6 413/12/42 414/2/6
f 415/12/6 391/303/6 416/307/6
f 403/312/42 411/318/7 417/320/8
f 385/299/6 384/298/6 383/297/6
f 370/285/6 367/282/6 418/286/6
f 388/302/6 372/287/6 419/286/6
f 376/291/6 409/317/6 374/289/6
f 420/321/6 374/289/6 421/322/6
f 422/323/6 423/324/6 424/325/6
f 425/326/6 426/323/6 427/327/6
f 384/298/6 373/288/6 372/287/6
f 428/328/6 429/329/6 430/330/6
f 431/331/6 428/328/6 432/332/6
f 431/331/6 433/333/6 428/328/6
f 434/334/6 433/333/6 435/335/42
f 433/333/6 436/336/6 437/337/42
f 433/333/6 438/338/6 436/336/6
f 433/333/6 439/339/6 438/338/6
f 373/288/6 398/308/42 376/291/6
f 373/288/6 385/299/6 396/306/6
f 396/306/6 440/340/6 441/341/6
f 396/306/6 442/342/43 443/343/43
f 444/344/6 441/341/6 440/340/6
f 445/345/7 444/344/6 446/346/6
f 447/347/42 446/346/6 448/348/43
f 447/347/42 445/345/7 446/346/6
f 449/349/43 450/350/6 451/351/6
f 449/349/43 452/352/6 450/350/6
f 453/353/6 454/354/6 401/310/6
f 399/309/6 455/355/6 456/356/6
f 399/309/6 457/357/6 455/355/6
f 458/358/6 401/310/6 400/7/6
f 457/357/6 399/309/6 401/310/6
f 456/356/6 403/312/42 399/309/6
f 430/330/6 432/332/6 428/328/6
f 433/333/6 437/337/42 435/335/42
f 429/329/6 428/328/6 459/359/6
f 460/360/6 429/329/6 461/326/6
f 462/361/7 460/360/7 463/326/7
f 464/326/42 427/327/42 462/361/42
f 402/311/6 465/8/6 400/7/6
f 466/323/42 424/325/42 467/362/42
f 420/321/6 423/324/6 468/323/6
f 469/363/43 403/312/42 470/364/7
f 471/323/6 374/289/6 420/321/6
f 472/323/6 473/290/6 374/289/6
f 469/363/43 404/313/42 403/312/42
f 412/319/6 403/312/42 405/314/6
f 474/365/6 373/288/6 475/366/6
f 474/365/6 398/308/42 373/288/6
f 475/366/6 373/288/6 476/367/6
f 476/367/6 373/288/6 477/368/6
f 477/368/6 373/288/6 478/369/7
f 478/369/7 373/288/6 439/339/6
f 396/306/6 479/370/6 480/371/6
f 439/339/6 373/288/6 481/372/6
f 482/373/6 439/339/6 481/372/6
f 414/2/6 483/4/6 402/311/6
f 484/374/6 367/282/6 485/290/42
f 433/333/6 434/334/6 428/328/6
f 403/312/42 417/320/8 442/342/43
f 368/283/6 367/282/6 484/374/6
f 409/317/6 421/322/6 374/289/6
f 483/4/6 465/8/6 402/311/6
f 486/375/6 453/353/6 487/376/6
f 486/375/6 488/377/6 453/353/6
f 487/376/6 453/353/6 489/378/6
f 489/378/6 453/353/6 451/351/6
f 470/364/7 403/312/42 456/356/6
f 490/379/6 451/351/6 453/353/6
f 491/380/8 446/346/6 492/381/6
f 492/381/6 446/346/6 449/349/43
f 491/380/8 448/348/43 446/346/6
f 440/340/6 446/346/6 444/344/6
f 479/370/6 396/306/6 443/343/43
f 482/373/6 438/338/6 439/339/6
f 396/306/6 395/305/6 403/312/42
f 378/293/6 408/316/6 376/291/6
f 403/312/42 442/342/43 396/306/6
f 380/294/6 382/296/6 383/297/6
f 388/302/6 493/301/6 380/294/6
f 480/371/6 440/340/6 396/306/6
f 383/297/6 382/296/6 407/315/6
f 446/346/6 452/352/6 449/349/43
f 453/353/6 401/310/6 458/358/6
f 449/349/43 451/351/6 490/379/6
f 429/329/6 459/359/6 494/326/6
f 495/323/7 467/362/7 427/327/7
f 488/377/6 454/354/6 453/353/6
f 496/283/1 497/284/1 498/382/4
f 498/382/4 497/284/1 499/383/1
f 500/384/1 499/383/1 501/286/1
f 502/290/1 498/382/4 503/385/1
f 498/382/4 504/374/1 496/283/1
f 503/385/1 505/386/1 502/290/1
f 506/387/1 507/388/4 498/382/4
f 498/382/4 507/388/4 508/389/2
f 498/382/4 502/290/1 504/374/1
f 498/382/4 508/389/2 503/385/1
f 497/284/1 509/286/1 499/383/1
f 510/390/1 511/204/1 512/391/1
f 512/391/1 511/204/1 513/205/1
f 514/392/1 512/391/1 515/393/2
f 516/209/1 512/391/1 517/256/1
f 515/393/2 518/394/4 514/392/1
f 515/393/2 519/395/1 518/394/4
f 520/396/1 515/393/1 521/209/1
f 522/202/1 510/390/1 523/397/1
f 512/391/1 524/209/1 515/393/2
f 525/202/1 511/204/1 510/390/1
f 513/205/1 517/256/1 512/391/1
f 526/398/6 527/399/6 528/400/6
f 526/398/6 528/400/6 529/401/6
f 530/402/6 531/403/6 532/404/7
f 533/405/42 534/406/42 535/407/44
f 532/404/7 534/406/42 533/405/42
f 536/408/6 529/401/6 528/400/6
f 537/409/6 538/410/6 539/411/6
f 528/400/6 527/399/6 537/409/6
f 538/410/6 537/409/6 540/412/6
f 541/413/6 542/414/6 543/415/6
f 538/410/6 544/416/6 539/411/6
f 534/406/42 532/404/7 531/403/6
f 529/401/6 536/408/6 542/414/6
f 542/414/6 545/417/6 546/418/6
f 547/419/6 531/403/6 530/402/6
f 540/412/6 537/409/6 527/399/6
f 535/407/44 548/420/6 544/416/6
f 544/416/6 549/421/6 539/411/6
f 544/416/6 548/420/6 550/422/6
f 546/418/6 547/419/6 542/414/6
f 545/417/6 542/414/6 541/413/6
f 531/403/6 547/419/6 546/418/6
f 548/420/6 535/407/44 534/406/42
f 544/416/6 550/422/6 549/421/6
f 536/408/6 543/415/6 542/414/6
s 0
f 551/423/1 552/424/1 553/425/4
s 1
f 554/426/1 551/423/1 553/425/1
f 555/427/1 554/426/1 553/425/1
f 556/428/1 555/427/1 553/425/1
f 557/429/1 556/428/1 553/425/1
f 558/430/4 553/425/1 559/431/1
f 558/430/4 557/429/1 553/425/1
f 559/431/1 553/425/1 560/432/1
f 561/433/1 559/431/1 560/432/1
f 560/432/1 562/326/1 561/433/1
f 560/432/1 553/425/1 563/434/2
f 563/434/2 564/435/2 565/436/3
f 563/434/2 566/437/4 564/435/2
f 567/438/1 568/439/2 563/434/2
f 563/434/2 568/439/2 566/437/4
s 0
f 569/440/1 567/438/1 563/434/4
s 1
f 563/434/2 565/436/3 570/441/1
f 560/432/1 563/434/2 570/441/1
f 571/442/9 572/124/9 573/443/9
f 573/443/9 574/124/9 575/444/9
f 576/445/9 577/446/9 578/447/9
f 578/447/9 579/446/9 580/448/9
f 581/449/11 582/450/11 583/451/11
f 583/451/11 584/452/11 585/453/11
f 583/451/11 586/454/11 584/452/11
f 587/411/11 588/455/11 584/456/11
f 589/454/11 590/457/11 584/452/11
f 585/453/11 591/458/11 583/451/11
f 592/459/11 581/449/11 593/460/11
f 594/459/11 595/450/11 581/449/11
f 596/454/11 583/451/11 597/450/11
f 598/461/11 599/462/11 600/463/11
f 601/464/11 602/465/11 599/466/11
f 598/461/11 601/467/11 599/462/11
f 599/462/11 602/468/11 603/469/11
f 598/461/11 600/463/11 604/470/11
f 605/471/11 604/472/11 606/473/11
f 605/471/11 598/474/11 604/472/11
f 607/475/11 608/476/11 600/463/11
f 600/477/11 608/478/11 609/479/11
f 600/463/11 609/480/11 604/470/11
f 610/481/6 611/471/6 612/482/6
f 612/482/6 613/471/6 614/473/6
f 615/483/13 616/484/13 617/485/13
f 618/486/13 619/483/13 617/485/13
f 620/487/13 621/486/13 617/485/45
f 622/488/13 623/489/13 624/490/13
f 625/490/15 620/487/13 622/488/13
s 0
f 626/491/13 627/492/13 620/487/13
s 1
f 620/487/13 627/492/13 622/488/13
f 620/487/13 628/490/13 629/486/13
f 630/420/13 622/493/13 631/494/13
f 632/495/13 633/481/13 634/496/16
f 635/497/13 636/498/46 637/499/13
f 637/500/13 636/501/46 638/502/47
f 637/499/13 638/503/47 632/504/13
f 634/505/16 639/506/13 640/507/13
f 637/499/13 634/505/16 640/507/13
f 640/507/13 641/508/48 642/509/13
f 634/496/13 643/481/13 644/482/13
f 641/510/48 640/511/13 639/512/13
f 634/505/16 637/499/13 632/504/13
f 645/513/17 646/514/49 647/515/17
f 648/515/17 646/514/17 649/131/17
f 650/516/17 651/517/17 652/518/17
f 652/518/17 651/517/17 653/519/17
f 654/520/1 655/521/1 656/522/1
f 657/523/1 654/520/1 658/522/1
f 659/524/1 657/523/1 660/522/1
f 661/525/1 659/524/1 662/522/1
f 663/526/1 661/525/1 664/522/1
f 665/527/1 666/522/1 667/528/1
f 665/527/1 663/526/1 668/522/1
f 667/528/1 669/522/2 670/529/1
f 671/250/1 667/528/1 670/529/1
f 670/529/1 672/530/1 673/250/1
f 670/529/4 674/522/4 675/531/4
f 676/531/1 677/532/1 678/533/1
f 679/531/2 680/534/2 677/532/2
f 681/535/1 682/536/1 683/531/1
f 684/531/1 682/536/1 680/534/1
f 685/537/1 681/535/1 686/531/1
f 687/531/2 678/533/2 688/538/2
f 670/529/2 689/531/2 688/538/2
f 690/88/17 691/539/17 692/540/17
f 693/96/17 694/541/17 695/542/17
f 695/542/17 694/541/17 696/543/17
f 697/96/17 698/544/17 694/541/17
f 692/540/27 699/545/27 700/88/27
f 701/88/17 699/545/17 702/96/17
f 703/96/17 699/545/17 698/544/17
f 704/546/17 705/101/17 706/547/17
f 707/548/17 704/546/17 708/549/17
f 709/88/17 710/101/17 704/546/17
f 704/546/17 691/539/17 711/88/17
f 704/546/17 706/547/17 712/549/17
f 713/550/17 714/551/17 715/552/17
f 715/552/17 716/551/17 717/553/17
f 718/554/50 719/555/1 720/556/1
f 721/557/1 722/558/1 723/559/1
f 724/560/1 725/561/1 726/562/1
f 727/563/1 728/564/4 721/557/1
f 721/557/1 729/216/1 730/565/1
f 731/566/1 718/554/50 720/556/1
f 732/567/1 733/568/1 727/563/1
f 727/563/1 734/14/1 735/569/1
f 723/559/1 722/558/1 736/570/1
f 737/571/51 738/572/1 739/573/1
f 722/558/1 740/205/5 741/574/1
f 742/575/1 721/557/1 730/565/1
f 743/576/1 744/577/2 724/560/1
f 724/560/1 745/296/1 746/578/1
f 747/579/1 737/571/51 748/580/1
f 749/581/1 750/582/1 743/576/1
f 743/576/1 751/283/3 752/583/1
f 726/562/1 725/561/1 753/584/1
f 731/566/1 727/563/1 754/585/50
f 725/561/1 755/4/2 756/586/1
f 757/587/1 724/560/1 746/578/1
f 758/588/1 759/589/1 760/590/1
f 758/588/1 761/591/1 759/589/1
f 760/590/1 759/589/1 762/592/1
f 763/593/3 762/592/1 764/594/1
f 765/595/2 763/593/3 764/594/1
f 766/596/1 724/560/1 765/595/2
f 766/596/1 767/597/3 724/560/1
f 768/598/1 745/296/1 724/560/1
f 752/583/1 744/577/2 743/576/1
f 724/560/1 769/599/1 768/598/1
f 770/600/4 771/601/1 724/560/1
f 725/561/1 772/602/1 755/4/2
f 724/560/1 773/603/1 774/604/1
f 724/560/1 771/601/1 773/603/1
f 771/601/1 775/605/1 776/606/2
f 767/597/3 777/607/2 724/560/1
f 778/608/3 776/606/2 775/605/1
f 779/609/1 778/608/3 780/610/1
f 781/611/1 779/609/1 780/610/1
f 782/612/1 783/613/1 781/611/1
f 782/612/1 784/614/1 783/613/1
f 785/615/1 786/616/1 784/614/1
f 787/617/1 721/557/1 788/618/1
f 789/619/1 790/620/5 721/557/1
f 791/621/1 729/216/1 721/557/1
f 735/569/1 728/564/4 727/563/1
f 721/557/1 792/622/1 791/621/1
f 793/623/5 794/624/4 721/557/1
f 722/558/1 795/625/1 740/205/5
f 721/557/1 796/626/1 797/627/1
f 721/557/1 794/624/4 796/626/1
f 794/624/4 798/628/5 799/629/1
f 788/618/1 721/557/1 742/575/1
f 761/591/1 800/630/1 801/631/1
f 761/591/1 801/631/1 759/589/1
f 802/632/5 803/633/4 804/634/1
f 804/634/1 803/633/4 787/617/1
f 764/594/1 766/596/1 765/595/2
f 805/635/1 765/595/2 724/560/1
f 784/614/1 782/612/1 785/615/1
f 783/613/1 779/609/1 781/611/1
f 772/602/1 725/561/1 777/607/2
f 751/283/3 743/576/1 806/636/1
f 770/600/4 724/560/1 744/577/2
f 806/636/1 743/576/1 807/637/1
f 807/637/1 743/576/1 808/638/1
f 808/638/1 743/576/1 809/639/1
f 809/639/1 743/576/1 810/640/1
f 811/641/1 810/640/1 743/576/1
f 805/635/1 724/560/1 757/587/1
f 743/576/1 812/642/1 811/641/1
f 813/643/1 811/641/1 737/571/51
f 747/579/1 813/643/1 737/571/51
f 748/580/1 737/571/51 739/573/1
f 739/573/1 722/558/1 814/644/1
f 815/645/2 816/646/1 722/558/1
f 722/558/1 816/646/1 817/647/1
f 722/558/1 741/574/1 815/645/2
f 796/626/1 794/624/4 799/629/1
f 802/632/5 786/616/1 785/615/1
f 818/648/1 799/629/1 798/628/5
f 819/649/1 795/625/1 722/558/1
f 820/650/1 818/648/1 798/628/5
f 722/558/1 721/557/1 819/649/1
f 721/557/1 732/567/1 727/563/1
f 762/592/1 763/593/3 760/590/1
f 821/651/1 719/555/1 718/554/50
f 822/652/1 823/653/1 718/554/50
f 823/653/1 821/651/1 718/554/50
f 824/654/1 823/653/1 725/561/1
f 825/655/1 824/654/1 725/561/1
f 826/656/1 825/655/1 725/561/1
f 725/561/1 827/657/1 826/656/1
f 725/561/1 756/586/1 827/657/1
f 769/599/1 724/560/1 774/604/1
f 771/601/1 776/606/2 773/603/1
f 775/605/1 780/610/1 778/608/3
f 724/560/1 777/607/2 725/561/1
f 786/616/1 802/632/5 804/634/1
f 724/560/1 749/581/1 743/576/1
f 803/633/4 789/619/1 787/617/1
f 787/617/1 789/619/1 721/557/1
f 800/630/1 761/591/1 828/658/1
f 828/658/1 820/650/1 800/630/1
f 792/622/1 721/557/1 797/627/1
f 828/658/1 818/648/1 820/650/1
f 734/14/1 727/563/1 829/659/1
f 793/623/5 721/557/1 728/564/4
f 829/659/1 727/563/1 830/660/1
f 830/660/1 727/563/1 831/661/1
f 831/661/1 727/563/1 832/662/1
f 832/662/1 727/563/1 833/663/1
f 819/649/1 721/557/1 790/620/5
f 833/663/1 727/563/1 731/566/1
f 817/647/1 814/644/1 722/558/1
f 731/566/1 754/585/50 718/554/50
f 725/561/1 823/653/1 822/652/1
f 738/572/1 722/558/1 739/573/1
f 812/642/1 737/571/51 811/641/1
f 834/551/9 835/550/9 836/664/9
f 836/664/9 837/550/9 838/665/9
f 839/107/9 840/666/9 841/667/9
f 842/115/9 843/668/9 844/669/9
f 845/669/9 843/668/9 846/670/9
f 847/115/9 848/671/9 843/668/9
f 841/667/9 849/672/9 850/107/9
f 851/107/9 849/672/9 852/115/9
f 853/115/9 849/672/9 848/671/9
f 854/673/9 855/112/9 856/674/9
f 857/675/9 854/673/9 858/676/9
f 854/673/9 840/666/9 859/107/9
f 860/107/9 861/112/9 854/673/9
f 854/673/9 856/674/9 862/676/9
s 0
f 863/677/1 864/678/1 865/679/4
s 1
f 866/680/1 863/677/1 865/679/1
f 867/681/1 866/680/1 865/679/1
f 868/682/1 867/681/1 865/679/1
f 869/683/1 868/682/1 865/679/1
f 870/684/4 865/679/1 871/685/1
f 870/684/4 869/683/1 865/679/1
f 871/685/1 865/679/1 872/686/1
f 873/353/1 871/685/1 872/686/1
f 872/686/1 874/687/1 875/353/1
f 872/686/1 865/679/1 876/688/2
f 876/688/2 877/689/2 878/690/2
f 876/688/2 879/691/4 877/689/2
f 880/692/1 881/693/2 876/688/2
f 876/688/2 881/693/2 879/691/4
s 0
f 882/694/1 880/692/1 876/688/1
s 1
f 876/688/2 878/690/2 883/695/1
f 872/686/1 876/688/2 883/695/1
f 884/696/9 885/697/9 886/698/9
f 886/698/9 887/697/9 888/699/9
f 889/700/11 890/701/11 891/702/11
f 892/703/11 893/704/52 894/705/11
f 894/706/11 893/707/52 895/708/11
f 894/705/11 895/709/11 889/710/11
f 891/711/11 896/712/11 897/713/11
f 894/705/11 891/711/11 897/713/11
f 897/713/11 898/714/11 899/715/11
f 891/702/11 890/701/11 900/716/11
f 889/710/11 891/711/11 894/705/11
f 896/717/11 898/718/11 897/719/11
f 901/701/6 902/720/6 903/716/6
f 904/701/6 905/721/6 902/720/6
f 906/716/6 902/720/6 907/722/6
f 908/716/42 909/723/42 910/724/42
f 911/716/6 907/722/6 909/723/6
s 0
f 912/725/6 913/716/7 910/724/6
s 1
f 902/720/6 905/721/6 914/726/6
f 915/727/6 916/728/42 917/729/42
f 914/726/6 905/721/6 917/729/42
f 918/730/6 915/727/6 917/729/42
f 914/726/6 917/729/42 919/731/6
f 916/728/42 919/731/6 917/729/42
f 920/732/16 921/733/13 922/734/13
f 923/735/13 924/736/53 921/737/13
f 920/732/16 923/738/13 921/733/13
f 921/733/13 924/739/53 925/740/13
f 920/732/16 922/734/13 926/741/13
f 927/721/13 926/742/13 928/729/13
f 929/721/13 920/743/16 926/742/13
f 930/744/13 931/745/16 922/734/13
f 922/746/13 931/747/16 932/748/54
f 922/734/13 932/749/54 926/741/13
f 933/750/17 934/751/17 935/752/17
f 935/752/17 934/751/17 936/753/17
f 937/754/1 938/755/1 939/756/1
f 940/757/1 937/754/1 941/756/1
f 942/758/1 940/757/1 943/756/1
f 944/759/1 942/758/1 945/756/1
f 946/760/1 944/759/1 947/756/1
f 948/761/1 949/756/1 950/762/1
f 948/761/1 946/760/1 951/756/1
f 950/762/1 952/756/2 953/763/1
f 954/764/1 950/762/1 953/763/1
f 953/763/1 955/223/1 956/764/1
f 953/763/1 957/756/1 958/765/1
f 959/765/1 960/766/1 961/767/1
f 962/765/2 963/768/2 960/766/2
f 964/769/1 965/770/1 966/765/1
f 967/765/1 965/770/1 963/768/1
f 968/771/1 964/769/1 969/765/1
f 970/765/2 961/767/2 971/772/2
f 953/763/2 972/765/2 971/772/2
f 973/773/55 974/774/55 975/775/55
f 976/776/56 977/777/55 978/778/55
f 979/779/56 980/780/55 981/781/55
f 979/779/56 978/778/55 982/780/55
f 983/782/55 984/783/55 985/784/55
f 986/785/55 987/786/55 988/787/55
f 989/785/55 990/787/55 991/777/55
f 992/777/55 993/788/55 994/773/55
f 975/775/55 995/789/55 996/773/55
f 997/790/55 998/773/55 993/788/55
f 997/790/55 974/774/55 999/773/55
f 993/788/55 1000/791/55 997/790/55
f 1001/792/55 1002/793/55 1003/794/55
f 993/788/55 1002/793/55 1000/791/55
f 993/788/55 1004/795/55 1003/794/55
s 0
f 1003/794/55 1004/795/55 1005/796/9
s 1
f 976/776/56 993/788/56 1006/777/55
s 0
f 1004/795/55 1007/797/9 1008/798/57
s 1
f 978/778/55 1009/777/55 1010/780/55
f 993/788/55 1003/794/55 1002/793/55
f 981/781/55 1011/799/55 1012/800/56
f 1013/801/55 981/781/55 1012/800/56
f 1014/802/55 1015/803/58 981/781/55
s 0
f 1015/803/55 1014/802/55 1016/804/55
f 1014/802/59 1017/805/59 1018/806/59
f 1004/795/55 1008/798/55 1005/796/55
s 1
f 1014/802/55 1013/801/55 1019/807/55
f 1014/802/55 981/781/55 1013/801/55
f 1020/782/56 1011/799/55 981/781/55
s 0
f 1014/802/59 1018/806/59 1016/804/59
s 1
f 985/784/55 1021/808/55 1022/782/55
f 981/781/55 1023/780/55 1024/782/55
f 1025/785/55 1026/809/55 1027/810/55
f 1028/811/55 1029/787/56 1030/812/55
f 1011/799/55 1031/782/55 1021/808/55
f 1032/787/55 1028/811/55 1033/813/55
f 1027/810/55 987/786/60 1034/785/58
f 1035/787/56 987/786/60 1030/812/55
f 1036/777/55 1037/787/55 1038/780/55
f 1039/782/61 1040/784/62 1041/808/62
f 1042/779/62 1043/778/62 1044/780/62
f 1045/776/62 1046/788/62 1047/777/62
f 1045/776/62 1048/777/62 1043/778/62
f 1049/773/62 1050/775/62 1051/789/62
f 1052/812/63 1053/787/62 1054/786/61
f 1055/811/62 1056/787/62 1052/812/63
f 1057/782/61 1058/781/61 1059/780/61
f 1060/787/62 1061/780/62 1062/785/62
f 1063/780/62 1043/778/62 1064/777/62
f 1065/780/62 1066/777/62 1067/785/62
f 1068/783/62 1040/784/62 1069/782/62
f 1070/782/64 1041/808/64 1071/799/64
f 1072/801/62 1073/802/62 1058/781/62
f 1072/801/62 1058/781/62 1074/800/61
f 1075/807/62 1073/802/62 1072/801/62
f 1058/781/62 1071/799/61 1074/800/61
f 1058/781/62 1073/802/62 1076/803/62
s 0
f 1073/802/9 1077/805/62 1076/803/62
s 1
f 1042/779/62 1078/780/62 1058/781/62
s 0
f 1076/803/62 1079/806/9 1080/804/62
s 1
f 1058/781/62 1081/782/62 1071/799/61
f 1046/788/62 1082/791/62 1083/790/65
f 1084/793/62 1082/791/62 1046/788/62
f 1085/794/62 1046/788/62 1086/795/62
s 0
f 1086/795/62 1087/797/62 1085/794/62
f 1085/794/59 1088/798/59 1089/796/59
f 1076/803/62 1077/805/62 1079/806/62
s 1
f 1085/794/62 1090/792/62 1084/793/62
f 1085/794/62 1084/793/62 1046/788/62
f 1091/773/64 1046/788/62 1083/790/65
s 0
f 1085/794/59 1087/797/59 1088/798/59
s 1
f 1050/775/62 1092/773/62 1093/774/62
f 1094/785/62 1095/810/62 1054/786/61
f 1055/811/62 1096/813/62 1097/787/62
f 1083/790/62 1093/774/62 1098/773/62
f 1046/788/61 1099/773/61 1100/777/61
f 1101/785/62 1102/809/62 1095/810/62
f 1103/785/62 1054/786/62 1104/787/62
f 1105/814/62 1106/787/62 1107/815/62
f 1108/811/62 1109/813/62 1110/787/62
f 1111/787/62 1112/816/62 1113/785/62
f 1114/787/62 1115/814/62 1108/811/62
f 1116/816/62 1117/817/62 1118/785/62
f 1119/785/62 1120/810/62 1121/815/62
f 1122/785/62 1123/809/62 1120/810/62
f 1124/785/62 1125/815/62 1126/787/62
f 1127/818/66 1128/819/66 1129/785/66
f 1130/820/66 1131/785/66 1132/821/66
f 1133/822/66 1134/785/66 1130/820/66
f 1135/823/66 1136/819/66 1127/818/66
f 1137/785/66 1133/822/66 1127/818/66
f 1132/821/66 1138/785/66 1139/824/66
f 1140/825/67 1141/826/67 1142/787/67
f 1141/826/67 1143/827/67 1144/787/68
f 1145/828/67 1146/829/67 1147/787/67
f 1148/787/67 1143/827/67 1145/828/67
f 1140/825/67 1149/830/67 1150/831/67
f 1151/830/67 1140/825/67 1152/787/67
f 1153/832/55 1154/833/57 1155/834/69
f 1154/833/57 1156/835/55 1155/834/69
f 1157/825/70 1158/826/70 1159/787/70
f 1160/827/70 1161/787/71 1158/826/70
f 1162/828/70 1163/787/70 1160/827/70
f 1164/787/70 1162/828/70 1165/829/70
f 1166/830/70 1157/825/70 1167/787/70
f 1157/825/70 1168/830/70 1169/831/70
f 1170/818/72 1171/819/72 1172/785/72
f 1173/821/72 1174/785/72 1175/824/72
f 1176/820/73 1177/785/72 1173/821/72
f 1178/823/74 1179/819/72 1170/818/72
f 1180/785/72 1181/822/72 1170/818/72
f 1182/785/72 1176/820/73 1181/822/72
f 1183/810/55 1184/785/55 1185/809/55
f 1186/786/75 1187/812/58 1188/785/56
f 1189/811/55 1190/813/55 1191/787/55
f 1192/787/55 1193/816/55 1194/785/55
f 1195/787/55 1187/812/58 1189/811/55
f 1196/816/55 1197/817/55 1198/785/55
f 1183/810/55 1186/786/75 1199/785/55
f 1200/785/58 1187/812/58 1201/787/58
f 1202/832/62 1203/833/76 1204/834/62
f 1203/833/76 1205/835/62 1204/834/62
f 1206/836/9 1207/837/9 1208/838/9
f 1209/838/9 1207/837/9 1210/839/9
f 1211/839/9 1207/837/9 1212/840/9
f 1213/841/9 1214/839/9 1212/840/9
f 1215/842/9 1216/841/9 1212/840/9
f 1217/133/72 1218/843/72 1219/42/72
f 1220/42/72 1221/843/72 1222/844/72
f 1223/42/71 1224/844/71 1225/103/71
f 1226/103/70 1227/844/70 1228/845/70
f 1229/846/17 1230/847/17 1231/848/17
f 1232/848/17 1233/847/17 1234/849/17
f 1235/849/17 1236/847/17 1237/850/17
f 1238/851/17 1239/849/17 1237/850/17
f 1240/852/17 1241/851/17 1237/850/17
f 1242/133/77 1243/843/77 1244/42/77
f 1245/42/66 1246/843/66 1247/844/66
f 1248/42/68 1249/844/68 1250/103/68
f 1251/103/67 1252/844/67 1253/845/67
f 1254/853/9 1255/854/9 1256/855/9
f 1257/855/9 1255/854/9 1258/856/9
f 1259/856/9 1255/854/9 1260/857/9
f 1261/858/9 1262/856/9 1260/857/9
f 1263/859/9 1264/858/9 1260/857/9
f 1265/133/72 1266/843/72 1267/42/72
f 1268/42/72 1269/843/72 1270/844/72
f 1271/42/71 1272/844/71 1273/103/71
f 1274/103/70 1275/844/70 1276/845/70
f 1277/860/17 1278/861/17 1279/862/17
f 1280/862/17 1281/861/17 1282/863/17
f 1283/863/17 1284/861/17 1285/864/17
f 1286/865/17 1287/863/17 1285/864/17
f 1288/866/17 1289/865/17 1285/864/17
f 1290/133/77 1291/843/77 1292/42/77
f 1293/42/66 1294/843/66 1295/844/66
f 1296/42/68 1297/844/68 1298/103/68
f 1299/103/67 1300/844/67 1301/845/67
f 1302/410/6 1303/574/6 1304/867/6
f 1305/410/7 1306/401/7 1307/868/7
f 1308/416/7 1309/869/7 1310/641/7
f 1311/407/42 1312/870/42 1313/283/42
f 1314/414/42 1315/612/42 1316/871/42
f 1317/410/6 1307/868/6 1303/574/6
f 1318/611/42 1319/414/42 1320/610/42
f 1318/611/43 1315/612/43 1321/414/43
f 1320/610/6 1322/414/6 1323/605/6
f 1323/605/6 1324/414/6 1325/419/6
f 1326/601/6 1323/605/6 1327/419/6
f 1328/600/6 1326/601/6 1329/419/6
f 1330/577/42 1328/600/42 1331/419/42
f 1332/419/8 1333/583/8 1330/577/8
f 1312/870/6 1334/407/6 1335/638/6
f 1336/407/42 1313/283/42 1337/419/42
f 1335/638/6 1338/407/6 1339/872/6
f 1339/872/6 1340/407/6 1310/641/6
f 1310/641/6 1341/407/6 1342/416/6
f 1343/419/7 1313/283/7 1333/583/7
f 1344/873/6 1345/416/6 1346/410/6
f 1344/873/6 1347/580/6 1348/416/6
f 1349/647/6 1344/873/6 1350/410/6
f 1304/867/6 1349/647/6 1351/410/6
f 1352/649/7 1353/401/7 1354/874/7
f 1352/649/6 1307/868/6 1355/401/6
f 1354/874/6 1356/401/6 1357/633/6
f 1357/633/6 1358/401/6 1359/414/6
f 1360/416/6 1347/580/6 1309/869/6
f 1361/414/7 1316/871/7 1357/633/7
f 1362/39/6 1363/586/6 1364/657/6
f 1365/39/42 1366/36/42 1367/4/42
f 1368/49/6 1369/555/6 1370/875/6
f 1371/32/7 1372/876/7 1373/47/7
f 1374/43/7 1375/877/7 1376/592/7
f 1377/39/6 1367/4/6 1363/586/6
f 1378/651/6 1379/49/6 1380/653/6
f 1378/651/6 1369/555/6 1381/49/6
f 1380/653/6 1382/49/6 1383/654/6
f 1383/654/42 1384/49/42 1385/39/42
f 1386/655/6 1383/654/6 1387/39/6
f 1388/656/6 1386/655/6 1389/39/6
f 1364/657/42 1388/656/42 1390/39/42
f 1391/878/6 1392/36/6 1393/597/6
f 1391/878/7 1367/4/7 1394/36/7
f 1393/597/6 1395/36/6 1396/879/6
f 1396/879/6 1397/36/6 1376/592/6
f 1376/592/6 1398/36/6 1399/43/6
f 1400/880/6 1401/43/6 1402/47/6
f 1400/880/8 1403/630/8 1404/43/8
f 1405/624/6 1400/880/6 1406/47/6
f 1407/881/6 1405/624/6 1408/47/6
f 1409/47/6 1410/569/6 1407/881/6
f 1411/660/7 1412/32/7 1413/882/7
f 1411/660/42 1372/876/42 1414/32/42
f 1413/882/6 1415/32/6 1416/663/6
f 1416/663/7 1417/32/7 1418/49/7
f 1419/43/6 1403/630/6 1375/877/6
f 1420/49/43 1370/875/43 1416/663/43
f 1372/876/8 1410/569/8 1421/47/8
f 1422/883/9 1423/884/9 1424/885/9
f 1425/886/9 1426/887/9 1427/888/9
f 1423/884/9 1425/886/9 1427/888/9
f 1424/885/9 1423/884/9 1427/888/9
f 1428/889/1 1429/375/3 1430/890/1
f 1428/889/1 1431/891/4 1432/309/1
f 1433/892/1 1434/350/2 1428/889/1
f 1435/893/2 1434/350/2 1433/892/1
f 1436/894/5 1433/892/1 1437/346/1
f 1433/892/1 1438/895/50 1437/346/1
f 1437/346/1 1439/896/50 1440/897/78
f 1437/346/1 1438/895/50 1441/898/1
f 1437/346/1 1440/897/78 1442/899/1
f 1443/900/1 1444/305/1 1445/342/3
f 1446/299/1 1447/901/1 1448/298/1
f 1447/901/1 1449/367/4 1450/366/4
f 1447/901/1 1451/365/1 1452/902/2
f 1453/339/1 1454/369/2 1447/901/1
f 1453/339/1 1455/903/1 1456/904/1
f 1453/339/1 1456/904/1 1457/905/51
f 1458/906/1 1459/332/1 1460/331/1
f 1461/907/1 1462/325/1 1463/908/3
f 1464/297/1 1465/909/1 1466/303/1
f 1464/297/1 1446/299/1 1465/909/1
f 1446/299/1 1443/900/1 1447/901/1
f 1467/304/1 1444/305/1 1443/900/1
f 1467/304/1 1466/303/1 1444/305/1
f 1466/303/1 1465/909/1 1468/311/1
f 1446/299/1 1448/298/1 1465/909/1
f 1468/311/1 1465/909/1 1428/889/1
f 1468/311/1 1444/305/1 1466/303/1
f 1469/285/1 1470/287/1 1447/901/1
f 1471/312/79 1472/314/2 1473/319/4
f 1432/309/1 1468/311/1 1428/889/1
f 1428/889/1 1430/890/1 1431/891/4
f 1474/289/1 1462/325/1 1461/907/1
f 1474/289/1 1461/907/1 1475/282/1
f 1476/291/1 1477/910/4 1478/293/4
f 1469/285/1 1475/282/1 1470/287/1
f 1475/282/1 1461/907/1 1465/909/1
f 1475/282/1 1465/909/1 1479/302/1
f 1480/911/2 1474/289/1 1481/912/1
f 1479/302/1 1465/909/1 1482/294/1
f 1483/913/1 1476/291/1 1484/300/1
f 1471/312/79 1485/318/5 1486/320/1
f 1474/289/1 1487/914/1 1488/321/4
f 1471/312/79 1489/915/1 1490/364/1
f 1444/305/1 1471/312/79 1445/342/3
f 1491/916/1 1484/300/1 1476/291/1
f 1452/902/2 1491/916/1 1476/291/1
f 1492/363/1 1493/313/5 1471/312/79
f 1472/314/2 1471/312/79 1493/313/5
f 1447/901/1 1450/366/4 1451/365/1
f 1494/343/1 1495/917/1 1443/900/1
f 1494/343/1 1443/900/1 1445/342/3
f 1495/917/1 1496/918/4 1443/900/1
f 1496/918/4 1497/371/1 1443/900/1
f 1497/371/1 1498/919/2 1443/900/1
f 1498/919/2 1442/899/1 1443/900/1
f 1499/368/2 1449/367/4 1447/901/1
f 1500/920/2 1501/921/4 1442/899/1
f 1442/899/1 1440/897/78 1500/920/2
f 1437/346/1 1502/922/5 1439/896/50
f 1441/898/1 1502/922/5 1437/346/1
f 1435/893/2 1433/892/1 1436/894/5
f 1434/350/2 1503/923/1 1428/889/1
f 1504/924/1 1428/889/1 1505/378/1
f 1428/889/1 1506/925/1 1505/378/1
f 1507/926/2 1428/889/1 1504/924/1
f 1428/889/1 1507/926/2 1429/375/3
f 1431/891/4 1508/310/4 1432/309/1
f 1482/294/1 1465/909/1 1448/298/1
f 1509/927/3 1487/914/1 1474/289/1
f 1510/928/1 1432/309/1 1508/310/4
f 1509/927/3 1474/289/1 1511/317/1
f 1432/309/1 1510/928/1 1512/929/1
f 1474/289/1 1476/291/1 1511/317/1
f 1511/317/1 1476/291/1 1513/930/1
f 1428/889/1 1503/923/1 1506/925/1
f 1460/331/1 1514/333/1 1458/906/1
f 1458/906/1 1515/931/1 1459/332/1
f 1514/333/1 1516/932/51 1458/906/1
f 1517/933/2 1516/932/51 1514/333/1
f 1517/933/2 1514/333/1 1518/934/51
f 1514/333/1 1519/935/1 1518/934/51
f 1457/905/51 1514/333/1 1453/339/1
f 1455/903/1 1453/339/1 1447/901/1
f 1442/899/1 1501/921/4 1443/900/1
f 1447/901/1 1470/287/1 1448/298/1
f 1443/900/1 1446/299/1 1467/304/1
f 1469/285/1 1447/901/1 1452/902/2
f 1445/342/3 1471/312/79 1486/320/1
f 1471/312/79 1473/319/4 1485/318/5
f 1469/285/1 1452/902/2 1476/291/1
f 1471/312/79 1490/364/1 1492/363/1
f 1477/910/4 1476/291/1 1483/913/1
f 1520/936/1 1476/291/1 1478/293/4
f 1447/901/1 1454/369/2 1499/368/2
f 1479/302/1 1470/287/1 1475/282/1
f 1432/309/1 1521/937/3 1489/915/1
f 1513/930/1 1476/291/1 1520/936/1
f 1522/355/1 1521/937/3 1432/309/1
f 1463/908/3 1523/938/2 1461/907/1
f 1474/289/1 1480/911/2 1462/325/1
f 1523/938/2 1524/361/4 1461/907/1
f 1524/361/4 1525/939/4 1461/907/1
f 1525/939/4 1526/940/1 1461/907/1
f 1526/940/1 1527/329/1 1461/907/1
f 1527/329/1 1528/941/1 1461/907/1
f 1528/941/1 1515/931/1 1461/907/1
f 1512/929/1 1522/355/1 1432/309/1
f 1457/905/51 1519/935/1 1514/333/1
f 1458/906/1 1461/907/1 1515/931/1
f 1471/312/79 1432/309/1 1489/915/1
f 1488/321/4 1481/912/1 1474/289/1
f 1529/942/1 1530/943/1 1531/944/4
f 1529/942/1 1531/944/4 1532/945/4
f 1529/942/1 1532/945/4 1533/946/79
f 1529/942/1 1533/946/79 1534/947/1
f 1533/946/79 1535/948/1 1534/947/1
f 1535/948/1 1536/949/5 1534/947/1
f 1534/947/1 1537/950/50 1538/951/4
f 1539/952/1 1540/221/2 1541/222/2
f 1542/953/1 1543/276/79 1544/251/1
f 1542/953/1 1545/954/1 1546/206/1
f 1547/955/1 1548/247/1 1542/953/1
f 1549/249/1 1548/247/1 1547/955/1
f 1550/956/1 1547/955/1 1551/957/1
f 1547/955/1 1552/958/51 1551/957/1
f 1551/957/1 1553/959/1 1554/960/2
f 1551/957/1 1552/958/51 1555/961/1
f 1551/957/1 1554/960/2 1556/239/1
f 1557/962/1 1558/199/1 1559/268/4
f 1530/943/1 1560/963/4 1561/964/2
f 1530/943/1 1562/184/1 1563/182/4
f 1564/211/1 1565/255/1 1566/965/2
f 1564/211/1 1566/965/2 1567/966/2
f 1568/203/1 1569/967/1 1542/953/1
f 1542/953/1 1544/251/1 1545/954/1
f 1570/968/1 1565/255/1 1564/211/1
f 1558/199/1 1564/211/1 1559/268/4
f 1570/968/1 1564/211/1 1571/969/1
f 1572/201/4 1558/199/1 1557/962/1
f 1573/217/1 1569/967/1 1568/203/1
f 1573/217/1 1568/203/1 1558/199/1
f 1574/215/1 1569/967/1 1573/217/1
f 1564/211/1 1546/206/1 1571/969/1
f 1575/190/1 1557/962/1 1530/943/1
f 1558/199/1 1572/201/4 1573/217/1
f 1576/189/1 1575/190/1 1530/943/1
f 1577/185/5 1569/967/1 1576/189/1
f 1569/967/1 1574/215/1 1575/190/1
f 1578/186/1 1569/967/1 1577/185/5
f 1546/206/1 1579/208/4 1571/969/1
f 1563/182/4 1576/189/1 1530/943/1
f 1575/190/1 1576/189/1 1569/967/1
f 1562/184/1 1530/943/1 1561/964/2
f 1580/198/1 1569/967/1 1578/186/1
f 1580/198/1 1578/186/1 1563/182/4
f 1581/195/1 1539/952/1 1580/198/1
f 1539/952/1 1569/967/1 1580/198/1
f 1582/191/80 1583/194/5 1584/970/2
f 1582/191/80 1562/184/1 1561/964/2
f 1547/955/1 1550/956/1 1549/249/1
f 1551/957/1 1555/961/1 1585/971/51
f 1586/248/1 1542/953/1 1548/247/1
f 1587/280/1 1542/953/1 1586/248/1
f 1588/279/1 1542/953/1 1587/280/1
f 1589/278/4 1542/953/1 1588/279/1
f 1542/953/1 1589/278/4 1590/277/3
f 1542/953/1 1590/277/3 1543/276/79
f 1545/954/1 1591/972/1 1546/206/1
f 1592/269/1 1593/258/2 1581/195/1
f 1592/269/1 1581/195/1 1594/197/2
f 1581/195/1 1595/270/2 1594/197/2
f 1581/195/1 1596/259/4 1595/270/2
f 1596/259/4 1581/195/1 1597/257/1
f 1568/203/1 1542/953/1 1546/206/1
f 1598/252/1 1599/973/1 1546/206/1
f 1597/257/1 1582/191/80 1600/193/1
f 1600/193/1 1582/191/80 1601/974/1
f 1562/184/1 1580/198/1 1563/182/4
f 1602/975/4 1603/976/1 1557/962/1
f 1602/975/4 1557/962/1 1559/268/4
f 1603/976/1 1604/262/1 1557/962/1
f 1604/262/1 1605/977/4 1557/962/1
f 1605/977/4 1606/978/4 1557/962/1
f 1606/978/4 1556/239/1 1557/962/1
f 1556/239/1 1607/979/4 1557/962/1
f 1575/190/1 1572/201/4 1557/962/1
f 1608/980/1 1607/979/4 1556/239/1
f 1582/191/80 1584/970/2 1601/974/1
f 1553/959/1 1551/957/1 1585/971/51
f 1567/966/2 1609/212/2 1564/211/1
f 1610/981/4 1611/982/4 1582/191/80
f 1611/982/4 1583/194/5 1582/191/80
f 1612/983/4 1579/208/4 1546/206/1
f 1612/983/4 1546/206/1 1599/973/1
f 1581/195/1 1582/191/80 1597/257/1
f 1598/252/1 1546/206/1 1591/972/1
f 1541/222/2 1613/984/1 1539/952/1
f 1539/952/1 1581/195/1 1540/221/2
f 1613/984/1 1614/985/1 1539/952/1
f 1614/985/1 1615/266/1 1539/952/1
f 1615/266/1 1616/986/1 1539/952/1
f 1616/986/1 1617/987/1 1539/952/1
f 1617/987/1 1618/226/1 1539/952/1
f 1618/226/1 1619/988/4 1539/952/1
f 1581/195/1 1593/258/2 1540/221/2
f 1620/989/1 1539/952/1 1619/988/4
f 1620/989/1 1534/947/1 1538/951/4
f 1619/988/4 1621/990/4 1620/989/1
f 1621/990/4 1622/228/3 1620/989/1
f 1622/228/3 1534/947/1 1620/989/1
f 1623/991/2 1530/943/1 1624/264/4
f 1530/943/1 1529/942/1 1624/264/4
f 1625/992/2 1530/943/1 1623/991/2
f 1530/943/1 1625/992/2 1626/261/4
f 1608/980/1 1556/239/1 1554/960/2
f 1559/268/4 1564/211/1 1627/993/1
f 1628/237/2 1582/191/80 1561/964/2
f 1564/211/1 1629/994/2 1627/993/1
f 1582/191/80 1628/237/2 1610/981/4
f 1530/943/1 1626/261/4 1560/963/4
f 1564/211/1 1609/212/2 1629/994/2
f 1537/950/50 1534/947/1 1536/949/5
f 1630/995/17 1631/996/17 1632/997/17
f 1633/998/17 1634/999/17 1635/1000/17
f 1632/997/17 1631/996/17 1635/1000/17
f 1631/996/17 1633/998/17 1635/1000/17
f 1636/1001/6 1637/1002/6 1638/1003/6
f 1639/1001/8 1640/386/8 1641/1002/8
f 1642/1003/6 1643/1002/6 1644/1004/6
f 1645/1005/43 1646/1006/43 1647/396/43
f 1648/1006/6 1649/1004/6 1650/1002/6
f 1651/1006/6 1652/1005/6 1653/1004/6
f 1654/1007/6 1655/1008/6 1656/1009/6
f 1657/1007/6 1658/23/6 1659/1008/6
f 1660/1009/6 1661/1008/6 1662/1010/6
f 1663/1011/6 1664/1012/6 1665/11/6
f 1666/1012/6 1667/1010/6 1668/1008/6
f 1669/1012/44 1670/1011/44 1671/1010/44
f 1672/783/55 1673/1013/55 1674/1014/55
f 1675/1013/55 1676/1015/55 1677/1014/55
f 1678/1016/9 1679/1017/9 1680/1018/9
f 1681/1017/9 1682/1019/9 1683/1018/9
f 1684/1020/62 1685/1021/62 1686/789/62
f 1687/1021/62 1688/1022/62 1689/789/62
f 1690/1018/17 1691/1023/17 1692/1016/17
f 1693/1023/17 1694/1024/17 1695/1016/17
f 1696/783/55 1697/1013/55 1698/1014/55
f 1699/1013/55 1700/1015/55 1701/1014/55
f 1702/1025/9 1703/1026/9 1704/1027/9
f 1705/1026/9 1706/1028/9 1707/1027/9
f 1708/1020/62 1709/1021/62 1710/789/62
f 1711/1021/62 1712/1022/62 1713/789/62
f 1714/1027/17 1715/1029/17 1716/1025/17
f 1717/1029/17 1718/1030/17 1719/1025/17
f 1720/1020/55 1721/1021/55 1722/789/55
f 1723/1021/55 1724/1022/55 1725/789/55
f 1726/1031/9 1727/1032/9 1728/1033/9
f 1729/1032/9 1730/1034/9 1731/1033/9
f 1732/783/62 1733/1013/62 1734/1014/62
f 1735/1013/62 1736/1015/62 1737/1014/62
f 1738/1033/17 1739/1035/17 1740/1031/17
f 1741/1035/17 1742/1036/17 1743/1031/17
f 1744/1020/55 1745/1021/55 1746/789/55
f 1747/1021/55 1748/1022/55 1749/789/55
f 1750/1037/9 1751/1038/9 1752/1039/9
f 1753/1038/9 1754/1040/9 1755/1039/9
f 1756/783/62 1757/1013/62 1758/1014/62
f 1759/1013/62 1760/1015/62 1761/1014/62
f 1762/1039/17 1763/1041/17 1764/1037/17
f 1765/1041/17 1766/1042/17 1767/1037/17
f 1768/1020/55 1769/1021/55 1770/789/55
f 1771/1021/55 1772/1022/55 1773/789/55
f 1774/1016/9 1775/1017/9 1776/1018/9
f 1777/1017/9 1778/1019/9 1779/1018/9
f 1780/783/62 1781/1013/62 1782/1014/62
f 1783/1013/62 1784/1015/62 1785/1014/62
f 1786/1018/17 1787/1023/17 1788/1016/17
f 1789/1023/17 1790/1024/17 1791/1016/17
f 1792/1020/55 1793/1021/55 1794/789/55
f 1795/1021/55 1796/1022/55 1797/789/55
f 1798/1025/9 1799/1026/9 1800/1027/9
f 1801/1026/9 1802/1028/9 1803/1027/9
f 1804/783/62 1805/1013/62 1806/1014/62
f 1807/1013/62 1808/1015/62 1809/1014/62
f 1810/1027/17 1811/1029/17 1812/1025/17
f 1813/1029/17 1814/1030/17 1815/1025/17
f 1816/783/55 1817/1013/55 1818/1014/55
f 1819/1013/55 1820/1015/55 1821/1014/55
f 1822/1031/9 1823/1032/9 1824/1033/9
f 1825/1032/9 1826/1034/9 1827/1033/9
f 1828/1020/62 1829/1021/62 1830/789/62
f 1831/1021/62 1832/1022/62 1833/789/62
f 1834/1033/17 1835/1035/17 1836/1031/17
f 1837/1035/17 1838/1036/17 1839/1031/17
f 1840/783/55 1841/1013/55 1842/1014/55
f 1843/1013/55 1844/1015/55 1845/1014/55
f 1846/1037/9 1847/1038/9 1848/1039/9
f 1849/1038/9 1850/1040/9 1851/1039/9
f 1852/1020/62 1853/1021/62 1854/789/62
f 1855/1021/62 1856/1022/62 1857/789/62
f 1858/1039/17 1859/1041/17 1860/1037/17
f 1861/1041/17 1862/1042/17 1863/1037/17
f 1864/1043/38 218/1044/31 1865/1045/38
f 1864/1043/38 1865/1045/38 1866/1046/1
f 1865/1045/38 1867/1047/1 1866/1046/1
f 218/1044/31 217/1048/31 1865/1045/38
f 1868/1049/1 1869/1050/1 1867/1047/1
f 1867/1047/1 1869/1050/1 1866/1046/1
f 1870/1051/39 1869/1050/1 1871/1052/39
f 1870/141/39 1871/140/39 213/136/33
f 1871/1052/39 1869/1050/1 1868/1049/1
f 213/136/33 1871/140/39 214/137/34
f 1872/1053/17 1873/1054/17 1874/1055/17
f 1873/1054/17 1875/1056/17 1876/1057/17
f 1873/1054/17 1876/1057/17 1877/1058/17
f 1875/1056/17 1878/1059/17 1879/1060/17
f 1875/1056/17 1879/1060/17 1876/1057/17
s 0
f 1878/1059/17 1880/1061/17 1879/1060/17
s 1
f 1878/1059/17 1875/1056/17 1881/1062/17
s 0
f 1880/1061/17 1882/1063/17 1879/1060/17
s 1
f 1883/1064/17 1884/1065/17 1882/1063/17
f 1885/1066/17 1886/1065/17 1887/1064/17
f 1888/1064/17 1889/1067/17 1890/1066/17
f 1891/1065/17 1892/1066/17 1893/1068/17
f 1894/1065/17 1895/1068/17 1896/1069/17
s 0
f 1897/1070/17 1898/1069/17 1899/1068/17
s 1
f 1880/1061/17 1900/1064/17 1882/1063/17
s 0
f 1876/1057/17 1901/1071/17 1877/1058/17
f 1901/1071/17 1902/1072/17 1877/1058/17
s 1
f 1903/1073/17 1904/1074/17 1902/1072/17
f 1905/1075/17 1906/1074/17 1907/1073/17
f 1908/1075/17 1909/1073/17 1910/1076/17
f 1911/1077/17 1912/1066/17 1913/1067/17
f 1914/1074/17 1915/1075/17 1916/1078/17
f 1917/1074/17 1918/1078/17 1919/1079/17
s 0
f 1920/1080/17 1921/1079/17 1922/1078/17
s 1
f 1901/1071/17 1923/1073/17 1902/1072/17
f 1924/1081/17 1925/1082/17 1873/1054/17
f 1926/1083/17 1873/1054/17 1877/1058/17
f 1927/1084/17 1873/1054/17 1926/1083/17
f 1928/1085/17 1929/1086/17 1924/1081/17
f 1930/1087/17 1931/1086/17 1932/1085/17
f 1933/1087/17 1934/1085/17 1935/1088/17
f 1936/1089/17 1937/1075/17 1938/1076/17
f 1939/1086/17 1940/1090/17 1941/1091/17
f 1942/1087/17 1943/1090/17 1944/1086/17
s 0
f 1945/1092/17 1946/1091/17 1947/1090/17
s 1
f 1927/1084/17 1924/1081/17 1873/1054/17
f 1948/1087/17 1949/1088/17 1950/1093/17
f 1925/1082/17 1874/1055/17 1873/1054/17
f 1951/1085/17 1924/1081/17 1927/1084/17
f 1952/1094/9 1953/1095/9 1954/1096/9
f 1955/1097/9 1956/1098/9 1957/1099/9
s 0
f 1955/1097/9 1954/1096/9 1958/1100/9
s 1
f 1959/1099/9 1956/1098/9 1960/1101/9
f 1961/1102/9 1962/1099/9 1963/1101/9
f 1958/1100/9 1954/1096/9 1953/1095/9
f 1964/1099/9 1965/1102/9 1966/1103/9
f 1967/1101/9 1968/1104/9 1969/1102/9
f 1970/1101/9 1971/1105/9 1972/1104/9
s 0
f 1973/1106/9 1974/1104/9 1975/1105/9
s 1
f 1976/1107/9 1977/1108/9 1978/1109/9
f 1976/1107/9 1953/1095/9 1977/1108/9
s 0
f 1979/1110/9 1978/1109/9 1980/1111/9
s 1
f 1976/1107/9 1958/1100/9 1953/1095/9
f 1981/1112/9 1980/1111/9 1982/1113/9
f 1983/1114/9 1984/1112/9 1985/1113/9
f 1986/1114/9 1987/1115/9 1988/1112/9
f 1989/1116/9 1990/1103/9 1991/1102/9
s 0
f 1958/1100/9 1956/1098/9 1955/1097/9
s 1
f 1992/1113/9 1993/1117/9 1994/1114/9
f 1995/1113/9 1996/1118/9 1997/1117/9
s 0
f 1998/1119/9 1999/1117/9 2000/1118/9
s 1
f 2001/1120/9 1977/1108/9 2002/1121/9
f 2001/1120/9 1978/1109/9 1977/1108/9
f 2002/1121/9 1977/1108/9 2003/1122/9
f 2004/1123/9 2002/1121/9 2003/1122/9
f 2005/1124/9 2006/1123/9 2003/1122/9
s 0
f 1978/1109/9 1979/1110/9 1976/1107/9
s 1
f 2007/1124/9 2008/1125/9 2009/1123/9
f 2010/1126/9 2011/1115/9 2012/1114/9
f 1979/1110/9 1980/1111/9 2013/1112/9
f 2014/1124/9 2015/1127/9 2016/1128/9
f 2017/1125/9 2018/1124/9 2019/1128/9
s 0
f 2020/1129/9 2021/1128/9 2022/1127/9
s 1
f 2023/1125/9 2024/1130/9 2025/1131/9
f 2026/1132/9 1977/1108/9 2027/1133/9
f 2026/1132/9 2028/1134/9 1977/1108/9
f 2029/1123/9 2030/1125/9 2031/1131/9
f 1977/1108/9 2028/1134/9 2003/1122/9
f 2032/1135/1 2033/1136/1 2034/1137/1
f 2035/1137/1 2036/1138/1 2037/1139/1
f 2038/1140/50 2039/1141/1 2040/1137/1
f 2039/1141/1 2041/1138/1 2042/1137/1
f 2033/1136/1 2038/1140/50 2043/1137/1
f 2044/1142/1 2045/1143/1 2046/1144/1
f 2047/1144/1 2048/1143/1 2049/1145/1
f 2050/1146/1 2051/1147/1 2052/1148/1
f 2053/1148/1 2054/1147/1 2055/1149/1
f 2056/1150/1 2057/1151/1 2058/1152/1
f 2059/1152/1 2060/1151/1 2061/1153/1
f 2062/1154/55 2063/1155/55 2064/1156/55
f 2065/1155/55 2066/1157/55 2067/1156/55
f 2068/1158/56 2069/1159/55 2070/1156/55
f 2069/1159/55 2062/1154/55 2071/1156/55
f 2072/1160/55 2068/1158/55 2073/1156/55
f 2074/1161/81 2075/1162/82 753/584/1
f 2074/1163/81 1875/1056/17 2076/1164/83
f 2077/1165/84 753/584/1 2078/1166/82
f 2078/1166/82 753/584/1 725/561/1
f 2077/1167/84 2074/1163/81 753/1168/1
f 2074/1161/81 2079/1169/85 2075/1162/82
f 2076/1164/83 2079/1170/85 2074/1163/81
f 1875/1056/17 1873/1054/17 2076/1164/83
f 2080/1171/86 2081/1172/87 2068/1158/56
f 2080/1173/86 822/652/1 2081/1174/87
f 2082/1175/86 2083/1176/87 754/585/50
f 2082/1177/86 2062/1154/55 2083/1178/87
f 2084/1179/86 2069/1159/55 2081/1172/87
f 2084/1180/86 718/554/50 2085/1181/86
f 2085/1182/86 2069/1159/55 2084/1179/86
f 2085/1182/86 2083/1178/87 2069/1159/55
f 2086/1183/87 2068/1158/56 2087/1160/56
f 2086/1184/87 822/652/1 2080/1173/86
f 2088/1185/87 2062/1154/55 2082/1177/86
f 2088/1185/87 2089/1186/88 2090/1155/57
f 2086/1183/87 2091/1160/58 2092/1187/89
f 2081/1174/87 718/554/50 2084/1180/86
f 754/585/50 2083/1176/87 718/554/50
f 2088/1188/87 2082/1175/86 754/585/50
f 2083/1176/87 2085/1181/86 718/554/50
f 2062/1154/55 2088/1185/87 2093/1155/55
f 2069/1159/55 2083/1178/87 2062/1154/55
f 822/652/1 718/554/50 2081/1174/87
f 2094/1189/90 2088/1188/87 727/563/1
f 2094/1189/90 2095/1190/91 2088/1188/87
f 2088/1188/87 754/585/50 727/563/1
f 2086/1184/87 2096/1166/92 725/561/1
f 2097/1165/93 2098/1166/90 2086/1184/87
f 2068/1158/56 2086/1183/87 2080/1171/86
f 2069/1159/55 2068/1158/56 2081/1172/87
f 2099/1191/94 2086/1183/95 2100/1187/88
f 2086/1184/87 725/561/1 822/652/1
f 2089/1186/88 2088/1185/87 2095/1192/91
f 2101/1189/96 733/568/51 2102/1190/97
f 2103/1189/98 727/563/1 733/568/1
f 2104/1193/97 733/1194/99 2105/1195/100
f 2106/1196/100 733/568/1 2107/1197/101
f 2108/1198/100 1977/1108/9 1953/1095/9
f 2109/1195/102 2108/1198/100 1953/1095/9
f 2110/1195/100 2111/1199/103 2108/1198/100
f 2111/1200/104 2112/1196/100 2107/1197/101
f 2033/1136/1 2113/1201/105 2114/1202/106
f 2113/1203/105 976/776/56 2114/1204/106
f 2113/1201/107 2115/1135/50 2116/1205/108
f 2039/1141/1 2038/1140/50 2117/1206/109
f 2118/1207/105 979/779/56 981/781/55
f 2118/1207/105 2117/1208/109 979/779/56
f 2119/1209/105 2114/1204/106 978/778/55
f 2119/1210/105 2038/1140/50 2114/1202/106
f 2117/1208/109 978/778/55 979/779/56
f 2117/1206/109 2038/1140/50 2119/1210/105
f 2119/1209/105 978/778/55 2117/1208/109
f 2114/1204/106 976/776/56 978/778/55
f 2118/1211/105 2120/1138/1 2039/1141/1
f 2121/1212/110 2118/1207/105 981/781/55
f 2118/1211/107 2122/1213/108 2123/1138/50
f 2118/1211/105 2121/1214/110 2124/1213/111
f 2039/1141/1 2117/1206/109 2118/1211/105
f 976/776/56 2113/1203/105 993/788/56
f 2033/1136/1 2114/1202/106 2038/1140/50
f 2125/1205/111 2126/1215/110 2113/1201/105
f 2126/1216/110 993/788/56 2113/1203/105
f 2127/1135/1 2113/1201/105 2033/1136/1
f 219/138/31 220/139/32 2128/1217/112
f 2129/1217/113 220/139/31 2130/1218/113
f 2131/1219/113 2132/1137/1 2133/1139/1
f 2134/1219/114 2135/1139/1 2136/1220/113
f 2137/1217/115 215/138/34 216/139/34
f 2138/1142/1 2139/1221/116 2140/1143/1
f 2141/1221/117 2142/1142/1 2143/1222/115
f 216/139/33 2144/1218/115 2145/1217/115
f 211/138/31 212/139/32 2146/1217/112
f 2147/1217/113 212/139/31 2148/1218/113
f 2149/1223/113 2150/1144/1 2151/1145/1
f 2152/1223/114 2153/1145/1 2154/1224/113
f 2155/1217/115 207/138/34 208/139/34
f 2156/1146/1 2157/1225/115 2158/1147/1
f 2159/1225/117 2160/1146/1 2161/1226/115
f 208/139/34 2162/1218/115 2163/1217/115
f 203/138/31 204/139/31 2164/1217/112
f 2165/1217/113 204/139/31 2166/1218/113
f 2167/1227/113 2168/1148/1 2169/1149/1
f 2170/1227/114 2171/1149/1 2172/1228/113
f 2173/1217/115 199/138/34 200/139/34
f 2174/1153/1 2175/1229/115 2176/1152/1
f 2177/1229/117 2178/1153/1 2179/1230/115
f 200/139/34 2180/1218/115 2181/1217/115
f 2182/140/38 174/137/36 2183/141/38
f 2182/1231/38 2183/1232/38 2184/1233/1
f 2183/1232/38 2185/1234/1 2184/1233/1
f 174/137/36 173/136/31 2183/141/38
f 2186/1235/1 2187/1236/1 2185/1234/1
f 2185/1234/1 2187/1236/1 2184/1233/1
f 2188/1237/39 2187/1236/1 2189/1238/39
f 2188/1237/39 2189/1238/39 177/1239/34
f 2189/1238/39 2187/1236/1 2186/1235/1
f 177/1239/34 2189/1238/39 178/1240/33
f 2190/1241/17 2191/1242/17 2192/1243/17
f 2190/1241/17 2193/1244/17 2194/1245/17
f 2195/1246/17 2196/1247/17 2197/1248/17
f 2195/1246/17 2190/1241/17 2198/1249/17
f 2199/1247/17 2200/1250/17 2197/1248/17
f 2201/1251/17 2202/1250/17 2203/1247/17
f 2190/1241/17 2194/1245/17 2198/1249/17
f 2204/1247/17 2205/1252/17 2206/1251/17
f 2207/1250/17 2208/1253/17 2209/1254/17
s 0
f 2210/1255/17 2211/1254/17 2212/1253/17
s 1
f 2190/1241/17 2195/1246/17 2197/1248/17
s 0
f 2191/1242/17 2213/1256/17 2192/1243/17
s 1
f 2191/1242/17 2190/1241/17 2214/1257/17
s 0
f 2213/1256/17 2215/1258/17 2192/1243/17
s 1
f 2216/1259/17 2217/1260/17 2215/1258/17
f 2218/1261/17 2219/1260/17 2220/1259/17
f 2221/1261/17 2222/1259/17 2223/1262/17
f 2224/1263/17 2225/1251/17 2226/1252/17
f 2227/1250/17 2228/1251/17 2229/1253/17
f 2190/1241/17 2197/1248/17 2214/1257/17
f 2230/1260/17 2231/1261/17 2232/1264/17
f 2233/1260/17 2234/1264/17 2235/1265/17
s 0
f 2236/1266/17 2237/1265/17 2238/1264/17
s 1
f 2213/1256/17 2239/1259/17 2215/1258/17
f 2240/1267/17 2241/1268/17 2242/1269/17
f 2240/1267/17 2242/1269/17 2192/1243/17
s 0
f 2243/1270/17 2241/1268/17 2240/1267/17
s 1
f 2244/1271/17 2245/1272/17 2246/1273/17
f 2247/1274/17 2248/1272/17 2249/1271/17
f 2250/1274/17 2251/1271/17 2252/1275/17
f 2253/1276/17 2254/1261/17 2255/1262/17
f 2242/1269/17 2190/1241/17 2192/1243/17
f 2256/1272/17 2257/1277/17 2258/1278/17
f 2259/1274/17 2260/1277/17 2261/1272/17
s 0
f 2262/1279/17 2263/1278/17 2264/1277/17
f 2243/1270/17 2246/1273/17 2241/1268/17
s 1
f 2265/1271/17 2246/1273/17 2243/1270/17
f 2266/1274/17 2267/1275/17 2268/1280/17
f 2242/1269/17 2241/1268/17 2269/1281/17
f 2270/1282/9 2271/1283/9 2272/1284/9
f 2270/1282/9 2273/1285/9 2271/1283/9
f 2274/1286/9 2275/1287/9 2276/1288/9
f 2271/1283/9 2277/1289/9 2272/1284/9
f 2278/1288/9 2279/1290/9 2280/1286/9
f 2281/1287/9 2282/1291/9 2283/1292/9
s 0
f 2284/1293/9 2285/1292/9 2286/1291/9
s 1
f 2287/1294/9 2271/1283/9 2288/1295/9
s 0
f 2288/1295/9 2289/1296/9 2290/1297/9
s 1
f 2288/1295/9 2271/1283/9 2289/1296/9
s 0
f 2290/1297/9 2289/1296/9 2291/1298/9
s 1
f 2292/1299/9 2291/1298/9 2293/1300/9
f 2294/1301/9 2295/1299/9 2296/1300/9
f 2287/1294/9 2277/1289/9 2271/1283/9
f 2297/1288/9 2298/1287/9 2299/1292/9
f 2300/1286/9 2272/1284/9 2277/1289/9
f 2301/1286/9 2277/1289/9 2302/1287/9
f 2303/1301/9 2304/1302/9 2305/1299/9
f 2306/1301/9 2307/1300/9 2308/1303/9
s 0
f 2309/1304/9 2310/1303/9 2311/1305/9
s 1
f 2289/1296/9 2271/1283/9 2312/1306/9
f 2313/1307/9 2312/1306/9 2314/1308/9
f 2313/1307/9 2289/1296/9 2312/1306/9
s 0
f 2315/1309/9 2313/1307/9 2314/1308/9
s 1
f 2316/1310/9 2317/1311/9 2318/1312/9
f 2319/1313/9 2320/1310/9 2321/1312/9
f 2322/1313/9 2323/1314/9 2324/1310/9
f 2325/1303/9 2326/1300/9 2327/1305/9
f 2290/1297/9 2291/1298/9 2328/1299/9
f 2329/1301/9 2330/1315/9 2331/1302/9
f 2332/1313/9 2333/1312/9 2334/1316/9
f 2335/1317/9 2336/1316/9 2337/1312/9
s 0
f 2338/1317/9 2339/1318/9 2340/1316/9
f 2315/1309/9 2314/1308/9 2317/1311/9
s 1
f 2341/1319/9 2314/1308/9 2312/1306/9
f 2271/1283/9 2273/1285/9 2342/1320/9
f 2343/1290/9 2344/1288/9 2345/1321/9
f 2315/1309/9 2317/1311/9 2346/1310/9
f 2347/1313/9 2348/1322/9 2349/1314/9
f 2350/1323/1 2351/1324/1 2352/1325/1
f 2353/1325/1 2354/1326/1 2355/1327/1
f 2356/1328/1 2357/1329/51 2358/1325/1
f 2351/1324/1 2356/1328/1 2359/1325/1
f 2357/1329/1 2360/1326/1 2361/1325/1
f 2362/1330/1 2363/1331/1 2364/1332/1
f 2365/1332/1 2366/1331/1 2367/1333/1
f 2368/1154/62 2369/1155/62 2370/1156/62
f 2371/1155/62 2372/1157/62 2373/1156/62
f 2374/1158/62 2375/1159/62 2376/1156/62
f 2377/1160/62 2374/1158/62 2378/1156/62
f 2375/1159/62 2368/1154/62 2379/1156/62
f 2380/1334/1 2381/1335/1 2382/1336/1
f 2383/1336/1 2384/1335/1 2385/1337/1
f 2386/1338/1 2387/1339/1 2388/1340/1
f 2389/1340/1 2390/1339/1 2391/1341/1
f 2392/1342/82 750/582/1 2393/1343/84
f 2392/1342/82 743/576/1 750/582/1
f 2393/1344/84 750/1345/1 2394/1346/81
f 2394/1347/81 750/582/1 2395/1348/82
f 2396/1349/118 2190/1241/17 2242/1269/17
f 2394/1346/81 2396/1349/118 2242/1269/17
f 2394/1346/81 2397/1350/119 2396/1349/118
f 2397/1351/119 2394/1347/81 2395/1348/82
f 2398/1171/120 2399/1172/121 2374/1158/62
f 2398/1352/120 738/572/1 2399/1353/121
f 2400/1354/120 2401/1355/121 812/642/1
f 2400/1177/120 2368/1154/62 2401/1178/121
f 2402/1182/120 2375/1159/62 2403/1179/122
f 2402/1182/120 2401/1178/121 2375/1159/62
f 2403/1179/122 2375/1159/62 2399/1172/121
f 2403/1356/122 737/571/51 2402/1357/120
f 2404/1185/121 2368/1154/62 2400/1177/120
f 2404/1185/121 2405/1186/123 2406/1155/62
f 2407/1183/121 2374/1158/62 2408/1160/62
f 2407/1358/121 738/572/1 2398/1352/120
f 812/642/1 2401/1355/121 737/571/51
f 2404/1359/121 2400/1354/120 812/642/1
f 2401/1355/121 2402/1357/120 737/571/51
f 2368/1154/62 2404/1185/121 2409/1155/62
f 2407/1183/121 2410/1160/62 2411/1187/123
f 2399/1353/121 737/571/51 2403/1356/122
f 2375/1159/62 2401/1178/121 2368/1154/62
f 738/572/1 737/571/51 2399/1353/121
f 2412/1360/124 2413/1361/125 2407/1358/121
f 2414/1343/126 2404/1359/121 2415/1342/125
f 2398/1171/120 2374/1158/62 2407/1183/121
f 2374/1158/62 2399/1172/121 2375/1159/62
f 2416/1186/127 2404/1185/128 2417/1192/124
f 2407/1358/121 722/558/1 738/572/1
f 812/642/1 743/576/1 2404/1359/121
f 722/558/1 2407/1358/121 2413/1361/125
f 2404/1359/121 743/576/1 2418/1342/129
f 2407/1183/121 2411/1187/123 2412/1191/124
f 2419/1362/130 2420/1363/131 736/570/1
f 2421/1364/102 2312/1306/9 2422/1365/132
f 2423/1360/97 736/570/1 2424/1361/96
f 2425/1361/98 736/570/1 722/558/1
f 2426/1366/97 2427/1364/100 736/1367/99
f 2428/1362/100 2429/1368/97 2420/1363/133
f 2422/1365/100 2429/1369/134 2430/1364/100
f 2312/1306/9 2271/1283/9 2422/1365/132
f 2357/1329/51 2356/1328/1 2431/1370/135
f 2432/1207/136 1042/779/62 1058/781/62
f 2432/1207/136 2431/1208/135 1042/779/62
f 2351/1324/1 2433/1371/136 2434/1372/135
f 2433/1203/136 1045/776/62 2434/1204/135
f 2433/1371/137 2435/1323/51 2436/1373/138
f 2437/1374/136 2431/1370/135 2356/1328/1
f 2437/1375/136 1043/778/62 2431/1208/135
f 2431/1208/135 1043/778/62 1042/779/62
f 2437/1374/136 2356/1328/1 2434/1372/135
f 2434/1204/135 1043/778/62 2437/1375/136
f 2434/1204/135 1045/776/62 1043/778/62
f 2432/1376/136 2438/1326/51 2357/1329/51
f 2439/1212/139 2432/1207/136 1058/781/62
f 2432/1376/140 2440/1377/138 2441/1326/51
f 2432/1376/136 2439/1378/139 2442/1377/141
f 2357/1329/51 2431/1370/135 2432/1376/136
f 1045/776/62 2433/1203/136 1046/788/62
f 2351/1324/1 2434/1372/135 2356/1328/1
f 2443/1373/141 2444/1379/142 2433/1371/136
f 2444/1216/142 1046/788/62 2433/1203/136
f 2445/1323/1 2433/1371/136 2351/1324/1
f 159/138/32 160/139/32 2446/1217/112
f 2447/1217/113 160/139/32 2448/1218/113
f 2449/1380/113 2450/1336/1 2451/1337/1
f 2452/1380/114 2453/1337/1 2454/1381/113
f 2455/1217/115 163/138/33 164/139/33
f 2456/1338/1 2457/1382/115 2458/1339/1
f 2459/1382/117 2460/1338/1 2461/1383/115
f 164/139/33 2462/1218/115 2463/1217/115
f 167/138/32 168/139/32 2464/1217/113
f 2465/1217/113 168/139/32 2466/1218/113
f 2467/1384/113 2468/1340/1 2469/1341/1
f 2470/1384/114 2471/1341/1 2472/1385/113
f 2473/1217/115 171/138/33 172/139/34
f 2474/1330/1 2475/1386/115 2476/1331/1
f 2477/1386/117 2478/1330/1 2479/1387/115
f 172/139/33 2480/1218/115 2481/1217/115
f 175/138/32 176/139/32 2482/1217/113
f 2483/1217/113 176/139/31 2484/1218/113
f 2485/1388/143 2486/1332/1 2487/1333/1
f 2488/1388/114 2489/1333/1 2490/1389/113
f 2491/1217/115 179/138/33 180/139/34
f 2492/1327/1 2493/1390/115 2494/1325/1
f 2495/1390/117 2496/1327/1 2497/1391/115
f 180/139/33 2498/1218/115 2499/1217/115
f 2500/1392/144 2501/1393/144 2502/1394/145
f 2503/1394/146 2504/1395/146 2505/1396/147
f 2506/1396/147 2504/1395/146 2507/1397/148
f 2508/1398/149 2507/1397/148 2509/1399/150
f 2510/1400/151 2511/1401/149 2509/1402/149
f 2512/1403/152 2513/1400/153 2514/1404/153
f 2515/1405/154 2516/1403/152 2514/1404/155
f 2517/1392/156 2518/789/55 2501/1393/156
f 2519/1406/157 717/553/17 2520/551/17
f 2521/1407/158 2519/1406/158 2522/551/17
f 2523/1407/159 2515/1405/154 2519/1406/157
f 2524/1407/159 2525/1403/160 2515/1405/160
f 2526/1400/161 2509/1402/150 2514/1404/155
f 2527/1396/162 2507/1397/162 2528/1398/149
f 2501/1393/163 2529/789/55 975/775/55
f 2530/1394/145 2501/1393/163 2504/1395/146
f 2531/1408/164 2532/1409/164 2533/1410/165
f 2534/1410/166 2535/1411/166 2536/1412/167
f 2537/1412/168 2535/1411/166 2538/1413/169
f 2539/1414/170 2538/1413/169 2540/1415/171
f 2541/1416/172 2542/1417/170 2540/1418/170
f 2543/1419/173 2544/1416/174 2545/1420/174
f 2546/1421/175 2547/1419/173 2545/1420/176
f 2548/783/62 2549/1422/177 1040/784/62
f 2550/783/62 2551/1423/178 2549/1422/178
f 2549/1422/177 2552/1423/177 2546/1421/175
f 2546/1421/173 2553/1423/177 2554/1419/173
f 2545/1420/176 2555/1416/172 2540/1418/171
f 2532/1409/179 2556/550/17 715/552/17
f 2532/1409/180 2557/1408/180 2558/550/17
f 2535/1411/166 2559/1410/165 2532/1409/179
f 2538/1413/181 2560/1414/170 2561/1412/181
f 2562/1392/182 2563/789/62 2564/1393/182
f 2565/1394/183 2566/1392/184 2564/1393/184
f 2567/1396/185 2568/1394/183 2569/1395/183
f 2570/1397/186 2571/1396/185 2569/1395/187
f 2572/1399/188 2573/1398/189 2570/1397/186
f 2572/1424/189 2574/1412/190 2575/1414/189
f 2576/1425/191 2577/1410/192 2578/1412/191
f 838/665/9 2579/550/29 2580/1426/193
f 2580/1426/193 2581/550/29 2582/1408/193
f 2583/1427/194 2580/1426/193 2584/1408/195
f 2585/1410/196 2583/1427/196 2586/1408/193
f 2587/1410/192 2576/1425/197 2583/1427/194
f 2588/1412/190 2572/1424/188 2576/1425/197
f 2589/1396/198 2570/1397/198 2590/1398/189
f 2564/1393/199 2591/789/62 1050/775/62
f 2592/1394/183 2564/1393/199 2569/1395/187
f 2593/1428/200 2594/1429/200 2595/1430/201
f 2596/1431/201 2595/1430/201 2597/1432/202
f 2598/1433/203 2599/1431/201 2597/1432/203
f 2600/1434/204 2601/1433/205 2602/1435/204
f 2603/1436/206 2604/1437/207 2605/1438/206
f 2606/1439/208 2607/1436/209 2605/1438/210
f 2608/1440/211 2609/1441/212 2606/1439/208
f 2610/1428/213 2611/813/55 2594/1429/213
f 2612/1441/212 2608/1440/214 2613/1442/214
f 2614/1442/214 2608/1440/211 580/448/9
f 2615/1436/209 2606/1439/208 2616/1441/208
f 2602/1443/204 2605/1438/210 2617/1437/204
f 2597/1432/202 2602/1435/204 2618/1433/205
f 2595/1430/201 2619/1431/201 2620/1428/200
f 2621/446/20 2622/1442/214 580/448/20
f 1189/811/55 2594/1429/200 2623/813/55
f 2624/1444/193 2625/1445/193 2626/1446/215
f 2627/1446/215 2625/1445/193 2628/1447/192
f 2629/1448/191 2628/1447/192 2630/1449/216
f 2631/1450/189 2632/1448/190 2630/1449/190
f 2633/1451/198 2634/1452/189 2635/1453/189
f 2636/1454/217 2637/1451/198 2635/1453/189
f 2636/1454/185 2638/1455/183 2639/1451/185
f 2640/809/62 2641/1456/184 1095/810/62
f 2642/809/62 2643/1457/182 2641/1456/182
f 2644/1455/183 2636/1454/217 2645/1458/183
f 2646/1457/184 2647/1455/183 2645/1458/183
f 2625/1445/193 2648/1444/195 578/447/9
f 2641/1456/184 2649/1457/218 2645/1458/183
f 578/447/9 2650/1444/193 2651/445/9
f 2628/1447/192 2652/1448/191 2653/1446/192
f 2630/1449/216 2635/1459/189 2654/1450/189
f 2655/1428/178 2656/813/62 2657/1429/178
f 2658/1430/173 2659/1428/219 2657/1429/177
f 2660/1432/220 2661/1431/173 2658/1430/173
f 2660/1432/174 2662/1433/174 2663/1431/173
f 2664/1435/170 2665/1434/170 2666/1433/221
f 2667/1460/181 2668/1461/181 2669/1462/170
f 2667/1460/168 2670/1463/166 2671/1461/167
f 653/519/17 651/517/17 2672/1464/180
f 2673/1464/180 2674/1465/164 653/519/17
f 2675/1464/164 2676/1466/165 2674/1465/164
f 2674/1465/164 2677/1466/165 2670/1463/166
f 2670/1463/166 2678/1466/166 2679/1461/167
f 2667/1460/168 2680/1462/170 2664/1467/170
f 2664/1435/170 2681/1433/172 2660/1432/220
f 1055/811/62 2657/1429/177 2682/813/62
f 2683/1431/173 2684/1428/177 2658/1430/173
f 2685/1468/159 2686/1469/159 2687/1470/160
f 2688/1470/160 2686/1469/159 2689/1471/152
f 2690/1472/153 2689/1471/152 2691/1473/155
f 2692/1474/222 2693/1472/161 2691/1473/161
f 2694/1451/162 2695/1452/149 2696/1453/149
f 2697/1454/223 2698/1451/224 2696/1453/149
f 2697/1454/147 2699/1455/146 2700/1451/147
f 2701/1456/144 2702/1457/144 2703/1458/146
f 2704/1468/158 650/516/17 652/518/17
f 1183/810/55 2705/809/55 2701/1456/144
f 2701/1456/156 2706/809/55 2707/1457/156
f 2708/1474/149 2691/1473/155 2696/1475/149
f 2697/1454/223 2703/1458/146 2709/1455/146
f 2710/1470/152 2689/1471/152 2711/1472/153
f 2712/1455/146 2703/1458/146 2713/1457/225
f 2714/1468/158 652/518/17 2686/1469/159
f 2715/1476/170 2716/1477/170 2717/1478/226
f 2718/1479/226 2717/1478/226 2719/1480/227
f 2720/1481/227 2721/1479/226 2719/1480/227
f 2722/1434/170 2723/829/70 2716/1435/170
f 2719/1480/227 645/513/17 2724/1481/227
f 2725/1481/227 645/513/27 2726/515/27
f 2717/1478/226 2727/1479/228 2728/1476/170
f 2716/1435/170 2729/829/70 1162/828/70
f 2730/1482/229 2731/1483/229 2732/1484/230
f 2733/1484/230 2731/1483/229 2734/1485/230
f 2735/1486/189 2734/1485/230 2736/1487/189
f 2731/1483/229 2737/1482/229 573/443/9
f 573/443/9 2738/1482/231 2739/442/9
f 2740/824/72 2736/1453/189 1173/821/72
f 2734/1485/230 2741/1486/189 2742/1484/230
f 2736/1453/189 2743/824/72 2744/1452/189
f 2745/1488/204 2746/1489/204 2747/1490/232
f 2748/1491/232 2747/1490/232 2749/1492/233
f 2750/1493/233 2751/1491/232 2749/1492/233
f 2752/1434/204 2753/829/67 2746/1435/204
f 52/52/9 2754/54/9 2755/1493/233
f 2756/1493/233 2749/1492/233 52/52/9
f 2746/1435/204 2757/829/67 1145/828/67
f 2758/1491/232 2759/1488/204 2747/1490/232
f 2760/1494/234 2761/1495/234 2762/1496/235
f 2763/1496/236 2761/1495/234 2764/1497/237
f 2765/1498/149 2764/1497/237 2766/1499/149
f 2767/1494/238 2768/80/17 93/82/17
f 2769/1496/239 2764/1497/239 2770/1498/149
f 2771/824/66 2772/1452/149 2766/1453/149
f 2773/1494/234 93/82/17 2761/1495/234
f 2774/824/66 2766/1453/149 1132/821/66
f 2775/1428/178 2776/813/62 2777/1429/178
f 2778/1430/173 2779/1428/177 2777/1429/177
f 2780/1432/220 2781/1431/173 2778/1430/173
f 2780/1432/174 2782/1433/174 2783/1431/173
f 2784/1435/170 2785/1434/170 2786/1433/221
f 2787/1500/181 2788/1501/181 2789/1502/170
f 2787/1500/168 2790/1503/166 2791/1501/167
f 936/753/17 934/751/17 2792/1504/180
f 2793/1504/180 2794/1505/164 936/753/17
f 2795/1504/164 2796/1506/165 2794/1505/164
f 2794/1505/164 2797/1506/165 2790/1503/166
f 2790/1503/166 2798/1506/166 2799/1501/167
f 2787/1500/168 2800/1502/170 2784/1507/170
f 2784/1435/170 2801/1433/172 2780/1432/220
f 1108/811/62 2777/1429/177 2802/813/62
f 2803/1431/173 2804/1428/177 2778/1430/173
f 2805/1508/159 2806/1509/159 2807/1510/160
f 2808/1510/160 2806/1509/159 2809/1511/152
f 2810/1512/153 2809/1511/152 2811/1513/155
f 2812/1514/222 2813/1512/161 2811/1513/161
f 2814/1451/162 2815/1452/149 2816/1453/149
f 2817/1454/223 2818/1451/224 2816/1453/149
f 2817/1454/147 2819/1455/146 2820/1451/147
f 2821/1456/144 2822/1457/144 2823/1458/146
f 2824/1508/158 933/750/17 935/752/17
f 1027/810/55 2825/809/55 2821/1456/144
f 2821/1456/156 2826/809/55 2827/1457/156
f 2828/1514/149 2811/1513/155 2816/1515/149
f 2817/1454/223 2823/1458/146 2829/1455/146
f 2830/1510/152 2809/1511/152 2831/1512/153
f 2832/1455/146 2823/1458/146 2833/1457/225
f 2834/1508/158 935/752/17 2806/1509/159
f 2835/1428/200 2836/1429/200 2837/1430/201
f 2838/1431/201 2837/1430/201 2839/1432/202
f 2840/1433/203 2841/1431/201 2839/1432/203
f 2842/1434/204 2843/1433/205 2844/1435/204
f 2845/1516/206 2846/1517/207 2847/1518/206
f 2848/1519/212 2849/1516/209 2847/1518/210
f 2850/1520/211 2851/1521/212 2848/1519/212
f 2852/1428/213 2853/813/55 2836/1429/213
f 2854/1521/212 2850/1520/211 2855/1522/211
f 2856/1522/214 2850/1520/211 888/699/9
f 2857/1516/209 2848/1519/208 2858/1521/208
f 2844/1523/204 2847/1518/210 2859/1517/204
f 2839/1432/202 2844/1435/204 2860/1433/205
f 2837/1430/201 2861/1431/201 2862/1428/200
f 2863/697/20 2864/1522/214 888/699/20
f 1028/811/55 2836/1429/200 2865/813/55
f 2866/1524/193 2867/1525/193 2868/1526/215
f 2869/1526/215 2867/1525/193 2870/1527/192
f 2871/1528/191 2870/1527/192 2872/1529/216
f 2873/1530/189 2874/1528/190 2872/1529/190
f 2875/1451/198 2876/1452/189 2877/1453/189
f 2878/1454/217 2879/1451/198 2877/1453/189
f 2878/1454/185 2880/1455/183 2881/1451/185
f 2882/809/62 2883/1456/184 1120/810/62
f 2884/809/62 2885/1457/182 2883/1456/182
f 2886/1455/183 2878/1454/217 2887/1458/183
f 2888/1457/218 2889/1455/183 2887/1458/183
f 2867/1525/193 2890/1524/195 886/698/9
f 2883/1456/184 2891/1457/184 2887/1458/183
f 886/698/29 2892/1524/195 2893/696/29
f 2870/1527/192 2894/1528/191 2895/1526/192
f 2872/1529/216 2877/1531/189 2896/1530/189
f 2897/1407/240 2898/1532/240 2899/1403/241
f 2900/1403/208 2901/1533/208 2902/1400/209
f 2903/1400/210 2901/1533/208 2904/1534/210
f 2905/1401/204 2904/1534/210 2906/1535/242
f 2907/1416/205 2908/1417/204 2906/1418/204
f 2909/1419/201 2910/1416/203 2911/1420/203
f 2912/1421/243 2913/1419/201 2911/1420/244
f 2914/1407/211 2915/551/20 2898/1532/211
f 2916/1422/245 985/784/55 2917/783/55
f 2918/1423/200 2916/1422/200 2919/783/55
f 2920/1423/200 2912/1421/243 2916/1422/245
f 2921/1423/200 2922/1419/201 2912/1421/201
f 2923/1416/205 2906/1418/242 2911/1420/244
f 2924/1400/206 2904/1534/246 2925/1401/204
f 2898/1532/247 2926/551/20 836/664/9
f 2927/1403/212 2898/1532/247 2901/1533/208
f 1204/834/62 1170/818/72 1202/832/62
f 1170/818/72 1181/822/72 1202/832/62
f 1204/834/62 1178/823/74 1170/818/72
f 2928/1536/248 2929/1537/249 2930/1538/248
f 2931/1539/250 2932/1540/251 2933/1541/250
f 2934/1540/251 2935/1542/251 2936/1541/250
f 2937/1536/252 2938/1538/252 2939/1002/6
f 2940/1542/253 2941/817/55 2942/816/55
f 2943/1540/253 2944/817/55 2945/1542/253
f 2946/1538/252 2947/1006/6 2948/1002/6
f 2949/1537/250 2950/1543/250 2951/1538/248
f 2952/1544/254 2953/1545/254 2954/1008/6
f 2955/1546/255 2956/1545/256 2957/1544/256
f 2958/1540/257 2959/1541/255 2960/1539/255
f 2961/1542/257 2962/1541/255 2963/1540/257
f 2964/817/62 2965/816/62 2966/1542/258
f 2967/817/62 2968/1542/258 2969/1540/258
f 2970/1545/256 2971/1546/255 2972/1547/255
f 2973/1008/6 2974/1545/254 2975/1012/6
f 1155/834/69 1127/818/66 1153/832/55
f 1127/818/66 1133/822/66 1153/832/55
f 1155/834/69 1135/823/66 1127/818/66
f 1150/831/67 1156/835/55 1140/825/67
f 1140/825/67 1156/835/55 1154/833/57
f 1141/826/67 1140/825/67 1154/833/57
f 1169/831/70 1205/835/62 1157/825/70
f 1157/825/70 1205/835/62 1203/833/76
f 1158/826/70 1157/825/70 1203/833/76
f 2976/1548/259 1465/1549/1 1425/886/9
s 0
f 2977/1550/100 1425/886/9 1423/884/9
s 1
f 2976/1548/259 1425/886/9 2977/1550/100
s 0
f 2978/1551/96 1465/909/4 2976/1552/9
s 1
f 1465/909/1 2978/1551/96 1428/889/1
f 2979/1553/97 2980/1554/100 1425/886/9
s 0
f 2980/1554/9 1426/887/9 1425/886/9
s 1
f 1461/907/1 2981/1555/96 1465/909/1
s 0
f 2981/1555/9 2979/1556/97 1465/909/4
s 1
f 1425/886/9 1465/1549/1 2979/1553/97
s 0
f 1632/997/17 2982/1557/17 1630/995/17
f 1569/967/1 2983/1558/17 1542/953/1
f 2984/1559/82 1569/967/1 1539/952/9
s 1
f 2983/1558/82 1569/967/1 2985/1560/84
f 1569/967/1 2984/1559/82 2986/1561/84
f 1569/1562/1 1632/997/17 2985/1563/84
f 2982/1557/81 1632/997/17 2986/1564/84
s 0
f 1635/1000/17 2987/1565/81 1632/997/17
s 1
f 2987/1565/81 2985/1563/84 1632/997/17
f 2986/1564/84 1632/997/17 1569/1562/1
f 2988/1566/81 1634/999/17 1633/998/17
s 0
f 2989/1567/17 2988/1566/81 1633/998/17
f 2990/1568/17 2989/1569/84 721/557/4
s 1
f 723/559/1 2990/1568/82 721/557/1
f 1633/998/17 721/1570/1 2989/1567/260
f 2991/1571/82 732/567/1 721/557/1
s 0
f 2992/1572/17 2991/1571/82 721/557/4
s 1
f 1633/998/17 2992/1573/261 721/1570/1
f 1631/996/17 2993/1574/81 1633/998/17
s 0
f 2993/1574/17 2992/1573/84 1633/998/17
f 2994/1575/9 749/581/1 724/560/1
s 1
f 2995/1576/97 2994/1575/96 724/560/4
f 1424/885/9 2995/1577/97 724/1578/4
s 0
f 1424/885/9 2996/1579/9 2995/1577/97
s 1
f 724/1578/4 2997/1580/262 1424/885/9
f 1424/885/9 2998/1581/100 1422/883/9
s 0
f 1424/885/9 2997/1580/9 2998/1581/100
s 1
f 2999/1582/96 2997/1583/262 724/560/4
f 1424/885/9 1427/888/9 2996/1579/100
s 0
f 2999/1582/96 724/560/1 726/562/9
s 1
f 2271/1283/9 2342/1320/9 3000/1584/215
f 3000/1584/215 2342/1320/9 3001/1585/263
f 3002/1586/188 3000/1584/192 3003/1585/264
s 0
f 3004/1587/9 3002/1588/188 3005/1212/263
s 1
f 1058/781/62 3004/1587/183 3006/1212/265
f 1076/803/62 3004/1587/183 1058/781/62
s 0
f 3007/1589/266 3008/1590/124 3009/1591/267
f 3007/1592/266 3010/1593/127 3008/1594/268
f 3009/1591/267 3011/1595/269 2420/1363/270
f 3009/1591/267 3008/1590/124 3011/1595/269
s 1
f 2422/1365/132 3000/1584/192 3009/1596/271
s 0
f 2429/1369/104 2422/1365/132 3009/1596/271
f 2420/1363/270 3011/1595/125 736/570/1
f 2422/1365/100 2271/1283/9 3000/1584/192
f 2429/1368/97 3009/1591/271 2420/1363/131
s 1
f 3000/1584/192 3002/1586/188 3009/1596/271
s 0
f 3002/1588/9 3004/1587/272 3007/1592/273
f 3007/1592/273 3004/1587/183 1079/806/62
f 1079/806/62 1077/805/62 3010/1593/127
f 1080/804/62 3004/1587/183 1076/803/62
f 3004/1587/183 1080/804/9 1079/806/62
f 1073/802/62 3010/1593/127 1077/805/9
f 1079/806/62 3010/1593/127 3007/1592/266
s 1
f 3007/1597/274 3009/1596/271 3002/1586/188
f 723/559/1 736/570/1 3012/1598/125
f 3012/1598/125 736/570/1 3011/1595/125
f 3013/1599/124 3011/1595/125 3008/1590/124
f 3014/1600/127 3008/1594/124 3010/1593/127
f 3010/1593/127 1073/802/62 1075/807/62
f 3014/1600/127 3010/1593/127 1075/807/62
f 3011/1595/125 3013/1599/124 3012/1598/125
f 3008/1594/124 3014/1600/127 3013/1601/124
s 0
f 3014/1600/9 3015/1602/275 3013/1601/276
f 3013/1601/124 3015/1602/275 3016/1603/171
f 3012/1598/125 2990/1568/82 723/559/1
f 2990/1568/82 3012/1598/269 2989/1569/17
f 2989/1567/277 3012/1604/278 3013/1605/279
f 2988/1566/81 3017/1606/280 1634/999/17
f 3017/1606/280 2988/1566/17 2989/1567/261
f 3016/1607/170 3017/1608/280 2989/1569/84
s 1
f 3013/1599/281 3016/1607/170 2989/1569/84
s 0
f 3015/1602/17 3014/1600/127 1075/807/282
f 3018/1609/166 1635/1000/17 3017/1606/280
f 3016/1610/283 3018/1609/166 3017/1606/284
f 3015/1602/275 3019/1611/170 3016/1603/170
f 3020/1612/173 3015/1602/275 1075/807/62
f 3017/1606/280 1635/1000/17 1634/999/17
f 3019/1613/170 3018/1609/166 3016/1610/170
f 3020/1612/173 3019/1611/170 3015/1602/275
f 2987/1565/17 1635/1000/17 3018/1609/166
f 2985/1563/84 2987/1565/81 3018/1609/166
f 3019/1613/170 2985/1563/260 3018/1609/166
f 3021/1614/125 1542/953/9 2983/1558/82
f 2985/1560/261 3022/1615/124 3021/1614/125
s 1
f 2985/1563/260 3019/1613/170 3022/1616/281
s 0
f 3020/1612/173 1075/807/62 1072/801/62
s 1
f 3019/1611/170 1074/800/61 3022/1617/281
f 1074/800/61 3020/1612/173 1072/801/62
f 3023/1618/127 1074/800/61 1071/799/61
f 1074/800/61 3019/1611/170 3020/1612/173
s 0
f 3023/1618/127 1071/799/62 1041/808/62
f 2983/1558/82 2985/1560/84 3021/1614/125
s 1
f 3022/1617/281 1074/800/61 3023/1618/127
f 1547/955/1 1542/953/1 3024/1619/125
f 3024/1619/125 1542/953/1 3021/1614/125
f 3025/1620/124 3024/1619/125 3021/1614/125
f 3022/1615/281 3025/1620/124 3021/1614/125
f 3022/1617/281 3026/1621/123 3025/1622/124
f 3023/1618/127 1041/808/62 1040/784/62
f 3026/1621/123 3023/1618/127 1040/784/62
f 3026/1621/123 3022/1617/281 3023/1618/127
f 3027/1623/285 3028/1624/286 1608/980/1
f 3027/1625/285 3029/1626/287 2540/1415/171
f 3030/1627/288 3031/1628/84 3032/1629/82
f 3030/1630/288 3028/1631/286 2532/1409/179
f 3033/1632/289 3034/1633/290 1555/961/1
f 3033/1634/289 2549/1422/177 2546/1421/175
f 3028/1631/286 2535/1411/166 2532/1409/179
f 3028/1631/286 2538/1413/169 2535/1411/166
f 3034/1633/290 3029/1635/287 1585/971/51
f 3034/1636/290 2546/1421/175 2545/1420/176
f 3027/1625/285 2540/1415/171 2538/1413/169
f 3029/1637/287 2545/1420/176 2540/1418/171
f 3033/1632/289 3024/1619/125 3025/1620/124
f 1552/958/51 1547/955/1 3024/1619/125
f 3026/1621/123 3033/1634/289 3025/1622/124
f 3033/1632/289 1555/961/1 1552/958/51
f 1553/959/1 1585/971/51 3029/1635/287
f 3027/1623/285 1553/959/1 3029/1635/287
f 3027/1623/285 1554/960/2 1553/959/1
f 3027/1623/285 1608/980/1 1554/960/2
f 1557/962/1 1607/979/4 3032/1629/82
f 1607/979/4 3030/1627/288 3032/1629/82
f 715/552/17 3035/1638/291 2532/1409/179
f 3030/1630/288 3035/1638/291 3031/1639/84
f 1607/979/4 1608/980/1 3030/1627/288
f 2532/1409/179 3035/1638/291 3030/1630/288
f 3026/1621/123 1040/784/62 2549/1422/177
f 3030/1627/288 1608/980/1 3028/1624/286
f 3033/1634/289 3026/1621/123 2549/1422/177
f 3027/1625/285 2538/1413/169 3028/1631/286
f 2546/1421/175 3034/1636/290 3033/1634/289
f 3034/1633/290 1585/971/51 1555/961/1
f 2545/1420/176 3029/1637/287 3034/1636/290
f 1552/958/51 3024/1619/125 3033/1632/289
f 1530/943/1 1557/962/1 3036/1640/82
f 3036/1640/82 1557/962/1 3032/1629/82
f 3037/1641/84 3036/1640/82 3032/1629/82
f 3031/1628/84 3037/1641/84 3032/1629/82
f 717/553/17 3035/1638/291 715/552/17
f 717/553/17 3038/1642/81 3035/1638/291
f 3038/1642/81 3031/1639/84 3035/1638/291
f 3037/1643/84 3031/1639/84 3038/1642/81
f 3039/1644/292 3040/1645/91 3041/1646/90
f 3039/1647/292 3042/1648/293 2501/1393/163
f 3043/1649/294 3044/1650/295 1535/948/1
f 3043/1651/294 2514/1404/155 2509/1402/150
f 3044/1650/295 3042/1652/293 1536/949/5
f 3044/1653/295 2509/1399/150 2507/1397/148
f 3042/1648/293 2504/1395/146 2501/1393/163
f 3042/1648/293 2507/1397/148 2504/1395/146
f 3045/1654/296 2515/1405/154 2514/1404/155
f 3045/1654/296 2519/1406/157 2515/1405/154
f 1531/944/4 1530/943/1 3036/1640/82
f 3037/1641/84 1531/944/4 3036/1640/82
f 3037/1643/84 3038/1642/81 3045/1654/296
f 3045/1655/296 3043/1649/294 1532/945/4
f 1532/945/4 3043/1649/294 1533/946/79
f 3042/1652/293 1537/950/50 1536/949/5
f 1535/948/1 3044/1650/295 1536/949/5
f 1535/948/1 1533/946/79 3043/1649/294
s 0
f 1620/989/2 1538/951/1 3041/1646/9
s 1
f 1538/951/4 3039/1644/292 3041/1646/90
f 975/775/55 3046/1656/88 2501/1393/163
f 3039/1647/292 3046/1656/88 3040/1657/91
f 2519/1406/157 3038/1642/81 717/553/17
f 2501/1393/163 3046/1656/88 3039/1647/292
f 3045/1654/296 2514/1404/155 3043/1651/294
f 3039/1644/292 1538/951/4 1537/950/50
f 3045/1654/296 3038/1642/81 2519/1406/157
f 1537/950/50 3042/1652/293 3039/1644/292
f 3045/1655/296 1532/945/4 1531/944/4
f 2507/1397/148 3042/1648/293 3044/1653/295
f 3037/1641/84 3045/1655/296 1531/944/4
f 2509/1399/150 3044/1653/295 3043/1658/294
s 0
f 1539/952/59 1620/989/59 3047/1659/59
f 3047/1659/59 1620/989/59 3041/1646/59
s 1
f 3048/1660/94 3047/1659/90 3041/1646/90
f 3040/1645/91 3048/1660/94 3041/1646/90
f 974/774/55 3046/1656/88 975/775/55
f 974/774/55 3049/1661/88 3046/1656/88
f 3049/1661/88 3040/1657/91 3046/1656/88
f 3048/1662/94 3040/1657/91 3049/1661/88
s 0
f 1002/793/57 1001/792/55 3050/1663/146
s 1
f 1000/791/55 1002/793/55 3050/1663/146
f 3051/1664/149 1000/791/55 3050/1663/146
s 0
f 3049/1661/88 974/774/58 997/790/55
s 1
f 1000/791/55 3048/1662/94 3049/1661/88
f 1000/791/55 3051/1664/149 3048/1662/94
s 0
f 3052/1665/17 1630/995/17 2982/1557/17
f 3051/1666/149 2986/1564/85 3048/1667/297
f 2986/1564/85 3052/1665/17 2982/1557/81
f 3047/1659/59 2986/1561/59 2984/1559/59
f 2986/1564/85 3051/1666/149 3052/1665/152
f 3047/1659/9 2984/1559/17 1539/952/9
s 1
f 997/790/55 1000/791/55 3049/1661/88
s 0
f 3048/1660/94 2986/1561/85 3047/1659/90
f 3053/1668/152 3052/1665/152 3054/1669/298
f 3054/1670/149 3051/1664/149 3055/1671/146
f 3055/1671/146 3050/1663/146 1001/792/57
f 3055/1671/146 3051/1664/149 3050/1663/146
f 3053/1668/152 1630/995/17 3052/1665/152
f 3052/1665/152 3051/1666/149 3054/1669/298
f 1630/995/17 3053/1668/17 1631/996/17
f 3056/1672/59 2991/1571/59 2992/1572/59
f 3056/1672/59 732/567/59 2991/1571/59
f 3056/1673/299 2992/1573/260 3057/1674/91
f 3055/1671/146 1001/792/56 3058/1675/9
f 3054/1670/59 3055/1671/59 3058/1675/59
f 3053/1668/152 2993/1574/81 1631/996/17
f 2993/1574/81 3053/1668/152 2992/1573/17
f 2992/1572/84 3053/1676/152 3054/1677/149
f 3058/1675/300 3057/1678/297 3054/1670/301
f 3054/1677/149 3057/1679/94 2992/1572/84
f 733/568/59 732/567/59 3056/1672/59
f 3059/1680/59 733/568/59 3056/1672/59
s 1
f 3057/1679/91 3059/1680/90 3056/1672/302
f 3057/1679/91 3060/1681/303 3059/1680/90
f 3057/1678/91 3058/1675/300 3060/1682/303
f 3061/1683/88 1001/792/55 1003/794/55
f 3061/1683/88 3058/1675/300 1001/792/55
f 3061/1683/88 3060/1682/303 3058/1675/300
s 0
f 3062/1684/304 3063/1685/204 3064/1686/305
f 3062/1687/306 3065/1688/9 3063/1689/204
f 3064/1686/305 3066/1690/208 2108/1198/102
s 1
f 3064/1686/305 3063/1685/307 3066/1690/208
s 0
f 2107/1197/101 3059/1680/90 3064/1691/308
f 2111/1200/309 2107/1197/101 3064/1691/305
f 2108/1198/100 3066/1690/9 1977/1108/9
f 2107/1197/59 733/568/59 3059/1680/59
f 3064/1686/305 2108/1198/100 2111/1199/104
f 3062/1692/310 3064/1691/311 3060/1681/303
s 1
f 3061/1683/88 3062/1687/306 3060/1682/303
s 0
f 1007/797/57 1004/795/55 3065/1688/201
f 1008/798/9 1007/797/57 3065/1688/312
f 1005/796/56 3061/1683/88 1003/794/9
f 1008/798/313 3061/1683/88 1005/796/55
s 1
f 1008/798/57 3062/1687/306 3061/1683/88
s 0
f 1008/798/313 3065/1688/201 3062/1687/306
s 1
f 3064/1691/305 3059/1680/90 3060/1681/303
f 1004/795/55 993/788/55 3065/1688/201
f 3065/1688/201 993/788/55 3067/1216/314
s 0
f 3063/1689/9 3065/1688/201 3068/1216/314
s 1
f 3066/1690/208 3063/1685/307 3069/1693/315
s 0
f 2027/1133/9 1977/1108/9 3066/1690/208
s 1
f 3070/1693/314 2027/1133/29 3066/1690/208
f 1086/795/62 1046/788/62 3071/1688/316
f 3071/1688/316 1046/788/62 3072/1216/317
f 3073/1689/170 3071/1688/173 3074/1216/318
f 3075/1694/165 3076/1695/319 2193/1244/17
f 2190/1241/17 3075/1694/165 2193/1244/17
f 3077/1695/318 3075/1694/166 3073/1696/170
f 3078/1697/320 3073/1696/170 3079/1698/321
s 0
f 3078/1687/322 3071/1688/173 3073/1689/171
f 3079/1698/321 3075/1694/166 2396/1349/81
s 1
f 3079/1698/321 3073/1696/170 3075/1694/166
s 0
f 1087/797/62 3071/1688/173 1088/798/17
f 1088/798/62 3071/1688/173 3078/1687/322
f 1089/796/62 3080/1683/127 1085/794/62
f 1087/797/62 1086/795/62 3071/1688/173
f 1088/798/62 3080/1683/323 1089/796/9
f 1088/798/62 3078/1687/322 3080/1683/123
s 1
f 3078/1699/320 3079/1700/321 3081/1701/281
f 3081/1701/281 3079/1700/321 3082/1702/125
f 3079/1700/321 2395/1348/324 3082/1702/125
s 0
f 2396/1349/81 3075/1694/166 2190/1241/17
f 3079/1698/321 2396/1349/291 2397/1350/261
f 750/582/1 3082/1702/125 2395/1348/82
f 2397/1351/261 2395/1348/82 3079/1700/325
s 1
f 3081/1682/281 3080/1683/127 3078/1687/320
f 1090/792/62 1085/794/62 3080/1683/127
f 3083/1675/123 1090/792/62 3080/1683/127
f 3081/1682/281 3083/1675/123 3080/1683/127
f 3081/1682/281 3084/1678/268 3083/1675/123
f 750/582/1 749/581/1 3085/1703/125
f 3082/1702/125 750/582/1 3085/1703/125
f 3084/1704/268 3082/1702/125 3085/1703/125
f 3084/1704/268 3081/1701/281 3082/1702/125
s 0
f 3086/1671/59 3083/1675/59 3087/1670/59
f 3087/1670/189 3083/1675/127 3084/1678/124
f 3088/1705/326 2996/1579/100 1427/888/9
f 2996/1579/100 3088/1705/326 2995/1577/9
f 2995/1576/97 3088/1706/326 3087/1707/189
f 2994/1575/96 3085/1703/125 749/581/9
f 3085/1703/125 2994/1575/96 2995/1576/97
f 3084/1708/327 3085/1709/125 2995/1577/328
s 1
f 3087/1707/189 3084/1704/268 2995/1576/329
s 0
f 3083/1675/127 3086/1671/330 1090/792/62
f 3089/1663/183 1090/792/62 3086/1671/330
f 3090/1664/9 3089/1663/183 3086/1671/331
f 3090/1710/332 3087/1711/332 3091/1712/192
f 3088/1705/326 1427/888/9 1426/887/9
f 3091/1712/192 3088/1705/326 1426/887/9
f 3091/1712/192 3087/1711/189 3088/1705/326
f 3086/1671/9 3087/1670/189 3090/1664/188
s 1
f 1084/793/62 3089/1663/183 1082/791/62
s 0
f 1082/791/62 3089/1663/9 3090/1664/188
f 1083/790/62 3092/1661/127 1093/774/62
f 1090/792/62 3089/1663/183 1084/793/62
s 1
f 1082/791/62 3093/1662/268 3092/1661/127
s 0
f 2980/1554/100 3091/1712/192 1426/887/9
s 1
f 3092/1661/127 1083/790/65 1082/791/62
s 0
f 2980/1554/100 2979/1553/97 3091/1712/192
f 3091/1712/333 2979/1553/334 3090/1710/188
s 1
f 3090/1664/188 3093/1662/268 1082/791/62
s 0
f 3093/1713/268 2979/1556/97 3094/1714/125
s 1
f 2979/1553/97 3093/1715/268 3090/1710/188
s 0
f 2981/1555/96 1461/907/1 3094/1714/125
f 2981/1555/96 3094/1714/269 2979/1556/9
s 1
f 1050/775/62 1093/774/62 3095/1656/127
f 3095/1656/127 1093/774/62 3092/1661/127
f 3096/1657/268 3095/1656/127 3092/1661/127
f 3093/1662/268 3096/1657/268 3092/1661/127
f 3094/1714/125 1461/907/1 1458/906/1
f 3097/1716/125 3094/1714/125 1458/906/1
f 3097/1716/125 3093/1713/268 3094/1714/125
f 3096/1717/268 3093/1713/268 3097/1716/125
f 3098/1718/335 3099/1719/336 1456/904/1
f 3098/1720/335 2580/1426/193 2583/1427/194
f 3100/1721/337 3101/1722/338 1517/933/2
f 3100/1723/337 2570/1397/186 2569/1395/187
f 3101/1724/338 2564/1393/199 3095/1656/127
f 3101/1724/338 2569/1395/187 2564/1393/199
f 3099/1719/336 3102/1725/339 1457/905/51
f 3099/1726/336 2583/1427/194 2576/1425/197
f 3102/1727/339 2572/1399/188 2570/1397/186
f 3102/1728/339 2576/1425/197 2572/1424/188
f 2564/1393/199 1050/775/62 3095/1656/127
f 3096/1657/268 3101/1724/338 3095/1656/127
f 3096/1717/268 3097/1716/125 3101/1722/338
f 3101/1724/338 3100/1723/337 2569/1395/187
f 1519/935/1 3102/1725/339 1518/934/51
f 1519/935/1 1457/905/51 3102/1725/339
f 2576/1425/197 3102/1728/339 3099/1726/336
f 2580/1426/193 3103/1729/100 838/665/9
f 3098/1720/335 3103/1729/100 2580/1426/193
f 3098/1718/335 1456/904/1 1455/903/1
f 3104/1730/98 1455/903/1 1447/901/1
f 1516/932/51 3097/1716/125 1458/906/1
f 3098/1720/335 3105/1731/340 3103/1729/100
s 0
f 3098/1718/335 3104/1730/9 3105/1732/97
s 1
f 1455/903/1 3104/1730/98 3098/1718/335
f 1516/932/51 3101/1722/338 3097/1716/125
f 3100/1721/337 1518/934/51 3102/1725/339
f 3100/1721/337 1517/933/2 1518/934/51
f 3101/1722/338 1516/932/51 1517/933/2
f 2583/1427/194 3099/1726/336 3098/1720/335
f 2570/1397/186 3100/1723/337 3102/1727/339
f 1456/904/1 3099/1719/336 1457/905/51
f 3106/1733/100 836/664/9 838/665/9
f 3103/1729/100 3106/1733/100 838/665/9
f 3103/1729/100 3107/1734/97 3106/1733/100
f 1443/900/1 3104/1730/98 1447/901/1
f 3107/1734/97 3103/1729/100 3105/1731/340
f 3108/1735/96 3104/1730/98 1443/900/1
s 0
f 3108/1735/96 3105/1732/9 3104/1730/96
f 3108/1735/9 3107/1736/97 3105/1732/97
s 1
f 3109/1737/341 3110/1738/342 1439/896/50
f 3109/1739/341 3111/1740/343 2912/1421/243
f 3112/1741/344 3113/1742/345 1500/920/2
f 3112/1743/344 3110/1744/342 2906/1535/242
s 0
f 3114/1745/346 3107/1736/9 3108/1735/96
s 1
f 3114/1746/347 3113/1747/345 2898/1532/247
f 3113/1747/345 2901/1533/208 2898/1532/247
f 3113/1747/345 2904/1534/210 2901/1533/208
f 3112/1743/344 2906/1535/242 2904/1534/210
f 3110/1637/342 2911/1420/244 2906/1418/242
f 3109/1739/341 2912/1421/243 2911/1420/244
f 3111/1740/343 2916/1422/245 2912/1421/243
f 2898/1532/247 836/664/9 3106/1733/100
f 3107/1734/97 3114/1746/347 3106/1733/100
f 3114/1745/347 1501/921/4 1500/920/2
f 1500/920/2 1440/897/78 3112/1741/344
f 1439/896/50 3110/1738/342 3112/1741/344
s 0
f 1439/896/50 1502/922/1 3109/1737/348
f 3115/1748/90 1438/895/349 1433/892/9
s 1
f 2911/1420/244 3110/1637/342 3109/1739/341
f 985/784/55 2916/1422/245 3116/1621/88
f 2916/1422/245 3111/1740/343 3116/1621/88
f 3111/1749/343 3109/1737/341 1441/898/1
f 3117/1750/91 1438/895/50 3115/1748/90
f 3117/1622/91 3116/1621/88 3111/1740/343
f 1501/921/4 3108/1735/96 1443/900/1
f 3112/1741/344 1440/897/78 1439/896/50
f 1501/921/4 3114/1745/347 3108/1735/96
f 3114/1745/347 1500/920/2 3113/1742/345
f 3117/1750/91 3111/1749/343 1438/895/50
f 2898/1532/247 3106/1733/100 3114/1746/347
f 3111/1749/343 1441/898/1 1438/895/50
f 2904/1534/210 3113/1747/345 3112/1743/344
f 1441/898/1 3109/1737/341 1502/922/5
f 3118/1618/88 1021/808/55 985/784/55
f 3116/1621/88 3118/1618/88 985/784/55
f 3116/1621/88 3119/1617/91 3118/1618/88
s 0
f 1428/889/59 3115/1748/59 1433/892/59
f 3115/1748/59 1428/889/59 3120/1751/59
s 1
f 3117/1750/91 3115/1748/90 3120/1751/90
f 3119/1752/91 3117/1750/91 3120/1751/90
f 3119/1617/91 3116/1621/88 3117/1622/91
s 0
f 1011/799/55 1021/808/350 3118/1618/88
s 1
f 1012/800/56 1011/799/55 3118/1618/88
f 3119/1617/91 1012/800/56 3118/1618/88
s 0
f 3121/1612/201 1019/807/55 1013/801/55
f 1012/800/55 3122/1611/9 3121/1612/201
s 1
f 1012/800/56 3119/1617/91 3122/1611/204
s 0
f 3120/1751/59 1428/889/59 2978/1551/59
s 1
f 3119/1753/91 2976/1548/259 3122/1754/204
s 0
f 2976/1552/59 3120/1751/59 2978/1551/59
f 3123/1755/208 2976/1548/259 2977/1550/9
f 2976/1552/259 3119/1752/91 3120/1751/90
f 3123/1755/9 2977/1550/9 1423/884/9
s 1
f 1013/801/55 1012/800/56 3121/1612/201
s 0
f 3122/1754/207 2976/1548/259 3123/1755/208
f 3124/1602/201 1019/807/55 3121/1612/201
f 3125/1603/9 3124/1602/201 3122/1611/204
f 3126/1756/208 3125/1757/204 3123/1755/208
f 1423/884/9 1422/883/9 3126/1756/351
f 3123/1755/9 1423/884/9 3126/1756/351
f 3122/1754/352 3123/1755/208 3125/1757/352
f 3121/1612/9 3122/1611/204 3124/1602/201
f 3127/1600/353 3124/1602/201 3128/1601/303
f 3128/1601/354 3124/1602/9 3125/1603/204
f 3129/1758/9 2999/1582/9 726/562/9
f 2999/1582/59 3129/1758/59 2997/1583/59
f 2997/1580/355 3129/1759/302 3128/1760/356
f 2998/1581/100 3126/1756/9 1422/883/9
f 3126/1756/351 2998/1581/9 2997/1580/262
f 3125/1761/207 3126/1762/351 2997/1583/262
f 3128/1763/303 3125/1761/207 2997/1583/262
f 3124/1602/201 3127/1600/353 1019/807/58
s 1
f 1014/802/55 1019/807/55 3130/1593/357
f 3130/1593/357 1019/807/55 3127/1600/353
f 3131/1594/91 3130/1593/357 3127/1600/353
f 3128/1601/91 3131/1594/91 3127/1600/353
s 0
f 726/562/59 753/584/59 3129/1758/59
s 1
f 3129/1758/358 3132/1764/359 3128/1763/91
s 0
f 753/584/59 3132/1764/59 3129/1758/59
s 1
f 3131/1765/91 3128/1763/91 3132/1764/359
f 3133/1766/360 3131/1765/91 3134/1767/361
s 0
f 3133/1592/360 3130/1593/88 3131/1594/94
f 3134/1767/361 3132/1764/359 2075/1162/82
s 1
f 3134/1767/361 3131/1765/91 3132/1764/359
s 0
f 1017/805/56 3130/1593/88 1018/806/9
f 1018/806/55 3130/1593/88 3133/1592/362
f 1016/804/57 3135/1587/146 1015/803/55
f 1017/805/58 1014/802/363 3130/1593/88
f 3135/1587/364 1016/804/9 1018/806/55
f 3136/1588/149 3135/1587/146 3133/1592/360
s 1
f 3134/1768/361 3136/1769/301 3133/1770/360
s 0
f 2076/1164/81 1873/1054/17 3137/1771/152
f 3134/1768/361 2076/1164/83 3137/1771/152
f 2075/1162/59 3132/1764/59 753/584/59
f 2079/1169/84 3134/1767/365 2075/1162/366
s 1
f 3137/1771/152 3136/1769/301 3134/1768/361
s 0
f 2079/1170/84 2076/1164/367 3134/1768/361
s 1
f 3135/1587/368 1018/806/55 3133/1592/362
s 0
f 1873/1054/17 1872/1053/17 3137/1771/17
s 1
f 3137/1771/160 1872/1053/17 3138/1772/369
f 3136/1588/301 3139/1212/370 3135/1587/146
f 3135/1587/146 3140/1212/369 981/781/55
f 3135/1587/146 981/781/55 1015/803/58
f 3141/1772/370 3136/1769/301 3137/1771/152
f 3142/1773/371 3143/1774/62 3144/1775/372
f 3142/1773/371 3145/1776/373 3146/1777/374
f 3146/1777/374 3145/1776/373 3147/1778/375
f 3146/1777/374 3148/1779/217 3149/1780/183
f 3147/1781/375 3150/1782/376 3151/1783/377
f 3147/1778/378 3152/1784/189 3153/1779/217
f 3151/1783/377 115/134/17 117/104/22
f 3151/1783/379 3154/1785/190 3155/1786/189
f 3156/1787/380 3157/1788/381 3158/1789/382
f 3156/1787/380 3158/1789/382 3159/1774/55
f 3160/1790/383 3161/1791/384 3162/1792/385
f 3160/1790/383 3157/1788/381 3156/1787/380
f 3162/1793/385 3163/1794/204 3164/1795/386
f 3162/1792/385 3165/1796/387 3157/1788/381
f 3164/1795/386 3166/1797/210 145/122/27
f 3164/1795/386 146/120/17 3165/1798/387
f 3167/1787/388 3168/1788/389 3169/1789/390
f 3167/1787/388 3169/1789/390 3143/1774/62
f 3170/1790/391 3171/1791/174 3172/1792/392
f 3170/1790/391 3168/1788/389 3167/1787/388
f 3172/1799/392 3173/1800/170 3174/1801/393
f 3172/1792/392 3175/1796/394 3168/1788/389
f 3174/1801/393 3176/1802/167 152/104/9
f 3174/1801/393 153/102/10 3175/1803/394
f 3177/1773/395 3159/1774/55 3178/1775/396
f 3177/1773/395 3179/1776/397 3180/1777/398
f 3180/1777/398 3179/1776/397 3181/1778/399
f 3180/1777/398 3182/1779/223 3183/1780/146
f 3181/1804/399 3184/1805/400 3185/1806/401
f 3181/1778/399 3186/1784/149 3187/1779/223
f 3185/1806/401 135/129/9 137/122/9
f 3185/1806/402 3188/1807/151 3189/1808/149
f 152/104/9 153/102/10 3174/1801/393
f 3174/1801/393 3175/1803/394 3172/1799/392
f 3170/1790/391 3167/1787/388 3190/1809/219
f 3167/1787/388 3191/1810/62 3192/1809/177
f 3168/1788/389 3170/1790/391 3172/1792/392
f 3193/1809/177 3194/1811/173 3170/1790/403
f 3195/1802/404 3196/1812/166 152/104/9
f 3197/1812/166 3198/1813/405 152/104/20
f 3199/1814/164 3200/1813/406 3201/1812/407
f 3202/1815/27 3203/1813/408 3204/1814/164
f 3205/1815/27 3206/1814/180 3207/1570/27
f 3208/1815/17 3209/1570/17 3210/1816/158
f 3211/1815/17 3212/1816/159 3213/1817/409
f 3214/1817/410 3215/1818/152 137/122/411
f 3216/1818/412 3217/1807/153 137/122/29
f 3181/1778/399 3179/1776/397 3184/1819/400
f 3178/1775/396 3179/1776/397 3177/1773/395
f 3218/1810/55 3159/1774/55 3177/1773/395
f 3219/1780/146 3220/1820/144 3180/1777/413
f 3159/1774/55 3221/1810/55 3156/1787/380
f 3222/1809/200 3160/1790/383 3156/1787/380
f 3223/1809/213 3156/1787/380 3224/1810/55
f 3162/1792/385 3157/1788/381 3160/1790/383
f 3225/1791/414 3160/1790/383 3226/1811/201
f 3164/1795/386 3165/1798/387 3162/1793/385
f 3227/1817/415 3228/1821/416 3229/1822/211
f 3230/1817/415 3231/1822/214 3232/1815/417
f 3233/1822/214 3234/1578/9 3235/1815/9
f 3236/1578/9 3237/1823/195 3238/1815/9
f 3239/1823/195 3240/1813/418 3241/1815/9
f 3242/1824/215 3243/1813/419 3244/1823/193
f 3245/1785/216 117/104/17 3246/1824/420
f 3142/1773/371 3247/1810/62 3143/1774/62
f 3248/1810/62 3167/1787/388 3143/1774/62
f 3249/1800/170 3250/1802/181 3174/1801/421
f 3142/1773/371 3251/1820/184 3252/1810/62
f 3146/1777/374 3253/1820/218 3142/1773/371
f 3254/1780/183 3255/1820/184 3146/1777/422
f 3150/1782/376 115/134/17 3151/1783/377
f 3146/1777/374 3147/1778/375 3256/1779/423
f 3151/1783/377 3257/1786/189 3147/1781/375
f 3142/1773/371 3144/1775/372 3145/1776/373
f 3147/1778/375 3145/1776/373 3150/1819/376
f 145/122/424 3258/1821/208 3259/1817/425
f 3260/1813/418 3261/1824/192 117/104/426
f 3262/1785/216 3151/1783/377 117/104/22
f 3164/1795/386 145/122/27 146/120/17
f 3263/1797/246 3164/1795/427 3264/1794/428
f 3265/1821/208 145/122/17 3266/1797/429
f 3267/1791/205 3268/1825/204 3162/1792/385
f 3269/1809/200 3270/1811/201 3160/1790/430
f 3271/1810/55 3177/1773/395 3272/1820/156
f 3184/1805/400 135/129/9 3185/1806/401
f 3180/1777/398 3181/1778/399 3273/1779/147
f 3274/1820/144 3177/1773/395 3180/1777/398
f 3275/1825/170 3172/1792/392 3276/1791/431
f 3181/1804/399 3185/1806/401 3277/1808/301
f 3278/1791/431 3170/1790/391 3279/1811/173
f 3280/1807/153 3185/1806/401 137/122/9
f 3281/1818/160 3282/1817/432 3283/1816/433
f 3284/1826/434 3285/1827/435 3286/1828/436
f 3284/1826/434 3287/1829/437 3288/1830/438
f 141/127/25 140/130/9 3289/1831/439
f 3289/1831/439 3290/1832/440 3291/1833/441
f 3289/1831/439 3292/1834/442 138/123/24
f 3292/1834/442 3293/1835/168 138/123/24
f 3292/1834/442 3289/1831/439 3291/1833/441
f 3294/1836/443 3295/1837/443 3291/1838/441
f 3294/1836/443 3296/1839/440 3297/1840/172
f 3295/1837/443 3294/1836/443 3298/1841/444
f 3295/1837/445 3299/1811/446 3300/1791/431
f 3294/1836/443 3301/1842/447 3298/1841/444
f 3295/1837/443 3302/1825/170 3292/1843/442
f 3298/1841/448 3303/1842/449 3304/1844/76
f 3298/1841/450 3305/1809/177 3306/1811/173
f 3294/1836/445 3307/1840/174 3308/1842/451
f 3304/1844/62 3309/844/62 3310/1845/452
f 3310/1845/453 3311/1846/184 3312/1847/454
f 3310/1845/452 3313/1820/184 3314/1810/62
f 3315/1848/455 3316/1849/456 142/126/26
f 3315/1848/455 142/126/26 144/123/27
f 3312/1847/457 3317/1850/217 3318/1851/458
f 3312/1847/454 3319/1780/459 3320/1820/184
f 3318/1852/458 3321/1853/189 3316/1849/456
f 3318/1851/458 3322/1784/189 3323/1779/217
f 3316/1849/456 3324/1854/191 147/125/28
f 3285/1827/435 3325/1779/147 3286/1828/436
f 3285/1827/435 3284/1826/434 3288/1830/438
f 3326/1855/460 3327/1856/461 3328/112/462
f 3326/1855/460 3329/1857/161 3330/1858/149
f 3327/1856/461 3326/1855/460 3288/1859/438
f 3327/1856/461 3331/1860/463 3332/111/464
f 3333/1784/149 3334/1779/162 3285/1827/435
f 3288/1830/438 3335/1829/437 3336/1861/149
f 3286/1828/465 3337/1820/144 3338/1862/466
f 3286/1828/436 3339/1846/467 3340/1829/437
f 3338/1862/466 3341/1810/55 3342/1863/468
f 3338/1862/466 3343/1864/469 3344/1846/156
f 3342/1863/470 3345/1811/201 3346/1865/471
f 3342/1863/468 3347/1866/472 3348/1864/473
f 3346/1865/474 3349/1825/204 3350/1867/475
f 3346/1865/474 3351/1868/476 3352/1866/201
f 3350/1869/477 3353/1870/210 127/112/17
f 3350/1869/475 3354/1871/246 3355/1872/476
f 140/130/9 3356/1873/166 3357/1832/440
f 3358/1874/408 3359/1875/478 3360/1873/165
f 3361/1876/17 3362/1877/159 3363/1875/479
f 856/1878/480 3327/1856/461 3364/111/462
f 3365/1879/481 3366/111/464 3367/1877/159
f 3368/111/464 3369/1860/463 3370/1877/159
f 856/1878/480 3371/112/462 3327/1856/461
f 3372/112/462 3373/1880/412 3374/1857/153
f 3375/1881/149 3376/1860/463 3327/1856/461
f 3289/1831/439 138/123/24 141/127/25
f 3377/1882/22 3378/1883/22 3379/1884/158
f 3380/1885/408 3381/1886/164 3382/1882/17
f 3292/1834/442 3383/1887/170 3384/1835/168
f 138/123/9 3385/1835/404 3386/1888/166
f 3318/1852/458 3316/1849/456 3315/1848/455
f 3387/1885/418 3388/1889/192 144/123/426
f 3389/1882/9 3390/1890/195 3391/1885/418
f 3350/1869/475 3392/1891/204 3393/1870/246
f 127/112/17 3394/1870/429 3395/1892/208
f 126/676/17 3396/1893/482 3397/1871/209
f 3398/1894/214 3399/1882/417 3400/1895/415
f 3401/1896/415 3402/1897/9 3403/1893/483
f 3404/1898/9 3405/1899/195 3406/1897/9
f 3407/1900/418 3408/1899/195 3409/1898/484
f 3410/1901/9 3411/1890/195 3412/1882/9
f 3316/1849/485 3413/1853/189 3414/1854/190
f 147/125/17 3415/1854/216 3416/1902/192
f 144/123/17 3417/1889/420 3418/1903/216
f 3316/1849/456 147/125/28 142/126/26
f 3419/1896/415 3420/1898/9 3421/1897/9
f 126/676/27 3422/1896/486 3423/1893/482
f 3346/1865/474 3424/1791/414 3425/1825/204
f 126/676/23 3350/1869/477 127/112/17
f 3350/1867/475 3426/1868/476 3346/1865/474
f 3342/1863/468 3427/1810/487 3428/1809/213
f 3429/1866/201 3342/1863/470 3346/1865/471
f 3430/1864/469 3338/1862/466 3342/1863/468
f 3431/1779/488 3432/1780/146 3286/1828/436
f 3433/1858/149 3285/1904/435 3326/1855/460
f 3284/1826/434 3286/1828/436 3434/1829/437
f 3435/1857/155 3326/1855/460 3436/112/489
f 3437/1880/152 3438/112/490 3439/1895/432
f 3440/1884/159 3441/1895/409 3442/1882/17
f 3443/1882/17 3444/1886/180 3445/1883/17
f 3298/1841/448 3304/1844/76 3446/1809/177
f 3304/1844/62 3447/1810/62 3448/1809/178
f 3294/1836/443 3291/1838/441 3449/1839/440
f 3298/1841/444 3450/1811/173 3295/1837/443
f 3292/1843/442 3291/1838/441 3295/1837/443
f 140/130/9 3451/1832/440 3289/1831/439
f 3295/1837/443 3452/1791/431 3453/1825/170
f 3454/1873/166 140/130/491 3455/1874/408
f 3456/1874/408 3457/1876/17 3458/1875/479
f 138/123/492 3459/1888/166 3460/1885/405
f 3461/1879/432 3462/1877/159 3463/1876/493
f 3464/1886/164 3465/1885/406 3466/1888/407
f 3327/1856/461 3288/1859/438 3467/1881/149
f 3468/1884/433 3469/1880/160 3470/1895/432
f 3326/1905/460 3285/1827/435 3288/1830/438
f 3471/1846/144 3286/1828/465 3338/1862/466
f 3286/1828/465 3472/1780/494 3473/1820/144
f 3338/1862/466 3474/1820/156 3475/1810/55
f 3476/1811/201 3342/1863/468 3477/1809/495
f 3478/1791/414 3346/1865/471 3479/1811/201
f 3480/1895/425 127/112/424 3481/1892/208
f 3482/1895/415 3483/1892/416 3484/1894/211
f 3485/1902/496 3486/1899/497 3487/1900/418
f 3488/1894/214 3489/1901/9 3490/1882/9
f 3491/1902/192 3492/1900/418 147/125/22
f 3493/1890/193 3494/1889/215 3495/1885/419
f 3496/1850/217 3497/1861/189 3318/1851/458
f 3498/1903/216 3315/1848/455 144/123/27
f 3499/1810/62 3304/1844/62 3310/1845/452
f 3500/844/62 3304/1844/62 3501/1842/449
f 3312/1847/454 3502/1820/184 3310/1845/453
f 3310/1845/452 3503/844/62 3504/1846/184
f 3505/1780/183 3312/1847/454 3506/1779/498
f 3507/1846/184 3508/1906/183 3312/1847/454
f 3312/1847/457 3318/1851/458 3509/1779/185
f 3510/1850/217 3312/1847/454 3511/1906/183
f 3512/1903/499 3513/1907/189 3315/1848/455
f 126/676/23 3514/1871/210 3350/1869/477
f 3315/1848/455 3515/1907/189 3318/1852/458
f 3516/1826/434 3517/1827/435 3518/1828/436
f 3516/1826/434 3519/1829/437 3520/1830/438
f 106/547/9 3521/549/500 3522/1908/439
f 3522/1908/439 3523/1909/440 3524/1910/441
f 3522/1908/439 3525/1911/442 114/101/21
f 3525/1911/442 3526/1912/167 114/101/21
f 3525/1911/442 3522/1908/439 3524/1910/441
f 3527/1836/443 3528/1837/443 3524/1838/441
f 3527/1836/443 3529/1839/440 3530/1840/172
f 3528/1837/443 3527/1836/443 3531/1841/444
f 3528/1837/445 3532/1811/446 3533/1791/431
f 3527/1836/443 3534/1842/447 3531/1841/444
f 3528/1837/443 3535/1825/170 3525/1843/442
f 3531/1841/448 3536/1842/449 3537/1844/76
f 3531/1841/450 3538/1809/177 3539/1811/173
f 3527/1836/445 3540/1840/431 3541/1842/447
f 3537/1844/62 3542/844/62 3543/1845/452
f 3543/1845/453 3544/1846/184 3545/1847/454
f 3543/1845/452 3546/1820/184 3547/1810/62
f 3548/1913/501 3549/1914/456 706/93/22
f 3548/1913/501 706/93/22 3550/101/502
f 3545/1847/457 3551/1850/217 3552/1851/458
f 3545/1847/454 3553/1780/459 3554/1820/184
f 3552/1915/458 3555/1916/189 3549/1914/456
f 3552/1851/458 3556/1784/189 3557/1779/217
f 3549/1914/456 3558/1917/191 3559/92/502
f 3517/1827/435 3560/1779/147 3518/1828/436
f 3517/1827/435 3516/1826/434 3520/1830/438
f 3561/1918/460 3562/1919/461 151/105/30
f 3561/1918/460 3563/1920/161 3564/1921/149
f 3562/1919/461 3561/1918/460 3520/1922/438
f 3562/1919/461 3565/1923/463 3566/106/464
f 3567/1784/149 3568/1779/162 3517/1827/435
f 3520/1830/438 3569/1829/437 3570/1861/149
f 3518/1828/465 3571/1820/144 3572/1862/466
f 3518/1828/436 3573/1846/467 3574/1829/437
f 3572/1862/466 3575/1810/55 3576/1863/468
f 3572/1862/466 3577/1864/469 3578/1846/156
f 3576/1863/470 3579/1811/201 3580/1865/471
f 3576/1863/468 3581/1866/472 3582/1864/473
f 3580/1865/474 3583/1825/204 3584/1867/475
f 3580/1865/474 3585/1868/476 3586/1866/201
f 3584/1924/503 3587/1925/210 118/105/17
f 3584/1924/475 3588/1926/246 3589/1927/476
f 3590/135/504 3591/1928/482 3592/1926/209
f 3593/1929/415 3594/1930/9 3595/1928/505
f 706/93/22 3549/1914/456 3596/92/502
f 3597/1931/419 3598/1932/496 3599/1933/193
f 3549/1914/485 3600/1916/189 3601/1917/190
f 3602/92/506 3603/1917/216 3604/1932/192
f 3605/101/502 3606/1934/420 3607/1935/191
f 3608/1936/419 3609/1937/193 3610/1934/215
f 3611/1933/195 3612/1930/9 3613/1938/9
f 3614/1939/9 3615/1940/9 3616/1937/195
f 3617/1931/418 3618/1933/195 3619/1938/484
f 3620/135/507 3584/1924/503 118/105/17
f 3621/1929/486 3622/1928/482 3623/135/504
f 118/105/27 3624/1925/508 3625/1941/208
f 151/105/30 3562/1919/461 149/1942/29
f 3626/1943/432 3627/1944/152 151/105/411
f 3628/1939/17 3629/1945/159 3630/1943/409
f 106/547/9 3522/1908/439 114/101/21
f 3525/1911/442 3631/1946/170 3632/1912/168
f 114/101/20 3633/1912/404 3634/1947/166
f 3635/1791/431 3636/1825/170 3528/1837/443
f 3637/1948/164 3638/1939/27 3639/1936/408
f 3640/1949/408 3641/1950/478 3642/1951/165
f 3643/1952/17 3644/1953/159 3645/1950/479
f 3646/1954/432 3647/1953/159 3648/1952/493
f 3649/1955/22 3650/1945/158 3651/1939/22
f 3652/106/464 3653/1923/463 3654/1953/159
f 3655/106/462 149/1942/29 3562/1919/461
f 3656/1956/149 3562/1919/461 3520/1922/438
f 3657/1943/432 3658/1945/433 3659/1944/160
f 3660/1957/214 3661/1939/417 3662/1943/415
f 3663/1938/9 3664/1930/9 3665/1929/415
f 3666/1925/206 3584/1924/475 3667/1958/204
f 3668/135/504 3669/1926/210 3584/1924/477
f 3584/1867/475 3670/1868/476 3580/1865/474
f 3576/1863/468 3671/1810/487 3672/1809/213
f 3673/1866/201 3576/1863/470 3580/1865/471
f 3674/1864/469 3572/1862/466 3576/1863/468
f 3675/1779/488 3676/1780/146 3518/1828/436
f 3677/1921/149 3517/1959/435 3561/1918/460
f 3516/1826/434 3518/1828/436 3678/1829/437
f 3679/1920/155 3561/1918/460 151/105/30
f 3680/1944/412 3681/1920/155 151/105/9
f 3682/1939/27 3683/1948/180 3684/1955/27
f 3685/1947/407 3686/1948/164 3687/1936/406
f 3531/1841/448 3537/1844/76 3688/1809/177
f 3537/1844/62 3689/1810/62 3690/1809/178
f 3527/1836/443 3524/1838/441 3691/1839/440
f 3531/1841/444 3692/1811/173 3528/1837/443
f 3525/1843/442 3524/1838/441 3528/1837/443
f 3693/549/509 3694/1909/440 3522/1908/439
f 3695/1951/166 3696/549/500 3697/1949/408
f 3698/1909/440 3699/549/509 3700/1951/166
f 3701/1949/408 3702/1952/17 3703/1950/479
f 3704/1936/405 114/101/20 3705/1947/166
f 3706/106/464 3707/1953/159 3708/1954/481
f 3709/1956/149 3710/1923/463 3562/1919/461
f 3561/1905/460 3517/1827/435 3520/1830/438
f 3711/1846/144 3518/1828/465 3572/1862/466
f 3518/1828/465 3712/1780/494 3713/1820/144
f 3572/1862/466 3714/1820/156 3715/1810/55
f 3716/1811/201 3576/1863/468 3717/1809/495
f 3718/1791/414 3580/1865/471 3719/1811/201
f 3720/1957/211 3721/1943/415 3722/1941/416
f 3723/1940/9 3724/1939/9 3725/1957/214
f 3726/1932/192 3727/1931/418 3728/92/506
f 3729/1936/418 3730/1939/9 3731/1937/195
f 3552/1915/458 3549/1914/456 3548/1913/501
f 3732/1936/418 3733/1934/192 3734/101/510
f 3735/1850/217 3736/1861/189 3552/1851/458
f 3737/1935/216 3548/1913/501 3738/101/506
f 3739/1810/62 3537/1844/62 3543/1845/452
f 3740/1941/208 3741/1943/425 118/105/27
f 3742/844/62 3537/1844/62 3743/1842/449
f 3545/1847/454 3744/1820/184 3543/1845/453
f 3543/1845/452 3745/844/62 3746/1846/184
f 3747/1780/183 3545/1847/454 3748/1779/498
f 3749/1846/184 3750/1906/183 3545/1847/454
f 3545/1847/457 3552/1851/458 3751/1779/185
f 3752/1850/217 3545/1847/454 3753/1906/183
f 3754/1935/499 3755/1960/189 3548/1913/455
f 3756/1825/204 3580/1865/474 3757/1791/205
f 3548/1913/501 3758/1960/189 3552/1915/458
f 3759/1961/511 3760/1962/164 3761/1963/17
f 3762/1964/512 3763/1965/144 3764/1966/55
f 3765/1967/223 3766/1968/146 3767/1964/512
f 3768/1969/147 3769/1968/146 3770/1967/147
f 3771/1970/149 3772/1967/223 3773/1971/513
f 3774/1972/155 3775/1973/513 3776/1974/152
f 3777/1975/164 3778/1976/165 3779/1962/164
f 3780/1977/514 3781/1978/168 3782/1976/166
f 3783/1979/170 3784/1980/170 3785/1978/181
f 3786/1981/515 3787/1982/431 3788/1983/170
f 3789/1984/173 3790/1982/431 3791/1981/515
f 3792/1985/178 3793/1984/316 3794/1986/178
f 3795/1987/62 3796/1986/177 3797/1988/516
f 3798/1989/184 3799/1988/516 3800/1990/459
f 3801/1989/184 3802/1990/459 3803/1991/459
f 3804/1990/183 3805/1992/517 3806/1993/217
f 3807/1994/517 3808/1995/190 3809/1996/189
f 3810/1995/190 3811/1997/190 3812/1996/189
f 3813/1998/518 3814/1999/192 3815/1995/216
f 3816/2000/193 3817/1999/192 3818/1998/518
f 3819/2001/9 3820/2000/195 3821/2002/9
f 3822/2001/9 3823/2002/9 3824/2003/214
f 3825/2004/211 3826/2003/211 3827/1974/212
f 3828/2004/211 3829/1974/212 3830/2005/212
f 3831/2006/519 3832/2007/204 3833/2008/204
f 3834/2009/213 3835/1966/55 3836/2010/55
f 3837/2011/213 3838/1966/55 3839/2009/213
f 3840/2011/200 3841/2009/200 3842/2012/472
f 3843/2011/200 3844/2012/472 3845/2013/472
f 3846/2012/201 3847/2014/203 3848/2013/201
f 3849/2014/203 3850/2006/203 3851/2013/201
f 3852/2007/204 3853/2006/205 3854/2014/205
f 3855/2015/204 3856/2016/204 3857/2017/246
f 3858/2015/204 3859/2017/246 3860/2018/246
f 3861/2017/209 3862/2005/208 3863/2018/209
f 3864/2005/208 3865/1974/208 3866/2018/209
f 3867/2004/214 3868/2001/9 3869/2003/214
f 3870/2002/9 3871/2000/193 3872/1998/518
f 3873/2019/189 3874/1993/217 3875/1992/517
f 3876/1993/185 3877/1991/520 3878/1990/520
f 3879/1988/516 3880/1989/184 3881/1987/62
f 3882/1986/178 3883/1987/62 3884/1985/178
f 3885/1981/515 3886/1986/177 3887/1984/173
f 3888/2020/170 3889/1983/170 3890/1982/172
f 3891/1978/168 3892/1977/514 3893/1979/170
f 3894/1976/166 3895/1975/164 3896/1977/514
f 3897/1962/164 3898/1961/511 3899/1975/164
f 3900/1966/55 3901/1965/156 3902/2010/55
f 3903/1963/17 3904/2021/521 3905/1961/511
f 3906/2022/159 3907/2021/521 3908/1963/17
f 3909/1974/160 3910/2021/521 3911/2022/159
f 3912/1974/160 3913/2022/159 3914/2023/160
f 3915/1974/152 3916/2023/152 3917/1972/153
f 3918/1973/513 3919/1972/155 3920/2024/149
f 3921/1967/162 3922/1970/149 3923/1969/162
f 3924/1965/144 3925/1964/512 3926/1968/146
f 3927/1997/191 3928/1995/191 3929/1999/192
f 3930/2025/511 3931/2026/164 3932/2027/17
f 3933/1964/512 3934/1965/144 3935/1966/55
f 3936/1967/147 3937/1968/146 3938/1964/512
f 3939/1969/147 3940/1968/146 3941/1967/147
f 3942/1970/149 3943/1967/223 3944/1971/513
f 3945/2028/155 3946/2029/513 3947/2030/152
f 3948/2031/164 3949/2032/165 3950/2026/164
f 3951/2033/514 3952/2034/168 3953/2032/166
f 3954/2035/170 3955/2036/170 3956/2034/181
f 3957/1981/515 3958/1982/431 3959/1983/170
f 3960/1984/173 3961/1982/431 3962/1981/515
f 3963/1985/178 3964/1984/316 3965/1986/178
f 3966/1987/62 3967/1986/177 3968/1988/516
f 3969/1989/184 3970/1988/516 3971/1990/183
f 3972/1989/184 3973/1990/459 3974/1991/459
f 3975/1990/183 3976/1992/517 3977/1993/217
f 3978/2037/517 3979/2038/190 3980/2039/189
f 3981/2038/190 3982/2040/190 3983/2039/189
f 3984/2041/518 3985/2042/192 3986/2038/216
f 3987/2043/193 3988/2042/192 3989/2041/518
f 3990/2044/9 3991/2043/195 3992/2045/9
f 3993/2044/9 3994/2045/9 3995/2046/214
f 3996/2047/240 3997/2046/240 3998/2030/212
f 3999/2047/211 4000/2030/212 4001/2048/212
f 4002/2006/519 4003/2007/204 4004/2008/204
f 4005/2009/213 4006/1966/55 4007/2010/55
f 4008/2011/213 4009/1966/55 4010/2009/213
f 4011/2011/200 4012/2009/200 4013/2012/472
f 4014/2011/522 4015/2012/472 4016/2013/472
f 4017/2012/201 4018/2014/203 4019/2013/201
f 4020/2014/203 4021/2006/203 4022/2013/201
f 4023/2007/204 4024/2006/205 4025/2014/205
f 4026/2049/204 4027/2050/204 4028/2051/246
f 4029/2049/204 4030/2051/246 4031/2052/246
f 4032/2051/209 4033/2048/208 4034/2052/209
f 4035/2048/208 4036/2030/208 4037/2052/209
f 4038/2047/214 4039/2044/9 4040/2046/214
f 4041/2045/9 4042/2043/193 4043/2041/518
f 4044/2019/189 4045/1993/217 4046/1992/517
f 4047/1993/185 4048/1991/520 4049/1990/520
f 4050/1988/516 4051/1989/184 4052/1987/282
f 4053/1986/177 4054/1987/76 4055/1985/177
f 4056/1981/515 4057/1986/177 4058/1984/173
f 4059/2020/170 4060/1983/170 4061/1982/172
f 4062/2034/181 4063/2033/514 4064/2035/170
f 4065/2032/166 4066/2031/164 4067/2033/514
f 4068/2026/164 4069/2025/511 4070/2031/164
f 4071/1966/55 4072/1965/156 4073/2010/55
f 4074/2027/17 4075/2053/521 4076/2025/511
f 4077/2054/159 4078/2053/521 4079/2027/17
f 4080/2030/152 4081/2053/521 4082/2054/159
f 4083/2030/160 4084/2054/159 4085/2055/160
f 4086/2030/152 4087/2055/152 4088/2028/153
f 4089/2029/513 4090/2028/155 4091/2056/149
f 4092/1967/162 4093/1970/149 4094/1969/162
f 4095/1965/144 4096/1964/512 4097/1968/146
f 4098/2040/191 4099/2038/191 4100/2042/192
f 4101/2025/511 4102/2026/164 4103/2027/27
f 4104/2057/512 4105/1989/144 4106/2058/55
f 4107/2059/147 4108/1991/146 4109/2057/512
f 4110/1993/147 4111/1991/146 4112/2059/147
f 4113/2019/149 4114/2059/223 4115/2060/513
f 4116/2028/155 4117/2029/513 4118/2030/152
f 4119/2031/180 4120/2032/165 4121/2026/180
f 4122/2033/514 4123/2034/168 4124/2032/166
f 4125/2035/170 4126/2036/170 4127/2034/523
f 4128/2061/515 4129/2014/431 4130/2008/170
f 4131/2012/173 4132/2014/174 4133/2061/515
f 4134/2009/178 4135/2012/316 4136/2011/178
f 4137/2010/62 4138/2011/177 4139/2062/516
f 4140/1965/184 4141/2062/516 4142/2063/183
f 4143/1965/184 4144/2063/459 4145/1968/459
f 4146/2063/183 4147/2064/517 4148/1969/217
f 4149/2037/517 4150/2038/216 4151/2039/189
f 4152/2038/190 4153/2040/190 4154/2039/189
f 4155/2041/518 4156/2042/192 4157/2038/216
f 4158/2043/497 4159/2042/192 4160/2041/524
f 4161/2044/9 4162/2043/195 4163/2045/9
f 4164/2044/9 4165/2045/9 4166/2046/214
f 4167/2047/211 4168/2046/211 4169/2030/212
f 4170/2047/211 4171/2030/212 4172/2048/212
f 4173/2065/519 4174/2020/204 4175/1983/204
f 4176/1985/213 4177/2058/55 4178/1987/55
f 4179/1986/213 4180/2058/55 4181/1985/213
f 4182/1986/200 4183/1985/200 4184/1984/472
f 4185/1986/200 4186/1984/472 4187/2066/472
f 4188/1984/201 4189/1982/203 4190/2066/201
f 4191/1982/203 4192/2065/203 4193/2066/201
f 4194/2020/204 4195/2065/205 4196/1982/205
f 4197/2049/204 4198/2050/204 4199/2051/206
f 4200/2049/204 4201/2051/206 4202/2052/206
f 4203/2051/209 4204/2048/208 4205/2052/209
f 4206/2048/208 4207/2030/208 4208/2052/209
f 4209/2047/214 4210/2044/9 4211/2046/214
f 4212/2045/9 4213/2043/193 4214/2041/518
f 4215/1970/189 4216/1969/217 4217/2064/517
f 4218/1969/185 4219/1968/183 4220/2063/183
f 4221/2062/516 4222/1965/184 4223/2010/282
f 4224/2011/178 4225/2010/76 4226/2009/178
f 4227/2061/515 4228/2011/177 4229/2012/173
f 4230/2007/170 4231/2008/170 4232/2014/172
f 4233/2034/168 4234/2033/514 4235/2035/170
f 4236/2032/166 4237/2031/164 4238/2033/514
f 4239/2026/180 4240/2025/511 4241/2031/180
f 4242/2058/55 4243/1989/156 4244/1987/55
f 4245/2027/17 4246/2053/521 4247/2025/511
f 4248/2054/159 4249/2053/521 4250/2027/17
f 4251/2030/160 4252/2053/521 4253/2054/159
f 4254/2030/160 4255/2054/159 4256/2055/160
f 4257/2030/152 4258/2055/152 4259/2028/153
f 4260/2029/513 4261/2028/155 4262/2056/149
f 4263/2059/162 4264/2019/149 4265/1993/162
f 4266/1989/225 4267/2057/525 4268/1991/146
f 4269/2040/191 4270/2038/191 4271/2042/192
f 4272/1961/511 4273/1962/164 4274/1963/17
f 4275/2057/512 4276/1989/144 4277/2058/55
f 4278/2059/147 4279/1991/146 4280/2057/512
f 4281/1993/147 4282/1991/146 4283/2059/147
f 4284/2019/149 4285/2059/223 4286/2060/513
f 4287/1972/155 4288/1973/513 4289/1974/152
f 4290/1975/164 4291/1976/165 4292/1962/164
f 4293/1977/514 4294/1978/168 4295/1976/166
f 4296/1979/170 4297/1980/170 4298/1978/523
f 4299/2061/515 4300/2014/431 4301/2008/526
f 4302/2012/173 4303/2014/174 4304/2061/515
f 4305/2009/178 4306/2012/316 4307/2011/178
f 4308/2010/62 4309/2011/177 4310/2062/516
f 4311/1965/184 4312/2062/516 4313/2063/459
f 4314/1965/184 4315/2063/459 4316/1968/459
f 4317/2063/183 4318/2064/517 4319/1969/217
f 4320/1994/517 4321/1995/190 4322/1996/189
f 4323/1995/190 4324/1997/190 4325/1996/189
f 4326/1998/518 4327/1999/192 4328/1995/216
f 4329/2000/193 4330/1999/192 4331/1998/518
f 4332/2001/9 4333/2000/195 4334/2002/9
f 4335/2001/9 4336/2002/9 4337/2003/214
f 4338/2004/211 4339/2003/211 4340/1974/212
f 4341/2004/211 4342/1974/212 4343/2005/212
f 4344/2065/519 4345/2020/204 4346/1983/204
f 4347/1985/213 4348/2058/55 4349/1987/55
f 4350/1986/213 4351/2058/55 4352/1985/213
f 4353/1986/200 4354/1985/200 4355/1984/472
f 4356/1986/200 4357/1984/472 4358/2066/472
f 4359/1984/201 4360/1982/203 4361/2066/201
f 4362/1982/203 4363/2065/203 4364/2066/201
f 4365/2020/204 4366/2065/205 4367/1982/205
f 4368/2015/204 4369/2016/204 4370/2017/206
f 4371/2015/204 4372/2017/206 4373/2018/206
f 4374/2017/209 4375/2005/208 4376/2018/209
f 4377/2005/208 4378/1974/208 4379/2018/209
f 4380/2004/214 4381/2001/9 4382/2003/214
f 4383/2002/9 4384/2000/193 4385/1998/518
f 4386/1970/189 4387/1969/217 4388/2064/517
f 4389/1969/185 4390/1968/183 4391/2063/183
f 4392/2062/516 4393/1965/184 4394/2010/62
f 4395/2011/178 4396/2010/62 4397/2009/178
f 4398/2061/515 4399/2011/177 4400/2012/173
f 4401/2007/170 4402/2008/170 4403/2014/172
f 4404/1978/168 4405/1977/514 4406/1979/170
f 4407/1976/166 4408/1975/164 4409/1977/514
f 4410/1962/180 4411/1961/511 4412/1975/180
f 4413/2058/55 4414/1989/156 4415/1987/55
f 4416/1963/17 4417/2021/521 4418/1961/511
f 4419/2022/159 4420/2021/521 4421/1963/17
f 4422/1974/160 4423/2021/521 4424/2022/159
f 4425/1974/160 4426/2022/159 4427/2023/160
f 4428/1974/152 4429/2023/152 4430/1972/153
f 4431/1973/513 4432/1972/155 4433/2024/149
f 4434/2059/162 4435/2019/149 4436/1993/162
f 4437/1989/144 4438/2057/512 4439/1991/146
f 4440/1997/191 4441/1995/191 4442/1999/192
f 891/702/11 900/716/11 4443/725/527
f 4444/2067/528 4445/2068/528 4446/2069/529
f 4446/2069/530 4447/2068/528 4448/2070/529
f 4449/2071/531 4450/2072/529 4451/2073/531
f 4452/2073/531 1120/810/62 4449/2071/531
f 4453/2074/532 4444/2067/528 891/711/11
f 4454/2073/531 4455/815/62 1120/810/62
f 4456/2068/533 4444/2067/534 4457/2074/532
f 4458/2072/529 4449/2071/531 4446/2075/529
f 4459/2076/535 4460/2077/19 897/713/11
f 4459/2076/535 4461/2078/536 4462/2079/537
f 4463/2080/538 896/717/11 4444/2081/528
f 4463/2082/538 898/714/11 896/712/11
f 4464/2083/539 4446/2075/529 4465/2084/540
f 4464/2085/539 4444/2081/528 4446/2086/529
f 4466/2087/541 4462/2079/537 4467/2088/542
f 4466/2087/541 4468/2089/543 4462/2079/537
f 4469/2090/544 4449/2071/531 1120/810/62
f 4469/2090/544 4470/2091/545 4449/2071/531
f 4471/2092/546 4472/2093/547 4467/2088/542
f 4471/2092/546 4473/2094/548 4472/2093/547
f 4473/2094/548 2872/1529/216 2870/1527/192
f 2878/1454/217 4471/2095/546 4470/2091/545
f 4474/2096/549 4467/2088/542 4462/2079/537
f 4474/2096/549 4463/2082/538 4464/2097/539
f 4471/2095/546 4467/2098/542 4470/2091/545
f 4472/2093/547 4473/2094/548 4466/2087/541
f 4472/2093/547 4466/2087/541 4467/2088/542
f 4468/2089/543 4460/2077/19 4462/2079/537
f 4465/2084/540 4446/2075/529 4449/2071/531
f 4465/2099/540 4467/2088/542 4474/2096/549
f 4470/2091/545 2887/1458/183 2878/1454/217
f 2883/1456/184 4469/2090/544 1120/810/62
f 4462/2079/537 4461/2078/536 4474/2096/549
f 4462/2079/537 4460/2077/19 4459/2076/535
f 4474/2096/549 4461/2078/536 4463/2082/538
f 899/715/11 4459/2076/535 897/713/11
f 4470/2091/545 4465/2084/540 4449/2071/531
f 2877/1453/189 4471/2095/546 2878/1454/217
f 4463/2082/538 4444/2067/528 4464/2097/539
f 896/712/11 891/711/11 4444/2067/528
f 899/715/11 898/714/11 4463/2082/538
f 4463/2082/538 4461/2078/536 899/715/11
f 4459/2076/535 899/715/11 4461/2078/536
f 4460/2077/19 4468/2089/543 886/698/9
f 4465/2084/540 4470/2091/545 4467/2098/542
f 4468/2089/543 2867/1525/193 886/698/9
f 4468/2089/543 4473/2094/548 2867/1525/193
f 4466/2087/541 4473/2094/548 4468/2089/543
f 4473/2094/548 2877/1531/189 2872/1529/216
f 2887/1458/183 4470/2091/545 4469/2090/544
f 2883/1456/184 2887/1458/183 4469/2090/544
f 2877/1531/189 4473/2094/548 4471/2092/546
f 2870/1527/192 2867/1525/193 4473/2094/548
f 4474/2096/549 4464/2097/539 4465/2099/540
f 894/705/11 897/713/11 4475/2100/19
f 4475/2100/19 897/713/11 4460/2077/19
f 888/699/9 4475/2100/19 4460/2077/19
f 4460/2077/19 886/698/9 888/699/9
f 4476/2101/550 4475/2100/19 4477/2102/551
f 4476/2101/550 894/705/11 4475/2100/19
f 4478/2103/552 895/709/11 893/704/52
f 4478/2103/552 4479/2104/553 4480/2105/554
f 4480/2106/554 4481/2107/555 4482/2108/556
f 4480/2105/554 4479/2104/553 4483/2109/557
f 4484/2110/558 4477/2102/551 4485/2111/559
f 4484/2110/558 4486/2112/560 4487/2113/561
f 4488/2114/562 4489/2115/563 4490/2116/564
f 4488/2114/562 1028/811/55 4489/2115/563
f 4491/2117/565 4486/2112/560 4492/2118/566
f 4491/2119/565 4490/2116/564 4486/2120/560
f 4492/2118/566 2847/1518/210 2844/1523/204
f 4492/2118/566 4485/2111/559 2850/1520/211
f 4479/2104/553 4487/2113/561 4483/2109/557
f 4479/2104/553 4493/2121/567 4477/2102/551
f 4484/2110/558 4487/2113/561 4477/2102/551
f 4486/2120/560 4490/2116/564 4487/2122/561
f 4485/2111/559 4477/2102/551 4475/2100/19
f 4492/2118/566 2848/1519/212 2847/1518/210
f 4483/2123/557 4481/2124/555 4480/2125/554
f 4483/2123/557 4489/2115/563 4481/2124/555
f 4488/2114/562 2837/1430/201 2836/1429/200
f 4492/2118/566 4486/2112/560 4484/2110/558
f 4477/2102/551 4493/2121/567 4476/2101/550
f 4477/2102/551 4487/2113/561 4479/2104/553
f 4493/2121/567 4478/2103/552 892/703/11
f 889/710/11 4478/2103/552 4482/2126/556
f 4478/2103/552 4480/2105/554 4482/2126/556
f 4487/2122/561 4490/2116/564 4483/2123/557
f 892/703/11 894/705/11 4476/2101/550
f 4493/2121/567 892/703/11 4476/2101/550
f 895/709/11 4478/2103/552 889/710/11
f 888/699/9 4485/2111/559 4475/2100/19
f 4493/2121/567 4479/2104/553 4478/2103/552
f 4491/2119/565 2844/1435/204 2839/1432/202
f 4488/2114/562 4490/2116/564 2837/1430/201
f 4491/2117/565 4492/2118/566 2844/1523/204
f 4488/2114/562 2836/1429/200 1028/811/55
f 4483/2123/557 4490/2116/564 4489/2115/563
f 4491/2119/565 2839/1432/202 4490/2116/564
f 4485/2111/559 4492/2118/566 4484/2110/558
f 2848/1519/212 4492/2118/566 2850/1520/211
f 2850/1520/211 4485/2111/559 888/699/9
f 2837/1430/201 4490/2116/564 2839/1432/202
f 892/703/11 4478/2103/552 893/704/52
f 889/700/11 4494/2127/556 890/701/11
f 889/700/11 4482/2108/556 4494/2127/556
f 4482/2126/556 4481/2128/555 4495/2129/555
f 4494/2127/556 4482/2108/556 4495/2130/555
f 4489/2115/563 1028/811/55 1030/812/55
f 4496/2131/563 4489/2115/563 1030/812/55
f 4496/2131/563 4481/2124/555 4489/2115/563
f 4495/2132/555 4481/2124/555 4496/2131/563
f 905/721/6 4497/701/6 4498/2133/252
f 4499/701/6 4500/2127/568 4498/2133/568
f 4501/2127/248 4502/2130/250 4503/2134/250
f 4498/2133/248 4504/2127/248 4503/2134/250
f 4505/2135/569 4496/2131/563 987/786/60
f 987/786/60 4496/2131/563 1030/812/55
f 4505/2135/569 4506/2132/250 4496/2131/563
f 4503/2136/250 4507/2132/250 4505/2135/570
f 920/743/16 4508/721/13 4509/2133/571
f 4510/2137/572 920/743/16 4511/2133/571
f 4512/2134/573 4510/2137/574 4513/2133/572
f 4514/2138/573 4515/2139/573 4510/2140/572
f 4505/2135/569 4516/2071/575 4515/2075/573
f 4516/2071/575 4505/2135/569 987/786/60
f 1027/810/55 4516/2071/575 987/786/60
f 4515/2075/573 4517/2136/573 4505/2135/569
f 4518/2141/576 4519/2142/18 921/733/13
f 4518/2141/576 4520/2143/577 4521/2144/578
f 4522/2145/579 923/735/13 4510/2137/572
f 4522/2146/579 924/739/53 923/738/13
f 4523/2083/580 4515/2075/573 4524/2084/581
f 4523/2147/580 4510/2137/572 4515/2148/573
f 4525/2149/582 4521/2144/578 4526/2150/583
f 4525/2149/582 4527/2151/584 4521/2144/578
f 4528/2090/585 4516/2071/575 1027/810/55
f 4528/2090/585 4529/2091/586 4516/2071/575
f 4530/2152/587 4531/2153/588 4526/2150/583
f 4530/2152/587 4532/2154/589 4531/2153/588
f 4532/2154/589 2811/1513/155 2809/1511/152
f 2817/1454/223 4530/2095/587 4529/2091/586
f 4533/2155/590 4526/2150/583 4521/2144/578
f 4533/2155/590 4522/2146/579 4523/2156/580
f 4530/2095/587 4526/2098/583 4529/2091/586
f 4531/2153/588 4532/2154/589 4525/2149/582
f 4531/2153/588 4525/2149/582 4526/2150/583
f 4527/2151/584 4519/2142/18 4521/2144/578
f 4524/2084/581 4515/2075/573 4516/2071/575
f 4524/2157/581 4526/2150/583 4533/2155/590
f 4529/2091/586 2823/1458/146 2817/1454/223
f 2821/1456/144 4528/2090/585 1027/810/55
f 4521/2144/578 4520/2143/577 4533/2155/590
f 4521/2144/578 4519/2142/18 4518/2141/576
f 4533/2155/590 4520/2143/577 4522/2146/579
f 925/740/13 4518/2141/576 921/733/13
f 4529/2091/586 4524/2084/581 4516/2071/575
f 2816/1453/149 4530/2095/587 2817/1454/223
f 4522/2146/579 4510/2140/572 4523/2156/580
f 923/738/13 920/732/16 4510/2140/572
f 925/740/13 924/739/53 4522/2146/579
f 4522/2146/579 4520/2143/577 925/740/13
f 4518/2141/576 925/740/13 4520/2143/577
f 4519/2142/18 4527/2151/584 935/752/17
f 4524/2084/581 4529/2091/586 4526/2098/583
f 4527/2151/584 2806/1509/159 935/752/17
f 4527/2151/584 4532/2154/589 2806/1509/159
f 4525/2149/582 4532/2154/589 4527/2151/584
f 4532/2154/589 2816/1515/149 2811/1513/155
f 2823/1458/146 4529/2091/586 4528/2090/585
f 2821/1456/144 2823/1458/146 4528/2090/585
f 2816/1515/149 4532/2154/589 4530/2152/587
f 2809/1511/152 2806/1509/159 4532/2154/589
f 4533/2155/590 4523/2156/580 4524/2157/581
f 922/734/13 921/733/13 4534/2158/18
f 4534/2158/18 921/733/13 4519/2142/18
f 936/753/17 4534/2158/18 4519/2142/18
f 4519/2142/18 935/752/17 936/753/17
f 4535/2159/591 4534/2158/18 4536/2160/592
f 4535/2159/591 922/734/13 4534/2158/18
f 4537/2161/593 932/749/54 931/745/16
f 4537/2161/593 4538/2162/594 4539/2163/595
f 4539/2164/595 4540/2165/596 4541/2166/597
f 4539/2163/595 4538/2162/594 4542/2167/598
f 4543/2168/599 4536/2160/592 4544/2169/600
f 4543/2168/599 4545/2170/601 4546/2171/602
f 4547/2114/603 4548/2115/604 4549/2116/605
f 4547/2114/603 1108/811/62 4548/2115/604
f 4550/2172/606 4545/2170/601 4551/2173/607
f 4550/2119/606 4549/2116/605 4545/2120/601
f 4551/2173/607 2787/1500/168 2784/1507/170
f 4551/2173/607 4544/2169/600 2794/1505/164
f 4538/2162/594 4546/2171/602 4542/2167/598
f 4538/2162/594 4552/2174/608 4536/2160/592
f 4543/2168/599 4546/2171/602 4536/2160/592
f 4545/2120/601 4549/2116/605 4546/2122/602
f 4544/2169/600 4536/2160/592 4534/2158/18
f 4551/2173/607 2790/1503/166 2787/1500/168
f 4542/2123/598 4540/2124/596 4539/2125/595
f 4542/2123/598 4548/2115/604 4540/2124/596
f 4547/2114/603 2778/1430/173 2777/1429/177
f 4551/2173/607 4545/2170/601 4543/2168/599
f 4536/2160/592 4552/2174/608 4535/2159/591
f 4536/2160/592 4546/2171/602 4538/2162/594
f 4552/2174/608 4537/2161/593 930/744/13
f 926/741/13 4537/2161/593 4541/2175/597
f 4537/2161/593 4539/2163/595 4541/2175/597
f 4546/2122/602 4549/2116/605 4542/2123/598
f 930/744/13 922/734/13 4535/2159/591
f 4552/2174/608 930/744/13 4535/2159/591
f 932/749/54 4537/2161/593 926/741/13
f 936/753/17 4544/2169/600 4534/2158/18
f 4552/2174/608 4538/2162/594 4537/2161/593
f 4550/2119/606 2784/1435/170 2780/1432/220
f 4547/2114/603 4549/2116/605 2778/1430/173
f 4550/2172/606 4551/2173/607 2784/1507/170
f 4547/2114/603 2777/1429/177 1108/811/62
f 4542/2123/598 4549/2116/605 4548/2115/604
f 4550/2119/606 2780/1432/220 4549/2116/605
f 4544/2169/600 4551/2173/607 4543/2168/599
f 2790/1503/166 4551/2173/607 2794/1505/164
f 2794/1505/164 4544/2169/600 936/753/17
f 2778/1430/173 4549/2116/605 2780/1432/220
f 930/744/13 4537/2161/593 931/745/16
f 1108/811/62 4553/814/62 4554/2176/604
f 4548/2115/604 1108/811/62 4555/2176/604
f 4556/2177/596 4548/2115/604 4557/2176/604
f 4558/729/609 926/742/609 4559/730/610
f 4541/2175/597 4560/2178/611 926/741/13
f 4541/2175/612 4561/2179/613 4562/2178/611
f 4541/2175/597 4540/2180/596 4563/2179/597
f 4564/2179/597 4540/2180/596 4565/2181/596
f 4548/2115/604 4566/2177/596 4540/2124/596
f 1054/786/61 1095/810/62 4567/2071/531
f 4568/2135/531 1054/786/61 4567/2071/531
f 4569/2075/529 4568/2135/531 4567/2071/531
f 598/474/11 605/471/11 4570/2182/528
f 4571/2183/528 598/474/11 4570/2182/528
f 4572/2184/529 4571/2183/528 4570/2182/528
f 4572/2185/529 4569/2186/529 4571/2187/528
f 4568/2135/531 4569/2075/529 4572/2136/529
f 1052/812/63 1054/786/61 4573/2131/614
f 4573/2131/614 1054/786/61 4568/2135/531
f 4574/2132/255 4573/2131/614 4568/2135/531
f 4575/471/6 610/481/6 4576/2182/254
f 4577/2182/254 610/481/615 4578/2188/254
f 4579/2184/255 4580/2182/256 4578/2188/256
f 4574/2189/255 4581/2184/255 4578/2188/256
f 4568/2135/531 4582/2136/255 4574/2132/255
f 4583/2190/535 4584/2191/19 599/462/11
f 4583/2190/535 4585/2192/536 4586/2193/537
f 4587/2194/538 601/464/11 4571/2183/528
f 4587/2195/538 602/468/11 601/467/11
f 4588/2083/539 4569/2075/529 4589/2084/540
f 4588/2196/539 4571/2183/528 4569/2197/529
f 4590/2198/541 4586/2193/537 4591/2199/542
f 4590/2198/541 4592/2200/616 4586/2193/537
f 4593/2090/544 4567/2071/531 1095/810/62
f 4593/2090/544 4594/2091/545 4567/2071/531
f 4595/2201/546 4596/2202/547 4591/2199/542
f 4595/2201/546 4597/2203/548 4596/2202/547
f 4597/2203/548 2630/1449/216 2628/1447/192
f 2636/1454/217 4595/2095/546 4594/2091/545
f 4598/2204/549 4591/2199/542 4586/2193/537
f 4598/2204/549 4587/2195/538 4588/2205/539
f 4595/2095/546 4591/2098/542 4594/2091/545
f 4596/2202/547 4597/2203/548 4590/2198/541
f 4596/2202/547 4590/2198/541 4591/2199/542
f 4592/2200/616 4584/2191/19 4586/2193/537
f 4589/2084/540 4569/2075/529 4567/2071/531
f 4589/2206/540 4591/2199/542 4598/2204/549
f 4594/2091/545 2645/1458/183 2636/1454/217
f 2641/1456/184 4593/2090/544 1095/810/62
f 4586/2193/537 4585/2192/536 4598/2204/549
f 4586/2193/537 4584/2191/19 4583/2190/535
f 4598/2204/549 4585/2192/536 4587/2195/538
f 603/469/11 4583/2190/535 599/462/11
f 4594/2091/545 4589/2084/540 4567/2071/531
f 2635/1453/189 4595/2095/546 2636/1454/217
f 4587/2195/538 4571/2187/528 4588/2205/539
f 601/467/11 598/461/11 4571/2187/528
f 603/469/11 602/468/11 4587/2195/538
f 4587/2195/538 4585/2192/536 603/469/11
f 4583/2190/535 603/469/11 4585/2192/536
f 4584/2191/19 4592/2200/616 578/447/9
f 4589/2084/540 4594/2091/545 4591/2098/542
f 4592/2200/616 2625/1445/193 578/447/9
f 4592/2200/616 4597/2203/548 2625/1445/193
f 4590/2198/541 4597/2203/548 4592/2200/616
f 4597/2203/548 2635/1459/189 2630/1449/216
f 2645/1458/183 4594/2091/545 4593/2090/544
f 2641/1456/184 2645/1458/183 4593/2090/544
f 2635/1459/189 4597/2203/548 4595/2201/546
f 2628/1447/192 2625/1445/193 4597/2203/548
f 4598/2204/549 4588/2205/539 4589/2206/540
f 1055/811/62 1052/812/63 4599/2115/604
f 4599/2115/604 1052/812/63 4573/2131/614
f 4600/2124/596 4599/2115/604 4573/2131/614
f 4601/481/13 632/495/13 4602/2188/613
f 4603/2188/613 632/495/13 4604/2207/597
f 4605/2189/596 4606/2188/597 4604/2207/617
f 4600/2124/596 4573/2131/614 4607/2132/596
f 4604/2208/597 4600/2209/596 4608/2210/596
f 600/463/11 599/462/11 4609/2211/19
f 4609/2211/19 599/462/11 4584/2191/19
f 580/448/9 4609/2211/19 4584/2191/19
f 4584/2191/19 578/447/9 580/448/9
f 4610/2212/618 4611/2213/18 4612/2214/592
f 4610/2212/618 637/499/13 4611/2213/18
f 4613/2215/593 638/503/47 636/498/46
f 4613/2215/593 4614/2216/594 4615/2217/595
f 4615/2218/595 4600/2219/596 4604/2207/597
f 4615/2217/595 4614/2216/594 4616/2220/598
f 4617/2221/599 4612/2214/592 4618/2222/619
f 4617/2221/599 4619/2223/601 4620/2224/602
f 4621/2114/620 4599/2115/604 4622/2116/605
f 4621/2114/620 1055/811/62 4599/2115/604
f 4623/2225/606 4619/2223/601 4624/2226/607
f 4623/2119/606 4622/2116/605 4619/2120/601
f 4624/2226/607 2667/1460/168 2664/1467/170
f 4624/2226/607 4618/2222/619 2674/1465/164
f 4614/2216/594 4620/2224/602 4616/2220/598
f 4614/2216/594 4625/2227/608 4612/2214/592
f 4617/2221/599 4620/2224/602 4612/2214/592
f 4619/2120/601 4622/2116/605 4620/2122/602
f 4618/2222/619 4612/2214/592 4611/2213/18
f 4624/2226/607 2670/1463/166 2667/1460/168
f 4616/2123/598 4600/2124/596 4615/2125/595
f 4616/2123/598 4599/2115/604 4600/2124/596
f 4621/2114/620 2658/1430/173 2657/1429/177
f 4624/2226/607 4619/2223/601 4617/2221/599
f 4612/2214/592 4625/2227/608 4610/2212/618
f 4612/2214/592 4620/2224/602 4614/2216/594
f 4625/2227/608 4613/2215/593 635/497/13
f 632/504/13 4613/2215/593 4604/2208/597
f 4613/2215/593 4615/2217/595 4604/2208/597
f 4620/2122/602 4622/2116/605 4616/2123/598
f 4622/2116/605 2658/1430/173 4621/2114/620
f 4621/2114/620 2657/1429/177 1055/811/62
f 4616/2123/598 4622/2116/605 4599/2115/604
f 4622/2116/605 2660/1432/220 2658/1430/173
f 2664/1467/170 4623/2225/606 4624/2226/607
f 2660/1432/220 4622/2116/605 4623/2119/606
f 653/519/17 2674/1465/164 4618/2222/619
f 4610/2212/618 4625/2227/608 635/497/13
f 4618/2222/619 4624/2226/607 4617/2221/599
f 635/497/13 4613/2215/593 636/498/46
f 4618/2222/619 4611/2213/18 653/519/17
f 638/503/47 4613/2215/593 632/504/13
f 4625/2227/608 4614/2216/594 4613/2215/593
f 637/499/13 4610/2212/618 635/497/13
f 2660/1432/220 4623/2119/606 2664/1435/170
f 4624/2226/607 2674/1465/164 2670/1463/166
f 4626/2228/550 4609/2211/19 4627/2229/551
f 4626/2228/550 600/463/11 4609/2211/19
f 4628/2230/552 609/480/11 608/476/11
f 4628/2230/552 4629/2231/553 4630/2232/554
f 4630/2233/554 4631/2234/555 4632/2235/556
f 4630/2232/554 4629/2231/553 4633/2236/621
f 4634/2237/558 4627/2229/551 4635/2238/559
f 4634/2237/558 4636/2239/560 4637/2240/561
f 4638/2114/622 4639/2115/563 4640/2116/564
f 4638/2114/622 1189/811/55 4639/2115/563
f 4641/2241/565 4636/2239/560 4642/2242/566
f 4641/2119/565 4640/2116/564 4636/2120/560
f 4642/2242/566 2605/1438/210 2602/1443/204
f 4642/2242/566 4635/2238/559 2608/1440/211
f 4629/2231/553 4637/2240/561 4633/2236/621
f 4629/2231/553 4643/2243/623 4627/2229/551
f 4634/2237/558 4637/2240/561 4627/2229/551
f 4636/2120/560 4640/2116/564 4637/2122/561
f 4635/2238/559 4627/2229/551 4609/2211/19
f 4642/2242/566 2606/1439/208 2605/1438/210
f 4633/2123/621 4631/2124/555 4630/2125/554
f 4633/2123/621 4639/2115/563 4631/2124/555
f 4638/2114/622 2595/1430/201 2594/1429/200
f 4642/2242/566 4636/2239/560 4634/2237/558
f 4627/2229/551 4643/2243/623 4626/2228/550
f 4627/2229/551 4637/2240/561 4629/2231/553
f 4643/2243/623 4628/2230/552 607/475/11
f 604/470/11 4628/2230/552 4632/2244/556
f 4628/2230/552 4630/2232/554 4632/2244/556
f 4637/2122/561 4640/2116/564 4633/2123/621
f 607/475/11 600/463/11 4626/2228/550
f 4643/2243/623 607/475/11 4626/2228/550
f 609/480/11 4628/2230/552 604/470/11
f 580/448/9 4635/2238/559 4609/2211/19
f 4643/2243/623 4629/2231/553 4628/2230/552
f 4641/2119/565 2602/1435/204 2597/1432/202
f 4638/2114/622 4640/2116/564 2595/1430/201
f 4641/2241/565 4642/2242/566 2602/1443/204
f 4638/2114/622 2594/1429/200 1189/811/55
f 4633/2123/621 4640/2116/564 4639/2115/563
f 4641/2119/565 2597/1432/202 4640/2116/564
f 4635/2238/559 4642/2242/566 4634/2237/558
f 2606/1439/208 4642/2242/566 2608/1440/211
f 2608/1440/211 4635/2238/559 580/448/9
f 2595/1430/201 4640/2116/564 2597/1432/202
f 607/475/11 4628/2230/552 608/476/11
f 652/518/17 653/519/17 4644/2245/18
f 4644/2245/18 653/519/17 4611/2213/18
f 4611/2213/18 637/499/13 640/507/13
f 4611/2213/18 640/507/13 4644/2245/18
f 604/472/11 4645/2246/556 606/473/11
f 604/472/11 4632/2235/556 4645/2246/556
f 4632/2244/556 4631/2247/555 4646/2248/555
f 4645/2246/556 4632/2235/556 4646/2249/555
f 4639/2115/563 1189/811/55 1187/812/58
f 4647/2131/563 4639/2115/563 1187/812/58
f 4647/2131/563 4631/2124/555 4639/2115/563
f 4646/2132/555 4631/2124/555 4647/2131/563
f 4648/2250/576 4644/2245/18 640/507/13
f 4648/2250/576 4649/2251/577 4650/2252/578
f 4651/2253/579 639/512/13 4652/2254/572
f 4651/2255/579 641/508/48 639/506/13
f 4653/2083/580 4654/2075/573 4655/2084/581
f 4653/2256/580 4652/2254/572 4654/2257/573
f 4656/2258/624 4650/2252/578 4657/2259/583
f 4656/2258/624 4658/2260/625 4650/2252/578
f 4659/2090/626 4660/2071/575 1183/810/55
f 4659/2090/626 4661/2091/586 4660/2071/575
f 4662/2261/587 4663/2262/588 4657/2259/583
f 4662/2261/587 4664/2263/589 4663/2262/588
f 4664/2263/589 2691/1473/155 2689/1471/152
f 2697/1454/223 4662/2095/587 4661/2091/586
f 4665/2264/590 4657/2259/583 4650/2252/578
f 4665/2264/590 4651/2255/579 4653/2265/580
f 4662/2095/587 4657/2098/583 4661/2091/586
f 4663/2262/588 4664/2263/589 4656/2258/624
f 4663/2262/588 4656/2258/624 4657/2259/583
f 4658/2260/625 4644/2245/18 4650/2252/578
f 4655/2084/581 4654/2075/573 4660/2071/575
f 4655/2266/581 4657/2259/583 4665/2264/590
f 4661/2091/586 2703/1458/146 2697/1454/223
f 2701/1456/144 4659/2090/626 1183/810/55
f 4650/2252/578 4649/2251/577 4665/2264/590
f 4650/2252/578 4644/2245/18 4648/2250/576
f 4665/2264/590 4649/2251/577 4651/2255/579
f 642/509/13 4648/2250/576 640/507/13
f 4661/2091/586 4655/2084/581 4660/2071/575
f 2696/1453/149 4662/2095/587 2697/1454/223
f 4644/2245/18 4658/2260/625 652/518/17
f 652/518/17 4658/2260/625 2686/1469/159
f 4656/2258/624 4664/2263/589 4658/2260/625
f 2686/1469/159 4664/2263/589 2689/1471/152
f 2686/1469/159 4658/2260/625 4664/2263/589
f 2696/1475/149 2691/1473/155 4664/2263/589
f 4659/2090/626 2701/1456/144 2703/1458/146
f 2696/1475/149 4664/2263/589 4662/2261/587
f 4653/2265/580 4655/2266/581 4665/2264/590
f 4652/2267/572 639/506/13 634/505/16
f 4649/2251/577 642/509/13 4651/2255/579
f 641/508/48 4651/2255/579 642/509/13
f 642/509/13 4649/2251/577 4648/2250/576
f 4652/2267/572 4653/2265/580 4651/2255/579
f 4655/2084/581 4661/2091/586 4657/2098/583
f 4661/2091/586 4659/2090/626 2703/1458/146
f 612/482/6 4666/473/6 4667/2268/627
f 4667/2268/248 4668/2246/248 4669/2269/250
f 4669/2269/250 4670/2246/248 4671/2249/250
f 4672/2135/569 4673/2132/250 4647/2131/563
f 4647/2131/563 1187/812/58 1186/786/75
f 4672/2135/569 4647/2131/563 1186/786/75
f 4674/2246/568 4667/2268/568 4675/473/6
f 4669/2136/250 4676/2132/250 4672/2135/251
f 4672/2135/569 1186/786/75 4660/2071/575
f 4660/2071/575 1186/786/75 1183/810/55
f 4654/2075/573 4672/2135/569 4660/2071/575
f 4654/2075/573 4677/2136/573 4672/2135/569
f 4678/2268/571 634/496/13 4679/482/13
f 4680/2268/571 4652/2254/572 634/496/16
f 4681/2268/572 4682/2269/573 4652/2254/572
f 4683/2270/573 4654/2271/573 4652/2267/572
f 550/422/6 4684/494/628 4685/2272/629
f 4685/2272/629 4686/494/628 4687/2273/630
f 4688/2274/631 4685/2272/629 4687/2273/630
f 4689/2275/632 4688/2274/631 4687/2273/630
f 1158/826/70 4690/2276/633 1160/827/70
f 4691/2277/634 4689/2278/632 4690/2276/633
f 1158/826/70 4691/2277/634 4690/2276/633
f 550/422/6 548/420/6 4692/494/635
f 4688/2279/631 4689/2278/632 4691/2277/634
f 4693/2280/636 1158/826/70 1203/833/76
f 4693/2280/636 4691/2277/634 1158/826/70
f 4694/2281/637 4685/2272/629 4695/2282/255
f 4695/2283/255 4688/2279/631 4696/2284/638
f 4696/2284/638 4688/2279/631 4691/2277/634
f 4696/2284/638 4693/2280/636 1203/833/76
f 4696/2284/638 4691/2277/634 4693/2280/636
f 4685/2272/629 4688/2274/631 4695/2282/255
f 4685/2272/629 4694/2281/637 550/422/6
f 1162/828/70 1160/827/70 4697/2285/639
f 4697/2285/639 1160/827/70 4690/2276/633
f 4698/2286/640 4697/2287/639 4690/2288/633
f 622/488/13 4699/2289/641 631/2290/13
f 4700/2289/641 622/488/13 4701/2291/642
f 4689/2292/632 4702/2289/643 4701/2291/642
f 4698/2286/640 4689/2292/632 4701/2291/642
f 4698/2286/640 4690/2288/633 4689/2292/632
f 549/421/6 550/422/6 4703/2293/256
f 4703/2293/256 550/422/6 4694/2281/637
f 4704/2294/255 4703/2293/256 4694/2281/637
f 4695/2282/255 4704/2294/255 4694/2281/637
f 4695/2283/255 4705/2295/257 4704/2296/255
f 4696/2284/638 1203/833/76 1202/832/62
f 4696/2284/638 4705/2295/257 4695/2283/255
f 1202/832/62 4705/2295/257 4696/2284/638
f 4706/2297/644 4701/2291/642 627/492/13
f 4706/2297/644 4698/2286/640 4701/2291/642
f 4707/2298/645 4708/2299/646 4709/2300/647
f 4707/2298/645 4697/2287/639 4708/2299/646
f 4709/2300/647 2719/1480/227 2717/1478/226
f 4709/2300/647 4710/2301/18 645/513/17
f 4706/2297/644 4708/2299/646 4698/2286/640
f 4711/2302/648 4710/2301/18 4709/2300/647
f 4711/2302/648 4708/2299/646 4706/2297/644
f 4708/2299/646 4697/2287/639 4698/2286/640
f 4697/2285/639 2716/1435/170 1162/828/70
f 645/513/17 2719/1480/227 4709/2300/647
f 627/492/13 4711/2302/648 4706/2297/644
f 2717/1478/226 4707/2298/645 4709/2300/647
f 4711/2302/648 620/487/13 4710/2301/18
f 627/492/13 4701/2291/642 622/488/13
f 620/487/13 4711/2302/648 626/491/13
f 626/491/13 4711/2302/648 627/492/13
f 4709/2300/647 4708/2299/646 4711/2302/648
f 4707/2298/645 2717/1478/226 2716/1477/170
f 4697/2287/639 4707/2298/645 2716/1477/170
f 4712/2303/649 1202/832/62 1181/822/72
f 4712/2303/649 4705/2295/257 1202/832/62
f 4713/2304/650 4703/2293/256 4714/2305/651
f 4714/2306/651 4704/2296/255 4715/2307/652
f 4715/2307/652 4704/2296/255 4705/2295/257
f 4715/2307/652 4712/2303/649 1181/822/72
f 4715/2307/652 4705/2295/257 4712/2303/649
f 4703/2293/256 4704/2294/255 4714/2305/651
f 4703/2293/256 4713/2304/650 549/421/6
f 620/487/13 617/485/45 4710/2301/18
f 4710/2301/18 617/485/45 4716/2308/18
f 645/513/17 4710/2301/18 4716/2308/18
f 4716/2308/18 646/514/49 645/513/17
f 4717/455/653 549/421/6 4713/2304/650
f 4718/455/654 539/411/6 549/421/6
f 4719/455/653 4713/2304/650 4720/2309/655
f 4720/2309/655 4714/2305/651 4721/2310/656
f 4720/2309/655 4713/2304/650 4714/2305/651
f 1181/822/72 1176/820/73 4722/2311/657
f 4715/2307/652 4722/2311/657 4721/2312/656
f 1181/822/72 4722/2311/657 4715/2307/652
f 4721/2312/656 4714/2306/651 4715/2307/652
f 4723/2313/658 4724/2314/659 4725/2315/660
f 4723/2313/658 4726/2316/661 78/72/13
f 4727/2317/662 4728/2318/663 4729/2319/664
f 4727/2317/662 4730/2320/665 4728/2318/663
f 4730/2320/665 2761/1495/234 93/82/17
f 2766/1499/149 4727/2317/662 4729/2319/664
f 4726/2316/661 4728/2318/663 4730/2320/665
f 4723/2313/658 78/72/13 4724/2314/659
f 4728/2318/663 4725/2315/660 4729/2319/664
f 4726/2316/661 96/84/18 76/70/13
f 96/84/18 4730/2320/665 93/82/17
f 96/84/18 4726/2316/661 4730/2320/665
f 1132/821/66 2766/1453/149 4729/2321/664
f 4730/2320/665 4727/2317/662 2764/1497/237
f 4723/2313/658 4728/2318/663 4726/2316/661
f 4723/2313/658 4725/2315/660 4728/2318/663
f 78/72/13 4726/2316/661 84/77/13
f 84/77/13 4726/2316/661 76/70/13
f 4724/2314/659 78/72/13 77/71/13
f 4727/2317/662 2766/1499/149 2764/1497/237
f 2761/1495/234 4730/2320/665 2764/1497/237
f 584/452/11 588/2322/11 4731/2323/666
f 4732/2324/667 4733/2323/667 4721/2325/656
f 4734/2326/668 4721/2325/656 4722/2327/657
f 4735/2328/669 4734/2326/668 4722/2327/657
f 1173/821/72 4735/2321/669 1176/820/73
f 4732/2324/667 4721/2325/656 4734/2326/668
f 1176/820/73 4735/2321/669 4722/2311/657
f 4732/2324/667 584/452/11 4736/2323/666
f 1130/820/66 1132/821/66 4729/2321/664
f 4737/2311/670 1130/820/66 4729/2321/664
f 4725/2315/660 4737/2329/670 4729/2319/664
f 4725/2315/660 4738/2330/671 4737/2329/670
f 4739/2331/672 77/71/13 81/2332/13
f 4739/2331/672 4724/2314/659 77/71/13
f 4739/2331/672 4738/2330/671 4724/2314/659
f 4738/2330/671 4725/2315/660 4724/2314/659
f 4740/2333/673 4732/2324/667 4734/2326/668
f 4740/2333/673 4741/2334/674 585/453/11
f 4742/2335/675 4743/2336/676 4735/2328/669
f 4742/2335/675 4744/2337/677 4743/2336/676
f 4744/2337/677 2731/1483/229 573/443/9
f 2736/1487/189 4742/2335/675 4735/2328/669
f 4741/2334/674 4743/2336/676 4744/2337/677
f 4740/2333/673 585/453/11 4732/2324/667
f 4743/2336/676 4734/2326/668 4735/2328/669
f 4741/2334/674 4745/2338/19 583/451/11
f 4743/2336/676 4740/2333/673 4734/2326/668
f 585/453/11 584/452/11 4732/2324/667
f 591/458/11 585/453/11 4741/2334/674
f 583/451/11 591/458/11 4741/2334/674
f 2736/1487/189 2734/1485/230 4742/2335/675
f 4744/2337/677 573/443/9 4745/2338/19
f 2734/1485/230 4744/2337/677 4742/2335/675
f 2736/1453/189 4735/2321/669 1173/821/72
f 4745/2338/19 4741/2334/674 4744/2337/677
f 2731/1483/229 4744/2337/677 2734/1485/230
f 4741/2334/674 4740/2333/673 4743/2336/676
f 4746/2339/678 4747/74/679 4748/2340/680
f 4749/2341/681 4738/2342/671 4750/2339/682
f 4751/2307/683 4737/2311/670 4738/2312/671
f 4749/2306/681 4751/2307/683 4738/2312/671
f 1133/822/66 1130/820/66 4737/2311/670
f 51/51/6 4752/74/684 40/40/6
f 51/51/6 4748/2340/685 4753/74/679
f 4754/2339/678 4748/2340/685 4749/2341/681
f 1133/822/66 4737/2311/670 4751/2307/683
f 573/443/9 575/444/9 4745/2338/19
f 4745/2338/19 575/444/9 4755/2343/19
f 4755/2343/19 581/449/11 583/451/11
f 4755/2343/19 583/451/11 4745/2338/19
f 4756/2303/686 1153/832/55 1133/822/66
f 4756/2303/686 4757/2295/687 1153/832/55
f 4757/2295/687 4751/2307/683 4758/2296/250
f 4751/2307/683 4756/2303/686 1133/822/66
f 4759/2344/688 4749/2341/681 4748/2340/685
f 4749/2306/681 4758/2296/250 4751/2307/683
f 4748/2340/685 51/51/6 4759/2344/688
f 4758/2345/250 4749/2341/681 4759/2344/688
f 4757/2295/687 4756/2303/686 4751/2307/683
f 4760/2346/689 4761/2347/690 69/65/11
f 4760/2346/689 4762/2348/691 4761/2347/690
f 4763/2349/692 4764/2350/693 4765/2351/694
f 4763/2349/692 4766/2352/695 4764/2350/693
f 4765/2351/694 2749/1492/233 2747/1490/232
f 4765/2351/694 98/86/19 52/52/9
f 4760/2346/689 4764/2350/693 4762/2348/691
f 4767/2353/696 98/86/19 4765/2351/694
f 4767/2353/696 4764/2350/693 4760/2346/689
f 4764/2350/693 4766/2352/695 4762/2348/691
f 68/64/11 62/60/11 4767/2353/696
f 4767/2353/696 62/60/11 98/86/19
f 69/65/11 4761/2347/690 64/61/11
f 4767/2353/696 69/65/11 68/64/11
f 4764/2350/693 4767/2353/696 4765/2351/694
f 2747/1490/232 4763/2349/692 4765/2351/694
f 2746/1435/204 1145/828/67 4766/2285/695
f 2747/1490/232 2746/1489/204 4763/2349/692
f 2749/1492/233 4765/2351/694 52/52/9
f 4766/2352/695 4763/2349/692 2746/1489/204
f 4760/2346/689 69/65/11 4767/2353/696
f 1154/833/57 1153/832/55 4768/2284/251
f 4757/2295/687 4769/2283/250 4768/2284/251
f 1153/832/55 4757/2295/687 4768/2284/251
f 51/51/6 50/50/6 4759/2344/688
f 4759/2344/688 50/50/6 4770/2354/248
f 4758/2345/250 4759/2344/688 4770/2354/248
f 4769/2355/250 4758/2345/250 4770/2354/248
f 4757/2295/687 4758/2296/250 4769/2283/250
f 64/61/11 4771/2356/697 73/2357/11
f 64/61/11 4761/2347/690 4771/2356/697
f 4762/2348/691 4772/2358/698 4773/2359/699
f 4761/2347/690 4762/2348/691 4773/2359/699
f 4766/2285/695 1145/828/67 1143/827/67
f 4772/2276/698 4766/2285/695 1143/827/67
f 4772/2358/698 4762/2348/691 4766/2352/695
f 4761/2347/690 4773/2359/699 4771/2356/697
f 4774/2280/700 1141/826/67 1154/833/57
f 4774/2280/700 4775/2277/701 1141/826/67
f 4775/2277/701 4768/2284/251 4776/2279/702
f 4768/2284/251 4774/2280/700 1154/833/57
f 4777/2360/703 4769/2355/250 4770/2354/248
f 4769/2283/250 4776/2279/702 4768/2284/251
f 4770/2354/248 50/50/6 4777/2360/703
f 4776/2361/702 4769/2355/250 4777/2360/703
f 4775/2277/701 4774/2280/700 4768/2284/251
f 50/50/6 4778/67/704 4777/2360/703
f 4777/2360/705 4779/67/706 4780/2362/707
f 4776/2361/702 4777/2360/703 4781/2362/707
f 4773/2363/699 4776/2361/702 4782/2362/707
f 1141/826/67 4772/2276/698 1143/827/67
f 4775/2277/701 4773/2278/699 4772/2276/698
f 1141/826/67 4775/2277/701 4772/2276/698
f 50/50/6 48/48/6 4783/67/708
f 4776/2279/702 4773/2278/699 4775/2277/701
f 4784/2364/62 4785/2365/62 4786/787/62
f 4787/2365/62 4788/785/62 4789/787/62
f 4790/785/62 4791/42/62 4792/787/62
f 4793/2366/62 4794/46/62 4795/785/62
f 4796/2367/62 4797/2366/62 4798/2368/62
f 4799/785/62 4800/2368/62 4801/2366/62
f 4802/2367/62 4803/2369/62 4804/2366/62
f 4805/42/62 4806/44/62 4807/787/62
f 4808/44/62 4809/2370/62 4810/787/62
f 4811/2370/62 4812/2371/62 4813/787/62
f 4814/2372/62 4815/2373/62 4816/2370/62
f 4817/2373/62 4818/2371/62 4819/2370/62
f 4820/42/62 4821/785/62 4822/46/62
f 4823/307/6 4824/2374/6 4825/13/6
f 4826/2374/6 4827/2375/6 4828/13/6
f 4829/2375/8 4830/2376/8 4831/13/8
f 4832/2376/7 4833/591/7 4834/13/7
f 4835/591/6 4836/18/6 4837/13/6
f 4838/18/42 4839/591/42 4840/2377/42
f 4841/18/7 4842/2377/7 4843/2378/7
f 4844/18/6 4845/2378/6 4846/2379/6
f 4847/187/6 4848/18/6 4849/2379/6
f 4850/785/55 4851/46/55 4852/42/55
f 4853/785/55 4854/787/55 4855/2365/55
f 4856/2367/55 4857/2366/55 4858/2368/55
f 4859/46/55 4860/785/55 4861/2366/55
f 4862/2367/55 4863/2369/55 4864/2366/55
f 4865/42/55 4866/787/55 4867/785/55
f 4868/44/55 4869/2370/55 4870/787/55
f 4871/2370/55 4872/2371/55 4873/787/55
f 4874/2372/55 4875/2373/55 4876/2370/55
f 4877/2373/55 4878/2371/55 4879/2370/55
f 4880/787/55 4881/2364/55 4882/2365/55
f 4883/42/55 4884/44/55 4885/787/55
f 4886/785/58 4887/2368/58 4888/2366/58
f 4889/218/42 4890/2380/42 4891/397/42
f 4892/2380/6 4893/2381/6 4894/397/6
f 4895/2381/6 4896/2382/6 4897/397/6
f 4898/2382/6 4899/613/6 4900/397/6
f 4901/613/6 4902/384/6 4903/397/6
f 4904/384/7 4905/613/7 4906/2383/7
f 4907/384/6 4908/2383/6 4909/2384/6
f 4910/384/6 4911/2384/6 4912/2385/6
f 4913/301/43 4914/384/43 4915/2385/43
