# Blender 4.4.3
# www.blender.org
mtllib Mesh_5.001.mtl
o Mesh_5.001
v 0.015407 0.009767 0.000147
v 0.015410 0.009768 0.000148
v 0.015419 0.009771 0.000147
v 0.015395 0.009764 0.000147
v 0.015401 0.009765 0.000151
v 0.015371 0.009757 0.000147
v 0.015392 0.009763 0.000156
v 0.015401 0.009765 0.000243
v 0.015407 0.009767 0.000247
v 0.015410 0.009768 0.000246
v 0.015395 0.009764 0.000247
v 0.015304 0.009738 0.000243
v 0.015313 0.009741 0.000246
v 0.015323 0.009743 0.000247
v 0.015296 0.009736 0.000239
v 0.015289 0.009733 0.000233
v 0.015283 0.009732 0.000225
v 0.015278 0.009730 0.000216
v 0.015276 0.009730 0.000207
v 0.015275 0.009729 0.000197
v 0.015276 0.009730 0.000187
v 0.015278 0.009730 0.000178
v 0.015283 0.009732 0.000169
v 0.015289 0.009733 0.000162
v 0.015304 0.009738 0.000151
v 0.015296 0.009736 0.000156
v 0.015313 0.009741 0.000148
v 0.015323 0.009743 0.000147
v 0.015385 0.009761 0.000162
v 0.015379 0.009759 0.000169
v 0.015375 0.009758 0.000178
v 0.015372 0.009757 0.000187
v 0.015371 0.009757 0.000197
v 0.015372 0.009757 0.000207
v 0.015375 0.009758 0.000216
v 0.015371 0.009757 0.000247
v 0.015385 0.009761 0.000233
v 0.015379 0.009759 0.000225
v 0.015392 0.009763 0.000239
v 0.015419 0.009771 0.000247
v 0.015238 0.009745 0.000253
v 0.015412 0.009795 0.000253
v 0.015316 0.009767 0.000247
v 0.015238 0.009745 0.000141
v 0.015316 0.009767 0.000147
v 0.015412 0.009795 0.000141
v 0.015065 0.009695 0.000253
v 0.015065 0.009695 0.000197
v 0.015423 0.009798 0.000252
v 0.015412 0.009795 0.000247
v 0.015364 0.009781 0.000247
v 0.015433 0.009801 0.000249
v 0.015421 0.009797 0.000246
v 0.015442 0.009803 0.000244
v 0.015439 0.009802 0.000239
v 0.015430 0.009800 0.000243
v 0.015446 0.009805 0.000233
v 0.015450 0.009806 0.000237
v 0.015452 0.009806 0.000225
v 0.015457 0.009808 0.000228
v 0.015457 0.009808 0.000216
v 0.015462 0.009809 0.000219
v 0.015459 0.009808 0.000207
v 0.015465 0.009810 0.000208
v 0.015465 0.009810 0.000186
v 0.015459 0.009808 0.000187
v 0.015460 0.009809 0.000197
v 0.015457 0.009808 0.000178
v 0.015462 0.009809 0.000176
v 0.015452 0.009806 0.000169
v 0.015457 0.009808 0.000166
v 0.015446 0.009805 0.000162
v 0.015450 0.009806 0.000158
v 0.015439 0.009802 0.000156
v 0.015442 0.009803 0.000151
v 0.015423 0.009798 0.000142
v 0.015421 0.009797 0.000148
v 0.015430 0.009800 0.000151
v 0.015433 0.009801 0.000145
v 0.015364 0.009781 0.000147
v 0.015412 0.009795 0.000147
v 0.015268 0.009753 0.000197
v 0.015307 0.009765 0.000148
v 0.015466 0.009810 0.000197
v 0.015307 0.009765 0.000246
v 0.015298 0.009762 0.000243
v 0.015289 0.009760 0.000239
v 0.015282 0.009757 0.000233
v 0.015276 0.009756 0.000225
v 0.015272 0.009754 0.000216
v 0.015269 0.009754 0.000207
v 0.015269 0.009754 0.000187
v 0.015272 0.009754 0.000178
v 0.015276 0.009756 0.000169
v 0.015298 0.009762 0.000151
v 0.015289 0.009760 0.000156
v 0.015282 0.009757 0.000162
v 0.015065 0.009695 0.000141
v 0.014991 0.009568 0.000267
v 0.014987 0.009559 0.000267
v 0.015001 0.009559 0.000267
v 0.014985 0.009586 0.000267
v 0.014983 0.009530 0.000128
v 0.014973 0.009554 0.000131
v 0.014981 0.009597 0.000129
v 0.014981 0.009480 0.000129
v 0.014974 0.009480 0.000130
v 0.014964 0.009585 0.000134
v 0.014971 0.009619 0.000131
v 0.014968 0.009480 0.000133
v 0.014936 0.009611 0.000159
v 0.014941 0.009579 0.000153
v 0.014936 0.009546 0.000159
v 0.014936 0.009677 0.000158
v 0.014941 0.009677 0.000153
v 0.014931 0.009579 0.000168
v 0.014936 0.009480 0.000158
v 0.014933 0.009480 0.000164
v 0.014925 0.009611 0.000205
v 0.014925 0.009578 0.000197
v 0.014925 0.009546 0.000205
v 0.014925 0.009677 0.000204
v 0.014925 0.009677 0.000197
v 0.014927 0.009578 0.000215
v 0.014925 0.009480 0.000204
v 0.014926 0.009480 0.000211
v 0.014955 0.009599 0.000255
v 0.014965 0.009606 0.000260
v 0.014956 0.009677 0.000255
v 0.014954 0.009578 0.000254
v 0.014946 0.009611 0.000248
v 0.014940 0.009578 0.000241
v 0.014946 0.009546 0.000248
v 0.014945 0.009677 0.000247
v 0.014941 0.009677 0.000242
v 0.014955 0.009522 0.000255
v 0.014963 0.009541 0.000259
v 0.014956 0.009480 0.000255
v 0.014962 0.009480 0.000259
v 0.014936 0.009480 0.000236
v 0.014968 0.009677 0.000133
v 0.014974 0.009677 0.000130
v 0.015006 0.009532 0.000128
v 0.014995 0.009557 0.000127
v 0.015004 0.009584 0.000128
v 0.015008 0.009480 0.000129
v 0.015001 0.009480 0.000128
v 0.015015 0.009558 0.000130
v 0.015001 0.009636 0.000128
v 0.015008 0.009637 0.000129
v 0.014974 0.009586 0.000264
v 0.014981 0.009677 0.000266
v 0.014974 0.009564 0.000264
v 0.014995 0.009634 0.000267
v 0.014968 0.009480 0.000262
v 0.014968 0.009677 0.000262
v 0.014962 0.009677 0.000259
v 0.015015 0.009480 0.000130
v 0.014995 0.009634 0.000127
v 0.015028 0.009558 0.000135
v 0.015021 0.009480 0.000133
v 0.015015 0.009637 0.000130
v 0.015039 0.009557 0.000143
v 0.015034 0.009480 0.000139
v 0.015022 0.009637 0.000133
v 0.015028 0.009636 0.000136
v 0.015049 0.009555 0.000153
v 0.015044 0.009480 0.000148
v 0.015034 0.009635 0.000139
v 0.015039 0.009634 0.000143
v 0.015056 0.009554 0.000164
v 0.015053 0.009480 0.000158
v 0.015044 0.009632 0.000148
v 0.015049 0.009631 0.000153
v 0.015062 0.009553 0.000177
v 0.015059 0.009480 0.000170
v 0.015053 0.009629 0.000158
v 0.015056 0.009628 0.000164
v 0.015064 0.009553 0.000190
v 0.015063 0.009480 0.000184
v 0.015059 0.009627 0.000170
v 0.015062 0.009626 0.000177
v 0.015064 0.009553 0.000204
v 0.015065 0.009480 0.000197
v 0.015063 0.009625 0.000183
v 0.015064 0.009625 0.000190
v 0.015062 0.009553 0.000218
v 0.015063 0.009480 0.000211
v 0.015065 0.009624 0.000197
v 0.015064 0.009625 0.000204
v 0.015056 0.009554 0.000230
v 0.015059 0.009480 0.000224
v 0.015063 0.009625 0.000211
v 0.015062 0.009626 0.000218
v 0.015049 0.009555 0.000242
v 0.015053 0.009480 0.000236
v 0.015059 0.009627 0.000224
v 0.015056 0.009628 0.000230
v 0.015039 0.009557 0.000251
v 0.015044 0.009480 0.000247
v 0.015053 0.009629 0.000236
v 0.015049 0.009631 0.000242
v 0.015028 0.009558 0.000259
v 0.015034 0.009480 0.000255
v 0.015044 0.009632 0.000247
v 0.015039 0.009634 0.000251
v 0.015015 0.009559 0.000264
v 0.015021 0.009480 0.000262
v 0.015034 0.009635 0.000255
v 0.015028 0.009636 0.000259
v 0.015008 0.009480 0.000266
v 0.015021 0.009637 0.000262
v 0.015015 0.009637 0.000264
v 0.014995 0.009480 0.000267
v 0.015008 0.009637 0.000266
v 0.015001 0.009636 0.000267
v 0.014981 0.009480 0.000266
v 0.014974 0.009677 0.000264
v 0.014950 0.009480 0.000251
v 0.014945 0.009480 0.000247
v 0.014950 0.009677 0.000251
v 0.014933 0.009578 0.000229
v 0.014936 0.009677 0.000236
v 0.014930 0.009480 0.000224
v 0.014933 0.009677 0.000230
v 0.014925 0.009480 0.000190
v 0.014930 0.009677 0.000224
v 0.014928 0.009677 0.000217
v 0.014926 0.009578 0.000183
v 0.014925 0.009677 0.000190
v 0.014928 0.009480 0.000177
v 0.014926 0.009677 0.000184
v 0.014945 0.009480 0.000148
v 0.014928 0.009677 0.000177
v 0.014930 0.009677 0.000170
v 0.014951 0.009580 0.000143
v 0.014945 0.009677 0.000148
v 0.014956 0.009480 0.000139
v 0.014950 0.009677 0.000143
v 0.014956 0.009677 0.000139
v 0.014962 0.009677 0.000135
v 0.014981 0.009677 0.000129
v 0.015015 0.009480 0.000264
v 0.015028 0.009480 0.000259
v 0.015039 0.009480 0.000251
v 0.015056 0.009480 0.000230
v 0.015049 0.009480 0.000242
v 0.015062 0.009480 0.000217
v 0.015064 0.009480 0.000204
v 0.015064 0.009480 0.000190
v 0.015062 0.009480 0.000177
v 0.015056 0.009480 0.000164
v 0.015049 0.009480 0.000153
v 0.014995 0.009480 0.000127
v 0.015028 0.009480 0.000135
v 0.015039 0.009480 0.000143
v 0.015001 0.009480 0.000267
v 0.014988 0.009480 0.000267
v 0.014974 0.009480 0.000264
v 0.014941 0.009480 0.000242
v 0.014933 0.009480 0.000230
v 0.014926 0.009677 0.000211
v 0.014928 0.009480 0.000217
v 0.014925 0.009480 0.000197
v 0.014926 0.009480 0.000184
v 0.014950 0.009480 0.000143
v 0.014988 0.009480 0.000128
v 0.014995 0.009677 0.000127
v 0.014988 0.009677 0.000128
v 0.014962 0.009480 0.000135
v 0.014933 0.009677 0.000164
v 0.014941 0.009480 0.000153
v 0.014930 0.009480 0.000170
v 0.014988 0.009677 0.000267
v 0.014995 0.009677 0.000267
v 0.015316 0.009726 0.000127
v 0.015209 0.009695 0.000127
v 0.015242 0.009727 0.000127
v 0.015417 0.009777 0.000127
v 0.015423 0.009757 0.000127
v 0.015067 0.009677 0.000127
v 0.015323 0.009700 0.000211
v 0.015307 0.009694 0.000197
v 0.015362 0.009710 0.000209
v 0.015301 0.009697 0.000226
v 0.015245 0.009677 0.000211
v 0.015328 0.009708 0.000236
v 0.015269 0.009695 0.000243
v 0.015347 0.009709 0.000223
v 0.015347 0.009713 0.000234
v 0.015208 0.009688 0.000135
v 0.015209 0.009695 0.000127
v 0.015253 0.009701 0.000135
v 0.015162 0.009669 0.000142
v 0.015131 0.009667 0.000134
v 0.015102 0.009650 0.000146
v 0.015131 0.009653 0.000156
v 0.015053 0.009629 0.000158
v 0.015209 0.009695 0.000127
v 0.015301 0.009705 0.000149
v 0.015308 0.009713 0.000140
v 0.015355 0.009722 0.000146
v 0.015263 0.009693 0.000152
v 0.015250 0.009692 0.000147
v 0.015075 0.009645 0.000253
v 0.015034 0.009635 0.000255
v 0.015039 0.009634 0.000251
v 0.015028 0.009636 0.000259
v 0.015034 0.009635 0.000255
v 0.015430 0.009733 0.000226
v 0.015328 0.009721 0.000258
v 0.015338 0.009720 0.000252
v 0.015425 0.009751 0.000260
v 0.015222 0.009688 0.000255
v 0.015327 0.009720 0.000137
v 0.015316 0.009726 0.000127
v 0.015423 0.009757 0.000127
v 0.015277 0.009706 0.000138
v 0.015331 0.009710 0.000157
v 0.015426 0.009745 0.000142
v 0.015428 0.009740 0.000151
v 0.015327 0.009704 0.000168
v 0.015429 0.009737 0.000159
v 0.015302 0.009697 0.000168
v 0.015425 0.009751 0.000134
v 0.015316 0.009726 0.000127
v 0.015366 0.009722 0.000242
v 0.015426 0.009745 0.000252
v 0.015227 0.009674 0.000219
v 0.015220 0.009675 0.000232
v 0.015147 0.009653 0.000227
v 0.015265 0.009682 0.000197
v 0.015233 0.009683 0.000154
v 0.015202 0.009676 0.000243
v 0.015164 0.009664 0.000243
v 0.015153 0.009650 0.000197
v 0.015142 0.009648 0.000183
v 0.015184 0.009659 0.000197
v 0.015132 0.009645 0.000212
v 0.015064 0.009625 0.000204
v 0.015059 0.009627 0.000224
v 0.015217 0.009669 0.000213
v 0.015053 0.009629 0.000236
v 0.015049 0.009631 0.000242
v 0.015053 0.009629 0.000236
v 0.015380 0.009715 0.000196
v 0.015431 0.009729 0.000197
v 0.015431 0.009730 0.000207
v 0.015430 0.009731 0.000216
v 0.015111 0.009642 0.000170
v 0.015179 0.009661 0.000169
v 0.015059 0.009627 0.000170
v 0.015056 0.009628 0.000164
v 0.015243 0.009677 0.000182
v 0.015063 0.009625 0.000183
v 0.015062 0.009626 0.000177
v 0.015347 0.009707 0.000181
v 0.015430 0.009731 0.000178
v 0.015431 0.009730 0.000187
v 0.015064 0.009625 0.000190
v 0.015053 0.009629 0.000158
v 0.015049 0.009631 0.000153
v 0.015316 0.009726 0.000127
v 0.015219 0.009673 0.000168
v 0.015430 0.009733 0.000169
v 0.015056 0.009628 0.000164
v 0.015034 0.009635 0.000139
v 0.015039 0.009634 0.000143
v 0.015021 0.009637 0.000262
v 0.015028 0.009636 0.000259
v 0.015056 0.009628 0.000230
v 0.015053 0.009629 0.000236
v 0.015063 0.009625 0.000211
v 0.015064 0.009625 0.000204
v 0.015063 0.009625 0.000183
v 0.015064 0.009625 0.000190
v 0.015209 0.009695 0.000127
v 0.015316 0.009726 0.000127
v 0.015053 0.009629 0.000158
v 0.015056 0.009628 0.000164
v 0.015062 0.009626 0.000177
v 0.015059 0.009627 0.000170
v 0.015063 0.009625 0.000183
v 0.015423 0.009757 0.000127
v 0.015209 0.009695 0.000127
v 0.015001 0.009636 0.000128
v 0.015209 0.009695 0.000127
v 0.015001 0.009636 0.000128
v 0.014995 0.009634 0.000127
v 0.015001 0.009636 0.000128
v 0.015008 0.009637 0.000129
v 0.015008 0.009637 0.000129
v 0.015015 0.009637 0.000130
v 0.015022 0.009637 0.000133
v 0.015015 0.009637 0.000130
v 0.015028 0.009636 0.000136
v 0.015022 0.009637 0.000133
v 0.015034 0.009635 0.000139
v 0.015028 0.009636 0.000136
v 0.015034 0.009635 0.000139
v 0.015044 0.009632 0.000148
v 0.015039 0.009634 0.000143
v 0.015044 0.009632 0.000148
v 0.015049 0.009631 0.000153
v 0.015065 0.009624 0.000197
v 0.015064 0.009625 0.000190
v 0.015429 0.009737 0.000235
v 0.015064 0.009625 0.000204
v 0.015065 0.009624 0.000197
v 0.015428 0.009740 0.000244
v 0.015062 0.009626 0.000218
v 0.015059 0.009627 0.000224
v 0.015001 0.009636 0.000267
v 0.015423 0.009757 0.000267
v 0.015049 0.009631 0.000242
v 0.015044 0.009632 0.000247
v 0.015049 0.009631 0.000242
v 0.015001 0.009636 0.000267
v 0.015316 0.009726 0.000267
v 0.015001 0.009636 0.000267
v 0.015001 0.009636 0.000267
v 0.015008 0.009637 0.000266
v 0.015015 0.009637 0.000264
v 0.015008 0.009637 0.000266
v 0.015015 0.009637 0.000264
v 0.015021 0.009637 0.000262
v 0.015039 0.009634 0.000251
v 0.015044 0.009632 0.000247
v 0.015015 0.009637 0.000264
v 0.015056 0.009628 0.000230
v 0.015059 0.009627 0.000224
v 0.015062 0.009626 0.000218
v 0.015063 0.009625 0.000211
v 0.014995 0.009634 0.000267
v 0.015001 0.009636 0.000267
v 0.015209 0.009695 0.000267
v 0.015001 0.009636 0.000267
v 0.015013 0.009587 0.000162
v 0.015016 0.009587 0.000163
v 0.015013 0.009610 0.000162
v 0.015016 0.009610 0.000163
v 0.015024 0.009587 0.000170
v 0.015026 0.009587 0.000173
v 0.015024 0.009610 0.000170
v 0.015026 0.009610 0.000173
v 0.015032 0.009587 0.000182
v 0.015033 0.009587 0.000185
v 0.015032 0.009610 0.000182
v 0.015033 0.009610 0.000185
v 0.015035 0.009587 0.000196
v 0.015035 0.009587 0.000199
v 0.015035 0.009610 0.000196
v 0.015035 0.009610 0.000199
v 0.015033 0.009587 0.000209
v 0.015032 0.009587 0.000212
v 0.015033 0.009610 0.000209
v 0.015032 0.009610 0.000212
v 0.015026 0.009587 0.000222
v 0.015024 0.009587 0.000224
v 0.015026 0.009610 0.000222
v 0.015024 0.009610 0.000224
v 0.015016 0.009587 0.000231
v 0.015013 0.009587 0.000233
v 0.015016 0.009610 0.000231
v 0.015013 0.009610 0.000233
v 0.015003 0.009587 0.000236
v 0.015000 0.009587 0.000237
v 0.015003 0.009610 0.000236
v 0.015000 0.009610 0.000237
v 0.014989 0.009587 0.000237
v 0.014986 0.009587 0.000236
v 0.014989 0.009610 0.000237
v 0.014986 0.009610 0.000236
v 0.014976 0.009587 0.000233
v 0.014973 0.009587 0.000231
v 0.014976 0.009610 0.000233
v 0.014973 0.009610 0.000231
v 0.014965 0.009587 0.000224
v 0.014963 0.009587 0.000222
v 0.014965 0.009610 0.000224
v 0.014963 0.009610 0.000222
v 0.014958 0.009587 0.000212
v 0.014957 0.009587 0.000209
v 0.014958 0.009610 0.000212
v 0.014957 0.009610 0.000209
v 0.014955 0.009587 0.000199
v 0.014955 0.009587 0.000196
v 0.014955 0.009610 0.000199
v 0.014955 0.009610 0.000196
v 0.014957 0.009587 0.000185
v 0.014958 0.009587 0.000182
v 0.014957 0.009610 0.000185
v 0.014958 0.009610 0.000182
v 0.014963 0.009587 0.000173
v 0.014965 0.009587 0.000170
v 0.014963 0.009610 0.000173
v 0.014965 0.009610 0.000170
v 0.014973 0.009587 0.000163
v 0.014976 0.009587 0.000162
v 0.014973 0.009610 0.000163
v 0.014976 0.009610 0.000162
v 0.014986 0.009587 0.000158
v 0.014989 0.009587 0.000158
v 0.014986 0.009610 0.000158
v 0.014989 0.009610 0.000158
v 0.015000 0.009624 0.000224
v 0.015000 0.009610 0.000224
v 0.014995 0.009624 0.000224
v 0.015005 0.009624 0.000222
v 0.015010 0.009624 0.000220
v 0.015005 0.009610 0.000222
v 0.015010 0.009610 0.000220
v 0.015014 0.009610 0.000216
v 0.015014 0.009624 0.000216
v 0.015017 0.009624 0.000212
v 0.015017 0.009610 0.000212
v 0.015020 0.009624 0.000208
v 0.015020 0.009610 0.000208
v 0.015021 0.009610 0.000202
v 0.015022 0.009624 0.000197
v 0.015022 0.009610 0.000197
v 0.015021 0.009624 0.000192
v 0.015021 0.009610 0.000192
v 0.015020 0.009610 0.000187
v 0.015020 0.009624 0.000187
v 0.015017 0.009624 0.000182
v 0.015010 0.009624 0.000175
v 0.015010 0.009610 0.000175
v 0.015014 0.009610 0.000178
v 0.015005 0.009624 0.000172
v 0.015005 0.009610 0.000172
v 0.015000 0.009624 0.000171
v 0.015000 0.009610 0.000171
v 0.014995 0.009624 0.000170
v 0.015014 0.009624 0.000178
v 0.015017 0.009610 0.000182
v 0.015021 0.009624 0.000202
v 0.014995 0.009610 0.000224
v 0.014989 0.009610 0.000224
v 0.014989 0.009624 0.000224
v 0.014984 0.009610 0.000222
v 0.014984 0.009624 0.000222
v 0.014980 0.009610 0.000220
v 0.014976 0.009610 0.000216
v 0.014976 0.009624 0.000216
v 0.014980 0.009624 0.000220
v 0.014972 0.009610 0.000212
v 0.014972 0.009624 0.000212
v 0.014970 0.009610 0.000208
v 0.014968 0.009610 0.000202
v 0.014970 0.009624 0.000208
v 0.014968 0.009624 0.000202
v 0.014968 0.009610 0.000197
v 0.014968 0.009624 0.000197
v 0.014968 0.009610 0.000192
v 0.014968 0.009624 0.000192
v 0.014970 0.009624 0.000187
v 0.014970 0.009610 0.000187
v 0.014972 0.009610 0.000182
v 0.014980 0.009610 0.000175
v 0.014980 0.009624 0.000175
v 0.014976 0.009624 0.000178
v 0.014984 0.009610 0.000172
v 0.014984 0.009624 0.000172
v 0.014989 0.009610 0.000171
v 0.014989 0.009624 0.000171
v 0.014995 0.009610 0.000170
v 0.014972 0.009624 0.000182
v 0.014976 0.009610 0.000178
v 0.015043 0.009695 0.000188
v 0.015044 0.009695 0.000197
v 0.015004 0.009695 0.000149
v 0.015014 0.009695 0.000151
v 0.014995 0.009695 0.000141
v 0.014995 0.009695 0.000148
v 0.015022 0.009695 0.000156
v 0.015030 0.009695 0.000162
v 0.015036 0.009695 0.000170
v 0.015040 0.009695 0.000178
v 0.015040 0.009695 0.000216
v 0.015036 0.009695 0.000225
v 0.015043 0.009695 0.000207
v 0.015030 0.009695 0.000232
v 0.015022 0.009695 0.000238
v 0.015014 0.009695 0.000243
v 0.014995 0.009695 0.000247
v 0.014995 0.009695 0.000253
v 0.015004 0.009695 0.000246
v 0.014985 0.009695 0.000246
v 0.014984 0.009695 0.000252
v 0.014973 0.009695 0.000249
v 0.014976 0.009695 0.000243
v 0.014964 0.009695 0.000244
v 0.014967 0.009695 0.000238
v 0.014955 0.009695 0.000237
v 0.014960 0.009695 0.000232
v 0.014948 0.009695 0.000228
v 0.014953 0.009695 0.000225
v 0.014943 0.009695 0.000219
v 0.014949 0.009695 0.000216
v 0.014940 0.009695 0.000208
v 0.014946 0.009695 0.000207
v 0.014939 0.009695 0.000197
v 0.014945 0.009695 0.000197
v 0.014940 0.009695 0.000186
v 0.014946 0.009695 0.000188
v 0.014943 0.009695 0.000176
v 0.014949 0.009695 0.000178
v 0.014948 0.009695 0.000166
v 0.014953 0.009695 0.000170
v 0.014955 0.009695 0.000158
v 0.014960 0.009695 0.000162
v 0.014964 0.009695 0.000151
v 0.014967 0.009695 0.000156
v 0.014973 0.009695 0.000145
v 0.014976 0.009695 0.000151
v 0.014984 0.009695 0.000142
v 0.014985 0.009695 0.000149
v 0.014995 0.009480 0.000147
v 0.014995 0.009480 0.000127
v 0.015001 0.009480 0.000128
v 0.015004 0.009480 0.000148
v 0.015001 0.009480 0.000128
v 0.015008 0.009480 0.000129
v 0.015008 0.009480 0.000129
v 0.015015 0.009480 0.000130
v 0.015015 0.009480 0.000130
v 0.015014 0.009480 0.000151
v 0.015015 0.009480 0.000130
v 0.015021 0.009480 0.000133
v 0.015028 0.009480 0.000135
v 0.015022 0.009480 0.000156
v 0.015028 0.009480 0.000135
v 0.015034 0.009480 0.000139
v 0.015034 0.009480 0.000139
v 0.015039 0.009480 0.000143
v 0.015030 0.009480 0.000162
v 0.015044 0.009480 0.000148
v 0.015049 0.009480 0.000153
v 0.015056 0.009480 0.000164
v 0.015036 0.009480 0.000169
v 0.015053 0.009480 0.000158
v 0.015049 0.009480 0.000153
v 0.015041 0.009480 0.000178
v 0.015056 0.009480 0.000164
v 0.015062 0.009480 0.000177
v 0.015059 0.009480 0.000170
v 0.015044 0.009480 0.000187
v 0.015062 0.009480 0.000177
v 0.015064 0.009480 0.000190
v 0.015063 0.009480 0.000184
v 0.015045 0.009480 0.000197
v 0.015064 0.009480 0.000190
v 0.015064 0.009480 0.000190
v 0.015065 0.009480 0.000197
v 0.015064 0.009480 0.000204
v 0.015044 0.009480 0.000207
v 0.015063 0.009480 0.000211
v 0.015064 0.009480 0.000204
v 0.015036 0.009480 0.000225
v 0.015041 0.009480 0.000216
v 0.015056 0.009480 0.000230
v 0.015062 0.009480 0.000217
v 0.015056 0.009480 0.000230
v 0.015053 0.009480 0.000236
v 0.015049 0.009480 0.000242
v 0.015030 0.009480 0.000233
v 0.015044 0.009480 0.000247
v 0.015039 0.009480 0.000251
v 0.015028 0.009480 0.000259
v 0.015022 0.009480 0.000239
v 0.015034 0.009480 0.000255
v 0.015039 0.009480 0.000251
v 0.015014 0.009480 0.000243
v 0.015028 0.009480 0.000259
v 0.015015 0.009480 0.000264
v 0.015021 0.009480 0.000262
v 0.015004 0.009480 0.000246
v 0.015015 0.009480 0.000264
v 0.015001 0.009480 0.000267
v 0.015008 0.009480 0.000266
v 0.014995 0.009480 0.000247
v 0.015001 0.009480 0.000267
v 0.015001 0.009480 0.000267
v 0.014995 0.009480 0.000267
v 0.014988 0.009480 0.000267
v 0.014985 0.009480 0.000246
v 0.014981 0.009480 0.000266
v 0.014988 0.009480 0.000267
v 0.014967 0.009480 0.000239
v 0.014975 0.009480 0.000243
v 0.014962 0.009480 0.000259
v 0.014974 0.009480 0.000264
v 0.014962 0.009480 0.000259
v 0.014956 0.009480 0.000255
v 0.014950 0.009480 0.000251
v 0.014959 0.009480 0.000233
v 0.014945 0.009480 0.000247
v 0.014941 0.009480 0.000242
v 0.014933 0.009480 0.000230
v 0.014953 0.009480 0.000225
v 0.014936 0.009480 0.000236
v 0.014941 0.009480 0.000242
v 0.014948 0.009480 0.000216
v 0.014933 0.009480 0.000230
v 0.014928 0.009480 0.000217
v 0.014930 0.009480 0.000224
v 0.014946 0.009480 0.000207
v 0.014928 0.009480 0.000217
v 0.014925 0.009480 0.000204
v 0.014926 0.009480 0.000211
v 0.014945 0.009480 0.000197
v 0.014925 0.009480 0.000204
v 0.014925 0.009480 0.000204
v 0.014925 0.009480 0.000197
v 0.014925 0.009480 0.000190
v 0.014946 0.009480 0.000187
v 0.014926 0.009480 0.000184
v 0.014925 0.009480 0.000190
v 0.014953 0.009480 0.000169
v 0.014948 0.009480 0.000178
v 0.014933 0.009480 0.000164
v 0.014928 0.009480 0.000177
v 0.014933 0.009480 0.000164
v 0.014936 0.009480 0.000158
v 0.014941 0.009480 0.000153
v 0.014959 0.009480 0.000162
v 0.014945 0.009480 0.000148
v 0.014950 0.009480 0.000143
v 0.014962 0.009480 0.000135
v 0.014967 0.009480 0.000156
v 0.014956 0.009480 0.000139
v 0.014950 0.009480 0.000143
v 0.014975 0.009480 0.000151
v 0.014962 0.009480 0.000135
v 0.014974 0.009480 0.000130
v 0.014968 0.009480 0.000133
v 0.014985 0.009480 0.000148
v 0.014974 0.009480 0.000130
v 0.014988 0.009480 0.000128
v 0.014981 0.009480 0.000129
v 0.015001 0.009480 0.000128
v 0.014925 0.009480 0.000197
v 0.014925 0.009480 0.000190
v 0.014928 0.009480 0.000177
v 0.014926 0.009480 0.000184
v 0.014928 0.009480 0.000217
v 0.014926 0.009480 0.000211
v 0.014933 0.009480 0.000230
v 0.014930 0.009480 0.000224
v 0.014941 0.009480 0.000242
v 0.014936 0.009480 0.000236
v 0.014950 0.009480 0.000251
v 0.014945 0.009480 0.000247
v 0.014956 0.009480 0.000255
v 0.014950 0.009480 0.000251
v 0.014962 0.009480 0.000259
v 0.014968 0.009480 0.000262
v 0.014974 0.009480 0.000264
v 0.014968 0.009480 0.000262
v 0.015015 0.009480 0.000264
v 0.015008 0.009480 0.000266
v 0.014988 0.009480 0.000267
v 0.014995 0.009480 0.000267
v 0.015028 0.009480 0.000259
v 0.015021 0.009480 0.000262
v 0.015039 0.009480 0.000251
v 0.015034 0.009480 0.000255
v 0.015049 0.009480 0.000242
v 0.015044 0.009480 0.000247
v 0.014981 0.009480 0.000266
v 0.014974 0.009480 0.000264
v 0.015056 0.009480 0.000230
v 0.015059 0.009480 0.000224
v 0.015062 0.009480 0.000217
v 0.015059 0.009480 0.000224
v 0.015062 0.009480 0.000177
v 0.015063 0.009480 0.000184
v 0.015064 0.009480 0.000204
v 0.015065 0.009480 0.000197
v 0.015056 0.009480 0.000164
v 0.015059 0.009480 0.000170
v 0.015049 0.009480 0.000153
v 0.015053 0.009480 0.000158
v 0.015039 0.009480 0.000143
v 0.015044 0.009480 0.000148
v 0.015039 0.009480 0.000143
v 0.015028 0.009480 0.000135
v 0.015021 0.009480 0.000133
v 0.014974 0.009480 0.000130
v 0.014981 0.009480 0.000129
v 0.014988 0.009480 0.000128
v 0.014962 0.009480 0.000135
v 0.014968 0.009480 0.000133
v 0.014950 0.009480 0.000143
v 0.014956 0.009480 0.000139
v 0.014941 0.009480 0.000153
v 0.014945 0.009480 0.000148
v 0.014941 0.009480 0.000153
v 0.014936 0.009480 0.000158
v 0.015063 0.009480 0.000211
v 0.015062 0.009480 0.000217
v 0.014933 0.009480 0.000164
v 0.014930 0.009480 0.000170
v 0.015049 0.009480 0.000242
v 0.015053 0.009480 0.000236
v 0.014928 0.009480 0.000177
v 0.014930 0.009480 0.000170
v 0.014988 0.009480 0.000128
v 0.014995 0.009480 0.000127
v 0.014948 0.009587 0.000204
v 0.014946 0.009587 0.000207
v 0.014945 0.009587 0.000197
v 0.014953 0.009587 0.000225
v 0.014954 0.009587 0.000222
v 0.014963 0.009587 0.000222
v 0.014957 0.009587 0.000209
v 0.014948 0.009587 0.000216
v 0.014948 0.009587 0.000207
v 0.014959 0.009587 0.000233
v 0.014963 0.009587 0.000233
v 0.014965 0.009587 0.000234
v 0.014975 0.009587 0.000243
v 0.014977 0.009587 0.000241
v 0.014980 0.009587 0.000242
v 0.014973 0.009587 0.000231
v 0.014967 0.009587 0.000239
v 0.014995 0.009587 0.000247
v 0.014993 0.009587 0.000245
v 0.014996 0.009587 0.000245
v 0.014986 0.009587 0.000236
v 0.014985 0.009587 0.000246
v 0.015004 0.009587 0.000246
v 0.015000 0.009587 0.000237
v 0.015014 0.009587 0.000243
v 0.015012 0.009587 0.000241
v 0.015022 0.009587 0.000239
v 0.015010 0.009587 0.000242
v 0.015024 0.009587 0.000234
v 0.015030 0.009587 0.000233
v 0.015026 0.009587 0.000222
v 0.015024 0.009587 0.000224
v 0.015024 0.009587 0.000224
v 0.015026 0.009587 0.000233
v 0.015044 0.009587 0.000207
v 0.015041 0.009587 0.000207
v 0.015042 0.009587 0.000204
v 0.015045 0.009587 0.000197
v 0.015035 0.009587 0.000199
v 0.015032 0.009587 0.000212
v 0.015041 0.009587 0.000216
v 0.015036 0.009587 0.000220
v 0.015044 0.009587 0.000187
v 0.015042 0.009587 0.000190
v 0.015036 0.009587 0.000169
v 0.015035 0.009587 0.000172
v 0.015026 0.009587 0.000173
v 0.015033 0.009587 0.000185
v 0.015041 0.009587 0.000178
v 0.015041 0.009587 0.000188
v 0.015030 0.009587 0.000162
v 0.015026 0.009587 0.000161
v 0.015024 0.009587 0.000160
v 0.015014 0.009587 0.000151
v 0.015012 0.009587 0.000153
v 0.015010 0.009587 0.000152
v 0.015016 0.009587 0.000163
v 0.015022 0.009587 0.000156
v 0.014995 0.009587 0.000147
v 0.014996 0.009587 0.000150
v 0.014993 0.009587 0.000150
v 0.015003 0.009587 0.000158
v 0.015004 0.009587 0.000148
v 0.014985 0.009587 0.000148
v 0.014989 0.009587 0.000158
v 0.014975 0.009587 0.000151
v 0.014977 0.009587 0.000153
v 0.014967 0.009587 0.000156
v 0.014980 0.009587 0.000152
v 0.014965 0.009587 0.000160
v 0.014959 0.009587 0.000162
v 0.014963 0.009587 0.000173
v 0.014965 0.009587 0.000170
v 0.014965 0.009587 0.000170
v 0.014963 0.009587 0.000161
v 0.014946 0.009587 0.000187
v 0.014948 0.009587 0.000188
v 0.014948 0.009587 0.000190
v 0.014958 0.009587 0.000182
v 0.014948 0.009587 0.000178
v 0.014953 0.009587 0.000174
v 0.015016 0.009587 0.000163
v 0.015013 0.009587 0.000162
v 0.015026 0.009587 0.000173
v 0.015024 0.009587 0.000170
v 0.015026 0.009587 0.000173
v 0.015013 0.009587 0.000162
v 0.015036 0.009587 0.000174
v 0.015024 0.009587 0.000170
v 0.015032 0.009587 0.000182
v 0.015033 0.009587 0.000185
v 0.015032 0.009587 0.000182
v 0.015035 0.009587 0.000196
v 0.015035 0.009587 0.000199
v 0.015035 0.009587 0.000196
v 0.015033 0.009587 0.000209
v 0.015032 0.009587 0.000212
v 0.015036 0.009587 0.000225
v 0.015033 0.009587 0.000209
v 0.015026 0.009587 0.000222
v 0.015035 0.009587 0.000222
v 0.015026 0.009587 0.000222
v 0.015016 0.009587 0.000231
v 0.015013 0.009587 0.000233
v 0.015016 0.009587 0.000231
v 0.015003 0.009587 0.000236
v 0.015000 0.009587 0.000237
v 0.015003 0.009587 0.000236
v 0.014989 0.009587 0.000237
v 0.014986 0.009587 0.000236
v 0.014989 0.009587 0.000237
v 0.014976 0.009587 0.000233
v 0.014973 0.009587 0.000231
v 0.014976 0.009587 0.000233
v 0.014965 0.009587 0.000224
v 0.014963 0.009587 0.000222
v 0.014953 0.009587 0.000220
v 0.014963 0.009587 0.000222
v 0.014965 0.009587 0.000224
v 0.014958 0.009587 0.000212
v 0.014955 0.009587 0.000199
v 0.014957 0.009587 0.000209
v 0.014958 0.009587 0.000212
v 0.014957 0.009587 0.000185
v 0.014958 0.009587 0.000182
v 0.014955 0.009587 0.000196
v 0.014953 0.009587 0.000169
v 0.014957 0.009587 0.000185
v 0.014963 0.009587 0.000173
v 0.014954 0.009587 0.000172
v 0.014963 0.009587 0.000173
v 0.014973 0.009587 0.000163
v 0.014976 0.009587 0.000162
v 0.014976 0.009587 0.000162
v 0.014973 0.009587 0.000163
v 0.014986 0.009587 0.000158
v 0.014989 0.009587 0.000158
v 0.015000 0.009587 0.000158
v 0.014986 0.009587 0.000158
v 0.014955 0.009587 0.000196
v 0.014955 0.009587 0.000199
v 0.015013 0.009587 0.000233
v 0.014946 0.009480 0.000187
v 0.014946 0.009587 0.000187
v 0.014945 0.009480 0.000197
v 0.014948 0.009480 0.000178
v 0.014946 0.009587 0.000187
v 0.014946 0.009480 0.000187
v 0.014953 0.009480 0.000169
v 0.014948 0.009587 0.000178
v 0.014948 0.009480 0.000178
v 0.014953 0.009587 0.000169
v 0.014948 0.009587 0.000178
v 0.014953 0.009480 0.000169
v 0.014959 0.009587 0.000162
v 0.014953 0.009587 0.000169
v 0.014959 0.009480 0.000162
v 0.014959 0.009587 0.000162
v 0.014959 0.009480 0.000162
v 0.014967 0.009480 0.000156
v 0.014967 0.009587 0.000156
v 0.014967 0.009480 0.000156
v 0.014975 0.009480 0.000151
v 0.014967 0.009587 0.000156
v 0.014975 0.009480 0.000151
v 0.014975 0.009587 0.000151
v 0.014975 0.009587 0.000151
v 0.014985 0.009480 0.000148
v 0.014985 0.009587 0.000148
v 0.014985 0.009480 0.000148
v 0.014995 0.009480 0.000147
v 0.014985 0.009587 0.000148
v 0.014995 0.009480 0.000147
v 0.015004 0.009480 0.000148
v 0.014995 0.009587 0.000147
v 0.015004 0.009480 0.000148
v 0.015004 0.009587 0.000148
v 0.014995 0.009587 0.000147
v 0.015014 0.009480 0.000151
v 0.015014 0.009587 0.000151
v 0.015004 0.009587 0.000148
v 0.015022 0.009480 0.000156
v 0.015014 0.009587 0.000151
v 0.015014 0.009480 0.000151
v 0.015030 0.009480 0.000162
v 0.015022 0.009587 0.000156
v 0.015022 0.009480 0.000156
v 0.015030 0.009587 0.000162
v 0.015022 0.009587 0.000156
v 0.015030 0.009480 0.000162
v 0.015036 0.009587 0.000169
v 0.015030 0.009587 0.000162
v 0.015036 0.009480 0.000169
v 0.015036 0.009587 0.000169
v 0.015036 0.009480 0.000169
v 0.015041 0.009480 0.000178
v 0.015041 0.009587 0.000178
v 0.015041 0.009480 0.000178
v 0.015044 0.009480 0.000187
v 0.015041 0.009587 0.000178
v 0.015044 0.009480 0.000187
v 0.015044 0.009587 0.000187
v 0.015044 0.009587 0.000187
v 0.015045 0.009480 0.000197
v 0.015045 0.009587 0.000197
v 0.015045 0.009480 0.000197
v 0.015044 0.009480 0.000207
v 0.015045 0.009587 0.000197
v 0.015044 0.009587 0.000207
v 0.015041 0.009480 0.000216
v 0.015041 0.009587 0.000216
v 0.015041 0.009587 0.000216
v 0.015041 0.009480 0.000216
v 0.015036 0.009480 0.000225
v 0.014995 0.009480 0.000247
v 0.014995 0.009587 0.000247
v 0.015004 0.009587 0.000246
v 0.014995 0.009480 0.000247
v 0.014985 0.009480 0.000246
v 0.014995 0.009587 0.000247
v 0.014985 0.009480 0.000246
v 0.014975 0.009480 0.000243
v 0.014985 0.009587 0.000246
v 0.014975 0.009480 0.000243
v 0.014975 0.009587 0.000243
v 0.014985 0.009587 0.000246
v 0.014967 0.009480 0.000239
v 0.014967 0.009587 0.000239
v 0.014975 0.009587 0.000243
v 0.014959 0.009480 0.000233
v 0.014967 0.009587 0.000239
v 0.014967 0.009480 0.000239
v 0.014953 0.009480 0.000225
v 0.014959 0.009587 0.000233
v 0.014959 0.009480 0.000233
v 0.014948 0.009480 0.000216
v 0.014953 0.009587 0.000225
v 0.014953 0.009480 0.000225
v 0.014948 0.009587 0.000216
v 0.014953 0.009587 0.000225
v 0.014948 0.009480 0.000216
v 0.015036 0.009480 0.000169
v 0.015030 0.009587 0.000162
v 0.015030 0.009480 0.000162
v 0.014946 0.009587 0.000207
v 0.014946 0.009480 0.000207
v 0.014945 0.009480 0.000197
v 0.014948 0.009587 0.000216
v 0.014946 0.009480 0.000207
v 0.014946 0.009587 0.000207
v 0.014948 0.009480 0.000216
v 0.014946 0.009480 0.000207
v 0.014948 0.009587 0.000216
v 0.014959 0.009587 0.000233
v 0.014953 0.009480 0.000225
v 0.014953 0.009587 0.000225
v 0.014967 0.009587 0.000239
v 0.014959 0.009480 0.000233
v 0.014959 0.009587 0.000233
v 0.014975 0.009587 0.000243
v 0.014975 0.009480 0.000243
v 0.014967 0.009480 0.000239
v 0.014985 0.009587 0.000246
v 0.014995 0.009587 0.000247
v 0.014985 0.009480 0.000246
v 0.014946 0.009587 0.000207
v 0.014945 0.009480 0.000197
v 0.014945 0.009587 0.000197
v 0.015004 0.009587 0.000246
v 0.015004 0.009480 0.000246
v 0.014995 0.009480 0.000247
v 0.015014 0.009587 0.000243
v 0.015004 0.009480 0.000246
v 0.015004 0.009587 0.000246
v 0.015014 0.009480 0.000243
v 0.015004 0.009480 0.000246
v 0.015014 0.009587 0.000243
v 0.015014 0.009480 0.000243
v 0.015014 0.009587 0.000243
v 0.015022 0.009587 0.000239
v 0.015014 0.009480 0.000243
v 0.015022 0.009587 0.000239
v 0.015022 0.009480 0.000239
v 0.015022 0.009587 0.000239
v 0.015030 0.009587 0.000233
v 0.015022 0.009480 0.000239
v 0.015030 0.009587 0.000233
v 0.015030 0.009480 0.000233
v 0.015022 0.009480 0.000239
v 0.015036 0.009587 0.000225
v 0.015030 0.009480 0.000233
v 0.015030 0.009587 0.000233
v 0.015036 0.009480 0.000225
v 0.015030 0.009480 0.000233
v 0.015036 0.009587 0.000225
v 0.015036 0.009480 0.000225
v 0.015036 0.009587 0.000225
v 0.015041 0.009587 0.000216
v 0.015041 0.009480 0.000216
v 0.015044 0.009587 0.000207
v 0.015044 0.009480 0.000207
v 0.015044 0.009587 0.000207
v 0.015045 0.009587 0.000197
v 0.015044 0.009480 0.000207
v 0.015045 0.009480 0.000197
v 0.015044 0.009587 0.000187
v 0.015044 0.009480 0.000187
v 0.015041 0.009480 0.000178
v 0.015041 0.009587 0.000178
v 0.015036 0.009587 0.000169
v 0.015014 0.009587 0.000151
v 0.015022 0.009480 0.000156
v 0.015022 0.009587 0.000156
v 0.015004 0.009587 0.000148
v 0.015004 0.009480 0.000148
v 0.015014 0.009480 0.000151
v 0.014995 0.009587 0.000147
v 0.014985 0.009587 0.000148
v 0.014995 0.009480 0.000147
v 0.014985 0.009480 0.000148
v 0.014975 0.009587 0.000151
v 0.014975 0.009480 0.000151
v 0.014967 0.009480 0.000156
v 0.014967 0.009587 0.000156
v 0.014959 0.009587 0.000162
v 0.014953 0.009480 0.000169
v 0.014959 0.009480 0.000162
v 0.014953 0.009587 0.000169
v 0.014946 0.009587 0.000187
v 0.014948 0.009480 0.000178
v 0.014948 0.009587 0.000178
v 0.014946 0.009587 0.000187
v 0.014945 0.009587 0.000197
v 0.014945 0.009480 0.000197
v 0.014976 0.009610 0.000233
v 0.014986 0.009610 0.000236
v 0.014980 0.009610 0.000242
v 0.014980 0.009610 0.000220
v 0.014984 0.009610 0.000222
v 0.014976 0.009610 0.000233
v 0.014976 0.009610 0.000233
v 0.014977 0.009610 0.000241
v 0.014965 0.009610 0.000224
v 0.014973 0.009610 0.000231
v 0.014965 0.009610 0.000234
v 0.014986 0.009610 0.000236
v 0.014976 0.009610 0.000233
v 0.014984 0.009610 0.000222
v 0.014965 0.009610 0.000224
v 0.014976 0.009610 0.000216
v 0.014973 0.009610 0.000231
v 0.014965 0.009610 0.000224
v 0.014963 0.009610 0.000233
v 0.014963 0.009610 0.000222
v 0.014958 0.009610 0.000212
v 0.014972 0.009610 0.000212
v 0.014957 0.009610 0.000209
v 0.014970 0.009610 0.000208
v 0.014958 0.009610 0.000212
v 0.014970 0.009610 0.000208
v 0.014972 0.009610 0.000212
v 0.014958 0.009610 0.000212
v 0.014968 0.009610 0.000202
v 0.014970 0.009610 0.000208
v 0.014957 0.009610 0.000209
v 0.014954 0.009610 0.000222
v 0.014953 0.009610 0.000220
v 0.014963 0.009610 0.000222
v 0.014955 0.009610 0.000199
v 0.014948 0.009610 0.000207
v 0.014948 0.009610 0.000204
v 0.014957 0.009610 0.000209
v 0.014955 0.009610 0.000199
v 0.014955 0.009610 0.000196
v 0.014968 0.009610 0.000197
v 0.014955 0.009610 0.000199
v 0.014968 0.009610 0.000197
v 0.014968 0.009610 0.000202
v 0.014955 0.009610 0.000199
v 0.014968 0.009610 0.000192
v 0.014955 0.009610 0.000196
v 0.014957 0.009610 0.000185
v 0.014948 0.009610 0.000188
v 0.014957 0.009610 0.000185
v 0.014955 0.009610 0.000196
v 0.014957 0.009610 0.000185
v 0.014970 0.009610 0.000187
v 0.014968 0.009610 0.000192
v 0.014955 0.009610 0.000196
v 0.014948 0.009610 0.000190
v 0.014976 0.009610 0.000178
v 0.014972 0.009610 0.000182
v 0.014963 0.009610 0.000173
v 0.014972 0.009610 0.000182
v 0.014958 0.009610 0.000182
v 0.014963 0.009610 0.000173
v 0.014953 0.009610 0.000174
v 0.014954 0.009610 0.000172
v 0.014963 0.009610 0.000173
v 0.014976 0.009610 0.000178
v 0.014965 0.009610 0.000170
v 0.014973 0.009610 0.000163
v 0.014976 0.009610 0.000162
v 0.014980 0.009610 0.000175
v 0.014973 0.009610 0.000163
v 0.014980 0.009610 0.000175
v 0.014976 0.009610 0.000178
v 0.014973 0.009610 0.000163
v 0.014984 0.009610 0.000172
v 0.014980 0.009610 0.000175
v 0.014976 0.009610 0.000162
v 0.014963 0.009610 0.000161
v 0.014965 0.009610 0.000160
v 0.014973 0.009610 0.000163
v 0.014986 0.009610 0.000158
v 0.014984 0.009610 0.000172
v 0.014976 0.009610 0.000162
v 0.014976 0.009610 0.000162
v 0.014980 0.009610 0.000152
v 0.014986 0.009610 0.000158
v 0.014989 0.009610 0.000158
v 0.014989 0.009610 0.000171
v 0.014986 0.009610 0.000158
v 0.014989 0.009610 0.000171
v 0.014984 0.009610 0.000172
v 0.014986 0.009610 0.000158
v 0.015000 0.009610 0.000158
v 0.014993 0.009610 0.000150
v 0.014996 0.009610 0.000150
v 0.014989 0.009610 0.000158
v 0.014995 0.009610 0.000170
v 0.014989 0.009610 0.000158
v 0.015005 0.009610 0.000172
v 0.015003 0.009610 0.000158
v 0.015013 0.009610 0.000162
v 0.015005 0.009610 0.000172
v 0.015000 0.009610 0.000171
v 0.015000 0.009610 0.000171
v 0.015010 0.009610 0.000175
v 0.015016 0.009610 0.000163
v 0.015014 0.009610 0.000178
v 0.015012 0.009610 0.000153
v 0.015013 0.009610 0.000162
v 0.015010 0.009610 0.000152
v 0.015026 0.009610 0.000173
v 0.015014 0.009610 0.000178
v 0.015024 0.009610 0.000170
v 0.015014 0.009610 0.000178
v 0.015016 0.009610 0.000163
v 0.015024 0.009610 0.000170
v 0.015017 0.009610 0.000182
v 0.015014 0.009610 0.000178
v 0.015026 0.009610 0.000173
v 0.015024 0.009610 0.000160
v 0.015026 0.009610 0.000161
v 0.015024 0.009610 0.000170
v 0.015032 0.009610 0.000182
v 0.015026 0.009610 0.000173
v 0.015036 0.009610 0.000174
v 0.015026 0.009610 0.000173
v 0.015032 0.009610 0.000182
v 0.015017 0.009610 0.000182
v 0.015033 0.009610 0.000185
v 0.015020 0.009610 0.000187
v 0.015032 0.009610 0.000182
v 0.015020 0.009610 0.000187
v 0.015017 0.009610 0.000182
v 0.015032 0.009610 0.000182
v 0.015021 0.009610 0.000192
v 0.015020 0.009610 0.000187
v 0.015033 0.009610 0.000185
v 0.015035 0.009610 0.000196
v 0.015041 0.009610 0.000188
v 0.015042 0.009610 0.000190
v 0.015033 0.009610 0.000185
v 0.015035 0.009610 0.000196
v 0.015035 0.009610 0.000199
v 0.015022 0.009610 0.000197
v 0.015035 0.009610 0.000196
v 0.015022 0.009610 0.000197
v 0.015021 0.009610 0.000192
v 0.015035 0.009610 0.000196
v 0.015021 0.009610 0.000202
v 0.015035 0.009610 0.000199
v 0.015033 0.009610 0.000209
v 0.015041 0.009610 0.000207
v 0.015033 0.009610 0.000209
v 0.015035 0.009610 0.000199
v 0.015033 0.009610 0.000209
v 0.015020 0.009610 0.000208
v 0.015021 0.009610 0.000202
v 0.015035 0.009610 0.000199
v 0.015042 0.009610 0.000204
v 0.015014 0.009610 0.000216
v 0.015017 0.009610 0.000212
v 0.015026 0.009610 0.000222
v 0.015017 0.009610 0.000212
v 0.015032 0.009610 0.000212
v 0.015026 0.009610 0.000222
v 0.015036 0.009610 0.000220
v 0.015035 0.009610 0.000222
v 0.015026 0.009610 0.000222
v 0.015014 0.009610 0.000216
v 0.015024 0.009610 0.000224
v 0.015016 0.009610 0.000231
v 0.015013 0.009610 0.000233
v 0.015010 0.009610 0.000220
v 0.015016 0.009610 0.000231
v 0.015010 0.009610 0.000220
v 0.015014 0.009610 0.000216
v 0.015016 0.009610 0.000231
v 0.015005 0.009610 0.000222
v 0.015010 0.009610 0.000220
v 0.015013 0.009610 0.000233
v 0.015026 0.009610 0.000233
v 0.015024 0.009610 0.000234
v 0.015016 0.009610 0.000231
v 0.015003 0.009610 0.000236
v 0.015005 0.009610 0.000222
v 0.015013 0.009610 0.000233
v 0.015013 0.009610 0.000233
v 0.015010 0.009610 0.000242
v 0.015003 0.009610 0.000236
v 0.015000 0.009610 0.000237
v 0.015000 0.009610 0.000224
v 0.015003 0.009610 0.000236
v 0.015000 0.009610 0.000224
v 0.015005 0.009610 0.000222
v 0.015003 0.009610 0.000236
v 0.014989 0.009610 0.000237
v 0.014996 0.009610 0.000245
v 0.014993 0.009610 0.000245
v 0.015000 0.009610 0.000237
v 0.014989 0.009610 0.000237
v 0.014995 0.009610 0.000224
v 0.015000 0.009610 0.000237
v 0.014989 0.009610 0.000237
v 0.015000 0.009610 0.000171
v 0.014995 0.009610 0.000170
v 0.015013 0.009610 0.000162
v 0.014989 0.009610 0.000158
v 0.014995 0.009610 0.000170
v 0.014989 0.009610 0.000171
v 0.014977 0.009610 0.000153
v 0.014976 0.009610 0.000162
v 0.014973 0.009610 0.000163
v 0.014965 0.009610 0.000170
v 0.014965 0.009610 0.000170
v 0.014976 0.009610 0.000178
v 0.014963 0.009610 0.000173
v 0.014963 0.009610 0.000173
v 0.014958 0.009610 0.000182
v 0.014970 0.009610 0.000187
v 0.014958 0.009610 0.000182
v 0.014972 0.009610 0.000182
v 0.014957 0.009610 0.000209
v 0.014955 0.009610 0.000199
v 0.014968 0.009610 0.000202
v 0.014968 0.009610 0.000192
v 0.014968 0.009610 0.000197
v 0.014955 0.009610 0.000196
v 0.014963 0.009610 0.000222
v 0.014976 0.009610 0.000216
v 0.014965 0.009610 0.000224
v 0.014958 0.009610 0.000212
v 0.014963 0.009610 0.000222
v 0.014963 0.009610 0.000222
v 0.014972 0.009610 0.000212
v 0.014976 0.009610 0.000216
v 0.014973 0.009610 0.000231
v 0.014976 0.009610 0.000216
v 0.014980 0.009610 0.000220
v 0.014957 0.009610 0.000185
v 0.014958 0.009610 0.000182
v 0.014970 0.009610 0.000187
v 0.014980 0.009610 0.000220
v 0.014976 0.009610 0.000233
v 0.014973 0.009610 0.000231
v 0.014984 0.009610 0.000222
v 0.014989 0.009610 0.000224
v 0.014986 0.009610 0.000236
v 0.015000 0.009610 0.000237
v 0.014995 0.009610 0.000224
v 0.015000 0.009610 0.000224
v 0.014989 0.009610 0.000224
v 0.014995 0.009610 0.000224
v 0.014989 0.009610 0.000237
v 0.015012 0.009610 0.000241
v 0.015013 0.009610 0.000233
v 0.015016 0.009610 0.000231
v 0.015024 0.009610 0.000224
v 0.015024 0.009610 0.000224
v 0.015014 0.009610 0.000216
v 0.015026 0.009610 0.000222
v 0.015026 0.009610 0.000222
v 0.015032 0.009610 0.000212
v 0.015020 0.009610 0.000208
v 0.015032 0.009610 0.000212
v 0.015017 0.009610 0.000212
v 0.015033 0.009610 0.000185
v 0.015035 0.009610 0.000196
v 0.015021 0.009610 0.000192
v 0.015021 0.009610 0.000202
v 0.015022 0.009610 0.000197
v 0.015035 0.009610 0.000199
v 0.015035 0.009610 0.000172
v 0.015026 0.009610 0.000173
v 0.015024 0.009610 0.000170
v 0.015016 0.009610 0.000163
v 0.014989 0.009610 0.000224
v 0.014989 0.009610 0.000237
v 0.014986 0.009610 0.000236
v 0.015010 0.009610 0.000175
v 0.015005 0.009610 0.000172
v 0.015013 0.009610 0.000162
v 0.015033 0.009610 0.000209
v 0.015032 0.009610 0.000212
v 0.015020 0.009610 0.000208
v 0.015016 0.009610 0.000163
v 0.015010 0.009610 0.000175
v 0.015013 0.009610 0.000162
v 0.015003 0.009610 0.000158
v 0.015000 0.009610 0.000158
v 0.015003 0.009587 0.000158
v 0.015000 0.009610 0.000158
v 0.015000 0.009587 0.000158
v 0.015003 0.009587 0.000158
v 0.014996 0.009587 0.000150
v 0.014996 0.009610 0.000150
v 0.014993 0.009587 0.000150
v 0.014996 0.009610 0.000150
v 0.014993 0.009610 0.000150
v 0.014993 0.009587 0.000150
v 0.015000 0.009587 0.000158
v 0.015000 0.009610 0.000158
v 0.014996 0.009587 0.000150
v 0.015000 0.009610 0.000158
v 0.014996 0.009610 0.000150
v 0.014996 0.009587 0.000150
v 0.014993 0.009587 0.000150
v 0.014993 0.009610 0.000150
v 0.014989 0.009587 0.000158
v 0.014993 0.009610 0.000150
v 0.014989 0.009610 0.000158
v 0.014989 0.009587 0.000158
v 0.014980 0.009610 0.000152
v 0.014977 0.009610 0.000153
v 0.014980 0.009587 0.000152
v 0.014977 0.009610 0.000153
v 0.014977 0.009587 0.000153
v 0.014980 0.009587 0.000152
v 0.014986 0.009587 0.000158
v 0.014986 0.009610 0.000158
v 0.014980 0.009587 0.000152
v 0.014986 0.009610 0.000158
v 0.014980 0.009610 0.000152
v 0.014980 0.009587 0.000152
v 0.014977 0.009587 0.000153
v 0.014977 0.009610 0.000153
v 0.014976 0.009587 0.000162
v 0.014977 0.009610 0.000153
v 0.014976 0.009610 0.000162
v 0.014976 0.009587 0.000162
v 0.014965 0.009587 0.000160
v 0.014965 0.009610 0.000160
v 0.014963 0.009587 0.000161
v 0.014965 0.009610 0.000160
v 0.014963 0.009610 0.000161
v 0.014963 0.009587 0.000161
v 0.014973 0.009587 0.000163
v 0.014973 0.009610 0.000163
v 0.014965 0.009587 0.000160
v 0.014973 0.009610 0.000163
v 0.014965 0.009610 0.000160
v 0.014965 0.009587 0.000160
v 0.014963 0.009587 0.000161
v 0.014963 0.009610 0.000161
v 0.014965 0.009587 0.000170
v 0.014963 0.009610 0.000161
v 0.014965 0.009610 0.000170
v 0.014965 0.009587 0.000170
v 0.014954 0.009587 0.000172
v 0.014954 0.009610 0.000172
v 0.014953 0.009587 0.000174
v 0.014954 0.009610 0.000172
v 0.014953 0.009610 0.000174
v 0.014953 0.009587 0.000174
v 0.014963 0.009587 0.000173
v 0.014963 0.009610 0.000173
v 0.014954 0.009587 0.000172
v 0.014963 0.009610 0.000173
v 0.014954 0.009610 0.000172
v 0.014954 0.009587 0.000172
v 0.014953 0.009587 0.000174
v 0.014953 0.009610 0.000174
v 0.014958 0.009587 0.000182
v 0.014953 0.009610 0.000174
v 0.014958 0.009610 0.000182
v 0.014958 0.009587 0.000182
v 0.014948 0.009587 0.000188
v 0.014948 0.009610 0.000188
v 0.014948 0.009587 0.000190
v 0.014948 0.009610 0.000188
v 0.014948 0.009610 0.000190
v 0.014948 0.009587 0.000190
v 0.014957 0.009587 0.000185
v 0.014957 0.009610 0.000185
v 0.014948 0.009587 0.000188
v 0.014957 0.009610 0.000185
v 0.014948 0.009610 0.000188
v 0.014948 0.009587 0.000188
v 0.014948 0.009587 0.000190
v 0.014948 0.009610 0.000190
v 0.014955 0.009587 0.000196
v 0.014948 0.009610 0.000190
v 0.014955 0.009610 0.000196
v 0.014955 0.009587 0.000196
v 0.014948 0.009587 0.000204
v 0.014948 0.009610 0.000204
v 0.014948 0.009587 0.000207
v 0.014948 0.009610 0.000204
v 0.014948 0.009610 0.000207
v 0.014948 0.009587 0.000207
v 0.014955 0.009587 0.000199
v 0.014955 0.009610 0.000199
v 0.014948 0.009587 0.000204
v 0.014955 0.009610 0.000199
v 0.014948 0.009610 0.000204
v 0.014948 0.009587 0.000204
v 0.014948 0.009587 0.000207
v 0.014948 0.009610 0.000207
v 0.014957 0.009587 0.000209
v 0.014948 0.009610 0.000207
v 0.014957 0.009610 0.000209
v 0.014957 0.009587 0.000209
v 0.014953 0.009587 0.000220
v 0.014953 0.009610 0.000220
v 0.014954 0.009587 0.000222
v 0.014953 0.009610 0.000220
v 0.014954 0.009610 0.000222
v 0.014954 0.009587 0.000222
v 0.014958 0.009587 0.000212
v 0.014958 0.009610 0.000212
v 0.014953 0.009587 0.000220
v 0.014958 0.009610 0.000212
v 0.014953 0.009610 0.000220
v 0.014953 0.009587 0.000220
v 0.014954 0.009587 0.000222
v 0.014954 0.009610 0.000222
v 0.014963 0.009587 0.000222
v 0.014954 0.009610 0.000222
v 0.014963 0.009610 0.000222
v 0.014963 0.009587 0.000222
v 0.014963 0.009587 0.000233
v 0.014963 0.009610 0.000233
v 0.014965 0.009587 0.000234
v 0.014963 0.009610 0.000233
v 0.014965 0.009610 0.000234
v 0.014965 0.009587 0.000234
v 0.014965 0.009587 0.000224
v 0.014965 0.009610 0.000224
v 0.014963 0.009587 0.000233
v 0.014965 0.009610 0.000224
v 0.014963 0.009610 0.000233
v 0.014963 0.009587 0.000233
v 0.014965 0.009587 0.000234
v 0.014965 0.009610 0.000234
v 0.014973 0.009587 0.000231
v 0.014965 0.009610 0.000234
v 0.014973 0.009610 0.000231
v 0.014973 0.009587 0.000231
v 0.014977 0.009587 0.000241
v 0.014977 0.009610 0.000241
v 0.014980 0.009587 0.000242
v 0.014977 0.009610 0.000241
v 0.014980 0.009610 0.000242
v 0.014980 0.009587 0.000242
v 0.014976 0.009587 0.000233
v 0.014976 0.009610 0.000233
v 0.014977 0.009587 0.000241
v 0.014976 0.009610 0.000233
v 0.014977 0.009610 0.000241
v 0.014977 0.009587 0.000241
v 0.014980 0.009587 0.000242
v 0.014980 0.009610 0.000242
v 0.014986 0.009587 0.000236
v 0.014980 0.009610 0.000242
v 0.014986 0.009610 0.000236
v 0.014986 0.009587 0.000236
v 0.014993 0.009587 0.000245
v 0.014993 0.009610 0.000245
v 0.014996 0.009587 0.000245
v 0.014993 0.009610 0.000245
v 0.014996 0.009610 0.000245
v 0.014996 0.009587 0.000245
v 0.014989 0.009587 0.000237
v 0.014989 0.009610 0.000237
v 0.014993 0.009587 0.000245
v 0.014989 0.009610 0.000237
v 0.014993 0.009610 0.000245
v 0.014993 0.009587 0.000245
v 0.014996 0.009587 0.000245
v 0.014996 0.009610 0.000245
v 0.015000 0.009587 0.000237
v 0.014996 0.009610 0.000245
v 0.015000 0.009610 0.000237
v 0.015000 0.009587 0.000237
v 0.015010 0.009587 0.000242
v 0.015010 0.009610 0.000242
v 0.015012 0.009587 0.000241
v 0.015010 0.009610 0.000242
v 0.015012 0.009610 0.000241
v 0.015012 0.009587 0.000241
v 0.015003 0.009587 0.000236
v 0.015003 0.009610 0.000236
v 0.015010 0.009587 0.000242
v 0.015003 0.009610 0.000236
v 0.015010 0.009610 0.000242
v 0.015010 0.009587 0.000242
v 0.015012 0.009587 0.000241
v 0.015012 0.009610 0.000241
v 0.015013 0.009587 0.000233
v 0.015012 0.009610 0.000241
v 0.015013 0.009610 0.000233
v 0.015013 0.009587 0.000233
v 0.015024 0.009587 0.000234
v 0.015024 0.009610 0.000234
v 0.015026 0.009587 0.000233
v 0.015024 0.009610 0.000234
v 0.015026 0.009610 0.000233
v 0.015026 0.009587 0.000233
v 0.015016 0.009587 0.000231
v 0.015016 0.009610 0.000231
v 0.015024 0.009587 0.000234
v 0.015016 0.009610 0.000231
v 0.015024 0.009610 0.000234
v 0.015024 0.009587 0.000234
v 0.015026 0.009587 0.000233
v 0.015026 0.009610 0.000233
v 0.015024 0.009587 0.000224
v 0.015026 0.009610 0.000233
v 0.015024 0.009610 0.000224
v 0.015024 0.009587 0.000224
v 0.015035 0.009587 0.000222
v 0.015035 0.009610 0.000222
v 0.015036 0.009587 0.000220
v 0.015035 0.009610 0.000222
v 0.015036 0.009610 0.000220
v 0.015036 0.009587 0.000220
v 0.015026 0.009587 0.000222
v 0.015026 0.009610 0.000222
v 0.015035 0.009587 0.000222
v 0.015026 0.009610 0.000222
v 0.015035 0.009610 0.000222
v 0.015035 0.009587 0.000222
v 0.015036 0.009587 0.000220
v 0.015036 0.009610 0.000220
v 0.015032 0.009587 0.000212
v 0.015036 0.009610 0.000220
v 0.015032 0.009610 0.000212
v 0.015032 0.009587 0.000212
v 0.015041 0.009587 0.000207
v 0.015041 0.009610 0.000207
v 0.015042 0.009587 0.000204
v 0.015041 0.009610 0.000207
v 0.015042 0.009610 0.000204
v 0.015042 0.009587 0.000204
v 0.015033 0.009587 0.000209
v 0.015033 0.009610 0.000209
v 0.015041 0.009587 0.000207
v 0.015033 0.009610 0.000209
v 0.015041 0.009610 0.000207
v 0.015041 0.009587 0.000207
v 0.015042 0.009587 0.000204
v 0.015042 0.009610 0.000204
v 0.015035 0.009587 0.000199
v 0.015042 0.009610 0.000204
v 0.015035 0.009610 0.000199
v 0.015035 0.009587 0.000199
v 0.015042 0.009587 0.000190
v 0.015042 0.009610 0.000190
v 0.015041 0.009587 0.000188
v 0.015042 0.009610 0.000190
v 0.015041 0.009610 0.000188
v 0.015041 0.009587 0.000188
v 0.015035 0.009587 0.000196
v 0.015035 0.009610 0.000196
v 0.015042 0.009587 0.000190
v 0.015035 0.009610 0.000196
v 0.015042 0.009610 0.000190
v 0.015042 0.009587 0.000190
v 0.015041 0.009587 0.000188
v 0.015041 0.009610 0.000188
v 0.015033 0.009587 0.000185
v 0.015041 0.009610 0.000188
v 0.015033 0.009610 0.000185
v 0.015033 0.009587 0.000185
v 0.015036 0.009587 0.000174
v 0.015036 0.009610 0.000174
v 0.015035 0.009587 0.000172
v 0.015036 0.009610 0.000174
v 0.015035 0.009610 0.000172
v 0.015035 0.009587 0.000172
v 0.015032 0.009587 0.000182
v 0.015032 0.009610 0.000182
v 0.015036 0.009587 0.000174
v 0.015032 0.009610 0.000182
v 0.015036 0.009610 0.000174
v 0.015036 0.009587 0.000174
v 0.015035 0.009587 0.000172
v 0.015035 0.009610 0.000172
v 0.015026 0.009587 0.000173
v 0.015035 0.009610 0.000172
v 0.015026 0.009610 0.000173
v 0.015026 0.009587 0.000173
v 0.015026 0.009587 0.000161
v 0.015026 0.009610 0.000161
v 0.015024 0.009587 0.000160
v 0.015026 0.009610 0.000161
v 0.015024 0.009610 0.000160
v 0.015024 0.009587 0.000160
v 0.015024 0.009587 0.000170
v 0.015024 0.009610 0.000170
v 0.015026 0.009587 0.000161
v 0.015024 0.009610 0.000170
v 0.015026 0.009610 0.000161
v 0.015026 0.009587 0.000161
v 0.015024 0.009587 0.000160
v 0.015024 0.009610 0.000160
v 0.015016 0.009587 0.000163
v 0.015024 0.009610 0.000160
v 0.015016 0.009610 0.000163
v 0.015016 0.009587 0.000163
v 0.015012 0.009587 0.000153
v 0.015012 0.009610 0.000153
v 0.015010 0.009587 0.000152
v 0.015012 0.009610 0.000153
v 0.015010 0.009610 0.000152
v 0.015010 0.009587 0.000152
v 0.015013 0.009587 0.000162
v 0.015013 0.009610 0.000162
v 0.015012 0.009587 0.000153
v 0.015013 0.009610 0.000162
v 0.015012 0.009610 0.000153
v 0.015012 0.009587 0.000153
v 0.015010 0.009587 0.000152
v 0.015010 0.009610 0.000152
v 0.015003 0.009587 0.000158
v 0.015010 0.009610 0.000152
v 0.015003 0.009610 0.000158
v 0.015003 0.009587 0.000158
v 0.014989 0.009624 0.000224
v 0.014984 0.009624 0.000222
v 0.014985 0.009624 0.000246
v 0.014989 0.009624 0.000224
v 0.014995 0.009624 0.000224
v 0.014984 0.009624 0.000222
v 0.014980 0.009624 0.000220
v 0.014976 0.009624 0.000243
v 0.014980 0.009624 0.000220
v 0.014967 0.009624 0.000238
v 0.014976 0.009624 0.000216
v 0.014960 0.009624 0.000232
v 0.014972 0.009624 0.000212
v 0.014976 0.009624 0.000216
v 0.014953 0.009624 0.000225
v 0.014972 0.009624 0.000212
v 0.014970 0.009624 0.000208
v 0.014970 0.009624 0.000208
v 0.014949 0.009624 0.000216
v 0.014968 0.009624 0.000202
v 0.014946 0.009624 0.000207
v 0.014968 0.009624 0.000202
v 0.014968 0.009624 0.000197
v 0.014946 0.009624 0.000188
v 0.014968 0.009624 0.000192
v 0.014970 0.009624 0.000187
v 0.014945 0.009624 0.000197
v 0.014968 0.009624 0.000192
v 0.014949 0.009624 0.000178
v 0.014970 0.009624 0.000187
v 0.014972 0.009624 0.000182
v 0.014970 0.009624 0.000187
v 0.014953 0.009624 0.000170
v 0.014972 0.009624 0.000182
v 0.014976 0.009624 0.000178
v 0.014972 0.009624 0.000182
v 0.014960 0.009624 0.000162
v 0.014976 0.009624 0.000178
v 0.014980 0.009624 0.000175
v 0.014976 0.009624 0.000178
v 0.014967 0.009624 0.000156
v 0.014980 0.009624 0.000175
v 0.014984 0.009624 0.000172
v 0.014980 0.009624 0.000175
v 0.014976 0.009624 0.000151
v 0.014984 0.009624 0.000172
v 0.014989 0.009624 0.000171
v 0.014984 0.009624 0.000172
v 0.014985 0.009624 0.000149
v 0.014989 0.009624 0.000171
v 0.014995 0.009624 0.000170
v 0.014989 0.009624 0.000171
v 0.014995 0.009624 0.000148
v 0.014995 0.009624 0.000170
v 0.015000 0.009624 0.000171
v 0.014995 0.009624 0.000170
v 0.015004 0.009624 0.000149
v 0.015000 0.009624 0.000171
v 0.015005 0.009624 0.000172
v 0.015000 0.009624 0.000171
v 0.015014 0.009624 0.000151
v 0.015005 0.009624 0.000172
v 0.015010 0.009624 0.000175
v 0.015005 0.009624 0.000172
v 0.015022 0.009624 0.000156
v 0.015010 0.009624 0.000175
v 0.015014 0.009624 0.000178
v 0.015010 0.009624 0.000175
v 0.015030 0.009624 0.000162
v 0.015014 0.009624 0.000178
v 0.015017 0.009624 0.000182
v 0.015014 0.009624 0.000178
v 0.015036 0.009624 0.000170
v 0.015017 0.009624 0.000182
v 0.015020 0.009624 0.000187
v 0.015017 0.009624 0.000182
v 0.015040 0.009624 0.000178
v 0.015020 0.009624 0.000187
v 0.015021 0.009624 0.000192
v 0.015020 0.009624 0.000187
v 0.015043 0.009624 0.000188
v 0.015021 0.009624 0.000192
v 0.015022 0.009624 0.000197
v 0.015021 0.009624 0.000192
v 0.015044 0.009624 0.000197
v 0.015022 0.009624 0.000197
v 0.015021 0.009624 0.000202
v 0.015022 0.009624 0.000197
v 0.015043 0.009624 0.000207
v 0.015021 0.009624 0.000202
v 0.015020 0.009624 0.000208
v 0.015021 0.009624 0.000202
v 0.015040 0.009624 0.000216
v 0.015020 0.009624 0.000208
v 0.015017 0.009624 0.000212
v 0.015020 0.009624 0.000208
v 0.015036 0.009624 0.000225
v 0.015017 0.009624 0.000212
v 0.015014 0.009624 0.000216
v 0.015017 0.009624 0.000212
v 0.015030 0.009624 0.000232
v 0.015014 0.009624 0.000216
v 0.015010 0.009624 0.000220
v 0.015014 0.009624 0.000216
v 0.015022 0.009624 0.000238
v 0.015010 0.009624 0.000220
v 0.015005 0.009624 0.000222
v 0.015010 0.009624 0.000220
v 0.014995 0.009624 0.000224
v 0.014995 0.009624 0.000247
v 0.015004 0.009624 0.000246
v 0.014995 0.009624 0.000224
v 0.014968 0.009624 0.000197
v 0.014972 0.009624 0.000212
v 0.014970 0.009624 0.000208
v 0.014968 0.009624 0.000202
v 0.014984 0.009624 0.000222
v 0.014995 0.009624 0.000224
v 0.015000 0.009624 0.000224
v 0.015014 0.009624 0.000243
v 0.015000 0.009624 0.000224
v 0.015005 0.009624 0.000222
v 0.015000 0.009624 0.000224
v 0.014968 0.009624 0.000192
v 0.014968 0.009624 0.000197
v 0.015005 0.009624 0.000222
v 0.014976 0.009624 0.000216
v 0.014980 0.009624 0.000220
v 0.014985 0.009695 0.000149
v 0.014976 0.009695 0.000151
v 0.014985 0.009624 0.000149
v 0.014976 0.009695 0.000151
v 0.014967 0.009695 0.000156
v 0.014976 0.009624 0.000151
v 0.014967 0.009695 0.000156
v 0.014967 0.009624 0.000156
v 0.014976 0.009624 0.000151
v 0.014960 0.009695 0.000162
v 0.014960 0.009624 0.000162
v 0.014967 0.009624 0.000156
v 0.014953 0.009695 0.000170
v 0.014960 0.009624 0.000162
v 0.014960 0.009695 0.000162
v 0.014949 0.009695 0.000178
v 0.014953 0.009624 0.000170
v 0.014953 0.009695 0.000170
v 0.014949 0.009624 0.000178
v 0.014953 0.009624 0.000170
v 0.014949 0.009695 0.000178
v 0.014946 0.009624 0.000188
v 0.014949 0.009624 0.000178
v 0.014946 0.009695 0.000188
v 0.014946 0.009624 0.000188
v 0.014946 0.009695 0.000188
v 0.014945 0.009695 0.000197
v 0.014945 0.009624 0.000197
v 0.014945 0.009695 0.000197
v 0.014946 0.009695 0.000207
v 0.014945 0.009624 0.000197
v 0.014946 0.009695 0.000207
v 0.014946 0.009624 0.000207
v 0.014946 0.009624 0.000207
v 0.014949 0.009695 0.000216
v 0.014949 0.009624 0.000216
v 0.014949 0.009695 0.000216
v 0.014953 0.009695 0.000225
v 0.014949 0.009624 0.000216
v 0.014953 0.009695 0.000225
v 0.014960 0.009695 0.000232
v 0.014953 0.009624 0.000225
v 0.014960 0.009695 0.000232
v 0.014960 0.009624 0.000232
v 0.014953 0.009624 0.000225
v 0.014967 0.009695 0.000238
v 0.014967 0.009624 0.000238
v 0.014960 0.009624 0.000232
v 0.014976 0.009695 0.000243
v 0.014967 0.009624 0.000238
v 0.014967 0.009695 0.000238
v 0.014985 0.009695 0.000246
v 0.014976 0.009624 0.000243
v 0.014976 0.009695 0.000243
v 0.014985 0.009624 0.000246
v 0.014976 0.009624 0.000243
v 0.014985 0.009695 0.000246
v 0.014995 0.009624 0.000247
v 0.014985 0.009624 0.000246
v 0.014995 0.009695 0.000247
v 0.014995 0.009624 0.000247
v 0.014995 0.009695 0.000247
v 0.015004 0.009695 0.000246
v 0.015004 0.009624 0.000246
v 0.015004 0.009695 0.000246
v 0.015014 0.009695 0.000243
v 0.015004 0.009624 0.000246
v 0.015014 0.009695 0.000243
v 0.015014 0.009624 0.000243
v 0.015014 0.009624 0.000243
v 0.015022 0.009695 0.000238
v 0.015022 0.009624 0.000238
v 0.015022 0.009695 0.000238
v 0.015030 0.009695 0.000232
v 0.015022 0.009624 0.000238
v 0.015030 0.009695 0.000232
v 0.015036 0.009695 0.000225
v 0.015030 0.009624 0.000232
v 0.015036 0.009695 0.000225
v 0.015036 0.009624 0.000225
v 0.015030 0.009624 0.000232
v 0.015040 0.009695 0.000216
v 0.015040 0.009624 0.000216
v 0.015036 0.009624 0.000225
v 0.015043 0.009695 0.000207
v 0.015040 0.009624 0.000216
v 0.015040 0.009695 0.000216
v 0.015044 0.009695 0.000197
v 0.015043 0.009624 0.000207
v 0.015043 0.009695 0.000207
v 0.015043 0.009624 0.000188
v 0.015040 0.009695 0.000178
v 0.015040 0.009624 0.000178
v 0.015040 0.009624 0.000178
v 0.015040 0.009695 0.000178
v 0.015036 0.009695 0.000170
v 0.014976 0.009695 0.000151
v 0.014976 0.009624 0.000151
v 0.014985 0.009624 0.000149
v 0.015004 0.009624 0.000149
v 0.015004 0.009695 0.000149
v 0.014995 0.009695 0.000148
v 0.015014 0.009624 0.000151
v 0.015004 0.009695 0.000149
v 0.015004 0.009624 0.000149
v 0.015014 0.009695 0.000151
v 0.015004 0.009695 0.000149
v 0.015014 0.009624 0.000151
v 0.015014 0.009695 0.000151
v 0.015014 0.009624 0.000151
v 0.015022 0.009624 0.000156
v 0.015014 0.009695 0.000151
v 0.015022 0.009624 0.000156
v 0.015022 0.009695 0.000156
v 0.015022 0.009624 0.000156
v 0.015030 0.009624 0.000162
v 0.015022 0.009695 0.000156
v 0.015030 0.009624 0.000162
v 0.015030 0.009695 0.000162
v 0.015022 0.009695 0.000156
v 0.015036 0.009624 0.000170
v 0.015030 0.009695 0.000162
v 0.015030 0.009624 0.000162
v 0.015036 0.009695 0.000170
v 0.015030 0.009695 0.000162
v 0.015036 0.009624 0.000170
v 0.015036 0.009695 0.000170
v 0.015036 0.009624 0.000170
v 0.015040 0.009624 0.000178
v 0.015040 0.009695 0.000178
v 0.015043 0.009624 0.000188
v 0.015043 0.009695 0.000188
v 0.015043 0.009624 0.000188
v 0.015044 0.009624 0.000197
v 0.015043 0.009695 0.000188
v 0.015044 0.009624 0.000197
v 0.015044 0.009695 0.000197
v 0.015043 0.009695 0.000188
v 0.015043 0.009624 0.000207
v 0.015044 0.009695 0.000197
v 0.015044 0.009624 0.000197
v 0.015043 0.009695 0.000207
v 0.015043 0.009624 0.000207
v 0.015040 0.009624 0.000216
v 0.015036 0.009695 0.000225
v 0.015040 0.009695 0.000216
v 0.015036 0.009624 0.000225
v 0.015022 0.009624 0.000238
v 0.015030 0.009695 0.000232
v 0.015030 0.009624 0.000232
v 0.015014 0.009624 0.000243
v 0.015014 0.009695 0.000243
v 0.015022 0.009695 0.000238
v 0.015004 0.009624 0.000246
v 0.014995 0.009624 0.000247
v 0.015004 0.009695 0.000246
v 0.014995 0.009695 0.000247
v 0.014985 0.009624 0.000246
v 0.014985 0.009695 0.000246
v 0.014976 0.009695 0.000243
v 0.014976 0.009624 0.000243
v 0.014967 0.009624 0.000238
v 0.014960 0.009695 0.000232
v 0.014967 0.009695 0.000238
v 0.014960 0.009624 0.000232
v 0.014949 0.009624 0.000216
v 0.014953 0.009695 0.000225
v 0.014953 0.009624 0.000225
v 0.014946 0.009624 0.000207
v 0.014946 0.009695 0.000207
v 0.014949 0.009695 0.000216
v 0.014945 0.009624 0.000197
v 0.014946 0.009624 0.000188
v 0.014945 0.009695 0.000197
v 0.014946 0.009695 0.000188
v 0.014949 0.009624 0.000178
v 0.014949 0.009695 0.000178
v 0.014953 0.009695 0.000170
v 0.014953 0.009624 0.000170
v 0.014960 0.009624 0.000162
v 0.014967 0.009695 0.000156
v 0.014960 0.009695 0.000162
v 0.014967 0.009624 0.000156
v 0.014985 0.009624 0.000149
v 0.014995 0.009624 0.000148
v 0.014995 0.009695 0.000148
v 0.014995 0.009624 0.000148
v 0.015004 0.009624 0.000149
v 0.014995 0.009695 0.000148
v 0.014985 0.009624 0.000149
v 0.014995 0.009695 0.000148
v 0.014985 0.009695 0.000149
v 0.015242 0.009727 0.000267
v 0.015067 0.009677 0.000267
v 0.015209 0.009695 0.000267
v 0.015209 0.009695 0.000267
v 0.015316 0.009726 0.000267
v 0.015316 0.009726 0.000267
v 0.015417 0.009777 0.000267
v 0.015423 0.009757 0.000267
v 0.015316 0.009726 0.000267
v 0.015209 0.009695 0.000267
v 0.015364 0.009781 0.000147
v 0.015316 0.009767 0.000147
v 0.015371 0.009757 0.000147
v 0.015364 0.009781 0.000147
v 0.015395 0.009764 0.000147
v 0.015412 0.009795 0.000147
v 0.015316 0.009767 0.000147
v 0.015323 0.009743 0.000147
v 0.015371 0.009757 0.000147
v 0.015395 0.009764 0.000147
v 0.015364 0.009781 0.000147
v 0.015371 0.009757 0.000147
v 0.015407 0.009767 0.000147
v 0.015419 0.009771 0.000147
v 0.015412 0.009795 0.000147
v 0.015407 0.009767 0.000147
v 0.015412 0.009795 0.000147
v 0.015395 0.009764 0.000147
v 0.015307 0.009765 0.000148
v 0.015323 0.009743 0.000147
v 0.015316 0.009767 0.000147
v 0.015298 0.009762 0.000151
v 0.015313 0.009741 0.000148
v 0.015307 0.009765 0.000148
v 0.015304 0.009738 0.000151
v 0.015313 0.009741 0.000148
v 0.015298 0.009762 0.000151
v 0.015296 0.009736 0.000156
v 0.015304 0.009738 0.000151
v 0.015289 0.009760 0.000156
v 0.015296 0.009736 0.000156
v 0.015289 0.009760 0.000156
v 0.015282 0.009757 0.000162
v 0.015289 0.009733 0.000162
v 0.015282 0.009757 0.000162
v 0.015276 0.009756 0.000169
v 0.015283 0.009732 0.000169
v 0.015276 0.009756 0.000169
v 0.015272 0.009754 0.000178
v 0.015283 0.009732 0.000169
v 0.015272 0.009754 0.000178
v 0.015278 0.009730 0.000178
v 0.015278 0.009730 0.000178
v 0.015269 0.009754 0.000187
v 0.015276 0.009730 0.000187
v 0.015268 0.009753 0.000197
v 0.015276 0.009730 0.000207
v 0.015275 0.009729 0.000197
v 0.015269 0.009754 0.000207
v 0.015276 0.009730 0.000207
v 0.015268 0.009753 0.000197
v 0.015272 0.009754 0.000216
v 0.015278 0.009730 0.000216
v 0.015269 0.009754 0.000207
v 0.015282 0.009757 0.000233
v 0.015289 0.009733 0.000233
v 0.015276 0.009756 0.000225
v 0.015323 0.009743 0.000247
v 0.015313 0.009741 0.000246
v 0.015307 0.009765 0.000246
v 0.015289 0.009760 0.000239
v 0.015304 0.009738 0.000243
v 0.015296 0.009736 0.000239
v 0.015307 0.009765 0.000246
v 0.015316 0.009767 0.000247
v 0.015323 0.009743 0.000247
v 0.015298 0.009762 0.000243
v 0.015307 0.009765 0.000246
v 0.015313 0.009741 0.000246
v 0.015298 0.009762 0.000243
v 0.015313 0.009741 0.000246
v 0.015304 0.009738 0.000243
v 0.015298 0.009762 0.000243
v 0.015304 0.009738 0.000243
v 0.015289 0.009760 0.000239
v 0.015289 0.009760 0.000239
v 0.015296 0.009736 0.000239
v 0.015282 0.009757 0.000233
v 0.015296 0.009736 0.000239
v 0.015289 0.009733 0.000233
v 0.015282 0.009757 0.000233
v 0.015289 0.009733 0.000233
v 0.015283 0.009732 0.000225
v 0.015276 0.009756 0.000225
v 0.015283 0.009732 0.000225
v 0.015272 0.009754 0.000216
v 0.015276 0.009756 0.000225
v 0.015278 0.009730 0.000216
v 0.015272 0.009754 0.000216
v 0.015283 0.009732 0.000225
v 0.015276 0.009730 0.000207
v 0.015269 0.009754 0.000207
v 0.015278 0.009730 0.000216
v 0.015275 0.009729 0.000197
v 0.015276 0.009730 0.000187
v 0.015268 0.009753 0.000197
v 0.015276 0.009730 0.000187
v 0.015269 0.009754 0.000187
v 0.015268 0.009753 0.000197
v 0.015278 0.009730 0.000178
v 0.015272 0.009754 0.000178
v 0.015269 0.009754 0.000187
v 0.015282 0.009757 0.000162
v 0.015289 0.009733 0.000162
v 0.015296 0.009736 0.000156
v 0.015298 0.009762 0.000151
v 0.015289 0.009760 0.000156
v 0.015304 0.009738 0.000151
v 0.015276 0.009756 0.000169
v 0.015283 0.009732 0.000169
v 0.015289 0.009733 0.000162
v 0.015307 0.009765 0.000148
v 0.015313 0.009741 0.000148
v 0.015323 0.009743 0.000147
v 0.015364 0.009781 0.000247
v 0.015395 0.009764 0.000247
v 0.015371 0.009757 0.000247
v 0.015412 0.009795 0.000247
v 0.015407 0.009767 0.000247
v 0.015395 0.009764 0.000247
v 0.015412 0.009795 0.000247
v 0.015419 0.009771 0.000247
v 0.015407 0.009767 0.000247
v 0.015412 0.009795 0.000247
v 0.015395 0.009764 0.000247
v 0.015364 0.009781 0.000247
v 0.015316 0.009767 0.000247
v 0.015364 0.009781 0.000247
v 0.015371 0.009757 0.000247
v 0.015323 0.009743 0.000247
v 0.015316 0.009767 0.000247
v 0.015371 0.009757 0.000247
v 0.015421 0.009797 0.000246
v 0.015419 0.009771 0.000247
v 0.015412 0.009795 0.000247
v 0.015438 0.009756 0.000245
v 0.015432 0.009754 0.000247
v 0.015421 0.009797 0.000246
v 0.015445 0.009757 0.000242
v 0.015430 0.009800 0.000243
v 0.015451 0.009759 0.000239
v 0.015439 0.009802 0.000239
v 0.015439 0.009802 0.000239
v 0.015457 0.009761 0.000234
v 0.015446 0.009805 0.000233
v 0.015462 0.009762 0.000229
v 0.015452 0.009806 0.000225
v 0.015466 0.009763 0.000223
v 0.015460 0.009809 0.000197
v 0.015473 0.009765 0.000195
v 0.015472 0.009765 0.000202
v 0.015459 0.009808 0.000187
v 0.015470 0.009765 0.000180
v 0.015472 0.009765 0.000187
v 0.015457 0.009808 0.000178
v 0.015467 0.009764 0.000174
v 0.015452 0.009806 0.000169
v 0.015457 0.009808 0.000178
v 0.015446 0.009805 0.000162
v 0.015463 0.009763 0.000167
v 0.015452 0.009806 0.000169
v 0.015453 0.009760 0.000157
v 0.015458 0.009761 0.000162
v 0.015446 0.009805 0.000162
v 0.015446 0.009805 0.000162
v 0.015439 0.009802 0.000156
v 0.015447 0.009758 0.000153
v 0.015439 0.009802 0.000156
v 0.015430 0.009800 0.000151
v 0.015434 0.009754 0.000148
v 0.015421 0.009797 0.000148
v 0.015419 0.009771 0.000147
v 0.015430 0.009800 0.000151
v 0.015421 0.009797 0.000148
v 0.015441 0.009756 0.000150
v 0.015427 0.009752 0.000147
v 0.015419 0.009771 0.000147
v 0.015420 0.009750 0.000147
v 0.015419 0.009771 0.000147
v 0.015410 0.009768 0.000148
v 0.015410 0.009768 0.000148
v 0.015413 0.009748 0.000149
v 0.015401 0.009765 0.000151
v 0.015406 0.009746 0.000151
v 0.015401 0.009765 0.000151
v 0.015392 0.009763 0.000156
v 0.015400 0.009744 0.000154
v 0.015392 0.009763 0.000156
v 0.015385 0.009761 0.000162
v 0.015394 0.009743 0.000159
v 0.015385 0.009761 0.000162
v 0.015379 0.009759 0.000169
v 0.015389 0.009741 0.000164
v 0.015379 0.009759 0.000169
v 0.015385 0.009740 0.000169
v 0.015375 0.009758 0.000178
v 0.015381 0.009739 0.000176
v 0.015379 0.009759 0.000169
v 0.015372 0.009757 0.000187
v 0.015379 0.009738 0.000183
v 0.015375 0.009758 0.000178
v 0.015371 0.009757 0.000197
v 0.015377 0.009738 0.000190
v 0.015372 0.009757 0.000187
v 0.015372 0.009757 0.000207
v 0.015375 0.009758 0.000216
v 0.015380 0.009739 0.000216
v 0.015391 0.009742 0.000233
v 0.015379 0.009759 0.000225
v 0.015385 0.009761 0.000233
v 0.015401 0.009765 0.000243
v 0.015406 0.009746 0.000243
v 0.015392 0.009763 0.000239
v 0.015398 0.009744 0.000239
v 0.015392 0.009763 0.000239
v 0.015410 0.009768 0.000246
v 0.015425 0.009752 0.000247
v 0.015415 0.009749 0.000246
v 0.015410 0.009768 0.000246
v 0.015401 0.009765 0.000243
v 0.015401 0.009765 0.000243
v 0.015392 0.009763 0.000239
v 0.015385 0.009761 0.000233
v 0.015385 0.009761 0.000233
v 0.015385 0.009740 0.000225
v 0.015379 0.009759 0.000225
v 0.015410 0.009768 0.000246
v 0.015419 0.009771 0.000247
v 0.015375 0.009758 0.000216
v 0.015379 0.009759 0.000225
v 0.015375 0.009758 0.000216
v 0.015372 0.009757 0.000207
v 0.015377 0.009738 0.000207
v 0.015372 0.009757 0.000207
v 0.015371 0.009757 0.000197
v 0.015376 0.009738 0.000197
v 0.015371 0.009757 0.000197
v 0.015371 0.009757 0.000197
v 0.015372 0.009757 0.000187
v 0.015375 0.009758 0.000178
v 0.015379 0.009759 0.000169
v 0.015385 0.009761 0.000162
v 0.015392 0.009763 0.000156
v 0.015401 0.009765 0.000151
v 0.015401 0.009765 0.000151
v 0.015410 0.009768 0.000148
v 0.015419 0.009771 0.000147
v 0.015412 0.009795 0.000147
v 0.015419 0.009771 0.000147
v 0.015421 0.009797 0.000148
v 0.015421 0.009797 0.000148
v 0.015430 0.009800 0.000151
v 0.015439 0.009802 0.000156
v 0.015446 0.009805 0.000162
v 0.015457 0.009808 0.000178
v 0.015459 0.009808 0.000187
v 0.015459 0.009808 0.000207
v 0.015460 0.009809 0.000197
v 0.015471 0.009765 0.000209
v 0.015459 0.009808 0.000207
v 0.015457 0.009808 0.000216
v 0.015459 0.009808 0.000207
v 0.015457 0.009808 0.000216
v 0.015469 0.009764 0.000216
v 0.015457 0.009808 0.000216
v 0.015457 0.009808 0.000216
v 0.015452 0.009806 0.000225
v 0.015452 0.009806 0.000225
v 0.015446 0.009805 0.000233
v 0.015446 0.009805 0.000233
v 0.015439 0.009802 0.000239
v 0.015430 0.009800 0.000243
v 0.015439 0.009802 0.000239
v 0.015419 0.009771 0.000247
v 0.015452 0.009806 0.000169
v 0.015459 0.009808 0.000187
v 0.015421 0.009797 0.000246
v 0.015419 0.009771 0.000247
v 0.015460 0.009809 0.000197
v 0.015459 0.009808 0.000187
v 0.015430 0.009800 0.000243
v 0.015421 0.009797 0.000246
v 0.015430 0.009759 0.000128
v 0.015424 0.009779 0.000128
v 0.015430 0.009781 0.000129
v 0.015437 0.009783 0.000130
v 0.015436 0.009761 0.000129
v 0.015443 0.009763 0.000130
v 0.015443 0.009784 0.000133
v 0.015449 0.009764 0.000133
v 0.015449 0.009786 0.000135
v 0.015455 0.009788 0.000139
v 0.015455 0.009766 0.000135
v 0.015460 0.009768 0.000139
v 0.015460 0.009789 0.000143
v 0.015466 0.009769 0.000143
v 0.015465 0.009791 0.000148
v 0.015471 0.009771 0.000148
v 0.015469 0.009792 0.000153
v 0.015475 0.009772 0.000153
v 0.015479 0.009773 0.000158
v 0.015473 0.009793 0.000158
v 0.015479 0.009795 0.000170
v 0.015482 0.009774 0.000164
v 0.015477 0.009794 0.000164
v 0.015485 0.009775 0.000170
v 0.015482 0.009795 0.000177
v 0.015487 0.009775 0.000177
v 0.015483 0.009796 0.000184
v 0.015489 0.009776 0.000184
v 0.015484 0.009796 0.000190
v 0.015490 0.009776 0.000190
v 0.015484 0.009796 0.000197
v 0.015490 0.009776 0.000204
v 0.015490 0.009776 0.000197
v 0.015484 0.009796 0.000204
v 0.015489 0.009776 0.000211
v 0.015483 0.009796 0.000211
v 0.015487 0.009775 0.000217
v 0.015482 0.009795 0.000217
v 0.015479 0.009795 0.000224
v 0.015477 0.009794 0.000230
v 0.015482 0.009774 0.000230
v 0.015473 0.009793 0.000236
v 0.015479 0.009773 0.000236
v 0.015469 0.009792 0.000242
v 0.015471 0.009771 0.000247
v 0.015475 0.009772 0.000242
v 0.015465 0.009791 0.000247
v 0.015466 0.009769 0.000251
v 0.015455 0.009788 0.000255
v 0.015460 0.009768 0.000255
v 0.015460 0.009789 0.000251
v 0.015449 0.009786 0.000259
v 0.015455 0.009766 0.000259
v 0.015423 0.009757 0.000267
v 0.015424 0.009779 0.000267
v 0.015423 0.009757 0.000267
v 0.015430 0.009759 0.000267
v 0.015443 0.009763 0.000264
v 0.015449 0.009764 0.000262
v 0.015443 0.009784 0.000262
v 0.015430 0.009781 0.000266
v 0.015436 0.009761 0.000266
v 0.015437 0.009783 0.000264
v 0.015485 0.009775 0.000224
v 0.015433 0.009731 0.000182
v 0.015435 0.009734 0.000172
v 0.015438 0.009734 0.000177
v 0.015433 0.009731 0.000212
v 0.015435 0.009734 0.000223
v 0.015435 0.009731 0.000207
v 0.015438 0.009734 0.000218
v 0.015458 0.009751 0.000235
v 0.015457 0.009754 0.000242
v 0.015452 0.009746 0.000233
v 0.015464 0.009753 0.000230
v 0.015466 0.009760 0.000239
v 0.015458 0.009751 0.000159
v 0.015457 0.009754 0.000153
v 0.015466 0.009760 0.000156
v 0.015452 0.009746 0.000161
v 0.015463 0.009746 0.000186
v 0.015458 0.009742 0.000185
v 0.015469 0.009752 0.000181
v 0.015461 0.009744 0.000192
v 0.015448 0.009736 0.000195
v 0.015455 0.009740 0.000197
v 0.015439 0.009732 0.000197
v 0.015449 0.009737 0.000189
v 0.015460 0.009743 0.000202
v 0.015465 0.009747 0.000200
v 0.015465 0.009748 0.000206
v 0.015448 0.009736 0.000200
v 0.015450 0.009740 0.000173
v 0.015456 0.009745 0.000169
v 0.015455 0.009742 0.000180
v 0.015447 0.009740 0.000169
v 0.015450 0.009740 0.000221
v 0.015456 0.009745 0.000225
v 0.015445 0.009736 0.000213
v 0.015455 0.009742 0.000215
v 0.015473 0.009757 0.000174
v 0.015479 0.009764 0.000174
v 0.015473 0.009755 0.000186
v 0.015469 0.009756 0.000168
v 0.015476 0.009764 0.000167
v 0.015483 0.009767 0.000179
v 0.015487 0.009775 0.000177
v 0.015489 0.009776 0.000184
v 0.015485 0.009775 0.000170
v 0.015483 0.009767 0.000215
v 0.015487 0.009775 0.000217
v 0.015485 0.009775 0.000224
v 0.015480 0.009762 0.000208
v 0.015483 0.009766 0.000203
v 0.015472 0.009754 0.000207
v 0.015469 0.009752 0.000213
v 0.015477 0.009760 0.000214
v 0.015479 0.009764 0.000220
v 0.015469 0.009756 0.000226
v 0.015471 0.009752 0.000197
v 0.015479 0.009760 0.000197
v 0.015469 0.009750 0.000192
v 0.015437 0.009738 0.000162
v 0.015442 0.009739 0.000165
v 0.015437 0.009738 0.000233
v 0.015442 0.009739 0.000229
v 0.015480 0.009762 0.000187
v 0.015473 0.009765 0.000158
v 0.015475 0.009772 0.000153
v 0.015479 0.009773 0.000158
v 0.015471 0.009771 0.000148
v 0.015473 0.009765 0.000236
v 0.015475 0.009772 0.000242
v 0.015471 0.009771 0.000247
v 0.015476 0.009764 0.000227
v 0.015479 0.009773 0.000236
v 0.015447 0.009745 0.000236
v 0.015447 0.009740 0.000225
v 0.015446 0.009749 0.000246
v 0.015439 0.009743 0.000241
v 0.015447 0.009745 0.000158
v 0.015439 0.009743 0.000154
v 0.015434 0.009746 0.000145
v 0.015437 0.009752 0.000139
v 0.015446 0.009749 0.000148
v 0.015434 0.009746 0.000250
v 0.015437 0.009752 0.000256
v 0.015461 0.009763 0.000145
v 0.015460 0.009768 0.000139
v 0.015466 0.009769 0.000143
v 0.015453 0.009756 0.000145
v 0.015461 0.009763 0.000250
v 0.015460 0.009768 0.000255
v 0.015455 0.009766 0.000259
v 0.015466 0.009769 0.000251
v 0.015460 0.009768 0.000255
v 0.015490 0.009776 0.000204
v 0.015489 0.009776 0.000211
v 0.015483 0.009766 0.000191
v 0.015462 0.009748 0.000220
v 0.015458 0.009742 0.000209
v 0.015462 0.009748 0.000174
v 0.015445 0.009736 0.000182
v 0.015446 0.009757 0.000138
v 0.015449 0.009764 0.000133
v 0.015455 0.009766 0.000135
v 0.015443 0.009763 0.000130
v 0.015446 0.009757 0.000256
v 0.015449 0.009764 0.000262
v 0.015443 0.009763 0.000264
v 0.015453 0.009756 0.000249
v 0.015455 0.009766 0.000259
v 0.015464 0.009753 0.000164
v 0.015479 0.009773 0.000236
v 0.015475 0.009772 0.000242
v 0.015438 0.009732 0.000204
v 0.015449 0.009737 0.000205
v 0.015435 0.009731 0.000187
v 0.015438 0.009732 0.000190
v 0.015455 0.009766 0.000135
v 0.015460 0.009768 0.000139
v 0.015471 0.009771 0.000148
v 0.015475 0.009772 0.000153
v 0.015471 0.009771 0.000247
v 0.015466 0.009769 0.000251
v 0.015485 0.009775 0.000170
v 0.015487 0.009775 0.000177
v 0.015482 0.009774 0.000164
v 0.015479 0.009773 0.000158
v 0.015485 0.009775 0.000224
v 0.015482 0.009774 0.000230
v 0.015436 0.009761 0.000129
v 0.015443 0.009763 0.000130
v 0.015436 0.009761 0.000266
v 0.015430 0.009759 0.000267
v 0.015489 0.009776 0.000184
v 0.015490 0.009776 0.000190
v 0.015489 0.009776 0.000211
v 0.015487 0.009775 0.000217
v 0.015471 0.009771 0.000148
v 0.015485 0.009775 0.000170
v 0.015482 0.009774 0.000164
v 0.015490 0.009776 0.000197
v 0.015455 0.009766 0.000135
v 0.015443 0.009763 0.000264
v 0.015489 0.009776 0.000184
v 0.015479 0.009773 0.000158
v 0.015489 0.009776 0.000211
v 0.015430 0.009759 0.000128
v 0.015436 0.009761 0.000129
v 0.015430 0.009759 0.000128
v 0.015443 0.009763 0.000130
v 0.015449 0.009764 0.000133
v 0.015455 0.009766 0.000135
v 0.015482 0.009774 0.000230
v 0.015479 0.009773 0.000236
v 0.015485 0.009775 0.000224
v 0.015471 0.009771 0.000247
v 0.015430 0.009759 0.000267
v 0.015430 0.009759 0.000267
v 0.015443 0.009763 0.000264
v 0.015436 0.009761 0.000266
v 0.015455 0.009766 0.000259
v 0.015449 0.009764 0.000262
v 0.015455 0.009766 0.000259
v 0.015471 0.009771 0.000247
v 0.015485 0.009775 0.000224
v 0.015490 0.009776 0.000197
v 0.015490 0.009776 0.000204
v 0.015490 0.009776 0.000190
v 0.015490 0.009776 0.000197
v 0.015485 0.009775 0.000170
v 0.015430 0.009759 0.000128
v 0.015423 0.009757 0.000127
v 0.015471 0.009771 0.000148
v 0.015466 0.009769 0.000143
v 0.015067 0.009677 0.000127
v 0.014995 0.009677 0.000127
v 0.015065 0.009695 0.000141
v 0.014995 0.009695 0.000141
v 0.015065 0.009695 0.000141
v 0.014995 0.009677 0.000127
v 0.014984 0.009695 0.000142
v 0.014995 0.009695 0.000141
v 0.014988 0.009677 0.000128
v 0.014974 0.009677 0.000130
v 0.014984 0.009695 0.000142
v 0.014981 0.009677 0.000129
v 0.014968 0.009677 0.000133
v 0.014973 0.009695 0.000145
v 0.014974 0.009677 0.000130
v 0.014962 0.009677 0.000135
v 0.014964 0.009695 0.000151
v 0.014973 0.009695 0.000145
v 0.014956 0.009677 0.000139
v 0.014950 0.009677 0.000143
v 0.014964 0.009695 0.000151
v 0.014950 0.009677 0.000143
v 0.014945 0.009677 0.000148
v 0.014955 0.009695 0.000158
v 0.014955 0.009695 0.000158
v 0.014941 0.009677 0.000153
v 0.014948 0.009695 0.000166
v 0.014948 0.009695 0.000166
v 0.014936 0.009677 0.000158
v 0.014933 0.009677 0.000164
v 0.014940 0.009695 0.000186
v 0.014943 0.009695 0.000176
v 0.014928 0.009677 0.000177
v 0.014939 0.009695 0.000197
v 0.014925 0.009677 0.000197
v 0.014925 0.009677 0.000204
v 0.014941 0.009677 0.000242
v 0.014948 0.009695 0.000228
v 0.014936 0.009677 0.000236
v 0.014964 0.009695 0.000244
v 0.014955 0.009695 0.000237
v 0.014950 0.009677 0.000251
v 0.014973 0.009695 0.000249
v 0.014964 0.009695 0.000244
v 0.014962 0.009677 0.000259
v 0.014973 0.009695 0.000249
v 0.014962 0.009677 0.000259
v 0.014968 0.009677 0.000262
v 0.014984 0.009695 0.000252
v 0.014981 0.009677 0.000266
v 0.014988 0.009677 0.000267
v 0.014984 0.009695 0.000252
v 0.014974 0.009677 0.000264
v 0.014981 0.009677 0.000266
v 0.014995 0.009677 0.000267
v 0.014995 0.009695 0.000253
v 0.014988 0.009677 0.000267
v 0.014988 0.009677 0.000267
v 0.014995 0.009695 0.000253
v 0.014984 0.009695 0.000252
v 0.014974 0.009677 0.000264
v 0.014984 0.009695 0.000252
v 0.014973 0.009695 0.000249
v 0.014968 0.009677 0.000262
v 0.014974 0.009677 0.000264
v 0.014973 0.009695 0.000249
v 0.014940 0.009695 0.000208
v 0.014928 0.009677 0.000217
v 0.014943 0.009695 0.000219
v 0.014956 0.009677 0.000255
v 0.014962 0.009677 0.000259
v 0.014964 0.009695 0.000244
v 0.014950 0.009677 0.000251
v 0.014956 0.009677 0.000255
v 0.014964 0.009695 0.000244
v 0.014945 0.009677 0.000247
v 0.014950 0.009677 0.000251
v 0.014955 0.009695 0.000237
v 0.014941 0.009677 0.000242
v 0.014945 0.009677 0.000247
v 0.014955 0.009695 0.000237
v 0.014948 0.009695 0.000228
v 0.014941 0.009677 0.000242
v 0.014955 0.009695 0.000237
v 0.014933 0.009677 0.000230
v 0.014936 0.009677 0.000236
v 0.014948 0.009695 0.000228
v 0.014943 0.009695 0.000219
v 0.014933 0.009677 0.000230
v 0.014948 0.009695 0.000228
v 0.014943 0.009695 0.000219
v 0.014930 0.009677 0.000224
v 0.014933 0.009677 0.000230
v 0.014943 0.009695 0.000219
v 0.014928 0.009677 0.000217
v 0.014930 0.009677 0.000224
v 0.014940 0.009695 0.000208
v 0.014926 0.009677 0.000211
v 0.014928 0.009677 0.000217
v 0.014940 0.009695 0.000208
v 0.014925 0.009677 0.000204
v 0.014926 0.009677 0.000211
v 0.014940 0.009695 0.000208
v 0.014939 0.009695 0.000197
v 0.014925 0.009677 0.000204
v 0.014939 0.009695 0.000197
v 0.014925 0.009677 0.000190
v 0.014925 0.009677 0.000197
v 0.014939 0.009695 0.000197
v 0.014940 0.009695 0.000186
v 0.014925 0.009677 0.000190
v 0.014925 0.009677 0.000190
v 0.014940 0.009695 0.000186
v 0.014926 0.009677 0.000184
v 0.014926 0.009677 0.000184
v 0.014940 0.009695 0.000186
v 0.014928 0.009677 0.000177
v 0.014930 0.009677 0.000170
v 0.014943 0.009695 0.000176
v 0.014933 0.009677 0.000164
v 0.014930 0.009677 0.000170
v 0.014928 0.009677 0.000177
v 0.014943 0.009695 0.000176
v 0.014933 0.009677 0.000164
v 0.014943 0.009695 0.000176
v 0.014948 0.009695 0.000166
v 0.014936 0.009677 0.000158
v 0.014948 0.009695 0.000166
v 0.014941 0.009677 0.000153
v 0.014941 0.009677 0.000153
v 0.014955 0.009695 0.000158
v 0.014945 0.009677 0.000148
v 0.014955 0.009695 0.000158
v 0.014964 0.009695 0.000151
v 0.014950 0.009677 0.000143
v 0.014964 0.009695 0.000151
v 0.014962 0.009677 0.000135
v 0.014956 0.009677 0.000139
v 0.014973 0.009695 0.000145
v 0.014968 0.009677 0.000133
v 0.014962 0.009677 0.000135
v 0.014984 0.009695 0.000142
v 0.014974 0.009677 0.000130
v 0.014973 0.009695 0.000145
v 0.014988 0.009677 0.000128
v 0.014995 0.009695 0.000141
v 0.014995 0.009677 0.000127
v 0.014984 0.009695 0.000142
v 0.014988 0.009677 0.000128
v 0.014981 0.009677 0.000129
v 0.015065 0.009695 0.000141
v 0.015242 0.009727 0.000127
v 0.015067 0.009677 0.000127
v 0.015412 0.009795 0.000141
v 0.015417 0.009777 0.000127
v 0.015238 0.009745 0.000141
v 0.015242 0.009727 0.000127
v 0.015238 0.009745 0.000141
v 0.015417 0.009777 0.000127
v 0.015242 0.009727 0.000127
v 0.015065 0.009695 0.000141
v 0.015238 0.009745 0.000141
v 0.014995 0.009677 0.000267
v 0.015065 0.009695 0.000253
v 0.014995 0.009695 0.000253
v 0.015065 0.009695 0.000253
v 0.014995 0.009677 0.000267
v 0.015067 0.009677 0.000267
v 0.015424 0.009779 0.000128
v 0.015417 0.009777 0.000127
v 0.015412 0.009795 0.000141
v 0.015423 0.009798 0.000142
v 0.015424 0.009779 0.000128
v 0.015412 0.009795 0.000141
v 0.015437 0.009783 0.000130
v 0.015430 0.009781 0.000129
v 0.015423 0.009798 0.000142
v 0.015433 0.009801 0.000145
v 0.015437 0.009783 0.000130
v 0.015423 0.009798 0.000142
v 0.015433 0.009801 0.000145
v 0.015443 0.009784 0.000133
v 0.015437 0.009783 0.000130
v 0.015433 0.009801 0.000145
v 0.015449 0.009786 0.000135
v 0.015443 0.009784 0.000133
v 0.015442 0.009803 0.000151
v 0.015455 0.009788 0.000139
v 0.015449 0.009786 0.000135
v 0.015442 0.009803 0.000151
v 0.015460 0.009789 0.000143
v 0.015455 0.009788 0.000139
v 0.015442 0.009803 0.000151
v 0.015450 0.009806 0.000158
v 0.015460 0.009789 0.000143
v 0.015450 0.009806 0.000158
v 0.015469 0.009792 0.000153
v 0.015465 0.009791 0.000148
v 0.015450 0.009806 0.000158
v 0.015457 0.009808 0.000166
v 0.015469 0.009792 0.000153
v 0.015469 0.009792 0.000153
v 0.015457 0.009808 0.000166
v 0.015473 0.009793 0.000158
v 0.015473 0.009793 0.000158
v 0.015457 0.009808 0.000166
v 0.015477 0.009794 0.000164
v 0.015477 0.009794 0.000164
v 0.015462 0.009809 0.000176
v 0.015479 0.009795 0.000170
v 0.015479 0.009795 0.000170
v 0.015462 0.009809 0.000176
v 0.015482 0.009795 0.000177
v 0.015482 0.009795 0.000177
v 0.015462 0.009809 0.000176
v 0.015465 0.009810 0.000186
v 0.015483 0.009796 0.000184
v 0.015482 0.009795 0.000177
v 0.015465 0.009810 0.000186
v 0.015484 0.009796 0.000190
v 0.015465 0.009810 0.000186
v 0.015466 0.009810 0.000197
v 0.015484 0.009796 0.000197
v 0.015484 0.009796 0.000190
v 0.015466 0.009810 0.000197
v 0.015484 0.009796 0.000204
v 0.015484 0.009796 0.000197
v 0.015466 0.009810 0.000197
v 0.015465 0.009810 0.000208
v 0.015484 0.009796 0.000204
v 0.015466 0.009810 0.000197
v 0.015482 0.009795 0.000217
v 0.015483 0.009796 0.000211
v 0.015465 0.009810 0.000208
v 0.015462 0.009809 0.000219
v 0.015482 0.009795 0.000217
v 0.015465 0.009810 0.000208
v 0.015462 0.009809 0.000219
v 0.015479 0.009795 0.000224
v 0.015482 0.009795 0.000217
v 0.015462 0.009809 0.000219
v 0.015477 0.009794 0.000230
v 0.015479 0.009795 0.000224
v 0.015457 0.009808 0.000228
v 0.015473 0.009793 0.000236
v 0.015477 0.009794 0.000230
v 0.015457 0.009808 0.000228
v 0.015469 0.009792 0.000242
v 0.015473 0.009793 0.000236
v 0.015457 0.009808 0.000228
v 0.015450 0.009806 0.000237
v 0.015469 0.009792 0.000242
v 0.015469 0.009792 0.000242
v 0.015450 0.009806 0.000237
v 0.015465 0.009791 0.000247
v 0.015450 0.009806 0.000237
v 0.015442 0.009803 0.000244
v 0.015460 0.009789 0.000251
v 0.015460 0.009789 0.000251
v 0.015442 0.009803 0.000244
v 0.015455 0.009788 0.000255
v 0.015455 0.009788 0.000255
v 0.015442 0.009803 0.000244
v 0.015449 0.009786 0.000259
v 0.015417 0.009777 0.000267
v 0.015424 0.009779 0.000267
v 0.015412 0.009795 0.000253
v 0.015412 0.009795 0.000253
v 0.015424 0.009779 0.000267
v 0.015423 0.009798 0.000252
v 0.015423 0.009798 0.000252
v 0.015424 0.009779 0.000267
v 0.015430 0.009781 0.000266
v 0.015437 0.009783 0.000264
v 0.015423 0.009798 0.000252
v 0.015430 0.009781 0.000266
v 0.015437 0.009783 0.000264
v 0.015433 0.009801 0.000249
v 0.015423 0.009798 0.000252
v 0.015437 0.009783 0.000264
v 0.015443 0.009784 0.000262
v 0.015433 0.009801 0.000249
v 0.015433 0.009801 0.000249
v 0.015443 0.009784 0.000262
v 0.015449 0.009786 0.000259
v 0.015442 0.009803 0.000244
v 0.015433 0.009801 0.000249
v 0.015449 0.009786 0.000259
v 0.015450 0.009806 0.000237
v 0.015460 0.009789 0.000251
v 0.015465 0.009791 0.000247
v 0.015457 0.009808 0.000228
v 0.015477 0.009794 0.000230
v 0.015462 0.009809 0.000219
v 0.015483 0.009796 0.000211
v 0.015484 0.009796 0.000204
v 0.015465 0.009810 0.000208
v 0.015483 0.009796 0.000184
v 0.015465 0.009810 0.000186
v 0.015484 0.009796 0.000190
v 0.015457 0.009808 0.000166
v 0.015462 0.009809 0.000176
v 0.015477 0.009794 0.000164
v 0.015450 0.009806 0.000158
v 0.015465 0.009791 0.000148
v 0.015460 0.009789 0.000143
v 0.015442 0.009803 0.000151
v 0.015449 0.009786 0.000135
v 0.015433 0.009801 0.000145
v 0.015430 0.009781 0.000129
v 0.015424 0.009779 0.000128
v 0.015423 0.009798 0.000142
v 0.015067 0.009677 0.000267
v 0.015242 0.009727 0.000267
v 0.015065 0.009695 0.000253
v 0.015242 0.009727 0.000267
v 0.015417 0.009777 0.000267
v 0.015238 0.009745 0.000253
v 0.015417 0.009777 0.000267
v 0.015412 0.009795 0.000253
v 0.015238 0.009745 0.000253
v 0.015238 0.009745 0.000253
v 0.015065 0.009695 0.000253
v 0.015242 0.009727 0.000267
v 0.015438 0.009756 0.000245
v 0.015425 0.009752 0.000247
v 0.015432 0.009754 0.000247
v 0.015445 0.009757 0.000242
v 0.015425 0.009752 0.000247
v 0.015438 0.009756 0.000245
v 0.015451 0.009759 0.000239
v 0.015425 0.009752 0.000247
v 0.015445 0.009757 0.000242
v 0.015457 0.009761 0.000234
v 0.015425 0.009752 0.000247
v 0.015451 0.009759 0.000239
v 0.015462 0.009762 0.000229
v 0.015425 0.009752 0.000247
v 0.015457 0.009761 0.000234
v 0.015466 0.009763 0.000223
v 0.015425 0.009752 0.000247
v 0.015462 0.009762 0.000229
v 0.015469 0.009764 0.000216
v 0.015471 0.009765 0.000209
v 0.015425 0.009752 0.000247
v 0.015469 0.009764 0.000216
v 0.015425 0.009752 0.000247
v 0.015466 0.009763 0.000223
v 0.015471 0.009765 0.000209
v 0.015472 0.009765 0.000202
v 0.015425 0.009752 0.000247
v 0.015472 0.009765 0.000202
v 0.015473 0.009765 0.000195
v 0.015425 0.009752 0.000247
v 0.015473 0.009765 0.000195
v 0.015472 0.009765 0.000187
v 0.015425 0.009752 0.000247
v 0.015425 0.009752 0.000247
v 0.015472 0.009765 0.000187
v 0.015470 0.009765 0.000180
v 0.015425 0.009752 0.000247
v 0.015470 0.009765 0.000180
v 0.015467 0.009764 0.000174
v 0.015425 0.009752 0.000247
v 0.015467 0.009764 0.000174
v 0.015463 0.009763 0.000167
v 0.015425 0.009752 0.000247
v 0.015463 0.009763 0.000167
v 0.015458 0.009761 0.000162
v 0.015447 0.009758 0.000153
v 0.015425 0.009752 0.000247
v 0.015453 0.009760 0.000157
v 0.015425 0.009752 0.000247
v 0.015458 0.009761 0.000162
v 0.015453 0.009760 0.000157
v 0.015376 0.009738 0.000197
v 0.015425 0.009752 0.000247
v 0.015447 0.009758 0.000153
v 0.015376 0.009738 0.000197
v 0.015447 0.009758 0.000153
v 0.015441 0.009756 0.000150
v 0.015427 0.009752 0.000147
v 0.015376 0.009738 0.000197
v 0.015434 0.009754 0.000148
v 0.015427 0.009752 0.000147
v 0.015420 0.009750 0.000147
v 0.015376 0.009738 0.000197
v 0.015420 0.009750 0.000147
v 0.015413 0.009748 0.000149
v 0.015376 0.009738 0.000197
v 0.015413 0.009748 0.000149
v 0.015406 0.009746 0.000151
v 0.015376 0.009738 0.000197
v 0.015406 0.009746 0.000151
v 0.015400 0.009744 0.000154
v 0.015376 0.009738 0.000197
v 0.015400 0.009744 0.000154
v 0.015394 0.009743 0.000159
v 0.015376 0.009738 0.000197
v 0.015376 0.009738 0.000197
v 0.015389 0.009741 0.000164
v 0.015385 0.009740 0.000169
v 0.015394 0.009743 0.000159
v 0.015389 0.009741 0.000164
v 0.015376 0.009738 0.000197
v 0.015376 0.009738 0.000197
v 0.015385 0.009740 0.000169
v 0.015381 0.009739 0.000176
v 0.015376 0.009738 0.000197
v 0.015381 0.009739 0.000176
v 0.015379 0.009738 0.000183
v 0.015376 0.009738 0.000197
v 0.015379 0.009738 0.000183
v 0.015377 0.009738 0.000190
v 0.015376 0.009738 0.000197
v 0.015391 0.009742 0.000233
v 0.015425 0.009752 0.000247
v 0.015377 0.009738 0.000207
v 0.015380 0.009739 0.000216
v 0.015376 0.009738 0.000197
v 0.015380 0.009739 0.000216
v 0.015385 0.009740 0.000225
v 0.015376 0.009738 0.000197
v 0.015425 0.009752 0.000247
v 0.015391 0.009742 0.000233
v 0.015398 0.009744 0.000239
v 0.015385 0.009740 0.000225
v 0.015391 0.009742 0.000233
v 0.015376 0.009738 0.000197
v 0.015425 0.009752 0.000247
v 0.015398 0.009744 0.000239
v 0.015406 0.009746 0.000243
v 0.015441 0.009756 0.000150
v 0.015434 0.009754 0.000148
v 0.015376 0.009738 0.000197
v 0.015415 0.009749 0.000246
v 0.015425 0.009752 0.000247
v 0.015406 0.009746 0.000243
vn -0.2756 0.9613 -0.0000
vn -0.2756 0.9613 0.0001
vn -0.0471 -0.0000 0.9989
vn -0.1018 -0.0000 0.9948
vn 0.0964 -0.0000 0.9953
vn -0.1354 -0.0000 0.9908
vn -0.1701 -0.0000 -0.9854
vn -0.3111 -0.0000 -0.9504
vn -0.1951 -0.0000 -0.9808
vn -0.1952 -0.0000 -0.9808
vn -0.2903 -0.0000 -0.9569
vn -0.4423 -0.0000 -0.8969
vn -0.3420 -0.0000 -0.9397
vn -0.3827 -0.0000 -0.9239
vn -0.8425 -0.0000 -0.5387
vn -0.7707 -0.0000 -0.6372
vn -0.8314 -0.0000 -0.5556
vn -0.7730 -0.0000 -0.6344
vn -0.9104 -0.0000 -0.4138
vn -0.8315 -0.0000 -0.5556
vn -0.8819 -0.0000 -0.4714
vn -0.9930 -0.0000 0.1180
vn -1.0000 -0.0000 -0.0038
vn -0.9952 -0.0000 0.0981
vn -1.0000 -0.0000 -0.0000
vn -0.9662 -0.0000 0.2576
vn -0.9952 -0.0000 0.0980
vn -0.9808 -0.0000 0.1951
vn -0.5725 -0.0000 0.8199
vn -0.4264 -0.0000 0.9045
vn -0.5555 -0.0000 0.8315
vn -0.5835 -0.0000 0.8121
vn -0.6927 -0.0000 0.7212
vn -0.7754 -0.0000 0.6315
vn -0.7072 -0.0000 0.7071
vn -0.7730 -0.0000 0.6344
vn -0.5722 -0.0000 0.8201
vn -0.4558 -0.0000 0.8901
vn -0.4714 -0.0000 0.8819
vn -0.8315 -0.0000 0.5556
vn 0.1631 -0.0000 -0.9866
vn -0.0000 -0.0000 -1.0000
vn 0.1305 -0.0000 -0.9914
vn 0.1951 -0.0000 -0.9808
vn 0.0980 -0.0000 -0.9952
vn 0.2907 -0.0000 -0.9568
vn 0.0974 -0.0000 -0.9952
vn 0.1952 -0.0000 -0.9808
vn -0.2899 -0.0002 0.9571
vn -0.1951 -0.0000 0.9808
vn -0.3011 -0.0000 0.9536
vn -0.0000 -0.0000 1.0000
vn -0.3827 -0.0000 0.9239
vn 0.2903 -0.0000 -0.9569
vn 0.4723 -0.0001 -0.8814
vn 0.3827 0.0003 -0.9239
vn 0.2918 -0.0000 -0.9565
vn 0.6351 -0.0001 -0.7724
vn 0.5556 0.0002 -0.8315
vn 0.3853 -0.0000 -0.9228
vn 0.4742 -0.0000 -0.8804
vn 0.7732 -0.0000 -0.6342
vn 0.7071 -0.0000 -0.7071
vn 0.5580 -0.0000 -0.8298
vn 0.6361 -0.0000 -0.7716
vn 0.8817 -0.0000 -0.4717
vn 0.8315 0.0002 -0.5556
vn 0.7080 -0.0000 -0.7062
vn 0.7731 -0.0000 -0.6342
vn 0.9568 0.0001 -0.2908
vn 0.9239 0.0003 -0.3827
vn 0.8311 -0.0000 -0.5562
vn 0.8812 -0.0000 -0.4727
vn 0.9952 0.0001 -0.0982
vn 0.9808 -0.0001 -0.1951
vn 0.9231 -0.0000 -0.3845
vn 0.9564 -0.0000 -0.2921
vn 0.9951 0.0001 0.0986
vn 1.0000 0.0001 -0.0000
vn 0.9806 -0.0000 -0.1962
vn 0.9952 -0.0000 -0.0983
vn 0.9567 0.0001 0.2912
vn 0.9808 0.0003 0.1951
vn 1.0000 -0.0002 0.0006
vn 0.9950 -0.0000 0.0994
vn 0.8815 -0.0000 0.4722
vn 0.9239 0.0003 0.3827
vn 0.9803 -0.0000 0.1973
vn 0.9561 -0.0000 0.2929
vn 0.7727 -0.0000 0.6348
vn 0.8315 0.0002 0.5556
vn 0.9228 -0.0000 0.3853
vn 0.8808 -0.0000 0.4734
vn 0.6344 -0.0000 0.7730
vn 0.7071 0.0003 0.7071
vn 0.8306 -0.0000 0.5568
vn 0.7726 -0.0000 0.6348
vn 0.4714 -0.0000 0.8819
vn 0.5556 -0.0001 0.8315
vn 0.7073 -0.0000 0.7070
vn 0.6350 -0.0000 0.7725
vn 0.2900 -0.0000 0.9570
vn 0.3827 0.0002 0.9239
vn 0.5564 -0.0000 0.8309
vn 0.4722 -0.0000 0.8815
vn 0.1951 -0.0001 0.9808
vn 0.3831 -0.0000 0.9237
vn 0.1942 -0.0000 0.9810
vn 0.0970 -0.0000 0.9953
vn -0.2903 -0.0000 0.9569
vn -0.6344 0.0001 0.7730
vn -0.7072 0.0001 0.7070
vn -0.8872 -0.0000 0.4614
vn -0.9239 0.0001 0.3826
vn -0.8818 -0.0000 0.4716
vn -0.9952 -0.0000 -0.0980
vn -0.9239 -0.0000 0.3827
vn -0.9569 -0.0000 0.2903
vn -0.9785 -0.0000 -0.2062
vn -0.9569 -0.0000 -0.2903
vn -0.9808 -0.0000 -0.1948
vn -0.7071 -0.0000 -0.7071
vn -0.9569 -0.0001 -0.2903
vn -0.9239 -0.0000 -0.3827
vn -0.6259 -0.0000 -0.7799
vn -0.5556 -0.0001 -0.8314
vn -0.6346 -0.0000 -0.7729
vn -0.5555 -0.0000 -0.8315
vn -0.4714 -0.0000 -0.8819
vn 0.2903 -0.0000 0.9569
vn 0.8819 -0.0000 0.4714
vn 0.7730 -0.0000 0.6344
vn 0.9569 -0.0000 0.2903
vn 0.9952 -0.0000 0.0980
vn 0.9952 -0.0000 -0.0980
vn 0.9569 -0.0000 -0.2903
vn 0.8819 -0.0000 -0.4714
vn 0.7730 -0.0000 -0.6344
vn 0.4714 -0.0000 -0.8819
vn 0.6344 -0.0000 -0.7730
vn 0.0981 -0.0000 0.9952
vn -0.0983 -0.0000 0.9952
vn -0.0980 -0.0000 -0.9952
vn -0.0980 -0.0000 0.9952
vn -0.0002 0.0006 -1.0000
vn 0.2730 -0.9522 0.1371
vn 0.2756 -0.9613 -0.0034
vn 0.2735 -0.9544 0.1197
vn 0.2636 -0.9194 0.2918
vn 0.2730 -0.9521 0.1380
vn 0.2535 -0.8842 0.3924
vn 0.2449 -0.8538 0.4595
vn 0.2659 -0.9274 0.2630
vn 0.2561 -0.8932 0.3695
vn 0.2155 -0.7514 -0.6237
vn 0.1968 -0.6865 -0.7000
vn 0.2168 -0.7560 -0.6176
vn 0.2306 -0.8043 -0.5477
vn 0.2133 -0.7440 -0.6332
vn 0.2361 -0.8236 -0.5157
vn 0.2514 -0.8766 -0.4104
vn 0.2539 -0.8854 -0.3894
vn 0.2421 -0.8444 -0.4779
vn 0.2260 -0.7882 -0.5724
vn 0.2370 -0.8266 -0.5105
vn 0.2459 -0.8575 -0.4520
vn 0.2382 -0.8309 -0.5029
vn 0.2295 -0.8002 0.5540
vn 0.2242 -0.7818 0.5818
vn 0.2318 -0.8086 0.5408
vn 0.2169 -0.7563 0.6172
vn 0.2641 -0.9209 0.2867
vn 0.2182 -0.7610 0.6110
vn 0.2298 -0.8013 0.5524
vn 0.2146 -0.7484 0.6276
vn 0.2257 -0.7873 0.5738
vn 0.2211 -0.7709 -0.5974
vn 0.2216 -0.7729 -0.5945
vn 0.2521 -0.8792 -0.4044
vn 0.2303 -0.8032 -0.5493
vn 0.2439 -0.8506 -0.4659
vn 0.2640 -0.9206 -0.2878
vn 0.2552 -0.8899 -0.3781
vn 0.2637 -0.9197 -0.2909
vn 0.2146 -0.7484 -0.6276
vn 0.2462 -0.8587 0.4494
vn 0.2304 -0.8032 0.5493
vn 0.2691 -0.9383 0.2172
vn 0.2585 -0.9013 0.3475
vn 0.2630 -0.9172 0.2994
vn 0.2756 -0.9613 -0.0047
vn 0.2487 -0.8672 -0.4315
vn 0.2444 -0.8524 0.4623
vn 0.2451 -0.8546 0.4578
vn 0.2756 -0.9613 -0.0001
vn 0.2728 -0.9514 -0.1429
vn 0.2756 -0.9613 -0.0032
vn 0.2727 -0.9510 0.1458
vn 0.2750 -0.9589 0.0697
vn 0.2654 -0.9257 0.2697
vn 0.2720 -0.9485 0.1627
vn 0.2538 -0.8852 0.3898
vn 0.2469 -0.8611 0.4444
vn 0.2756 -0.9612 -0.0147
vn 0.2756 -0.9613 -0.0000
vn 0.2744 -0.9567 0.0968
vn 0.2705 -0.9433 0.1926
vn 0.2649 -0.9239 -0.2759
vn 0.2643 -0.9213 -0.2852
vn 0.2649 -0.9239 -0.2760
vn 0.2655 -0.9258 -0.2691
vn 0.2601 -0.9071 -0.3309
vn 0.2726 -0.9506 -0.1485
vn 0.2649 -0.9240 -0.2759
vn 0.2730 -0.9521 -0.1374
vn 0.2698 -0.9410 -0.2043
vn 0.2719 -0.9484 -0.1634
vn 0.2705 -0.9433 -0.1926
vn 0.2744 -0.9567 -0.0968
vn 0.2750 -0.9590 -0.0688
vn 0.2362 -0.8236 -0.5157
vn 0.2539 -0.8854 -0.3893
vn 0.2470 -0.8613 -0.4440
vn 0.2638 -0.9198 -0.2904
vn 0.2641 -0.9209 -0.2867
vn 0.2243 -0.7823 -0.5811
vn 0.2361 -0.8235 -0.5158
vn 0.2319 -0.8089 -0.5402
vn 0.2295 -0.8002 0.5541
vn 0.2103 -0.7333 0.6466
vn 0.2601 -0.9069 0.3314
vn 0.2730 -0.9521 0.1381
vn 0.2750 -0.9589 0.0696
vn 0.2727 -0.9510 0.1459
vn 0.2730 -0.9522 -0.1373
vn 0.2751 -0.9590 -0.0688
vn 0.1969 -0.6865 -0.7000
vn 0.2514 -0.8766 -0.4103
vn 0.2698 -0.9410 -0.2044
vn 0.2730 -0.9522 -0.1374
vn 0.1978 -0.6898 -0.6965
vn 0.2133 -0.7439 -0.6333
vn 0.2005 -0.6993 -0.6861
vn 0.2133 -0.7440 -0.6333
vn 0.2048 -0.7143 -0.6692
vn 0.2104 -0.7338 -0.6459
vn 0.2170 -0.7569 -0.6165
vn 0.2396 -0.8356 -0.4944
vn 0.2320 -0.8089 -0.5403
vn 0.2470 -0.8614 -0.4439
vn 0.2756 -0.9613 0.0004
vn 0.2756 -0.9613 -0.0002
vn 0.2552 -0.8899 0.3781
vn 0.2439 -0.8506 0.4659
vn 0.2698 -0.9408 0.2050
vn 0.2654 -0.9257 0.2696
vn 0.1978 -0.6897 0.6965
vn 0.1969 -0.6865 0.7000
vn 0.2395 -0.8353 0.4949
vn 0.1968 -0.6866 0.6999
vn 0.1978 -0.6897 0.6966
vn 0.1968 -0.6865 0.7000
vn 0.2257 -0.7872 0.5740
vn 0.2005 -0.6991 0.6864
vn 0.2047 -0.7139 0.6697
vn 0.2257 -0.7872 0.5739
vn 0.2004 -0.6991 0.6863
vn 0.2047 -0.7139 0.6696
vn 0.2630 -0.9172 0.2993
vn 0.2654 -0.9256 0.2697
vn 0.1969 -0.6865 0.6999
vn 0.1977 -0.6897 0.6965
vn -0.4680 -0.0000 0.8837
vn -0.5313 -0.0000 0.8472
vn -0.7420 -0.0000 0.6704
vn -0.7891 -0.0000 0.6143
vn -0.9266 -0.0000 0.3761
vn -0.9516 -0.0000 0.3074
vn -0.9993 -0.0000 0.0366
vn -0.9993 -0.0000 -0.0366
vn -0.9516 -0.0000 -0.3074
vn -0.9266 -0.0000 -0.3761
vn -0.7890 -0.0000 -0.6144
vn -0.7420 -0.0000 -0.6704
vn -0.7890 -0.0000 -0.6143
vn -0.5313 -0.0000 -0.8472
vn -0.4681 -0.0000 -0.8837
vn -0.4680 -0.0000 -0.8837
vn -0.2095 -0.0000 -0.9778
vn -0.1375 -0.0000 -0.9905
vn 0.1375 -0.0000 -0.9905
vn 0.2095 -0.0000 -0.9778
vn 0.4680 -0.0000 -0.8837
vn 0.5313 -0.0000 -0.8472
vn 0.7420 -0.0000 -0.6704
vn 0.7890 -0.0000 -0.6144
vn 0.7890 -0.0000 -0.6143
vn 0.9266 -0.0000 -0.3761
vn 0.9516 -0.0000 -0.3074
vn 0.9993 -0.0000 -0.0366
vn 0.9993 -0.0000 0.0366
vn 0.9516 -0.0000 0.3074
vn 0.9266 -0.0000 0.3761
vn 0.7890 -0.0000 0.6143
vn 0.7420 -0.0000 0.6704
vn 0.7891 -0.0000 0.6143
vn 0.5313 -0.0000 0.8472
vn 0.4680 -0.0000 0.8838
vn 0.5312 -0.0000 0.8472
vn 0.4680 -0.0000 0.8837
vn 0.2095 -0.0000 0.9778
vn 0.1375 -0.0000 0.9905
vn -0.9808 -0.0000 -0.1951
vn -0.9808 -0.0000 0.1952
vn -0.5556 -0.0000 0.8314
vn -0.7071 -0.0000 0.7071
vn -0.1952 -0.0000 0.9808
vn 0.3827 -0.0000 -0.9239
vn 0.5556 -0.0000 -0.8315
vn 0.8315 -0.0000 -0.5556
vn 0.9239 -0.0000 -0.3827
vn 0.9808 -0.0000 -0.1951
vn 1.0000 -0.0000 -0.0000
vn 0.9808 -0.0000 0.1951
vn 0.9239 -0.0000 0.3827
vn 0.8315 -0.0000 0.5555
vn 0.5556 -0.0000 0.8315
vn 0.7071 -0.0000 0.7071
vn 0.3827 -0.0000 0.9239
vn 0.1951 -0.0000 0.9808
vn 0.8315 -0.0000 0.5556
vn -0.0000 1.0000 0.0001
vn -0.0000 1.0000 -0.0000
vn -0.0000 1.0000 -0.0001
vn -0.0000 -1.0000 -0.0000
vn -0.0000 -1.0000 -0.0001
vn -0.0000 -1.0000 0.0001
vn -0.0000 -1.0000 0.0002
vn -0.0000 -1.0000 -0.0002
vn -0.0000 -1.0000 -0.0003
vn -0.0000 -1.0000 0.0003
vn 0.9808 -0.0000 0.1950
vn 0.9239 -0.0000 0.3826
vn 0.8314 -0.0000 0.5557
vn 0.5556 -0.0000 0.8314
vn 0.5555 -0.0000 0.8315
vn 0.3826 -0.0000 0.9239
vn 0.1950 -0.0000 0.9808
vn -0.1950 -0.0000 0.9808
vn -0.3826 -0.0000 0.9239
vn -0.8314 -0.0000 0.5556
vn -0.8315 -0.0000 0.5555
vn -0.9239 -0.0000 0.3826
vn -0.9808 -0.0000 0.1950
vn -0.9808 -0.0000 -0.1950
vn -0.9239 -0.0000 -0.3826
vn -0.8315 -0.0000 -0.5555
vn -0.1950 -0.0000 -0.9808
vn 0.1950 -0.0000 -0.9808
vn 0.3826 -0.0000 -0.9239
vn 0.5555 -0.0000 -0.8315
vn 0.5556 -0.0000 -0.8314
vn 0.8314 -0.0000 -0.5556
vn 0.8315 -0.0000 -0.5555
vn 0.9808 -0.0000 -0.1950
vn 0.9239 -0.0000 -0.3826
vn -0.3826 -0.0000 -0.9239
vn -0.5556 -0.0000 -0.8314
vn -0.2095 -0.0000 0.9778
vn -0.1375 -0.0000 0.9905
vn -0.8829 -0.0000 0.4695
vn 0.8829 -0.0000 0.4695
vn 0.3420 -0.0000 0.9397
vn -0.6691 -0.0000 0.7431
vn 0.9903 -0.0000 0.1392
vn 0.6428 -0.0000 0.7660
vn 0.6428 -0.0001 0.7661
vn 0.6428 -0.0000 0.7661
vn -0.3746 -0.0000 0.9272
vn 0.9781 -0.0000 -0.2079
vn 0.8660 -0.0000 0.5000
vn -0.0349 -0.0000 0.9994
vn 0.8480 -0.0000 -0.5300
vn 0.9848 -0.0000 0.1736
vn 0.3090 -0.0000 0.9511
vn 0.6157 -0.0000 -0.7880
vn 0.9848 -0.0000 -0.1736
vn 0.6157 -0.0000 0.7880
vn 0.3089 -0.0000 -0.9511
vn 0.8660 -0.0000 -0.5000
vn 0.8480 -0.0000 0.5300
vn -0.0349 -0.0000 -0.9994
vn 0.6428 -0.0000 -0.7660
vn 0.6428 -0.0000 -0.7661
vn 0.9781 -0.0000 0.2079
vn -0.3746 -0.0000 -0.9272
vn 0.3420 -0.0000 -0.9397
vn 0.9903 -0.0000 -0.1392
vn -0.6691 -0.0000 -0.7431
vn 0.8829 -0.0000 -0.4695
vn -0.8829 -0.0000 -0.4695
vn 0.6691 -0.0000 -0.7431
vn -0.9903 -0.0000 -0.1392
vn -0.6428 -0.0000 -0.7661
vn 0.3746 -0.0000 -0.9272
vn -0.9782 -0.0000 0.2079
vn -0.8660 -0.0000 -0.5000
vn 0.0349 -0.0000 -0.9994
vn -0.8481 -0.0000 0.5299
vn -0.9848 -0.0000 -0.1736
vn -0.3090 -0.0000 -0.9511
vn -0.6157 -0.0000 0.7880
vn -0.9848 -0.0000 0.1737
vn -0.9848 -0.0000 0.1736
vn -0.6157 -0.0000 -0.7880
vn -0.3090 -0.0000 0.9511
vn -0.8660 -0.0000 0.5000
vn -0.8481 -0.0000 -0.5299
vn 0.0349 -0.0000 0.9994
vn -0.6428 -0.0000 0.7661
vn -0.9782 -0.0000 -0.2079
vn 0.3746 -0.0000 0.9272
vn -0.3420 -0.0000 0.9397
vn -0.9903 -0.0000 0.1392
vn 0.6691 -0.0000 0.7431
vn -0.0000 1.0000 0.0002
vn -0.0000 1.0000 -0.0002
vn 0.1875 0.0538 0.9808
vn 0.3678 0.1055 0.9239
vn 0.1876 0.0538 0.9808
vn 0.5340 0.1531 0.8315
vn 0.3679 0.1055 0.9238
vn 0.5341 0.1531 0.8314
vn 0.6797 0.1949 0.7071
vn 0.7992 0.2292 0.5557
vn 0.7993 0.2292 0.5555
vn 0.8881 0.2546 0.3827
vn 0.8881 0.2547 0.3827
vn 0.8881 0.2547 0.3826
vn 0.9428 0.2703 0.1951
vn 0.9613 0.2756 -0.0000
vn 0.9429 0.2699 -0.1950
vn 0.9428 0.2703 -0.1950
vn 0.8881 0.2547 -0.3826
vn 0.9428 0.2703 -0.1951
vn 0.6797 0.1949 -0.7071
vn 0.7993 0.2288 -0.5556
vn 0.1875 0.0538 -0.9808
vn 0.5340 0.1531 -0.8315
vn 0.3679 0.1055 -0.9239
vn 0.3678 0.1055 -0.9239
vn 0.1876 0.0538 -0.9808
vn 0.5341 0.1531 -0.8314
vn 0.7992 0.2292 -0.5556
vn 0.7993 0.2292 -0.5555
vn 0.8881 0.2547 -0.3827
vn 0.9428 0.2703 0.1950
vn 0.9429 0.2699 0.1949
vn 0.9613 0.2756 0.0001
vn 0.3679 0.1055 0.9239
vn 0.7992 0.2292 0.5556
vn -0.1875 -0.0538 -0.9808
vn -0.2790 -0.0800 -0.9569
vn -0.1410 -0.0404 -0.9892
vn -0.4110 -0.1178 -0.9040
vn -0.2791 -0.0800 -0.9569
vn -0.3679 -0.1055 -0.9239
vn -0.5340 -0.1531 -0.8315
vn -0.4110 -0.1179 -0.9040
vn -0.6455 -0.1851 -0.7409
vn -0.6455 -0.1851 -0.7410
vn -0.6797 -0.1949 -0.7071
vn -0.7431 -0.2131 -0.6344
vn -0.7431 -0.2131 -0.6343
vn -0.7993 -0.2292 -0.5556
vn -0.8245 -0.2364 -0.5141
vn -0.9613 -0.2756 -0.0000
vn -0.9601 -0.2753 0.0490
vn -0.9566 -0.2743 -0.0980
vn -0.9428 -0.2703 0.1951
vn -0.9051 -0.2595 0.3368
vn -0.8881 -0.2547 0.3827
vn -0.8478 -0.2431 0.4714
vn -0.9051 -0.2595 0.3369
vn -0.7993 -0.2292 0.5555
vn -0.6797 -0.1949 0.7071
vn -0.7721 -0.2214 0.5957
vn -0.7996 -0.2276 0.5558
vn -0.5728 -0.1633 0.8032
vn -0.5726 -0.1642 0.8032
vn -0.5341 -0.1531 0.8315
vn -0.4531 -0.1299 0.8819
vn -0.5340 -0.1531 0.8315
vn -0.3679 -0.1055 0.9239
vn -0.1875 -0.0538 0.9808
vn -0.3678 -0.1055 0.9239
vn -0.1876 -0.0538 0.9808
vn -0.3238 -0.0929 0.9416
vn -0.0472 -0.0135 0.9988
vn 0.0942 0.0270 0.9952
vn 0.2336 0.0670 0.9700
vn 0.4942 0.1417 0.8577
vn 0.5341 0.1531 0.8315
vn 0.6098 0.1749 0.7730
vn 0.7123 0.2042 0.6716
vn 0.7122 0.2042 0.6716
vn 0.8689 0.2492 0.4276
vn 0.9199 0.2638 0.2903
vn 0.9509 0.2727 0.1467
vn 0.8881 0.2546 -0.3827
vn 0.8690 0.2492 0.4276
vn 0.4943 0.1417 0.8577
vn 0.0942 0.0269 0.9952
vn -0.3234 -0.0942 0.9416
vn -0.9428 -0.2703 -0.1950
vn -0.9325 -0.2674 -0.2430
vn -0.9428 -0.2703 -0.1951
vn -0.8881 -0.2547 -0.3827
vn -0.9324 -0.2674 -0.2430
vn -0.8881 -0.2546 -0.3827
vn -0.7993 -0.2292 -0.5555
vn -0.7992 -0.2292 -0.5556
vn -0.5341 -0.1531 -0.8315
vn -0.1410 -0.0403 -0.9892
vn -0.7721 -0.2213 0.5957
vn -0.7993 -0.2292 0.5556
vn -0.9601 -0.2753 0.0491
vn -0.3678 -0.1055 -0.9239
vn -0.2790 -0.0800 -0.9570
vn -0.1876 -0.0538 -0.9808
vn 0.0942 0.0270 -0.9952
vn 0.2790 0.0800 -0.9570
vn 0.2790 0.0800 -0.9569
vn 0.4531 0.1299 -0.8819
vn 0.6098 0.1749 -0.7730
vn 0.7431 0.2131 -0.6344
vn 0.7993 0.2292 -0.5556
vn 0.8478 0.2431 -0.4714
vn 0.9199 0.2638 -0.2903
vn 0.9566 0.2743 -0.0980
vn 0.9566 0.2743 0.0980
vn 0.8478 0.2431 0.4714
vn 0.7993 0.2292 0.5556
vn 0.7431 0.2131 0.6344
vn 0.4531 0.1299 0.8819
vn 0.2790 0.0800 0.9569
vn 0.2790 0.0800 0.9570
vn 0.3019 -0.9410 -0.1529
vn 0.3167 -0.9136 -0.2550
vn 0.3509 -0.9134 -0.2064
vn 0.3019 -0.9410 0.1529
vn 0.3167 -0.9136 0.2550
vn 0.3142 -0.9440 0.1009
vn 0.3509 -0.9134 0.2064
vn 0.5450 -0.7460 0.3828
vn 0.5375 -0.7158 0.4458
vn 0.4838 -0.7986 0.3581
vn 0.6078 -0.7213 0.3322
vn 0.6317 -0.6551 0.4144
vn 0.5449 -0.7461 -0.3827
vn 0.5375 -0.7158 -0.4458
vn 0.6317 -0.6551 -0.4144
vn 0.4838 -0.7986 -0.3581
vn 0.5966 -0.7948 -0.1108
vn 0.5427 -0.8317 -0.1175
vn 0.6606 -0.7328 -0.1630
vn 0.5756 -0.8158 -0.0555
vn 0.4461 -0.8947 -0.0237
vn 0.5122 -0.8589 -0.0000
vn 0.3574 -0.9340 -0.0000
vn 0.4549 -0.8870 -0.0790
vn 0.5665 -0.8227 0.0462
vn 0.6216 -0.7827 0.0306
vn 0.6212 -0.7788 0.0869
vn 0.4461 -0.8947 0.0237
vn 0.4638 -0.8529 -0.2397
vn 0.5234 -0.8043 -0.2814
vn 0.5167 -0.8381 -0.1753
vn 0.4400 -0.8537 -0.2787
vn 0.4638 -0.8529 0.2397
vn 0.5234 -0.8043 0.2814
vn 0.4188 -0.8945 0.1562
vn 0.5166 -0.8381 0.1753
vn 0.6960 -0.6811 -0.2273
vn 0.7571 -0.6127 -0.2267
vn 0.6989 -0.7071 -0.1075
vn 0.6586 -0.6952 -0.2881
vn 0.7296 -0.6130 -0.3031
vn 0.7928 -0.5827 -0.1785
vn 0.8407 -0.5019 -0.2032
vn 0.8568 -0.4973 -0.1366
vn 0.8185 -0.5082 -0.2679
vn 0.7928 -0.5827 0.1785
vn 0.8407 -0.5019 0.2032
vn 0.8185 -0.5082 0.2679
vn 0.7683 -0.6313 0.1059
vn 0.8018 -0.5948 0.0575
vn 0.6895 -0.7176 0.0984
vn 0.6606 -0.7328 0.1630
vn 0.7323 -0.6601 0.1674
vn 0.7571 -0.6126 0.2268
vn 0.6586 -0.6952 0.2881
vn 0.6815 -0.7318 -0.0061
vn 0.7568 -0.6536 -0.0000
vn 0.6556 -0.7534 -0.0509
vn 0.3323 -0.8742 -0.3540
vn 0.3867 -0.8640 -0.3225
vn 0.3323 -0.8742 0.3540
vn 0.3867 -0.8640 0.3225
vn 0.7683 -0.6313 -0.1059
vn 0.6968 -0.6021 -0.3898
vn 0.7170 -0.5373 -0.4441
vn 0.7563 -0.5261 -0.3889
vn 0.6969 -0.6022 -0.3894
vn 0.6726 -0.5501 -0.4950
vn 0.6968 -0.6022 0.3898
vn 0.7169 -0.5374 0.4441
vn 0.6727 -0.5501 0.4949
vn 0.6968 -0.6021 0.3898
vn 0.7296 -0.6130 0.3031
vn 0.7563 -0.5260 0.3889
vn 0.4355 -0.8101 0.3926
vn 0.4400 -0.8536 0.2787
vn 0.4283 -0.7605 0.4880
vn 0.3580 -0.8268 0.4339
vn 0.4355 -0.8101 -0.3926
vn 0.3580 -0.8268 -0.4339
vn 0.3112 -0.7912 -0.5265
vn 0.3331 -0.7403 -0.5840
vn 0.4283 -0.7605 -0.4880
vn 0.3112 -0.7912 0.5264
vn 0.3331 -0.7403 0.5840
vn 0.5796 -0.6225 -0.5259
vn 0.5707 -0.5793 -0.5820
vn 0.6237 -0.5641 -0.5411
vn 0.4967 -0.6936 -0.5218
vn 0.5796 -0.6225 0.5259
vn 0.5707 -0.5793 0.5820
vn 0.5141 -0.5955 0.6173
vn 0.6237 -0.5641 0.5411
vn 0.8665 -0.4945 0.0686
vn 0.8568 -0.4973 0.1365
vn 0.8018 -0.5948 -0.0575
vn 0.5844 -0.7787 0.2283
vn 0.5428 -0.8316 0.1175
vn 0.5843 -0.7787 -0.2283
vn 0.4189 -0.8945 -0.1561
vn 0.4296 -0.6834 -0.5902
vn 0.4543 -0.6127 -0.6467
vn 0.5140 -0.5956 -0.6173
vn 0.3922 -0.6305 -0.6698
vn 0.4295 -0.6834 0.5903
vn 0.4543 -0.6127 0.6467
vn 0.3922 -0.6305 0.6698
vn 0.4296 -0.6834 0.5902
vn 0.4967 -0.6936 0.5218
vn 0.5140 -0.5956 0.6173
vn 0.6077 -0.7213 -0.3322
vn 0.7563 -0.5261 0.3889
vn 0.7170 -0.5373 0.4441
vn 0.3440 -0.9361 0.0726
vn 0.4548 -0.8871 0.0790
vn 0.3142 -0.9440 -0.1009
vn 0.3440 -0.9362 -0.0726
vn 0.5141 -0.5955 -0.6173
vn 0.6727 -0.5501 -0.4949
vn 0.7169 -0.5374 -0.4441
vn 0.6726 -0.5500 0.4950
vn 0.7903 -0.5163 -0.3300
vn 0.7903 -0.5163 0.3300
vn 0.3331 -0.7402 -0.5840
vn 0.3281 -0.6489 -0.6865
vn 0.3281 -0.6489 0.6865
vn 0.2628 -0.6676 0.6966
vn 0.8568 -0.4973 -0.1365
vn 0.8665 -0.4945 -0.0686
vn 0.8568 -0.4973 0.1366
vn 0.8697 -0.4936 -0.0000
vn 0.2628 -0.6676 -0.6966
vn 0.4296 -0.6834 -0.5903
vn 0.6726 -0.5501 0.4950
vn 0.3331 -0.7402 0.5840
vn 0.4544 -0.6127 0.6466
vn 0.4297 -0.6834 0.5902
vn 0.6726 -0.5501 0.4949
vn 0.8697 -0.4935 -0.0000
vn 0.6726 -0.5500 -0.4950
vn -0.0000 0.6034 -0.7974
vn -0.1555 0.6034 -0.7821
vn -0.0782 0.6034 -0.7936
vn -0.2315 0.6034 -0.7631
vn -0.1556 0.6034 -0.7821
vn -0.3052 0.6034 -0.7367
vn -0.3759 0.6035 -0.7032
vn -0.4430 0.6034 -0.6630
vn -0.5059 0.6034 -0.6164
vn -0.5639 0.6034 -0.5638
vn -0.6164 0.6034 -0.5059
vn -0.6630 0.6034 -0.4430
vn -0.6631 0.6034 -0.4430
vn -0.7033 0.6034 -0.3759
vn -0.7821 0.6034 -0.1556
vn -0.7367 0.6034 -0.3051
vn -0.7631 0.6034 -0.2315
vn -0.7974 0.6034 -0.0000
vn -0.7936 0.6034 0.0782
vn -0.6164 0.6034 0.5059
vn -0.6630 0.6034 0.4430
vn -0.4430 0.6034 0.6630
vn -0.5638 0.6034 0.5639
vn -0.5059 0.6034 0.6164
vn -0.3052 0.6034 0.7367
vn -0.3759 0.6034 0.7032
vn -0.3051 0.6034 0.7367
vn -0.1556 0.6034 0.7821
vn -0.0781 0.6034 0.7936
vn -0.2315 0.6034 0.7631
vn -0.0000 0.6034 0.7974
vn -0.0782 0.6034 0.7936
vn -0.1555 0.6034 0.7821
vn -0.7821 0.6034 0.1556
vn -0.7631 0.6034 0.2315
vn -0.7367 0.6034 0.3051
vn -0.3759 0.6034 0.7033
vn -0.5639 0.6034 0.5638
vn -0.7032 0.6034 0.3759
vn -0.7367 0.6034 0.3052
vn -0.7033 0.6034 0.3759
vn -0.7631 0.6034 0.2314
vn -0.7821 0.6034 0.1555
vn -0.7936 0.6034 -0.0782
vn -0.7821 0.6034 -0.1555
vn -0.7367 0.6034 -0.3052
vn -0.7032 0.6034 -0.3759
vn -0.5638 0.6034 -0.5639
vn -0.3759 0.6034 -0.7033
vn -0.3051 0.6034 -0.7367
vn -0.0781 0.6034 -0.7936
vn -0.1663 0.5801 -0.7974
vn -0.0912 0.6016 -0.7936
vn -0.0168 0.6229 -0.7821
vn 0.0562 0.6439 -0.7631
vn 0.1270 0.6642 -0.7367
vn -0.0168 0.6230 -0.7821
vn 0.1950 0.6836 -0.7033
vn 0.2595 0.7022 -0.6630
vn 0.1950 0.6837 -0.7033
vn 0.3199 0.7195 -0.6164
vn 0.3757 0.7355 -0.5639
vn 0.4262 0.7500 -0.5059
vn 0.3757 0.7355 -0.5638
vn 0.4710 0.7628 -0.4430
vn 0.4262 0.7500 -0.5058
vn 0.5097 0.7739 -0.3759
vn 0.5418 0.7831 -0.3051
vn 0.5418 0.7832 -0.3051
vn 0.5672 0.7904 -0.2315
vn 0.5855 0.7956 -0.1556
vn 0.5965 0.7988 -0.0782
vn 0.5855 0.7956 -0.1555
vn 0.6002 0.7999 -0.0000
vn 0.5965 0.7988 -0.0781
vn 0.5965 0.7988 0.0781
vn 0.5855 0.7956 0.1555
vn 0.5965 0.7988 0.0782
vn 0.5672 0.7904 0.2315
vn 0.5855 0.7956 0.1556
vn 0.5418 0.7832 0.3051
vn 0.5419 0.7831 0.3051
vn 0.5418 0.7831 0.3051
vn 0.5097 0.7739 0.3759
vn 0.4710 0.7628 0.4430
vn 0.4262 0.7500 0.5058
vn 0.3757 0.7355 0.5638
vn 0.4262 0.7500 0.5059
vn 0.3757 0.7355 0.5639
vn 0.2595 0.7022 0.6630
vn 0.3199 0.7195 0.6164
vn 0.1950 0.6837 0.7033
vn -0.1663 0.5801 0.7974
vn -0.0912 0.6016 0.7936
vn -0.0168 0.6229 0.7821
vn 0.0562 0.6439 0.7631
vn 0.1270 0.6642 0.7367
vn -0.0168 0.6230 0.7821
vn 0.1950 0.6837 0.7032
vn 0.3756 0.7355 0.5639
vn 0.5418 0.7831 0.3052
vn 0.5418 0.7831 -0.3052
vn 0.1950 0.6837 -0.7032
vn -0.2756 0.9613 -0.0001
vn -0.2755 0.9613 -0.0000
vt 0.500000 -4.123594
vt 0.490393 -4.149985
vt 0.500000 -4.243751
vt 0.500000 -4.003436
vt 0.461940 -4.059822
vt 0.500000 -3.763120
vt 0.415735 -3.976727
vt -0.461940 -4.059822
vt -0.500000 -4.123594
vt -0.490393 -4.149985
vt -0.500000 -4.003436
vt -0.461940 -3.098560
vt -0.490393 -3.188723
vt -0.500000 -3.282490
vt -0.415735 -3.015465
vt -0.353553 -2.942632
vt -0.277785 -2.882860
vt -0.191342 -2.838444
vt -0.097545 -2.811094
vt 0.000000 -2.801859
vt 0.097545 -2.811094
vt 0.191342 -2.838444
vt 0.277785 -2.882860
vt 0.353553 -2.942632
vt 0.461940 -3.098560
vt 0.415735 -3.015465
vt 0.490393 -3.188723
vt 0.500000 -3.282490
vt 0.353553 -3.903894
vt 0.277785 -3.844121
vt 0.191342 -3.799706
vt 0.097545 -3.772356
vt 0.000000 -3.763120
vt -0.097545 -3.772356
vt -0.191342 -3.799706
vt -0.500000 -3.763120
vt -0.353553 -3.903894
vt -0.277785 -3.844121
vt -0.415735 -3.976727
vt -0.500000 -4.243751
vt -0.560000 -2.437421
vt -0.560000 -4.174842
vt -0.500000 -3.213580
vt 0.560000 -2.437421
vt 0.500000 -3.213580
vt 0.560000 -4.174842
vt -0.560000 -0.700000
vt 0.000000 -0.700000
vt -0.549240 -4.279860
vt -0.500000 -4.174842
vt -0.500000 -3.694211
vt -0.517373 -4.380843
vt -0.490393 -4.268608
vt -0.465623 -4.473909
vt -0.415735 -4.441866
vt -0.461940 -4.358771
vt -0.353553 -4.514699
vt -0.395980 -4.555482
vt -0.277785 -4.574472
vt -0.311119 -4.622427
vt -0.191342 -4.618887
vt -0.214303 -4.672172
vt -0.097545 -4.646238
vt -0.109251 -4.702805
vt 0.109251 -4.702805
vt 0.097545 -4.646238
vt 0.000000 -4.655473
vt 0.191342 -4.618887
vt 0.214303 -4.672172
vt 0.277785 -4.574472
vt 0.311119 -4.622427
vt 0.353553 -4.514699
vt 0.395980 -4.555482
vt 0.415735 -4.441866
vt 0.465623 -4.473909
vt 0.549240 -4.279860
vt 0.490393 -4.268608
vt 0.461940 -4.358771
vt 0.517373 -4.380843
vt 0.500000 -3.694211
vt 0.500000 -4.174842
vt 0.000000 -2.732949
vt 0.490393 -3.119814
vt -0.000000 -4.713149
vt -0.490393 -3.119814
vt -0.461940 -3.029651
vt -0.415735 -2.946556
vt -0.353553 -2.873723
vt -0.277785 -2.813950
vt -0.191342 -2.769535
vt -0.097545 -2.742184
vt 0.097545 -2.742184
vt 0.191342 -2.769535
vt 0.277785 -2.813950
vt 0.461940 -3.029651
vt 0.415735 -2.946556
vt 0.353553 -2.873723
vt 0.560000 -0.700000
vt 0.878958 0.032956
vt 0.793279 0.071242
vt 0.785891 -0.067509
vt 1.057705 0.094861
vt -0.502369 0.119046
vt -0.737482 0.217764
vt -1.168084 0.136563
vt -0.000000 0.136563
vt -0.000000 0.203199
vt -1.044361 0.309602
vt -1.392482 0.239414
vt -0.000000 0.267878
vt -0.377063 1.313055
vt -0.446040 0.989374
vt -0.377063 0.658055
vt -0.388899 1.965000
vt -0.444075 1.965000
vt -0.289668 0.984791
vt -0.388899 0.000000
vt -0.329978 0.000000
vt 0.082628 1.310113
vt -0.002640 0.982755
vt 0.082628 0.655113
vt 0.068612 1.965000
vt 0.000000 1.965000
vt 0.180323 0.982585
vt 0.068612 0.000000
vt 0.136563 0.000000
vt 1.185068 0.400781
vt 1.262696 0.298492
vt 1.965000 0.388899
vt 0.982503 0.408450
vt 0.504842 1.310004
vt 0.442029 0.982509
vt 0.504842 0.655004
vt 0.494975 1.965000
vt 0.444075 1.965000
vt 0.420900 0.400541
vt 0.607696 0.319049
vt 0.000000 0.388899
vt 0.000000 0.329978
vt 0.388899 0.000000
vt 0.655004 0.484907
vt 1.310004 0.484907
vt -1.965000 0.267878
vt -1.965000 0.203199
vt -0.516746 -0.114139
vt -0.769626 0.000000
vt -1.035118 -0.091325
vt -0.000000 -0.136563
vt -0.000000 -0.068612
vt -0.780613 -0.203526
vt -1.555115 -0.068126
vt -1.564366 -0.136611
vt 1.053662 0.202918
vt 1.965000 0.136563
vt 0.840585 0.210774
vt 1.539251 0.000000
vt 1.965000 0.267878
vt 1.965000 0.329978
vt -0.000000 -0.203199
vt -1.539251 0.000000
vt -0.777471 -0.330785
vt -0.000000 -0.267878
vt -1.567590 -0.204222
vt -0.767044 -0.444651
vt -0.000000 -0.388899
vt -1.565371 -0.269726
vt -1.558392 -0.332040
vt 0.540635 0.767044
vt 0.443939 0.753407
vt 0.494975 0.000000
vt -1.547724 -0.390679
vt -1.534536 -0.445307
vt 0.330275 0.740226
vt 0.494361 1.519994
vt 0.443947 1.505172
vt 0.203661 0.729919
vt 0.267878 0.000000
vt 0.389334 1.490759
vt 0.330919 1.477352
vt 0.068738 0.724212
vt 0.269098 1.465546
vt 0.204326 1.455878
vt -0.069009 0.723977
vt -0.000000 0.000000
vt 0.137306 1.448660
vt 0.068799 1.444148
vt -0.203930 0.729333
vt -0.136563 0.000000
vt -0.000433 1.442596
vt -0.069632 1.444174
vt -0.330634 0.739289
vt -0.267878 0.000000
vt -0.138059 1.448711
vt -0.204978 1.455952
vt -0.444316 0.752227
vt -0.269653 1.465641
vt -0.331406 1.477466
vt -0.541045 0.765791
vt -0.494975 0.000000
vt -0.389787 1.490888
vt -0.444403 1.505314
vt 0.765791 -0.444151
vt 0.777227 -0.330096
vt 1.520147 -0.495088
vt 1.534697 -0.444459
vt 0.783795 -0.202949
vt 1.547887 -0.389445
vt 1.558544 -0.330525
vt 1.565494 -0.268179
vt 1.567667 -0.202976
vt 1.564395 -0.135857
vt 1.555112 -0.067855
vt 1.965000 0.203199
vt 0.000000 0.444075
vt 0.000000 0.494975
vt 1.965000 0.444075
vt 0.322964 0.982528
vt 0.388899 1.965000
vt 0.329978 1.965000
vt -0.068612 0.000000
vt 0.267878 1.965000
vt 0.203199 1.965000
vt -0.144321 0.983264
vt -0.068612 1.965000
vt -0.203199 0.000000
vt -0.136563 1.965000
vt -0.203199 1.965000
vt -0.267878 1.965000
vt -0.989374 0.539489
vt -1.003120 0.438146
vt -0.494975 1.965000
vt -1.965000 0.494975
vt -1.965000 0.444075
vt -1.965000 0.388899
vt -1.965000 0.329978
vt -1.965000 0.136563
vt 0.000000 -0.329978
vt 0.000000 -0.444075
vt -0.444075 0.000000
vt 0.203199 0.000000
vt 0.329978 0.000000
vt 0.444075 0.000000
vt -1.519994 -0.495588
vt -0.000000 -0.494975
vt -0.494861 1.520147
vt 0.752227 -0.540910
vt 0.000000 0.068612
vt 1.965000 0.494975
vt 0.136563 1.965000
vt -1.965000 -0.000000
vt -1.965000 0.068612
vt -0.329978 1.965000
vt 1.965000 0.068612
vt 1.965000 0.000000
vt -2.460453 -3.212612
vt -2.153386 -2.141741
vt -2.466781 -2.475918
vt -2.968562 -4.225835
vt -2.767521 -4.283483
vt -1.965000 -0.726000
vt 0.137098 -3.285955
vt -0.003396 -3.119155
vt 0.119600 -3.670537
vt 0.291794 -3.062006
vt 0.137963 -2.500778
vt 0.392400 -3.330495
vt 0.459510 -2.748213
vt 0.263002 -3.526411
vt 0.369531 -3.524281
vt -0.623761 -2.134452
vt -0.700000 -2.141741
vt -0.617585 -2.582820
vt -0.547663 -1.676729
vt -0.633248 -1.363432
vt -0.515764 -1.077293
vt -0.410365 -1.368707
vt -0.389334 -0.581727
vt -0.477892 -3.063406
vt -0.572423 -3.137905
vt -0.510496 -3.607525
vt -0.452015 -2.684823
vt -0.502914 -2.552379
vt 0.554035 -0.804363
vt 0.581650 -0.389445
vt 0.540759 -0.444459
vt 0.617079 -0.330525
vt 0.286694 -4.350705
vt 0.610964 -3.329466
vt 0.552418 -3.429958
vt 0.627605 -4.301231
vt 0.573829 -2.272673
vt -0.597360 -3.320444
vt -0.700000 -3.212612
vt -0.700000 -4.283483
vt -0.594542 -2.828547
vt -0.404360 -3.365095
vt -0.549318 -4.316964
vt -0.465875 -4.330536
vt -0.287746 -3.322063
vt -0.378059 -4.341818
vt -0.290923 -3.077116
vt -0.627605 -4.301231
vt 0.449443 -3.713247
vt 0.549318 -4.316964
vt 0.217191 -2.326709
vt 0.347604 -2.254698
vt 0.299334 -1.521396
vt -0.004528 -2.704780
vt -0.431549 -2.386074
vt 0.462296 -2.074045
vt 0.457837 -1.690762
vt -0.000066 -1.584169
vt -0.142875 -1.477532
vt -0.003251 -1.898396
vt 0.145898 -1.370798
vt 0.069632 -0.696474
vt 0.269653 -0.645978
vt 0.162663 -2.220895
vt 0.389787 -0.581501
vt 0.444403 -0.540882
vt -0.014752 -3.852730
vt 0.000000 -4.362276
vt 0.096773 -4.360982
vt 0.192638 -4.357112
vt -0.275931 -1.165873
vt -0.285076 -1.842302
vt -0.269098 -0.646209
vt -0.330919 -0.616858
vt -0.148046 -2.488742
vt -0.137306 -0.686296
vt -0.204326 -0.669438
vt -0.163410 -3.519785
vt -0.192638 -4.357112
vt -0.096773 -4.360982
vt -0.068799 -0.696558
vt -0.443947 -0.541181
vt -0.290385 -2.240983
vt -0.286694 -4.350705
vt -0.580990 -0.390679
vt -0.540179 -0.445307
vt 0.646591 -0.268179
vt 0.331406 -0.616636
vt 0.138059 -0.686138
vt -0.696525 -0.068126
vt -1.867994 -1.363432
vt -0.686229 -0.136611
vt -0.669306 -0.204222
vt -0.645947 -0.269726
vt -0.616383 -0.332040
vt -0.494361 -0.495588
vt 0.000433 -0.700000
vt 0.378059 -4.341818
vt 0.465875 -4.330536
vt 0.204978 -0.669228
vt 0.696605 -0.067855
vt 0.700000 -4.283483
vt 0.494861 -0.495088
vt 2.460453 -3.212612
vt 2.767521 -4.283483
vt 2.081873 -2.272673
vt 0.669787 -0.202976
vt 0.686496 -0.135857
vt 1.646779 -0.804363
vt 2.153386 -2.141741
vt 1.070000 -0.187192
vt 1.070000 -0.212540
vt 1.300000 -0.187192
vt 1.300000 -0.212540
vt -0.268154 1.070000
vt -0.245732 1.070000
vt -0.268154 1.300000
vt -0.245732 1.300000
vt -0.150469 1.070000
vt -0.122964 1.070000
vt -0.150469 1.300000
vt -0.122964 1.300000
vt -0.014635 1.070000
vt 0.014635 1.070000
vt -0.014635 1.300000
vt 0.014635 1.300000
vt 0.122964 1.070000
vt 0.150469 1.070000
vt 0.122964 1.300000
vt 0.150469 1.300000
vt 0.245732 1.070000
vt 0.268154 1.070000
vt 0.245732 1.300000
vt 0.268154 1.300000
vt -1.070000 -0.212540
vt -1.070000 -0.187192
vt -1.300000 -0.212540
vt -1.300000 -0.187192
vt -1.070000 -0.083826
vt -1.070000 -0.055000
vt -1.300000 -0.083826
vt -1.300000 -0.055000
vt -1.070000 0.055000
vt -1.070000 0.083826
vt -1.300000 0.055000
vt -1.300000 0.083826
vt -1.070000 0.187192
vt -1.070000 0.212540
vt -1.300000 0.187192
vt -1.300000 0.212540
vt 1.070000 0.212540
vt 1.070000 0.187192
vt 1.300000 0.212540
vt 1.300000 0.187192
vt 1.070000 0.083826
vt 1.070000 0.055000
vt 1.300000 0.083826
vt 1.300000 0.055000
vt -1.440000 -0.052674
vt -1.300000 -0.052674
vt -1.440000 0.000000
vt -1.440000 -0.103325
vt -1.440000 -0.150004
vt -1.300000 -0.103325
vt -1.300000 -0.150004
vt -1.300000 -0.190919
vt -1.440000 -0.190919
vt 0.190919 1.300000
vt 0.190919 1.440000
vt 0.150004 1.440000
vt 0.150004 1.300000
vt 0.103325 1.440000
vt 0.103325 1.300000
vt 0.052674 1.300000
vt -0.000000 1.440000
vt 0.000000 1.300000
vt -0.052674 1.440000
vt -0.052674 1.300000
vt -0.103325 1.300000
vt -0.103325 1.440000
vt -0.150004 1.440000
vt 1.440000 -0.150004
vt 1.300000 -0.150004
vt 1.300000 -0.190919
vt 1.440000 -0.103325
vt 1.300000 -0.103325
vt 1.440000 -0.052674
vt 1.300000 -0.052674
vt 1.440000 0.000000
vt -0.190919 1.440000
vt -0.150004 1.300000
vt 1.440000 -0.190919
vt -0.190919 1.300000
vt 0.052674 1.440000
vt -1.300000 0.000000
vt -1.300000 0.052674
vt -1.440000 0.052674
vt -1.300000 0.103325
vt -1.440000 0.103325
vt -1.300000 0.150004
vt -1.300000 0.190919
vt -1.440000 0.190919
vt -1.440000 0.150004
vt 1.300000 0.150004
vt 1.440000 0.150004
vt 1.440000 0.190919
vt 1.300000 0.103325
vt 1.440000 0.103325
vt 1.300000 0.052674
vt 1.440000 0.052674
vt 1.300000 0.000000
vt 1.300000 0.190919
vt 0.096570 -0.485489
vt 0.000000 -0.495000
vt 0.485489 -0.096570
vt 0.457320 -0.189428
vt 0.560000 -0.000000
vt 0.495000 0.000000
vt 0.411577 -0.275007
vt 0.350018 -0.350018
vt 0.275007 -0.411577
vt 0.189428 -0.457320
vt -0.189428 -0.457320
vt -0.275007 -0.411577
vt -0.096570 -0.485489
vt -0.350018 -0.350018
vt -0.411577 -0.275007
vt -0.457320 -0.189428
vt -0.495000 -0.000000
vt -0.560000 0.000000
vt -0.485489 -0.096570
vt -0.485489 0.096570
vt -0.549240 0.109251
vt -0.517373 0.214303
vt -0.457320 0.189428
vt -0.465623 0.311119
vt -0.411577 0.275007
vt -0.395980 0.395980
vt -0.350018 0.350018
vt -0.311119 0.465623
vt -0.275007 0.411577
vt -0.214303 0.517373
vt -0.189428 0.457320
vt -0.109251 0.549240
vt -0.096570 0.485489
vt -0.000000 0.560000
vt 0.000000 0.495000
vt 0.109251 0.549240
vt 0.096570 0.485489
vt 0.214303 0.517373
vt 0.189428 0.457320
vt 0.311119 0.465623
vt 0.275007 0.411577
vt 0.395980 0.395980
vt 0.350018 0.350018
vt 0.465623 0.311119
vt 0.411577 0.275007
vt 0.517373 0.214303
vt 0.457320 0.189428
vt 0.549240 0.109251
vt 0.485489 0.096570
vt -0.500000 0.000000
vt -0.700000 0.000000
vt -0.696629 -0.068612
vt -0.490393 -0.097545
vt -0.686550 -0.136563
vt -0.669858 -0.203199
vt -0.461940 -0.191342
vt -0.646716 -0.267878
vt -0.617345 -0.329978
vt -0.415735 -0.277785
vt -0.582029 -0.388899
vt -0.541107 -0.444075
vt -0.353553 -0.353553
vt -0.494975 -0.494975
vt -0.444075 -0.541107
vt -0.329978 -0.617345
vt -0.277785 -0.415735
vt -0.388899 -0.582029
vt -0.191342 -0.461940
vt -0.203199 -0.669858
vt -0.267878 -0.646716
vt -0.097545 -0.490393
vt -0.068612 -0.696629
vt -0.136563 -0.686550
vt -0.000000 -0.500000
vt 0.068612 -0.696629
vt 0.097545 -0.490393
vt 0.136563 -0.686550
vt 0.277785 -0.415735
vt 0.191342 -0.461940
vt 0.329978 -0.617345
vt 0.203199 -0.669858
vt 0.388899 -0.582029
vt 0.444075 -0.541107
vt 0.353553 -0.353553
vt 0.494975 -0.494975
vt 0.541107 -0.444075
vt 0.617345 -0.329978
vt 0.415735 -0.277785
vt 0.582029 -0.388899
vt 0.461940 -0.191342
vt 0.669858 -0.203199
vt 0.646716 -0.267878
vt 0.490393 -0.097545
vt 0.696629 -0.068612
vt 0.686550 -0.136563
vt 0.500000 0.000000
vt 0.700000 0.000000
vt 0.696629 0.068612
vt 0.490393 0.097545
vt 0.686550 0.136563
vt 0.415735 0.277785
vt 0.461940 0.191342
vt 0.617345 0.329978
vt 0.669858 0.203199
vt 0.582029 0.388899
vt 0.541107 0.444075
vt 0.353553 0.353553
vt 0.494975 0.494975
vt 0.444075 0.541107
vt 0.329978 0.617345
vt 0.277785 0.415735
vt 0.388899 0.582029
vt 0.191342 0.461940
vt 0.203199 0.669858
vt 0.267878 0.646716
vt 0.097545 0.490393
vt 0.068612 0.696629
vt 0.136563 0.686550
vt 0.000000 0.500000
vt -0.000000 0.700000
vt -0.068612 0.696629
vt -0.097545 0.490393
vt -0.136563 0.686550
vt -0.277785 0.415735
vt -0.191342 0.461940
vt -0.329978 0.617345
vt -0.203199 0.669858
vt -0.388899 0.582029
vt -0.444075 0.541107
vt -0.353553 0.353553
vt -0.494975 0.494975
vt -0.541107 0.444075
vt -0.617345 0.329978
vt -0.415735 0.277785
vt -0.582029 0.388899
vt -0.461940 0.191342
vt -0.669858 0.203199
vt -0.646716 0.267878
vt -0.490393 0.097545
vt -0.696629 0.068612
vt -0.686550 0.136563
vt 0.646716 0.267878
vt 0.267878 -0.646716
vt -0.267878 0.646716
vt 0.070417 0.471130
vt 0.248894 0.406170
vt 0.245732 0.315620
vt 0.122964 0.380631
vt 0.094965 0.466802
vt 0.356780 0.315643
vt 0.372802 0.296549
vt 0.443220 0.174582
vt 0.451745 0.151159
vt 0.338861 0.212540
vt 0.476201 0.012463
vt 0.476201 -0.012463
vt 0.391118 0.083826
vt 0.396201 -0.055000
vt 0.443220 -0.174582
vt 0.451745 -0.151159
vt 0.372802 -0.296549
vt 0.245732 -0.315620
vt 0.268154 -0.296805
vt 0.356780 -0.315643
vt 0.094965 -0.466802
vt 0.070417 -0.471130
vt 0.014635 -0.399732
vt 0.150469 -0.370620
vt 0.227307 -0.418634
vt -0.070417 -0.471130
vt -0.248894 -0.406170
vt -0.245732 -0.315620
vt -0.122964 -0.380631
vt -0.094965 -0.466802
vt -0.356780 -0.315643
vt -0.372802 -0.296549
vt -0.443220 -0.174582
vt -0.451745 -0.151159
vt -0.338861 -0.212540
vt -0.476201 -0.012463
vt -0.476201 0.012463
vt -0.391118 -0.083826
vt -0.396201 0.055000
vt -0.443220 0.174582
vt -0.451745 0.151159
vt -0.372802 0.296549
vt -0.245732 0.315620
vt -0.268154 0.296805
vt -0.356780 0.315643
vt -0.094965 0.466802
vt -0.070417 0.471130
vt -0.150469 0.370620
vt -0.227307 0.418634
vt -0.353496 -0.187192
vt -0.268154 -0.296805
vt -0.227307 -0.418634
vt -0.150469 -0.370620
vt -0.014635 -0.399732
vt 0.122964 -0.380631
vt 0.248894 -0.406170
vt 0.338861 -0.212540
vt 0.353496 -0.187192
vt 0.391118 -0.083826
vt 0.396201 0.055000
vt 0.353496 0.187192
vt 0.268154 0.296805
vt 0.227307 0.418634
vt 0.150469 0.370620
vt 0.014635 0.399732
vt -0.122964 0.380631
vt -0.014635 0.399732
vt -0.248894 0.406170
vt -0.338861 0.212540
vt -0.353496 0.187192
vt -0.391118 0.083826
vt -0.396201 -0.055000
vt 0.097545 0.000000
vt 0.097545 1.070000
vt 0.191342 0.000000
vt 0.277785 0.000000
vt 0.191342 1.070000
vt 0.277785 1.070000
vt 0.353553 1.070000
vt 0.353553 0.000000
vt 1.070000 0.353553
vt 0.000000 0.353553
vt 0.000000 0.277785
vt 1.070000 0.277785
vt 0.000000 0.191342
vt 1.070000 0.191342
vt 0.000000 0.097545
vt 1.070000 0.097545
vt 0.000000 -0.097545
vt 1.070000 0.000000
vt 1.070000 -0.097545
vt 0.000000 -0.191342
vt 1.070000 -0.191342
vt 0.000000 -0.277785
vt 0.000000 -0.353553
vt 1.070000 -0.277785
vt 1.070000 -0.353553
vt -0.277785 1.070000
vt -0.353553 1.070000
vt -0.277785 0.000000
vt -0.191342 0.000000
vt -0.191342 1.070000
vt -0.097545 0.000000
vt -0.097545 1.070000
vt -0.000000 1.070000
vt -1.070000 0.000000
vt -1.070000 -0.097545
vt -1.070000 0.097545
vt -1.070000 0.191342
vt -1.070000 0.277785
vt -0.353553 0.000000
vt -1.070000 0.353553
vt -1.070000 -0.191342
vt -1.070000 -0.277785
vt -1.070000 -0.353553
vt 0.224497 0.150004
vt 0.249447 0.103325
vt 0.190919 0.190919
vt 0.150004 0.224497
vt 0.103325 0.249447
vt 0.052674 0.264812
vt -0.000000 0.270000
vt -0.052674 0.264812
vt -0.103325 0.249447
vt -0.190919 0.190919
vt -0.150004 0.224497
vt -0.224497 0.150004
vt -0.249447 0.103325
vt -0.264812 0.052674
vt -0.270000 0.000000
vt -0.249447 -0.103325
vt -0.264812 -0.052674
vt -0.224497 -0.150004
vt -0.190919 -0.190919
vt -0.150004 -0.224497
vt -0.103325 -0.249447
vt -0.052674 -0.264812
vt 0.000000 -0.270000
vt 0.052674 -0.264812
vt 0.103325 -0.249447
vt 0.190919 -0.190919
vt 0.150004 -0.224497
vt 0.224497 -0.150004
vt 0.249447 -0.103325
vt 0.264812 -0.052674
vt 0.270000 0.000000
vt 0.264812 0.052674
vt 1.300000 -0.083826
vt 1.300000 -0.055000
vt 1.070000 -0.083826
vt 1.070000 -0.055000
vt 1.070000 -0.012463
vt 1.300000 -0.012463
vt 1.070000 0.012463
vt 1.300000 0.012463
vt -0.396201 1.070000
vt -0.396201 1.300000
vt -0.476201 1.070000
vt -0.476201 1.300000
vt 0.476201 1.070000
vt 0.476201 1.300000
vt 0.396201 1.070000
vt 0.396201 1.300000
vt 1.300000 0.151159
vt 1.300000 0.174582
vt 1.070000 0.151159
vt 1.070000 0.174582
vt 0.443220 1.070000
vt 0.443220 1.300000
vt 0.353496 1.070000
vt 0.353496 1.300000
vt 1.070000 0.296549
vt 1.300000 0.296549
vt 1.070000 0.315643
vt 1.300000 0.315643
vt 0.356780 1.070000
vt 0.356780 1.300000
vt 0.248894 1.070000
vt 0.248894 1.300000
vt 0.227307 1.070000
vt 0.227307 1.300000
vt 1.070000 0.315620
vt 1.300000 0.315620
vt 1.070000 0.406170
vt 1.300000 0.406170
vt 0.094965 1.070000
vt 0.094965 1.300000
vt 0.070417 1.070000
vt 0.070417 1.300000
vt 1.070000 0.380631
vt 1.300000 0.380631
vt 1.070000 0.466802
vt 1.300000 0.466802
vt -1.070000 0.471130
vt -1.300000 0.471130
vt -1.070000 0.399732
vt -1.300000 0.399732
vt -0.070417 1.070000
vt -0.070417 1.300000
vt -0.094965 1.070000
vt -0.094965 1.300000
vt 1.070000 0.399732
vt 1.300000 0.399732
vt 1.070000 0.471130
vt 1.300000 0.471130
vt -1.070000 0.466802
vt -1.300000 0.466802
vt -1.070000 0.380631
vt -1.300000 0.380631
vt -0.227307 1.070000
vt -0.227307 1.300000
vt -0.248894 1.070000
vt -0.248894 1.300000
vt -1.070000 0.406170
vt -1.300000 0.406170
vt -1.070000 0.315620
vt -1.300000 0.315620
vt -1.070000 0.315643
vt -1.300000 0.315643
vt -1.070000 0.296549
vt -1.300000 0.296549
vt -0.356780 1.070000
vt -0.356780 1.300000
vt -1.070000 0.174582
vt -1.300000 0.174582
vt -1.070000 0.151159
vt -1.300000 0.151159
vt -0.353496 1.070000
vt -0.353496 1.300000
vt -0.443220 1.070000
vt -0.443220 1.300000
vt -1.070000 0.012463
vt -1.300000 0.012463
vt -1.070000 -0.012463
vt -1.300000 -0.012463
vt -1.070000 -0.151159
vt -1.300000 -0.151159
vt -1.070000 -0.174582
vt -1.300000 -0.174582
vt -1.070000 -0.296549
vt -1.300000 -0.296549
vt -1.070000 -0.315643
vt -1.300000 -0.315643
vt -1.070000 -0.315620
vt -1.300000 -0.315620
vt -1.070000 -0.406170
vt -1.300000 -0.406170
vt -1.070000 -0.380631
vt -1.300000 -0.380631
vt -1.070000 -0.466802
vt -1.300000 -0.466802
vt 1.070000 -0.471130
vt 1.300000 -0.471130
vt 1.070000 -0.399732
vt 1.300000 -0.399732
vt -1.070000 -0.399732
vt -1.300000 -0.399732
vt -1.070000 -0.471130
vt -1.300000 -0.471130
vt 1.070000 -0.466802
vt 1.300000 -0.466802
vt 1.070000 -0.380631
vt 1.300000 -0.380631
vt 1.070000 -0.406170
vt 1.300000 -0.406170
vt 1.070000 -0.315620
vt 1.300000 -0.315620
vt 1.070000 -0.315643
vt 1.300000 -0.315643
vt 1.070000 -0.296549
vt 1.300000 -0.296549
vt 1.070000 -0.174582
vt 1.300000 -0.174582
vt 1.070000 -0.151159
vt 1.300000 -0.151159
vt 2.150000 0.096570
vt 2.150000 0.189428
vt 1.440000 0.096570
vt 2.150000 0.275007
vt 1.440000 0.189428
vt 1.440000 0.275007
vt 2.150000 0.350018
vt 1.440000 0.350018
vt 0.275007 2.150000
vt 0.350018 1.440000
vt 0.350018 2.150000
vt 0.189428 2.150000
vt 0.275007 1.440000
vt 0.189428 1.440000
vt 0.096570 1.440000
vt 0.096570 2.150000
vt 0.000000 2.150000
vt -0.096570 2.150000
vt -0.096570 1.440000
vt -0.189428 2.150000
vt -0.189428 1.440000
vt -0.275007 2.150000
vt -0.350018 2.150000
vt -0.275007 1.440000
vt -0.350018 1.440000
vt -2.150000 0.275007
vt -1.440000 0.275007
vt -1.440000 0.350018
vt -2.150000 0.189428
vt -2.150000 0.096570
vt -1.440000 0.189428
vt -1.440000 0.096570
vt -2.150000 -0.000000
vt -2.150000 -0.096570
vt -1.440000 -0.096570
vt -2.150000 -0.189428
vt -1.440000 -0.189428
vt -2.150000 -0.275007
vt -1.440000 -0.275007
vt -2.150000 -0.350018
vt 1.440000 -0.096570
vt 2.150000 -0.096570
vt 2.150000 0.000000
vt 1.440000 -0.189428
vt 2.150000 -0.189428
vt 1.440000 -0.275007
vt 2.150000 -0.275007
vt 1.440000 -0.350018
vt 2.150000 -0.350018
vt -1.440000 -0.350018
vt -2.150000 0.350018
vt 2.466781 -2.475918
vt 1.965000 -0.726000
vt 2.968562 -4.225835
vt 3.008576 -3.694211
vt 2.870758 -3.213580
vt 2.768261 -3.763120
vt 2.837170 -4.003436
vt 3.146395 -4.174842
vt 2.630442 -3.282490
vt 2.871625 -4.123594
vt 2.906080 -4.243751
vt 2.843871 -3.119814
vt 2.818017 -3.029651
vt 2.603555 -3.188723
vt 2.577701 -3.098560
vt 2.553874 -3.015465
vt 2.794190 -2.946556
vt 2.773305 -2.873723
vt 0.353553 2.532990
vt 0.353553 2.773305
vt 0.277785 2.756166
vt 0.277785 2.515850
vt 0.191342 2.743430
vt 0.191342 2.503114
vt 0.097545 2.735587
vt 0.097545 2.495272
vt 0.000000 2.732939
vt -0.097545 2.495272
vt 0.000000 2.492624
vt -0.097545 2.735587
vt -0.191342 2.743430
vt -0.191342 2.503114
vt -0.353553 2.773305
vt -0.353553 2.532990
vt -0.277785 2.756166
vt -2.630442 -3.282490
vt -2.603555 -3.188723
vt -2.843871 -3.119814
vt -2.794190 -2.946556
vt -2.577701 -3.098560
vt -2.553874 -3.015465
vt -2.870758 -3.213580
vt -2.818017 -3.029651
vt -2.773305 -2.873723
vt -2.532990 -2.942632
vt -0.277785 2.515850
vt 2.532990 -2.942632
vt -3.008576 -3.694211
vt -2.837170 -4.003436
vt -2.768261 -3.763120
vt -3.146395 -4.174842
vt -2.871625 -4.123594
vt -2.906080 -4.243751
vt -3.173282 -4.268608
vt -2.753834 -4.438398
vt -2.734050 -4.369402
vt -2.772753 -4.504375
vt -3.199136 -4.358771
vt -2.790395 -4.565903
vt -3.222963 -4.441866
vt -2.806381 -4.621651
vt 0.370476 2.806381
vt 0.353553 3.243848
vt 0.317197 2.820363
vt 0.277785 3.260987
vt 0.257051 2.832038
vt -0.000000 3.284214
vt -0.024534 2.851480
vt 0.049009 2.850982
vt -0.097545 3.281565
vt -0.168445 2.843590
vt -0.097545 2.848998
vt -0.191342 3.273723
vt -0.235698 2.835373
vt -0.277785 3.260987
vt -0.353553 3.243848
vt -0.297850 2.824524
vt 2.795926 -4.585190
vt 2.811280 -4.638736
vt 3.243848 -4.514699
vt 3.222963 -4.441866
vt 2.778795 -4.525446
vt 3.199136 -4.358771
vt 2.740715 -4.392645
vt 3.173282 -4.268608
vt 2.760257 -4.460798
vt 2.720590 -4.322462
vt 2.700319 -4.251769
vt 2.879193 -4.149985
vt 2.680340 -4.182095
vt 2.853339 -4.059822
vt 2.661086 -4.114949
vt 2.829512 -3.976727
vt 2.642974 -4.051785
vt 2.808627 -3.903894
vt 2.626396 -3.993970
vt 0.353553 2.808627
vt 0.277785 2.791487
vt 0.335779 2.611710
vt 0.277785 2.599235
vt 0.191342 2.778752
vt 0.213778 2.589241
vt 0.097545 2.770909
vt 0.145142 2.581943
vt 0.000000 2.768261
vt 0.073365 2.577500
vt -0.097545 2.770909
vt -0.191342 2.778752
vt -0.191342 2.586499
vt -0.353553 2.616375
vt -0.277785 2.791487
vt -0.353553 2.808627
vt -2.853339 -4.059822
vt -2.661086 -4.114949
vt -2.829512 -3.976727
vt -2.637259 -4.031855
vt -2.879193 -4.149985
vt -2.713827 -4.298879
vt -2.686940 -4.205112
vt -2.808627 -3.903894
vt -2.616375 -3.959021
vt -0.277785 2.599235
vt -0.097545 2.578657
vt 0.000000 2.576009
vt 2.611710 -3.942755
vt -0.353553 2.811280
vt 0.097545 3.281565
vt 0.121490 2.847516
vt 0.191342 3.273723
vt 0.191342 2.841155
vt -3.243848 -4.514699
vt -2.786433 -4.349437
vt -2.987474 -4.291789
vt -3.006204 -4.357108
vt -3.024571 -4.421163
vt -2.805162 -4.414755
vt -2.823530 -4.478810
vt -3.042399 -4.483336
vt -2.841358 -4.540984
vt -3.059516 -4.543030
vt -3.075757 -4.599669
vt -2.858475 -4.600677
vt -2.874716 -4.657316
vt -3.090966 -4.652708
vt -2.889924 -4.710355
vt -3.104995 -4.701635
vt 0.494975 2.903954
vt 0.494975 3.104995
vt 0.444075 3.117711
vt 0.444075 2.916670
vt 0.388899 2.927949
vt 0.388899 3.128991
vt 0.267878 3.146821
vt 0.329978 2.937684
vt 0.329978 3.138725
vt 0.267878 2.945780
vt 0.203199 3.153200
vt 0.203199 2.952158
vt 0.136563 3.157800
vt 0.136563 2.956759
vt 0.068612 3.160579
vt 0.068612 2.959538
vt -0.000000 3.161508
vt -0.068612 2.959538
vt -0.000000 2.960467
vt -0.068612 3.160579
vt -0.136563 2.956759
vt -0.136563 3.157800
vt -0.203199 2.952158
vt -0.203199 3.153200
vt -0.267878 3.146821
vt -0.329978 3.138725
vt -0.329978 2.937684
vt -0.388899 3.128991
vt -0.388899 2.927949
vt -0.444075 3.117711
vt -0.494975 2.903954
vt -0.444075 2.916670
vt 3.104995 -4.701635
vt 2.889924 -4.710355
vt 2.903954 -4.759283
vt 3.075757 -4.599669
vt 2.874716 -4.657316
vt 3.090966 -4.652708
vt 3.059516 -4.543030
vt 2.858475 -4.600677
vt 2.987474 -4.291789
vt 2.786433 -4.349437
vt 2.823530 -4.478810
vt 2.841358 -4.540984
vt 3.042399 -4.483336
vt 3.006204 -4.357108
vt 2.805162 -4.414755
vt 3.024571 -4.421163
vt -0.494975 3.104995
vt -0.267878 2.945780
vt -2.903954 -4.759283
vt -0.152882 -4.388505
vt -0.255014 -4.403383
vt -0.206447 -4.437506
vt 0.152882 -4.388505
vt 0.255014 -4.403383
vt 0.100892 -4.400798
vt 0.206447 -4.437506
vt 0.382691 -4.631610
vt 0.445698 -4.624156
vt 0.358056 -4.570436
vt 0.332233 -4.694383
vt 0.414411 -4.718337
vt -0.382691 -4.631610
vt -0.445698 -4.624156
vt -0.414411 -4.718337
vt -0.358056 -4.570436
vt -0.110799 -4.683244
vt -0.117446 -4.629416
vt -0.162985 -4.747260
vt -0.055452 -4.662245
vt -0.023764 -4.532738
vt 0.000000 -4.598816
vt 0.000000 -4.443968
vt -0.079001 -4.541469
vt 0.046202 -4.653172
vt 0.030603 -4.708224
vt 0.086894 -4.707814
vt 0.023764 -4.532738
vt -0.239679 -4.550407
vt -0.281365 -4.609980
vt -0.175202 -4.603332
vt -0.278662 -4.526649
vt 0.239679 -4.550407
vt 0.281365 -4.609980
vt 0.156083 -4.505513
vt 0.175202 -4.603332
vt 0.227272 2.772863
vt 0.226772 2.841363
vt 0.107550 2.746901
vt 0.288061 2.758819
vt 0.303089 2.840986
vt 0.178492 2.871290
vt -0.178492 2.871290
vt -0.105907 2.822739
vt -0.057539 2.859208
vt 0.098369 -4.776145
vt 0.162985 -4.747260
vt -0.167359 2.793879
vt -0.226772 2.841363
vt -0.288061 2.758819
vt 0.006045 2.722181
vt -0.000000 2.800355
vt -0.098369 2.736431
vt -0.006045 -4.768112
vt -0.050938 -4.742182
vt -0.107550 -4.785527
vt -0.354026 -4.418960
vt -0.322506 -4.473348
vt 0.354026 -4.418960
vt 0.322506 -4.473348
vt 0.105907 2.822739
vt 0.162985 2.721186
vt 0.389813 2.851851
vt 0.414411 2.798850
vt -0.389813 2.851851
vt -0.303089 2.840986
vt 0.392556 -4.522161
vt 0.278662 -4.526649
vt 0.487946 -4.514980
vt 0.433900 -4.444660
vt -0.392556 -4.522161
vt -0.433900 -4.444660
vt -0.526458 -4.397810
vt -0.583979 -4.419750
vt -0.487946 -4.514980
vt 0.526458 -4.397810
vt 0.583979 -4.419750
vt 0.525901 2.831542
vt 0.582029 2.874716
vt 0.541107 2.889924
vt -0.525901 -4.666271
vt -0.521740 -4.583302
vt 0.525901 -4.666271
vt 0.582029 -4.657316
vt 0.617345 -4.600677
vt -0.525901 2.831542
vt -0.541107 2.889924
vt -0.582029 2.874716
vt 0.057539 2.859208
vt 0.228266 -4.670986
vt 0.117446 -4.629416
vt -0.228266 -4.670986
vt -0.156083 -4.505513
vt -0.590240 -4.516257
vt -0.646716 -4.540984
vt -0.617345 -4.600677
vt -0.669858 -4.478810
vt 0.590240 -4.516257
vt 0.646716 -4.540984
vt 0.669858 -4.478810
vt 0.521740 -4.583302
vt 0.288061 -4.745232
vt -0.332233 -4.694383
vt -0.288061 -4.745232
vt 0.072638 -4.430642
vt 0.079001 -4.541469
vt -0.100892 -4.400798
vt -0.072638 -4.430642
vt -0.582029 -4.657316
vt -0.227272 -4.782628
vt -0.686550 -4.414755
vt 0.686550 -4.414755
vt 0.696629 -4.349437
vt -0.414411 2.798850
vt -0.162985 2.721186
vt 0.167359 -4.818917
vt -0.696629 -4.349437
vt -2.150000 -0.700000
vt -2.150000 0.109251
vt -2.150000 0.214303
vt -2.150000 0.311119
vt -0.395980 2.150000
vt -0.311119 2.150000
vt -0.109251 2.150000
vt -0.214303 2.150000
vt 0.311119 2.150000
vt 2.150000 0.311119
vt 2.150000 0.395980
vt 2.150000 0.214303
vt 2.150000 0.109251
vt 0.109251 2.150000
vt 0.214303 2.150000
vt 0.395980 2.150000
vt -2.150000 0.395980
vt -2.648198 -2.437421
vt 2.150000 -0.700000
vt -3.176509 -4.279860
vt -3.205465 -4.380843
vt 0.582029 -4.599669
vt 0.617345 -4.543030
vt 0.541107 -4.652708
vt 0.444075 -4.745981
vt 0.494975 -4.701635
vt 0.388899 -4.785316
vt 0.329978 -4.819265
vt 0.267878 -4.847497
vt 0.203199 -4.869744
vt 0.136563 -4.885789
vt 0.068612 -4.895478
vt -0.000000 -4.898718
vt -0.068612 -4.895478
vt -0.203199 -4.869744
vt -0.136563 -4.885789
vt -0.267878 -4.847497
vt -0.329978 -4.819265
vt -0.388899 -4.785316
vt -0.444075 -4.745981
vt -0.494975 -4.701635
vt -0.541107 -4.652708
vt -0.582029 -4.599669
vt -0.617345 -4.543030
vt 3.176509 -4.279860
vt 3.205465 -4.380843
vt 3.232151 -4.473909
vt -3.232151 -4.473909
vt 2.648198 -2.437421
vt -0.478470 -4.438398
vt -0.500000 -4.298879
vt -0.494588 -4.369402
vt -0.451995 -4.504375
vt -0.415735 -4.565903
vt -0.370476 -4.621651
vt -0.317197 -4.670412
vt -0.257051 -4.711130
vt -0.191342 -4.742924
vt -0.121490 -4.765106
vt -0.049009 -4.777195
vt 0.024534 -4.778931
vt 0.097545 -4.770275
vt 0.168445 -4.751414
vt 0.235698 -4.722757
vt 0.297850 -4.684925
vt 0.353553 -4.638736
vt 0.440961 -4.525446
vt 0.401604 -4.585190
vt 0.000000 -3.818248
vt 0.470772 -4.460798
vt 0.499398 -4.322462
vt 0.490393 -4.392645
vt 0.497592 -4.251769
vt 0.485016 -4.182095
vt 0.461940 -4.114949
vt 0.428864 -4.051785
vt 0.386505 -3.993970
vt 0.335779 -3.942755
vt 0.277785 -3.899249
vt 0.213778 -3.864394
vt 0.145142 -3.838943
vt 0.073365 -3.823450
vt -0.353553 -3.959021
vt -0.097545 -3.827483
vt -0.191342 -3.854834
vt -0.277785 -3.899249
vt -0.415735 -4.031855
vt -0.461940 -4.114949
vt -0.490393 -4.205112
s 1
usemtl Diffuse_51_51_51_100.041
f 1/1/1 2/2/1 3/3/1
f 4/4/1 5/5/1 1/1/1
f 6/6/1 7/7/1 4/4/1
f 8/8/1 9/9/1 10/10/1
f 8/8/1 11/11/1 9/9/1
f 12/12/1 13/13/2 14/14/1
f 15/15/1 12/12/1 14/14/1
f 16/16/1 15/15/1 14/14/1
f 17/17/1 16/16/1 14/14/1
f 18/18/1 17/17/1 14/14/1
f 19/19/1 14/14/1 20/20/1
f 19/19/1 18/18/1 14/14/1
f 20/20/1 14/14/1 21/21/1
f 14/14/1 22/22/1 21/21/1
f 14/14/1 23/23/1 22/22/1
f 14/14/1 24/24/1 23/23/1
f 25/25/1 26/26/1 14/14/1
f 14/14/1 26/26/1 24/24/1
f 27/27/1 14/14/1 28/28/1
f 6/6/1 29/29/1 7/7/1
f 5/5/1 2/2/1 1/1/1
f 7/7/1 5/5/1 4/4/1
f 29/29/1 6/6/1 30/30/1
f 30/30/1 6/6/1 31/31/1
f 31/31/1 28/28/1 32/32/1
f 33/33/1 28/28/1 14/14/1
f 33/33/1 32/32/1 28/28/1
f 14/14/1 34/34/1 33/33/1
f 14/14/1 35/35/1 34/34/1
f 14/14/1 36/36/1 35/35/1
f 36/36/1 37/37/1 38/38/1
f 36/36/1 39/39/1 37/37/1
f 36/36/1 11/11/1 39/39/1
f 28/28/1 31/31/1 6/6/1
f 39/39/1 11/11/1 8/8/1
f 14/14/1 27/27/1 25/25/1
f 10/10/1 9/9/1 40/40/1
f 36/36/1 38/38/1 35/35/1
f 41/41/1 42/42/1 43/43/1
f 44/44/1 45/45/1 46/46/1
f 47/47/1 44/44/1 48/48/1
f 49/49/1 50/50/1 42/42/1
f 51/51/1 43/43/1 42/42/1
f 52/52/1 53/53/1 49/49/1
f 54/54/1 55/55/1 56/56/1
f 57/57/1 55/55/1 58/58/1
f 59/59/1 57/57/1 60/60/1
f 61/61/1 59/59/1 62/62/1
f 63/63/1 61/61/1 64/64/1
f 65/65/1 66/66/1 67/67/1
f 68/68/1 66/66/1 69/69/1
f 70/70/1 68/68/1 71/71/1
f 72/72/1 70/70/1 73/73/1
f 74/74/1 72/72/1 75/75/1
f 76/76/1 77/77/1 78/78/1
f 78/78/1 74/74/1 79/79/1
f 46/46/1 80/80/1 81/81/1
f 41/41/1 82/82/1 44/44/1
f 81/81/1 77/77/1 46/46/1
f 44/44/1 83/83/1 45/45/1
f 77/77/1 76/76/1 46/46/1
f 78/78/1 79/79/1 76/76/1
f 74/74/1 75/75/1 79/79/1
f 72/72/1 73/73/1 75/75/1
f 70/70/1 71/71/1 73/73/1
f 69/69/1 71/71/1 68/68/1
f 65/65/1 69/69/1 66/66/1
f 84/84/1 67/67/1 63/63/1
f 65/65/1 67/67/1 84/84/1
f 59/59/1 60/60/1 62/62/1
f 62/62/1 64/64/1 61/61/1
f 57/57/1 58/58/1 60/60/1
f 55/55/1 54/54/1 58/58/1
f 52/52/1 54/54/1 56/56/1
f 84/84/1 63/63/1 64/64/1
f 43/43/1 85/85/2 41/41/1
f 44/44/1 47/47/1 41/41/1
f 86/86/1 41/41/1 85/85/2
f 87/87/1 41/41/1 86/86/1
f 88/88/1 41/41/1 87/87/1
f 89/89/1 41/41/1 88/88/1
f 90/90/1 41/41/1 89/89/1
f 91/91/1 41/41/1 90/90/1
f 91/91/1 82/82/1 41/41/1
f 82/82/1 92/92/1 44/44/1
f 92/92/1 93/93/1 44/44/1
f 93/93/1 94/94/1 44/44/1
f 95/95/1 44/44/1 96/96/1
f 44/44/1 97/97/1 96/96/1
f 49/49/1 53/53/1 50/50/1
f 44/44/1 95/95/1 83/83/1
f 52/52/1 56/56/1 53/53/1
f 44/44/1 94/94/1 97/97/1
f 48/48/1 44/44/1 98/98/1
f 46/46/1 45/45/1 80/80/1
f 50/50/1 51/51/1 42/42/1
f 99/99/3 100/100/4 101/101/5
f 99/99/3 102/102/6 100/100/4
f 103/103/7 104/104/8 105/105/9
f 103/103/7 106/106/10 107/107/11
f 104/104/8 108/108/12 109/109/13
f 104/104/8 107/107/11 110/110/14
f 111/111/15 112/112/16 113/113/15
f 111/111/15 114/114/17 115/115/18
f 113/113/15 116/116/19 111/111/15
f 113/113/15 117/117/20 118/118/21
f 119/119/22 120/120/23 121/121/22
f 119/119/22 122/122/24 123/123/25
f 121/121/22 124/124/26 119/119/22
f 121/121/22 125/125/27 126/126/28
f 127/127/29 128/128/30 129/129/31
f 127/127/29 130/130/32 128/128/30
f 131/131/33 132/132/34 133/133/33
f 131/131/33 134/134/35 135/135/36
f 136/136/37 137/137/38 130/130/32
f 136/136/37 138/138/31 139/139/39
f 133/133/33 132/132/34 140/140/40
f 133/141/33 130/130/32 131/142/33
f 109/109/13 105/105/9 104/104/8
f 109/109/13 141/143/14 142/144/11
f 143/145/41 144/146/42 145/147/43
f 143/145/41 146/148/44 147/149/45
f 145/147/43 148/150/46 143/145/41
f 145/147/43 149/151/47 150/152/48
f 151/153/49 102/102/6 152/154/50
f 151/153/49 153/155/51 102/102/6
f 102/102/6 153/155/51 100/100/4
f 102/102/6 154/156/52 152/154/50
f 137/137/38 153/155/51 128/128/30
f 137/137/38 139/139/39 155/110/53
f 128/128/30 130/130/32 137/137/38
f 128/128/30 156/157/53 157/158/39
f 143/145/41 148/150/46 158/159/54
f 144/146/42 105/105/9 159/160/42
f 148/150/46 160/161/55 161/162/56
f 148/150/46 145/147/43 162/163/57
f 160/161/55 163/164/58 164/165/59
f 160/161/55 165/166/60 166/167/61
f 163/168/58 167/169/62 168/170/63
f 163/164/58 169/171/64 170/172/65
f 167/169/62 171/173/66 172/140/67
f 167/169/62 173/174/68 174/175/69
f 171/173/66 175/176/70 176/177/71
f 171/173/66 177/178/72 178/179/73
f 175/176/70 179/180/74 180/126/75
f 175/176/70 181/181/76 182/182/77
f 179/180/74 183/183/78 184/184/79
f 179/180/74 185/185/80 186/186/81
f 183/183/78 187/187/82 188/188/83
f 183/183/78 189/189/84 190/190/85
f 187/187/82 191/191/86 192/192/87
f 187/187/82 193/193/88 194/194/89
f 191/191/86 195/195/90 196/117/91
f 191/191/86 197/196/92 198/197/93
f 195/195/90 199/198/94 200/199/95
f 195/195/90 201/200/96 202/201/97
f 199/202/94 203/203/98 204/165/99
f 199/202/94 205/204/100 206/205/101
f 203/203/98 207/206/102 208/162/103
f 203/203/98 209/207/104 210/208/105
f 207/206/102 101/101/5 211/148/106
f 207/206/102 212/209/107 213/210/102
f 101/101/5 100/100/4 214/184/52
f 101/101/5 215/211/108 216/212/109
f 100/100/4 153/155/51 217/106/50
f 99/99/3 101/101/5 154/156/52
f 136/136/37 130/130/32 133/141/33
f 218/213/110 151/153/49 152/154/50
f 219/214/111 133/141/33 220/215/112
f 221/216/111 127/127/29 129/129/31
f 132/132/34 222/217/113 140/140/40
f 223/218/40 131/131/33 135/135/36
f 222/217/113 124/124/26 224/177/114
f 222/217/113 223/218/40 225/219/115
f 121/121/22 120/120/23 226/220/116
f 124/124/26 227/221/117 228/222/118
f 120/120/23 229/223/119 226/220/116
f 230/224/116 119/119/22 123/123/25
f 229/223/119 116/116/19 231/225/120
f 229/223/119 230/224/116 232/226/121
f 113/113/15 112/112/16 233/199/122
f 116/116/19 234/227/123 235/228/124
f 112/229/16 236/230/125 233/215/122
f 237/231/122 111/111/15 115/115/18
f 236/230/125 108/108/12 238/138/126
f 236/230/125 237/232/122 239/233/127
f 103/103/7 105/105/9 144/146/42
f 108/108/12 240/234/128 241/235/129
f 145/147/43 159/160/42 149/151/47
f 105/105/9 109/109/13 242/236/9
f 102/102/6 99/99/3 154/156/52
f 207/206/102 211/148/106 243/159/130
f 101/101/5 207/206/102 215/211/108
f 207/206/102 243/159/130 208/162/103
f 208/162/103 244/237/98 203/203/98
f 207/206/102 203/203/98 212/209/107
f 203/203/98 244/237/98 204/165/99
f 199/202/94 204/165/99 245/238/94
f 209/207/104 203/203/98 199/202/94
f 206/205/101 209/207/104 199/202/94
f 191/191/86 196/117/91 246/118/131
f 200/199/95 247/239/132 195/195/90
f 201/200/96 195/195/90 191/191/86
f 198/197/93 201/200/96 191/191/86
f 248/225/133 187/187/82 192/192/87
f 248/225/133 188/188/83 187/187/82
f 197/196/92 187/187/82 194/194/89
f 187/187/82 183/183/78 193/193/88
f 183/183/78 249/220/134 184/184/79
f 179/180/74 184/184/79 250/125/135
f 189/189/84 183/183/78 179/180/74
f 251/240/136 175/176/70 180/126/75
f 176/177/71 175/176/70 251/240/136
f 175/176/70 185/185/80 179/180/74
f 175/176/70 182/182/77 185/185/80
f 252/241/137 172/140/67 171/173/66
f 171/173/66 178/179/73 181/181/76
f 172/140/67 253/242/138 167/169/62
f 167/169/62 177/178/72 171/173/66
f 173/243/68 163/164/58 170/172/65
f 143/145/41 158/159/54 146/148/44
f 145/147/43 144/146/42 159/160/42
f 144/146/42 143/145/41 254/184/42
f 150/152/48 162/163/57 145/147/43
f 147/149/45 254/184/42 143/145/41
f 148/150/46 162/163/57 165/166/60
f 160/161/55 148/150/46 165/166/60
f 166/167/61 169/171/64 160/161/55
f 161/162/56 158/159/54 148/150/46
f 163/164/58 160/161/55 169/171/64
f 160/161/55 255/237/139 161/162/56
f 160/161/55 164/165/59 255/237/139
f 173/174/68 167/169/62 163/168/58
f 164/165/59 163/164/58 256/238/140
f 167/169/62 174/175/69 177/178/72
f 168/244/63 256/238/140 163/164/58
f 167/169/62 253/242/138 168/170/63
f 175/176/70 171/173/66 181/181/76
f 176/177/71 252/241/137 171/173/66
f 179/180/74 186/186/81 189/189/84
f 180/126/75 179/180/74 250/125/135
f 190/190/85 193/193/88 183/183/78
f 183/183/78 188/188/83 249/220/134
f 191/191/86 187/187/82 197/196/92
f 246/118/131 192/192/87 191/191/86
f 195/195/90 202/201/97 205/245/100
f 247/239/132 196/117/91 195/195/90
f 199/202/94 195/246/90 205/204/100
f 257/149/141 211/148/106 101/101/5
f 214/184/52 257/149/141 101/101/5
f 258/247/142 214/184/52 100/100/4
f 217/106/50 258/247/142 100/100/4
f 156/157/53 128/128/30 218/213/110
f 153/155/51 259/107/110 217/106/50
f 151/153/49 128/128/30 153/155/51
f 259/107/110 153/155/51 137/137/38
f 128/128/30 157/158/39 129/129/31
f 131/142/33 127/127/29 221/216/111
f 136/136/37 139/139/39 137/137/38
f 134/248/35 131/142/33 221/216/111
f 136/136/37 133/141/33 219/214/111
f 138/138/31 136/136/37 219/214/111
f 131/131/33 223/218/40 132/132/34
f 220/170/112 133/133/33 260/242/36
f 132/132/34 223/218/40 222/217/113
f 222/217/113 225/219/115 227/221/117
f 261/241/115 140/140/40 222/217/113
f 124/124/26 222/217/113 227/221/117
f 262/249/28 119/119/22 228/222/118
f 124/124/26 263/240/118 224/177/114
f 262/249/28 122/122/24 119/119/22
f 263/240/118 124/124/26 121/121/22
f 126/126/28 263/240/118 121/121/22
f 120/120/23 119/119/22 230/224/116
f 264/184/25 125/125/27 121/121/22
f 226/220/116 264/184/25 121/121/22
f 234/227/123 229/223/119 232/226/121
f 229/223/119 265/188/121 226/220/116
f 229/223/119 231/225/120 265/188/121
f 236/230/125 240/234/128 108/108/12
f 266/214/127 236/230/125 238/138/126
f 254/184/42 267/247/143 103/103/7
f 154/156/52 101/101/5 216/212/109
f 254/184/42 103/103/7 144/146/42
f 199/202/94 245/238/94 200/244/95
f 268/250/42 159/160/42 269/251/143
f 269/251/143 159/160/42 242/236/9
f 242/236/9 159/160/42 105/105/9
f 267/247/143 106/106/10 103/103/7
f 103/103/7 107/107/11 104/104/8
f 270/139/129 104/104/8 110/110/14
f 142/144/11 242/236/9 109/109/13
f 270/139/129 108/108/12 104/104/8
f 108/108/12 241/235/129 109/109/13
f 270/139/129 238/138/126 108/108/12
f 141/143/14 109/109/13 241/235/129
f 111/111/15 235/228/124 271/252/21
f 236/230/125 266/214/127 233/215/122
f 239/233/127 240/234/128 236/230/125
f 272/239/18 113/113/15 233/199/122
f 112/229/16 237/232/122 236/230/125
f 272/239/18 117/117/20 113/113/15
f 237/231/122 112/112/16 111/111/15
f 273/192/124 113/113/15 118/118/21
f 235/228/124 111/111/15 116/116/19
f 273/192/124 116/116/19 113/113/15
f 111/111/15 271/252/21 114/114/17
f 273/192/124 231/225/120 116/116/19
f 229/223/119 234/227/123 116/116/19
f 230/224/116 229/223/119 120/120/23
f 119/119/22 124/124/26 228/222/118
f 261/241/115 222/217/113 224/177/114
f 133/133/33 140/140/40 260/242/36
f 130/130/32 127/127/29 131/142/33
f 259/107/110 137/137/38 155/110/53
f 151/153/49 218/213/110 128/128/30
f 274/253/144 154/156/52 275/254/52
f 215/211/108 207/206/102 213/210/102
f 210/208/105 212/209/107 203/203/98
f 154/156/52 274/253/144 152/154/50
f 276/255/42 277/256/42 278/257/42
f 279/258/42 280/259/145 276/255/42
f 277/256/42 159/160/42 281/260/42
f 281/260/42 159/160/42 268/250/42
f 279/258/42 276/255/42 278/257/42
f 281/260/42 278/257/42 277/256/42
f 282/261/146 283/262/147 284/263/148
f 282/261/146 285/264/149 286/265/150
f 285/264/149 287/266/151 288/267/152
f 285/264/149 289/268/153 290/269/154
f 291/270/155 292/271/156 293/272/157
f 291/270/155 294/273/158 295/274/159
f 296/275/160 297/276/161 298/277/162
f 296/275/160 295/274/159 294/273/158
f 296/275/160 294/273/158 297/276/161
f 295/274/159 299/271/156 291/270/155
f 300/278/163 301/279/164 302/280/165
f 300/278/163 303/281/166 304/282/167
f 305/283/168 306/284/169 307/285/170
f 305/283/168 308/286/171 309/284/169
f 290/269/154 289/268/153 310/287/172
f 290/269/154 287/266/151 285/264/149
f 311/288/173 312/289/174 313/290/175
f 311/288/173 314/291/176 288/267/152
f 315/292/177 316/293/156 317/294/156
f 315/292/177 301/279/164 318/295/178
f 302/280/165 319/296/179 300/278/163
f 302/280/165 320/297/180 321/298/181
f 322/299/182 319/296/179 323/300/183
f 322/299/182 324/301/184 319/296/179
f 302/280/165 315/292/177 325/302/185
f 315/292/177 318/295/178 326/293/156
f 319/296/179 324/301/184 303/281/166
f 319/296/179 302/280/165 323/300/183
f 312/289/174 327/303/186 328/304/187
f 312/289/174 311/288/173 288/267/152
f 329/305/188 330/306/189 331/307/190
f 282/261/146 286/265/150 332/308/191
f 287/266/151 290/269/154 327/303/186
f 285/264/149 288/267/152 330/306/189
f 304/282/167 293/272/157 318/295/178
f 304/282/167 333/309/192 294/273/158
f 334/310/193 330/306/189 288/267/152
f 334/310/193 335/311/194 330/306/189
f 288/267/152 314/291/176 334/310/193
f 288/267/152 287/266/151 312/289/174
f 336/312/195 337/313/196 338/314/197
f 336/312/195 339/315/198 340/316/199
f 339/315/198 331/307/190 341/317/200
f 339/315/198 338/314/197 342/318/201
f 331/307/190 335/311/194 343/319/202
f 331/307/190 342/318/201 329/305/188
f 335/311/194 334/310/193 314/291/176
f 335/311/194 344/320/203 345/319/202
f 346/321/204 284/263/148 283/262/147
f 346/321/204 347/322/205 348/323/206
f 282/261/146 289/268/153 285/264/149
f 284/263/148 348/323/206 349/324/207
f 350/325/208 297/276/161 351/326/209
f 350/325/210 352/327/211 353/328/212
f 337/313/196 351/326/209 354/329/213
f 350/325/214 355/330/215 356/331/216
f 332/308/191 286/265/150 338/314/197
f 332/308/191 283/262/147 282/261/146
f 357/332/217 283/262/147 354/329/213
f 357/332/217 358/333/218 359/334/219
f 283/262/147 332/308/191 354/329/213
f 284/263/148 346/321/204 348/323/206
f 331/307/190 330/306/189 335/311/194
f 342/318/201 286/265/150 329/305/188
f 338/314/197 354/329/213 332/308/191
f 337/313/196 336/312/195 360/335/220
f 297/276/161 294/273/158 333/309/192
f 296/275/221 361/277/222 362/336/223
f 318/295/178 301/279/164 300/278/163
f 302/280/165 301/279/164 315/292/177
f 318/295/178 293/272/157 363/293/156
f 303/281/166 333/309/192 304/282/167
f 324/301/184 354/329/213 364/337/224
f 357/332/217 365/338/225 358/333/218
f 364/337/224 333/309/192 324/301/184
f 364/337/224 351/326/209 333/309/192
f 351/326/209 364/337/224 354/329/213
f 297/276/161 350/325/208 366/328/212
f 304/282/167 291/270/155 293/272/157
f 367/339/226 296/275/227 368/340/228
f 287/266/151 327/303/186 312/289/174
f 289/268/153 349/324/207 310/287/172
f 285/264/149 330/306/189 329/305/188
f 305/283/229 369/341/230 370/286/171
f 285/264/149 329/305/188 286/265/150
f 371/342/231 331/307/190 372/319/202
f 291/270/155 304/282/167 294/273/158
f 321/298/181 323/300/183 302/280/165
f 312/289/174 328/304/187 313/290/175
f 284/263/148 289/268/153 282/261/146
f 357/332/217 354/329/213 324/301/184
f 373/343/232 374/316/233 339/315/234
f 324/301/184 333/309/192 303/281/166
f 375/330/235 337/313/196 376/335/236
f 293/272/157 377/271/237 378/293/156
f 379/277/222 297/276/238 380/328/212
f 381/331/239 382/327/211 350/325/214
f 383/330/240 350/325/208 337/313/196
f 357/332/217 324/301/184 322/299/182
f 359/334/219 347/322/205 346/321/204
f 300/278/163 319/296/179 303/281/166
f 320/297/180 302/280/165 325/302/185
f 325/302/185 315/292/177 384/294/156
f 346/321/204 283/262/147 357/332/217
f 385/271/156 295/274/159 386/344/241
f 387/256/156 388/151/241 389/160/156
f 365/338/225 322/299/182 323/300/183
f 390/151/241 295/345/242 391/152/243
f 392/346/243 295/274/244 393/347/245
f 365/338/225 357/332/217 322/299/182
f 394/348/246 395/347/245 295/274/159
f 396/349/247 397/348/246 295/274/159
f 398/339/226 399/349/247 295/274/159
f 296/275/160 400/339/226 295/274/159
f 351/326/209 297/276/161 333/309/192
f 296/275/227 401/350/248 402/340/249
f 403/350/248 296/275/227 404/336/250
f 357/332/217 359/334/219 346/321/204
f 338/314/197 337/313/196 354/329/213
f 342/318/201 338/314/197 286/265/150
f 350/325/208 351/326/209 337/313/196
f 284/263/148 349/324/207 289/268/153
f 405/351/251 406/335/220 336/312/252
f 407/352/253 290/269/154 310/287/172
f 336/312/195 408/316/233 409/351/251
f 407/352/253 327/303/186 290/269/154
f 339/315/198 342/318/201 331/307/190
f 407/352/253 410/353/254 327/303/186
f 411/354/255 339/315/234 412/317/256
f 410/353/254 328/304/187 327/303/186
f 413/355/257 311/288/173 414/356/258
f 414/356/258 311/288/173 313/290/175
f 415/320/203 335/311/194 305/283/229
f 416/357/259 417/320/203 305/283/168
f 335/311/194 314/291/176 305/283/229
f 336/312/195 338/314/197 339/315/198
f 300/278/163 304/282/167 318/295/178
f 311/288/173 418/355/257 314/291/176
f 419/358/260 420/212/261 414/359/262
f 314/360/263 421/212/257 422/211/264
f 423/361/265 314/291/266 424/362/267
f 425/210/265 426/209/230 305/363/229
f 427/285/170 428/357/259 305/283/168
f 305/283/229 314/291/176 429/361/268
f 331/307/269 430/342/231 431/317/270
f 432/354/255 433/343/232 339/315/234
f 434/156/260 435/212/257 436/364/271
f 436/364/260 437/212/272 419/358/260
f 438/365/273 439/366/274 440/367/273
f 439/366/274 441/368/274 440/367/273
f 442/369/275 443/370/276 444/371/275
f 443/370/276 445/372/276 444/371/275
f 446/373/277 447/374/278 448/375/277
f 447/374/278 449/376/278 448/375/277
f 450/377/279 451/378/280 452/379/279
f 451/378/280 453/380/280 452/379/279
f 454/381/281 455/382/282 456/383/281
f 455/382/282 457/384/282 456/383/281
f 458/385/283 459/386/284 460/387/285
f 459/386/284 461/388/284 460/387/285
f 462/389/286 463/390/287 464/391/286
f 463/390/287 465/392/288 464/391/286
f 466/393/289 467/394/290 468/395/289
f 468/395/289 467/394/290 469/396/290
f 470/397/291 471/398/292 472/399/291
f 473/400/292 472/399/291 471/398/292
f 474/401/293 475/402/294 476/403/293
f 477/404/294 476/403/293 475/402/294
f 478/369/295 479/370/296 480/371/295
f 481/372/297 480/371/295 479/370/296
f 482/373/298 483/374/299 484/375/298
f 485/376/299 484/375/298 483/374/299
f 486/377/300 487/378/301 488/379/300
f 487/378/301 489/380/301 488/379/300
f 490/381/302 491/382/303 492/383/302
f 491/382/303 493/384/303 492/383/302
f 494/385/304 495/386/305 496/387/306
f 495/386/305 497/388/305 496/387/306
f 498/405/307 499/406/308 500/407/309
f 499/406/308 501/408/310 500/407/309
f 502/409/311 503/410/312 504/411/311
f 503/410/312 505/412/312 504/411/311
f 506/413/9 507/414/9 508/415/42
f 509/416/14 507/414/9 506/413/9
f 510/417/128 511/418/14 509/416/14
f 512/419/128 511/418/14 510/417/128
f 513/420/122 512/419/128 514/421/122
f 513/422/122 514/423/122 515/424/20
f 516/425/20 515/424/20 517/426/124
f 516/425/20 517/426/124 518/427/124
f 519/428/313 520/429/25 521/430/25
f 521/430/25 522/431/314 523/432/314
f 524/433/117 525/434/117 526/435/40
f 527/436/315 528/437/315 529/438/316
f 530/439/53 531/440/53 528/437/315
f 532/441/317 533/442/317 531/440/53
f 533/442/317 532/441/317 534/443/52
f 526/435/40 535/444/316 536/445/40
f 530/439/53 532/441/317 531/440/53
f 527/436/315 530/439/53 528/437/315
f 535/446/316 527/436/315 529/438/316
f 535/444/316 529/447/316 536/445/40
f 526/435/40 536/445/40 524/433/117
f 525/434/117 524/433/117 523/432/314
f 525/434/117 523/432/314 522/431/314
f 522/431/314 521/430/25 520/429/25
f 520/429/25 519/428/313 537/448/313
f 519/428/313 518/427/124 537/448/313
f 518/427/124 517/426/124 537/448/313
f 516/425/20 513/422/122 515/424/20
f 507/414/9 538/449/42 508/415/42
f 538/449/42 539/450/44 508/415/42
f 539/450/44 540/451/44 508/415/42
f 541/452/318 540/451/44 539/450/44
f 540/451/44 541/452/318 542/453/318
f 541/452/318 543/454/319 542/453/318
f 544/455/63 545/456/63 546/457/319
f 547/445/320 548/435/320 545/444/63
f 549/433/321 550/432/322 551/434/321
f 552/431/322 553/430/323 554/429/323
f 554/429/323 555/428/324 556/448/324
f 557/426/325 558/427/325 559/425/326
f 560/458/327 561/459/327 562/460/328
f 563/461/329 564/462/329 561/459/327
f 565/463/330 566/464/330 564/462/329
f 567/465/52 533/442/317 534/443/52
f 568/424/331 559/425/326 569/422/328
f 510/417/128 514/421/122 512/419/128
f 534/443/52 566/464/330 567/465/52
f 566/464/330 565/463/330 567/465/52
f 564/462/329 563/461/329 565/463/330
f 561/459/327 560/458/327 563/461/329
f 562/460/328 569/466/328 560/458/327
f 568/424/331 569/422/328 562/423/328
f 557/426/325 559/425/326 568/424/331
f 556/448/324 558/427/325 557/426/325
f 555/428/324 558/427/325 556/448/324
f 553/430/323 555/428/324 554/429/323
f 550/432/322 553/430/323 552/431/322
f 550/432/322 552/431/322 551/434/321
f 549/433/321 551/434/321 548/435/320
f 549/433/321 548/435/320 547/445/320
f 547/445/320 545/444/63 544/447/63
f 544/455/63 546/457/319 543/454/319
f 509/416/14 511/418/14 507/414/9
f 543/454/319 546/457/319 542/453/318
f 48/48/1 570/467/332 571/468/333
f 572/469/333 573/470/332 574/471/333
f 572/469/333 574/471/333 575/472/333
f 576/473/333 577/474/334 98/98/1
f 576/473/333 98/98/1 573/470/332
f 577/474/334 578/475/333 98/98/1
f 578/475/333 579/476/333 98/98/1
f 98/98/1 574/471/333 573/470/332
f 579/476/333 48/48/1 98/98/1
f 48/48/1 579/476/333 570/467/332
f 580/477/333 581/478/333 47/47/1
f 580/477/333 48/48/1 582/479/334
f 581/478/333 583/480/332 47/47/1
f 583/480/332 584/481/333 47/47/1
f 584/481/333 585/482/334 47/47/1
f 48/48/1 571/468/333 582/479/334
f 586/483/333 587/484/333 588/485/333
f 586/483/333 589/486/333 587/484/333
f 590/487/333 587/484/333 589/486/333
f 591/488/333 590/487/333 592/489/332
f 593/490/333 591/488/333 594/491/333
f 595/492/334 593/490/333 596/493/333
f 597/494/334 595/492/334 598/495/334
f 599/496/333 597/494/334 600/497/333
f 601/498/333 599/496/333 602/499/333
f 603/500/333 601/498/333 604/501/333
f 605/502/333 603/500/333 606/503/333
f 607/504/333 605/502/333 608/505/333
f 609/506/333 607/504/333 610/507/333
f 611/508/333 609/506/333 612/509/333
f 613/510/333 611/508/333 614/511/333
f 615/512/333 613/510/333 616/513/333
f 590/487/333 589/486/333 592/489/332
f 575/472/333 574/471/333 617/514/333
f 585/482/334 587/484/333 47/47/1
f 588/485/333 587/484/333 585/482/334
f 591/488/333 592/489/332 594/491/333
f 617/514/333 615/512/333 618/515/333
f 615/512/333 616/513/333 618/515/333
f 614/511/333 611/508/333 612/509/333
f 613/510/333 614/511/333 616/513/333
f 612/509/333 609/506/333 610/507/333
f 610/507/333 607/504/333 608/505/333
f 606/503/333 608/505/333 605/502/333
f 604/501/333 606/503/333 603/500/333
f 602/499/333 604/501/333 601/498/333
f 598/495/334 595/492/334 596/493/333
f 600/497/333 602/499/333 599/496/333
f 596/493/333 593/490/333 594/491/333
f 597/494/334 598/495/334 600/497/333
f 47/47/1 48/48/1 580/477/333
f 618/515/333 575/472/333 617/514/333
f 619/516/335 620/517/335 621/518/335
f 622/519/335 623/518/335 624/520/335
f 622/519/335 625/520/335 626/521/335
f 622/519/335 627/521/335 628/522/335
f 629/521/335 630/523/335 628/522/335
f 628/522/335 631/524/335 632/525/335
f 633/524/335 634/526/335 632/525/335
f 635/526/335 636/527/335 632/525/335
f 637/528/335 638/529/335 639/530/335
f 640/531/335 641/532/335 642/533/335
f 637/528/335 643/530/335 641/532/335
f 644/534/335 641/532/335 645/531/335
f 646/535/335 644/534/335 647/536/335
f 648/537/335 644/534/335 649/535/335
f 650/538/335 648/537/335 651/539/335
f 652/540/335 648/537/335 653/538/335
f 652/540/335 654/538/335 655/48/335
f 656/541/335 657/542/335 652/540/335
f 658/543/335 657/542/335 659/541/335
f 660/544/335 661/545/335 662/546/335
f 663/547/335 661/545/335 657/542/335
f 664/546/335 665/548/335 660/544/335
f 660/544/335 666/549/335 667/550/335
f 667/550/336 668/551/336 669/552/336
f 670/553/335 671/554/335 672/555/335
f 667/550/337 673/552/337 671/554/337
f 674/556/335 671/554/335 675/553/335
f 676/557/335 674/556/335 677/558/335
f 678/559/335 674/556/335 679/557/335
f 680/560/335 678/559/335 681/561/335
f 682/562/335 678/559/335 683/560/335
f 682/562/335 684/560/335 685/563/335
f 686/564/335 687/565/335 682/562/335
f 688/566/335 687/565/335 689/564/335
f 690/567/335 691/568/335 692/569/335
f 693/570/335 691/568/335 687/565/335
f 694/569/335 695/571/335 690/567/335
f 690/567/335 696/572/335 697/573/335
f 697/573/335 698/574/335 699/575/335
f 700/576/335 701/577/335 702/578/335
f 697/573/337 703/575/337 701/577/337
f 704/579/335 701/577/335 705/576/335
f 706/580/335 704/579/335 707/581/335
f 708/582/335 704/579/335 709/580/335
f 710/583/335 708/582/335 711/584/335
f 712/585/335 708/582/335 713/583/335
f 712/585/335 714/583/335 715/586/335
f 716/587/335 717/588/335 712/585/335
f 718/589/335 717/588/335 719/587/335
f 720/590/335 721/591/335 722/592/335
f 723/593/335 721/591/335 717/588/335
f 724/592/335 725/594/335 720/590/335
f 720/590/338 726/595/338 727/596/338
f 727/596/337 728/597/337 729/598/337
f 730/599/335 731/600/335 732/601/335
f 727/596/335 733/598/335 731/600/335
f 734/602/335 731/600/335 735/599/335
f 736/603/335 734/602/335 737/604/335
f 738/605/335 734/602/335 739/603/335
f 740/606/335 738/605/335 741/607/335
f 742/518/335 622/519/335 619/516/335
f 743/586/335 744/587/335 712/585/335
f 745/593/335 717/588/335 746/589/335
f 747/580/335 748/584/335 708/582/335
f 749/576/335 750/581/335 704/579/335
f 751/575/339 752/578/339 701/577/339
f 753/572/335 754/574/335 697/573/335
f 755/571/335 756/572/335 690/567/335
f 757/569/335 691/568/335 758/608/335
f 691/568/336 759/570/336 760/608/336
f 761/557/335 762/561/335 678/559/335
f 763/564/335 682/562/335 764/563/335
f 765/553/335 766/558/335 674/556/335
f 767/552/335 768/555/335 671/554/335
f 769/549/335 770/551/335 667/550/335
f 687/565/335 771/566/335 772/570/335
f 773/546/335 661/545/335 774/609/335
f 661/545/335 775/547/335 776/609/335
f 777/535/335 778/539/335 648/537/335
f 779/541/335 652/540/335 780/48/335
f 781/531/335 782/536/335 644/534/335
f 783/530/335 784/533/335 641/532/335
f 785/527/335 786/529/335 637/528/335
f 637/528/336 632/525/336 787/527/336
f 788/524/335 628/522/335 789/523/335
f 790/603/335 791/607/335 738/605/335
f 792/606/335 619/516/335 738/605/335
f 793/599/335 794/604/335 734/602/335
f 795/598/335 796/601/335 731/600/335
f 797/595/335 798/597/335 727/596/335
f 799/595/338 720/590/338 800/594/338
f 657/542/335 801/543/335 802/547/335
f 803/592/335 721/591/335 804/610/335
f 805/549/335 660/544/335 806/548/335
f 807/593/335 808/610/335 721/591/335
f 809/606/335 810/517/335 619/516/335
f 811/611/335 812/582/335 813/585/335
f 814/577/335 815/612/335 816/613/335
f 817/614/335 818/579/335 819/615/335
f 820/573/335 821/616/335 822/617/335
f 823/568/336 824/618/339 825/619/336
f 826/620/335 827/567/335 822/617/335
f 828/562/335 829/621/340 830/622/339
f 831/623/338 832/565/336 825/619/336
f 833/559/335 830/622/339 834/624/335
f 835/556/335 836/625/335 837/554/335
f 835/556/335 838/626/335 836/625/335
f 837/554/335 839/627/335 840/550/335
f 841/628/335 840/550/335 842/629/335
f 843/629/335 840/550/335 844/630/335
f 845/542/335 846/631/335 847/632/337
f 848/540/338 847/632/337 849/633/338
f 850/634/337 851/545/337 852/635/335
f 853/537/335 848/540/339 854/636/336
f 855/532/335 856/637/335 857/638/335
f 858/639/335 859/534/335 860/640/335
s 0
f 861/528/335 862/641/335 863/642/335
s 1
f 864/522/339 865/643/336 866/644/335
f 867/645/335 868/525/335 863/642/335
f 869/516/335 870/646/337 871/647/339
f 872/648/335 873/519/335 866/644/335
f 874/605/337 871/647/339 875/649/335
f 876/602/337 877/650/338 878/600/336
f 876/602/337 879/651/337 877/650/338
f 878/600/335 880/652/335 881/596/335
f 882/653/335 881/596/335 883/654/335
f 884/654/335 881/596/335 885/655/335
f 886/588/335 887/656/335 888/657/337
f 889/658/337 890/591/337 891/659/335
f 892/645/335 893/660/335 868/525/335
f 863/642/335 868/525/335 861/528/335
f 868/525/336 865/643/336 864/522/339
f 894/638/335 861/528/335 855/532/335
f 895/661/335 861/528/335 896/638/335
f 868/525/336 897/660/335 865/643/336
f 856/637/335 855/532/335 898/662/336
f 861/528/335 899/661/335 862/641/335
f 898/662/336 859/534/339 900/663/340
f 898/662/336 855/532/335 859/534/339
f 859/534/341 901/639/341 902/663/341
f 854/636/336 848/540/339 903/664/339
f 853/537/335 860/640/335 859/534/335
f 848/540/335 904/633/335 905/664/335
f 846/631/335 845/542/335 851/545/335
f 845/542/335 847/632/337 848/540/338
f 906/665/335 851/545/335 907/634/335
f 853/537/335 854/636/336 860/640/335
f 852/635/335 851/545/337 908/544/335
f 851/545/335 909/665/335 846/631/335
f 840/550/335 910/628/335 908/544/335
f 908/544/335 911/666/335 852/635/335
f 844/630/335 840/550/335 839/627/335
f 911/666/335 908/544/335 912/628/335
f 913/667/335 839/627/335 837/554/335
f 914/668/336 915/667/336 837/554/336
f 916/669/335 833/559/335 917/624/335
f 838/626/335 835/556/335 833/559/335
f 833/559/335 918/669/335 838/626/335
f 828/562/335 830/622/339 833/559/335
f 829/621/340 832/565/336 919/670/335
f 920/623/335 921/670/335 832/565/335
f 825/619/336 832/565/336 823/568/336
f 832/565/336 829/621/340 828/562/335
f 824/618/339 823/568/336 827/567/337
f 922/671/339 827/567/339 923/620/339
f 822/617/335 827/567/335 820/573/335
f 827/567/337 924/671/338 824/618/339
f 925/672/335 821/616/335 820/573/335
f 814/577/337 926/613/337 820/573/337
f 815/612/335 814/577/335 927/673/335
f 820/573/335 928/613/335 929/672/335
f 927/673/335 818/579/335 930/674/335
f 927/673/335 814/577/335 818/579/335
f 812/582/335 819/615/335 818/579/335
f 811/611/335 813/585/335 931/675/335
f 818/579/337 932/614/337 933/674/337
f 812/582/335 811/611/335 819/615/335
f 887/656/335 886/588/335 890/591/335
f 886/588/335 888/657/337 813/585/335
f 934/676/335 890/591/335 935/658/335
f 888/657/337 936/677/335 813/585/335
f 891/659/335 890/591/337 937/590/335
f 890/591/335 938/676/335 887/656/335
f 881/596/335 939/653/335 937/590/335
f 937/590/335 940/678/335 891/659/335
f 885/655/335 881/596/335 880/652/335
f 940/678/335 937/590/335 941/653/335
f 942/679/335 880/652/335 878/600/335
f 877/650/338 943/680/338 878/600/336
f 878/600/337 944/680/337 945/679/337
f 946/681/335 874/605/335 947/649/335
f 879/651/337 876/602/337 874/605/335
f 869/516/335 871/647/339 874/605/337
f 870/646/337 873/519/335 948/682/335
f 879/651/337 874/605/335 949/681/337
f 872/648/335 948/682/335 873/519/335
f 866/644/335 873/519/335 864/522/339
f 873/519/335 870/646/337 869/516/335
f 813/585/335 950/677/335 951/675/335
f 836/625/335 952/668/335 837/554/335
f 953/683/342 954/684/342 955/184/323
f 956/685/343 957/684/324 958/683/324
f 959/686/326 960/687/325 961/685/325
f 962/688/326 963/687/325 964/686/326
f 965/689/328 966/688/344 967/690/328
f 968/691/328 969/692/328 970/693/345
f 971/694/346 972/693/346 973/695/329
f 974/694/346 975/695/329 976/696/329
f 977/696/347 978/697/330 979/698/330
f 980/697/348 981/184/52 982/698/348
f 983/184/52 984/699/349 985/700/52
f 986/699/349 987/701/349 988/700/52
f 989/702/350 990/703/350 991/701/50
f 992/704/31 993/703/53 994/702/53
f 995/705/316 996/706/315 997/704/315
f 998/707/316 999/706/315 1000/705/316
f 1001/708/351 1002/709/316 1003/710/351
f 1004/708/352 1005/710/352 1006/711/117
f 1007/712/353 1008/711/353 1009/713/28
f 1010/712/353 1011/713/28 1012/714/28
f 1013/714/354 1014/184/25 1015/715/25
f 1016/184/25 1017/683/355 1018/715/25
f 1019/684/313 1020/685/356 1021/687/356
f 1022/687/124 1023/685/124 1024/686/357
f 1025/184/42 1026/716/42 1027/717/358
f 1028/184/42 1029/697/359 1030/716/42
f 1031/697/44 1032/695/360 1033/718/44
f 1034/695/360 1035/719/360 1036/718/44
f 1037/693/361 1038/720/361 1039/719/318
f 1040/692/63 1041/720/362 1042/693/362
f 1043/710/363 1044/709/63 1045/721/63
f 1046/711/321 1047/708/364 1048/710/364
f 1049/712/321 1050/708/364 1051/711/321
f 1052/710/351 1053/709/316 1054/721/316
f 1055/714/365 1056/713/365 1057/184/323
f 1058/712/366 1059/713/322 1060/714/322
f 1061/711/366 1062/713/322 1063/712/366
f 1064/709/63 1065/710/363 1066/708/363
f 1067/720/362 1068/692/63 1069/722/63
f 1070/719/318 1071/695/318 1072/693/361
f 1073/718/359 1074/716/42 1075/697/359
f 1076/714/365 1077/184/323 1078/715/323
f 1079/717/358 1080/699/358 1081/184/42
f 1082/723/367 1083/699/9 1084/717/9
f 1085/702/367 1086/699/9 1087/723/367
f 1088/702/14 1089/723/14 1090/724/128
f 1091/702/14 1092/724/128 1093/704/128
f 1094/724/368 1095/725/122 1096/704/368
f 1097/725/122 1098/705/122 1099/704/368
f 1100/688/17 1101/690/122 1102/689/122
f 1103/686/17 1104/690/122 1105/688/17
f 1106/686/357 1107/688/357 1108/687/124
f 1109/685/356 1110/684/313 1111/683/313
f 1112/684/355 1113/715/25 1114/683/355
f 1115/184/25 1116/714/354 1117/713/354
f 1118/711/117 1119/712/117 1120/708/352
f 1121/703/53 1122/704/31 1123/706/31
f 1124/701/50 1125/699/50 1126/702/350
f 1127/700/52 1128/698/348 1129/184/52
f 1130/697/330 1131/696/347 1132/695/347
f 1133/693/345 1134/694/345 1135/691/328
f 1136/686/344 1137/690/328 1138/688/344
f 1139/684/324 1140/685/343 1141/687/343
f 1142/684/342 1143/715/323 1144/184/323
f 1145/671/335 1146/623/335 1147/619/335
f 1148/726/335 1149/727/335 1150/671/335
f 1151/671/335 1147/619/335 1152/618/335
f 1153/672/335 1154/620/335 1155/617/335
f 1156/623/335 1157/671/335 1158/727/335
f 1159/672/337 1160/728/337 1161/620/337
f 1162/672/335 1155/617/335 1163/616/335
f 1164/613/335 1165/674/335 1166/729/335
f 1167/614/337 1168/730/337 1169/674/337
f 1170/730/335 1171/729/335 1172/674/335
f 1173/731/335 1174/730/335 1175/614/335
f 1176/612/335 1177/673/335 1178/613/335
f 1179/675/335 1180/615/335 1181/611/335
f 1182/614/335 1180/615/335 1183/675/335
f 1184/677/335 1185/732/335 1186/675/335
f 1187/732/335 1188/731/335 1189/675/335
f 1190/733/337 1191/677/337 1192/676/337
f 1193/656/335 1194/676/335 1195/677/335
f 1196/676/339 1197/734/339 1198/733/339
f 1193/656/335 1199/677/335 1200/657/335
f 1201/735/337 1202/736/337 1203/653/337
f 1204/736/335 1205/658/335 1206/653/335
f 1207/659/335 1208/678/335 1209/653/335
f 1210/735/338 1211/654/338 1212/679/338
f 1213/680/335 1214/737/335 1215/679/335
f 1216/737/335 1217/735/335 1218/679/335
f 1219/738/335 1220/737/335 1221/680/335
f 1222/655/335 1223/652/335 1224/679/335
f 1225/681/335 1226/738/335 1227/680/335
f 1228/680/335 1229/651/335 1230/681/335
f 1231/649/335 1232/739/335 1233/681/335
f 1234/739/337 1235/738/337 1236/681/337
f 1237/682/335 1238/647/336 1239/646/336
f 1240/649/335 1238/647/336 1237/682/335
f 1241/740/335 1242/649/335 1237/682/335
f 1243/741/335 1244/648/335 1245/660/335
f 1246/741/337 1247/742/337 1244/648/337
f 1244/648/335 1248/742/335 1237/682/335
f 1249/743/337 1250/645/337 1251/744/337
f 1252/643/335 1253/660/335 1254/644/335
f 1255/638/335 1256/744/335 1257/661/335
f 1258/744/335 1259/645/335 1260/661/335
f 1261/745/335 1262/744/335 1263/638/335
f 1264/642/335 1265/641/335 1266/661/335
f 1267/663/335 1268/638/335 1269/662/335
f 1270/638/335 1271/663/335 1272/745/335
f 1273/639/336 1274/746/336 1275/663/336
f 1276/746/335 1277/745/335 1278/663/335
f 1279/747/335 1280/746/335 1281/639/335
f 1282/664/336 1283/640/336 1284/636/336
f 1285/639/339 1283/640/339 1286/664/339
f 1287/633/335 1288/748/335 1289/664/335
f 1290/748/335 1291/747/335 1292/664/335
f 1293/749/335 1294/633/335 1295/665/335
f 1296/631/337 1297/665/337 1298/633/337
f 1299/665/337 1300/750/337 1301/749/337
f 1296/631/335 1302/633/335 1303/632/335
f 1304/751/335 1305/752/335 1306/628/335
f 1307/752/335 1308/634/335 1309/628/335
f 1310/635/336 1311/666/336 1312/628/336
f 1313/751/335 1314/629/335 1315/667/335
f 1316/668/335 1317/753/335 1318/667/335
f 1319/753/336 1320/751/336 1321/667/336
f 1322/754/337 1323/753/337 1324/668/337
f 1325/630/335 1326/627/335 1327/667/335
f 1328/669/335 1329/754/335 1330/668/335
f 1331/668/335 1332/626/335 1333/669/335
f 1334/624/335 1335/755/335 1336/669/335
f 1337/755/336 1338/754/336 1339/669/336
f 1340/670/337 1341/622/337 1342/621/337
f 1343/624/335 1341/622/335 1344/670/335
f 1345/756/335 1346/624/335 1347/670/335
f 1237/682/335 1348/742/335 1349/740/335
f 1350/660/335 1244/648/335 1254/644/335
f 1351/649/335 1352/740/335 1353/739/335
f 1354/650/335 1229/651/335 1355/680/335
f 1222/655/335 1356/679/335 1357/654/335
f 1358/654/335 1359/735/335 1360/653/335
f 1361/653/335 1362/658/335 1207/659/335
f 1363/734/335 1364/658/335 1365/736/335
f 1366/614/335 1367/675/335 1368/731/335
f 1369/733/335 1370/732/335 1371/677/335
f 1372/613/337 1373/728/337 1374/672/337
f 1177/673/335 1375/674/335 1376/613/335
f 1377/613/337 1378/729/337 1379/728/337
f 1380/620/335 1381/728/335 1382/726/335
f 1383/676/335 1384/658/335 1385/734/335
f 1386/726/335 1387/671/335 1388/620/335
f 1389/727/336 1390/757/336 1391/623/336
f 1392/624/335 1393/756/335 1394/755/335
f 1395/757/335 1396/756/335 1397/670/335
f 1398/625/335 1332/626/335 1399/668/335
f 1325/630/335 1400/667/335 1401/629/335
f 1402/629/335 1403/751/335 1404/628/335
f 1405/628/335 1406/634/335 1310/635/335
f 1407/750/335 1408/634/335 1409/752/335
f 1410/639/335 1411/664/335 1412/747/335
f 1413/749/335 1414/748/335 1415/633/335
f 1416/637/335 1269/662/335 1417/638/335
f 1264/642/335 1418/661/335 1419/645/335
f 1420/757/335 1421/670/335 1422/623/335
f 1423/743/335 1424/741/335 1425/660/335
f 1426/665/337 1427/634/337 1428/750/337
f 1429/645/335 1430/743/335 1431/660/335
f 1432/758/369 1433/759/370 1434/760/369
f 1435/759/370 1436/761/370 1437/760/369
f 1438/762/52 1439/763/52 1440/764/52
f 1441/763/52 1442/765/52 1443/764/52
f 1444/766/371 1445/767/371 1446/768/371
f 1447/767/371 1448/769/371 1449/768/371
f 1450/770/372 1451/771/372 1452/772/372
f 1453/771/372 1454/773/372 1455/772/372
f 1456/774/373 1457/775/373 1458/776/373
f 1459/775/373 1460/777/373 1461/776/373
f 1462/409/374 1463/411/374 1464/776/374
f 1465/411/374 1466/774/374 1467/776/374
f 1468/778/375 1469/779/375 1470/780/375
f 1471/779/375 1472/781/375 1473/780/375
f 1474/782/376 1475/783/376 1476/784/376
f 1477/783/377 1478/785/378 1479/784/378
f 1480/405/379 1481/407/379 1482/782/379
f 1483/407/379 1484/783/379 1485/782/379
f 1486/786/380 1487/787/380 1488/386/380
f 1489/787/380 1490/388/380 1491/386/380
f 1492/788/381 1493/789/381 1494/790/381
f 1495/789/381 1496/791/381 1497/790/381
f 1498/792/382 1499/793/382 1500/794/382
f 1501/793/382 1502/795/382 1503/794/382
f 1504/790/383 1505/791/383 1506/382/383
f 1507/791/383 1508/384/383 1509/382/383
f 1510/796/384 1511/797/384 1512/798/384
f 1513/797/384 1514/799/384 1515/798/384
f 1516/800/385 1517/801/385 1518/802/385
f 1519/801/385 1520/803/385 1521/802/385
f 1522/804/386 1523/805/386 1524/806/386
f 1525/805/386 1526/807/386 1527/806/386
f 1528/808/387 1529/809/387 1530/810/387
f 1531/809/387 1532/811/387 1533/810/387
f 1534/812/388 1535/813/388 1536/814/388
f 1537/813/388 1538/815/388 1539/814/388
f 1540/816/389 1541/817/389 1542/818/389
f 1543/817/389 1544/819/389 1545/818/389
f 1546/820/390 1547/821/390 1548/822/390
f 1549/821/390 1550/823/390 1551/822/390
f 1552/373/391 1553/375/391 1554/820/391
f 1555/375/391 1556/821/391 1557/820/391
f 1558/824/392 1559/825/392 1560/826/392
f 1561/825/392 1562/827/392 1563/826/392
f 1564/828/393 1565/829/393 1566/830/393
f 1567/829/394 1568/831/394 1569/830/394
f 1570/369/395 1571/371/395 1572/832/395
f 1573/371/395 1574/833/395 1575/832/395
f 1576/830/396 1577/831/396 1578/402/396
f 1579/831/396 1580/404/396 1581/402/396
f 1582/834/397 1583/835/397 1584/836/397
f 1585/835/397 1586/837/397 1587/836/397
f 1588/838/398 1589/839/398 1590/840/398
f 1591/839/398 1592/841/398 1593/840/398
f 1594/836/399 1595/837/399 1596/398/399
f 1597/837/399 1598/400/399 1599/398/399
f 1600/842/42 1601/843/42 1602/844/42
f 1603/843/42 1604/845/42 1605/844/42
f 1606/766/400 1607/767/400 1608/768/400
f 1609/767/400 1610/769/400 1611/768/400
f 1612/770/401 1613/771/401 1614/772/401
f 1615/771/401 1616/773/401 1617/772/401
f 1618/846/13 1619/847/13 1620/848/13
f 1621/847/13 1622/849/13 1623/848/13
f 1624/393/402 1625/395/402 1626/846/402
f 1627/395/402 1628/847/402 1629/846/402
f 1630/778/403 1631/779/403 1632/780/403
f 1633/779/403 1634/781/403 1635/780/403
f 1636/850/404 1637/851/404 1638/852/404
f 1639/851/404 1640/853/404 1641/852/404
f 1642/389/405 1643/391/405 1644/850/405
f 1645/391/405 1646/851/405 1647/850/405
f 1648/786/406 1649/787/406 1650/386/406
f 1651/787/406 1652/388/406 1653/386/406
f 1654/788/407 1655/789/407 1656/790/407
f 1657/789/407 1658/791/407 1659/790/407
f 1660/854/408 1661/855/408 1662/856/408
f 1663/855/408 1664/857/408 1665/856/408
f 1666/790/409 1667/791/409 1668/382/409
f 1669/791/409 1670/384/409 1671/382/409
f 1672/796/410 1673/797/410 1674/798/410
f 1675/797/410 1676/799/410 1677/798/410
f 1678/858/411 1679/859/411 1680/860/411
f 1681/859/411 1682/861/411 1683/860/411
f 1684/862/412 1685/863/412 1686/864/412
f 1687/863/412 1688/865/412 1689/864/412
f 1690/808/413 1691/809/413 1692/810/413
f 1693/809/414 1694/811/414 1695/810/414
f 1696/866/415 1697/867/415 1698/868/415
f 1699/867/415 1700/869/415 1701/868/415
f 1702/870/416 1703/871/416 1704/872/416
f 1705/871/416 1706/873/416 1707/872/416
f 1708/820/417 1709/821/417 1710/822/417
f 1711/821/417 1712/823/417 1713/822/417
f 1714/373/418 1715/375/418 1716/820/418
f 1717/375/418 1718/821/418 1719/820/418
f 1720/874/419 1721/875/419 1722/876/419
f 1723/875/419 1724/877/419 1725/876/419
f 1726/878/420 1727/879/420 1728/880/420
f 1729/879/420 1730/881/420 1731/880/420
f 1732/369/421 1733/371/421 1734/832/421
f 1735/371/421 1736/833/421 1737/832/421
f 1738/880/422 1739/881/422 1740/366/422
f 1741/881/422 1742/368/422 1743/366/422
f 1744/882/423 1745/883/423 1746/884/423
f 1747/883/423 1748/885/423 1749/884/423
f 1750/838/424 1751/839/424 1752/840/424
f 1753/839/424 1754/841/424 1755/840/424
f 1756/884/425 1757/885/425 1758/760/425
f 1759/885/425 1760/758/425 1761/760/425
f 1762/739/333 1763/738/333 1764/486/333
f 1765/739/332 1764/486/332 1766/740/332
f 1767/738/332 1768/737/332 1769/489/332
f 1770/737/333 1771/491/333 1769/489/333
f 1772/735/333 1773/493/333 1771/491/333
f 1774/736/333 1773/493/333 1775/735/333
f 1776/495/332 1777/736/332 1778/734/332
f 1776/495/333 1779/734/333 1780/497/333
f 1780/497/333 1781/733/333 1782/499/333
f 1783/733/333 1784/732/333 1782/499/333
f 1785/503/334 1786/731/334 1787/730/334
f 1788/501/333 1789/731/333 1785/503/333
f 1790/505/426 1791/730/426 1792/729/426
f 1785/503/333 1793/730/333 1790/505/333
f 1794/507/427 1795/729/427 1796/728/427
f 1790/505/333 1797/729/333 1794/507/333
f 1798/509/332 1799/728/332 1800/726/332
f 1794/507/332 1801/728/332 1798/509/332
f 1802/511/333 1803/726/333 1804/727/333
f 1798/509/333 1805/726/333 1802/511/333
f 1806/513/332 1807/727/332 1808/757/332
f 1802/511/334 1809/727/334 1806/513/334
f 1810/515/334 1811/757/334 1812/756/334
f 1806/513/333 1813/757/333 1810/515/333
f 1814/472/333 1815/756/333 1816/755/333
f 1810/515/333 1817/756/333 1814/472/333
f 1818/469/332 1819/755/332 1820/754/332
f 1814/472/333 1821/755/333 1818/469/333
f 1822/470/333 1823/754/333 1824/753/333
f 1818/469/333 1825/754/333 1822/470/333
f 1826/473/334 1827/753/334 1828/751/334
f 1822/470/333 1829/753/333 1826/473/333
f 1830/474/333 1831/751/333 1832/752/333
f 1826/473/333 1833/751/333 1830/474/333
f 1834/475/333 1835/752/333 1836/750/333
f 1830/474/333 1837/752/333 1834/475/333
f 1838/476/332 1839/750/332 1840/749/332
f 1834/475/333 1841/750/333 1838/476/333
f 1842/467/332 1843/749/332 1844/748/332
f 1838/476/333 1845/749/333 1842/467/333
f 1846/468/334 1847/748/334 1848/747/334
f 1842/467/333 1849/748/333 1846/468/333
f 1850/479/334 1851/747/334 1852/746/334
f 1846/468/333 1853/747/333 1850/479/333
f 1854/477/333 1855/746/333 1856/745/333
f 1850/479/333 1857/746/333 1854/477/333
f 1858/478/333 1859/745/333 1860/744/333
f 1854/477/333 1861/745/333 1858/478/333
f 1862/480/334 1863/744/334 1864/743/334
f 1858/478/333 1865/744/333 1862/480/333
f 1866/481/332 1867/743/332 1868/741/332
f 1862/480/332 1869/743/332 1866/481/332
f 1870/740/333 1871/483/333 1872/485/333
f 1873/740/333 1764/486/333 1871/483/333
f 1874/732/333 1788/501/333 1782/499/333
f 1776/495/332 1773/493/332 1875/736/332
f 1876/734/426 1877/733/426 1780/497/426
f 1764/486/334 1878/738/334 1769/489/334
f 1879/740/334 1872/485/334 1880/742/334
f 1872/485/333 1881/482/333 1882/742/333
f 1881/482/332 1883/741/332 1884/742/332
f 1885/731/333 1788/501/333 1886/732/333
f 1866/481/334 1887/741/334 1881/482/334
f 1888/735/333 1771/491/333 1889/737/333
f 1890/886/330 1891/887/347 1892/888/330
f 1893/887/329 1894/889/346 1895/890/329
f 1896/889/346 1897/891/346 1898/890/329
f 1899/892/328 1900/893/328 1901/891/345
f 1902/894/344 1903/895/328 1904/896/328
f 1905/897/325 1906/898/326 1907/894/326
f 1908/899/325 1909/898/326 1910/897/325
f 1911/900/324 1912/899/343 1913/901/324
f 1914/900/342 1915/901/342 1916/902/323
f 1917/429/323 1918/902/323 1919/903/365
f 1920/429/323 1921/903/365 1922/904/365
f 1923/904/322 1924/905/366 1925/906/366
f 1926/905/321 1927/907/364 1928/906/321
f 1929/907/363 1930/908/63 1931/909/363
f 1932/908/63 1933/910/63 1934/909/363
f 1935/911/362 1936/912/362 1937/913/63
f 1938/914/318 1939/912/361 1940/911/361
f 1941/915/44 1942/916/360 1943/914/360
f 1944/917/44 1945/916/360 1946/915/44
f 1947/415/42 1948/917/359 1949/918/42
f 1950/415/42 1951/918/42 1952/919/358
f 1953/920/9 1954/919/9 1955/921/367
f 1956/920/9 1957/921/367 1958/922/367
f 1959/922/14 1960/923/128 1961/924/128
f 1962/923/368 1963/925/122 1964/924/368
f 1965/896/122 1966/894/17 1967/895/122
f 1968/894/17 1969/898/17 1970/895/122
f 1971/897/124 1972/899/124 1973/898/357
f 1974/901/313 1975/899/356 1976/897/356
f 1977/902/25 1978/900/355 1979/901/355
f 1980/904/28 1981/905/353 1982/906/353
f 1983/906/117 1984/905/117 1985/907/352
f 1986/887/347 1987/890/347 1988/888/330
f 1989/926/349 1990/927/349 1991/928/52
f 1992/929/350 1993/927/317 1994/926/317
f 1995/930/350 1996/927/50 1997/929/350
f 1998/930/53 1999/929/53 2000/931/31
f 2001/930/53 2002/931/31 2003/932/31
f 2004/931/315 2005/933/316 2006/932/315
f 2007/933/316 2008/934/316 2009/932/315
f 2010/909/351 2011/908/316 2012/910/316
f 2013/907/351 2014/908/316 2015/909/351
f 2016/907/352 2017/909/352 2018/906/117
f 2019/905/353 2020/904/28 2021/903/28
f 2022/904/354 2023/429/25 2024/903/354
f 2025/429/25 2026/902/25 2027/903/354
f 2028/900/355 2029/902/25 2030/429/25
f 2031/901/313 2032/900/313 2033/899/356
f 2034/894/357 2035/897/124 2036/898/357
f 2037/924/368 2038/925/122 2039/935/122
f 2040/922/14 2041/921/14 2042/923/128
f 2043/920/358 2044/415/42 2045/919/358
f 2046/918/42 2047/917/359 2048/915/359
f 2049/914/318 2050/916/318 2051/912/361
f 2052/936/63 2053/911/362 2054/913/63
f 2055/906/321 2056/907/364 2057/909/364
f 2058/904/322 2059/903/322 2060/905/366
f 2061/429/323 2062/900/342 2063/902/323
f 2064/901/324 2065/899/343 2066/897/343
f 2067/894/344 2068/898/344 2069/895/328
f 2070/889/345 2071/892/328 2072/891/345
f 2073/888/348 2074/443/52 2075/928/52
f 2076/443/52 2077/926/349 2078/928/52
f 2079/888/348 2080/928/52 2081/886/348
f 2082/937/52 2083/938/52 2084/364/52
f 2085/364/52 2086/358/52 2082/937/52
f 2082/937/52 2087/358/52 2088/939/52
f 2083/938/52 275/254/52 154/156/52
f 2089/359/52 2088/939/52 2090/358/52
f 2083/938/52 154/156/52 2091/364/52
f 2092/940/52 2093/941/52 2094/942/52
f 2095/940/52 2096/943/52 2097/944/52
f 2098/941/52 2099/945/52 2100/942/52
f 2101/943/52 2102/940/52 2103/942/52
f 2104/946/52 2105/947/52 2106/944/52
f 2107/946/52 2108/944/52 2109/943/52
f 2110/948/428 2111/945/52 2112/941/52
f 2113/949/429 2114/950/430 2115/948/430
f 2116/951/429 2117/950/430 2118/949/429
f 2119/952/431 2120/951/432 2121/953/431
f 2122/952/433 2123/953/433 2124/954/434
f 2125/955/434 2126/956/434 2127/957/435
f 2128/958/436 2129/957/436 2130/959/437
f 2131/958/436 2132/959/438 2133/960/438
f 2134/960/439 2135/961/440 2136/962/440
f 2137/963/441 2138/964/442 2139/965/441
f 2140/966/443 2141/964/443 2142/963/441
f 2143/967/444 2144/968/444 2145/966/445
f 2146/969/446 2147/970/446 2148/971/447
f 2149/972/42 2150/973/448 2151/974/448
f 2152/975/449 2153/976/450 2154/977/449
f 2155/974/448 2156/978/42 2157/972/42
f 2158/979/451 2159/974/452 2160/973/452
f 2161/979/451 2162/973/452 2163/976/451
f 2164/979/450 2165/976/450 2166/975/449
f 2167/975/453 2168/977/453 2169/980/446
f 2170/977/453 2171/981/446 2172/980/446
f 2173/970/446 2174/982/454 2175/971/454
f 2176/982/455 2177/967/456 2178/971/455
f 2179/968/456 2180/967/456 2181/982/455
f 2182/964/445 2183/966/445 2184/968/444
f 2185/965/441 2186/962/457 2187/963/441
f 2188/962/457 2189/961/458 2190/963/459
f 2191/960/439 2192/959/439 2193/961/440
f 2194/954/434 2195/983/434 2196/952/433
f 2197/949/460 2198/953/431 2199/951/460
f 2200/957/435 2201/958/461 2202/955/434
f 2203/948/428 2204/950/428 2205/945/52
f 2206/984/42 2207/985/42 2208/986/42
f 2209/987/42 2210/988/42 2211/985/42
f 2212/987/42 2213/989/42 2214/988/42
f 2215/987/42 2216/985/42 2217/984/42
f 2218/978/42 2219/984/42 2220/986/42
f 2221/972/42 2222/978/42 2223/986/42
f 2224/990/462 2225/989/42 2226/987/42
f 2227/991/463 2228/992/464 2229/990/462
f 2230/993/465 2227/991/466 2231/994/467
f 2232/995/468 2230/993/469 2233/996/468
f 2232/995/468 2234/996/468 2235/997/470
f 2235/998/471 2236/999/472 2237/1000/473
f 2237/1000/474 2238/1001/475 2239/1002/476
f 2240/1003/477 2241/1004/478 2242/1005/479
f 2243/1006/480 2244/1007/481 2245/1008/480
f 2246/1009/482 2247/1010/483 2244/1007/484
f 2248/1011/485 2247/1010/483 2249/1009/482
f 2250/1012/486 2251/1013/487 2252/1011/488
f 2253/1014/489 2254/1015/486 2255/1016/486
f 2253/1014/490 2256/1016/486 2257/1017/491
f 2258/1018/492 2259/1017/493 2260/1019/494
f 2261/1020/495 2262/1021/495 2263/947/52
f 2264/1019/496 2265/1021/497 2266/1022/498
f 2267/1023/499 2261/1020/495 2268/947/52
f 2269/1024/500 2270/947/52 2271/1025/428
f 2269/1024/500 2272/1025/428 2273/1026/501
f 2273/1026/501 2274/1027/460 2275/1028/460
f 2276/1027/460 2277/1029/431 2278/1030/502
f 2279/1029/503 2280/1031/434 2281/1032/504
f 2282/1033/434 2283/1034/461 2284/1035/505
f 2285/1034/461 2286/1036/461 2284/1035/506
f 2287/1037/438 2288/1038/507 2289/1034/436
f 2290/1039/440 2291/1040/508 2292/1037/438
f 2293/1041/441 2294/1042/509 2295/1039/440
f 2296/1043/445 2297/1044/444 2298/1045/444
f 2299/1046/446 2300/1047/454 2301/1048/446
f 2302/1049/450 2303/1050/450 2304/1051/449
f 2303/1050/450 2305/1052/449 2306/1051/449
f 2307/1053/448 2308/1054/42 2309/1055/448
f 2310/1053/452 2309/1055/452 2311/1049/451
f 2312/1049/451 2309/1055/452 2303/1050/451
f 2313/1051/453 2305/1052/453 2314/1056/446
f 2305/1052/453 2299/1057/446 2315/1056/446
f 2299/1046/446 2316/1058/454 2317/1047/454
f 2318/1053/448 2319/989/42 2308/1054/42
f 2320/1044/456 2321/1047/455 2316/1058/455
f 2322/1044/510 2316/1058/455 2298/1045/456
f 2323/1043/445 2298/1045/444 2324/1059/445
f 2325/1043/443 2324/1059/443 2326/1041/441
f 2324/1059/443 2327/1060/441 2328/1041/441
f 2327/1060/441 2294/1042/509 2329/1041/459
f 2291/1040/508 2330/1039/440 2294/1042/509
f 2288/1038/511 2331/1037/438 2291/1040/508
f 2286/1036/436 2332/1034/436 2288/1038/507
f 2284/1061/506 2281/1032/504 2333/1031/434
f 2281/1032/504 2278/1030/512 2334/1029/503
f 2278/1030/502 2275/1028/460 2335/1027/460
f 2336/1027/429 2273/1026/501 2337/1025/430
f 2338/947/52 2269/1024/513 2267/1023/499
f 2339/944/52 2340/947/52 2341/1021/495
f 2342/1021/495 2261/1020/495 2266/1022/498
f 2343/1019/494 2266/1022/514 2258/1018/492
f 2344/1017/493 2258/1018/492 2253/1014/490
f 2251/1013/487 2345/1012/486 2254/1062/486
f 2346/1009/482 2244/1007/484 2347/1006/480
f 2242/1005/479 2348/1063/515 2349/1003/477
f 2350/1064/516 2351/1063/517 2242/1005/479
f 2352/1065/518 2353/1063/517 2350/1064/519
f 2354/1065/518 2350/1064/519 2355/1066/518
f 2356/1065/518 2355/1066/518 2239/1002/476
f 2357/1065/520 2239/1002/476 2358/1001/521
f 2359/1001/522 2237/1000/473 2360/999/472
f 2361/1067/472 2235/997/471 2362/996/523
f 2363/994/467 2364/996/468 2230/993/469
f 2228/992/524 2308/1054/42 2365/989/42
f 2251/1013/525 2247/1010/483 2366/1011/526
f 2241/1004/527 2367/1006/480 2245/1008/480
f 2368/990/462 2228/992/464 2369/989/42
f 2241/1004/527 2370/1003/477 2371/1006/480
f 2372/994/528 2227/991/529 2373/990/530
f 2374/1068/531 280/259/145 2375/1069/531
f 2376/1070/448 2374/1068/531 2375/1069/531
f 2377/1071/532 2378/1072/448 2376/1070/448
f 2377/1071/532 2379/1073/533 2378/1072/448
f 2380/1074/450 2381/1075/450 2379/1073/533
f 2380/1074/450 2382/1076/534 2381/1075/450
f 2382/1076/534 2383/1077/449 2384/1078/534
f 2384/1078/534 2383/1077/449 2385/1079/449
f 2385/1079/449 2386/1080/535 2387/1081/535
f 2387/1081/535 2386/1080/535 2388/1082/446
f 2389/1083/446 2388/1084/446 2390/1085/536
f 2391/1086/536 2389/1083/446 2390/1085/536
f 2392/1087/537 2391/1086/536 2393/1088/537
f 2394/1089/456 2395/1090/538 2396/1091/538
f 2394/1089/456 2397/1092/456 2395/1090/538
f 2398/1093/539 2399/1094/539 2397/1092/456
f 2400/1095/445 2401/1096/445 2399/1094/539
f 2402/1097/540 2403/1098/540 2401/1096/445
f 2402/1097/540 2404/1099/441 2403/1098/540
f 2404/1099/441 2405/1100/541 2406/1101/441
f 2407/1102/541 2408/1103/440 2405/1100/541
f 2409/1104/440 2410/1105/508 2408/1103/440
f 2409/1104/440 2411/1106/508 2410/1105/508
f 2412/1107/438 2413/1108/542 2414/1109/542
f 2413/1108/542 2415/1110/543 2416/1111/543
f 2417/1112/544 2418/1113/434 2419/1114/544
f 2420/1115/434 2421/1116/504 2418/1117/434
f 2422/1118/431 2423/1119/431 2424/1120/504
f 2425/1121/545 2426/1122/545 2422/1118/431
f 2427/359/52 2428/1123/500 2088/939/52
f 2429/359/52 2430/1124/500 2428/1123/500
f 2431/1125/546 2432/1126/460 2433/1127/460
f 2434/1128/428 2428/1123/500 2430/1124/500
f 2435/1129/428 2434/1128/428 2430/1124/500
f 2435/1129/428 2436/1130/547 2434/1128/428
f 2435/1129/428 2431/1125/546 2436/1130/547
f 2436/1130/547 2431/1125/546 2433/1127/460
f 2433/1127/460 2432/1126/460 2425/1121/545
f 2425/1121/545 2432/1126/460 2426/1122/545
f 2422/1118/431 2426/1122/545 2423/1119/431
f 2424/1120/504 2423/1119/431 2421/1116/504
f 2420/1115/434 2424/1120/504 2421/1116/504
f 2417/1112/544 2420/1131/434 2418/1113/434
f 2415/1110/543 2417/1112/544 2419/1114/544
f 2416/1111/543 2415/1110/543 2419/1114/544
f 2414/1109/542 2413/1108/542 2416/1111/543
f 2437/1132/438 2411/1106/508 2412/1107/438
f 2414/1109/542 2437/1132/438 2412/1107/438
f 2437/1132/438 2410/1105/508 2411/1106/508
f 2408/1103/440 2407/1102/541 2409/1104/440
f 2405/1100/541 2404/1099/441 2407/1102/541
f 2406/1101/441 2403/1098/540 2404/1099/441
f 2401/1096/445 2400/1095/445 2402/1097/540
f 2399/1094/539 2398/1093/539 2400/1095/445
f 2397/1092/456 2394/1089/456 2398/1093/539
f 2392/1087/537 2396/1091/538 2395/1090/538
f 2392/1087/537 2393/1088/537 2396/1091/538
f 2391/1086/536 2390/1085/536 2393/1088/537
f 2387/1081/535 2388/1082/446 2389/1133/446
f 2383/1077/449 2386/1080/535 2385/1079/449
f 2379/1073/533 2377/1071/532 2380/1074/450
f 2375/1069/531 280/259/145 279/258/42
f 2384/1078/534 2381/1075/450 2382/1076/534
f 2378/1072/448 2374/1068/531 2376/1070/448
f 2438/1134/548 2439/1135/549 2440/1136/550
f 2438/1134/548 359/334/219 358/333/218
f 2441/1137/551 2442/1138/552 349/324/207
f 2441/1137/551 2443/1139/553 2444/1140/554
f 2445/1141/555 2446/1142/556 2447/1143/557
f 2445/1141/555 2448/1144/558 2449/1145/559
f 2450/1146/560 2451/1147/561 2452/1148/562
f 2450/1146/560 2453/1149/563 2451/1147/561
f 2454/1150/564 2455/1151/565 2456/1152/566
f 2454/1150/564 2457/1153/567 2455/1151/565
f 2458/1154/568 2459/1155/569 2460/1156/570
f 2458/1154/568 2461/1157/571 2457/1153/567
f 2462/1158/572 2463/1159/573 2464/1160/574
f 2462/1158/572 2465/1161/575 2459/1155/569
f 2462/1158/572 2459/1155/569 2463/1159/573
f 2465/1161/575 2460/1156/570 2459/1155/569
f 2466/1162/576 2467/1163/577 2468/1164/578
f 2466/1162/576 2469/1165/579 2453/1149/563
f 2470/1166/580 2471/1167/581 2447/1143/557
f 2470/1166/580 2472/1168/582 2473/1169/583
f 2474/1170/584 2475/1171/585 2476/1172/586
f 2474/1170/584 2477/1173/587 2478/1174/588
f 2479/1175/589 2480/1094/590 2481/1096/591
f 2479/1175/589 2475/1171/585 2482/1092/592
f 2483/1176/593 2484/1105/594 2485/1132/595
f 2483/1176/593 2486/1177/596 2487/1178/597
f 2464/1160/574 2488/1179/598 2489/1180/599
f 2464/1160/574 2463/1159/573 2488/1179/598
f 2490/1181/600 2491/1182/601 2492/1183/602
f 2490/1181/600 2486/1177/596 2483/1176/593
f 2493/1184/603 2494/1185/604 2488/1186/598
f 2493/1187/603 2495/1188/605 2476/1189/586
f 2439/1135/549 2496/1190/606 2497/1191/607
f 2439/1135/549 358/333/218 365/338/225
f 2442/1138/552 2498/1192/608 310/287/172
f 2442/1138/552 2444/1140/554 2499/1193/609
f 2476/1172/586 2500/1194/610 2494/1185/604
f 2476/1172/586 2456/1195/566 2474/1170/584
f 2501/1196/611 2502/1086/612 2503/1087/613
f 2501/1196/614 2452/1197/562 2504/1083/615
f 2505/1198/616 2506/1114/617 2507/1113/618
f 2505/1198/619 2508/1199/620 2509/1111/621
f 2457/1153/567 2495/1188/605 2463/1159/573
f 2476/1189/586 2454/1150/564 2456/1152/566
f 2510/1200/622 2499/1193/609 2511/1201/623
f 2510/1200/622 2512/1202/624 2513/1203/625
f 2514/1204/626 2497/1191/607 2515/1205/627
f 2514/1204/626 2453/1149/563 2469/1165/579
f 2516/1206/628 2517/1207/629 2518/1208/630
f 2516/1206/628 320/297/180 2517/1207/629
f 2519/1209/631 2520/1210/632 328/304/187
f 2519/1209/631 2513/1203/625 2512/1202/624
f 2496/1190/606 2515/1205/627 2497/1191/607
f 2496/1190/606 365/338/225 323/300/183
f 2498/1192/608 2513/1203/625 410/353/254
f 2498/1192/608 2499/1193/609 2513/1203/625
f 2521/1211/633 2522/1212/634 2523/1213/635
f 2521/1214/633 2451/1147/561 2524/1215/636
f 2525/1216/637 2526/1217/638 2527/1218/639
f 2525/1219/637 2528/1220/640 2529/1221/638
f 2487/1178/597 2486/1177/596 2494/1185/604
f 2487/1178/597 2530/1100/641 2531/1103/642
f 2532/1222/643 2500/1194/610 2479/1175/589
f 2532/1222/643 2494/1185/604 2500/1194/610
f 2473/1169/583 2533/1223/644 2471/1167/581
f 2473/1169/583 2534/1224/645 2533/1223/644
f 2468/1164/578 2535/1225/646 2455/1151/565
f 2468/1164/578 2536/1226/647 2466/1162/576
f 2537/1227/648 2538/1228/649 2539/1229/650
f 2537/1227/648 2517/1207/629 2540/1230/651
f 2541/1231/652 2542/1232/653 2543/1233/654
f 2541/1231/655 2544/1234/656 2545/1218/657
f 2488/1186/598 2486/1177/596 2490/1181/600
f 2488/1179/598 2463/1159/573 2493/1187/603
f 2445/1141/555 2449/1145/559 2446/1142/556
f 2448/1144/558 2492/1235/602 2449/1145/559
f 2546/1236/658 2452/1148/562 2477/1237/587
f 2450/1146/560 2467/1163/577 2453/1149/563
f 2501/1196/614 2477/1173/587 2452/1197/562
f 2478/1174/588 2475/1171/585 2474/1170/584
f 2508/1199/620 2492/1183/602 2491/1182/601
f 2505/1198/619 2547/1111/659 2548/1114/660
f 2466/1162/576 2453/1149/563 2467/1163/577
f 2469/1165/579 2497/1191/607 2514/1204/626
f 2511/1201/623 2447/1143/557 2510/1200/622
f 2511/1201/623 2472/1168/582 2470/1166/580
f 2441/1137/551 2444/1140/554 2442/1138/552
f 2443/1139/553 2549/1238/661 2472/1168/582
f 2443/1139/553 2472/1168/582 2444/1140/554
f 2549/1238/661 2460/1156/570 2550/1239/662
f 2551/1240/663 2440/1136/550 2536/1226/647
f 2438/1134/548 347/322/205 359/334/219
f 2552/1241/664 2536/1226/647 2461/1157/571
f 2552/1241/664 347/322/205 2551/1240/663
f 2524/1215/636 2451/1147/561 2518/1208/630
f 2521/1214/633 2553/1229/665 2554/1242/634
f 2544/1234/656 2446/1142/556 2525/1216/637
f 2544/1234/656 2512/1202/624 2446/1142/556
f 2550/1239/662 2534/1224/645 2473/1169/583
f 2550/1239/662 2460/1156/570 2465/1161/575
f 2461/1157/571 2455/1151/565 2457/1153/567
f 2461/1157/571 2536/1226/647 2468/1164/578
f 2510/1200/622 2446/1142/556 2512/1202/624
f 2445/1141/555 2471/1167/581 2448/1144/558
f 2467/1163/577 2450/1146/560 2546/1236/658
f 2451/1147/561 2514/1204/626 2518/1208/630
f 2515/1205/627 2518/1208/630 2514/1204/626
f 2516/1206/628 321/298/181 320/297/180
f 2519/1209/631 2512/1202/624 2520/1210/632
f 2513/1203/625 2499/1193/609 2510/1200/622
f 2535/1225/646 2477/1237/587 2474/1243/584
f 2535/1225/646 2467/1163/577 2546/1236/658
f 2533/1223/644 2492/1235/602 2448/1144/558
f 2533/1223/644 2534/1224/645 2489/1180/599
f 2550/1239/662 2465/1161/575 2462/1158/572
f 2460/1156/570 347/322/205 2552/1241/664
f 2463/1159/573 2459/1155/569 2457/1153/567
f 2550/1239/662 2462/1158/572 2534/1224/645
f 2440/1136/550 2497/1191/607 2469/1165/579
f 2438/1134/548 2551/1240/663 347/322/205
f 2442/1138/552 2499/1193/609 2498/1192/608
f 2444/1140/554 2472/1168/582 2511/1201/623
f 2501/1196/611 2555/1083/666 2556/1086/667
f 2452/1148/562 2451/1147/561 2521/1214/633
f 2525/1219/637 2557/1113/668 2558/1220/640
f 2505/1198/619 2492/1183/602 2508/1199/620
f 2479/1175/589 2559/1092/592 2560/1094/590
f 2561/1090/669 2478/1174/588 2562/1087/613
f 2508/1199/620 2563/1132/595 2564/1109/670
f 2491/1182/601 2490/1181/600 2483/1176/593
f 2517/1207/671 2565/1244/672 2566/1230/651
f 2517/1207/629 320/297/180 325/302/185
f 2520/1210/632 2567/1245/673 2568/1246/674
f 2541/1231/655 2512/1202/624 2544/1234/656
f 2533/1223/644 2489/1180/599 2492/1235/602
f 2464/1160/574 2534/1224/645 2462/1158/572
f 2457/1153/567 2454/1150/564 2495/1188/605
f 2535/1225/646 2468/1164/578 2467/1163/577
f 2532/1222/643 2569/1096/675 2570/1098/676
f 2474/1243/584 2456/1152/566 2535/1225/646
f 2483/1176/593 2571/1103/677 2572/1105/594
f 2487/1178/597 2494/1185/604 2532/1222/643
f 2488/1186/598 2494/1185/604 2486/1177/596
f 2495/1188/605 2454/1150/564 2476/1189/586
f 2452/1197/562 2521/1211/633 2573/1083/615
f 2537/1227/648 2518/1208/630 2517/1207/629
f 2446/1142/556 2449/1145/559 2525/1216/637
f 2448/1144/558 2471/1167/581 2533/1223/644
f 2453/1149/563 2514/1204/626 2451/1147/561
f 321/298/181 2496/1190/606 323/300/183
f 407/352/253 2498/1192/608 410/353/254
f 2447/1143/557 2511/1201/623 2470/1166/580
f 2574/1092/592 2478/1174/588 2575/1090/669
f 2452/1148/562 2546/1236/658 2450/1146/560
f 2449/1247/559 2492/1183/602 2505/1198/619
f 2490/1181/600 2489/1248/599 2488/1186/598
f 2487/1178/597 2532/1222/643 2576/1101/678
f 2494/1185/604 2493/1184/603 2476/1172/586
f 2455/1151/565 2461/1157/571 2468/1164/578
f 358/333/218 2439/1135/549 2438/1134/548
f 2499/1193/609 2444/1140/554 2511/1201/623
f 2472/1168/582 2549/1238/661 2550/1239/662
f 2524/1215/636 2537/1227/648 2577/1229/650
f 2516/1206/628 2515/1205/627 321/298/181
f 2520/1210/632 2541/1231/655 2578/1233/654
f 2446/1142/556 2510/1200/622 2447/1143/557
f 2532/1222/643 2479/1175/589 2579/1096/591
f 2456/1152/566 2455/1151/565 2535/1225/646
f 2492/1235/602 2489/1180/599 2490/1249/600
f 2457/1153/567 2459/1155/569 2458/1154/568
f 2580/1087/613 2478/1174/588 2501/1196/614
f 2551/1240/663 2536/1226/647 2552/1241/664
f 2445/1141/555 2447/1143/557 2471/1167/581
f 2473/1169/583 2472/1168/582 2550/1239/662
f 2581/1103/677 2483/1176/593 2487/1178/597
f 2439/1135/549 365/338/225 2496/1190/606
f 2517/1207/629 2582/1250/679 2583/1244/672
f 2517/1207/629 325/302/185 2584/1250/679
f 2585/1230/651 2586/1228/649 2537/1227/680
f 2516/1206/628 2518/1208/630 2515/1205/627
f 2518/1208/630 2537/1227/648 2524/1215/636
f 2587/1229/650 2521/1214/633 2524/1215/636
f 2469/1165/579 2536/1226/647 2440/1136/550
f 2489/1180/599 2534/1224/645 2464/1160/574
f 2508/1199/620 2588/1109/670 2589/1111/659
f 2508/1199/620 2491/1182/601 2590/1132/595
f 2460/1156/570 2549/1238/661 347/322/205
f 2591/1113/681 2525/1219/637 2449/1247/559
f 348/323/206 2441/1137/551 349/324/207
f 348/323/206 347/322/205 2441/1137/551
f 313/290/175 2592/1246/674 414/356/258
f 313/290/175 2520/1210/632 2593/1246/674
f 313/290/175 328/304/187 2520/1210/632
f 2513/1203/625 2519/1209/631 410/353/254
f 410/353/254 2519/1209/631 328/304/187
f 2520/1210/682 2594/1233/654 2595/1245/673
f 407/352/253 310/287/172 2498/1192/608
f 2442/1138/552 310/287/172 349/324/207
f 2541/1231/655 2520/1210/632 2512/1202/624
f 2596/1218/657 2597/1232/683 2541/1231/684
f 2525/1216/637 2598/1218/657 2544/1234/656
f 2443/1139/553 2441/1137/551 347/322/205
f 2549/1238/661 2443/1139/553 347/322/205
f 2505/1198/619 2599/1113/685 2449/1247/559
f 2473/1169/583 2471/1167/581 2470/1166/580
f 2491/1182/601 2483/1176/593 2600/1132/595
f 2493/1187/603 2463/1159/573 2495/1188/605
f 2601/1101/686 2602/1100/641 2487/1178/597
f 2603/1098/676 2604/1101/686 2532/1222/643
f 2458/1154/568 2460/1156/570 2461/1157/571
f 2479/1175/589 2500/1194/610 2475/1171/585
f 2551/1240/663 2438/1134/548 2440/1136/550
f 2476/1172/586 2475/1171/585 2500/1194/610
f 2475/1171/585 2478/1174/588 2605/1092/592
f 2552/1241/664 2461/1157/571 2460/1156/570
f 2478/1174/588 2477/1173/587 2501/1196/614
f 2515/1205/627 2496/1190/606 321/298/181
f 2477/1237/587 2535/1225/646 2546/1236/658
f 2466/1162/576 2536/1226/647 2469/1165/579
f 2606/1250/679 325/302/185 2607/294/237
f 2608/1083/687 2521/1211/633 2609/1213/635
f 2440/1136/550 2439/1135/549 2497/1191/607
f 2610/260/688 2611/250/688 2612/1251/688
f 2613/918/688 2614/1251/688 2615/250/688
f 2616/1252/689 2617/918/688 2618/251/690
f 2619/144/691 2620/1252/692 2621/236/692
f 2622/143/693 2623/1253/693 2624/144/691
f 2625/235/694 2626/1254/695 2627/1253/693
f 2628/234/695 2629/233/696 2630/1254/695
f 2631/572/696 2632/574/697 2633/508/697
f 2634/1255/697 2635/115/698 2636/1256/699
f 2637/1256/700 2638/114/699 2639/252/701
f 2640/1257/702 2641/1258/703 2642/227/704
f 2643/902/705 2644/123/705 2645/122/706
f 2646/135/707 2647/1259/708 2648/218/708
f 2649/1260/709 2650/1261/710 2651/216/711
f 2652/1262/712 2653/1260/709 2654/158/713
f 2655/1262/714 2656/158/713 2657/157/714
f 2658/1263/715 2659/154/715 2660/253/716
f 2661/1263/715 2662/213/717 2663/154/715
f 2664/254/718 2665/928/718 2666/253/719
f 2667/253/719 2668/928/718 2669/1263/720
f 2670/213/717 2671/1263/715 2672/1262/714
f 2673/157/712 2674/213/717 2675/1262/712
f 2676/1264/721 2677/222/722 2678/1265/723
f 2679/129/709 2680/158/724 2681/1260/709
f 2682/216/711 2683/129/709 2684/1260/709
f 2685/597/725 2686/598/711 2687/492/725
f 2688/595/707 2689/597/710 2690/492/710
f 2691/1259/708 2692/135/707 2693/1266/725
f 2694/219/726 2695/218/708 2696/1259/708
f 2697/1265/727 2698/219/728 2699/1259/708
f 2700/1265/723 2701/221/723 2702/219/728
f 2703/1265/727 2704/222/722 2705/221/727
f 2706/1264/721 2707/249/721 2708/222/729
f 2709/1264/721 2710/122/706 2711/249/721
f 2712/1264/730 2713/902/705 2714/122/706
f 2715/902/705 2716/224/731 2717/123/705
f 2718/902/705 2719/1257/732 2720/224/731
f 2721/224/731 2722/1257/702 2723/226/702
f 2724/226/702 2725/1257/702 2726/227/704
f 2727/228/703 2728/1258/703 2729/252/701
f 2730/228/733 2731/227/704 2732/1258/733
f 2733/252/734 2734/1258/733 2735/1256/699
f 2736/114/699 2737/1256/699 2738/115/698
f 2739/575/698 2740/508/735 2741/574/735
f 2742/1267/735 2743/1254/695 2744/233/696
f 2745/1254/695 2746/235/736 2747/234/695
f 2748/1253/737 2749/143/737 2750/235/736
f 2751/1252/692 2752/144/691 2753/1253/737
f 2754/251/690 2755/918/688 2756/250/688
f 2757/1252/692 2758/251/738 2759/236/692
f 2760/1251/739 2761/257/739 2762/260/739
f 2763/987/739 2764/258/739 2765/1268/739
f 2766/257/739 2767/1268/739 2768/258/739
f 2769/257/739 2770/1251/739 2771/1268/739
f 2772/254/718 2773/1269/718 2774/928/718
f 2775/1269/718 2776/254/718 2777/938/718
f 2778/1069/740 2779/258/739 2780/987/739
f 2781/1270/741 2782/1069/740 2783/987/739
f 2784/1071/742 2785/1070/741 2786/1270/741
f 2787/1271/743 2788/1071/742 2789/1270/744
f 2790/1271/743 2791/1074/743 2792/1071/742
f 2793/1271/743 2794/1076/745 2795/1074/743
f 2796/75/746 2797/1272/746 2798/1273/747
f 2799/75/746 2800/1274/748 2801/1272/746
f 2802/75/746 2803/73/749 2804/1274/748
f 2805/73/749 2806/1275/750 2807/1276/751
f 2808/73/751 2809/71/752 2810/1275/750
f 2811/1275/753 2812/71/752 2813/1277/752
f 2814/1277/752 2815/71/752 2816/1278/754
f 2817/1278/754 2818/69/755 2819/1279/756
f 2820/1279/756 2821/69/756 2822/1280/757
f 2823/1280/757 2824/69/755 2825/65/758
f 2826/1281/758 2827/1280/757 2828/65/758
f 2829/1282/759 2830/65/760 2831/84/761
f 2832/1283/761 2833/1282/762 2834/84/761
f 2835/1284/763 2836/1283/761 2837/84/761
f 2838/64/764 2839/1284/765 2840/84/761
f 2841/1285/766 2842/1286/767 2843/64/767
f 2844/62/768 2845/1285/766 2846/64/767
f 2847/62/769 2848/1287/769 2849/1285/766
f 2850/62/770 2851/1288/771 2852/1287/770
f 2853/60/772 2854/1289/772 2855/1288/771
f 2856/60/772 2857/1290/773 2858/1289/772
f 2859/60/772 2860/58/774 2861/1290/775
f 2862/1290/775 2863/58/776 2864/1291/776
f 2865/58/776 2866/54/777 2867/1292/778
f 2868/1292/778 2869/54/777 2870/1293/777
f 2871/1293/777 2872/54/777 2873/1294/779
f 2874/939/780 2875/1123/781 2876/944/780
f 2877/944/780 2878/1123/781 2879/1295/782
f 2880/1295/782 2881/1123/781 2882/1128/782
f 2883/1130/783 2884/1295/782 2885/1128/782
f 2886/1130/783 2887/1296/784 2888/1295/785
f 2889/1130/783 2890/1127/784 2891/1296/784
f 2892/1296/784 2893/1127/784 2894/1121/779
f 2895/1297/777 2896/1296/784 2897/1121/786
f 2898/58/787 2899/1292/778 2900/1291/776
f 2901/60/772 2902/1288/771 2903/62/788
f 2904/1286/764 2905/1284/765 2906/64/764
f 2907/1281/760 2908/65/760 2909/1282/759
f 2910/71/752 2911/69/789 2912/1278/754
f 2913/73/749 2914/1276/749 2915/1274/748
f 2916/1298/746 2917/1076/790 2918/1271/743
f 2919/1070/741 2920/1069/740 2921/1270/741
f 2922/938/780 2923/937/780 2924/1269/780
f 2925/937/780 2926/939/780 2927/1299/780
f 2928/939/780 2929/944/780 2930/1299/780
f 2931/1299/780 2932/1269/780 2933/937/780
f 2934/1300/2 2935/1301/1 2936/1302/1
f 2937/1303/1 2938/1301/1 2939/1300/1
f 2940/1304/1 2941/1301/2 2942/1303/1
f 2943/1305/1 2944/1301/2 2945/1304/1
f 2946/1306/791 2947/1301/1 2948/1305/1
f 2949/1307/1 2950/1301/1 2951/1306/1
f 2952/1308/1 2953/1309/1 2954/1301/1
f 2955/1308/1 2956/1301/1 2957/1307/1
f 2958/1309/1 2959/1310/1 2960/1301/1
f 2961/1310/1 2962/1311/1 2963/1301/1
f 2964/1311/1 2965/1312/1 2966/1301/1
f 2967/1301/1 2968/1312/1 2969/1313/1
f 2970/1301/1 2971/1313/1 2972/1314/1
f 2973/1301/1 2974/1314/1 2975/1315/1
f 2976/1301/1 2977/1315/1 2978/1316/1
f 2979/1317/1 2980/1301/1 2981/1318/1
f 2982/1301/1 2983/1316/1 2984/1318/1
f 2985/1319/1 2986/1301/1 2987/1317/1
f 2988/1319/1 2989/1317/1 2990/1320/1
f 2991/1321/1 2992/1319/1 2993/1322/1
f 2994/1321/1 2995/1323/1 2996/1319/1
f 2997/1323/1 2998/1324/1 2999/1319/1
f 3000/1324/1 3001/1325/1 3002/1319/1
f 3003/1325/1 3004/1326/1 3005/1319/1
f 3006/1326/792 3007/1327/792 3008/1319/1
f 3009/1319/1 3010/1328/1 3011/1329/1
f 3012/1327/1 3013/1328/1 3014/1319/1
f 3015/1319/1 3016/1329/1 3017/1330/1
f 3018/1319/1 3019/1330/1 3020/1331/792
f 3021/1319/1 3022/1331/792 3023/1332/792
f 3024/1319/1 3025/1333/1 3026/1301/1
f 3027/1334/1 3028/1335/1 3029/1319/1
f 3030/1335/792 3031/1336/1 3032/1319/1
f 3033/1301/1 3034/1333/1 3035/1337/1
f 3036/1336/1 3037/1333/1 3038/1319/1
f 3039/1301/1 3040/1337/1 3041/1338/1
f 3042/1320/1 3043/1322/1 3044/1319/1
f 3045/1339/1 3046/1301/791 3047/1338/1
