# Blender 4.4.3
# www.blender.org
mtllib Mesh_17.023.mtl
o Mesh_17.023
v 0.006500 0.008553 -0.008400
v 0.006500 0.008603 -0.008400
v 0.006180 0.008553 -0.008400
v 0.006180 0.008603 -0.008400
v 0.006140 0.008603 -0.009160
v 0.006140 0.008553 -0.009160
v 0.006140 0.008603 -0.008440
v 0.006140 0.008553 -0.008440
v 0.006180 0.008553 -0.009200
v 0.006180 0.008603 -0.009200
v 0.006500 0.008553 -0.009200
v 0.006500 0.008603 -0.009200
v 0.006540 0.008553 -0.009160
v 0.006540 0.008603 -0.009160
v 0.006540 0.008553 -0.008440
v 0.006540 0.008603 -0.008440
v 0.006141 0.008553 -0.008432
v 0.006140 0.008553 -0.008436
v 0.006140 0.008553 -0.008440
v 0.006142 0.008553 -0.008428
v 0.006140 0.008553 -0.008440
v 0.006143 0.008553 -0.008425
v 0.006140 0.008553 -0.008440
v 0.006145 0.008553 -0.008421
v 0.006140 0.008553 -0.008440
v 0.006147 0.008553 -0.008418
v 0.006140 0.008553 -0.008440
v 0.006149 0.008553 -0.008415
v 0.006140 0.008553 -0.008440
v 0.006152 0.008553 -0.008412
v 0.006140 0.008553 -0.008440
v 0.006155 0.008553 -0.008409
v 0.006140 0.008553 -0.008440
v 0.006158 0.008553 -0.008407
v 0.006140 0.008553 -0.008440
v 0.006161 0.008553 -0.008405
v 0.006140 0.008553 -0.008440
v 0.006165 0.008553 -0.008403
v 0.006140 0.008553 -0.008440
v 0.006168 0.008553 -0.008402
v 0.006140 0.008553 -0.008440
v 0.006172 0.008553 -0.008401
v 0.006140 0.008553 -0.008440
v 0.006176 0.008553 -0.008400
v 0.006140 0.008553 -0.008440
v 0.006180 0.008553 -0.008400
v 0.006140 0.008553 -0.008440
v 0.006276 0.008553 -0.008536
v 0.006180 0.008553 -0.008400
v 0.006140 0.008553 -0.008440
v 0.006500 0.008553 -0.008400
v 0.006180 0.008553 -0.008400
v 0.006340 0.008553 -0.008510
v 0.006349 0.008553 -0.008510
v 0.006500 0.008553 -0.008400
v 0.006358 0.008553 -0.008512
v 0.006500 0.008553 -0.008400
v 0.006366 0.008553 -0.008514
v 0.006500 0.008553 -0.008400
v 0.006500 0.008553 -0.008400
v 0.006374 0.008553 -0.008517
v 0.006382 0.008553 -0.008521
v 0.006390 0.008553 -0.008525
v 0.006500 0.008553 -0.008400
v 0.006397 0.008553 -0.008530
v 0.006500 0.008553 -0.008400
v 0.006500 0.008553 -0.008400
v 0.006540 0.008553 -0.008440
v 0.006504 0.008553 -0.008400
v 0.006500 0.008553 -0.008400
v 0.006404 0.008553 -0.008536
v 0.006540 0.008553 -0.008440
v 0.006508 0.008553 -0.008401
v 0.006519 0.008553 -0.008405
v 0.006515 0.008553 -0.008403
v 0.006540 0.008553 -0.008440
v 0.006522 0.008553 -0.008407
v 0.006540 0.008553 -0.008440
v 0.006525 0.008553 -0.008409
v 0.006540 0.008553 -0.008440
v 0.006528 0.008553 -0.008412
v 0.006540 0.008553 -0.008440
v 0.006531 0.008553 -0.008415
v 0.006540 0.008553 -0.008440
v 0.006535 0.008553 -0.008421
v 0.006533 0.008553 -0.008418
v 0.006540 0.008553 -0.008440
v 0.006428 0.008553 -0.008618
v 0.006426 0.008553 -0.008626
v 0.006540 0.008553 -0.008440
v 0.006540 0.008553 -0.009160
v 0.006540 0.008553 -0.009160
v 0.006426 0.008553 -0.008974
v 0.006428 0.008553 -0.008982
v 0.006540 0.008553 -0.009160
v 0.006430 0.008553 -0.008991
v 0.006540 0.008553 -0.009160
v 0.006540 0.008553 -0.009160
v 0.006430 0.008553 -0.009000
v 0.006430 0.008553 -0.009009
v 0.006540 0.008553 -0.009160
v 0.006428 0.008553 -0.009018
v 0.006540 0.008553 -0.009160
v 0.006540 0.008553 -0.009160
v 0.006426 0.008553 -0.009026
v 0.006423 0.008553 -0.009034
v 0.006540 0.008553 -0.009160
v 0.006500 0.008553 -0.009200
v 0.006540 0.008553 -0.009164
v 0.006540 0.008553 -0.009160
v 0.006419 0.008553 -0.009042
v 0.006540 0.008553 -0.009160
v 0.006500 0.008553 -0.009200
v 0.006539 0.008553 -0.009168
v 0.006537 0.008553 -0.009175
v 0.006500 0.008553 -0.009200
v 0.006535 0.008553 -0.009179
v 0.006500 0.008553 -0.009200
v 0.006533 0.008553 -0.009182
v 0.006500 0.008553 -0.009200
v 0.006528 0.008553 -0.009188
v 0.006531 0.008553 -0.009185
v 0.006500 0.008553 -0.009200
v 0.006374 0.008553 -0.009083
v 0.006366 0.008553 -0.009086
v 0.006500 0.008553 -0.009200
v 0.006382 0.008553 -0.009079
v 0.006180 0.008553 -0.009200
v 0.006500 0.008553 -0.009200
v 0.006340 0.008553 -0.009090
v 0.006331 0.008553 -0.009090
v 0.006180 0.008553 -0.009200
v 0.006322 0.008553 -0.009088
v 0.006180 0.008553 -0.009200
v 0.006314 0.008553 -0.009086
v 0.006180 0.008553 -0.009200
v 0.006180 0.008553 -0.009200
v 0.006306 0.008553 -0.009083
v 0.006298 0.008553 -0.009079
v 0.006290 0.008553 -0.009075
v 0.006180 0.008553 -0.009200
v 0.006283 0.008553 -0.009070
v 0.006180 0.008553 -0.009200
v 0.006180 0.008553 -0.009200
v 0.006140 0.008553 -0.009160
v 0.006176 0.008553 -0.009200
v 0.006180 0.008553 -0.009200
v 0.006276 0.008553 -0.009064
v 0.006140 0.008553 -0.009160
v 0.006172 0.008553 -0.009199
v 0.006161 0.008553 -0.009195
v 0.006165 0.008553 -0.009197
v 0.006140 0.008553 -0.009160
v 0.006158 0.008553 -0.009193
v 0.006140 0.008553 -0.009160
v 0.006155 0.008553 -0.009191
v 0.006140 0.008553 -0.009160
v 0.006152 0.008553 -0.009188
v 0.006140 0.008553 -0.009160
v 0.006149 0.008553 -0.009185
v 0.006140 0.008553 -0.009160
v 0.006145 0.008553 -0.009179
v 0.006147 0.008553 -0.009182
v 0.006140 0.008553 -0.009160
v 0.006252 0.008553 -0.008982
v 0.006254 0.008553 -0.008974
v 0.006140 0.008553 -0.008440
v 0.006252 0.008553 -0.008618
v 0.006250 0.008553 -0.008609
v 0.006140 0.008553 -0.008440
v 0.006140 0.008553 -0.009160
v 0.006430 0.008553 -0.008591
v 0.006540 0.008553 -0.008440
v 0.006428 0.008553 -0.008582
v 0.006430 0.008553 -0.008600
v 0.006540 0.008553 -0.008440
v 0.006540 0.008553 -0.008440
v 0.006426 0.008553 -0.008574
v 0.006540 0.008553 -0.008440
v 0.006423 0.008553 -0.008566
v 0.006540 0.008553 -0.008440
v 0.006419 0.008553 -0.008558
v 0.006540 0.008553 -0.008440
v 0.006415 0.008553 -0.008550
v 0.006540 0.008553 -0.008440
v 0.006410 0.008553 -0.008543
v 0.006540 0.008553 -0.008440
v 0.006540 0.008553 -0.008440
v 0.006512 0.008553 -0.008402
v 0.006540 0.008553 -0.008440
v 0.006539 0.008553 -0.008432
v 0.006540 0.008553 -0.008440
v 0.006540 0.008553 -0.008436
v 0.006538 0.008553 -0.008428
v 0.006540 0.008553 -0.008440
v 0.006540 0.008553 -0.008440
v 0.006537 0.008553 -0.008425
v 0.006540 0.008553 -0.008440
v 0.006540 0.008553 -0.008440
v 0.006540 0.008553 -0.008440
v 0.006540 0.008553 -0.008440
v 0.006500 0.008553 -0.008400
v 0.006500 0.008553 -0.008400
v 0.006180 0.008553 -0.008400
v 0.006331 0.008553 -0.008510
v 0.006180 0.008553 -0.008400
v 0.006322 0.008553 -0.008512
v 0.006180 0.008553 -0.008400
v 0.006314 0.008553 -0.008514
v 0.006290 0.008553 -0.008525
v 0.006298 0.008553 -0.008521
v 0.006180 0.008553 -0.008400
v 0.006180 0.008553 -0.008400
v 0.006306 0.008553 -0.008517
v 0.006283 0.008553 -0.008530
v 0.006180 0.008553 -0.008400
v 0.006180 0.008553 -0.008400
v 0.006270 0.008553 -0.008543
v 0.006140 0.008553 -0.008440
v 0.006265 0.008553 -0.008550
v 0.006140 0.008553 -0.008440
v 0.006261 0.008553 -0.008558
v 0.006140 0.008553 -0.008440
v 0.006257 0.008553 -0.008566
v 0.006140 0.008553 -0.008440
v 0.006254 0.008553 -0.008574
v 0.006140 0.008553 -0.008440
v 0.006180 0.008553 -0.008400
v 0.006140 0.008553 -0.008440
v 0.006250 0.008553 -0.008591
v 0.006252 0.008553 -0.008582
v 0.006140 0.008553 -0.008440
v 0.006250 0.008553 -0.008600
v 0.006140 0.008553 -0.008440
v 0.006140 0.008553 -0.008440
v 0.006254 0.008553 -0.008626
v 0.006261 0.008553 -0.008642
v 0.006257 0.008553 -0.008634
v 0.006257 0.008553 -0.008966
v 0.006261 0.008553 -0.008958
v 0.006265 0.008553 -0.008650
v 0.006265 0.008553 -0.008950
v 0.006270 0.008553 -0.008943
v 0.006270 0.008553 -0.008657
v 0.006276 0.008553 -0.008664
v 0.006276 0.008553 -0.008936
v 0.006283 0.008553 -0.008670
v 0.006283 0.008553 -0.008930
v 0.006290 0.008553 -0.008675
v 0.006298 0.008553 -0.008679
v 0.006290 0.008553 -0.008925
v 0.006298 0.008553 -0.008921
v 0.006306 0.008553 -0.008683
v 0.006306 0.008553 -0.008917
v 0.006314 0.008553 -0.008686
v 0.006314 0.008553 -0.008914
v 0.006322 0.008553 -0.008688
v 0.006322 0.008553 -0.008912
v 0.006331 0.008553 -0.008690
v 0.006331 0.008553 -0.008910
v 0.006340 0.008553 -0.008910
v 0.006340 0.008553 -0.008690
v 0.006349 0.008553 -0.008690
v 0.006349 0.008553 -0.008910
v 0.006358 0.008553 -0.008688
v 0.006358 0.008553 -0.008912
v 0.006390 0.008553 -0.008675
v 0.006382 0.008553 -0.008921
v 0.006390 0.008553 -0.008925
v 0.006382 0.008553 -0.008679
v 0.006397 0.008553 -0.008670
v 0.006397 0.008553 -0.008930
v 0.006404 0.008553 -0.008664
v 0.006419 0.008553 -0.008642
v 0.006415 0.008553 -0.008650
v 0.006415 0.008553 -0.008950
v 0.006410 0.008553 -0.008943
v 0.006423 0.008553 -0.008634
v 0.006423 0.008553 -0.008966
v 0.006366 0.008553 -0.008686
v 0.006366 0.008553 -0.008914
v 0.006140 0.008553 -0.008440
v 0.006500 0.008553 -0.009200
v 0.006538 0.008553 -0.009172
v 0.006500 0.008553 -0.009200
v 0.006540 0.008553 -0.009160
v 0.006415 0.008553 -0.009050
v 0.006430 0.008553 -0.008609
v 0.006540 0.008553 -0.008440
v 0.006404 0.008553 -0.009064
v 0.006500 0.008553 -0.009200
v 0.006540 0.008553 -0.009160
v 0.006410 0.008553 -0.009057
v 0.006540 0.008553 -0.009160
v 0.006540 0.008553 -0.009160
v 0.006419 0.008553 -0.008958
v 0.006410 0.008553 -0.008657
v 0.006404 0.008553 -0.008936
v 0.006374 0.008553 -0.008917
v 0.006374 0.008553 -0.008683
v 0.006140 0.008553 -0.008440
v 0.006140 0.008553 -0.009160
v 0.006250 0.008553 -0.008991
v 0.006140 0.008553 -0.009160
v 0.006250 0.008553 -0.009000
v 0.006252 0.008553 -0.009018
v 0.006140 0.008553 -0.009160
v 0.006254 0.008553 -0.009026
v 0.006250 0.008553 -0.009009
v 0.006140 0.008553 -0.009160
v 0.006140 0.008553 -0.009160
v 0.006257 0.008553 -0.009034
v 0.006140 0.008553 -0.009160
v 0.006261 0.008553 -0.009042
v 0.006140 0.008553 -0.009160
v 0.006265 0.008553 -0.009050
v 0.006140 0.008553 -0.009160
v 0.006270 0.008553 -0.009057
v 0.006140 0.008553 -0.009160
v 0.006140 0.008553 -0.009160
v 0.006168 0.008553 -0.009198
v 0.006140 0.008553 -0.009160
v 0.006141 0.008553 -0.009168
v 0.006140 0.008553 -0.009160
v 0.006140 0.008553 -0.009164
v 0.006142 0.008553 -0.009172
v 0.006140 0.008553 -0.009160
v 0.006140 0.008553 -0.009160
v 0.006143 0.008553 -0.009175
v 0.006140 0.008553 -0.009160
v 0.006140 0.008553 -0.009160
v 0.006140 0.008553 -0.009160
v 0.006140 0.008553 -0.009160
v 0.006180 0.008553 -0.009200
v 0.006180 0.008553 -0.009200
v 0.006500 0.008553 -0.009200
v 0.006349 0.008553 -0.009090
v 0.006500 0.008553 -0.009200
v 0.006358 0.008553 -0.009088
v 0.006140 0.008553 -0.009160
v 0.006390 0.008553 -0.009075
v 0.006500 0.008553 -0.009200
v 0.006397 0.008553 -0.009070
v 0.006500 0.008553 -0.009200
v 0.006500 0.008553 -0.009200
v 0.006500 0.008553 -0.009200
v 0.006525 0.008553 -0.009191
v 0.006500 0.008553 -0.009200
v 0.006522 0.008553 -0.009193
v 0.006508 0.008553 -0.009199
v 0.006500 0.008553 -0.009200
v 0.006504 0.008553 -0.009200
v 0.006512 0.008553 -0.009198
v 0.006500 0.008553 -0.009200
v 0.006500 0.008553 -0.009200
v 0.006515 0.008553 -0.009197
v 0.006519 0.008553 -0.009195
v 0.006500 0.008553 -0.009200
v 0.006500 0.008553 -0.009200
v 0.006500 0.008553 -0.009200
v 0.006540 0.008553 -0.008440
v 0.006500 0.008553 -0.009200
v 0.006340 0.008603 -0.009049
v 0.006500 0.008603 -0.009200
v 0.006180 0.008603 -0.009200
v 0.006180 0.008603 -0.009200
v 0.006335 0.008603 -0.009048
v 0.006180 0.008603 -0.009200
v 0.006331 0.008603 -0.009048
v 0.006326 0.008603 -0.009046
v 0.006180 0.008603 -0.009200
v 0.006180 0.008603 -0.009200
v 0.006321 0.008603 -0.009045
v 0.006180 0.008603 -0.009200
v 0.006317 0.008603 -0.009043
v 0.006309 0.008603 -0.009037
v 0.006313 0.008603 -0.009040
v 0.006180 0.008603 -0.009200
v 0.006180 0.008603 -0.009200
v 0.006306 0.008603 -0.009034
v 0.006180 0.008603 -0.009200
v 0.006140 0.008603 -0.009160
v 0.006140 0.008603 -0.009160
v 0.006172 0.008603 -0.009199
v 0.006168 0.008603 -0.009198
v 0.006176 0.008603 -0.009200
v 0.006140 0.008603 -0.009160
v 0.006180 0.008603 -0.009200
v 0.006140 0.008603 -0.009160
v 0.006165 0.008603 -0.009197
v 0.006140 0.008603 -0.009160
v 0.006161 0.008603 -0.009195
v 0.006155 0.008603 -0.009191
v 0.006140 0.008603 -0.009160
v 0.006158 0.008603 -0.009193
v 0.006152 0.008603 -0.009188
v 0.006140 0.008603 -0.009160
v 0.006149 0.008603 -0.009185
v 0.006140 0.008603 -0.009160
v 0.006140 0.008603 -0.009160
v 0.006296 0.008603 -0.008979
v 0.006294 0.008603 -0.008986
v 0.006140 0.008603 -0.009160
v 0.006140 0.008603 -0.008440
v 0.006140 0.008603 -0.008440
v 0.006295 0.008603 -0.008619
v 0.006294 0.008603 -0.008614
v 0.006140 0.008603 -0.008440
v 0.006140 0.008603 -0.008440
v 0.006292 0.008603 -0.008609
v 0.006140 0.008603 -0.008440
v 0.006292 0.008603 -0.008605
v 0.006291 0.008603 -0.008600
v 0.006140 0.008603 -0.008440
v 0.006140 0.008603 -0.008440
v 0.006292 0.008603 -0.008593
v 0.006140 0.008603 -0.008440
v 0.006294 0.008603 -0.008586
v 0.006300 0.008603 -0.008573
v 0.006296 0.008603 -0.008579
v 0.006140 0.008603 -0.008440
v 0.006140 0.008603 -0.008440
v 0.006304 0.008603 -0.008567
v 0.006140 0.008603 -0.008440
v 0.006180 0.008603 -0.008400
v 0.006180 0.008603 -0.008400
v 0.006141 0.008603 -0.008432
v 0.006142 0.008603 -0.008428
v 0.006140 0.008603 -0.008436
v 0.006180 0.008603 -0.008400
v 0.006180 0.008603 -0.008400
v 0.006143 0.008603 -0.008425
v 0.006180 0.008603 -0.008400
v 0.006149 0.008603 -0.008415
v 0.006152 0.008603 -0.008412
v 0.006180 0.008603 -0.008400
v 0.006335 0.008603 -0.008552
v 0.006328 0.008603 -0.008553
v 0.006500 0.008603 -0.008400
v 0.006342 0.008603 -0.008552
v 0.006180 0.008603 -0.008400
v 0.006349 0.008603 -0.008552
v 0.006500 0.008603 -0.008400
v 0.006356 0.008603 -0.008554
v 0.006500 0.008603 -0.008400
v 0.006500 0.008603 -0.008400
v 0.006363 0.008603 -0.008557
v 0.006500 0.008603 -0.008400
v 0.006369 0.008603 -0.008561
v 0.006374 0.008603 -0.008566
v 0.006500 0.008603 -0.008400
v 0.006500 0.008603 -0.008400
v 0.006540 0.008603 -0.008440
v 0.006500 0.008603 -0.008400
v 0.006504 0.008603 -0.008400
v 0.006540 0.008603 -0.008440
v 0.006508 0.008603 -0.008401
v 0.006540 0.008603 -0.008440
v 0.006519 0.008603 -0.008405
v 0.006540 0.008603 -0.008440
v 0.006515 0.008603 -0.008403
v 0.006540 0.008603 -0.008440
v 0.006512 0.008603 -0.008402
v 0.006522 0.008603 -0.008407
v 0.006540 0.008603 -0.008440
v 0.006525 0.008603 -0.008409
v 0.006540 0.008603 -0.008440
v 0.006540 0.008603 -0.008440
v 0.006531 0.008603 -0.008415
v 0.006533 0.008603 -0.008418
v 0.006540 0.008603 -0.008440
v 0.006535 0.008603 -0.008421
v 0.006540 0.008603 -0.008440
v 0.006385 0.008603 -0.008619
v 0.006387 0.008603 -0.008612
v 0.006540 0.008603 -0.008440
v 0.006540 0.008603 -0.009160
v 0.006540 0.008603 -0.009160
v 0.006383 0.008603 -0.008977
v 0.006386 0.008603 -0.008984
v 0.006540 0.008603 -0.009160
v 0.006388 0.008603 -0.008991
v 0.006540 0.008603 -0.009160
v 0.006388 0.008603 -0.008998
v 0.006540 0.008603 -0.009160
v 0.006388 0.008603 -0.009005
v 0.006387 0.008603 -0.009012
v 0.006540 0.008603 -0.009160
v 0.006540 0.008603 -0.009160
v 0.006385 0.008603 -0.009019
v 0.006540 0.008603 -0.009160
v 0.006382 0.008603 -0.009025
v 0.006377 0.008603 -0.009031
v 0.006540 0.008603 -0.009160
v 0.006540 0.008603 -0.009160
v 0.006373 0.008603 -0.009036
v 0.006540 0.008603 -0.009160
v 0.006500 0.008603 -0.009200
v 0.006500 0.008603 -0.009200
v 0.006539 0.008603 -0.009168
v 0.006538 0.008603 -0.009172
v 0.006540 0.008603 -0.009164
v 0.006500 0.008603 -0.009200
v 0.006535 0.008603 -0.009179
v 0.006500 0.008603 -0.009200
v 0.006537 0.008603 -0.009175
v 0.006525 0.008603 -0.009191
v 0.006500 0.008603 -0.009200
v 0.006528 0.008603 -0.009188
v 0.006500 0.008603 -0.009200
v 0.006347 0.008603 -0.009048
v 0.006354 0.008603 -0.009046
v 0.006347 0.008603 -0.008648
v 0.006354 0.008603 -0.008646
v 0.006349 0.008603 -0.008952
v 0.006342 0.008603 -0.008952
v 0.006340 0.008603 -0.008648
v 0.006356 0.008603 -0.008954
v 0.006361 0.008603 -0.008644
v 0.006363 0.008603 -0.008957
v 0.006367 0.008603 -0.008640
v 0.006373 0.008603 -0.008636
v 0.006369 0.008603 -0.008961
v 0.006374 0.008603 -0.008966
v 0.006377 0.008603 -0.008631
v 0.006382 0.008603 -0.008625
v 0.006379 0.008603 -0.008971
v 0.006500 0.008603 -0.009200
v 0.006531 0.008603 -0.009185
v 0.006500 0.008603 -0.009200
v 0.006388 0.008603 -0.008598
v 0.006388 0.008603 -0.008591
v 0.006540 0.008603 -0.008440
v 0.006540 0.008603 -0.008440
v 0.006388 0.008603 -0.008605
v 0.006386 0.008603 -0.008584
v 0.006540 0.008603 -0.008440
v 0.006383 0.008603 -0.008577
v 0.006540 0.008603 -0.008440
v 0.006379 0.008603 -0.008571
v 0.006540 0.008603 -0.008440
v 0.006540 0.008603 -0.008440
v 0.006540 0.008603 -0.008440
v 0.006540 0.008603 -0.008440
v 0.006528 0.008603 -0.008412
v 0.006540 0.008603 -0.008440
v 0.006540 0.008603 -0.008436
v 0.006540 0.008603 -0.008440
v 0.006539 0.008603 -0.008432
v 0.006540 0.008603 -0.008440
v 0.006538 0.008603 -0.008428
v 0.006537 0.008603 -0.008425
v 0.006540 0.008603 -0.008440
v 0.006540 0.008603 -0.008440
v 0.006540 0.008603 -0.008440
v 0.006180 0.008603 -0.008400
v 0.006180 0.008603 -0.008400
v 0.006321 0.008603 -0.008555
v 0.006309 0.008603 -0.008563
v 0.006180 0.008603 -0.008400
v 0.006180 0.008603 -0.008400
v 0.006315 0.008603 -0.008558
v 0.006145 0.008603 -0.008421
v 0.006180 0.008603 -0.008400
v 0.006161 0.008603 -0.008405
v 0.006165 0.008603 -0.008403
v 0.006180 0.008603 -0.008400
v 0.006172 0.008603 -0.008401
v 0.006176 0.008603 -0.008400
v 0.006180 0.008603 -0.008400
v 0.006180 0.008603 -0.008400
v 0.006168 0.008603 -0.008402
v 0.006180 0.008603 -0.008400
v 0.006180 0.008603 -0.008400
v 0.006158 0.008603 -0.008407
v 0.006155 0.008603 -0.008409
v 0.006180 0.008603 -0.008400
v 0.006180 0.008603 -0.008400
v 0.006180 0.008603 -0.008400
v 0.006147 0.008603 -0.008418
v 0.006180 0.008603 -0.008400
v 0.006140 0.008603 -0.008440
v 0.006300 0.008603 -0.008973
v 0.006297 0.008603 -0.008623
v 0.006300 0.008603 -0.008627
v 0.006303 0.008603 -0.008631
v 0.006304 0.008603 -0.008967
v 0.006306 0.008603 -0.008634
v 0.006309 0.008603 -0.008963
v 0.006309 0.008603 -0.008637
v 0.006313 0.008603 -0.008640
v 0.006315 0.008603 -0.008958
v 0.006317 0.008603 -0.008643
v 0.006321 0.008603 -0.008955
v 0.006140 0.008603 -0.008440
v 0.006500 0.008603 -0.009200
v 0.006180 0.008603 -0.009200
v 0.006361 0.008603 -0.009044
v 0.006500 0.008603 -0.009200
v 0.006367 0.008603 -0.009040
v 0.006500 0.008603 -0.009200
v 0.006500 0.008603 -0.009200
v 0.006540 0.008603 -0.009160
v 0.006500 0.008603 -0.009200
v 0.006533 0.008603 -0.009182
v 0.006500 0.008603 -0.009200
v 0.006512 0.008603 -0.009198
v 0.006508 0.008603 -0.009199
v 0.006500 0.008603 -0.009200
v 0.006504 0.008603 -0.009200
v 0.006500 0.008603 -0.009200
v 0.006500 0.008603 -0.009200
v 0.006515 0.008603 -0.009197
v 0.006500 0.008603 -0.009200
v 0.006519 0.008603 -0.009195
v 0.006500 0.008603 -0.009200
v 0.006522 0.008603 -0.009193
v 0.006500 0.008603 -0.009200
v 0.006500 0.008603 -0.009200
v 0.006540 0.008603 -0.009160
v 0.006180 0.008603 -0.008400
v 0.006335 0.008603 -0.008952
v 0.006335 0.008603 -0.008648
v 0.006331 0.008603 -0.008648
v 0.006326 0.008603 -0.008646
v 0.006328 0.008603 -0.008953
v 0.006321 0.008603 -0.008645
v 0.006180 0.008603 -0.008400
v 0.006292 0.008603 -0.008993
v 0.006140 0.008603 -0.009160
v 0.006140 0.008603 -0.009160
v 0.006291 0.008603 -0.009000
v 0.006140 0.008603 -0.009160
v 0.006292 0.008603 -0.009005
v 0.006294 0.008603 -0.009014
v 0.006295 0.008603 -0.009019
v 0.006140 0.008603 -0.009160
v 0.006140 0.008603 -0.009160
v 0.006292 0.008603 -0.009009
v 0.006297 0.008603 -0.009023
v 0.006140 0.008603 -0.009160
v 0.006300 0.008603 -0.009027
v 0.006140 0.008603 -0.009160
v 0.006303 0.008603 -0.009031
v 0.006140 0.008603 -0.009160
v 0.006140 0.008603 -0.009160
v 0.006140 0.008603 -0.009160
v 0.006140 0.008603 -0.009160
v 0.006147 0.008603 -0.009182
v 0.006145 0.008603 -0.009179
v 0.006140 0.008603 -0.009160
v 0.006141 0.008603 -0.009168
v 0.006140 0.008603 -0.009164
v 0.006140 0.008603 -0.009160
v 0.006140 0.008603 -0.009160
v 0.006142 0.008603 -0.009172
v 0.006140 0.008603 -0.009160
v 0.006143 0.008603 -0.009175
v 0.006140 0.008603 -0.009160
v 0.006140 0.008603 -0.009160
v 0.006140 0.008603 -0.009160
v 0.006292 0.008603 -0.008593
v 0.006294 0.008603 -0.008586
v 0.006292 0.008594 -0.008591
v 0.006294 0.008603 -0.008586
v 0.006294 0.008594 -0.008586
v 0.006296 0.008603 -0.008579
v 0.006297 0.008594 -0.008577
v 0.006295 0.008594 -0.008581
v 0.006300 0.008603 -0.008573
v 0.006300 0.008594 -0.008573
v 0.006304 0.008603 -0.008567
v 0.006306 0.008594 -0.008566
v 0.006303 0.008594 -0.008569
v 0.006309 0.008603 -0.008563
v 0.006309 0.008594 -0.008563
v 0.006313 0.008594 -0.008560
v 0.006309 0.008603 -0.008563
v 0.006315 0.008603 -0.008558
v 0.006317 0.008594 -0.008557
v 0.006315 0.008603 -0.008558
v 0.006321 0.008603 -0.008555
v 0.006326 0.008594 -0.008554
v 0.006321 0.008603 -0.008555
v 0.006328 0.008603 -0.008553
v 0.006331 0.008594 -0.008552
v 0.006328 0.008603 -0.008553
v 0.006335 0.008603 -0.008552
v 0.006335 0.008594 -0.008552
v 0.006335 0.008603 -0.008552
v 0.006340 0.008594 -0.008551
v 0.006342 0.008603 -0.008552
v 0.006345 0.008594 -0.008552
v 0.006349 0.008594 -0.008552
v 0.006349 0.008603 -0.008552
v 0.006354 0.008594 -0.008554
v 0.006356 0.008603 -0.008554
v 0.006359 0.008594 -0.008555
v 0.006363 0.008603 -0.008557
v 0.006363 0.008594 -0.008557
v 0.006363 0.008603 -0.008557
v 0.006369 0.008603 -0.008561
v 0.006367 0.008594 -0.008560
v 0.006371 0.008594 -0.008563
v 0.006374 0.008603 -0.008566
v 0.006374 0.008594 -0.008566
v 0.006374 0.008603 -0.008566
v 0.006379 0.008603 -0.008571
v 0.006377 0.008594 -0.008569
v 0.006379 0.008603 -0.008571
v 0.006383 0.008603 -0.008577
v 0.006380 0.008594 -0.008573
v 0.006383 0.008603 -0.008577
v 0.006385 0.008594 -0.008581
v 0.006383 0.008594 -0.008577
v 0.006386 0.008603 -0.008584
v 0.006388 0.008603 -0.008591
v 0.006386 0.008594 -0.008586
v 0.006388 0.008603 -0.008591
v 0.006388 0.008594 -0.008595
v 0.006388 0.008594 -0.008591
v 0.006388 0.008603 -0.008598
v 0.006388 0.008594 -0.008600
v 0.006388 0.008603 -0.008605
v 0.006388 0.008594 -0.008605
v 0.006385 0.008603 -0.008619
v 0.006385 0.008594 -0.008619
v 0.006386 0.008594 -0.008614
v 0.006382 0.008603 -0.008625
v 0.006380 0.008594 -0.008627
v 0.006383 0.008594 -0.008623
v 0.006377 0.008603 -0.008631
v 0.006374 0.008594 -0.008634
v 0.006377 0.008594 -0.008631
v 0.006373 0.008603 -0.008636
v 0.006367 0.008603 -0.008640
v 0.006371 0.008594 -0.008637
v 0.006367 0.008603 -0.008640
v 0.006361 0.008603 -0.008644
v 0.006363 0.008594 -0.008643
v 0.006359 0.008594 -0.008645
v 0.006354 0.008603 -0.008646
v 0.006354 0.008594 -0.008646
v 0.006354 0.008603 -0.008646
v 0.006347 0.008603 -0.008648
v 0.006349 0.008594 -0.008648
v 0.006347 0.008603 -0.008648
v 0.006340 0.008603 -0.008648
v 0.006345 0.008594 -0.008648
v 0.006340 0.008603 -0.008648
v 0.006335 0.008603 -0.008648
v 0.006340 0.008594 -0.008648
v 0.006335 0.008594 -0.008648
v 0.006331 0.008603 -0.008648
v 0.006331 0.008594 -0.008648
v 0.006326 0.008603 -0.008646
v 0.006326 0.008594 -0.008646
v 0.006321 0.008603 -0.008645
v 0.006321 0.008594 -0.008645
v 0.006317 0.008594 -0.008643
v 0.006317 0.008603 -0.008643
v 0.006313 0.008603 -0.008640
v 0.006313 0.008594 -0.008640
v 0.006313 0.008603 -0.008640
v 0.006309 0.008603 -0.008637
v 0.006309 0.008594 -0.008637
v 0.006309 0.008603 -0.008637
v 0.006306 0.008603 -0.008634
v 0.006306 0.008594 -0.008634
v 0.006306 0.008603 -0.008634
v 0.006303 0.008603 -0.008631
v 0.006297 0.008603 -0.008623
v 0.006297 0.008594 -0.008623
v 0.006300 0.008594 -0.008627
v 0.006295 0.008603 -0.008619
v 0.006295 0.008594 -0.008619
v 0.006294 0.008603 -0.008614
v 0.006294 0.008594 -0.008614
v 0.006292 0.008603 -0.008609
v 0.006292 0.008594 -0.008609
v 0.006292 0.008603 -0.008605
v 0.006292 0.008594 -0.008605
v 0.006292 0.008603 -0.008593
v 0.006292 0.008594 -0.008595
v 0.006303 0.008594 -0.008631
v 0.006303 0.008603 -0.008631
v 0.006300 0.008603 -0.008627
v 0.006292 0.008603 -0.008605
v 0.006291 0.008603 -0.008600
v 0.006292 0.008603 -0.008609
v 0.006292 0.008603 -0.008605
v 0.006294 0.008603 -0.008614
v 0.006292 0.008603 -0.008609
v 0.006295 0.008603 -0.008619
v 0.006294 0.008603 -0.008614
v 0.006297 0.008603 -0.008623
v 0.006295 0.008603 -0.008619
v 0.006300 0.008603 -0.008627
v 0.006297 0.008603 -0.008623
v 0.006300 0.008603 -0.008627
v 0.006303 0.008603 -0.008631
v 0.006306 0.008603 -0.008634
v 0.006309 0.008603 -0.008637
v 0.006313 0.008603 -0.008640
v 0.006317 0.008603 -0.008643
v 0.006321 0.008603 -0.008645
v 0.006317 0.008603 -0.008643
v 0.006326 0.008603 -0.008646
v 0.006321 0.008603 -0.008645
v 0.006331 0.008603 -0.008648
v 0.006326 0.008603 -0.008646
v 0.006335 0.008603 -0.008648
v 0.006331 0.008603 -0.008648
v 0.006335 0.008603 -0.008648
v 0.006340 0.008603 -0.008648
v 0.006347 0.008603 -0.008648
v 0.006354 0.008603 -0.008646
v 0.006361 0.008603 -0.008644
v 0.006354 0.008603 -0.008646
v 0.006361 0.008603 -0.008644
v 0.006367 0.008603 -0.008640
v 0.006367 0.008594 -0.008640
v 0.006367 0.008603 -0.008640
v 0.006373 0.008603 -0.008636
v 0.006373 0.008603 -0.008636
v 0.006377 0.008603 -0.008631
v 0.006377 0.008603 -0.008631
v 0.006377 0.008603 -0.008631
v 0.006382 0.008603 -0.008625
v 0.006382 0.008603 -0.008625
v 0.006385 0.008603 -0.008619
v 0.006385 0.008603 -0.008619
v 0.006385 0.008603 -0.008619
v 0.006387 0.008603 -0.008612
v 0.006388 0.008594 -0.008609
v 0.006388 0.008603 -0.008605
v 0.006387 0.008603 -0.008612
v 0.006387 0.008603 -0.008612
v 0.006388 0.008603 -0.008605
v 0.006388 0.008603 -0.008598
v 0.006388 0.008603 -0.008605
v 0.006388 0.008603 -0.008591
v 0.006388 0.008603 -0.008598
v 0.006388 0.008603 -0.008591
v 0.006386 0.008603 -0.008584
v 0.006383 0.008603 -0.008577
v 0.006386 0.008603 -0.008584
v 0.006383 0.008603 -0.008577
v 0.006379 0.008603 -0.008571
v 0.006374 0.008603 -0.008566
v 0.006374 0.008603 -0.008566
v 0.006369 0.008603 -0.008561
v 0.006369 0.008603 -0.008561
v 0.006363 0.008603 -0.008557
v 0.006363 0.008603 -0.008557
v 0.006356 0.008603 -0.008554
v 0.006356 0.008603 -0.008554
v 0.006349 0.008603 -0.008552
v 0.006349 0.008603 -0.008552
v 0.006349 0.008603 -0.008552
v 0.006342 0.008603 -0.008552
v 0.006342 0.008603 -0.008552
v 0.006335 0.008603 -0.008552
v 0.006335 0.008603 -0.008552
v 0.006328 0.008603 -0.008553
v 0.006321 0.008603 -0.008555
v 0.006321 0.008594 -0.008555
v 0.006321 0.008603 -0.008555
v 0.006315 0.008603 -0.008558
v 0.006309 0.008603 -0.008563
v 0.006304 0.008603 -0.008567
v 0.006309 0.008603 -0.008563
v 0.006300 0.008603 -0.008573
v 0.006304 0.008603 -0.008567
v 0.006300 0.008603 -0.008573
v 0.006296 0.008603 -0.008579
v 0.006300 0.008603 -0.008573
v 0.006294 0.008603 -0.008586
v 0.006296 0.008603 -0.008579
v 0.006294 0.008603 -0.008586
v 0.006291 0.008594 -0.008600
v 0.006291 0.008603 -0.008600
v 0.006291 0.008603 -0.008600
v 0.006291 0.008603 -0.008600
v 0.006292 0.008603 -0.008593
v 0.006388 0.008594 -0.008605
v 0.006388 0.008594 -0.008609
v 0.006430 0.008553 -0.008609
v 0.006388 0.008594 -0.008609
v 0.006386 0.008594 -0.008614
v 0.006428 0.008553 -0.008618
v 0.006386 0.008594 -0.008614
v 0.006426 0.008553 -0.008626
v 0.006428 0.008553 -0.008618
v 0.006385 0.008594 -0.008619
v 0.006423 0.008553 -0.008634
v 0.006426 0.008553 -0.008626
v 0.006383 0.008594 -0.008623
v 0.006423 0.008553 -0.008634
v 0.006385 0.008594 -0.008619
v 0.006380 0.008594 -0.008627
v 0.006419 0.008553 -0.008642
v 0.006383 0.008594 -0.008623
v 0.006415 0.008553 -0.008650
v 0.006419 0.008553 -0.008642
v 0.006380 0.008594 -0.008627
v 0.006410 0.008553 -0.008657
v 0.006415 0.008553 -0.008650
v 0.006377 0.008594 -0.008631
v 0.006404 0.008553 -0.008664
v 0.006410 0.008553 -0.008657
v 0.006374 0.008594 -0.008634
v 0.006404 0.008553 -0.008664
v 0.006374 0.008594 -0.008634
v 0.006371 0.008594 -0.008637
v 0.006397 0.008553 -0.008670
v 0.006371 0.008594 -0.008637
v 0.006367 0.008594 -0.008640
v 0.006390 0.008553 -0.008675
v 0.006367 0.008594 -0.008640
v 0.006363 0.008594 -0.008643
v 0.006390 0.008553 -0.008675
v 0.006363 0.008594 -0.008643
v 0.006382 0.008553 -0.008679
v 0.006382 0.008553 -0.008679
v 0.006359 0.008594 -0.008645
v 0.006374 0.008553 -0.008683
v 0.006359 0.008594 -0.008645
v 0.006354 0.008594 -0.008646
v 0.006374 0.008553 -0.008683
v 0.006354 0.008594 -0.008646
v 0.006349 0.008594 -0.008648
v 0.006366 0.008553 -0.008686
v 0.006349 0.008594 -0.008648
v 0.006345 0.008594 -0.008648
v 0.006358 0.008553 -0.008688
v 0.006345 0.008594 -0.008648
v 0.006349 0.008553 -0.008690
v 0.006358 0.008553 -0.008688
v 0.006340 0.008594 -0.008648
v 0.006340 0.008553 -0.008690
v 0.006349 0.008553 -0.008690
v 0.006335 0.008594 -0.008648
v 0.006340 0.008553 -0.008690
v 0.006340 0.008594 -0.008648
v 0.006331 0.008594 -0.008648
v 0.006331 0.008553 -0.008690
v 0.006335 0.008594 -0.008648
v 0.006326 0.008594 -0.008646
v 0.006322 0.008553 -0.008688
v 0.006331 0.008594 -0.008648
v 0.006314 0.008553 -0.008686
v 0.006322 0.008553 -0.008688
v 0.006326 0.008594 -0.008646
v 0.006306 0.008553 -0.008683
v 0.006314 0.008553 -0.008686
v 0.006321 0.008594 -0.008645
v 0.006306 0.008553 -0.008683
v 0.006321 0.008594 -0.008645
v 0.006317 0.008594 -0.008643
v 0.006298 0.008553 -0.008679
v 0.006317 0.008594 -0.008643
v 0.006313 0.008594 -0.008640
v 0.006290 0.008553 -0.008675
v 0.006313 0.008594 -0.008640
v 0.006309 0.008594 -0.008637
v 0.006290 0.008553 -0.008675
v 0.006309 0.008594 -0.008637
v 0.006283 0.008553 -0.008670
v 0.006283 0.008553 -0.008670
v 0.006306 0.008594 -0.008634
v 0.006276 0.008553 -0.008664
v 0.006306 0.008594 -0.008634
v 0.006303 0.008594 -0.008631
v 0.006276 0.008553 -0.008664
v 0.006303 0.008594 -0.008631
v 0.006300 0.008594 -0.008627
v 0.006270 0.008553 -0.008657
v 0.006300 0.008594 -0.008627
v 0.006297 0.008594 -0.008623
v 0.006265 0.008553 -0.008650
v 0.006297 0.008594 -0.008623
v 0.006261 0.008553 -0.008642
v 0.006265 0.008553 -0.008650
v 0.006295 0.008594 -0.008619
v 0.006257 0.008553 -0.008634
v 0.006261 0.008553 -0.008642
v 0.006294 0.008594 -0.008614
v 0.006257 0.008553 -0.008634
v 0.006295 0.008594 -0.008619
v 0.006292 0.008594 -0.008609
v 0.006254 0.008553 -0.008626
v 0.006294 0.008594 -0.008614
v 0.006292 0.008594 -0.008605
v 0.006252 0.008553 -0.008618
v 0.006292 0.008594 -0.008609
v 0.006250 0.008553 -0.008609
v 0.006252 0.008553 -0.008618
v 0.006292 0.008594 -0.008605
v 0.006250 0.008553 -0.008600
v 0.006250 0.008553 -0.008609
v 0.006291 0.008594 -0.008600
v 0.006250 0.008553 -0.008600
v 0.006291 0.008594 -0.008600
v 0.006292 0.008594 -0.008595
v 0.006250 0.008553 -0.008591
v 0.006292 0.008594 -0.008595
v 0.006292 0.008594 -0.008591
v 0.006252 0.008553 -0.008582
v 0.006292 0.008594 -0.008591
v 0.006294 0.008594 -0.008586
v 0.006252 0.008553 -0.008582
v 0.006294 0.008594 -0.008586
v 0.006254 0.008553 -0.008574
v 0.006254 0.008553 -0.008574
v 0.006295 0.008594 -0.008581
v 0.006257 0.008553 -0.008566
v 0.006295 0.008594 -0.008581
v 0.006297 0.008594 -0.008577
v 0.006257 0.008553 -0.008566
v 0.006297 0.008594 -0.008577
v 0.006300 0.008594 -0.008573
v 0.006261 0.008553 -0.008558
v 0.006300 0.008594 -0.008573
v 0.006303 0.008594 -0.008569
v 0.006265 0.008553 -0.008550
v 0.006303 0.008594 -0.008569
v 0.006270 0.008553 -0.008543
v 0.006265 0.008553 -0.008550
v 0.006306 0.008594 -0.008566
v 0.006276 0.008553 -0.008536
v 0.006270 0.008553 -0.008543
v 0.006309 0.008594 -0.008563
v 0.006276 0.008553 -0.008536
v 0.006306 0.008594 -0.008566
v 0.006313 0.008594 -0.008560
v 0.006283 0.008553 -0.008530
v 0.006309 0.008594 -0.008563
v 0.006317 0.008594 -0.008557
v 0.006290 0.008553 -0.008525
v 0.006313 0.008594 -0.008560
v 0.006298 0.008553 -0.008521
v 0.006317 0.008594 -0.008557
v 0.006321 0.008594 -0.008555
v 0.006331 0.008594 -0.008552
v 0.006314 0.008553 -0.008514
v 0.006326 0.008594 -0.008554
v 0.006335 0.008594 -0.008552
v 0.006340 0.008594 -0.008551
v 0.006331 0.008553 -0.008510
v 0.006349 0.008553 -0.008510
v 0.006345 0.008594 -0.008552
v 0.006349 0.008594 -0.008552
v 0.006359 0.008594 -0.008555
v 0.006366 0.008553 -0.008514
v 0.006354 0.008594 -0.008554
v 0.006363 0.008594 -0.008557
v 0.006367 0.008594 -0.008560
v 0.006382 0.008553 -0.008521
v 0.006397 0.008553 -0.008530
v 0.006371 0.008594 -0.008563
v 0.006374 0.008594 -0.008566
v 0.006419 0.008553 -0.008558
v 0.006383 0.008594 -0.008577
v 0.006385 0.008594 -0.008581
v 0.006426 0.008553 -0.008574
v 0.006423 0.008553 -0.008566
v 0.006386 0.008594 -0.008586
v 0.006388 0.008594 -0.008595
v 0.006430 0.008553 -0.008591
v 0.006428 0.008553 -0.008582
v 0.006388 0.008594 -0.008609
v 0.006428 0.008553 -0.008618
v 0.006430 0.008553 -0.008609
v 0.006380 0.008594 -0.008573
v 0.006410 0.008553 -0.008543
v 0.006377 0.008594 -0.008569
v 0.006430 0.008553 -0.008591
v 0.006388 0.008594 -0.008600
v 0.006430 0.008553 -0.008600
v 0.006388 0.008594 -0.008595
v 0.006388 0.008594 -0.008600
v 0.006430 0.008553 -0.008591
v 0.006388 0.008594 -0.008591
v 0.006388 0.008594 -0.008595
v 0.006428 0.008553 -0.008582
v 0.006388 0.008594 -0.008591
v 0.006428 0.008553 -0.008582
v 0.006426 0.008553 -0.008574
v 0.006388 0.008594 -0.008591
v 0.006426 0.008553 -0.008574
v 0.006386 0.008594 -0.008586
v 0.006386 0.008594 -0.008586
v 0.006423 0.008553 -0.008566
v 0.006385 0.008594 -0.008581
v 0.006423 0.008553 -0.008566
v 0.006419 0.008553 -0.008558
v 0.006385 0.008594 -0.008581
v 0.006419 0.008553 -0.008558
v 0.006415 0.008553 -0.008550
v 0.006383 0.008594 -0.008577
v 0.006415 0.008553 -0.008550
v 0.006380 0.008594 -0.008573
v 0.006383 0.008594 -0.008577
v 0.006410 0.008553 -0.008543
v 0.006380 0.008594 -0.008573
v 0.006415 0.008553 -0.008550
v 0.006404 0.008553 -0.008536
v 0.006377 0.008594 -0.008569
v 0.006410 0.008553 -0.008543
v 0.006374 0.008594 -0.008566
v 0.006377 0.008594 -0.008569
v 0.006404 0.008553 -0.008536
v 0.006374 0.008594 -0.008566
v 0.006404 0.008553 -0.008536
v 0.006397 0.008553 -0.008530
v 0.006371 0.008594 -0.008563
v 0.006397 0.008553 -0.008530
v 0.006390 0.008553 -0.008525
v 0.006371 0.008594 -0.008563
v 0.006390 0.008553 -0.008525
v 0.006367 0.008594 -0.008560
v 0.006390 0.008553 -0.008525
v 0.006382 0.008553 -0.008521
v 0.006367 0.008594 -0.008560
v 0.006382 0.008553 -0.008521
v 0.006374 0.008553 -0.008517
v 0.006363 0.008594 -0.008557
v 0.006374 0.008553 -0.008517
v 0.006359 0.008594 -0.008555
v 0.006363 0.008594 -0.008557
v 0.006366 0.008553 -0.008514
v 0.006359 0.008594 -0.008555
v 0.006374 0.008553 -0.008517
v 0.006358 0.008553 -0.008512
v 0.006354 0.008594 -0.008554
v 0.006366 0.008553 -0.008514
v 0.006349 0.008594 -0.008552
v 0.006354 0.008594 -0.008554
v 0.006358 0.008553 -0.008512
v 0.006349 0.008594 -0.008552
v 0.006358 0.008553 -0.008512
v 0.006349 0.008553 -0.008510
v 0.006345 0.008594 -0.008552
v 0.006349 0.008553 -0.008510
v 0.006340 0.008553 -0.008510
v 0.006345 0.008594 -0.008552
v 0.006340 0.008553 -0.008510
v 0.006340 0.008594 -0.008551
v 0.006340 0.008553 -0.008510
v 0.006331 0.008553 -0.008510
v 0.006340 0.008594 -0.008551
v 0.006331 0.008553 -0.008510
v 0.006322 0.008553 -0.008512
v 0.006335 0.008594 -0.008552
v 0.006322 0.008553 -0.008512
v 0.006331 0.008594 -0.008552
v 0.006335 0.008594 -0.008552
v 0.006314 0.008553 -0.008514
v 0.006331 0.008594 -0.008552
v 0.006322 0.008553 -0.008512
v 0.006306 0.008553 -0.008517
v 0.006326 0.008594 -0.008554
v 0.006314 0.008553 -0.008514
v 0.006321 0.008594 -0.008555
v 0.006326 0.008594 -0.008554
v 0.006306 0.008553 -0.008517
v 0.006321 0.008594 -0.008555
v 0.006306 0.008553 -0.008517
v 0.006298 0.008553 -0.008521
v 0.006317 0.008594 -0.008557
v 0.006298 0.008553 -0.008521
v 0.006290 0.008553 -0.008525
v 0.006290 0.008553 -0.008525
v 0.006283 0.008553 -0.008530
v 0.006313 0.008594 -0.008560
v 0.006283 0.008553 -0.008530
v 0.006276 0.008553 -0.008536
v 0.006309 0.008594 -0.008563
v 0.006306 0.008594 -0.008566
v 0.006270 0.008553 -0.008543
v 0.006303 0.008594 -0.008569
v 0.006300 0.008594 -0.008573
v 0.006265 0.008553 -0.008550
v 0.006261 0.008553 -0.008558
v 0.006297 0.008594 -0.008577
v 0.006261 0.008553 -0.008558
v 0.006257 0.008553 -0.008566
v 0.006294 0.008594 -0.008586
v 0.006295 0.008594 -0.008581
v 0.006254 0.008553 -0.008574
v 0.006250 0.008553 -0.008591
v 0.006292 0.008594 -0.008591
v 0.006252 0.008553 -0.008582
v 0.006250 0.008553 -0.008600
v 0.006292 0.008594 -0.008595
v 0.006250 0.008553 -0.008591
v 0.006250 0.008553 -0.008609
v 0.006292 0.008594 -0.008605
v 0.006291 0.008594 -0.008600
v 0.006252 0.008553 -0.008618
v 0.006254 0.008553 -0.008626
v 0.006292 0.008594 -0.008609
v 0.006254 0.008553 -0.008626
v 0.006257 0.008553 -0.008634
v 0.006294 0.008594 -0.008614
v 0.006295 0.008594 -0.008619
v 0.006261 0.008553 -0.008642
v 0.006297 0.008594 -0.008623
v 0.006300 0.008594 -0.008627
v 0.006265 0.008553 -0.008650
v 0.006270 0.008553 -0.008657
v 0.006303 0.008594 -0.008631
v 0.006270 0.008553 -0.008657
v 0.006276 0.008553 -0.008664
v 0.006309 0.008594 -0.008637
v 0.006306 0.008594 -0.008634
v 0.006283 0.008553 -0.008670
v 0.006298 0.008553 -0.008679
v 0.006313 0.008594 -0.008640
v 0.006290 0.008553 -0.008675
v 0.006306 0.008553 -0.008683
v 0.006317 0.008594 -0.008643
v 0.006298 0.008553 -0.008679
v 0.006314 0.008553 -0.008686
v 0.006326 0.008594 -0.008646
v 0.006321 0.008594 -0.008645
v 0.006322 0.008553 -0.008688
v 0.006331 0.008553 -0.008690
v 0.006331 0.008594 -0.008648
v 0.006331 0.008553 -0.008690
v 0.006340 0.008553 -0.008690
v 0.006335 0.008594 -0.008648
v 0.006340 0.008594 -0.008648
v 0.006349 0.008553 -0.008690
v 0.006345 0.008594 -0.008648
v 0.006349 0.008594 -0.008648
v 0.006358 0.008553 -0.008688
v 0.006366 0.008553 -0.008686
v 0.006354 0.008594 -0.008646
v 0.006366 0.008553 -0.008686
v 0.006374 0.008553 -0.008683
v 0.006363 0.008594 -0.008643
v 0.006359 0.008594 -0.008645
v 0.006382 0.008553 -0.008679
v 0.006397 0.008553 -0.008670
v 0.006367 0.008594 -0.008640
v 0.006390 0.008553 -0.008675
v 0.006404 0.008553 -0.008664
v 0.006371 0.008594 -0.008637
v 0.006397 0.008553 -0.008670
v 0.006410 0.008553 -0.008657
v 0.006377 0.008594 -0.008631
v 0.006374 0.008594 -0.008634
v 0.006415 0.008553 -0.008650
v 0.006380 0.008594 -0.008627
v 0.006377 0.008594 -0.008631
v 0.006419 0.008553 -0.008642
v 0.006423 0.008553 -0.008634
v 0.006383 0.008594 -0.008623
v 0.006385 0.008594 -0.008619
v 0.006426 0.008553 -0.008626
v 0.006386 0.008594 -0.008614
v 0.006388 0.008594 -0.008600
v 0.006388 0.008594 -0.008605
v 0.006430 0.008553 -0.008609
v 0.006430 0.008553 -0.008609
v 0.006430 0.008553 -0.008600
v 0.006388 0.008594 -0.008600
v 0.006292 0.008603 -0.008993
v 0.006294 0.008603 -0.008986
v 0.006292 0.008594 -0.008991
v 0.006294 0.008603 -0.008986
v 0.006294 0.008594 -0.008986
v 0.006296 0.008603 -0.008979
v 0.006297 0.008594 -0.008977
v 0.006295 0.008594 -0.008981
v 0.006300 0.008603 -0.008973
v 0.006300 0.008594 -0.008973
v 0.006304 0.008603 -0.008967
v 0.006306 0.008594 -0.008966
v 0.006303 0.008594 -0.008969
v 0.006309 0.008603 -0.008963
v 0.006309 0.008594 -0.008963
v 0.006313 0.008594 -0.008960
v 0.006309 0.008603 -0.008963
v 0.006315 0.008603 -0.008958
v 0.006317 0.008594 -0.008957
v 0.006315 0.008603 -0.008958
v 0.006321 0.008603 -0.008955
v 0.006326 0.008594 -0.008954
v 0.006321 0.008603 -0.008955
v 0.006328 0.008603 -0.008953
v 0.006331 0.008594 -0.008952
v 0.006328 0.008603 -0.008953
v 0.006335 0.008603 -0.008952
v 0.006335 0.008594 -0.008952
v 0.006335 0.008603 -0.008952
v 0.006340 0.008594 -0.008952
v 0.006342 0.008603 -0.008952
v 0.006345 0.008594 -0.008952
v 0.006349 0.008594 -0.008952
v 0.006349 0.008603 -0.008952
v 0.006354 0.008594 -0.008954
v 0.006356 0.008603 -0.008954
v 0.006359 0.008594 -0.008955
v 0.006363 0.008603 -0.008957
v 0.006363 0.008594 -0.008957
v 0.006363 0.008603 -0.008957
v 0.006369 0.008603 -0.008961
v 0.006367 0.008594 -0.008960
v 0.006371 0.008594 -0.008963
v 0.006374 0.008603 -0.008966
v 0.006374 0.008594 -0.008966
v 0.006374 0.008603 -0.008966
v 0.006379 0.008603 -0.008971
v 0.006377 0.008594 -0.008969
v 0.006379 0.008603 -0.008971
v 0.006383 0.008603 -0.008977
v 0.006380 0.008594 -0.008973
v 0.006383 0.008603 -0.008977
v 0.006385 0.008594 -0.008981
v 0.006383 0.008594 -0.008977
v 0.006386 0.008603 -0.008984
v 0.006388 0.008603 -0.008991
v 0.006386 0.008594 -0.008986
v 0.006388 0.008603 -0.008991
v 0.006388 0.008594 -0.008995
v 0.006388 0.008594 -0.008991
v 0.006388 0.008603 -0.008998
v 0.006388 0.008594 -0.009000
v 0.006388 0.008603 -0.009005
v 0.006388 0.008594 -0.009005
v 0.006385 0.008603 -0.009019
v 0.006385 0.008594 -0.009019
v 0.006386 0.008594 -0.009014
v 0.006382 0.008603 -0.009025
v 0.006380 0.008594 -0.009027
v 0.006383 0.008594 -0.009023
v 0.006377 0.008603 -0.009031
v 0.006374 0.008594 -0.009034
v 0.006377 0.008594 -0.009031
v 0.006373 0.008603 -0.009036
v 0.006367 0.008603 -0.009040
v 0.006371 0.008594 -0.009037
v 0.006367 0.008603 -0.009040
v 0.006361 0.008603 -0.009044
v 0.006363 0.008594 -0.009043
v 0.006359 0.008594 -0.009045
v 0.006354 0.008603 -0.009046
v 0.006354 0.008594 -0.009046
v 0.006354 0.008603 -0.009046
v 0.006347 0.008603 -0.009048
v 0.006349 0.008594 -0.009048
v 0.006347 0.008603 -0.009048
v 0.006340 0.008603 -0.009049
v 0.006345 0.008594 -0.009048
v 0.006340 0.008603 -0.009049
v 0.006335 0.008603 -0.009048
v 0.006340 0.008594 -0.009049
v 0.006335 0.008594 -0.009048
v 0.006331 0.008603 -0.009048
v 0.006331 0.008594 -0.009048
v 0.006326 0.008603 -0.009046
v 0.006326 0.008594 -0.009046
v 0.006321 0.008603 -0.009045
v 0.006321 0.008594 -0.009045
v 0.006317 0.008594 -0.009043
v 0.006317 0.008603 -0.009043
v 0.006313 0.008603 -0.009040
v 0.006313 0.008594 -0.009040
v 0.006313 0.008603 -0.009040
v 0.006309 0.008603 -0.009037
v 0.006309 0.008594 -0.009037
v 0.006309 0.008603 -0.009037
v 0.006306 0.008603 -0.009034
v 0.006306 0.008594 -0.009034
v 0.006306 0.008603 -0.009034
v 0.006303 0.008603 -0.009031
v 0.006297 0.008603 -0.009023
v 0.006297 0.008594 -0.009023
v 0.006300 0.008594 -0.009027
v 0.006295 0.008603 -0.009019
v 0.006295 0.008594 -0.009019
v 0.006294 0.008603 -0.009014
v 0.006294 0.008594 -0.009014
v 0.006292 0.008603 -0.009009
v 0.006292 0.008594 -0.009009
v 0.006292 0.008603 -0.009005
v 0.006292 0.008594 -0.009005
v 0.006292 0.008603 -0.008993
v 0.006292 0.008594 -0.008995
v 0.006303 0.008594 -0.009031
v 0.006303 0.008603 -0.009031
v 0.006300 0.008603 -0.009027
v 0.006292 0.008603 -0.009005
v 0.006291 0.008603 -0.009000
v 0.006292 0.008603 -0.009009
v 0.006292 0.008603 -0.009005
v 0.006294 0.008603 -0.009014
v 0.006292 0.008603 -0.009009
v 0.006295 0.008603 -0.009019
v 0.006294 0.008603 -0.009014
v 0.006297 0.008603 -0.009023
v 0.006295 0.008603 -0.009019
v 0.006300 0.008603 -0.009027
v 0.006297 0.008603 -0.009023
v 0.006300 0.008603 -0.009027
v 0.006303 0.008603 -0.009031
v 0.006306 0.008603 -0.009034
v 0.006309 0.008603 -0.009037
v 0.006313 0.008603 -0.009040
v 0.006317 0.008603 -0.009043
v 0.006321 0.008603 -0.009045
v 0.006317 0.008603 -0.009043
v 0.006326 0.008603 -0.009046
v 0.006321 0.008603 -0.009045
v 0.006331 0.008603 -0.009048
v 0.006326 0.008603 -0.009046
v 0.006335 0.008603 -0.009048
v 0.006331 0.008603 -0.009048
v 0.006335 0.008603 -0.009048
v 0.006340 0.008603 -0.009049
v 0.006347 0.008603 -0.009048
v 0.006354 0.008603 -0.009046
v 0.006361 0.008603 -0.009044
v 0.006354 0.008603 -0.009046
v 0.006361 0.008603 -0.009044
v 0.006367 0.008603 -0.009040
v 0.006367 0.008594 -0.009040
v 0.006367 0.008603 -0.009040
v 0.006373 0.008603 -0.009036
v 0.006373 0.008603 -0.009036
v 0.006377 0.008603 -0.009031
v 0.006377 0.008603 -0.009031
v 0.006377 0.008603 -0.009031
v 0.006382 0.008603 -0.009025
v 0.006382 0.008603 -0.009025
v 0.006385 0.008603 -0.009019
v 0.006385 0.008603 -0.009019
v 0.006385 0.008603 -0.009019
v 0.006387 0.008603 -0.009012
v 0.006388 0.008594 -0.009009
v 0.006388 0.008603 -0.009005
v 0.006387 0.008603 -0.009012
v 0.006387 0.008603 -0.009012
v 0.006388 0.008603 -0.009005
v 0.006388 0.008603 -0.008998
v 0.006388 0.008603 -0.009005
v 0.006388 0.008603 -0.008991
v 0.006388 0.008603 -0.008998
v 0.006388 0.008603 -0.008991
v 0.006386 0.008603 -0.008984
v 0.006383 0.008603 -0.008977
v 0.006386 0.008603 -0.008984
v 0.006383 0.008603 -0.008977
v 0.006379 0.008603 -0.008971
v 0.006374 0.008603 -0.008966
v 0.006374 0.008603 -0.008966
v 0.006369 0.008603 -0.008961
v 0.006369 0.008603 -0.008961
v 0.006363 0.008603 -0.008957
v 0.006363 0.008603 -0.008957
v 0.006356 0.008603 -0.008954
v 0.006356 0.008603 -0.008954
v 0.006349 0.008603 -0.008952
v 0.006349 0.008603 -0.008952
v 0.006349 0.008603 -0.008952
v 0.006342 0.008603 -0.008952
v 0.006342 0.008603 -0.008952
v 0.006335 0.008603 -0.008952
v 0.006335 0.008603 -0.008952
v 0.006328 0.008603 -0.008953
v 0.006321 0.008603 -0.008955
v 0.006321 0.008594 -0.008955
v 0.006321 0.008603 -0.008955
v 0.006315 0.008603 -0.008958
v 0.006309 0.008603 -0.008963
v 0.006304 0.008603 -0.008967
v 0.006309 0.008603 -0.008963
v 0.006300 0.008603 -0.008973
v 0.006304 0.008603 -0.008967
v 0.006300 0.008603 -0.008973
v 0.006296 0.008603 -0.008979
v 0.006300 0.008603 -0.008973
v 0.006294 0.008603 -0.008986
v 0.006296 0.008603 -0.008979
v 0.006294 0.008603 -0.008986
v 0.006291 0.008594 -0.009000
v 0.006291 0.008603 -0.009000
v 0.006291 0.008603 -0.009000
v 0.006291 0.008603 -0.009000
v 0.006292 0.008603 -0.008993
v 0.006388 0.008594 -0.009005
v 0.006388 0.008594 -0.009009
v 0.006430 0.008553 -0.009009
v 0.006388 0.008594 -0.009009
v 0.006386 0.008594 -0.009014
v 0.006428 0.008553 -0.009018
v 0.006386 0.008594 -0.009014
v 0.006426 0.008553 -0.009026
v 0.006428 0.008553 -0.009018
v 0.006385 0.008594 -0.009019
v 0.006423 0.008553 -0.009034
v 0.006426 0.008553 -0.009026
v 0.006383 0.008594 -0.009023
v 0.006423 0.008553 -0.009034
v 0.006385 0.008594 -0.009019
v 0.006380 0.008594 -0.009027
v 0.006419 0.008553 -0.009042
v 0.006383 0.008594 -0.009023
v 0.006415 0.008553 -0.009050
v 0.006419 0.008553 -0.009042
v 0.006380 0.008594 -0.009027
v 0.006410 0.008553 -0.009057
v 0.006415 0.008553 -0.009050
v 0.006377 0.008594 -0.009031
v 0.006404 0.008553 -0.009064
v 0.006410 0.008553 -0.009057
v 0.006374 0.008594 -0.009034
v 0.006404 0.008553 -0.009064
v 0.006374 0.008594 -0.009034
v 0.006371 0.008594 -0.009037
v 0.006397 0.008553 -0.009070
v 0.006371 0.008594 -0.009037
v 0.006367 0.008594 -0.009040
v 0.006390 0.008553 -0.009075
v 0.006367 0.008594 -0.009040
v 0.006363 0.008594 -0.009043
v 0.006390 0.008553 -0.009075
v 0.006363 0.008594 -0.009043
v 0.006382 0.008553 -0.009079
v 0.006382 0.008553 -0.009079
v 0.006359 0.008594 -0.009045
v 0.006374 0.008553 -0.009083
v 0.006359 0.008594 -0.009045
v 0.006354 0.008594 -0.009046
v 0.006374 0.008553 -0.009083
v 0.006354 0.008594 -0.009046
v 0.006349 0.008594 -0.009048
v 0.006366 0.008553 -0.009086
v 0.006349 0.008594 -0.009048
v 0.006345 0.008594 -0.009048
v 0.006358 0.008553 -0.009088
v 0.006345 0.008594 -0.009048
v 0.006349 0.008553 -0.009090
v 0.006358 0.008553 -0.009088
v 0.006340 0.008594 -0.009049
v 0.006340 0.008553 -0.009090
v 0.006349 0.008553 -0.009090
v 0.006335 0.008594 -0.009048
v 0.006340 0.008553 -0.009090
v 0.006340 0.008594 -0.009049
v 0.006331 0.008594 -0.009048
v 0.006331 0.008553 -0.009090
v 0.006335 0.008594 -0.009048
v 0.006326 0.008594 -0.009046
v 0.006322 0.008553 -0.009088
v 0.006331 0.008594 -0.009048
v 0.006314 0.008553 -0.009086
v 0.006322 0.008553 -0.009088
v 0.006326 0.008594 -0.009046
v 0.006306 0.008553 -0.009083
v 0.006314 0.008553 -0.009086
v 0.006321 0.008594 -0.009045
v 0.006306 0.008553 -0.009083
v 0.006321 0.008594 -0.009045
v 0.006317 0.008594 -0.009043
v 0.006298 0.008553 -0.009079
v 0.006317 0.008594 -0.009043
v 0.006313 0.008594 -0.009040
v 0.006290 0.008553 -0.009075
v 0.006313 0.008594 -0.009040
v 0.006309 0.008594 -0.009037
v 0.006290 0.008553 -0.009075
v 0.006309 0.008594 -0.009037
v 0.006283 0.008553 -0.009070
v 0.006283 0.008553 -0.009070
v 0.006306 0.008594 -0.009034
v 0.006276 0.008553 -0.009064
v 0.006306 0.008594 -0.009034
v 0.006303 0.008594 -0.009031
v 0.006276 0.008553 -0.009064
v 0.006303 0.008594 -0.009031
v 0.006300 0.008594 -0.009027
v 0.006270 0.008553 -0.009057
v 0.006300 0.008594 -0.009027
v 0.006297 0.008594 -0.009023
v 0.006265 0.008553 -0.009050
v 0.006297 0.008594 -0.009023
v 0.006261 0.008553 -0.009042
v 0.006265 0.008553 -0.009050
v 0.006295 0.008594 -0.009019
v 0.006257 0.008553 -0.009034
v 0.006261 0.008553 -0.009042
v 0.006294 0.008594 -0.009014
v 0.006257 0.008553 -0.009034
v 0.006295 0.008594 -0.009019
v 0.006292 0.008594 -0.009009
v 0.006254 0.008553 -0.009026
v 0.006294 0.008594 -0.009014
v 0.006292 0.008594 -0.009005
v 0.006252 0.008553 -0.009018
v 0.006292 0.008594 -0.009009
v 0.006250 0.008553 -0.009009
v 0.006252 0.008553 -0.009018
v 0.006292 0.008594 -0.009005
v 0.006250 0.008553 -0.009000
v 0.006250 0.008553 -0.009009
v 0.006291 0.008594 -0.009000
v 0.006250 0.008553 -0.009000
v 0.006291 0.008594 -0.009000
v 0.006292 0.008594 -0.008995
v 0.006250 0.008553 -0.008991
v 0.006292 0.008594 -0.008995
v 0.006292 0.008594 -0.008991
v 0.006252 0.008553 -0.008982
v 0.006292 0.008594 -0.008991
v 0.006294 0.008594 -0.008986
v 0.006252 0.008553 -0.008982
v 0.006294 0.008594 -0.008986
v 0.006254 0.008553 -0.008974
v 0.006254 0.008553 -0.008974
v 0.006295 0.008594 -0.008981
v 0.006257 0.008553 -0.008966
v 0.006295 0.008594 -0.008981
v 0.006297 0.008594 -0.008977
v 0.006257 0.008553 -0.008966
v 0.006297 0.008594 -0.008977
v 0.006300 0.008594 -0.008973
v 0.006261 0.008553 -0.008958
v 0.006300 0.008594 -0.008973
v 0.006303 0.008594 -0.008969
v 0.006265 0.008553 -0.008950
v 0.006303 0.008594 -0.008969
v 0.006270 0.008553 -0.008943
v 0.006265 0.008553 -0.008950
v 0.006306 0.008594 -0.008966
v 0.006276 0.008553 -0.008936
v 0.006270 0.008553 -0.008943
v 0.006309 0.008594 -0.008963
v 0.006276 0.008553 -0.008936
v 0.006306 0.008594 -0.008966
v 0.006313 0.008594 -0.008960
v 0.006283 0.008553 -0.008930
v 0.006309 0.008594 -0.008963
v 0.006317 0.008594 -0.008957
v 0.006290 0.008553 -0.008925
v 0.006313 0.008594 -0.008960
v 0.006298 0.008553 -0.008921
v 0.006317 0.008594 -0.008957
v 0.006321 0.008594 -0.008955
v 0.006331 0.008594 -0.008952
v 0.006314 0.008553 -0.008914
v 0.006326 0.008594 -0.008954
v 0.006335 0.008594 -0.008952
v 0.006340 0.008594 -0.008952
v 0.006331 0.008553 -0.008910
v 0.006349 0.008553 -0.008910
v 0.006345 0.008594 -0.008952
v 0.006349 0.008594 -0.008952
v 0.006359 0.008594 -0.008955
v 0.006366 0.008553 -0.008914
v 0.006354 0.008594 -0.008954
v 0.006363 0.008594 -0.008957
v 0.006367 0.008594 -0.008960
v 0.006382 0.008553 -0.008921
v 0.006397 0.008553 -0.008930
v 0.006371 0.008594 -0.008963
v 0.006374 0.008594 -0.008966
v 0.006419 0.008553 -0.008958
v 0.006383 0.008594 -0.008977
v 0.006385 0.008594 -0.008981
v 0.006426 0.008553 -0.008974
v 0.006423 0.008553 -0.008966
v 0.006386 0.008594 -0.008986
v 0.006388 0.008594 -0.008995
v 0.006430 0.008553 -0.008991
v 0.006428 0.008553 -0.008982
v 0.006388 0.008594 -0.009009
v 0.006428 0.008553 -0.009018
v 0.006430 0.008553 -0.009009
v 0.006380 0.008594 -0.008973
v 0.006410 0.008553 -0.008943
v 0.006377 0.008594 -0.008969
v 0.006430 0.008553 -0.008991
v 0.006388 0.008594 -0.009000
v 0.006430 0.008553 -0.009000
v 0.006388 0.008594 -0.008995
v 0.006388 0.008594 -0.009000
v 0.006430 0.008553 -0.008991
v 0.006388 0.008594 -0.008991
v 0.006388 0.008594 -0.008995
v 0.006428 0.008553 -0.008982
v 0.006388 0.008594 -0.008991
v 0.006428 0.008553 -0.008982
v 0.006426 0.008553 -0.008974
v 0.006388 0.008594 -0.008991
v 0.006426 0.008553 -0.008974
v 0.006386 0.008594 -0.008986
v 0.006386 0.008594 -0.008986
v 0.006423 0.008553 -0.008966
v 0.006385 0.008594 -0.008981
v 0.006423 0.008553 -0.008966
v 0.006419 0.008553 -0.008958
v 0.006385 0.008594 -0.008981
v 0.006419 0.008553 -0.008958
v 0.006415 0.008553 -0.008950
v 0.006383 0.008594 -0.008977
v 0.006415 0.008553 -0.008950
v 0.006380 0.008594 -0.008973
v 0.006383 0.008594 -0.008977
v 0.006410 0.008553 -0.008943
v 0.006380 0.008594 -0.008973
v 0.006415 0.008553 -0.008950
v 0.006404 0.008553 -0.008936
v 0.006377 0.008594 -0.008969
v 0.006410 0.008553 -0.008943
v 0.006374 0.008594 -0.008966
v 0.006377 0.008594 -0.008969
v 0.006404 0.008553 -0.008936
v 0.006374 0.008594 -0.008966
v 0.006404 0.008553 -0.008936
v 0.006397 0.008553 -0.008930
v 0.006371 0.008594 -0.008963
v 0.006397 0.008553 -0.008930
v 0.006390 0.008553 -0.008925
v 0.006371 0.008594 -0.008963
v 0.006390 0.008553 -0.008925
v 0.006367 0.008594 -0.008960
v 0.006390 0.008553 -0.008925
v 0.006382 0.008553 -0.008921
v 0.006367 0.008594 -0.008960
v 0.006382 0.008553 -0.008921
v 0.006374 0.008553 -0.008917
v 0.006363 0.008594 -0.008957
v 0.006374 0.008553 -0.008917
v 0.006359 0.008594 -0.008955
v 0.006363 0.008594 -0.008957
v 0.006366 0.008553 -0.008914
v 0.006359 0.008594 -0.008955
v 0.006374 0.008553 -0.008917
v 0.006358 0.008553 -0.008912
v 0.006354 0.008594 -0.008954
v 0.006366 0.008553 -0.008914
v 0.006349 0.008594 -0.008952
v 0.006354 0.008594 -0.008954
v 0.006358 0.008553 -0.008912
v 0.006349 0.008594 -0.008952
v 0.006358 0.008553 -0.008912
v 0.006349 0.008553 -0.008910
v 0.006345 0.008594 -0.008952
v 0.006349 0.008553 -0.008910
v 0.006340 0.008553 -0.008910
v 0.006345 0.008594 -0.008952
v 0.006340 0.008553 -0.008910
v 0.006340 0.008594 -0.008952
v 0.006340 0.008553 -0.008910
v 0.006331 0.008553 -0.008910
v 0.006340 0.008594 -0.008952
v 0.006331 0.008553 -0.008910
v 0.006322 0.008553 -0.008912
v 0.006335 0.008594 -0.008952
v 0.006322 0.008553 -0.008912
v 0.006331 0.008594 -0.008952
v 0.006335 0.008594 -0.008952
v 0.006314 0.008553 -0.008914
v 0.006331 0.008594 -0.008952
v 0.006322 0.008553 -0.008912
v 0.006306 0.008553 -0.008917
v 0.006326 0.008594 -0.008954
v 0.006314 0.008553 -0.008914
v 0.006321 0.008594 -0.008955
v 0.006326 0.008594 -0.008954
v 0.006306 0.008553 -0.008917
v 0.006321 0.008594 -0.008955
v 0.006306 0.008553 -0.008917
v 0.006298 0.008553 -0.008921
v 0.006317 0.008594 -0.008957
v 0.006298 0.008553 -0.008921
v 0.006290 0.008553 -0.008925
v 0.006290 0.008553 -0.008925
v 0.006283 0.008553 -0.008930
v 0.006313 0.008594 -0.008960
v 0.006283 0.008553 -0.008930
v 0.006276 0.008553 -0.008936
v 0.006309 0.008594 -0.008963
v 0.006306 0.008594 -0.008966
v 0.006270 0.008553 -0.008943
v 0.006303 0.008594 -0.008969
v 0.006300 0.008594 -0.008973
v 0.006265 0.008553 -0.008950
v 0.006261 0.008553 -0.008958
v 0.006297 0.008594 -0.008977
v 0.006261 0.008553 -0.008958
v 0.006257 0.008553 -0.008966
v 0.006294 0.008594 -0.008986
v 0.006295 0.008594 -0.008981
v 0.006254 0.008553 -0.008974
v 0.006250 0.008553 -0.008991
v 0.006292 0.008594 -0.008991
v 0.006252 0.008553 -0.008982
v 0.006250 0.008553 -0.009000
v 0.006292 0.008594 -0.008995
v 0.006250 0.008553 -0.008991
v 0.006250 0.008553 -0.009009
v 0.006292 0.008594 -0.009005
v 0.006291 0.008594 -0.009000
v 0.006252 0.008553 -0.009018
v 0.006254 0.008553 -0.009026
v 0.006292 0.008594 -0.009009
v 0.006254 0.008553 -0.009026
v 0.006257 0.008553 -0.009034
v 0.006294 0.008594 -0.009014
v 0.006295 0.008594 -0.009019
v 0.006261 0.008553 -0.009042
v 0.006297 0.008594 -0.009023
v 0.006300 0.008594 -0.009027
v 0.006265 0.008553 -0.009050
v 0.006270 0.008553 -0.009057
v 0.006303 0.008594 -0.009031
v 0.006270 0.008553 -0.009057
v 0.006276 0.008553 -0.009064
v 0.006309 0.008594 -0.009037
v 0.006306 0.008594 -0.009034
v 0.006283 0.008553 -0.009070
v 0.006298 0.008553 -0.009079
v 0.006313 0.008594 -0.009040
v 0.006290 0.008553 -0.009075
v 0.006306 0.008553 -0.009083
v 0.006317 0.008594 -0.009043
v 0.006298 0.008553 -0.009079
v 0.006314 0.008553 -0.009086
v 0.006326 0.008594 -0.009046
v 0.006321 0.008594 -0.009045
v 0.006322 0.008553 -0.009088
v 0.006331 0.008553 -0.009090
v 0.006331 0.008594 -0.009048
v 0.006331 0.008553 -0.009090
v 0.006340 0.008553 -0.009090
v 0.006335 0.008594 -0.009048
v 0.006340 0.008594 -0.009049
v 0.006349 0.008553 -0.009090
v 0.006345 0.008594 -0.009048
v 0.006349 0.008594 -0.009048
v 0.006358 0.008553 -0.009088
v 0.006366 0.008553 -0.009086
v 0.006354 0.008594 -0.009046
v 0.006366 0.008553 -0.009086
v 0.006374 0.008553 -0.009083
v 0.006363 0.008594 -0.009043
v 0.006359 0.008594 -0.009045
v 0.006382 0.008553 -0.009079
v 0.006397 0.008553 -0.009070
v 0.006367 0.008594 -0.009040
v 0.006390 0.008553 -0.009075
v 0.006404 0.008553 -0.009064
v 0.006371 0.008594 -0.009037
v 0.006397 0.008553 -0.009070
v 0.006410 0.008553 -0.009057
v 0.006377 0.008594 -0.009031
v 0.006374 0.008594 -0.009034
v 0.006415 0.008553 -0.009050
v 0.006380 0.008594 -0.009027
v 0.006377 0.008594 -0.009031
v 0.006419 0.008553 -0.009042
v 0.006423 0.008553 -0.009034
v 0.006383 0.008594 -0.009023
v 0.006385 0.008594 -0.009019
v 0.006426 0.008553 -0.009026
v 0.006386 0.008594 -0.009014
v 0.006388 0.008594 -0.009000
v 0.006388 0.008594 -0.009005
v 0.006430 0.008553 -0.009009
v 0.006430 0.008553 -0.009009
v 0.006430 0.008553 -0.009000
v 0.006388 0.008594 -0.009000
v 0.006140 0.008603 -0.008436
v 0.006140 0.008603 -0.008436
v 0.006140 0.008553 -0.008436
v 0.006141 0.008603 -0.008432
v 0.006140 0.008603 -0.008436
v 0.006140 0.008553 -0.008436
v 0.006141 0.008553 -0.008432
v 0.006141 0.008603 -0.008432
v 0.006140 0.008553 -0.008436
v 0.006141 0.008553 -0.008432
v 0.006142 0.008603 -0.008428
v 0.006141 0.008603 -0.008432
v 0.006141 0.008553 -0.008432
v 0.006142 0.008553 -0.008428
v 0.006142 0.008603 -0.008428
v 0.006142 0.008603 -0.008428
v 0.006142 0.008553 -0.008428
v 0.006143 0.008603 -0.008425
v 0.006143 0.008603 -0.008425
v 0.006142 0.008553 -0.008428
v 0.006143 0.008553 -0.008425
v 0.006145 0.008603 -0.008421
v 0.006143 0.008603 -0.008425
v 0.006143 0.008553 -0.008425
v 0.006145 0.008553 -0.008421
v 0.006145 0.008603 -0.008421
v 0.006143 0.008553 -0.008425
v 0.006145 0.008553 -0.008421
v 0.006147 0.008603 -0.008418
v 0.006145 0.008603 -0.008421
v 0.006145 0.008553 -0.008421
v 0.006147 0.008553 -0.008418
v 0.006147 0.008603 -0.008418
v 0.006147 0.008603 -0.008418
v 0.006147 0.008553 -0.008418
v 0.006149 0.008603 -0.008415
v 0.006149 0.008603 -0.008415
v 0.006147 0.008553 -0.008418
v 0.006149 0.008553 -0.008415
v 0.006155 0.008553 -0.008409
v 0.006158 0.008553 -0.008407
v 0.006158 0.008603 -0.008407
v 0.006158 0.008553 -0.008407
v 0.006161 0.008603 -0.008405
v 0.006158 0.008603 -0.008407
v 0.006176 0.008553 -0.008400
v 0.006176 0.008553 -0.008400
v 0.006176 0.008603 -0.008400
v 0.006172 0.008553 -0.008401
v 0.006176 0.008553 -0.008400
v 0.006176 0.008603 -0.008400
v 0.006172 0.008603 -0.008401
v 0.006172 0.008553 -0.008401
v 0.006176 0.008603 -0.008400
v 0.006172 0.008603 -0.008401
v 0.006168 0.008553 -0.008402
v 0.006172 0.008553 -0.008401
v 0.006172 0.008603 -0.008401
v 0.006168 0.008603 -0.008402
v 0.006168 0.008553 -0.008402
v 0.006168 0.008553 -0.008402
v 0.006168 0.008603 -0.008402
v 0.006165 0.008553 -0.008403
v 0.006165 0.008553 -0.008403
v 0.006168 0.008603 -0.008402
v 0.006165 0.008603 -0.008403
v 0.006161 0.008553 -0.008405
v 0.006165 0.008553 -0.008403
v 0.006165 0.008603 -0.008403
v 0.006161 0.008603 -0.008405
v 0.006161 0.008553 -0.008405
v 0.006165 0.008603 -0.008403
v 0.006161 0.008603 -0.008405
v 0.006158 0.008553 -0.008407
v 0.006161 0.008553 -0.008405
v 0.006158 0.008603 -0.008407
v 0.006155 0.008603 -0.008409
v 0.006155 0.008553 -0.008409
v 0.006155 0.008553 -0.008409
v 0.006155 0.008603 -0.008409
v 0.006152 0.008553 -0.008412
v 0.006152 0.008553 -0.008412
v 0.006155 0.008603 -0.008409
v 0.006152 0.008603 -0.008412
v 0.006149 0.008553 -0.008415
v 0.006152 0.008553 -0.008412
v 0.006152 0.008603 -0.008412
v 0.006149 0.008553 -0.008415
v 0.006152 0.008603 -0.008412
v 0.006149 0.008603 -0.008415
v 0.006504 0.008603 -0.008400
v 0.006504 0.008603 -0.008400
v 0.006504 0.008553 -0.008400
v 0.006508 0.008603 -0.008401
v 0.006508 0.008603 -0.008401
v 0.006504 0.008553 -0.008400
v 0.006508 0.008553 -0.008401
v 0.006512 0.008603 -0.008402
v 0.006508 0.008553 -0.008401
v 0.006512 0.008553 -0.008402
v 0.006515 0.008603 -0.008403
v 0.006512 0.008603 -0.008402
v 0.006512 0.008553 -0.008402
v 0.006519 0.008603 -0.008405
v 0.006515 0.008603 -0.008403
v 0.006515 0.008553 -0.008403
v 0.006522 0.008603 -0.008407
v 0.006519 0.008603 -0.008405
v 0.006519 0.008553 -0.008405
v 0.006522 0.008553 -0.008407
v 0.006522 0.008603 -0.008407
v 0.006519 0.008553 -0.008405
v 0.006525 0.008553 -0.008409
v 0.006525 0.008603 -0.008409
v 0.006522 0.008553 -0.008407
v 0.006525 0.008553 -0.008409
v 0.006528 0.008603 -0.008412
v 0.006525 0.008603 -0.008409
v 0.006528 0.008553 -0.008412
v 0.006531 0.008603 -0.008415
v 0.006528 0.008603 -0.008412
v 0.006528 0.008553 -0.008412
v 0.006531 0.008553 -0.008415
v 0.006531 0.008603 -0.008415
v 0.006531 0.008553 -0.008415
v 0.006533 0.008553 -0.008418
v 0.006533 0.008603 -0.008418
v 0.006533 0.008603 -0.008418
v 0.006533 0.008553 -0.008418
v 0.006535 0.008603 -0.008421
v 0.006535 0.008603 -0.008421
v 0.006535 0.008553 -0.008421
v 0.006537 0.008603 -0.008425
v 0.006537 0.008603 -0.008425
v 0.006535 0.008553 -0.008421
v 0.006537 0.008553 -0.008425
v 0.006540 0.008553 -0.008436
v 0.006540 0.008603 -0.008436
v 0.006540 0.008553 -0.008436
v 0.006540 0.008603 -0.008436
v 0.006539 0.008553 -0.008432
v 0.006540 0.008553 -0.008436
v 0.006540 0.008603 -0.008436
v 0.006539 0.008603 -0.008432
v 0.006539 0.008553 -0.008432
v 0.006539 0.008553 -0.008432
v 0.006539 0.008603 -0.008432
v 0.006538 0.008553 -0.008428
v 0.006538 0.008553 -0.008428
v 0.006539 0.008603 -0.008432
v 0.006538 0.008603 -0.008428
v 0.006537 0.008553 -0.008425
v 0.006538 0.008553 -0.008428
v 0.006538 0.008603 -0.008428
v 0.006537 0.008603 -0.008425
v 0.006537 0.008553 -0.008425
v 0.006538 0.008603 -0.008428
v 0.006533 0.008553 -0.008418
v 0.006535 0.008553 -0.008421
v 0.006535 0.008603 -0.008421
v 0.006531 0.008553 -0.008415
v 0.006533 0.008603 -0.008418
v 0.006531 0.008603 -0.008415
v 0.006528 0.008553 -0.008412
v 0.006528 0.008603 -0.008412
v 0.006525 0.008553 -0.008409
v 0.006525 0.008603 -0.008409
v 0.006522 0.008603 -0.008407
v 0.006522 0.008553 -0.008407
v 0.006519 0.008603 -0.008405
v 0.006515 0.008553 -0.008403
v 0.006519 0.008553 -0.008405
v 0.006515 0.008603 -0.008403
v 0.006512 0.008553 -0.008402
v 0.006515 0.008553 -0.008403
v 0.006504 0.008553 -0.008400
v 0.006504 0.008603 -0.008400
v 0.006508 0.008553 -0.008401
v 0.006512 0.008603 -0.008402
v 0.006508 0.008603 -0.008401
v 0.006540 0.008603 -0.009164
v 0.006540 0.008603 -0.009164
v 0.006540 0.008553 -0.009164
v 0.006539 0.008603 -0.009168
v 0.006540 0.008603 -0.009164
v 0.006540 0.008553 -0.009164
v 0.006539 0.008553 -0.009168
v 0.006539 0.008603 -0.009168
v 0.006540 0.008553 -0.009164
v 0.006539 0.008553 -0.009168
v 0.006538 0.008603 -0.009172
v 0.006539 0.008603 -0.009168
v 0.006539 0.008553 -0.009168
v 0.006538 0.008553 -0.009172
v 0.006538 0.008603 -0.009172
v 0.006538 0.008603 -0.009172
v 0.006538 0.008553 -0.009172
v 0.006537 0.008603 -0.009175
v 0.006537 0.008603 -0.009175
v 0.006538 0.008553 -0.009172
v 0.006537 0.008553 -0.009175
v 0.006535 0.008603 -0.009179
v 0.006537 0.008603 -0.009175
v 0.006537 0.008553 -0.009175
v 0.006535 0.008553 -0.009179
v 0.006535 0.008603 -0.009179
v 0.006537 0.008553 -0.009175
v 0.006535 0.008553 -0.009179
v 0.006533 0.008603 -0.009182
v 0.006535 0.008603 -0.009179
v 0.006535 0.008553 -0.009179
v 0.006533 0.008553 -0.009182
v 0.006533 0.008603 -0.009182
v 0.006533 0.008603 -0.009182
v 0.006533 0.008553 -0.009182
v 0.006531 0.008603 -0.009185
v 0.006531 0.008603 -0.009185
v 0.006533 0.008553 -0.009182
v 0.006531 0.008553 -0.009185
v 0.006528 0.008603 -0.009188
v 0.006531 0.008603 -0.009185
v 0.006531 0.008553 -0.009185
v 0.006528 0.008553 -0.009188
v 0.006528 0.008603 -0.009188
v 0.006531 0.008553 -0.009185
v 0.006504 0.008553 -0.009200
v 0.006504 0.008603 -0.009200
v 0.006504 0.008553 -0.009200
v 0.006504 0.008603 -0.009200
v 0.006508 0.008553 -0.009199
v 0.006504 0.008553 -0.009200
v 0.006504 0.008603 -0.009200
v 0.006508 0.008603 -0.009199
v 0.006508 0.008553 -0.009199
v 0.006508 0.008553 -0.009199
v 0.006508 0.008603 -0.009199
v 0.006512 0.008553 -0.009198
v 0.006512 0.008553 -0.009198
v 0.006508 0.008603 -0.009199
v 0.006512 0.008603 -0.009198
v 0.006515 0.008553 -0.009197
v 0.006512 0.008553 -0.009198
v 0.006512 0.008603 -0.009198
v 0.006515 0.008603 -0.009197
v 0.006515 0.008553 -0.009197
v 0.006512 0.008603 -0.009198
v 0.006515 0.008603 -0.009197
v 0.006519 0.008553 -0.009195
v 0.006515 0.008553 -0.009197
v 0.006515 0.008603 -0.009197
v 0.006519 0.008603 -0.009195
v 0.006519 0.008553 -0.009195
v 0.006519 0.008553 -0.009195
v 0.006519 0.008603 -0.009195
v 0.006522 0.008553 -0.009193
v 0.006522 0.008553 -0.009193
v 0.006519 0.008603 -0.009195
v 0.006522 0.008603 -0.009193
v 0.006525 0.008553 -0.009191
v 0.006522 0.008553 -0.009193
v 0.006522 0.008603 -0.009193
v 0.006525 0.008603 -0.009191
v 0.006525 0.008553 -0.009191
v 0.006522 0.008603 -0.009193
v 0.006525 0.008603 -0.009191
v 0.006528 0.008553 -0.009188
v 0.006525 0.008553 -0.009191
v 0.006528 0.008603 -0.009188
v 0.006528 0.008553 -0.009188
v 0.006525 0.008603 -0.009191
v 0.006176 0.008603 -0.009200
v 0.006176 0.008603 -0.009200
v 0.006176 0.008553 -0.009200
v 0.006172 0.008603 -0.009199
v 0.006176 0.008603 -0.009200
v 0.006176 0.008553 -0.009200
v 0.006172 0.008553 -0.009199
v 0.006172 0.008603 -0.009199
v 0.006176 0.008553 -0.009200
v 0.006172 0.008553 -0.009199
v 0.006168 0.008603 -0.009198
v 0.006172 0.008603 -0.009199
v 0.006172 0.008553 -0.009199
v 0.006168 0.008553 -0.009198
v 0.006168 0.008603 -0.009198
v 0.006168 0.008603 -0.009198
v 0.006168 0.008553 -0.009198
v 0.006165 0.008603 -0.009197
v 0.006165 0.008603 -0.009197
v 0.006168 0.008553 -0.009198
v 0.006165 0.008553 -0.009197
v 0.006161 0.008603 -0.009195
v 0.006165 0.008603 -0.009197
v 0.006165 0.008553 -0.009197
v 0.006161 0.008553 -0.009195
v 0.006161 0.008603 -0.009195
v 0.006165 0.008553 -0.009197
v 0.006161 0.008553 -0.009195
v 0.006158 0.008603 -0.009193
v 0.006161 0.008603 -0.009195
v 0.006161 0.008553 -0.009195
v 0.006158 0.008553 -0.009193
v 0.006158 0.008603 -0.009193
v 0.006158 0.008603 -0.009193
v 0.006158 0.008553 -0.009193
v 0.006155 0.008603 -0.009191
v 0.006155 0.008603 -0.009191
v 0.006158 0.008553 -0.009193
v 0.006155 0.008553 -0.009191
v 0.006152 0.008603 -0.009188
v 0.006155 0.008603 -0.009191
v 0.006155 0.008553 -0.009191
v 0.006152 0.008553 -0.009188
v 0.006152 0.008603 -0.009188
v 0.006155 0.008553 -0.009191
v 0.006152 0.008553 -0.009188
v 0.006149 0.008603 -0.009185
v 0.006152 0.008603 -0.009188
v 0.006140 0.008553 -0.009164
v 0.006140 0.008603 -0.009164
v 0.006140 0.008553 -0.009164
v 0.006140 0.008603 -0.009164
v 0.006141 0.008553 -0.009168
v 0.006140 0.008553 -0.009164
v 0.006140 0.008603 -0.009164
v 0.006141 0.008603 -0.009168
v 0.006141 0.008553 -0.009168
v 0.006141 0.008553 -0.009168
v 0.006141 0.008603 -0.009168
v 0.006142 0.008553 -0.009172
v 0.006142 0.008553 -0.009172
v 0.006141 0.008603 -0.009168
v 0.006142 0.008603 -0.009172
v 0.006143 0.008553 -0.009175
v 0.006142 0.008553 -0.009172
v 0.006142 0.008603 -0.009172
v 0.006143 0.008603 -0.009175
v 0.006143 0.008553 -0.009175
v 0.006142 0.008603 -0.009172
v 0.006143 0.008603 -0.009175
v 0.006145 0.008553 -0.009179
v 0.006143 0.008553 -0.009175
v 0.006143 0.008603 -0.009175
v 0.006145 0.008603 -0.009179
v 0.006145 0.008553 -0.009179
v 0.006145 0.008553 -0.009179
v 0.006145 0.008603 -0.009179
v 0.006147 0.008553 -0.009182
v 0.006147 0.008553 -0.009182
v 0.006145 0.008603 -0.009179
v 0.006147 0.008603 -0.009182
v 0.006149 0.008553 -0.009185
v 0.006147 0.008553 -0.009182
v 0.006147 0.008603 -0.009182
v 0.006149 0.008603 -0.009185
v 0.006149 0.008553 -0.009185
v 0.006147 0.008603 -0.009182
v 0.006149 0.008603 -0.009185
v 0.006152 0.008553 -0.009188
v 0.006149 0.008553 -0.009185
vn -0.0000 -0.0000 1.0000
vn -1.0000 -0.0000 -0.0000
vn -0.0000 -0.0000 -1.0000
vn 1.0000 -0.0000 -0.0000
vn -0.0000 -1.0000 -0.0000
vn -0.0000 -1.0000 -0.0002
vn -0.0000 -1.0000 -0.0001
vn -0.0000 -1.0000 0.0002
vn -0.0000 -1.0000 0.0001
vn -0.0000 -1.0000 -0.0003
vn -0.0000 -1.0000 0.0003
vn -0.0000 1.0000 -0.0000
vn -0.0000 1.0000 0.0002
vn -0.0000 1.0000 -0.0002
vn -0.0000 1.0000 -0.0001
vn -0.0000 1.0000 -0.0003
vn -0.0000 1.0000 0.0001
vn 0.9892 -0.0000 -0.1467
vn 0.9569 -0.0000 -0.2903
vn 0.9808 -0.0000 -0.1951
vn 0.9040 -0.0000 -0.4276
vn 0.8819 0.0001 -0.4714
vn 0.9239 -0.0000 -0.3827
vn 0.8315 -0.0000 -0.5556
vn 0.8819 -0.0000 -0.4714
vn 0.7409 -0.0000 -0.6716
vn 0.7071 -0.0000 -0.7071
vn 0.7730 -0.0000 -0.6344
vn 0.6344 -0.0000 -0.7730
vn 0.5556 -0.0000 -0.8314
vn 0.5142 -0.0000 -0.8577
vn 0.4714 -0.0000 -0.8819
vn 0.5141 -0.0000 -0.8577
vn 0.3827 -0.0000 -0.9239
vn 0.2903 -0.0000 -0.9569
vn 0.2430 -0.0000 -0.9700
vn 0.1951 -0.0000 -0.9808
vn 0.0980 -0.0000 -0.9952
vn -0.0492 -0.0000 -0.9988
vn -0.0980 -0.0000 -0.9952
vn -0.1951 -0.0000 -0.9808
vn -0.2903 -0.0000 -0.9569
vn -0.3369 -0.0000 -0.9416
vn -0.3827 -0.0000 -0.9239
vn -0.4714 -0.0000 -0.8819
vn -0.5957 -0.0000 -0.8032
vn -0.5556 -0.0000 -0.8315
vn -0.6344 -0.0000 -0.7730
vn -0.7071 -0.0000 -0.7072
vn -0.7072 0.0002 -0.7070
vn -0.8032 -0.0000 -0.5957
vn -0.7730 -0.0000 -0.6344
vn -0.8819 -0.0000 -0.4714
vn -0.8315 -0.0000 -0.5556
vn -0.9239 -0.0000 -0.3827
vn -0.9415 -0.0000 -0.3369
vn -0.9808 -0.0000 -0.1951
vn -0.9569 -0.0000 -0.2903
vn -0.9808 -0.0000 -0.1950
vn -0.9952 -0.0000 -0.0980
vn -0.9988 -0.0000 -0.0491
vn -0.9952 -0.0000 0.0980
vn -0.9239 -0.0000 0.3827
vn -0.9569 -0.0000 0.2903
vn -0.8577 -0.0000 0.5141
vn -0.8315 -0.0000 0.5556
vn -0.8819 -0.0000 0.4714
vn -0.7730 -0.0000 0.6344
vn -0.7069 -0.0000 0.7073
vn -0.6715 -0.0000 0.7410
vn -0.5556 -0.0000 0.8315
vn -0.6344 -0.0000 0.7730
vn -0.4276 -0.0000 0.9040
vn -0.4714 -0.0000 0.8819
vn -0.3826 -0.0000 0.9239
vn -0.2903 -0.0000 0.9569
vn -0.1468 -0.0000 0.9892
vn -0.1951 -0.0000 0.9808
vn -0.1466 -0.0000 0.9892
vn -0.0980 -0.0000 0.9952
vn 0.0980 -0.0000 0.9952
vn 0.1950 -0.0000 0.9808
vn 0.1951 -0.0000 0.9808
vn 0.2903 -0.0000 0.9569
vn 0.3826 -0.0000 0.9239
vn 0.4714 -0.0000 0.8819
vn 0.4715 -0.0000 0.8819
vn 0.5556 -0.0000 0.8315
vn 0.6344 -0.0000 0.7730
vn 0.7069 -0.0000 0.7073
vn 0.7072 -0.0000 0.7070
vn 0.7730 -0.0000 0.6344
vn 0.8819 -0.0000 0.4714
vn 0.8819 -0.0000 0.4715
vn 0.8315 -0.0000 0.5556
vn 0.9239 -0.0000 0.3827
vn 0.9569 -0.0000 0.2903
vn 0.9808 -0.0000 0.1951
vn 0.9952 -0.0000 0.0980
vn 0.9808 -0.0000 0.1950
vn 0.9892 -0.0000 -0.1466
vn 0.9808 -0.0000 -0.1950
vn 0.9952 -0.0000 -0.0980
vn 0.9808 -0.0000 0.1952
vn 0.7071 -0.0000 0.7071
vn 0.3827 -0.0000 0.9239
vn -0.1950 -0.0000 0.9808
vn -0.4275 -0.0000 0.9040
vn -0.3827 -0.0000 0.9239
vn -0.3827 -0.0001 0.9239
vn -0.4715 -0.0000 0.8819
vn -0.6716 -0.0000 0.7410
vn -0.7071 -0.0000 0.7071
vn -0.6716 -0.0000 0.7409
vn -0.8314 -0.0000 0.5556
vn -0.9700 -0.0000 0.2430
vn -0.9808 -0.0000 0.1951
vn -0.9808 -0.0000 0.1950
vn -0.9988 -0.0000 -0.0490
vn -0.9808 0.0001 -0.1951
vn -0.9808 -0.0000 -0.1952
vn -0.8819 -0.0000 -0.4715
vn -0.7071 -0.0000 -0.7071
vn -0.7070 -0.0000 -0.7072
vn -0.5556 -0.0000 -0.8314
vn -0.4715 -0.0000 -0.8819
vn -0.3369 -0.0000 -0.9415
vn -0.1950 -0.0000 -0.9808
vn -0.0491 -0.0000 -0.9988
vn -0.0490 -0.0000 -0.9988
vn 0.1950 -0.0000 -0.9808
vn 0.1952 -0.0000 -0.9808
vn 0.3826 -0.0000 -0.9239
vn 0.5556 -0.0000 -0.8315
vn 0.7410 -0.0000 -0.6715
vn 0.9040 -0.0000 -0.4275
vn 0.9239 -0.0000 -0.3826
vn 1.0000 -0.0000 -0.0001
vn -0.7037 -0.7071 0.0693
vn -0.6935 -0.7071 0.1379
vn -0.6935 -0.7071 0.1380
vn -0.6767 -0.7071 0.2052
vn -0.6935 -0.7071 0.1381
vn -0.6533 -0.7071 0.2706
vn -0.6767 -0.7071 0.2053
vn -0.6236 -0.7071 0.3333
vn -0.5879 -0.7071 0.3928
vn -0.5466 -0.7071 0.4486
vn -0.5879 -0.7071 0.3929
vn -0.5000 -0.7071 0.5000
vn -0.5001 -0.7071 0.4999
vn -0.4486 -0.7071 0.5466
vn -0.3929 -0.7071 0.5879
vn -0.3928 -0.7071 0.5879
vn -0.3333 -0.7071 0.6236
vn -0.3928 -0.7071 0.5880
vn -0.2706 -0.7071 0.6533
vn -0.2053 -0.7071 0.6767
vn -0.2705 -0.7071 0.6533
vn -0.2052 -0.7071 0.6767
vn -0.1380 -0.7071 0.6935
vn -0.1379 -0.7071 0.6935
vn -0.0693 -0.7071 0.7037
vn -0.0000 -0.7071 0.7071
vn 0.0693 -0.7071 0.7037
vn 0.1379 -0.7071 0.6935
vn 0.2052 -0.7071 0.6767
vn 0.1380 -0.7071 0.6935
vn 0.2706 -0.7071 0.6533
vn 0.2053 -0.7071 0.6767
vn 0.3333 -0.7071 0.6236
vn 0.3928 -0.7071 0.5879
vn 0.3929 -0.7071 0.5879
vn 0.4486 -0.7071 0.5466
vn 0.5000 -0.7071 0.5000
vn 0.5466 -0.7071 0.4486
vn 0.5879 -0.7071 0.3929
vn 0.5879 -0.7071 0.3928
vn 0.6236 -0.7071 0.3333
vn 0.6533 -0.7071 0.2706
vn 0.6767 -0.7071 0.2053
vn 0.6935 -0.7071 0.1380
vn 0.6767 -0.7071 0.2052
vn 0.7037 -0.7071 0.0693
vn 0.6935 -0.7071 0.1379
vn 0.7072 -0.7071 -0.0000
vn 0.7071 -0.7071 -0.0000
vn 0.7037 -0.7071 -0.0693
vn 0.6935 -0.7071 -0.1379
vn 0.6935 -0.7071 -0.1380
vn 0.6767 -0.7071 -0.2052
vn 0.6767 -0.7071 -0.2053
vn 0.6533 -0.7071 -0.2706
vn 0.6236 -0.7071 -0.3333
vn 0.5879 -0.7071 -0.3928
vn 0.6236 -0.7071 -0.3334
vn 0.5879 -0.7071 -0.3929
vn 0.5466 -0.7071 -0.4486
vn 0.5000 -0.7071 -0.5000
vn 0.4486 -0.7071 -0.5466
vn 0.4999 -0.7071 -0.5001
vn 0.3929 -0.7071 -0.5879
vn 0.3333 -0.7071 -0.6236
vn 0.3928 -0.7071 -0.5879
vn 0.2706 -0.7071 -0.6533
vn 0.1380 -0.7071 -0.6935
vn 0.2052 -0.7071 -0.6767
vn 0.0693 -0.7071 -0.7037
vn 0.0001 -0.7071 -0.7071
vn -0.0693 -0.7071 -0.7037
vn -0.1379 -0.7071 -0.6935
vn -0.2706 -0.7071 -0.6533
vn -0.2053 -0.7071 -0.6767
vn -0.3333 -0.7071 -0.6236
vn -0.3928 -0.7071 -0.5879
vn -0.4486 -0.7071 -0.5466
vn -0.5000 -0.7071 -0.5000
vn -0.6236 -0.7071 -0.3333
vn -0.6533 -0.7071 -0.2706
vn -0.6767 -0.7071 -0.2053
vn -0.7037 -0.7071 -0.0693
vn -0.6935 -0.7071 -0.1379
vn -0.5879 -0.7071 -0.3929
vn -0.5466 -0.7071 -0.4486
vn -0.7071 -0.7071 -0.0000
vn -0.6935 -0.7071 -0.1380
vn -0.6767 -0.7071 -0.2052
vn -0.5879 -0.7071 -0.3928
vn -0.3929 -0.7071 -0.5879
vn -0.1380 -0.7071 -0.6935
vn -0.2052 -0.7071 -0.6767
vn -0.0000 -0.7071 -0.7071
vn 0.1379 -0.7071 -0.6935
vn 0.2053 -0.7071 -0.6767
vn 0.9808 -0.0000 -0.1952
vn 0.7410 -0.0000 -0.6716
vn 0.7069 -0.0000 -0.7073
vn -0.3826 -0.0000 -0.9239
vn -0.7072 -0.0000 -0.7070
vn -0.7071 0.0001 -0.7071
vn -0.9416 -0.0000 -0.3369
vn -0.1467 -0.0000 0.9892
vn 0.0001 -0.0000 1.0000
vn 0.1952 -0.0000 0.9808
vn 0.7073 -0.0000 0.7069
vn 0.7071 -0.0000 0.7072
vn -0.1952 -0.0000 0.9808
vn -0.8577 -0.0000 0.5142
vn -0.9239 0.0001 0.3827
vn -0.9808 -0.0000 0.1952
vn -1.0000 0.0001 -0.0000
vn -0.9988 0.0001 -0.0490
vn -0.4999 -0.7071 0.5001
vn -0.3334 -0.7071 -0.6236
vn -0.1381 -0.7071 -0.6935
vn -0.8315 -0.0000 0.5555
vn -0.5556 -0.0000 0.8314
vn -0.5554 -0.0000 0.8316
vn -0.5555 -0.0000 0.8315
vn -0.7072 -0.0000 0.7070
vn -0.7068 -0.0000 0.7074
vn -0.7070 -0.0000 0.7072
vn -0.7073 -0.0000 0.7069
vn 0.0981 -0.0000 0.9952
vn 0.5555 -0.0000 0.8315
vn 0.7070 -0.0000 0.7072
vn 0.8315 -0.0000 0.5555
vn 0.8314 -0.0000 0.5556
vn 0.5556 -0.0000 0.8314
vn 0.8315 -0.0000 -0.5555
vn 0.7070 -0.0000 -0.7073
vn 0.5555 -0.0000 -0.8315
vn 0.5554 -0.0000 -0.8316
vn 0.7073 -0.0000 -0.7069
vn 0.7070 -0.0000 -0.7072
vn -0.5554 -0.0000 -0.8316
vn -0.5555 -0.0000 -0.8315
vn -0.7070 -0.0000 -0.7073
vn -0.8315 -0.0000 -0.5555
vn -0.8314 -0.0000 -0.5556
s 1
usemtl Diffuse_51_51_51_100.018
f 1//1 2//1 3//1
f 2//1 4//1 3//1
f 5//2 6//2 7//2
f 6//2 8//2 7//2
f 9//3 10//3 11//3
f 10//3 12//3 11//3
f 13//4 14//4 15//4
f 14//4 16//4 15//4
f 17//5 18//5 19//5
f 20//5 17//5 21//5
f 22//5 20//5 23//5
f 24//6 22//6 25//6
f 26//5 24//5 27//5
f 28//5 26//5 29//5
f 30//5 28//5 31//5
f 32//5 30//5 33//5
f 34//5 32//5 35//5
f 36//5 34//5 37//5
f 38//6 36//6 39//6
f 40//5 38//5 41//5
f 42//5 40//5 43//5
f 44//5 42//5 45//5
f 46//5 47//5 48//5
f 49//5 44//5 50//5
f 51//5 52//5 53//5
f 54//6 55//6 53//6
f 56//5 57//5 54//5
f 56//5 58//5 59//5
f 60//7 61//7 62//7
f 63//5 64//5 62//5
f 63//5 65//5 66//5
f 67//5 68//5 69//5
f 70//5 65//5 71//5
f 69//5 72//5 73//5
f 74//5 75//5 76//5
f 77//7 74//7 78//7
f 79//5 77//5 80//5
f 81//5 82//5 83//5
f 84//8 85//8 86//8
f 87//9 88//9 89//9
f 90//5 89//5 91//5
f 92//5 89//5 93//5
f 94//9 95//9 93//9
f 94//6 96//6 97//6
f 98//5 96//5 99//5
f 100//5 101//5 99//5
f 100//8 102//8 103//8
f 104//6 102//6 105//6
f 106//5 107//5 105//5
f 108//5 109//5 110//5
f 106//5 111//5 112//5
f 113//7 114//7 109//7
f 115//9 116//9 117//9
f 117//5 118//5 119//5
f 120//6 121//6 122//6
f 123//7 124//7 125//7
f 126//9 127//9 124//9
f 128//5 129//5 130//5
f 131//5 132//5 130//5
f 133//5 134//5 131//5
f 133//5 135//5 136//5
f 137//9 138//9 139//9
f 140//5 141//5 139//5
f 140//5 142//5 143//5
f 144//5 145//5 146//5
f 147//5 142//5 148//5
f 146//5 149//5 150//5
f 151//8 152//8 153//8
f 154//5 151//5 155//5
f 156//5 154//5 157//5
f 158//5 159//5 160//5
f 161//6 162//6 163//6
f 164//7 165//7 166//7
f 167//10 168//10 169//10
f 170//5 171//5 166//5
f 172//6 173//6 174//6
f 172//5 175//5 176//5
f 174//8 177//8 178//8
f 178//5 179//5 180//5
f 180//5 181//5 182//5
f 182//5 183//5 184//5
f 184//5 185//5 186//5
f 186//9 187//9 71//9
f 73//5 188//5 189//5
f 83//5 190//5 86//5
f 191//5 192//5 193//5
f 191//7 194//7 195//7
f 196//5 194//5 197//5
f 85//6 198//6 197//6
f 199//7 81//7 79//7
f 75//5 189//5 200//5
f 71//5 201//5 202//5
f 61//8 203//8 58//8
f 53//5 204//5 205//5
f 205//8 206//8 207//8
f 207//5 208//5 209//5
f 210//5 211//5 212//5
f 213//7 211//7 214//7
f 215//5 210//5 216//5
f 48//5 215//5 217//5
f 218//9 48//9 219//9
f 220//5 218//5 221//5
f 222//5 220//5 223//5
f 224//5 222//5 225//5
f 226//5 224//5 227//5
f 209//8 228//8 214//8
f 229//8 230//8 231//8
f 232//5 233//5 230//5
f 234//5 169//5 233//5
f 235//9 236//9 168//9
f 237//5 238//5 239//5
f 239//5 238//5 166//5
f 240//5 237//5 239//5
f 240//5 241//5 237//5
f 240//5 242//5 241//5
f 242//5 243//5 244//5
f 244//5 243//5 245//5
f 245//5 243//5 246//5
f 247//5 246//5 248//5
f 249//5 247//5 248//5
f 250//5 249//5 251//5
f 252//5 250//5 251//5
f 252//5 253//5 250//5
f 253//5 254//5 255//5
f 255//5 254//5 256//5
f 257//5 256//5 258//5
f 259//5 257//5 258//5
f 260//5 259//5 258//5
f 261//5 262//5 260//5
f 261//5 263//5 262//5
f 261//5 264//5 263//5
f 263//5 264//5 265//5
f 265//5 264//5 266//5
f 267//5 268//5 269//5
f 267//5 270//5 268//5
f 271//5 272//5 273//5
f 274//5 275//5 276//5
f 276//5 275//5 277//5
f 278//5 279//5 89//5
f 166//5 238//5 236//5
f 280//5 266//5 281//5
f 282//8 231//8 226//8
f 283//8 115//8 284//8
f 285//8 122//8 119//8
f 286//5 111//5 287//5
f 288//5 88//5 289//5
f 290//5 291//5 292//5
f 293//7 290//7 294//7
f 287//5 293//5 295//5
f 279//5 93//5 89//5
f 296//5 279//5 278//5
f 274//5 296//5 278//5
f 274//5 276//5 296//5
f 275//5 297//5 277//5
f 277//5 297//5 298//5
f 298//5 297//5 273//5
f 272//5 298//5 273//5
f 269//5 272//5 271//5
f 267//5 269//5 271//5
f 268//5 270//5 299//5
f 299//5 270//5 300//5
f 281//5 299//5 300//5
f 280//5 281//5 300//5
f 265//5 266//5 280//5
f 262//5 259//5 260//5
f 255//5 256//5 257//5
f 246//5 247//5 245//5
f 249//5 248//5 251//5
f 244//5 241//5 242//5
f 166//5 236//5 301//5
f 252//5 254//5 253//5
f 302//11 303//11 165//11
f 304//5 305//5 303//5
f 306//6 307//6 308//6
f 306//9 309//9 310//9
f 308//5 311//5 312//5
f 312//5 313//5 314//5
f 314//5 315//5 316//5
f 316//5 317//5 318//5
f 318//7 319//7 148//7
f 150//5 320//5 321//5
f 160//5 322//5 163//5
f 323//5 324//5 325//5
f 323//5 326//5 327//5
f 328//5 326//5 329//5
f 329//9 162//9 330//9
f 156//5 331//5 158//5
f 152//5 321//5 332//5
f 148//5 333//5 334//5
f 138//6 335//6 135//6
f 130//8 336//8 337//8
f 337//6 338//6 339//6
f 340//5 309//5 305//5
f 341//5 342//5 343//5
f 341//5 127//5 344//5
f 343//5 345//5 290//5
f 114//5 346//5 284//5
f 347//5 348//5 349//5
f 350//5 351//5 352//5
f 350//5 353//5 354//5
f 355//5 353//5 356//5
f 357//5 358//5 356//5
f 359//10 357//10 349//10
f 347//5 121//5 360//5
f 288//5 361//5 175//5
f 362//9 125//9 339//9
f 363//12 364//12 365//12
f 363//12 366//12 367//12
f 368//13 369//13 367//13
f 370//12 369//12 371//12
f 370//14 372//14 373//14
f 374//15 375//15 373//15
f 376//12 377//12 378//12
f 376//12 379//12 380//12
f 381//12 382//12 380//12
f 383//15 384//15 385//15
f 386//12 387//12 388//12
f 389//12 385//12 390//12
f 391//15 390//15 392//15
f 393//12 394//12 395//12
f 396//12 397//12 393//12
f 398//12 399//12 396//12
f 400//16 401//16 402//16
f 403//12 404//12 401//12
f 405//12 406//12 401//12
f 407//12 406//12 408//12
f 407//12 409//12 410//12
f 411//12 412//12 410//12
f 413//12 412//12 414//12
f 413//12 415//12 416//12
f 417//12 418//12 416//12
f 419//13 420//13 421//13
f 419//12 422//12 423//12
f 424//12 425//12 423//12
f 426//15 427//15 428//15
f 429//12 427//12 430//12
f 431//12 428//12 432//12
f 433//17 434//17 435//17
f 436//12 437//12 438//12
f 439//12 440//12 441//12
f 442//12 440//12 443//12
f 444//12 442//12 445//12
f 444//12 446//12 447//12
f 448//12 449//12 447//12
f 450//12 449//12 451//12
f 450//12 452//12 453//12
f 454//12 455//12 456//12
f 455//12 457//12 458//12
f 459//12 460//12 461//12
f 462//12 463//12 461//12
f 464//15 465//15 459//15
f 466//12 467//12 464//12
f 468//13 469//13 470//13
f 471//14 470//14 472//14
f 473//17 474//17 475//17
f 476//12 477//12 474//12
f 478//12 479//12 474//12
f 480//15 479//15 481//15
f 482//12 483//12 484//12
f 485//12 486//12 484//12
f 487//12 486//12 488//12
f 487//12 489//12 490//12
f 491//15 492//15 490//15
f 493//12 492//12 494//12
f 493//13 495//13 496//13
f 497//12 498//12 496//12
f 499//12 500//12 501//12
f 502//12 500//12 503//12
f 504//12 505//12 506//12
f 507//12 508//12 509//12
f 510//12 511//12 512//12
f 513//12 514//12 515//12
f 513//12 516//12 517//12
f 514//12 518//12 515//12
f 519//12 520//12 518//12
f 521//12 520//12 519//12
f 522//12 523//12 521//12
f 524//12 523//12 522//12
f 522//12 525//12 524//12
f 525//12 526//12 527//12
f 528//15 529//15 509//15
f 506//12 530//12 501//12
f 531//12 532//12 533//12
f 531//12 534//12 535//12
f 532//12 536//12 537//12
f 536//14 538//14 539//14
f 538//14 540//14 541//14
f 540//12 450//12 542//12
f 543//12 475//12 535//12
f 457//12 463//12 544//12
f 545//13 469//13 546//13
f 526//12 479//12 527//12
f 547//12 548//12 549//12
f 550//12 551//12 549//12
f 552//12 551//12 553//12
f 552//12 554//12 472//12
f 466//12 545//12 555//12
f 440//13 437//13 556//13
f 557//15 438//15 558//15
f 559//12 423//12 560//12
f 559//12 561//12 562//12
f 432//12 563//12 564//12
f 565//12 566//12 567//12
f 568//12 569//12 570//12
f 568//12 571//12 572//12
f 566//12 572//12 573//12
f 574//12 575//12 565//12
f 576//12 575//12 577//12
f 576//12 578//12 435//12
f 579//17 580//17 434//17
f 429//12 581//12 582//12
f 583//12 401//12 584//12
f 401//12 406//12 584//12
f 583//12 584//12 585//12
f 583//12 585//12 586//12
f 583//12 586//12 587//12
f 587//12 588//12 589//12
f 588//12 590//12 589//12
f 590//12 591//12 589//12
f 591//12 592//12 589//12
f 593//12 592//12 591//12
f 594//12 592//12 593//12
f 420//13 418//13 595//13
f 513//12 515//12 516//12
f 511//12 596//12 363//12
f 375//13 597//13 377//13
f 512//12 598//12 599//12
f 598//12 600//12 601//12
f 600//12 496//12 602//12
f 603//12 502//12 604//12
f 605//12 529//12 606//12
f 607//12 608//12 609//12
f 608//12 610//12 611//12
f 612//12 613//12 607//12
f 613//12 614//12 615//12
f 616//12 617//12 615//12
f 507//12 617//12 618//12
f 504//12 605//12 619//12
f 480//12 620//12 482//12
f 479//12 526//12 474//12
f 527//12 524//12 525//12
f 521//12 523//12 520//12
f 514//12 519//12 518//12
f 621//12 558//12 562//12
f 517//12 516//12 622//12
f 517//12 622//12 623//12
f 622//12 624//12 623//12
f 625//12 624//12 626//12
f 625//12 626//12 594//12
f 588//12 587//12 586//12
f 627//12 594//12 593//12
f 628//17 563//17 580//17
f 629//12 630//12 402//12
f 631//15 629//15 632//15
f 633//17 632//17 634//17
f 635//12 636//12 637//12
f 635//12 638//12 639//12
f 636//16 640//16 641//16
f 640//13 642//13 643//13
f 642//12 644//12 645//12
f 644//12 380//12 646//12
f 386//12 384//12 647//12
f 392//17 395//17 648//17
f 649//12 650//12 651//12
f 652//12 653//12 654//12
f 652//12 655//12 656//12
f 657//12 658//12 656//12
f 398//12 649//12 659//12
f 625//12 594//12 627//12
f 626//12 624//12 622//12
f 660//12 634//12 639//12
f 658//12 661//12 650//12
f 662//18 663//19 664//20
f 665//19 666//19 664//20
f 667//21 668//22 669//23
f 670//24 671//24 668//25
f 672//26 673//27 674//28
f 675//29 676//29 673//27
f 677//30 678//29 679//31
f 680//32 681//33 682//34
f 683//35 684//34 685//36
f 686//37 687//36 688//38
f 689//38 690//38 691//3
f 691//3 692//39 693//40
f 694//41 695//41 696//42
f 696//42 697//43 698//44
f 698//44 699//45 700//45
f 701//45 702//46 703//47
f 704//48 705//49 706//49
f 707//50 708//51 709//52
f 710//51 711//53 712//54
f 713//53 714//55 715//53
f 716//56 717//57 718//58
f 719//59 720//60 721//59
f 722//61 723//2 720//60
f 724//62 725//62 723//2
f 726//63 727//63 728//64
f 729//65 730//66 731//67
f 732//68 733//69 734//68
f 735//70 736//71 737//72
f 738//71 739//73 740//74
f 741//75 742//76 743//76
f 744//76 745//77 746//78
f 747//79 748//1 749//80
f 750//1 751//81 752//1
f 753//81 754//82 755//82
f 755//83 756//84 757//84
f 757//84 758//85 759//85
f 760//86 761//87 762//88
f 763//88 764//88 765//89
f 766//89 767//89 768//90
f 769//91 770//91 771//92
f 772//93 773//94 774//95
f 775//96 776//96 773//93
f 777//97 778//97 776//96
f 779//98 780//98 778//97
f 781//99 782//99 780//100
f 783//101 664//102 784//103
f 785//92 786//92 787//95
f 782//99 788//99 789//4
f 780//100 790//100 791//99
f 778//97 792//97 793//104
f 776//96 794//96 795//97
f 773//93 796//93 797//96
f 774//95 798//95 799//93
f 785//92 800//95 774//95
f 769//90 801//92 785//92
f 766//89 802//105 769//105
f 763//88 803//89 766//89
f 760//87 804//88 763//88
f 759//106 805//86 760//86
f 806//106 807//86 759//106
f 808//84 809//106 757//84
f 810//83 811//84 755//83
f 812//81 813//82 753//81
f 814//81 753//81 752//1
f 815//1 752//1 749//80
f 816//79 749//80 746//107
f 817//76 746//78 743//76
f 818//108 819//76 741//109
f 820//73 741//110 740//74
f 821//71 740//111 822//71
f 823//71 822//71 737//72
f 824//112 737//72 733//113
f 825//114 733//113 826//68
f 827//68 734//68 730//66
f 828//68 730//115 829//65
f 830//65 731//67 831//63
f 731//67 727//63 832//63
f 833//63 728//64 834//116
f 835//117 836//62 837//116
f 835//117 838//116 728//64
f 725//62 839//62 835//118
f 723//2 840//119 841//62
f 720//60 842//120 843//61
f 721//121 718//58 844//121
f 718//58 714//55 845//56
f 714//55 846//53 847//56
f 715//122 712//54 848//53
f 712//54 709//52 849//51
f 709//52 706//123 850//123
f 851//124 704//48 852//46
f 704//48 703//125 853//46
f 703//47 700//45 854//126
f 855//45 698//44 856//127
f 857//43 696//42 858//41
f 859//128 694//128 693//40
f 860//128 693//40 861//129
f 862//130 691//3 863//38
f 864//38 689//38 686//131
f 865//36 686//132 683//35
f 866//133 683//35 867//133
f 868//34 867//34 680//32
f 869//33 680//32 677//30
f 870//29 677//134 676//29
f 871//26 872//29 673//27
f 873//24 874//135 674//28
f 875//24 674//28 671//24
f 876//21 877//24 668//25
f 878//19 879//136 669//23
f 880//19 669//137 666//19
f 784//103 881//4 882//4
f 881//4 782//99 883//4
f 784//103 884//138 885//18
f 886//139 887//140 888//139
f 889//141 890//142 891//143
f 892//142 893//142 894//141
f 895//144 896//144 897//145
f 898//146 899//144 900//144
f 901//147 902//146 903//146
f 904//147 905//146 906//147
f 907//148 908//149 909//148
f 910//150 911//148 912//150
f 913//151 914//150 915//152
f 916//152 917//152 918//153
f 919//154 920//154 921//155
f 922//156 923//155 924//155
f 925//155 926//157 927//157
f 928//157 929//158 930//159
f 931//160 932//161 933//160
f 934//162 935//163 936//162
f 937//163 938//163 939//162
f 940//164 941//164 942//163
f 943//165 944//164 945//164
f 946//166 947//165 948//165
f 949//167 950//168 951//168
f 952//167 953//168 954//167
f 955//169 956//170 957//169
f 958//169 959//169 960//171
f 961//171 962//171 963//172
f 964//173 965//173 966//174
f 967//173 968//174 969//174
f 970//174 971//175 972//175
f 973//175 974//176 975//175
f 976//176 977//177 978//176
f 979//178 980//179 981//178
f 982//179 983//179 984//178
f 985//180 986//180 987//179
f 988//181 989//180 990//180
f 991//182 992//183 993//183
f 994//184 995//185 996//185
f 997//184 998//185 999//184
f 1000//186 1001//184 1002//186
f 1003//187 1004//187 1005//188
f 1006//188 1007//188 1008//189
f 1009//190 1010//190 1011//191
f 1012//190 1013//191 1014//191
f 1015//192 1016//193 1017//193
f 1018//193 1019//194 1020//193
f 1021//194 1022//195 1023//196
f 1024//197 1025//198 1026//197
f 1027//198 1028//198 1029//197
f 1030//199 1031//199 1032//198
f 1033//200 1034//201 1035//199
f 1036//202 1037//200 1038//200
f 1039//203 1040//204 1041//204
f 1042//203 1043//203 1044//205
f 1045//206 1046//207 1047//207
f 1048//208 1049//209 1050//208
f 1051//210 1052//210 1053//211
f 1054//212 1055//213 1056//213
f 1057//214 1058//215 1059//214
f 1060//216 1061//216 1062//217
f 1063//218 1064//218 1065//219
f 1066//220 1067//219 1068//220
f 1069//221 1070//221 1071//222
f 1072//140 1073//140 1074//139
f 1075//223 1076//224 1077//224
f 1078//221 1079//225 1080//225
f 1081//221 1082//225 1083//221
f 1084//222 1085//221 1086//222
f 1087//226 1088//226 1089//227
f 1090//226 1091//227 1092//227
f 1093//220 1094//219 1095//219
f 1096//219 1097//218 1098//219
f 1099//218 1100//228 1101//218
f 1102//228 1103//228 1104//218
f 1105//224 1106//223 1107//223
f 1108//217 1109//224 1110//224
f 1111//217 1112//224 1113//217
f 1114//217 1115//217 1116//216
f 1117//216 1118//216 1119//229
f 1120//216 1121//229 1122//229
f 1123//215 1124//214 1125//215
f 1126//214 1127//212 1128//214
f 1129//212 1130//212 1131//214
f 1132//213 1133//212 1134//212
f 1135//230 1136//231 1137//231
f 1138//230 1139//231 1140//230
f 1141//211 1142//211 1143//210
f 1144//210 1145//210 1146//232
f 1147//210 1148//232 1149//232
f 1150//232 1151//208 1152//232
f 1153//208 1154//233 1155//208
f 1156//233 1157//233 1158//208
f 1159//207 1160//206 1161//206
f 1162//205 1163//234 1164//234
f 1165//205 1166//234 1167//205
f 1168//205 1169//205 1170//203
f 1171//203 1172//203 1173//204
f 1174//202 1175//200 1176//202
f 1177//200 1178//199 1179//200
f 1180//199 1181//198 1182//198
f 1183//195 1184//195 1185//194
f 1186//194 1187//194 1188//193
f 1189//192 1190//193 1191//192
f 1192//188 1193//189 1194//189
f 1195//187 1196//188 1197//188
f 1198//184 1199//184 1200//187
f 1201//182 1202//183 1203//182
f 1204//181 1205//180 1206//181
f 1207//180 1208//179 1209//179
f 1210//177 1211//177 1212//176
f 1213//176 1214//176 1215//175
f 1216//174 1217//175 1218//174
f 1219//171 1220//172 1221//172
f 1222//169 1223//171 1224//171
f 1225//170 1226//170 1227//169
f 1228//166 1229//165 1230//166
f 1231//165 1232//164 1233//165
f 1234//164 1235//163 1236//163
f 1237//161 1238//161 1239//160
f 1240//158 1241//158 1242//157
f 1243//155 1244//157 1245//155
f 1246//152 1247//153 1248//153
f 1249//150 1250//152 1251//152
f 1252//148 1253//148 1254//150
f 1255//149 1256//149 1257//148
f 1258//146 1259//144 1260//146
f 1261//144 1262//145 1263//145
f 1264//225 1265//139 1266//139
f 1267//139 1268//225 1269//225
f 1270//18 1271//19 1272//20
f 1273//19 1274//19 1272//235
f 1275//21 1276//22 1277//23
f 1278//24 1279//24 1276//25
f 1280//236 1281//27 1282//28
f 1283//29 1284//29 1281//237
f 1285//134 1286//29 1287//31
f 1288//32 1289//33 1290//34
f 1291//35 1292//34 1293//36
f 1294//37 1295//36 1296//38
f 1297//38 1298//38 1299//3
f 1299//3 1300//129 1301//40
f 1302//41 1303//41 1304//42
f 1304//42 1305//127 1306//238
f 1306//44 1307//45 1308//45
f 1309//45 1310//46 1311//47
f 1312//48 1313//239 1314//239
f 1315//240 1316//51 1317//52
f 1318//51 1319//53 1320//54
f 1321//53 1322//55 1323//53
f 1324//241 1325//57 1326//58
f 1327//59 1328//60 1329//59
f 1330//61 1331//2 1328//60
f 1332//62 1333//62 1331//2
f 1334//63 1335//63 1336//64
f 1337//65 1338//66 1339//67
f 1340//68 1341//113 1342//68
f 1343//70 1344//71 1345//72
f 1346//71 1347//73 1348//74
f 1349//109 1350//76 1351//76
f 1352//76 1353//242 1354//78
f 1355//242 1356//1 1357//80
f 1358//243 1359//81 1360//1
f 1361//81 1362//82 1363//82
f 1363//244 1364//84 1365//84
f 1365//84 1366//106 1367//85
f 1368//86 1369//86 1370//88
f 1371//88 1372//88 1373//89
f 1374//89 1375//89 1376//245
f 1377//91 1378//91 1379//92
f 1380//93 1381//94 1382//95
f 1383//96 1384//96 1381//93
f 1385//97 1386//97 1384//96
f 1387//98 1388//98 1386//97
f 1389//99 1390//99 1388//100
f 1391//101 1272//102 1392//103
f 1393//92 1394//92 1395//95
f 1390//99 1396//99 1397//4
f 1388//100 1398//100 1399//99
f 1386//97 1400//97 1401//98
f 1384//96 1402//96 1403//97
f 1381//93 1404//93 1405//96
f 1382//95 1406//95 1407//93
f 1393//92 1408//95 1382//95
f 1377//246 1409//92 1393//92
f 1374//89 1410//90 1377//90
f 1371//88 1411//89 1374//89
f 1368//86 1412//88 1371//88
f 1367//106 1413//86 1368//86
f 1414//106 1415//86 1367//106
f 1416//84 1417//106 1365//84
f 1418//83 1419//84 1363//83
f 1420//81 1421//82 1361//81
f 1422//81 1361//81 1360//243
f 1423//1 1360//1 1357//80
f 1424//79 1357//80 1354//107
f 1425//76 1354//247 1351//76
f 1426//108 1427//76 1349//109
f 1428//73 1349//109 1348//74
f 1429//71 1348//74 1430//71
f 1431//71 1430//71 1345//72
f 1432//112 1345//72 1341//113
f 1433//114 1341//113 1434//68
f 1435//68 1342//68 1338//66
f 1436//68 1338//66 1437//248
f 1438//65 1339//67 1439//249
f 1339//67 1335//63 1440//63
f 1441//63 1336//64 1442//116
f 1443//117 1444//62 1445//116
f 1443//250 1446//116 1336//64
f 1333//62 1447//62 1443//118
f 1331//251 1448//252 1449//62
f 1328//60 1450//120 1451//61
f 1329//57 1326//58 1452//57
f 1326//58 1322//55 1453//56
f 1322//55 1454//53 1455//56
f 1323//122 1320//54 1456//53
f 1320//54 1317//52 1457//51
f 1317//52 1314//123 1458//123
f 1459//124 1312//48 1460//46
f 1312//48 1311//47 1461//46
f 1311//125 1308//45 1462//45
f 1463//45 1306//44 1464//127
f 1465//127 1304//42 1466//41
f 1467//128 1302//128 1301//40
f 1468//128 1301//40 1469//129
f 1470//130 1299//3 1471//38
f 1472//38 1297//38 1294//131
f 1473//36 1294//37 1291//35
f 1474//34 1291//35 1475//133
f 1476//34 1475//34 1288//32
f 1477//33 1288//32 1285//134
f 1478//29 1285//134 1284//29
f 1479//26 1480//29 1281//27
f 1481//24 1482//135 1282//28
f 1483//24 1282//28 1279//24
f 1484//21 1485//24 1276//25
f 1486//19 1487//136 1277//137
f 1488//19 1277//23 1274//19
f 1392//103 1489//4 1490//4
f 1489//4 1390//99 1491//4
f 1392//103 1492//4 1493//18
f 1494//139 1495//140 1496//139
f 1497//143 1498//142 1499//141
f 1500//142 1501//142 1502//141
f 1503//144 1504//144 1505//145
f 1506//146 1507//144 1508//144
f 1509//147 1510//146 1511//146
f 1512//147 1513//146 1514//147
f 1515//148 1516//149 1517//148
f 1518//150 1519//148 1520//150
f 1521//253 1522//150 1523//152
f 1524//152 1525//152 1526//153
f 1527//154 1528//154 1529//155
f 1530//154 1531//155 1532//155
f 1533//155 1534//157 1535//157
f 1536//157 1537//158 1538//157
f 1539//160 1540//161 1541//160
f 1542//162 1543//163 1544//162
f 1545//163 1546//163 1547//162
f 1548//164 1549//164 1550//163
f 1551//165 1552//164 1553//164
f 1554//166 1555//165 1556//165
f 1557//167 1558//168 1559//168
f 1560//167 1561//168 1562//167
f 1563//169 1564//170 1565//169
f 1566//169 1567//169 1568//171
f 1569//171 1570//171 1571//172
f 1572//173 1573//173 1574//174
f 1575//173 1576//174 1577//174
f 1578//174 1579//175 1580//175
f 1581//175 1582//176 1583//175
f 1584//176 1585//177 1586//176
f 1587//178 1588//179 1589//178
f 1590//179 1591//179 1592//178
f 1593//180 1594//180 1595//179
f 1596//181 1597//180 1598//180
f 1599//182 1600//183 1601//183
f 1602//184 1603//185 1604//185
f 1605//184 1606//185 1607//184
f 1608//187 1609//184 1610//187
f 1611//187 1612//187 1613//188
f 1614//188 1615//188 1616//189
f 1617//190 1618//190 1619//191
f 1620//190 1621//191 1622//191
f 1623//192 1624//193 1625//193
f 1626//193 1627//194 1628//193
f 1629//194 1630//195 1631//196
f 1632//197 1633//198 1634//197
f 1635//198 1636//198 1637//197
f 1638//199 1639//199 1640//198
f 1641//200 1642//199 1643//199
f 1644//202 1645//200 1646//200
f 1647//203 1648//204 1649//204
f 1650//203 1651//203 1652//205
f 1653//206 1654//207 1655//207
f 1656//208 1657//232 1658//208
f 1659//210 1660//210 1661//211
f 1662//212 1663//213 1664//213
f 1665//214 1666//215 1667//254
f 1668//216 1669//216 1670//217
f 1671//218 1672//218 1673//219
f 1674//220 1675//219 1676//220
f 1677//221 1678//221 1679//222
f 1680//140 1681//140 1682//139
f 1683//223 1684//224 1685//224
f 1686//221 1687//225 1688//225
f 1689//221 1690//225 1691//221
f 1692//222 1693//221 1694//222
f 1695//226 1696//226 1697//227
f 1698//226 1699//227 1700//227
f 1701//220 1702//219 1703//219
f 1704//219 1705//218 1706//219
f 1707//218 1708//228 1709//218
f 1710//228 1711//228 1712//218
f 1713//224 1714//223 1715//223
f 1716//217 1717//224 1718//224
f 1719//217 1720//224 1721//217
f 1722//217 1723//217 1724//216
f 1725//216 1726//216 1727//229
f 1728//216 1729//229 1730//229
f 1731//215 1732//214 1733//215
f 1734//214 1735//212 1736//214
f 1737//212 1738//212 1739//214
f 1740//213 1741//212 1742//212
f 1743//230 1744//231 1745//231
f 1746//255 1747//231 1748//255
f 1749//211 1750//211 1751//210
f 1752//210 1753//210 1754//232
f 1755//210 1756//232 1757//232
f 1758//232 1759//208 1760//232
f 1761//208 1762//233 1763//208
f 1764//233 1765//233 1766//208
f 1767//207 1768//206 1769//206
f 1770//205 1771//234 1772//234
f 1773//205 1774//234 1775//205
f 1776//205 1777//205 1778//203
f 1779//203 1780//203 1781//204
f 1782//202 1783//200 1784//202
f 1785//200 1786//199 1787//200
f 1788//199 1789//198 1790//198
f 1791//195 1792//195 1793//194
f 1794//194 1795//194 1796//193
f 1797//192 1798//193 1799//192
f 1800//188 1801//189 1802//189
f 1803//187 1804//188 1805//188
f 1806//184 1807//184 1808//187
f 1809//182 1810//183 1811//182
f 1812//181 1813//180 1814//181
f 1815//180 1816//179 1817//179
f 1818//177 1819//177 1820//176
f 1821//176 1822//176 1823//175
f 1824//174 1825//175 1826//174
f 1827//171 1828//172 1829//172
f 1830//169 1831//171 1832//171
f 1833//170 1834//170 1835//169
f 1836//166 1837//165 1838//166
f 1839//165 1840//164 1841//165
f 1842//164 1843//163 1844//163
f 1845//161 1846//161 1847//160
f 1848//158 1849//158 1850//157
f 1851//155 1852//157 1853//155
f 1854//152 1855//153 1856//153
f 1857//150 1858//152 1859//152
f 1860//148 1861//148 1862//150
f 1863//149 1864//149 1865//148
f 1866//146 1867//144 1868//146
f 1869//144 1870//145 1871//145
f 1872//225 1873//139 1874//139
f 1875//139 1876//225 1877//225
f 7//2 8//2 1878//62
f 1879//62 8//2 1880//62
f 1881//117 1882//62 1883//62
f 1884//117 1885//117 1886//62
f 1887//117 1888//64 1889//117
f 1890//117 1891//64 1892//64
f 1893//64 1894//64 1895//63
f 1896//63 1897//64 1898//63
f 1899//67 1900//63 1901//63
f 1902//67 1903//67 1904//63
f 1905//67 1906//66 1907//67
f 1908//67 1909//256 1910//256
f 1911//256 1912//256 1913//68
f 1914//68 1915//256 1916//68
f 1917//72 1918//257 1919//257
f 1920//258 1921//74 1922//258
f 3//1 4//1 1923//80
f 1924//80 4//1 1925//80
f 1926//78 1927//80 1928//80
f 1929//78 1930//78 1931//80
f 1932//78 1933//76 1934//78
f 1935//78 1936//76 1937//76
f 1938//76 1939//76 1940//109
f 1941//109 1942//76 1943//109
f 1944//74 1945//109 1946//109
f 1947//74 1948//74 1949//109
f 1950//74 1951//259 1952//74
f 1953//71 1954//72 1955//72
f 1956//72 1957//72 1958//260
f 1959//261 1960//72 1961//261
f 1962//68 1963//262 1964//262
f 1965//68 1966//263 1967//68
f 2//1 1//1 1968//81
f 1969//264 1970//81 1971//83
f 1972//83 1973//81 1974//83
f 1975//84 1976//83 1977//84
f 1978//106 1979//84 1980//84
f 1981//86 1982//106 1983//106
f 1984//265 1985//86 1986//86
f 1987//265 1988//265 1989//86
f 1990//89 1991//89 1992//88
f 1993//89 1994//245 1995//89
f 1996//266 1997//92 1998//266
f 1999//91 2000//92 2001//92
f 2002//92 2003//267 2004//267
f 2005//268 2006//268 2007//93
f 2008//93 2009//93 2010//96
f 2011//96 2012//93 2013//96
f 2014//99 15//4 16//4
f 2015//99 2016//99 16//4
f 2017//99 2018//98 2019//99
f 2020//99 2021//98 2022//98
f 2023//98 2024//98 2025//97
f 2026//97 2027//98 2028//97
f 2029//96 2030//97 2031//97
f 2032//96 2033//96 2034//97
f 2035//267 2036//93 2037//93
f 2038//92 2039//268 2040//92
f 2041//90 2042//90 2043//89
f 2044//89 2045//269 2046//269
f 2047//86 2048//106 2049//86
f 2050//106 2051//84 2052//106
f 2053//81 2054//81 1//1
f 2055//83 2056//84 2057//83
f 14//4 13//4 2058//103
f 2059//103 13//4 2060//103
f 2061//20 2062//103 2063//103
f 2064//20 2065//20 2066//103
f 2067//20 2068//19 2069//20
f 2070//20 2071//19 2072//19
f 2073//19 2074//19 2075//23
f 2076//23 2077//19 2078//23
f 2079//25 2080//23 2081//23
f 2082//25 2083//25 2084//23
f 2085//25 2086//24 2087//25
f 2088//25 2089//270 2090//270
f 2091//270 2092//270 2093//28
f 2094//28 2095//270 2096//28
f 2097//27 2098//28 2099//28
f 2100//271 2101//271 2102//28
f 2103//38 11//3 12//3
f 2104//38 2105//38 12//3
f 2106//38 2107//37 2108//38
f 2109//38 2110//37 2111//37
f 2112//37 2113//37 2114//35
f 2115//35 2116//37 2117//35
f 2118//34 2119//35 2120//35
f 2121//34 2122//34 2123//35
f 2124//34 2125//32 2126//34
f 2127//34 2128//32 2129//32
f 2130//32 2131//32 2132//272
f 2133//134 2134//32 2135//134
f 2136//29 2137//272 2138//272
f 2139//29 2140//29 2141//273
f 2142//29 2143//274 2144//29
f 2145//275 2146//275 2147//29
f 10//3 9//3 2148//40
f 2149//40 9//3 2150//40
f 2151//41 2152//40 2153//40
f 2154//41 2155//41 2156//40
f 2157//41 2158//42 2159//41
f 2160//41 2161//42 2162//42
f 2163//42 2164//42 2165//44
f 2166//44 2167//42 2168//44
f 2169//45 2170//44 2171//44
f 2172//45 2173//45 2174//44
f 2175//45 2176//276 2177//45
f 2178//45 2179//47 2180//47
f 2181//277 2182//277 2183//48
f 2184//48 2185//277 2186//48
f 2187//239 2188//48 2189//48
f 2190//278 2191//278 2192//48
f 2193//124 2194//52 2195//124
f 2196//60 6//2 5//2
f 2197//60 2198//60 5//2
f 2199//60 2200//57 2201//60
f 2202//60 2203//57 2204//57
f 2205//57 2206//57 2207//58
f 2208//58 2209//57 2210//58
f 2211//55 2212//58 2213//58
f 2214//55 2215//55 2216//58
f 2217//55 2218//53 2219//55
f 2220//55 2221//53 2222//53
f 2223//53 2224//53 2225//279
f 2226//280 2227//53 2228//280
f 2229//52 2230//279 2231//279
f 2232//52 2233//52 2234//280
f 2235//52 2236//123 2237//52
