# Blender 4.4.3
# www.blender.org
mtllib Mesh_17.022.mtl
o Mesh_17.022
v 0.002000 0.008553 -0.006800
v 0.002000 0.008603 -0.006800
v 0.001680 0.008553 -0.006800
v 0.001680 0.008603 -0.006800
v 0.001640 0.008603 -0.007560
v 0.001640 0.008553 -0.007560
v 0.001640 0.008603 -0.006840
v 0.001640 0.008553 -0.006840
v 0.001680 0.008553 -0.007600
v 0.001680 0.008603 -0.007600
v 0.002000 0.008553 -0.007600
v 0.002000 0.008603 -0.007600
v 0.002040 0.008553 -0.007560
v 0.002040 0.008603 -0.007560
v 0.002040 0.008553 -0.006840
v 0.002040 0.008603 -0.006840
v 0.001641 0.008553 -0.006832
v 0.001640 0.008553 -0.006836
v 0.001640 0.008553 -0.006840
v 0.001642 0.008553 -0.006828
v 0.001640 0.008553 -0.006840
v 0.001643 0.008553 -0.006825
v 0.001640 0.008553 -0.006840
v 0.001645 0.008553 -0.006821
v 0.001640 0.008553 -0.006840
v 0.001647 0.008553 -0.006818
v 0.001640 0.008553 -0.006840
v 0.001649 0.008553 -0.006815
v 0.001640 0.008553 -0.006840
v 0.001652 0.008553 -0.006812
v 0.001640 0.008553 -0.006840
v 0.001655 0.008553 -0.006809
v 0.001640 0.008553 -0.006840
v 0.001658 0.008553 -0.006807
v 0.001640 0.008553 -0.006840
v 0.001661 0.008553 -0.006805
v 0.001640 0.008553 -0.006840
v 0.001665 0.008553 -0.006803
v 0.001640 0.008553 -0.006840
v 0.001668 0.008553 -0.006802
v 0.001640 0.008553 -0.006840
v 0.001672 0.008553 -0.006801
v 0.001640 0.008553 -0.006840
v 0.001676 0.008553 -0.006800
v 0.001640 0.008553 -0.006840
v 0.001680 0.008553 -0.006800
v 0.001640 0.008553 -0.006840
v 0.001776 0.008553 -0.006936
v 0.001680 0.008553 -0.006800
v 0.001640 0.008553 -0.006840
v 0.002000 0.008553 -0.006800
v 0.001680 0.008553 -0.006800
v 0.001840 0.008553 -0.006910
v 0.001849 0.008553 -0.006910
v 0.002000 0.008553 -0.006800
v 0.001858 0.008553 -0.006912
v 0.002000 0.008553 -0.006800
v 0.001866 0.008553 -0.006914
v 0.002000 0.008553 -0.006800
v 0.002000 0.008553 -0.006800
v 0.001874 0.008553 -0.006917
v 0.001882 0.008553 -0.006921
v 0.001890 0.008553 -0.006925
v 0.002000 0.008553 -0.006800
v 0.001897 0.008553 -0.006930
v 0.002000 0.008553 -0.006800
v 0.002000 0.008553 -0.006800
v 0.002040 0.008553 -0.006840
v 0.002004 0.008553 -0.006800
v 0.002000 0.008553 -0.006800
v 0.001904 0.008553 -0.006936
v 0.002040 0.008553 -0.006840
v 0.002008 0.008553 -0.006801
v 0.002019 0.008553 -0.006805
v 0.002015 0.008553 -0.006803
v 0.002040 0.008553 -0.006840
v 0.002022 0.008553 -0.006807
v 0.002040 0.008553 -0.006840
v 0.002025 0.008553 -0.006809
v 0.002040 0.008553 -0.006840
v 0.002028 0.008553 -0.006812
v 0.002040 0.008553 -0.006840
v 0.002031 0.008553 -0.006815
v 0.002040 0.008553 -0.006840
v 0.002035 0.008553 -0.006821
v 0.002033 0.008553 -0.006818
v 0.002040 0.008553 -0.006840
v 0.001928 0.008553 -0.007018
v 0.001926 0.008553 -0.007026
v 0.002040 0.008553 -0.006840
v 0.002040 0.008553 -0.007560
v 0.002040 0.008553 -0.007560
v 0.001926 0.008553 -0.007374
v 0.001928 0.008553 -0.007382
v 0.002040 0.008553 -0.007560
v 0.001930 0.008553 -0.007391
v 0.002040 0.008553 -0.007560
v 0.002040 0.008553 -0.007560
v 0.001930 0.008553 -0.007400
v 0.001930 0.008553 -0.007409
v 0.002040 0.008553 -0.007560
v 0.001928 0.008553 -0.007418
v 0.002040 0.008553 -0.007560
v 0.002040 0.008553 -0.007560
v 0.001926 0.008553 -0.007426
v 0.001923 0.008553 -0.007434
v 0.002040 0.008553 -0.007560
v 0.002000 0.008553 -0.007600
v 0.002040 0.008553 -0.007564
v 0.002040 0.008553 -0.007560
v 0.001919 0.008553 -0.007442
v 0.002040 0.008553 -0.007560
v 0.002000 0.008553 -0.007600
v 0.002039 0.008553 -0.007568
v 0.002037 0.008553 -0.007575
v 0.002000 0.008553 -0.007600
v 0.002035 0.008553 -0.007579
v 0.002000 0.008553 -0.007600
v 0.002033 0.008553 -0.007582
v 0.002000 0.008553 -0.007600
v 0.002028 0.008553 -0.007588
v 0.002031 0.008553 -0.007585
v 0.002000 0.008553 -0.007600
v 0.001874 0.008553 -0.007483
v 0.001866 0.008553 -0.007486
v 0.002000 0.008553 -0.007600
v 0.001882 0.008553 -0.007479
v 0.001680 0.008553 -0.007600
v 0.002000 0.008553 -0.007600
v 0.001840 0.008553 -0.007490
v 0.001831 0.008553 -0.007490
v 0.001680 0.008553 -0.007600
v 0.001822 0.008553 -0.007488
v 0.001680 0.008553 -0.007600
v 0.001814 0.008553 -0.007486
v 0.001680 0.008553 -0.007600
v 0.001680 0.008553 -0.007600
v 0.001806 0.008553 -0.007483
v 0.001798 0.008553 -0.007479
v 0.001790 0.008553 -0.007475
v 0.001680 0.008553 -0.007600
v 0.001783 0.008553 -0.007470
v 0.001680 0.008553 -0.007600
v 0.001680 0.008553 -0.007600
v 0.001640 0.008553 -0.007560
v 0.001676 0.008553 -0.007600
v 0.001680 0.008553 -0.007600
v 0.001776 0.008553 -0.007464
v 0.001640 0.008553 -0.007560
v 0.001672 0.008553 -0.007599
v 0.001661 0.008553 -0.007595
v 0.001665 0.008553 -0.007597
v 0.001640 0.008553 -0.007560
v 0.001658 0.008553 -0.007593
v 0.001640 0.008553 -0.007560
v 0.001655 0.008553 -0.007591
v 0.001640 0.008553 -0.007560
v 0.001652 0.008553 -0.007588
v 0.001640 0.008553 -0.007560
v 0.001649 0.008553 -0.007585
v 0.001640 0.008553 -0.007560
v 0.001645 0.008553 -0.007579
v 0.001647 0.008553 -0.007582
v 0.001640 0.008553 -0.007560
v 0.001752 0.008553 -0.007382
v 0.001754 0.008553 -0.007374
v 0.001640 0.008553 -0.006840
v 0.001752 0.008553 -0.007018
v 0.001750 0.008553 -0.007009
v 0.001640 0.008553 -0.006840
v 0.001640 0.008553 -0.007560
v 0.001930 0.008553 -0.006991
v 0.002040 0.008553 -0.006840
v 0.001928 0.008553 -0.006982
v 0.001930 0.008553 -0.007000
v 0.002040 0.008553 -0.006840
v 0.002040 0.008553 -0.006840
v 0.001926 0.008553 -0.006974
v 0.002040 0.008553 -0.006840
v 0.001923 0.008553 -0.006966
v 0.002040 0.008553 -0.006840
v 0.001919 0.008553 -0.006958
v 0.002040 0.008553 -0.006840
v 0.001915 0.008553 -0.006950
v 0.002040 0.008553 -0.006840
v 0.001910 0.008553 -0.006943
v 0.002040 0.008553 -0.006840
v 0.002040 0.008553 -0.006840
v 0.002012 0.008553 -0.006802
v 0.002040 0.008553 -0.006840
v 0.002039 0.008553 -0.006832
v 0.002040 0.008553 -0.006840
v 0.002040 0.008553 -0.006836
v 0.002038 0.008553 -0.006828
v 0.002040 0.008553 -0.006840
v 0.002040 0.008553 -0.006840
v 0.002037 0.008553 -0.006825
v 0.002040 0.008553 -0.006840
v 0.002040 0.008553 -0.006840
v 0.002040 0.008553 -0.006840
v 0.002040 0.008553 -0.006840
v 0.002000 0.008553 -0.006800
v 0.002000 0.008553 -0.006800
v 0.001680 0.008553 -0.006800
v 0.001831 0.008553 -0.006910
v 0.001680 0.008553 -0.006800
v 0.001822 0.008553 -0.006912
v 0.001680 0.008553 -0.006800
v 0.001814 0.008553 -0.006914
v 0.001790 0.008553 -0.006925
v 0.001798 0.008553 -0.006921
v 0.001680 0.008553 -0.006800
v 0.001680 0.008553 -0.006800
v 0.001806 0.008553 -0.006917
v 0.001783 0.008553 -0.006930
v 0.001680 0.008553 -0.006800
v 0.001680 0.008553 -0.006800
v 0.001770 0.008553 -0.006943
v 0.001640 0.008553 -0.006840
v 0.001765 0.008553 -0.006950
v 0.001640 0.008553 -0.006840
v 0.001761 0.008553 -0.006958
v 0.001640 0.008553 -0.006840
v 0.001757 0.008553 -0.006966
v 0.001640 0.008553 -0.006840
v 0.001754 0.008553 -0.006974
v 0.001640 0.008553 -0.006840
v 0.001680 0.008553 -0.006800
v 0.001640 0.008553 -0.006840
v 0.001750 0.008553 -0.006991
v 0.001752 0.008553 -0.006982
v 0.001640 0.008553 -0.006840
v 0.001750 0.008553 -0.007000
v 0.001640 0.008553 -0.006840
v 0.001640 0.008553 -0.006840
v 0.001754 0.008553 -0.007026
v 0.001761 0.008553 -0.007042
v 0.001757 0.008553 -0.007034
v 0.001757 0.008553 -0.007366
v 0.001761 0.008553 -0.007358
v 0.001765 0.008553 -0.007050
v 0.001765 0.008553 -0.007350
v 0.001770 0.008553 -0.007343
v 0.001770 0.008553 -0.007057
v 0.001776 0.008553 -0.007064
v 0.001776 0.008553 -0.007336
v 0.001783 0.008553 -0.007070
v 0.001783 0.008553 -0.007330
v 0.001790 0.008553 -0.007075
v 0.001798 0.008553 -0.007079
v 0.001790 0.008553 -0.007325
v 0.001798 0.008553 -0.007321
v 0.001806 0.008553 -0.007083
v 0.001806 0.008553 -0.007317
v 0.001814 0.008553 -0.007086
v 0.001814 0.008553 -0.007314
v 0.001822 0.008553 -0.007088
v 0.001822 0.008553 -0.007312
v 0.001831 0.008553 -0.007090
v 0.001831 0.008553 -0.007310
v 0.001840 0.008553 -0.007310
v 0.001840 0.008553 -0.007090
v 0.001849 0.008553 -0.007090
v 0.001849 0.008553 -0.007310
v 0.001858 0.008553 -0.007088
v 0.001858 0.008553 -0.007312
v 0.001890 0.008553 -0.007075
v 0.001882 0.008553 -0.007321
v 0.001890 0.008553 -0.007325
v 0.001882 0.008553 -0.007079
v 0.001897 0.008553 -0.007070
v 0.001897 0.008553 -0.007330
v 0.001904 0.008553 -0.007064
v 0.001919 0.008553 -0.007042
v 0.001915 0.008553 -0.007050
v 0.001915 0.008553 -0.007350
v 0.001910 0.008553 -0.007343
v 0.001923 0.008553 -0.007034
v 0.001923 0.008553 -0.007366
v 0.001866 0.008553 -0.007086
v 0.001866 0.008553 -0.007314
v 0.001640 0.008553 -0.006840
v 0.002000 0.008553 -0.007600
v 0.002038 0.008553 -0.007572
v 0.002000 0.008553 -0.007600
v 0.002040 0.008553 -0.007560
v 0.001915 0.008553 -0.007450
v 0.001930 0.008553 -0.007009
v 0.002040 0.008553 -0.006840
v 0.001904 0.008553 -0.007464
v 0.002000 0.008553 -0.007600
v 0.002040 0.008553 -0.007560
v 0.001910 0.008553 -0.007457
v 0.002040 0.008553 -0.007560
v 0.002040 0.008553 -0.007560
v 0.001919 0.008553 -0.007358
v 0.001910 0.008553 -0.007057
v 0.001904 0.008553 -0.007336
v 0.001874 0.008553 -0.007317
v 0.001874 0.008553 -0.007083
v 0.001640 0.008553 -0.006840
v 0.001640 0.008553 -0.007560
v 0.001750 0.008553 -0.007391
v 0.001640 0.008553 -0.007560
v 0.001750 0.008553 -0.007400
v 0.001752 0.008553 -0.007418
v 0.001640 0.008553 -0.007560
v 0.001754 0.008553 -0.007426
v 0.001750 0.008553 -0.007409
v 0.001640 0.008553 -0.007560
v 0.001640 0.008553 -0.007560
v 0.001757 0.008553 -0.007434
v 0.001640 0.008553 -0.007560
v 0.001761 0.008553 -0.007442
v 0.001640 0.008553 -0.007560
v 0.001765 0.008553 -0.007450
v 0.001640 0.008553 -0.007560
v 0.001770 0.008553 -0.007457
v 0.001640 0.008553 -0.007560
v 0.001640 0.008553 -0.007560
v 0.001668 0.008553 -0.007598
v 0.001640 0.008553 -0.007560
v 0.001641 0.008553 -0.007568
v 0.001640 0.008553 -0.007560
v 0.001640 0.008553 -0.007564
v 0.001642 0.008553 -0.007572
v 0.001640 0.008553 -0.007560
v 0.001640 0.008553 -0.007560
v 0.001643 0.008553 -0.007575
v 0.001640 0.008553 -0.007560
v 0.001640 0.008553 -0.007560
v 0.001640 0.008553 -0.007560
v 0.001640 0.008553 -0.007560
v 0.001680 0.008553 -0.007600
v 0.001680 0.008553 -0.007600
v 0.002000 0.008553 -0.007600
v 0.001849 0.008553 -0.007490
v 0.002000 0.008553 -0.007600
v 0.001858 0.008553 -0.007488
v 0.001640 0.008553 -0.007560
v 0.001890 0.008553 -0.007475
v 0.002000 0.008553 -0.007600
v 0.001897 0.008553 -0.007470
v 0.002000 0.008553 -0.007600
v 0.002000 0.008553 -0.007600
v 0.002000 0.008553 -0.007600
v 0.002025 0.008553 -0.007591
v 0.002000 0.008553 -0.007600
v 0.002022 0.008553 -0.007593
v 0.002008 0.008553 -0.007599
v 0.002000 0.008553 -0.007600
v 0.002004 0.008553 -0.007600
v 0.002012 0.008553 -0.007598
v 0.002000 0.008553 -0.007600
v 0.002000 0.008553 -0.007600
v 0.002015 0.008553 -0.007597
v 0.002019 0.008553 -0.007595
v 0.002000 0.008553 -0.007600
v 0.002000 0.008553 -0.007600
v 0.002000 0.008553 -0.007600
v 0.002040 0.008553 -0.006840
v 0.002000 0.008553 -0.007600
v 0.001840 0.008603 -0.007448
v 0.002000 0.008603 -0.007600
v 0.001680 0.008603 -0.007600
v 0.001680 0.008603 -0.007600
v 0.001835 0.008603 -0.007448
v 0.001680 0.008603 -0.007600
v 0.001831 0.008603 -0.007448
v 0.001826 0.008603 -0.007446
v 0.001680 0.008603 -0.007600
v 0.001680 0.008603 -0.007600
v 0.001821 0.008603 -0.007445
v 0.001680 0.008603 -0.007600
v 0.001817 0.008603 -0.007443
v 0.001809 0.008603 -0.007437
v 0.001813 0.008603 -0.007440
v 0.001680 0.008603 -0.007600
v 0.001680 0.008603 -0.007600
v 0.001806 0.008603 -0.007434
v 0.001680 0.008603 -0.007600
v 0.001640 0.008603 -0.007560
v 0.001640 0.008603 -0.007560
v 0.001672 0.008603 -0.007599
v 0.001668 0.008603 -0.007598
v 0.001676 0.008603 -0.007600
v 0.001640 0.008603 -0.007560
v 0.001680 0.008603 -0.007600
v 0.001640 0.008603 -0.007560
v 0.001665 0.008603 -0.007597
v 0.001640 0.008603 -0.007560
v 0.001661 0.008603 -0.007595
v 0.001655 0.008603 -0.007591
v 0.001640 0.008603 -0.007560
v 0.001658 0.008603 -0.007593
v 0.001652 0.008603 -0.007588
v 0.001640 0.008603 -0.007560
v 0.001649 0.008603 -0.007585
v 0.001640 0.008603 -0.007560
v 0.001640 0.008603 -0.007560
v 0.001796 0.008603 -0.007379
v 0.001794 0.008603 -0.007386
v 0.001640 0.008603 -0.007560
v 0.001640 0.008603 -0.006840
v 0.001640 0.008603 -0.006840
v 0.001795 0.008603 -0.007019
v 0.001794 0.008603 -0.007014
v 0.001640 0.008603 -0.006840
v 0.001640 0.008603 -0.006840
v 0.001792 0.008603 -0.007009
v 0.001640 0.008603 -0.006840
v 0.001792 0.008603 -0.007005
v 0.001791 0.008603 -0.007000
v 0.001640 0.008603 -0.006840
v 0.001640 0.008603 -0.006840
v 0.001792 0.008603 -0.006993
v 0.001640 0.008603 -0.006840
v 0.001794 0.008603 -0.006986
v 0.001800 0.008603 -0.006973
v 0.001796 0.008603 -0.006979
v 0.001640 0.008603 -0.006840
v 0.001640 0.008603 -0.006840
v 0.001804 0.008603 -0.006967
v 0.001640 0.008603 -0.006840
v 0.001680 0.008603 -0.006800
v 0.001680 0.008603 -0.006800
v 0.001641 0.008603 -0.006832
v 0.001642 0.008603 -0.006828
v 0.001640 0.008603 -0.006836
v 0.001680 0.008603 -0.006800
v 0.001680 0.008603 -0.006800
v 0.001643 0.008603 -0.006825
v 0.001680 0.008603 -0.006800
v 0.001649 0.008603 -0.006815
v 0.001652 0.008603 -0.006812
v 0.001680 0.008603 -0.006800
v 0.001835 0.008603 -0.006952
v 0.001828 0.008603 -0.006953
v 0.002000 0.008603 -0.006800
v 0.001842 0.008603 -0.006952
v 0.001680 0.008603 -0.006800
v 0.001849 0.008603 -0.006952
v 0.002000 0.008603 -0.006800
v 0.001856 0.008603 -0.006954
v 0.002000 0.008603 -0.006800
v 0.002000 0.008603 -0.006800
v 0.001863 0.008603 -0.006957
v 0.002000 0.008603 -0.006800
v 0.001869 0.008603 -0.006961
v 0.001874 0.008603 -0.006966
v 0.002000 0.008603 -0.006800
v 0.002000 0.008603 -0.006800
v 0.002040 0.008603 -0.006840
v 0.002000 0.008603 -0.006800
v 0.002004 0.008603 -0.006800
v 0.002040 0.008603 -0.006840
v 0.002008 0.008603 -0.006801
v 0.002040 0.008603 -0.006840
v 0.002019 0.008603 -0.006805
v 0.002040 0.008603 -0.006840
v 0.002015 0.008603 -0.006803
v 0.002040 0.008603 -0.006840
v 0.002012 0.008603 -0.006802
v 0.002022 0.008603 -0.006807
v 0.002040 0.008603 -0.006840
v 0.002025 0.008603 -0.006809
v 0.002040 0.008603 -0.006840
v 0.002040 0.008603 -0.006840
v 0.002031 0.008603 -0.006815
v 0.002033 0.008603 -0.006818
v 0.002040 0.008603 -0.006840
v 0.002035 0.008603 -0.006821
v 0.002040 0.008603 -0.006840
v 0.001885 0.008603 -0.007019
v 0.001887 0.008603 -0.007012
v 0.002040 0.008603 -0.006840
v 0.002040 0.008603 -0.007560
v 0.002040 0.008603 -0.007560
v 0.001883 0.008603 -0.007377
v 0.001886 0.008603 -0.007384
v 0.002040 0.008603 -0.007560
v 0.001888 0.008603 -0.007391
v 0.002040 0.008603 -0.007560
v 0.001888 0.008603 -0.007398
v 0.002040 0.008603 -0.007560
v 0.001888 0.008603 -0.007405
v 0.001887 0.008603 -0.007412
v 0.002040 0.008603 -0.007560
v 0.002040 0.008603 -0.007560
v 0.001885 0.008603 -0.007419
v 0.002040 0.008603 -0.007560
v 0.001882 0.008603 -0.007425
v 0.001877 0.008603 -0.007431
v 0.002040 0.008603 -0.007560
v 0.002040 0.008603 -0.007560
v 0.001873 0.008603 -0.007436
v 0.002040 0.008603 -0.007560
v 0.002000 0.008603 -0.007600
v 0.002000 0.008603 -0.007600
v 0.002039 0.008603 -0.007568
v 0.002038 0.008603 -0.007572
v 0.002040 0.008603 -0.007564
v 0.002000 0.008603 -0.007600
v 0.002035 0.008603 -0.007579
v 0.002000 0.008603 -0.007600
v 0.002037 0.008603 -0.007575
v 0.002025 0.008603 -0.007591
v 0.002000 0.008603 -0.007600
v 0.002028 0.008603 -0.007588
v 0.002000 0.008603 -0.007600
v 0.001847 0.008603 -0.007448
v 0.001854 0.008603 -0.007446
v 0.001847 0.008603 -0.007048
v 0.001854 0.008603 -0.007046
v 0.001849 0.008603 -0.007352
v 0.001842 0.008603 -0.007352
v 0.001840 0.008603 -0.007048
v 0.001856 0.008603 -0.007354
v 0.001861 0.008603 -0.007044
v 0.001863 0.008603 -0.007357
v 0.001867 0.008603 -0.007040
v 0.001873 0.008603 -0.007036
v 0.001869 0.008603 -0.007361
v 0.001874 0.008603 -0.007366
v 0.001877 0.008603 -0.007031
v 0.001882 0.008603 -0.007025
v 0.001879 0.008603 -0.007371
v 0.002000 0.008603 -0.007600
v 0.002031 0.008603 -0.007585
v 0.002000 0.008603 -0.007600
v 0.001888 0.008603 -0.006998
v 0.001888 0.008603 -0.006991
v 0.002040 0.008603 -0.006840
v 0.002040 0.008603 -0.006840
v 0.001888 0.008603 -0.007005
v 0.001886 0.008603 -0.006984
v 0.002040 0.008603 -0.006840
v 0.001883 0.008603 -0.006977
v 0.002040 0.008603 -0.006840
v 0.001879 0.008603 -0.006971
v 0.002040 0.008603 -0.006840
v 0.002040 0.008603 -0.006840
v 0.002040 0.008603 -0.006840
v 0.002040 0.008603 -0.006840
v 0.002028 0.008603 -0.006812
v 0.002040 0.008603 -0.006840
v 0.002040 0.008603 -0.006836
v 0.002040 0.008603 -0.006840
v 0.002039 0.008603 -0.006832
v 0.002040 0.008603 -0.006840
v 0.002038 0.008603 -0.006828
v 0.002037 0.008603 -0.006825
v 0.002040 0.008603 -0.006840
v 0.002040 0.008603 -0.006840
v 0.002040 0.008603 -0.006840
v 0.001680 0.008603 -0.006800
v 0.001680 0.008603 -0.006800
v 0.001821 0.008603 -0.006955
v 0.001809 0.008603 -0.006963
v 0.001680 0.008603 -0.006800
v 0.001680 0.008603 -0.006800
v 0.001815 0.008603 -0.006958
v 0.001645 0.008603 -0.006821
v 0.001680 0.008603 -0.006800
v 0.001661 0.008603 -0.006805
v 0.001665 0.008603 -0.006803
v 0.001680 0.008603 -0.006800
v 0.001672 0.008603 -0.006801
v 0.001676 0.008603 -0.006800
v 0.001680 0.008603 -0.006800
v 0.001680 0.008603 -0.006800
v 0.001668 0.008603 -0.006802
v 0.001680 0.008603 -0.006800
v 0.001680 0.008603 -0.006800
v 0.001658 0.008603 -0.006807
v 0.001655 0.008603 -0.006809
v 0.001680 0.008603 -0.006800
v 0.001680 0.008603 -0.006800
v 0.001680 0.008603 -0.006800
v 0.001647 0.008603 -0.006818
v 0.001680 0.008603 -0.006800
v 0.001640 0.008603 -0.006840
v 0.001800 0.008603 -0.007373
v 0.001797 0.008603 -0.007023
v 0.001800 0.008603 -0.007027
v 0.001803 0.008603 -0.007031
v 0.001804 0.008603 -0.007367
v 0.001806 0.008603 -0.007034
v 0.001809 0.008603 -0.007363
v 0.001809 0.008603 -0.007037
v 0.001813 0.008603 -0.007040
v 0.001815 0.008603 -0.007358
v 0.001817 0.008603 -0.007043
v 0.001821 0.008603 -0.007355
v 0.001640 0.008603 -0.006840
v 0.002000 0.008603 -0.007600
v 0.001680 0.008603 -0.007600
v 0.001861 0.008603 -0.007444
v 0.002000 0.008603 -0.007600
v 0.001867 0.008603 -0.007440
v 0.002000 0.008603 -0.007600
v 0.002000 0.008603 -0.007600
v 0.002040 0.008603 -0.007560
v 0.002000 0.008603 -0.007600
v 0.002033 0.008603 -0.007582
v 0.002000 0.008603 -0.007600
v 0.002012 0.008603 -0.007598
v 0.002008 0.008603 -0.007599
v 0.002000 0.008603 -0.007600
v 0.002004 0.008603 -0.007600
v 0.002000 0.008603 -0.007600
v 0.002000 0.008603 -0.007600
v 0.002015 0.008603 -0.007597
v 0.002000 0.008603 -0.007600
v 0.002019 0.008603 -0.007595
v 0.002000 0.008603 -0.007600
v 0.002022 0.008603 -0.007593
v 0.002000 0.008603 -0.007600
v 0.002000 0.008603 -0.007600
v 0.002040 0.008603 -0.007560
v 0.001680 0.008603 -0.006800
v 0.001835 0.008603 -0.007352
v 0.001835 0.008603 -0.007048
v 0.001831 0.008603 -0.007048
v 0.001826 0.008603 -0.007046
v 0.001828 0.008603 -0.007353
v 0.001821 0.008603 -0.007045
v 0.001680 0.008603 -0.006800
v 0.001792 0.008603 -0.007393
v 0.001640 0.008603 -0.007560
v 0.001640 0.008603 -0.007560
v 0.001791 0.008603 -0.007400
v 0.001640 0.008603 -0.007560
v 0.001792 0.008603 -0.007405
v 0.001794 0.008603 -0.007414
v 0.001795 0.008603 -0.007419
v 0.001640 0.008603 -0.007560
v 0.001640 0.008603 -0.007560
v 0.001792 0.008603 -0.007409
v 0.001797 0.008603 -0.007423
v 0.001640 0.008603 -0.007560
v 0.001800 0.008603 -0.007427
v 0.001640 0.008603 -0.007560
v 0.001803 0.008603 -0.007431
v 0.001640 0.008603 -0.007560
v 0.001640 0.008603 -0.007560
v 0.001640 0.008603 -0.007560
v 0.001640 0.008603 -0.007560
v 0.001647 0.008603 -0.007582
v 0.001645 0.008603 -0.007579
v 0.001640 0.008603 -0.007560
v 0.001641 0.008603 -0.007568
v 0.001640 0.008603 -0.007564
v 0.001640 0.008603 -0.007560
v 0.001640 0.008603 -0.007560
v 0.001642 0.008603 -0.007572
v 0.001640 0.008603 -0.007560
v 0.001643 0.008603 -0.007575
v 0.001640 0.008603 -0.007560
v 0.001640 0.008603 -0.007560
v 0.001640 0.008603 -0.007560
v 0.001792 0.008603 -0.006993
v 0.001794 0.008603 -0.006986
v 0.001792 0.008594 -0.006991
v 0.001794 0.008603 -0.006986
v 0.001794 0.008594 -0.006986
v 0.001796 0.008603 -0.006979
v 0.001797 0.008594 -0.006977
v 0.001795 0.008594 -0.006981
v 0.001800 0.008603 -0.006973
v 0.001800 0.008594 -0.006973
v 0.001804 0.008603 -0.006967
v 0.001806 0.008594 -0.006966
v 0.001803 0.008594 -0.006969
v 0.001809 0.008603 -0.006963
v 0.001809 0.008594 -0.006963
v 0.001813 0.008594 -0.006960
v 0.001809 0.008603 -0.006963
v 0.001815 0.008603 -0.006958
v 0.001817 0.008594 -0.006957
v 0.001815 0.008603 -0.006958
v 0.001821 0.008603 -0.006955
v 0.001826 0.008594 -0.006954
v 0.001821 0.008603 -0.006955
v 0.001828 0.008603 -0.006953
v 0.001831 0.008594 -0.006952
v 0.001828 0.008603 -0.006953
v 0.001835 0.008603 -0.006952
v 0.001835 0.008594 -0.006952
v 0.001835 0.008603 -0.006952
v 0.001840 0.008594 -0.006951
v 0.001842 0.008603 -0.006952
v 0.001845 0.008594 -0.006952
v 0.001849 0.008594 -0.006952
v 0.001849 0.008603 -0.006952
v 0.001854 0.008594 -0.006954
v 0.001856 0.008603 -0.006954
v 0.001859 0.008594 -0.006955
v 0.001863 0.008603 -0.006957
v 0.001863 0.008594 -0.006957
v 0.001863 0.008603 -0.006957
v 0.001869 0.008603 -0.006961
v 0.001867 0.008594 -0.006960
v 0.001871 0.008594 -0.006963
v 0.001874 0.008603 -0.006966
v 0.001874 0.008594 -0.006966
v 0.001874 0.008603 -0.006966
v 0.001879 0.008603 -0.006971
v 0.001877 0.008594 -0.006969
v 0.001879 0.008603 -0.006971
v 0.001883 0.008603 -0.006977
v 0.001880 0.008594 -0.006973
v 0.001883 0.008603 -0.006977
v 0.001885 0.008594 -0.006981
v 0.001883 0.008594 -0.006977
v 0.001886 0.008603 -0.006984
v 0.001888 0.008603 -0.006991
v 0.001886 0.008594 -0.006986
v 0.001888 0.008603 -0.006991
v 0.001888 0.008594 -0.006995
v 0.001888 0.008594 -0.006991
v 0.001888 0.008603 -0.006998
v 0.001888 0.008594 -0.007000
v 0.001888 0.008603 -0.007005
v 0.001888 0.008594 -0.007005
v 0.001885 0.008603 -0.007019
v 0.001885 0.008594 -0.007019
v 0.001886 0.008594 -0.007014
v 0.001882 0.008603 -0.007025
v 0.001880 0.008594 -0.007027
v 0.001883 0.008594 -0.007023
v 0.001877 0.008603 -0.007031
v 0.001874 0.008594 -0.007034
v 0.001877 0.008594 -0.007031
v 0.001873 0.008603 -0.007036
v 0.001867 0.008603 -0.007040
v 0.001871 0.008594 -0.007037
v 0.001867 0.008603 -0.007040
v 0.001861 0.008603 -0.007044
v 0.001863 0.008594 -0.007043
v 0.001859 0.008594 -0.007045
v 0.001854 0.008603 -0.007046
v 0.001854 0.008594 -0.007046
v 0.001854 0.008603 -0.007046
v 0.001847 0.008603 -0.007048
v 0.001849 0.008594 -0.007048
v 0.001847 0.008603 -0.007048
v 0.001840 0.008603 -0.007048
v 0.001845 0.008594 -0.007048
v 0.001840 0.008603 -0.007048
v 0.001835 0.008603 -0.007048
v 0.001840 0.008594 -0.007048
v 0.001835 0.008594 -0.007048
v 0.001831 0.008603 -0.007048
v 0.001831 0.008594 -0.007048
v 0.001826 0.008603 -0.007046
v 0.001826 0.008594 -0.007046
v 0.001821 0.008603 -0.007045
v 0.001821 0.008594 -0.007045
v 0.001817 0.008594 -0.007043
v 0.001817 0.008603 -0.007043
v 0.001813 0.008603 -0.007040
v 0.001813 0.008594 -0.007040
v 0.001813 0.008603 -0.007040
v 0.001809 0.008603 -0.007037
v 0.001809 0.008594 -0.007037
v 0.001809 0.008603 -0.007037
v 0.001806 0.008603 -0.007034
v 0.001806 0.008594 -0.007034
v 0.001806 0.008603 -0.007034
v 0.001803 0.008603 -0.007031
v 0.001797 0.008603 -0.007023
v 0.001797 0.008594 -0.007023
v 0.001800 0.008594 -0.007027
v 0.001795 0.008603 -0.007019
v 0.001795 0.008594 -0.007019
v 0.001794 0.008603 -0.007014
v 0.001794 0.008594 -0.007014
v 0.001792 0.008603 -0.007009
v 0.001792 0.008594 -0.007009
v 0.001792 0.008603 -0.007005
v 0.001792 0.008594 -0.007005
v 0.001792 0.008603 -0.006993
v 0.001792 0.008594 -0.006995
v 0.001803 0.008594 -0.007031
v 0.001803 0.008603 -0.007031
v 0.001800 0.008603 -0.007027
v 0.001792 0.008603 -0.007005
v 0.001791 0.008603 -0.007000
v 0.001792 0.008603 -0.007009
v 0.001792 0.008603 -0.007005
v 0.001794 0.008603 -0.007014
v 0.001792 0.008603 -0.007009
v 0.001795 0.008603 -0.007019
v 0.001794 0.008603 -0.007014
v 0.001797 0.008603 -0.007023
v 0.001795 0.008603 -0.007019
v 0.001800 0.008603 -0.007027
v 0.001797 0.008603 -0.007023
v 0.001800 0.008603 -0.007027
v 0.001803 0.008603 -0.007031
v 0.001806 0.008603 -0.007034
v 0.001809 0.008603 -0.007037
v 0.001813 0.008603 -0.007040
v 0.001817 0.008603 -0.007043
v 0.001821 0.008603 -0.007045
v 0.001817 0.008603 -0.007043
v 0.001826 0.008603 -0.007046
v 0.001821 0.008603 -0.007045
v 0.001831 0.008603 -0.007048
v 0.001826 0.008603 -0.007046
v 0.001835 0.008603 -0.007048
v 0.001831 0.008603 -0.007048
v 0.001835 0.008603 -0.007048
v 0.001840 0.008603 -0.007048
v 0.001847 0.008603 -0.007048
v 0.001854 0.008603 -0.007046
v 0.001861 0.008603 -0.007044
v 0.001854 0.008603 -0.007046
v 0.001861 0.008603 -0.007044
v 0.001867 0.008603 -0.007040
v 0.001867 0.008594 -0.007040
v 0.001867 0.008603 -0.007040
v 0.001873 0.008603 -0.007036
v 0.001873 0.008603 -0.007036
v 0.001877 0.008603 -0.007031
v 0.001877 0.008603 -0.007031
v 0.001877 0.008603 -0.007031
v 0.001882 0.008603 -0.007025
v 0.001882 0.008603 -0.007025
v 0.001885 0.008603 -0.007019
v 0.001885 0.008603 -0.007019
v 0.001885 0.008603 -0.007019
v 0.001887 0.008603 -0.007012
v 0.001888 0.008594 -0.007009
v 0.001888 0.008603 -0.007005
v 0.001887 0.008603 -0.007012
v 0.001887 0.008603 -0.007012
v 0.001888 0.008603 -0.007005
v 0.001888 0.008603 -0.006998
v 0.001888 0.008603 -0.007005
v 0.001888 0.008603 -0.006991
v 0.001888 0.008603 -0.006998
v 0.001888 0.008603 -0.006991
v 0.001886 0.008603 -0.006984
v 0.001883 0.008603 -0.006977
v 0.001886 0.008603 -0.006984
v 0.001883 0.008603 -0.006977
v 0.001879 0.008603 -0.006971
v 0.001874 0.008603 -0.006966
v 0.001874 0.008603 -0.006966
v 0.001869 0.008603 -0.006961
v 0.001869 0.008603 -0.006961
v 0.001863 0.008603 -0.006957
v 0.001863 0.008603 -0.006957
v 0.001856 0.008603 -0.006954
v 0.001856 0.008603 -0.006954
v 0.001849 0.008603 -0.006952
v 0.001849 0.008603 -0.006952
v 0.001849 0.008603 -0.006952
v 0.001842 0.008603 -0.006952
v 0.001842 0.008603 -0.006952
v 0.001835 0.008603 -0.006952
v 0.001835 0.008603 -0.006952
v 0.001828 0.008603 -0.006953
v 0.001821 0.008603 -0.006955
v 0.001821 0.008594 -0.006955
v 0.001821 0.008603 -0.006955
v 0.001815 0.008603 -0.006958
v 0.001809 0.008603 -0.006963
v 0.001804 0.008603 -0.006967
v 0.001809 0.008603 -0.006963
v 0.001800 0.008603 -0.006973
v 0.001804 0.008603 -0.006967
v 0.001800 0.008603 -0.006973
v 0.001796 0.008603 -0.006979
v 0.001800 0.008603 -0.006973
v 0.001794 0.008603 -0.006986
v 0.001796 0.008603 -0.006979
v 0.001794 0.008603 -0.006986
v 0.001791 0.008594 -0.007000
v 0.001791 0.008603 -0.007000
v 0.001791 0.008603 -0.007000
v 0.001791 0.008603 -0.007000
v 0.001792 0.008603 -0.006993
v 0.001888 0.008594 -0.007005
v 0.001888 0.008594 -0.007009
v 0.001930 0.008553 -0.007009
v 0.001888 0.008594 -0.007009
v 0.001886 0.008594 -0.007014
v 0.001928 0.008553 -0.007018
v 0.001886 0.008594 -0.007014
v 0.001926 0.008553 -0.007026
v 0.001928 0.008553 -0.007018
v 0.001885 0.008594 -0.007019
v 0.001923 0.008553 -0.007034
v 0.001926 0.008553 -0.007026
v 0.001883 0.008594 -0.007023
v 0.001923 0.008553 -0.007034
v 0.001885 0.008594 -0.007019
v 0.001880 0.008594 -0.007027
v 0.001919 0.008553 -0.007042
v 0.001883 0.008594 -0.007023
v 0.001915 0.008553 -0.007050
v 0.001919 0.008553 -0.007042
v 0.001880 0.008594 -0.007027
v 0.001910 0.008553 -0.007057
v 0.001915 0.008553 -0.007050
v 0.001877 0.008594 -0.007031
v 0.001904 0.008553 -0.007064
v 0.001910 0.008553 -0.007057
v 0.001874 0.008594 -0.007034
v 0.001904 0.008553 -0.007064
v 0.001874 0.008594 -0.007034
v 0.001871 0.008594 -0.007037
v 0.001897 0.008553 -0.007070
v 0.001871 0.008594 -0.007037
v 0.001867 0.008594 -0.007040
v 0.001890 0.008553 -0.007075
v 0.001867 0.008594 -0.007040
v 0.001863 0.008594 -0.007043
v 0.001890 0.008553 -0.007075
v 0.001863 0.008594 -0.007043
v 0.001882 0.008553 -0.007079
v 0.001882 0.008553 -0.007079
v 0.001859 0.008594 -0.007045
v 0.001874 0.008553 -0.007083
v 0.001859 0.008594 -0.007045
v 0.001854 0.008594 -0.007046
v 0.001874 0.008553 -0.007083
v 0.001854 0.008594 -0.007046
v 0.001849 0.008594 -0.007048
v 0.001866 0.008553 -0.007086
v 0.001849 0.008594 -0.007048
v 0.001845 0.008594 -0.007048
v 0.001858 0.008553 -0.007088
v 0.001845 0.008594 -0.007048
v 0.001849 0.008553 -0.007090
v 0.001858 0.008553 -0.007088
v 0.001840 0.008594 -0.007048
v 0.001840 0.008553 -0.007090
v 0.001849 0.008553 -0.007090
v 0.001835 0.008594 -0.007048
v 0.001840 0.008553 -0.007090
v 0.001840 0.008594 -0.007048
v 0.001831 0.008594 -0.007048
v 0.001831 0.008553 -0.007090
v 0.001835 0.008594 -0.007048
v 0.001826 0.008594 -0.007046
v 0.001822 0.008553 -0.007088
v 0.001831 0.008594 -0.007048
v 0.001814 0.008553 -0.007086
v 0.001822 0.008553 -0.007088
v 0.001826 0.008594 -0.007046
v 0.001806 0.008553 -0.007083
v 0.001814 0.008553 -0.007086
v 0.001821 0.008594 -0.007045
v 0.001806 0.008553 -0.007083
v 0.001821 0.008594 -0.007045
v 0.001817 0.008594 -0.007043
v 0.001798 0.008553 -0.007079
v 0.001817 0.008594 -0.007043
v 0.001813 0.008594 -0.007040
v 0.001790 0.008553 -0.007075
v 0.001813 0.008594 -0.007040
v 0.001809 0.008594 -0.007037
v 0.001790 0.008553 -0.007075
v 0.001809 0.008594 -0.007037
v 0.001783 0.008553 -0.007070
v 0.001783 0.008553 -0.007070
v 0.001806 0.008594 -0.007034
v 0.001776 0.008553 -0.007064
v 0.001806 0.008594 -0.007034
v 0.001803 0.008594 -0.007031
v 0.001776 0.008553 -0.007064
v 0.001803 0.008594 -0.007031
v 0.001800 0.008594 -0.007027
v 0.001770 0.008553 -0.007057
v 0.001800 0.008594 -0.007027
v 0.001797 0.008594 -0.007023
v 0.001765 0.008553 -0.007050
v 0.001797 0.008594 -0.007023
v 0.001761 0.008553 -0.007042
v 0.001765 0.008553 -0.007050
v 0.001795 0.008594 -0.007019
v 0.001757 0.008553 -0.007034
v 0.001761 0.008553 -0.007042
v 0.001794 0.008594 -0.007014
v 0.001757 0.008553 -0.007034
v 0.001795 0.008594 -0.007019
v 0.001792 0.008594 -0.007009
v 0.001754 0.008553 -0.007026
v 0.001794 0.008594 -0.007014
v 0.001792 0.008594 -0.007005
v 0.001752 0.008553 -0.007018
v 0.001792 0.008594 -0.007009
v 0.001750 0.008553 -0.007009
v 0.001752 0.008553 -0.007018
v 0.001792 0.008594 -0.007005
v 0.001750 0.008553 -0.007000
v 0.001750 0.008553 -0.007009
v 0.001791 0.008594 -0.007000
v 0.001750 0.008553 -0.007000
v 0.001791 0.008594 -0.007000
v 0.001792 0.008594 -0.006995
v 0.001750 0.008553 -0.006991
v 0.001792 0.008594 -0.006995
v 0.001792 0.008594 -0.006991
v 0.001752 0.008553 -0.006982
v 0.001792 0.008594 -0.006991
v 0.001794 0.008594 -0.006986
v 0.001752 0.008553 -0.006982
v 0.001794 0.008594 -0.006986
v 0.001754 0.008553 -0.006974
v 0.001754 0.008553 -0.006974
v 0.001795 0.008594 -0.006981
v 0.001757 0.008553 -0.006966
v 0.001795 0.008594 -0.006981
v 0.001797 0.008594 -0.006977
v 0.001757 0.008553 -0.006966
v 0.001797 0.008594 -0.006977
v 0.001800 0.008594 -0.006973
v 0.001761 0.008553 -0.006958
v 0.001800 0.008594 -0.006973
v 0.001803 0.008594 -0.006969
v 0.001765 0.008553 -0.006950
v 0.001803 0.008594 -0.006969
v 0.001770 0.008553 -0.006943
v 0.001765 0.008553 -0.006950
v 0.001806 0.008594 -0.006966
v 0.001776 0.008553 -0.006936
v 0.001770 0.008553 -0.006943
v 0.001809 0.008594 -0.006963
v 0.001776 0.008553 -0.006936
v 0.001806 0.008594 -0.006966
v 0.001813 0.008594 -0.006960
v 0.001783 0.008553 -0.006930
v 0.001809 0.008594 -0.006963
v 0.001817 0.008594 -0.006957
v 0.001790 0.008553 -0.006925
v 0.001813 0.008594 -0.006960
v 0.001798 0.008553 -0.006921
v 0.001817 0.008594 -0.006957
v 0.001821 0.008594 -0.006955
v 0.001831 0.008594 -0.006952
v 0.001814 0.008553 -0.006914
v 0.001826 0.008594 -0.006954
v 0.001835 0.008594 -0.006952
v 0.001840 0.008594 -0.006951
v 0.001831 0.008553 -0.006910
v 0.001849 0.008553 -0.006910
v 0.001845 0.008594 -0.006952
v 0.001849 0.008594 -0.006952
v 0.001859 0.008594 -0.006955
v 0.001866 0.008553 -0.006914
v 0.001854 0.008594 -0.006954
v 0.001863 0.008594 -0.006957
v 0.001867 0.008594 -0.006960
v 0.001882 0.008553 -0.006921
v 0.001897 0.008553 -0.006930
v 0.001871 0.008594 -0.006963
v 0.001874 0.008594 -0.006966
v 0.001919 0.008553 -0.006958
v 0.001883 0.008594 -0.006977
v 0.001885 0.008594 -0.006981
v 0.001926 0.008553 -0.006974
v 0.001923 0.008553 -0.006966
v 0.001886 0.008594 -0.006986
v 0.001888 0.008594 -0.006995
v 0.001930 0.008553 -0.006991
v 0.001928 0.008553 -0.006982
v 0.001888 0.008594 -0.007009
v 0.001928 0.008553 -0.007018
v 0.001930 0.008553 -0.007009
v 0.001880 0.008594 -0.006973
v 0.001910 0.008553 -0.006943
v 0.001877 0.008594 -0.006969
v 0.001930 0.008553 -0.006991
v 0.001888 0.008594 -0.007000
v 0.001930 0.008553 -0.007000
v 0.001888 0.008594 -0.006995
v 0.001888 0.008594 -0.007000
v 0.001930 0.008553 -0.006991
v 0.001888 0.008594 -0.006991
v 0.001888 0.008594 -0.006995
v 0.001928 0.008553 -0.006982
v 0.001888 0.008594 -0.006991
v 0.001928 0.008553 -0.006982
v 0.001926 0.008553 -0.006974
v 0.001888 0.008594 -0.006991
v 0.001926 0.008553 -0.006974
v 0.001886 0.008594 -0.006986
v 0.001886 0.008594 -0.006986
v 0.001923 0.008553 -0.006966
v 0.001885 0.008594 -0.006981
v 0.001923 0.008553 -0.006966
v 0.001919 0.008553 -0.006958
v 0.001885 0.008594 -0.006981
v 0.001919 0.008553 -0.006958
v 0.001915 0.008553 -0.006950
v 0.001883 0.008594 -0.006977
v 0.001915 0.008553 -0.006950
v 0.001880 0.008594 -0.006973
v 0.001883 0.008594 -0.006977
v 0.001910 0.008553 -0.006943
v 0.001880 0.008594 -0.006973
v 0.001915 0.008553 -0.006950
v 0.001904 0.008553 -0.006936
v 0.001877 0.008594 -0.006969
v 0.001910 0.008553 -0.006943
v 0.001874 0.008594 -0.006966
v 0.001877 0.008594 -0.006969
v 0.001904 0.008553 -0.006936
v 0.001874 0.008594 -0.006966
v 0.001904 0.008553 -0.006936
v 0.001897 0.008553 -0.006930
v 0.001871 0.008594 -0.006963
v 0.001897 0.008553 -0.006930
v 0.001890 0.008553 -0.006925
v 0.001871 0.008594 -0.006963
v 0.001890 0.008553 -0.006925
v 0.001867 0.008594 -0.006960
v 0.001890 0.008553 -0.006925
v 0.001882 0.008553 -0.006921
v 0.001867 0.008594 -0.006960
v 0.001882 0.008553 -0.006921
v 0.001874 0.008553 -0.006917
v 0.001863 0.008594 -0.006957
v 0.001874 0.008553 -0.006917
v 0.001859 0.008594 -0.006955
v 0.001863 0.008594 -0.006957
v 0.001866 0.008553 -0.006914
v 0.001859 0.008594 -0.006955
v 0.001874 0.008553 -0.006917
v 0.001858 0.008553 -0.006912
v 0.001854 0.008594 -0.006954
v 0.001866 0.008553 -0.006914
v 0.001849 0.008594 -0.006952
v 0.001854 0.008594 -0.006954
v 0.001858 0.008553 -0.006912
v 0.001849 0.008594 -0.006952
v 0.001858 0.008553 -0.006912
v 0.001849 0.008553 -0.006910
v 0.001845 0.008594 -0.006952
v 0.001849 0.008553 -0.006910
v 0.001840 0.008553 -0.006910
v 0.001845 0.008594 -0.006952
v 0.001840 0.008553 -0.006910
v 0.001840 0.008594 -0.006951
v 0.001840 0.008553 -0.006910
v 0.001831 0.008553 -0.006910
v 0.001840 0.008594 -0.006951
v 0.001831 0.008553 -0.006910
v 0.001822 0.008553 -0.006912
v 0.001835 0.008594 -0.006952
v 0.001822 0.008553 -0.006912
v 0.001831 0.008594 -0.006952
v 0.001835 0.008594 -0.006952
v 0.001814 0.008553 -0.006914
v 0.001831 0.008594 -0.006952
v 0.001822 0.008553 -0.006912
v 0.001806 0.008553 -0.006917
v 0.001826 0.008594 -0.006954
v 0.001814 0.008553 -0.006914
v 0.001821 0.008594 -0.006955
v 0.001826 0.008594 -0.006954
v 0.001806 0.008553 -0.006917
v 0.001821 0.008594 -0.006955
v 0.001806 0.008553 -0.006917
v 0.001798 0.008553 -0.006921
v 0.001817 0.008594 -0.006957
v 0.001798 0.008553 -0.006921
v 0.001790 0.008553 -0.006925
v 0.001790 0.008553 -0.006925
v 0.001783 0.008553 -0.006930
v 0.001813 0.008594 -0.006960
v 0.001783 0.008553 -0.006930
v 0.001776 0.008553 -0.006936
v 0.001809 0.008594 -0.006963
v 0.001806 0.008594 -0.006966
v 0.001770 0.008553 -0.006943
v 0.001803 0.008594 -0.006969
v 0.001800 0.008594 -0.006973
v 0.001765 0.008553 -0.006950
v 0.001761 0.008553 -0.006958
v 0.001797 0.008594 -0.006977
v 0.001761 0.008553 -0.006958
v 0.001757 0.008553 -0.006966
v 0.001794 0.008594 -0.006986
v 0.001795 0.008594 -0.006981
v 0.001754 0.008553 -0.006974
v 0.001750 0.008553 -0.006991
v 0.001792 0.008594 -0.006991
v 0.001752 0.008553 -0.006982
v 0.001750 0.008553 -0.007000
v 0.001792 0.008594 -0.006995
v 0.001750 0.008553 -0.006991
v 0.001750 0.008553 -0.007009
v 0.001792 0.008594 -0.007005
v 0.001791 0.008594 -0.007000
v 0.001752 0.008553 -0.007018
v 0.001754 0.008553 -0.007026
v 0.001792 0.008594 -0.007009
v 0.001754 0.008553 -0.007026
v 0.001757 0.008553 -0.007034
v 0.001794 0.008594 -0.007014
v 0.001795 0.008594 -0.007019
v 0.001761 0.008553 -0.007042
v 0.001797 0.008594 -0.007023
v 0.001800 0.008594 -0.007027
v 0.001765 0.008553 -0.007050
v 0.001770 0.008553 -0.007057
v 0.001803 0.008594 -0.007031
v 0.001770 0.008553 -0.007057
v 0.001776 0.008553 -0.007064
v 0.001809 0.008594 -0.007037
v 0.001806 0.008594 -0.007034
v 0.001783 0.008553 -0.007070
v 0.001798 0.008553 -0.007079
v 0.001813 0.008594 -0.007040
v 0.001790 0.008553 -0.007075
v 0.001806 0.008553 -0.007083
v 0.001817 0.008594 -0.007043
v 0.001798 0.008553 -0.007079
v 0.001814 0.008553 -0.007086
v 0.001826 0.008594 -0.007046
v 0.001821 0.008594 -0.007045
v 0.001822 0.008553 -0.007088
v 0.001831 0.008553 -0.007090
v 0.001831 0.008594 -0.007048
v 0.001831 0.008553 -0.007090
v 0.001840 0.008553 -0.007090
v 0.001835 0.008594 -0.007048
v 0.001840 0.008594 -0.007048
v 0.001849 0.008553 -0.007090
v 0.001845 0.008594 -0.007048
v 0.001849 0.008594 -0.007048
v 0.001858 0.008553 -0.007088
v 0.001866 0.008553 -0.007086
v 0.001854 0.008594 -0.007046
v 0.001866 0.008553 -0.007086
v 0.001874 0.008553 -0.007083
v 0.001863 0.008594 -0.007043
v 0.001859 0.008594 -0.007045
v 0.001882 0.008553 -0.007079
v 0.001897 0.008553 -0.007070
v 0.001867 0.008594 -0.007040
v 0.001890 0.008553 -0.007075
v 0.001904 0.008553 -0.007064
v 0.001871 0.008594 -0.007037
v 0.001897 0.008553 -0.007070
v 0.001910 0.008553 -0.007057
v 0.001877 0.008594 -0.007031
v 0.001874 0.008594 -0.007034
v 0.001915 0.008553 -0.007050
v 0.001880 0.008594 -0.007027
v 0.001877 0.008594 -0.007031
v 0.001919 0.008553 -0.007042
v 0.001923 0.008553 -0.007034
v 0.001883 0.008594 -0.007023
v 0.001885 0.008594 -0.007019
v 0.001926 0.008553 -0.007026
v 0.001886 0.008594 -0.007014
v 0.001888 0.008594 -0.007000
v 0.001888 0.008594 -0.007005
v 0.001930 0.008553 -0.007009
v 0.001930 0.008553 -0.007009
v 0.001930 0.008553 -0.007000
v 0.001888 0.008594 -0.007000
v 0.001792 0.008603 -0.007393
v 0.001794 0.008603 -0.007386
v 0.001792 0.008594 -0.007391
v 0.001794 0.008603 -0.007386
v 0.001794 0.008594 -0.007386
v 0.001796 0.008603 -0.007379
v 0.001797 0.008594 -0.007377
v 0.001795 0.008594 -0.007381
v 0.001800 0.008603 -0.007373
v 0.001800 0.008594 -0.007373
v 0.001804 0.008603 -0.007367
v 0.001806 0.008594 -0.007366
v 0.001803 0.008594 -0.007369
v 0.001809 0.008603 -0.007363
v 0.001809 0.008594 -0.007363
v 0.001813 0.008594 -0.007360
v 0.001809 0.008603 -0.007363
v 0.001815 0.008603 -0.007358
v 0.001817 0.008594 -0.007357
v 0.001815 0.008603 -0.007358
v 0.001821 0.008603 -0.007355
v 0.001826 0.008594 -0.007354
v 0.001821 0.008603 -0.007355
v 0.001828 0.008603 -0.007353
v 0.001831 0.008594 -0.007352
v 0.001828 0.008603 -0.007353
v 0.001835 0.008603 -0.007352
v 0.001835 0.008594 -0.007352
v 0.001835 0.008603 -0.007352
v 0.001840 0.008594 -0.007351
v 0.001842 0.008603 -0.007352
v 0.001845 0.008594 -0.007352
v 0.001849 0.008594 -0.007352
v 0.001849 0.008603 -0.007352
v 0.001854 0.008594 -0.007354
v 0.001856 0.008603 -0.007354
v 0.001859 0.008594 -0.007355
v 0.001863 0.008603 -0.007357
v 0.001863 0.008594 -0.007357
v 0.001863 0.008603 -0.007357
v 0.001869 0.008603 -0.007361
v 0.001867 0.008594 -0.007360
v 0.001871 0.008594 -0.007363
v 0.001874 0.008603 -0.007366
v 0.001874 0.008594 -0.007366
v 0.001874 0.008603 -0.007366
v 0.001879 0.008603 -0.007371
v 0.001877 0.008594 -0.007369
v 0.001879 0.008603 -0.007371
v 0.001883 0.008603 -0.007377
v 0.001880 0.008594 -0.007373
v 0.001883 0.008603 -0.007377
v 0.001885 0.008594 -0.007381
v 0.001883 0.008594 -0.007377
v 0.001886 0.008603 -0.007384
v 0.001888 0.008603 -0.007391
v 0.001886 0.008594 -0.007386
v 0.001888 0.008603 -0.007391
v 0.001888 0.008594 -0.007395
v 0.001888 0.008594 -0.007391
v 0.001888 0.008603 -0.007398
v 0.001888 0.008594 -0.007400
v 0.001888 0.008603 -0.007405
v 0.001888 0.008594 -0.007405
v 0.001885 0.008603 -0.007419
v 0.001885 0.008594 -0.007419
v 0.001886 0.008594 -0.007414
v 0.001882 0.008603 -0.007425
v 0.001880 0.008594 -0.007427
v 0.001883 0.008594 -0.007423
v 0.001877 0.008603 -0.007431
v 0.001874 0.008594 -0.007434
v 0.001877 0.008594 -0.007431
v 0.001873 0.008603 -0.007436
v 0.001867 0.008603 -0.007440
v 0.001871 0.008594 -0.007437
v 0.001867 0.008603 -0.007440
v 0.001861 0.008603 -0.007444
v 0.001863 0.008594 -0.007443
v 0.001859 0.008594 -0.007445
v 0.001854 0.008603 -0.007446
v 0.001854 0.008594 -0.007446
v 0.001854 0.008603 -0.007446
v 0.001847 0.008603 -0.007448
v 0.001849 0.008594 -0.007448
v 0.001847 0.008603 -0.007448
v 0.001840 0.008603 -0.007448
v 0.001845 0.008594 -0.007448
v 0.001840 0.008603 -0.007448
v 0.001835 0.008603 -0.007448
v 0.001840 0.008594 -0.007448
v 0.001835 0.008594 -0.007448
v 0.001831 0.008603 -0.007448
v 0.001831 0.008594 -0.007448
v 0.001826 0.008603 -0.007446
v 0.001826 0.008594 -0.007446
v 0.001821 0.008603 -0.007445
v 0.001821 0.008594 -0.007445
v 0.001817 0.008594 -0.007443
v 0.001817 0.008603 -0.007443
v 0.001813 0.008603 -0.007440
v 0.001813 0.008594 -0.007440
v 0.001813 0.008603 -0.007440
v 0.001809 0.008603 -0.007437
v 0.001809 0.008594 -0.007437
v 0.001809 0.008603 -0.007437
v 0.001806 0.008603 -0.007434
v 0.001806 0.008594 -0.007434
v 0.001806 0.008603 -0.007434
v 0.001803 0.008603 -0.007431
v 0.001797 0.008603 -0.007423
v 0.001797 0.008594 -0.007423
v 0.001800 0.008594 -0.007427
v 0.001795 0.008603 -0.007419
v 0.001795 0.008594 -0.007419
v 0.001794 0.008603 -0.007414
v 0.001794 0.008594 -0.007414
v 0.001792 0.008603 -0.007409
v 0.001792 0.008594 -0.007409
v 0.001792 0.008603 -0.007405
v 0.001792 0.008594 -0.007405
v 0.001792 0.008603 -0.007393
v 0.001792 0.008594 -0.007395
v 0.001803 0.008594 -0.007431
v 0.001803 0.008603 -0.007431
v 0.001800 0.008603 -0.007427
v 0.001792 0.008603 -0.007405
v 0.001791 0.008603 -0.007400
v 0.001792 0.008603 -0.007409
v 0.001792 0.008603 -0.007405
v 0.001794 0.008603 -0.007414
v 0.001792 0.008603 -0.007409
v 0.001795 0.008603 -0.007419
v 0.001794 0.008603 -0.007414
v 0.001797 0.008603 -0.007423
v 0.001795 0.008603 -0.007419
v 0.001800 0.008603 -0.007427
v 0.001797 0.008603 -0.007423
v 0.001800 0.008603 -0.007427
v 0.001803 0.008603 -0.007431
v 0.001806 0.008603 -0.007434
v 0.001809 0.008603 -0.007437
v 0.001813 0.008603 -0.007440
v 0.001817 0.008603 -0.007443
v 0.001821 0.008603 -0.007445
v 0.001817 0.008603 -0.007443
v 0.001826 0.008603 -0.007446
v 0.001821 0.008603 -0.007445
v 0.001831 0.008603 -0.007448
v 0.001826 0.008603 -0.007446
v 0.001835 0.008603 -0.007448
v 0.001831 0.008603 -0.007448
v 0.001835 0.008603 -0.007448
v 0.001840 0.008603 -0.007448
v 0.001847 0.008603 -0.007448
v 0.001854 0.008603 -0.007446
v 0.001861 0.008603 -0.007444
v 0.001854 0.008603 -0.007446
v 0.001861 0.008603 -0.007444
v 0.001867 0.008603 -0.007440
v 0.001867 0.008594 -0.007440
v 0.001867 0.008603 -0.007440
v 0.001873 0.008603 -0.007436
v 0.001873 0.008603 -0.007436
v 0.001877 0.008603 -0.007431
v 0.001877 0.008603 -0.007431
v 0.001877 0.008603 -0.007431
v 0.001882 0.008603 -0.007425
v 0.001882 0.008603 -0.007425
v 0.001885 0.008603 -0.007419
v 0.001885 0.008603 -0.007419
v 0.001885 0.008603 -0.007419
v 0.001887 0.008603 -0.007412
v 0.001888 0.008594 -0.007409
v 0.001888 0.008603 -0.007405
v 0.001887 0.008603 -0.007412
v 0.001887 0.008603 -0.007412
v 0.001888 0.008603 -0.007405
v 0.001888 0.008603 -0.007398
v 0.001888 0.008603 -0.007405
v 0.001888 0.008603 -0.007391
v 0.001888 0.008603 -0.007398
v 0.001888 0.008603 -0.007391
v 0.001886 0.008603 -0.007384
v 0.001883 0.008603 -0.007377
v 0.001886 0.008603 -0.007384
v 0.001883 0.008603 -0.007377
v 0.001879 0.008603 -0.007371
v 0.001874 0.008603 -0.007366
v 0.001874 0.008603 -0.007366
v 0.001869 0.008603 -0.007361
v 0.001869 0.008603 -0.007361
v 0.001863 0.008603 -0.007357
v 0.001863 0.008603 -0.007357
v 0.001856 0.008603 -0.007354
v 0.001856 0.008603 -0.007354
v 0.001849 0.008603 -0.007352
v 0.001849 0.008603 -0.007352
v 0.001849 0.008603 -0.007352
v 0.001842 0.008603 -0.007352
v 0.001842 0.008603 -0.007352
v 0.001835 0.008603 -0.007352
v 0.001835 0.008603 -0.007352
v 0.001828 0.008603 -0.007353
v 0.001821 0.008603 -0.007355
v 0.001821 0.008594 -0.007355
v 0.001821 0.008603 -0.007355
v 0.001815 0.008603 -0.007358
v 0.001809 0.008603 -0.007363
v 0.001804 0.008603 -0.007367
v 0.001809 0.008603 -0.007363
v 0.001800 0.008603 -0.007373
v 0.001804 0.008603 -0.007367
v 0.001800 0.008603 -0.007373
v 0.001796 0.008603 -0.007379
v 0.001800 0.008603 -0.007373
v 0.001794 0.008603 -0.007386
v 0.001796 0.008603 -0.007379
v 0.001794 0.008603 -0.007386
v 0.001791 0.008594 -0.007400
v 0.001791 0.008603 -0.007400
v 0.001791 0.008603 -0.007400
v 0.001791 0.008603 -0.007400
v 0.001792 0.008603 -0.007393
v 0.001888 0.008594 -0.007405
v 0.001888 0.008594 -0.007409
v 0.001930 0.008553 -0.007409
v 0.001888 0.008594 -0.007409
v 0.001886 0.008594 -0.007414
v 0.001928 0.008553 -0.007418
v 0.001886 0.008594 -0.007414
v 0.001926 0.008553 -0.007426
v 0.001928 0.008553 -0.007418
v 0.001885 0.008594 -0.007419
v 0.001923 0.008553 -0.007434
v 0.001926 0.008553 -0.007426
v 0.001883 0.008594 -0.007423
v 0.001923 0.008553 -0.007434
v 0.001885 0.008594 -0.007419
v 0.001880 0.008594 -0.007427
v 0.001919 0.008553 -0.007442
v 0.001883 0.008594 -0.007423
v 0.001915 0.008553 -0.007450
v 0.001919 0.008553 -0.007442
v 0.001880 0.008594 -0.007427
v 0.001910 0.008553 -0.007457
v 0.001915 0.008553 -0.007450
v 0.001877 0.008594 -0.007431
v 0.001904 0.008553 -0.007464
v 0.001910 0.008553 -0.007457
v 0.001874 0.008594 -0.007434
v 0.001904 0.008553 -0.007464
v 0.001874 0.008594 -0.007434
v 0.001871 0.008594 -0.007437
v 0.001897 0.008553 -0.007470
v 0.001871 0.008594 -0.007437
v 0.001867 0.008594 -0.007440
v 0.001890 0.008553 -0.007475
v 0.001867 0.008594 -0.007440
v 0.001863 0.008594 -0.007443
v 0.001890 0.008553 -0.007475
v 0.001863 0.008594 -0.007443
v 0.001882 0.008553 -0.007479
v 0.001882 0.008553 -0.007479
v 0.001859 0.008594 -0.007445
v 0.001874 0.008553 -0.007483
v 0.001859 0.008594 -0.007445
v 0.001854 0.008594 -0.007446
v 0.001874 0.008553 -0.007483
v 0.001854 0.008594 -0.007446
v 0.001849 0.008594 -0.007448
v 0.001866 0.008553 -0.007486
v 0.001849 0.008594 -0.007448
v 0.001845 0.008594 -0.007448
v 0.001858 0.008553 -0.007488
v 0.001845 0.008594 -0.007448
v 0.001849 0.008553 -0.007490
v 0.001858 0.008553 -0.007488
v 0.001840 0.008594 -0.007448
v 0.001840 0.008553 -0.007490
v 0.001849 0.008553 -0.007490
v 0.001835 0.008594 -0.007448
v 0.001840 0.008553 -0.007490
v 0.001840 0.008594 -0.007448
v 0.001831 0.008594 -0.007448
v 0.001831 0.008553 -0.007490
v 0.001835 0.008594 -0.007448
v 0.001826 0.008594 -0.007446
v 0.001822 0.008553 -0.007488
v 0.001831 0.008594 -0.007448
v 0.001814 0.008553 -0.007486
v 0.001822 0.008553 -0.007488
v 0.001826 0.008594 -0.007446
v 0.001806 0.008553 -0.007483
v 0.001814 0.008553 -0.007486
v 0.001821 0.008594 -0.007445
v 0.001806 0.008553 -0.007483
v 0.001821 0.008594 -0.007445
v 0.001817 0.008594 -0.007443
v 0.001798 0.008553 -0.007479
v 0.001817 0.008594 -0.007443
v 0.001813 0.008594 -0.007440
v 0.001790 0.008553 -0.007475
v 0.001813 0.008594 -0.007440
v 0.001809 0.008594 -0.007437
v 0.001790 0.008553 -0.007475
v 0.001809 0.008594 -0.007437
v 0.001783 0.008553 -0.007470
v 0.001783 0.008553 -0.007470
v 0.001806 0.008594 -0.007434
v 0.001776 0.008553 -0.007464
v 0.001806 0.008594 -0.007434
v 0.001803 0.008594 -0.007431
v 0.001776 0.008553 -0.007464
v 0.001803 0.008594 -0.007431
v 0.001800 0.008594 -0.007427
v 0.001770 0.008553 -0.007457
v 0.001800 0.008594 -0.007427
v 0.001797 0.008594 -0.007423
v 0.001765 0.008553 -0.007450
v 0.001797 0.008594 -0.007423
v 0.001761 0.008553 -0.007442
v 0.001765 0.008553 -0.007450
v 0.001795 0.008594 -0.007419
v 0.001757 0.008553 -0.007434
v 0.001761 0.008553 -0.007442
v 0.001794 0.008594 -0.007414
v 0.001757 0.008553 -0.007434
v 0.001795 0.008594 -0.007419
v 0.001792 0.008594 -0.007409
v 0.001754 0.008553 -0.007426
v 0.001794 0.008594 -0.007414
v 0.001792 0.008594 -0.007405
v 0.001752 0.008553 -0.007418
v 0.001792 0.008594 -0.007409
v 0.001750 0.008553 -0.007409
v 0.001752 0.008553 -0.007418
v 0.001792 0.008594 -0.007405
v 0.001750 0.008553 -0.007400
v 0.001750 0.008553 -0.007409
v 0.001791 0.008594 -0.007400
v 0.001750 0.008553 -0.007400
v 0.001791 0.008594 -0.007400
v 0.001792 0.008594 -0.007395
v 0.001750 0.008553 -0.007391
v 0.001792 0.008594 -0.007395
v 0.001792 0.008594 -0.007391
v 0.001752 0.008553 -0.007382
v 0.001792 0.008594 -0.007391
v 0.001794 0.008594 -0.007386
v 0.001752 0.008553 -0.007382
v 0.001794 0.008594 -0.007386
v 0.001754 0.008553 -0.007374
v 0.001754 0.008553 -0.007374
v 0.001795 0.008594 -0.007381
v 0.001757 0.008553 -0.007366
v 0.001795 0.008594 -0.007381
v 0.001797 0.008594 -0.007377
v 0.001757 0.008553 -0.007366
v 0.001797 0.008594 -0.007377
v 0.001800 0.008594 -0.007373
v 0.001761 0.008553 -0.007358
v 0.001800 0.008594 -0.007373
v 0.001803 0.008594 -0.007369
v 0.001765 0.008553 -0.007350
v 0.001803 0.008594 -0.007369
v 0.001770 0.008553 -0.007343
v 0.001765 0.008553 -0.007350
v 0.001806 0.008594 -0.007366
v 0.001776 0.008553 -0.007336
v 0.001770 0.008553 -0.007343
v 0.001809 0.008594 -0.007363
v 0.001776 0.008553 -0.007336
v 0.001806 0.008594 -0.007366
v 0.001813 0.008594 -0.007360
v 0.001783 0.008553 -0.007330
v 0.001809 0.008594 -0.007363
v 0.001817 0.008594 -0.007357
v 0.001790 0.008553 -0.007325
v 0.001813 0.008594 -0.007360
v 0.001798 0.008553 -0.007321
v 0.001817 0.008594 -0.007357
v 0.001821 0.008594 -0.007355
v 0.001831 0.008594 -0.007352
v 0.001814 0.008553 -0.007314
v 0.001826 0.008594 -0.007354
v 0.001835 0.008594 -0.007352
v 0.001840 0.008594 -0.007351
v 0.001831 0.008553 -0.007310
v 0.001849 0.008553 -0.007310
v 0.001845 0.008594 -0.007352
v 0.001849 0.008594 -0.007352
v 0.001859 0.008594 -0.007355
v 0.001866 0.008553 -0.007314
v 0.001854 0.008594 -0.007354
v 0.001863 0.008594 -0.007357
v 0.001867 0.008594 -0.007360
v 0.001882 0.008553 -0.007321
v 0.001897 0.008553 -0.007330
v 0.001871 0.008594 -0.007363
v 0.001874 0.008594 -0.007366
v 0.001919 0.008553 -0.007358
v 0.001883 0.008594 -0.007377
v 0.001885 0.008594 -0.007381
v 0.001926 0.008553 -0.007374
v 0.001923 0.008553 -0.007366
v 0.001886 0.008594 -0.007386
v 0.001888 0.008594 -0.007395
v 0.001930 0.008553 -0.007391
v 0.001928 0.008553 -0.007382
v 0.001888 0.008594 -0.007409
v 0.001928 0.008553 -0.007418
v 0.001930 0.008553 -0.007409
v 0.001880 0.008594 -0.007373
v 0.001910 0.008553 -0.007343
v 0.001877 0.008594 -0.007369
v 0.001930 0.008553 -0.007391
v 0.001888 0.008594 -0.007400
v 0.001930 0.008553 -0.007400
v 0.001888 0.008594 -0.007395
v 0.001888 0.008594 -0.007400
v 0.001930 0.008553 -0.007391
v 0.001888 0.008594 -0.007391
v 0.001888 0.008594 -0.007395
v 0.001928 0.008553 -0.007382
v 0.001888 0.008594 -0.007391
v 0.001928 0.008553 -0.007382
v 0.001926 0.008553 -0.007374
v 0.001888 0.008594 -0.007391
v 0.001926 0.008553 -0.007374
v 0.001886 0.008594 -0.007386
v 0.001886 0.008594 -0.007386
v 0.001923 0.008553 -0.007366
v 0.001885 0.008594 -0.007381
v 0.001923 0.008553 -0.007366
v 0.001919 0.008553 -0.007358
v 0.001885 0.008594 -0.007381
v 0.001919 0.008553 -0.007358
v 0.001915 0.008553 -0.007350
v 0.001883 0.008594 -0.007377
v 0.001915 0.008553 -0.007350
v 0.001880 0.008594 -0.007373
v 0.001883 0.008594 -0.007377
v 0.001910 0.008553 -0.007343
v 0.001880 0.008594 -0.007373
v 0.001915 0.008553 -0.007350
v 0.001904 0.008553 -0.007336
v 0.001877 0.008594 -0.007369
v 0.001910 0.008553 -0.007343
v 0.001874 0.008594 -0.007366
v 0.001877 0.008594 -0.007369
v 0.001904 0.008553 -0.007336
v 0.001874 0.008594 -0.007366
v 0.001904 0.008553 -0.007336
v 0.001897 0.008553 -0.007330
v 0.001871 0.008594 -0.007363
v 0.001897 0.008553 -0.007330
v 0.001890 0.008553 -0.007325
v 0.001871 0.008594 -0.007363
v 0.001890 0.008553 -0.007325
v 0.001867 0.008594 -0.007360
v 0.001890 0.008553 -0.007325
v 0.001882 0.008553 -0.007321
v 0.001867 0.008594 -0.007360
v 0.001882 0.008553 -0.007321
v 0.001874 0.008553 -0.007317
v 0.001863 0.008594 -0.007357
v 0.001874 0.008553 -0.007317
v 0.001859 0.008594 -0.007355
v 0.001863 0.008594 -0.007357
v 0.001866 0.008553 -0.007314
v 0.001859 0.008594 -0.007355
v 0.001874 0.008553 -0.007317
v 0.001858 0.008553 -0.007312
v 0.001854 0.008594 -0.007354
v 0.001866 0.008553 -0.007314
v 0.001849 0.008594 -0.007352
v 0.001854 0.008594 -0.007354
v 0.001858 0.008553 -0.007312
v 0.001849 0.008594 -0.007352
v 0.001858 0.008553 -0.007312
v 0.001849 0.008553 -0.007310
v 0.001845 0.008594 -0.007352
v 0.001849 0.008553 -0.007310
v 0.001840 0.008553 -0.007310
v 0.001845 0.008594 -0.007352
v 0.001840 0.008553 -0.007310
v 0.001840 0.008594 -0.007351
v 0.001840 0.008553 -0.007310
v 0.001831 0.008553 -0.007310
v 0.001840 0.008594 -0.007351
v 0.001831 0.008553 -0.007310
v 0.001822 0.008553 -0.007312
v 0.001835 0.008594 -0.007352
v 0.001822 0.008553 -0.007312
v 0.001831 0.008594 -0.007352
v 0.001835 0.008594 -0.007352
v 0.001814 0.008553 -0.007314
v 0.001831 0.008594 -0.007352
v 0.001822 0.008553 -0.007312
v 0.001806 0.008553 -0.007317
v 0.001826 0.008594 -0.007354
v 0.001814 0.008553 -0.007314
v 0.001821 0.008594 -0.007355
v 0.001826 0.008594 -0.007354
v 0.001806 0.008553 -0.007317
v 0.001821 0.008594 -0.007355
v 0.001806 0.008553 -0.007317
v 0.001798 0.008553 -0.007321
v 0.001817 0.008594 -0.007357
v 0.001798 0.008553 -0.007321
v 0.001790 0.008553 -0.007325
v 0.001790 0.008553 -0.007325
v 0.001783 0.008553 -0.007330
v 0.001813 0.008594 -0.007360
v 0.001783 0.008553 -0.007330
v 0.001776 0.008553 -0.007336
v 0.001809 0.008594 -0.007363
v 0.001806 0.008594 -0.007366
v 0.001770 0.008553 -0.007343
v 0.001803 0.008594 -0.007369
v 0.001800 0.008594 -0.007373
v 0.001765 0.008553 -0.007350
v 0.001761 0.008553 -0.007358
v 0.001797 0.008594 -0.007377
v 0.001761 0.008553 -0.007358
v 0.001757 0.008553 -0.007366
v 0.001794 0.008594 -0.007386
v 0.001795 0.008594 -0.007381
v 0.001754 0.008553 -0.007374
v 0.001750 0.008553 -0.007391
v 0.001792 0.008594 -0.007391
v 0.001752 0.008553 -0.007382
v 0.001750 0.008553 -0.007400
v 0.001792 0.008594 -0.007395
v 0.001750 0.008553 -0.007391
v 0.001750 0.008553 -0.007409
v 0.001792 0.008594 -0.007405
v 0.001791 0.008594 -0.007400
v 0.001752 0.008553 -0.007418
v 0.001754 0.008553 -0.007426
v 0.001792 0.008594 -0.007409
v 0.001754 0.008553 -0.007426
v 0.001757 0.008553 -0.007434
v 0.001794 0.008594 -0.007414
v 0.001795 0.008594 -0.007419
v 0.001761 0.008553 -0.007442
v 0.001797 0.008594 -0.007423
v 0.001800 0.008594 -0.007427
v 0.001765 0.008553 -0.007450
v 0.001770 0.008553 -0.007457
v 0.001803 0.008594 -0.007431
v 0.001770 0.008553 -0.007457
v 0.001776 0.008553 -0.007464
v 0.001809 0.008594 -0.007437
v 0.001806 0.008594 -0.007434
v 0.001783 0.008553 -0.007470
v 0.001798 0.008553 -0.007479
v 0.001813 0.008594 -0.007440
v 0.001790 0.008553 -0.007475
v 0.001806 0.008553 -0.007483
v 0.001817 0.008594 -0.007443
v 0.001798 0.008553 -0.007479
v 0.001814 0.008553 -0.007486
v 0.001826 0.008594 -0.007446
v 0.001821 0.008594 -0.007445
v 0.001822 0.008553 -0.007488
v 0.001831 0.008553 -0.007490
v 0.001831 0.008594 -0.007448
v 0.001831 0.008553 -0.007490
v 0.001840 0.008553 -0.007490
v 0.001835 0.008594 -0.007448
v 0.001840 0.008594 -0.007448
v 0.001849 0.008553 -0.007490
v 0.001845 0.008594 -0.007448
v 0.001849 0.008594 -0.007448
v 0.001858 0.008553 -0.007488
v 0.001866 0.008553 -0.007486
v 0.001854 0.008594 -0.007446
v 0.001866 0.008553 -0.007486
v 0.001874 0.008553 -0.007483
v 0.001863 0.008594 -0.007443
v 0.001859 0.008594 -0.007445
v 0.001882 0.008553 -0.007479
v 0.001897 0.008553 -0.007470
v 0.001867 0.008594 -0.007440
v 0.001890 0.008553 -0.007475
v 0.001904 0.008553 -0.007464
v 0.001871 0.008594 -0.007437
v 0.001897 0.008553 -0.007470
v 0.001910 0.008553 -0.007457
v 0.001877 0.008594 -0.007431
v 0.001874 0.008594 -0.007434
v 0.001915 0.008553 -0.007450
v 0.001880 0.008594 -0.007427
v 0.001877 0.008594 -0.007431
v 0.001919 0.008553 -0.007442
v 0.001923 0.008553 -0.007434
v 0.001883 0.008594 -0.007423
v 0.001885 0.008594 -0.007419
v 0.001926 0.008553 -0.007426
v 0.001886 0.008594 -0.007414
v 0.001888 0.008594 -0.007400
v 0.001888 0.008594 -0.007405
v 0.001930 0.008553 -0.007409
v 0.001930 0.008553 -0.007409
v 0.001930 0.008553 -0.007400
v 0.001888 0.008594 -0.007400
v 0.001640 0.008603 -0.006836
v 0.001640 0.008603 -0.006836
v 0.001640 0.008553 -0.006836
v 0.001641 0.008603 -0.006832
v 0.001640 0.008603 -0.006836
v 0.001640 0.008553 -0.006836
v 0.001641 0.008553 -0.006832
v 0.001641 0.008603 -0.006832
v 0.001640 0.008553 -0.006836
v 0.001641 0.008553 -0.006832
v 0.001642 0.008603 -0.006828
v 0.001641 0.008603 -0.006832
v 0.001641 0.008553 -0.006832
v 0.001642 0.008553 -0.006828
v 0.001642 0.008603 -0.006828
v 0.001642 0.008603 -0.006828
v 0.001642 0.008553 -0.006828
v 0.001643 0.008603 -0.006825
v 0.001643 0.008603 -0.006825
v 0.001642 0.008553 -0.006828
v 0.001643 0.008553 -0.006825
v 0.001645 0.008603 -0.006821
v 0.001643 0.008603 -0.006825
v 0.001643 0.008553 -0.006825
v 0.001645 0.008553 -0.006821
v 0.001645 0.008603 -0.006821
v 0.001643 0.008553 -0.006825
v 0.001645 0.008553 -0.006821
v 0.001647 0.008603 -0.006818
v 0.001645 0.008603 -0.006821
v 0.001645 0.008553 -0.006821
v 0.001647 0.008553 -0.006818
v 0.001647 0.008603 -0.006818
v 0.001647 0.008603 -0.006818
v 0.001647 0.008553 -0.006818
v 0.001649 0.008603 -0.006815
v 0.001649 0.008603 -0.006815
v 0.001647 0.008553 -0.006818
v 0.001649 0.008553 -0.006815
v 0.001655 0.008553 -0.006809
v 0.001658 0.008553 -0.006807
v 0.001658 0.008603 -0.006807
v 0.001658 0.008553 -0.006807
v 0.001661 0.008603 -0.006805
v 0.001658 0.008603 -0.006807
v 0.001676 0.008553 -0.006800
v 0.001676 0.008553 -0.006800
v 0.001676 0.008603 -0.006800
v 0.001672 0.008553 -0.006801
v 0.001676 0.008553 -0.006800
v 0.001676 0.008603 -0.006800
v 0.001672 0.008603 -0.006801
v 0.001672 0.008553 -0.006801
v 0.001676 0.008603 -0.006800
v 0.001672 0.008603 -0.006801
v 0.001668 0.008553 -0.006802
v 0.001672 0.008553 -0.006801
v 0.001672 0.008603 -0.006801
v 0.001668 0.008603 -0.006802
v 0.001668 0.008553 -0.006802
v 0.001668 0.008553 -0.006802
v 0.001668 0.008603 -0.006802
v 0.001665 0.008553 -0.006803
v 0.001665 0.008553 -0.006803
v 0.001668 0.008603 -0.006802
v 0.001665 0.008603 -0.006803
v 0.001661 0.008553 -0.006805
v 0.001665 0.008553 -0.006803
v 0.001665 0.008603 -0.006803
v 0.001661 0.008603 -0.006805
v 0.001661 0.008553 -0.006805
v 0.001665 0.008603 -0.006803
v 0.001661 0.008603 -0.006805
v 0.001658 0.008553 -0.006807
v 0.001661 0.008553 -0.006805
v 0.001658 0.008603 -0.006807
v 0.001655 0.008603 -0.006809
v 0.001655 0.008553 -0.006809
v 0.001655 0.008553 -0.006809
v 0.001655 0.008603 -0.006809
v 0.001652 0.008553 -0.006812
v 0.001652 0.008553 -0.006812
v 0.001655 0.008603 -0.006809
v 0.001652 0.008603 -0.006812
v 0.001649 0.008553 -0.006815
v 0.001652 0.008553 -0.006812
v 0.001652 0.008603 -0.006812
v 0.001649 0.008553 -0.006815
v 0.001652 0.008603 -0.006812
v 0.001649 0.008603 -0.006815
v 0.002004 0.008603 -0.006800
v 0.002004 0.008603 -0.006800
v 0.002004 0.008553 -0.006800
v 0.002008 0.008603 -0.006801
v 0.002008 0.008603 -0.006801
v 0.002004 0.008553 -0.006800
v 0.002008 0.008553 -0.006801
v 0.002012 0.008603 -0.006802
v 0.002008 0.008553 -0.006801
v 0.002012 0.008553 -0.006802
v 0.002015 0.008603 -0.006803
v 0.002012 0.008603 -0.006802
v 0.002012 0.008553 -0.006802
v 0.002019 0.008603 -0.006805
v 0.002015 0.008603 -0.006803
v 0.002015 0.008553 -0.006803
v 0.002022 0.008603 -0.006807
v 0.002019 0.008603 -0.006805
v 0.002019 0.008553 -0.006805
v 0.002022 0.008553 -0.006807
v 0.002022 0.008603 -0.006807
v 0.002019 0.008553 -0.006805
v 0.002025 0.008553 -0.006809
v 0.002025 0.008603 -0.006809
v 0.002022 0.008553 -0.006807
v 0.002025 0.008553 -0.006809
v 0.002028 0.008603 -0.006812
v 0.002025 0.008603 -0.006809
v 0.002028 0.008553 -0.006812
v 0.002031 0.008603 -0.006815
v 0.002028 0.008603 -0.006812
v 0.002028 0.008553 -0.006812
v 0.002031 0.008553 -0.006815
v 0.002031 0.008603 -0.006815
v 0.002031 0.008553 -0.006815
v 0.002033 0.008553 -0.006818
v 0.002033 0.008603 -0.006818
v 0.002033 0.008603 -0.006818
v 0.002033 0.008553 -0.006818
v 0.002035 0.008603 -0.006821
v 0.002035 0.008603 -0.006821
v 0.002035 0.008553 -0.006821
v 0.002037 0.008603 -0.006825
v 0.002037 0.008603 -0.006825
v 0.002035 0.008553 -0.006821
v 0.002037 0.008553 -0.006825
v 0.002040 0.008553 -0.006836
v 0.002040 0.008603 -0.006836
v 0.002040 0.008553 -0.006836
v 0.002040 0.008603 -0.006836
v 0.002039 0.008553 -0.006832
v 0.002040 0.008553 -0.006836
v 0.002040 0.008603 -0.006836
v 0.002039 0.008603 -0.006832
v 0.002039 0.008553 -0.006832
v 0.002039 0.008553 -0.006832
v 0.002039 0.008603 -0.006832
v 0.002038 0.008553 -0.006828
v 0.002038 0.008553 -0.006828
v 0.002039 0.008603 -0.006832
v 0.002038 0.008603 -0.006828
v 0.002037 0.008553 -0.006825
v 0.002038 0.008553 -0.006828
v 0.002038 0.008603 -0.006828
v 0.002037 0.008603 -0.006825
v 0.002037 0.008553 -0.006825
v 0.002038 0.008603 -0.006828
v 0.002033 0.008553 -0.006818
v 0.002035 0.008553 -0.006821
v 0.002035 0.008603 -0.006821
v 0.002031 0.008553 -0.006815
v 0.002033 0.008603 -0.006818
v 0.002031 0.008603 -0.006815
v 0.002028 0.008553 -0.006812
v 0.002028 0.008603 -0.006812
v 0.002025 0.008553 -0.006809
v 0.002025 0.008603 -0.006809
v 0.002022 0.008603 -0.006807
v 0.002022 0.008553 -0.006807
v 0.002019 0.008603 -0.006805
v 0.002015 0.008553 -0.006803
v 0.002019 0.008553 -0.006805
v 0.002015 0.008603 -0.006803
v 0.002012 0.008553 -0.006802
v 0.002015 0.008553 -0.006803
v 0.002004 0.008553 -0.006800
v 0.002004 0.008603 -0.006800
v 0.002008 0.008553 -0.006801
v 0.002012 0.008603 -0.006802
v 0.002008 0.008603 -0.006801
v 0.002040 0.008603 -0.007564
v 0.002040 0.008603 -0.007564
v 0.002040 0.008553 -0.007564
v 0.002039 0.008603 -0.007568
v 0.002040 0.008603 -0.007564
v 0.002040 0.008553 -0.007564
v 0.002039 0.008553 -0.007568
v 0.002039 0.008603 -0.007568
v 0.002040 0.008553 -0.007564
v 0.002039 0.008553 -0.007568
v 0.002038 0.008603 -0.007572
v 0.002039 0.008603 -0.007568
v 0.002039 0.008553 -0.007568
v 0.002038 0.008553 -0.007572
v 0.002038 0.008603 -0.007572
v 0.002038 0.008603 -0.007572
v 0.002038 0.008553 -0.007572
v 0.002037 0.008603 -0.007575
v 0.002037 0.008603 -0.007575
v 0.002038 0.008553 -0.007572
v 0.002037 0.008553 -0.007575
v 0.002035 0.008603 -0.007579
v 0.002037 0.008603 -0.007575
v 0.002037 0.008553 -0.007575
v 0.002035 0.008553 -0.007579
v 0.002035 0.008603 -0.007579
v 0.002037 0.008553 -0.007575
v 0.002035 0.008553 -0.007579
v 0.002033 0.008603 -0.007582
v 0.002035 0.008603 -0.007579
v 0.002035 0.008553 -0.007579
v 0.002033 0.008553 -0.007582
v 0.002033 0.008603 -0.007582
v 0.002033 0.008603 -0.007582
v 0.002033 0.008553 -0.007582
v 0.002031 0.008603 -0.007585
v 0.002031 0.008603 -0.007585
v 0.002033 0.008553 -0.007582
v 0.002031 0.008553 -0.007585
v 0.002028 0.008603 -0.007588
v 0.002031 0.008603 -0.007585
v 0.002031 0.008553 -0.007585
v 0.002028 0.008553 -0.007588
v 0.002028 0.008603 -0.007588
v 0.002031 0.008553 -0.007585
v 0.002004 0.008553 -0.007600
v 0.002004 0.008603 -0.007600
v 0.002004 0.008553 -0.007600
v 0.002004 0.008603 -0.007600
v 0.002008 0.008553 -0.007599
v 0.002004 0.008553 -0.007600
v 0.002004 0.008603 -0.007600
v 0.002008 0.008603 -0.007599
v 0.002008 0.008553 -0.007599
v 0.002008 0.008553 -0.007599
v 0.002008 0.008603 -0.007599
v 0.002012 0.008553 -0.007598
v 0.002012 0.008553 -0.007598
v 0.002008 0.008603 -0.007599
v 0.002012 0.008603 -0.007598
v 0.002015 0.008553 -0.007597
v 0.002012 0.008553 -0.007598
v 0.002012 0.008603 -0.007598
v 0.002015 0.008603 -0.007597
v 0.002015 0.008553 -0.007597
v 0.002012 0.008603 -0.007598
v 0.002015 0.008603 -0.007597
v 0.002019 0.008553 -0.007595
v 0.002015 0.008553 -0.007597
v 0.002015 0.008603 -0.007597
v 0.002019 0.008603 -0.007595
v 0.002019 0.008553 -0.007595
v 0.002019 0.008553 -0.007595
v 0.002019 0.008603 -0.007595
v 0.002022 0.008553 -0.007593
v 0.002022 0.008553 -0.007593
v 0.002019 0.008603 -0.007595
v 0.002022 0.008603 -0.007593
v 0.002025 0.008553 -0.007591
v 0.002022 0.008553 -0.007593
v 0.002022 0.008603 -0.007593
v 0.002025 0.008603 -0.007591
v 0.002025 0.008553 -0.007591
v 0.002022 0.008603 -0.007593
v 0.002025 0.008603 -0.007591
v 0.002028 0.008553 -0.007588
v 0.002025 0.008553 -0.007591
v 0.002028 0.008603 -0.007588
v 0.002028 0.008553 -0.007588
v 0.002025 0.008603 -0.007591
v 0.001676 0.008603 -0.007600
v 0.001676 0.008603 -0.007600
v 0.001676 0.008553 -0.007600
v 0.001672 0.008603 -0.007599
v 0.001676 0.008603 -0.007600
v 0.001676 0.008553 -0.007600
v 0.001672 0.008553 -0.007599
v 0.001672 0.008603 -0.007599
v 0.001676 0.008553 -0.007600
v 0.001672 0.008553 -0.007599
v 0.001668 0.008603 -0.007598
v 0.001672 0.008603 -0.007599
v 0.001672 0.008553 -0.007599
v 0.001668 0.008553 -0.007598
v 0.001668 0.008603 -0.007598
v 0.001668 0.008603 -0.007598
v 0.001668 0.008553 -0.007598
v 0.001665 0.008603 -0.007597
v 0.001665 0.008603 -0.007597
v 0.001668 0.008553 -0.007598
v 0.001665 0.008553 -0.007597
v 0.001661 0.008603 -0.007595
v 0.001665 0.008603 -0.007597
v 0.001665 0.008553 -0.007597
v 0.001661 0.008553 -0.007595
v 0.001661 0.008603 -0.007595
v 0.001665 0.008553 -0.007597
v 0.001661 0.008553 -0.007595
v 0.001658 0.008603 -0.007593
v 0.001661 0.008603 -0.007595
v 0.001661 0.008553 -0.007595
v 0.001658 0.008553 -0.007593
v 0.001658 0.008603 -0.007593
v 0.001658 0.008603 -0.007593
v 0.001658 0.008553 -0.007593
v 0.001655 0.008603 -0.007591
v 0.001655 0.008603 -0.007591
v 0.001658 0.008553 -0.007593
v 0.001655 0.008553 -0.007591
v 0.001652 0.008603 -0.007588
v 0.001655 0.008603 -0.007591
v 0.001655 0.008553 -0.007591
v 0.001652 0.008553 -0.007588
v 0.001652 0.008603 -0.007588
v 0.001655 0.008553 -0.007591
v 0.001652 0.008553 -0.007588
v 0.001649 0.008603 -0.007585
v 0.001652 0.008603 -0.007588
v 0.001640 0.008553 -0.007564
v 0.001640 0.008603 -0.007564
v 0.001640 0.008553 -0.007564
v 0.001640 0.008603 -0.007564
v 0.001641 0.008553 -0.007568
v 0.001640 0.008553 -0.007564
v 0.001640 0.008603 -0.007564
v 0.001641 0.008603 -0.007568
v 0.001641 0.008553 -0.007568
v 0.001641 0.008553 -0.007568
v 0.001641 0.008603 -0.007568
v 0.001642 0.008553 -0.007572
v 0.001642 0.008553 -0.007572
v 0.001641 0.008603 -0.007568
v 0.001642 0.008603 -0.007572
v 0.001643 0.008553 -0.007575
v 0.001642 0.008553 -0.007572
v 0.001642 0.008603 -0.007572
v 0.001643 0.008603 -0.007575
v 0.001643 0.008553 -0.007575
v 0.001642 0.008603 -0.007572
v 0.001643 0.008603 -0.007575
v 0.001645 0.008553 -0.007579
v 0.001643 0.008553 -0.007575
v 0.001643 0.008603 -0.007575
v 0.001645 0.008603 -0.007579
v 0.001645 0.008553 -0.007579
v 0.001645 0.008553 -0.007579
v 0.001645 0.008603 -0.007579
v 0.001647 0.008553 -0.007582
v 0.001647 0.008553 -0.007582
v 0.001645 0.008603 -0.007579
v 0.001647 0.008603 -0.007582
v 0.001649 0.008553 -0.007585
v 0.001647 0.008553 -0.007582
v 0.001647 0.008603 -0.007582
v 0.001649 0.008603 -0.007585
v 0.001649 0.008553 -0.007585
v 0.001647 0.008603 -0.007582
v 0.001649 0.008603 -0.007585
v 0.001652 0.008553 -0.007588
v 0.001649 0.008553 -0.007585
vn -0.0000 -0.0000 1.0000
vn -1.0000 -0.0000 -0.0000
vn -0.0000 -0.0000 -1.0000
vn 1.0000 -0.0000 -0.0000
vn -0.0000 -1.0000 -0.0000
vn -0.0000 -1.0000 0.0002
vn -0.0000 -1.0000 -0.0001
vn -0.0000 -1.0000 0.0001
vn -0.0000 -1.0000 -0.0002
vn -0.0000 -1.0000 -0.0003
vn -0.0000 1.0000 -0.0000
vn -0.0000 1.0000 0.0002
vn -0.0000 1.0000 -0.0001
vn -0.0000 1.0000 0.0003
vn -0.0000 1.0000 -0.0002
vn -0.0000 1.0000 0.0001
vn -0.0000 1.0000 -0.0003
vn 0.9892 -0.0000 -0.1467
vn 0.9569 -0.0000 -0.2903
vn 0.9808 -0.0000 -0.1951
vn 0.9808 -0.0000 -0.1952
vn 0.9040 -0.0000 -0.4276
vn 0.8819 -0.0000 -0.4714
vn 0.9239 -0.0000 -0.3827
vn 0.8315 -0.0000 -0.5556
vn 0.7409 -0.0000 -0.6716
vn 0.7071 -0.0000 -0.7071
vn 0.7730 -0.0000 -0.6344
vn 0.6344 -0.0000 -0.7730
vn 0.5556 -0.0000 -0.8314
vn 0.5142 -0.0000 -0.8577
vn 0.4714 -0.0000 -0.8819
vn 0.5141 -0.0000 -0.8577
vn 0.3827 -0.0000 -0.9239
vn 0.2903 -0.0000 -0.9569
vn 0.2430 -0.0000 -0.9700
vn 0.1951 -0.0000 -0.9808
vn 0.0980 -0.0000 -0.9952
vn -0.0491 -0.0000 -0.9988
vn -0.0980 -0.0000 -0.9952
vn -0.1951 -0.0000 -0.9808
vn -0.2903 -0.0000 -0.9569
vn -0.3369 -0.0000 -0.9415
vn -0.3826 -0.0000 -0.9239
vn -0.3827 -0.0000 -0.9239
vn -0.4714 -0.0000 -0.8819
vn -0.5957 -0.0000 -0.8032
vn -0.5556 -0.0000 -0.8315
vn -0.6344 -0.0000 -0.7730
vn -0.7070 -0.0000 -0.7072
vn -0.7073 -0.0000 -0.7069
vn -0.8032 -0.0000 -0.5957
vn -0.7730 -0.0000 -0.6344
vn -0.8819 -0.0000 -0.4714
vn -0.8315 -0.0000 -0.5556
vn -0.9239 -0.0000 -0.3827
vn -0.9415 -0.0000 -0.3369
vn -0.9808 -0.0000 -0.1951
vn -0.9569 -0.0000 -0.2903
vn -0.9808 -0.0000 -0.1950
vn -0.9952 -0.0000 -0.0980
vn -0.9988 -0.0000 -0.0491
vn -0.9952 -0.0000 0.0980
vn -0.9239 -0.0000 0.3827
vn -0.9569 -0.0000 0.2903
vn -0.8577 -0.0000 0.5141
vn -0.8315 -0.0000 0.5556
vn -0.8819 -0.0000 0.4714
vn -0.7730 -0.0000 0.6344
vn -0.7071 -0.0000 0.7071
vn -0.6715 -0.0000 0.7410
vn -0.5556 -0.0000 0.8315
vn -0.6344 -0.0000 0.7730
vn -0.4276 -0.0000 0.9040
vn -0.4714 -0.0000 0.8819
vn -0.3827 -0.0000 0.9239
vn -0.2903 -0.0000 0.9569
vn -0.1468 -0.0000 0.9892
vn -0.1951 -0.0000 0.9808
vn -0.1466 -0.0000 0.9892
vn -0.0980 -0.0000 0.9952
vn 0.0980 -0.0000 0.9952
vn 0.1950 -0.0000 0.9808
vn 0.1951 -0.0000 0.9808
vn 0.2903 -0.0000 0.9569
vn 0.3827 -0.0000 0.9239
vn 0.3826 -0.0000 0.9239
vn 0.4714 -0.0000 0.8819
vn 0.5556 -0.0000 0.8315
vn 0.6344 -0.0000 0.7730
vn 0.7071 -0.0000 0.7071
vn 0.7730 -0.0000 0.6344
vn 0.8819 -0.0000 0.4714
vn 0.8819 -0.0000 0.4715
vn 0.8315 -0.0000 0.5556
vn 0.9239 -0.0000 0.3827
vn 0.9569 -0.0000 0.2903
vn 0.9808 -0.0000 0.1951
vn 0.9808 -0.0000 0.1952
vn 0.9952 -0.0000 0.0980
vn 0.9808 -0.0000 0.1950
vn 0.9892 -0.0000 -0.1466
vn 0.9808 -0.0000 -0.1950
vn 0.9952 -0.0000 -0.0980
vn -0.1950 -0.0000 0.9808
vn -0.4275 -0.0000 0.9040
vn -0.6716 -0.0000 0.7409
vn -0.8314 -0.0000 0.5556
vn -0.8577 -0.0000 0.5142
vn -0.9700 -0.0000 0.2430
vn -0.9808 -0.0000 0.1951
vn -0.9808 -0.0000 0.1950
vn -0.9988 -0.0000 -0.0490
vn -0.9808 -0.0000 -0.1952
vn -0.9239 -0.0000 -0.3826
vn -0.8819 -0.0000 -0.4715
vn -0.7071 -0.0000 -0.7071
vn -0.5556 -0.0000 -0.8314
vn -0.1950 -0.0000 -0.9808
vn -0.0490 -0.0000 -0.9988
vn 0.1950 -0.0000 -0.9808
vn 0.1952 -0.0000 -0.9808
vn 0.3826 -0.0000 -0.9239
vn 0.5556 -0.0000 -0.8315
vn 0.7410 -0.0000 -0.6715
vn 0.9040 -0.0000 -0.4275
vn -0.7037 -0.7071 0.0693
vn -0.6935 -0.7071 0.1379
vn -0.6935 -0.7071 0.1380
vn -0.6767 -0.7071 0.2052
vn -0.6533 -0.7071 0.2706
vn -0.6767 -0.7071 0.2053
vn -0.6236 -0.7071 0.3333
vn -0.5879 -0.7071 0.3928
vn -0.5466 -0.7071 0.4486
vn -0.5879 -0.7071 0.3929
vn -0.5000 -0.7071 0.5000
vn -0.4486 -0.7071 0.5466
vn -0.3929 -0.7071 0.5879
vn -0.3928 -0.7071 0.5879
vn -0.3333 -0.7071 0.6236
vn -0.2706 -0.7071 0.6533
vn -0.2053 -0.7071 0.6767
vn -0.2052 -0.7071 0.6767
vn -0.1380 -0.7071 0.6935
vn -0.1379 -0.7071 0.6935
vn -0.0693 -0.7071 0.7037
vn -0.0000 -0.7071 0.7071
vn 0.0693 -0.7071 0.7037
vn 0.1379 -0.7071 0.6935
vn 0.2052 -0.7071 0.6767
vn 0.1380 -0.7071 0.6935
vn 0.1381 -0.7071 0.6935
vn 0.2706 -0.7071 0.6533
vn 0.2053 -0.7071 0.6767
vn 0.3333 -0.7071 0.6236
vn 0.3928 -0.7071 0.5879
vn 0.3929 -0.7071 0.5879
vn 0.4486 -0.7071 0.5466
vn 0.5000 -0.7071 0.5000
vn 0.5466 -0.7071 0.4486
vn 0.4999 -0.7071 0.5001
vn 0.5879 -0.7071 0.3929
vn 0.5879 -0.7071 0.3928
vn 0.6236 -0.7071 0.3333
vn 0.6533 -0.7071 0.2706
vn 0.6767 -0.7071 0.2053
vn 0.6935 -0.7071 0.1380
vn 0.6767 -0.7071 0.2052
vn 0.7037 -0.7071 0.0693
vn 0.6935 -0.7071 0.1379
vn 0.7071 -0.7071 -0.0000
vn 0.7037 -0.7071 -0.0693
vn 0.6935 -0.7071 -0.1379
vn 0.6935 -0.7071 -0.1380
vn 0.6767 -0.7071 -0.2052
vn 0.6767 -0.7071 -0.2053
vn 0.6533 -0.7071 -0.2706
vn 0.6236 -0.7071 -0.3333
vn 0.5879 -0.7071 -0.3928
vn 0.5879 -0.7071 -0.3929
vn 0.5466 -0.7071 -0.4486
vn 0.5000 -0.7071 -0.5000
vn 0.4486 -0.7071 -0.5466
vn 0.3929 -0.7071 -0.5879
vn 0.3333 -0.7071 -0.6236
vn 0.3928 -0.7071 -0.5879
vn 0.2706 -0.7071 -0.6533
vn 0.1380 -0.7071 -0.6935
vn 0.2052 -0.7071 -0.6767
vn 0.0693 -0.7071 -0.7037
vn -0.0000 -0.7071 -0.7071
vn -0.0693 -0.7071 -0.7037
vn -0.1379 -0.7071 -0.6935
vn -0.2706 -0.7071 -0.6533
vn -0.2053 -0.7071 -0.6767
vn -0.3333 -0.7071 -0.6236
vn -0.3928 -0.7071 -0.5879
vn -0.4486 -0.7071 -0.5466
vn -0.5000 -0.7071 -0.5000
vn -0.6236 -0.7071 -0.3333
vn -0.6533 -0.7071 -0.2706
vn -0.6767 -0.7071 -0.2053
vn -0.7037 -0.7071 -0.0693
vn -0.6935 -0.7071 -0.1379
vn -0.5879 -0.7071 -0.3929
vn -0.5466 -0.7071 -0.4486
vn -0.7071 -0.7071 -0.0000
vn -0.6935 -0.7071 -0.1380
vn -0.6767 -0.7071 -0.2052
vn -0.5880 -0.7071 -0.3928
vn -0.5879 -0.7071 -0.3928
vn -0.5001 -0.7071 -0.5000
vn -0.3929 -0.7071 -0.5879
vn -0.1380 -0.7071 -0.6935
vn -0.2052 -0.7071 -0.6767
vn 0.1379 -0.7071 -0.6935
vn 0.2053 -0.7071 -0.6767
vn 0.3928 -0.7071 0.5880
vn 0.2705 -0.7071 0.6533
vn 0.8819 -0.0000 -0.4715
vn 0.7073 -0.0000 -0.7069
vn 0.0001 -0.0000 -1.0000
vn -0.3369 -0.0000 -0.9416
vn -0.7072 -0.0000 -0.7071
vn -0.7071 -0.0000 -0.7072
vn -0.9416 -0.0000 -0.3369
vn -0.9239 -0.0000 0.3826
vn -0.8819 -0.0000 0.4715
vn -0.3826 -0.0000 0.9239
vn -0.1467 -0.0000 0.9892
vn 0.1952 -0.0000 0.9808
vn 0.7073 -0.0000 0.7069
vn 0.7069 -0.0000 0.7073
vn 0.9239 -0.0000 0.3826
vn 0.4715 -0.0000 0.8819
vn -0.1952 -0.0000 0.9808
vn -0.4715 -0.0000 0.8819
vn -0.9569 -0.0000 0.2904
vn -0.7072 -0.0000 -0.7070
vn 0.4715 -0.0000 -0.8819
vn 0.9239 -0.0000 -0.3826
vn -0.6935 -0.7071 0.1381
vn 0.5001 -0.7071 0.4999
vn -0.3334 -0.7071 -0.6236
vn -0.5001 -0.7071 -0.4999
vn 0.2053 -0.7071 0.6766
vn -0.8315 -0.0000 0.5555
vn -0.5555 -0.0000 0.8315
vn -0.0981 -0.0000 0.9952
vn -0.5554 -0.0000 0.8316
vn -0.7070 -0.0000 0.7072
vn 0.5555 -0.0000 0.8315
vn 0.7070 -0.0000 0.7072
vn 0.8315 -0.0000 0.5555
vn 0.8316 -0.0000 0.5554
vn 0.9952 -0.0000 0.0981
vn 0.8314 -0.0000 0.5556
vn 0.9952 -0.0000 -0.0981
vn 0.8315 -0.0000 -0.5555
vn 0.5555 -0.0000 -0.8315
vn 0.7070 -0.0000 -0.7072
vn -0.0981 -0.0000 -0.9952
vn -0.5555 -0.0000 -0.8315
vn -0.8315 -0.0000 -0.5555
vn -0.8314 -0.0000 -0.5556
s 1
usemtl Diffuse_51_51_51_100.018
f 1//1 2//1 3//1
f 2//1 4//1 3//1
f 5//2 6//2 7//2
f 6//2 8//2 7//2
f 9//3 10//3 11//3
f 10//3 12//3 11//3
f 13//4 14//4 15//4
f 14//4 16//4 15//4
f 17//5 18//5 19//5
f 20//5 17//5 21//5
f 22//5 20//5 23//5
f 24//5 22//5 25//5
f 26//5 24//5 27//5
f 28//5 26//5 29//5
f 30//5 28//5 31//5
f 32//5 30//5 33//5
f 34//5 32//5 35//5
f 36//5 34//5 37//5
f 38//5 36//5 39//5
f 40//5 38//5 41//5
f 42//5 40//5 43//5
f 44//5 42//5 45//5
f 46//5 47//5 48//5
f 49//5 44//5 50//5
f 51//5 52//5 53//5
f 54//6 55//6 53//6
f 56//5 57//5 54//5
f 56//5 58//5 59//5
f 60//7 61//7 62//7
f 63//5 64//5 62//5
f 63//5 65//5 66//5
f 67//5 68//5 69//5
f 70//5 65//5 71//5
f 69//5 72//5 73//5
f 74//5 75//5 76//5
f 77//5 74//5 78//5
f 79//5 77//5 80//5
f 81//5 82//5 83//5
f 84//5 85//5 86//5
f 87//8 88//8 89//8
f 90//5 89//5 91//5
f 92//5 89//5 93//5
f 94//7 95//7 93//7
f 94//6 96//6 97//6
f 98//5 96//5 99//5
f 100//5 101//5 99//5
f 100//6 102//6 103//6
f 104//9 102//9 105//9
f 106//6 107//6 105//6
f 108//5 109//5 110//5
f 106//5 111//5 112//5
f 113//7 114//7 109//7
f 115//5 116//5 117//5
f 117//5 118//5 119//5
f 120//5 121//5 122//5
f 123//7 124//7 125//7
f 126//8 127//8 124//8
f 128//5 129//5 130//5
f 131//5 132//5 130//5
f 133//6 134//6 131//6
f 133//5 135//5 136//5
f 137//8 138//8 139//8
f 140//5 141//5 139//5
f 140//5 142//5 143//5
f 144//5 145//5 146//5
f 147//5 142//5 148//5
f 146//5 149//5 150//5
f 151//5 152//5 153//5
f 154//5 151//5 155//5
f 156//5 154//5 157//5
f 158//5 159//5 160//5
f 161//6 162//6 163//6
f 164//5 165//5 166//5
f 167//8 168//8 169//8
f 170//5 171//5 166//5
f 172//6 173//6 174//6
f 172//5 175//5 176//5
f 174//7 177//7 178//7
f 178//9 179//9 180//9
f 180//5 181//5 182//5
f 182//6 183//6 184//6
f 184//5 185//5 186//5
f 186//5 187//5 71//5
f 73//5 188//5 189//5
f 83//5 190//5 86//5
f 191//5 192//5 193//5
f 191//5 194//5 195//5
f 196//10 194//10 197//10
f 85//5 198//5 197//5
f 199//7 81//7 79//7
f 75//5 189//5 200//5
f 71//5 201//5 202//5
f 61//5 203//5 58//5
f 53//5 204//5 205//5
f 205//9 206//9 207//9
f 207//5 208//5 209//5
f 210//5 211//5 212//5
f 213//7 211//7 214//7
f 215//5 210//5 216//5
f 48//5 215//5 217//5
f 218//5 48//5 219//5
f 220//5 218//5 221//5
f 222//9 220//9 223//9
f 224//5 222//5 225//5
f 226//9 224//9 227//9
f 209//5 228//5 214//5
f 229//7 230//7 231//7
f 232//5 233//5 230//5
f 234//5 169//5 233//5
f 235//5 236//5 168//5
f 237//5 238//5 239//5
f 239//5 238//5 166//5
f 240//5 237//5 239//5
f 240//5 241//5 237//5
f 240//5 242//5 241//5
f 242//5 243//5 244//5
f 244//5 243//5 245//5
f 245//5 243//5 246//5
f 247//5 246//5 248//5
f 249//5 247//5 248//5
f 250//5 249//5 251//5
f 252//5 250//5 251//5
f 252//5 253//5 250//5
f 253//5 254//5 255//5
f 255//5 254//5 256//5
f 257//5 256//5 258//5
f 259//5 257//5 258//5
f 260//5 259//5 258//5
f 261//5 262//5 260//5
f 261//5 263//5 262//5
f 261//5 264//5 263//5
f 263//5 264//5 265//5
f 265//5 264//5 266//5
f 267//5 268//5 269//5
f 267//5 270//5 268//5
f 271//5 272//5 273//5
f 274//5 275//5 276//5
f 276//5 275//5 277//5
f 278//5 279//5 89//5
f 166//5 238//5 236//5
f 280//5 266//5 281//5
f 282//9 231//9 226//9
f 283//5 115//5 284//5
f 285//5 122//5 119//5
f 286//7 111//7 287//7
f 288//5 88//5 289//5
f 290//5 291//5 292//5
f 293//5 290//5 294//5
f 287//5 293//5 295//5
f 279//5 93//5 89//5
f 296//5 279//5 278//5
f 274//5 296//5 278//5
f 274//5 276//5 296//5
f 275//5 297//5 277//5
f 277//5 297//5 298//5
f 298//5 297//5 273//5
f 272//5 298//5 273//5
f 269//5 272//5 271//5
f 267//5 269//5 271//5
f 268//5 270//5 299//5
f 299//5 270//5 300//5
f 281//5 299//5 300//5
f 280//5 281//5 300//5
f 265//5 266//5 280//5
f 262//5 259//5 260//5
f 255//5 256//5 257//5
f 246//5 247//5 245//5
f 249//5 248//5 251//5
f 244//5 241//5 242//5
f 166//5 236//5 301//5
f 252//5 254//5 253//5
f 302//7 303//7 165//7
f 304//5 305//5 303//5
f 306//8 307//8 308//8
f 306//8 309//8 310//8
f 308//6 311//6 312//6
f 312//5 313//5 314//5
f 314//6 315//6 316//6
f 316//5 317//5 318//5
f 318//5 319//5 148//5
f 150//5 320//5 321//5
f 160//5 322//5 163//5
f 323//5 324//5 325//5
f 323//5 326//5 327//5
f 328//5 326//5 329//5
f 329//5 162//5 330//5
f 156//5 331//5 158//5
f 152//5 321//5 332//5
f 148//5 333//5 334//5
f 138//5 335//5 135//5
f 130//9 336//9 337//9
f 337//5 338//5 339//5
f 340//5 309//5 305//5
f 341//5 342//5 343//5
f 341//5 127//5 344//5
f 343//5 345//5 290//5
f 114//5 346//5 284//5
f 347//5 348//5 349//5
f 350//5 351//5 352//5
f 350//5 353//5 354//5
f 355//5 353//5 356//5
f 357//5 358//5 356//5
f 359//7 357//7 349//7
f 347//5 121//5 360//5
f 288//5 361//5 175//5
f 362//8 125//8 339//8
f 363//11 364//11 365//11
f 363//11 366//11 367//11
f 368//12 369//12 367//12
f 370//11 369//11 371//11
f 370//11 372//11 373//11
f 374//13 375//13 373//13
f 376//14 377//14 378//14
f 376//11 379//11 380//11
f 381//11 382//11 380//11
f 383//13 384//13 385//13
f 386//11 387//11 388//11
f 389//12 385//12 390//12
f 391//13 390//13 392//13
f 393//11 394//11 395//11
f 396//11 397//11 393//11
f 398//11 399//11 396//11
f 400//13 401//13 402//13
f 403//11 404//11 401//11
f 405//11 406//11 401//11
f 407//11 406//11 408//11
f 407//11 409//11 410//11
f 411//11 412//11 410//11
f 413//11 412//11 414//11
f 413//11 415//11 416//11
f 417//11 418//11 416//11
f 419//11 420//11 421//11
f 419//11 422//11 423//11
f 424//11 425//11 423//11
f 426//15 427//15 428//15
f 429//11 427//11 430//11
f 431//11 428//11 432//11
f 433//11 434//11 435//11
f 436//13 437//13 438//13
f 439//11 440//11 441//11
f 442//11 440//11 443//11
f 444//11 442//11 445//11
f 444//12 446//12 447//12
f 448//13 449//13 447//13
f 450//11 449//11 451//11
f 450//11 452//11 453//11
f 454//11 455//11 456//11
f 455//11 457//11 458//11
f 459//11 460//11 461//11
f 462//12 463//12 461//12
f 464//11 465//11 459//11
f 466//11 467//11 464//11
f 468//12 469//12 470//12
f 471//12 470//12 472//12
f 473//16 474//16 475//16
f 476//11 477//11 474//11
f 478//11 479//11 474//11
f 480//11 479//11 481//11
f 482//11 483//11 484//11
f 485//11 486//11 484//11
f 487//11 486//11 488//11
f 487//11 489//11 490//11
f 491//11 492//11 490//11
f 493//11 492//11 494//11
f 493//11 495//11 496//11
f 497//11 498//11 496//11
f 499//12 500//12 501//12
f 502//11 500//11 503//11
f 504//11 505//11 506//11
f 507//11 508//11 509//11
f 510//16 511//16 512//16
f 513//11 514//11 515//11
f 513//11 516//11 517//11
f 514//11 518//11 515//11
f 519//11 520//11 518//11
f 521//11 520//11 519//11
f 522//11 523//11 521//11
f 524//11 523//11 522//11
f 522//11 525//11 524//11
f 525//11 526//11 527//11
f 528//11 529//11 509//11
f 506//11 530//11 501//11
f 531//11 532//11 533//11
f 531//11 534//11 535//11
f 532//15 536//15 537//15
f 536//11 538//11 539//11
f 538//15 540//15 541//15
f 540//11 450//11 542//11
f 543//13 475//13 535//13
f 457//11 463//11 544//11
f 545//17 469//17 546//17
f 526//11 479//11 527//11
f 547//11 548//11 549//11
f 550//11 551//11 549//11
f 552//13 551//13 553//13
f 552//11 554//11 472//11
f 466//11 545//11 555//11
f 440//12 437//12 556//12
f 557//11 438//11 558//11
f 559//11 423//11 560//11
f 559//11 561//11 562//11
f 432//11 563//11 564//11
f 565//11 566//11 567//11
f 568//11 569//11 570//11
f 568//11 571//11 572//11
f 566//11 572//11 573//11
f 574//17 575//17 565//17
f 576//11 575//11 577//11
f 576//11 578//11 435//11
f 579//16 580//16 434//16
f 429//11 581//11 582//11
f 583//11 401//11 584//11
f 401//11 406//11 584//11
f 583//11 584//11 585//11
f 583//11 585//11 586//11
f 583//11 586//11 587//11
f 587//11 588//11 589//11
f 588//11 590//11 589//11
f 590//11 591//11 589//11
f 591//11 592//11 589//11
f 593//11 592//11 591//11
f 594//11 592//11 593//11
f 420//11 418//11 595//11
f 513//11 515//11 516//11
f 511//15 596//15 363//15
f 375//12 597//12 377//12
f 512//11 598//11 599//11
f 598//11 600//11 601//11
f 600//11 496//11 602//11
f 603//11 502//11 604//11
f 605//11 529//11 606//11
f 607//11 608//11 609//11
f 608//11 610//11 611//11
f 612//11 613//11 607//11
f 613//11 614//11 615//11
f 616//11 617//11 615//11
f 507//11 617//11 618//11
f 504//11 605//11 619//11
f 480//11 620//11 482//11
f 479//11 526//11 474//11
f 527//11 524//11 525//11
f 521//11 523//11 520//11
f 514//11 519//11 518//11
f 621//11 558//11 562//11
f 517//11 516//11 622//11
f 517//11 622//11 623//11
f 622//11 624//11 623//11
f 625//11 624//11 626//11
f 625//11 626//11 594//11
f 588//11 587//11 586//11
f 627//11 594//11 593//11
f 628//16 563//16 580//16
f 629//11 630//11 402//11
f 631//16 629//16 632//16
f 633//13 632//13 634//13
f 635//13 636//13 637//13
f 635//11 638//11 639//11
f 636//17 640//17 641//17
f 640//12 642//12 643//12
f 642//11 644//11 645//11
f 644//11 380//11 646//11
f 386//11 384//11 647//11
f 392//11 395//11 648//11
f 649//11 650//11 651//11
f 652//11 653//11 654//11
f 652//11 655//11 656//11
f 657//11 658//11 656//11
f 398//11 649//11 659//11
f 625//11 594//11 627//11
f 626//11 624//11 622//11
f 660//11 634//11 639//11
f 658//16 661//16 650//16
f 662//18 663//19 664//20
f 665//19 666//19 664//21
f 667//22 668//23 669//24
f 670//25 671//25 668//23
f 672//26 673//27 674//28
f 675//29 676//29 673//27
f 677//30 678//29 679//31
f 680//32 681//33 682//34
f 683//35 684//34 685//36
f 686//37 687//36 688//38
f 689//38 690//38 691//3
f 691//3 692//39 693//40
f 694//41 695//41 696//42
f 696//42 697//43 698//44
f 698//45 699//46 700//46
f 701//46 702//47 703//48
f 704//49 705//50 706//50
f 707//51 708//52 709//53
f 710//52 711//54 712//55
f 713//54 714//56 715//54
f 716//57 717//58 718//59
f 719//60 720//61 721//60
f 722//62 723//2 720//61
f 724//63 725//63 723//2
f 726//64 727//64 728//65
f 729//66 730//67 731//68
f 732//69 733//70 734//69
f 735//71 736//72 737//73
f 738//72 739//74 740//75
f 741//76 742//77 743//77
f 744//77 745//78 746//79
f 747//80 748//1 749//81
f 750//1 751//82 752//1
f 753//82 754//83 755//83
f 755//84 756//85 757//85
f 757//85 758//86 759//87
f 760//88 761//88 762//89
f 763//89 764//89 765//90
f 766//90 767//90 768//91
f 769//91 770//91 771//92
f 772//93 773//94 774//95
f 775//96 776//96 773//93
f 777//97 778//97 776//96
f 779//98 780//99 778//97
f 781//100 782//100 780//101
f 783//102 664//103 784//104
f 785//92 786//92 787//95
f 782//100 788//100 789//4
f 780//101 790//101 791//100
f 778//97 792//97 793//99
f 776//96 794//96 795//97
f 773//93 796//93 797//96
f 774//95 798//95 799//93
f 785//92 800//95 774//95
f 769//91 801//92 785//92
f 766//90 802//91 769//91
f 763//89 803//90 766//90
f 760//88 804//89 763//89
f 759//86 805//88 760//88
f 806//86 807//88 759//86
f 808//85 809//86 757//85
f 810//84 811//85 755//84
f 812//82 813//83 753//82
f 814//82 753//82 752//1
f 815//1 752//1 749//81
f 816//80 749//81 746//105
f 817//77 746//79 743//77
f 818//106 819//77 741//76
f 820//74 741//76 740//75
f 821//72 740//75 822//72
f 823//72 822//72 737//73
f 824//107 737//73 733//70
f 825//107 733//70 826//69
f 827//69 734//69 730//67
f 828//69 730//108 829//109
f 830//66 731//68 831//64
f 731//68 727//64 832//64
f 833//64 728//65 834//110
f 835//111 836//63 837//110
f 835//111 838//110 728//65
f 725//63 839//63 835//112
f 723//2 840//113 841//63
f 720//61 842//60 843//62
f 721//114 718//59 844//114
f 718//59 714//115 845//57
f 714//56 846//54 847//57
f 715//116 712//55 848//54
f 712//55 709//53 849//52
f 709//53 706//117 850//117
f 851//117 704//49 852//47
f 704//49 703//118 853//47
f 703//118 700//46 854//46
f 855//46 698//45 856//43
f 857//43 696//42 858//41
f 859//119 694//119 693//40
f 860//119 693//40 861//39
f 862//120 691//3 863//38
f 864//38 689//38 686//121
f 865//36 686//122 683//35
f 866//123 683//35 867//123
f 868//34 867//34 680//32
f 869//31 680//32 677//124
f 870//29 677//124 676//29
f 871//26 872//29 673//27
f 873//25 874//125 674//28
f 875//25 674//28 671//25
f 876//22 877//25 668//23
f 878//19 879//126 669//24
f 880//19 669//24 666//19
f 784//104 881//4 882//4
f 881//4 782//100 883//4
f 784//104 884//4 885//18
f 886//127 887//128 888//127
f 889//129 890//130 891//129
f 892//130 893//130 894//129
f 895//131 896//131 897//132
f 898//133 899//131 900//131
f 901//134 902//133 903//133
f 904//134 905//133 906//134
f 907//135 908//136 909//135
f 910//137 911//135 912//137
f 913//137 914//137 915//138
f 916//138 917//138 918//139
f 919//140 920//140 921//141
f 922//140 923//141 924//141
f 925//141 926//142 927//142
f 928//142 929//143 930//142
f 931//144 932//145 933//144
f 934//146 935//147 936//146
f 937//147 938//147 939//146
f 940//148 941//148 942//147
f 943//149 944//148 945//148
f 946//150 947//149 948//149
f 949//151 950//152 951//153
f 952//151 953//152 954//151
f 955//154 956//155 957//154
f 958//154 959//154 960//156
f 961//156 962//156 963//157
f 964//158 965//158 966//159
f 967//158 968//159 969//159
f 970//159 971//160 972//160
f 973//160 974//161 975//162
f 976//161 977//163 978//161
f 979//164 980//165 981//164
f 982//165 983//165 984//164
f 985//166 986//166 987//165
f 988//167 989//166 990//166
f 991//168 992//169 993//169
f 994//170 995//171 996//171
f 997//170 998//171 999//170
f 1000//172 1001//170 1002//172
f 1003//172 1004//172 1005//173
f 1006//173 1007//173 1008//174
f 1009//175 1010//175 1011//176
f 1012//175 1013//176 1014//176
f 1015//177 1016//178 1017//178
f 1018//178 1019//179 1020//178
f 1021//179 1022//180 1023//179
f 1024//181 1025//182 1026//181
f 1027//182 1028//182 1029//181
f 1030//183 1031//183 1032//182
f 1033//184 1034//183 1035//183
f 1036//185 1037//184 1038//184
f 1039//186 1040//187 1041//187
f 1042//186 1043//186 1044//188
f 1045//189 1046//190 1047//190
f 1048//191 1049//192 1050//191
f 1051//193 1052//193 1053//194
f 1054//195 1055//196 1056//196
f 1057//197 1058//198 1059//197
f 1060//199 1061//199 1062//200
f 1063//201 1064//201 1065//202
f 1066//203 1067//202 1068//203
f 1069//204 1070//204 1071//205
f 1072//128 1073//128 1074//127
f 1075//206 1076//207 1077//207
f 1078//204 1079//208 1080//208
f 1081//204 1082//208 1083//204
f 1084//205 1085//204 1086//205
f 1087//209 1088//209 1089//210
f 1090//209 1091//210 1092//210
f 1093//203 1094//202 1095//202
f 1096//202 1097//201 1098//202
f 1099//201 1100//211 1101//201
f 1102//212 1103//212 1104//201
f 1105//207 1106//206 1107//206
f 1108//200 1109//207 1110//207
f 1111//200 1112//207 1113//213
f 1114//200 1115//200 1116//199
f 1117//199 1118//199 1119//214
f 1120//199 1121//214 1122//214
f 1123//198 1124//197 1125//198
f 1126//197 1127//195 1128//197
f 1129//195 1130//195 1131//197
f 1132//196 1133//195 1134//195
f 1135//215 1136//216 1137//216
f 1138//215 1139//216 1140//215
f 1141//194 1142//194 1143//193
f 1144//193 1145//193 1146//192
f 1147//193 1148//192 1149//192
f 1150//192 1151//191 1152//192
f 1153//191 1154//217 1155//191
f 1156//217 1157//217 1158//191
f 1159//190 1160//189 1161//189
f 1162//188 1163//218 1164//218
f 1165//188 1166//218 1167//188
f 1168//188 1169//188 1170//186
f 1171//186 1172//186 1173//187
f 1174//185 1175//184 1176//185
f 1177//184 1178//183 1179//184
f 1180//183 1181//182 1182//182
f 1183//180 1184//180 1185//179
f 1186//179 1187//179 1188//178
f 1189//177 1190//178 1191//177
f 1192//173 1193//174 1194//174
f 1195//172 1196//173 1197//173
f 1198//170 1199//170 1200//172
f 1201//168 1202//169 1203//168
f 1204//167 1205//166 1206//167
f 1207//166 1208//165 1209//165
f 1210//163 1211//163 1212//161
f 1213//161 1214//161 1215//160
f 1216//159 1217//160 1218//159
f 1219//156 1220//157 1221//219
f 1222//154 1223//156 1224//156
f 1225//155 1226//155 1227//220
f 1228//150 1229//149 1230//150
f 1231//149 1232//148 1233//149
f 1234//148 1235//147 1236//147
f 1237//145 1238//145 1239//144
f 1240//143 1241//143 1242//142
f 1243//141 1244//142 1245//141
f 1246//138 1247//139 1248//139
f 1249//137 1250//138 1251//138
f 1252//135 1253//135 1254//137
f 1255//136 1256//136 1257//135
f 1258//133 1259//131 1260//133
f 1261//131 1262//132 1263//132
f 1264//208 1265//127 1266//127
f 1267//127 1268//208 1269//208
f 1270//18 1271//19 1272//20
f 1273//19 1274//19 1272//20
f 1275//22 1276//23 1277//24
f 1278//25 1279//25 1276//221
f 1280//26 1281//27 1282//28
f 1283//29 1284//29 1281//222
f 1285//30 1286//29 1287//31
f 1288//32 1289//33 1290//34
f 1291//35 1292//34 1293//36
f 1294//37 1295//36 1296//38
f 1297//38 1298//38 1299//223
f 1299//3 1300//39 1301//40
f 1302//41 1303//41 1304//42
f 1304//42 1305//224 1306//45
f 1306//45 1307//46 1308//46
f 1309//46 1310//47 1311//48
f 1312//49 1313//225 1314//225
f 1315//226 1316//52 1317//53
f 1318//52 1319//54 1320//55
f 1321//54 1322//56 1323//54
f 1324//227 1325//58 1326//59
f 1327//60 1328//61 1329//60
f 1330//62 1331//2 1328//61
f 1332//63 1333//63 1331//2
f 1334//228 1335//228 1336//65
f 1337//66 1338//67 1339//229
f 1340//69 1341//70 1342//69
f 1343//71 1344//72 1345//73
f 1346//72 1347//74 1348//75
f 1349//230 1350//77 1351//77
f 1352//77 1353//231 1354//79
f 1355//80 1356//1 1357//81
f 1358//1 1359//82 1360//1
f 1361//82 1362//83 1363//83
f 1363//232 1364//85 1365//85
f 1365//85 1366//87 1367//87
f 1368//88 1369//88 1370//89
f 1371//89 1372//89 1373//90
f 1374//90 1375//90 1376//233
f 1377//234 1378//234 1379//92
f 1380//93 1381//94 1382//95
f 1383//96 1384//96 1381//93
f 1385//97 1386//97 1384//235
f 1387//98 1388//98 1386//97
f 1389//100 1390//100 1388//101
f 1391//102 1272//103 1392//104
f 1393//92 1394//92 1395//95
f 1390//100 1396//100 1397//4
f 1388//101 1398//101 1399//100
f 1386//97 1400//97 1401//98
f 1384//235 1402//235 1403//97
f 1381//93 1404//93 1405//96
f 1382//95 1406//95 1407//93
f 1393//92 1408//95 1382//95
f 1377//91 1409//92 1393//92
f 1374//90 1410//91 1377//91
f 1371//89 1411//90 1374//90
f 1368//236 1412//89 1371//89
f 1367//86 1413//88 1368//88
f 1414//86 1415//88 1367//86
f 1416//85 1417//87 1365//85
f 1418//84 1419//85 1363//84
f 1420//82 1421//83 1361//82
f 1422//82 1361//82 1360//1
f 1423//1 1360//1 1357//81
f 1424//80 1357//81 1354//105
f 1425//77 1354//237 1351//77
f 1426//106 1427//77 1349//76
f 1428//74 1349//76 1348//75
f 1429//72 1348//238 1430//72
f 1431//72 1430//72 1345//73
f 1432//107 1345//73 1341//70
f 1433//107 1341//70 1434//69
f 1435//69 1342//69 1338//67
f 1436//69 1338//108 1437//109
f 1438//66 1339//68 1439//64
f 1339//68 1335//64 1440//64
f 1441//64 1336//65 1442//110
f 1443//111 1444//63 1445//110
f 1443//111 1446//110 1336//239
f 1333//63 1447//63 1443//112
f 1331//2 1448//113 1449//63
f 1328//61 1450//60 1451//62
f 1329//58 1326//59 1452//58
f 1326//59 1322//115 1453//227
f 1322//56 1454//54 1455//57
f 1323//54 1320//55 1456//54
f 1320//55 1317//53 1457//52
f 1317//53 1314//117 1458//117
f 1459//240 1312//49 1460//47
f 1312//49 1311//48 1461//47
f 1311//48 1308//46 1462//46
f 1463//46 1306//45 1464//43
f 1465//43 1304//42 1466//41
f 1467//119 1302//119 1301//40
f 1468//119 1301//40 1469//39
f 1470//120 1299//3 1471//38
f 1472//38 1297//38 1294//121
f 1473//36 1294//122 1291//35
f 1474//123 1291//35 1475//123
f 1476//34 1475//34 1288//32
f 1477//33 1288//241 1285//30
f 1478//29 1285//124 1284//29
f 1479//26 1480//29 1281//27
f 1481//25 1482//125 1282//28
f 1483//25 1282//28 1279//25
f 1484//22 1485//25 1276//23
f 1486//19 1487//126 1277//24
f 1488//19 1277//242 1274//19
f 1392//104 1489//4 1490//4
f 1489//4 1390//100 1491//4
f 1392//104 1492//4 1493//18
f 1494//127 1495//128 1496//127
f 1497//129 1498//130 1499//243
f 1500//130 1501//130 1502//129
f 1503//131 1504//131 1505//132
f 1506//133 1507//131 1508//131
f 1509//134 1510//133 1511//133
f 1512//134 1513//133 1514//134
f 1515//135 1516//136 1517//135
f 1518//137 1519//135 1520//137
f 1521//137 1522//137 1523//138
f 1524//138 1525//138 1526//139
f 1527//140 1528//140 1529//141
f 1530//140 1531//141 1532//141
f 1533//141 1534//142 1535//142
f 1536//142 1537//143 1538//142
f 1539//144 1540//145 1541//144
f 1542//146 1543//147 1544//146
f 1545//147 1546//147 1547//146
f 1548//148 1549//148 1550//147
f 1551//149 1552//148 1553//148
f 1554//150 1555//149 1556//149
f 1557//151 1558//152 1559//152
f 1560//151 1561//152 1562//151
f 1563//154 1564//155 1565//154
f 1566//154 1567//154 1568//156
f 1569//156 1570//156 1571//157
f 1572//158 1573//158 1574//159
f 1575//158 1576//159 1577//159
f 1578//159 1579//160 1580//160
f 1581//160 1582//161 1583//244
f 1584//161 1585//163 1586//161
f 1587//164 1588//165 1589//164
f 1590//165 1591//165 1592//164
f 1593//166 1594//166 1595//165
f 1596//167 1597//166 1598//166
f 1599//168 1600//169 1601//169
f 1602//170 1603//171 1604//171
f 1605//170 1606//171 1607//170
f 1608//172 1609//170 1610//172
f 1611//172 1612//172 1613//173
f 1614//173 1615//173 1616//174
f 1617//175 1618//175 1619//176
f 1620//175 1621//176 1622//176
f 1623//177 1624//178 1625//178
f 1626//178 1627//179 1628//178
f 1629//179 1630//180 1631//179
f 1632//181 1633//182 1634//181
f 1635//182 1636//182 1637//181
f 1638//183 1639//183 1640//182
f 1641//184 1642//183 1643//183
f 1644//185 1645//184 1646//184
f 1647//186 1648//187 1649//187
f 1650//186 1651//186 1652//188
f 1653//189 1654//190 1655//190
f 1656//191 1657//192 1658//191
f 1659//193 1660//193 1661//194
f 1662//195 1663//196 1664//196
f 1665//245 1666//198 1667//197
f 1668//199 1669//199 1670//200
f 1671//201 1672//201 1673//202
f 1674//203 1675//202 1676//203
f 1677//204 1678//204 1679//205
f 1680//128 1681//128 1682//127
f 1683//206 1684//207 1685//207
f 1686//204 1687//208 1688//208
f 1689//204 1690//208 1691//204
f 1692//205 1693//204 1694//205
f 1695//209 1696//209 1697//210
f 1698//209 1699//210 1700//210
f 1701//203 1702//202 1703//202
f 1704//202 1705//201 1706//202
f 1707//201 1708//212 1709//201
f 1710//212 1711//212 1712//201
f 1713//207 1714//206 1715//206
f 1716//200 1717//207 1718//207
f 1719//200 1720//207 1721//246
f 1722//200 1723//200 1724//199
f 1725//199 1726//199 1727//214
f 1728//199 1729//214 1730//214
f 1731//198 1732//197 1733//198
f 1734//197 1735//195 1736//197
f 1737//195 1738//195 1739//197
f 1740//196 1741//195 1742//195
f 1743//215 1744//216 1745//216
f 1746//215 1747//216 1748//215
f 1749//194 1750//194 1751//193
f 1752//193 1753//193 1754//192
f 1755//193 1756//192 1757//192
f 1758//192 1759//191 1760//192
f 1761//191 1762//217 1763//191
f 1764//217 1765//217 1766//191
f 1767//190 1768//189 1769//189
f 1770//188 1771//218 1772//218
f 1773//188 1774//218 1775//188
f 1776//188 1777//188 1778//186
f 1779//186 1780//186 1781//187
f 1782//185 1783//184 1784//185
f 1785//184 1786//183 1787//184
f 1788//183 1789//182 1790//182
f 1791//180 1792//180 1793//179
f 1794//179 1795//179 1796//178
f 1797//177 1798//178 1799//177
f 1800//173 1801//174 1802//174
f 1803//172 1804//173 1805//173
f 1806//170 1807//170 1808//172
f 1809//168 1810//169 1811//168
f 1812//167 1813//166 1814//167
f 1815//166 1816//165 1817//165
f 1818//163 1819//163 1820//161
f 1821//161 1822//161 1823//160
f 1824//159 1825//160 1826//159
f 1827//156 1828//157 1829//219
f 1830//154 1831//156 1832//156
f 1833//247 1834//155 1835//220
f 1836//150 1837//149 1838//150
f 1839//149 1840//148 1841//149
f 1842//148 1843//147 1844//147
f 1845//145 1846//145 1847//144
f 1848//143 1849//143 1850//142
f 1851//141 1852//142 1853//141
f 1854//138 1855//139 1856//139
f 1857//137 1858//138 1859//138
f 1860//135 1861//135 1862//137
f 1863//136 1864//136 1865//135
f 1866//133 1867//131 1868//133
f 1869//131 1870//132 1871//132
f 1872//208 1873//127 1874//127
f 1875//127 1876//208 1877//208
f 7//2 8//2 1878//63
f 1879//63 8//2 1880//63
f 1881//111 1882//63 1883//63
f 1884//111 1885//111 1886//63
f 1887//111 1888//65 1889//111
f 1890//111 1891//65 1892//65
f 1893//65 1894//65 1895//64
f 1896//64 1897//65 1898//64
f 1899//68 1900//64 1901//64
f 1902//68 1903//68 1904//64
f 1905//68 1906//108 1907//68
f 1908//68 1909//248 1910//248
f 1911//108 1912//108 1913//69
f 1914//69 1915//248 1916//69
f 1917//73 1918//72 1919//72
f 1920//249 1921//75 1922//249
f 3//1 4//1 1923//81
f 1924//81 4//1 1925//81
f 1926//79 1927//250 1928//81
f 1929//79 1930//79 1931//81
f 1932//79 1933//77 1934//79
f 1935//79 1936//77 1937//77
f 1938//77 1939//77 1940//76
f 1941//76 1942//77 1943//76
f 1944//75 1945//76 1946//76
f 1947//75 1948//75 1949//76
f 1950//75 1951//251 1952//75
f 1953//249 1954//73 1955//73
f 1956//73 1957//73 1958//70
f 1959//70 1960//73 1961//70
f 1962//69 1963//70 1964//70
f 1965//69 1966//252 1967//69
f 2//1 1//1 1968//82
f 1969//82 1970//82 1971//84
f 1972//84 1973//82 1974//84
f 1975//85 1976//84 1977//85
f 1978//86 1979//85 1980//85
f 1981//88 1982//86 1983//86
f 1984//253 1985//88 1986//88
f 1987//253 1988//253 1989//88
f 1990//90 1991//90 1992//89
f 1993//90 1994//91 1995//90
f 1996//91 1997//92 1998//91
f 1999//254 2000//92 2001//92
f 2002//92 2003//255 2004//255
f 2005//256 2006//256 2007//93
f 2008//93 2009//93 2010//96
f 2011//96 2012//93 2013//96
f 2014//100 15//4 16//4
f 2015//100 2016//100 16//4
f 2017//257 2018//98 2019//257
f 2020//100 2021//98 2022//98
f 2023//98 2024//98 2025//97
f 2026//97 2027//98 2028//97
f 2029//96 2030//97 2031//97
f 2032//96 2033//96 2034//97
f 2035//255 2036//93 2037//93
f 2038//92 2039//258 2040//92
f 2041//91 2042//91 2043//90
f 2044//90 2045//253 2046//253
f 2047//88 2048//86 2049//88
f 2050//86 2051//85 2052//86
f 2053//82 2054//82 1//1
f 2055//84 2056//85 2057//84
f 14//4 13//4 2058//104
f 2059//104 13//4 2060//104
f 2061//20 2062//104 2063//104
f 2064//20 2065//20 2066//259
f 2067//20 2068//19 2069//20
f 2070//20 2071//19 2072//19
f 2073//19 2074//19 2075//24
f 2076//24 2077//19 2078//24
f 2079//23 2080//24 2081//24
f 2082//23 2083//23 2084//24
f 2085//23 2086//260 2087//23
f 2088//23 2089//260 2090//260
f 2091//25 2092//25 2093//28
f 2094//28 2095//260 2096//28
f 2097//27 2098//28 2099//28
f 2100//27 2101//27 2102//28
f 2103//38 11//3 12//3
f 2104//38 2105//38 12//3
f 2106//38 2107//37 2108//38
f 2109//38 2110//37 2111//37
f 2112//37 2113//37 2114//35
f 2115//35 2116//37 2117//35
f 2118//34 2119//35 2120//35
f 2121//34 2122//34 2123//35
f 2124//34 2125//32 2126//34
f 2127//34 2128//32 2129//32
f 2130//32 2131//32 2132//261
f 2133//261 2134//32 2135//261
f 2136//29 2137//261 2138//261
f 2139//29 2140//29 2141//261
f 2142//29 2143//262 2144//29
f 2145//27 2146//27 2147//29
f 10//3 9//3 2148//40
f 2149//40 9//3 2150//40
f 2151//41 2152//40 2153//263
f 2154//41 2155//41 2156//40
f 2157//41 2158//42 2159//41
f 2160//41 2161//42 2162//42
f 2163//42 2164//42 2165//45
f 2166//45 2167//42 2168//45
f 2169//46 2170//45 2171//45
f 2172//46 2173//46 2174//45
f 2175//46 2176//264 2177//46
f 2178//46 2179//264 2180//264
f 2181//264 2182//264 2183//49
f 2184//49 2185//48 2186//49
f 2187//50 2188//49 2189//49
f 2190//117 2191//117 2192//49
f 2193//117 2194//53 2195//117
f 2196//61 6//2 5//2
f 2197//61 2198//61 5//2
f 2199//61 2200//58 2201//61
f 2202//61 2203//58 2204//58
f 2205//58 2206//58 2207//59
f 2208//59 2209//58 2210//59
f 2211//56 2212//59 2213//59
f 2214//56 2215//56 2216//59
f 2217//56 2218//54 2219//56
f 2220//56 2221//54 2222//54
f 2223//54 2224//54 2225//265
f 2226//266 2227//54 2228//266
f 2229//53 2230//265 2231//265
f 2232//53 2233//53 2234//266
f 2235//53 2236//117 2237//53
