# Blender 4.4.3
# www.blender.org
mtllib Mesh_19.011.mtl
o Mesh_19.011
v -0.000149 0.008763 -0.012400
v -0.000152 0.008763 -0.012400
v -0.000149 0.008763 -0.012400
v -0.000152 0.008764 -0.012400
v -0.000156 0.008764 -0.012400
v -0.000159 0.008763 -0.012400
v -0.000203 0.008763 -0.012400
v -0.000189 0.008774 -0.012400
v -0.000186 0.008774 -0.012400
v -0.000166 0.008769 -0.012400
v -0.000162 0.008767 -0.012400
v -0.000174 0.008763 -0.012400
v -0.000149 0.008843 -0.012400
v -0.000149 0.008843 -0.012400
v -0.000152 0.008843 -0.012400
v -0.000145 0.008843 -0.012400
v -0.000152 0.008842 -0.012400
v -0.000156 0.008842 -0.012400
v -0.000174 0.008843 -0.012400
v -0.000183 0.008833 -0.012400
v -0.000186 0.008832 -0.012400
v -0.000180 0.008773 -0.012400
v -0.000171 0.008773 -0.012400
v -0.000169 0.008771 -0.012400
v -0.000183 0.008773 -0.012400
v -0.000159 0.008766 -0.012400
v -0.000145 0.008763 -0.012400
v -0.000260 0.008763 -0.012400
v -0.000210 0.008803 -0.012400
v -0.000210 0.008800 -0.012400
v -0.000209 0.008797 -0.012400
v -0.000260 0.008843 -0.012400
v -0.000209 0.008809 -0.012400
v -0.000210 0.008806 -0.012400
v -0.000159 0.008843 -0.012400
v -0.000162 0.008839 -0.012400
v -0.000159 0.008840 -0.012400
v -0.000203 0.008843 -0.012400
v -0.000171 0.008833 -0.012400
v -0.000180 0.008833 -0.012400
v -0.000169 0.008835 -0.012400
v -0.000166 0.008837 -0.012400
v -0.000189 0.008832 -0.012400
v -0.000205 0.008820 -0.012400
v -0.000191 0.008831 -0.012400
v -0.000194 0.008829 -0.012400
v -0.000197 0.008828 -0.012400
v -0.000199 0.008826 -0.012400
v -0.000201 0.008824 -0.012400
v -0.000203 0.008822 -0.012400
v -0.000206 0.008817 -0.012400
v -0.000208 0.008814 -0.012400
v -0.000209 0.008812 -0.012400
v -0.000209 0.008794 -0.012400
v -0.000208 0.008792 -0.012400
v -0.000206 0.008789 -0.012400
v -0.000205 0.008786 -0.012400
v -0.000201 0.008782 -0.012400
v -0.000203 0.008784 -0.012400
v -0.000199 0.008780 -0.012400
v -0.000197 0.008778 -0.012400
v -0.000194 0.008777 -0.012400
v -0.000191 0.008775 -0.012400
v -0.000091 0.008895 -0.012352
v -0.000050 0.008895 -0.012360
v -0.000120 0.008895 -0.012360
v -0.000123 0.008895 -0.012352
v 0.000020 0.008895 -0.012343
v 0.000020 0.008895 -0.012360
v -0.000190 0.008895 -0.012360
v -0.000185 0.008895 -0.012343
v -0.000185 0.008895 -0.012352
v -0.000260 0.008895 -0.012343
v -0.000060 0.008895 -0.012352
v -0.000060 0.008895 -0.012343
v -0.000260 0.008895 -0.012360
v -0.000091 0.008710 -0.012352
v -0.000050 0.008710 -0.012360
v -0.000060 0.008710 -0.012352
v -0.000190 0.008710 -0.012360
v -0.000260 0.008710 -0.012343
v -0.000260 0.008710 -0.012360
v -0.000060 0.008710 -0.012343
v -0.000120 0.008710 -0.012360
v -0.000123 0.008710 -0.012352
v 0.000020 0.008710 -0.012343
v -0.000185 0.008710 -0.012352
v -0.000185 0.008710 -0.012343
v 0.000020 0.008710 -0.012360
v -0.000060 0.008821 -0.012352
v -0.000097 0.008814 -0.012352
v -0.000096 0.008812 -0.012352
v -0.000060 0.008785 -0.012352
v -0.000095 0.008803 -0.012352
v -0.000095 0.008800 -0.012352
v -0.000104 0.008782 -0.012352
v -0.000102 0.008784 -0.012352
v -0.000091 0.008710 -0.012352
v -0.000108 0.008778 -0.012352
v -0.000111 0.008777 -0.012352
v -0.000123 0.008710 -0.012352
v -0.000122 0.008773 -0.012352
v -0.000125 0.008773 -0.012352
v -0.000185 0.008710 -0.012352
v -0.000180 0.008773 -0.012352
v -0.000183 0.008773 -0.012352
v -0.000185 0.008710 -0.012352
v -0.000123 0.008710 -0.012352
v -0.000185 0.008710 -0.012352
v -0.000185 0.008773 -0.012352
v -0.000123 0.008710 -0.012352
v -0.000123 0.008710 -0.012352
v -0.000119 0.008774 -0.012352
v -0.000123 0.008710 -0.012352
v -0.000116 0.008774 -0.012352
v -0.000123 0.008710 -0.012352
v -0.000091 0.008710 -0.012352
v -0.000114 0.008775 -0.012352
v -0.000091 0.008710 -0.012352
v -0.000091 0.008710 -0.012352
v -0.000060 0.008710 -0.012352
v -0.000106 0.008780 -0.012352
v -0.000091 0.008710 -0.012352
v -0.000100 0.008786 -0.012352
v -0.000099 0.008789 -0.012352
v -0.000097 0.008792 -0.012352
v -0.000096 0.008794 -0.012352
v -0.000096 0.008797 -0.012352
v -0.000060 0.008895 -0.012352
v -0.000091 0.008895 -0.012352
v -0.000095 0.008806 -0.012352
v -0.000099 0.008817 -0.012352
v -0.000096 0.008809 -0.012352
v -0.000100 0.008820 -0.012352
v -0.000102 0.008822 -0.012352
v -0.000104 0.008824 -0.012352
v -0.000106 0.008826 -0.012352
v -0.000091 0.008895 -0.012352
v -0.000108 0.008828 -0.012352
v -0.000091 0.008895 -0.012352
v -0.000111 0.008829 -0.012352
v -0.000091 0.008895 -0.012352
v -0.000114 0.008831 -0.012352
v -0.000091 0.008895 -0.012352
v -0.000116 0.008832 -0.012352
v -0.000091 0.008895 -0.012352
v -0.000123 0.008895 -0.012352
v -0.000091 0.008895 -0.012352
v -0.000123 0.008895 -0.012352
v -0.000119 0.008832 -0.012352
v -0.000091 0.008710 -0.012352
v -0.000123 0.008895 -0.012352
v -0.000125 0.008833 -0.012352
v -0.000122 0.008833 -0.012352
v -0.000123 0.008895 -0.012352
v -0.000180 0.008833 -0.012352
v -0.000091 0.008710 -0.012352
v -0.000185 0.008833 -0.012352
v -0.000183 0.008833 -0.012352
v -0.000185 0.008895 -0.012352
v -0.000123 0.008895 -0.012352
v -0.000185 0.008895 -0.012352
v -0.000185 0.008895 -0.012352
v -0.000123 0.008895 -0.012352
v -0.000260 0.008845 -0.012362
v -0.000260 0.008738 -0.012315
v -0.000260 0.008868 -0.012315
v -0.000260 0.008847 -0.012361
v -0.000260 0.008849 -0.012360
v -0.000260 0.008848 -0.012361
v -0.000260 0.008851 -0.012360
v -0.000260 0.008878 -0.012323
v -0.000260 0.008872 -0.012316
v -0.000260 0.008890 -0.012336
v -0.000260 0.008895 -0.012360
v -0.000260 0.008895 -0.012343
v -0.000260 0.008895 -0.012360
v -0.000260 0.008869 -0.012315
v -0.000260 0.008870 -0.012315
v -0.000260 0.008871 -0.012316
v -0.000260 0.008884 -0.012329
v -0.000260 0.008761 -0.012362
v -0.000260 0.008844 -0.012364
v -0.000260 0.008762 -0.012364
v -0.000260 0.008844 -0.012365
v -0.000260 0.008763 -0.012366
v -0.000260 0.008762 -0.012365
v -0.000260 0.008843 -0.012366
v -0.000260 0.008843 -0.012400
v -0.000260 0.008763 -0.012400
v -0.000260 0.008763 -0.012368
v -0.000260 0.008843 -0.012368
v -0.000260 0.008843 -0.012400
v -0.000260 0.008758 -0.012361
v -0.000260 0.008759 -0.012361
v -0.000260 0.008757 -0.012360
v -0.000260 0.008755 -0.012360
v -0.000260 0.008728 -0.012323
v -0.000260 0.008710 -0.012360
v -0.000260 0.008710 -0.012343
v -0.000260 0.008716 -0.012336
v -0.000260 0.008710 -0.012360
v -0.000260 0.008722 -0.012329
v -0.000260 0.008734 -0.012316
v -0.000260 0.008736 -0.012315
v -0.000260 0.008735 -0.012316
v -0.000260 0.008737 -0.012315
v -0.000184 0.008833 -0.012364
v -0.000185 0.008833 -0.012352
v -0.000187 0.008832 -0.012363
v -0.000185 0.008833 -0.012377
v -0.000182 0.008833 -0.012376
v -0.000185 0.008833 -0.012352
v -0.000190 0.008831 -0.012361
v -0.000189 0.008832 -0.012380
v -0.000183 0.008833 -0.012400
v -0.000180 0.008833 -0.012400
v -0.000198 0.008827 -0.012386
v -0.000198 0.008827 -0.012369
v -0.000201 0.008825 -0.012381
v -0.000201 0.008824 -0.012400
v -0.000199 0.008826 -0.012400
v -0.000186 0.008832 -0.012400
v -0.000183 0.008833 -0.012400
v -0.000192 0.008830 -0.012379
v -0.000189 0.008832 -0.012400
v -0.000186 0.008832 -0.012400
v -0.000194 0.008829 -0.012363
v -0.000196 0.008829 -0.012377
v -0.000194 0.008829 -0.012400
v -0.000191 0.008831 -0.012400
v -0.000197 0.008828 -0.012365
v -0.000197 0.008828 -0.012400
v -0.000194 0.008829 -0.012400
v -0.000183 0.008833 -0.012352
v -0.000185 0.008833 -0.012352
v -0.000192 0.008830 -0.012360
v -0.000193 0.008830 -0.012357
v -0.000209 0.008795 -0.012331
v -0.000209 0.008796 -0.012349
v -0.000209 0.008797 -0.012329
v -0.000209 0.008795 -0.012323
v -0.000209 0.008798 -0.012323
v -0.000210 0.008800 -0.012340
v -0.000199 0.008826 -0.012347
v -0.000199 0.008826 -0.012363
v -0.000209 0.008809 -0.012354
v -0.000210 0.008806 -0.012339
v -0.000210 0.008806 -0.012361
v -0.000209 0.008809 -0.012368
v -0.000209 0.008811 -0.012362
v -0.000192 0.008830 -0.012330
v -0.000196 0.008828 -0.012347
v -0.000197 0.008828 -0.012328
v -0.000201 0.008825 -0.012326
v -0.000201 0.008824 -0.012351
v -0.000195 0.008777 -0.012344
v -0.000196 0.008778 -0.012364
v -0.000198 0.008779 -0.012347
v -0.000197 0.008778 -0.012328
v -0.000194 0.008777 -0.012329
v -0.000201 0.008782 -0.012363
v -0.000201 0.008782 -0.012347
v -0.000199 0.008780 -0.012327
v -0.000203 0.008784 -0.012350
v -0.000201 0.008781 -0.012326
v -0.000208 0.008813 -0.012368
v -0.000205 0.008819 -0.012358
v -0.000205 0.008819 -0.012350
v -0.000207 0.008817 -0.012362
v -0.000205 0.008819 -0.012375
v -0.000203 0.008822 -0.012362
v -0.000201 0.008824 -0.012359
v -0.000203 0.008822 -0.012379
v -0.000201 0.008824 -0.012400
v -0.000203 0.008822 -0.012400
v -0.000201 0.008824 -0.012400
v -0.000208 0.008812 -0.012387
v -0.000208 0.008814 -0.012400
v -0.000207 0.008816 -0.012381
v -0.000209 0.008810 -0.012380
v -0.000206 0.008817 -0.012400
v -0.000201 0.008782 -0.012384
v -0.000199 0.008780 -0.012376
v -0.000199 0.008780 -0.012400
v -0.000201 0.008782 -0.012400
v -0.000205 0.008786 -0.012383
v -0.000205 0.008786 -0.012362
v -0.000203 0.008784 -0.012375
v -0.000203 0.008784 -0.012400
v -0.000205 0.008786 -0.012400
v -0.000203 0.008784 -0.012359
v -0.000201 0.008782 -0.012400
v -0.000203 0.008784 -0.012400
v -0.000208 0.008813 -0.012338
v -0.000209 0.008811 -0.012323
v -0.000209 0.008809 -0.012339
v -0.000208 0.008815 -0.012352
v -0.000210 0.008806 -0.012331
v -0.000209 0.008808 -0.012323
v -0.000210 0.008806 -0.012323
v -0.000205 0.008786 -0.012342
v -0.000207 0.008790 -0.012349
v -0.000206 0.008787 -0.012324
v -0.000204 0.008785 -0.012325
v -0.000203 0.008783 -0.012326
v -0.000210 0.008806 -0.012379
v -0.000209 0.008809 -0.012400
v -0.000210 0.008803 -0.012374
v -0.000210 0.008806 -0.012400
v -0.000209 0.008809 -0.012400
v -0.000207 0.008816 -0.012332
v -0.000206 0.008819 -0.012324
v -0.000207 0.008816 -0.012324
v -0.000208 0.008814 -0.012323
v -0.000203 0.008822 -0.012342
v -0.000204 0.008821 -0.012325
v -0.000196 0.008778 -0.012385
v -0.000193 0.008776 -0.012379
v -0.000194 0.008777 -0.012400
v -0.000197 0.008778 -0.012400
v -0.000210 0.008800 -0.012383
v -0.000210 0.008799 -0.012361
v -0.000209 0.008796 -0.012374
v -0.000209 0.008797 -0.012400
v -0.000210 0.008800 -0.012400
v -0.000193 0.008776 -0.012356
v -0.000199 0.008780 -0.012368
v -0.000197 0.008778 -0.012400
v -0.000199 0.008780 -0.012400
v -0.000210 0.008803 -0.012348
v -0.000210 0.008800 -0.012400
v -0.000210 0.008803 -0.012400
v -0.000210 0.008803 -0.012322
v -0.000210 0.008800 -0.012323
v -0.000190 0.008775 -0.012372
v -0.000191 0.008775 -0.012400
v -0.000194 0.008777 -0.012400
v -0.000189 0.008774 -0.012360
v -0.000187 0.008774 -0.012333
v -0.000185 0.008773 -0.012352
v -0.000192 0.008776 -0.012330
v -0.000208 0.008792 -0.012340
v -0.000208 0.008793 -0.012362
v -0.000208 0.008792 -0.012323
v -0.000208 0.008792 -0.012383
v -0.000207 0.008789 -0.012375
v -0.000206 0.008789 -0.012400
v -0.000208 0.008792 -0.012400
v -0.000205 0.008786 -0.012400
v -0.000206 0.008789 -0.012400
v -0.000182 0.008773 -0.012376
v -0.000183 0.008773 -0.012400
v -0.000186 0.008774 -0.012375
v -0.000183 0.008773 -0.012352
v -0.000180 0.008773 -0.012352
v -0.000209 0.008794 -0.012400
v -0.000209 0.008797 -0.012400
v -0.000207 0.008790 -0.012324
v -0.000189 0.008774 -0.012400
v -0.000185 0.008773 -0.012352
v -0.000190 0.008775 -0.012331
v -0.000206 0.008817 -0.012400
v -0.000205 0.008820 -0.012400
v -0.000202 0.008823 -0.012326
v -0.000199 0.008826 -0.012327
v -0.000194 0.008829 -0.012329
v -0.000180 0.008833 -0.012352
v -0.000183 0.008833 -0.012352
v -0.000190 0.008831 -0.012331
v -0.000185 0.008833 -0.012334
v -0.000187 0.008832 -0.012333
v -0.000185 0.008833 -0.012352
v -0.000185 0.008833 -0.012352
v -0.000194 0.008829 -0.012400
v -0.000197 0.008828 -0.012400
v -0.000201 0.008824 -0.012400
v -0.000205 0.008820 -0.012400
v -0.000203 0.008822 -0.012400
v -0.000208 0.008814 -0.012400
v -0.000206 0.008817 -0.012400
v -0.000209 0.008809 -0.012400
v -0.000209 0.008812 -0.012400
v -0.000210 0.008806 -0.012400
v -0.000210 0.008803 -0.012400
v -0.000210 0.008803 -0.012400
v -0.000210 0.008803 -0.012400
v -0.000209 0.008794 -0.012400
v -0.000206 0.008789 -0.012400
v -0.000203 0.008784 -0.012400
v -0.000191 0.008775 -0.012400
v -0.000185 0.008773 -0.012334
v -0.000185 0.008773 -0.012352
v -0.000186 0.008774 -0.012400
v -0.000189 0.008774 -0.012400
v -0.000185 0.008773 -0.012352
v -0.000183 0.008773 -0.012352
v -0.000180 0.008773 -0.012352
v -0.000180 0.008773 -0.012400
v -0.000185 0.008773 -0.012352
v -0.000180 0.008773 -0.012400
v -0.000183 0.008773 -0.012400
v -0.000183 0.008773 -0.012400
v -0.000186 0.008774 -0.012400
v -0.000189 0.008774 -0.012400
v -0.000191 0.008775 -0.012400
v -0.000194 0.008777 -0.012400
v -0.000199 0.008780 -0.012400
v -0.000199 0.008780 -0.012400
v -0.000203 0.008784 -0.012400
v -0.000206 0.008789 -0.012400
v -0.000209 0.008809 -0.012400
v -0.000209 0.008812 -0.012400
v -0.000208 0.008814 -0.012400
v -0.000205 0.008820 -0.012400
v -0.000199 0.008826 -0.012400
v -0.000197 0.008828 -0.012400
v -0.000189 0.008832 -0.012400
v -0.000191 0.008831 -0.012400
v -0.000186 0.008832 -0.012400
v -0.000180 0.008833 -0.012352
v -0.000180 0.008833 -0.012400
v -0.000180 0.008833 -0.012352
v -0.000209 0.008794 -0.012400
v -0.000208 0.008792 -0.012400
v -0.000209 0.008797 -0.012400
v -0.000191 0.008831 -0.012400
v -0.000183 0.008833 -0.012400
v -0.000185 0.008895 -0.012343
v -0.000260 0.008895 -0.012343
v -0.000185 0.008890 -0.012336
v -0.000260 0.008890 -0.012336
v -0.000185 0.008884 -0.012329
v -0.000260 0.008890 -0.012336
v -0.000260 0.008884 -0.012329
v -0.000185 0.008878 -0.012323
v -0.000260 0.008884 -0.012329
v -0.000260 0.008878 -0.012323
v -0.000260 0.008878 -0.012323
v -0.000260 0.008872 -0.012316
v -0.000185 0.008872 -0.012316
v -0.000260 0.008878 -0.012323
v -0.000260 0.008884 -0.012329
v -0.000260 0.008890 -0.012336
v -0.000260 0.008895 -0.012343
v -0.000260 0.008710 -0.012343
v -0.000185 0.008710 -0.012343
v -0.000260 0.008716 -0.012336
v -0.000260 0.008716 -0.012336
v -0.000185 0.008716 -0.012336
v -0.000260 0.008722 -0.012329
v -0.000260 0.008722 -0.012329
v -0.000185 0.008722 -0.012329
v -0.000260 0.008728 -0.012323
v -0.000185 0.008728 -0.012323
v -0.000185 0.008734 -0.012316
v -0.000260 0.008734 -0.012316
v -0.000260 0.008728 -0.012323
v -0.000260 0.008734 -0.012316
v -0.000260 0.008722 -0.012329
v -0.000260 0.008728 -0.012323
v -0.000260 0.008716 -0.012336
v -0.000185 0.008710 -0.012343
v -0.000185 0.008895 -0.012352
v -0.000185 0.008895 -0.012343
v -0.000185 0.008890 -0.012336
v -0.000185 0.008895 -0.012352
v -0.000185 0.008890 -0.012336
v -0.000185 0.008833 -0.012352
v -0.000185 0.008890 -0.012336
v -0.000185 0.008884 -0.012329
v -0.000185 0.008833 -0.012352
v -0.000185 0.008844 -0.012325
v -0.000185 0.008878 -0.012323
v -0.000185 0.008855 -0.012315
v -0.000185 0.008868 -0.012315
v -0.000185 0.008872 -0.012316
v -0.000185 0.008871 -0.012316
v -0.000185 0.008878 -0.012323
v -0.000185 0.008872 -0.012316
v -0.000185 0.008869 -0.012315
v -0.000185 0.008870 -0.012315
v -0.000185 0.008878 -0.012323
v -0.000185 0.008833 -0.012334
v -0.000185 0.008833 -0.012352
v -0.000185 0.008838 -0.012329
v -0.000185 0.008833 -0.012352
v -0.000185 0.008884 -0.012329
v -0.000185 0.008884 -0.012329
v -0.000185 0.008878 -0.012323
v -0.000185 0.008833 -0.012352
v -0.000185 0.008734 -0.012316
v -0.000185 0.008738 -0.012315
v -0.000185 0.008737 -0.012315
v -0.000185 0.008734 -0.012316
v -0.000185 0.008736 -0.012315
v -0.000185 0.008734 -0.012316
v -0.000185 0.008728 -0.012323
v -0.000185 0.008734 -0.012316
v -0.000185 0.008735 -0.012316
v -0.000185 0.008762 -0.012325
v -0.000185 0.008751 -0.012315
v -0.000185 0.008728 -0.012323
v -0.000185 0.008728 -0.012323
v -0.000185 0.008722 -0.012329
v -0.000185 0.008773 -0.012352
v -0.000185 0.008722 -0.012329
v -0.000185 0.008716 -0.012336
v -0.000185 0.008722 -0.012329
v -0.000185 0.008773 -0.012352
v -0.000185 0.008710 -0.012352
v -0.000185 0.008716 -0.012336
v -0.000185 0.008710 -0.012343
v -0.000185 0.008773 -0.012352
v -0.000185 0.008773 -0.012334
v -0.000185 0.008768 -0.012329
v -0.000185 0.008710 -0.012352
v -0.000185 0.008773 -0.012352
v -0.000185 0.008716 -0.012336
v -0.000185 0.008773 -0.012352
v -0.000185 0.008728 -0.012323
v -0.000060 0.008772 -0.012287
v 0.000020 0.008772 -0.012287
v -0.000060 0.008834 -0.012287
v 0.000020 0.008834 -0.012287
v -0.000060 0.008785 -0.012352
v -0.000060 0.008787 -0.012354
v -0.000060 0.008821 -0.012352
v -0.000060 0.008789 -0.012355
v -0.000060 0.008821 -0.012352
v -0.000060 0.008791 -0.012357
v -0.000060 0.008821 -0.012352
v -0.000060 0.008821 -0.012352
v -0.000060 0.008793 -0.012358
v -0.000060 0.008798 -0.012359
v -0.000060 0.008821 -0.012352
v -0.000060 0.008795 -0.012359
v -0.000060 0.008821 -0.012352
v -0.000060 0.008800 -0.012360
v -0.000060 0.008821 -0.012352
v -0.000060 0.008803 -0.012360
v -0.000060 0.008821 -0.012352
v -0.000060 0.008806 -0.012360
v -0.000060 0.008821 -0.012352
v -0.000060 0.008808 -0.012359
v -0.000060 0.008821 -0.012352
v -0.000060 0.008811 -0.012359
v -0.000060 0.008821 -0.012352
v -0.000060 0.008813 -0.012358
v -0.000060 0.008821 -0.012352
v -0.000060 0.008815 -0.012357
v -0.000060 0.008821 -0.012352
v -0.000060 0.008817 -0.012355
v -0.000060 0.008821 -0.012352
v -0.000060 0.008819 -0.012354
v -0.000060 0.008821 -0.012352
v -0.000122 0.008773 -0.012352
v -0.000119 0.008774 -0.012352
v -0.000121 0.008773 -0.012400
v -0.000119 0.008774 -0.012352
v -0.000118 0.008774 -0.012400
v -0.000116 0.008774 -0.012352
v -0.000115 0.008775 -0.012400
v -0.000114 0.008775 -0.012352
v -0.000116 0.008774 -0.012352
v -0.000111 0.008777 -0.012352
v -0.000113 0.008776 -0.012400
v -0.000114 0.008775 -0.012352
v -0.000111 0.008777 -0.012400
v -0.000111 0.008777 -0.012352
v -0.000109 0.008778 -0.012400
v -0.000108 0.008778 -0.012352
v -0.000108 0.008778 -0.012352
v -0.000106 0.008779 -0.012400
v -0.000106 0.008780 -0.012352
v -0.000105 0.008781 -0.012400
v -0.000104 0.008782 -0.012352
v -0.000103 0.008783 -0.012400
v -0.000104 0.008782 -0.012352
v -0.000102 0.008784 -0.012352
v -0.000102 0.008784 -0.012352
v -0.000100 0.008786 -0.012352
v -0.000101 0.008785 -0.012400
v -0.000100 0.008786 -0.012352
v -0.000100 0.008787 -0.012400
v -0.000099 0.008789 -0.012352
v -0.000099 0.008789 -0.012400
v -0.000097 0.008792 -0.012352
v -0.000098 0.008791 -0.012400
v -0.000099 0.008789 -0.012352
v -0.000097 0.008793 -0.012400
v -0.000097 0.008792 -0.012352
v -0.000096 0.008796 -0.012400
v -0.000096 0.008794 -0.012352
v -0.000096 0.008794 -0.012352
v -0.000096 0.008797 -0.012352
v -0.000095 0.008798 -0.012400
v -0.000096 0.008797 -0.012352
v -0.000095 0.008800 -0.012352
v -0.000095 0.008801 -0.012400
v -0.000095 0.008800 -0.012352
v -0.000095 0.008803 -0.012352
v -0.000095 0.008803 -0.012352
v -0.000095 0.008803 -0.012400
v -0.000095 0.008803 -0.012352
v -0.000095 0.008806 -0.012352
v -0.000095 0.008805 -0.012400
v -0.000095 0.008806 -0.012352
v -0.000096 0.008809 -0.012352
v -0.000095 0.008808 -0.012400
v -0.000096 0.008809 -0.012352
v -0.000096 0.008810 -0.012400
v -0.000096 0.008812 -0.012352
v -0.000097 0.008813 -0.012400
v -0.000097 0.008814 -0.012352
v -0.000096 0.008812 -0.012352
v -0.000099 0.008817 -0.012352
v -0.000098 0.008815 -0.012400
v -0.000097 0.008814 -0.012352
v -0.000100 0.008819 -0.012400
v -0.000099 0.008817 -0.012400
v -0.000099 0.008817 -0.012352
v -0.000099 0.008817 -0.012352
v -0.000100 0.008820 -0.012352
v -0.000101 0.008821 -0.012400
v -0.000100 0.008820 -0.012352
v -0.000102 0.008822 -0.012352
v -0.000102 0.008822 -0.012352
v -0.000103 0.008823 -0.012400
v -0.000125 0.008833 -0.012400
v -0.000122 0.008833 -0.012352
v -0.000125 0.008833 -0.012352
v -0.000121 0.008833 -0.012400
v -0.000122 0.008833 -0.012352
v -0.000119 0.008832 -0.012352
v -0.000122 0.008833 -0.012352
v -0.000119 0.008832 -0.012352
v -0.000118 0.008832 -0.012400
v -0.000119 0.008832 -0.012352
v -0.000116 0.008832 -0.012352
v -0.000115 0.008831 -0.012400
v -0.000116 0.008832 -0.012352
v -0.000114 0.008831 -0.012352
v -0.000116 0.008832 -0.012352
v -0.000113 0.008830 -0.012400
v -0.000114 0.008831 -0.012352
v -0.000111 0.008829 -0.012352
v -0.000114 0.008831 -0.012352
v -0.000111 0.008829 -0.012352
v -0.000111 0.008829 -0.012400
v -0.000111 0.008829 -0.012352
v -0.000108 0.008828 -0.012352
v -0.000109 0.008828 -0.012400
v -0.000108 0.008828 -0.012352
v -0.000106 0.008827 -0.012400
v -0.000108 0.008828 -0.012352
v -0.000106 0.008826 -0.012352
v -0.000108 0.008828 -0.012352
v -0.000105 0.008825 -0.012400
v -0.000106 0.008826 -0.012352
v -0.000104 0.008824 -0.012352
v -0.000106 0.008826 -0.012352
v -0.000104 0.008824 -0.012352
v -0.000104 0.008824 -0.012352
v -0.000102 0.008822 -0.012352
v -0.000100 0.008820 -0.012352
v -0.000099 0.008817 -0.012352
v -0.000097 0.008814 -0.012352
v -0.000096 0.008809 -0.012352
v -0.000096 0.008812 -0.012352
v -0.000095 0.008806 -0.012352
v -0.000095 0.008803 -0.012352
v -0.000095 0.008800 -0.012352
v -0.000096 0.008797 -0.012352
v -0.000097 0.008792 -0.012352
v -0.000096 0.008794 -0.012352
v -0.000099 0.008789 -0.012352
v -0.000100 0.008786 -0.012352
v -0.000099 0.008789 -0.012352
v -0.000102 0.008784 -0.012352
v -0.000104 0.008782 -0.012352
v -0.000106 0.008780 -0.012352
v -0.000106 0.008780 -0.012352
v -0.000108 0.008778 -0.012352
v -0.000125 0.008773 -0.012400
v -0.000125 0.008773 -0.012352
v -0.000122 0.008773 -0.012352
v -0.000111 0.008777 -0.012352
v -0.000108 0.008778 -0.012352
v -0.000122 0.008773 -0.012352
v -0.000114 0.008775 -0.012352
v -0.000119 0.008774 -0.012352
v -0.000116 0.008774 -0.012352
v -0.000145 0.008773 -0.012400
v -0.000180 0.008773 -0.012352
v -0.000125 0.008773 -0.012352
v -0.000171 0.008773 -0.012400
v -0.000180 0.008773 -0.012400
v -0.000180 0.008773 -0.012352
v -0.000125 0.008773 -0.012352
v -0.000143 0.008773 -0.012400
v -0.000180 0.008773 -0.012352
v -0.000158 0.008773 -0.012400
v -0.000171 0.008773 -0.012400
v -0.000180 0.008773 -0.012352
v -0.000152 0.008773 -0.012400
v -0.000180 0.008773 -0.012352
v -0.000148 0.008773 -0.012400
v -0.000180 0.008773 -0.012352
v -0.000135 0.008773 -0.012400
v -0.000125 0.008773 -0.012352
v -0.000140 0.008773 -0.012400
v -0.000125 0.008773 -0.012352
v -0.000125 0.008773 -0.012352
v -0.000148 0.008833 -0.012400
v -0.000145 0.008833 -0.012400
v -0.000180 0.008833 -0.012352
v -0.000135 0.008833 -0.012400
v -0.000125 0.008833 -0.012352
v -0.000171 0.008833 -0.012400
v -0.000180 0.008833 -0.012352
v -0.000180 0.008833 -0.012400
v -0.000125 0.008833 -0.012352
v -0.000180 0.008833 -0.012352
v -0.000171 0.008833 -0.012400
v -0.000158 0.008833 -0.012400
v -0.000180 0.008833 -0.012352
v -0.000152 0.008833 -0.012400
v -0.000180 0.008833 -0.012352
v -0.000180 0.008833 -0.012352
v -0.000140 0.008833 -0.012400
v -0.000125 0.008833 -0.012352
v -0.000143 0.008833 -0.012400
v -0.000125 0.008833 -0.012352
v -0.000125 0.008833 -0.012352
v 0.000020 0.008895 -0.012343
v -0.000060 0.008895 -0.012343
v 0.000020 0.008889 -0.012335
v -0.000060 0.008889 -0.012335
v 0.000020 0.008883 -0.012327
v -0.000060 0.008883 -0.012327
v 0.000020 0.008876 -0.012320
v -0.000060 0.008876 -0.012320
v 0.000020 0.008868 -0.012313
v 0.000020 0.008861 -0.012306
v -0.000060 0.008868 -0.012313
v -0.000060 0.008861 -0.012306
v -0.000060 0.008853 -0.012300
v 0.000020 0.008853 -0.012300
v -0.000060 0.008845 -0.012294
v -0.000060 0.008837 -0.012288
v 0.000020 0.008837 -0.012288
v 0.000020 0.008845 -0.012294
v -0.000060 0.008895 -0.012343
v -0.000060 0.008710 -0.012343
v 0.000020 0.008710 -0.012343
v -0.000060 0.008717 -0.012335
v 0.000020 0.008717 -0.012335
v -0.000060 0.008723 -0.012327
v 0.000020 0.008723 -0.012327
v -0.000060 0.008730 -0.012320
v 0.000020 0.008730 -0.012320
v -0.000060 0.008738 -0.012313
v -0.000060 0.008745 -0.012306
v 0.000020 0.008738 -0.012313
v 0.000020 0.008745 -0.012306
v 0.000020 0.008753 -0.012300
v -0.000060 0.008753 -0.012300
v 0.000020 0.008761 -0.012294
v 0.000020 0.008769 -0.012288
v -0.000060 0.008769 -0.012288
v -0.000060 0.008761 -0.012294
v 0.000020 0.008710 -0.012343
v 0.000020 0.008805 -0.012360
v 0.000020 0.008843 -0.012400
v 0.000020 0.008808 -0.012360
v 0.000020 0.008803 -0.012360
v 0.000020 0.008810 -0.012359
v 0.000020 0.008813 -0.012358
v 0.000020 0.008843 -0.012368
v 0.000020 0.008815 -0.012357
v 0.000020 0.008817 -0.012356
v 0.000020 0.008819 -0.012354
v 0.000020 0.008843 -0.012366
v 0.000020 0.008821 -0.012353
v 0.000020 0.008844 -0.012365
v 0.000020 0.008822 -0.012351
v 0.000020 0.008844 -0.012364
v 0.000020 0.008824 -0.012349
v 0.000020 0.008845 -0.012362
v 0.000020 0.008825 -0.012347
v 0.000020 0.008826 -0.012345
v 0.000020 0.008847 -0.012361
v 0.000020 0.008827 -0.012342
v 0.000020 0.008848 -0.012361
v 0.000020 0.008849 -0.012360
v 0.000020 0.008828 -0.012340
v 0.000020 0.008828 -0.012337
v 0.000020 0.008851 -0.012360
v 0.000020 0.008828 -0.012330
v 0.000020 0.008828 -0.012333
v 0.000020 0.008868 -0.012313
v 0.000020 0.008853 -0.012300
v 0.000020 0.008825 -0.012323
v 0.000020 0.008826 -0.012325
v 0.000020 0.008861 -0.012306
v 0.000020 0.008853 -0.012300
v 0.000020 0.008853 -0.012300
v 0.000020 0.008824 -0.012321
v 0.000020 0.008827 -0.012328
v 0.000020 0.008861 -0.012306
v 0.000020 0.008845 -0.012294
v 0.000020 0.008822 -0.012319
v 0.000020 0.008845 -0.012294
v 0.000020 0.008821 -0.012317
v 0.000020 0.008845 -0.012294
v 0.000020 0.008837 -0.012288
v 0.000020 0.008837 -0.012288
v 0.000020 0.008819 -0.012316
v 0.000020 0.008861 -0.012306
v 0.000020 0.008834 -0.012287
v 0.000020 0.008837 -0.012288
v 0.000020 0.008834 -0.012287
v 0.000020 0.008817 -0.012314
v 0.000020 0.008813 -0.012312
v 0.000020 0.008815 -0.012313
v 0.000020 0.008834 -0.012287
v 0.000020 0.008810 -0.012311
v 0.000020 0.008834 -0.012287
v 0.000020 0.008808 -0.012310
v 0.000020 0.008834 -0.012287
v 0.000020 0.008805 -0.012310
v 0.000020 0.008772 -0.012287
v 0.000020 0.008801 -0.012310
v 0.000020 0.008803 -0.012310
v 0.000020 0.008834 -0.012287
v 0.000020 0.008772 -0.012287
v 0.000020 0.008796 -0.012311
v 0.000020 0.008798 -0.012310
v 0.000020 0.008772 -0.012287
v 0.000020 0.008772 -0.012287
v 0.000020 0.008793 -0.012312
v 0.000020 0.008772 -0.012287
v 0.000020 0.008789 -0.012314
v 0.000020 0.008772 -0.012287
v 0.000020 0.008787 -0.012316
v 0.000020 0.008791 -0.012313
v 0.000020 0.008772 -0.012287
v 0.000020 0.008772 -0.012287
v 0.000020 0.008769 -0.012288
v 0.000020 0.008785 -0.012317
v 0.000020 0.008769 -0.012288
v 0.000020 0.008761 -0.012294
v 0.000020 0.008769 -0.012288
v 0.000020 0.008761 -0.012294
v 0.000020 0.008784 -0.012319
v 0.000020 0.008761 -0.012294
v 0.000020 0.008782 -0.012321
v 0.000020 0.008761 -0.012294
v 0.000020 0.008753 -0.012300
v 0.000020 0.008781 -0.012323
v 0.000020 0.008753 -0.012300
v 0.000020 0.008780 -0.012325
v 0.000020 0.008753 -0.012300
v 0.000020 0.008745 -0.012306
v 0.000020 0.008779 -0.012328
v 0.000020 0.008745 -0.012306
v 0.000020 0.008778 -0.012330
v 0.000020 0.008738 -0.012313
v 0.000020 0.008778 -0.012333
v 0.000020 0.008745 -0.012306
v 0.000020 0.008738 -0.012313
v 0.000020 0.008778 -0.012335
v 0.000020 0.008738 -0.012313
v 0.000020 0.008778 -0.012337
v 0.000020 0.008755 -0.012360
v 0.000020 0.008757 -0.012360
v 0.000020 0.008758 -0.012361
v 0.000020 0.008778 -0.012340
v 0.000020 0.008759 -0.012361
v 0.000020 0.008761 -0.012362
v 0.000020 0.008781 -0.012347
v 0.000020 0.008780 -0.012345
v 0.000020 0.008762 -0.012364
v 0.000020 0.008782 -0.012349
v 0.000020 0.008784 -0.012351
v 0.000020 0.008762 -0.012365
v 0.000020 0.008779 -0.012342
v 0.000020 0.008785 -0.012353
v 0.000020 0.008763 -0.012366
v 0.000020 0.008763 -0.012368
v 0.000020 0.008787 -0.012354
v 0.000020 0.008789 -0.012356
v 0.000020 0.008828 -0.012335
v 0.000020 0.008738 -0.012313
v 0.000020 0.008868 -0.012313
v 0.000020 0.008837 -0.012288
v 0.000020 0.008836 -0.012287
v 0.000020 0.008834 -0.012287
v 0.000020 0.008834 -0.012287
v 0.000020 0.008772 -0.012287
v 0.000020 0.008834 -0.012287
v 0.000020 0.008868 -0.012313
v 0.000020 0.008876 -0.012320
v 0.000020 0.008895 -0.012360
v 0.000020 0.008889 -0.012335
v 0.000020 0.008889 -0.012335
v 0.000020 0.008883 -0.012327
v 0.000020 0.008889 -0.012335
v 0.000020 0.008895 -0.012360
v 0.000020 0.008895 -0.012343
v 0.000020 0.008883 -0.012327
v 0.000020 0.008876 -0.012320
v 0.000020 0.008845 -0.012294
v 0.000020 0.008853 -0.012300
v 0.000020 0.008834 -0.012287
v 0.000020 0.008745 -0.012306
v 0.000020 0.008868 -0.012313
v 0.000020 0.008796 -0.012359
v 0.000020 0.008763 -0.012400
v 0.000020 0.008798 -0.012360
v 0.000020 0.008868 -0.012313
v 0.000020 0.008861 -0.012306
v 0.000020 0.008801 -0.012360
v 0.000020 0.008793 -0.012358
v 0.000020 0.008791 -0.012357
v 0.000020 0.008710 -0.012360
v 0.000020 0.008717 -0.012335
v 0.000020 0.008710 -0.012343
v 0.000020 0.008710 -0.012360
v 0.000020 0.008717 -0.012335
v 0.000020 0.008717 -0.012335
v 0.000020 0.008723 -0.012327
v 0.000020 0.008723 -0.012327
v 0.000020 0.008730 -0.012320
v 0.000020 0.008730 -0.012320
v 0.000020 0.008738 -0.012313
v 0.000020 0.008770 -0.012287
v 0.000020 0.008769 -0.012288
v 0.000020 0.008772 -0.012287
v 0.000020 0.008753 -0.012300
v -0.000140 0.008763 -0.012400
v -0.000141 0.008763 -0.012400
v -0.000135 0.008763 -0.012400
v -0.000137 0.008764 -0.012400
v -0.000134 0.008765 -0.012400
v -0.000130 0.008766 -0.012400
v -0.000137 0.008842 -0.012400
v -0.000141 0.008843 -0.012400
v -0.000140 0.008843 -0.012400
v -0.000135 0.008843 -0.012400
v -0.000134 0.008841 -0.012400
v -0.000130 0.008840 -0.012400
v -0.000124 0.008763 -0.012400
v -0.000104 0.008763 -0.012400
v -0.000120 0.008771 -0.012400
v -0.000063 0.008843 -0.012400
v 0.000020 0.008763 -0.012400
v -0.000063 0.008763 -0.012400
v -0.000101 0.008785 -0.012400
v -0.000127 0.008767 -0.012400
v -0.000123 0.008769 -0.012400
v -0.000113 0.008776 -0.012400
v -0.000115 0.008775 -0.012400
v -0.000115 0.008775 -0.012400
v -0.000111 0.008777 -0.012400
v -0.000109 0.008778 -0.012400
v -0.000109 0.008778 -0.012400
v -0.000106 0.008779 -0.012400
v -0.000106 0.008779 -0.012400
v -0.000105 0.008781 -0.012400
v -0.000105 0.008781 -0.012400
v -0.000103 0.008783 -0.012400
v -0.000103 0.008783 -0.012400
v -0.000101 0.008785 -0.012400
v -0.000101 0.008785 -0.012400
v -0.000100 0.008787 -0.012400
v -0.000100 0.008787 -0.012400
v -0.000099 0.008789 -0.012400
v -0.000099 0.008789 -0.012400
v -0.000098 0.008791 -0.012400
v -0.000098 0.008791 -0.012400
v -0.000097 0.008793 -0.012400
v -0.000097 0.008793 -0.012400
v -0.000096 0.008796 -0.012400
v -0.000096 0.008796 -0.012400
v -0.000095 0.008798 -0.012400
v -0.000095 0.008803 -0.012400
v -0.000095 0.008801 -0.012400
v -0.000095 0.008798 -0.012400
v 0.000020 0.008843 -0.012400
v 0.000020 0.008763 -0.012400
v -0.000095 0.008801 -0.012400
v -0.000095 0.008803 -0.012400
v -0.000095 0.008803 -0.012400
v -0.000095 0.008805 -0.012400
v -0.000095 0.008805 -0.012400
v -0.000095 0.008808 -0.012400
v -0.000095 0.008808 -0.012400
v -0.000096 0.008810 -0.012400
v -0.000096 0.008810 -0.012400
v -0.000097 0.008813 -0.012400
v -0.000097 0.008813 -0.012400
v -0.000098 0.008815 -0.012400
v -0.000098 0.008815 -0.012400
v -0.000099 0.008817 -0.012400
v -0.000099 0.008817 -0.012400
v -0.000100 0.008819 -0.012400
v -0.000100 0.008819 -0.012400
v -0.000101 0.008821 -0.012400
v -0.000101 0.008821 -0.012400
v -0.000104 0.008843 -0.012400
v -0.000103 0.008823 -0.012400
v -0.000101 0.008821 -0.012400
v -0.000106 0.008827 -0.012400
v -0.000109 0.008828 -0.012400
v -0.000105 0.008825 -0.012400
v -0.000106 0.008827 -0.012400
v -0.000109 0.008828 -0.012400
v -0.000111 0.008829 -0.012400
v -0.000111 0.008829 -0.012400
v -0.000113 0.008830 -0.012400
v -0.000105 0.008825 -0.012400
v -0.000103 0.008823 -0.012400
v -0.000115 0.008831 -0.012400
v -0.000118 0.008832 -0.012400
v -0.000120 0.008835 -0.012400
v -0.000124 0.008843 -0.012400
v -0.000115 0.008831 -0.012400
v -0.000123 0.008837 -0.012400
v -0.000127 0.008839 -0.012400
v -0.000118 0.008774 -0.012400
v -0.000115 0.008775 -0.012400
v -0.000115 0.008831 -0.012400
v -0.000113 0.008830 -0.012400
v -0.000113 0.008776 -0.012400
v -0.000111 0.008777 -0.012400
v -0.000060 0.008782 -0.012349
v 0.000020 0.008781 -0.012347
v 0.000020 0.008782 -0.012349
v -0.000060 0.008781 -0.012346
v 0.000020 0.008780 -0.012345
v 0.000020 0.008781 -0.012347
v -0.000060 0.008779 -0.012343
v 0.000020 0.008780 -0.012345
v 0.000020 0.008778 -0.012340
v 0.000020 0.008779 -0.012342
v 0.000020 0.008778 -0.012337
v 0.000020 0.008778 -0.012340
v -0.000060 0.008778 -0.012339
v 0.000020 0.008778 -0.012335
v 0.000020 0.008778 -0.012337
v -0.000060 0.008778 -0.012336
v 0.000020 0.008778 -0.012335
v 0.000020 0.008778 -0.012333
v 0.000020 0.008778 -0.012333
v -0.000060 0.008778 -0.012332
v 0.000020 0.008778 -0.012330
v 0.000020 0.008778 -0.012330
v -0.000060 0.008779 -0.012328
v 0.000020 0.008779 -0.012328
v 0.000020 0.008779 -0.012328
v -0.000060 0.008780 -0.012325
v 0.000020 0.008780 -0.012325
v 0.000020 0.008781 -0.012323
v 0.000020 0.008780 -0.012325
v -0.000060 0.008782 -0.012322
v 0.000020 0.008782 -0.012321
v 0.000020 0.008781 -0.012323
v -0.000060 0.008784 -0.012319
v 0.000020 0.008784 -0.012319
v 0.000020 0.008782 -0.012321
v 0.000020 0.008785 -0.012317
v 0.000020 0.008784 -0.012319
v 0.000020 0.008787 -0.012316
v 0.000020 0.008785 -0.012317
v -0.000060 0.008786 -0.012316
v 0.000020 0.008789 -0.012314
v 0.000020 0.008787 -0.012316
v -0.000060 0.008789 -0.012314
v 0.000020 0.008791 -0.012313
v -0.000060 0.008792 -0.012312
v 0.000020 0.008791 -0.012313
v 0.000020 0.008793 -0.012312
v 0.000020 0.008793 -0.012312
v -0.000060 0.008796 -0.012311
v 0.000020 0.008796 -0.012311
v -0.000060 0.008799 -0.012310
v 0.000020 0.008798 -0.012310
v -0.000060 0.008803 -0.012310
v 0.000020 0.008801 -0.012310
v 0.000020 0.008803 -0.012310
v 0.000020 0.008801 -0.012310
v -0.000060 0.008807 -0.012310
v 0.000020 0.008805 -0.012310
v -0.000060 0.008810 -0.012311
v 0.000020 0.008808 -0.012310
v 0.000020 0.008813 -0.012312
v 0.000020 0.008810 -0.012311
v 0.000020 0.008813 -0.012312
v -0.000060 0.008814 -0.012312
v 0.000020 0.008815 -0.012313
v -0.000060 0.008817 -0.012314
v 0.000020 0.008817 -0.012314
v 0.000020 0.008819 -0.012316
v 0.000020 0.008819 -0.012316
v -0.000060 0.008820 -0.012316
v 0.000020 0.008821 -0.012317
v -0.000060 0.008822 -0.012319
v 0.000020 0.008821 -0.012317
v 0.000020 0.008824 -0.012321
v 0.000020 0.008822 -0.012319
v -0.000060 0.008824 -0.012322
v 0.000020 0.008825 -0.012323
v 0.000020 0.008824 -0.012321
v -0.000060 0.008826 -0.012325
v 0.000020 0.008825 -0.012323
v 0.000020 0.008827 -0.012328
v 0.000020 0.008826 -0.012325
v 0.000020 0.008827 -0.012328
v -0.000060 0.008827 -0.012328
v 0.000020 0.008828 -0.012330
v -0.000060 0.008828 -0.012332
v 0.000020 0.008828 -0.012330
v 0.000020 0.008828 -0.012333
v 0.000020 0.008828 -0.012340
v 0.000020 0.008828 -0.012337
v -0.000060 0.008828 -0.012339
v 0.000020 0.008817 -0.012356
v -0.000060 0.008817 -0.012355
v -0.000060 0.008815 -0.012357
v 0.000020 0.008819 -0.012354
v -0.000060 0.008817 -0.012355
v 0.000020 0.008817 -0.012356
v 0.000020 0.008805 -0.012360
v -0.000060 0.008806 -0.012360
v -0.000060 0.008803 -0.012360
v 0.000020 0.008808 -0.012360
v -0.000060 0.008806 -0.012360
v 0.000020 0.008805 -0.012360
v -0.000060 0.008808 -0.012359
v -0.000060 0.008806 -0.012360
v 0.000020 0.008808 -0.012360
v -0.000060 0.008808 -0.012359
v 0.000020 0.008808 -0.012360
v 0.000020 0.008810 -0.012359
v -0.000060 0.008808 -0.012359
v 0.000020 0.008810 -0.012359
v -0.000060 0.008811 -0.012359
v 0.000020 0.008810 -0.012359
v 0.000020 0.008813 -0.012358
v -0.000060 0.008811 -0.012359
v 0.000020 0.008813 -0.012358
v -0.000060 0.008813 -0.012358
v -0.000060 0.008811 -0.012359
v 0.000020 0.008815 -0.012357
v -0.000060 0.008813 -0.012358
v 0.000020 0.008813 -0.012358
v -0.000060 0.008813 -0.012358
v 0.000020 0.008815 -0.012357
v -0.000060 0.008815 -0.012357
v 0.000020 0.008815 -0.012357
v 0.000020 0.008817 -0.012356
v -0.000060 0.008815 -0.012357
v 0.000020 0.008819 -0.012354
v -0.000060 0.008819 -0.012354
v -0.000060 0.008817 -0.012355
v 0.000020 0.008821 -0.012353
v -0.000060 0.008819 -0.012354
v 0.000020 0.008819 -0.012354
v -0.000060 0.008821 -0.012352
v -0.000060 0.008819 -0.012354
v 0.000020 0.008821 -0.012353
v -0.000060 0.008821 -0.012352
v 0.000020 0.008821 -0.012353
v 0.000020 0.008822 -0.012351
v -0.000060 0.008821 -0.012352
v 0.000020 0.008822 -0.012351
v -0.000060 0.008824 -0.012349
v 0.000020 0.008822 -0.012351
v 0.000020 0.008824 -0.012349
v 0.000020 0.008824 -0.012349
v 0.000020 0.008825 -0.012347
v 0.000020 0.008825 -0.012347
v -0.000060 0.008825 -0.012346
v 0.000020 0.008826 -0.012345
v 0.000020 0.008825 -0.012347
v -0.000060 0.008827 -0.012343
v 0.000020 0.008826 -0.012345
v 0.000020 0.008826 -0.012345
v 0.000020 0.008827 -0.012342
v 0.000020 0.008827 -0.012342
v 0.000020 0.008828 -0.012340
v 0.000020 0.008828 -0.012340
v 0.000020 0.008828 -0.012337
v -0.000060 0.008828 -0.012336
v 0.000020 0.008828 -0.012337
v 0.000020 0.008828 -0.012335
v 0.000020 0.008828 -0.012335
v 0.000020 0.008828 -0.012333
v -0.000060 0.008785 -0.012352
v 0.000020 0.008784 -0.012351
v 0.000020 0.008828 -0.012333
v 0.000020 0.008827 -0.012328
v 0.000020 0.008828 -0.012330
v 0.000020 0.008826 -0.012325
v 0.000020 0.008825 -0.012323
v 0.000020 0.008824 -0.012321
v 0.000020 0.008822 -0.012319
v 0.000020 0.008821 -0.012317
v 0.000020 0.008819 -0.012316
v 0.000020 0.008815 -0.012313
v 0.000020 0.008817 -0.012314
v 0.000020 0.008813 -0.012312
v 0.000020 0.008815 -0.012313
v 0.000020 0.008810 -0.012311
v 0.000020 0.008808 -0.012310
v 0.000020 0.008808 -0.012310
v 0.000020 0.008805 -0.012310
v 0.000020 0.008805 -0.012310
v 0.000020 0.008803 -0.012310
v 0.000020 0.008801 -0.012310
v 0.000020 0.008798 -0.012310
v 0.000020 0.008798 -0.012310
v 0.000020 0.008796 -0.012311
v 0.000020 0.008793 -0.012312
v 0.000020 0.008789 -0.012314
v 0.000020 0.008791 -0.012313
v 0.000020 0.008787 -0.012316
v 0.000020 0.008785 -0.012317
v 0.000020 0.008782 -0.012321
v 0.000020 0.008781 -0.012323
v 0.000020 0.008779 -0.012328
v 0.000020 0.008778 -0.012330
v 0.000020 0.008778 -0.012333
v 0.000020 0.008778 -0.012337
v 0.000020 0.008778 -0.012340
v 0.000020 0.008779 -0.012342
v 0.000020 0.008780 -0.012345
v 0.000020 0.008784 -0.012351
v 0.000020 0.008785 -0.012353
v -0.000060 0.008785 -0.012352
v 0.000020 0.008785 -0.012353
v -0.000060 0.008787 -0.012354
v -0.000060 0.008785 -0.012352
v 0.000020 0.008787 -0.012354
v -0.000060 0.008787 -0.012354
v 0.000020 0.008785 -0.012353
v -0.000060 0.008789 -0.012355
v -0.000060 0.008787 -0.012354
v 0.000020 0.008787 -0.012354
v -0.000060 0.008789 -0.012355
v 0.000020 0.008787 -0.012354
v 0.000020 0.008789 -0.012356
v -0.000060 0.008789 -0.012355
v 0.000020 0.008789 -0.012356
v -0.000060 0.008791 -0.012357
v 0.000020 0.008789 -0.012356
v 0.000020 0.008791 -0.012357
v -0.000060 0.008791 -0.012357
v 0.000020 0.008791 -0.012357
v -0.000060 0.008793 -0.012358
v -0.000060 0.008791 -0.012357
v 0.000020 0.008803 -0.012360
v 0.000020 0.008805 -0.012360
v -0.000060 0.008803 -0.012360
v 0.000020 0.008782 -0.012349
v 0.000020 0.008784 -0.012351
v -0.000060 0.008803 -0.012360
v 0.000020 0.008801 -0.012360
v 0.000020 0.008803 -0.012360
v -0.000060 0.008800 -0.012360
v 0.000020 0.008801 -0.012360
v -0.000060 0.008803 -0.012360
v 0.000020 0.008798 -0.012360
v 0.000020 0.008801 -0.012360
v -0.000060 0.008800 -0.012360
v 0.000020 0.008798 -0.012360
v -0.000060 0.008800 -0.012360
v -0.000060 0.008798 -0.012359
v 0.000020 0.008798 -0.012360
v -0.000060 0.008798 -0.012359
v 0.000020 0.008796 -0.012359
v -0.000060 0.008798 -0.012359
v -0.000060 0.008795 -0.012359
v 0.000020 0.008796 -0.012359
v -0.000060 0.008795 -0.012359
v 0.000020 0.008793 -0.012358
v 0.000020 0.008796 -0.012359
v -0.000060 0.008793 -0.012358
v 0.000020 0.008793 -0.012358
v -0.000060 0.008795 -0.012359
v 0.000020 0.008781 -0.012347
v -0.000060 0.008793 -0.012358
v 0.000020 0.008791 -0.012357
v 0.000020 0.008793 -0.012358
v -0.000260 0.008843 -0.012368
v -0.000124 0.008843 -0.012400
v -0.000135 0.008843 -0.012400
v -0.000063 0.008843 -0.012400
v 0.000020 0.008843 -0.012368
v 0.000020 0.008843 -0.012400
v -0.000104 0.008843 -0.012400
v 0.000020 0.008843 -0.012368
v -0.000063 0.008843 -0.012400
v -0.000124 0.008843 -0.012400
v 0.000020 0.008843 -0.012368
v -0.000104 0.008843 -0.012400
v -0.000260 0.008843 -0.012368
v 0.000020 0.008843 -0.012368
v -0.000124 0.008843 -0.012400
v -0.000140 0.008843 -0.012400
v -0.000260 0.008843 -0.012368
v -0.000135 0.008843 -0.012400
v -0.000145 0.008843 -0.012400
v -0.000260 0.008843 -0.012368
v -0.000140 0.008843 -0.012400
v -0.000149 0.008843 -0.012400
v -0.000260 0.008843 -0.012368
v -0.000145 0.008843 -0.012400
v -0.000152 0.008843 -0.012400
v -0.000260 0.008843 -0.012368
v -0.000149 0.008843 -0.012400
v -0.000159 0.008843 -0.012400
v -0.000260 0.008843 -0.012368
v -0.000152 0.008843 -0.012400
v -0.000174 0.008843 -0.012400
v -0.000260 0.008843 -0.012368
v -0.000159 0.008843 -0.012400
v -0.000203 0.008843 -0.012400
v -0.000260 0.008843 -0.012368
v -0.000174 0.008843 -0.012400
v -0.000260 0.008843 -0.012400
v -0.000260 0.008843 -0.012368
v -0.000203 0.008843 -0.012400
v 0.000020 0.008851 -0.012360
v -0.000260 0.008851 -0.012360
v -0.000120 0.008895 -0.012360
v -0.000190 0.008895 -0.012360
v -0.000260 0.008851 -0.012360
v -0.000260 0.008895 -0.012360
v -0.000120 0.008895 -0.012360
v -0.000260 0.008851 -0.012360
v -0.000190 0.008895 -0.012360
v -0.000050 0.008895 -0.012360
v 0.000020 0.008851 -0.012360
v -0.000120 0.008895 -0.012360
v 0.000020 0.008851 -0.012360
v -0.000050 0.008895 -0.012360
v 0.000020 0.008895 -0.012360
v 0.000020 0.008763 -0.012368
v -0.000124 0.008763 -0.012400
v -0.000104 0.008763 -0.012400
v -0.000203 0.008763 -0.012400
v -0.000260 0.008763 -0.012368
v -0.000260 0.008763 -0.012400
v -0.000174 0.008763 -0.012400
v -0.000260 0.008763 -0.012368
v -0.000203 0.008763 -0.012400
v -0.000159 0.008763 -0.012400
v -0.000260 0.008763 -0.012368
v -0.000174 0.008763 -0.012400
v -0.000152 0.008763 -0.012400
v -0.000260 0.008763 -0.012368
v -0.000159 0.008763 -0.012400
v -0.000149 0.008763 -0.012400
v -0.000260 0.008763 -0.012368
v -0.000152 0.008763 -0.012400
v -0.000145 0.008763 -0.012400
v -0.000260 0.008763 -0.012368
v -0.000149 0.008763 -0.012400
v -0.000140 0.008763 -0.012400
v -0.000260 0.008763 -0.012368
v -0.000145 0.008763 -0.012400
v -0.000135 0.008763 -0.012400
v -0.000260 0.008763 -0.012368
v -0.000140 0.008763 -0.012400
v -0.000124 0.008763 -0.012400
v -0.000260 0.008763 -0.012368
v -0.000135 0.008763 -0.012400
v 0.000020 0.008763 -0.012368
v -0.000260 0.008763 -0.012368
v -0.000124 0.008763 -0.012400
v -0.000063 0.008763 -0.012400
v 0.000020 0.008763 -0.012368
v -0.000104 0.008763 -0.012400
v 0.000020 0.008763 -0.012368
v -0.000063 0.008763 -0.012400
v 0.000020 0.008763 -0.012400
v -0.000260 0.008755 -0.012360
v 0.000020 0.008755 -0.012360
v -0.000120 0.008710 -0.012360
v -0.000050 0.008710 -0.012360
v 0.000020 0.008755 -0.012360
v 0.000020 0.008710 -0.012360
v -0.000120 0.008710 -0.012360
v 0.000020 0.008755 -0.012360
v -0.000050 0.008710 -0.012360
v -0.000190 0.008710 -0.012360
v -0.000260 0.008755 -0.012360
v -0.000120 0.008710 -0.012360
v -0.000260 0.008710 -0.012360
v -0.000260 0.008755 -0.012360
v -0.000190 0.008710 -0.012360
v -0.000060 0.008710 -0.012352
v -0.000060 0.008710 -0.012343
v -0.000060 0.008717 -0.012335
v -0.000060 0.008710 -0.012352
v -0.000060 0.008717 -0.012335
v -0.000060 0.008779 -0.012343
v -0.000060 0.008717 -0.012335
v -0.000060 0.008723 -0.012327
v -0.000060 0.008779 -0.012343
v -0.000060 0.008778 -0.012339
v -0.000060 0.008730 -0.012320
v -0.000060 0.008778 -0.012336
v -0.000060 0.008778 -0.012336
v -0.000060 0.008738 -0.012313
v -0.000060 0.008778 -0.012332
v -0.000060 0.008738 -0.012313
v -0.000060 0.008745 -0.012306
v -0.000060 0.008778 -0.012332
v -0.000060 0.008745 -0.012306
v -0.000060 0.008780 -0.012325
v -0.000060 0.008779 -0.012328
v -0.000060 0.008753 -0.012300
v -0.000060 0.008761 -0.012294
v -0.000060 0.008782 -0.012322
v -0.000060 0.008753 -0.012300
v -0.000060 0.008782 -0.012322
v -0.000060 0.008780 -0.012325
v -0.000060 0.008772 -0.012287
v -0.000060 0.008799 -0.012310
v -0.000060 0.008796 -0.012311
v -0.000060 0.008772 -0.012287
v -0.000060 0.008803 -0.012310
v -0.000060 0.008799 -0.012310
v -0.000060 0.008834 -0.012287
v -0.000060 0.008803 -0.012310
v -0.000060 0.008772 -0.012287
v -0.000060 0.008837 -0.012288
v -0.000060 0.008820 -0.012316
v -0.000060 0.008834 -0.012287
v -0.000060 0.008810 -0.012311
v -0.000060 0.008807 -0.012310
v -0.000060 0.008834 -0.012287
v -0.000060 0.008845 -0.012294
v -0.000060 0.008820 -0.012316
v -0.000060 0.008837 -0.012288
v -0.000060 0.008853 -0.012300
v -0.000060 0.008824 -0.012322
v -0.000060 0.008845 -0.012294
v -0.000060 0.008861 -0.012306
v -0.000060 0.008826 -0.012325
v -0.000060 0.008853 -0.012300
v -0.000060 0.008868 -0.012313
v -0.000060 0.008828 -0.012332
v -0.000060 0.008861 -0.012306
v -0.000060 0.008876 -0.012320
v -0.000060 0.008828 -0.012339
v -0.000060 0.008828 -0.012336
v -0.000060 0.008876 -0.012320
v -0.000060 0.008828 -0.012336
v -0.000060 0.008868 -0.012313
v -0.000060 0.008824 -0.012349
v -0.000060 0.008895 -0.012352
v -0.000060 0.008821 -0.012352
v -0.000060 0.008825 -0.012346
v -0.000060 0.008895 -0.012352
v -0.000060 0.008824 -0.012349
v -0.000060 0.008827 -0.012343
v -0.000060 0.008895 -0.012352
v -0.000060 0.008825 -0.012346
v -0.000060 0.008889 -0.012335
v -0.000060 0.008895 -0.012352
v -0.000060 0.008827 -0.012343
v -0.000060 0.008895 -0.012343
v -0.000060 0.008895 -0.012352
v -0.000060 0.008889 -0.012335
v -0.000060 0.008883 -0.012327
v -0.000060 0.008889 -0.012335
v -0.000060 0.008827 -0.012343
v -0.000060 0.008883 -0.012327
v -0.000060 0.008827 -0.012343
v -0.000060 0.008828 -0.012339
v -0.000060 0.008883 -0.012327
v -0.000060 0.008828 -0.012339
v -0.000060 0.008876 -0.012320
v -0.000060 0.008868 -0.012313
v -0.000060 0.008828 -0.012336
v -0.000060 0.008828 -0.012332
v -0.000060 0.008861 -0.012306
v -0.000060 0.008828 -0.012332
v -0.000060 0.008827 -0.012328
v -0.000060 0.008861 -0.012306
v -0.000060 0.008827 -0.012328
v -0.000060 0.008826 -0.012325
v -0.000060 0.008822 -0.012319
v -0.000060 0.008820 -0.012316
v -0.000060 0.008845 -0.012294
v -0.000060 0.008822 -0.012319
v -0.000060 0.008845 -0.012294
v -0.000060 0.008824 -0.012322
v -0.000060 0.008834 -0.012287
v -0.000060 0.008836 -0.012287
v -0.000060 0.008837 -0.012288
v -0.000060 0.008834 -0.012287
v -0.000060 0.008820 -0.012316
v -0.000060 0.008817 -0.012314
v -0.000060 0.008834 -0.012287
v -0.000060 0.008817 -0.012314
v -0.000060 0.008814 -0.012312
v -0.000060 0.008796 -0.012311
v -0.000060 0.008792 -0.012312
v -0.000060 0.008772 -0.012287
v -0.000060 0.008807 -0.012310
v -0.000060 0.008803 -0.012310
v -0.000060 0.008834 -0.012287
v -0.000060 0.008792 -0.012312
v -0.000060 0.008789 -0.012314
v -0.000060 0.008772 -0.012287
v -0.000060 0.008789 -0.012314
v -0.000060 0.008786 -0.012316
v -0.000060 0.008772 -0.012287
v -0.000060 0.008769 -0.012288
v -0.000060 0.008770 -0.012287
v -0.000060 0.008772 -0.012287
v -0.000060 0.008769 -0.012288
v -0.000060 0.008772 -0.012287
v -0.000060 0.008786 -0.012316
v -0.000060 0.008769 -0.012288
v -0.000060 0.008786 -0.012316
v -0.000060 0.008761 -0.012294
v -0.000060 0.008784 -0.012319
v -0.000060 0.008782 -0.012322
v -0.000060 0.008761 -0.012294
v -0.000060 0.008784 -0.012319
v -0.000060 0.008761 -0.012294
v -0.000060 0.008786 -0.012316
v -0.000060 0.008780 -0.012325
v -0.000060 0.008745 -0.012306
v -0.000060 0.008753 -0.012300
v -0.000060 0.008779 -0.012328
v -0.000060 0.008778 -0.012332
v -0.000060 0.008745 -0.012306
v -0.000060 0.008738 -0.012313
v -0.000060 0.008778 -0.012336
v -0.000060 0.008730 -0.012320
v -0.000060 0.008778 -0.012339
v -0.000060 0.008779 -0.012343
v -0.000060 0.008723 -0.012327
v -0.000060 0.008778 -0.012339
v -0.000060 0.008723 -0.012327
v -0.000060 0.008730 -0.012320
v -0.000060 0.008853 -0.012300
v -0.000060 0.008826 -0.012325
v -0.000060 0.008824 -0.012322
v -0.000060 0.008785 -0.012352
v -0.000060 0.008710 -0.012352
v -0.000060 0.008782 -0.012349
v -0.000060 0.008834 -0.012287
v -0.000060 0.008814 -0.012312
v -0.000060 0.008810 -0.012311
v -0.000060 0.008781 -0.012346
v -0.000060 0.008782 -0.012349
v -0.000060 0.008710 -0.012352
v -0.000060 0.008779 -0.012343
v -0.000060 0.008781 -0.012346
v -0.000060 0.008710 -0.012352
v -0.000189 0.008853 -0.012315
v -0.000185 0.008868 -0.012315
v -0.000192 0.008851 -0.012315
v -0.000185 0.008855 -0.012315
v -0.000185 0.008868 -0.012315
v -0.000185 0.008868 -0.012315
v -0.000195 0.008848 -0.012315
v -0.000185 0.008868 -0.012315
v -0.000198 0.008846 -0.012315
v -0.000185 0.008868 -0.012315
v -0.000260 0.008868 -0.012315
v -0.000260 0.008868 -0.012315
v -0.000201 0.008843 -0.012315
v -0.000206 0.008837 -0.012315
v -0.000260 0.008868 -0.012315
v -0.000209 0.008834 -0.012315
v -0.000204 0.008840 -0.012315
v -0.000260 0.008868 -0.012315
v -0.000260 0.008868 -0.012315
v -0.000211 0.008830 -0.012315
v -0.000260 0.008868 -0.012315
v -0.000212 0.008826 -0.012315
v -0.000260 0.008868 -0.012315
v -0.000214 0.008823 -0.012315
v -0.000260 0.008868 -0.012315
v -0.000260 0.008868 -0.012315
v -0.000215 0.008819 -0.012315
v -0.000260 0.008868 -0.012315
v -0.000216 0.008815 -0.012315
v -0.000260 0.008868 -0.012315
v -0.000217 0.008811 -0.012315
v -0.000260 0.008868 -0.012315
v -0.000217 0.008807 -0.012315
v -0.000260 0.008868 -0.012315
v -0.000218 0.008803 -0.012315
v -0.000260 0.008738 -0.012315
v -0.000260 0.008868 -0.012315
v -0.000260 0.008738 -0.012315
v -0.000217 0.008799 -0.012315
v -0.000260 0.008738 -0.012315
v -0.000217 0.008795 -0.012315
v -0.000260 0.008738 -0.012315
v -0.000216 0.008791 -0.012315
v -0.000260 0.008738 -0.012315
v -0.000215 0.008787 -0.012315
v -0.000260 0.008738 -0.012315
v -0.000214 0.008783 -0.012315
v -0.000211 0.008776 -0.012315
v -0.000260 0.008738 -0.012315
v -0.000209 0.008772 -0.012315
v -0.000212 0.008780 -0.012315
v -0.000260 0.008738 -0.012315
v -0.000260 0.008738 -0.012315
v -0.000206 0.008769 -0.012315
v -0.000260 0.008738 -0.012315
v -0.000204 0.008766 -0.012315
v -0.000260 0.008738 -0.012315
v -0.000201 0.008763 -0.012315
v -0.000260 0.008738 -0.012315
v -0.000198 0.008760 -0.012315
v -0.000260 0.008738 -0.012315
v -0.000185 0.008738 -0.012315
v -0.000195 0.008758 -0.012315
v -0.000185 0.008738 -0.012315
v -0.000192 0.008755 -0.012315
v -0.000185 0.008738 -0.012315
v -0.000260 0.008738 -0.012315
v -0.000185 0.008751 -0.012315
v -0.000189 0.008753 -0.012315
v -0.000185 0.008738 -0.012315
v -0.000185 0.008738 -0.012315
v -0.000189 0.008853 -0.012315
v -0.000192 0.008851 -0.012315
v -0.000185 0.008844 -0.012325
v -0.000192 0.008851 -0.012315
v -0.000185 0.008838 -0.012329
v -0.000185 0.008844 -0.012325
v -0.000195 0.008848 -0.012315
v -0.000185 0.008838 -0.012329
v -0.000192 0.008851 -0.012315
v -0.000185 0.008833 -0.012334
v -0.000185 0.008838 -0.012329
v -0.000195 0.008848 -0.012315
v -0.000185 0.008833 -0.012334
v -0.000195 0.008848 -0.012315
v -0.000198 0.008846 -0.012315
v -0.000185 0.008833 -0.012334
v -0.000198 0.008846 -0.012315
v -0.000187 0.008832 -0.012333
v -0.000187 0.008832 -0.012333
v -0.000201 0.008843 -0.012315
v -0.000190 0.008831 -0.012331
v -0.000194 0.008829 -0.012329
v -0.000204 0.008840 -0.012315
v -0.000206 0.008837 -0.012315
v -0.000197 0.008828 -0.012328
v -0.000206 0.008837 -0.012315
v -0.000209 0.008834 -0.012315
v -0.000199 0.008826 -0.012327
v -0.000209 0.008834 -0.012315
v -0.000211 0.008830 -0.012315
v -0.000201 0.008825 -0.012326
v -0.000211 0.008830 -0.012315
v -0.000202 0.008823 -0.012326
v -0.000202 0.008823 -0.012326
v -0.000212 0.008826 -0.012315
v -0.000204 0.008821 -0.012325
v -0.000204 0.008821 -0.012325
v -0.000214 0.008823 -0.012315
v -0.000206 0.008819 -0.012324
v -0.000208 0.008814 -0.012323
v -0.000215 0.008819 -0.012315
v -0.000216 0.008815 -0.012315
v -0.000207 0.008816 -0.012324
v -0.000215 0.008819 -0.012315
v -0.000208 0.008814 -0.012323
v -0.000209 0.008808 -0.012323
v -0.000209 0.008811 -0.012323
v -0.000217 0.008811 -0.012315
v -0.000218 0.008803 -0.012315
v -0.000210 0.008800 -0.012323
v -0.000210 0.008803 -0.012322
v -0.000217 0.008799 -0.012315
v -0.000209 0.008798 -0.012323
v -0.000210 0.008800 -0.012323
v -0.000217 0.008795 -0.012315
v -0.000209 0.008795 -0.012323
v -0.000209 0.008798 -0.012323
v -0.000216 0.008791 -0.012315
v -0.000208 0.008792 -0.012323
v -0.000209 0.008795 -0.012323
v -0.000215 0.008787 -0.012315
v -0.000208 0.008792 -0.012323
v -0.000216 0.008791 -0.012315
v -0.000206 0.008787 -0.012324
v -0.000207 0.008790 -0.012324
v -0.000215 0.008787 -0.012315
v -0.000204 0.008785 -0.012325
v -0.000206 0.008787 -0.012324
v -0.000214 0.008783 -0.012315
v -0.000204 0.008785 -0.012325
v -0.000214 0.008783 -0.012315
v -0.000212 0.008780 -0.012315
v -0.000203 0.008783 -0.012326
v -0.000212 0.008780 -0.012315
v -0.000211 0.008776 -0.012315
v -0.000203 0.008783 -0.012326
v -0.000211 0.008776 -0.012315
v -0.000201 0.008781 -0.012326
v -0.000211 0.008776 -0.012315
v -0.000209 0.008772 -0.012315
v -0.000199 0.008780 -0.012327
v -0.000209 0.008772 -0.012315
v -0.000197 0.008778 -0.012328
v -0.000199 0.008780 -0.012327
v -0.000206 0.008769 -0.012315
v -0.000197 0.008778 -0.012328
v -0.000209 0.008772 -0.012315
v -0.000204 0.008766 -0.012315
v -0.000194 0.008777 -0.012329
v -0.000206 0.008769 -0.012315
v -0.000192 0.008776 -0.012330
v -0.000194 0.008777 -0.012329
v -0.000204 0.008766 -0.012315
v -0.000192 0.008776 -0.012330
v -0.000204 0.008766 -0.012315
v -0.000201 0.008763 -0.012315
v -0.000187 0.008774 -0.012333
v -0.000190 0.008775 -0.012331
v -0.000201 0.008763 -0.012315
v -0.000195 0.008758 -0.012315
v -0.000192 0.008755 -0.012315
v -0.000185 0.008768 -0.012329
v -0.000192 0.008755 -0.012315
v -0.000185 0.008762 -0.012325
v -0.000185 0.008768 -0.012329
v -0.000189 0.008753 -0.012315
v -0.000185 0.008751 -0.012315
v -0.000185 0.008762 -0.012325
v -0.000185 0.008773 -0.012334
v -0.000195 0.008758 -0.012315
v -0.000185 0.008768 -0.012329
v -0.000198 0.008760 -0.012315
v -0.000195 0.008758 -0.012315
v -0.000185 0.008773 -0.012334
v -0.000190 0.008775 -0.012331
v -0.000192 0.008776 -0.012330
v -0.000201 0.008763 -0.012315
v -0.000206 0.008769 -0.012315
v -0.000194 0.008777 -0.012329
v -0.000197 0.008778 -0.012328
v -0.000201 0.008781 -0.012326
v -0.000211 0.008776 -0.012315
v -0.000199 0.008780 -0.012327
v -0.000204 0.008785 -0.012325
v -0.000212 0.008780 -0.012315
v -0.000203 0.008783 -0.012326
v -0.000206 0.008787 -0.012324
v -0.000215 0.008787 -0.012315
v -0.000214 0.008783 -0.012315
v -0.000207 0.008790 -0.012324
v -0.000208 0.008792 -0.012323
v -0.000215 0.008787 -0.012315
v -0.000216 0.008791 -0.012315
v -0.000209 0.008795 -0.012323
v -0.000217 0.008795 -0.012315
v -0.000210 0.008803 -0.012322
v -0.000210 0.008806 -0.012323
v -0.000218 0.008803 -0.012315
v -0.000217 0.008795 -0.012315
v -0.000209 0.008798 -0.012323
v -0.000217 0.008799 -0.012315
v -0.000217 0.008807 -0.012315
v -0.000218 0.008803 -0.012315
v -0.000210 0.008806 -0.012323
v -0.000217 0.008807 -0.012315
v -0.000210 0.008806 -0.012323
v -0.000209 0.008808 -0.012323
v -0.000217 0.008807 -0.012315
v -0.000209 0.008808 -0.012323
v -0.000217 0.008811 -0.012315
v -0.000217 0.008811 -0.012315
v -0.000209 0.008811 -0.012323
v -0.000216 0.008815 -0.012315
v -0.000209 0.008811 -0.012323
v -0.000208 0.008814 -0.012323
v -0.000216 0.008815 -0.012315
v -0.000207 0.008816 -0.012324
v -0.000206 0.008819 -0.012324
v -0.000215 0.008819 -0.012315
v -0.000185 0.008855 -0.012315
v -0.000189 0.008853 -0.012315
v -0.000185 0.008844 -0.012325
v -0.000214 0.008823 -0.012315
v -0.000215 0.008819 -0.012315
v -0.000206 0.008819 -0.012324
v -0.000212 0.008826 -0.012315
v -0.000214 0.008823 -0.012315
v -0.000204 0.008821 -0.012325
v -0.000211 0.008830 -0.012315
v -0.000212 0.008826 -0.012315
v -0.000202 0.008823 -0.012326
v -0.000199 0.008826 -0.012327
v -0.000211 0.008830 -0.012315
v -0.000201 0.008825 -0.012326
v -0.000197 0.008828 -0.012328
v -0.000209 0.008834 -0.012315
v -0.000199 0.008826 -0.012327
v -0.000194 0.008829 -0.012329
v -0.000206 0.008837 -0.012315
v -0.000197 0.008828 -0.012328
v -0.000198 0.008760 -0.012315
v -0.000185 0.008773 -0.012334
v -0.000187 0.008774 -0.012333
v -0.000192 0.008830 -0.012330
v -0.000190 0.008831 -0.012331
v -0.000201 0.008843 -0.012315
v -0.000192 0.008755 -0.012315
v -0.000189 0.008753 -0.012315
v -0.000185 0.008762 -0.012325
v -0.000194 0.008829 -0.012329
v -0.000192 0.008830 -0.012330
v -0.000204 0.008840 -0.012315
v -0.000187 0.008774 -0.012333
v -0.000201 0.008763 -0.012315
v -0.000198 0.008760 -0.012315
v -0.000204 0.008840 -0.012315
v -0.000192 0.008830 -0.012330
v -0.000201 0.008843 -0.012315
v -0.000210 0.008800 -0.012323
v -0.000218 0.008803 -0.012315
v -0.000217 0.008799 -0.012315
v -0.000187 0.008832 -0.012333
v -0.000198 0.008846 -0.012315
v -0.000201 0.008843 -0.012315
v -0.000260 0.008757 -0.012360
v 0.000020 0.008757 -0.012360
v -0.000260 0.008755 -0.012360
v -0.000260 0.008758 -0.012361
v 0.000020 0.008757 -0.012360
v -0.000260 0.008757 -0.012360
v -0.000260 0.008759 -0.012361
v 0.000020 0.008758 -0.012361
v -0.000260 0.008758 -0.012361
v 0.000020 0.008759 -0.012361
v 0.000020 0.008758 -0.012361
v -0.000260 0.008759 -0.012361
v 0.000020 0.008761 -0.012362
v 0.000020 0.008759 -0.012361
v -0.000260 0.008761 -0.012362
v 0.000020 0.008761 -0.012362
v -0.000260 0.008761 -0.012362
v -0.000260 0.008762 -0.012364
v 0.000020 0.008762 -0.012364
v -0.000260 0.008762 -0.012364
v -0.000260 0.008762 -0.012365
v 0.000020 0.008762 -0.012364
v -0.000260 0.008762 -0.012365
v 0.000020 0.008762 -0.012365
v -0.000260 0.008763 -0.012368
v 0.000020 0.008763 -0.012368
v 0.000020 0.008763 -0.012366
v -0.000260 0.008763 -0.012368
v 0.000020 0.008763 -0.012366
v -0.000260 0.008763 -0.012366
v 0.000020 0.008763 -0.012366
v 0.000020 0.008762 -0.012365
v -0.000260 0.008763 -0.012366
v 0.000020 0.008762 -0.012365
v -0.000260 0.008762 -0.012365
v -0.000260 0.008763 -0.012366
v 0.000020 0.008762 -0.012364
v 0.000020 0.008761 -0.012362
v -0.000260 0.008762 -0.012364
v -0.000260 0.008761 -0.012362
v 0.000020 0.008759 -0.012361
v -0.000260 0.008759 -0.012361
v 0.000020 0.008757 -0.012360
v -0.000260 0.008758 -0.012361
v 0.000020 0.008758 -0.012361
v -0.000260 0.008755 -0.012360
v 0.000020 0.008757 -0.012360
v 0.000020 0.008755 -0.012360
v -0.000260 0.008843 -0.012366
v 0.000020 0.008843 -0.012366
v -0.000260 0.008843 -0.012368
v -0.000260 0.008844 -0.012365
v 0.000020 0.008843 -0.012366
v -0.000260 0.008843 -0.012366
v -0.000260 0.008844 -0.012364
v 0.000020 0.008844 -0.012365
v -0.000260 0.008844 -0.012365
v 0.000020 0.008844 -0.012364
v 0.000020 0.008844 -0.012365
v -0.000260 0.008844 -0.012364
v 0.000020 0.008845 -0.012362
v 0.000020 0.008844 -0.012364
v -0.000260 0.008845 -0.012362
v 0.000020 0.008845 -0.012362
v -0.000260 0.008845 -0.012362
v -0.000260 0.008847 -0.012361
v 0.000020 0.008847 -0.012361
v -0.000260 0.008847 -0.012361
v -0.000260 0.008848 -0.012361
v 0.000020 0.008847 -0.012361
v -0.000260 0.008848 -0.012361
v 0.000020 0.008848 -0.012361
v 0.000020 0.008849 -0.012360
v -0.000260 0.008851 -0.012360
v 0.000020 0.008851 -0.012360
v -0.000260 0.008849 -0.012360
v -0.000260 0.008851 -0.012360
v 0.000020 0.008849 -0.012360
v -0.000260 0.008849 -0.012360
v 0.000020 0.008849 -0.012360
v 0.000020 0.008848 -0.012361
v -0.000260 0.008849 -0.012360
v 0.000020 0.008848 -0.012361
v -0.000260 0.008848 -0.012361
v -0.000260 0.008847 -0.012361
v 0.000020 0.008847 -0.012361
v 0.000020 0.008845 -0.012362
v -0.000260 0.008844 -0.012364
v -0.000260 0.008845 -0.012362
v 0.000020 0.008844 -0.012364
v 0.000020 0.008843 -0.012366
v -0.000260 0.008844 -0.012365
v 0.000020 0.008844 -0.012365
v 0.000020 0.008843 -0.012366
v 0.000020 0.008843 -0.012368
v -0.000260 0.008843 -0.012368
v 0.000020 0.008836 -0.012287
v 0.000020 0.008836 -0.012287
v -0.000060 0.008836 -0.012287
v -0.000060 0.008836 -0.012287
v -0.000060 0.008836 -0.012287
v 0.000020 0.008836 -0.012287
v -0.000185 0.008738 -0.012315
v -0.000260 0.008738 -0.012315
v -0.000185 0.008737 -0.012315
v -0.000185 0.008737 -0.012315
v -0.000260 0.008738 -0.012315
v -0.000260 0.008737 -0.012315
v -0.000185 0.008736 -0.012315
v -0.000185 0.008737 -0.012315
v -0.000260 0.008737 -0.012315
v -0.000260 0.008736 -0.012315
v -0.000185 0.008736 -0.012315
v -0.000260 0.008737 -0.012315
v -0.000260 0.008736 -0.012315
v -0.000185 0.008735 -0.012316
v -0.000185 0.008736 -0.012315
v -0.000260 0.008735 -0.012316
v -0.000260 0.008734 -0.012316
v -0.000185 0.008735 -0.012316
v -0.000260 0.008735 -0.012316
v -0.000185 0.008735 -0.012316
v -0.000260 0.008736 -0.012315
v -0.000260 0.008735 -0.012316
v -0.000260 0.008872 -0.012316
v -0.000185 0.008871 -0.012316
v -0.000185 0.008871 -0.012316
v -0.000260 0.008872 -0.012316
v -0.000260 0.008871 -0.012316
v -0.000185 0.008870 -0.012315
v -0.000185 0.008871 -0.012316
v -0.000260 0.008871 -0.012316
v -0.000260 0.008870 -0.012315
v -0.000185 0.008870 -0.012315
v -0.000260 0.008871 -0.012316
v -0.000260 0.008869 -0.012315
v -0.000260 0.008868 -0.012315
v -0.000185 0.008868 -0.012315
v -0.000185 0.008869 -0.012315
v -0.000260 0.008869 -0.012315
v -0.000185 0.008868 -0.012315
v -0.000185 0.008869 -0.012315
v -0.000260 0.008870 -0.012315
v -0.000260 0.008869 -0.012315
v -0.000185 0.008870 -0.012315
v -0.000260 0.008870 -0.012315
v -0.000185 0.008869 -0.012315
v 0.000020 0.008770 -0.012287
v 0.000020 0.008770 -0.012287
v -0.000060 0.008770 -0.012287
v -0.000060 0.008770 -0.012287
v -0.000060 0.008770 -0.012287
v 0.000020 0.008770 -0.012287
v -0.000148 0.008833 -0.012400
v -0.000148 0.008833 -0.012400
v -0.000145 0.008833 -0.012400
v -0.000148 0.008833 -0.012400
v -0.000151 0.008832 -0.012400
v -0.000152 0.008833 -0.012400
v -0.000154 0.008832 -0.012400
v -0.000151 0.008774 -0.012400
v -0.000148 0.008773 -0.012400
v -0.000148 0.008773 -0.012400
v -0.000154 0.008774 -0.012400
v -0.000152 0.008773 -0.012400
v -0.000166 0.008782 -0.012400
v -0.000174 0.008776 -0.012400
v -0.000168 0.008784 -0.012400
v -0.000170 0.008786 -0.012400
v -0.000177 0.008779 -0.012400
v -0.000171 0.008789 -0.012400
v -0.000180 0.008783 -0.012400
v -0.000174 0.008794 -0.012400
v -0.000183 0.008790 -0.012400
v -0.000173 0.008792 -0.012400
v -0.000181 0.008787 -0.012400
v -0.000174 0.008797 -0.012400
v -0.000184 0.008795 -0.012400
v -0.000175 0.008800 -0.012400
v -0.000185 0.008799 -0.012400
v -0.000185 0.008803 -0.012400
v -0.000175 0.008803 -0.012400
v -0.000175 0.008806 -0.012400
v -0.000173 0.008814 -0.012400
v -0.000181 0.008819 -0.012400
v -0.000183 0.008816 -0.012400
v -0.000174 0.008809 -0.012400
v -0.000185 0.008807 -0.012400
v -0.000171 0.008817 -0.012400
v -0.000170 0.008820 -0.012400
v -0.000180 0.008823 -0.012400
v -0.000158 0.008833 -0.012400
v -0.000162 0.008828 -0.012400
v -0.000159 0.008829 -0.012400
v -0.000168 0.008822 -0.012400
v -0.000177 0.008827 -0.012400
v -0.000152 0.008833 -0.012400
v -0.000148 0.008833 -0.012400
v -0.000158 0.008833 -0.012400
v -0.000152 0.008833 -0.012400
v -0.000156 0.008831 -0.012400
v -0.000158 0.008833 -0.012400
v -0.000158 0.008833 -0.012400
v -0.000164 0.008826 -0.012400
v -0.000166 0.008824 -0.012400
v -0.000174 0.008830 -0.012400
v -0.000174 0.008812 -0.012400
v -0.000184 0.008811 -0.012400
v -0.000164 0.008780 -0.012400
v -0.000162 0.008778 -0.012400
v -0.000158 0.008773 -0.012400
v -0.000158 0.008773 -0.012400
v -0.000159 0.008777 -0.012400
v -0.000158 0.008773 -0.012400
v -0.000156 0.008775 -0.012400
v -0.000158 0.008773 -0.012400
v -0.000152 0.008773 -0.012400
v -0.000158 0.008833 -0.012400
v -0.000145 0.008773 -0.012400
v -0.000148 0.008773 -0.012400
v -0.000152 0.008773 -0.012400
v -0.000148 0.008773 -0.012400
v -0.000158 0.008773 -0.012400
v -0.000143 0.008833 -0.012400
v -0.000142 0.008833 -0.012400
v -0.000140 0.008833 -0.012400
v -0.000140 0.008833 -0.012400
v -0.000139 0.008832 -0.012400
v -0.000135 0.008833 -0.012400
v -0.000140 0.008773 -0.012400
v -0.000135 0.008773 -0.012400
v -0.000139 0.008774 -0.012400
v -0.000140 0.008773 -0.012400
v -0.000142 0.008773 -0.012400
v -0.000143 0.008773 -0.012400
v -0.000140 0.008773 -0.012400
v -0.000145 0.008773 -0.012400
v -0.000143 0.008773 -0.012400
v -0.000131 0.008777 -0.012400
v -0.000135 0.008773 -0.012400
v -0.000125 0.008773 -0.012400
v -0.000136 0.008774 -0.012400
v -0.000135 0.008773 -0.012400
v -0.000134 0.008775 -0.012400
v -0.000135 0.008773 -0.012400
v -0.000125 0.008773 -0.012400
v -0.000128 0.008778 -0.012400
v -0.000125 0.008773 -0.012400
v -0.000126 0.008780 -0.012400
v -0.000125 0.008773 -0.012400
v -0.000121 0.008773 -0.012400
v -0.000124 0.008782 -0.012400
v -0.000121 0.008773 -0.012400
v -0.000121 0.008773 -0.012400
v -0.000118 0.008774 -0.012400
v -0.000118 0.008774 -0.012400
v -0.000115 0.008777 -0.012400
v -0.000112 0.008780 -0.012400
v -0.000110 0.008784 -0.012400
v -0.000120 0.008786 -0.012400
v -0.000122 0.008784 -0.012400
v -0.000108 0.008787 -0.012400
v -0.000119 0.008789 -0.012400
v -0.000107 0.008791 -0.012400
v -0.000117 0.008792 -0.012400
v -0.000116 0.008794 -0.012400
v -0.000106 0.008795 -0.012400
v -0.000115 0.008800 -0.012400
v -0.000105 0.008799 -0.012400
v -0.000105 0.008803 -0.012400
v -0.000116 0.008797 -0.012400
v -0.000115 0.008803 -0.012400
v -0.000115 0.008806 -0.012400
v -0.000105 0.008807 -0.012400
v -0.000116 0.008809 -0.012400
v -0.000106 0.008811 -0.012400
v -0.000116 0.008812 -0.012400
v -0.000107 0.008815 -0.012400
v -0.000117 0.008814 -0.012400
v -0.000108 0.008819 -0.012400
v -0.000119 0.008817 -0.012400
v -0.000110 0.008822 -0.012400
v -0.000120 0.008820 -0.012400
v -0.000112 0.008826 -0.012400
v -0.000122 0.008822 -0.012400
v -0.000115 0.008829 -0.012400
v -0.000124 0.008824 -0.012400
v -0.000121 0.008833 -0.012400
v -0.000118 0.008832 -0.012400
v -0.000136 0.008832 -0.012400
v -0.000134 0.008831 -0.012400
v -0.000135 0.008833 -0.012400
v -0.000125 0.008833 -0.012400
v -0.000126 0.008826 -0.012400
v -0.000121 0.008833 -0.012400
v -0.000118 0.008832 -0.012400
v -0.000145 0.008833 -0.012400
v -0.000143 0.008833 -0.012400
v -0.000121 0.008833 -0.012400
v -0.000125 0.008833 -0.012400
v -0.000131 0.008829 -0.012400
v -0.000128 0.008828 -0.012400
v -0.000135 0.008833 -0.012400
v -0.000125 0.008833 -0.012400
v -0.000135 0.008833 -0.012400
v -0.000125 0.008833 -0.012400
v -0.000135 0.008833 -0.012400
v -0.000140 0.008833 -0.012400
v -0.000135 0.008773 -0.012400
v -0.000175 0.008806 -0.012440
v -0.000175 0.008806 -0.012400
v -0.000175 0.008803 -0.012440
v -0.000174 0.008809 -0.012440
v -0.000175 0.008806 -0.012400
v -0.000174 0.008812 -0.012440
v -0.000174 0.008809 -0.012400
v -0.000174 0.008812 -0.012400
v -0.000174 0.008809 -0.012400
v -0.000173 0.008814 -0.012400
v -0.000174 0.008812 -0.012400
v -0.000173 0.008814 -0.012440
v -0.000173 0.008814 -0.012400
v -0.000171 0.008817 -0.012440
v -0.000171 0.008817 -0.012400
v -0.000170 0.008820 -0.012440
v -0.000171 0.008817 -0.012400
v -0.000170 0.008820 -0.012400
v -0.000170 0.008820 -0.012400
v -0.000168 0.008822 -0.012440
v -0.000168 0.008822 -0.012400
v -0.000166 0.008824 -0.012440
v -0.000168 0.008822 -0.012400
v -0.000164 0.008826 -0.012440
v -0.000166 0.008824 -0.012400
v -0.000164 0.008826 -0.012400
v -0.000166 0.008824 -0.012400
v -0.000162 0.008828 -0.012440
v -0.000162 0.008828 -0.012400
v -0.000164 0.008826 -0.012400
v -0.000159 0.008829 -0.012440
v -0.000162 0.008828 -0.012400
v -0.000156 0.008831 -0.012440
v -0.000159 0.008829 -0.012400
v -0.000148 0.008833 -0.012400
v -0.000148 0.008833 -0.012440
v -0.000145 0.008833 -0.012440
v -0.000151 0.008832 -0.012400
v -0.000148 0.008833 -0.012400
v -0.000151 0.008832 -0.012440
v -0.000151 0.008832 -0.012400
v -0.000151 0.008832 -0.012400
v -0.000154 0.008832 -0.012400
v -0.000154 0.008832 -0.012400
v -0.000154 0.008832 -0.012440
v -0.000156 0.008831 -0.012400
v -0.000154 0.008832 -0.012400
v -0.000156 0.008831 -0.012400
v -0.000156 0.008831 -0.012400
v -0.000159 0.008829 -0.012400
v -0.000159 0.008829 -0.012400
v -0.000162 0.008828 -0.012400
v -0.000164 0.008826 -0.012400
v -0.000168 0.008822 -0.012400
v -0.000166 0.008824 -0.012400
v -0.000170 0.008820 -0.012400
v -0.000171 0.008817 -0.012400
v -0.000173 0.008814 -0.012400
v -0.000175 0.008806 -0.012400
v -0.000175 0.008803 -0.012400
v -0.000175 0.008803 -0.012400
v -0.000175 0.008801 -0.012440
v -0.000175 0.008800 -0.012400
v -0.000175 0.008803 -0.012400
v -0.000175 0.008799 -0.012440
v -0.000175 0.008800 -0.012400
v -0.000175 0.008800 -0.012400
v -0.000174 0.008797 -0.012400
v -0.000174 0.008797 -0.012400
v -0.000174 0.008796 -0.012440
v -0.000174 0.008797 -0.012400
v -0.000174 0.008794 -0.012400
v -0.000174 0.008794 -0.012400
v -0.000174 0.008794 -0.012440
v -0.000173 0.008792 -0.012440
v -0.000174 0.008794 -0.012400
v -0.000174 0.008794 -0.012400
v -0.000173 0.008792 -0.012400
v -0.000173 0.008792 -0.012400
v -0.000172 0.008790 -0.012440
v -0.000173 0.008792 -0.012400
v -0.000171 0.008789 -0.012400
v -0.000171 0.008789 -0.012400
v -0.000171 0.008788 -0.012440
v -0.000170 0.008786 -0.012400
v -0.000171 0.008789 -0.012400
v -0.000170 0.008786 -0.012440
v -0.000170 0.008786 -0.012400
v -0.000170 0.008786 -0.012400
v -0.000169 0.008785 -0.012440
v -0.000170 0.008786 -0.012400
v -0.000168 0.008784 -0.012400
v -0.000168 0.008784 -0.012400
v -0.000166 0.008782 -0.012400
v -0.000167 0.008783 -0.012440
v -0.000166 0.008782 -0.012400
v -0.000164 0.008780 -0.012400
v -0.000166 0.008781 -0.012440
v -0.000164 0.008780 -0.012400
v -0.000162 0.008778 -0.012440
v -0.000164 0.008780 -0.012440
v -0.000162 0.008778 -0.012400
v -0.000164 0.008780 -0.012400
v -0.000159 0.008777 -0.012400
v -0.000160 0.008777 -0.012440
v -0.000162 0.008778 -0.012400
v -0.000156 0.008775 -0.012400
v -0.000158 0.008776 -0.012440
v -0.000159 0.008777 -0.012400
v -0.000156 0.008775 -0.012440
v -0.000156 0.008775 -0.012400
v -0.000154 0.008775 -0.012440
v -0.000156 0.008775 -0.012400
v -0.000154 0.008774 -0.012400
v -0.000152 0.008774 -0.012440
v -0.000154 0.008774 -0.012400
v -0.000151 0.008774 -0.012400
v -0.000151 0.008774 -0.012400
v -0.000150 0.008773 -0.012440
v -0.000148 0.008773 -0.012400
v -0.000148 0.008773 -0.012440
v -0.000148 0.008773 -0.012400
v -0.000146 0.008773 -0.012440
v -0.000144 0.008773 -0.012440
v -0.000142 0.008773 -0.012400
v -0.000141 0.008773 -0.012440
v -0.000139 0.008774 -0.012400
v -0.000139 0.008774 -0.012440
v -0.000137 0.008774 -0.012440
v -0.000139 0.008774 -0.012400
v -0.000135 0.008775 -0.012440
v -0.000136 0.008774 -0.012400
v -0.000133 0.008776 -0.012440
v -0.000134 0.008775 -0.012400
v -0.000134 0.008775 -0.012400
v -0.000131 0.008777 -0.012400
v -0.000131 0.008777 -0.012440
v -0.000131 0.008777 -0.012400
v -0.000129 0.008778 -0.012440
v -0.000128 0.008778 -0.012400
v -0.000127 0.008779 -0.012440
v -0.000126 0.008780 -0.012400
v -0.000125 0.008780 -0.012440
v -0.000126 0.008780 -0.012400
v -0.000124 0.008782 -0.012400
v -0.000124 0.008782 -0.012400
v -0.000122 0.008783 -0.012440
v -0.000124 0.008782 -0.012440
v -0.000122 0.008784 -0.012400
v -0.000121 0.008785 -0.012440
v -0.000120 0.008786 -0.012400
v -0.000122 0.008784 -0.012400
v -0.000119 0.008789 -0.012400
v -0.000120 0.008787 -0.012440
v -0.000120 0.008786 -0.012400
v -0.000118 0.008791 -0.012440
v -0.000119 0.008789 -0.012440
v -0.000119 0.008789 -0.012400
v -0.000119 0.008789 -0.012400
v -0.000117 0.008792 -0.012400
v -0.000117 0.008793 -0.012440
v -0.000117 0.008792 -0.012400
v -0.000116 0.008794 -0.012400
v -0.000116 0.008809 -0.012400
v -0.000116 0.008812 -0.012400
v -0.000116 0.008810 -0.012440
v -0.000127 0.008827 -0.012440
v -0.000128 0.008828 -0.012400
v -0.000128 0.008828 -0.012440
v -0.000126 0.008826 -0.012400
v -0.000128 0.008828 -0.012400
v -0.000148 0.008833 -0.012400
v -0.000174 0.008812 -0.012400
v -0.000143 0.008833 -0.012440
v -0.000142 0.008833 -0.012400
v -0.000141 0.008833 -0.012440
v -0.000142 0.008833 -0.012400
v -0.000139 0.008832 -0.012400
v -0.000142 0.008833 -0.012400
v -0.000139 0.008832 -0.012400
v -0.000138 0.008832 -0.012440
v -0.000139 0.008832 -0.012400
v -0.000136 0.008832 -0.012400
v -0.000136 0.008832 -0.012440
v -0.000136 0.008832 -0.012400
v -0.000134 0.008831 -0.012440
v -0.000136 0.008832 -0.012400
v -0.000134 0.008831 -0.012400
v -0.000136 0.008832 -0.012400
v -0.000132 0.008830 -0.012440
v -0.000134 0.008831 -0.012400
v -0.000131 0.008829 -0.012400
v -0.000134 0.008831 -0.012400
v -0.000131 0.008829 -0.012400
v -0.000130 0.008829 -0.012440
v -0.000131 0.008829 -0.012400
v -0.000128 0.008828 -0.012400
v -0.000128 0.008828 -0.012400
v -0.000125 0.008825 -0.012440
v -0.000126 0.008826 -0.012400
v -0.000124 0.008824 -0.012400
v -0.000126 0.008826 -0.012400
v -0.000123 0.008824 -0.012440
v -0.000124 0.008824 -0.012400
v -0.000122 0.008822 -0.012400
v -0.000124 0.008824 -0.012400
v -0.000122 0.008822 -0.012400
v -0.000122 0.008822 -0.012440
v -0.000122 0.008822 -0.012400
v -0.000120 0.008820 -0.012440
v -0.000122 0.008822 -0.012400
v -0.000120 0.008820 -0.012400
v -0.000119 0.008818 -0.012440
v -0.000120 0.008820 -0.012400
v -0.000119 0.008817 -0.012400
v -0.000120 0.008820 -0.012400
v -0.000118 0.008816 -0.012440
v -0.000119 0.008817 -0.012400
v -0.000117 0.008814 -0.012400
v -0.000119 0.008817 -0.012400
v -0.000117 0.008814 -0.012400
v -0.000117 0.008814 -0.012440
v -0.000117 0.008814 -0.012400
v -0.000117 0.008812 -0.012440
v -0.000117 0.008814 -0.012400
v -0.000116 0.008812 -0.012400
v -0.000116 0.008812 -0.012400
v -0.000115 0.008808 -0.012440
v -0.000116 0.008809 -0.012400
v -0.000115 0.008806 -0.012400
v -0.000116 0.008809 -0.012400
v -0.000115 0.008806 -0.012440
v -0.000115 0.008806 -0.012400
v -0.000115 0.008804 -0.012440
v -0.000115 0.008806 -0.012400
v -0.000115 0.008803 -0.012400
v -0.000115 0.008806 -0.012400
v -0.000115 0.008803 -0.012400
v -0.000115 0.008802 -0.012440
v -0.000115 0.008803 -0.012400
v -0.000115 0.008800 -0.012400
v -0.000115 0.008799 -0.012440
v -0.000115 0.008800 -0.012400
v -0.000116 0.008797 -0.012400
v -0.000115 0.008800 -0.012400
v -0.000116 0.008797 -0.012440
v -0.000116 0.008797 -0.012400
v -0.000116 0.008795 -0.012440
v -0.000116 0.008797 -0.012400
v -0.000116 0.008794 -0.012400
v -0.000116 0.008797 -0.012400
v -0.000116 0.008794 -0.012400
v -0.000117 0.008792 -0.012400
v -0.000119 0.008789 -0.012400
v -0.000120 0.008786 -0.012400
v -0.000124 0.008782 -0.012400
v -0.000122 0.008784 -0.012400
v -0.000124 0.008782 -0.012400
v -0.000128 0.008778 -0.012400
v -0.000126 0.008780 -0.012400
v -0.000131 0.008777 -0.012400
v -0.000128 0.008778 -0.012400
v -0.000131 0.008777 -0.012400
v -0.000134 0.008775 -0.012400
v -0.000136 0.008774 -0.012400
v -0.000136 0.008774 -0.012400
v -0.000139 0.008774 -0.012400
v -0.000142 0.008773 -0.012400
v -0.000139 0.008774 -0.012400
v -0.000142 0.008773 -0.012400
v -0.000148 0.008773 -0.012400
v -0.000151 0.008774 -0.012400
v -0.000148 0.008773 -0.012400
v -0.000154 0.008774 -0.012400
v -0.000156 0.008775 -0.012400
v -0.000159 0.008777 -0.012400
v -0.000162 0.008778 -0.012400
v -0.000164 0.008780 -0.012400
v -0.000166 0.008782 -0.012400
v -0.000174 0.008809 -0.012400
v -0.000175 0.008806 -0.012400
v -0.000168 0.008784 -0.012400
v -0.000185 0.008807 -0.012440
v -0.000185 0.008803 -0.012440
v -0.000185 0.008803 -0.012400
v -0.000184 0.008811 -0.012440
v -0.000185 0.008807 -0.012400
v -0.000184 0.008811 -0.012400
v -0.000185 0.008807 -0.012400
v -0.000183 0.008816 -0.012400
v -0.000183 0.008815 -0.012440
v -0.000184 0.008811 -0.012400
v -0.000183 0.008816 -0.012400
v -0.000182 0.008818 -0.012440
v -0.000181 0.008819 -0.012400
v -0.000180 0.008822 -0.012440
v -0.000181 0.008819 -0.012400
v -0.000180 0.008823 -0.012400
v -0.000180 0.008823 -0.012400
v -0.000177 0.008827 -0.012400
v -0.000178 0.008825 -0.012440
v -0.000177 0.008827 -0.012400
v -0.000176 0.008828 -0.012440
v -0.000174 0.008830 -0.012400
v -0.000173 0.008831 -0.012440
v -0.000174 0.008830 -0.012400
v -0.000171 0.008833 -0.012400
v -0.000170 0.008834 -0.012440
v -0.000171 0.008833 -0.012400
v -0.000169 0.008835 -0.012400
v -0.000167 0.008836 -0.012440
v -0.000169 0.008835 -0.012400
v -0.000166 0.008837 -0.012400
v -0.000169 0.008835 -0.012400
v -0.000162 0.008839 -0.012400
v -0.000164 0.008838 -0.012440
v -0.000166 0.008837 -0.012400
v -0.000149 0.008843 -0.012400
v -0.000145 0.008843 -0.012440
v -0.000149 0.008843 -0.012440
v -0.000152 0.008842 -0.012400
v -0.000149 0.008843 -0.012400
v -0.000153 0.008842 -0.012440
v -0.000152 0.008842 -0.012400
v -0.000152 0.008842 -0.012400
v -0.000156 0.008842 -0.012400
v -0.000156 0.008842 -0.012400
v -0.000157 0.008841 -0.012440
v -0.000159 0.008840 -0.012400
v -0.000156 0.008842 -0.012400
v -0.000160 0.008840 -0.012440
v -0.000159 0.008840 -0.012400
v -0.000162 0.008839 -0.012400
v -0.000159 0.008840 -0.012400
v -0.000162 0.008839 -0.012400
v -0.000166 0.008837 -0.012400
v -0.000171 0.008833 -0.012400
v -0.000177 0.008827 -0.012400
v -0.000174 0.008830 -0.012400
v -0.000180 0.008823 -0.012400
v -0.000185 0.008807 -0.012400
v -0.000185 0.008803 -0.012400
v -0.000185 0.008803 -0.012400
v -0.000185 0.008800 -0.012440
v -0.000185 0.008799 -0.012400
v -0.000185 0.008803 -0.012400
v -0.000185 0.008797 -0.012440
v -0.000185 0.008799 -0.012400
v -0.000184 0.008795 -0.012400
v -0.000185 0.008799 -0.012400
v -0.000184 0.008794 -0.012440
v -0.000184 0.008795 -0.012400
v -0.000184 0.008795 -0.012400
v -0.000183 0.008791 -0.012440
v -0.000183 0.008790 -0.012400
v -0.000184 0.008795 -0.012400
v -0.000182 0.008789 -0.012440
v -0.000183 0.008790 -0.012400
v -0.000181 0.008787 -0.012400
v -0.000183 0.008790 -0.012400
v -0.000181 0.008786 -0.012440
v -0.000181 0.008787 -0.012400
v -0.000181 0.008787 -0.012400
v -0.000180 0.008783 -0.012400
v -0.000180 0.008783 -0.012400
v -0.000180 0.008783 -0.012440
v -0.000178 0.008781 -0.012440
v -0.000180 0.008783 -0.012400
v -0.000177 0.008779 -0.012400
v -0.000180 0.008783 -0.012400
v -0.000177 0.008778 -0.012440
v -0.000177 0.008779 -0.012400
v -0.000177 0.008779 -0.012400
v -0.000174 0.008776 -0.012400
v -0.000174 0.008776 -0.012400
v -0.000175 0.008776 -0.012440
v -0.000173 0.008774 -0.012440
v -0.000171 0.008773 -0.012400
v -0.000170 0.008772 -0.012440
v -0.000169 0.008771 -0.012400
v -0.000171 0.008773 -0.012400
v -0.000166 0.008769 -0.012400
v -0.000169 0.008771 -0.012400
v -0.000168 0.008770 -0.012440
v -0.000163 0.008767 -0.012440
v -0.000166 0.008769 -0.012400
v -0.000166 0.008769 -0.012440
v -0.000162 0.008767 -0.012400
v -0.000166 0.008769 -0.012400
v -0.000160 0.008766 -0.012440
v -0.000159 0.008766 -0.012400
v -0.000162 0.008767 -0.012400
v -0.000158 0.008765 -0.012440
v -0.000156 0.008764 -0.012400
v -0.000159 0.008766 -0.012400
v -0.000155 0.008764 -0.012440
v -0.000156 0.008764 -0.012400
v -0.000152 0.008764 -0.012440
v -0.000152 0.008764 -0.012400
v -0.000149 0.008763 -0.012440
v -0.000149 0.008763 -0.012400
v -0.000149 0.008763 -0.012400
v -0.000146 0.008763 -0.012440
v -0.000145 0.008763 -0.012400
v -0.000145 0.008763 -0.012400
v -0.000143 0.008763 -0.012440
v -0.000141 0.008763 -0.012400
v -0.000140 0.008763 -0.012440
v -0.000137 0.008764 -0.012400
v -0.000137 0.008764 -0.012440
v -0.000134 0.008764 -0.012440
v -0.000137 0.008764 -0.012400
v -0.000132 0.008765 -0.012440
v -0.000134 0.008765 -0.012400
v -0.000129 0.008766 -0.012440
v -0.000130 0.008766 -0.012400
v -0.000126 0.008768 -0.012440
v -0.000127 0.008767 -0.012400
v -0.000123 0.008769 -0.012400
v -0.000127 0.008767 -0.012400
v -0.000124 0.008769 -0.012440
v -0.000121 0.008771 -0.012440
v -0.000123 0.008769 -0.012400
v -0.000119 0.008773 -0.012440
v -0.000120 0.008771 -0.012400
v -0.000120 0.008771 -0.012400
v -0.000118 0.008774 -0.012400
v -0.000118 0.008774 -0.012400
v -0.000117 0.008775 -0.012440
v -0.000115 0.008777 -0.012400
v -0.000115 0.008777 -0.012400
v -0.000115 0.008777 -0.012440
v -0.000113 0.008779 -0.012440
v -0.000112 0.008780 -0.012400
v -0.000115 0.008777 -0.012400
v -0.000110 0.008784 -0.012400
v -0.000112 0.008780 -0.012400
v -0.000111 0.008782 -0.012440
v -0.000108 0.008787 -0.012400
v -0.000110 0.008784 -0.012400
v -0.000110 0.008784 -0.012440
v -0.000108 0.008787 -0.012440
v -0.000108 0.008787 -0.012400
v -0.000107 0.008790 -0.012440
v -0.000107 0.008791 -0.012400
v -0.000108 0.008787 -0.012400
v -0.000106 0.008813 -0.012440
v -0.000107 0.008816 -0.012440
v -0.000107 0.008815 -0.012400
v -0.000120 0.008835 -0.012400
v -0.000120 0.008835 -0.012440
v -0.000123 0.008836 -0.012440
v -0.000145 0.008843 -0.012400
v -0.000149 0.008843 -0.012400
v -0.000183 0.008816 -0.012400
v -0.000181 0.008819 -0.012400
v -0.000145 0.008843 -0.012400
v -0.000142 0.008843 -0.012440
v -0.000145 0.008843 -0.012400
v -0.000141 0.008843 -0.012400
v -0.000139 0.008843 -0.012440
v -0.000141 0.008843 -0.012400
v -0.000137 0.008842 -0.012400
v -0.000141 0.008843 -0.012400
v -0.000137 0.008842 -0.012400
v -0.000136 0.008842 -0.012440
v -0.000137 0.008842 -0.012400
v -0.000134 0.008841 -0.012400
v -0.000134 0.008841 -0.012400
v -0.000133 0.008841 -0.012440
v -0.000134 0.008841 -0.012400
v -0.000131 0.008840 -0.012440
v -0.000134 0.008841 -0.012400
v -0.000130 0.008840 -0.012400
v -0.000128 0.008839 -0.012440
v -0.000130 0.008840 -0.012400
v -0.000127 0.008839 -0.012400
v -0.000130 0.008840 -0.012400
v -0.000127 0.008839 -0.012400
v -0.000125 0.008838 -0.012440
v -0.000127 0.008839 -0.012400
v -0.000123 0.008837 -0.012400
v -0.000123 0.008837 -0.012400
v -0.000123 0.008837 -0.012400
v -0.000120 0.008835 -0.012400
v -0.000120 0.008835 -0.012400
v -0.000118 0.008833 -0.012440
v -0.000120 0.008835 -0.012400
v -0.000118 0.008832 -0.012400
v -0.000116 0.008831 -0.012440
v -0.000118 0.008832 -0.012400
v -0.000115 0.008829 -0.012400
v -0.000118 0.008832 -0.012400
v -0.000115 0.008829 -0.012400
v -0.000114 0.008828 -0.012440
v -0.000115 0.008829 -0.012400
v -0.000112 0.008826 -0.012400
v -0.000112 0.008826 -0.012400
v -0.000112 0.008826 -0.012440
v -0.000112 0.008826 -0.012400
v -0.000111 0.008824 -0.012440
v -0.000112 0.008826 -0.012400
v -0.000110 0.008822 -0.012400
v -0.000109 0.008821 -0.012440
v -0.000110 0.008822 -0.012400
v -0.000108 0.008819 -0.012400
v -0.000110 0.008822 -0.012400
v -0.000108 0.008819 -0.012400
v -0.000108 0.008818 -0.012440
v -0.000108 0.008819 -0.012400
v -0.000108 0.008819 -0.012400
v -0.000107 0.008815 -0.012400
v -0.000107 0.008815 -0.012400
v -0.000106 0.008811 -0.012400
v -0.000106 0.008811 -0.012400
v -0.000106 0.008810 -0.012440
v -0.000106 0.008811 -0.012400
v -0.000105 0.008807 -0.012400
v -0.000105 0.008807 -0.012440
v -0.000105 0.008807 -0.012400
v -0.000105 0.008804 -0.012440
v -0.000105 0.008807 -0.012400
v -0.000105 0.008803 -0.012400
v -0.000105 0.008807 -0.012400
v -0.000105 0.008803 -0.012400
v -0.000105 0.008801 -0.012440
v -0.000105 0.008803 -0.012400
v -0.000105 0.008799 -0.012400
v -0.000105 0.008799 -0.012400
v -0.000105 0.008798 -0.012440
v -0.000105 0.008799 -0.012400
v -0.000106 0.008795 -0.012400
v -0.000106 0.008795 -0.012440
v -0.000106 0.008795 -0.012400
v -0.000106 0.008792 -0.012440
v -0.000106 0.008795 -0.012400
v -0.000107 0.008791 -0.012400
v -0.000106 0.008795 -0.012400
v -0.000107 0.008791 -0.012400
v -0.000108 0.008787 -0.012400
v -0.000110 0.008784 -0.012400
v -0.000112 0.008780 -0.012400
v -0.000115 0.008777 -0.012400
v -0.000118 0.008774 -0.012400
v -0.000120 0.008771 -0.012400
v -0.000123 0.008769 -0.012400
v -0.000123 0.008769 -0.012400
v -0.000127 0.008767 -0.012400
v -0.000130 0.008766 -0.012400
v -0.000130 0.008766 -0.012400
v -0.000134 0.008765 -0.012400
v -0.000134 0.008765 -0.012400
v -0.000137 0.008764 -0.012400
v -0.000141 0.008763 -0.012400
v -0.000137 0.008764 -0.012400
v -0.000145 0.008763 -0.012400
v -0.000141 0.008763 -0.012400
v -0.000149 0.008763 -0.012400
v -0.000149 0.008763 -0.012400
v -0.000152 0.008764 -0.012400
v -0.000152 0.008764 -0.012400
v -0.000156 0.008764 -0.012400
v -0.000159 0.008766 -0.012400
v -0.000162 0.008767 -0.012400
v -0.000166 0.008769 -0.012400
v -0.000169 0.008771 -0.012400
v -0.000174 0.008776 -0.012400
v -0.000171 0.008773 -0.012400
v -0.000184 0.008811 -0.012400
v -0.000174 0.008776 -0.012400
v -0.000143 0.008833 -0.012440
v -0.000145 0.008843 -0.012440
v -0.000142 0.008843 -0.012440
v -0.000143 0.008833 -0.012440
v -0.000142 0.008843 -0.012440
v -0.000139 0.008843 -0.012440
v -0.000141 0.008833 -0.012440
v -0.000139 0.008843 -0.012440
v -0.000136 0.008842 -0.012440
v -0.000141 0.008833 -0.012440
v -0.000136 0.008842 -0.012440
v -0.000138 0.008832 -0.012440
v -0.000138 0.008832 -0.012440
v -0.000133 0.008841 -0.012440
v -0.000136 0.008832 -0.012440
v -0.000133 0.008841 -0.012440
v -0.000131 0.008840 -0.012440
v -0.000136 0.008832 -0.012440
v -0.000131 0.008840 -0.012440
v -0.000128 0.008839 -0.012440
v -0.000134 0.008831 -0.012440
v -0.000128 0.008839 -0.012440
v -0.000132 0.008830 -0.012440
v -0.000134 0.008831 -0.012440
v -0.000125 0.008838 -0.012440
v -0.000130 0.008829 -0.012440
v -0.000132 0.008830 -0.012440
v -0.000123 0.008836 -0.012440
v -0.000130 0.008829 -0.012440
v -0.000125 0.008838 -0.012440
v -0.000120 0.008835 -0.012440
v -0.000127 0.008827 -0.012440
v -0.000128 0.008828 -0.012440
v -0.000118 0.008833 -0.012440
v -0.000116 0.008831 -0.012440
v -0.000125 0.008825 -0.012440
v -0.000116 0.008831 -0.012440
v -0.000114 0.008828 -0.012440
v -0.000123 0.008824 -0.012440
v -0.000120 0.008820 -0.012440
v -0.000112 0.008826 -0.012440
v -0.000111 0.008824 -0.012440
v -0.000114 0.008828 -0.012440
v -0.000112 0.008826 -0.012440
v -0.000122 0.008822 -0.012440
v -0.000119 0.008818 -0.012440
v -0.000111 0.008824 -0.012440
v -0.000109 0.008821 -0.012440
v -0.000118 0.008816 -0.012440
v -0.000109 0.008821 -0.012440
v -0.000108 0.008818 -0.012440
v -0.000117 0.008814 -0.012440
v -0.000108 0.008818 -0.012440
v -0.000107 0.008816 -0.012440
v -0.000117 0.008814 -0.012440
v -0.000107 0.008816 -0.012440
v -0.000117 0.008812 -0.012440
v -0.000117 0.008812 -0.012440
v -0.000106 0.008813 -0.012440
v -0.000116 0.008810 -0.012440
v -0.000116 0.008810 -0.012440
v -0.000106 0.008810 -0.012440
v -0.000115 0.008808 -0.012440
v -0.000115 0.008808 -0.012440
v -0.000105 0.008807 -0.012440
v -0.000115 0.008806 -0.012440
v -0.000115 0.008804 -0.012440
v -0.000115 0.008806 -0.012440
v -0.000105 0.008804 -0.012440
v -0.000115 0.008804 -0.012440
v -0.000105 0.008804 -0.012440
v -0.000105 0.008801 -0.012440
v -0.000115 0.008802 -0.012440
v -0.000105 0.008801 -0.012440
v -0.000105 0.008798 -0.012440
v -0.000115 0.008799 -0.012440
v -0.000105 0.008798 -0.012440
v -0.000106 0.008795 -0.012440
v -0.000115 0.008799 -0.012440
v -0.000106 0.008795 -0.012440
v -0.000116 0.008797 -0.012440
v -0.000108 0.008787 -0.012440
v -0.000117 0.008793 -0.012440
v -0.000107 0.008790 -0.012440
v -0.000110 0.008784 -0.012440
v -0.000118 0.008791 -0.012440
v -0.000108 0.008787 -0.012440
v -0.000111 0.008782 -0.012440
v -0.000120 0.008787 -0.012440
v -0.000119 0.008789 -0.012440
v -0.000113 0.008779 -0.012440
v -0.000121 0.008785 -0.012440
v -0.000120 0.008787 -0.012440
v -0.000115 0.008777 -0.012440
v -0.000122 0.008783 -0.012440
v -0.000121 0.008785 -0.012440
v -0.000117 0.008775 -0.012440
v -0.000119 0.008773 -0.012440
v -0.000124 0.008782 -0.012440
v -0.000127 0.008779 -0.012440
v -0.000121 0.008771 -0.012440
v -0.000124 0.008769 -0.012440
v -0.000119 0.008773 -0.012440
v -0.000121 0.008771 -0.012440
v -0.000125 0.008780 -0.012440
v -0.000129 0.008778 -0.012440
v -0.000124 0.008769 -0.012440
v -0.000126 0.008768 -0.012440
v -0.000131 0.008777 -0.012440
v -0.000126 0.008768 -0.012440
v -0.000129 0.008766 -0.012440
v -0.000133 0.008776 -0.012440
v -0.000129 0.008766 -0.012440
v -0.000132 0.008765 -0.012440
v -0.000133 0.008776 -0.012440
v -0.000132 0.008765 -0.012440
v -0.000135 0.008775 -0.012440
v -0.000135 0.008775 -0.012440
v -0.000134 0.008764 -0.012440
v -0.000137 0.008774 -0.012440
v -0.000137 0.008774 -0.012440
v -0.000137 0.008764 -0.012440
v -0.000139 0.008774 -0.012440
v -0.000139 0.008774 -0.012440
v -0.000140 0.008763 -0.012440
v -0.000141 0.008773 -0.012440
v -0.000141 0.008773 -0.012440
v -0.000143 0.008763 -0.012440
v -0.000144 0.008773 -0.012440
v -0.000144 0.008773 -0.012440
v -0.000143 0.008763 -0.012440
v -0.000146 0.008763 -0.012440
v -0.000146 0.008773 -0.012440
v -0.000146 0.008763 -0.012440
v -0.000149 0.008763 -0.012440
v -0.000148 0.008773 -0.012440
v -0.000149 0.008763 -0.012440
v -0.000152 0.008764 -0.012440
v -0.000150 0.008773 -0.012440
v -0.000152 0.008764 -0.012440
v -0.000155 0.008764 -0.012440
v -0.000154 0.008775 -0.012440
v -0.000152 0.008774 -0.012440
v -0.000158 0.008765 -0.012440
v -0.000163 0.008767 -0.012440
v -0.000156 0.008775 -0.012440
v -0.000160 0.008766 -0.012440
v -0.000166 0.008769 -0.012440
v -0.000160 0.008777 -0.012440
v -0.000158 0.008776 -0.012440
v -0.000168 0.008770 -0.012440
v -0.000162 0.008778 -0.012440
v -0.000160 0.008777 -0.012440
v -0.000170 0.008772 -0.012440
v -0.000164 0.008780 -0.012440
v -0.000162 0.008778 -0.012440
v -0.000173 0.008774 -0.012440
v -0.000175 0.008776 -0.012440
v -0.000166 0.008781 -0.012440
v -0.000175 0.008776 -0.012440
v -0.000177 0.008778 -0.012440
v -0.000167 0.008783 -0.012440
v -0.000170 0.008786 -0.012440
v -0.000178 0.008781 -0.012440
v -0.000180 0.008783 -0.012440
v -0.000177 0.008778 -0.012440
v -0.000178 0.008781 -0.012440
v -0.000169 0.008785 -0.012440
v -0.000171 0.008788 -0.012440
v -0.000180 0.008783 -0.012440
v -0.000181 0.008786 -0.012440
v -0.000172 0.008790 -0.012440
v -0.000181 0.008786 -0.012440
v -0.000182 0.008789 -0.012440
v -0.000173 0.008792 -0.012440
v -0.000182 0.008789 -0.012440
v -0.000183 0.008791 -0.012440
v -0.000173 0.008792 -0.012440
v -0.000183 0.008791 -0.012440
v -0.000174 0.008794 -0.012440
v -0.000174 0.008794 -0.012440
v -0.000184 0.008794 -0.012440
v -0.000174 0.008796 -0.012440
v -0.000174 0.008796 -0.012440
v -0.000185 0.008797 -0.012440
v -0.000175 0.008799 -0.012440
v -0.000175 0.008799 -0.012440
v -0.000185 0.008800 -0.012440
v -0.000175 0.008801 -0.012440
v -0.000175 0.008803 -0.012440
v -0.000175 0.008801 -0.012440
v -0.000185 0.008803 -0.012440
v -0.000174 0.008809 -0.012440
v -0.000183 0.008815 -0.012440
v -0.000174 0.008812 -0.012440
v -0.000175 0.008806 -0.012440
v -0.000175 0.008803 -0.012440
v -0.000185 0.008807 -0.012440
v -0.000182 0.008818 -0.012440
v -0.000180 0.008822 -0.012440
v -0.000173 0.008814 -0.012440
v -0.000180 0.008822 -0.012440
v -0.000178 0.008825 -0.012440
v -0.000171 0.008817 -0.012440
v -0.000170 0.008820 -0.012440
v -0.000176 0.008828 -0.012440
v -0.000168 0.008822 -0.012440
v -0.000168 0.008822 -0.012440
v -0.000173 0.008831 -0.012440
v -0.000166 0.008824 -0.012440
v -0.000162 0.008828 -0.012440
v -0.000164 0.008826 -0.012440
v -0.000167 0.008836 -0.012440
v -0.000166 0.008824 -0.012440
v -0.000170 0.008834 -0.012440
v -0.000164 0.008826 -0.012440
v -0.000159 0.008829 -0.012440
v -0.000162 0.008828 -0.012440
v -0.000164 0.008838 -0.012440
v -0.000156 0.008831 -0.012440
v -0.000159 0.008829 -0.012440
v -0.000160 0.008840 -0.012440
v -0.000154 0.008832 -0.012440
v -0.000156 0.008831 -0.012440
v -0.000157 0.008841 -0.012440
v -0.000151 0.008832 -0.012440
v -0.000154 0.008832 -0.012440
v -0.000153 0.008842 -0.012440
v -0.000145 0.008843 -0.012440
v -0.000143 0.008833 -0.012440
v -0.000145 0.008833 -0.012440
v -0.000184 0.008811 -0.012440
v -0.000175 0.008806 -0.012440
v -0.000185 0.008807 -0.012440
v -0.000174 0.008809 -0.012440
v -0.000184 0.008811 -0.012440
v -0.000183 0.008815 -0.012440
v -0.000185 0.008807 -0.012440
v -0.000175 0.008803 -0.012440
v -0.000185 0.008803 -0.012440
v -0.000185 0.008803 -0.012440
v -0.000175 0.008801 -0.012440
v -0.000185 0.008800 -0.012440
v -0.000185 0.008800 -0.012440
v -0.000175 0.008799 -0.012440
v -0.000185 0.008797 -0.012440
v -0.000185 0.008797 -0.012440
v -0.000174 0.008796 -0.012440
v -0.000184 0.008794 -0.012440
v -0.000184 0.008794 -0.012440
v -0.000174 0.008794 -0.012440
v -0.000183 0.008791 -0.012440
v -0.000182 0.008789 -0.012440
v -0.000173 0.008792 -0.012440
v -0.000172 0.008790 -0.012440
v -0.000181 0.008786 -0.012440
v -0.000172 0.008790 -0.012440
v -0.000171 0.008788 -0.012440
v -0.000180 0.008783 -0.012440
v -0.000171 0.008788 -0.012440
v -0.000170 0.008786 -0.012440
v -0.000178 0.008781 -0.012440
v -0.000170 0.008786 -0.012440
v -0.000169 0.008785 -0.012440
v -0.000177 0.008778 -0.012440
v -0.000169 0.008785 -0.012440
v -0.000167 0.008783 -0.012440
v -0.000175 0.008776 -0.012440
v -0.000167 0.008783 -0.012440
v -0.000166 0.008781 -0.012440
v -0.000173 0.008774 -0.012440
v -0.000166 0.008781 -0.012440
v -0.000164 0.008780 -0.012440
v -0.000173 0.008774 -0.012440
v -0.000164 0.008780 -0.012440
v -0.000170 0.008772 -0.012440
v -0.000170 0.008772 -0.012440
v -0.000162 0.008778 -0.012440
v -0.000168 0.008770 -0.012440
v -0.000168 0.008770 -0.012440
v -0.000160 0.008777 -0.012440
v -0.000166 0.008769 -0.012440
v -0.000166 0.008769 -0.012440
v -0.000158 0.008776 -0.012440
v -0.000163 0.008767 -0.012440
v -0.000156 0.008775 -0.012440
v -0.000163 0.008767 -0.012440
v -0.000158 0.008776 -0.012440
v -0.000154 0.008775 -0.012440
v -0.000160 0.008766 -0.012440
v -0.000156 0.008775 -0.012440
v -0.000158 0.008765 -0.012440
v -0.000160 0.008766 -0.012440
v -0.000154 0.008775 -0.012440
v -0.000155 0.008764 -0.012440
v -0.000152 0.008774 -0.012440
v -0.000150 0.008773 -0.012440
v -0.000158 0.008765 -0.012440
v -0.000152 0.008774 -0.012440
v -0.000155 0.008764 -0.012440
v -0.000152 0.008764 -0.012440
v -0.000150 0.008773 -0.012440
v -0.000148 0.008773 -0.012440
v -0.000149 0.008763 -0.012440
v -0.000148 0.008773 -0.012440
v -0.000146 0.008773 -0.012440
v -0.000140 0.008763 -0.012440
v -0.000139 0.008774 -0.012440
v -0.000137 0.008764 -0.012440
v -0.000141 0.008773 -0.012440
v -0.000140 0.008763 -0.012440
v -0.000143 0.008763 -0.012440
v -0.000137 0.008764 -0.012440
v -0.000137 0.008774 -0.012440
v -0.000134 0.008764 -0.012440
v -0.000134 0.008764 -0.012440
v -0.000135 0.008775 -0.012440
v -0.000132 0.008765 -0.012440
v -0.000129 0.008766 -0.012440
v -0.000133 0.008776 -0.012440
v -0.000131 0.008777 -0.012440
v -0.000126 0.008768 -0.012440
v -0.000131 0.008777 -0.012440
v -0.000129 0.008778 -0.012440
v -0.000124 0.008769 -0.012440
v -0.000129 0.008778 -0.012440
v -0.000127 0.008779 -0.012440
v -0.000121 0.008771 -0.012440
v -0.000127 0.008779 -0.012440
v -0.000125 0.008780 -0.012440
v -0.000119 0.008773 -0.012440
v -0.000125 0.008780 -0.012440
v -0.000124 0.008782 -0.012440
v -0.000117 0.008775 -0.012440
v -0.000124 0.008782 -0.012440
v -0.000122 0.008783 -0.012440
v -0.000117 0.008775 -0.012440
v -0.000122 0.008783 -0.012440
v -0.000115 0.008777 -0.012440
v -0.000115 0.008777 -0.012440
v -0.000121 0.008785 -0.012440
v -0.000113 0.008779 -0.012440
v -0.000113 0.008779 -0.012440
v -0.000120 0.008787 -0.012440
v -0.000111 0.008782 -0.012440
v -0.000119 0.008789 -0.012440
v -0.000110 0.008784 -0.012440
v -0.000111 0.008782 -0.012440
v -0.000118 0.008791 -0.012440
v -0.000110 0.008784 -0.012440
v -0.000119 0.008789 -0.012440
v -0.000117 0.008793 -0.012440
v -0.000108 0.008787 -0.012440
v -0.000118 0.008791 -0.012440
v -0.000146 0.008763 -0.012440
v -0.000146 0.008773 -0.012440
v -0.000144 0.008773 -0.012440
v -0.000106 0.008792 -0.012440
v -0.000107 0.008790 -0.012440
v -0.000116 0.008795 -0.012440
v -0.000106 0.008792 -0.012440
v -0.000116 0.008795 -0.012440
v -0.000116 0.008797 -0.012440
v -0.000106 0.008792 -0.012440
v -0.000116 0.008797 -0.012440
v -0.000106 0.008795 -0.012440
v -0.000105 0.008798 -0.012440
v -0.000115 0.008799 -0.012440
v -0.000115 0.008802 -0.012440
v -0.000105 0.008807 -0.012440
v -0.000115 0.008808 -0.012440
v -0.000106 0.008810 -0.012440
v -0.000115 0.008806 -0.012440
v -0.000105 0.008807 -0.012440
v -0.000105 0.008804 -0.012440
v -0.000106 0.008810 -0.012440
v -0.000116 0.008810 -0.012440
v -0.000106 0.008813 -0.012440
v -0.000106 0.008813 -0.012440
v -0.000117 0.008812 -0.012440
v -0.000107 0.008816 -0.012440
v -0.000108 0.008818 -0.012440
v -0.000117 0.008814 -0.012440
v -0.000118 0.008816 -0.012440
v -0.000109 0.008821 -0.012440
v -0.000118 0.008816 -0.012440
v -0.000119 0.008818 -0.012440
v -0.000111 0.008824 -0.012440
v -0.000119 0.008818 -0.012440
v -0.000120 0.008820 -0.012440
v -0.000112 0.008826 -0.012440
v -0.000120 0.008820 -0.012440
v -0.000122 0.008822 -0.012440
v -0.000114 0.008828 -0.012440
v -0.000122 0.008822 -0.012440
v -0.000123 0.008824 -0.012440
v -0.000116 0.008831 -0.012440
v -0.000123 0.008824 -0.012440
v -0.000125 0.008825 -0.012440
v -0.000118 0.008833 -0.012440
v -0.000125 0.008825 -0.012440
v -0.000127 0.008827 -0.012440
v -0.000118 0.008833 -0.012440
v -0.000127 0.008827 -0.012440
v -0.000120 0.008835 -0.012440
v -0.000120 0.008835 -0.012440
v -0.000128 0.008828 -0.012440
v -0.000123 0.008836 -0.012440
v -0.000128 0.008828 -0.012440
v -0.000130 0.008829 -0.012440
v -0.000123 0.008836 -0.012440
v -0.000132 0.008830 -0.012440
v -0.000128 0.008839 -0.012440
v -0.000125 0.008838 -0.012440
v -0.000134 0.008831 -0.012440
v -0.000136 0.008832 -0.012440
v -0.000131 0.008840 -0.012440
v -0.000133 0.008841 -0.012440
v -0.000138 0.008832 -0.012440
v -0.000136 0.008842 -0.012440
v -0.000139 0.008843 -0.012440
v -0.000141 0.008833 -0.012440
v -0.000143 0.008833 -0.012440
v -0.000145 0.008843 -0.012440
v -0.000145 0.008833 -0.012440
v -0.000148 0.008833 -0.012440
v -0.000153 0.008842 -0.012440
v -0.000149 0.008843 -0.012440
v -0.000151 0.008832 -0.012440
v -0.000149 0.008843 -0.012440
v -0.000148 0.008833 -0.012440
v -0.000151 0.008832 -0.012440
v -0.000157 0.008841 -0.012440
v -0.000153 0.008842 -0.012440
v -0.000154 0.008832 -0.012440
v -0.000160 0.008840 -0.012440
v -0.000157 0.008841 -0.012440
v -0.000156 0.008831 -0.012440
v -0.000164 0.008838 -0.012440
v -0.000160 0.008840 -0.012440
v -0.000159 0.008829 -0.012440
v -0.000167 0.008836 -0.012440
v -0.000164 0.008838 -0.012440
v -0.000162 0.008828 -0.012440
v -0.000170 0.008834 -0.012440
v -0.000167 0.008836 -0.012440
v -0.000164 0.008826 -0.012440
v -0.000173 0.008831 -0.012440
v -0.000170 0.008834 -0.012440
v -0.000166 0.008824 -0.012440
v -0.000176 0.008828 -0.012440
v -0.000173 0.008831 -0.012440
v -0.000168 0.008822 -0.012440
v -0.000178 0.008825 -0.012440
v -0.000176 0.008828 -0.012440
v -0.000170 0.008820 -0.012440
v -0.000178 0.008825 -0.012440
v -0.000170 0.008820 -0.012440
v -0.000171 0.008817 -0.012440
v -0.000171 0.008817 -0.012440
v -0.000173 0.008814 -0.012440
v -0.000180 0.008822 -0.012440
v -0.000173 0.008814 -0.012440
v -0.000174 0.008812 -0.012440
v -0.000182 0.008818 -0.012440
v -0.000105 0.008801 -0.012440
v -0.000115 0.008802 -0.012440
v -0.000115 0.008804 -0.012440
v -0.000174 0.008812 -0.012440
v -0.000183 0.008815 -0.012440
v -0.000182 0.008818 -0.012440
v -0.000116 0.008795 -0.012440
v -0.000107 0.008790 -0.012440
v -0.000117 0.008793 -0.012440
v -0.000184 0.008811 -0.012440
v -0.000174 0.008809 -0.012440
v -0.000175 0.008806 -0.012440
v -0.000149 0.008843 -0.012440
v -0.000145 0.008843 -0.012440
v -0.000148 0.008833 -0.012440
vn -0.0000 -0.0000 -1.0000
vn 0.0001 -0.0000 -1.0000
vn 0.0002 -0.0000 -1.0000
vn -0.0001 -0.0000 -1.0000
vn -0.0003 -0.0000 -1.0000
vn -0.0000 1.0000 -0.0002
vn -0.0000 1.0000 -0.0001
vn -0.0000 1.0000 0.0001
vn -0.0000 1.0000 -0.0000
vn -0.0000 -1.0000 0.0001
vn -0.0000 -1.0000 -0.0000
vn -0.0000 -0.0000 1.0000
vn -0.0001 -0.0000 1.0000
vn -0.0003 -0.0000 1.0000
vn -1.0000 -0.0000 -0.0000
vn -1.0000 -0.0000 0.0003
vn -1.0000 -0.0001 -0.0003
vn -1.0000 0.0001 0.0003
vn 0.1192 -0.9929 -0.0000
vn 0.1667 -0.9860 -0.0000
vn 0.2177 -0.9760 -0.0000
vn 0.1647 -0.9863 -0.0000
vn 0.0551 -0.9985 -0.0000
vn 0.1668 -0.9860 -0.0000
vn 0.3197 -0.9475 -0.0000
vn 0.3092 -0.9510 -0.0000
vn 0.0980 -0.9952 -0.0000
vn 0.6146 -0.7888 -0.0000
vn 0.6011 -0.7992 -0.0000
vn 0.6839 -0.7296 -0.0000
vn 0.7071 -0.7071 -0.0000
vn 0.6344 -0.7730 -0.0000
vn 0.1646 -0.9864 -0.0000
vn 0.1951 -0.9808 -0.0000
vn 0.4088 -0.9126 -0.0000
vn 0.2902 -0.9570 -0.0000
vn 0.1950 -0.9808 -0.0000
vn 0.4796 -0.8775 -0.0000
vn 0.5186 -0.8550 -0.0000
vn 0.4714 -0.8819 -0.0000
vn 0.3827 -0.9239 -0.0000
vn 0.5719 -0.8203 -0.0000
vn 0.5187 -0.8550 -0.0000
vn 0.5555 -0.8315 -0.0000
vn 0.0836 -0.9965 -0.0000
vn 0.1666 -0.9860 -0.0000
vn 0.1191 -0.9929 -0.0000
vn 0.4162 -0.9093 -0.0000
vn 0.4459 -0.8951 -0.0000
vn 0.9628 0.2703 -0.0000
vn 0.9687 0.2481 -0.0000
vn 0.9821 0.1884 -0.0000
vn 0.9633 0.2685 -0.0000
vn 0.9838 0.1795 -0.0000
vn 0.9932 0.1160 -0.0000
vn 0.6303 -0.7763 -0.0000
vn 0.6299 -0.7767 -0.0000
vn 0.9801 -0.1983 -0.0000
vn 0.9951 -0.0989 -0.0000
vn 0.9954 -0.0958 0.0001
vn 0.9796 -0.2009 -0.0000
vn 0.9594 -0.2822 -0.0000
vn 0.4042 -0.9147 -0.0000
vn 0.5320 -0.8467 -0.0000
vn 0.5530 -0.8332 -0.0000
vn 0.6879 -0.7258 -0.0000
vn 0.7023 -0.7119 -0.0000
vn 0.5042 0.8636 -0.0000
vn 0.5339 0.8455 -0.0000
vn 0.5989 0.8008 -0.0000
vn 0.5546 0.8321 -0.0000
vn 0.4816 0.8764 -0.0000
vn 0.7040 0.7102 -0.0000
vn 0.6998 0.7144 -0.0000
vn 0.6240 0.7814 -0.0000
vn 0.7646 0.6445 -0.0000
vn 0.6893 0.7245 -0.0000
vn 0.9462 -0.3237 -0.0000
vn 0.8402 -0.5423 -0.0000
vn 0.8437 -0.5368 -0.0000
vn 0.8880 -0.4599 -0.0000
vn 0.8361 -0.5486 -0.0000
vn 0.7806 -0.6250 -0.0000
vn 0.7070 -0.7073 -0.0000
vn 0.7773 -0.6291 -0.0000
vn 0.7730 -0.6344 -0.0000
vn 0.7072 -0.7070 -0.0000
vn 0.9499 -0.3126 -0.0000
vn 0.9239 -0.3826 -0.0000
vn 0.9071 -0.4208 -0.0000
vn 0.9748 -0.2231 -0.0000
vn 0.8819 -0.4714 -0.0000
vn 0.7042 0.7100 -0.0002
vn 0.6265 0.7794 -0.0000
vn 0.7044 0.7098 -0.0000
vn 0.6344 0.7730 -0.0000
vn 0.7072 0.7070 -0.0000
vn 0.8335 0.5526 -0.0000
vn 0.8316 0.5553 -0.0000
vn 0.7723 0.6352 0.0001
vn 0.8334 0.5526 -0.0000
vn 0.7730 0.6344 -0.0003
vn 0.8314 0.5556 -0.0000
vn 0.7694 0.6388 -0.0000
vn 0.7071 0.7071 -0.0005
vn 0.7730 0.6344 -0.0000
vn 0.9458 -0.3247 -0.0000
vn 0.9624 -0.2715 -0.0000
vn 0.9766 -0.2149 -0.0000
vn 0.9175 -0.3977 -0.0000
vn 0.9960 -0.0892 -0.0000
vn 0.9831 -0.1829 -0.0000
vn 0.9957 -0.0927 -0.0000
vn 0.8252 0.5648 -0.0000
vn 0.8932 0.4496 -0.0000
vn 0.8554 0.5179 -0.0000
vn 0.8056 0.5924 -0.0000
vn 0.7500 0.6614 -0.0000
vn 0.9956 -0.0942 -0.0000
vn 0.9808 -0.1952 -0.0000
vn 1.0000 0.0095 -0.0001
vn 0.9955 -0.0942 -0.0000
vn 0.9952 -0.0981 -0.0000
vn 0.9808 -0.1951 -0.0000
vn 0.8947 -0.4467 -0.0000
vn 0.8542 -0.5200 -0.0000
vn 0.8975 -0.4410 -0.0000
vn 0.9338 -0.3578 -0.0000
vn 0.7683 -0.6400 -0.0000
vn 0.8043 -0.5942 -0.0000
vn 0.5456 0.8381 -0.0000
vn 0.4487 0.8937 -0.0000
vn 0.4714 0.8819 -0.0000
vn 0.5555 0.8315 -0.0000
vn 0.9938 0.1109 -0.0000
vn 0.9923 0.1238 -0.0000
vn 0.9747 0.2237 -0.0000
vn 0.9938 0.1108 -0.0000
vn 0.9808 0.1951 -0.0000
vn 0.9952 0.0981 -0.0000
vn 0.4267 0.9044 -0.0000
vn 0.6239 0.7815 -0.0000
vn 0.5457 0.8380 -0.0000
vn 0.5556 0.8314 -0.0000
vn 1.0000 0.0089 -0.0000
vn 0.9952 0.0980 -0.0000
vn 1.0000 -0.0000 -0.0000
vn 1.0000 -0.0017 -0.0000
vn 0.9960 0.0892 -0.0000
vn 0.3351 0.9422 -0.0000
vn 0.4486 0.8937 -0.0000
vn 0.3827 0.9239 -0.0000
vn 0.3114 0.9503 -0.0000
vn 0.2475 0.9689 -0.0000
vn 0.1667 0.9860 -0.0000
vn 0.4056 0.9140 -0.0000
vn 0.9359 0.3523 -0.0000
vn 0.9372 0.3488 0.0001
vn 0.9348 0.3551 -0.0000
vn 0.9339 0.3575 -0.0000
vn 0.8876 0.4606 -0.0000
vn 0.9339 0.3576 -0.0000
vn 0.8819 0.4714 -0.0000
vn 0.9239 0.3827 -0.0000
vn 0.8335 0.5525 -0.0000
vn 0.8315 0.5555 -0.0000
vn 0.0675 0.9977 -0.0000
vn 0.0980 0.9952 -0.0000
vn 0.2011 0.9796 -0.0000
vn 0.0674 0.9977 -0.0000
vn 0.0836 0.9965 -0.0000
vn 0.9747 0.2236 -0.0000
vn 0.9570 0.2902 -0.0000
vn 0.9808 0.1950 -0.0000
vn 0.8987 0.4386 -0.0000
vn 0.2903 0.9569 -0.0000
vn 0.3274 0.9449 -0.0000
vn 0.8819 -0.4714 0.0004
vn 0.8315 -0.5555 -0.0000
vn 0.7487 -0.6629 -0.0000
vn 0.6225 -0.7826 -0.0000
vn 0.4801 -0.8772 -0.0000
vn -0.0000 -1.0000 -0.0001
vn 0.3263 -0.9453 -0.0000
vn 0.2468 -0.9691 -0.0000
vn 0.2469 -0.9690 -0.0000
vn 0.5556 -0.8314 -0.0000
vn 0.8314 -0.5556 -0.0000
vn 0.7773 -0.6292 -0.0000
vn 0.9239 -0.3827 -0.0000
vn 0.9071 -0.4209 -0.0000
vn 0.9569 -0.2903 -0.0000
vn 0.9952 -0.0980 -0.0000
vn 0.9569 0.2903 -0.0000
vn 0.1668 0.9860 -0.0000
vn 0.1950 0.9808 0.0003
vn 0.2902 0.9570 -0.0000
vn 0.1666 0.9860 -0.0000
vn 0.0837 0.9965 -0.0000
vn 0.1951 0.9808 -0.0000
vn 0.9569 -0.2904 -0.0000
vn 0.8315 -0.5556 -0.0000
vn 0.6146 -0.7889 -0.0000
vn 0.2904 -0.9569 -0.0000
vn 0.3091 -0.9510 -0.0000
vn 0.9569 0.2904 -0.0000
vn -0.0000 0.7940 0.6079
vn -0.0000 0.7719 0.6357
vn -0.0000 0.7488 0.6628
vn -0.0000 0.7719 0.6358
vn -0.0000 0.7248 0.6890
vn -0.0000 0.6998 0.7143
vn -0.0000 -0.7940 0.6079
vn -0.0000 -0.7719 0.6358
vn -0.0000 -0.7488 0.6628
vn -0.0000 -0.7719 0.6357
vn -0.0000 -0.7248 0.6890
vn -0.0000 -0.6998 0.7143
vn -0.0981 0.9952 -0.0006
vn -0.1951 0.9808 -0.0000
vn -0.1261 0.9920 -0.0000
vn -0.2500 0.9682 -0.0000
vn -0.2902 0.9570 -0.0000
vn -0.3288 0.9444 0.0005
vn -0.3827 0.9239 -0.0000
vn -0.3288 0.9444 -0.0000
vn -0.2903 0.9569 -0.0000
vn -0.4714 0.8819 -0.0000
vn -0.4055 0.9141 -0.0000
vn -0.3827 0.9239 -0.0006
vn -0.4793 0.8777 -0.0000
vn -0.4054 0.9141 -0.0000
vn -0.5499 0.8353 -0.0002
vn -0.5556 0.8315 -0.0000
vn -0.5499 0.8353 -0.0000
vn -0.5555 0.8315 -0.0000
vn -0.6167 0.7872 0.0002
vn -0.6167 0.7872 -0.0000
vn -0.6344 0.7730 -0.0000
vn -0.6794 0.7338 0.0004
vn -0.6794 0.7337 -0.0000
vn -0.7070 0.7072 -0.0000
vn -0.7375 0.6754 -0.0000
vn -0.7730 0.6344 -0.0000
vn -0.7375 0.6753 -0.0000
vn -0.7730 0.6344 -0.0006
vn -0.8315 0.5556 -0.0000
vn -0.7905 0.6124 -0.0000
vn -0.8383 0.5452 0.0003
vn -0.7906 0.6123 -0.0000
vn -0.8819 0.4714 -0.0000
vn -0.8803 0.4744 -0.0001
vn -0.8383 0.5452 -0.0000
vn -0.9239 0.3827 -0.0000
vn -0.9163 0.4004 -0.0000
vn -0.8819 0.4714 -0.0005
vn -0.9462 0.3236 0.0004
vn -0.9164 0.4003 -0.0000
vn -0.9696 0.2446 0.0005
vn -0.9462 0.3236 -0.0000
vn -0.9569 0.2903 -0.0000
vn -0.9696 0.2446 -0.0000
vn -0.9570 0.2902 -0.0000
vn -0.9808 0.1950 -0.0000
vn -0.9865 0.1640 -0.0000
vn -0.9808 0.1951 -0.0007
vn -0.9952 0.0980 -0.0000
vn -0.9966 0.0823 -0.0000
vn -0.9952 -0.0980 -0.0000
vn -0.9966 -0.0823 -0.0000
vn -0.9952 -0.0980 -0.0007
vn -0.9808 -0.1951 -0.0000
vn -0.9865 -0.1641 -0.0000
vn -0.9808 -0.1952 -0.0000
vn -0.9696 -0.2446 0.0005
vn -0.9569 -0.2903 -0.0000
vn -0.9462 -0.3236 0.0005
vn -0.9696 -0.2447 -0.0000
vn -0.9239 -0.3827 -0.0000
vn -0.9462 -0.3236 -0.0000
vn -0.9569 -0.2903 -0.0007
vn -0.8819 -0.4714 -0.0000
vn -0.9163 -0.4004 -0.0000
vn -0.9239 -0.3827 -0.0005
vn -0.8383 -0.5452 -0.0000
vn -0.8803 -0.4744 -0.0000
vn -0.8819 -0.4714 -0.0003
vn -0.8315 -0.5555 -0.0000
vn -0.7905 -0.6124 -0.0000
vn -0.8314 -0.5556 -0.0000
vn -0.7730 -0.6344 -0.0000
vn -0.7375 -0.6753 0.0005
vn -0.0980 -0.9952 -0.0000
vn -0.1260 -0.9920 -0.0000
vn -0.0000 -1.0000 0.0009
vn -0.1951 -0.9808 -0.0006
vn -0.1261 -0.9920 -0.0000
vn -0.1951 -0.9808 -0.0000
vn -0.2500 -0.9682 -0.0000
vn -0.1950 -0.9808 -0.0000
vn -0.2500 -0.9683 -0.0000
vn -0.2902 -0.9570 -0.0000
vn -0.2500 -0.9682 0.0005
vn -0.3288 -0.9444 -0.0000
vn -0.3827 -0.9239 -0.0000
vn -0.2903 -0.9569 -0.0000
vn -0.4054 -0.9141 -0.0000
vn -0.3288 -0.9444 0.0004
vn -0.4714 -0.8819 -0.0006
vn -0.4055 -0.9141 -0.0000
vn -0.4714 -0.8819 -0.0000
vn -0.4793 -0.8777 -0.0000
vn -0.5556 -0.8315 -0.0000
vn -0.4793 -0.8777 -0.0002
vn -0.5498 -0.8353 -0.0000
vn -0.5499 -0.8353 0.0002
vn -0.6167 -0.7872 -0.0000
vn -0.5555 -0.8315 -0.0000
vn -0.6344 -0.7730 -0.0005
vn -0.6794 -0.7338 -0.0000
vn -0.6344 -0.7730 -0.0000
vn -0.6167 -0.7872 0.0004
vn -0.7070 -0.7072 -0.0000
vn -0.6795 -0.7337 -0.0000
vn -0.7072 -0.7070 -0.0000
vn -0.6794 -0.7337 -0.0000
vn -0.7375 -0.6754 -0.0000
vn -0.7375 -0.6753 -0.0000
vn -0.8315 -0.5556 -0.0000
vn -0.7906 -0.6124 0.0003
vn -0.8383 -0.5453 -0.0000
vn -0.9164 -0.4004 -0.0000
vn -0.9163 -0.4004 0.0004
vn -0.9696 -0.2446 -0.0000
vn -0.9808 -0.1950 -0.0000
vn -0.9570 -0.2902 -0.0000
vn -0.9865 -0.1640 -0.0000
vn -0.9966 0.0823 0.0003
vn -0.9808 0.1952 -0.0000
vn -0.9865 0.1640 0.0005
vn -0.9696 0.2447 -0.0000
vn -0.9239 0.3827 -0.0007
vn -0.8803 0.4744 -0.0000
vn -0.8315 0.5556 -0.0003
vn -0.7072 0.7070 -0.0000
vn -0.6795 0.7337 -0.0000
vn -0.5556 0.8314 -0.0005
vn -0.0980 0.9952 -0.0000
vn -0.4714 0.8819 -0.0002
vn -0.1260 0.9920 -0.0000
vn -0.4054 0.9141 0.0004
vn -0.3289 0.9444 -0.0000
vn -0.1950 0.9808 -0.0000
vn -0.2500 0.9683 -0.0000
vn -0.0000 0.7688 0.6395
vn -0.0000 0.7424 0.6700
vn -0.0000 0.7147 0.6994
vn -0.0000 0.6859 0.7277
vn -0.0000 0.6559 0.7549
vn -0.0000 0.6249 0.7807
vn -0.0000 0.5929 0.8053
vn -0.0000 0.5599 0.8286
vn -0.0000 0.5599 0.8285
vn -0.0000 -0.7688 0.6395
vn -0.0000 -0.7424 0.6700
vn -0.0000 -0.7147 0.6994
vn -0.0000 -0.6859 0.7277
vn -0.0000 -0.6559 0.7549
vn -0.0000 -0.6249 0.7807
vn -0.0000 -0.5929 0.8053
vn -0.0000 -0.5599 0.8286
vn -0.0000 -0.5599 0.8285
vn -0.0002 -0.0000 -1.0000
vn -0.0000 0.8237 0.5670
vn 0.0002 0.8819 0.4714
vn -0.0000 0.8315 0.5556
vn -0.0000 0.8970 0.4421
vn -0.0003 0.9239 0.3827
vn -0.0000 0.8819 0.4714
vn -0.0000 0.9514 0.3080
vn -0.0000 0.9239 0.3827
vn 0.0008 0.8969 0.4421
vn 0.0003 0.9808 0.1951
vn -0.0000 0.9569 0.2903
vn -0.0000 0.9514 0.3079
vn -0.0003 0.9952 0.0980
vn -0.0000 0.9808 0.1950
vn -0.0000 0.9859 0.1673
vn -0.0000 0.9952 0.0980
vn -0.0000 0.9997 0.0232
vn -0.0000 0.9952 -0.0980
vn -0.0000 0.9926 -0.1214
vn -0.0000 0.9808 -0.1950
vn -0.0000 0.9808 -0.1951
vn -0.0000 0.9646 -0.2636
vn -0.0003 0.9569 -0.2903
vn -0.0000 0.9569 -0.2903
vn -0.0000 0.9165 -0.4000
vn -0.0000 0.9239 -0.3827
vn -0.0000 0.8819 -0.4714
vn -0.0000 0.8492 -0.5281
vn -0.0003 0.8315 -0.5556
vn -0.0000 0.7640 -0.6452
vn 0.0002 0.7730 -0.6344
vn -0.0000 0.8314 -0.5556
vn -0.0000 0.7071 -0.7071
vn -0.0000 0.7730 -0.6344
vn -0.0004 0.6344 -0.7730
vn -0.0000 0.6628 -0.7488
vn -0.0000 0.5556 -0.8314
vn -0.0000 0.6344 -0.7730
vn -0.0000 0.5477 -0.8367
vn -0.0000 0.4714 -0.8819
vn 0.0008 0.5477 -0.8367
vn -0.0000 0.4212 -0.9070
vn -0.0004 0.3827 -0.9239
vn -0.0000 0.3827 -0.9239
vn -0.0000 0.2858 -0.9583
vn -0.0000 0.2903 -0.9569
vn 0.0007 0.2858 -0.9583
vn -0.0000 0.1444 -0.9895
vn -0.0000 0.1951 -0.9808
vn -0.0000 0.0980 -0.9952
vn -0.0000 -0.1444 -0.9895
vn -0.0000 -0.0980 -0.9952
vn 0.0007 -0.0000 -1.0000
vn -0.0000 -0.2858 -0.9583
vn -0.0000 -0.1951 -0.9808
vn 0.0007 -0.1445 -0.9895
vn -0.0000 -0.3827 -0.9239
vn -0.0000 -0.2903 -0.9569
vn 0.0007 -0.2858 -0.9583
vn -0.0000 -0.4211 -0.9070
vn -0.0000 -0.4714 -0.8819
vn 0.0008 -0.4212 -0.9070
vn -0.0000 -0.5477 -0.8367
vn -0.0000 -0.5556 -0.8314
vn 0.0002 -0.6344 -0.7730
vn -0.0000 -0.6344 -0.7730
vn -0.0000 -0.6627 -0.7488
vn -0.0004 -0.7071 -0.7071
vn 0.0034 -0.6628 -0.7488
vn -0.0000 -0.7640 -0.6452
vn -0.0000 -0.7072 -0.7071
vn -0.0000 -0.8315 -0.5556
vn -0.0000 -0.7730 -0.6344
vn -0.0000 -0.8492 -0.5281
vn -0.0003 -0.8819 -0.4714
vn -0.0000 -0.8315 -0.5555
vn -0.0000 -0.9165 -0.4000
vn -0.0000 -0.8819 -0.4714
vn 0.0008 -0.8492 -0.5281
vn -0.0000 -0.9569 -0.2903
vn -0.0000 -0.9239 -0.3827
vn -0.0000 -0.9647 -0.2635
vn -0.0000 -0.9808 -0.1951
vn 0.0008 -0.9647 -0.2634
vn -0.0000 -0.9926 -0.1215
vn -0.0000 -0.9808 -0.1950
vn -0.0000 -0.9926 -0.1214
vn -0.0003 -0.9952 -0.0980
vn -0.0000 -0.9808 0.1950
vn -0.0000 -0.9952 0.0980
vn -0.0000 -0.9859 0.1673
vn -0.0000 -0.5556 0.8314
vn 0.0003 -0.5788 0.8155
vn -0.0000 -0.4920 0.8706
vn -0.0000 -0.6344 0.7730
vn -0.0000 -0.5788 0.8155
vn -0.0003 -0.5556 0.8315
vn -0.0000 -0.0980 0.9952
vn -0.0000 -0.1027 0.9947
vn -0.0000 -0.1950 0.9808
vn -0.0001 -0.0980 0.9952
vn 0.0001 -0.2043 0.9789
vn -0.0000 -0.1951 0.9808
vn -0.0000 -0.2043 0.9789
vn -0.0001 -0.1951 0.9808
vn -0.0000 -0.2904 0.9569
vn -0.0000 -0.2902 0.9570
vn -0.0000 -0.3038 0.9528
vn -0.0002 -0.2903 0.9569
vn -0.0000 -0.3827 0.9239
vn -0.0000 -0.3038 0.9527
vn 0.0002 -0.4000 0.9165
vn -0.0000 -0.4714 0.8819
vn -0.0000 -0.4000 0.9165
vn -0.0003 -0.4714 0.8819
vn -0.0000 -0.5555 0.8315
vn -0.0000 -0.6595 0.7517
vn -0.0000 -0.7071 0.7071
vn -0.0003 -0.6344 0.7730
vn 0.0004 -0.7332 0.6800
vn -0.0000 -0.7332 0.6800
vn -0.0004 -0.7071 0.7071
vn -0.0000 -0.7730 0.6344
vn -0.0000 -0.8237 0.5670
vn -0.0002 -0.7730 0.6344
vn -0.0000 -0.8315 0.5556
vn -0.0000 -0.8819 0.4714
vn 0.0006 -0.8970 0.4420
vn -0.0000 -0.9239 0.3827
vn -0.0000 -0.8970 0.4421
vn -0.0003 -0.8819 0.4714
vn 0.0033 -0.9514 0.3080
vn -0.0000 -0.9514 0.3079
vn -0.0002 -0.9239 0.3827
vn -0.0000 -0.9569 0.2903
vn 0.0003 -0.9569 0.2904
vn -0.0000 -0.9808 0.1951
vn 0.0005 -0.9859 0.1674
vn 0.0008 -0.9997 0.0232
vn -0.0000 -0.9997 0.0232
vn -0.0000 -0.9952 -0.0980
vn 0.0008 0.7332 0.6800
vn -0.0000 0.7730 0.6344
vn -0.0000 -0.9569 -0.2904
vn -0.0000 -0.9646 -0.2636
vn -0.0000 -0.9808 -0.1952
vn -0.0000 -0.8491 -0.5282
vn 0.0006 -0.7640 -0.6452
vn -0.0002 -0.7730 -0.6344
vn 0.0006 -0.5477 -0.8367
vn -0.0000 -0.6628 -0.7488
vn -0.0000 -0.5555 -0.8315
vn -0.0000 -0.4212 -0.9070
vn -0.0004 -0.4714 -0.8819
vn -0.0001 -0.2903 -0.9569
vn -0.0004 0.0980 -0.9952
vn -0.0000 0.1952 -0.9808
vn 0.0007 0.4211 -0.9070
vn -0.0000 0.5555 -0.8315
vn -0.0001 0.4714 -0.8819
vn 0.0006 0.6628 -0.7488
vn -0.0000 0.5477 -0.8366
vn -0.0000 0.7072 -0.7071
vn 0.0008 0.7640 -0.6452
vn -0.0000 0.8315 -0.5556
vn 0.0006 0.8491 -0.5282
vn 0.0008 0.9165 -0.4001
vn -0.0000 0.9647 -0.2635
vn 0.0008 0.9926 -0.1214
vn -0.0000 0.9647 -0.2634
vn 0.0004 0.9997 0.0232
vn -0.0000 0.9808 0.1951
vn 0.0005 0.9514 0.3079
vn -0.0000 0.9859 0.1674
vn -0.0002 0.9569 0.2903
vn -0.0004 0.7730 0.6344
vn -0.0000 0.7071 0.7071
vn -0.0000 0.7332 0.6800
vn -0.0000 0.7070 0.7072
vn 0.0004 0.6595 0.7517
vn -0.0000 0.6344 0.7730
vn -0.0000 0.6595 0.7517
vn 0.0004 0.5788 0.8155
vn -0.0000 0.5788 0.8155
vn -0.0003 0.6344 0.7730
vn -0.0000 0.5556 0.8314
vn -0.0000 0.5556 0.8315
vn 0.0003 0.4920 0.8706
vn -0.0000 0.4714 0.8819
vn -0.0000 0.4920 0.8706
vn -0.0000 0.4000 0.9165
vn -0.0000 0.8314 0.5556
vn -0.0000 0.8237 0.5671
vn -0.0000 0.0980 0.9952
vn -0.0000 0.1027 0.9947
vn -0.0000 0.1950 0.9808
vn -0.0000 0.1951 0.9808
vn 0.0001 0.1028 0.9947
vn -0.0000 0.2043 0.9789
vn -0.0000 0.1952 0.9808
vn -0.0001 0.2903 0.9569
vn 0.0002 0.2043 0.9789
vn -0.0000 0.3038 0.9528
vn -0.0000 0.2902 0.9570
vn -0.0000 0.3038 0.9527
vn -0.0002 0.3827 0.9239
vn -0.0000 0.2903 0.9569
vn -0.0000 0.3827 0.9239
vn -0.0000 0.3039 0.9527
vn 0.0038 0.8237 0.5670
vn -0.0000 1.0000 0.0002
vn -0.0000 -1.0000 0.0002
vn 0.0002 -0.0000 1.0000
vn -0.0002 -0.0000 1.0000
vn 0.0001 -0.0000 1.0000
vn 0.0003 -0.0000 1.0000
vn 0.3513 -0.6137 0.7071
vn 0.3934 -0.5876 0.7071
vn 0.3689 -0.6032 0.7071
vn 0.4088 -0.5770 0.7071
vn 0.3690 -0.6032 0.7071
vn 0.4335 -0.5586 0.7071
vn 0.4564 -0.5401 0.7071
vn 0.4335 -0.5587 0.7071
vn 0.4716 -0.5269 0.7071
vn 0.4565 -0.5400 0.7071
vn 0.4714 -0.5267 0.7074
vn 0.4851 -0.5145 0.7071
vn 0.4850 -0.5145 0.7071
vn 0.5073 -0.4926 0.7071
vn 0.5122 -0.4875 0.7071
vn 0.5616 -0.4296 0.7071
vn 0.5406 -0.4558 0.7071
vn 0.5711 -0.4169 0.7071
vn 0.5839 -0.3989 0.7071
vn 0.5989 -0.3759 0.7071
vn 0.6044 -0.3670 0.7071
vn 0.6238 -0.3330 0.7071
vn 0.6233 -0.3340 0.7071
vn 0.6238 -0.3331 0.7071
vn 0.6403 -0.2999 0.7071
vn 0.6403 -0.3000 0.7071
vn 0.6456 -0.2886 0.7071
vn 0.6557 -0.2648 0.7071
vn 0.6642 -0.2427 0.7071
vn 0.6691 -0.2287 0.7071
vn 0.6901 -0.1542 0.7071
vn 0.6797 -0.1956 0.7069
vn 0.6915 -0.1475 0.7071
vn 0.6806 -0.1917 0.7071
vn 0.6795 -0.1956 0.7071
vn 0.7028 -0.0779 0.7071
vn 0.6975 -0.1162 0.7071
vn 0.7002 -0.0988 0.7071
vn 0.7071 -0.0001 0.7071
vn 0.7060 0.0379 0.7072
vn 0.7071 -0.0007 0.7071
vn 0.7054 0.0496 0.7071
vn 0.7030 0.0765 0.7071
vn 0.7061 0.0380 0.7071
vn 0.7002 0.0988 0.7071
vn 0.6977 0.1148 0.7071
vn 0.6915 0.1475 0.7071
vn 0.6904 0.1529 0.7071
vn 0.6795 0.1956 0.7071
vn 0.6904 0.1530 0.7071
vn 0.6917 0.1476 0.7069
vn 0.6695 0.2276 0.7071
vn 0.6809 0.1906 0.7071
vn 0.6560 0.2639 0.7071
vn 0.6695 0.2277 0.7071
vn 0.6641 0.2427 0.7071
vn 0.6642 0.2427 0.7071
vn 0.6456 0.2886 0.7071
vn 0.6407 0.2991 0.7071
vn 0.6455 0.2886 0.7071
vn 0.6238 0.3330 0.7071
vn 0.6407 0.2992 0.7071
vn 0.6237 0.3331 0.7071
vn 0.6237 0.3332 0.7071
vn 0.6238 0.3331 0.7071
vn 0.5989 0.3759 0.7071
vn 0.6048 0.3663 0.7071
vn 0.5843 0.3982 0.7071
vn 0.5711 0.4169 0.7071
vn 0.5989 0.3760 0.7071
vn 0.5405 0.4559 0.7071
vn 0.5621 0.4290 0.7071
vn 0.5382 0.4587 0.7071
vn 0.5073 0.4926 0.7071
vn 0.4853 0.5143 0.7071
vn 0.5125 0.4871 0.7071
vn 0.4335 0.5586 0.7071
vn 0.3934 0.5876 0.7071
vn 0.4088 0.5770 0.7071
vn 0.3690 0.6032 0.7071
vn 0.3512 0.6137 0.7071
vn 0.3075 0.6368 0.7071
vn 0.4564 0.5401 0.7071
vn 0.4335 0.5587 0.7071
vn 0.4716 0.5269 0.7071
vn 0.5381 0.4587 0.7071
vn 0.6236 0.3333 0.7071
vn 0.6797 0.1956 0.7069
vn 0.6977 0.1149 0.7071
vn 0.7071 -0.0006 0.7071
vn 0.7060 -0.0393 0.7071
vn 0.7071 0.0001 0.7071
vn 0.7002 0.0987 0.7071
vn 0.7054 0.0495 0.7071
vn 0.7054 -0.0495 0.7071
vn 0.7071 -0.0000 0.7071
vn 0.7060 -0.0395 0.7071
vn 0.7060 -0.0394 0.7071
vn 0.7028 -0.0778 0.7071
vn 0.7002 -0.0987 0.7071
vn 0.6691 -0.2286 0.7071
vn 0.3075 -0.6368 0.7071
vn 0.3512 -0.6137 0.7071
vn 0.6455 -0.2886 0.7071
vn 0.6044 -0.3669 0.7071
vn 0.5839 -0.3988 0.7071
vn 0.5616 -0.4297 0.7071
vn 0.5711 -0.4170 0.7071
vn 0.4715 0.5269 0.7072
vn 0.4565 0.5401 0.7071
vn 0.5377 -0.4592 0.7071
vn 0.5405 -0.4559 0.7071
vn 0.7061 0.0379 0.7071
vn -0.0000 -0.1950 -0.9808
vn -0.0000 -0.7071 -0.7071
vn -0.0000 -0.5556 -0.8315
vn -0.0000 -0.8314 -0.5556
vn -0.0000 -0.9239 -0.3826
vn -0.0000 -0.3826 -0.9239
vn -0.0000 0.9239 -0.3826
vn -0.0000 0.8315 -0.5555
vn -0.0000 0.5556 -0.8315
vn -0.0000 0.1950 -0.9808
vn -0.0000 0.3826 -0.9239
vn -0.0000 0.2928 0.9562
vn -0.0000 0.5598 0.8286
vn -0.0000 0.2927 0.9562
vn -0.0000 -0.1926 0.9813
vn -0.0000 -0.3779 0.9258
vn -0.0000 -0.3780 0.9258
vn -0.0000 -0.5492 0.8357
vn -0.0000 -0.6999 0.7143
vn -0.0000 0.6999 0.7143
vn -0.0000 0.5492 0.8357
vn -0.0000 0.3780 0.9258
vn -0.0000 0.1926 0.9813
vn -0.0000 0.3779 0.9258
vn -0.0000 -0.2927 0.9562
vn -0.0000 -0.2928 0.9562
vn 0.9570 -0.2902 -0.0000
vn 0.9808 -0.1950 -0.0000
vn 0.7070 -0.7072 -0.0000
vn 0.2903 -0.9569 -0.0000
vn 0.9973 0.0736 -0.0000
vn 1.0000 -0.0000 -0.0007
vn 0.9892 0.1466 -0.0000
vn 0.9892 0.1467 -0.0000
vn 0.9757 0.2191 0.0005
vn 0.9808 0.1950 -0.0007
vn 0.9757 0.2191 -0.0000
vn 0.9330 0.3599 -0.0000
vn 0.9040 0.4276 0.0005
vn 0.9040 0.4276 -0.0000
vn 0.8701 0.4929 0.0005
vn 0.8701 0.4929 -0.0000
vn 0.8819 0.4714 -0.0007
vn 0.7883 0.6153 -0.0000
vn 0.7884 0.6152 -0.0000
vn 0.7070 0.7072 -0.0000
vn 0.7409 0.6716 -0.0000
vn 0.7071 0.7071 -0.0007
vn 0.6895 0.7243 -0.0000
vn 0.5758 0.8176 -0.0000
vn 0.6344 0.7730 -0.0007
vn 0.5141 0.8577 0.0001
vn 0.3828 0.9239 -0.0000
vn 0.4496 0.8932 -0.0000
vn 0.4714 0.8819 -0.0007
vn 0.3137 0.9495 -0.0000
vn 0.3827 0.9239 -0.0007
vn 0.2904 0.9569 -0.0000
vn 0.2429 0.9700 -0.0000
vn 0.1950 0.9808 -0.0000
vn 0.2431 0.9700 -0.0000
vn 0.1952 0.9808 -0.0000
vn 0.1710 0.9853 0.0005
vn 0.1710 0.9853 -0.0000
vn 0.0245 0.9997 -0.0000
vn -0.0490 0.9988 -0.0000
vn -0.1224 0.9925 -0.0000
vn -0.0491 0.9988 -0.0000
vn -0.1952 0.9808 -0.0000
vn -0.2667 0.9638 -0.0000
vn -0.3370 0.9415 0.0005
vn -0.4052 0.9142 0.0005
vn -0.3369 0.9415 -0.0000
vn -0.4052 0.9142 -0.0000
vn -0.3827 0.9239 -0.0007
vn -0.5349 0.8449 -0.0000
vn -0.5957 0.8032 0.0005
vn -0.5957 0.8032 -0.0000
vn -0.6531 0.7572 0.0005
vn -0.6344 0.7730 -0.0007
vn -0.7071 0.7071 -0.0000
vn -0.6532 0.7572 -0.0000
vn -0.7572 0.6532 -0.0000
vn -0.8032 0.5957 0.0005
vn -0.8314 0.5556 -0.0000
vn -0.8032 0.5957 -0.0000
vn -0.8449 0.5350 -0.0000
vn -0.8315 0.5555 -0.0007
vn -0.9142 0.4052 -0.0000
vn -0.9142 0.4053 -0.0000
vn -0.8819 0.4714 -0.0007
vn -0.9415 0.3370 -0.0001
vn -0.9700 -0.2429 -0.0000
vn -0.6152 -0.7883 -0.0000
vn -0.5556 -0.8314 -0.0000
vn -0.6344 -0.7730 -0.0007
vn -0.6152 -0.7884 -0.0000
vn -0.0735 -0.9973 -0.0000
vn -0.1466 -0.9892 -0.0000
vn -0.0736 -0.9973 0.0005
vn -0.1467 -0.9892 -0.0001
vn -0.1467 -0.9892 0.0005
vn -0.2191 -0.9757 -0.0000
vn -0.2904 -0.9569 -0.0000
vn -0.3599 -0.9330 -0.0000
vn -0.3827 -0.9239 -0.0007
vn -0.4276 -0.9040 -0.0000
vn -0.4276 -0.9040 0.0005
vn -0.4929 -0.8701 -0.0000
vn -0.5555 -0.8315 -0.0007
vn -0.6716 -0.7409 -0.0000
vn -0.6716 -0.7410 -0.0001
vn -0.7242 -0.6896 -0.0000
vn -0.7071 -0.7071 -0.0000
vn -0.6715 -0.7410 0.0005
vn -0.7730 -0.6344 -0.0007
vn -0.7243 -0.6895 -0.0000
vn -0.8176 -0.5758 -0.0000
vn -0.8577 -0.5141 -0.0000
vn -0.8932 -0.4496 -0.0000
vn -0.8577 -0.5141 0.0005
vn -0.9239 -0.3827 -0.0007
vn -0.9495 -0.3136 -0.0000
vn -0.9495 -0.3137 -0.0000
vn -0.9495 -0.3137 0.0005
vn -0.9700 -0.2431 -0.0000
vn -0.9569 -0.2904 -0.0000
vn -0.9700 -0.2430 0.0005
vn -0.9853 -0.1710 -0.0000
vn -0.9952 -0.0981 -0.0007
vn -0.9997 -0.0245 -0.0000
vn -1.0000 -0.0000 -0.0007
vn -0.9997 -0.0245 0.0005
vn -0.9988 0.0491 -0.0000
vn -0.9988 0.0491 0.0005
vn -0.9925 0.1224 -0.0000
vn -0.9808 0.1951 -0.0000
vn -0.9925 0.1225 -0.0000
vn -0.9638 0.2667 -0.0000
vn -0.9569 0.2904 -0.0000
vn -0.9638 0.2667 0.0005
vn -0.9415 0.3369 -0.0000
vn -0.9415 0.3369 0.0005
vn -0.8315 0.5555 -0.0000
vn -0.8449 0.5349 0.0005
vn -0.7071 0.7071 -0.0007
vn -0.4714 0.8819 -0.0007
vn -0.3370 0.9415 -0.0002
vn -0.2666 0.9638 -0.0000
vn -0.1950 0.9808 -0.0007
vn -0.0981 0.9952 -0.0007
vn 0.1951 0.9808 -0.0007
vn 0.0981 0.9952 -0.0000
vn 0.2430 0.9700 0.0005
vn 0.3136 0.9495 -0.0000
vn 0.4496 0.8932 0.0005
vn 0.5141 0.8577 -0.0000
vn 0.5556 0.8315 -0.0000
vn 0.5141 0.8577 0.0005
vn 0.6344 0.7730 0.0001
vn 0.7410 0.6715 -0.0000
vn 0.7071 0.7071 -0.0000
vn 0.6896 0.7242 0.0005
vn 0.7409 0.6716 0.0005
vn -0.9944 0.1059 -0.0000
vn -0.9776 0.2104 -0.0000
vn -0.9499 0.3127 -0.0000
vn -0.9114 0.4114 -0.0000
vn -0.9115 0.4114 -0.0000
vn -0.8628 0.5055 -0.0000
vn -0.8628 0.5056 -0.0000
vn -0.8045 0.5940 -0.0000
vn -0.7371 0.6758 -0.0000
vn -0.6614 0.7500 -0.0000
vn -0.5911 0.8066 -0.0000
vn -0.5159 0.8566 -0.0000
vn -0.4365 0.8997 -0.0000
vn -0.5158 0.8567 -0.0000
vn -0.0902 0.9959 -0.0000
vn -0.1797 0.9837 -0.0000
vn -0.0903 0.9959 -0.0000
vn -0.2676 0.9635 -0.0000
vn -0.2677 0.9635 -0.0000
vn -0.3535 0.9354 -0.0000
vn -0.2678 0.9635 -0.0000
vn -0.2904 0.9569 -0.0000
vn -0.3536 0.9354 -0.0000
vn -0.5159 0.8567 -0.0000
vn -0.8044 0.5941 -0.0000
vn -0.9944 0.1058 -0.0000
vn -0.9973 -0.0736 -0.0000
vn -0.9944 -0.1058 -0.0000
vn -0.9892 -0.1466 -0.0000
vn -0.9892 -0.1468 -0.0000
vn -0.9776 -0.2104 -0.0000
vn -0.9892 -0.1467 -0.0000
vn -0.9757 -0.2191 -0.0000
vn -0.9499 -0.3126 -0.0000
vn -0.9330 -0.3599 -0.0000
vn -0.9498 -0.3127 -0.0000
vn -0.9114 -0.4115 -0.0000
vn -0.9040 -0.4276 -0.0000
vn -0.9114 -0.4114 -0.0000
vn -0.9115 -0.4114 -0.0000
vn -0.9040 -0.4275 -0.0000
vn -0.8628 -0.5055 -0.0000
vn -0.8628 -0.5056 -0.0000
vn -0.8701 -0.4928 -0.0000
vn -0.8701 -0.4929 0.0001
vn -0.8045 -0.5940 -0.0000
vn -0.7884 -0.6152 -0.0000
vn -0.7883 -0.6153 -0.0000
vn -0.7371 -0.6758 -0.0000
vn -0.7410 -0.6716 -0.0000
vn -0.6895 -0.7242 -0.0000
vn -0.6614 -0.7500 -0.0000
vn -0.6895 -0.7243 -0.0000
vn -0.5911 -0.8066 -0.0000
vn -0.5159 -0.8566 -0.0000
vn -0.5758 -0.8176 -0.0000
vn -0.4496 -0.8932 -0.0000
vn -0.5141 -0.8577 -0.0000
vn -0.4365 -0.8997 -0.0000
vn -0.5159 -0.8567 -0.0000
vn -0.3536 -0.9354 -0.0000
vn -0.3138 -0.9495 -0.0000
vn -0.2677 -0.9635 -0.0000
vn -0.3535 -0.9354 -0.0000
vn -0.3137 -0.9495 -0.0000
vn -0.2430 -0.9700 -0.0000
vn -0.2429 -0.9700 -0.0000
vn -0.1710 -0.9853 -0.0000
vn -0.1797 -0.9837 -0.0000
vn -0.0903 -0.9959 -0.0000
vn -0.0902 -0.9959 -0.0000
vn -0.0245 -0.9997 -0.0000
vn 0.0491 -0.9988 -0.0000
vn 0.0946 -0.9955 -0.0000
vn 0.1224 -0.9925 -0.0000
vn 0.1884 -0.9821 -0.0000
vn 0.1224 -0.9925 0.0001
vn 0.2667 -0.9638 -0.0000
vn 0.3370 -0.9415 -0.0000
vn 0.2805 -0.9599 -0.0000
vn 0.2668 -0.9638 -0.0000
vn 0.4052 -0.9142 -0.0000
vn 0.3700 -0.9290 -0.0000
vn 0.3369 -0.9415 -0.0000
vn 0.4562 -0.8899 -0.0000
vn 0.5384 -0.8427 -0.0000
vn 0.4563 -0.8898 -0.0000
vn 0.5350 -0.8449 -0.0000
vn 0.5957 -0.8032 -0.0000
vn 0.6532 -0.7572 -0.0000
vn 0.6157 -0.7880 -0.0000
vn 0.6875 -0.7262 -0.0000
vn 0.7576 -0.6527 -0.0000
vn 0.7572 -0.6532 -0.0000
vn 0.8032 -0.5957 -0.0000
vn 0.8199 -0.5725 -0.0000
vn 0.8737 -0.4864 -0.0000
vn 0.8449 -0.5350 -0.0000
vn 0.9185 -0.3953 -0.0000
vn 0.9142 -0.4052 -0.0000
vn 0.9415 -0.3369 -0.0000
vn 0.9539 -0.3001 -0.0000
vn 0.9186 -0.3952 -0.0000
vn 0.9700 0.2430 -0.0000
vn 0.9495 0.3137 -0.0000
vn 0.9539 0.3001 -0.0000
vn 0.6157 0.7880 -0.0000
vn 0.6152 0.7884 -0.0000
vn -0.9498 0.3127 -0.0000
vn 0.0736 0.9973 -0.0000
vn 0.0946 0.9955 -0.0000
vn 0.1466 0.9892 -0.0000
vn 0.1884 0.9821 -0.0000
vn 0.1467 0.9892 -0.0000
vn 0.2191 0.9757 -0.0000
vn 0.2804 0.9599 -0.0000
vn 0.2805 0.9599 -0.0000
vn 0.3599 0.9330 -0.0000
vn 0.3700 0.9290 -0.0000
vn 0.4275 0.9040 -0.0000
vn 0.4561 0.8899 -0.0000
vn 0.4276 0.9040 -0.0000
vn 0.4929 0.8701 -0.0000
vn 0.4563 0.8898 -0.0000
vn 0.5384 0.8427 -0.0000
vn 0.6152 0.7883 -0.0000
vn 0.6716 0.7409 -0.0000
vn 0.6715 0.7410 -0.0000
vn 0.6875 0.7262 -0.0000
vn 0.7242 0.6896 -0.0000
vn 0.7576 0.6527 -0.0000
vn 0.7243 0.6895 -0.0000
vn 0.8199 0.5725 -0.0000
vn 0.8176 0.5758 0.0001
vn 0.8176 0.5758 -0.0000
vn 0.8577 0.5141 -0.0000
vn 0.8737 0.4864 -0.0000
vn 0.9185 0.3953 -0.0000
vn 0.8932 0.4497 -0.0000
vn 0.9186 0.3953 -0.0000
vn 0.9186 0.3952 -0.0000
vn 0.9794 0.2018 -0.0000
vn 0.9700 0.2429 -0.0000
vn 0.9853 0.1710 -0.0000
vn 0.9853 0.1709 -0.0000
vn 0.9948 0.1014 -0.0000
vn 0.9948 0.1016 -0.0000
vn 0.9997 0.0245 -0.0000
vn 0.9988 -0.0491 -0.0000
vn 0.9948 -0.1014 -0.0000
vn 0.9925 -0.1224 -0.0000
vn 0.9948 -0.1015 -0.0000
vn 0.9794 -0.2018 -0.0000
vn 0.9638 -0.2667 -0.0000
vn 0.9186 -0.3953 -0.0000
vn 0.4053 -0.9142 -0.0000
vn 0.3369 -0.9416 -0.0000
vn 0.2804 -0.9599 -0.0000
vn 0.0947 -0.9955 -0.0000
vn 0.0490 -0.9988 -0.0000
vn -0.2676 -0.9635 -0.0000
vn -0.7409 -0.6716 -0.0000
vn 0.0003 -0.0000 -1.0000
s 0
usemtl Diffuse_51_51_51_100.024
f 1//1 2//1 3//1
s 1
f 4//1 3//1 2//1
f 5//2 2//1 6//3
f 7//1 8//4 9//1
f 10//1 11//1 12//1
s 0
f 13//1 14//1 15//1
f 13//1 16//1 14//1
s 1
f 15//1 14//1 17//1
f 15//1 17//1 18//2
f 19//1 20//2 21//4
f 12//1 22//1 23//2
f 12//1 23//2 24//2
f 25//1 12//1 9//1
f 9//1 12//1 7//1
f 6//3 11//1 26//2
f 12//1 11//1 6//3
f 4//1 2//1 5//2
s 0
f 3//1 27//1 1//1
s 1
f 10//1 12//1 24//2
f 22//1 12//1 25//1
f 28//1 29//1 30//2
f 28//1 30//2 31//3
f 32//1 33//3 34//2
f 35//3 15//1 18//2
f 19//1 35//3 36//1
f 37//2 35//3 18//2
f 38//1 19//1 21//4
f 36//1 35//3 37//2
f 39//1 40//1 19//1
f 41//1 39//1 19//1
f 42//1 41//1 19//1
f 40//1 20//2 19//1
f 43//1 38//1 21//4
f 32//1 38//1 44//1
f 45//1 38//1 43//1
f 46//1 38//1 45//1
f 47//1 38//1 46//1
f 48//3 38//1 47//1
f 49//1 38//1 48//3
f 50//1 38//1 49//1
f 44//1 38//1 50//1
f 51//1 32//1 44//1
f 52//1 32//1 51//1
f 53//1 32//1 52//1
f 33//3 32//1 53//1
f 29//1 32//1 34//2
f 32//1 29//1 28//1
f 28//1 31//3 54//4
f 28//1 54//4 55//4
f 28//1 55//4 56//1
f 28//1 56//1 57//4
f 58//1 7//1 59//5
f 7//1 57//4 59//5
f 60//1 7//1 58//1
f 61//1 7//1 60//1
f 62//1 7//1 61//1
f 63//4 7//1 62//1
f 7//1 63//4 8//4
f 42//1 19//1 36//1
f 28//1 57//4 7//1
f 6//3 26//2 5//2
f 64//6 65//7 66//8
f 67//8 64//6 66//8
f 65//7 68//9 69//9
f 70//9 71//9 72//9
f 66//8 70//9 72//9
f 72//9 67//8 66//8
f 70//9 73//9 71//9
f 65//7 74//9 75//7
f 65//7 75//7 68//9
f 76//9 73//9 70//9
f 65//7 64//6 74//9
f 77//10 78//11 79//11
f 80//11 81//11 82//11
f 78//11 83//10 79//11
f 84//11 78//11 77//10
f 77//10 85//11 84//11
f 78//11 86//11 83//10
f 84//11 85//11 87//11
f 80//11 84//11 87//11
f 80//11 87//11 88//11
f 80//11 88//11 81//11
f 89//11 86//11 78//11
f 90//12 91//12 92//12
f 93//12 94//13 95//13
f 96//13 93//12 97//12
f 98//12 99//12 100//12
f 101//12 102//12 103//12
f 104//12 105//12 106//12
f 107//12 108//12 105//12
f 109//12 106//12 110//12
f 105//12 111//12 103//12
f 112//12 113//12 102//12
f 114//12 115//12 113//12
f 116//12 117//12 115//12
f 118//12 119//12 100//12
f 93//12 120//12 121//12
f 93//12 122//12 123//12
f 93//12 96//13 122//12
f 124//12 97//12 93//12
f 125//12 124//12 93//12
f 126//12 125//12 93//12
f 127//12 126//12 93//12
f 93//12 128//12 127//12
f 93//12 95//13 128//12
f 129//12 130//12 90//12
f 93//12 90//12 94//13
f 94//13 90//12 131//12
f 91//12 90//12 132//12
f 90//12 92//12 133//12
f 132//12 90//12 134//12
f 134//12 90//12 135//12
f 135//12 90//12 136//13
f 137//12 90//12 138//12
f 137//12 136//13 90//12
f 139//12 137//12 140//12
f 141//12 139//12 142//12
f 143//12 141//12 144//12
f 145//12 143//12 146//12
f 147//12 145//12 148//12
f 145//12 149//12 150//12
f 151//14 122//14 99//14
f 152//12 153//12 154//12
f 155//12 156//12 153//12
f 115//13 157//13 118//13
f 158//12 159//12 160//12
f 131//12 90//12 133//12
f 156//12 161//12 162//12
f 159//12 156//12 163//12
f 164//12 154//12 150//12
f 165//15 166//15 167//15
f 165//15 167//15 168//15
f 167//15 169//15 170//15
f 171//15 169//15 167//15
f 171//15 167//15 172//15
f 167//15 173//15 172//15
f 174//15 175//15 171//15
f 176//15 177//15 174//15
s 0
f 178//15 179//15 180//15
s 1
f 181//15 174//15 171//15
f 181//15 171//15 172//15
f 168//15 167//15 170//15
s 0
f 178//15 180//15 167//15
s 1
f 165//15 182//15 166//15
f 183//15 182//15 165//15
f 184//15 182//15 183//15
f 184//15 183//15 185//15
f 186//15 187//15 188//15
f 189//15 190//15 191//15
s 0
f 180//16 173//17 167//18
s 1
f 191//15 192//15 193//15
f 191//15 186//15 192//15
f 186//15 188//15 192//15
f 187//15 185//15 188//15
f 194//15 166//15 195//15
f 166//15 182//15 195//15
f 196//15 166//15 194//15
f 197//15 198//15 166//15
f 184//15 185//15 187//15
f 199//15 200//15 201//15
f 202//15 201//15 197//15
f 201//15 203//15 197//15
f 166//15 198//15 204//15
s 0
f 205//15 204//15 206//15
f 166//15 204//15 207//15
f 207//15 204//15 205//15
s 1
f 197//15 203//15 198//15
f 197//15 166//15 196//15
f 208//19 209//20 210//21
f 208//19 211//22 212//23
f 210//21 213//24 214//25
f 210//21 215//26 211//22
f 208//19 210//21 211//22
f 212//23 216//27 217//11
f 218//28 219//29 220//30
f 218//28 221//31 222//32
f 210//21 214//25 215//26
f 211//33 223//34 224//27
f 215//26 214//25 225//35
f 215//26 226//36 227//37
f 225//35 228//38 229//39
f 225//35 230//40 231//41
f 229//39 232//42 219//29
f 229//43 233//44 234//40
f 235//45 236//46 208//47
f 237//48 214//25 238//49
f 239//50 240//51 241//52
f 239//50 241//52 242//53
f 241//52 243//54 242//53
f 241//52 240//51 244//55
f 232//42 245//56 246//57
f 232//42 246//57 219//29
f 247//58 248//59 249//60
f 247//58 250//61 251//62
f 238//49 228//38 237//48
f 238//49 252//63 253//64
f 253//64 254//65 245//56
f 253//64 232//42 228//38
f 245//56 255//66 256//67
f 245//56 256//67 246//57
f 257//68 258//69 259//70
f 257//68 260//71 261//72
f 259//70 262//73 263//74
f 259//70 264//75 260//71
f 263//74 262//73 265//76
f 263//74 266//77 264//75
f 250//61 267//78 251//62
f 250//61 247//58 249//60
f 268//79 269//80 270//81
f 268//79 271//82 272//83
f 229//39 228//38 232//42
f 219//29 246//57 220//30
f 220//30 273//84 274//85
f 220//30 275//31 218//28
f 274//85 272//83 271//82
f 274//85 276//86 277//87
f 278//88 279//89 280//90
f 278//88 267//78 281//91
f 280//90 282//92 271//82
f 280//90 270//81 267//78
f 274//85 273//84 272//83
f 271//82 268//79 270//81
f 283//93 262//73 284//94
f 283//95 285//96 286//97
f 287//98 288//99 289//100
f 287//101 290//102 291//103
f 289//100 292//104 262//73
f 283//95 293//105 294//106
f 292//104 289//100 288//99
f 292//104 288//99 265//76
f 295//107 296//108 297//109
f 295//107 251//62 298//110
f 248//59 247//58 297//109
f 248//59 297//109 299//111
f 297//109 300//112 299//111
f 297//109 247//58 295//107
f 297//109 296//108 300//112
f 299//111 300//112 301//113
f 302//114 288//99 303//115
f 302//114 304//116 305//117
f 265//76 262//73 292//104
f 302//114 305//117 306//118
f 280//90 271//82 270//81
f 267//78 298//110 251//62
f 250//61 249//60 307//119
f 281//91 308//120 278//88
f 307//119 249//60 309//121
f 307//122 310//123 311//124
f 295//107 247//58 251//62
f 298//110 267//78 270//81
f 312//125 313//126 314//127
f 312//125 314//127 315//128
f 316//129 317//130 269//80
f 316//129 272//83 256//67
f 312//125 298//110 269//80
f 269//80 268//79 272//83
f 318//131 258//69 319//132
f 318//131 320//133 321//134
f 273//84 256//67 272//83
f 237//48 228//38 225//35
f 316//129 269//80 272//83
f 256//67 273//84 246//57
f 322//135 323//136 324//137
f 322//138 325//139 326//140
f 257//68 327//141 258//69
f 328//142 258//69 284//94
f 284//94 262//73 328//142
f 318//143 329//144 330//96
f 309//121 331//145 323//136
f 322//138 332//146 333//147
f 244//55 323//136 331//145
f 244//55 334//148 335//149
f 331//145 309//121 249//60
f 299//111 301//113 334//148
f 319//132 327//141 336//150
f 319//151 337//152 338//133
f 339//153 336//150 327//141
f 339//153 340//154 341//155
f 327//141 319//132 258//69
f 257//68 261//72 342//156
f 343//157 344//158 240//51
f 239//50 242//53 345//159
f 346//160 344//158 347//161
f 346//162 348//163 349//164
f 347//161 303//115 288//99
f 287//165 350//166 351//163
f 352//167 353//168 354//169
f 352//170 355//171 356//9
f 324//137 240//51 344//158
f 324//172 357//173 358//174
f 240//51 324//137 323//136
f 335//149 243//54 241//52
f 303//115 347//161 344//158
f 343//157 345//159 359//175
f 354//169 360//176 336//150
f 354//169 339//153 361//155
f 318//131 284//94 258//69
f 327//141 362//177 339//153
f 283//93 289//100 262//73
f 260//71 257//68 259//70
f 287//98 347//161 288//99
f 306//118 266//77 263//74
f 346//160 324//137 344//158
f 302//114 306//118 265//76
f 322//135 309//121 323//136
f 345//159 343//157 239//50
f 281//91 250//61 307//119
f 335//149 241//52 244//55
f 281//91 267//78 250//61
f 299//111 334//148 331//145
f 278//88 280//90 267//78
f 315//128 296//108 295//107
f 363//178 364//179 271//82
f 269//80 298//110 270//81
f 220//30 246//57 273//84
f 365//180 317//130 316//129
f 218//28 229//39 219//29
f 254//65 366//181 245//56
f 225//35 214//25 237//48
f 252//63 367//182 253//64
f 368//183 369//45 208//47
f 214//25 370//184 238//49
f 371//24 372//185 373//24
f 372//186 214//25 374//20
f 370//184 214//25 372//186
f 375//40 225//35 229//39
f 228//38 238//49 253//64
f 229//39 218//28 376//187
f 252//63 238//49 370//184
f 274//85 377//31 220//30
f 254//65 253//64 367//182
f 378//188 379//86 274//189
f 366//181 255//66 245//56
f 255//66 316//129 256//67
f 380//190 381//92 280//191
f 316//129 255//66 365//180
f 313//126 269//80 317//130
f 382//124 383//192 278//88
f 312//125 269//80 313//126
f 295//107 298//110 312//125
f 384//193 307//119 385//147
f 386//147 307//119 309//121
f 249//60 248//59 331//145
f 309//121 322//135 387//147
f 324//137 346//160 388//194
f 323//136 244//55 240//51
f 346//160 347//161 389//163
f 359//175 303//115 343//157
f 302//114 265//76 288//99
f 289//100 390//106 287//98
f 304//116 302//114 303//115
f 319//132 336//150 391//152
f 340//154 392//195 393//195
f 354//169 394//196 395//197
f 396//198 397//199 352//170
f 352//170 398//9 399//9
f 400//155 352//167 354//169
f 401//9 402//168 352//170
f 403//168 404//200 354//169
f 362//177 327//141 342//156
f 340//154 339//153 362//177
f 339//153 354//169 336//150
f 336//150 405//176 406//152
f 327//141 257//68 342//156
f 259//70 263//74 264//75
f 407//133 318//131 319//132
f 328//142 259//70 258//69
f 284//94 318//131 408//96
f 306//118 263//74 265//76
f 328//142 262//73 259//70
f 409//96 283//93 284//94
f 410//106 289//100 283//93
f 303//115 359//175 304//116
f 411//163 347//161 287//98
f 303//115 344//158 343//157
f 334//148 244//55 331//145
f 299//111 331//145 248//59
f 312//125 315//128 295//107
f 412//124 281//91 307//119
f 413//201 414//190 278//88
f 274//85 271//82 415//202
f 232//42 253//64 245//56
f 416//32 417//187 218//203
f 418//204 215//205 419//41
f 420//34 211//22 215//26
f 421//11 208//19 212//23
f 212//23 422//11 423//11
f 424//206 346//162 425//164
f 322//135 324//137 426//139
f 225//35 427//41 215//26
f 211//22 428//27 212//23
f 240//51 239//50 343//157
f 429//207 430//207 431//208
f 431//208 432//208 433//209
f 433//209 434//210 435//209
f 436//211 437//209 438//211
f 439//211 440//212 441//212
f 436//211 442//211 441//212
f 433//209 443//209 436//211
f 444//208 431//208 445//207
f 446//213 447//213 448//214
f 449//214 450//214 451//215
f 452//215 450//216 453//215
f 454//217 453//215 455//217
f 455//217 456//218 457//218
f 458//217 455//217 459//218
f 460//215 453//215 461//217
f 450//214 462//214 463//213
f 464//147 465//147 466//147
f 467//147 468//147 469//147
f 470//147 471//147 472//147
f 473//147 474//147 475//147
s 0
f 476//147 477//147 478//147
s 1
f 479//147 480//147 476//147
s 0
f 481//147 476//147 482//147
f 476//147 478//147 482//147
s 1
f 476//147 475//147 483//147
f 484//147 485//147 486//147
f 473//147 487//147 488//147
f 473//147 489//147 490//147
f 473//147 486//147 491//147
s 0
f 492//147 493//147 494//147
f 495//147 494//147 496//147
s 1
f 497//147 498//147 493//147
s 0
f 499//147 496//147 500//147
s 1
f 501//147 502//147 503//147
f 501//147 504//147 505//147
f 506//147 507//147 508//147
f 501//147 509//147 510//147
f 511//147 512//147 513//147
f 514//147 515//147 516//147
f 517//147 518//147 519//147
f 520//147 516//147 501//147
f 493//147 521//147 502//147
f 522//12 523//12 524//12
f 523//12 525//12 524//12
f 526//147 527//147 528//147
f 527//147 529//147 530//147
f 529//147 531//147 532//147
f 533//147 531//147 534//147
f 535//147 536//147 537//147
f 538//147 534//147 537//147
f 539//147 540//147 535//147
f 539//147 541//147 542//147
f 541//147 543//147 544//147
s 0
f 543//147 545//147 546//147
s 1
f 545//147 547//147 548//147
f 547//147 549//147 550//147
f 549//147 551//147 552//147
f 551//147 553//147 554//147
s 0
f 555//147 556//147 553//147
s 1
f 557//219 558//220 559//221
f 560//220 561//222 559//221
f 562//223 563//224 561//222
f 564//225 563//226 565//227
f 566//228 567//229 568//230
f 569//231 567//232 570//228
f 571//233 569//231 572//234
f 571//235 573//236 574//237
f 574//238 575//239 576//240
f 576//241 577//242 578//243
f 579//242 580//244 578//245
f 581//246 582//247 583//248
f 584//247 585//249 583//250
f 586//251 587//252 585//253
f 588//254 589//255 590//256
f 591//257 589//258 592//254
f 593//259 591//260 594//261
f 593//262 595//263 596//264
f 597//265 598//266 599//267
f 600//268 601//267 602//15
f 600//268 603//15 604//15
f 605//15 606//269 607//270
f 608//271 609//272 610//273
f 611//274 612//275 610//273
f 613//276 614//277 612//278
f 615//279 614//280 616//281
f 617//282 618//283 619//284
f 620//285 621//286 622//282
f 620//285 623//287 624//288
f 625//289 626//290 627//291
f 625//289 628//291 629//292
f 630//11 631//293 632//11
f 633//294 634//293 630//295
f 635//296 636//293 633//297
f 637//298 633//297 638//299
f 639//300 638//301 640//302
f 638//303 641//304 642//302
f 641//304 643//305 644//306
f 645//307 646//305 641//308
f 647//309 648//305 645//310
f 649//311 645//307 650//312
f 651//311 650//312 652//313
f 650//314 653//315 654//313
f 653//316 655//317 656//318
f 655//317 657//319 658//313
f 659//320 660//321 655//322
f 661//323 662//321 659//324
f 663//325 659//326 629//327
f 664//325 629//328 665//291
f 666//329 625//330 620//331
f 618//332 667//282 621//286
f 614//280 668//279 618//333
f 612//334 669//335 670//336
f 610//337 607//270 671//269
f 607//270 604//15 672//15
f 673//267 600//338 597//265
f 674//339 597//340 593//341
f 675//342 676//261 591//260
f 587//343 677//251 589//255
f 585//253 678//344 679//251
f 583//248 578//245 680//244
f 681//345 576//346 682//239
f 683//239 574//238 684//347
f 685//9 686//9 687//348
f 688//349 689//234 569//231
f 690//348 559//350 685//9
f 567//351 563//352 691//225
f 692//353 693//223 561//354
f 694//9 695//9 696//9
f 697//9 698//9 699//9
f 694//9 700//9 701//9
f 702//9 703//9 704//9
f 705//7 706//7 703//7
f 707//9 708//9 706//9
f 709//9 694//9 708//9
f 710//9 711//9 685//9
f 712//7 713//7 710//7
f 701//9 714//9 712//9
f 715//183 716//183 717//183
f 718//11 630//11 719//11
f 720//11 721//11 722//11
f 723//11 724//11 716//11
f 725//11 726//11 727//11
f 726//11 728//11 729//11
f 728//11 715//11 730//11
f 731//10 718//10 732//10
f 733//11 731//11 734//11
f 716//11 733//11 735//11
f 736//207 737//207 738//355
f 738//355 739//355 740//356
f 740//356 739//355 741//356
f 742//357 741//356 743//357
f 744//358 742//357 743//357
f 745//359 744//358 746//358
f 747//359 745//359 746//358
f 748//360 749//360 747//359
f 750//361 751//362 752//363
f 753//361 750//361 752//363
f 753//361 748//360 750//361
f 753//361 749//360 748//360
f 749//360 745//359 747//359
f 744//358 743//357 746//358
f 740//356 741//356 742//357
f 739//355 738//355 754//207
f 755//213 756//213 757//364
f 757//364 758//364 759//365
f 759//365 758//364 760//365
f 761//366 760//365 762//366
f 763//367 761//366 762//366
f 764//368 763//367 765//367
f 766//368 764//368 765//367
f 767//369 768//369 766//368
f 769//370 770//371 771//372
f 772//370 769//370 771//372
f 772//370 767//369 769//370
f 772//370 768//369 767//369
f 768//369 764//368 766//368
f 763//367 762//366 765//367
f 759//365 760//365 761//366
f 758//364 757//364 773//213
f 774//147 775//147 776//147
f 774//147 777//147 775//147
f 776//147 775//147 778//147
f 778//147 775//147 779//147
f 779//147 775//147 780//147
f 781//147 779//147 780//147
f 782//147 780//147 783//147
f 783//147 780//147 784//147
f 785//147 783//147 784//147
f 786//147 785//147 784//147
f 786//147 787//147 785//147
f 788//147 789//147 787//147
f 788//147 790//147 789//147
f 789//147 790//147 791//147
f 792//147 791//147 793//147
f 794//147 792//147 793//147
f 795//147 794//147 793//147
f 796//147 797//147 795//147
f 796//147 798//147 797//147
f 796//147 799//147 798//147
f 800//147 801//147 802//147
f 803//147 804//147 805//147
f 806//147 807//147 805//147
f 808//147 809//147 804//147
f 810//147 811//147 805//147
f 812//147 813//147 809//147
f 814//147 815//147 813//147
f 816//147 817//147 815//147
f 815//147 818//147 819//147
f 810//147 800//147 820//147
f 821//147 819//147 822//147
f 823//147 824//147 819//147
f 825//147 826//147 827//147
f 828//147 829//147 830//147
f 830//147 831//147 832//147
f 833//147 834//147 835//147
f 836//147 837//147 835//147
f 838//147 839//147 840//147
f 841//147 839//147 834//147
f 842//147 838//147 843//147
f 844//147 845//147 846//147
f 844//147 847//147 848//147
f 846//147 849//147 850//147
f 851//147 846//147 852//147
f 853//147 851//147 854//147
f 855//147 856//147 851//147
f 857//147 858//147 856//147
f 858//147 859//147 860//147
f 861//147 862//147 863//147
f 863//147 864//147 865//147
f 866//147 863//147 867//147
f 868//147 869//147 870//147
f 868//147 871//147 872//147
f 873//147 870//147 874//147
f 875//147 876//147 877//147
f 875//147 873//147 876//147
f 878//147 879//147 877//147
f 880//147 881//147 882//147
f 883//147 880//147 882//147
f 881//147 884//147 885//147
f 885//147 884//147 886//147
f 886//147 884//147 887//147
f 878//147 888//147 879//147
f 887//147 889//147 886//147
f 887//147 890//147 889//147
f 890//147 891//147 892//147
f 892//147 891//147 893//147
f 798//147 799//147 894//147
f 876//147 873//147 895//147
f 799//147 896//147 894//147
f 897//147 898//147 899//147
f 828//147 825//147 900//147
f 901//147 847//147 842//147
f 832//147 902//147 835//147
f 903//147 799//147 904//147
f 905//147 906//147 799//147
f 799//147 907//147 908//147
f 909//147 910//147 911//147
f 912//147 913//147 799//147
f 914//147 809//147 915//147
f 824//147 916//147 826//147
f 868//147 866//147 917//147
f 918//147 801//147 894//147
f 794//147 795//147 797//147
f 919//147 920//147 921//147
f 775//147 777//147 920//147
f 922//147 923//147 800//147
f 787//147 786//147 788//147
f 781//147 780//147 782//147
f 924//147 920//147 777//147
f 924//147 921//147 920//147
f 920//147 919//147 925//147
f 891//147 925//147 926//147
f 877//147 879//147 875//147
f 893//147 891//147 926//147
f 889//147 890//147 892//147
f 891//147 920//147 925//147
f 927//147 928//147 929//147
f 930//147 876//147 931//147
f 932//147 876//147 933//147
f 934//147 876//147 935//147
f 936//147 876//147 937//147
f 878//147 880//147 888//147
f 888//147 880//147 883//147
f 938//147 939//147 940//147
f 885//147 882//147 881//147
f 858//147 941//147 861//147
f 793//147 791//147 790//147
s 0
f 942//1 27//1 943//1
s 1
f 944//4 942//1 945//1
s 0
f 942//1 943//1 945//1
s 1
f 944//4 945//1 946//1
f 944//4 946//1 947//1
s 0
f 948//1 949//1 950//1
s 1
f 948//1 950//1 951//373
f 952//1 951//373 953//4
f 954//1 944//4 947//1
f 955//2 954//1 956//1
f 957//1 958//1 959//1
f 959//1 955//1 960//1
f 961//1 954//1 947//1
f 962//1 954//1 961//1
f 956//1 954//1 962//1
f 963//1 955//1 964//1
f 955//2 956//1 965//2
f 966//1 967//1 955//1
f 968//1 969//1 955//1
f 970//1 971//1 955//1
f 972//1 973//1 955//1
f 974//1 975//1 955//1
f 976//1 977//1 959//1
f 978//1 979//1 959//1
f 980//1 981//1 959//1
f 982//1 983//1 959//1
f 984//1 985//1 959//1
f 986//4 987//4 959//4
f 988//2 957//1 959//1
f 989//1 959//1 990//1
f 957//1 991//1 992//1
f 959//4 993//4 994//4
f 995//1 996//1 957//1
f 997//1 998//1 957//1
f 999//1 1000//1 957//1
f 1001//1 1002//1 957//1
f 1003//1 1004//1 957//1
f 1005//1 1006//1 957//1
f 1007//1 1008//1 957//1
f 1009//1 1010//1 957//1
f 1011//1 1012//1 957//1
f 1013//1 1012//1 1014//1
f 1012//4 1015//4 1016//4
f 1017//1 1018//1 1012//1
f 1012//3 1019//3 1020//3
f 1012//5 1021//5 1022//5
f 1023//1 1012//1 1024//1
f 1025//1 1026//1 1027//1
f 1012//2 1027//1 1028//1
f 1029//373 1027//1 1012//2
f 1027//1 1030//1 1028//1
f 1030//1 1031//1 1028//1
f 953//4 1028//1 1031//1
f 956//1 1032//1 1033//1
f 1034//1 1012//1 1035//1
f 951//373 1028//1 953//4
s 0
f 949//1 16//1 950//1
s 1
f 951//373 952//1 948//1
f 1036//1 1037//1 955//1
f 1038//374 1039//375 1040//376
f 1041//377 1042//378 1043//379
f 1044//380 1045//381 1041//382
f 1046//383 1047//384 1044//385
f 1048//386 1049//387 1050//388
f 1051//9 1052//389 1053//390
f 1054//9 1053//390 1055//391
f 1056//391 1057//392 1058//393
f 1059//394 1060//395 1061//396
f 1062//397 1063//398 1064//399
f 1063//398 1065//400 1066//399
f 1067//401 1068//402 1069//400
f 1070//403 1071//404 1072//405
f 1073//406 1074//407 1070//403
f 1075//408 1076//406 1077//409
f 1078//410 1079//411 1080//412
f 1081//413 1080//414 1082//415
f 1083//413 1082//415 1084//416
f 1085//417 1086//418 1087//419
f 1086//420 1088//421 1089//422
f 1088//421 1090//1 1091//423
f 1090//1 1092//1 1093//423
f 1094//424 1095//425 1090//426
f 1096//427 1097//428 1094//429
f 1098//430 1099//431 1096//427
f 1100//430 1096//432 1101//433
f 1102//434 1101//435 1103//436
f 1104//437 1103//436 1105//438
f 1106//439 1107//440 1108//441
f 1107//442 1109//443 1110//444
f 1109//443 1111//445 1112//446
f 1113//447 1114//448 1115//449
f 1116//450 1117//451 1113//452
f 1118//453 1119//454 1116//450
f 1120//453 1116//450 1121//455
f 1122//456 1121//457 1123//458
f 1124//459 1123//460 1125//461
f 1126//462 1127//463 1128//464
f 1129//465 1130//466 1131//467
f 1132//468 1133//469 1134//470
f 1135//471 1136//472 1137//12
f 1138//473 1139//472 1140//474
f 1141//475 1142//472 1143//476
f 1144//477 1145//478 1146//479
f 1147//477 1148//480 1149//481
f 1150//482 1151//483 1152//484
f 1153//483 1154//485 1155//484
f 1156//486 1157//487 1158//483
f 1159//487 1160//486 1161//467
f 1162//488 1163//489 1164//467
f 1165//468 1166//490 1167//469
f 1168//491 1169//490 1170//492
f 1171//493 1172//490 1173//491
f 1174//494 1175//495 1176//496
f 1177//494 1178//496 1179//497
f 1180//498 1181//499 1179//497
f 1182//499 1183//500 1179//497
f 1184//500 1185//501 1179//497
f 1186//502 1185//503 1187//504
f 1188//505 1185//503 1189//502
f 1188//506 1190//507 1191//508
f 1188//506 1192//509 1193//510
f 1188//506 1194//510 1128//511
f 1128//464 1195//463 1196//512
f 1197//463 1198//11 1196//513
f 1199//11 1200//514 1196//513
f 1201//515 1038//374 1202//516
f 1123//460 1196//513 1203//514
f 1204//517 1121//518 1205//519
f 1206//454 1207//451 1116//450
f 1113//520 1208//445 1109//521
f 1109//443 1209//522 1210//444
f 1103//523 1107//524 1211//439
f 1212//434 1103//436 1213//525
f 1214//430 1101//526 1215//527
f 1216//528 1217//428 1096//427
f 1218//428 1219//425 1094//424
f 1220//425 1221//1 1090//1
f 1088//421 1222//529 1223//422
f 1086//418 1224//530 1225//419
f 1082//531 1086//418 1226//417
f 1227//532 1080//412 1228//533
f 1229//411 1077//534 1080//535
f 1230//536 1070//537 1077//409
f 1070//403 1231//538 1067//539
f 1067//401 1232//400 1063//540
f 1060//541 1063//398 1233//397
f 1057//542 1060//543 1234//394
f 1053//544 1057//392 1235//391
f 1236//389 1050//388 1053//390
f 1237//545 1044//546 1050//547
f 1238//548 1239//381 1044//385
f 1240//549 1241//550 1242//551
f 1243//552 1244//553 1245//551
f 1246//554 1247//555 1248//550
f 1249//556 1250//555 1251//554
f 1252//557 1253//558 1254//559
f 1255//557 1256//560 1257//561
f 1258//560 1259//562 1260//563
f 1261//562 1262//564 1263//563
f 1264//12 1265//471 1266//12
f 1267//565 1268//516 1038//566
f 1269//12 1270//567 1271//12
f 1272//568 1273//567 1274//12
f 1275//569 1276//567 1277//568
f 1278//570 1279//571 1280//572
f 1281//573 1282//572 1283//574
f 1284//575 1285//576 1286//577
f 1287//578 1288//579 1289//580
f 1290//564 1291//581 1292//582
f 1041//377 1293//379 1038//583
f 1294//564 1295//562 1296//581
f 1297//9 1298//9 1299//9
f 1300//9 1301//9 1302//9
f 1303//8 1304//8 1305//8
f 1306//9 1307//9 1308//9
f 1309//9 1310//9 1311//9
f 1312//9 1313//9 1314//9
f 1315//9 1316//9 1317//9
f 1318//9 1319//9 1320//9
f 1321//9 1322//9 1323//9
f 1324//8 1325//8 1326//8
f 1327//584 1328//584 1329//584
f 1330//8 1331//8 1332//8
f 1333//9 1334//9 1335//9
f 1336//1 1337//1 1338//1
f 1339//1 1340//1 1341//1
f 1342//1 1343//1 1344//1
f 1345//1 1346//1 1347//1
f 1348//1 1349//1 1350//1
f 1351//183 1352//183 1353//183
f 1354//11 1355//11 1356//11
f 1357//11 1358//11 1359//11
f 1360//585 1361//585 1362//585
f 1363//11 1364//11 1365//11
f 1366//183 1367//183 1368//183
f 1369//11 1370//11 1371//11
f 1372//11 1373//11 1374//11
f 1375//10 1376//10 1377//10
f 1378//11 1379//11 1380//11
f 1381//10 1382//10 1383//10
f 1384//585 1385//585 1386//585
f 1387//11 1388//11 1389//11
f 1390//1 1391//1 1392//1
f 1393//1 1394//1 1395//1
f 1396//1 1397//1 1398//1
f 1399//1 1400//1 1401//1
f 1402//1 1403//1 1404//1
f 1405//15 1406//15 1407//15
f 1408//15 1409//15 1410//15
f 1411//15 1412//15 1413//15
f 1414//15 1415//15 1416//15
f 1417//15 1418//15 1419//15
f 1420//15 1421//15 1422//15
f 1423//15 1424//15 1425//15
f 1426//15 1427//15 1428//15
f 1429//15 1430//15 1431//15
f 1432//15 1433//15 1434//15
f 1435//15 1436//15 1437//15
f 1438//15 1439//15 1440//15
f 1441//15 1442//15 1443//15
f 1444//15 1445//15 1446//15
f 1447//15 1448//15 1449//15
f 1450//15 1451//15 1452//15
f 1453//15 1454//15 1455//15
f 1456//15 1457//15 1458//15
f 1459//15 1460//15 1461//15
f 1462//15 1463//15 1464//15
f 1465//15 1466//15 1467//15
f 1468//15 1469//15 1470//15
f 1471//15 1472//15 1473//15
f 1474//15 1475//15 1476//15
f 1477//15 1478//15 1479//15
f 1480//15 1481//15 1482//15
f 1483//15 1484//15 1485//15
f 1486//15 1487//15 1488//15
f 1489//15 1490//15 1491//15
f 1492//15 1493//15 1494//15
f 1495//15 1496//15 1497//15
f 1498//15 1499//15 1500//15
f 1501//15 1502//15 1503//15
f 1504//15 1505//15 1506//15
f 1507//15 1508//15 1509//15
f 1510//15 1511//15 1512//15
f 1513//15 1514//15 1515//15
f 1516//15 1517//15 1518//15
f 1519//15 1520//15 1521//15
f 1522//15 1523//15 1524//15
f 1525//15 1526//15 1527//15
f 1528//15 1529//15 1530//15
f 1531//15 1532//15 1533//15
f 1534//15 1535//15 1536//15
f 1537//15 1538//15 1539//15
f 1540//15 1541//15 1542//15
f 1543//15 1544//15 1545//15
f 1546//15 1547//15 1548//15
f 1549//15 1550//15 1551//15
f 1552//15 1553//15 1554//15
f 1555//15 1556//15 1557//15
f 1558//15 1559//15 1560//15
f 1561//15 1562//15 1563//15
f 1564//15 1565//15 1566//15
f 1567//15 1568//15 1569//15
f 1570//12 1571//12 1572//12
f 1570//12 1573//12 1574//12
f 1572//12 1575//12 1576//12
f 1576//12 1577//12 1578//12
f 1578//12 1579//12 1580//12
f 1581//13 1582//13 1578//13
f 1583//586 1584//586 1585//586
f 1583//14 1586//14 1587//14
f 1585//587 1588//587 1589//587
f 1589//12 1590//12 1591//12
f 1591//12 1592//12 1593//12
f 1594//588 1586//588 1582//588
f 1593//12 1595//12 1596//12
f 1596//12 1597//12 1598//12
f 1598//12 1599//12 1600//12
f 1600//12 1601//12 1602//12
f 1602//12 1603//12 1604//12
f 1605//12 1604//12 1606//12
f 1607//589 1608//589 1604//589
f 1609//587 1610//587 1608//587
f 1611//587 1612//587 1610//587
f 1613//12 1614//12 1612//12
f 1615//587 1616//587 1614//587
f 1617//587 1618//587 1619//587
f 1617//12 1620//12 1621//12
f 1619//586 1622//586 1623//586
f 1623//12 1624//12 1625//12
f 1625//12 1626//12 1627//12
f 1627//12 1628//12 1629//12
f 1629//12 1630//12 1631//12
f 1632//12 1629//12 1633//12
f 1634//12 1632//12 1635//12
f 1636//13 1620//13 1616//13
f 1637//12 1638//12 1639//12
f 1640//12 1638//12 1634//12
f 1641//590 1642//591 1643//592
f 1644//591 1645//593 1646//594
f 1647//595 1648//593 1649//591
f 1650//596 1651//593 1652//597
f 1653//596 1654//595 1655//598
f 1656//599 1657//600 1658//601
f 1659//602 1660//603 1661//604
f 1662//605 1663//606 1664//607
f 1665//608 1666//607 1667//609
f 1668//610 1669//609 1670//611
f 1671//612 1672//613 1673//614
f 1674//615 1675//616 1676//617
f 1677//617 1678//618 1679//619
f 1680//620 1681//621 1682//622
f 1683//623 1684//624 1685//620
f 1686//625 1687//626 1688//627
f 1689//628 1690//629 1691//630
f 1692//631 1693//632 1694//633
f 1695//634 1696//635 1697//632
f 1698//636 1699//637 1700//635
f 1701//638 1702//639 1703//640
f 1704//641 1705//642 1706//638
f 1707//643 1708//644 1709//645
f 1710//643 1711//646 1712//647
f 1713//648 1714//649 1715//650
f 1716//651 1717//652 1718//653
f 1719//654 1720//655 1721//656
f 1722//655 1723//657 1724//656
f 1725//658 1726//657 1727//659
f 1728//660 1729//661 1730//658
f 1731//662 1732//661 1733//660
f 1734//662 1735//660 1736//663
f 1737//664 1738//665 1739//663
f 1740//666 1741//667 1742//668
f 1743//667 1744//669 1745//668
f 1746//670 1747//671 1748//669
f 1749//672 1750//673 1751//668
f 1752//674 1753//666 1754//672
f 1755//665 1756//675 1757//663
f 1758//658 1759//661 1760//657
f 1761//676 1762//654 1763//656
f 1764//643 1765//647 1766//648
f 1767//641 1768//677 1769//646
f 1770//642 1771//637 1772//638
f 1773//636 1774//678 1775//634
f 1776//679 1777//680 1778//681
f 1779//682 1780//632 1781//683
f 1782//684 1783//685 1784//686
f 1785//684 1786//687 1787//688
f 1788//684 1789//625 1790//689
f 1791//689 1792//626 1793//622
f 1794//626 1795//620 1796//622
f 1797//623 1798//690 1799//624
f 1800//691 1801//692 1802//594
f 1803//618 1804//624 1805//619
f 1806//616 1807//618 1808//617
f 1809//611 1810//693 1811//615
f 1812//694 1813//613 1814//612
f 1815//695 1816//609 1817//610
f 1818//696 1819//697 1820//695
f 1821//698 1822//699 1823//664
f 1824//700 1825//604 1826//603
f 1827//667 1828//670 1829//669
f 1830//605 1831//700 1832//701
f 1833//664 1834//663 1835//674
f 1836//701 1837//700 1838//603
f 1839//702 1840//685 1841//683
f 1842//601 1843//598 1844//603
f 1845//703 1846//703 1847//1
f 1848//430 1849//428 1850//428
f 1851//525 1852//430 1853//430
f 1854//525 1855//430 1856//525
f 1857//704 1858//705 1859//704
f 1860//704 1861//704 1862//706
f 1863//449 1864//449 1865//454
f 1866//449 1867//454 1868//454
f 1869//11 1870//11 1871//459
f 1872//11 1873//459 1874//459
f 1875//456 1876//707 1877//456
f 1878//707 1879//707 1880//456
f 1881//706 1882//704 1883//706
f 1884//704 1885//705 1886//705
f 1887//428 1888//708 1889//430
f 1890//1 1891//703 1892//1
f 1893//393 1894//393 1895//9
f 1896//709 1897//394 1898//394
f 1899//710 1900//399 1901//399
f 1902//710 1903//399 1904//710
f 1905//406 1906//405 1907//406
f 1908//406 1909//406 1910//711
f 1911//532 1912//532 1913//417
f 1914//532 1915//417 1916//417
f 1917//712 1918//1 1919//1
f 1920//712 1921//1 1922//712
f 1923//422 1924//422 1925//713
f 1926//422 1927//713 1928//713
f 1929//711 1930//711 1931//406
f 1932//538 1933//406 1934//405
f 1935//394 1936//709 1937//709
f 1938//393 1939//9 1940//9
f 752//363 751//362 1941//714
f 1942//714 751//715 1943//714
f 1944//716 524//12 525//12
f 1945//716 525//12 1946//716
f 1947//12 1948//12 1949//717
f 1950//717 1951//12 1952//717
f 1953//718 1954//717 1955//717
f 1956//719 1957//719 1958//717
f 1959//719 1960//720 1961//719
f 1962//720 1963//721 456//721
f 1964//720 1965//720 456//721
f 1966//720 1967//719 1968//720
f 441//722 1969//722 1970//723
f 1971//723 1972//722 1973//723
f 1974//724 1975//723 1976//723
f 1977//724 1978//724 1979//723
f 1980//725 1981//12 1982//12
f 1983//725 1984//725 1985//12
f 1986//725 1987//726 1988//725
f 1989//724 1990//724 1991//725
f 523//12 522//12 1992//727
f 1993//727 522//12 1994//727
f 1995//728 771//372 770//371
f 1996//728 770//371 1997//728
s 0
f 1998//12 1999//12 2000//12
f 2001//12 2002//12 1999//12
s 1
f 2003//12 2004//12 2002//12
s 0
f 2005//12 2006//12 2007//12
s 1
f 2008//12 2009//12 2005//12
f 2010//12 2011//588 23//2
f 2010//12 2012//12 2011//588
f 2012//12 2013//12 2014//588
f 2013//12 2015//588 2016//13
f 2017//12 2018//12 2019//12
f 2016//13 2015//588 2020//12
f 2021//588 2022//12 2017//12
f 2023//588 2024//12 2021//588
f 2025//12 2023//588 2026//12
f 2027//12 2025//12 2026//12
f 2028//588 2029//13 2030//588
f 2031//588 2032//13 2027//12
f 2033//588 2034//12 2035//13
f 2036//588 2037//588 2038//588
f 2034//12 2039//12 2040//13
f 2041//12 2002//12 2042//12
f 2043//12 2004//12 2044//12
f 2038//12 2045//12 2046//12
f 2047//12 2045//12 2004//12
f 2037//12 39//2 2048//12
f 2048//12 39//2 2049//12
f 2049//12 39//2 2050//13
f 2039//12 2049//12 2050//13
f 2040//13 2039//12 2050//13
f 2035//13 2034//12 2040//13
f 2029//13 2033//588 2035//13
f 2029//13 2028//588 2033//588
f 2028//588 2030//588 2051//588
f 2051//588 2030//588 2052//588
f 2031//588 2051//588 2052//588
f 2032//13 2031//588 2052//588
f 2022//12 2021//588 2024//12
f 2025//12 2024//12 2023//588
f 2018//12 2017//12 2022//12
f 2020//12 2019//12 2018//12
f 2020//12 2015//588 2019//12
f 2014//588 2013//12 2016//13
f 2011//588 2012//12 2014//588
f 2053//12 23//2 2054//12
f 2054//12 23//2 2055//12
f 2056//12 2057//12 2054//12
f 2025//12 2027//12 2032//13
f 2058//12 2008//12 2059//12
f 2060//12 2061//12 2008//12
f 2062//12 39//2 2037//12
s 0
f 2063//12 2007//12 2064//12
s 1
f 2065//12 2066//12 2005//12
f 2057//588 2067//588 2059//588
f 2053//12 2010//12 23//2
s 0
f 2068//12 2069//12 2070//12
s 1
f 2071//12 2072//12 2073//12
f 2074//12 2075//12 2076//12
f 2077//12 2076//12 2078//12
s 0
f 2078//12 2079//12 2080//12
f 2078//12 2081//12 2082//12
s 1
f 2083//12 2084//12 2085//12
f 2086//12 2076//12 2087//12
f 2088//12 2089//12 2083//12
f 2083//12 2090//12 2091//12
f 2091//12 2092//12 2093//12
f 2093//12 2094//12 2095//12
f 2096//12 2093//12 2097//12
f 2098//12 2099//12 2096//12
f 2096//588 2100//587 2101//12
f 2102//588 2103//588 2104//587
f 2105//588 2102//588 2104//587
f 2103//588 2106//588 2107//12
f 2106//588 2108//586 2109//587
f 2110//13 2109//587 2108//586
f 2111//588 2110//13 2108//586
f 2112//13 2113//12 2114//12
f 2112//13 2115//13 2113//12
f 2116//12 2114//12 2117//13
f 2116//12 2112//13 2114//12
f 2117//13 2118//12 2119//13
f 2117//13 2114//12 2118//12
f 2119//13 2120//12 2121//12
f 2119//13 2118//12 2120//12
f 2121//12 2122//588 2123//12
f 2121//12 2120//12 2122//588
f 2123//12 2124//588 2125//13
f 2123//12 2122//588 2124//588
f 2125//13 2126//588 2127//12
f 2125//13 2124//588 2126//588
f 2127//12 2128//588 2129//12
f 2127//12 2126//588 2128//588
f 2129//12 2130//13 2131//13
f 2129//12 2128//588 2130//13
f 2132//12 2131//12 2133//12
f 2134//12 2135//12 2136//12
f 2137//12 2138//12 2139//12
f 2140//12 2131//13 2130//13
s 0
f 2141//12 2069//12 2142//12
s 1
f 2105//588 2101//12 2102//588
f 2143//588 2138//588 2131//588
f 2144//588 2145//588 2146//588
f 2134//12 2147//12 2072//12
f 2148//12 2149//12 2145//12
f 2146//12 2138//12 2150//12
f 2145//12 2151//12 2135//12
f 2152//12 2069//12 2072//12
f 2111//588 2113//12 2115//13
f 2107//12 2106//588 2109//587
f 2104//587 2103//588 2107//12
f 2101//12 2105//588 2096//588
f 2088//12 2086//12 2153//12
f 2111//588 2115//13 2110//13
f 2154//193 2155//193 2156//147
f 2157//124 2158//193 2154//193
f 2159//729 2160//730 2157//730
f 2161//729 2162//730 2159//729
f 2163//190 2164//201 2165//190
f 2166//190 2165//190 2167//92
f 2168//92 2167//92 2169//202
f 2170//92 2169//202 2171//202
f 2172//188 2173//86 2174//86
f 2173//86 2175//87 2176//86
f 2175//731 2177//32 2178//731
f 2177//32 2179//32 2180//731
f 2181//187 2182//187 2183//32
f 2184//40 2185//44 2181//44
f 2186//41 2187//40 2184//40
f 2188//27 2189//27 2190//11
f 2191//34 2189//27 2192//27
f 2193//34 2189//27 2194//34
f 2195//37 2196//36 2193//37
f 2197//36 2198//36 2193//37
f 2199//41 2198//732 2200//732
f 2186//41 2198//204 2201//41
f 2186//41 2202//41 2203//40
f 2184//40 2204//40 2205//44
f 2177//32 2181//187 2206//32
f 2207//86 2175//87 2208//87
f 2209//188 2169//188 2173//86
f 2210//92 2211//190 2167//92
f 2212//193 2213//147 2156//147
f 2214//147 2215//733 2156//147
f 2216//146 2215//733 2217//734
f 2218//735 2215//733 2219//146
f 2218//736 2220//146 2221//139
f 2218//736 2222//139 2223//737
f 2224//738 2225//173 2223//739
f 2226//173 2227//173 2223//739
f 2228//740 2227//194 2229//194
f 2228//740 2230//206 2231//164
f 2228//740 2232//164 2233//741
f 2234//164 2235//163 2233//742
f 2236//163 2237//743 2233//742
f 2238//166 2237//744 2239//745
f 2240//166 2237//744 2241//166
f 2240//103 2242//103 2243//746
f 2244//103 2245//106 2243//747
f 2246//106 2247//748 2248//749
f 2249//750 2250//96 2251//751
f 2252//96 2253//752 2254//96
f 2255//144 2253//752 2256//753
f 2257//133 2258//754 2259//134
f 2260//755 2261//756 2262//757
f 2263//152 2261//756 2264//152
f 2265//758 2266//759 2267//760
f 2268//761 2269//197 2270//762
f 2268//763 2271//764 2272//765
f 2272//766 2273//168 2274//168
f 2275//168 694//9 2276//767
f 694//9 2277//768 2276//767
f 2278//348 2279//769 2277//770
f 2280//771 2281//771 2279//769
f 2282//772 2281//353 2283//353
f 2284//773 2282//772 2285//227
f 2286//774 2284//775 2287//225
f 2286//776 2288//777 2289//228
f 2290//228 2291//228 2292//778
f 2292//778 2293//236 2294//779
f 2294//780 2295//239 2296//781
f 2297//782 2298//783 2296//784
f 2299//783 2300//785 2301//783
f 2302//244 2303//786 2300//785
f 2304//787 2303//788 2305//244
f 2306//251 2307//789 2308//790
f 2309//791 2310//251 2311//251
f 2309//792 2312//793 2313//254
f 2314//794 2315//254 2316//261
f 2317//335 2318//336 2319//795
f 2320//796 2321//797 2322//797
f 2323//798 2324//797 2320//799
f 716//11 2325//27 2190//11
f 2159//192 2165//190 2326//192
f 2190//11 2327//800 716//11
f 2327//800 2328//293 716//11
f 2329//801 2330//293 2327//802
f 2331//298 2332//293 2329//803
f 2333//298 2329//804 2334//805
f 2335//300 2334//805 2336//302
f 2334//805 2337//302 2338//302
f 2337//806 2339//807 2340//806
f 2339//807 2341//808 2342//306
f 2343//809 2344//305 2339//807
f 2345//311 2346//305 2343//809
f 2347//311 2343//810 2348//811
f 2349//311 2348//811 2350//812
f 2348//811 2322//313 2351//313
f 2320//796 2352//813 2353//321
f 2352//814 2354//323 2355//321
f 2356//815 2357//816 2352//817
f 2358//818 2359//816 2356//819
f 2360//291 2356//819 2361//291
f 2362//291 2361//291 2363//820
f 2364//291 2363//820 2365//290
f 2363//820 2366//821 2367//288
f 2366//821 2368//282 2369//288
f 2370//822 2371//282 2366//823
f 2372//824 2373//282 2370//822
f 2374//279 2370//822 2375//279
f 2376//279 2375//279 2377//825
f 2378//279 2377//826 2379//281
f 2377//827 2319//828 2380//829
f 2319//830 2381//831 2382//272
f 2381//831 2383//832 2384//272
f 2385//269 2386//269 2381//831
f 2387//833 2388//269 2385//269
f 2389//834 2390//269 2387//833
f 2391//15 2387//835 2392//836
f 2393//15 2392//836 2394//267
f 2392//837 2395//838 2396//267
f 2395//838 2397//266 2398//267
f 2399//839 2400//839 2395//840
f 2401//841 2402//264 2399//264
f 2403//263 2404//264 2401//841
f 2405//842 2401//843 2314//844
f 2314//845 2309//791 2406//254
f 2407//251 2310//251 2307//789
f 2408//846 2307//847 2303//788
f 2409//848 2410//244 2300//785
f 2296//784 2411//783 2301//783
f 2294//780 2412//234 2413//239
f 2292//778 2414//849 2415//236
f 2290//228 2286//776 2416//228
f 2417//225 2284//850 2418//227
f 2419//223 2282//851 2420//852
f 2421//853 2422//220 2279//769
f 694//9 2423//348 2277//768
f 2274//168 2424//168 2276//767
f 2272//766 2425//854 2426//855
f 2268//856 2265//758 2427//176
f 2265//857 2263//152 2428//152
f 2429//133 2261//858 2258//859
f 2430//860 2258//861 2253//752
f 2251//751 2431//96 2254//862
f 2248//863 2432//864 2251//865
f 2157//124 2433//124 2434//193
f 2248//866 2243//746 2435//106
f 2436//267 2437//15 2438//15
f 2439//839 2436//267 2440//867
f 2441//868 2439//839 2442//867
f 2443//869 2444//261 2445//868
f 2446//869 2447//254 2444//261
f 2448//870 2449//251 2447//254
f 2450//871 2451//872 2449//251
f 2452//873 2453//874 2454//787
f 2454//247 2455//874 2456//244
f 2456//244 2457//875 2458//783
f 2458//345 2459//875 2460//876
f 2461//239 2462//876 2463//877
f 2464//234 2461//239 2465//877
f 2466//878 2464//234 2467//877
f 2468//879 2469//228 2470//880
f 2471//881 2472//9 2473//348
f 2474//882 2475//883 2473//348
f 2473//348 2476//220 2477//882
f 2478//882 2476//353 2479//884
f 2480//885 2476//220 2481//227
f 2482//886 2483//887 2481//888
f 2484//225 2485//889 2481//227
f 2484//225 2486//879 2487//889
f 2484//225 2469//228 2488//879
f 2469//228 2464//234 2489//890
f 2458//783 2490//876 2461//239
f 2491//891 2492//875 2456//244
f 2493//873 2454//247 2449//251
f 2494//892 2436//267 2495//15
f 2496//15 2437//15 2497//893
f 2498//894 2499//15 2497//893
f 2500//895 2501//894 2497//893
f 2500//896 2502//897 2503//894
f 2500//898 2504//899 2505//897
f 2506//897 2504//899 2507//276
f 2508//900 2509//897 2507//276
f 2510//901 2511//902 2507//829
f 2510//901 2512//903 2513//902
f 2510//901 2514//904 2515//905
f 2516//906 2514//907 2517//908
f 2518//909 2514//907 2519//910
f 2520//290 2521//909 2519//911
f 2520//290 2522//912 2523//909
f 2520//288 2524//913 2525//912
f 2526//912 2524//914 2527//915
f 2528//915 2529//916 2530//917
f 2531//918 2530//919 2532//321
f 2533//920 2534//918 2532//321
f 2535//921 2536//920 2537//922
f 2538//923 2539//921 2540//924
f 2538//923 2541//925 2542//926
f 2543//305 2544//927 2545//925
f 2546//928 2547//929 2548//930
f 2546//931 2549//932 2550//929
f 2549//933 2551//934 2552//935
f 2551//934 2553//293 2554//936
f 2555//937 2556//938 2557//11
f 2558//11 2556//938 2559//939
f 2560//940 2559//939 2561//941
f 2562//942 2561//943 2563//34
f 2564//944 2565//942 2563//37
f 2566//945 2567//946 2564//947
f 2568//948 2569//949 2566//950
f 2570//40 2571//951 2568//948
f 2570//40 2572//952 2573//953
f 2574//954 2575//955 2576//952
f 2575//955 2577//956 2578//957
f 2579//957 2577//956 2580//958
f 2581//958 2582//31 2583//959
f 2584//959 2585//960 2586//961
f 2587//962 2588//959 2586//961
f 2589//963 2590//962 2591//964
f 2592//965 2593//963 2594//92
f 2595//966 2596//965 2594//92
f 2597//967 2598//968 2599//969
f 2600//970 2601//971 2602//972
f 2603//973 2604//974 2605//134
f 2606//9 2472//9 2607//881
f 2447//254 2608//975 2609//870
f 2472//9 2610//9 2611//976
f 2611//976 2612//9 2613//977
f 2614//978 2611//976 2615//977
f 2616//979 2614//980 2617//977
f 2618//979 2619//981 2614//980
f 2620//979 2621//982 2619//981
f 2619//981 2622//982 2623//176
f 2623//760 2624//983 2625//984
f 2625//984 2626//983 2627//985
f 2628//986 2625//984 2629//985
f 2630//987 2628//988 2631//985
f 2632//987 2633//989 2628//986
f 2634//990 2635//991 2633//989
f 2633//989 2636//991 2605//860
f 2605//860 2637//991 2638//973
f 2604//992 2639//973 2640//993
f 2640//994 2641//973 2642//995
f 2643//996 2640//993 2644//995
f 2645//997 2643//998 2646//995
f 2647//997 2648//106 2643//998
f 2649//997 2650//999 2648//106
f 2648//106 2651//999 2652//1000
f 2652//1001 2653//999 2654//1002
f 2654//1002 2655//999 2656//1003
f 2657//115 2654//1002 2658//1003
f 2659//1004 2657//1005 2660//1003
f 2661//1006 2662//164 2657//115
f 2663//1006 2601//971 2662//164
f 2664//1007 2665//972 2601//971
f 2666//972 2667//1008 2600//970
f 2600//1009 2668//1008 2669//1010
f 2669//1011 2670//1008 2671//1012
f 2672//146 2669//1010 2673//1013
f 2674//1014 2672//146 2675//1012
f 2676//147 2674//1014 2677//1012
f 2678//147 2679//1015 2674//1014
f 2680//147 2681//1016 2679//1015
f 2679//1015 2682//1016 2683//1017
f 2683//1017 2684//1018 2685//1019
f 2686//124 2683//1017 2687//1019
f 2688//1020 2686//730 2689//1019
f 2690//968 2688//1020 2691//1019
f 2692//968 2597//967 2688//1020
f 2597//967 2693//1021 2595//966
f 2694//963 2591//964 2594//92
f 2695//962 2586//961 2591//964
f 2582//731 2585//960 2696//959
f 2577//956 2582//87 2697//958
f 2575//955 2698//957 2699//952
f 2574//954 2700//952 2570//40
f 2701//951 2702//949 2568//1022
f 2703//949 2704//946 2566//1023
f 2705//1024 2706//942 2564//944
f 2707//1025 2561//941 2708//942
f 2709//11 2559//1026 2710//940
f 2553//293 2556//938 2711//937
f 2551//934 2712//936 2713//935
f 2549//933 2714//935 2715//1027
f 2546//928 2716//930 2543//305
f 2543//305 2717//925 2538//923
f 2718//921 2537//922 2540//924
f 2719//920 2532//321 2537//922
f 2720//915 2530//919 2721//918
f 2444//261 2439//839 2722//868
f 2529//1028 2723//915 2524//914
f 2724//1 2725//1 2726//1
f 2727//1 2728//1 2729//1
f 2730//1029 2731//1029 2732//1029
f 2733//1 2734//1 2735//1
f 2736//1 2737//1 2738//1
f 2739//1 2740//1 2741//1
f 2742//1 2743//1 2744//1
f 2745//3 2746//3 2747//3
f 2748//373 2749//373 2750//373
f 2751//1 2752//1 2753//1
f 2754//3 2755//3 2756//3
f 2757//1 2758//1 2759//1
f 2760//1 2761//1 2762//1
f 2763//1029 2764//1029 2765//1029
f 2766//1 2767//1 2768//1
f 2769//2 2770//2 2771//2
f 2772//1 2773//1 2774//1
f 2775//1 2776//1 2777//1
f 2778//1 2779//1 2780//1
f 2781//1 2782//1 2783//1
f 2784//1 2785//1 2786//1
f 2787//1 2788//1 2789//1
f 2790//1 2791//1 2792//1
f 2793//1 2794//1 2795//1
f 2796//373 2797//373 2798//373
f 2799//1 2800//1 2801//1
f 2802//1 2803//1 2804//1
f 2805//373 2806//373 2807//373
f 2808//1 2809//1 2810//1
f 2811//1 2812//1 2813//1
f 2814//1 2815//1 2816//1
f 2817//4 2818//4 2819//4
f 2820//1 2821//1 2822//1
f 2823//3 2824//3 2825//3
f 2826//1 2827//1 2828//1
f 2829//2 2830//2 2831//2
f 2832//1 2833//1 2834//1
f 2835//1 2836//1 2837//1
f 2838//1 2839//1 2840//1
f 2841//1 2842//1 2843//1
f 2844//1 2845//1 2846//1
f 2847//1 2848//1 2849//1
f 2850//1 2851//1 2852//1
f 2853//1 2854//1 2855//1
f 2856//1 2857//1 2858//1
f 2859//4 2860//4 2861//4
f 2862//1 2863//1 2864//1
f 2865//1 2866//1 2867//1
f 2868//1 2869//1 2870//1
f 2871//373 2872//373 2873//373
f 2874//373 2875//373 2876//373
f 2877//1 2878//1 2879//1
f 2880//1 2881//1 2882//1
f 2883//1 2884//1 2885//1
f 2886//1 2887//1 2888//1
f 2889//1 2890//1 2891//1
f 2892//1 2893//1 2894//1
f 2895//3 2896//3 2897//3
f 2898//373 2899//373 2900//373
f 2901//1 2902//1 2903//1
f 2904//1 2905//1 2906//1
f 2907//4 2908//4 2909//4
f 2910//1 2911//1 2912//1
f 2913//1 2914//1 2915//1
f 2916//1 2917//1 2918//1
f 2919//373 2920//373 2921//373
f 2922//1 2923//1 2924//1
f 2925//1 2926//1 2927//1
f 2928//1 2929//1 2930//1
f 2931//1 2932//1 2933//1
f 2934//1 2935//1 2936//1
f 2937//1 2938//1 2939//1
f 2940//1 2941//1 2942//1
f 2943//1 2944//1 2945//1
f 2946//1 2947//1 2948//1
f 2949//1 2950//1 2951//1
f 2952//1 2953//1 2954//1
f 2955//2 2956//2 2957//2
f 2958//373 2959//373 2960//373
f 2961//1 2962//1 2963//1
f 2964//2 2965//2 2966//2
f 2967//2 2968//2 2969//2
f 2970//2 2971//2 2972//2
f 2973//1 2974//1 2975//1
f 2976//373 2977//373 2978//373
f 2979//1 2980//1 2981//1
f 2982//1 2983//1 2984//1
f 2985//1029 2986//1029 2987//1029
f 2988//3 2989//3 2990//3
f 2991//1 2992//1 2993//1
f 2994//373 2995//373 2996//373
f 2997//4 2998//4 2999//4
f 3000//1 3001//1 3002//1
f 3003//1 3004//1 3005//1
f 3006//1 3007//1 3008//1
f 3009//1 3010//1 3011//1
f 3012//1 3013//1 3014//1
f 3015//1 3016//1 3017//1
f 3018//2 3019//2 3020//2
f 3021//1 3022//1 3023//1
f 3024//1 3025//1 3026//1
f 3027//1 3028//1 3029//1
f 3030//1 3031//1 3032//1
f 3033//1 3034//1 3035//1
f 3036//1 3037//1 3038//1
f 3039//1 3040//1 3041//1
f 3042//1 3043//1 3044//1
f 3045//4 3046//4 3047//4
f 3048//1 3049//1 3050//1
f 3051//3 3052//3 3053//3
f 3054//1 3055//1 3056//1
f 3057//373 3058//373 3059//373
f 3060//1 3061//1 3062//1
f 3063//1 3064//1 3065//1
f 3066//1 3067//1 3068//1
f 3069//1 3070//1 3071//1
f 3072//1 3073//1 3074//1
f 3075//1 3076//1 3077//1
f 3078//1 3079//1 3080//1
f 3081//2 3082//2 3083//2
f 3084//1 3085//1 3086//1
f 3087//1 3088//1 3089//1
f 3090//1 3091//1 3092//1
f 3093//3 3094//3 3095//3
f 3096//373 3097//373 3098//373
f 3099//1 3100//1 3101//1
f 3102//373 3103//373 3104//373
f 3105//1 3106//1 3107//1
f 3108//1 3109//1 3110//1
f 3111//1 3112//1 3113//1
f 3114//3 3115//3 3116//3
f 3117//1 3118//1 3119//1
f 3120//3 3121//3 3122//3
f 3123//1 3124//1 3125//1
f 3126//1 3127//1 3128//1
f 3129//1 3130//1 3131//1
f 3132//1 3133//1 3134//1
f 3135//4 3136//4 3137//4
f 3138//1 3139//1 3140//1
f 3141//1 3142//1 3143//1
f 3144//1 3145//1 3146//1
f 3147//1 3148//1 3149//1
f 3150//1 3151//1 3152//1
f 3153//4 3154//4 3155//4
f 3156//1 3157//1 3158//1
f 3159//1 3160//1 3161//1
f 3162//1 3163//1 3164//1
f 3165//4 3166//4 3167//4
f 3168//1 3169//1 3170//1
f 3171//1 3172//1 3173//1
f 3174//1 3175//1 3176//1
f 3177//2 3178//2 3179//2
f 3180//2 3181//2 3182//2
f 3183//1 3184//1 3185//1
f 3186//1 3187//1 3188//1
f 3189//373 3190//373 3191//373
f 3192//1 3193//1 3194//1
f 3195//373 3196//373 3197//373
f 3198//373 3199//373 3200//373
f 3201//1 3202//1 3203//1
