# Blender 4.4.3
# www.blender.org
mtllib Mesh_19.001.mtl
o Mesh_19.001
v 0.013738 0.021351 -0.014206
v 0.013745 0.021351 -0.014206
v 0.013738 0.021351 -0.014214
v 0.013731 0.021350 -0.014206
v 0.013724 0.021348 -0.014206
v 0.013731 0.021350 -0.014214
v 0.013724 0.021348 -0.014214
v 0.013718 0.021346 -0.014214
v 0.013718 0.021346 -0.014206
v 0.013712 0.021343 -0.014206
v 0.013712 0.021343 -0.014214
v 0.013706 0.021339 -0.014206
v 0.013706 0.021339 -0.014214
v 0.013700 0.021335 -0.014214
v 0.013700 0.021335 -0.014206
v 0.013695 0.021331 -0.014206
v 0.013695 0.021331 -0.014214
v 0.013691 0.021326 -0.014206
v 0.013691 0.021326 -0.014214
v 0.013686 0.021320 -0.014206
v 0.013686 0.021320 -0.014214
v 0.013683 0.021314 -0.014206
v 0.013683 0.021314 -0.014214
v 0.013680 0.021308 -0.014206
v 0.013680 0.021308 -0.014214
v 0.013678 0.021301 -0.014214
v 0.013678 0.021301 -0.014206
v 0.013676 0.021295 -0.014214
v 0.013676 0.021295 -0.014206
v 0.013675 0.021288 -0.014214
v 0.013675 0.021288 -0.014206
v 0.013675 0.021281 -0.014214
v 0.013675 0.021281 -0.014206
v 0.013675 0.021274 -0.014214
v 0.013675 0.021274 -0.014206
v 0.013676 0.021267 -0.014214
v 0.013678 0.021261 -0.014206
v 0.013676 0.021267 -0.014206
v 0.013678 0.021261 -0.014214
v 0.013680 0.021254 -0.014206
v 0.013680 0.021254 -0.014214
v 0.013683 0.021248 -0.014206
v 0.013683 0.021248 -0.014214
v 0.013686 0.021242 -0.014206
v 0.013695 0.021232 -0.014206
v 0.013691 0.021237 -0.014214
v 0.013695 0.021232 -0.014214
v 0.013700 0.021227 -0.014206
v 0.013700 0.021227 -0.014214
v 0.013706 0.021223 -0.014206
v 0.013706 0.021223 -0.014214
v 0.013712 0.021219 -0.014206
v 0.013712 0.021219 -0.014214
v 0.013718 0.021216 -0.014206
v 0.013718 0.021216 -0.014214
v 0.013724 0.021214 -0.014206
v 0.013724 0.021214 -0.014214
v 0.013731 0.021212 -0.014206
v 0.013731 0.021212 -0.014214
v 0.013738 0.021211 -0.014206
v 0.013738 0.021211 -0.014214
v 0.013745 0.021211 -0.014206
v 0.013745 0.021211 -0.014214
v 0.013686 0.021242 -0.014214
v 0.013691 0.021237 -0.014206
v 0.013751 0.021211 -0.014214
v 0.013751 0.021211 -0.014206
v 0.013758 0.021212 -0.014214
v 0.013758 0.021212 -0.014206
v 0.013765 0.021214 -0.014214
v 0.013765 0.021214 -0.014206
v 0.013771 0.021216 -0.014214
v 0.013771 0.021216 -0.014206
v 0.013778 0.021219 -0.014214
v 0.013778 0.021219 -0.014206
v 0.013784 0.021223 -0.014214
v 0.013784 0.021223 -0.014206
v 0.013789 0.021227 -0.014214
v 0.013789 0.021227 -0.014206
v 0.013794 0.021232 -0.014214
v 0.013794 0.021232 -0.014206
v 0.013799 0.021237 -0.014214
v 0.013799 0.021237 -0.014206
v 0.013803 0.021242 -0.014214
v 0.013803 0.021242 -0.014206
v 0.013806 0.021248 -0.014214
v 0.013806 0.021248 -0.014206
v 0.013809 0.021254 -0.014206
v 0.013809 0.021254 -0.014214
v 0.013812 0.021261 -0.014206
v 0.013812 0.021261 -0.014214
v 0.013813 0.021267 -0.014206
v 0.013813 0.021267 -0.014214
v 0.013814 0.021274 -0.014206
v 0.013814 0.021274 -0.014214
v 0.013815 0.021281 -0.014206
v 0.013815 0.021281 -0.014214
v 0.013814 0.021288 -0.014206
v 0.013814 0.021288 -0.014214
v 0.013813 0.021295 -0.014206
v 0.013813 0.021295 -0.014214
v 0.013812 0.021301 -0.014214
v 0.013812 0.021301 -0.014206
v 0.013809 0.021308 -0.014214
v 0.013809 0.021308 -0.014206
v 0.013806 0.021314 -0.014214
v 0.013806 0.021314 -0.014206
v 0.013803 0.021320 -0.014214
v 0.013803 0.021320 -0.014206
v 0.013799 0.021326 -0.014214
v 0.013799 0.021326 -0.014206
v 0.013794 0.021331 -0.014214
v 0.013794 0.021331 -0.014206
v 0.013789 0.021335 -0.014206
v 0.013789 0.021335 -0.014214
v 0.013784 0.021339 -0.014206
v 0.013784 0.021339 -0.014214
v 0.013778 0.021343 -0.014206
v 0.013778 0.021343 -0.014214
v 0.013771 0.021346 -0.014206
v 0.013771 0.021346 -0.014214
v 0.013765 0.021348 -0.014206
v 0.013745 0.021351 -0.014214
v 0.013751 0.021351 -0.014214
v 0.013751 0.021351 -0.014206
v 0.013758 0.021350 -0.014214
v 0.013758 0.021350 -0.014206
v 0.013765 0.021348 -0.014214
v 0.013741 0.021321 -0.014239
v 0.013741 0.021321 -0.014504
v 0.013737 0.021320 -0.014239
v 0.013737 0.021320 -0.014504
v 0.013733 0.021319 -0.014239
v 0.013733 0.021319 -0.014504
v 0.013729 0.021318 -0.014239
v 0.013729 0.021318 -0.014504
v 0.013726 0.021316 -0.014239
v 0.013722 0.021314 -0.014239
v 0.013726 0.021316 -0.014504
v 0.013722 0.021314 -0.014504
v 0.013719 0.021312 -0.014504
v 0.013719 0.021312 -0.014239
v 0.013716 0.021309 -0.014239
v 0.013716 0.021309 -0.014504
v 0.013714 0.021307 -0.014239
v 0.013714 0.021307 -0.014504
v 0.013711 0.021303 -0.014504
v 0.013711 0.021303 -0.014239
v 0.013709 0.021300 -0.014239
v 0.013709 0.021300 -0.014504
v 0.013708 0.021296 -0.014239
v 0.013708 0.021296 -0.014504
v 0.013706 0.021293 -0.014239
v 0.013706 0.021293 -0.014504
v 0.013705 0.021289 -0.014239
v 0.013705 0.021285 -0.014239
v 0.013705 0.021289 -0.014504
v 0.013705 0.021285 -0.014504
v 0.013705 0.021281 -0.014504
v 0.013705 0.021281 -0.014239
v 0.013705 0.021277 -0.014239
v 0.013705 0.021277 -0.014504
v 0.013705 0.021273 -0.014239
v 0.013705 0.021273 -0.014504
v 0.013706 0.021270 -0.014504
v 0.013706 0.021270 -0.014239
v 0.013708 0.021266 -0.014239
v 0.013708 0.021266 -0.014504
v 0.013709 0.021262 -0.014239
v 0.013709 0.021262 -0.014504
v 0.013711 0.021259 -0.014239
v 0.013711 0.021259 -0.014504
v 0.013714 0.021256 -0.014239
v 0.013716 0.021253 -0.014239
v 0.013714 0.021256 -0.014504
v 0.013716 0.021253 -0.014504
v 0.013719 0.021250 -0.014504
v 0.013719 0.021250 -0.014239
v 0.013722 0.021248 -0.014239
v 0.013722 0.021248 -0.014504
v 0.013726 0.021246 -0.014239
v 0.013726 0.021246 -0.014504
v 0.013729 0.021244 -0.014504
v 0.013729 0.021244 -0.014239
v 0.013733 0.021243 -0.014239
v 0.013733 0.021243 -0.014504
v 0.013737 0.021242 -0.014239
v 0.013737 0.021242 -0.014504
v 0.013741 0.021241 -0.014239
v 0.013741 0.021241 -0.014504
v 0.013745 0.021241 -0.014239
v 0.013749 0.021241 -0.014239
v 0.013745 0.021241 -0.014504
v 0.013749 0.021241 -0.014504
v 0.013752 0.021242 -0.014504
v 0.013752 0.021242 -0.014239
v 0.013756 0.021243 -0.014239
v 0.013756 0.021243 -0.014504
v 0.013760 0.021244 -0.014239
v 0.013760 0.021244 -0.014504
v 0.013763 0.021246 -0.014504
v 0.013763 0.021246 -0.014239
v 0.013767 0.021248 -0.014239
v 0.013767 0.021248 -0.014504
v 0.013770 0.021250 -0.014239
v 0.013770 0.021250 -0.014504
v 0.013773 0.021253 -0.014239
v 0.013773 0.021253 -0.014504
v 0.013776 0.021256 -0.014239
v 0.013778 0.021259 -0.014239
v 0.013776 0.021256 -0.014504
v 0.013778 0.021259 -0.014504
v 0.013780 0.021262 -0.014504
v 0.013780 0.021262 -0.014239
v 0.013782 0.021266 -0.014239
v 0.013782 0.021266 -0.014504
v 0.013783 0.021270 -0.014239
v 0.013783 0.021270 -0.014504
v 0.013784 0.021273 -0.014504
v 0.013784 0.021273 -0.014239
v 0.013784 0.021277 -0.014239
v 0.013784 0.021277 -0.014504
v 0.013785 0.021281 -0.014239
v 0.013778 0.021303 -0.014504
v 0.013776 0.021307 -0.014504
v 0.013776 0.021307 -0.014239
v 0.013749 0.021321 -0.014504
v 0.013745 0.021321 -0.014239
v 0.013749 0.021321 -0.014239
v 0.013752 0.021320 -0.014504
v 0.013752 0.021320 -0.014239
v 0.013756 0.021319 -0.014504
v 0.013756 0.021319 -0.014239
v 0.013760 0.021318 -0.014504
v 0.013760 0.021318 -0.014239
v 0.013763 0.021316 -0.014504
v 0.013763 0.021316 -0.014239
v 0.013767 0.021314 -0.014504
v 0.013767 0.021314 -0.014239
v 0.013770 0.021312 -0.014504
v 0.013770 0.021312 -0.014239
v 0.013773 0.021309 -0.014504
v 0.013773 0.021309 -0.014239
v 0.013778 0.021303 -0.014239
v 0.013780 0.021300 -0.014504
v 0.013780 0.021300 -0.014239
v 0.013782 0.021296 -0.014504
v 0.013782 0.021296 -0.014239
v 0.013783 0.021293 -0.014504
v 0.013783 0.021293 -0.014239
v 0.013784 0.021289 -0.014504
v 0.013784 0.021289 -0.014239
v 0.013784 0.021285 -0.014504
v 0.013784 0.021285 -0.014239
v 0.013785 0.021281 -0.014504
v 0.013745 0.021321 -0.014504
v 0.013741 0.021321 -0.014214
v 0.013738 0.021351 -0.014214
v 0.013745 0.021351 -0.014214
v 0.013731 0.021350 -0.014214
v 0.013738 0.021351 -0.014214
v 0.013737 0.021320 -0.014214
v 0.013724 0.021348 -0.014214
v 0.013731 0.021350 -0.014214
v 0.013733 0.021319 -0.014214
v 0.013724 0.021348 -0.014214
v 0.013729 0.021318 -0.014214
v 0.013718 0.021346 -0.014214
v 0.013718 0.021346 -0.014214
v 0.013712 0.021343 -0.014214
v 0.013712 0.021343 -0.014214
v 0.013726 0.021316 -0.014214
v 0.013706 0.021339 -0.014214
v 0.013706 0.021339 -0.014214
v 0.013722 0.021314 -0.014214
v 0.013700 0.021335 -0.014214
v 0.013719 0.021312 -0.014214
v 0.013714 0.021307 -0.014214
v 0.013686 0.021320 -0.014214
v 0.013691 0.021326 -0.014214
v 0.013695 0.021331 -0.014214
v 0.013700 0.021335 -0.014214
v 0.013711 0.021303 -0.014214
v 0.013683 0.021314 -0.014214
v 0.013686 0.021320 -0.014214
v 0.013709 0.021300 -0.014214
v 0.013680 0.021308 -0.014214
v 0.013683 0.021314 -0.014214
v 0.013708 0.021296 -0.014214
v 0.013678 0.021301 -0.014214
v 0.013680 0.021308 -0.014214
v 0.013706 0.021293 -0.014214
v 0.013678 0.021301 -0.014214
v 0.013705 0.021289 -0.014214
v 0.013676 0.021295 -0.014214
v 0.013705 0.021285 -0.014214
v 0.013675 0.021288 -0.014214
v 0.013705 0.021281 -0.014214
v 0.013675 0.021281 -0.014214
v 0.013705 0.021277 -0.014214
v 0.013675 0.021274 -0.014214
v 0.013676 0.021267 -0.014214
v 0.013675 0.021274 -0.014214
v 0.013705 0.021273 -0.014214
v 0.013678 0.021261 -0.014214
v 0.013676 0.021267 -0.014214
v 0.013683 0.021248 -0.014214
v 0.013680 0.021254 -0.014214
v 0.013708 0.021266 -0.014214
v 0.013686 0.021242 -0.014214
v 0.013709 0.021262 -0.014214
v 0.013711 0.021259 -0.014214
v 0.013714 0.021256 -0.014214
v 0.013716 0.021253 -0.014214
v 0.013695 0.021232 -0.014214
v 0.013691 0.021237 -0.014214
v 0.013719 0.021250 -0.014214
v 0.013706 0.021223 -0.014214
v 0.013700 0.021227 -0.014214
v 0.013722 0.021248 -0.014214
v 0.013712 0.021219 -0.014214
v 0.013706 0.021223 -0.014214
v 0.013726 0.021246 -0.014214
v 0.013718 0.021216 -0.014214
v 0.013712 0.021219 -0.014214
v 0.013729 0.021244 -0.014214
v 0.013724 0.021214 -0.014214
v 0.013718 0.021216 -0.014214
v 0.013733 0.021243 -0.014214
v 0.013724 0.021214 -0.014214
v 0.013737 0.021242 -0.014214
v 0.013731 0.021212 -0.014214
v 0.013741 0.021241 -0.014214
v 0.013738 0.021211 -0.014214
v 0.013745 0.021241 -0.014214
v 0.013745 0.021211 -0.014214
v 0.013749 0.021241 -0.014214
v 0.013751 0.021211 -0.014214
v 0.013758 0.021212 -0.014214
v 0.013751 0.021211 -0.014214
v 0.013752 0.021242 -0.014214
v 0.013765 0.021214 -0.014214
v 0.013758 0.021212 -0.014214
v 0.013778 0.021219 -0.014214
v 0.013771 0.021216 -0.014214
v 0.013760 0.021244 -0.014214
v 0.013784 0.021223 -0.014214
v 0.013763 0.021246 -0.014214
v 0.013767 0.021248 -0.014214
v 0.013770 0.021250 -0.014214
v 0.013773 0.021253 -0.014214
v 0.013794 0.021232 -0.014214
v 0.013789 0.021227 -0.014214
v 0.013776 0.021256 -0.014214
v 0.013803 0.021242 -0.014214
v 0.013799 0.021237 -0.014214
v 0.013778 0.021259 -0.014214
v 0.013806 0.021248 -0.014214
v 0.013803 0.021242 -0.014214
v 0.013780 0.021262 -0.014214
v 0.013809 0.021254 -0.014214
v 0.013806 0.021248 -0.014214
v 0.013782 0.021266 -0.014214
v 0.013812 0.021261 -0.014214
v 0.013809 0.021254 -0.014214
v 0.013783 0.021270 -0.014214
v 0.013812 0.021261 -0.014214
v 0.013784 0.021273 -0.014214
v 0.013813 0.021267 -0.014214
v 0.013784 0.021277 -0.014214
v 0.013814 0.021274 -0.014214
v 0.013785 0.021281 -0.014214
v 0.013815 0.021281 -0.014214
v 0.013784 0.021285 -0.014214
v 0.013814 0.021288 -0.014214
v 0.013813 0.021295 -0.014214
v 0.013814 0.021288 -0.014214
v 0.013784 0.021289 -0.014214
v 0.013812 0.021301 -0.014214
v 0.013813 0.021295 -0.014214
v 0.013806 0.021314 -0.014214
v 0.013809 0.021308 -0.014214
v 0.013782 0.021296 -0.014214
v 0.013803 0.021320 -0.014214
v 0.013780 0.021300 -0.014214
v 0.013778 0.021303 -0.014214
v 0.013776 0.021307 -0.014214
v 0.013773 0.021309 -0.014214
v 0.013794 0.021331 -0.014214
v 0.013799 0.021326 -0.014214
v 0.013770 0.021312 -0.014214
v 0.013784 0.021339 -0.014214
v 0.013789 0.021335 -0.014214
v 0.013767 0.021314 -0.014214
v 0.013778 0.021343 -0.014214
v 0.013784 0.021339 -0.014214
v 0.013763 0.021316 -0.014214
v 0.013771 0.021346 -0.014214
v 0.013778 0.021343 -0.014214
v 0.013760 0.021318 -0.014214
v 0.013765 0.021348 -0.014214
v 0.013771 0.021346 -0.014214
v 0.013756 0.021319 -0.014214
v 0.013765 0.021348 -0.014214
v 0.013745 0.021351 -0.014214
v 0.013745 0.021321 -0.014214
v 0.013749 0.021321 -0.014214
v 0.013745 0.021351 -0.014214
v 0.013751 0.021351 -0.014214
v 0.013745 0.021351 -0.014214
v 0.013752 0.021320 -0.014214
v 0.013751 0.021351 -0.014214
v 0.013758 0.021350 -0.014214
v 0.013751 0.021351 -0.014214
v 0.013758 0.021350 -0.014214
v 0.013758 0.021350 -0.014214
v 0.013765 0.021348 -0.014214
v 0.013771 0.021346 -0.014214
v 0.013778 0.021343 -0.014214
v 0.013784 0.021339 -0.014214
v 0.013789 0.021335 -0.014214
v 0.013789 0.021335 -0.014214
v 0.013794 0.021331 -0.014214
v 0.013794 0.021331 -0.014214
v 0.013799 0.021326 -0.014214
v 0.013799 0.021326 -0.014214
v 0.013803 0.021320 -0.014214
v 0.013803 0.021320 -0.014214
v 0.013806 0.021314 -0.014214
v 0.013806 0.021314 -0.014214
v 0.013783 0.021293 -0.014214
v 0.013809 0.021308 -0.014214
v 0.013812 0.021301 -0.014214
v 0.013809 0.021308 -0.014214
v 0.013812 0.021301 -0.014214
v 0.013813 0.021295 -0.014214
v 0.013815 0.021281 -0.014214
v 0.013814 0.021288 -0.014214
v 0.013813 0.021267 -0.014214
v 0.013812 0.021261 -0.014214
v 0.013814 0.021274 -0.014214
v 0.013813 0.021267 -0.014214
v 0.013809 0.021254 -0.014214
v 0.013806 0.021248 -0.014214
v 0.013803 0.021242 -0.014214
v 0.013799 0.021237 -0.014214
v 0.013799 0.021237 -0.014214
v 0.013794 0.021232 -0.014214
v 0.013794 0.021232 -0.014214
v 0.013789 0.021227 -0.014214
v 0.013789 0.021227 -0.014214
v 0.013784 0.021223 -0.014214
v 0.013784 0.021223 -0.014214
v 0.013778 0.021219 -0.014214
v 0.013814 0.021274 -0.014214
v 0.013815 0.021281 -0.014214
v 0.013756 0.021243 -0.014214
v 0.013771 0.021216 -0.014214
v 0.013765 0.021214 -0.014214
v 0.013771 0.021216 -0.014214
v 0.013765 0.021214 -0.014214
v 0.013758 0.021212 -0.014214
v 0.013745 0.021211 -0.014214
v 0.013751 0.021211 -0.014214
v 0.013731 0.021212 -0.014214
v 0.013724 0.021214 -0.014214
v 0.013738 0.021211 -0.014214
v 0.013731 0.021212 -0.014214
v 0.013718 0.021216 -0.014214
v 0.013712 0.021219 -0.014214
v 0.013706 0.021223 -0.014214
v 0.013700 0.021227 -0.014214
v 0.013700 0.021227 -0.014214
v 0.013695 0.021232 -0.014214
v 0.013695 0.021232 -0.014214
v 0.013691 0.021237 -0.014214
v 0.013691 0.021237 -0.014214
v 0.013686 0.021242 -0.014214
v 0.013686 0.021242 -0.014214
v 0.013683 0.021248 -0.014214
v 0.013683 0.021248 -0.014214
v 0.013706 0.021270 -0.014214
v 0.013680 0.021254 -0.014214
v 0.013678 0.021261 -0.014214
v 0.013680 0.021254 -0.014214
v 0.013678 0.021261 -0.014214
v 0.013676 0.021267 -0.014214
v 0.013675 0.021281 -0.014214
v 0.013675 0.021274 -0.014214
v 0.013676 0.021295 -0.014214
v 0.013678 0.021301 -0.014214
v 0.013675 0.021288 -0.014214
v 0.013676 0.021295 -0.014214
v 0.013680 0.021308 -0.014214
v 0.013683 0.021314 -0.014214
v 0.013686 0.021320 -0.014214
v 0.013691 0.021326 -0.014214
v 0.013716 0.021309 -0.014214
v 0.013691 0.021326 -0.014214
v 0.013695 0.021331 -0.014214
v 0.013695 0.021331 -0.014214
v 0.013700 0.021335 -0.014214
v 0.013706 0.021339 -0.014214
v 0.013712 0.021343 -0.014214
v 0.013718 0.021346 -0.014214
v 0.013724 0.021348 -0.014214
v 0.013738 0.021211 -0.014214
v 0.013745 0.021211 -0.014214
v 0.013778 0.021219 -0.014214
v 0.013731 0.021350 -0.014214
v 0.013675 0.021288 -0.014214
v 0.013675 0.021281 -0.014214
v 0.013741 0.021321 -0.014214
v 0.013737 0.021320 -0.014214
v 0.013737 0.021320 -0.014214
v 0.013733 0.021319 -0.014214
v 0.013733 0.021319 -0.014214
v 0.013729 0.021318 -0.014214
v 0.013726 0.021316 -0.014214
v 0.013729 0.021318 -0.014214
v 0.013722 0.021314 -0.014214
v 0.013726 0.021316 -0.014214
v 0.013722 0.021314 -0.014214
v 0.013719 0.021312 -0.014214
v 0.013716 0.021309 -0.014214
v 0.013719 0.021312 -0.014214
v 0.013714 0.021307 -0.014214
v 0.013716 0.021309 -0.014214
v 0.013714 0.021307 -0.014214
v 0.013711 0.021303 -0.014214
v 0.013711 0.021303 -0.014214
v 0.013709 0.021300 -0.014214
v 0.013709 0.021300 -0.014214
v 0.013708 0.021296 -0.014214
v 0.013708 0.021296 -0.014214
v 0.013706 0.021293 -0.014214
v 0.013705 0.021289 -0.014214
v 0.013706 0.021293 -0.014214
v 0.013705 0.021285 -0.014214
v 0.013705 0.021289 -0.014214
v 0.013705 0.021285 -0.014214
v 0.013705 0.021281 -0.014214
v 0.013705 0.021277 -0.014214
v 0.013705 0.021281 -0.014214
v 0.013705 0.021273 -0.014214
v 0.013705 0.021277 -0.014214
v 0.013705 0.021273 -0.014214
v 0.013706 0.021270 -0.014214
v 0.013706 0.021270 -0.014214
v 0.013708 0.021266 -0.014214
v 0.013708 0.021266 -0.014214
v 0.013709 0.021262 -0.014214
v 0.013709 0.021262 -0.014214
v 0.013711 0.021259 -0.014214
v 0.013714 0.021256 -0.014214
v 0.013711 0.021259 -0.014214
v 0.013716 0.021253 -0.014214
v 0.013714 0.021256 -0.014214
v 0.013716 0.021253 -0.014214
v 0.013719 0.021250 -0.014214
v 0.013722 0.021248 -0.014214
v 0.013719 0.021250 -0.014214
v 0.013726 0.021246 -0.014214
v 0.013722 0.021248 -0.014214
v 0.013726 0.021246 -0.014214
v 0.013729 0.021244 -0.014214
v 0.013729 0.021244 -0.014214
v 0.013733 0.021243 -0.014214
v 0.013733 0.021243 -0.014214
v 0.013737 0.021242 -0.014214
v 0.013737 0.021242 -0.014214
v 0.013741 0.021241 -0.014214
v 0.013745 0.021241 -0.014214
v 0.013741 0.021241 -0.014214
v 0.013749 0.021241 -0.014214
v 0.013745 0.021241 -0.014214
v 0.013752 0.021242 -0.014214
v 0.013749 0.021241 -0.014214
v 0.013752 0.021242 -0.014214
v 0.013756 0.021243 -0.014214
v 0.013760 0.021244 -0.014214
v 0.013756 0.021243 -0.014214
v 0.013763 0.021246 -0.014214
v 0.013760 0.021244 -0.014214
v 0.013763 0.021246 -0.014214
v 0.013767 0.021248 -0.014214
v 0.013767 0.021248 -0.014214
v 0.013770 0.021250 -0.014214
v 0.013770 0.021250 -0.014214
v 0.013773 0.021253 -0.014214
v 0.013773 0.021253 -0.014214
v 0.013776 0.021256 -0.014214
v 0.013778 0.021259 -0.014214
v 0.013776 0.021256 -0.014214
v 0.013780 0.021262 -0.014214
v 0.013778 0.021259 -0.014214
v 0.013780 0.021262 -0.014214
v 0.013782 0.021266 -0.014214
v 0.013783 0.021270 -0.014214
v 0.013782 0.021266 -0.014214
v 0.013784 0.021273 -0.014214
v 0.013783 0.021270 -0.014214
v 0.013784 0.021273 -0.014214
v 0.013784 0.021277 -0.014214
v 0.013782 0.021296 -0.014214
v 0.013780 0.021300 -0.014214
v 0.013782 0.021296 -0.014214
v 0.013767 0.021314 -0.014214
v 0.013763 0.021316 -0.014214
v 0.013767 0.021314 -0.014214
v 0.013737 0.021320 -0.014214
v 0.013745 0.021321 -0.014214
v 0.013749 0.021321 -0.014214
v 0.013749 0.021321 -0.014214
v 0.013752 0.021320 -0.014214
v 0.013749 0.021321 -0.014214
v 0.013752 0.021320 -0.014214
v 0.013752 0.021320 -0.014214
v 0.013756 0.021319 -0.014214
v 0.013756 0.021319 -0.014214
v 0.013756 0.021319 -0.014214
v 0.013760 0.021318 -0.014214
v 0.013760 0.021318 -0.014214
v 0.013763 0.021316 -0.014214
v 0.013760 0.021318 -0.014214
v 0.013763 0.021316 -0.014214
v 0.013767 0.021314 -0.014214
v 0.013770 0.021312 -0.014214
v 0.013770 0.021312 -0.014214
v 0.013770 0.021312 -0.014214
v 0.013773 0.021309 -0.014214
v 0.013773 0.021309 -0.014214
v 0.013776 0.021307 -0.014214
v 0.013773 0.021309 -0.014214
v 0.013776 0.021307 -0.014214
v 0.013776 0.021307 -0.014214
v 0.013778 0.021303 -0.014214
v 0.013778 0.021303 -0.014214
v 0.013778 0.021303 -0.014214
v 0.013780 0.021300 -0.014214
v 0.013780 0.021300 -0.014214
v 0.013783 0.021293 -0.014214
v 0.013782 0.021296 -0.014214
v 0.013783 0.021293 -0.014214
v 0.013783 0.021293 -0.014214
v 0.013784 0.021289 -0.014214
v 0.013784 0.021289 -0.014214
v 0.013784 0.021289 -0.014214
v 0.013784 0.021285 -0.014214
v 0.013784 0.021285 -0.014214
v 0.013785 0.021281 -0.014214
v 0.013784 0.021285 -0.014214
v 0.013785 0.021281 -0.014214
v 0.013785 0.021281 -0.014214
v 0.013784 0.021277 -0.014214
v 0.013784 0.021277 -0.014214
v 0.013784 0.021273 -0.014214
v 0.013783 0.021270 -0.014214
v 0.013782 0.021266 -0.014214
v 0.013780 0.021262 -0.014214
v 0.013778 0.021259 -0.014214
v 0.013773 0.021253 -0.014214
v 0.013776 0.021256 -0.014214
v 0.013770 0.021250 -0.014214
v 0.013767 0.021248 -0.014214
v 0.013763 0.021246 -0.014214
v 0.013760 0.021244 -0.014214
v 0.013756 0.021243 -0.014214
v 0.013752 0.021242 -0.014214
v 0.013749 0.021241 -0.014214
v 0.013745 0.021241 -0.014214
v 0.013737 0.021242 -0.014214
v 0.013741 0.021241 -0.014214
v 0.013733 0.021243 -0.014214
v 0.013729 0.021244 -0.014214
v 0.013726 0.021246 -0.014214
v 0.013722 0.021248 -0.014214
v 0.013719 0.021250 -0.014214
v 0.013716 0.021253 -0.014214
v 0.013714 0.021256 -0.014214
v 0.013709 0.021262 -0.014214
v 0.013711 0.021259 -0.014214
v 0.013708 0.021266 -0.014214
v 0.013706 0.021270 -0.014214
v 0.013705 0.021273 -0.014214
v 0.013705 0.021277 -0.014214
v 0.013705 0.021281 -0.014214
v 0.013705 0.021285 -0.014214
v 0.013705 0.021289 -0.014214
v 0.013708 0.021296 -0.014214
v 0.013706 0.021293 -0.014214
v 0.013709 0.021300 -0.014214
v 0.013711 0.021303 -0.014214
v 0.013714 0.021307 -0.014214
v 0.013716 0.021309 -0.014214
v 0.013719 0.021312 -0.014214
v 0.013722 0.021314 -0.014214
v 0.013726 0.021316 -0.014214
v 0.013733 0.021319 -0.014214
v 0.013729 0.021318 -0.014214
v 0.013745 0.021321 -0.014214
v 0.013745 0.021321 -0.014214
v 0.013741 0.021321 -0.014214
v 0.013745 0.021321 -0.014214
v 0.013756 0.021309 -0.014514
v 0.013745 0.021311 -0.014514
v 0.013750 0.021311 -0.014514
v 0.013761 0.021306 -0.014514
v 0.013766 0.021302 -0.014514
v 0.013770 0.021298 -0.014514
v 0.013772 0.021293 -0.014514
v 0.013774 0.021287 -0.014514
v 0.013775 0.021281 -0.014514
v 0.013774 0.021275 -0.014514
v 0.013772 0.021270 -0.014514
v 0.013770 0.021264 -0.014514
v 0.013766 0.021260 -0.014514
v 0.013756 0.021253 -0.014514
v 0.013761 0.021256 -0.014514
v 0.013750 0.021252 -0.014514
v 0.013745 0.021251 -0.014514
v 0.013739 0.021252 -0.014514
v 0.013733 0.021253 -0.014514
v 0.013728 0.021256 -0.014514
v 0.013723 0.021260 -0.014514
v 0.013717 0.021270 -0.014514
v 0.013720 0.021264 -0.014514
v 0.013715 0.021275 -0.014514
v 0.013715 0.021281 -0.014514
v 0.013715 0.021287 -0.014514
v 0.013717 0.021293 -0.014514
v 0.013720 0.021298 -0.014514
v 0.013723 0.021302 -0.014514
v 0.013728 0.021306 -0.014514
v 0.013733 0.021309 -0.014514
v 0.013739 0.021311 -0.014514
v 0.013741 0.021321 -0.014504
v 0.013739 0.021311 -0.014514
v 0.013737 0.021320 -0.014504
v 0.013737 0.021320 -0.014504
v 0.013739 0.021311 -0.014514
v 0.013733 0.021319 -0.014504
v 0.013733 0.021319 -0.014504
v 0.013739 0.021311 -0.014514
v 0.013733 0.021309 -0.014514
v 0.013729 0.021318 -0.014504
v 0.013733 0.021319 -0.014504
v 0.013733 0.021309 -0.014514
v 0.013726 0.021316 -0.014504
v 0.013733 0.021309 -0.014514
v 0.013728 0.021306 -0.014514
v 0.013722 0.021314 -0.014504
v 0.013726 0.021316 -0.014504
v 0.013728 0.021306 -0.014514
v 0.013719 0.021312 -0.014504
v 0.013722 0.021314 -0.014504
v 0.013728 0.021306 -0.014514
v 0.013723 0.021302 -0.014514
v 0.013719 0.021312 -0.014504
v 0.013728 0.021306 -0.014514
v 0.013714 0.021307 -0.014504
v 0.013716 0.021309 -0.014504
v 0.013723 0.021302 -0.014514
v 0.013720 0.021298 -0.014514
v 0.013714 0.021307 -0.014504
v 0.013723 0.021302 -0.014514
v 0.013720 0.021298 -0.014514
v 0.013711 0.021303 -0.014504
v 0.013714 0.021307 -0.014504
v 0.013717 0.021293 -0.014514
v 0.013709 0.021300 -0.014504
v 0.013720 0.021298 -0.014514
v 0.013717 0.021293 -0.014514
v 0.013708 0.021296 -0.014504
v 0.013709 0.021300 -0.014504
v 0.013717 0.021293 -0.014514
v 0.013706 0.021293 -0.014504
v 0.013708 0.021296 -0.014504
v 0.013717 0.021293 -0.014514
v 0.013715 0.021287 -0.014514
v 0.013706 0.021293 -0.014504
v 0.013715 0.021287 -0.014514
v 0.013705 0.021285 -0.014504
v 0.013705 0.021289 -0.014504
v 0.013715 0.021287 -0.014514
v 0.013715 0.021281 -0.014514
v 0.013705 0.021285 -0.014504
v 0.013705 0.021285 -0.014504
v 0.013715 0.021281 -0.014514
v 0.013705 0.021281 -0.014504
v 0.013705 0.021281 -0.014504
v 0.013715 0.021281 -0.014514
v 0.013705 0.021277 -0.014504
v 0.013705 0.021277 -0.014504
v 0.013715 0.021275 -0.014514
v 0.013705 0.021273 -0.014504
v 0.013705 0.021273 -0.014504
v 0.013715 0.021275 -0.014514
v 0.013706 0.021270 -0.014504
v 0.013706 0.021270 -0.014504
v 0.013715 0.021275 -0.014514
v 0.013717 0.021270 -0.014514
v 0.013708 0.021266 -0.014504
v 0.013706 0.021270 -0.014504
v 0.013717 0.021270 -0.014514
v 0.013709 0.021262 -0.014504
v 0.013717 0.021270 -0.014514
v 0.013720 0.021264 -0.014514
v 0.013711 0.021259 -0.014504
v 0.013709 0.021262 -0.014504
v 0.013720 0.021264 -0.014514
v 0.013714 0.021256 -0.014504
v 0.013711 0.021259 -0.014504
v 0.013720 0.021264 -0.014514
v 0.013716 0.021253 -0.014504
v 0.013714 0.021256 -0.014504
v 0.013723 0.021260 -0.014514
v 0.013719 0.021250 -0.014504
v 0.013716 0.021253 -0.014504
v 0.013723 0.021260 -0.014514
v 0.013728 0.021256 -0.014514
v 0.013719 0.021250 -0.014504
v 0.013723 0.021260 -0.014514
v 0.013728 0.021256 -0.014514
v 0.013722 0.021248 -0.014504
v 0.013719 0.021250 -0.014504
v 0.013733 0.021253 -0.014514
v 0.013726 0.021246 -0.014504
v 0.013728 0.021256 -0.014514
v 0.013733 0.021253 -0.014514
v 0.013729 0.021244 -0.014504
v 0.013726 0.021246 -0.014504
v 0.013733 0.021253 -0.014514
v 0.013733 0.021243 -0.014504
v 0.013729 0.021244 -0.014504
v 0.013733 0.021253 -0.014514
v 0.013739 0.021252 -0.014514
v 0.013733 0.021243 -0.014504
v 0.013739 0.021252 -0.014514
v 0.013741 0.021241 -0.014504
v 0.013737 0.021242 -0.014504
v 0.013739 0.021252 -0.014514
v 0.013745 0.021251 -0.014514
v 0.013741 0.021241 -0.014504
v 0.013741 0.021241 -0.014504
v 0.013745 0.021251 -0.014514
v 0.013745 0.021241 -0.014504
v 0.013745 0.021251 -0.014514
v 0.013750 0.021252 -0.014514
v 0.013749 0.021241 -0.014504
v 0.013749 0.021241 -0.014504
v 0.013750 0.021252 -0.014514
v 0.013752 0.021242 -0.014504
v 0.013752 0.021242 -0.014504
v 0.013750 0.021252 -0.014514
v 0.013756 0.021243 -0.014504
v 0.013756 0.021243 -0.014504
v 0.013750 0.021252 -0.014514
v 0.013756 0.021253 -0.014514
v 0.013760 0.021244 -0.014504
v 0.013756 0.021253 -0.014514
v 0.013763 0.021246 -0.014504
v 0.013763 0.021246 -0.014504
v 0.013756 0.021253 -0.014514
v 0.013761 0.021256 -0.014514
v 0.013767 0.021248 -0.014504
v 0.013763 0.021246 -0.014504
v 0.013761 0.021256 -0.014514
v 0.013770 0.021250 -0.014504
v 0.013767 0.021248 -0.014504
v 0.013761 0.021256 -0.014514
v 0.013773 0.021253 -0.014504
v 0.013770 0.021250 -0.014504
v 0.013766 0.021260 -0.014514
v 0.013776 0.021256 -0.014504
v 0.013773 0.021253 -0.014504
v 0.013766 0.021260 -0.014514
v 0.013770 0.021264 -0.014514
v 0.013776 0.021256 -0.014504
v 0.013766 0.021260 -0.014514
v 0.013780 0.021262 -0.014504
v 0.013778 0.021259 -0.014504
v 0.013770 0.021264 -0.014514
v 0.013772 0.021270 -0.014514
v 0.013780 0.021262 -0.014504
v 0.013770 0.021264 -0.014514
v 0.013772 0.021270 -0.014514
v 0.013782 0.021266 -0.014504
v 0.013780 0.021262 -0.014504
v 0.013772 0.021270 -0.014514
v 0.013783 0.021270 -0.014504
v 0.013782 0.021266 -0.014504
v 0.013774 0.021275 -0.014514
v 0.013784 0.021273 -0.014504
v 0.013783 0.021270 -0.014504
v 0.013774 0.021275 -0.014514
v 0.013784 0.021277 -0.014504
v 0.013784 0.021273 -0.014504
v 0.013774 0.021275 -0.014514
v 0.013775 0.021281 -0.014514
v 0.013784 0.021277 -0.014504
v 0.013784 0.021277 -0.014504
v 0.013775 0.021281 -0.014514
v 0.013785 0.021281 -0.014504
v 0.013775 0.021281 -0.014514
v 0.013774 0.021287 -0.014514
v 0.013784 0.021285 -0.014504
v 0.013784 0.021285 -0.014504
v 0.013774 0.021287 -0.014514
v 0.013784 0.021289 -0.014504
v 0.013772 0.021293 -0.014514
v 0.013780 0.021300 -0.014504
v 0.013782 0.021296 -0.014504
v 0.013776 0.021307 -0.014504
v 0.013770 0.021298 -0.014514
v 0.013766 0.021302 -0.014514
v 0.013750 0.021311 -0.014514
v 0.013756 0.021319 -0.014504
v 0.013756 0.021309 -0.014514
v 0.013756 0.021309 -0.014514
v 0.013756 0.021319 -0.014504
v 0.013760 0.021318 -0.014504
v 0.013749 0.021321 -0.014504
v 0.013750 0.021311 -0.014514
v 0.013745 0.021311 -0.014514
v 0.013749 0.021321 -0.014504
v 0.013752 0.021320 -0.014504
v 0.013750 0.021311 -0.014514
v 0.013745 0.021321 -0.014504
v 0.013745 0.021311 -0.014514
v 0.013741 0.021321 -0.014504
v 0.013756 0.021319 -0.014504
v 0.013750 0.021311 -0.014514
v 0.013752 0.021320 -0.014504
v 0.013761 0.021306 -0.014514
v 0.013767 0.021314 -0.014504
v 0.013770 0.021312 -0.014504
v 0.013760 0.021318 -0.014504
v 0.013763 0.021316 -0.014504
v 0.013756 0.021309 -0.014514
v 0.013756 0.021309 -0.014514
v 0.013763 0.021316 -0.014504
v 0.013761 0.021306 -0.014514
v 0.013761 0.021306 -0.014514
v 0.013763 0.021316 -0.014504
v 0.013767 0.021314 -0.014504
v 0.013766 0.021302 -0.014514
v 0.013761 0.021306 -0.014514
v 0.013770 0.021312 -0.014504
v 0.013773 0.021309 -0.014504
v 0.013766 0.021302 -0.014514
v 0.013770 0.021312 -0.014504
v 0.013773 0.021309 -0.014504
v 0.013776 0.021307 -0.014504
v 0.013766 0.021302 -0.014514
v 0.013776 0.021307 -0.014504
v 0.013778 0.021303 -0.014504
v 0.013770 0.021298 -0.014514
v 0.013770 0.021298 -0.014514
v 0.013778 0.021303 -0.014504
v 0.013780 0.021300 -0.014504
v 0.013772 0.021293 -0.014514
v 0.013770 0.021298 -0.014514
v 0.013780 0.021300 -0.014504
v 0.013783 0.021293 -0.014504
v 0.013772 0.021293 -0.014514
v 0.013782 0.021296 -0.014504
v 0.013783 0.021293 -0.014504
v 0.013774 0.021287 -0.014514
v 0.013772 0.021293 -0.014514
v 0.013783 0.021293 -0.014504
v 0.013784 0.021289 -0.014504
v 0.013774 0.021287 -0.014514
v 0.013775 0.021281 -0.014514
v 0.013784 0.021285 -0.014504
v 0.013785 0.021281 -0.014504
v 0.013774 0.021275 -0.014514
v 0.013783 0.021270 -0.014504
v 0.013772 0.021270 -0.014514
v 0.013778 0.021259 -0.014504
v 0.013776 0.021256 -0.014504
v 0.013770 0.021264 -0.014514
v 0.013770 0.021250 -0.014504
v 0.013761 0.021256 -0.014514
v 0.013766 0.021260 -0.014514
v 0.013756 0.021243 -0.014504
v 0.013756 0.021253 -0.014514
v 0.013760 0.021244 -0.014504
v 0.013745 0.021251 -0.014514
v 0.013749 0.021241 -0.014504
v 0.013745 0.021241 -0.014504
v 0.013739 0.021252 -0.014514
v 0.013737 0.021242 -0.014504
v 0.013733 0.021243 -0.014504
v 0.013726 0.021246 -0.014504
v 0.013722 0.021248 -0.014504
v 0.013728 0.021256 -0.014514
v 0.013714 0.021256 -0.014504
v 0.013720 0.021264 -0.014514
v 0.013723 0.021260 -0.014514
v 0.013708 0.021266 -0.014504
v 0.013717 0.021270 -0.014514
v 0.013709 0.021262 -0.014504
v 0.013715 0.021281 -0.014514
v 0.013715 0.021275 -0.014514
v 0.013705 0.021277 -0.014504
v 0.013715 0.021287 -0.014514
v 0.013705 0.021289 -0.014504
v 0.013706 0.021293 -0.014504
v 0.013709 0.021300 -0.014504
v 0.013711 0.021303 -0.014504
v 0.013720 0.021298 -0.014514
v 0.013716 0.021309 -0.014504
v 0.013719 0.021312 -0.014504
v 0.013723 0.021302 -0.014514
v 0.013739 0.021311 -0.014514
v 0.013741 0.021321 -0.014504
v 0.013745 0.021311 -0.014514
v 0.013745 0.021311 -0.014514
v 0.013745 0.021321 -0.014504
v 0.013749 0.021321 -0.014504
v 0.013733 0.021309 -0.014514
v 0.013726 0.021316 -0.014504
v 0.013729 0.021318 -0.014504
v 0.013687 0.021296 -0.014189
v 0.013690 0.021293 -0.014186
v 0.013692 0.021298 -0.014185
v 0.013684 0.021294 -0.014193
v 0.013685 0.021288 -0.014191
v 0.013729 0.021247 -0.014172
v 0.013729 0.021242 -0.014175
v 0.013733 0.021245 -0.014173
v 0.013725 0.021248 -0.014173
v 0.013781 0.021290 -0.014172
v 0.013786 0.021289 -0.014175
v 0.013781 0.021294 -0.014173
v 0.013776 0.021287 -0.014170
v 0.013782 0.021286 -0.014173
v 0.013690 0.021282 -0.014185
v 0.013694 0.021280 -0.014181
v 0.013697 0.021284 -0.014179
v 0.013687 0.021279 -0.014188
v 0.013691 0.021275 -0.014184
v 0.013779 0.021297 -0.014173
v 0.013783 0.021298 -0.014175
v 0.013780 0.021301 -0.014174
v 0.013774 0.021293 -0.014170
v 0.013767 0.021312 -0.014173
v 0.013768 0.021316 -0.014175
v 0.013764 0.021314 -0.014173
v 0.013770 0.021312 -0.014174
v 0.013710 0.021265 -0.014173
v 0.013706 0.021265 -0.014175
v 0.013710 0.021262 -0.014174
v 0.013715 0.021269 -0.014170
v 0.013708 0.021269 -0.014173
v 0.013722 0.021250 -0.014173
v 0.013721 0.021247 -0.014175
v 0.013719 0.021251 -0.014174
v 0.013708 0.021272 -0.014172
v 0.013713 0.021275 -0.014170
v 0.013705 0.021278 -0.014174
v 0.013697 0.021316 -0.014189
v 0.013699 0.021313 -0.014186
v 0.013700 0.021318 -0.014188
v 0.013692 0.021315 -0.014193
v 0.013696 0.021310 -0.014187
v 0.013766 0.021345 -0.014201
v 0.013765 0.021348 -0.014206
v 0.013762 0.021345 -0.014200
v 0.013770 0.021342 -0.014199
v 0.013771 0.021346 -0.014206
v 0.013702 0.021328 -0.014195
v 0.013699 0.021329 -0.014199
v 0.013695 0.021324 -0.014198
v 0.013706 0.021331 -0.014195
v 0.013702 0.021334 -0.014201
v 0.013728 0.021335 -0.014186
v 0.013729 0.021339 -0.014190
v 0.013725 0.021338 -0.014191
v 0.013732 0.021332 -0.014183
v 0.013735 0.021337 -0.014187
v 0.013719 0.021242 -0.014178
v 0.013714 0.021247 -0.014177
v 0.013722 0.021239 -0.014179
v 0.013788 0.021298 -0.014178
v 0.013790 0.021295 -0.014179
v 0.013791 0.021302 -0.014182
v 0.013784 0.021304 -0.014177
v 0.013701 0.021264 -0.014178
v 0.013699 0.021267 -0.014179
v 0.013698 0.021260 -0.014182
v 0.013705 0.021258 -0.014177
v 0.013702 0.021300 -0.014178
v 0.013706 0.021297 -0.014175
v 0.013708 0.021301 -0.014175
v 0.013697 0.021299 -0.014182
v 0.013700 0.021293 -0.014177
v 0.013770 0.021321 -0.014178
v 0.013775 0.021316 -0.014177
v 0.013767 0.021323 -0.014179
v 0.013803 0.021290 -0.014189
v 0.013799 0.021291 -0.014186
v 0.013803 0.021286 -0.014189
v 0.013805 0.021295 -0.014193
v 0.013800 0.021297 -0.014188
v 0.013724 0.021226 -0.014189
v 0.013725 0.021229 -0.014186
v 0.013720 0.021230 -0.014187
v 0.013729 0.021225 -0.014189
v 0.013761 0.021315 -0.014173
v 0.013761 0.021320 -0.014175
v 0.013755 0.021319 -0.014173
v 0.013758 0.021347 -0.014201
v 0.013758 0.021350 -0.014206
v 0.013751 0.021351 -0.014206
v 0.013765 0.021348 -0.014206
v 0.013750 0.021338 -0.014187
v 0.013751 0.021341 -0.014191
v 0.013745 0.021340 -0.014189
v 0.013754 0.021337 -0.014187
v 0.013739 0.021338 -0.014187
v 0.013738 0.021341 -0.014191
v 0.013745 0.021335 -0.014184
v 0.013761 0.021222 -0.014192
v 0.013760 0.021219 -0.014196
v 0.013768 0.021219 -0.014199
v 0.013756 0.021223 -0.014189
v 0.013791 0.021241 -0.014192
v 0.013792 0.021238 -0.014196
v 0.013798 0.021243 -0.014199
v 0.013786 0.021239 -0.014189
v 0.013677 0.021277 -0.014202
v 0.013675 0.021274 -0.014206
v 0.013679 0.021273 -0.014200
v 0.013678 0.021283 -0.014199
v 0.013675 0.021281 -0.014206
v 0.013703 0.021303 -0.014179
v 0.013712 0.021301 -0.014173
v 0.013706 0.021308 -0.014178
v 0.013711 0.021297 -0.014172
v 0.013715 0.021293 -0.014170
v 0.013718 0.021299 -0.014170
v 0.013706 0.021292 -0.014174
v 0.013708 0.021316 -0.014181
v 0.013710 0.021313 -0.014178
v 0.013716 0.021317 -0.014177
v 0.013705 0.021314 -0.014182
v 0.013719 0.021336 -0.014191
v 0.013719 0.021333 -0.014188
v 0.013724 0.021333 -0.014186
v 0.013714 0.021336 -0.014194
v 0.013685 0.021263 -0.014194
v 0.013684 0.021259 -0.014196
v 0.013688 0.021260 -0.014191
v 0.013683 0.021270 -0.014193
v 0.013681 0.021265 -0.014198
v 0.013735 0.021232 -0.014181
v 0.013736 0.021236 -0.014178
v 0.013731 0.021237 -0.014177
v 0.013740 0.021230 -0.014182
v 0.013738 0.021224 -0.014188
v 0.013738 0.021220 -0.014192
v 0.013745 0.021219 -0.014193
v 0.013734 0.021226 -0.014186
v 0.013731 0.021221 -0.014192
v 0.013688 0.021273 -0.014188
v 0.013693 0.021272 -0.014183
v 0.013694 0.021236 -0.014201
v 0.013691 0.021237 -0.014206
v 0.013695 0.021232 -0.014206
v 0.013693 0.021240 -0.014198
v 0.013691 0.021237 -0.014206
v 0.013731 0.021217 -0.014198
v 0.013728 0.021215 -0.014202
v 0.013731 0.021212 -0.014206
v 0.013728 0.021220 -0.014195
v 0.013707 0.021231 -0.014193
v 0.013709 0.021234 -0.014189
v 0.013703 0.021233 -0.014195
v 0.013711 0.021227 -0.014196
v 0.013715 0.021228 -0.014191
v 0.013794 0.021328 -0.014202
v 0.013794 0.021331 -0.014206
v 0.013790 0.021330 -0.014201
v 0.013796 0.021322 -0.014198
v 0.013799 0.021326 -0.014206
v 0.013782 0.021225 -0.014201
v 0.013784 0.021223 -0.014206
v 0.013785 0.021228 -0.014200
v 0.013776 0.021224 -0.014197
v 0.013774 0.021221 -0.014201
v 0.013807 0.021255 -0.014201
v 0.013809 0.021254 -0.014206
v 0.013807 0.021259 -0.014200
v 0.013802 0.021252 -0.014197
v 0.013803 0.021247 -0.014201
v 0.013769 0.021326 -0.014182
v 0.013765 0.021327 -0.014181
v 0.013697 0.021320 -0.014192
v 0.013705 0.021321 -0.014186
v 0.013702 0.021324 -0.014191
v 0.013697 0.021248 -0.014188
v 0.013692 0.021247 -0.014193
v 0.013697 0.021241 -0.014193
v 0.013698 0.021251 -0.014186
v 0.013692 0.021255 -0.014189
v 0.013792 0.021314 -0.014188
v 0.013797 0.021315 -0.014193
v 0.013792 0.021321 -0.014193
v 0.013792 0.021311 -0.014186
v 0.013798 0.021307 -0.014189
v 0.013696 0.021256 -0.014185
v 0.013691 0.021260 -0.014188
v 0.013689 0.021300 -0.014189
v 0.013694 0.021304 -0.014185
v 0.013794 0.021307 -0.014185
v 0.013797 0.021300 -0.014185
v 0.013684 0.021274 -0.014192
v 0.013797 0.021296 -0.014184
v 0.013793 0.021290 -0.014180
v 0.013731 0.021347 -0.014201
v 0.013731 0.021350 -0.014206
v 0.013724 0.021348 -0.014206
v 0.013735 0.021345 -0.014197
v 0.013739 0.021348 -0.014201
v 0.013776 0.021312 -0.014176
v 0.013772 0.021307 -0.014173
v 0.013777 0.021306 -0.014175
v 0.013701 0.021281 -0.014176
v 0.013707 0.021282 -0.014173
v 0.013704 0.021287 -0.014175
v 0.013699 0.021278 -0.014177
v 0.013713 0.021250 -0.014176
v 0.013717 0.021255 -0.014173
v 0.013712 0.021256 -0.014175
v 0.013803 0.021300 -0.014191
v 0.013679 0.021296 -0.014201
v 0.013676 0.021295 -0.014206
v 0.013679 0.021292 -0.014199
v 0.013682 0.021301 -0.014198
v 0.013678 0.021301 -0.014206
v 0.013805 0.021282 -0.014191
v 0.013808 0.021286 -0.014195
v 0.013804 0.021276 -0.014191
v 0.013809 0.021276 -0.014196
v 0.013688 0.021255 -0.014193
v 0.013686 0.021251 -0.014198
v 0.013796 0.021271 -0.014183
v 0.013793 0.021274 -0.014180
v 0.013790 0.021267 -0.014179
v 0.013799 0.021275 -0.014185
v 0.013689 0.021287 -0.014186
v 0.013683 0.021284 -0.014193
v 0.013793 0.021262 -0.014183
v 0.013788 0.021262 -0.014178
v 0.013790 0.021257 -0.014182
v 0.013796 0.021265 -0.014184
v 0.013767 0.021304 -0.014170
v 0.013771 0.021299 -0.014170
v 0.013713 0.021281 -0.014170
v 0.013713 0.021287 -0.014170
v 0.013722 0.021259 -0.014170
v 0.013718 0.021263 -0.014170
v 0.013721 0.021344 -0.014201
v 0.013720 0.021341 -0.014196
v 0.013726 0.021345 -0.014200
v 0.013718 0.021346 -0.014206
v 0.013713 0.021340 -0.014200
v 0.013721 0.021234 -0.014183
v 0.013716 0.021234 -0.014185
v 0.013699 0.021307 -0.014183
v 0.013691 0.021309 -0.014191
v 0.013802 0.021307 -0.014194
v 0.013803 0.021311 -0.014198
v 0.013685 0.021303 -0.014194
v 0.013759 0.021343 -0.014195
v 0.013760 0.021339 -0.014190
v 0.013765 0.021338 -0.014191
v 0.013754 0.021345 -0.014197
v 0.013775 0.021229 -0.014191
v 0.013774 0.021234 -0.014186
v 0.013766 0.021229 -0.014186
v 0.013779 0.021229 -0.014193
v 0.013782 0.021234 -0.014191
v 0.013799 0.021255 -0.014191
v 0.013795 0.021258 -0.014186
v 0.013791 0.021250 -0.014186
v 0.013802 0.021257 -0.014193
v 0.013802 0.021262 -0.014191
v 0.013711 0.021330 -0.014190
v 0.013713 0.021327 -0.014186
v 0.013707 0.021328 -0.014191
v 0.013683 0.021306 -0.014200
v 0.013680 0.021308 -0.014206
v 0.013678 0.021301 -0.014206
v 0.013686 0.021308 -0.014196
v 0.013686 0.021314 -0.014200
v 0.013806 0.021308 -0.014200
v 0.013809 0.021308 -0.014206
v 0.013806 0.021314 -0.014206
v 0.013805 0.021304 -0.014196
v 0.013809 0.021299 -0.014200
v 0.013796 0.021287 -0.014182
v 0.013795 0.021280 -0.014181
v 0.013801 0.021281 -0.014186
v 0.013794 0.021235 -0.014201
v 0.013790 0.021232 -0.014200
v 0.013799 0.021237 -0.014206
v 0.013760 0.021216 -0.014201
v 0.013756 0.021215 -0.014200
v 0.013765 0.021214 -0.014206
v 0.013762 0.021335 -0.014187
v 0.013767 0.021334 -0.014188
v 0.013730 0.021343 -0.014195
v 0.013727 0.021234 -0.014181
v 0.013730 0.021231 -0.014183
v 0.013709 0.021243 -0.014182
v 0.013708 0.021239 -0.014186
v 0.013715 0.021240 -0.014182
v 0.013706 0.021245 -0.014184
v 0.013780 0.021319 -0.014182
v 0.013781 0.021323 -0.014186
v 0.013774 0.021323 -0.014182
v 0.013783 0.021318 -0.014184
v 0.013698 0.021274 -0.014178
v 0.013695 0.021264 -0.014183
v 0.013689 0.021265 -0.014188
v 0.013812 0.021287 -0.014201
v 0.013814 0.021288 -0.014206
v 0.013813 0.021295 -0.014206
v 0.013811 0.021281 -0.014199
v 0.013815 0.021281 -0.014206
v 0.013762 0.021250 -0.014171
v 0.013766 0.021245 -0.014175
v 0.013768 0.021252 -0.014172
v 0.013757 0.021252 -0.014170
v 0.013761 0.021243 -0.014175
v 0.013742 0.021246 -0.014171
v 0.013742 0.021239 -0.014175
v 0.013748 0.021244 -0.014172
v 0.013738 0.021250 -0.014170
v 0.013737 0.021242 -0.014174
v 0.013717 0.021303 -0.014171
v 0.013711 0.021307 -0.014175
v 0.013722 0.021304 -0.014170
v 0.013714 0.021310 -0.014175
v 0.013780 0.021277 -0.014171
v 0.013786 0.021276 -0.014175
v 0.013785 0.021281 -0.014174
v 0.013776 0.021275 -0.014170
v 0.013780 0.021270 -0.014172
v 0.013776 0.021265 -0.014171
v 0.013782 0.021263 -0.014175
v 0.013771 0.021263 -0.014170
v 0.013780 0.021258 -0.014175
v 0.013763 0.021238 -0.014178
v 0.013755 0.021246 -0.014172
v 0.013758 0.021237 -0.014177
v 0.013783 0.021256 -0.014178
v 0.013773 0.021258 -0.014172
v 0.013780 0.021252 -0.014177
v 0.013698 0.021233 -0.014200
v 0.013695 0.021232 -0.014206
v 0.013700 0.021227 -0.014206
v 0.013698 0.021237 -0.014196
v 0.013706 0.021226 -0.014200
v 0.013706 0.021223 -0.014206
v 0.013712 0.021219 -0.014206
v 0.013703 0.021230 -0.014199
v 0.013700 0.021227 -0.014206
v 0.013771 0.021246 -0.014176
v 0.013775 0.021245 -0.014179
v 0.013774 0.021249 -0.014176
v 0.013770 0.021241 -0.014178
v 0.013786 0.021267 -0.014176
v 0.013747 0.021237 -0.014176
v 0.013749 0.021234 -0.014179
v 0.013752 0.021238 -0.014176
v 0.013744 0.021234 -0.014178
v 0.013789 0.021279 -0.014176
v 0.013790 0.021286 -0.014177
v 0.013750 0.021348 -0.014201
v 0.013751 0.021351 -0.014206
v 0.013745 0.021351 -0.014206
v 0.013738 0.021351 -0.014206
v 0.013731 0.021350 -0.014206
v 0.013745 0.021348 -0.014200
v 0.013745 0.021351 -0.014206
v 0.013707 0.021255 -0.014178
v 0.013703 0.021250 -0.014182
v 0.013709 0.021249 -0.014179
v 0.013701 0.021245 -0.014186
v 0.013701 0.021255 -0.014182
v 0.013699 0.021289 -0.014178
v 0.013693 0.021288 -0.014182
v 0.013695 0.021293 -0.014182
v 0.013783 0.021308 -0.014178
v 0.013786 0.021313 -0.014182
v 0.013780 0.021313 -0.014179
v 0.013788 0.021317 -0.014186
v 0.013788 0.021308 -0.014182
v 0.013732 0.021252 -0.014170
v 0.013680 0.021258 -0.014202
v 0.013680 0.021254 -0.014206
v 0.013721 0.021309 -0.014172
v 0.013766 0.021342 -0.014197
v 0.013773 0.021338 -0.014195
v 0.013700 0.021335 -0.014206
v 0.013695 0.021331 -0.014206
v 0.013708 0.021336 -0.014198
v 0.013706 0.021339 -0.014206
v 0.013778 0.021219 -0.014206
v 0.013771 0.021216 -0.014206
v 0.013806 0.021248 -0.014206
v 0.013803 0.021242 -0.014206
v 0.013716 0.021324 -0.014182
v 0.013711 0.021322 -0.014183
v 0.013722 0.021323 -0.014179
v 0.013720 0.021328 -0.014183
v 0.013777 0.021239 -0.014183
v 0.013781 0.021239 -0.014185
v 0.013781 0.021245 -0.014182
v 0.013748 0.021228 -0.014183
v 0.013751 0.021226 -0.014185
v 0.013755 0.021231 -0.014182
v 0.013726 0.021321 -0.014176
v 0.013722 0.021318 -0.014176
v 0.013729 0.021325 -0.014178
v 0.013724 0.021329 -0.014182
v 0.013749 0.021221 -0.014191
v 0.013752 0.021219 -0.014194
v 0.013786 0.021233 -0.014194
v 0.013776 0.021333 -0.014192
v 0.013774 0.021328 -0.014186
v 0.013781 0.021328 -0.014189
v 0.013743 0.021214 -0.014201
v 0.013745 0.021211 -0.014206
v 0.013748 0.021215 -0.014200
v 0.013737 0.021216 -0.014198
v 0.013738 0.021211 -0.014206
v 0.013762 0.021308 -0.014170
v 0.013757 0.021311 -0.014170
v 0.013806 0.021270 -0.014193
v 0.013802 0.021270 -0.014189
v 0.013805 0.021264 -0.014194
v 0.013811 0.021272 -0.014201
v 0.013814 0.021274 -0.014206
v 0.013810 0.021266 -0.014200
v 0.013813 0.021267 -0.014206
v 0.013675 0.021281 -0.014206
v 0.013675 0.021274 -0.014206
v 0.013679 0.021287 -0.014198
v 0.013675 0.021288 -0.014206
v 0.013702 0.021240 -0.014189
v 0.013791 0.021325 -0.014196
v 0.013787 0.021322 -0.014189
v 0.013727 0.021255 -0.014170
v 0.013764 0.021234 -0.014182
v 0.013769 0.021236 -0.014182
v 0.013787 0.021253 -0.014182
v 0.013727 0.021314 -0.014172
v 0.013771 0.021346 -0.014206
v 0.013765 0.021348 -0.014206
v 0.013779 0.021339 -0.014200
v 0.013722 0.021220 -0.014198
v 0.013731 0.021212 -0.014206
v 0.013720 0.021224 -0.014193
v 0.013801 0.021318 -0.014201
v 0.013803 0.021320 -0.014206
v 0.013799 0.021326 -0.014206
v 0.013806 0.021314 -0.014206
v 0.013794 0.021331 -0.014206
v 0.013789 0.021335 -0.014206
v 0.013688 0.021244 -0.014201
v 0.013686 0.021242 -0.014206
v 0.013691 0.021237 -0.014206
v 0.013683 0.021248 -0.014206
v 0.013784 0.021329 -0.014193
v 0.013780 0.021334 -0.014195
v 0.013815 0.021281 -0.014206
v 0.013814 0.021288 -0.014206
v 0.013759 0.021228 -0.014186
v 0.013786 0.021245 -0.014186
v 0.013745 0.021344 -0.014194
v 0.013676 0.021295 -0.014206
v 0.013675 0.021288 -0.014206
v 0.013740 0.021319 -0.014173
v 0.013737 0.021326 -0.014177
v 0.013734 0.021319 -0.014173
v 0.013745 0.021319 -0.014173
v 0.013745 0.021325 -0.014176
v 0.013749 0.021319 -0.014173
v 0.013753 0.021326 -0.014177
v 0.013751 0.021312 -0.014170
v 0.013712 0.021343 -0.014206
v 0.013706 0.021339 -0.014206
v 0.013683 0.021314 -0.014206
v 0.013680 0.021308 -0.014206
v 0.013691 0.021320 -0.014199
v 0.013686 0.021320 -0.014206
v 0.013715 0.021222 -0.014200
v 0.013712 0.021219 -0.014206
v 0.013718 0.021216 -0.014206
v 0.013812 0.021301 -0.014206
v 0.013809 0.021308 -0.014206
v 0.013809 0.021292 -0.014198
v 0.013813 0.021295 -0.014206
v 0.013765 0.021348 -0.014206
v 0.013758 0.021350 -0.014206
v 0.013778 0.021343 -0.014206
v 0.013771 0.021346 -0.014206
v 0.013785 0.021335 -0.014200
v 0.013784 0.021339 -0.014206
v 0.013695 0.021331 -0.014206
v 0.013766 0.021224 -0.014192
v 0.013771 0.021225 -0.014193
v 0.013794 0.021246 -0.014192
v 0.013798 0.021250 -0.014193
v 0.013743 0.021225 -0.014186
v 0.013706 0.021339 -0.014206
v 0.013700 0.021335 -0.014206
v 0.013686 0.021320 -0.014206
v 0.013683 0.021314 -0.014206
v 0.013691 0.021326 -0.014206
v 0.013776 0.021281 -0.014170
v 0.013718 0.021216 -0.014206
v 0.013724 0.021214 -0.014206
v 0.013813 0.021295 -0.014206
v 0.013812 0.021301 -0.014206
v 0.013750 0.021331 -0.014181
v 0.013758 0.021332 -0.014183
v 0.013739 0.021331 -0.014181
v 0.013745 0.021330 -0.014180
v 0.013745 0.021211 -0.014206
v 0.013751 0.021211 -0.014206
v 0.013784 0.021223 -0.014206
v 0.013789 0.021227 -0.014206
v 0.013809 0.021254 -0.014206
v 0.013812 0.021261 -0.014206
v 0.013675 0.021274 -0.014206
v 0.013676 0.021267 -0.014206
v 0.013681 0.021279 -0.014195
v 0.013676 0.021267 -0.014206
v 0.013678 0.021261 -0.014206
v 0.013695 0.021232 -0.014206
v 0.013799 0.021326 -0.014206
v 0.013794 0.021331 -0.014206
v 0.013727 0.021308 -0.014170
v 0.013751 0.021250 -0.014170
v 0.013767 0.021259 -0.014170
v 0.013778 0.021219 -0.014206
v 0.013784 0.021223 -0.014206
v 0.013806 0.021248 -0.014206
v 0.013809 0.021254 -0.014206
v 0.013724 0.021348 -0.014206
v 0.013718 0.021346 -0.014206
v 0.013760 0.021325 -0.014178
v 0.013678 0.021301 -0.014206
v 0.013676 0.021295 -0.014206
v 0.013806 0.021314 -0.014206
v 0.013803 0.021320 -0.014206
v 0.013700 0.021227 -0.014206
v 0.013706 0.021223 -0.014206
v 0.013683 0.021248 -0.014206
v 0.013686 0.021242 -0.014206
v 0.013774 0.021269 -0.014170
v 0.013732 0.021311 -0.014170
v 0.013745 0.021249 -0.014170
v 0.013762 0.021255 -0.014170
v 0.013675 0.021288 -0.014206
v 0.013675 0.021281 -0.014206
v 0.013703 0.021273 -0.014175
v 0.013738 0.021211 -0.014206
v 0.013745 0.021211 -0.014206
v 0.013784 0.021339 -0.014206
v 0.013778 0.021343 -0.014206
v 0.013794 0.021232 -0.014206
v 0.013799 0.021237 -0.014206
v 0.013789 0.021227 -0.014206
v 0.013794 0.021232 -0.014206
v 0.013758 0.021212 -0.014206
v 0.013765 0.021214 -0.014206
v 0.013751 0.021211 -0.014206
v 0.013758 0.021212 -0.014206
v 0.013813 0.021267 -0.014206
v 0.013814 0.021274 -0.014206
v 0.013812 0.021261 -0.014206
v 0.013813 0.021267 -0.014206
v 0.013718 0.021346 -0.014206
v 0.013712 0.021343 -0.014206
v 0.013751 0.021351 -0.014206
v 0.013724 0.021348 -0.014206
v 0.013712 0.021219 -0.014206
v 0.013678 0.021301 -0.014206
v 0.013806 0.021314 -0.014206
v 0.013814 0.021274 -0.014206
v 0.013815 0.021281 -0.014206
v 0.013691 0.021326 -0.014206
v 0.013686 0.021320 -0.014206
v 0.013680 0.021254 -0.014206
v 0.013683 0.021248 -0.014206
v 0.013771 0.021216 -0.014206
v 0.013778 0.021219 -0.014206
v 0.013765 0.021214 -0.014206
v 0.013771 0.021216 -0.014206
v 0.013803 0.021242 -0.014206
v 0.013806 0.021248 -0.014206
v 0.013799 0.021237 -0.014206
v 0.013803 0.021242 -0.014206
v 0.013731 0.021212 -0.014206
v 0.013738 0.021211 -0.014206
v 0.013700 0.021227 -0.014206
v 0.013691 0.021237 -0.014206
v 0.013675 0.021288 -0.014206
v 0.013789 0.021335 -0.014206
v 0.013799 0.021326 -0.014206
v 0.013738 0.021312 -0.014170
v 0.013745 0.021313 -0.014170
v 0.013695 0.021331 -0.014206
v 0.013778 0.021343 -0.014206
v 0.013751 0.021211 -0.014206
v 0.013789 0.021227 -0.014206
v 0.013812 0.021261 -0.014206
v 0.013724 0.021214 -0.014206
v 0.013706 0.021339 -0.014206
v 0.013678 0.021261 -0.014206
v 0.013724 0.021348 -0.014206
v 0.013813 0.021295 -0.014206
v 0.013678 0.021261 -0.014206
v 0.013680 0.021254 -0.014206
v 0.013718 0.021216 -0.014206
v 0.013724 0.021214 -0.014206
v 0.013731 0.021212 -0.014206
v 0.013758 0.021212 -0.014206
v 0.013683 0.021314 -0.014206
v 0.013738 0.021351 -0.014206
v 0.013789 0.021335 -0.014206
v 0.013784 0.021339 -0.014206
v 0.013812 0.021301 -0.014206
v 0.013794 0.021232 -0.014206
v 0.013676 0.021267 -0.014206
v 0.013695 0.021331 -0.014206
v 0.013691 0.021326 -0.014206
v 0.013738 0.021351 -0.014206
v 0.013745 0.021351 -0.014206
v 0.013745 0.021351 -0.014206
v 0.013720 0.021267 -0.014203
v 0.013745 0.021252 -0.014203
v 0.013720 0.021296 -0.014203
v 0.013770 0.021296 -0.014203
v 0.013745 0.021310 -0.014203
v 0.013770 0.021267 -0.014203
v 0.013745 0.021310 -0.014170
v 0.013745 0.021310 -0.014203
v 0.013770 0.021296 -0.014170
v 0.013745 0.021310 -0.014203
v 0.013770 0.021296 -0.014203
v 0.013720 0.021296 -0.014170
v 0.013720 0.021296 -0.014203
v 0.013745 0.021310 -0.014170
v 0.013720 0.021296 -0.014203
v 0.013745 0.021310 -0.014203
v 0.013745 0.021310 -0.014170
v 0.013720 0.021267 -0.014170
v 0.013720 0.021267 -0.014203
v 0.013720 0.021296 -0.014170
v 0.013720 0.021267 -0.014203
v 0.013720 0.021296 -0.014203
v 0.013720 0.021296 -0.014170
v 0.013745 0.021252 -0.014170
v 0.013745 0.021252 -0.014203
v 0.013720 0.021267 -0.014170
v 0.013745 0.021252 -0.014203
v 0.013720 0.021267 -0.014203
v 0.013720 0.021267 -0.014170
v 0.013770 0.021267 -0.014170
v 0.013770 0.021267 -0.014203
v 0.013745 0.021252 -0.014170
v 0.013770 0.021267 -0.014203
v 0.013745 0.021252 -0.014203
v 0.013745 0.021252 -0.014170
v 0.013770 0.021296 -0.014170
v 0.013770 0.021296 -0.014203
v 0.013770 0.021267 -0.014170
v 0.013770 0.021296 -0.014203
v 0.013770 0.021267 -0.014203
v 0.013770 0.021267 -0.014170
v 0.013770 0.021267 -0.014170
v 0.013745 0.021252 -0.014170
v 0.013745 0.021252 -0.014170
v 0.013720 0.021267 -0.014170
v 0.013720 0.021296 -0.014170
v 0.013745 0.021310 -0.014170
v 0.013745 0.021310 -0.014170
v 0.013770 0.021296 -0.014170
v 0.013770 0.021296 -0.014170
v 0.013770 0.021296 -0.014170
v 0.013770 0.021267 -0.014170
v 0.013745 0.021310 -0.014170
v 0.013745 0.021310 -0.014170
v 0.013745 0.021310 -0.014170
v 0.013720 0.021296 -0.014170
v 0.013720 0.021296 -0.014170
v 0.013720 0.021296 -0.014170
v 0.013720 0.021296 -0.014170
v 0.013720 0.021296 -0.014170
v 0.013720 0.021267 -0.014170
v 0.013720 0.021296 -0.014170
v 0.013720 0.021267 -0.014170
v 0.013720 0.021267 -0.014170
v 0.013720 0.021267 -0.014170
v 0.013720 0.021267 -0.014170
v 0.013745 0.021252 -0.014170
v 0.013745 0.021252 -0.014170
v 0.013745 0.021252 -0.014170
v 0.013745 0.021252 -0.014170
v 0.013770 0.021267 -0.014170
v 0.013770 0.021267 -0.014170
v 0.013745 0.021252 -0.014170
v 0.013770 0.021267 -0.014170
v 0.013770 0.021267 -0.014170
v 0.013770 0.021267 -0.014170
v 0.013745 0.021310 -0.014170
v 0.013770 0.021296 -0.014170
v 0.013770 0.021296 -0.014170
v 0.013770 0.021296 -0.014170
v 0.013770 0.021296 -0.014170
v 0.013745 0.021310 -0.014170
v 0.013745 0.021310 -0.014170
v 0.013720 0.021267 -0.014170
v 0.013745 0.021252 -0.014170
vn -0.0980 0.9952 -0.0000
vn -0.0000 1.0000 -0.0000
vn -0.1951 0.9808 -0.0000
vn -0.2903 0.9569 -0.0000
vn -0.3826 0.9239 -0.0000
vn -0.4714 0.8819 -0.0000
vn -0.5555 0.8315 -0.0000
vn -0.6344 0.7730 -0.0000
vn -0.7071 0.7071 -0.0000
vn -0.7072 0.7071 -0.0000
vn -0.7730 0.6344 -0.0000
vn -0.8315 0.5556 -0.0000
vn -0.8819 0.4714 -0.0000
vn -0.9239 0.3827 -0.0000
vn -0.9569 0.2903 -0.0000
vn -0.9808 0.1951 -0.0000
vn -0.9952 0.0980 -0.0000
vn -1.0000 -0.0000 -0.0000
vn -0.9952 -0.0980 -0.0000
vn -0.9808 -0.1951 -0.0000
vn -0.9569 -0.2903 -0.0000
vn -0.9239 -0.3827 -0.0000
vn -0.8819 -0.4714 -0.0000
vn -0.8315 -0.5556 -0.0000
vn -0.7071 -0.7071 -0.0000
vn -0.7730 -0.6344 -0.0000
vn -0.6343 -0.7730 -0.0000
vn -0.6344 -0.7730 -0.0000
vn -0.5554 -0.8316 -0.0000
vn -0.5555 -0.8315 -0.0000
vn -0.4714 -0.8819 -0.0000
vn -0.3826 -0.9239 -0.0000
vn -0.3827 -0.9239 -0.0000
vn -0.2903 -0.9569 -0.0000
vn -0.1951 -0.9808 -0.0000
vn -0.0980 -0.9952 -0.0000
vn -0.0000 -1.0000 -0.0000
vn 0.0980 -0.9952 -0.0000
vn 0.1951 -0.9808 -0.0000
vn 0.2903 -0.9569 -0.0000
vn 0.3827 -0.9239 -0.0000
vn 0.4714 -0.8819 -0.0000
vn 0.5556 -0.8315 -0.0000
vn 0.6344 -0.7730 -0.0000
vn 0.7070 -0.7072 -0.0000
vn 0.7072 -0.7070 -0.0000
vn 0.7730 -0.6344 -0.0000
vn 0.8315 -0.5556 -0.0000
vn 0.8819 -0.4714 -0.0000
vn 0.9239 -0.3827 -0.0000
vn 0.9569 -0.2903 -0.0000
vn 0.9808 -0.1951 -0.0000
vn 0.9952 -0.0980 -0.0000
vn 1.0000 0.0001 -0.0000
vn 1.0000 -0.0001 -0.0000
vn 0.9952 0.0980 -0.0000
vn 0.9808 0.1951 -0.0000
vn 0.9569 0.2903 -0.0000
vn 0.9239 0.3827 -0.0000
vn 0.8819 0.4714 -0.0000
vn 0.8315 0.5556 -0.0000
vn 0.7731 0.6343 -0.0000
vn 0.7730 0.6344 -0.0000
vn 0.7071 0.7071 -0.0000
vn 0.6344 0.7730 -0.0000
vn 0.5556 0.8314 -0.0000
vn 0.5556 0.8315 -0.0000
vn 0.4714 0.8819 -0.0000
vn 0.3827 0.9239 -0.0000
vn 0.2903 0.9569 -0.0000
vn 0.0980 0.9952 -0.0000
vn 0.1951 0.9808 -0.0000
vn -0.3827 0.9239 -0.0000
vn -0.5556 0.8315 -0.0000
vn -0.7070 0.7072 -0.0000
vn -0.7069 0.7073 -0.0000
vn -0.7731 0.6343 -0.0000
vn -0.8314 0.5556 -0.0000
vn -0.8820 0.4713 -0.0000
vn -0.9952 -0.0981 -0.0000
vn -0.9569 -0.2904 -0.0000
vn -0.8315 -0.5555 -0.0000
vn -0.7730 -0.6343 -0.0000
vn -0.6341 -0.7732 -0.0000
vn -0.5556 -0.8315 -0.0000
vn 0.3826 -0.9239 -0.0000
vn 0.5555 -0.8315 -0.0000
vn 0.7071 -0.7071 -0.0000
vn 0.8315 -0.5555 -0.0000
vn 0.7731 -0.6343 -0.0000
vn 0.8820 -0.4713 -0.0000
vn 1.0000 -0.0000 -0.0000
vn 0.5555 0.8315 -0.0000
vn 0.6342 0.7731 -0.0000
vn 0.8315 0.5555 -0.0000
vn 0.9238 0.3828 -0.0000
vn 0.9952 0.0981 -0.0000
vn -0.0000 -0.0000 -1.0000
vn 0.0003 -0.0000 -1.0000
vn 0.0001 -0.0000 -1.0000
vn -0.0001 -0.0000 -1.0000
vn -0.0002 -0.0000 -1.0000
vn -0.0003 -0.0000 -1.0000
vn 0.0002 -0.0000 -1.0000
vn -0.7073 0.7069 -0.0000
vn -0.8315 0.5555 -0.0000
vn -0.9239 0.3826 -0.0000
vn -0.9569 0.2904 -0.0000
vn -0.9808 0.1950 -0.0000
vn -0.9808 -0.1950 -0.0000
vn -0.8316 -0.5554 -0.0000
vn -0.8314 -0.5556 -0.0000
vn -0.7071 -0.7071 -0.0001
vn 0.5552 -0.8317 -0.0000
vn 0.8819 -0.4715 -0.0000
vn 0.5552 0.8317 -0.0000
vn 0.0981 0.9952 -0.0000
vn 0.3826 0.9239 -0.0000
vn 0.5554 0.8316 -0.0000
vn 0.7073 0.7069 -0.0000
vn 0.7071 0.7072 -0.0000
vn 0.7730 0.6344 -0.0001
vn 0.9808 0.1950 -0.0000
vn 0.9808 -0.1950 -0.0000
vn 0.7073 -0.7069 -0.0000
vn -0.5554 0.8316 -0.0000
vn -0.0693 0.7037 -0.7071
vn -0.1379 0.6935 -0.7071
vn -0.1380 0.6935 -0.7071
vn -0.2052 0.6767 -0.7071
vn -0.2053 0.6766 -0.7071
vn -0.2706 0.6533 -0.7071
vn -0.2053 0.6767 -0.7071
vn -0.3333 0.6236 -0.7071
vn -0.3928 0.5880 -0.7071
vn -0.3928 0.5879 -0.7071
vn -0.4486 0.5466 -0.7071
vn -0.3929 0.5879 -0.7071
vn -0.5000 0.5000 -0.7071
vn -0.5466 0.4486 -0.7071
vn -0.5879 0.3929 -0.7071
vn -0.6533 0.2706 -0.7071
vn -0.6236 0.3333 -0.7071
vn -0.5879 0.3928 -0.7071
vn -0.6767 0.2054 -0.7071
vn -0.6935 0.1380 -0.7071
vn -0.6766 0.2053 -0.7071
vn -0.6935 0.1379 -0.7071
vn -0.7037 0.0693 -0.7071
vn -0.7073 -0.0000 -0.7069
vn -0.7069 -0.0000 -0.7073
vn -0.7037 -0.0693 -0.7071
vn -0.6935 -0.1379 -0.7071
vn -0.6935 -0.1380 -0.7071
vn -0.6767 -0.2052 -0.7071
vn -0.6766 -0.2053 -0.7071
vn -0.6533 -0.2706 -0.7071
vn -0.6767 -0.2053 -0.7071
vn -0.6236 -0.3333 -0.7071
vn -0.5879 -0.3928 -0.7071
vn -0.5466 -0.4486 -0.7071
vn -0.5879 -0.3929 -0.7071
vn -0.5000 -0.5000 -0.7071
vn -0.4486 -0.5466 -0.7071
vn -0.3929 -0.5879 -0.7071
vn -0.3928 -0.5880 -0.7071
vn -0.2706 -0.6533 -0.7071
vn -0.3333 -0.6236 -0.7071
vn -0.3928 -0.5879 -0.7071
vn -0.2707 -0.6533 -0.7071
vn -0.2053 -0.6767 -0.7071
vn -0.1380 -0.6935 -0.7071
vn -0.2053 -0.6766 -0.7071
vn -0.1379 -0.6935 -0.7071
vn -0.0693 -0.7037 -0.7071
vn -0.0000 -0.7071 -0.7071
vn -0.0000 -0.7070 -0.7072
vn 0.1379 -0.6935 -0.7071
vn 0.0693 -0.7037 -0.7071
vn 0.1380 -0.6935 -0.7071
vn 0.2052 -0.6767 -0.7071
vn 0.2053 -0.6766 -0.7071
vn 0.2706 -0.6533 -0.7071
vn 0.3333 -0.6236 -0.7071
vn 0.3928 -0.5879 -0.7071
vn 0.3928 -0.5880 -0.7071
vn 0.4486 -0.5466 -0.7071
vn 0.3929 -0.5879 -0.7071
vn 0.5000 -0.5000 -0.7071
vn 0.5466 -0.4486 -0.7071
vn 0.5879 -0.3929 -0.7071
vn 0.6236 -0.3333 -0.7071
vn 0.5878 -0.3930 -0.7071
vn 0.5879 -0.3928 -0.7071
vn 0.6533 -0.2706 -0.7071
vn 0.6767 -0.2053 -0.7071
vn 0.6935 -0.1380 -0.7071
vn 0.6767 -0.2052 -0.7071
vn 0.6935 -0.1379 -0.7071
vn 0.7037 -0.0693 -0.7071
vn 0.7071 -0.0000 -0.7071
vn 0.7071 0.0001 -0.7071
vn 0.6935 0.1379 -0.7071
vn 0.7037 0.0693 -0.7071
vn 0.6533 0.2706 -0.7071
vn 0.6236 0.3333 -0.7071
vn 0.5466 0.4486 -0.7071
vn 0.5879 0.3929 -0.7071
vn 0.5000 0.5000 -0.7071
vn 0.1380 0.6935 -0.7071
vn 0.2053 0.6766 -0.7071
vn 0.2706 0.6533 -0.7071
vn 0.2053 0.6767 -0.7071
vn 0.0693 0.7037 -0.7071
vn 0.1379 0.6935 -0.7071
vn -0.0000 0.7073 -0.7069
vn -0.0000 0.7069 -0.7074
vn 0.2052 0.6767 -0.7071
vn 0.3929 0.5879 -0.7071
vn 0.4486 0.5466 -0.7071
vn 0.3333 0.6236 -0.7071
vn 0.3928 0.5879 -0.7071
vn 0.3928 0.5880 -0.7071
vn 0.5879 0.3928 -0.7071
vn 0.6767 0.2053 -0.7071
vn 0.6766 0.2053 -0.7071
vn 0.6935 0.1380 -0.7071
vn 0.6767 0.2052 -0.7071
vn 0.6766 -0.2053 -0.7071
vn 0.2053 -0.6767 -0.7071
vn -0.2052 -0.6767 -0.7071
vn -0.7071 -0.0000 -0.7071
vn -0.6767 0.2052 -0.7071
vn -0.0000 0.7074 -0.7069
vn -0.7279 0.1875 0.6596
vn -0.6878 0.1551 0.7091
vn -0.6692 0.2092 0.7130
vn -0.7785 0.1637 0.6060
vn -0.7624 0.0918 0.6406
vn -0.1967 -0.4205 0.8857
vn -0.1998 -0.4824 0.8528
vn -0.1496 -0.4459 0.8825
vn -0.2410 -0.4139 0.8778
vn 0.4508 0.1109 0.8857
vn 0.5122 0.1019 0.8528
vn 0.4530 0.1556 0.8778
vn 0.3814 0.0759 0.9213
vn 0.4665 0.0597 0.8825
vn -0.6963 0.0103 0.7177
vn -0.6394 -0.0103 0.7688
vn -0.6038 0.0329 0.7965
vn -0.7312 -0.0275 0.6816
vn -0.6745 -0.0752 0.7345
vn 0.4267 0.1977 0.8825
vn 0.4802 0.2051 0.8528
vn 0.4348 0.2406 0.8678
vn 0.3592 0.1488 0.9213
vn 0.2772 0.3799 0.8825
vn 0.2948 0.4310 0.8528
vn 0.2437 0.4136 0.8772
vn 0.3208 0.3795 0.8678
vn -0.4267 -0.1977 0.8825
vn -0.4802 -0.2051 0.8528
vn -0.4348 -0.2406 0.8678
vn -0.3593 -0.1489 0.9213
vn -0.4535 -0.1539 0.8779
vn -0.2772 -0.3799 0.8825
vn -0.2948 -0.4310 0.8528
vn -0.3208 -0.3795 0.8678
vn -0.4513 -0.1087 0.8857
vn -0.3814 -0.0759 0.9213
vn -0.4952 -0.0415 0.8678
vn -0.6055 0.4381 0.6644
vn -0.5773 0.4073 0.7077
vn -0.5648 0.4728 0.6764
vn -0.6709 0.4274 0.6060
vn -0.6180 0.3661 0.6957
vn 0.2722 0.8225 0.4993
vn 0.2605 0.8587 0.4413
vn 0.2215 0.8227 0.5235
vn 0.3308 0.7797 0.5316
vn 0.3434 0.8291 0.4413
vn -0.5443 0.6029 0.5833
vn -0.5895 0.6133 0.5257
vn -0.6291 0.5530 0.5463
vn -0.4981 0.6395 0.5856
vn -0.5430 0.6712 0.5046
vn -0.2067 0.6824 0.7012
vn -0.1971 0.7356 0.6481
vn -0.2562 0.7238 0.6407
vn -0.1644 0.6413 0.7494
vn -0.1234 0.7149 0.6882
vn -0.3178 -0.4949 0.8088
vn -0.3783 -0.4314 0.8190
vn -0.2806 -0.5250 0.8035
vn 0.5474 0.2151 0.8087
vn 0.5696 0.1728 0.8035
vn 0.5863 0.2656 0.7653
vn 0.4969 0.2869 0.8190
vn -0.5474 -0.2152 0.8087
vn -0.5696 -0.1728 0.8035
vn -0.5863 -0.2657 0.7653
vn -0.4969 -0.2869 0.8190
vn -0.5392 0.2349 0.8087
vn -0.4846 0.1946 0.8528
vn -0.4535 0.2421 0.8577
vn -0.6024 0.2267 0.7653
vn -0.5542 0.1485 0.8190
vn 0.3178 0.4949 0.8088
vn 0.3782 0.4313 0.8191
vn 0.2806 0.5250 0.8035
vn 0.7412 0.1171 0.6610
vn 0.6962 0.1201 0.7077
vn 0.7431 0.0605 0.6665
vn 0.7767 0.1722 0.6059
vn 0.7008 0.1992 0.6850
vn -0.2595 -0.7041 0.6610
vn -0.2537 -0.6594 0.7077
vn -0.3105 -0.6477 0.6957
vn -0.2042 -0.7170 0.6665
vn 0.2002 0.4205 0.8849
vn 0.2085 0.4824 0.8508
vn 0.1343 0.4671 0.8740
vn 0.1742 0.8421 0.5104
vn 0.1750 0.8801 0.4413
vn 0.0880 0.8930 0.4413
vn 0.1742 0.8421 0.5105
vn 0.0675 0.7246 0.6859
vn 0.0827 0.7640 0.6399
vn -0.0000 0.7486 0.6630
vn 0.1234 0.7149 0.6882
vn -0.0675 0.7246 0.6859
vn -0.0827 0.7640 0.6399
vn -0.0000 0.6864 0.7272
vn 0.2055 -0.7556 0.6220
vn 0.1949 -0.7962 0.5728
vn 0.2979 -0.7915 0.5336
vn 0.1465 -0.7363 0.6606
vn 0.5906 -0.5141 0.6220
vn 0.6044 -0.5538 0.5727
vn 0.6875 -0.4926 0.5336
vn 0.5309 -0.5308 0.6606
vn -0.8653 -0.0579 0.4980
vn -0.8930 -0.0880 0.4413
vn -0.8448 -0.1046 0.5247
vn -0.8500 0.0178 0.5264
vn -0.8974 -0.0000 0.4413
vn -0.5250 0.2806 0.8035
vn -0.4103 0.2470 0.8779
vn -0.4844 0.3386 0.8066
vn -0.4203 0.1972 0.8857
vn -0.3593 0.1488 0.9213
vn -0.3233 0.2160 0.9213
vn -0.4775 0.1373 0.8678
vn -0.4565 0.4417 0.7723
vn -0.4308 0.3941 0.8118
vn -0.3640 0.4436 0.8190
vn -0.5050 0.4123 0.7583
vn -0.3238 0.6945 0.6425
vn -0.3216 0.6556 0.6832
vn -0.2572 0.6636 0.7025
vn -0.3919 0.6960 0.6016
vn -0.7610 -0.2327 0.6056
vn -0.7713 -0.2776 0.5727
vn -0.7216 -0.2712 0.6370
vn -0.7818 -0.1467 0.6060
vn -0.8159 -0.2017 0.5418
vn -0.1210 -0.6210 0.7744
vn -0.1103 -0.5653 0.8175
vn -0.1665 -0.5491 0.8190
vn -0.0639 -0.6488 0.7583
vn -0.0822 -0.7319 0.6764
vn -0.0833 -0.7806 0.6194
vn -0.0000 -0.7955 0.6060
vn -0.1394 -0.7010 0.6994
vn -0.1685 -0.7623 0.6249
vn -0.7253 -0.0985 0.6814
vn -0.6506 -0.1196 0.7499
vn -0.6485 -0.5738 0.5002
vn -0.6937 -0.5693 0.4413
vn -0.6346 -0.6345 0.4413
vn -0.6561 -0.5253 0.5418
vn -0.1792 -0.8208 0.5424
vn -0.2183 -0.8431 0.4915
vn -0.1751 -0.8801 0.4413
vn -0.2152 -0.7804 0.5871
vn -0.4748 -0.6361 0.6082
vn -0.4571 -0.5956 0.6606
vn -0.5305 -0.6094 0.5892
vn -0.4303 -0.6977 0.5727
vn -0.3748 -0.6779 0.6324
vn 0.6273 0.5980 0.4989
vn 0.6345 0.6346 0.4413
vn 0.5834 0.6305 0.5119
vn 0.6561 0.5253 0.5418
vn 0.6937 0.5693 0.4413
vn 0.4725 -0.7203 0.5079
vn 0.4986 -0.7461 0.4413
vn 0.5112 -0.6815 0.5236
vn 0.4049 -0.7255 0.5566
vn 0.3764 -0.7726 0.5113
vn 0.7930 -0.3364 0.5079
vn 0.8291 -0.3434 0.4413
vn 0.8037 -0.2826 0.5236
vn 0.7397 -0.3783 0.5566
vn 0.7422 -0.4333 0.5113
vn 0.3043 0.5729 0.7611
vn 0.2560 0.5844 0.7700
vn -0.6049 0.5006 0.6192
vn -0.5054 0.5054 0.6993
vn -0.5403 0.5510 0.6360
vn -0.6066 -0.4236 0.6727
vn -0.6662 -0.4347 0.6060
vn -0.6027 -0.5090 0.6145
vn -0.5961 -0.3767 0.7091
vn -0.6734 -0.3320 0.6606
vn 0.6066 0.4236 0.6727
vn 0.6662 0.4347 0.6060
vn 0.6027 0.5090 0.6145
vn 0.5961 0.3767 0.7091
vn 0.6734 0.3321 0.6605
vn -0.6212 -0.3253 0.7130
vn -0.6764 -0.2727 0.6842
vn -0.7109 0.2413 0.6606
vn -0.6366 0.2950 0.7125
vn 0.6212 0.3253 0.7130
vn 0.6587 0.2416 0.7125
vn -0.7748 -0.0907 0.6257
vn 0.6616 0.1846 0.7268
vn 0.6160 0.1171 0.7790
vn -0.1786 0.8408 0.5110
vn -0.1751 0.8801 0.4413
vn -0.2605 0.8587 0.4413
vn -0.1256 0.8162 0.5640
vn -0.0719 0.8577 0.5091
vn 0.3896 0.3883 0.8351
vn 0.3359 0.3255 0.8839
vn 0.4083 0.3133 0.8574
vn -0.5500 0.0009 0.8352
vn -0.4676 0.0074 0.8839
vn -0.5102 0.0672 0.8574
vn -0.5726 -0.0375 0.8190
vn -0.3896 -0.3883 0.8351
vn -0.3359 -0.3255 0.8839
vn -0.4083 -0.3133 0.8574
vn 0.7380 0.2353 0.6324
vn -0.8410 0.1916 0.5060
vn -0.8801 0.1751 0.4413
vn -0.8346 0.1392 0.5330
vn -0.8004 0.2566 0.5418
vn -0.8587 0.2605 0.4413
vn 0.7740 0.0165 0.6330
vn 0.8073 0.0589 0.5872
vn 0.7622 -0.0688 0.6437
vn 0.8219 -0.0609 0.5663
vn -0.7173 -0.3287 0.6144
vn -0.7488 -0.3818 0.5418
vn 0.6546 -0.1236 0.7458
vn 0.6078 -0.0868 0.7893
vn 0.5696 -0.1728 0.8035
vn 0.6909 -0.0782 0.7187
vn -0.7114 0.0701 0.6993
vn -0.7888 0.0424 0.6132
vn 0.6152 -0.2470 0.7487
vn 0.5410 -0.2381 0.8066
vn 0.5749 -0.3073 0.7583
vn 0.6550 -0.2065 0.7268
vn 0.2750 0.2750 0.9213
vn 0.3234 0.2161 0.9213
vn -0.3889 -0.0000 0.9213
vn -0.3814 0.0759 0.9213
vn -0.2749 -0.2750 0.9213
vn -0.3234 -0.2161 0.9213
vn -0.2974 0.8059 0.5120
vn -0.3125 0.7623 0.5667
vn -0.2342 0.8181 0.5252
vn -0.3434 0.8291 0.4413
vn -0.4018 0.7547 0.5186
vn -0.3023 -0.5971 0.7430
vn -0.3655 -0.5990 0.7125
vn -0.5831 0.3285 0.7430
vn -0.6883 0.3555 0.6324
vn 0.7320 0.3356 0.5929
vn 0.7474 0.3845 0.5418
vn -0.7549 0.2803 0.5929
vn 0.1825 0.7941 0.5797
vn 0.1971 0.7356 0.6481
vn 0.2559 0.7305 0.6332
vn 0.1256 0.8162 0.5640
vn 0.3872 -0.6596 0.6442
vn 0.3731 -0.6000 0.7077
vn 0.2736 -0.6604 0.6993
vn 0.4419 -0.6614 0.6060
vn 0.4766 -0.6027 0.6400
vn 0.6884 -0.3333 0.6442
vn 0.6435 -0.2916 0.7077
vn 0.5943 -0.3971 0.6993
vn 0.7349 -0.3044 0.6060
vn 0.7243 -0.2429 0.6452
vn -0.4255 0.6278 0.6517
vn -0.3975 0.5857 0.7064
vn -0.4798 0.5958 0.6441
vn -0.7942 0.3148 0.5197
vn -0.8291 0.3434 0.4413
vn -0.7943 0.3148 0.5196
vn -0.7455 0.3410 0.5727
vn -0.7451 0.4219 0.5166
vn 0.7842 0.3390 0.5197
vn 0.8291 0.3434 0.4413
vn 0.7914 0.4230 0.4413
vn 0.7682 0.2860 0.5728
vn 0.8222 0.2285 0.5214
vn 0.6530 0.0753 0.7536
vn 0.6362 -0.0092 0.7715
vn 0.7148 -0.0000 0.6993
vn 0.6291 -0.5850 0.5119
vn 0.5845 -0.6241 0.5186
vn 0.6937 -0.5693 0.4413
vn 0.1981 -0.8359 0.5119
vn 0.1393 -0.8436 0.5186
vn 0.2605 -0.8587 0.4413
vn 0.2169 0.6849 0.6956
vn 0.2883 0.6685 0.6856
vn -0.1865 0.7928 0.5803
vn -0.2186 -0.5992 0.7702
vn -0.1883 -0.6403 0.7447
vn -0.4459 -0.4772 0.7572
vn -0.4645 -0.5296 0.7098
vn -0.3750 -0.5233 0.7652
vn -0.4918 -0.4640 0.7368
vn 0.4459 0.4772 0.7572
vn 0.4645 0.5296 0.7098
vn 0.3749 0.5232 0.7653
vn 0.4918 0.4640 0.7368
vn -0.5813 -0.0844 0.8093
vn -0.6252 -0.2153 0.7502
vn -0.7106 -0.2006 0.6744
vn 0.8583 0.0746 0.5077
vn 0.8930 0.0880 0.4413
vn 0.8801 0.1750 0.4413
vn 0.8461 -0.0003 0.5330
vn 0.8974 -0.0000 0.4413
vn 0.2090 -0.3809 0.9007
vn 0.2611 -0.4522 0.8528
vn 0.2923 -0.3562 0.8875
vn 0.1488 -0.3593 0.9213
vn 0.2061 -0.4777 0.8540
vn -0.0379 -0.4328 0.9007
vn -0.0342 -0.5211 0.8528
vn 0.0452 -0.4585 0.8875
vn -0.0759 -0.3814 0.9213
vn -0.0916 -0.4884 0.8678
vn -0.3388 0.2719 0.9007
vn -0.4143 0.3179 0.8528
vn -0.2750 0.2750 0.9213
vn -0.3775 0.3586 0.8538
vn 0.4319 -0.0473 0.9007
vn 0.5177 -0.0682 0.8528
vn 0.4969 -0.0054 0.8678
vn 0.3814 -0.0759 0.9213
vn 0.4409 -0.1338 0.8875
vn 0.3854 -0.2006 0.9007
vn 0.4683 -0.2310 0.8528
vn 0.3233 -0.2161 0.9213
vn 0.4368 -0.2827 0.8540
vn 0.2289 -0.5359 0.8126
vn 0.1315 -0.4334 0.8915
vn 0.1666 -0.5491 0.8190
vn 0.4881 -0.3185 0.8126
vn 0.3501 -0.2873 0.8916
vn 0.4435 -0.3640 0.8190
vn -0.5902 -0.6210 0.5158
vn -0.6345 -0.6346 0.4413
vn -0.5693 -0.6937 0.4413
vn -0.5942 -0.5647 0.5727
vn -0.4897 -0.7030 0.5158
vn -0.4985 -0.7461 0.4413
vn -0.4230 -0.7914 0.4413
vn -0.5355 -0.6573 0.5303
vn -0.5693 -0.6936 0.4413
vn 0.3319 -0.4392 0.8348
vn 0.3777 -0.4601 0.8035
vn 0.3723 -0.3974 0.8387
vn 0.3176 -0.4985 0.8066
vn 0.5200 -0.1807 0.8348
vn 0.0320 -0.5496 0.8348
vn 0.0584 -0.5924 0.8035
vn 0.0887 -0.5373 0.8387
vn -0.0129 -0.5909 0.8066
vn 0.5525 -0.0288 0.8330
vn 0.5711 0.0562 0.8190
vn 0.0719 0.8577 0.5091
vn -0.0000 0.8974 0.4413
vn -0.0880 0.8930 0.4413
vn -0.0000 0.8545 0.5195
vn -0.4777 -0.3345 0.8124
vn -0.5207 -0.3995 0.7545
vn -0.4502 -0.4036 0.7965
vn -0.5525 -0.4534 0.6994
vn -0.5522 -0.3351 0.7634
vn -0.5743 0.1013 0.8124
vn -0.6507 0.0856 0.7545
vn -0.6274 0.1535 0.7634
vn 0.4777 0.3345 0.8124
vn 0.5207 0.3995 0.7545
vn 0.4502 0.4036 0.7965
vn 0.5525 0.4534 0.6994
vn 0.5522 0.3351 0.7634
vn -0.1488 -0.3593 0.9213
vn -0.8225 -0.2949 0.4864
vn -0.8291 -0.3434 0.4413
vn -0.2873 0.3501 0.8916
vn 0.2773 0.7794 0.5619
vn 0.3658 0.7219 0.5874
vn -0.5430 0.6713 0.5045
vn -0.5693 0.6937 0.4413
vn -0.6345 0.6346 0.4413
vn -0.4651 0.6978 0.5447
vn -0.4986 0.7461 0.4413
vn 0.4230 -0.7914 0.4413
vn 0.3434 -0.8291 0.4413
vn 0.7914 -0.4230 0.4413
vn 0.7461 -0.4986 0.4413
vn -0.3674 0.5461 0.7529
vn -0.4249 0.5152 0.7443
vn -0.2806 0.5250 0.8035
vn -0.3144 0.5954 0.7393
vn 0.4055 -0.5325 0.7430
vn 0.4568 -0.5325 0.7125
vn 0.4552 -0.4552 0.7653
vn 0.0413 -0.6680 0.7430
vn 0.0840 -0.6966 0.7125
vn 0.1256 -0.6313 0.7653
vn -0.2337 0.4955 0.8366
vn -0.2876 0.4624 0.8387
vn -0.1949 0.5499 0.8122
vn -0.2553 0.6062 0.7532
vn 0.0614 -0.7659 0.6400
vn 0.0961 -0.7968 0.5966
vn 0.5226 -0.6091 0.5966
vn 0.3994 0.6666 0.6294
vn 0.3773 0.6002 0.7053
vn 0.4570 0.5956 0.6606
vn -0.0195 -0.8631 0.5046
vn -0.0000 -0.8974 0.4413
vn 0.0464 -0.8507 0.5236
vn -0.1022 -0.8310 0.5468
vn -0.0880 -0.8930 0.4413
vn 0.2161 0.3234 0.9213
vn 0.1488 0.3593 0.9213
vn 0.7805 -0.1428 0.6086
vn 0.7363 -0.1465 0.6606
vn 0.7729 -0.2162 0.5966
vn 0.8527 -0.1147 0.5096
vn 0.8930 -0.0880 0.4413
vn 0.8327 -0.1942 0.5186
vn 0.8801 -0.1751 0.4413
vn -0.8653 -0.0579 0.4979
vn -0.8337 0.0770 0.5468
vn -0.8930 0.0880 0.4413
vn -0.5397 -0.5192 0.6628
vn 0.5942 0.5647 0.5728
vn 0.5397 0.5191 0.6628
vn -0.2161 -0.3234 0.9213
vn 0.2482 -0.5993 0.7611
vn 0.3073 -0.5749 0.7583
vn 0.5394 -0.3604 0.7611
vn -0.2172 0.4064 0.8875
vn 0.2722 0.8226 0.4993
vn 0.4361 0.7366 0.5170
vn -0.2940 -0.7840 0.5468
vn -0.3204 -0.7281 0.6060
vn 0.7201 0.4715 0.5090
vn 0.7461 0.4986 0.4413
vn 0.7201 0.4715 0.5091
vn 0.5834 0.6306 0.5118
vn 0.6345 0.6345 0.4413
vn 0.5693 0.6937 0.4413
vn -0.7207 -0.4707 0.5090
vn -0.7461 -0.4986 0.4413
vn -0.7207 -0.4706 0.5091
vn -0.7914 -0.4230 0.4413
vn 0.5019 0.6146 0.6086
vn 0.4484 0.6711 0.5904
vn 0.8930 0.0879 0.4413
vn 0.1823 -0.6804 0.7098
vn 0.5296 -0.4645 0.7098
vn -0.0000 0.8047 0.5937
vn -0.0592 0.4732 0.8790
vn -0.0998 0.5583 0.8236
vn -0.1343 0.4671 0.8740
vn -0.0000 0.4696 0.8829
vn -0.0000 0.5464 0.8375
vn 0.0592 0.4732 0.8790
vn 0.0998 0.5583 0.8236
vn 0.0759 0.3814 0.9213
vn -0.4019 0.7547 0.5186
vn -0.4230 0.7914 0.4413
vn -0.7914 0.4230 0.4413
vn -0.6858 0.4957 0.5329
vn -0.7461 0.4985 0.4413
vn -0.3845 -0.7618 0.5214
vn -0.3434 -0.8290 0.4413
vn 0.8587 0.2605 0.4413
vn 0.8263 0.1354 0.5468
vn 0.8801 0.1751 0.4413
vn 0.1751 0.8801 0.4413
vn 0.4230 0.7914 0.4413
vn 0.5131 0.6839 0.5186
vn 0.4985 0.7461 0.4413
vn -0.6345 0.6345 0.4413
vn 0.2734 -0.7263 0.6306
vn 0.3409 -0.7108 0.6153
vn 0.6308 -0.4521 0.6306
vn 0.6783 -0.4016 0.6153
vn -0.0231 -0.7061 0.7077
vn -0.7450 0.4219 0.5167
vn -0.7462 0.4985 0.4413
vn -0.6937 0.5693 0.4413
vn 0.3889 -0.0000 0.9213
vn -0.3434 -0.8291 0.4413
vn -0.2605 -0.8587 0.4413
vn 0.0740 0.6354 0.7687
vn 0.1644 0.6413 0.7494
vn -0.0740 0.6354 0.7686
vn -0.0000 0.6189 0.7855
vn 0.0879 -0.8931 0.4413
vn 0.5693 -0.6937 0.4413
vn 0.8587 -0.2605 0.4413
vn -0.8801 -0.1751 0.4413
vn -0.8091 -0.0236 0.5871
vn -0.8159 -0.2018 0.5418
vn -0.8587 -0.2605 0.4413
vn -0.6345 -0.6345 0.4413
vn -0.2161 0.3234 0.9213
vn 0.0759 -0.3814 0.9213
vn 0.2750 -0.2750 0.9213
vn 0.1949 0.5499 0.8122
vn -0.8410 0.1915 0.5060
vn -0.4897 -0.7030 0.5157
vn -0.4986 -0.7461 0.4413
vn -0.7207 -0.4706 0.5090
vn 0.3593 -0.1488 0.9213
vn -0.1488 0.3593 0.9213
vn -0.0000 -0.3889 0.9213
vn 0.2161 -0.3233 0.9213
vn -0.8501 0.0179 0.5263
vn -0.8931 0.0879 0.4413
vn -0.5132 -0.0963 0.8528
vn -0.0195 -0.8632 0.5045
vn -0.0879 -0.8930 0.4413
vn 0.4360 0.7366 0.5170
vn 0.4985 0.7462 0.4413
vn 0.6345 -0.6345 0.4413
vn 0.5845 -0.6241 0.5185
vn 0.1751 -0.8801 0.4413
vn 0.2605 -0.8587 0.4414
vn 0.1393 -0.8436 0.5185
vn 0.0880 -0.8930 0.4413
vn 0.8327 -0.1942 0.5185
vn 0.8461 -0.0004 0.5330
vn 0.8930 -0.0879 0.4413
vn -0.6858 0.4958 0.5328
vn -0.7461 0.4986 0.4413
vn 0.3434 -0.8290 0.4413
vn 0.7462 -0.4985 0.4413
vn 0.5693 0.6936 0.4413
vn -0.0759 0.3814 0.9213
vn -0.0000 0.3888 0.9213
vn -0.4985 0.7461 0.4413
vn 0.1752 -0.8801 0.4413
vn 0.5131 0.6840 0.5185
vn 0.4986 0.7461 0.4413
vn -0.6291 0.5531 0.5462
vn -0.0000 -0.0000 1.0000
vn -0.5000 -0.8660 -0.0000
vn 0.5000 -0.8660 -0.0000
vn 0.5000 0.8660 -0.0000
vn -0.5000 0.8660 -0.0000
vn -0.0002 -0.0000 1.0000
vn 0.2161 -0.3234 0.9213
vn 0.0003 -0.0000 1.0000
vn 0.0001 -0.0000 1.0000
vt -0.080000 0.068612
vt -0.080000 0.000000
vt -0.000000 0.068612
vt -0.080000 0.136563
vt -0.080000 0.203199
vt -0.000000 0.136563
vt -0.000000 0.203199
vt -0.000000 0.267878
vt -0.080000 0.267878
vt -0.080000 0.329978
vt -0.000000 0.329978
vt -0.080000 0.388899
vt -0.000000 0.388899
vt -0.000000 0.444075
vt -0.080000 0.444075
vt -0.494975 0.080000
vt -0.494975 0.000000
vt -0.444075 0.080000
vt -0.444075 0.000000
vt -0.388899 0.080000
vt -0.388899 0.000000
vt -0.329978 0.080000
vt -0.329978 0.000000
vt -0.267878 0.080000
vt -0.267878 0.000000
vt -0.203199 0.000000
vt -0.203199 0.080000
vt -0.136563 0.000000
vt -0.136563 0.080000
vt -0.068612 0.000000
vt -0.068612 0.080000
vt -0.000000 0.000000
vt -0.000000 0.080000
vt 0.068612 0.000000
vt 0.068612 0.080000
vt 0.136563 0.000000
vt 0.203199 0.080000
vt 0.136563 0.080000
vt 0.203199 0.000000
vt 0.267878 0.080000
vt 0.267878 0.000000
vt 0.329978 0.080000
vt 0.329978 0.000000
vt 0.388899 0.080000
vt 0.494975 0.080000
vt 0.444075 0.000000
vt 0.494975 0.000000
vt 0.080000 0.444075
vt 0.000000 0.494975
vt 0.080000 0.388899
vt 0.080000 0.329978
vt 0.080000 0.267878
vt 0.080000 0.203199
vt 0.080000 0.136563
vt 0.080000 0.068612
vt 0.080000 0.000000
vt 0.388899 0.000000
vt 0.444075 0.080000
vt 0.000000 -0.068612
vt 0.080000 -0.068612
vt 0.000000 -0.136563
vt 0.080000 -0.136563
vt 0.000000 -0.203199
vt 0.080000 -0.203199
vt 0.000000 -0.267878
vt 0.080000 -0.267878
vt 0.000000 -0.329978
vt 0.080000 -0.329978
vt 0.000000 -0.388899
vt 0.080000 -0.388899
vt 0.000000 -0.444075
vt 0.080000 -0.444075
vt 0.000000 -0.494975
vt 0.080000 -0.494975
vt -0.080000 -0.494975
vt -0.080000 -0.444075
vt -0.080000 -0.388899
vt -0.080000 -0.329978
vt -0.080000 -0.267878
vt -0.080000 -0.203199
vt -0.080000 -0.068612
vt -0.080000 -0.136563
vt 0.080000 0.494975
vt -0.080000 0.494975
vt 0.250000 0.039207
vt 2.900000 0.039207
vt 0.250000 0.078036
vt 2.900000 0.078036
vt 0.250000 0.116114
vt 2.900000 0.116114
vt 0.250000 0.153073
vt 2.900000 0.153073
vt 0.250000 0.188559
vt 0.250000 0.222228
vt 2.900000 0.188559
vt 2.900000 0.222228
vt 2.900000 0.253757
vt 0.250000 0.253757
vt 0.250000 0.282843
vt -0.282843 -2.900000
vt -0.253757 -0.250000
vt -0.282843 -0.250000
vt -0.253757 -2.900000
vt -0.222228 -2.900000
vt -0.222228 -0.250000
vt -0.188559 -0.250000
vt -0.188559 -2.900000
vt -0.153073 -0.250000
vt -0.153073 -2.900000
vt -0.116114 -0.250000
vt -0.116114 -2.900000
vt -0.078036 -0.250000
vt -0.039207 -0.250000
vt -0.078036 -2.900000
vt -0.039207 -2.900000
vt -0.000000 -2.900000
vt -0.000000 -0.250000
vt 0.039207 -0.250000
vt 0.039207 -2.900000
vt 0.078036 -0.250000
vt 0.078036 -2.900000
vt 0.116114 -2.900000
vt 0.116114 -0.250000
vt 0.153073 -0.250000
vt 0.153073 -2.900000
vt 0.188559 -0.250000
vt 0.188559 -2.900000
vt 0.222228 -0.250000
vt 0.222228 -2.900000
vt 0.253757 -0.250000
vt 0.282843 -0.250000
vt 0.253757 -2.900000
vt 0.282843 -2.900000
vt -2.900000 0.253757
vt -0.250000 0.253757
vt -2.900000 0.282843
vt -0.250000 0.222228
vt -2.900000 0.222228
vt -0.250000 0.188559
vt -2.900000 0.188559
vt -2.900000 0.153073
vt -0.250000 0.153073
vt -0.250000 0.116114
vt -2.900000 0.116114
vt -0.250000 0.078036
vt -2.900000 0.078036
vt -0.250000 0.039207
vt -2.900000 0.039207
vt -0.250000 -0.000000
vt -0.250000 -0.039207
vt -2.900000 0.000000
vt -2.900000 -0.039207
vt -2.900000 -0.078036
vt -0.250000 -0.078036
vt -0.250000 -0.116114
vt -2.900000 -0.116114
vt -0.250000 -0.153073
vt -2.900000 -0.153073
vt -2.900000 -0.188559
vt -0.250000 -0.188559
vt -0.250000 -0.222228
vt -2.900000 -0.222228
vt -0.250000 -0.253757
vt -2.900000 -0.253757
vt -0.250000 -0.282843
vt -2.900000 -0.282843
vt 2.900000 -0.039207
vt 0.250000 0.000000
vt 0.250000 -0.039207
vt 2.900000 -0.078036
vt 0.250000 -0.078036
vt 2.900000 -0.116114
vt 0.250000 -0.116114
vt 2.900000 -0.153073
vt 0.250000 -0.153073
vt 2.900000 -0.188559
vt 0.250000 -0.188559
vt 2.900000 -0.222228
vt 0.250000 -0.222228
vt 2.900000 -0.253757
vt 0.250000 -0.253757
vt 2.900000 -0.282843
vt 0.250000 -0.282843
vt -0.250000 0.282843
vt 2.900000 0.282843
vt 2.900000 0.000000
vt -0.398074 0.039207
vt -0.696629 0.068612
vt -0.700000 0.000000
vt -0.686550 0.136563
vt -0.392314 0.078036
vt -0.669858 0.203199
vt -0.382776 0.116114
vt -0.369552 0.153073
vt -0.646716 0.267878
vt -0.617345 0.329978
vt -0.352769 0.188559
vt -0.582029 0.388899
vt -0.332588 0.222228
vt -0.541107 0.444075
vt -0.309204 0.253757
vt -0.253757 0.309204
vt -0.388899 0.582029
vt -0.444075 0.541107
vt -0.494975 0.494975
vt -0.222228 0.332588
vt -0.329978 0.617345
vt -0.188559 0.352769
vt -0.267878 0.646716
vt -0.153073 0.369552
vt -0.203199 0.669858
vt -0.116114 0.382776
vt -0.078036 0.392314
vt -0.136563 0.686550
vt -0.039207 0.398074
vt -0.068612 0.696629
vt -0.000000 0.400000
vt -0.000000 0.700000
vt 0.039207 0.398074
vt 0.068612 0.696629
vt 0.136563 0.686550
vt 0.078036 0.392314
vt 0.203199 0.669858
vt 0.329978 0.617345
vt 0.267878 0.646716
vt 0.153073 0.369552
vt 0.388899 0.582029
vt 0.188559 0.352769
vt 0.222228 0.332588
vt 0.253757 0.309204
vt 0.282843 0.282843
vt 0.494975 0.494975
vt 0.444075 0.541107
vt 0.309204 0.253757
vt 0.582029 0.388899
vt 0.541107 0.444075
vt 0.332588 0.222228
vt 0.617345 0.329978
vt 0.352769 0.188559
vt 0.646716 0.267878
vt 0.369552 0.153073
vt 0.669858 0.203199
vt 0.382776 0.116114
vt 0.392314 0.078036
vt 0.686550 0.136563
vt 0.398074 0.039207
vt 0.696629 0.068612
vt 0.400000 0.000000
vt 0.700000 -0.000000
vt 0.398074 -0.039207
vt 0.696629 -0.068612
vt 0.686550 -0.136563
vt 0.392314 -0.078036
vt 0.669858 -0.203199
vt 0.617345 -0.329978
vt 0.646716 -0.267878
vt 0.369552 -0.153073
vt 0.582029 -0.388899
vt 0.352769 -0.188559
vt 0.332588 -0.222228
vt 0.309204 -0.253757
vt 0.282843 -0.282843
vt 0.494975 -0.494975
vt 0.541107 -0.444075
vt 0.253757 -0.309204
vt 0.388899 -0.582029
vt 0.444075 -0.541107
vt 0.222228 -0.332588
vt 0.329978 -0.617345
vt 0.188559 -0.352769
vt 0.267878 -0.646716
vt 0.153073 -0.369552
vt 0.203199 -0.669858
vt 0.116114 -0.382776
vt 0.078036 -0.392314
vt 0.136563 -0.686550
vt 0.039207 -0.398074
vt 0.068612 -0.696629
vt -0.000000 -0.400000
vt -0.000000 -0.700000
vt -0.039207 -0.398074
vt -0.068612 -0.696629
vt -0.136563 -0.686550
vt -0.078036 -0.392314
vt -0.203199 -0.669858
vt -0.329978 -0.617345
vt -0.267878 -0.646716
vt -0.153073 -0.369552
vt -0.388899 -0.582029
vt -0.188559 -0.352769
vt -0.222228 -0.332588
vt -0.253757 -0.309204
vt -0.282843 -0.282843
vt -0.494975 -0.494975
vt -0.444075 -0.541107
vt -0.309204 -0.253757
vt -0.582029 -0.388899
vt -0.541107 -0.444075
vt -0.332588 -0.222228
vt -0.617345 -0.329978
vt -0.352769 -0.188559
vt -0.646716 -0.267878
vt -0.369552 -0.153073
vt -0.669858 -0.203199
vt -0.382776 -0.116114
vt -0.400000 0.000000
vt -0.398074 -0.039207
vt -0.696629 -0.068612
vt -0.392314 -0.078036
vt -0.686550 -0.136563
vt -0.116114 -0.382776
vt 0.382776 -0.116114
vt 0.116114 0.382776
vt -0.282843 0.282843
vt -0.000000 0.039207
vt -0.000000 0.078036
vt -0.000000 0.116114
vt -0.000000 0.153073
vt -0.000000 0.188559
vt -0.000000 0.222228
vt -0.000000 0.253757
vt -0.000000 0.282843
vt -0.253757 0.000000
vt -0.282843 0.000000
vt -0.222228 0.000000
vt -0.188559 0.000000
vt -0.153073 0.000000
vt -0.116114 0.000000
vt -0.078036 0.000000
vt -0.039207 0.000000
vt 0.039207 0.000000
vt 0.078036 0.000000
vt 0.116114 0.000000
vt 0.153073 0.000000
vt 0.188559 0.000000
vt 0.222228 0.000000
vt 0.253757 0.000000
vt 0.282843 0.000000
vt 0.000000 -0.039207
vt 0.000000 -0.078036
vt 0.000000 -0.116114
vt 0.000000 -0.153073
vt 0.000000 -0.188559
vt 0.000000 -0.222228
vt 0.000000 -0.253757
vt 0.000000 -0.282843
vt -0.277164 -0.114805
vt -0.300000 0.000000
vt -0.294236 -0.058527
vt -0.249441 -0.166671
vt -0.212132 -0.212132
vt -0.166671 -0.249441
vt -0.114805 -0.277164
vt -0.058527 -0.294236
vt -0.000000 -0.300000
vt 0.058527 -0.294236
vt 0.114805 -0.277164
vt 0.166671 -0.249441
vt 0.212132 -0.212132
vt 0.277164 -0.114805
vt 0.249441 -0.166671
vt 0.294236 -0.058527
vt 0.300000 0.000000
vt 0.294236 0.058527
vt 0.277164 0.114805
vt 0.249441 0.166671
vt 0.212132 0.212132
vt 0.114805 0.277164
vt 0.166671 0.249441
vt 0.058527 0.294236
vt -0.000000 0.300000
vt -0.058527 0.294236
vt -0.114805 0.277164
vt -0.166671 0.249441
vt -0.212132 0.212132
vt -0.249441 0.166671
vt -0.277164 0.114805
vt -0.294236 0.058527
vt -0.147343 0.243736
vt -0.122272 0.280863
vt -0.164967 0.283791
vt -0.128316 0.203548
vt -0.072009 0.229467
vt -0.339804 0.158955
vt -0.386736 0.160191
vt -0.359983 0.120740
vt -0.333720 0.194295
vt 0.089608 -0.364285
vt 0.081665 -0.410556
vt 0.125456 -0.365213
vt 0.062170 -0.312552
vt 0.048191 -0.376621
vt 0.008136 0.549170
vt -0.008186 0.506478
vt 0.026192 0.479751
vt -0.021627 0.575338
vt -0.059352 0.532653
vt 0.159630 -0.344506
vt 0.164400 -0.384965
vt 0.193491 -0.349666
vt 0.121952 -0.294417
vt 0.306744 -0.223773
vt 0.345495 -0.236344
vt 0.333463 -0.196437
vt 0.305199 -0.257989
vt -0.159630 0.344506
vt -0.164400 0.384965
vt -0.193491 0.349666
vt -0.121952 0.294417
vt -0.124127 0.365667
vt -0.306744 0.223773
vt -0.345495 0.236344
vt -0.305199 0.257989
vt -0.087841 0.364715
vt -0.062170 0.312552
vt -0.033382 0.398234
vt 0.344345 0.476005
vt 0.321055 0.454984
vt 0.371942 0.444234
vt 0.335043 0.525913
vt 0.288297 0.486700
vt -0.123546 -0.212617
vt -0.141674 -0.173150
vt -0.147761 -0.258598
vt -0.472201 0.186555
vt -0.479425 0.143317
vt -0.432586 0.158749
vt -0.186555 0.426263
vt -0.188278 0.390155
vt -0.127465 0.424239
vt -0.274936 0.162838
vt -0.235095 0.154816
vt -0.229616 0.201120
vt 0.537586 0.162838
vt 0.507124 0.129971
vt 0.562769 0.097123
vt -0.393857 0.252932
vt -0.343826 0.301527
vt -0.417511 0.223164
vt 0.171235 -0.435634
vt 0.137424 -0.453026
vt 0.210373 -0.464302
vt 0.228656 -0.396044
vt -0.171235 0.435634
vt -0.137424 0.453026
vt -0.210373 0.464302
vt -0.228656 0.396044
vt 0.186958 0.429121
vt 0.155963 0.388460
vt 0.194315 0.363892
vt 0.179555 0.477067
vt 0.118361 0.441730
vt 0.393857 -0.252932
vt 0.343826 -0.301527
vt 0.417511 -0.223164
vt 0.092065 0.244840
vt 0.094702 0.279826
vt 0.047547 0.248871
vt 0.134965 0.203548
vt 0.156803 0.262834
vt -0.553340 0.203935
vt -0.519723 0.199937
vt -0.510106 0.244507
vt 0.244840 0.203935
vt 0.248871 0.160608
vt 0.279826 0.199937
vt 0.339755 -0.161767
vt 0.386529 -0.167103
vt 0.376227 -0.108178
vt -0.131898 -0.136134
vt -0.263488 -0.053143
vt -0.228981 -0.064953
vt -0.246332 0.000000
vt -0.265223 -0.097123
vt -0.263488 0.053143
vt -0.228981 0.064953
vt -0.265223 0.097123
vt -0.294414 0.000000
vt 0.215536 -0.161134
vt 0.178618 -0.152538
vt 0.149238 -0.232935
vt 0.244473 -0.115113
vt -0.403317 0.215536
vt -0.433568 0.178618
vt -0.385180 0.149238
vt -0.403317 -0.463282
vt -0.417227 -0.417227
vt -0.433568 -0.473157
vt 0.045212 0.122520
vt 0.081789 0.142587
vt -0.013962 0.143837
vt 0.223164 0.417511
vt 0.199128 0.330859
vt 0.269416 0.385428
vt 0.159366 0.339611
vt 0.121952 0.294417
vt 0.177046 0.264969
vt 0.110433 0.384070
vt 0.350055 0.361751
vt 0.313807 0.343016
vt 0.353508 0.290116
vt 0.326314 0.399586
vt -0.230908 0.254264
vt -0.261479 0.253035
vt -0.275918 0.202600
vt -0.200253 0.307100
vt 0.182450 0.203224
vt 0.217301 0.178618
vt 0.212934 0.226765
vt 0.114974 0.203548
vt 0.157785 0.155434
vt -0.492135 0.095826
vt -0.450421 0.087893
vt -0.437621 0.132751
vt -0.513412 0.050567
vt 0.256374 0.064623
vt 0.213615 0.065305
vt 0.203548 -0.000000
vt 0.273559 0.109847
vt 0.217706 0.132250
vt -0.077478 0.570676
vt -0.094579 0.514480
vt 0.448231 0.124218
vt 0.410815 0.155434
vt 0.155846 0.140140
vt 0.117694 0.170447
vt 0.189394 0.168565
vt -0.498694 0.372205
vt -0.468116 0.359198
vt -0.477383 0.415592
vt 0.205235 0.372205
vt 0.178618 0.336910
vt 0.223358 0.294136
vt -0.123227 -0.489957
vt -0.132951 -0.455895
vt 0.467139 0.123227
vt 0.130000 -0.369146
vt 0.141753 -0.399612
vt 0.166488 -0.316809
vt 0.132530 -0.294081
vt -0.262818 0.130000
vt -0.220925 0.141753
vt -0.295964 0.166488
vt -0.338574 0.132530
vt 0.453465 -0.240892
vt 0.463025 -0.202843
vt -0.344345 0.247355
vt -0.392617 0.213495
vt -0.335043 0.203548
vt 0.398142 0.398142
vt 0.432506 0.424085
vt -0.333176 0.477054
vt -0.340760 0.522227
vt -0.399181 0.472615
vt -0.296932 0.469851
vt -0.260971 0.529198
vt 0.333176 -0.477054
vt 0.340760 -0.522227
vt 0.399181 -0.472615
vt 0.296932 -0.469851
vt 0.260971 -0.529198
vt -0.256467 0.489765
vt -0.214565 0.532346
vt -0.189665 0.244473
vt 0.164967 0.527666
vt 0.232577 0.501936
vt 0.256467 -0.489765
vt 0.190466 -0.519379
vt 0.071131 0.218344
vt 0.077478 0.260091
vt 0.021627 0.260271
vt 0.145714 -0.522185
vt 0.156803 -0.551487
vt 0.092868 -0.488506
vt 0.094702 -0.548742
vt -0.132319 0.139536
vt -0.172043 0.098318
vt -0.130897 0.056175
vt 0.310259 -0.311263
vt 0.262864 -0.271281
vt 0.251384 -0.327610
vt 0.000710 0.439482
vt 0.005952 0.377698
vt 0.053900 0.409411
vt -0.029910 0.456334
vt -0.310259 0.311263
vt -0.262864 0.271281
vt -0.251384 0.327610
vt 0.184685 0.223358
vt 0.190466 0.283448
vt -0.149654 0.128593
vt -0.108817 0.148824
vt -0.200699 0.155434
vt 0.012927 0.223801
vt 0.046072 0.189394
vt -0.054066 0.231845
vt -0.047652 0.173786
vt 0.257783 0.209823
vt 0.260971 0.244473
vt 0.298562 0.155434
vt 0.340760 0.203548
vt -0.097719 -0.517436
vt -0.068894 -0.482565
vt -0.137424 -0.453026
vt -0.061692 -0.544988
vt -0.055189 0.273559
vt -0.033266 0.208985
vt -0.195286 -0.486403
vt -0.189394 -0.430430
vt -0.243192 -0.454980
vt -0.163011 -0.517005
vt 0.225337 -0.225337
vt 0.177046 -0.264969
vt 0.000000 0.318675
vt 0.062170 0.312552
vt -0.225337 0.225337
vt -0.177046 0.264969
vt -0.133030 0.232371
vt -0.174089 0.244625
vt -0.142926 0.183049
vt -0.137989 0.314052
vt -0.471919 0.238920
vt -0.472241 0.288132
vt 0.259650 0.460839
vt 0.278973 0.540158
vt 0.262933 0.193745
vt 0.300690 0.155434
vt -0.219612 0.193745
vt -0.278973 0.223358
vt -0.183848 -0.142882
vt -0.235095 -0.154816
vt -0.223951 -0.200830
vt -0.172043 -0.098318
vt -0.517933 -0.304072
vt -0.472882 -0.294057
vt -0.520198 -0.215473
vt -0.518479 -0.346436
vt -0.473214 -0.374169
vt -0.261712 -0.540575
vt -0.229818 -0.507218
vt -0.312818 -0.468166
vt -0.261712 0.232220
vt -0.238629 0.203548
vt -0.190785 0.232969
vt 0.493191 0.334257
vt 0.461551 0.313278
vt 0.515904 0.253035
vt 0.467886 0.376728
vt -0.246028 0.138827
vt -0.266984 0.178618
vt -0.329705 0.136548
vt 0.264969 0.138827
vt 0.223875 0.178618
vt 0.178602 0.140082
vt 0.059530 -0.516552
vt -0.007331 -0.504038
vt 0.000000 -0.563058
vt -0.457088 0.132951
vt -0.487723 0.137989
vt 0.132951 -0.154805
vt 0.137989 -0.108853
vt -0.270728 -0.170797
vt -0.263221 -0.226946
vt -0.184248 0.146082
vt -0.474757 0.173160
vt -0.506062 0.148836
vt -0.377640 0.352840
vt -0.417490 0.366129
vt -0.414339 0.296911
vt -0.366472 0.388437
vt 0.377640 -0.352840
vt 0.417490 -0.366129
vt 0.414339 -0.296911
vt 0.366472 -0.388437
vt -0.067193 0.462630
vt 0.214565 0.262179
vt -0.170285 0.494414
vt -0.157768 0.558886
vt 0.058303 0.129860
vt -0.000267 0.148824
vt -0.309331 -0.169705
vt -0.362518 -0.209300
vt -0.287976 -0.236336
vt -0.294417 -0.121952
vt -0.383064 -0.165238
vt -0.351482 0.030751
vt -0.417703 0.027378
vt -0.370744 -0.036515
vt -0.312552 0.062170
vt -0.392779 0.073684
vt 0.220841 0.275162
vt 0.254827 0.332097
vt 0.225337 0.225337
vt 0.287516 0.302701
vt -0.038411 -0.350727
vt -0.054638 -0.415018
vt -0.004359 -0.399607
vt -0.062170 -0.312552
vt -0.108142 -0.356496
vt -0.162916 -0.312959
vt -0.185142 -0.375430
vt -0.177046 -0.264969
vt -0.226705 -0.350209
vt -0.426755 -0.182247
vt -0.350866 -0.106434
vt -0.437621 -0.132751
vt -0.253583 -0.388625
vt -0.232603 -0.283428
vt -0.290116 -0.353508
vt 0.135893 0.461210
vt 0.442099 0.178618
vt 0.135893 0.382682
vt 0.146749 0.418637
vt -0.350873 -0.265203
vt -0.365951 -0.300329
vt -0.317770 -0.297624
vt -0.396609 -0.252668
vt -0.144402 -0.415443
vt -0.439079 -0.025573
vt -0.471131 -0.046402
vt -0.429567 -0.070922
vt -0.470143 0.010259
vt -0.023022 -0.441334
vt 0.044824 -0.455111
vt -0.130897 -0.056175
vt -0.138696 0.000000
vt -0.266315 0.380337
vt -0.316088 0.411934
vt -0.320715 0.357756
vt -0.357200 0.435250
vt -0.265313 0.437222
vt 0.080626 0.457252
vt 0.067773 0.514790
vt 0.055189 0.560347
vt 0.121558 0.496767
vt 0.122272 0.542197
vt 0.266315 -0.380337
vt 0.316088 -0.411934
vt 0.320715 -0.357756
vt 0.357200 -0.435250
vt 0.265313 -0.437222
vt -0.294417 0.121952
vt 0.230240 0.113848
vt 0.283428 0.232603
vt -0.170448 -0.216991
vt -0.189617 -0.286565
vt -0.157594 0.363754
vt 0.431940 0.290637
vt 0.407210 0.335844
vt 0.417511 0.223164
vt 0.470427 0.248281
vt -0.420814 -0.320478
vt -0.419873 -0.360192
vt -0.360440 -0.360440
vt -0.527942 -0.032676
vt -0.549224 -0.066220
vt -0.499944 -0.099445
vt 0.395996 0.186803
vt 0.369728 0.229911
vt 0.437824 0.155161
vt 0.157768 0.254869
vt 0.479479 0.201944
vt 0.522860 0.202600
vt 0.229028 -0.048207
vt 0.196502 -0.075278
vt -0.477306 -0.409462
vt 0.229028 -0.374169
vt 0.203548 -0.346436
vt 0.196502 -0.409462
vt 0.523105 -0.313394
vt 0.472989 -0.297313
vt 0.468116 -0.359198
vt -0.221077 -0.313394
vt 0.127465 0.015259
vt 0.141753 -0.036303
vt 0.159133 0.079973
vt 0.264969 -0.177046
vt 0.294417 -0.121952
vt -0.111981 0.205495
vt -0.115113 0.244473
vt -0.169380 0.196502
vt -0.089633 0.131266
vt -0.151741 0.137989
vt -0.060243 0.159133
vt -0.442099 0.465197
vt -0.408046 0.424187
vt 0.399181 0.209952
vt 0.442099 -0.465197
vt 0.408046 -0.424187
vt -0.264969 0.177046
vt -0.474391 -0.196499
vt -0.454980 -0.243192
vt -0.285273 -0.426941
vt 0.328549 0.175613
vt 0.500875 0.390155
vt 0.472201 0.426263
vt -0.237869 0.334257
vt -0.136810 -0.340775
vt 0.190979 0.415592
vt 0.178618 0.465197
vt 0.159133 0.229955
vt -0.190785 -0.568821
vt 0.000000 0.273559
vt 0.203548 0.251140
vt 0.368418 0.130844
vt 0.367736 0.130844
vt 0.481816 -0.393466
vt -0.205519 -0.393466
vt -0.191844 -0.351291
vt -0.244473 -0.359198
vt 0.281381 -0.143720
vt -0.536371 -0.143720
vt -0.366129 -0.417490
vt -0.194288 0.000000
vt -0.532053 0.294136
vt 0.270867 0.244507
vt 0.381653 0.047738
vt 0.445270 0.079626
vt 0.376227 0.108178
vt 0.379124 0.000000
vt 0.436768 0.000000
vt 0.381653 -0.047738
vt 0.445270 -0.079626
vt 0.312552 -0.062170
vt 0.392617 0.474483
vt -0.387549 0.148694
vt 0.140082 0.300536
vt 0.105901 0.159133
vt 0.526121 -0.226946
vt 0.539419 -0.170797
vt 0.059352 0.299904
vt -0.137989 -0.400990
vt -0.552239 0.109847
vt 0.222028 -0.214530
vt 0.273559 -0.215473
vt 0.210532 -0.267352
vt -0.354745 -0.495046
vt -0.314913 -0.531959
vt 0.283448 -0.066220
vt 0.279826 0.018220
vt -0.115113 -0.578710
vt -0.178618 -0.465197
vt 0.047547 -0.584215
vt 0.137989 -0.456802
vt 0.178618 -0.473157
vt 0.000000 -0.318675
vt 0.503306 -0.058622
vt 0.562769 -0.097123
vt 0.570259 -0.053143
vt 0.507124 -0.129971
vt 0.503306 0.058622
vt 0.491147 0.000000
vt 0.541827 0.000000
vt 0.018442 0.189394
vt 0.485306 0.135893
vt 0.264969 0.177046
vt -0.312552 -0.062170
vt -0.225337 -0.225337
vt -0.314913 0.210532
vt -0.354745 0.222028
vt 0.437824 -0.155161
vt 0.189665 0.558734
vt -0.121952 -0.294417
vt 0.294417 0.121952
vt -0.318675 0.000000
vt -0.264969 -0.177046
vt 0.306288 -0.032676
vt -0.077181 0.411423
vt 0.232220 -0.304072
vt -0.008136 0.287329
vt 0.333176 0.253602
vt 0.244473 0.359198
vt -0.556556 0.018220
vt -0.575733 0.064623
vt 0.432586 0.492065
vt -0.232095 0.376728
vt -0.061692 0.288068
vt -0.563714 0.160608
vt 0.312552 0.062170
vt 0.318675 0.000000
vt -0.143317 0.460809
vt 0.570259 0.053143
vt -0.163011 0.294162
vt -0.232577 0.283448
vt 0.492705 0.132951
vt -0.229818 0.279826
vt 0.132951 -0.491599
vt -0.144338 0.250000
vt -0.288675 0.000000
vt 0.144338 0.250000
vt 0.144338 -0.250000
vt 0.288675 0.000000
vt -0.144338 -0.250000
vt 0.440000 0.000000
vt 0.110000 0.000000
vt 0.440000 -0.250000
vt 0.110000 -0.250000
vt 0.440000 0.250000
vt 0.110000 0.250000
vt -0.144338 0.440000
vt -0.144338 0.110000
vt 0.144338 0.440000
vt 0.144338 0.110000
vt -0.440000 0.000000
vt -0.110000 0.000000
vt -0.440000 0.250000
vt -0.110000 0.250000
vt -0.440000 -0.250000
vt -0.110000 -0.250000
s 1
usemtl Diffuse_175_196_221_100.005
f 1/1/1 2/2/2 3/3/1
f 4/4/3 1/1/1 3/3/1
f 5/5/4 4/4/3 6/6/3
f 7/7/4 5/5/4 6/6/3
f 8/8/5 9/9/5 7/7/4
f 8/8/5 10/10/6 9/9/5
f 11/11/6 12/12/7 10/10/6
f 11/11/6 13/13/7 12/12/7
f 13/13/7 14/14/8 15/15/8
f 16/16/9 17/17/10 18/18/11
f 18/18/11 19/19/11 20/20/12
f 20/20/12 21/21/12 22/22/13
f 22/22/13 23/23/13 24/24/14
f 25/25/14 26/26/15 27/27/15
f 26/26/15 28/28/16 29/29/16
f 28/28/16 30/30/17 31/31/17
f 30/30/17 32/32/18 33/33/18
f 32/32/18 34/34/19 35/35/19
f 36/36/20 37/37/21 38/38/20
f 39/39/21 40/40/22 37/37/21
f 41/41/22 42/42/23 40/40/22
f 43/43/23 44/44/24 42/42/23
f 45/45/25 46/46/26 47/47/25
f 48/48/27 47/49/25 49/14/28
f 50/50/29 49/14/28 51/13/30
f 52/51/31 51/13/30 53/11/31
f 54/52/32 53/11/31 55/8/33
f 56/53/34 55/8/33 57/7/34
f 58/54/35 57/7/34 59/6/35
f 60/55/36 59/6/35 61/3/36
f 62/56/37 61/3/36 63/32/37
f 64/57/24 65/58/26 44/44/24
f 66/59/38 67/60/38 63/32/37
f 68/61/39 69/62/39 66/59/38
f 70/63/40 71/64/40 68/61/39
f 72/65/41 73/66/41 70/63/40
f 74/67/42 75/68/42 72/65/41
f 76/69/43 77/70/43 74/67/42
f 78/71/44 79/72/44 76/69/43
f 80/73/45 81/74/46 78/71/44
f 82/19/47 83/18/47 80/17/45
f 84/21/48 85/20/48 82/19/47
f 86/23/49 87/22/49 84/21/48
f 86/23/49 88/24/50 87/22/49
f 89/25/50 90/27/51 88/24/50
f 91/26/51 92/29/52 90/27/51
f 93/28/52 94/31/53 92/29/52
f 95/30/53 96/33/54 94/31/53
f 97/32/55 98/35/56 96/33/54
f 99/34/56 100/38/57 98/35/56
f 99/34/56 101/36/57 100/38/57
f 101/36/57 102/39/58 103/37/58
f 102/39/58 104/41/59 105/40/59
f 104/41/59 106/43/60 107/42/60
f 106/43/60 108/57/61 109/44/61
f 108/57/61 110/46/62 111/58/63
f 110/46/62 112/47/64 113/45/64
f 113/75/64 112/73/64 114/76/65
f 114/76/65 115/71/65 116/77/66
f 116/77/66 117/69/67 118/78/68
f 118/78/68 119/67/68 120/79/69
f 120/79/69 121/65/69 122/80/70
f 2/2/2 123/32/2 3/3/1
f 124/59/71 2/2/2 125/81/71
f 126/61/72 124/59/71 125/81/71
f 127/82/72 126/61/72 125/81/71
f 127/82/72 128/63/70 126/61/72
f 122/80/70 121/65/69 128/63/70
f 120/79/69 119/67/68 121/65/69
f 118/78/68 117/69/67 119/67/68
f 116/77/66 115/71/65 117/69/67
f 114/76/65 112/73/64 115/71/65
f 111/58/63 110/46/62 113/45/64
f 109/44/61 108/57/61 111/58/63
f 107/42/60 106/43/60 109/44/61
f 105/40/59 104/41/59 107/42/60
f 103/37/58 102/39/58 105/40/59
f 100/38/57 101/36/57 103/37/58
f 97/32/55 99/34/56 98/35/56
f 95/30/53 97/32/55 96/33/54
f 93/28/52 95/30/53 94/31/53
f 91/26/51 93/28/52 92/29/52
f 89/25/50 91/26/51 90/27/51
f 86/23/49 89/25/50 88/24/50
f 84/21/48 87/22/49 85/20/48
f 82/19/47 85/20/48 83/18/47
f 80/17/45 83/18/47 81/16/46
f 78/71/44 81/74/46 79/72/44
f 76/69/43 79/72/44 77/70/43
f 74/67/42 77/70/43 75/68/42
f 72/65/41 75/68/42 73/66/41
f 70/63/40 73/66/41 71/64/40
f 68/61/39 71/64/40 69/62/39
f 66/59/38 69/62/39 67/60/38
f 63/32/37 67/60/38 62/56/37
f 61/3/36 62/56/37 60/55/36
f 59/6/35 60/55/36 58/54/35
f 57/7/34 58/54/35 56/53/34
f 55/8/33 56/53/34 54/52/32
f 53/11/31 54/52/32 52/51/31
f 51/13/30 52/51/31 50/50/29
f 49/14/28 50/50/29 48/48/27
f 47/49/25 48/48/27 45/83/25
f 46/46/26 45/45/25 65/58/26
f 64/57/24 46/46/26 65/58/26
f 43/43/23 64/57/24 44/44/24
f 41/41/22 43/43/23 42/42/23
f 39/39/21 41/41/22 40/40/22
f 36/36/20 39/39/21 37/37/21
f 34/34/19 36/36/20 38/38/20
f 35/35/19 34/34/19 38/38/20
f 33/33/18 32/32/18 35/35/19
f 31/31/17 30/30/17 33/33/18
f 29/29/16 28/28/16 31/31/17
f 27/27/15 26/26/15 29/29/16
f 24/24/14 25/25/14 27/27/15
f 24/24/14 23/23/13 25/25/14
f 22/22/13 21/21/12 23/23/13
f 20/20/12 19/19/11 21/21/12
f 18/18/11 17/17/10 19/19/11
f 16/84/9 14/14/8 17/49/10
f 16/84/9 15/15/8 14/14/8
f 15/15/8 12/12/7 13/13/7
f 10/10/6 8/8/5 11/11/6
f 5/5/4 7/7/4 9/9/5
f 3/3/1 6/6/3 4/4/3
f 123/32/2 2/2/2 124/59/71
f 122/80/70 128/63/70 127/82/72
f 129/85/1 130/86/1 131/87/3
f 131/87/3 132/88/3 133/89/4
f 133/89/4 132/88/3 134/90/4
f 135/91/5 134/90/4 136/92/73
f 137/93/6 135/91/5 136/92/73
f 138/94/7 137/93/6 139/95/6
f 140/96/74 138/94/7 139/95/6
f 141/97/8 142/98/8 140/96/74
f 141/97/8 143/99/75 142/98/8
f 144/100/76 145/101/77 143/102/75
f 144/100/76 146/103/11 145/101/77
f 146/103/11 147/104/12 148/105/78
f 148/105/78 147/104/12 149/106/79
f 149/106/79 150/107/13 151/108/14
f 151/108/14 150/107/13 152/109/14
f 153/110/15 152/109/14 154/111/15
f 155/112/16 153/110/15 154/111/15
f 156/113/17 155/112/16 157/114/16
f 158/115/17 156/113/17 157/114/16
f 159/116/18 160/117/18 158/115/17
f 159/116/18 161/118/80 160/117/18
f 162/119/19 163/120/20 161/118/80
f 162/119/19 164/121/20 163/120/20
f 164/121/20 165/122/81 166/123/21
f 166/123/21 165/122/81 167/124/22
f 167/124/22 168/125/22 169/126/23
f 169/126/23 168/125/22 170/127/23
f 171/128/82 170/127/23 172/129/24
f 173/130/26 171/128/82 172/129/24
f 174/131/25 173/130/26 175/132/83
f 176/133/25 174/131/25 175/132/83
f 177/134/84 178/135/28 176/136/25
f 177/134/84 179/137/30 178/135/28
f 180/138/85 181/139/31 179/137/30
f 180/138/85 182/140/31 181/139/31
f 182/140/31 183/141/33 184/142/33
f 184/142/33 183/141/33 185/143/34
f 185/143/34 186/144/34 187/145/35
f 187/145/35 186/144/34 188/146/35
f 189/147/36 188/146/35 190/148/36
f 191/149/37 189/147/36 190/148/36
f 192/150/38 191/149/37 193/151/37
f 194/152/38 192/150/38 193/151/37
f 195/153/39 196/154/39 194/152/38
f 195/153/39 197/155/40 196/154/39
f 198/156/40 199/157/86 197/155/40
f 198/156/40 200/158/41 199/157/86
f 200/158/41 201/159/42 202/160/42
f 202/160/42 201/159/42 203/161/87
f 203/161/87 204/162/43 205/163/44
f 205/163/44 204/162/43 206/164/44
f 207/165/88 206/164/44 208/166/88
f 209/101/47 207/102/88 208/100/88
f 210/105/89 209/101/47 211/103/90
f 212/104/89 210/105/89 211/103/90
f 213/107/49 214/106/91 212/104/89
f 213/107/49 215/108/50 214/106/91
f 216/109/50 217/110/51 215/108/50
f 216/109/50 218/111/51 217/110/51
f 218/111/51 219/114/52 220/112/52
f 220/112/52 219/114/52 221/113/53
f 221/113/53 222/115/53 223/117/92
f 224/129/61 225/132/63 226/130/63
f 131/87/3 130/86/1 132/88/3
f 227/167/71 228/168/2 229/169/71
f 230/170/72 227/167/71 229/169/71
f 231/171/72 230/170/72 229/169/71
f 231/171/72 232/172/70 230/170/72
f 231/171/72 233/173/70 232/172/70
f 232/172/70 233/173/70 234/174/69
f 234/174/69 233/173/70 235/175/69
f 236/176/68 234/174/69 235/175/69
f 237/177/68 236/176/68 235/175/69
f 237/177/68 238/178/93 236/176/68
f 237/177/68 239/179/93 238/178/93
f 238/178/93 239/179/93 240/180/94
f 240/180/94 239/179/93 241/181/65
f 242/182/64 240/180/94 241/181/65
f 243/183/64 242/182/64 241/181/65
f 243/131/64 225/132/63 242/133/64
f 243/131/64 226/130/63 225/132/63
f 226/130/63 244/128/95 224/129/61
f 224/129/61 244/128/95 245/127/60
f 245/127/60 244/128/95 246/126/60
f 247/125/96 245/127/60 246/126/60
f 248/124/59 247/125/96 246/126/60
f 248/124/59 249/122/58 247/125/96
f 248/124/59 250/123/58 249/122/58
f 249/122/58 250/123/58 251/121/57
f 251/121/57 250/123/58 252/120/57
f 253/119/56 251/121/57 252/120/57
f 254/118/97 253/119/56 252/120/57
f 254/118/97 255/116/54 253/119/56
f 254/118/97 223/117/92 255/116/54
f 255/116/54 223/117/92 222/115/53
f 219/114/52 222/115/53 221/113/53
f 218/111/51 220/112/52 217/110/51
f 216/109/50 215/108/50 213/107/49
f 214/106/91 210/105/89 212/104/89
f 209/101/47 208/100/88 211/103/90
f 205/163/44 206/164/44 207/165/88
f 201/159/42 204/162/43 203/161/87
f 200/158/41 202/160/42 199/157/86
f 198/156/40 197/155/40 195/153/39
f 196/154/39 192/150/38 194/152/38
f 191/149/37 190/148/36 193/151/37
f 187/145/35 188/146/35 189/147/36
f 183/141/33 186/144/34 185/143/34
f 182/140/31 184/142/33 181/139/31
f 228/168/2 130/86/1 129/85/1
f 177/134/84 180/138/85 179/137/30
f 176/136/25 178/135/28 174/184/25
f 175/132/83 173/130/26 172/129/24
f 171/128/82 169/126/23 170/127/23
f 167/124/22 165/122/81 168/125/22
f 163/120/20 164/121/20 166/123/21
f 159/116/18 162/119/19 161/118/80
f 158/115/17 160/117/18 156/113/17
f 157/114/16 155/112/16 154/111/15
f 153/110/15 151/108/14 152/109/14
f 149/106/79 147/104/12 150/107/13
f 145/101/77 146/103/11 148/105/78
f 141/97/8 144/185/76 143/99/75
f 140/96/74 142/98/8 138/94/7
f 139/95/6 137/93/6 136/92/73
f 130/86/1 228/168/2 256/186/2
f 256/186/2 228/168/2 227/167/71
f 133/89/4 134/90/4 135/91/5
f 257/187/98 258/188/98 259/189/98
f 257/187/98 260/190/98 261/188/98
f 262/191/98 263/192/98 264/190/98
f 262/191/98 265/193/98 266/192/98
f 265/193/98 267/194/98 268/195/98
f 269/195/98 267/194/98 270/196/98
f 271/196/98 272/197/98 273/198/98
f 274/198/99 272/197/99 275/199/99
f 276/200/100 275/199/100 277/201/100
f 278/202/101 279/203/101 280/204/101
f 281/205/102 282/200/102 277/201/102
f 283/206/102 284/207/102 285/203/102
f 286/208/100 287/209/100 288/207/100
f 289/210/101 290/211/101 291/209/101
f 289/210/98 292/212/98 293/211/98
f 292/212/98 294/213/98 295/214/98
f 294/213/98 296/215/98 297/216/98
f 298/217/98 299/218/98 296/215/98
f 300/219/98 301/220/98 298/217/98
f 300/219/101 302/221/101 303/220/101
f 304/222/98 305/223/98 306/221/98
f 307/224/100 308/225/100 309/226/100
f 310/227/98 311/228/98 312/229/98
f 313/230/98 314/231/98 315/232/98
f 316/233/103 312/229/103 313/230/103
f 317/234/101 318/235/101 319/236/101
f 320/237/98 321/238/98 322/235/98
f 323/239/101 324/240/101 325/238/101
f 326/241/100 327/242/100 328/240/100
f 326/241/98 329/243/98 330/242/98
f 329/243/98 331/244/98 332/245/98
f 331/244/98 333/246/98 334/247/98
f 335/248/98 336/249/98 333/246/98
f 337/250/98 338/251/98 335/248/98
f 337/250/98 339/252/98 340/251/98
f 341/253/98 342/254/98 343/252/98
f 344/255/98 345/256/98 346/257/98
f 347/258/101 348/259/101 349/260/101
f 350/261/98 351/262/98 352/263/98
f 353/264/101 349/260/101 350/261/101
f 354/265/100 355/266/100 356/267/100
f 357/268/104 358/269/104 359/266/104
f 360/270/101 361/271/101 362/269/101
f 363/272/100 364/273/100 365/271/100
f 363/272/98 366/274/98 367/273/98
f 366/274/98 368/275/98 369/276/98
f 368/275/100 370/277/100 371/278/100
f 372/279/98 373/280/98 370/277/98
f 374/281/100 375/282/100 372/279/100
f 374/281/98 376/283/98 377/282/98
f 378/284/98 379/285/98 380/283/98
f 381/286/101 382/287/101 383/288/101
f 384/289/101 385/290/101 386/291/101
f 387/292/98 388/293/98 389/294/98
f 390/295/99 386/291/99 387/292/99
f 391/296/98 392/297/98 393/298/98
f 394/299/102 395/300/102 396/297/102
f 397/301/98 398/302/98 399/300/98
f 400/303/100 401/304/100 402/302/100
f 400/303/98 403/305/98 404/304/98
f 405/189/98 406/306/98 257/187/98
f 407/307/98 408/189/98 409/308/98
f 407/307/98 406/306/98 410/189/98
f 411/309/98 407/307/98 412/308/98
f 413/310/98 411/309/98 414/308/98
f 415/310/98 403/305/98 411/309/98
f 416/310/98 417/304/98 403/305/98
f 418/302/104 397/301/104 400/303/104
f 419/300/100 394/299/100 397/301/100
f 420/297/100 391/296/100 394/299/100
f 421/298/101 388/293/101 391/296/101
f 422/298/98 423/294/98 388/293/98
f 424/294/98 425/295/98 387/292/98
f 426/295/98 427/289/98 386/291/98
f 428/289/98 429/286/98 385/290/98
f 383/288/98 385/290/98 430/286/98
f 431/311/98 383/288/98 432/287/98
f 433/285/98 431/311/98 434/287/98
f 435/285/101 378/284/101 431/311/101
f 436/283/100 374/281/100 378/284/100
f 437/280/98 372/279/98 438/282/98
f 439/276/98 440/273/98 366/274/98
f 368/275/100 441/278/100 442/276/100
f 443/271/101 360/270/101 363/272/101
f 444/269/100 357/268/100 360/270/100
f 445/266/100 354/265/100 357/268/100
f 446/267/101 351/262/101 354/265/101
f 447/267/98 448/263/98 351/262/98
f 449/263/98 450/264/98 350/261/98
f 451/264/98 452/258/98 349/260/98
f 453/258/98 454/255/98 348/259/98
f 455/278/98 370/277/98 456/280/98
f 457/312/98 346/257/98 458/256/98
f 459/254/98 457/312/98 460/256/98
f 461/254/98 341/253/98 457/312/98
f 462/252/101 337/250/101 341/253/101
f 463/249/98 335/248/98 464/251/98
f 465/245/98 466/242/98 329/243/98
f 331/244/98 467/247/98 468/245/98
f 469/240/104 323/239/104 326/241/104
f 470/238/100 320/237/100 323/239/100
f 471/235/100 317/234/100 320/237/100
f 472/236/101 314/231/101 317/234/101
f 473/236/98 474/232/98 314/231/98
f 475/232/102 476/233/102 313/230/102
f 477/233/98 478/227/98 312/229/98
f 479/227/101 480/224/101 311/228/101
f 309/226/98 311/228/98 481/224/98
f 482/313/98 309/226/98 483/225/98
f 484/223/101 482/313/101 485/225/101
f 486/223/104 304/222/104 482/313/104
f 487/221/101 300/219/101 304/222/101
f 488/218/98 298/217/98 489/220/98
f 490/214/98 491/211/98 292/212/98
f 294/213/101 492/216/101 493/214/101
f 494/209/100 286/208/100 289/210/100
f 495/207/101 283/206/101 286/208/101
f 496/203/98 278/202/98 283/206/98
f 497/204/104 498/314/104 278/202/104
f 499/204/98 500/205/98 498/314/98
f 498/314/98 501/205/98 277/201/98
f 502/200/103 503/198/103 275/199/103
f 504/196/100 267/194/100 272/197/100
f 505/195/98 506/192/98 265/193/98
f 507/247/98 333/246/98 508/249/98
f 346/257/98 348/259/98 509/255/98
f 257/187/98 262/191/98 510/190/98
f 511/216/98 296/215/98 512/218/98
f 513/315/1 129/85/1 514/316/3
f 515/316/3 131/87/3 516/317/4
f 517/317/4 131/87/3 133/89/4
f 518/318/73 133/89/4 135/91/5
f 519/319/6 520/318/73 135/91/73
f 521/320/7 522/319/6 137/93/6
f 138/94/7 523/320/7 137/93/6
f 142/98/8 524/321/8 138/94/7
f 142/98/8 525/322/105 526/321/8
f 143/102/9 527/323/11 528/324/9
f 143/102/75 145/101/77 529/323/11
f 145/101/77 148/105/78 530/325/12
f 531/325/106 148/105/106 532/326/13
f 533/326/13 149/106/13 534/327/14
f 535/327/107 149/106/79 151/108/14
f 536/328/108 151/108/14 153/110/15
f 537/329/16 538/328/15 153/110/15
f 539/330/17 540/329/109 155/112/109
f 156/113/17 541/330/17 155/112/16
f 160/117/18 542/32/18 156/113/17
f 160/117/18 543/331/19 544/32/18
f 161/118/19 545/332/110 546/331/19
f 161/118/80 163/120/20 547/332/110
f 163/120/20 166/123/21 548/333/21
f 549/333/21 166/123/21 550/334/22
f 551/334/22 167/124/22 552/335/23
f 553/335/23 167/124/22 169/126/23
f 554/336/111 169/126/23 171/128/82
f 555/337/26 556/336/112 171/128/112
f 557/338/113 558/337/26 173/130/26
f 174/131/25 559/338/25 173/130/26
f 178/135/28 560/321/28 174/184/25
f 178/135/28 561/320/30 562/321/28
f 179/137/30 563/319/31 564/320/30
f 179/137/30 181/139/31 565/319/31
f 181/139/31 184/142/33 566/318/33
f 567/318/33 184/142/33 568/317/34
f 569/317/34 185/143/34 570/316/35
f 571/316/35 185/143/34 187/145/35
f 572/315/36 187/145/35 189/147/36
f 573/32/37 574/315/36 189/147/36
f 575/339/38 576/32/37 191/149/37
f 577/340/39 578/339/38 192/150/38
f 196/154/39 579/340/39 192/150/38
f 197/155/40 580/341/40 196/154/39
f 197/155/40 581/342/41 582/341/40
f 199/157/41 583/343/42 584/342/41
f 199/157/86 202/160/42 585/343/42
f 202/160/42 203/161/87 586/344/43
f 587/344/114 203/161/114 588/345/44
f 589/345/44 205/163/44 590/346/46
f 591/346/88 205/163/44 207/165/88
f 592/323/47 207/102/88 209/101/47
f 593/325/48 594/323/47 209/101/47
f 595/326/115 596/325/89 210/105/89
f 214/106/91 597/326/49 210/105/89
f 215/108/50 598/327/50 214/106/91
f 215/108/50 599/328/51 600/327/50
f 217/110/51 601/329/52 602/328/51
f 217/110/51 220/112/52 603/329/52
f 220/112/52 221/113/53 604/330/53
f 248/124/59 605/334/59 250/123/58
f 606/335/60 607/334/59 248/124/59
f 241/181/65 239/179/93 608/344/116
f 239/179/93 609/343/68 610/344/93
f 611/316/3 129/85/1 131/87/3
f 229/169/71 612/32/2 613/339/71
f 231/171/72 229/169/71 614/339/117
f 615/340/72 231/171/72 616/339/71
f 617/340/72 233/173/70 231/171/72
f 618/340/72 619/341/70 233/173/70
f 233/173/70 620/341/70 235/175/69
f 235/175/118 621/341/70 622/342/118
f 237/177/68 235/175/69 623/342/69
f 624/343/68 237/177/68 625/342/69
f 626/343/68 239/179/93 237/177/68
f 627/344/119 628/345/65 241/181/65
f 241/181/65 629/345/65 243/183/64
f 243/183/120 630/345/65 631/346/120
f 226/130/63 243/131/64 632/338/121
f 633/337/63 226/130/63 634/338/64
f 635/337/63 244/128/95 226/130/63
f 636/337/122 637/336/61 244/128/61
f 244/128/95 638/336/61 246/126/60
f 246/126/60 639/336/95 640/335/60
f 248/124/59 246/126/60 641/335/60
f 642/333/58 250/123/58 643/334/59
f 644/333/58 252/120/57 250/123/58
f 645/333/58 646/332/57 252/120/57
f 252/120/57 647/332/123 254/118/97
f 254/118/56 648/332/123 649/331/56
f 223/117/92 254/118/97 650/331/97
f 651/32/92 223/117/54 652/331/56
f 653/32/92 221/113/53 223/117/92
f 654/32/55 655/330/53 221/113/53
f 220/112/124 656/330/53 657/329/124
f 217/110/51 658/328/51 215/108/50
f 659/327/50 660/326/49 214/106/49
f 661/325/89 209/101/47 210/105/89
f 662/324/125 207/102/125 663/323/47
f 203/161/87 205/163/44 664/345/44
f 202/160/42 665/344/87 666/343/42
f 199/157/86 667/342/41 197/155/40
f 668/341/40 669/340/39 196/154/39
f 670/339/38 191/149/37 192/150/38
f 671/32/37 189/147/36 191/149/37
f 672/316/35 187/145/35 673/315/36
f 184/142/33 185/143/34 674/317/34
f 181/139/31 675/318/33 676/319/31
f 179/137/30 677/320/30 178/135/28
f 678/321/28 679/322/25 174/184/25
f 680/337/26 171/128/82 173/130/26
f 681/335/23 169/126/23 682/336/82
f 166/123/21 167/124/22 683/334/22
f 163/120/20 684/333/21 685/332/20
f 161/118/80 686/331/19 160/117/18
f 687/32/18 688/330/17 156/113/17
f 689/329/16 153/110/15 155/112/16
f 690/327/14 151/108/14 691/328/108
f 148/105/78 149/106/79 692/326/13
f 145/101/11 693/325/12 694/323/11
f 143/99/75 695/322/105 142/98/8
f 696/321/8 697/320/126 138/94/126
f 698/319/6 135/91/5 137/93/6
f 699/317/4 133/89/4 700/318/73
f 129/85/1 701/32/2 228/168/2
f 228/168/2 702/32/2 229/169/71
f 129/85/1 703/315/1 704/32/2
f 705/347/100 706/348/98 707/349/98
f 708/350/103 706/348/98 705/347/100
f 709/351/98 706/348/98 708/350/103
f 710/352/103 706/348/98 709/351/98
f 711/353/98 712/354/100 706/348/98
f 711/353/98 706/348/98 710/352/103
f 712/354/100 713/355/98 706/348/98
f 713/355/98 714/356/98 706/348/98
f 706/348/98 714/356/98 715/357/100
f 706/348/98 715/357/100 716/358/102
f 706/348/98 716/358/102 717/359/101
f 718/360/98 706/348/98 719/361/100
f 706/348/98 717/359/101 719/361/100
f 720/362/98 721/363/98 706/348/98
f 721/363/98 722/364/98 706/348/98
f 706/348/98 722/364/98 723/365/98
f 706/348/98 723/365/98 724/366/98
f 706/348/98 724/366/98 725/367/100
f 726/368/98 706/348/98 727/369/99
f 706/348/98 725/367/100 727/369/99
f 728/370/98 706/348/98 726/368/98
f 729/371/100 706/348/98 728/370/98
f 729/371/100 730/372/104 706/348/98
f 730/372/104 731/373/103 706/348/98
f 731/373/103 732/374/101 706/348/98
f 706/348/98 733/375/98 734/376/101
f 732/374/101 733/375/98 706/348/98
f 706/348/98 734/376/101 735/377/103
f 706/348/98 735/377/103 736/378/98
f 720/362/98 706/348/98 718/360/98
f 737/187/127 738/378/128 739/191/128
f 740/191/129 741/378/129 742/193/130
f 743/193/131 744/378/129 745/377/132
f 746/194/132 747/193/133 748/377/132
f 749/197/134 750/377/132 751/376/135
f 752/199/135 753/197/134 754/376/136
f 755/201/137 756/199/138 757/376/138
f 758/375/139 759/201/137 760/376/138
f 761/202/140 762/314/139 763/375/139
f 764/374/141 765/202/140 766/375/139
f 767/374/141 768/206/141 769/202/140
f 770/373/142 771/208/143 772/374/144
f 773/373/142 774/210/142 775/208/143
f 776/373/142 777/212/145 778/210/142
f 779/373/142 780/372/146 781/212/147
f 782/372/148 783/215/149 784/213/148
f 785/372/148 786/371/150 787/215/149
f 788/215/149 789/371/151 790/217/151
f 791/217/150 792/371/150 793/219/152
f 794/219/152 795/370/153 796/222/153
f 797/222/154 798/370/154 799/313/155
f 800/313/156 801/370/154 802/368/157
f 803/226/157 804/313/158 805/368/157
f 806/228/159 807/368/157 808/369/160
f 809/229/160 810/228/159 811/369/160
f 812/230/161 813/229/162 814/369/162
f 815/231/163 816/230/161 817/367/163
f 818/234/164 819/231/163 820/367/163
f 821/366/165 822/234/164 823/367/163
f 824/366/166 825/237/166 826/234/164
f 827/365/167 828/239/168 829/366/169
f 830/365/170 831/241/167 832/239/168
f 833/365/167 834/243/171 835/241/167
f 836/365/167 837/364/172 838/243/173
f 839/364/174 840/246/175 841/244/174
f 842/364/174 843/363/176 844/246/175
f 845/246/175 846/363/177 847/248/177
f 848/363/176 849/362/178 850/250/179
f 851/250/179 852/362/178 853/253/178
f 854/253/180 855/362/180 856/312/181
f 857/312/182 858/362/180 859/360/183
f 860/257/183 861/360/183 862/259/184
f 863/259/184 864/360/183 865/361/185
f 866/260/185 867/259/184 868/361/186
f 869/261/187 870/260/188 871/361/188
f 872/262/189 873/261/187 874/359/189
f 875/265/190 876/262/189 877/359/189
f 878/358/191 879/265/190 880/359/189
f 881/270/192 882/268/193 883/358/194
f 884/357/195 885/270/192 886/358/194
f 887/357/195 888/272/195 889/270/192
f 890/357/195 891/274/196 892/272/195
f 893/356/197 894/275/197 895/274/198
f 896/356/199 897/277/200 898/275/199
f 899/356/199 900/355/201 901/277/200
f 902/277/200 903/355/201 904/279/201
f 905/355/202 906/354/203 907/281/204
f 908/281/204 909/354/203 910/284/203
f 911/353/205 912/290/206 913/288/205
f 914/292/207 915/352/208 916/351/209
f 917/349/210 918/305/211 919/347/212
f 920/347/212 921/305/213 922/303/212
f 923/307/214 924/349/215 925/348/216
f 926/307/214 927/309/215 928/349/215
f 929/306/217 930/348/217 931/187/127
f 932/305/218 933/349/210 934/309/210
f 935/350/219 936/299/219 937/296/220
f 938/303/212 939/301/221 940/347/212
f 941/347/212 942/301/221 943/350/222
f 944/350/222 945/301/221 946/299/223
f 947/351/209 948/350/219 949/296/220
f 950/293/209 951/351/209 952/296/220
f 953/293/209 954/292/207 955/351/209
f 956/292/207 957/291/208 958/352/208
f 959/352/224 960/291/224 961/290/206
f 962/353/205 963/352/224 964/290/206
f 965/311/225 966/353/205 967/288/205
f 968/311/226 969/354/227 970/353/205
f 971/311/228 972/284/227 973/354/227
f 974/355/201 975/281/204 976/279/201
f 977/356/197 978/274/229 979/357/195
f 980/268/191 981/265/190 982/358/191
f 983/261/187 984/361/188 985/359/189
f 986/312/230 987/360/183 988/257/183
f 989/363/177 990/250/179 991/248/177
f 992/364/172 993/244/172 994/243/231
f 995/239/168 996/237/169 997/366/169
f 998/230/161 999/369/162 1000/367/163
f 1001/226/157 1002/368/157 1003/228/159
f 1004/371/232 1005/370/153 1006/219/152
f 1007/372/146 1008/213/146 1009/212/233
f 1010/208/143 1011/206/144 1012/374/144
f 1013/314/139 1014/201/137 1015/375/139
f 1016/378/128 1017/187/127 1018/348/234
f 1019/348/217 1020/306/217 1021/307/214
f 1022/377/132 1023/197/134 1024/194/132
f 1025/379/235 1026/380/236 1027/381/237
f 1025/379/235 1028/382/238 1029/383/239
f 1030/384/240 1031/385/241 1032/386/242
f 1030/384/240 1033/387/243 1031/385/241
f 1034/388/244 1035/389/245 1036/390/246
f 1034/388/244 1037/391/247 1038/392/248
f 1039/393/249 1040/394/250 1041/395/251
f 1039/393/249 1042/396/252 1043/397/253
f 1044/398/254 1045/399/255 1046/400/256
f 1044/398/254 1047/401/257 1036/390/246
f 1048/402/258 1049/403/259 1050/404/260
f 1048/402/258 1051/405/261 1049/403/259
f 1052/406/262 1053/407/263 1054/408/264
f 1052/406/262 1055/409/265 1056/410/266
f 1057/411/267 1058/412/268 1033/387/243
f 1057/411/267 1059/413/269 1058/412/268
f 1060/414/270 1061/415/271 1062/416/272
f 1060/414/270 1056/410/266 1055/409/265
f 1063/417/273 1064/418/274 1065/419/275
f 1063/417/273 1066/420/276 1067/421/277
f 1068/422/278 1069/80/279 1070/423/280
f 1068/422/278 1071/424/281 1072/79/282
f 1073/425/283 1074/426/284 1075/427/285
f 1073/428/283 1076/429/286 1077/430/287
f 1078/431/288 1079/432/289 1080/433/290
f 1078/434/288 1081/435/291 1082/436/292
f 1083/437/293 1058/412/268 1084/438/294
f 1083/437/293 1085/439/295 1058/412/268
f 1086/440/296 1045/399/255 1087/441/297
f 1086/440/296 1088/442/298 1089/443/299
f 1090/444/300 1053/407/263 1091/445/301
f 1090/444/300 1092/446/302 1093/447/303
f 1094/448/304 1095/449/305 1096/450/306
f 1094/448/304 1097/451/307 1098/452/308
f 1099/453/309 1049/403/259 1100/454/310
f 1099/453/309 1101/455/311 1050/404/260
f 1102/456/312 1103/457/313 1104/458/314
f 1102/456/312 1105/459/315 1106/460/316
f 1107/461/317 1108/462/318 1109/463/319
f 1107/464/317 1110/465/320 1108/466/318
f 1111/467/321 1112/468/322 1113/469/323
f 1111/467/321 1050/404/260 1112/468/322
f 1114/470/324 1115/82/325 1116/81/326
f 1114/470/327 1070/423/280 1117/80/279
f 1118/471/328 1119/472/329 1120/473/330
f 1118/471/328 1121/474/331 1119/472/329
f 1122/475/332 1123/476/333 1082/477/292
f 1122/475/332 1124/478/334 1120/473/330
f 1125/479/335 1126/480/336 1127/481/337
f 1125/479/335 1128/482/338 1126/480/336
f 1129/483/339 1130/484/340 1131/485/341
f 1129/486/339 1132/487/342 1130/488/340
f 1133/489/343 1134/35/344 1135/490/345
f 1133/489/343 1136/491/346 1137/33/347
f 1096/450/306 1138/492/348 1094/448/304
f 1096/450/306 1139/493/349 1140/494/350
f 1141/495/351 1142/496/352 1143/497/353
f 1141/495/351 1095/449/305 1144/498/354
f 1145/499/355 1146/500/356 1147/501/357
f 1145/499/355 1148/502/358 1146/500/356
f 1149/503/359 1150/504/360 1151/505/361
f 1149/503/359 1152/506/362 1150/504/360
f 1153/507/363 1154/508/364 1155/509/365
f 1153/507/363 1156/510/366 1157/511/367
f 1158/512/368 1159/513/369 1160/514/370
f 1158/512/368 1161/515/371 1159/513/369
f 1162/516/372 1163/517/373 1164/518/374
f 1162/516/372 1165/519/375 1166/520/376
f 1043/397/253 1167/521/377 1168/522/378
f 1043/397/253 1040/394/250 1039/393/249
f 1169/523/379 1170/58/380 1171/45/381
f 1169/523/379 1172/524/382 1173/58/380
f 1174/525/383 1175/526/384 1176/54/385
f 1174/525/383 1177/527/386 1175/526/384
f 1178/528/387 1179/529/388 1180/530/389
f 1178/531/387 1181/532/390 1182/533/391
f 1183/534/392 1184/75/393 1185/535/394
f 1183/536/392 1186/524/395 1187/58/396
f 1188/537/397 1189/70/398 1190/538/399
f 1188/537/397 1191/539/400 1192/540/401
f 1193/541/402 1194/24/403 1195/542/404
f 1193/541/402 1196/543/405 1197/544/406
f 1198/545/407 1101/455/311 1099/453/309
f 1198/545/407 1199/546/408 1101/455/311
f 1063/547/273 1200/548/409 1066/549/276
f 1065/419/275 1201/550/410 1202/551/411
f 1203/552/412 1204/553/413 1205/554/414
f 1203/552/412 1206/555/415 1207/556/416
f 1208/557/417 1209/558/418 1210/559/419
f 1208/557/417 1211/560/420 1212/561/421
f 1213/562/422 1207/556/416 1206/555/415
f 1213/562/422 1092/446/302 1214/563/423
f 1027/381/237 1215/564/424 1025/379/235
f 1027/565/237 1097/451/307 1216/566/425
f 1217/567/426 1212/561/421 1211/560/420
f 1217/567/426 1088/442/298 1218/568/427
f 1219/569/428 1167/570/377 1042/571/252
f 1219/569/428 1156/510/366 1167/570/377
f 1220/572/429 1106/573/316 1218/568/427
f 1220/572/429 1221/574/430 1103/575/313
f 1222/576/431 1223/4/432 1224/5/433
f 1222/576/431 1225/577/434 1226/578/435
f 1227/579/436 1228/580/437 1229/581/438
f 1227/579/436 1100/454/310 1051/405/261
f 1230/582/439 1231/583/440 1232/584/441
f 1230/582/439 1233/585/442 1062/416/272
f 1234/586/443 1235/587/444 1236/588/445
f 1234/586/443 1084/438/294 1059/413/269
f 1166/520/376 1177/527/386 1174/525/383
f 1166/520/376 1110/465/320 1177/527/386
f 1106/460/316 1237/589/446 1218/590/427
f 1106/460/316 1103/457/313 1102/456/312
f 1238/591/447 1239/29/448 1240/592/449
f 1238/591/447 1241/593/450 1242/27/451
f 1243/594/452 1244/595/453 1104/458/314
f 1243/594/452 1245/596/454 1246/597/455
f 1247/598/456 1207/599/416 1155/509/365
f 1247/598/456 1248/600/457 1204/601/413
f 1249/602/458 1250/603/459 1251/604/460
f 1249/602/458 1252/605/461 1250/603/459
f 1029/383/239 1253/606/462 1026/380/236
f 1029/383/239 1254/607/463 1253/606/462
f 1255/608/464 1256/609/465 1257/610/466
f 1255/608/464 1258/611/467 1251/604/460
f 1228/580/437 1259/612/468 1260/613/469
f 1228/580/437 1051/405/261 1259/612/468
f 1231/583/440 1261/614/470 1262/615/471
f 1231/583/440 1062/416/272 1261/614/470
f 1235/587/444 1263/616/472 1264/617/473
f 1235/587/444 1059/413/269 1263/616/472
f 1265/618/474 1266/619/475 1267/620/476
f 1265/618/474 1268/9/477 1269/621/478
f 1109/463/319 1270/622/479 1271/623/480
f 1109/463/319 1108/462/318 1270/622/479
f 1067/421/277 1272/624/481 1064/418/274
f 1067/421/277 1273/625/482 1216/566/425
f 1274/626/483 1212/599/421 1237/589/446
f 1274/626/483 1275/627/484 1209/601/418
f 1276/628/485 1215/564/424 1273/629/482
f 1276/628/485 1241/593/450 1028/382/238
f 1277/630/486 1278/631/487 1279/632/488
f 1277/630/486 1280/633/489 1119/472/329
f 1281/634/490 1282/635/491 1283/636/492
f 1281/634/490 1284/637/493 1285/638/494
f 1286/639/495 1287/640/496 1288/641/497
f 1286/642/495 1289/643/498 1290/644/499
f 1291/645/500 1292/646/501 1150/647/360
f 1291/645/500 1293/648/502 1292/646/501
f 1294/649/503 1295/24/504 1296/27/451
f 1294/649/505 1297/650/506 1298/651/507
f 1299/652/508 1300/40/509 1301/42/510
f 1299/652/508 1302/653/511 1303/654/512
f 1304/655/513 1103/575/313 1221/574/430
f 1304/655/513 1305/656/514 1306/657/515
f 1307/658/516 1130/484/340 1308/659/517
f 1307/658/516 1309/18/518 1131/485/341
f 1310/660/519 1126/480/336 1311/661/520
f 1310/660/519 1312/64/521 1127/481/337
f 1313/662/522 1278/631/487 1121/474/331
f 1313/662/522 1314/663/523 1279/632/488
f 1315/664/524 1079/432/289 1123/476/333
f 1315/664/524 1267/620/476 1266/619/475
f 1316/665/525 1160/514/370 1031/385/241
f 1316/665/525 1317/666/526 1160/514/370
f 1318/667/527 1319/668/528 1320/669/529
f 1318/667/527 1321/670/530 1319/668/528
f 1322/671/531 1323/672/532 1324/673/533
f 1322/671/531 1325/674/534 1323/672/532
f 1326/675/535 1168/522/378 1091/445/301
f 1326/675/535 1233/585/442 1040/394/250
f 1214/676/423 1155/509/365 1207/599/416
f 1214/563/423 1327/677/536 1328/678/537
f 1329/679/538 1330/35/539 1331/38/540
f 1329/679/538 1332/680/541 1333/33/542
f 1334/681/543 1335/682/544 1336/683/545
f 1334/681/543 1337/684/546 1338/685/547
f 1339/686/548 1340/687/549 1341/688/550
f 1339/686/548 1342/689/551 1343/690/552
f 1344/691/553 1345/692/554 1139/493/349
f 1344/691/553 1346/693/555 1347/694/556
f 1348/695/557 1349/696/558 1350/697/559
f 1348/695/557 1351/698/560 1352/699/561
f 1353/700/562 1354/701/563 1352/699/561
f 1353/700/562 1355/702/564 1356/703/565
f 1338/685/547 1357/704/566 1335/682/544
f 1338/685/547 1358/705/567 1359/706/568
f 1356/703/565 1360/707/569 1354/701/563
f 1356/703/565 1361/708/570 1362/709/571
f 1363/710/572 1364/83/573 1365/48/574
f 1169/523/379 1366/711/575 1172/524/382
f 1367/712/576 1368/50/577 1369/51/578
f 1367/712/576 1370/713/579 1371/48/580
f 1372/714/581 1373/715/582 1374/716/583
f 1372/714/581 1375/717/584 1373/715/582
f 1376/718/585 1251/604/460 1349/696/558
f 1376/718/585 1256/609/465 1251/604/460
f 1377/719/586 1378/720/587 1379/721/588
f 1377/719/586 1380/722/589 1378/720/587
f 1381/723/590 1305/656/514 1382/724/591
f 1381/723/590 1349/696/558 1250/603/459
f 1383/725/592 1384/81/326 1385/2/593
f 1383/725/592 1280/633/489 1114/470/327
f 1222/576/431 1386/1/594 1387/4/432
f 1226/578/435 1388/726/595 1389/2/593
f 1390/727/596 1236/588/445 1093/447/303
f 1390/727/596 1391/728/597 1392/729/598
f 1391/728/597 1393/730/599 1321/670/530
f 1391/728/597 1394/731/600 1206/555/415
f 1395/732/601 1232/584/441 1098/452/308
f 1395/732/601 1396/733/602 1041/395/251
f 1396/733/602 1253/734/462 1039/393/249
f 1396/733/602 1397/735/603 1026/736/236
f 1398/737/604 1229/581/438 1089/443/299
f 1398/737/604 1399/738/605 1400/739/606
f 1399/738/605 1401/740/607 1325/674/534
f 1399/738/605 1402/741/608 1211/560/420
f 1038/392/248 1035/389/245 1034/388/244
f 1038/392/248 1350/697/559 1382/724/591
f 1032/386/242 1031/385/241 1160/514/370
f 1032/386/242 1403/742/609 1030/384/240
f 1404/743/610 1154/508/364 1157/511/367
f 1404/743/610 1405/40/611 1248/600/457
f 1347/694/556 1146/500/356 1345/692/554
f 1347/694/556 1406/744/612 1147/501/357
f 1279/632/488 1407/745/613 1277/630/486
f 1279/632/488 1314/663/523 1408/746/614
f 1077/430/615 1409/15/616 1410/84/617
f 1077/430/287 1411/747/618 1412/12/619
f 1192/540/401 1413/68/620 1188/537/397
f 1192/540/401 1127/481/337 1414/66/621
f 1197/544/406 1415/22/622 1193/541/402
f 1197/544/406 1131/485/341 1416/20/623
f 1417/748/624 1292/646/501 1418/749/625
f 1417/748/624 1419/750/626 1420/751/627
f 1421/752/628 1373/715/582 1375/717/584
f 1421/752/628 1422/753/629 1423/754/630
f 1424/755/631 1378/720/587 1380/722/589
f 1424/755/631 1425/756/632 1426/757/633
f 1427/758/634 1419/750/626 1428/759/635
f 1427/758/634 1429/760/636 1419/750/626
f 1325/674/534 1400/739/606 1399/738/605
f 1400/739/606 1322/671/531 1100/454/310
f 1321/670/530 1392/729/598 1391/728/597
f 1392/729/598 1318/667/527 1084/438/294
f 1247/598/456 1154/508/364 1248/600/457
f 1153/507/363 1328/761/537 1156/510/366
f 1430/762/637 1151/763/361 1150/647/360
f 1430/762/637 1429/760/636 1081/435/291
f 1431/764/638 1432/765/639 1128/482/338
f 1431/764/638 1164/518/374 1432/765/639
f 1285/638/494 1433/766/640 1132/487/342
f 1285/767/494 1284/768/493 1433/769/640
f 1434/770/641 1435/771/642 1436/772/643
f 1434/773/641 1408/746/614 1314/663/523
f 1437/774/644 1438/56/645 1439/775/646
f 1437/774/644 1440/776/647 1441/55/648
f 1050/404/260 1442/777/649 1048/402/258
f 1442/777/649 1111/467/321 1443/778/650
f 1444/779/651 1445/780/652 1446/781/653
f 1444/779/651 1246/597/455 1245/596/454
f 1140/494/350 1345/692/554 1146/500/356
f 1140/494/350 1138/492/348 1096/450/306
f 1256/609/465 1354/701/563 1360/707/569
f 1354/701/563 1376/718/585 1352/699/561
f 1375/717/584 1335/682/544 1357/704/566
f 1335/682/544 1372/714/581 1336/683/545
f 1380/722/589 1340/687/549 1159/513/369
f 1340/687/549 1377/719/586 1341/688/550
f 1447/782/654 1448/31/655 1332/680/541
f 1447/782/654 1449/783/656 1450/29/657
f 1133/489/658 1451/33/347 1452/35/344
f 1136/491/346 1453/784/659 1454/31/660
f 1080/433/290 1151/505/361 1078/431/288
f 1149/503/359 1266/619/475 1152/506/362
f 1205/554/414 1366/785/575 1455/786/661
f 1205/787/414 1204/601/413 1172/524/382
f 1210/559/419 1456/788/662 1457/789/663
f 1210/787/419 1209/601/418 1186/524/395
f 1034/388/244 1047/401/257 1037/391/247
f 1036/390/246 1045/399/255 1044/398/254
f 1033/387/243 1458/790/664 1057/411/267
f 1458/790/664 1030/384/240 1403/742/609
f 1357/704/566 1459/791/665 1460/792/666
f 1357/704/566 1359/706/568 1459/791/665
f 1360/707/569 1461/793/667 1257/610/466
f 1360/707/569 1362/709/571 1461/793/667
f 1272/624/481 1138/492/348 1140/494/350
f 1272/624/481 1216/566/425 1097/451/307
f 1270/622/479 1085/439/295 1320/669/529
f 1316/665/525 1108/462/318 1317/666/526
f 1060/414/270 1055/409/265 1061/415/271
f 1056/410/266 1053/407/263 1052/406/262
f 1428/759/635 1419/750/626 1417/748/624
f 1428/759/635 1462/794/668 1427/758/634
f 1374/716/583 1373/715/582 1423/754/630
f 1374/716/583 1336/683/545 1372/714/581
f 1379/721/588 1378/720/587 1426/757/633
f 1379/721/588 1341/688/550 1377/719/586
f 1293/648/502 1076/795/286 1073/796/283
f 1076/429/286 1291/797/500 1152/506/362
f 1068/422/669 1463/79/282 1464/80/279
f 1071/424/281 1408/746/614 1465/798/670
f 1178/531/387 1370/713/579 1367/712/576
f 1180/799/389 1366/800/575 1363/710/572
f 1175/526/384 1177/527/386 1466/801/671
f 1174/525/383 1467/54/385 1440/776/647
f 1290/802/499 1258/611/467 1287/640/496
f 1290/644/499 1446/781/653 1445/780/652
f 1102/456/312 1244/595/453 1105/459/315
f 1243/594/452 1306/803/515 1245/596/454
f 1162/516/372 1166/520/376 1163/517/373
f 1177/527/386 1107/464/317 1468/804/672
f 1469/805/673 1470/44/674 1471/58/396
f 1469/805/675 1275/627/484 1472/42/510
f 1146/500/356 1148/502/358 1140/494/350
f 1145/499/355 1147/501/357 1418/749/625
f 1185/535/676 1473/75/677 1474/76/678
f 1183/536/392 1456/711/662 1186/524/395
f 1475/806/679 1476/44/680 1477/58/380
f 1475/806/681 1248/600/457 1478/42/682
f 1479/807/683 1436/772/643 1457/789/663
f 1479/808/683 1480/809/684 1436/810/643
f 1159/513/369 1343/690/552 1160/514/370
f 1159/513/369 1161/515/371 1380/722/589
f 1329/679/538 1481/33/542 1482/35/685
f 1332/680/541 1246/597/455 1447/782/654
f 1150/647/360 1420/751/627 1430/762/637
f 1150/504/360 1152/506/362 1291/797/500
f 1483/811/686 1128/482/338 1125/479/335
f 1483/812/686 1426/757/633 1425/756/632
f 1484/813/687 1132/487/342 1129/486/339
f 1484/813/687 1423/754/630 1422/753/629
f 1123/476/333 1225/577/434 1315/664/524
f 1123/476/333 1120/473/330 1485/814/688
f 1119/472/329 1280/633/489 1485/814/688
f 1119/472/329 1121/474/331 1278/631/487
f 1240/592/449 1486/29/448 1487/31/660
f 1238/591/447 1028/382/238 1241/593/450
f 1139/493/349 1143/497/353 1344/691/553
f 1139/493/349 1096/450/306 1141/495/351
f 1220/572/429 1103/575/313 1106/573/316
f 1304/655/513 1382/724/591 1305/656/514
f 1327/677/536 1091/445/301 1168/522/378
f 1327/677/536 1092/446/302 1090/444/300
f 1213/562/422 1394/731/600 1092/446/302
f 1206/555/415 1393/730/599 1391/728/597
f 1217/567/426 1402/741/608 1088/442/298
f 1211/560/420 1401/740/607 1399/738/605
f 1027/565/237 1397/735/603 1097/451/307
f 1026/736/236 1253/734/462 1396/733/602
f 1461/793/667 1288/641/497 1257/610/466
f 1461/793/667 1362/709/571 1423/754/630
f 1459/791/665 1283/636/492 1460/792/666
f 1459/791/665 1359/706/568 1426/757/633
f 1067/421/277 1216/566/425 1272/624/481
f 1273/629/482 1297/650/506 1276/628/485
f 1182/815/391 1271/623/480 1179/529/388
f 1109/816/319 1468/804/672 1107/464/317
f 1220/572/429 1218/568/427 1087/441/297
f 1237/589/446 1302/653/511 1274/626/483
f 1488/817/689 1489/818/690 1490/819/691
f 1488/817/689 1491/820/692 1492/821/693
f 1493/822/694 1494/823/695 1492/821/693
f 1493/822/694 1495/824/696 1113/469/323
f 1269/621/697 1496/10/698 1497/12/619
f 1269/621/478 1266/619/475 1265/618/474
f 1293/648/502 1201/550/410 1418/749/625
f 1202/551/411 1200/825/409 1065/419/275
f 1243/594/452 1246/597/455 1332/680/541
f 1245/596/454 1445/780/652 1444/779/651
f 1294/649/503 1498/22/699 1499/24/504
f 1298/651/507 1500/826/700 1501/20/701
f 1043/397/253 1168/522/378 1326/675/535
f 1167/570/377 1156/510/366 1328/761/537
f 1455/786/661 1366/785/575 1180/530/389
f 1205/554/414 1393/730/599 1203/552/412
f 1457/789/663 1456/788/662 1479/807/683
f 1210/559/419 1401/740/607 1208/557/417
f 1502/827/702 1503/51/578 1504/52/703
f 1502/827/702 1181/532/390 1367/712/576
f 1299/652/508 1505/37/704 1506/40/509
f 1303/654/512 1507/828/705 1508/38/706
f 1254/607/463 1453/784/659 1136/491/346
f 1453/784/659 1029/383/239 1028/382/238
f 1199/546/408 1314/829/523 1313/830/522
f 1314/829/523 1198/545/407 1435/771/642
f 1114/470/327 1509/80/279 1510/82/707
f 1068/422/278 1407/745/613 1071/424/281
f 1043/831/253 1042/571/252 1167/570/377
f 1039/393/249 1041/395/251 1396/733/602
f 1430/762/637 1419/750/626 1429/760/636
f 1420/751/627 1292/646/501 1417/748/624
f 1071/424/281 1511/78/708 1512/79/282
f 1465/798/670 1513/832/709 1514/77/710
f 1270/622/479 1316/665/525 1085/439/295
f 1158/512/368 1165/833/375 1161/515/371
f 1074/426/284 1515/16/711 1075/427/285
f 1077/430/287 1076/429/286 1411/747/618
f 1516/834/712 1283/835/492 1483/811/686
f 1516/834/712 1517/836/713 1283/835/492
f 1518/837/714 1288/641/497 1484/813/687
f 1518/837/714 1519/838/715 1288/641/497
f 1051/405/261 1100/454/310 1049/403/259
f 1400/739/606 1227/579/436 1229/581/438
f 1144/498/354 1098/452/308 1232/584/441
f 1144/498/354 1095/449/305 1098/452/308
f 1046/400/256 1089/443/299 1229/581/438
f 1046/400/256 1045/399/255 1089/443/299
f 1062/416/272 1233/585/442 1326/675/535
f 1041/395/251 1230/582/439 1232/584/441
f 1054/408/264 1093/447/303 1236/588/445
f 1054/408/264 1053/407/263 1093/447/303
f 1059/413/269 1084/438/294 1058/412/268
f 1392/729/598 1234/586/443 1236/588/445
f 1425/839/632 1128/482/338 1483/811/686
f 1431/764/638 1520/840/716 1164/518/374
f 1422/753/629 1132/487/342 1484/813/687
f 1285/638/494 1282/635/491 1281/634/490
f 1077/430/615 1521/12/619 1522/15/616
f 1269/621/478 1152/506/362 1266/619/475
f 1298/651/717 1523/20/718 1524/22/699
f 1500/826/700 1075/427/285 1525/18/719
f 1445/841/652 1249/602/458 1258/611/467
f 1252/605/461 1306/657/515 1305/656/514
f 1480/809/684 1513/832/709 1465/798/670
f 1185/535/394 1479/808/683 1456/842/662
f 1304/655/513 1306/657/515 1104/843/314
f 1305/656/514 1250/603/459 1252/605/461
f 1433/769/640 1308/844/517 1130/845/340
f 1433/769/640 1284/768/493 1190/538/399
f 1432/765/639 1311/661/520 1126/480/336
f 1432/765/639 1164/518/374 1439/775/646
f 1444/779/651 1449/783/656 1447/782/654
f 1446/781/653 1289/643/498 1195/542/404
f 1417/748/624 1147/501/357 1428/759/635
f 1145/499/355 1201/550/410 1148/502/358
f 1350/697/559 1526/846/720 1348/695/557
f 1038/392/248 1382/724/591 1035/389/245
f 1032/386/242 1342/689/551 1403/742/609
f 1343/690/552 1340/687/549 1339/686/548
f 1466/801/671 1527/52/721 1528/53/722
f 1502/827/702 1468/804/672 1181/532/390
f 1303/654/512 1529/38/706 1530/37/704
f 1329/679/538 1244/595/453 1332/680/541
f 1531/847/723 1121/848/331 1118/849/328
f 1531/847/723 1494/823/695 1532/850/724
f 1533/851/725 1082/436/292 1081/435/291
f 1533/851/725 1534/852/726 1124/853/334
f 1435/771/642 1324/673/533 1323/672/532
f 1198/545/407 1314/829/523 1199/546/408
f 1163/517/373 1440/776/647 1164/518/374
f 1166/520/376 1165/519/375 1110/465/320
f 1319/668/528 1179/529/388 1271/623/480
f 1319/668/528 1321/670/530 1455/786/661
f 1323/672/532 1436/772/643 1435/771/642
f 1323/672/532 1325/674/534 1457/789/663
f 1439/775/646 1535/56/645 1536/60/727
f 1437/774/644 1164/518/374 1440/776/647
f 1190/538/399 1537/70/398 1538/72/728
f 1188/537/397 1284/768/493 1191/539/400
f 1195/542/404 1539/24/403 1540/27/729
f 1193/541/402 1289/643/498 1196/543/405
f 1135/490/345 1541/35/344 1542/38/730
f 1133/489/343 1543/854/731 1136/491/346
f 1157/511/732 1544/38/730 1545/37/733
f 1135/490/345 1156/510/366 1219/569/428
f 1394/731/600 1093/447/303 1092/446/302
f 1236/588/445 1390/727/596 1392/729/598
f 1402/741/608 1089/443/299 1088/442/298
f 1229/581/438 1398/737/604 1400/739/606
f 1397/735/603 1098/452/308 1097/451/307
f 1232/584/441 1395/732/601 1041/395/251
f 1363/855/572 1169/523/379 1546/45/734
f 1475/806/681 1204/601/413 1248/600/457
f 1183/536/392 1547/58/396 1548/45/677
f 1469/805/675 1209/601/418 1275/627/484
f 1347/694/556 1147/501/357 1146/500/356
f 1406/744/612 1549/856/735 1462/794/668
f 1338/685/547 1359/706/568 1357/704/566
f 1358/705/567 1550/857/736 1341/688/550
f 1356/703/565 1362/709/571 1360/707/569
f 1361/708/570 1551/858/737 1336/683/545
f 1188/537/397 1552/68/620 1553/70/398
f 1192/540/401 1517/836/713 1127/481/337
f 1193/541/402 1554/22/622 1555/24/403
f 1197/544/406 1519/859/715 1131/485/341
f 1265/618/474 1556/5/433 1557/9/477
f 1267/620/476 1315/664/524 1222/576/431
f 1130/488/340 1132/487/342 1433/766/640
f 1518/860/714 1131/485/341 1519/859/715
f 1126/480/336 1128/482/338 1432/765/639
f 1516/834/712 1127/481/337 1517/836/713
f 1200/548/409 1075/427/285 1500/826/700
f 1073/796/283 1202/551/411 1293/648/502
f 1533/851/725 1081/435/291 1489/818/690
f 1082/477/292 1079/432/289 1078/431/288
f 1121/848/331 1532/850/724 1313/830/522
f 1531/847/723 1118/849/328 1124/853/334
f 1050/404/260 1111/467/321 1442/777/649
f 1112/468/322 1558/861/738 1113/469/323
f 1111/467/321 1113/469/323 1443/778/650
f 1558/861/738 1532/850/724 1494/823/695
f 1429/760/636 1490/819/691 1489/818/690
f 1490/819/691 1427/758/634 1462/794/668
f 1255/608/464 1251/604/460 1256/609/465
f 1249/602/458 1445/841/652 1252/605/461
f 1272/624/481 1097/451/307 1138/492/348
f 1216/566/425 1215/862/424 1027/565/237
f 1271/623/480 1320/669/529 1319/668/528
f 1271/623/480 1182/815/391 1109/463/319
f 1218/568/427 1088/442/298 1087/441/297
f 1218/568/427 1212/561/421 1217/567/426
f 1238/591/739 1559/27/451 1560/29/448
f 1241/593/450 1276/628/485 1294/649/505
f 1469/805/675 1561/42/510 1562/44/674
f 1275/627/484 1274/626/483 1299/652/508
f 1367/712/740 1563/48/574 1564/50/741
f 1370/713/579 1180/799/389 1363/710/572
f 1033/387/243 1030/384/240 1458/790/664
f 1032/386/242 1160/514/370 1343/690/552
f 1350/697/559 1038/392/248 1526/846/720
f 1036/390/246 1087/441/297 1045/399/255
f 1531/847/723 1532/850/724 1121/848/331
f 1494/823/695 1113/469/323 1558/861/738
f 1489/818/690 1081/435/291 1429/760/636
f 1533/851/725 1492/821/693 1534/852/726
f 1475/806/742 1565/42/682 1566/44/680
f 1248/600/457 1154/508/364 1404/743/610
f 1352/699/561 1376/718/585 1349/696/558
f 1352/699/561 1567/863/743 1353/700/562
f 1406/744/612 1428/759/635 1147/501/357
f 1462/794/668 1568/864/744 1490/819/691
f 1358/705/567 1379/721/588 1359/706/568
f 1341/688/550 1569/865/745 1339/686/548
f 1361/708/570 1374/716/583 1362/709/571
f 1336/683/545 1570/866/746 1334/681/543
f 1461/793/667 1484/813/687 1288/641/497
f 1422/753/629 1421/752/628 1282/635/491
f 1459/791/665 1483/812/686 1283/636/492
f 1425/839/632 1424/867/631 1520/840/716
f 1136/491/747 1571/31/748 1572/33/347
f 1453/784/659 1028/382/238 1240/592/449
f 1091/445/301 1056/410/266 1573/868/749
f 1055/409/265 1052/406/262 1264/617/473
f 1059/413/269 1057/411/267 1263/616/472
f 1033/387/243 1085/439/295 1031/385/241
f 1062/416/272 1061/415/271 1261/614/470
f 1056/410/266 1091/445/301 1053/407/263
f 1139/493/349 1141/495/351 1143/497/353
f 1142/496/352 1144/498/354 1262/615/471
f 1034/388/244 1036/390/246 1047/401/257
f 1047/401/257 1044/398/254 1260/613/469
f 1051/405/261 1048/402/258 1259/612/468
f 1050/404/260 1101/455/311 1112/468/322
f 1129/486/339 1518/837/714 1484/813/687
f 1519/859/715 1196/543/405 1286/642/495
f 1125/479/335 1516/834/712 1483/811/686
f 1517/836/713 1191/539/400 1281/869/490
f 1039/870/249 1253/606/462 1042/571/252
f 1397/735/603 1395/732/601 1098/452/308
f 1321/670/530 1393/730/599 1455/786/661
f 1394/731/600 1390/727/596 1093/447/303
f 1325/674/534 1401/740/607 1457/789/663
f 1402/741/608 1398/737/604 1089/443/299
f 1356/703/565 1354/701/563 1353/700/562
f 1255/608/464 1287/640/496 1258/611/467
f 1338/685/547 1335/682/544 1334/681/543
f 1375/717/584 1460/792/666 1421/752/628
f 1159/513/369 1340/687/549 1343/690/552
f 1380/722/589 1161/515/371 1424/755/631
f 1025/379/235 1215/564/424 1276/628/485
f 1063/417/273 1067/421/277 1064/418/274
f 1203/871/412 1207/599/416 1204/601/413
f 1155/509/365 1214/676/423 1328/761/537
f 1208/871/417 1212/599/421 1209/601/418
f 1220/572/429 1087/441/297 1221/574/430
f 1182/533/391 1179/872/388 1178/531/387
f 1321/670/530 1318/667/527 1392/729/598
f 1434/773/641 1436/810/643 1480/809/684
f 1325/674/534 1322/671/531 1400/739/606
f 1347/694/556 1345/692/554 1344/691/553
f 1148/502/358 1064/418/274 1272/624/481
f 1219/569/428 1543/854/731 1135/490/345
f 1042/571/252 1253/606/462 1254/607/463
f 1236/588/445 1264/617/473 1054/408/264
f 1235/587/444 1234/586/443 1059/413/269
f 1232/584/441 1262/615/471 1144/498/354
f 1231/583/440 1230/582/439 1062/416/272
f 1229/581/438 1260/613/469 1046/400/256
f 1228/580/437 1227/579/436 1051/405/261
f 1155/509/365 1328/761/537 1153/507/363
f 1328/678/537 1168/522/378 1167/521/377
f 1437/774/750 1574/55/751 1575/56/645
f 1440/776/647 1166/520/376 1174/525/383
f 1250/603/459 1349/696/558 1251/604/460
f 1350/697/559 1381/723/590 1382/724/591
f 1277/630/486 1070/423/280 1114/470/327
f 1407/745/613 1408/746/614 1071/424/281
f 1513/832/709 1480/809/684 1479/808/683
f 1465/798/752 1576/77/753 1577/78/708
f 1080/433/290 1079/432/289 1315/664/524
f 1151/763/361 1430/762/637 1078/434/288
f 1307/658/516 1578/16/754 1579/18/518
f 1308/844/755 1580/72/728 1581/74/754
f 1310/660/519 1582/62/756 1583/64/757
f 1311/661/758 1584/60/759 1585/62/756
f 1447/782/654 1586/29/657 1587/31/655
f 1449/783/760 1588/27/729 1589/29/657
f 1269/621/478 1590/9/477 1591/10/698
f 1222/576/431 1315/664/524 1225/577/434
f 1383/725/592 1114/470/327 1592/81/326
f 1070/423/280 1277/630/486 1407/745/613
f 1267/620/476 1222/576/431 1593/5/433
f 1226/578/435 1485/814/688 1388/726/595
f 1502/827/702 1367/712/576 1594/51/578
f 1180/530/389 1179/529/388 1455/786/661
f 1241/593/450 1294/649/505 1595/27/451
f 1298/651/507 1066/549/276 1500/826/700
f 1275/627/484 1299/652/508 1596/42/510
f 1303/654/512 1105/459/315 1507/828/705
f 1339/686/548 1569/865/745 1342/689/551
f 1340/687/549 1380/722/589 1377/719/586
f 1334/681/543 1570/866/746 1337/684/546
f 1335/682/544 1375/717/584 1372/714/581
f 1344/691/553 1143/497/353 1346/693/555
f 1141/495/351 1096/450/306 1095/449/305
f 1353/700/562 1567/863/743 1355/702/564
f 1354/701/563 1256/609/465 1376/718/585
f 1349/696/558 1348/695/557 1352/699/561
f 1381/723/590 1250/603/459 1305/656/514
f 1332/680/761 1597/31/762 1598/33/542
f 1449/783/656 1444/779/651 1446/781/653
f 1422/753/629 1282/635/491 1285/638/494
f 1281/869/490 1283/835/492 1517/836/713
f 1290/644/499 1289/643/498 1446/781/653
f 1286/639/495 1288/641/497 1519/838/715
f 1425/839/632 1520/840/716 1431/764/638
f 1520/873/716 1161/515/371 1162/874/372
f 1110/465/320 1107/464/317 1177/527/386
f 1271/623/480 1270/622/479 1320/669/529
f 1237/589/446 1105/459/315 1302/653/511
f 1103/575/313 1304/655/513 1104/843/314
f 1273/629/482 1066/549/276 1297/650/506
f 1064/418/274 1148/502/358 1065/419/275
f 1500/826/763 1599/18/719 1600/20/764
f 1075/875/285 1200/825/409 1202/551/411
f 1248/600/457 1601/40/611 1602/42/682
f 1154/508/364 1153/507/363 1157/511/367
f 1279/632/488 1408/746/614 1407/745/613
f 1435/771/642 1198/545/407 1324/673/533
f 1293/876/502 1291/797/500 1076/429/286
f 1430/762/637 1420/751/627 1419/750/626
f 1092/446/302 1327/677/536 1214/563/423
f 1040/394/250 1233/585/442 1230/582/439
f 1192/540/401 1603/66/765 1604/68/620
f 1127/481/337 1605/64/521 1606/66/621
f 1197/544/406 1607/20/766 1608/22/622
f 1131/485/341 1609/18/518 1610/20/623
f 1245/596/454 1306/803/515 1252/877/461
f 1104/458/314 1244/595/453 1102/456/312
f 1110/878/320 1165/833/375 1317/666/526
f 1440/776/647 1611/54/385 1612/55/648
f 1370/713/579 1363/710/572 1613/48/574
f 1366/711/575 1205/787/414 1172/524/382
f 1172/524/382 1475/806/681 1614/58/380
f 1154/508/364 1247/598/456 1155/509/365
f 1453/784/659 1240/592/449 1615/31/660
f 1294/649/505 1276/628/485 1297/650/506
f 1513/832/709 1185/535/394 1616/76/767
f 1456/711/662 1210/787/419 1186/524/395
f 1186/524/395 1469/805/675 1617/58/396
f 1299/652/508 1274/626/483 1302/653/511
f 1491/820/692 1493/822/694 1492/821/693
f 1558/861/738 1112/468/322 1101/455/311
f 1430/762/637 1081/435/291 1078/434/288
f 1488/817/689 1618/879/768 1619/880/769
f 1074/881/284 1077/430/287 1620/84/617
f 1076/429/286 1152/506/362 1411/747/618
f 1135/490/345 1543/854/731 1133/489/343
f 1453/784/659 1254/607/463 1029/383/239
f 1119/472/329 1278/631/487 1277/630/486
f 1532/850/724 1558/861/738 1199/546/408
f 1149/503/359 1151/505/361 1080/433/290
f 1122/882/332 1533/851/725 1124/853/334
f 1071/424/281 1465/798/670 1621/78/708
f 1408/746/614 1434/773/641 1480/809/684
f 1257/610/466 1288/641/497 1287/640/496
f 1362/709/571 1374/716/583 1423/754/630
f 1221/574/430 1382/724/591 1304/655/513
f 1348/695/557 1526/846/720 1351/698/560
f 1460/792/666 1283/636/492 1282/635/491
f 1359/706/568 1379/721/588 1426/757/633
f 1161/515/371 1165/833/375 1162/874/372
f 1108/462/318 1316/665/525 1270/622/479
f 1148/502/358 1201/550/410 1065/419/275
f 1418/749/625 1147/501/357 1417/748/624
f 1311/661/520 1439/775/646 1622/60/759
f 1440/776/647 1163/517/373 1166/520/376
f 1308/844/517 1190/538/399 1623/72/728
f 1192/540/401 1191/539/400 1517/836/713
f 1449/783/656 1195/542/404 1624/27/729
f 1197/544/406 1196/543/405 1519/859/715
f 1052/406/262 1054/408/264 1264/617/473
f 1234/586/443 1392/729/598 1084/438/294
f 1236/588/445 1235/587/444 1264/617/473
f 1084/438/294 1320/669/529 1083/437/293
f 1044/398/254 1046/400/256 1260/613/469
f 1227/579/436 1400/739/606 1100/454/310
f 1141/495/351 1144/498/354 1142/496/352
f 1230/582/439 1041/395/251 1040/394/250
f 1229/581/438 1228/580/437 1260/613/469
f 1100/454/310 1324/673/533 1099/453/309
f 1232/584/441 1231/583/440 1262/615/471
f 1062/416/272 1326/675/535 1573/868/749
f 1297/650/506 1066/549/276 1298/651/507
f 1073/796/283 1075/875/285 1202/551/411
f 1175/526/384 1466/801/671 1625/53/722
f 1468/804/672 1182/533/391 1181/532/390
f 1302/653/511 1105/459/315 1303/654/512
f 1329/679/538 1507/828/705 1244/595/453
f 1411/747/618 1269/621/478 1626/12/770
f 1266/619/475 1149/503/359 1080/433/290
f 1460/792/666 1282/635/491 1421/752/628
f 1423/754/630 1484/813/687 1461/793/667
f 1257/610/466 1287/640/496 1255/608/464
f 1445/780/652 1245/596/454 1252/877/461
f 1161/515/371 1520/873/716 1424/755/631
f 1426/757/633 1483/812/686 1459/791/665
f 1404/743/610 1157/511/367 1627/37/733
f 1543/854/731 1219/569/428 1042/571/252
f 1408/746/614 1480/809/684 1465/798/670
f 1210/559/419 1457/789/663 1401/740/607
f 1466/801/671 1468/804/672 1502/827/702
f 1205/554/414 1455/786/661 1393/730/599
f 1028/382/238 1025/379/235 1276/628/485
f 1148/502/358 1272/624/481 1140/494/350
f 1204/601/413 1207/599/416 1247/598/456
f 1326/675/535 1091/445/301 1573/868/749
f 1209/601/418 1212/599/421 1274/626/483
f 1221/574/430 1087/441/297 1035/389/245
f 1265/618/474 1267/620/476 1628/5/433
f 1225/577/434 1123/476/333 1485/814/688
f 1280/633/489 1277/630/486 1114/470/327
f 1434/770/641 1314/829/523 1435/771/642
f 1200/825/409 1063/417/273 1065/419/275
f 1150/647/360 1292/646/501 1420/751/627
f 1289/643/498 1286/642/495 1196/543/405
f 1285/638/494 1132/487/342 1422/753/629
f 1164/518/374 1520/840/716 1162/516/372
f 1182/533/391 1468/804/672 1109/816/319
f 1629/38/706 1507/828/705 1329/679/538
f 1290/644/499 1445/780/652 1258/883/467
f 1284/768/493 1281/869/490 1191/539/400
f 1431/764/638 1128/482/338 1425/839/632
f 1436/772/643 1323/672/532 1457/789/663
f 1217/567/426 1211/560/420 1402/741/608
f 1543/854/731 1254/607/463 1136/491/346
f 1027/565/237 1026/736/236 1397/735/603
f 1179/529/388 1319/668/528 1455/786/661
f 1213/562/422 1206/555/415 1394/731/600
f 1310/660/519 1127/481/337 1126/480/336
f 1160/514/370 1317/666/526 1158/512/368
f 1068/422/278 1070/423/280 1407/745/613
f 1259/612/468 1048/402/258 1442/777/649
f 1077/430/287 1074/881/284 1073/428/283
f 1490/819/691 1568/864/744 1618/879/768
f 1215/564/424 1216/884/425 1273/629/482
f 1406/744/612 1347/694/556 1346/693/555
f 1212/599/421 1218/590/427 1237/589/446
f 1526/846/720 1038/392/248 1037/391/247
f 1207/556/416 1213/562/422 1214/563/423
f 1062/416/272 1573/868/749 1060/414/270
f 1307/658/516 1131/485/341 1130/484/340
f 1358/705/567 1338/685/547 1337/684/546
f 1110/878/320 1317/666/526 1108/462/318
f 1263/616/472 1057/411/267 1458/790/664
f 1447/782/654 1246/597/455 1444/779/651
f 1361/708/570 1356/703/565 1355/702/564
f 1489/818/690 1488/817/689 1492/821/693
f 1492/821/693 1533/851/725 1489/818/690
f 1618/879/768 1488/817/689 1490/819/691
f 1123/476/333 1122/475/332 1120/473/330
f 1122/882/332 1082/436/292 1533/851/725
f 1293/648/502 1202/551/411 1201/550/410
f 1273/625/482 1067/421/277 1066/420/276
f 1238/591/447 1240/592/449 1028/382/238
f 1094/448/304 1138/492/348 1097/451/307
f 1040/394/250 1043/397/253 1326/675/535
f 1135/490/345 1157/511/367 1156/510/366
f 1395/732/601 1397/735/603 1396/733/602
f 1630/37/733 1631/40/611 1404/743/610
f 1172/524/382 1204/601/413 1475/806/681
f 1091/445/301 1327/677/536 1090/444/300
f 1320/669/529 1084/438/294 1318/667/527
f 1370/713/579 1178/531/387 1180/799/389
f 1394/731/600 1391/728/597 1390/727/596
f 1632/52/703 1466/801/671 1502/827/702
f 1633/53/722 1634/54/385 1175/526/384
f 1316/665/525 1031/385/241 1085/439/295
f 1158/512/368 1317/666/526 1165/833/375
f 1432/765/639 1439/775/646 1311/661/520
f 1310/660/519 1311/661/520 1635/62/771
f 1550/857/736 1358/705/567 1337/684/546
f 1190/538/399 1284/768/493 1188/537/397
f 1308/844/517 1433/769/640 1190/538/399
f 1570/866/746 1336/683/545 1551/858/737
f 1129/483/339 1131/485/341 1518/860/714
f 1360/707/569 1257/610/466 1256/609/465
f 1382/724/591 1221/574/430 1035/389/245
f 1349/696/558 1381/723/590 1350/697/559
f 1139/493/349 1345/692/554 1140/494/350
f 1406/744/612 1462/794/668 1428/759/635
f 1493/822/694 1619/880/769 1495/824/696
f 1636/22/699 1294/649/505 1298/651/507
f 1099/453/309 1050/404/260 1049/403/259
f 1066/549/276 1200/548/409 1500/826/700
f 1279/632/488 1278/631/487 1313/662/522
f 1549/856/735 1406/744/612 1346/693/555
f 1493/822/694 1491/820/692 1619/880/769
f 1549/856/735 1568/864/744 1462/794/668
f 1492/821/693 1494/823/695 1531/847/723
f 1269/621/478 1411/747/618 1152/506/362
f 1534/852/726 1531/847/723 1124/853/334
f 1222/576/431 1226/578/435 1637/1/594
f 1119/472/329 1485/814/688 1120/473/330
f 1383/725/592 1388/726/595 1485/814/688
f 1280/633/489 1383/725/592 1485/814/688
f 1124/478/334 1118/471/328 1120/473/330
f 1534/852/726 1492/821/693 1531/847/723
f 1199/546/408 1558/861/738 1101/455/311
f 1495/824/696 1443/778/650 1113/469/323
f 1493/822/694 1113/469/323 1494/823/695
f 1199/546/408 1313/830/522 1532/850/724
f 1324/673/533 1198/545/407 1099/453/309
f 1399/738/605 1398/737/604 1402/741/608
f 1513/832/772 1638/76/678 1639/77/773
f 1513/832/709 1479/808/683 1185/535/394
f 1089/443/299 1045/399/255 1086/440/296
f 1322/671/531 1324/673/533 1100/454/310
f 1456/711/662 1183/536/392 1185/885/394
f 1088/442/298 1086/440/296 1087/441/297
f 1211/560/420 1208/557/417 1401/740/607
f 1186/524/395 1209/601/418 1469/805/675
f 1035/389/245 1087/441/297 1036/390/246
f 1237/589/446 1106/460/316 1105/459/315
f 1640/37/704 1299/652/508 1303/654/512
f 1507/828/705 1105/459/315 1244/595/453
f 1249/602/458 1251/604/460 1258/611/467
f 1332/680/541 1244/595/453 1243/594/452
f 1306/803/515 1243/594/452 1104/458/314
f 1351/698/560 1567/863/743 1352/699/561
f 1287/886/496 1286/642/495 1290/644/499
f 1446/781/653 1195/542/404 1449/783/656
f 1361/708/570 1336/683/545 1374/716/583
f 1195/542/404 1289/643/498 1193/541/402
f 1355/702/564 1551/858/737 1361/708/570
f 1641/74/754 1307/887/516 1308/844/517
f 1423/754/630 1373/715/582 1421/752/628
f 1358/705/567 1341/688/550 1379/721/588
f 1375/717/584 1357/704/566 1460/792/666
f 1516/834/712 1125/479/335 1127/481/337
f 1550/857/736 1569/865/745 1341/688/550
f 1378/720/587 1424/755/631 1426/757/633
f 1032/386/242 1343/690/552 1342/689/551
f 1164/518/374 1437/774/644 1439/775/646
f 1466/801/671 1177/527/386 1468/804/672
f 1033/387/243 1058/412/268 1085/439/295
f 1083/437/293 1320/669/529 1085/439/295
f 1181/532/390 1178/531/387 1367/712/576
f 1053/407/263 1090/444/300 1093/447/303
f 1363/855/572 1366/711/575 1169/523/379
f 1206/555/415 1203/552/412 1393/730/599
f 1056/410/266 1060/414/270 1573/868/749
f 1328/678/537 1327/677/536 1168/522/378
f 1642/38/730 1157/511/367 1135/490/345
f 1098/452/308 1095/449/305 1094/448/304
f 1543/854/731 1042/571/252 1254/607/463
f 1029/383/239 1026/380/236 1025/379/235
f 1619/880/769 1491/820/692 1488/817/689
f 1145/499/355 1418/749/625 1201/550/410
f 1075/427/774 1643/16/711 1644/18/719
f 1293/648/502 1418/749/625 1292/646/501
f 1427/758/634 1490/819/691 1429/760/636
f 1082/477/292 1123/476/333 1079/432/289
f 1485/814/688 1226/578/435 1225/577/434
f 1645/1/594 1226/578/435 1646/2/593
f 1647/2/593 1388/726/595 1383/725/592
f 1080/433/290 1315/664/524 1266/619/475
f 1648/888/775 1649/889/775 1650/890/775
f 1651/891/775 1652/892/775 1649/889/775
f 1649/889/775 1653/893/775 1651/891/775
f 1652/892/775 1650/890/775 1649/889/775
f 1654/894/776 1655/895/776 1656/896/776
f 1657/895/776 1658/897/776 1656/896/776
f 1659/898/777 1660/899/777 1661/894/777
f 1662/899/777 1663/895/777 1664/894/777
f 1665/900/92 1666/901/92 1667/902/92
f 1668/901/92 1669/903/92 1670/902/92
f 1671/904/778 1672/905/778 1673/906/778
f 1674/905/778 1675/907/778 1676/906/778
f 1677/908/779 1678/909/779 1679/904/779
f 1680/909/779 1681/905/779 1682/904/779
f 1683/900/18 1684/901/18 1685/902/18
f 1686/901/18 1687/903/18 1688/902/18
f 1689/893/775 1551/858/737 1355/702/564
f 1690/889/780 1342/689/551 1569/865/745
f 1691/889/780 1569/865/745 1550/857/736
f 1692/888/775 1264/617/473 1263/616/472
f 1693/890/775 1142/496/352 1262/615/471
f 1694/892/780 1495/824/696 1619/880/769
f 1695/892/780 1619/880/769 1618/879/768
f 1696/891/775 1526/846/720 1037/391/247
f 1697/891/775 1037/391/247 1047/401/257
f 1698/891/780 1699/893/780 1526/846/720
f 1700/892/775 1618/879/768 1568/864/744
f 1701/892/780 1568/864/744 1549/856/735
f 1702/892/775 1549/856/735 1703/890/775
f 1704/890/775 1346/693/555 1143/497/353
f 1549/856/735 1346/693/555 1705/890/775
f 1706/890/775 1143/497/353 1142/496/352
f 1261/614/470 1707/890/775 1262/615/471
f 1261/614/470 1708/888/775 1709/890/775
f 1061/415/271 1710/888/775 1261/614/470
f 1055/409/265 1711/888/775 1061/415/271
f 1712/888/775 1263/616/472 1458/790/664
f 1264/617/473 1713/888/775 1055/409/265
f 1714/889/775 1458/790/664 1403/742/609
f 1715/889/775 1403/742/609 1342/689/551
f 1550/857/736 1337/684/546 1716/889/775
f 1337/684/546 1570/866/746 1717/889/775
f 1570/866/746 1551/858/737 1718/893/775
f 1570/866/781 1719/893/780 1720/889/780
f 1721/893/775 1355/702/564 1567/863/743
f 1722/893/775 1567/863/743 1351/698/560
f 1526/846/720 1723/893/775 1351/698/560
f 1443/778/650 1495/824/696 1724/892/775
f 1047/401/257 1260/613/469 1725/891/775
f 1726/891/782 1259/612/468 1442/777/649
f 1260/613/469 1259/612/468 1727/891/775
f 1728/891/775 1442/777/649 1729/892/775
f 1442/777/649 1443/778/650 1730/892/783
f 1731/888/783 1458/790/664 1732/889/783
