# Blender 4.4.3
# www.blender.org
mtllib Mesh_15.026.mtl
o Mesh_15.026
v 0.017560 0.008803 -0.010422
v 0.017560 0.008803 -0.010400
v 0.017560 0.008843 -0.010422
v 0.017560 0.008708 -0.011200
v 0.017560 0.008613 -0.011200
v 0.017560 0.008657 -0.011104
v 0.017560 0.008898 -0.011200
v 0.017560 0.008843 -0.011178
v 0.017560 0.008843 -0.011158
v 0.017560 0.008898 -0.010400
v 0.017560 0.008993 -0.010400
v 0.017560 0.008949 -0.010496
v 0.017560 0.008708 -0.010400
v 0.017560 0.008763 -0.010422
v 0.017560 0.008763 -0.010442
v 0.017560 0.008823 -0.010630
v 0.017560 0.008880 -0.010664
v 0.017560 0.008883 -0.010670
v 0.017560 0.008823 -0.010620
v 0.017560 0.008833 -0.010620
v 0.017560 0.008726 -0.010664
v 0.017560 0.008783 -0.010630
v 0.017560 0.008723 -0.010670
v 0.017560 0.008773 -0.010620
v 0.017560 0.008731 -0.010640
v 0.017560 0.008773 -0.010580
v 0.017560 0.008731 -0.010560
v 0.017560 0.008728 -0.010659
v 0.017560 0.008729 -0.010652
v 0.017560 0.008783 -0.010570
v 0.017560 0.008730 -0.010554
v 0.017560 0.008823 -0.010570
v 0.017560 0.008843 -0.010442
v 0.017560 0.008728 -0.010541
v 0.017560 0.008726 -0.010536
v 0.017560 0.008729 -0.010548
v 0.017560 0.008875 -0.010560
v 0.017560 0.008875 -0.010640
v 0.017560 0.008876 -0.010646
v 0.017560 0.008783 -0.010580
v 0.017560 0.008603 -0.010949
v 0.017560 0.008603 -0.010947
v 0.017560 0.008604 -0.010951
v 0.017560 0.008605 -0.010953
v 0.017560 0.008607 -0.010955
v 0.017560 0.008606 -0.010954
v 0.017560 0.008611 -0.010957
v 0.017560 0.008609 -0.010956
v 0.017560 0.008647 -0.010904
v 0.017560 0.008647 -0.010906
v 0.017560 0.008648 -0.010902
v 0.017560 0.008649 -0.010900
v 0.017560 0.008650 -0.010899
v 0.017560 0.008649 -0.010700
v 0.017560 0.008650 -0.010701
v 0.017560 0.008651 -0.010898
v 0.017560 0.008651 -0.010702
v 0.017560 0.008653 -0.010897
v 0.017560 0.008653 -0.010703
v 0.017560 0.008655 -0.010896
v 0.017560 0.008655 -0.010704
v 0.017560 0.008657 -0.010704
v 0.017560 0.008657 -0.010896
v 0.017560 0.008666 -0.010896
v 0.017560 0.008666 -0.010704
v 0.017560 0.008673 -0.010896
v 0.017560 0.008673 -0.010704
v 0.017560 0.008679 -0.010897
v 0.017560 0.008679 -0.010703
v 0.017560 0.008685 -0.010899
v 0.017560 0.008685 -0.010701
v 0.017560 0.008691 -0.010901
v 0.017560 0.008691 -0.010699
v 0.017560 0.008697 -0.010904
v 0.017560 0.008697 -0.010696
v 0.017560 0.008702 -0.010907
v 0.017560 0.008707 -0.010911
v 0.017560 0.008707 -0.010689
v 0.017560 0.008899 -0.010911
v 0.017560 0.008702 -0.010693
v 0.017560 0.008783 -0.010970
v 0.017560 0.008720 -0.010924
v 0.017560 0.008886 -0.010924
v 0.017560 0.008890 -0.010919
v 0.017560 0.008716 -0.010919
v 0.017560 0.008730 -0.010954
v 0.017560 0.008729 -0.010948
v 0.017560 0.008726 -0.010936
v 0.017560 0.008723 -0.010930
v 0.017560 0.008712 -0.010915
v 0.017560 0.008894 -0.010915
v 0.017560 0.008647 -0.010957
v 0.017560 0.008613 -0.010957
v 0.017560 0.008773 -0.011020
v 0.017560 0.008731 -0.011040
v 0.017560 0.008773 -0.010980
v 0.017560 0.008783 -0.011030
v 0.017560 0.008730 -0.011046
v 0.017560 0.008729 -0.011052
v 0.017560 0.008726 -0.011064
v 0.017560 0.008728 -0.011059
v 0.017560 0.008723 -0.011070
v 0.017560 0.008763 -0.011158
v 0.017560 0.008716 -0.011081
v 0.017560 0.008720 -0.011076
v 0.017560 0.008707 -0.011089
v 0.017560 0.008702 -0.011093
v 0.017560 0.008712 -0.011085
v 0.017560 0.008697 -0.011096
v 0.017560 0.008691 -0.011099
v 0.017560 0.008685 -0.011101
v 0.017560 0.008763 -0.011178
v 0.017560 0.008679 -0.011103
v 0.017560 0.008673 -0.011104
v 0.017560 0.008666 -0.011104
v 0.017560 0.008603 -0.011190
v 0.017560 0.008655 -0.011104
v 0.017560 0.008651 -0.011102
v 0.017560 0.008653 -0.011103
v 0.017560 0.008650 -0.011101
v 0.017560 0.008649 -0.011100
v 0.017560 0.008648 -0.011098
v 0.017560 0.008603 -0.011053
v 0.017560 0.008647 -0.011096
v 0.017560 0.008613 -0.011043
v 0.017560 0.008647 -0.011043
v 0.017560 0.008647 -0.011094
v 0.017560 0.008611 -0.011043
v 0.017560 0.008609 -0.011044
v 0.017560 0.008607 -0.011045
v 0.017560 0.008605 -0.011047
v 0.017560 0.008606 -0.011046
v 0.017560 0.008603 -0.011051
v 0.017560 0.008604 -0.011049
v 0.017560 0.008603 -0.011192
v 0.017560 0.008604 -0.011194
v 0.017560 0.008607 -0.011198
v 0.017560 0.008606 -0.011197
v 0.017560 0.008611 -0.011200
v 0.017560 0.008609 -0.011199
v 0.017560 0.008605 -0.011196
v 0.017560 0.008933 -0.011104
v 0.017560 0.008939 -0.011104
v 0.017560 0.008949 -0.011104
v 0.017560 0.008993 -0.011200
v 0.017560 0.008951 -0.011104
v 0.017560 0.008997 -0.011199
v 0.017560 0.008995 -0.011200
v 0.017560 0.009003 -0.011190
v 0.017560 0.008999 -0.011198
v 0.017560 0.009000 -0.011197
v 0.017560 0.009002 -0.011194
v 0.017560 0.009001 -0.011196
v 0.017560 0.008957 -0.011100
v 0.017560 0.008958 -0.011098
v 0.017560 0.009003 -0.011053
v 0.017560 0.008959 -0.011096
v 0.017560 0.008959 -0.011094
v 0.017560 0.008993 -0.011043
v 0.017560 0.009003 -0.011051
v 0.017560 0.009002 -0.011049
v 0.017560 0.009001 -0.011047
v 0.017560 0.008999 -0.011045
v 0.017560 0.009000 -0.011046
v 0.017560 0.008997 -0.011044
v 0.017560 0.008995 -0.011043
v 0.017560 0.008956 -0.011101
v 0.017560 0.008955 -0.011102
v 0.017560 0.008953 -0.011103
v 0.017560 0.008959 -0.011043
v 0.017560 0.009003 -0.011192
v 0.017560 0.008927 -0.011103
v 0.017560 0.008915 -0.011099
v 0.017560 0.008921 -0.011101
v 0.017560 0.008909 -0.011096
v 0.017560 0.008904 -0.011093
v 0.017560 0.008890 -0.011081
v 0.017560 0.008894 -0.011085
v 0.017560 0.008899 -0.011089
v 0.017560 0.008886 -0.011076
v 0.017560 0.008883 -0.011070
v 0.017560 0.008823 -0.011030
v 0.017560 0.008880 -0.011064
v 0.017560 0.008878 -0.011059
v 0.017560 0.008877 -0.011052
v 0.017560 0.008875 -0.011040
v 0.017560 0.008833 -0.011020
v 0.017560 0.008875 -0.010960
v 0.017560 0.008876 -0.011046
v 0.017560 0.008833 -0.010980
v 0.017560 0.008823 -0.010970
v 0.017560 0.008876 -0.010954
v 0.017560 0.008877 -0.010948
v 0.017560 0.008880 -0.010936
v 0.017560 0.008878 -0.010941
v 0.017560 0.008883 -0.010930
v 0.017560 0.008728 -0.010941
v 0.017560 0.008899 -0.010689
v 0.017560 0.008904 -0.010907
v 0.017560 0.008904 -0.010693
v 0.017560 0.008909 -0.010904
v 0.017560 0.008909 -0.010696
v 0.017560 0.008915 -0.010901
v 0.017560 0.008915 -0.010699
v 0.017560 0.008921 -0.010899
v 0.017560 0.008921 -0.010701
v 0.017560 0.008927 -0.010897
v 0.017560 0.008927 -0.010703
v 0.017560 0.008933 -0.010896
v 0.017560 0.008933 -0.010704
v 0.017560 0.008939 -0.010896
v 0.017560 0.008939 -0.010704
v 0.017560 0.008949 -0.010896
v 0.017560 0.008949 -0.010704
v 0.017560 0.008955 -0.010702
v 0.017560 0.008955 -0.010898
v 0.017560 0.008953 -0.010703
v 0.017560 0.008959 -0.010906
v 0.017560 0.009003 -0.010947
v 0.017560 0.008993 -0.010957
v 0.017560 0.008957 -0.010900
v 0.017560 0.008956 -0.010899
v 0.017560 0.008956 -0.010701
v 0.017560 0.008959 -0.010957
v 0.017560 0.008951 -0.010896
v 0.017560 0.008731 -0.010960
v 0.017560 0.008995 -0.010957
v 0.017560 0.008999 -0.010955
v 0.017560 0.008997 -0.010956
v 0.017560 0.009000 -0.010954
v 0.017560 0.009001 -0.010953
v 0.017560 0.008959 -0.010904
v 0.017560 0.008957 -0.010700
v 0.017560 0.008958 -0.010698
v 0.017560 0.009003 -0.010653
v 0.017560 0.008959 -0.010696
v 0.017560 0.008959 -0.010694
v 0.017560 0.008993 -0.010643
v 0.017560 0.009003 -0.010651
v 0.017560 0.008995 -0.010643
v 0.017560 0.008997 -0.010644
v 0.017560 0.009000 -0.010646
v 0.017560 0.009001 -0.010647
v 0.017560 0.008999 -0.010645
v 0.017560 0.008958 -0.010902
v 0.017560 0.008959 -0.010643
v 0.017560 0.008953 -0.010897
v 0.017560 0.008951 -0.010704
v 0.017560 0.008894 -0.010685
v 0.017560 0.008712 -0.010685
v 0.017560 0.008716 -0.010681
v 0.017560 0.008890 -0.010681
v 0.017560 0.008886 -0.010676
v 0.017560 0.008720 -0.010676
v 0.017560 0.008878 -0.010659
v 0.017560 0.008877 -0.010652
v 0.017560 0.008833 -0.010580
v 0.017560 0.008723 -0.010530
v 0.017560 0.008876 -0.010554
v 0.017560 0.008877 -0.010548
v 0.017560 0.008878 -0.010541
v 0.017560 0.008886 -0.010524
v 0.017560 0.008883 -0.010530
v 0.017560 0.008880 -0.010536
v 0.017560 0.008890 -0.010519
v 0.017560 0.008823 -0.010580
v 0.017560 0.008921 -0.010499
v 0.017560 0.008915 -0.010501
v 0.017560 0.008927 -0.010497
v 0.017560 0.008909 -0.010504
v 0.017560 0.008904 -0.010507
v 0.017560 0.008899 -0.010511
v 0.017560 0.008933 -0.010496
v 0.017560 0.008939 -0.010496
v 0.017560 0.009003 -0.010410
v 0.017560 0.008951 -0.010496
v 0.017560 0.008955 -0.010498
v 0.017560 0.008953 -0.010497
v 0.017560 0.008956 -0.010499
v 0.017560 0.008957 -0.010500
v 0.017560 0.008958 -0.010502
v 0.017560 0.009003 -0.010547
v 0.017560 0.008959 -0.010504
v 0.017560 0.008894 -0.010515
v 0.017560 0.008959 -0.010506
v 0.017560 0.008993 -0.010557
v 0.017560 0.008959 -0.010557
v 0.017560 0.008730 -0.010646
v 0.017560 0.009002 -0.010649
v 0.017560 0.008999 -0.010555
v 0.017560 0.009000 -0.010554
v 0.017560 0.009001 -0.010553
v 0.017560 0.009002 -0.010551
v 0.017560 0.009003 -0.010408
v 0.017560 0.009002 -0.010406
v 0.017560 0.009001 -0.010404
v 0.017560 0.008673 -0.010496
v 0.017560 0.008666 -0.010496
v 0.017560 0.008657 -0.010496
v 0.017560 0.008613 -0.010400
v 0.017560 0.008655 -0.010496
v 0.017560 0.008609 -0.010401
v 0.017560 0.008611 -0.010400
v 0.017560 0.008603 -0.010410
v 0.017560 0.008607 -0.010402
v 0.017560 0.008606 -0.010403
v 0.017560 0.008604 -0.010406
v 0.017560 0.008605 -0.010404
v 0.017560 0.008649 -0.010500
v 0.017560 0.008648 -0.010502
v 0.017560 0.008603 -0.010547
v 0.017560 0.008647 -0.010504
v 0.017560 0.008647 -0.010506
v 0.017560 0.008613 -0.010557
v 0.017560 0.008603 -0.010549
v 0.017560 0.008604 -0.010551
v 0.017560 0.008605 -0.010553
v 0.017560 0.008607 -0.010555
v 0.017560 0.008606 -0.010554
v 0.017560 0.008609 -0.010556
v 0.017560 0.008611 -0.010557
v 0.017560 0.008650 -0.010499
v 0.017560 0.008651 -0.010498
v 0.017560 0.008653 -0.010497
v 0.017560 0.008647 -0.010557
v 0.017560 0.008603 -0.010408
v 0.017560 0.008679 -0.010497
v 0.017560 0.008691 -0.010501
v 0.017560 0.008685 -0.010499
v 0.017560 0.008697 -0.010504
v 0.017560 0.008702 -0.010507
v 0.017560 0.008716 -0.010519
v 0.017560 0.008712 -0.010515
v 0.017560 0.008707 -0.010511
v 0.017560 0.008720 -0.010524
v 0.017560 0.009003 -0.010549
v 0.017560 0.009000 -0.010403
v 0.017560 0.008999 -0.010402
v 0.017560 0.008997 -0.010401
v 0.017560 0.008995 -0.010557
v 0.017560 0.008783 -0.010620
v 0.017560 0.008648 -0.010698
v 0.017560 0.008603 -0.010653
v 0.017560 0.008647 -0.010696
v 0.017560 0.008995 -0.010400
v 0.017560 0.008647 -0.010694
v 0.017560 0.008613 -0.010643
v 0.017560 0.008647 -0.010643
v 0.017560 0.008611 -0.010643
v 0.017560 0.008609 -0.010644
v 0.017560 0.008997 -0.010556
v 0.017560 0.008604 -0.010649
v 0.017560 0.008605 -0.010647
v 0.017560 0.008606 -0.010646
v 0.017560 0.008607 -0.010645
v 0.017560 0.008603 -0.010651
v 0.017560 0.008803 -0.011200
v 0.017560 0.009002 -0.010951
v 0.017560 0.008803 -0.011178
v 0.017560 0.008823 -0.011020
v 0.017560 0.008783 -0.011020
v 0.017560 0.008783 -0.010980
v 0.017560 0.009003 -0.010949
v 0.017560 0.008823 -0.010980
v 0.017600 0.008636 -0.010720
v 0.017600 0.008647 -0.010694
v 0.017600 0.008636 -0.010643
v 0.017600 0.008970 -0.010720
v 0.017600 0.008970 -0.010643
v 0.017600 0.008959 -0.010694
v 0.017600 0.008970 -0.010479
v 0.017600 0.008959 -0.010506
v 0.017600 0.008970 -0.010557
v 0.017600 0.008636 -0.010479
v 0.017600 0.008636 -0.010557
v 0.017600 0.008647 -0.010506
v 0.017600 0.008647 -0.010643
v 0.017600 0.008636 -0.010798
v 0.017600 0.008702 -0.010693
v 0.017600 0.008697 -0.010696
v 0.017600 0.008970 -0.010798
v 0.017600 0.008803 -0.010798
v 0.017600 0.008959 -0.010696
v 0.017600 0.008959 -0.010643
v 0.017600 0.008933 -0.010704
v 0.017600 0.008958 -0.010698
v 0.017600 0.008957 -0.010700
v 0.017600 0.008956 -0.010701
v 0.017600 0.008955 -0.010702
v 0.017600 0.008953 -0.010703
v 0.017600 0.008951 -0.010704
v 0.017600 0.008949 -0.010704
v 0.017600 0.008939 -0.010704
v 0.017600 0.008927 -0.010703
v 0.017600 0.008921 -0.010701
v 0.017600 0.008915 -0.010699
v 0.017600 0.008909 -0.010696
v 0.017600 0.008904 -0.010693
v 0.017600 0.008899 -0.010689
v 0.017600 0.008707 -0.010689
v 0.017600 0.008712 -0.010685
v 0.017600 0.008894 -0.010685
v 0.017600 0.008890 -0.010681
v 0.017600 0.008716 -0.010681
v 0.017600 0.008886 -0.010676
v 0.017600 0.008720 -0.010676
v 0.017600 0.008883 -0.010670
v 0.017600 0.008880 -0.010664
v 0.017600 0.008723 -0.010670
v 0.017600 0.008726 -0.010664
v 0.017600 0.008729 -0.010652
v 0.017600 0.008877 -0.010652
v 0.017600 0.008876 -0.010646
v 0.017600 0.008730 -0.010646
v 0.017600 0.008875 -0.010640
v 0.017600 0.008731 -0.010640
v 0.017600 0.008875 -0.010560
v 0.017600 0.008876 -0.010554
v 0.017600 0.008731 -0.010560
v 0.017600 0.008730 -0.010554
v 0.017600 0.008729 -0.010548
v 0.017600 0.008877 -0.010548
v 0.017600 0.008878 -0.010541
v 0.017600 0.008728 -0.010541
v 0.017600 0.008880 -0.010536
v 0.017600 0.008723 -0.010530
v 0.017600 0.008726 -0.010536
v 0.017600 0.008883 -0.010530
v 0.017600 0.008886 -0.010524
v 0.017600 0.008712 -0.010515
v 0.017600 0.008894 -0.010515
v 0.017600 0.008899 -0.010511
v 0.017600 0.008716 -0.010519
v 0.017600 0.008970 -0.010400
v 0.017600 0.008702 -0.010507
v 0.017600 0.008904 -0.010507
v 0.017600 0.008707 -0.010511
v 0.017600 0.008933 -0.010496
v 0.017600 0.008921 -0.010499
v 0.017600 0.008927 -0.010497
v 0.017600 0.008939 -0.010496
v 0.017600 0.008915 -0.010501
v 0.017600 0.008949 -0.010496
v 0.017600 0.008951 -0.010496
v 0.017600 0.008953 -0.010497
v 0.017600 0.008955 -0.010498
v 0.017600 0.008956 -0.010499
v 0.017600 0.008909 -0.010504
v 0.017600 0.008957 -0.010500
v 0.017600 0.008958 -0.010502
v 0.017600 0.008890 -0.010519
v 0.017600 0.008720 -0.010524
v 0.017600 0.008959 -0.010504
v 0.017600 0.008647 -0.010557
v 0.017600 0.008647 -0.010504
v 0.017600 0.008673 -0.010496
v 0.017600 0.008636 -0.010400
v 0.017600 0.008648 -0.010502
v 0.017600 0.008649 -0.010500
v 0.017600 0.008650 -0.010499
v 0.017600 0.008651 -0.010498
v 0.017600 0.008653 -0.010497
v 0.017600 0.008655 -0.010496
v 0.017600 0.008657 -0.010496
v 0.017600 0.008666 -0.010496
v 0.017600 0.008679 -0.010497
v 0.017600 0.008685 -0.010499
v 0.017600 0.008691 -0.010501
v 0.017600 0.008697 -0.010504
v 0.017600 0.008959 -0.010557
v 0.017600 0.008728 -0.010659
v 0.017600 0.008878 -0.010659
v 0.017600 0.008691 -0.010699
v 0.017600 0.008685 -0.010701
v 0.017600 0.008679 -0.010703
v 0.017600 0.008673 -0.010704
v 0.017600 0.008666 -0.010704
v 0.017600 0.008653 -0.010703
v 0.017600 0.008655 -0.010704
v 0.017600 0.008657 -0.010704
v 0.017600 0.008651 -0.010702
v 0.017600 0.008650 -0.010701
v 0.017600 0.008649 -0.010700
v 0.017600 0.008648 -0.010698
v 0.017600 0.008647 -0.010696
v 0.017600 0.008636 -0.010720
v 0.017600 0.008636 -0.010643
v 0.017567 0.008603 -0.010653
v 0.017573 0.008609 -0.010794
v 0.017600 0.008636 -0.010720
v 0.017573 0.008609 -0.010806
v 0.017567 0.008603 -0.010947
v 0.017600 0.008636 -0.010802
v 0.017600 0.008636 -0.010880
v 0.017600 0.008636 -0.010957
v 0.017600 0.008636 -0.010798
v 0.017600 0.008636 -0.010720
v 0.017577 0.008613 -0.010957
v 0.017575 0.008611 -0.010957
v 0.017573 0.008609 -0.010956
v 0.017571 0.008607 -0.010955
v 0.017570 0.008606 -0.010954
v 0.017569 0.008605 -0.010953
v 0.017567 0.008603 -0.010949
v 0.017568 0.008604 -0.010951
v 0.017600 0.008636 -0.010643
v 0.017577 0.008613 -0.010643
v 0.017575 0.008611 -0.010643
v 0.017573 0.008609 -0.010644
v 0.017571 0.008607 -0.010645
v 0.017570 0.008606 -0.010646
v 0.017569 0.008605 -0.010647
v 0.017568 0.008604 -0.010649
v 0.017567 0.008603 -0.010651
v 0.017568 0.008604 -0.010406
v 0.017567 0.008603 -0.010408
v 0.017567 0.008603 -0.010410
v 0.017569 0.008605 -0.010404
v 0.017570 0.008606 -0.010403
v 0.017571 0.008607 -0.010402
v 0.017573 0.008609 -0.010401
v 0.017575 0.008611 -0.010400
v 0.017577 0.008613 -0.010400
v 0.017600 0.008636 -0.010400
v 0.017600 0.008636 -0.010479
v 0.017600 0.008636 -0.010479
v 0.017567 0.008603 -0.010547
v 0.017577 0.008613 -0.010557
v 0.017575 0.008611 -0.010557
v 0.017573 0.008609 -0.010556
v 0.017571 0.008607 -0.010555
v 0.017570 0.008606 -0.010554
v 0.017568 0.008604 -0.010551
v 0.017569 0.008605 -0.010553
v 0.017567 0.008603 -0.010549
v 0.017600 0.008636 -0.010557
v 0.017600 0.008636 -0.010400
v 0.017600 0.008636 -0.010557
v 0.017600 0.008636 -0.010479
v 0.017560 0.008603 -0.010947
v 0.017567 0.008603 -0.010947
v 0.017560 0.008603 -0.010653
v 0.017560 0.008603 -0.010653
v 0.017567 0.008603 -0.010947
v 0.017567 0.008603 -0.010653
v 0.017567 0.008603 -0.010410
v 0.017560 0.008603 -0.010410
v 0.017567 0.008603 -0.010547
v 0.017567 0.008603 -0.010547
v 0.017560 0.008603 -0.010410
v 0.017560 0.008603 -0.010547
v 0.017568 0.009002 -0.010951
v 0.017567 0.009003 -0.010949
v 0.017567 0.009003 -0.010947
v 0.017569 0.009001 -0.010953
v 0.017570 0.009000 -0.010954
v 0.017571 0.008999 -0.010955
v 0.017573 0.008997 -0.010956
v 0.017575 0.008995 -0.010957
v 0.017577 0.008993 -0.010957
v 0.017600 0.008970 -0.010880
v 0.017600 0.008970 -0.010802
v 0.017573 0.008997 -0.010806
v 0.017573 0.008997 -0.010794
v 0.017567 0.009003 -0.010653
v 0.017600 0.008970 -0.010720
v 0.017600 0.008970 -0.010720
v 0.017600 0.008970 -0.010798
v 0.017600 0.008970 -0.010643
v 0.017600 0.008970 -0.010720
v 0.017575 0.008995 -0.010643
v 0.017573 0.008997 -0.010644
v 0.017571 0.008999 -0.010645
v 0.017570 0.009000 -0.010646
v 0.017569 0.009001 -0.010647
v 0.017567 0.009003 -0.010651
v 0.017568 0.009002 -0.010649
v 0.017577 0.008993 -0.010643
v 0.017600 0.008970 -0.010957
v 0.017600 0.008970 -0.010643
v 0.017567 0.009003 -0.010947
v 0.017560 0.009003 -0.010947
v 0.017567 0.009003 -0.010653
v 0.017567 0.009003 -0.010653
v 0.017560 0.009003 -0.010947
v 0.017560 0.009003 -0.010653
v 0.017600 0.008636 -0.010880
v 0.017600 0.008636 -0.010957
v 0.017600 0.008647 -0.010906
v 0.017600 0.008636 -0.011122
v 0.017600 0.008647 -0.011094
v 0.017600 0.008636 -0.011043
v 0.017600 0.008970 -0.011122
v 0.017600 0.008970 -0.011043
v 0.017600 0.008959 -0.011094
v 0.017600 0.008970 -0.010880
v 0.017600 0.008959 -0.010906
v 0.017600 0.008970 -0.010957
v 0.017600 0.008636 -0.010802
v 0.017600 0.008702 -0.010907
v 0.017600 0.008803 -0.010802
v 0.017600 0.008647 -0.010904
v 0.017600 0.008636 -0.010880
v 0.017600 0.008636 -0.010957
v 0.017600 0.008647 -0.010957
v 0.017600 0.008673 -0.010896
v 0.017600 0.008636 -0.010802
v 0.017600 0.008636 -0.010880
v 0.017600 0.008648 -0.010902
v 0.017600 0.008636 -0.010880
v 0.017600 0.008649 -0.010900
v 0.017600 0.008636 -0.010880
v 0.017600 0.008650 -0.010899
v 0.017600 0.008636 -0.010880
v 0.017600 0.008651 -0.010898
v 0.017600 0.008636 -0.010880
v 0.017600 0.008653 -0.010897
v 0.017600 0.008636 -0.010880
v 0.017600 0.008636 -0.010880
v 0.017600 0.008655 -0.010896
v 0.017600 0.008636 -0.010880
v 0.017600 0.008657 -0.010896
v 0.017600 0.008636 -0.010880
v 0.017600 0.008666 -0.010896
v 0.017600 0.008636 -0.010880
v 0.017600 0.008636 -0.010802
v 0.017600 0.008679 -0.010897
v 0.017600 0.008636 -0.010802
v 0.017600 0.008685 -0.010899
v 0.017600 0.008636 -0.010802
v 0.017600 0.008691 -0.010901
v 0.017600 0.008636 -0.010802
v 0.017600 0.008697 -0.010904
v 0.017600 0.008636 -0.010802
v 0.017600 0.008970 -0.010802
v 0.017600 0.008904 -0.010907
v 0.017600 0.008707 -0.010911
v 0.017600 0.008899 -0.010911
v 0.017600 0.008712 -0.010915
v 0.017600 0.008894 -0.010915
v 0.017600 0.008716 -0.010919
v 0.017600 0.008890 -0.010919
v 0.017600 0.008720 -0.010924
v 0.017600 0.008886 -0.010924
v 0.017600 0.008723 -0.010930
v 0.017600 0.008726 -0.010936
v 0.017600 0.008883 -0.010930
v 0.017600 0.008880 -0.010936
v 0.017600 0.008877 -0.010948
v 0.017600 0.008729 -0.010948
v 0.017600 0.008730 -0.010954
v 0.017600 0.008876 -0.010954
v 0.017600 0.008731 -0.010960
v 0.017600 0.008875 -0.010960
v 0.017600 0.008731 -0.011040
v 0.017600 0.008730 -0.011046
v 0.017600 0.008875 -0.011040
v 0.017600 0.008876 -0.011046
v 0.017600 0.008877 -0.011052
v 0.017600 0.008729 -0.011052
v 0.017600 0.008728 -0.011059
v 0.017600 0.008878 -0.011059
v 0.017600 0.008726 -0.011064
v 0.017600 0.008883 -0.011070
v 0.017600 0.008880 -0.011064
v 0.017600 0.008723 -0.011070
v 0.017600 0.008720 -0.011076
v 0.017600 0.008894 -0.011085
v 0.017600 0.008712 -0.011085
v 0.017600 0.008707 -0.011089
v 0.017600 0.008890 -0.011081
v 0.017600 0.008636 -0.011200
v 0.017600 0.008904 -0.011093
v 0.017600 0.008702 -0.011093
v 0.017600 0.008899 -0.011089
v 0.017600 0.008673 -0.011104
v 0.017600 0.008685 -0.011101
v 0.017600 0.008679 -0.011103
v 0.017600 0.008666 -0.011104
v 0.017600 0.008691 -0.011099
v 0.017600 0.008657 -0.011104
v 0.017600 0.008655 -0.011104
v 0.017600 0.008653 -0.011103
v 0.017600 0.008651 -0.011102
v 0.017600 0.008650 -0.011101
v 0.017600 0.008697 -0.011096
v 0.017600 0.008649 -0.011100
v 0.017600 0.008648 -0.011098
v 0.017600 0.008716 -0.011081
v 0.017600 0.008886 -0.011076
v 0.017600 0.008647 -0.011096
v 0.017600 0.008959 -0.011096
v 0.017600 0.008959 -0.011043
v 0.017600 0.008933 -0.011104
v 0.017600 0.008970 -0.011200
v 0.017600 0.008958 -0.011098
v 0.017600 0.008957 -0.011100
v 0.017600 0.008956 -0.011101
v 0.017600 0.008955 -0.011102
v 0.017600 0.008953 -0.011103
v 0.017600 0.008951 -0.011104
v 0.017600 0.008949 -0.011104
v 0.017600 0.008939 -0.011104
v 0.017600 0.008927 -0.011103
v 0.017600 0.008921 -0.011101
v 0.017600 0.008915 -0.011099
v 0.017600 0.008909 -0.011096
v 0.017600 0.008647 -0.011043
v 0.017600 0.008878 -0.010941
v 0.017600 0.008728 -0.010941
v 0.017600 0.008909 -0.010904
v 0.017600 0.008970 -0.010802
v 0.017600 0.008915 -0.010901
v 0.017600 0.008970 -0.010802
v 0.017600 0.008921 -0.010899
v 0.017600 0.008970 -0.010802
v 0.017600 0.008970 -0.010802
v 0.017600 0.008927 -0.010897
v 0.017600 0.008970 -0.010802
v 0.017600 0.008933 -0.010896
v 0.017600 0.008970 -0.010880
v 0.017600 0.008939 -0.010896
v 0.017600 0.008970 -0.010880
v 0.017600 0.008953 -0.010897
v 0.017600 0.008970 -0.010880
v 0.017600 0.008951 -0.010896
v 0.017600 0.008970 -0.010880
v 0.017600 0.008949 -0.010896
v 0.017600 0.008955 -0.010898
v 0.017600 0.008970 -0.010880
v 0.017600 0.008956 -0.010899
v 0.017600 0.008970 -0.010880
v 0.017600 0.008970 -0.010880
v 0.017600 0.008957 -0.010900
v 0.017600 0.008970 -0.010880
v 0.017600 0.008958 -0.010902
v 0.017600 0.008970 -0.010880
v 0.017600 0.008970 -0.010802
v 0.017600 0.008959 -0.010904
v 0.017600 0.008970 -0.010880
v 0.017600 0.008970 -0.010880
v 0.017600 0.008959 -0.010957
v 0.017600 0.008970 -0.010957
v 0.017600 0.008970 -0.010802
v 0.017600 0.008970 -0.010479
v 0.017567 0.009003 -0.010410
v 0.017600 0.008970 -0.010400
v 0.017600 0.008970 -0.010479
v 0.017600 0.008970 -0.010557
v 0.017567 0.009003 -0.010547
v 0.017577 0.008993 -0.010400
v 0.017600 0.008970 -0.010400
v 0.017575 0.008995 -0.010400
v 0.017573 0.008997 -0.010401
v 0.017571 0.008999 -0.010402
v 0.017570 0.009000 -0.010403
v 0.017568 0.009002 -0.010406
v 0.017569 0.009001 -0.010404
v 0.017567 0.009003 -0.010408
v 0.017600 0.008970 -0.010479
v 0.017600 0.008970 -0.010557
v 0.017577 0.008993 -0.010557
v 0.017575 0.008995 -0.010557
v 0.017573 0.008997 -0.010556
v 0.017570 0.009000 -0.010554
v 0.017569 0.009001 -0.010553
v 0.017571 0.008999 -0.010555
v 0.017567 0.009003 -0.010549
v 0.017568 0.009002 -0.010551
v 0.017560 0.008603 -0.011190
v 0.017567 0.008603 -0.011190
v 0.017560 0.008603 -0.011053
v 0.017560 0.008603 -0.011053
v 0.017567 0.008603 -0.011053
v 0.017600 0.008636 -0.011122
v 0.017567 0.008603 -0.011190
v 0.017600 0.008636 -0.011200
v 0.017600 0.008636 -0.011122
v 0.017600 0.008636 -0.011043
v 0.017567 0.008603 -0.011053
v 0.017577 0.008613 -0.011200
v 0.017600 0.008636 -0.011200
v 0.017567 0.008603 -0.011190
v 0.017575 0.008611 -0.011200
v 0.017567 0.008603 -0.011190
v 0.017573 0.008609 -0.011199
v 0.017567 0.008603 -0.011190
v 0.017571 0.008607 -0.011198
v 0.017567 0.008603 -0.011190
v 0.017570 0.008606 -0.011197
v 0.017568 0.008604 -0.011194
v 0.017569 0.008605 -0.011196
v 0.017567 0.008603 -0.011190
v 0.017567 0.008603 -0.011190
v 0.017567 0.008603 -0.011192
v 0.017567 0.008603 -0.011190
v 0.017567 0.008603 -0.011190
v 0.017567 0.008603 -0.011190
v 0.017600 0.008636 -0.011122
v 0.017567 0.008603 -0.011053
v 0.017567 0.008603 -0.011053
v 0.017600 0.008636 -0.011043
v 0.017577 0.008613 -0.011043
v 0.017575 0.008611 -0.011043
v 0.017567 0.008603 -0.011053
v 0.017573 0.008609 -0.011044
v 0.017567 0.008603 -0.011053
v 0.017567 0.008603 -0.011053
v 0.017570 0.008606 -0.011046
v 0.017569 0.008605 -0.011047
v 0.017567 0.008603 -0.011053
v 0.017571 0.008607 -0.011045
v 0.017567 0.008603 -0.011051
v 0.017567 0.008603 -0.011053
v 0.017568 0.008604 -0.011049
v 0.017567 0.008603 -0.011053
v 0.017567 0.008603 -0.011053
v 0.017560 0.009003 -0.011053
v 0.017567 0.009003 -0.011053
v 0.017560 0.009003 -0.011190
v 0.017560 0.009003 -0.011190
v 0.017567 0.009003 -0.011190
v 0.017600 0.008970 -0.011122
v 0.017567 0.009003 -0.011053
v 0.017600 0.008970 -0.011043
v 0.017600 0.008970 -0.011122
v 0.017600 0.008970 -0.011200
v 0.017567 0.009003 -0.011190
v 0.017577 0.008993 -0.011043
v 0.017600 0.008970 -0.011043
v 0.017567 0.009003 -0.011053
v 0.017575 0.008995 -0.011043
v 0.017567 0.009003 -0.011053
v 0.017573 0.008997 -0.011044
v 0.017567 0.009003 -0.011053
v 0.017571 0.008999 -0.011045
v 0.017567 0.009003 -0.011053
v 0.017570 0.009000 -0.011046
v 0.017568 0.009002 -0.011049
v 0.017569 0.009001 -0.011047
v 0.017567 0.009003 -0.011053
v 0.017567 0.009003 -0.011053
v 0.017567 0.009003 -0.011051
v 0.017567 0.009003 -0.011053
v 0.017567 0.009003 -0.011053
v 0.017567 0.009003 -0.011053
v 0.017600 0.008970 -0.011122
v 0.017567 0.009003 -0.011190
v 0.017567 0.009003 -0.011190
v 0.017600 0.008970 -0.011200
v 0.017577 0.008993 -0.011200
v 0.017575 0.008995 -0.011200
v 0.017567 0.009003 -0.011190
v 0.017573 0.008997 -0.011199
v 0.017567 0.009003 -0.011190
v 0.017567 0.009003 -0.011190
v 0.017570 0.009000 -0.011197
v 0.017569 0.009001 -0.011196
v 0.017567 0.009003 -0.011190
v 0.017571 0.008999 -0.011198
v 0.017567 0.009003 -0.011192
v 0.017567 0.009003 -0.011190
v 0.017568 0.009002 -0.011194
v 0.017567 0.009003 -0.011190
v 0.017567 0.009003 -0.011190
v 0.017600 0.008636 -0.011200
v 0.017560 0.008803 -0.011200
v 0.017600 0.008970 -0.011200
v 0.017600 0.008636 -0.011200
v 0.017577 0.008613 -0.011200
v 0.017560 0.008613 -0.011200
v 0.017600 0.008970 -0.011200
v 0.017560 0.008803 -0.011200
v 0.017560 0.008898 -0.011200
v 0.017577 0.008993 -0.011200
v 0.017600 0.008970 -0.011200
v 0.017560 0.008993 -0.011200
v 0.017560 0.008898 -0.011200
v 0.017560 0.008993 -0.011200
v 0.017600 0.008970 -0.011200
v 0.017560 0.008708 -0.011200
v 0.017560 0.008803 -0.011200
v 0.017600 0.008636 -0.011200
v 0.017560 0.008708 -0.011200
v 0.017600 0.008636 -0.011200
v 0.017560 0.008613 -0.011200
v 0.017600 0.008636 -0.010400
v 0.017560 0.008803 -0.010400
v 0.017560 0.008708 -0.010400
v 0.017600 0.008636 -0.010400
v 0.017600 0.008970 -0.010400
v 0.017560 0.008803 -0.010400
v 0.017577 0.008613 -0.010400
v 0.017600 0.008636 -0.010400
v 0.017560 0.008613 -0.010400
v 0.017560 0.008708 -0.010400
v 0.017560 0.008613 -0.010400
v 0.017600 0.008636 -0.010400
v 0.017560 0.008898 -0.010400
v 0.017600 0.008970 -0.010400
v 0.017560 0.008993 -0.010400
v 0.017577 0.008993 -0.010400
v 0.017560 0.008993 -0.010400
v 0.017600 0.008970 -0.010400
v 0.017600 0.008970 -0.010400
v 0.017560 0.008898 -0.010400
v 0.017560 0.008803 -0.010400
v 0.017560 0.009003 -0.010410
v 0.017567 0.009003 -0.010410
v 0.017560 0.009003 -0.010547
v 0.017560 0.009003 -0.010547
v 0.017567 0.009003 -0.010410
v 0.017567 0.009003 -0.010547
v 0.017560 0.008875 -0.010960
v 0.017600 0.008875 -0.010960
v 0.017560 0.008875 -0.011040
v 0.017600 0.008875 -0.010960
v 0.017600 0.008875 -0.011040
v 0.017560 0.008875 -0.011040
v 0.017560 0.008933 -0.011104
v 0.017560 0.008927 -0.011103
v 0.017600 0.008933 -0.011104
v 0.017560 0.008927 -0.011103
v 0.017560 0.008921 -0.011101
v 0.017600 0.008927 -0.011103
v 0.017560 0.008921 -0.011101
v 0.017600 0.008921 -0.011101
v 0.017600 0.008927 -0.011103
v 0.017560 0.008915 -0.011099
v 0.017600 0.008915 -0.011099
v 0.017600 0.008921 -0.011101
v 0.017560 0.008909 -0.011096
v 0.017600 0.008915 -0.011099
v 0.017560 0.008915 -0.011099
v 0.017560 0.008904 -0.011093
v 0.017600 0.008909 -0.011096
v 0.017560 0.008909 -0.011096
v 0.017600 0.008904 -0.011093
v 0.017600 0.008909 -0.011096
v 0.017560 0.008904 -0.011093
v 0.017600 0.008899 -0.011089
v 0.017600 0.008904 -0.011093
v 0.017560 0.008899 -0.011089
v 0.017600 0.008899 -0.011089
v 0.017560 0.008899 -0.011089
v 0.017560 0.008894 -0.011085
v 0.017600 0.008894 -0.011085
v 0.017560 0.008894 -0.011085
v 0.017560 0.008890 -0.011081
v 0.017600 0.008894 -0.011085
v 0.017560 0.008890 -0.011081
v 0.017600 0.008890 -0.011081
v 0.017600 0.008890 -0.011081
v 0.017560 0.008886 -0.011076
v 0.017600 0.008886 -0.011076
v 0.017560 0.008886 -0.011076
v 0.017560 0.008883 -0.011070
v 0.017600 0.008886 -0.011076
v 0.017560 0.008883 -0.011070
v 0.017560 0.008880 -0.011064
v 0.017600 0.008883 -0.011070
v 0.017560 0.008880 -0.011064
v 0.017600 0.008880 -0.011064
v 0.017600 0.008883 -0.011070
v 0.017560 0.008933 -0.011104
v 0.017600 0.008933 -0.011104
v 0.017560 0.008939 -0.011104
v 0.017600 0.008876 -0.011046
v 0.017560 0.008875 -0.011040
v 0.017600 0.008875 -0.011040
v 0.017560 0.008876 -0.011046
v 0.017560 0.008875 -0.011040
v 0.017600 0.008876 -0.011046
v 0.017560 0.008876 -0.011046
v 0.017600 0.008876 -0.011046
v 0.017600 0.008877 -0.011052
v 0.017560 0.008876 -0.011046
v 0.017600 0.008877 -0.011052
v 0.017560 0.008877 -0.011052
v 0.017600 0.008877 -0.011052
v 0.017600 0.008878 -0.011059
v 0.017560 0.008877 -0.011052
v 0.017600 0.008878 -0.011059
v 0.017560 0.008878 -0.011059
v 0.017560 0.008877 -0.011052
v 0.017600 0.008880 -0.011064
v 0.017560 0.008878 -0.011059
v 0.017600 0.008878 -0.011059
v 0.017560 0.008880 -0.011064
v 0.017560 0.008878 -0.011059
v 0.017600 0.008880 -0.011064
v 0.017600 0.008886 -0.011076
v 0.017560 0.008883 -0.011070
v 0.017600 0.008883 -0.011070
v 0.017600 0.008890 -0.011081
v 0.017560 0.008890 -0.011081
v 0.017560 0.008886 -0.011076
v 0.017600 0.008894 -0.011085
v 0.017600 0.008899 -0.011089
v 0.017560 0.008894 -0.011085
v 0.017560 0.008899 -0.011089
v 0.017600 0.008904 -0.011093
v 0.017560 0.008904 -0.011093
v 0.017560 0.008909 -0.011096
v 0.017600 0.008909 -0.011096
v 0.017600 0.008915 -0.011099
v 0.017560 0.008921 -0.011101
v 0.017560 0.008915 -0.011099
v 0.017600 0.008921 -0.011101
v 0.017600 0.008933 -0.011104
v 0.017600 0.008939 -0.011104
v 0.017560 0.008939 -0.011104
v 0.017560 0.008927 -0.011103
v 0.017600 0.008927 -0.011103
v 0.017600 0.008933 -0.011104
v 0.017600 0.008949 -0.011104
v 0.017560 0.008949 -0.011104
v 0.017600 0.008939 -0.011104
v 0.017560 0.008949 -0.011104
v 0.017560 0.008939 -0.011104
v 0.017600 0.008939 -0.011104
v 0.017560 0.008959 -0.011094
v 0.017600 0.008959 -0.011094
v 0.017560 0.008959 -0.011043
v 0.017600 0.008959 -0.011094
v 0.017600 0.008959 -0.011043
v 0.017560 0.008959 -0.011043
v 0.017600 0.008959 -0.010906
v 0.017560 0.008959 -0.010906
v 0.017600 0.008959 -0.010957
v 0.017560 0.008959 -0.010906
v 0.017560 0.008959 -0.010957
v 0.017600 0.008959 -0.010957
v 0.017560 0.008949 -0.010896
v 0.017600 0.008949 -0.010896
v 0.017560 0.008939 -0.010896
v 0.017600 0.008949 -0.010896
v 0.017600 0.008939 -0.010896
v 0.017560 0.008939 -0.010896
v 0.017560 0.008876 -0.010954
v 0.017560 0.008877 -0.010948
v 0.017600 0.008876 -0.010954
v 0.017560 0.008877 -0.010948
v 0.017560 0.008878 -0.010941
v 0.017600 0.008877 -0.010948
v 0.017560 0.008878 -0.010941
v 0.017600 0.008878 -0.010941
v 0.017600 0.008877 -0.010948
v 0.017560 0.008880 -0.010936
v 0.017600 0.008880 -0.010936
v 0.017600 0.008878 -0.010941
v 0.017560 0.008883 -0.010930
v 0.017600 0.008880 -0.010936
v 0.017560 0.008880 -0.010936
v 0.017560 0.008886 -0.010924
v 0.017600 0.008883 -0.010930
v 0.017560 0.008883 -0.010930
v 0.017600 0.008886 -0.010924
v 0.017600 0.008883 -0.010930
v 0.017560 0.008886 -0.010924
v 0.017600 0.008890 -0.010919
v 0.017600 0.008886 -0.010924
v 0.017560 0.008890 -0.010919
v 0.017600 0.008890 -0.010919
v 0.017560 0.008890 -0.010919
v 0.017560 0.008894 -0.010915
v 0.017600 0.008894 -0.010915
v 0.017560 0.008894 -0.010915
v 0.017560 0.008899 -0.010911
v 0.017600 0.008894 -0.010915
v 0.017560 0.008899 -0.010911
v 0.017600 0.008899 -0.010911
v 0.017600 0.008899 -0.010911
v 0.017560 0.008904 -0.010907
v 0.017600 0.008904 -0.010907
v 0.017560 0.008904 -0.010907
v 0.017560 0.008909 -0.010904
v 0.017600 0.008904 -0.010907
v 0.017560 0.008909 -0.010904
v 0.017560 0.008915 -0.010901
v 0.017600 0.008909 -0.010904
v 0.017560 0.008915 -0.010901
v 0.017600 0.008915 -0.010901
v 0.017600 0.008909 -0.010904
v 0.017560 0.008876 -0.010954
v 0.017600 0.008876 -0.010954
v 0.017560 0.008875 -0.010960
v 0.017600 0.008933 -0.010896
v 0.017560 0.008939 -0.010896
v 0.017600 0.008939 -0.010896
v 0.017560 0.008933 -0.010896
v 0.017560 0.008939 -0.010896
v 0.017600 0.008933 -0.010896
v 0.017560 0.008933 -0.010896
v 0.017600 0.008933 -0.010896
v 0.017600 0.008927 -0.010897
v 0.017560 0.008933 -0.010896
v 0.017600 0.008927 -0.010897
v 0.017560 0.008927 -0.010897
v 0.017600 0.008927 -0.010897
v 0.017600 0.008921 -0.010899
v 0.017560 0.008927 -0.010897
v 0.017600 0.008921 -0.010899
v 0.017560 0.008921 -0.010899
v 0.017560 0.008927 -0.010897
v 0.017600 0.008915 -0.010901
v 0.017560 0.008921 -0.010899
v 0.017600 0.008921 -0.010899
v 0.017560 0.008915 -0.010901
v 0.017560 0.008921 -0.010899
v 0.017600 0.008915 -0.010901
v 0.017600 0.008904 -0.010907
v 0.017560 0.008909 -0.010904
v 0.017600 0.008909 -0.010904
v 0.017600 0.008899 -0.010911
v 0.017560 0.008899 -0.010911
v 0.017560 0.008904 -0.010907
v 0.017600 0.008894 -0.010915
v 0.017600 0.008890 -0.010919
v 0.017560 0.008894 -0.010915
v 0.017560 0.008890 -0.010919
v 0.017600 0.008886 -0.010924
v 0.017560 0.008886 -0.010924
v 0.017560 0.008883 -0.010930
v 0.017600 0.008883 -0.010930
v 0.017600 0.008880 -0.010936
v 0.017560 0.008878 -0.010941
v 0.017560 0.008880 -0.010936
v 0.017600 0.008878 -0.010941
v 0.017600 0.008876 -0.010954
v 0.017600 0.008875 -0.010960
v 0.017560 0.008875 -0.010960
v 0.017560 0.008877 -0.010948
v 0.017600 0.008877 -0.010948
v 0.017600 0.008876 -0.010954
v 0.017577 0.008993 -0.011043
v 0.017560 0.008959 -0.011043
v 0.017600 0.008970 -0.011043
v 0.017560 0.008993 -0.011043
v 0.017560 0.008959 -0.011043
v 0.017577 0.008993 -0.011043
v 0.017600 0.008959 -0.011043
v 0.017600 0.008970 -0.011043
v 0.017560 0.008959 -0.011043
v 0.017560 0.008993 -0.010957
v 0.017577 0.008993 -0.010957
v 0.017560 0.008959 -0.010957
v 0.017600 0.008970 -0.010957
v 0.017600 0.008959 -0.010957
v 0.017560 0.008959 -0.010957
v 0.017577 0.008993 -0.010957
v 0.017600 0.008970 -0.010957
v 0.017560 0.008959 -0.010957
v 0.017560 0.008731 -0.010960
v 0.017560 0.008731 -0.011040
v 0.017600 0.008731 -0.010960
v 0.017600 0.008731 -0.010960
v 0.017560 0.008731 -0.011040
v 0.017600 0.008731 -0.011040
v 0.017600 0.008666 -0.011104
v 0.017600 0.008673 -0.011104
v 0.017560 0.008666 -0.011104
v 0.017600 0.008673 -0.011104
v 0.017560 0.008673 -0.011104
v 0.017560 0.008666 -0.011104
v 0.017600 0.008679 -0.011103
v 0.017560 0.008673 -0.011104
v 0.017600 0.008673 -0.011104
v 0.017560 0.008679 -0.011103
v 0.017560 0.008673 -0.011104
v 0.017600 0.008679 -0.011103
v 0.017560 0.008679 -0.011103
v 0.017600 0.008679 -0.011103
v 0.017600 0.008685 -0.011101
v 0.017560 0.008679 -0.011103
v 0.017600 0.008685 -0.011101
v 0.017560 0.008685 -0.011101
v 0.017600 0.008685 -0.011101
v 0.017600 0.008691 -0.011099
v 0.017560 0.008685 -0.011101
v 0.017600 0.008691 -0.011099
v 0.017560 0.008691 -0.011099
v 0.017560 0.008685 -0.011101
v 0.017600 0.008697 -0.011096
v 0.017560 0.008691 -0.011099
v 0.017600 0.008691 -0.011099
v 0.017560 0.008697 -0.011096
v 0.017560 0.008691 -0.011099
v 0.017600 0.008697 -0.011096
v 0.017560 0.008697 -0.011096
v 0.017600 0.008697 -0.011096
v 0.017600 0.008702 -0.011093
v 0.017560 0.008697 -0.011096
v 0.017600 0.008702 -0.011093
v 0.017560 0.008702 -0.011093
v 0.017600 0.008702 -0.011093
v 0.017600 0.008707 -0.011089
v 0.017560 0.008702 -0.011093
v 0.017600 0.008707 -0.011089
v 0.017560 0.008707 -0.011089
v 0.017560 0.008702 -0.011093
v 0.017560 0.008716 -0.011081
v 0.017600 0.008720 -0.011076
v 0.017560 0.008720 -0.011076
v 0.017560 0.008720 -0.011076
v 0.017600 0.008720 -0.011076
v 0.017600 0.008723 -0.011070
v 0.017560 0.008731 -0.011040
v 0.017560 0.008730 -0.011046
v 0.017600 0.008731 -0.011040
v 0.017560 0.008730 -0.011046
v 0.017600 0.008730 -0.011046
v 0.017600 0.008731 -0.011040
v 0.017560 0.008729 -0.011052
v 0.017600 0.008730 -0.011046
v 0.017560 0.008730 -0.011046
v 0.017600 0.008729 -0.011052
v 0.017600 0.008730 -0.011046
v 0.017560 0.008729 -0.011052
v 0.017600 0.008729 -0.011052
v 0.017560 0.008729 -0.011052
v 0.017560 0.008728 -0.011059
v 0.017600 0.008729 -0.011052
v 0.017560 0.008728 -0.011059
v 0.017600 0.008728 -0.011059
v 0.017560 0.008728 -0.011059
v 0.017560 0.008726 -0.011064
v 0.017600 0.008728 -0.011059
v 0.017560 0.008726 -0.011064
v 0.017600 0.008726 -0.011064
v 0.017600 0.008728 -0.011059
v 0.017560 0.008723 -0.011070
v 0.017600 0.008726 -0.011064
v 0.017560 0.008726 -0.011064
v 0.017600 0.008723 -0.011070
v 0.017600 0.008726 -0.011064
v 0.017560 0.008723 -0.011070
v 0.017600 0.008723 -0.011070
v 0.017560 0.008723 -0.011070
v 0.017560 0.008720 -0.011076
v 0.017600 0.008720 -0.011076
v 0.017560 0.008716 -0.011081
v 0.017600 0.008716 -0.011081
v 0.017560 0.008716 -0.011081
v 0.017560 0.008712 -0.011085
v 0.017600 0.008716 -0.011081
v 0.017560 0.008712 -0.011085
v 0.017600 0.008712 -0.011085
v 0.017600 0.008716 -0.011081
v 0.017560 0.008707 -0.011089
v 0.017600 0.008712 -0.011085
v 0.017560 0.008712 -0.011085
v 0.017560 0.008707 -0.011089
v 0.017600 0.008707 -0.011089
v 0.017600 0.008712 -0.011085
v 0.017600 0.008666 -0.011104
v 0.017560 0.008666 -0.011104
v 0.017600 0.008657 -0.011104
v 0.017600 0.008657 -0.011104
v 0.017560 0.008666 -0.011104
v 0.017560 0.008657 -0.011104
v 0.017560 0.008647 -0.011043
v 0.017600 0.008647 -0.011043
v 0.017560 0.008647 -0.011094
v 0.017560 0.008647 -0.011094
v 0.017600 0.008647 -0.011043
v 0.017600 0.008647 -0.011094
v 0.017600 0.008647 -0.010957
v 0.017560 0.008647 -0.010957
v 0.017600 0.008647 -0.010906
v 0.017600 0.008647 -0.010906
v 0.017560 0.008647 -0.010957
v 0.017560 0.008647 -0.010906
v 0.017560 0.008666 -0.010896
v 0.017600 0.008666 -0.010896
v 0.017560 0.008657 -0.010896
v 0.017560 0.008657 -0.010896
v 0.017600 0.008666 -0.010896
v 0.017600 0.008657 -0.010896
v 0.017600 0.008731 -0.010960
v 0.017600 0.008730 -0.010954
v 0.017560 0.008731 -0.010960
v 0.017600 0.008730 -0.010954
v 0.017600 0.008729 -0.010948
v 0.017560 0.008730 -0.010954
v 0.017600 0.008729 -0.010948
v 0.017560 0.008729 -0.010948
v 0.017560 0.008730 -0.010954
v 0.017600 0.008728 -0.010941
v 0.017560 0.008728 -0.010941
v 0.017560 0.008729 -0.010948
v 0.017600 0.008726 -0.010936
v 0.017560 0.008726 -0.010936
v 0.017560 0.008728 -0.010941
v 0.017600 0.008723 -0.010930
v 0.017560 0.008726 -0.010936
v 0.017600 0.008726 -0.010936
v 0.017600 0.008720 -0.010924
v 0.017560 0.008723 -0.010930
v 0.017600 0.008723 -0.010930
v 0.017560 0.008720 -0.010924
v 0.017560 0.008723 -0.010930
v 0.017600 0.008720 -0.010924
v 0.017560 0.008716 -0.010919
v 0.017560 0.008720 -0.010924
v 0.017600 0.008716 -0.010919
v 0.017560 0.008716 -0.010919
v 0.017600 0.008716 -0.010919
v 0.017600 0.008712 -0.010915
v 0.017560 0.008712 -0.010915
v 0.017600 0.008712 -0.010915
v 0.017600 0.008707 -0.010911
v 0.017560 0.008712 -0.010915
v 0.017600 0.008707 -0.010911
v 0.017560 0.008707 -0.010911
v 0.017560 0.008707 -0.010911
v 0.017600 0.008702 -0.010907
v 0.017560 0.008702 -0.010907
v 0.017600 0.008702 -0.010907
v 0.017600 0.008697 -0.010904
v 0.017560 0.008702 -0.010907
v 0.017600 0.008697 -0.010904
v 0.017600 0.008691 -0.010901
v 0.017560 0.008697 -0.010904
v 0.017600 0.008691 -0.010901
v 0.017560 0.008691 -0.010901
v 0.017560 0.008697 -0.010904
v 0.017560 0.008673 -0.010896
v 0.017600 0.008666 -0.010896
v 0.017560 0.008666 -0.010896
v 0.017600 0.008673 -0.010896
v 0.017600 0.008666 -0.010896
v 0.017560 0.008673 -0.010896
v 0.017600 0.008673 -0.010896
v 0.017560 0.008673 -0.010896
v 0.017560 0.008679 -0.010897
v 0.017600 0.008673 -0.010896
v 0.017560 0.008679 -0.010897
v 0.017600 0.008679 -0.010897
v 0.017560 0.008679 -0.010897
v 0.017560 0.008685 -0.010899
v 0.017600 0.008679 -0.010897
v 0.017560 0.008685 -0.010899
v 0.017600 0.008685 -0.010899
v 0.017600 0.008679 -0.010897
v 0.017560 0.008691 -0.010901
v 0.017600 0.008685 -0.010899
v 0.017560 0.008685 -0.010899
v 0.017600 0.008691 -0.010901
v 0.017600 0.008685 -0.010899
v 0.017560 0.008691 -0.010901
v 0.017560 0.008702 -0.010907
v 0.017600 0.008697 -0.010904
v 0.017560 0.008697 -0.010904
v 0.017560 0.008707 -0.010911
v 0.017600 0.008707 -0.010911
v 0.017600 0.008702 -0.010907
v 0.017560 0.008712 -0.010915
v 0.017560 0.008716 -0.010919
v 0.017600 0.008712 -0.010915
v 0.017600 0.008716 -0.010919
v 0.017560 0.008720 -0.010924
v 0.017600 0.008720 -0.010924
v 0.017600 0.008723 -0.010930
v 0.017560 0.008723 -0.010930
v 0.017560 0.008726 -0.010936
v 0.017600 0.008728 -0.010941
v 0.017600 0.008726 -0.010936
v 0.017560 0.008728 -0.010941
v 0.017560 0.008730 -0.010954
v 0.017560 0.008731 -0.010960
v 0.017600 0.008730 -0.010954
v 0.017560 0.008729 -0.010948
v 0.017600 0.008729 -0.010948
v 0.017600 0.008728 -0.010941
v 0.017600 0.008647 -0.011043
v 0.017560 0.008647 -0.011043
v 0.017600 0.008636 -0.011043
v 0.017577 0.008613 -0.011043
v 0.017560 0.008647 -0.011043
v 0.017560 0.008613 -0.011043
v 0.017577 0.008613 -0.011043
v 0.017600 0.008636 -0.011043
v 0.017560 0.008647 -0.011043
v 0.017600 0.008647 -0.010957
v 0.017600 0.008636 -0.010957
v 0.017560 0.008647 -0.010957
v 0.017560 0.008647 -0.010957
v 0.017600 0.008636 -0.010957
v 0.017577 0.008613 -0.010957
v 0.017577 0.008613 -0.010957
v 0.017560 0.008613 -0.010957
v 0.017560 0.008647 -0.010957
v 0.017567 0.008603 -0.010947
v 0.017560 0.008603 -0.010947
v 0.017560 0.008603 -0.010949
v 0.017567 0.008603 -0.010949
v 0.017567 0.008603 -0.010947
v 0.017560 0.008603 -0.010949
v 0.017560 0.008603 -0.010949
v 0.017560 0.008604 -0.010951
v 0.017567 0.008603 -0.010949
v 0.017567 0.008603 -0.010949
v 0.017560 0.008604 -0.010951
v 0.017568 0.008604 -0.010951
v 0.017568 0.008604 -0.010951
v 0.017560 0.008604 -0.010951
v 0.017560 0.008605 -0.010953
v 0.017569 0.008605 -0.010953
v 0.017568 0.008604 -0.010951
v 0.017560 0.008605 -0.010953
v 0.017560 0.008606 -0.010954
v 0.017569 0.008605 -0.010953
v 0.017560 0.008605 -0.010953
v 0.017560 0.008607 -0.010955
v 0.017570 0.008606 -0.010954
v 0.017560 0.008606 -0.010954
v 0.017560 0.008606 -0.010954
v 0.017570 0.008606 -0.010954
v 0.017569 0.008605 -0.010953
v 0.017575 0.008611 -0.010957
v 0.017560 0.008613 -0.010957
v 0.017577 0.008613 -0.010957
v 0.017575 0.008611 -0.010957
v 0.017560 0.008611 -0.010957
v 0.017560 0.008613 -0.010957
v 0.017575 0.008611 -0.010957
v 0.017573 0.008609 -0.010956
v 0.017560 0.008611 -0.010957
v 0.017560 0.008611 -0.010957
v 0.017573 0.008609 -0.010956
v 0.017560 0.008609 -0.010956
v 0.017560 0.008609 -0.010956
v 0.017573 0.008609 -0.010956
v 0.017571 0.008607 -0.010955
v 0.017560 0.008607 -0.010955
v 0.017560 0.008609 -0.010956
v 0.017571 0.008607 -0.010955
v 0.017570 0.008606 -0.010954
v 0.017560 0.008607 -0.010955
v 0.017571 0.008607 -0.010955
v 0.017560 0.008603 -0.010410
v 0.017567 0.008603 -0.010410
v 0.017560 0.008603 -0.010408
v 0.017560 0.008603 -0.010408
v 0.017567 0.008603 -0.010408
v 0.017560 0.008604 -0.010406
v 0.017560 0.008604 -0.010406
v 0.017567 0.008603 -0.010408
v 0.017568 0.008604 -0.010406
v 0.017560 0.008605 -0.010404
v 0.017568 0.008604 -0.010406
v 0.017569 0.008605 -0.010404
v 0.017560 0.008606 -0.010403
v 0.017560 0.008605 -0.010404
v 0.017569 0.008605 -0.010404
v 0.017560 0.008607 -0.010402
v 0.017560 0.008606 -0.010403
v 0.017570 0.008606 -0.010403
v 0.017571 0.008607 -0.010402
v 0.017560 0.008607 -0.010402
v 0.017570 0.008606 -0.010403
v 0.017571 0.008607 -0.010402
v 0.017560 0.008609 -0.010401
v 0.017560 0.008607 -0.010402
v 0.017560 0.008613 -0.010400
v 0.017560 0.008611 -0.010400
v 0.017575 0.008611 -0.010400
v 0.017575 0.008611 -0.010400
v 0.017577 0.008613 -0.010400
v 0.017560 0.008613 -0.010400
v 0.017560 0.008611 -0.010400
v 0.017573 0.008609 -0.010401
v 0.017575 0.008611 -0.010400
v 0.017570 0.008606 -0.010403
v 0.017560 0.008606 -0.010403
v 0.017569 0.008605 -0.010404
v 0.017560 0.008609 -0.010401
v 0.017571 0.008607 -0.010402
v 0.017573 0.008609 -0.010401
v 0.017567 0.008603 -0.010408
v 0.017560 0.008603 -0.010408
v 0.017567 0.008603 -0.010410
v 0.017560 0.008611 -0.010400
v 0.017560 0.008609 -0.010401
v 0.017573 0.008609 -0.010401
v 0.017568 0.008604 -0.010406
v 0.017560 0.008605 -0.010404
v 0.017560 0.008604 -0.010406
v 0.017560 0.008993 -0.010400
v 0.017577 0.008993 -0.010400
v 0.017575 0.008995 -0.010400
v 0.017560 0.008995 -0.010400
v 0.017560 0.008993 -0.010400
v 0.017575 0.008995 -0.010400
v 0.017573 0.008997 -0.010401
v 0.017560 0.008995 -0.010400
v 0.017575 0.008995 -0.010400
v 0.017573 0.008997 -0.010401
v 0.017560 0.008997 -0.010401
v 0.017560 0.008995 -0.010400
v 0.017571 0.008999 -0.010402
v 0.017560 0.008999 -0.010402
v 0.017560 0.008997 -0.010401
v 0.017570 0.009000 -0.010403
v 0.017560 0.009000 -0.010403
v 0.017560 0.008999 -0.010402
v 0.017569 0.009001 -0.010404
v 0.017560 0.009001 -0.010404
v 0.017560 0.009000 -0.010403
v 0.017568 0.009002 -0.010406
v 0.017560 0.009002 -0.010406
v 0.017560 0.009001 -0.010404
v 0.017567 0.009003 -0.010408
v 0.017567 0.009003 -0.010410
v 0.017560 0.009003 -0.010408
v 0.017560 0.009003 -0.010408
v 0.017567 0.009003 -0.010410
v 0.017560 0.009003 -0.010410
v 0.017560 0.009002 -0.010406
v 0.017567 0.009003 -0.010408
v 0.017560 0.009003 -0.010408
v 0.017560 0.009002 -0.010406
v 0.017568 0.009002 -0.010406
v 0.017567 0.009003 -0.010408
v 0.017560 0.009001 -0.010404
v 0.017569 0.009001 -0.010404
v 0.017568 0.009002 -0.010406
v 0.017560 0.009000 -0.010403
v 0.017570 0.009000 -0.010403
v 0.017569 0.009001 -0.010404
v 0.017560 0.008999 -0.010402
v 0.017571 0.008999 -0.010402
v 0.017570 0.009000 -0.010403
v 0.017560 0.008997 -0.010401
v 0.017573 0.008997 -0.010401
v 0.017571 0.008999 -0.010402
v 0.017560 0.008993 -0.010957
v 0.017575 0.008995 -0.010957
v 0.017577 0.008993 -0.010957
v 0.017560 0.008993 -0.010957
v 0.017560 0.008995 -0.010957
v 0.017575 0.008995 -0.010957
v 0.017575 0.008995 -0.010957
v 0.017560 0.008995 -0.010957
v 0.017573 0.008997 -0.010956
v 0.017573 0.008997 -0.010956
v 0.017560 0.008995 -0.010957
v 0.017560 0.008997 -0.010956
v 0.017560 0.008999 -0.010955
v 0.017560 0.009000 -0.010954
v 0.017570 0.009000 -0.010954
v 0.017571 0.008999 -0.010955
v 0.017560 0.008997 -0.010956
v 0.017560 0.008999 -0.010955
v 0.017560 0.009000 -0.010954
v 0.017560 0.009001 -0.010953
v 0.017569 0.009001 -0.010953
v 0.017571 0.008999 -0.010955
v 0.017573 0.008997 -0.010956
v 0.017560 0.008997 -0.010956
v 0.017560 0.009003 -0.010949
v 0.017560 0.009003 -0.010947
v 0.017567 0.009003 -0.010947
v 0.017567 0.009003 -0.010949
v 0.017560 0.009003 -0.010949
v 0.017567 0.009003 -0.010947
v 0.017567 0.009003 -0.010949
v 0.017560 0.009002 -0.010951
v 0.017560 0.009003 -0.010949
v 0.017567 0.009003 -0.010949
v 0.017568 0.009002 -0.010951
v 0.017560 0.009002 -0.010951
v 0.017560 0.009002 -0.010951
v 0.017568 0.009002 -0.010951
v 0.017560 0.009001 -0.010953
v 0.017560 0.009001 -0.010953
v 0.017568 0.009002 -0.010951
v 0.017569 0.009001 -0.010953
v 0.017560 0.009000 -0.010954
v 0.017569 0.009001 -0.010953
v 0.017570 0.009000 -0.010954
v 0.017570 0.009000 -0.010954
v 0.017571 0.008999 -0.010955
v 0.017560 0.008999 -0.010955
v 0.017560 0.009003 -0.011053
v 0.017560 0.009003 -0.011051
v 0.017567 0.009003 -0.011051
v 0.017560 0.009003 -0.011051
v 0.017560 0.009003 -0.011051
v 0.017560 0.009002 -0.011049
v 0.017567 0.009003 -0.011051
v 0.017567 0.009003 -0.011051
v 0.017560 0.009002 -0.011049
v 0.017568 0.009002 -0.011049
v 0.017568 0.009002 -0.011049
v 0.017560 0.009002 -0.011049
v 0.017560 0.009001 -0.011047
v 0.017569 0.009001 -0.011047
v 0.017568 0.009002 -0.011049
v 0.017560 0.009001 -0.011047
v 0.017560 0.009000 -0.011046
v 0.017569 0.009001 -0.011047
v 0.017560 0.009001 -0.011047
v 0.017560 0.008999 -0.011045
v 0.017570 0.009000 -0.011046
v 0.017560 0.009000 -0.011046
v 0.017560 0.009000 -0.011046
v 0.017570 0.009000 -0.011046
v 0.017569 0.009001 -0.011047
v 0.017575 0.008995 -0.011043
v 0.017560 0.008993 -0.011043
v 0.017577 0.008993 -0.011043
v 0.017575 0.008995 -0.011043
v 0.017560 0.008995 -0.011043
v 0.017560 0.008993 -0.011043
v 0.017575 0.008995 -0.011043
v 0.017573 0.008997 -0.011044
v 0.017560 0.008995 -0.011043
v 0.017560 0.008995 -0.011043
v 0.017573 0.008997 -0.011044
v 0.017560 0.008997 -0.011044
v 0.017560 0.008997 -0.011044
v 0.017573 0.008997 -0.011044
v 0.017571 0.008999 -0.011045
v 0.017560 0.008999 -0.011045
v 0.017560 0.008997 -0.011044
v 0.017571 0.008999 -0.011045
v 0.017570 0.009000 -0.011046
v 0.017560 0.008999 -0.011045
v 0.017571 0.008999 -0.011045
v 0.017560 0.008951 -0.010896
v 0.017560 0.008953 -0.010897
v 0.017600 0.008951 -0.010896
v 0.017560 0.008953 -0.010897
v 0.017560 0.008955 -0.010898
v 0.017600 0.008953 -0.010897
v 0.017560 0.008955 -0.010898
v 0.017600 0.008955 -0.010898
v 0.017600 0.008953 -0.010897
v 0.017560 0.008956 -0.010899
v 0.017600 0.008956 -0.010899
v 0.017600 0.008955 -0.010898
v 0.017560 0.008957 -0.010900
v 0.017600 0.008956 -0.010899
v 0.017560 0.008956 -0.010899
v 0.017560 0.008958 -0.010902
v 0.017600 0.008957 -0.010900
v 0.017560 0.008957 -0.010900
v 0.017600 0.008958 -0.010902
v 0.017600 0.008957 -0.010900
v 0.017560 0.008958 -0.010902
v 0.017560 0.008951 -0.010896
v 0.017600 0.008951 -0.010896
v 0.017560 0.008949 -0.010896
v 0.017600 0.008959 -0.010904
v 0.017560 0.008959 -0.010906
v 0.017600 0.008959 -0.010906
v 0.017560 0.008959 -0.010904
v 0.017560 0.008959 -0.010906
v 0.017600 0.008959 -0.010904
v 0.017560 0.008959 -0.010904
v 0.017600 0.008959 -0.010904
v 0.017600 0.008958 -0.010902
v 0.017560 0.008959 -0.010904
v 0.017600 0.008958 -0.010902
v 0.017560 0.008958 -0.010902
v 0.017560 0.008957 -0.010900
v 0.017600 0.008957 -0.010900
v 0.017600 0.008956 -0.010899
v 0.017560 0.008955 -0.010898
v 0.017560 0.008956 -0.010899
v 0.017600 0.008955 -0.010898
v 0.017600 0.008951 -0.010896
v 0.017600 0.008949 -0.010896
v 0.017560 0.008949 -0.010896
v 0.017560 0.008953 -0.010897
v 0.017600 0.008953 -0.010897
v 0.017600 0.008951 -0.010896
v 0.017560 0.008959 -0.011096
v 0.017560 0.008958 -0.011098
v 0.017600 0.008959 -0.011096
v 0.017560 0.008958 -0.011098
v 0.017560 0.008957 -0.011100
v 0.017600 0.008958 -0.011098
v 0.017560 0.008957 -0.011100
v 0.017600 0.008957 -0.011100
v 0.017600 0.008958 -0.011098
v 0.017560 0.008956 -0.011101
v 0.017600 0.008956 -0.011101
v 0.017600 0.008957 -0.011100
v 0.017560 0.008955 -0.011102
v 0.017600 0.008956 -0.011101
v 0.017560 0.008956 -0.011101
v 0.017560 0.008953 -0.011103
v 0.017600 0.008955 -0.011102
v 0.017560 0.008955 -0.011102
v 0.017600 0.008953 -0.011103
v 0.017600 0.008955 -0.011102
v 0.017560 0.008953 -0.011103
v 0.017560 0.008959 -0.011096
v 0.017600 0.008959 -0.011096
v 0.017560 0.008959 -0.011094
v 0.017600 0.008951 -0.011104
v 0.017560 0.008949 -0.011104
v 0.017600 0.008949 -0.011104
v 0.017560 0.008951 -0.011104
v 0.017560 0.008949 -0.011104
v 0.017600 0.008951 -0.011104
v 0.017560 0.008951 -0.011104
v 0.017600 0.008951 -0.011104
v 0.017600 0.008953 -0.011103
v 0.017560 0.008951 -0.011104
v 0.017600 0.008953 -0.011103
v 0.017560 0.008953 -0.011103
v 0.017560 0.008955 -0.011102
v 0.017600 0.008955 -0.011102
v 0.017600 0.008956 -0.011101
v 0.017560 0.008957 -0.011100
v 0.017560 0.008956 -0.011101
v 0.017600 0.008957 -0.011100
v 0.017600 0.008959 -0.011096
v 0.017600 0.008959 -0.011094
v 0.017560 0.008959 -0.011094
v 0.017560 0.008958 -0.011098
v 0.017600 0.008958 -0.011098
v 0.017600 0.008959 -0.011096
v 0.017560 0.008647 -0.010904
v 0.017560 0.008648 -0.010902
v 0.017600 0.008647 -0.010904
v 0.017560 0.008648 -0.010902
v 0.017560 0.008649 -0.010900
v 0.017600 0.008648 -0.010902
v 0.017560 0.008649 -0.010900
v 0.017600 0.008649 -0.010900
v 0.017600 0.008648 -0.010902
v 0.017560 0.008650 -0.010899
v 0.017600 0.008650 -0.010899
v 0.017600 0.008649 -0.010900
v 0.017560 0.008651 -0.010898
v 0.017600 0.008650 -0.010899
v 0.017560 0.008650 -0.010899
v 0.017560 0.008653 -0.010897
v 0.017600 0.008651 -0.010898
v 0.017560 0.008651 -0.010898
v 0.017600 0.008653 -0.010897
v 0.017600 0.008651 -0.010898
v 0.017560 0.008653 -0.010897
v 0.017560 0.008657 -0.010896
v 0.017600 0.008657 -0.010896
v 0.017600 0.008655 -0.010896
v 0.017560 0.008657 -0.010896
v 0.017600 0.008655 -0.010896
v 0.017560 0.008655 -0.010896
v 0.017600 0.008655 -0.010896
v 0.017600 0.008653 -0.010897
v 0.017560 0.008655 -0.010896
v 0.017560 0.008647 -0.010904
v 0.017600 0.008647 -0.010904
v 0.017560 0.008647 -0.010906
v 0.017560 0.008653 -0.010897
v 0.017560 0.008655 -0.010896
v 0.017600 0.008653 -0.010897
v 0.017600 0.008647 -0.010904
v 0.017600 0.008647 -0.010906
v 0.017560 0.008647 -0.010906
v 0.017600 0.008647 -0.010904
v 0.017560 0.008648 -0.010902
v 0.017600 0.008648 -0.010902
v 0.017560 0.008649 -0.010900
v 0.017560 0.008650 -0.010899
v 0.017600 0.008649 -0.010900
v 0.017560 0.008651 -0.010898
v 0.017600 0.008651 -0.010898
v 0.017600 0.008650 -0.010899
v 0.017560 0.008613 -0.011200
v 0.017577 0.008613 -0.011200
v 0.017575 0.008611 -0.011200
v 0.017560 0.008611 -0.011200
v 0.017560 0.008613 -0.011200
v 0.017575 0.008611 -0.011200
v 0.017573 0.008609 -0.011199
v 0.017560 0.008611 -0.011200
v 0.017575 0.008611 -0.011200
v 0.017573 0.008609 -0.011199
v 0.017560 0.008609 -0.011199
v 0.017560 0.008611 -0.011200
v 0.017573 0.008609 -0.011199
v 0.017571 0.008607 -0.011198
v 0.017560 0.008609 -0.011199
v 0.017560 0.008609 -0.011199
v 0.017571 0.008607 -0.011198
v 0.017560 0.008607 -0.011198
v 0.017560 0.008607 -0.011198
v 0.017570 0.008606 -0.011197
v 0.017560 0.008606 -0.011197
v 0.017560 0.008603 -0.011190
v 0.017560 0.008603 -0.011192
v 0.017560 0.008603 -0.011192
v 0.017567 0.008603 -0.011192
v 0.017560 0.008603 -0.011192
v 0.017560 0.008604 -0.011194
v 0.017567 0.008603 -0.011192
v 0.017567 0.008603 -0.011192
v 0.017560 0.008604 -0.011194
v 0.017568 0.008604 -0.011194
v 0.017568 0.008604 -0.011194
v 0.017560 0.008604 -0.011194
v 0.017560 0.008605 -0.011196
v 0.017569 0.008605 -0.011196
v 0.017568 0.008604 -0.011194
v 0.017560 0.008605 -0.011196
v 0.017560 0.008606 -0.011197
v 0.017569 0.008605 -0.011196
v 0.017560 0.008605 -0.011196
v 0.017560 0.008606 -0.011197
v 0.017570 0.008606 -0.011197
v 0.017569 0.008605 -0.011196
v 0.017570 0.008606 -0.011197
v 0.017560 0.008607 -0.011198
v 0.017571 0.008607 -0.011198
v 0.017560 0.009003 -0.011190
v 0.017560 0.009003 -0.011192
v 0.017560 0.009003 -0.011192
v 0.017567 0.009003 -0.011192
v 0.017560 0.009002 -0.011194
v 0.017560 0.009003 -0.011192
v 0.017567 0.009003 -0.011192
v 0.017568 0.009002 -0.011194
v 0.017560 0.009002 -0.011194
v 0.017567 0.009003 -0.011192
v 0.017568 0.009002 -0.011194
v 0.017560 0.009001 -0.011196
v 0.017560 0.009002 -0.011194
v 0.017568 0.009002 -0.011194
v 0.017569 0.009001 -0.011196
v 0.017560 0.009001 -0.011196
v 0.017560 0.009001 -0.011196
v 0.017569 0.009001 -0.011196
v 0.017560 0.009000 -0.011197
v 0.017560 0.009000 -0.011197
v 0.017569 0.009001 -0.011196
v 0.017570 0.009000 -0.011197
v 0.017560 0.008999 -0.011198
v 0.017560 0.009000 -0.011197
v 0.017570 0.009000 -0.011197
v 0.017577 0.008993 -0.011200
v 0.017560 0.008993 -0.011200
v 0.017575 0.008995 -0.011200
v 0.017575 0.008995 -0.011200
v 0.017560 0.008993 -0.011200
v 0.017560 0.008995 -0.011200
v 0.017573 0.008997 -0.011199
v 0.017575 0.008995 -0.011200
v 0.017560 0.008995 -0.011200
v 0.017571 0.008999 -0.011198
v 0.017560 0.008997 -0.011199
v 0.017560 0.008999 -0.011198
v 0.017571 0.008999 -0.011198
v 0.017573 0.008997 -0.011199
v 0.017560 0.008997 -0.011199
v 0.017570 0.009000 -0.011197
v 0.017571 0.008999 -0.011198
v 0.017560 0.008999 -0.011198
v 0.017573 0.008997 -0.011199
v 0.017560 0.008995 -0.011200
v 0.017560 0.008997 -0.011199
v 0.017560 0.008655 -0.011104
v 0.017600 0.008655 -0.011104
v 0.017560 0.008657 -0.011104
v 0.017560 0.008653 -0.011103
v 0.017600 0.008655 -0.011104
v 0.017560 0.008655 -0.011104
v 0.017560 0.008651 -0.011102
v 0.017600 0.008653 -0.011103
v 0.017560 0.008653 -0.011103
v 0.017600 0.008651 -0.011102
v 0.017600 0.008653 -0.011103
v 0.017560 0.008651 -0.011102
v 0.017600 0.008650 -0.011101
v 0.017600 0.008651 -0.011102
v 0.017560 0.008650 -0.011101
v 0.017600 0.008650 -0.011101
v 0.017560 0.008650 -0.011101
v 0.017560 0.008649 -0.011100
v 0.017600 0.008649 -0.011100
v 0.017560 0.008649 -0.011100
v 0.017560 0.008648 -0.011098
v 0.017600 0.008647 -0.011094
v 0.017600 0.008647 -0.011096
v 0.017560 0.008647 -0.011094
v 0.017600 0.008647 -0.011096
v 0.017560 0.008647 -0.011096
v 0.017560 0.008647 -0.011094
v 0.017600 0.008648 -0.011098
v 0.017560 0.008647 -0.011096
v 0.017600 0.008647 -0.011096
v 0.017560 0.008648 -0.011098
v 0.017560 0.008647 -0.011096
v 0.017600 0.008648 -0.011098
v 0.017560 0.008648 -0.011098
v 0.017600 0.008648 -0.011098
v 0.017600 0.008649 -0.011100
v 0.017560 0.008649 -0.011100
v 0.017600 0.008649 -0.011100
v 0.017600 0.008650 -0.011101
v 0.017560 0.008651 -0.011102
v 0.017560 0.008650 -0.011101
v 0.017600 0.008651 -0.011102
v 0.017600 0.008655 -0.011104
v 0.017600 0.008657 -0.011104
v 0.017560 0.008657 -0.011104
v 0.017560 0.008653 -0.011103
v 0.017600 0.008653 -0.011103
v 0.017600 0.008655 -0.011104
v 0.017560 0.008613 -0.011043
v 0.017575 0.008611 -0.011043
v 0.017577 0.008613 -0.011043
v 0.017560 0.008613 -0.011043
v 0.017560 0.008611 -0.011043
v 0.017575 0.008611 -0.011043
v 0.017575 0.008611 -0.011043
v 0.017560 0.008611 -0.011043
v 0.017573 0.008609 -0.011044
v 0.017573 0.008609 -0.011044
v 0.017560 0.008611 -0.011043
v 0.017560 0.008609 -0.011044
v 0.017560 0.008607 -0.011045
v 0.017560 0.008606 -0.011046
v 0.017570 0.008606 -0.011046
v 0.017571 0.008607 -0.011045
v 0.017560 0.008609 -0.011044
v 0.017560 0.008607 -0.011045
v 0.017560 0.008606 -0.011046
v 0.017560 0.008605 -0.011047
v 0.017569 0.008605 -0.011047
v 0.017571 0.008607 -0.011045
v 0.017573 0.008609 -0.011044
v 0.017560 0.008609 -0.011044
v 0.017560 0.008603 -0.011051
v 0.017560 0.008603 -0.011053
v 0.017567 0.008603 -0.011051
v 0.017560 0.008603 -0.011051
v 0.017567 0.008603 -0.011051
v 0.017560 0.008604 -0.011049
v 0.017560 0.008603 -0.011051
v 0.017567 0.008603 -0.011051
v 0.017568 0.008604 -0.011049
v 0.017560 0.008604 -0.011049
v 0.017560 0.008604 -0.011049
v 0.017568 0.008604 -0.011049
v 0.017560 0.008605 -0.011047
v 0.017560 0.008605 -0.011047
v 0.017568 0.008604 -0.011049
v 0.017569 0.008605 -0.011047
v 0.017560 0.008606 -0.011046
v 0.017569 0.008605 -0.011047
v 0.017570 0.008606 -0.011046
v 0.017570 0.008606 -0.011046
v 0.017571 0.008607 -0.011045
v 0.017560 0.008607 -0.011045
v 0.017510 0.008833 -0.011020
v 0.017510 0.008833 -0.010980
v 0.017560 0.008833 -0.011020
v 0.017560 0.008833 -0.010980
v 0.017560 0.008833 -0.011020
v 0.017470 0.008826 -0.011020
v 0.017510 0.008833 -0.011020
v 0.017470 0.008823 -0.011020
v 0.017510 0.008833 -0.011020
v 0.017560 0.008823 -0.011020
v 0.017560 0.008833 -0.011020
v 0.017560 0.008823 -0.011020
v 0.017510 0.008833 -0.011020
v 0.017510 0.008823 -0.011030
v 0.017560 0.008823 -0.011020
v 0.017560 0.008823 -0.011030
v 0.017470 0.008823 -0.011020
v 0.017560 0.008823 -0.011020
v 0.017470 0.008823 -0.011020
v 0.017470 0.008823 -0.011023
v 0.017510 0.008783 -0.011030
v 0.017510 0.008823 -0.011030
v 0.017560 0.008783 -0.011030
v 0.017510 0.008823 -0.011030
v 0.017560 0.008823 -0.011030
v 0.017560 0.008783 -0.011030
v 0.017470 0.008783 -0.011023
v 0.017510 0.008783 -0.011030
v 0.017470 0.008783 -0.011020
v 0.017510 0.008783 -0.011030
v 0.017560 0.008783 -0.011020
v 0.017560 0.008783 -0.011030
v 0.017560 0.008783 -0.011020
v 0.017510 0.008783 -0.011030
v 0.017510 0.008773 -0.011020
v 0.017560 0.008783 -0.011020
v 0.017560 0.008773 -0.011020
v 0.017470 0.008783 -0.011020
v 0.017560 0.008783 -0.011020
v 0.017470 0.008783 -0.011020
v 0.017470 0.008780 -0.011020
v 0.017510 0.008773 -0.010980
v 0.017510 0.008773 -0.011020
v 0.017560 0.008773 -0.010980
v 0.017510 0.008773 -0.011020
v 0.017560 0.008773 -0.011020
v 0.017560 0.008773 -0.010980
v 0.017470 0.008780 -0.010980
v 0.017510 0.008773 -0.010980
v 0.017470 0.008783 -0.010980
v 0.017510 0.008773 -0.010980
v 0.017560 0.008783 -0.010980
v 0.017560 0.008773 -0.010980
v 0.017560 0.008783 -0.010980
v 0.017510 0.008773 -0.010980
v 0.017510 0.008783 -0.010970
v 0.017560 0.008783 -0.010980
v 0.017560 0.008783 -0.010970
v 0.017470 0.008783 -0.010980
v 0.017560 0.008783 -0.010980
v 0.017470 0.008783 -0.010980
v 0.017470 0.008783 -0.010977
v 0.017510 0.008823 -0.010970
v 0.017510 0.008783 -0.010970
v 0.017560 0.008823 -0.010970
v 0.017510 0.008783 -0.010970
v 0.017560 0.008783 -0.010970
v 0.017560 0.008823 -0.010970
v 0.017470 0.008823 -0.010977
v 0.017510 0.008823 -0.010970
v 0.017470 0.008823 -0.010980
v 0.017510 0.008823 -0.010970
v 0.017560 0.008823 -0.010980
v 0.017560 0.008823 -0.010970
v 0.017560 0.008823 -0.010980
v 0.017510 0.008823 -0.010970
v 0.017560 0.008799 -0.010980
v 0.017470 0.008799 -0.010980
v 0.017560 0.008803 -0.010980
v 0.017560 0.008795 -0.010982
v 0.017560 0.008792 -0.010983
v 0.017470 0.008795 -0.010982
v 0.017470 0.008792 -0.010983
v 0.017470 0.008789 -0.010986
v 0.017560 0.008789 -0.010986
v 0.017560 0.008786 -0.010989
v 0.017470 0.008786 -0.010989
v 0.017560 0.008785 -0.010992
v 0.017470 0.008785 -0.010992
v 0.017560 0.008783 -0.010996
v 0.017470 0.008783 -0.010996
v 0.017560 0.008783 -0.011000
v 0.017560 0.008783 -0.011004
v 0.017470 0.008783 -0.011000
v 0.017470 0.008783 -0.011004
v 0.017560 0.008785 -0.011008
v 0.017470 0.008785 -0.011008
v 0.017560 0.008786 -0.011011
v 0.017560 0.008789 -0.011014
v 0.017470 0.008786 -0.011011
v 0.017470 0.008789 -0.011014
v 0.017470 0.008792 -0.011017
v 0.017560 0.008792 -0.011017
v 0.017560 0.008795 -0.011018
v 0.017470 0.008795 -0.011018
v 0.017560 0.008799 -0.011020
v 0.017470 0.008799 -0.011020
v 0.017560 0.008803 -0.011020
v 0.017470 0.008803 -0.011020
v 0.017560 0.008807 -0.011020
v 0.017470 0.008807 -0.011020
v 0.017560 0.008811 -0.011018
v 0.017470 0.008811 -0.011018
v 0.017560 0.008814 -0.011017
v 0.017560 0.008823 -0.011000
v 0.017470 0.008823 -0.011000
v 0.017470 0.008823 -0.011004
v 0.017560 0.008823 -0.010996
v 0.017470 0.008823 -0.010996
v 0.017560 0.008821 -0.010992
v 0.017470 0.008821 -0.010992
v 0.017560 0.008820 -0.010989
v 0.017470 0.008820 -0.010989
v 0.017560 0.008817 -0.010986
v 0.017560 0.008814 -0.010983
v 0.017470 0.008817 -0.010986
v 0.017470 0.008814 -0.010983
v 0.017470 0.008811 -0.010982
v 0.017560 0.008811 -0.010982
v 0.017470 0.008807 -0.010980
v 0.017560 0.008807 -0.010980
v 0.017470 0.008803 -0.010980
v 0.017560 0.008823 -0.011004
v 0.017470 0.008821 -0.011008
v 0.017560 0.008821 -0.011008
v 0.017470 0.008820 -0.011011
v 0.017560 0.008820 -0.011011
v 0.017470 0.008817 -0.011014
v 0.017560 0.008817 -0.011014
v 0.017470 0.008814 -0.011017
v 0.017510 0.008833 -0.010980
v 0.017560 0.008823 -0.010980
v 0.017560 0.008833 -0.010980
v 0.017470 0.008823 -0.010980
v 0.017560 0.008823 -0.010980
v 0.017510 0.008833 -0.010980
v 0.017470 0.008823 -0.010980
v 0.017510 0.008833 -0.010980
v 0.017470 0.008826 -0.010980
v 0.017470 0.008803 -0.010977
v 0.017470 0.008803 -0.010980
v 0.017470 0.008799 -0.010980
v 0.017470 0.008780 -0.011000
v 0.017470 0.008783 -0.011000
v 0.017470 0.008783 -0.011004
v 0.017470 0.008826 -0.011020
v 0.017470 0.008823 -0.011020
v 0.017470 0.008820 -0.011011
v 0.017470 0.008826 -0.010980
v 0.017470 0.008821 -0.010992
v 0.017470 0.008820 -0.010989
v 0.017470 0.008811 -0.010982
v 0.017470 0.008807 -0.010980
v 0.017470 0.008823 -0.010977
v 0.017470 0.008814 -0.010983
v 0.017470 0.008811 -0.010982
v 0.017470 0.008783 -0.010977
v 0.017470 0.008795 -0.010982
v 0.017470 0.008792 -0.010983
v 0.017470 0.008785 -0.010992
v 0.017470 0.008783 -0.010996
v 0.017470 0.008780 -0.010980
v 0.017470 0.008786 -0.010989
v 0.017470 0.008785 -0.010992
v 0.017470 0.008780 -0.011020
v 0.017470 0.008785 -0.011008
v 0.017470 0.008786 -0.011011
v 0.017470 0.008803 -0.011023
v 0.017470 0.008795 -0.011018
v 0.017470 0.008799 -0.011020
v 0.017470 0.008783 -0.011023
v 0.017470 0.008792 -0.011017
v 0.017470 0.008795 -0.011018
v 0.017470 0.008823 -0.011023
v 0.017470 0.008811 -0.011018
v 0.017470 0.008814 -0.011017
v 0.017470 0.008823 -0.011020
v 0.017470 0.008814 -0.011017
v 0.017470 0.008817 -0.011014
v 0.017470 0.008823 -0.011020
v 0.017470 0.008817 -0.011014
v 0.017470 0.008820 -0.011011
v 0.017470 0.008807 -0.010980
v 0.017470 0.008803 -0.010980
v 0.017470 0.008823 -0.010977
v 0.017470 0.008811 -0.010982
v 0.017470 0.008820 -0.010989
v 0.017470 0.008823 -0.010980
v 0.017470 0.008826 -0.010980
v 0.017470 0.008814 -0.010983
v 0.017470 0.008823 -0.010977
v 0.017470 0.008823 -0.010980
v 0.017470 0.008817 -0.010986
v 0.017470 0.008814 -0.010983
v 0.017470 0.008823 -0.010980
v 0.017470 0.008820 -0.010989
v 0.017470 0.008817 -0.010986
v 0.017470 0.008823 -0.010980
v 0.017470 0.008821 -0.010992
v 0.017470 0.008826 -0.010980
v 0.017470 0.008826 -0.011000
v 0.017470 0.008823 -0.010996
v 0.017470 0.008821 -0.010992
v 0.017470 0.008823 -0.011004
v 0.017470 0.008823 -0.011000
v 0.017470 0.008826 -0.011020
v 0.017470 0.008821 -0.011008
v 0.017470 0.008821 -0.011008
v 0.017470 0.008823 -0.011004
v 0.017470 0.008820 -0.011011
v 0.017470 0.008821 -0.011008
v 0.017470 0.008826 -0.011020
v 0.017470 0.008814 -0.011017
v 0.017470 0.008823 -0.011020
v 0.017470 0.008823 -0.011023
v 0.017470 0.008823 -0.011000
v 0.017470 0.008823 -0.010996
v 0.017470 0.008807 -0.011020
v 0.017470 0.008811 -0.011018
v 0.017470 0.008799 -0.011020
v 0.017470 0.008803 -0.011020
v 0.017470 0.008783 -0.011023
v 0.017470 0.008795 -0.011018
v 0.017470 0.008786 -0.011011
v 0.017470 0.008783 -0.011020
v 0.017470 0.008780 -0.011020
v 0.017470 0.008792 -0.011017
v 0.017470 0.008783 -0.011023
v 0.017470 0.008783 -0.011020
v 0.017470 0.008789 -0.011014
v 0.017470 0.008792 -0.011017
v 0.017470 0.008783 -0.011020
v 0.017470 0.008786 -0.011011
v 0.017470 0.008789 -0.011014
v 0.017470 0.008783 -0.011020
v 0.017470 0.008785 -0.011008
v 0.017470 0.008780 -0.011020
v 0.017470 0.008783 -0.011004
v 0.017470 0.008785 -0.011008
v 0.017470 0.008783 -0.010996
v 0.017470 0.008783 -0.011000
v 0.017470 0.008780 -0.010980
v 0.017470 0.008785 -0.010992
v 0.017470 0.008792 -0.010983
v 0.017470 0.008783 -0.010980
v 0.017470 0.008783 -0.010977
v 0.017470 0.008786 -0.010989
v 0.017470 0.008780 -0.010980
v 0.017470 0.008783 -0.010980
v 0.017470 0.008789 -0.010986
v 0.017470 0.008786 -0.010989
v 0.017470 0.008783 -0.010980
v 0.017470 0.008792 -0.010983
v 0.017470 0.008789 -0.010986
v 0.017470 0.008783 -0.010980
v 0.017470 0.008795 -0.010982
v 0.017470 0.008783 -0.010977
v 0.017470 0.008803 -0.011020
v 0.017470 0.008807 -0.011020
v 0.017470 0.008799 -0.010980
v 0.017470 0.008795 -0.010982
v 0.017470 0.008811 -0.011018
v 0.017470 0.008823 -0.011023
v 0.017560 0.008795 -0.010982
v 0.017560 0.008799 -0.010980
v 0.017560 0.008803 -0.010980
v 0.017560 0.008792 -0.010983
v 0.017560 0.008795 -0.010982
v 0.017560 0.008803 -0.010980
v 0.017560 0.008789 -0.010986
v 0.017560 0.008792 -0.010983
v 0.017560 0.008803 -0.010980
v 0.017560 0.008786 -0.010989
v 0.017560 0.008789 -0.010986
v 0.017560 0.008803 -0.010980
v 0.017560 0.008785 -0.010992
v 0.017560 0.008803 -0.010980
v 0.017560 0.008783 -0.010996
v 0.017560 0.008785 -0.010992
v 0.017560 0.008786 -0.010989
v 0.017560 0.008803 -0.010980
v 0.017560 0.008783 -0.010996
v 0.017560 0.008803 -0.010980
v 0.017560 0.008783 -0.011000
v 0.017560 0.008783 -0.011000
v 0.017560 0.008803 -0.010980
v 0.017560 0.008783 -0.011004
v 0.017560 0.008803 -0.010980
v 0.017560 0.008785 -0.011008
v 0.017560 0.008783 -0.011004
v 0.017560 0.008803 -0.010980
v 0.017560 0.008786 -0.011011
v 0.017560 0.008785 -0.011008
v 0.017560 0.008803 -0.010980
v 0.017560 0.008789 -0.011014
v 0.017560 0.008786 -0.011011
v 0.017560 0.008795 -0.011018
v 0.017560 0.008792 -0.011017
v 0.017560 0.008803 -0.010980
v 0.017560 0.008803 -0.010980
v 0.017560 0.008792 -0.011017
v 0.017560 0.008789 -0.011014
v 0.017560 0.008799 -0.011020
v 0.017560 0.008803 -0.010980
v 0.017560 0.008803 -0.011020
v 0.017560 0.008803 -0.011020
v 0.017560 0.008803 -0.010980
v 0.017560 0.008807 -0.011020
v 0.017560 0.008803 -0.010980
v 0.017560 0.008811 -0.011018
v 0.017560 0.008807 -0.011020
v 0.017560 0.008803 -0.010980
v 0.017560 0.008814 -0.011017
v 0.017560 0.008811 -0.011018
v 0.017560 0.008803 -0.010980
v 0.017560 0.008817 -0.011014
v 0.017560 0.008814 -0.011017
v 0.017560 0.008821 -0.011008
v 0.017560 0.008820 -0.011011
v 0.017560 0.008803 -0.010980
v 0.017560 0.008803 -0.010980
v 0.017560 0.008820 -0.011011
v 0.017560 0.008817 -0.011014
v 0.017560 0.008823 -0.011004
v 0.017560 0.008821 -0.011008
v 0.017560 0.008803 -0.010980
v 0.017560 0.008823 -0.011000
v 0.017560 0.008823 -0.011004
v 0.017560 0.008803 -0.010980
v 0.017560 0.008823 -0.011000
v 0.017560 0.008803 -0.010980
v 0.017560 0.008823 -0.010996
v 0.017560 0.008823 -0.010996
v 0.017560 0.008803 -0.010980
v 0.017560 0.008821 -0.010992
v 0.017560 0.008821 -0.010992
v 0.017560 0.008803 -0.010980
v 0.017560 0.008820 -0.010989
v 0.017560 0.008803 -0.010980
v 0.017560 0.008814 -0.010983
v 0.017560 0.008817 -0.010986
v 0.017560 0.008820 -0.010989
v 0.017560 0.008803 -0.010980
v 0.017560 0.008817 -0.010986
v 0.017560 0.008803 -0.010980
v 0.017560 0.008811 -0.010982
v 0.017560 0.008814 -0.010983
v 0.017560 0.008803 -0.010980
v 0.017560 0.008799 -0.011020
v 0.017560 0.008795 -0.011018
v 0.017560 0.008807 -0.010980
v 0.017560 0.008811 -0.010982
v 0.017560 0.008803 -0.010980
v 0.017470 0.008803 -0.011023
v 0.017470 0.008823 -0.011023
v 0.017510 0.008823 -0.011030
v 0.017470 0.008783 -0.011023
v 0.017470 0.008803 -0.011023
v 0.017470 0.008803 -0.011023
v 0.017510 0.008823 -0.011030
v 0.017470 0.008780 -0.011000
v 0.017470 0.008780 -0.011020
v 0.017510 0.008773 -0.011020
v 0.017470 0.008780 -0.010980
v 0.017470 0.008780 -0.011000
v 0.017470 0.008780 -0.011000
v 0.017510 0.008773 -0.011020
v 0.017470 0.008803 -0.010977
v 0.017470 0.008783 -0.010977
v 0.017510 0.008783 -0.010970
v 0.017470 0.008823 -0.010977
v 0.017470 0.008803 -0.010977
v 0.017470 0.008803 -0.010977
v 0.017510 0.008783 -0.010970
v 0.017470 0.008826 -0.011000
v 0.017470 0.008826 -0.010980
v 0.017470 0.008826 -0.011020
v 0.017470 0.008826 -0.011000
v 0.017470 0.008826 -0.011000
v 0.017530 0.008843 -0.011178
v 0.017560 0.008803 -0.011178
v 0.017530 0.008763 -0.011178
v 0.017560 0.008803 -0.011178
v 0.017560 0.008763 -0.011178
v 0.017560 0.008803 -0.011178
v 0.017560 0.008843 -0.011178
v 0.017530 0.008843 -0.011158
v 0.017560 0.008843 -0.011158
v 0.017530 0.008843 -0.011178
v 0.017530 0.008843 -0.011178
v 0.017560 0.008843 -0.011158
v 0.017560 0.008843 -0.011178
v 0.017530 0.008763 -0.011158
v 0.017560 0.008763 -0.011158
v 0.017530 0.008843 -0.011158
v 0.017530 0.008843 -0.011158
v 0.017560 0.008763 -0.011158
v 0.017560 0.008843 -0.011158
v 0.017530 0.008763 -0.011178
v 0.017560 0.008763 -0.011178
v 0.017530 0.008763 -0.011158
v 0.017530 0.008763 -0.011158
v 0.017560 0.008763 -0.011178
v 0.017560 0.008763 -0.011158
v 0.017530 0.008763 -0.011178
v 0.017530 0.008763 -0.011158
v 0.017530 0.008843 -0.011178
v 0.017530 0.008763 -0.011158
v 0.017530 0.008843 -0.011158
v 0.017530 0.008843 -0.011178
v 0.017600 0.008803 -0.010802
v 0.017573 0.008803 -0.010806
v 0.017600 0.008636 -0.010802
v 0.017600 0.008970 -0.010802
v 0.017573 0.008997 -0.010806
v 0.017600 0.008970 -0.010802
v 0.017600 0.008803 -0.010802
v 0.017573 0.008609 -0.010806
v 0.017600 0.008636 -0.010802
v 0.017573 0.008803 -0.010794
v 0.017573 0.008803 -0.010806
v 0.017573 0.008997 -0.010794
v 0.017573 0.008609 -0.010794
v 0.017573 0.008803 -0.010806
v 0.017573 0.008609 -0.010794
v 0.017573 0.008609 -0.010806
v 0.017573 0.008803 -0.010806
v 0.017573 0.008997 -0.010794
v 0.017573 0.008803 -0.010806
v 0.017573 0.008997 -0.010806
v 0.017600 0.008803 -0.010798
v 0.017573 0.008803 -0.010794
v 0.017600 0.008970 -0.010798
v 0.017600 0.008636 -0.010798
v 0.017573 0.008803 -0.010794
v 0.017600 0.008803 -0.010798
v 0.017573 0.008997 -0.010794
v 0.017600 0.008970 -0.010798
v 0.017573 0.008803 -0.010794
v 0.017573 0.008609 -0.010794
v 0.017573 0.008803 -0.010794
v 0.017600 0.008636 -0.010798
v 0.017560 0.008875 -0.010560
v 0.017600 0.008875 -0.010560
v 0.017560 0.008875 -0.010640
v 0.017600 0.008875 -0.010560
v 0.017600 0.008875 -0.010640
v 0.017560 0.008875 -0.010640
v 0.017560 0.008933 -0.010704
v 0.017560 0.008927 -0.010703
v 0.017600 0.008933 -0.010704
v 0.017560 0.008927 -0.010703
v 0.017560 0.008921 -0.010701
v 0.017600 0.008927 -0.010703
v 0.017560 0.008921 -0.010701
v 0.017600 0.008921 -0.010701
v 0.017600 0.008927 -0.010703
v 0.017560 0.008915 -0.010699
v 0.017600 0.008915 -0.010699
v 0.017600 0.008921 -0.010701
v 0.017560 0.008909 -0.010696
v 0.017600 0.008915 -0.010699
v 0.017560 0.008915 -0.010699
v 0.017560 0.008904 -0.010693
v 0.017600 0.008909 -0.010696
v 0.017560 0.008909 -0.010696
v 0.017600 0.008904 -0.010693
v 0.017600 0.008909 -0.010696
v 0.017560 0.008904 -0.010693
v 0.017600 0.008899 -0.010689
v 0.017600 0.008904 -0.010693
v 0.017560 0.008899 -0.010689
v 0.017600 0.008899 -0.010689
v 0.017560 0.008899 -0.010689
v 0.017560 0.008894 -0.010685
v 0.017600 0.008894 -0.010685
v 0.017560 0.008894 -0.010685
v 0.017560 0.008890 -0.010681
v 0.017600 0.008894 -0.010685
v 0.017560 0.008890 -0.010681
v 0.017600 0.008890 -0.010681
v 0.017600 0.008890 -0.010681
v 0.017560 0.008886 -0.010676
v 0.017600 0.008886 -0.010676
v 0.017560 0.008886 -0.010676
v 0.017560 0.008883 -0.010670
v 0.017600 0.008886 -0.010676
v 0.017560 0.008883 -0.010670
v 0.017560 0.008880 -0.010664
v 0.017600 0.008883 -0.010670
v 0.017560 0.008880 -0.010664
v 0.017600 0.008880 -0.010664
v 0.017600 0.008883 -0.010670
v 0.017560 0.008933 -0.010704
v 0.017600 0.008933 -0.010704
v 0.017560 0.008939 -0.010704
v 0.017600 0.008876 -0.010646
v 0.017560 0.008875 -0.010640
v 0.017600 0.008875 -0.010640
v 0.017560 0.008876 -0.010646
v 0.017560 0.008875 -0.010640
v 0.017600 0.008876 -0.010646
v 0.017560 0.008876 -0.010646
v 0.017600 0.008876 -0.010646
v 0.017600 0.008877 -0.010652
v 0.017560 0.008876 -0.010646
v 0.017600 0.008877 -0.010652
v 0.017560 0.008877 -0.010652
v 0.017600 0.008877 -0.010652
v 0.017600 0.008878 -0.010659
v 0.017560 0.008877 -0.010652
v 0.017600 0.008878 -0.010659
v 0.017560 0.008878 -0.010659
v 0.017560 0.008877 -0.010652
v 0.017600 0.008880 -0.010664
v 0.017560 0.008878 -0.010659
v 0.017600 0.008878 -0.010659
v 0.017560 0.008880 -0.010664
v 0.017560 0.008878 -0.010659
v 0.017600 0.008880 -0.010664
v 0.017600 0.008886 -0.010676
v 0.017560 0.008883 -0.010670
v 0.017600 0.008883 -0.010670
v 0.017600 0.008890 -0.010681
v 0.017560 0.008890 -0.010681
v 0.017560 0.008886 -0.010676
v 0.017600 0.008894 -0.010685
v 0.017600 0.008899 -0.010689
v 0.017560 0.008894 -0.010685
v 0.017560 0.008899 -0.010689
v 0.017600 0.008904 -0.010693
v 0.017560 0.008904 -0.010693
v 0.017560 0.008909 -0.010696
v 0.017600 0.008909 -0.010696
v 0.017600 0.008915 -0.010699
v 0.017560 0.008921 -0.010701
v 0.017560 0.008915 -0.010699
v 0.017600 0.008921 -0.010701
v 0.017600 0.008933 -0.010704
v 0.017600 0.008939 -0.010704
v 0.017560 0.008939 -0.010704
v 0.017560 0.008927 -0.010703
v 0.017600 0.008927 -0.010703
v 0.017600 0.008933 -0.010704
v 0.017600 0.008949 -0.010704
v 0.017560 0.008949 -0.010704
v 0.017600 0.008939 -0.010704
v 0.017560 0.008949 -0.010704
v 0.017560 0.008939 -0.010704
v 0.017600 0.008939 -0.010704
v 0.017560 0.008959 -0.010694
v 0.017600 0.008959 -0.010694
v 0.017560 0.008959 -0.010643
v 0.017600 0.008959 -0.010694
v 0.017600 0.008959 -0.010643
v 0.017560 0.008959 -0.010643
v 0.017600 0.008959 -0.010506
v 0.017560 0.008959 -0.010506
v 0.017600 0.008959 -0.010557
v 0.017560 0.008959 -0.010506
v 0.017560 0.008959 -0.010557
v 0.017600 0.008959 -0.010557
v 0.017560 0.008949 -0.010496
v 0.017600 0.008949 -0.010496
v 0.017560 0.008939 -0.010496
v 0.017600 0.008949 -0.010496
v 0.017600 0.008939 -0.010496
v 0.017560 0.008939 -0.010496
v 0.017560 0.008876 -0.010554
v 0.017560 0.008877 -0.010548
v 0.017600 0.008876 -0.010554
v 0.017560 0.008877 -0.010548
v 0.017560 0.008878 -0.010541
v 0.017600 0.008877 -0.010548
v 0.017560 0.008878 -0.010541
v 0.017600 0.008878 -0.010541
v 0.017600 0.008877 -0.010548
v 0.017560 0.008880 -0.010536
v 0.017600 0.008880 -0.010536
v 0.017600 0.008878 -0.010541
v 0.017560 0.008883 -0.010530
v 0.017600 0.008880 -0.010536
v 0.017560 0.008880 -0.010536
v 0.017560 0.008886 -0.010524
v 0.017600 0.008883 -0.010530
v 0.017560 0.008883 -0.010530
v 0.017600 0.008886 -0.010524
v 0.017600 0.008883 -0.010530
v 0.017560 0.008886 -0.010524
v 0.017600 0.008890 -0.010519
v 0.017600 0.008886 -0.010524
v 0.017560 0.008890 -0.010519
v 0.017600 0.008890 -0.010519
v 0.017560 0.008890 -0.010519
v 0.017560 0.008894 -0.010515
v 0.017600 0.008894 -0.010515
v 0.017560 0.008894 -0.010515
v 0.017560 0.008899 -0.010511
v 0.017600 0.008894 -0.010515
v 0.017560 0.008899 -0.010511
v 0.017600 0.008899 -0.010511
v 0.017600 0.008899 -0.010511
v 0.017560 0.008904 -0.010507
v 0.017600 0.008904 -0.010507
v 0.017560 0.008904 -0.010507
v 0.017560 0.008909 -0.010504
v 0.017600 0.008904 -0.010507
v 0.017560 0.008909 -0.010504
v 0.017560 0.008915 -0.010501
v 0.017600 0.008909 -0.010504
v 0.017560 0.008915 -0.010501
v 0.017600 0.008915 -0.010501
v 0.017600 0.008909 -0.010504
v 0.017560 0.008876 -0.010554
v 0.017600 0.008876 -0.010554
v 0.017560 0.008875 -0.010560
v 0.017600 0.008933 -0.010496
v 0.017560 0.008939 -0.010496
v 0.017600 0.008939 -0.010496
v 0.017560 0.008933 -0.010496
v 0.017560 0.008939 -0.010496
v 0.017600 0.008933 -0.010496
v 0.017560 0.008933 -0.010496
v 0.017600 0.008933 -0.010496
v 0.017600 0.008927 -0.010497
v 0.017560 0.008933 -0.010496
v 0.017600 0.008927 -0.010497
v 0.017560 0.008927 -0.010497
v 0.017600 0.008927 -0.010497
v 0.017600 0.008921 -0.010499
v 0.017560 0.008927 -0.010497
v 0.017600 0.008921 -0.010499
v 0.017560 0.008921 -0.010499
v 0.017560 0.008927 -0.010497
v 0.017600 0.008915 -0.010501
v 0.017560 0.008921 -0.010499
v 0.017600 0.008921 -0.010499
v 0.017560 0.008915 -0.010501
v 0.017560 0.008921 -0.010499
v 0.017600 0.008915 -0.010501
v 0.017600 0.008904 -0.010507
v 0.017560 0.008909 -0.010504
v 0.017600 0.008909 -0.010504
v 0.017600 0.008899 -0.010511
v 0.017560 0.008899 -0.010511
v 0.017560 0.008904 -0.010507
v 0.017600 0.008894 -0.010515
v 0.017600 0.008890 -0.010519
v 0.017560 0.008894 -0.010515
v 0.017560 0.008890 -0.010519
v 0.017600 0.008886 -0.010524
v 0.017560 0.008886 -0.010524
v 0.017560 0.008883 -0.010530
v 0.017600 0.008883 -0.010530
v 0.017600 0.008880 -0.010536
v 0.017560 0.008878 -0.010541
v 0.017560 0.008880 -0.010536
v 0.017600 0.008878 -0.010541
v 0.017600 0.008876 -0.010554
v 0.017600 0.008875 -0.010560
v 0.017560 0.008875 -0.010560
v 0.017560 0.008877 -0.010548
v 0.017600 0.008877 -0.010548
v 0.017600 0.008876 -0.010554
v 0.017577 0.008993 -0.010643
v 0.017560 0.008959 -0.010643
v 0.017600 0.008970 -0.010643
v 0.017560 0.008993 -0.010643
v 0.017560 0.008959 -0.010643
v 0.017577 0.008993 -0.010643
v 0.017600 0.008959 -0.010643
v 0.017600 0.008970 -0.010643
v 0.017560 0.008959 -0.010643
v 0.017560 0.008993 -0.010557
v 0.017577 0.008993 -0.010557
v 0.017560 0.008959 -0.010557
v 0.017600 0.008970 -0.010557
v 0.017600 0.008959 -0.010557
v 0.017560 0.008959 -0.010557
v 0.017577 0.008993 -0.010557
v 0.017600 0.008970 -0.010557
v 0.017560 0.008959 -0.010557
v 0.017560 0.008731 -0.010560
v 0.017560 0.008731 -0.010640
v 0.017600 0.008731 -0.010560
v 0.017600 0.008731 -0.010560
v 0.017560 0.008731 -0.010640
v 0.017600 0.008731 -0.010640
v 0.017600 0.008666 -0.010704
v 0.017600 0.008673 -0.010704
v 0.017560 0.008666 -0.010704
v 0.017600 0.008673 -0.010704
v 0.017560 0.008673 -0.010704
v 0.017560 0.008666 -0.010704
v 0.017600 0.008679 -0.010703
v 0.017560 0.008673 -0.010704
v 0.017600 0.008673 -0.010704
v 0.017560 0.008679 -0.010703
v 0.017560 0.008673 -0.010704
v 0.017600 0.008679 -0.010703
v 0.017560 0.008679 -0.010703
v 0.017600 0.008679 -0.010703
v 0.017600 0.008685 -0.010701
v 0.017560 0.008679 -0.010703
v 0.017600 0.008685 -0.010701
v 0.017560 0.008685 -0.010701
v 0.017600 0.008685 -0.010701
v 0.017600 0.008691 -0.010699
v 0.017560 0.008685 -0.010701
v 0.017600 0.008691 -0.010699
v 0.017560 0.008691 -0.010699
v 0.017560 0.008685 -0.010701
v 0.017600 0.008697 -0.010696
v 0.017560 0.008691 -0.010699
v 0.017600 0.008691 -0.010699
v 0.017560 0.008697 -0.010696
v 0.017560 0.008691 -0.010699
v 0.017600 0.008697 -0.010696
v 0.017560 0.008697 -0.010696
v 0.017600 0.008697 -0.010696
v 0.017600 0.008702 -0.010693
v 0.017560 0.008697 -0.010696
v 0.017600 0.008702 -0.010693
v 0.017560 0.008702 -0.010693
v 0.017600 0.008702 -0.010693
v 0.017600 0.008707 -0.010689
v 0.017560 0.008702 -0.010693
v 0.017600 0.008707 -0.010689
v 0.017560 0.008707 -0.010689
v 0.017560 0.008702 -0.010693
v 0.017560 0.008716 -0.010681
v 0.017600 0.008720 -0.010676
v 0.017560 0.008720 -0.010676
v 0.017560 0.008720 -0.010676
v 0.017600 0.008720 -0.010676
v 0.017600 0.008723 -0.010670
v 0.017560 0.008731 -0.010640
v 0.017560 0.008730 -0.010646
v 0.017600 0.008731 -0.010640
v 0.017560 0.008730 -0.010646
v 0.017600 0.008730 -0.010646
v 0.017600 0.008731 -0.010640
v 0.017560 0.008729 -0.010652
v 0.017600 0.008730 -0.010646
v 0.017560 0.008730 -0.010646
v 0.017600 0.008729 -0.010652
v 0.017600 0.008730 -0.010646
v 0.017560 0.008729 -0.010652
v 0.017600 0.008729 -0.010652
v 0.017560 0.008729 -0.010652
v 0.017560 0.008728 -0.010659
v 0.017600 0.008729 -0.010652
v 0.017560 0.008728 -0.010659
v 0.017600 0.008728 -0.010659
v 0.017560 0.008728 -0.010659
v 0.017560 0.008726 -0.010664
v 0.017600 0.008728 -0.010659
v 0.017560 0.008726 -0.010664
v 0.017600 0.008726 -0.010664
v 0.017600 0.008728 -0.010659
v 0.017560 0.008723 -0.010670
v 0.017600 0.008726 -0.010664
v 0.017560 0.008726 -0.010664
v 0.017600 0.008723 -0.010670
v 0.017600 0.008726 -0.010664
v 0.017560 0.008723 -0.010670
v 0.017600 0.008723 -0.010670
v 0.017560 0.008723 -0.010670
v 0.017560 0.008720 -0.010676
v 0.017600 0.008720 -0.010676
v 0.017560 0.008716 -0.010681
v 0.017600 0.008716 -0.010681
v 0.017560 0.008716 -0.010681
v 0.017560 0.008712 -0.010685
v 0.017600 0.008716 -0.010681
v 0.017560 0.008712 -0.010685
v 0.017600 0.008712 -0.010685
v 0.017600 0.008716 -0.010681
v 0.017560 0.008707 -0.010689
v 0.017600 0.008712 -0.010685
v 0.017560 0.008712 -0.010685
v 0.017560 0.008707 -0.010689
v 0.017600 0.008707 -0.010689
v 0.017600 0.008712 -0.010685
v 0.017600 0.008666 -0.010704
v 0.017560 0.008666 -0.010704
v 0.017600 0.008657 -0.010704
v 0.017600 0.008657 -0.010704
v 0.017560 0.008666 -0.010704
v 0.017560 0.008657 -0.010704
v 0.017560 0.008647 -0.010643
v 0.017600 0.008647 -0.010643
v 0.017560 0.008647 -0.010694
v 0.017560 0.008647 -0.010694
v 0.017600 0.008647 -0.010643
v 0.017600 0.008647 -0.010694
v 0.017600 0.008647 -0.010557
v 0.017560 0.008647 -0.010557
v 0.017600 0.008647 -0.010506
v 0.017600 0.008647 -0.010506
v 0.017560 0.008647 -0.010557
v 0.017560 0.008647 -0.010506
v 0.017560 0.008666 -0.010496
v 0.017600 0.008666 -0.010496
v 0.017560 0.008657 -0.010496
v 0.017560 0.008657 -0.010496
v 0.017600 0.008666 -0.010496
v 0.017600 0.008657 -0.010496
v 0.017600 0.008731 -0.010560
v 0.017600 0.008730 -0.010554
v 0.017560 0.008731 -0.010560
v 0.017600 0.008730 -0.010554
v 0.017600 0.008729 -0.010548
v 0.017560 0.008730 -0.010554
v 0.017600 0.008729 -0.010548
v 0.017560 0.008729 -0.010548
v 0.017560 0.008730 -0.010554
v 0.017600 0.008728 -0.010541
v 0.017560 0.008728 -0.010541
v 0.017560 0.008729 -0.010548
v 0.017600 0.008726 -0.010536
v 0.017560 0.008726 -0.010536
v 0.017560 0.008728 -0.010541
v 0.017600 0.008723 -0.010530
v 0.017560 0.008726 -0.010536
v 0.017600 0.008726 -0.010536
v 0.017600 0.008720 -0.010524
v 0.017560 0.008723 -0.010530
v 0.017600 0.008723 -0.010530
v 0.017560 0.008720 -0.010524
v 0.017560 0.008723 -0.010530
v 0.017600 0.008720 -0.010524
v 0.017560 0.008716 -0.010519
v 0.017560 0.008720 -0.010524
v 0.017600 0.008716 -0.010519
v 0.017560 0.008716 -0.010519
v 0.017600 0.008716 -0.010519
v 0.017600 0.008712 -0.010515
v 0.017560 0.008712 -0.010515
v 0.017600 0.008712 -0.010515
v 0.017600 0.008707 -0.010511
v 0.017560 0.008712 -0.010515
v 0.017600 0.008707 -0.010511
v 0.017560 0.008707 -0.010511
v 0.017560 0.008707 -0.010511
v 0.017600 0.008702 -0.010507
v 0.017560 0.008702 -0.010507
v 0.017600 0.008702 -0.010507
v 0.017600 0.008697 -0.010504
v 0.017560 0.008702 -0.010507
v 0.017600 0.008697 -0.010504
v 0.017600 0.008691 -0.010501
v 0.017560 0.008697 -0.010504
v 0.017600 0.008691 -0.010501
v 0.017560 0.008691 -0.010501
v 0.017560 0.008697 -0.010504
v 0.017560 0.008673 -0.010496
v 0.017600 0.008666 -0.010496
v 0.017560 0.008666 -0.010496
v 0.017600 0.008673 -0.010496
v 0.017600 0.008666 -0.010496
v 0.017560 0.008673 -0.010496
v 0.017600 0.008673 -0.010496
v 0.017560 0.008673 -0.010496
v 0.017560 0.008679 -0.010497
v 0.017600 0.008673 -0.010496
v 0.017560 0.008679 -0.010497
v 0.017600 0.008679 -0.010497
v 0.017560 0.008679 -0.010497
v 0.017560 0.008685 -0.010499
v 0.017600 0.008679 -0.010497
v 0.017560 0.008685 -0.010499
v 0.017600 0.008685 -0.010499
v 0.017600 0.008679 -0.010497
v 0.017560 0.008691 -0.010501
v 0.017600 0.008685 -0.010499
v 0.017560 0.008685 -0.010499
v 0.017600 0.008691 -0.010501
v 0.017600 0.008685 -0.010499
v 0.017560 0.008691 -0.010501
v 0.017560 0.008702 -0.010507
v 0.017600 0.008697 -0.010504
v 0.017560 0.008697 -0.010504
v 0.017560 0.008707 -0.010511
v 0.017600 0.008707 -0.010511
v 0.017600 0.008702 -0.010507
v 0.017560 0.008712 -0.010515
v 0.017560 0.008716 -0.010519
v 0.017600 0.008712 -0.010515
v 0.017600 0.008716 -0.010519
v 0.017560 0.008720 -0.010524
v 0.017600 0.008720 -0.010524
v 0.017600 0.008723 -0.010530
v 0.017560 0.008723 -0.010530
v 0.017560 0.008726 -0.010536
v 0.017600 0.008728 -0.010541
v 0.017600 0.008726 -0.010536
v 0.017560 0.008728 -0.010541
v 0.017560 0.008730 -0.010554
v 0.017560 0.008731 -0.010560
v 0.017600 0.008730 -0.010554
v 0.017560 0.008729 -0.010548
v 0.017600 0.008729 -0.010548
v 0.017600 0.008728 -0.010541
v 0.017600 0.008647 -0.010643
v 0.017560 0.008647 -0.010643
v 0.017600 0.008636 -0.010643
v 0.017577 0.008613 -0.010643
v 0.017560 0.008647 -0.010643
v 0.017560 0.008613 -0.010643
v 0.017577 0.008613 -0.010643
v 0.017600 0.008636 -0.010643
v 0.017560 0.008647 -0.010643
v 0.017600 0.008647 -0.010557
v 0.017600 0.008636 -0.010557
v 0.017560 0.008647 -0.010557
v 0.017560 0.008647 -0.010557
v 0.017600 0.008636 -0.010557
v 0.017577 0.008613 -0.010557
v 0.017577 0.008613 -0.010557
v 0.017560 0.008613 -0.010557
v 0.017560 0.008647 -0.010557
v 0.017567 0.008603 -0.010547
v 0.017560 0.008603 -0.010547
v 0.017560 0.008603 -0.010549
v 0.017567 0.008603 -0.010549
v 0.017567 0.008603 -0.010547
v 0.017560 0.008603 -0.010549
v 0.017560 0.008603 -0.010549
v 0.017560 0.008604 -0.010551
v 0.017567 0.008603 -0.010549
v 0.017567 0.008603 -0.010549
v 0.017560 0.008604 -0.010551
v 0.017568 0.008604 -0.010551
v 0.017568 0.008604 -0.010551
v 0.017560 0.008604 -0.010551
v 0.017560 0.008605 -0.010553
v 0.017569 0.008605 -0.010553
v 0.017568 0.008604 -0.010551
v 0.017560 0.008605 -0.010553
v 0.017560 0.008606 -0.010554
v 0.017569 0.008605 -0.010553
v 0.017560 0.008605 -0.010553
v 0.017560 0.008607 -0.010555
v 0.017570 0.008606 -0.010554
v 0.017560 0.008606 -0.010554
v 0.017560 0.008606 -0.010554
v 0.017570 0.008606 -0.010554
v 0.017569 0.008605 -0.010553
v 0.017575 0.008611 -0.010557
v 0.017560 0.008613 -0.010557
v 0.017577 0.008613 -0.010557
v 0.017575 0.008611 -0.010557
v 0.017560 0.008611 -0.010557
v 0.017560 0.008613 -0.010557
v 0.017575 0.008611 -0.010557
v 0.017573 0.008609 -0.010556
v 0.017560 0.008611 -0.010557
v 0.017560 0.008611 -0.010557
v 0.017573 0.008609 -0.010556
v 0.017560 0.008609 -0.010556
v 0.017560 0.008609 -0.010556
v 0.017573 0.008609 -0.010556
v 0.017571 0.008607 -0.010555
v 0.017560 0.008607 -0.010555
v 0.017560 0.008609 -0.010556
v 0.017571 0.008607 -0.010555
v 0.017570 0.008606 -0.010554
v 0.017560 0.008607 -0.010555
v 0.017571 0.008607 -0.010555
v 0.017560 0.008993 -0.010557
v 0.017575 0.008995 -0.010557
v 0.017577 0.008993 -0.010557
v 0.017560 0.008993 -0.010557
v 0.017560 0.008995 -0.010557
v 0.017575 0.008995 -0.010557
v 0.017575 0.008995 -0.010557
v 0.017560 0.008995 -0.010557
v 0.017573 0.008997 -0.010556
v 0.017573 0.008997 -0.010556
v 0.017560 0.008995 -0.010557
v 0.017560 0.008997 -0.010556
v 0.017560 0.008999 -0.010555
v 0.017560 0.009000 -0.010554
v 0.017570 0.009000 -0.010554
v 0.017571 0.008999 -0.010555
v 0.017560 0.008997 -0.010556
v 0.017560 0.008999 -0.010555
v 0.017560 0.009000 -0.010554
v 0.017560 0.009001 -0.010553
v 0.017569 0.009001 -0.010553
v 0.017571 0.008999 -0.010555
v 0.017573 0.008997 -0.010556
v 0.017560 0.008997 -0.010556
v 0.017560 0.009003 -0.010549
v 0.017560 0.009003 -0.010547
v 0.017567 0.009003 -0.010547
v 0.017567 0.009003 -0.010549
v 0.017560 0.009003 -0.010549
v 0.017567 0.009003 -0.010547
v 0.017567 0.009003 -0.010549
v 0.017560 0.009002 -0.010551
v 0.017560 0.009003 -0.010549
v 0.017567 0.009003 -0.010549
v 0.017568 0.009002 -0.010551
v 0.017560 0.009002 -0.010551
v 0.017560 0.009002 -0.010551
v 0.017568 0.009002 -0.010551
v 0.017560 0.009001 -0.010553
v 0.017560 0.009001 -0.010553
v 0.017568 0.009002 -0.010551
v 0.017569 0.009001 -0.010553
v 0.017560 0.009000 -0.010554
v 0.017569 0.009001 -0.010553
v 0.017570 0.009000 -0.010554
v 0.017570 0.009000 -0.010554
v 0.017571 0.008999 -0.010555
v 0.017560 0.008999 -0.010555
v 0.017560 0.008993 -0.010643
v 0.017577 0.008993 -0.010643
v 0.017575 0.008995 -0.010643
v 0.017560 0.008995 -0.010643
v 0.017560 0.008993 -0.010643
v 0.017575 0.008995 -0.010643
v 0.017573 0.008997 -0.010644
v 0.017560 0.008995 -0.010643
v 0.017575 0.008995 -0.010643
v 0.017573 0.008997 -0.010644
v 0.017560 0.008997 -0.010644
v 0.017560 0.008995 -0.010643
v 0.017573 0.008997 -0.010644
v 0.017571 0.008999 -0.010645
v 0.017560 0.008997 -0.010644
v 0.017560 0.008997 -0.010644
v 0.017571 0.008999 -0.010645
v 0.017560 0.008999 -0.010645
v 0.017560 0.008999 -0.010645
v 0.017570 0.009000 -0.010646
v 0.017560 0.009000 -0.010646
v 0.017567 0.009003 -0.010653
v 0.017560 0.009003 -0.010653
v 0.017560 0.009003 -0.010651
v 0.017560 0.009003 -0.010651
v 0.017567 0.009003 -0.010651
v 0.017567 0.009003 -0.010653
v 0.017560 0.009003 -0.010651
v 0.017560 0.009002 -0.010649
v 0.017567 0.009003 -0.010651
v 0.017567 0.009003 -0.010651
v 0.017560 0.009002 -0.010649
v 0.017568 0.009002 -0.010649
v 0.017568 0.009002 -0.010649
v 0.017560 0.009002 -0.010649
v 0.017560 0.009001 -0.010647
v 0.017569 0.009001 -0.010647
v 0.017568 0.009002 -0.010649
v 0.017560 0.009001 -0.010647
v 0.017560 0.009000 -0.010646
v 0.017569 0.009001 -0.010647
v 0.017560 0.009001 -0.010647
v 0.017560 0.009000 -0.010646
v 0.017570 0.009000 -0.010646
v 0.017569 0.009001 -0.010647
v 0.017570 0.009000 -0.010646
v 0.017560 0.008999 -0.010645
v 0.017571 0.008999 -0.010645
v 0.017560 0.008951 -0.010496
v 0.017560 0.008953 -0.010497
v 0.017600 0.008951 -0.010496
v 0.017560 0.008953 -0.010497
v 0.017560 0.008955 -0.010498
v 0.017600 0.008953 -0.010497
v 0.017560 0.008955 -0.010498
v 0.017600 0.008955 -0.010498
v 0.017600 0.008953 -0.010497
v 0.017560 0.008956 -0.010499
v 0.017600 0.008956 -0.010499
v 0.017600 0.008955 -0.010498
v 0.017560 0.008957 -0.010500
v 0.017600 0.008956 -0.010499
v 0.017560 0.008956 -0.010499
v 0.017560 0.008958 -0.010502
v 0.017600 0.008957 -0.010500
v 0.017560 0.008957 -0.010500
v 0.017600 0.008958 -0.010502
v 0.017600 0.008957 -0.010500
v 0.017560 0.008958 -0.010502
v 0.017560 0.008951 -0.010496
v 0.017600 0.008951 -0.010496
v 0.017560 0.008949 -0.010496
v 0.017600 0.008959 -0.010504
v 0.017560 0.008959 -0.010506
v 0.017600 0.008959 -0.010506
v 0.017560 0.008959 -0.010504
v 0.017560 0.008959 -0.010506
v 0.017600 0.008959 -0.010504
v 0.017560 0.008959 -0.010504
v 0.017600 0.008959 -0.010504
v 0.017600 0.008958 -0.010502
v 0.017560 0.008959 -0.010504
v 0.017600 0.008958 -0.010502
v 0.017560 0.008958 -0.010502
v 0.017560 0.008957 -0.010500
v 0.017600 0.008957 -0.010500
v 0.017600 0.008956 -0.010499
v 0.017560 0.008955 -0.010498
v 0.017560 0.008956 -0.010499
v 0.017600 0.008955 -0.010498
v 0.017600 0.008951 -0.010496
v 0.017600 0.008949 -0.010496
v 0.017560 0.008949 -0.010496
v 0.017560 0.008953 -0.010497
v 0.017600 0.008953 -0.010497
v 0.017600 0.008951 -0.010496
v 0.017560 0.008959 -0.010696
v 0.017560 0.008958 -0.010698
v 0.017600 0.008959 -0.010696
v 0.017560 0.008958 -0.010698
v 0.017560 0.008957 -0.010700
v 0.017600 0.008958 -0.010698
v 0.017560 0.008957 -0.010700
v 0.017600 0.008957 -0.010700
v 0.017600 0.008958 -0.010698
v 0.017560 0.008956 -0.010701
v 0.017600 0.008956 -0.010701
v 0.017600 0.008957 -0.010700
v 0.017560 0.008955 -0.010702
v 0.017600 0.008956 -0.010701
v 0.017560 0.008956 -0.010701
v 0.017560 0.008953 -0.010703
v 0.017600 0.008955 -0.010702
v 0.017560 0.008955 -0.010702
v 0.017600 0.008953 -0.010703
v 0.017600 0.008955 -0.010702
v 0.017560 0.008953 -0.010703
v 0.017560 0.008959 -0.010696
v 0.017600 0.008959 -0.010696
v 0.017560 0.008959 -0.010694
v 0.017600 0.008951 -0.010704
v 0.017560 0.008949 -0.010704
v 0.017600 0.008949 -0.010704
v 0.017560 0.008951 -0.010704
v 0.017560 0.008949 -0.010704
v 0.017600 0.008951 -0.010704
v 0.017560 0.008951 -0.010704
v 0.017600 0.008951 -0.010704
v 0.017600 0.008953 -0.010703
v 0.017560 0.008951 -0.010704
v 0.017600 0.008953 -0.010703
v 0.017560 0.008953 -0.010703
v 0.017560 0.008955 -0.010702
v 0.017600 0.008955 -0.010702
v 0.017600 0.008956 -0.010701
v 0.017560 0.008957 -0.010700
v 0.017560 0.008956 -0.010701
v 0.017600 0.008957 -0.010700
v 0.017600 0.008959 -0.010696
v 0.017600 0.008959 -0.010694
v 0.017560 0.008959 -0.010694
v 0.017560 0.008958 -0.010698
v 0.017600 0.008958 -0.010698
v 0.017600 0.008959 -0.010696
v 0.017560 0.008647 -0.010504
v 0.017560 0.008648 -0.010502
v 0.017600 0.008647 -0.010504
v 0.017560 0.008648 -0.010502
v 0.017560 0.008649 -0.010500
v 0.017600 0.008648 -0.010502
v 0.017560 0.008649 -0.010500
v 0.017600 0.008649 -0.010500
v 0.017600 0.008648 -0.010502
v 0.017560 0.008650 -0.010499
v 0.017600 0.008650 -0.010499
v 0.017600 0.008649 -0.010500
v 0.017560 0.008651 -0.010498
v 0.017600 0.008650 -0.010499
v 0.017560 0.008650 -0.010499
v 0.017560 0.008653 -0.010497
v 0.017600 0.008651 -0.010498
v 0.017560 0.008651 -0.010498
v 0.017600 0.008653 -0.010497
v 0.017600 0.008651 -0.010498
v 0.017560 0.008653 -0.010497
v 0.017560 0.008657 -0.010496
v 0.017600 0.008657 -0.010496
v 0.017600 0.008655 -0.010496
v 0.017560 0.008657 -0.010496
v 0.017600 0.008655 -0.010496
v 0.017560 0.008655 -0.010496
v 0.017600 0.008655 -0.010496
v 0.017600 0.008653 -0.010497
v 0.017560 0.008655 -0.010496
v 0.017560 0.008647 -0.010504
v 0.017600 0.008647 -0.010504
v 0.017560 0.008647 -0.010506
v 0.017560 0.008653 -0.010497
v 0.017560 0.008655 -0.010496
v 0.017600 0.008653 -0.010497
v 0.017600 0.008647 -0.010504
v 0.017600 0.008647 -0.010506
v 0.017560 0.008647 -0.010506
v 0.017600 0.008647 -0.010504
v 0.017560 0.008648 -0.010502
v 0.017600 0.008648 -0.010502
v 0.017560 0.008649 -0.010500
v 0.017560 0.008650 -0.010499
v 0.017600 0.008649 -0.010500
v 0.017560 0.008651 -0.010498
v 0.017600 0.008651 -0.010498
v 0.017600 0.008650 -0.010499
v 0.017560 0.008655 -0.010704
v 0.017600 0.008655 -0.010704
v 0.017560 0.008657 -0.010704
v 0.017560 0.008653 -0.010703
v 0.017600 0.008655 -0.010704
v 0.017560 0.008655 -0.010704
v 0.017560 0.008651 -0.010702
v 0.017600 0.008653 -0.010703
v 0.017560 0.008653 -0.010703
v 0.017600 0.008651 -0.010702
v 0.017600 0.008653 -0.010703
v 0.017560 0.008651 -0.010702
v 0.017600 0.008650 -0.010701
v 0.017600 0.008651 -0.010702
v 0.017560 0.008650 -0.010701
v 0.017600 0.008650 -0.010701
v 0.017560 0.008650 -0.010701
v 0.017560 0.008649 -0.010700
v 0.017600 0.008649 -0.010700
v 0.017560 0.008649 -0.010700
v 0.017560 0.008648 -0.010698
v 0.017600 0.008647 -0.010694
v 0.017600 0.008647 -0.010696
v 0.017560 0.008647 -0.010694
v 0.017600 0.008647 -0.010696
v 0.017560 0.008647 -0.010696
v 0.017560 0.008647 -0.010694
v 0.017600 0.008648 -0.010698
v 0.017560 0.008647 -0.010696
v 0.017600 0.008647 -0.010696
v 0.017560 0.008648 -0.010698
v 0.017560 0.008647 -0.010696
v 0.017600 0.008648 -0.010698
v 0.017560 0.008648 -0.010698
v 0.017600 0.008648 -0.010698
v 0.017600 0.008649 -0.010700
v 0.017560 0.008649 -0.010700
v 0.017600 0.008649 -0.010700
v 0.017600 0.008650 -0.010701
v 0.017560 0.008651 -0.010702
v 0.017560 0.008650 -0.010701
v 0.017600 0.008651 -0.010702
v 0.017600 0.008655 -0.010704
v 0.017600 0.008657 -0.010704
v 0.017560 0.008657 -0.010704
v 0.017560 0.008653 -0.010703
v 0.017600 0.008653 -0.010703
v 0.017600 0.008655 -0.010704
v 0.017560 0.008603 -0.010653
v 0.017567 0.008603 -0.010653
v 0.017560 0.008603 -0.010651
v 0.017560 0.008603 -0.010651
v 0.017567 0.008603 -0.010651
v 0.017560 0.008604 -0.010649
v 0.017560 0.008604 -0.010649
v 0.017567 0.008603 -0.010651
v 0.017568 0.008604 -0.010649
v 0.017560 0.008605 -0.010647
v 0.017568 0.008604 -0.010649
v 0.017569 0.008605 -0.010647
v 0.017560 0.008606 -0.010646
v 0.017560 0.008605 -0.010647
v 0.017569 0.008605 -0.010647
v 0.017560 0.008607 -0.010645
v 0.017560 0.008606 -0.010646
v 0.017570 0.008606 -0.010646
v 0.017571 0.008607 -0.010645
v 0.017560 0.008607 -0.010645
v 0.017570 0.008606 -0.010646
v 0.017571 0.008607 -0.010645
v 0.017560 0.008609 -0.010644
v 0.017560 0.008607 -0.010645
v 0.017560 0.008613 -0.010643
v 0.017560 0.008611 -0.010643
v 0.017575 0.008611 -0.010643
v 0.017575 0.008611 -0.010643
v 0.017577 0.008613 -0.010643
v 0.017560 0.008613 -0.010643
v 0.017560 0.008611 -0.010643
v 0.017573 0.008609 -0.010644
v 0.017575 0.008611 -0.010643
v 0.017570 0.008606 -0.010646
v 0.017560 0.008606 -0.010646
v 0.017569 0.008605 -0.010647
v 0.017560 0.008609 -0.010644
v 0.017571 0.008607 -0.010645
v 0.017573 0.008609 -0.010644
v 0.017567 0.008603 -0.010651
v 0.017560 0.008603 -0.010651
v 0.017567 0.008603 -0.010653
v 0.017560 0.008611 -0.010643
v 0.017560 0.008609 -0.010644
v 0.017573 0.008609 -0.010644
v 0.017568 0.008604 -0.010649
v 0.017560 0.008605 -0.010647
v 0.017560 0.008604 -0.010649
v 0.017510 0.008833 -0.010620
v 0.017510 0.008833 -0.010580
v 0.017560 0.008833 -0.010620
v 0.017560 0.008833 -0.010580
v 0.017560 0.008833 -0.010620
v 0.017470 0.008826 -0.010620
v 0.017510 0.008833 -0.010620
v 0.017470 0.008823 -0.010620
v 0.017510 0.008833 -0.010620
v 0.017560 0.008823 -0.010620
v 0.017560 0.008833 -0.010620
v 0.017560 0.008823 -0.010620
v 0.017510 0.008833 -0.010620
v 0.017510 0.008823 -0.010630
v 0.017560 0.008823 -0.010620
v 0.017560 0.008823 -0.010630
v 0.017470 0.008823 -0.010620
v 0.017560 0.008823 -0.010620
v 0.017470 0.008823 -0.010620
v 0.017470 0.008823 -0.010623
v 0.017510 0.008783 -0.010630
v 0.017510 0.008823 -0.010630
v 0.017560 0.008783 -0.010630
v 0.017510 0.008823 -0.010630
v 0.017560 0.008823 -0.010630
v 0.017560 0.008783 -0.010630
v 0.017470 0.008783 -0.010623
v 0.017510 0.008783 -0.010630
v 0.017470 0.008783 -0.010620
v 0.017510 0.008783 -0.010630
v 0.017560 0.008783 -0.010620
v 0.017560 0.008783 -0.010630
v 0.017560 0.008783 -0.010620
v 0.017510 0.008783 -0.010630
v 0.017510 0.008773 -0.010620
v 0.017560 0.008783 -0.010620
v 0.017560 0.008773 -0.010620
v 0.017470 0.008783 -0.010620
v 0.017560 0.008783 -0.010620
v 0.017470 0.008783 -0.010620
v 0.017470 0.008780 -0.010620
v 0.017510 0.008773 -0.010580
v 0.017510 0.008773 -0.010620
v 0.017560 0.008773 -0.010580
v 0.017510 0.008773 -0.010620
v 0.017560 0.008773 -0.010620
v 0.017560 0.008773 -0.010580
v 0.017470 0.008780 -0.010580
v 0.017510 0.008773 -0.010580
v 0.017470 0.008783 -0.010580
v 0.017510 0.008773 -0.010580
v 0.017560 0.008783 -0.010580
v 0.017560 0.008773 -0.010580
v 0.017560 0.008783 -0.010580
v 0.017510 0.008773 -0.010580
v 0.017510 0.008783 -0.010570
v 0.017560 0.008783 -0.010580
v 0.017560 0.008783 -0.010570
v 0.017470 0.008783 -0.010580
v 0.017560 0.008783 -0.010580
v 0.017470 0.008783 -0.010580
v 0.017470 0.008783 -0.010577
v 0.017510 0.008823 -0.010570
v 0.017510 0.008783 -0.010570
v 0.017560 0.008823 -0.010570
v 0.017510 0.008783 -0.010570
v 0.017560 0.008783 -0.010570
v 0.017560 0.008823 -0.010570
v 0.017470 0.008823 -0.010577
v 0.017510 0.008823 -0.010570
v 0.017470 0.008823 -0.010580
v 0.017510 0.008823 -0.010570
v 0.017560 0.008823 -0.010580
v 0.017560 0.008823 -0.010570
v 0.017560 0.008823 -0.010580
v 0.017510 0.008823 -0.010570
v 0.017560 0.008799 -0.010580
v 0.017470 0.008799 -0.010580
v 0.017560 0.008803 -0.010580
v 0.017560 0.008795 -0.010582
v 0.017560 0.008792 -0.010583
v 0.017470 0.008795 -0.010582
v 0.017470 0.008792 -0.010583
v 0.017470 0.008789 -0.010586
v 0.017560 0.008789 -0.010586
v 0.017560 0.008786 -0.010589
v 0.017470 0.008786 -0.010589
v 0.017560 0.008785 -0.010592
v 0.017470 0.008785 -0.010592
v 0.017560 0.008783 -0.010596
v 0.017470 0.008783 -0.010596
v 0.017560 0.008783 -0.010600
v 0.017560 0.008783 -0.010604
v 0.017470 0.008783 -0.010600
v 0.017470 0.008783 -0.010604
v 0.017560 0.008785 -0.010608
v 0.017470 0.008785 -0.010608
v 0.017560 0.008786 -0.010611
v 0.017560 0.008789 -0.010614
v 0.017470 0.008786 -0.010611
v 0.017470 0.008789 -0.010614
v 0.017470 0.008792 -0.010617
v 0.017560 0.008792 -0.010617
v 0.017560 0.008795 -0.010618
v 0.017470 0.008795 -0.010618
v 0.017560 0.008799 -0.010620
v 0.017470 0.008799 -0.010620
v 0.017560 0.008803 -0.010620
v 0.017470 0.008803 -0.010620
v 0.017560 0.008807 -0.010620
v 0.017470 0.008807 -0.010620
v 0.017560 0.008811 -0.010618
v 0.017470 0.008811 -0.010618
v 0.017560 0.008814 -0.010617
v 0.017560 0.008823 -0.010600
v 0.017470 0.008823 -0.010600
v 0.017470 0.008823 -0.010604
v 0.017560 0.008823 -0.010596
v 0.017470 0.008823 -0.010596
v 0.017560 0.008821 -0.010592
v 0.017470 0.008821 -0.010592
v 0.017560 0.008820 -0.010589
v 0.017470 0.008820 -0.010589
v 0.017560 0.008817 -0.010586
v 0.017560 0.008814 -0.010583
v 0.017470 0.008817 -0.010586
v 0.017470 0.008814 -0.010583
v 0.017470 0.008811 -0.010582
v 0.017560 0.008811 -0.010582
v 0.017470 0.008807 -0.010580
v 0.017560 0.008807 -0.010580
v 0.017470 0.008803 -0.010580
v 0.017560 0.008823 -0.010604
v 0.017470 0.008821 -0.010608
v 0.017560 0.008821 -0.010608
v 0.017470 0.008820 -0.010611
v 0.017560 0.008820 -0.010611
v 0.017470 0.008817 -0.010614
v 0.017560 0.008817 -0.010614
v 0.017470 0.008814 -0.010617
v 0.017510 0.008833 -0.010580
v 0.017560 0.008823 -0.010580
v 0.017560 0.008833 -0.010580
v 0.017470 0.008823 -0.010580
v 0.017560 0.008823 -0.010580
v 0.017510 0.008833 -0.010580
v 0.017470 0.008823 -0.010580
v 0.017510 0.008833 -0.010580
v 0.017470 0.008826 -0.010580
v 0.017470 0.008803 -0.010577
v 0.017470 0.008803 -0.010580
v 0.017470 0.008799 -0.010580
v 0.017470 0.008780 -0.010600
v 0.017470 0.008783 -0.010600
v 0.017470 0.008783 -0.010604
v 0.017470 0.008826 -0.010620
v 0.017470 0.008823 -0.010620
v 0.017470 0.008820 -0.010611
v 0.017470 0.008826 -0.010580
v 0.017470 0.008821 -0.010592
v 0.017470 0.008820 -0.010589
v 0.017470 0.008811 -0.010582
v 0.017470 0.008807 -0.010580
v 0.017470 0.008823 -0.010577
v 0.017470 0.008814 -0.010583
v 0.017470 0.008811 -0.010582
v 0.017470 0.008783 -0.010577
v 0.017470 0.008795 -0.010582
v 0.017470 0.008792 -0.010583
v 0.017470 0.008785 -0.010592
v 0.017470 0.008783 -0.010596
v 0.017470 0.008780 -0.010580
v 0.017470 0.008786 -0.010589
v 0.017470 0.008785 -0.010592
v 0.017470 0.008780 -0.010620
v 0.017470 0.008785 -0.010608
v 0.017470 0.008786 -0.010611
v 0.017470 0.008803 -0.010623
v 0.017470 0.008795 -0.010618
v 0.017470 0.008799 -0.010620
v 0.017470 0.008783 -0.010623
v 0.017470 0.008792 -0.010617
v 0.017470 0.008795 -0.010618
v 0.017470 0.008823 -0.010623
v 0.017470 0.008811 -0.010618
v 0.017470 0.008814 -0.010617
v 0.017470 0.008823 -0.010620
v 0.017470 0.008814 -0.010617
v 0.017470 0.008817 -0.010614
v 0.017470 0.008823 -0.010620
v 0.017470 0.008817 -0.010614
v 0.017470 0.008820 -0.010611
v 0.017470 0.008807 -0.010580
v 0.017470 0.008803 -0.010580
v 0.017470 0.008823 -0.010577
v 0.017470 0.008811 -0.010582
v 0.017470 0.008820 -0.010589
v 0.017470 0.008823 -0.010580
v 0.017470 0.008826 -0.010580
v 0.017470 0.008814 -0.010583
v 0.017470 0.008823 -0.010577
v 0.017470 0.008823 -0.010580
v 0.017470 0.008817 -0.010586
v 0.017470 0.008814 -0.010583
v 0.017470 0.008823 -0.010580
v 0.017470 0.008820 -0.010589
v 0.017470 0.008817 -0.010586
v 0.017470 0.008823 -0.010580
v 0.017470 0.008821 -0.010592
v 0.017470 0.008826 -0.010580
v 0.017470 0.008826 -0.010600
v 0.017470 0.008823 -0.010596
v 0.017470 0.008821 -0.010592
v 0.017470 0.008823 -0.010604
v 0.017470 0.008823 -0.010600
v 0.017470 0.008826 -0.010620
v 0.017470 0.008821 -0.010608
v 0.017470 0.008821 -0.010608
v 0.017470 0.008823 -0.010604
v 0.017470 0.008820 -0.010611
v 0.017470 0.008821 -0.010608
v 0.017470 0.008826 -0.010620
v 0.017470 0.008814 -0.010617
v 0.017470 0.008823 -0.010620
v 0.017470 0.008823 -0.010623
v 0.017470 0.008823 -0.010600
v 0.017470 0.008823 -0.010596
v 0.017470 0.008807 -0.010620
v 0.017470 0.008811 -0.010618
v 0.017470 0.008799 -0.010620
v 0.017470 0.008803 -0.010620
v 0.017470 0.008783 -0.010623
v 0.017470 0.008795 -0.010618
v 0.017470 0.008786 -0.010611
v 0.017470 0.008783 -0.010620
v 0.017470 0.008780 -0.010620
v 0.017470 0.008792 -0.010617
v 0.017470 0.008783 -0.010623
v 0.017470 0.008783 -0.010620
v 0.017470 0.008789 -0.010614
v 0.017470 0.008792 -0.010617
v 0.017470 0.008783 -0.010620
v 0.017470 0.008786 -0.010611
v 0.017470 0.008789 -0.010614
v 0.017470 0.008783 -0.010620
v 0.017470 0.008785 -0.010608
v 0.017470 0.008780 -0.010620
v 0.017470 0.008783 -0.010604
v 0.017470 0.008785 -0.010608
v 0.017470 0.008783 -0.010596
v 0.017470 0.008783 -0.010600
v 0.017470 0.008780 -0.010580
v 0.017470 0.008785 -0.010592
v 0.017470 0.008792 -0.010583
v 0.017470 0.008783 -0.010580
v 0.017470 0.008783 -0.010577
v 0.017470 0.008786 -0.010589
v 0.017470 0.008780 -0.010580
v 0.017470 0.008783 -0.010580
v 0.017470 0.008789 -0.010586
v 0.017470 0.008786 -0.010589
v 0.017470 0.008783 -0.010580
v 0.017470 0.008792 -0.010583
v 0.017470 0.008789 -0.010586
v 0.017470 0.008783 -0.010580
v 0.017470 0.008795 -0.010582
v 0.017470 0.008783 -0.010577
v 0.017470 0.008803 -0.010620
v 0.017470 0.008807 -0.010620
v 0.017470 0.008799 -0.010580
v 0.017470 0.008795 -0.010582
v 0.017470 0.008811 -0.010618
v 0.017470 0.008823 -0.010623
v 0.017560 0.008795 -0.010582
v 0.017560 0.008799 -0.010580
v 0.017560 0.008803 -0.010580
v 0.017560 0.008792 -0.010583
v 0.017560 0.008795 -0.010582
v 0.017560 0.008803 -0.010580
v 0.017560 0.008789 -0.010586
v 0.017560 0.008792 -0.010583
v 0.017560 0.008803 -0.010580
v 0.017560 0.008786 -0.010589
v 0.017560 0.008789 -0.010586
v 0.017560 0.008803 -0.010580
v 0.017560 0.008785 -0.010592
v 0.017560 0.008803 -0.010580
v 0.017560 0.008783 -0.010596
v 0.017560 0.008785 -0.010592
v 0.017560 0.008786 -0.010589
v 0.017560 0.008803 -0.010580
v 0.017560 0.008783 -0.010596
v 0.017560 0.008803 -0.010580
v 0.017560 0.008783 -0.010600
v 0.017560 0.008783 -0.010600
v 0.017560 0.008803 -0.010580
v 0.017560 0.008783 -0.010604
v 0.017560 0.008803 -0.010580
v 0.017560 0.008785 -0.010608
v 0.017560 0.008783 -0.010604
v 0.017560 0.008803 -0.010580
v 0.017560 0.008786 -0.010611
v 0.017560 0.008785 -0.010608
v 0.017560 0.008803 -0.010580
v 0.017560 0.008789 -0.010614
v 0.017560 0.008786 -0.010611
v 0.017560 0.008795 -0.010618
v 0.017560 0.008792 -0.010617
v 0.017560 0.008803 -0.010580
v 0.017560 0.008803 -0.010580
v 0.017560 0.008792 -0.010617
v 0.017560 0.008789 -0.010614
v 0.017560 0.008799 -0.010620
v 0.017560 0.008803 -0.010580
v 0.017560 0.008803 -0.010620
v 0.017560 0.008803 -0.010620
v 0.017560 0.008803 -0.010580
v 0.017560 0.008807 -0.010620
v 0.017560 0.008803 -0.010580
v 0.017560 0.008811 -0.010618
v 0.017560 0.008807 -0.010620
v 0.017560 0.008803 -0.010580
v 0.017560 0.008814 -0.010617
v 0.017560 0.008811 -0.010618
v 0.017560 0.008803 -0.010580
v 0.017560 0.008817 -0.010614
v 0.017560 0.008814 -0.010617
v 0.017560 0.008821 -0.010608
v 0.017560 0.008820 -0.010611
v 0.017560 0.008803 -0.010580
v 0.017560 0.008803 -0.010580
v 0.017560 0.008820 -0.010611
v 0.017560 0.008817 -0.010614
v 0.017560 0.008823 -0.010604
v 0.017560 0.008821 -0.010608
v 0.017560 0.008803 -0.010580
v 0.017560 0.008823 -0.010600
v 0.017560 0.008823 -0.010604
v 0.017560 0.008803 -0.010580
v 0.017560 0.008823 -0.010600
v 0.017560 0.008803 -0.010580
v 0.017560 0.008823 -0.010596
v 0.017560 0.008823 -0.010596
v 0.017560 0.008803 -0.010580
v 0.017560 0.008821 -0.010592
v 0.017560 0.008821 -0.010592
v 0.017560 0.008803 -0.010580
v 0.017560 0.008820 -0.010589
v 0.017560 0.008803 -0.010580
v 0.017560 0.008814 -0.010583
v 0.017560 0.008817 -0.010586
v 0.017560 0.008820 -0.010589
v 0.017560 0.008803 -0.010580
v 0.017560 0.008817 -0.010586
v 0.017560 0.008803 -0.010580
v 0.017560 0.008811 -0.010582
v 0.017560 0.008814 -0.010583
v 0.017560 0.008803 -0.010580
v 0.017560 0.008799 -0.010620
v 0.017560 0.008795 -0.010618
v 0.017560 0.008807 -0.010580
v 0.017560 0.008811 -0.010582
v 0.017560 0.008803 -0.010580
v 0.017470 0.008803 -0.010623
v 0.017470 0.008823 -0.010623
v 0.017510 0.008823 -0.010630
v 0.017470 0.008783 -0.010623
v 0.017470 0.008803 -0.010623
v 0.017470 0.008803 -0.010623
v 0.017510 0.008823 -0.010630
v 0.017470 0.008780 -0.010600
v 0.017470 0.008780 -0.010620
v 0.017510 0.008773 -0.010620
v 0.017470 0.008780 -0.010580
v 0.017470 0.008780 -0.010600
v 0.017470 0.008780 -0.010600
v 0.017510 0.008773 -0.010620
v 0.017470 0.008803 -0.010577
v 0.017470 0.008783 -0.010577
v 0.017510 0.008783 -0.010570
v 0.017470 0.008823 -0.010577
v 0.017470 0.008803 -0.010577
v 0.017470 0.008803 -0.010577
v 0.017510 0.008783 -0.010570
v 0.017470 0.008826 -0.010600
v 0.017470 0.008826 -0.010580
v 0.017470 0.008826 -0.010620
v 0.017470 0.008826 -0.010600
v 0.017470 0.008826 -0.010600
v 0.017530 0.008843 -0.010442
v 0.017560 0.008843 -0.010442
v 0.017530 0.008763 -0.010442
v 0.017560 0.008843 -0.010442
v 0.017560 0.008763 -0.010442
v 0.017530 0.008843 -0.010422
v 0.017560 0.008843 -0.010422
v 0.017530 0.008843 -0.010442
v 0.017530 0.008843 -0.010442
v 0.017560 0.008843 -0.010422
v 0.017560 0.008843 -0.010442
v 0.017530 0.008763 -0.010422
v 0.017560 0.008803 -0.010422
v 0.017530 0.008843 -0.010422
v 0.017560 0.008803 -0.010422
v 0.017560 0.008843 -0.010422
v 0.017530 0.008843 -0.010422
v 0.017560 0.008803 -0.010422
v 0.017560 0.008763 -0.010422
v 0.017530 0.008763 -0.010442
v 0.017560 0.008763 -0.010442
v 0.017530 0.008763 -0.010422
v 0.017530 0.008763 -0.010422
v 0.017560 0.008763 -0.010442
v 0.017560 0.008763 -0.010422
v 0.017530 0.008763 -0.010442
v 0.017530 0.008763 -0.010422
v 0.017530 0.008843 -0.010442
v 0.017530 0.008763 -0.010422
v 0.017530 0.008843 -0.010422
v 0.017530 0.008843 -0.010442
vn -1.0000 -0.0000 -0.0000
vn -1.0000 0.0001 -0.0000
vn -1.0000 -0.0001 -0.0000
vn -1.0000 0.0002 -0.0000
vn -1.0000 -0.0002 -0.0000
vn -1.0000 -0.0003 -0.0000
vn -1.0000 0.0003 -0.0000
vn 1.0000 -0.0000 -0.0000
vn 1.0000 -0.0001 -0.0000
vn 1.0000 0.0001 -0.0000
vn 0.7071 -0.7071 -0.0000
vn 0.7071 -0.7072 -0.0000
vn 0.7070 -0.7072 -0.0000
vn 0.7068 -0.7074 0.0002
vn 0.7069 -0.7073 -0.0000
vn 0.7072 -0.7071 -0.0001
vn 0.7069 -0.7073 -0.0002
vn 0.7070 -0.7072 0.0002
vn 0.7070 -0.7072 -0.0002
vn 0.7070 -0.7073 0.0001
vn 0.7068 -0.7074 -0.0000
vn 0.7070 -0.7072 0.0001
vn 0.7072 -0.7070 -0.0001
vn -0.0000 -1.0000 -0.0000
vn 0.7070 0.7072 -0.0000
vn 0.7071 0.7071 -0.0000
vn 0.7072 0.7070 -0.0000
vn 0.7071 0.7072 -0.0000
vn 0.7070 0.7072 0.0001
vn 0.7069 0.7073 -0.0000
vn 0.7070 0.7072 -0.0001
vn 0.7072 0.7071 -0.0000
vn 0.7070 0.7073 0.0001
vn 0.7072 0.7071 0.0001
vn -0.0000 1.0000 -0.0000
vn 1.0000 -0.0002 -0.0000
vn 1.0000 0.0002 -0.0000
vn 1.0000 0.0003 -0.0000
vn 0.7069 0.7073 -0.0001
vn 0.7071 0.7071 -0.0001
vn 0.7068 0.7074 0.0001
vn 0.7068 0.7074 -0.0000
vn 0.7072 -0.7070 -0.0000
vn 0.7072 0.7070 0.0002
vn -0.0000 -0.0000 -1.0000
vn 0.0001 -0.0000 -1.0000
vn -0.0000 -0.0000 1.0000
vn -0.0001 -0.0000 1.0000
vn -0.0000 0.0980 0.9952
vn -0.0000 0.1951 0.9808
vn -0.0000 0.2903 0.9569
vn -0.0000 0.3827 0.9239
vn -0.0000 0.4714 0.8819
vn -0.0000 0.5556 0.8315
vn -0.0000 0.6344 0.7730
vn -0.0000 0.7071 0.7071
vn -0.0000 0.7069 0.7073
vn -0.0000 0.7730 0.6344
vn -0.0000 0.7072 0.7070
vn -0.0000 0.8315 0.5556
vn -0.0000 0.8315 0.5555
vn -0.0000 0.8819 0.4714
vn -0.0000 0.9239 0.3827
vn -0.0000 0.9952 0.0980
vn -0.0000 1.0000 0.0001
vn -0.0000 0.9808 0.1951
vn -0.0000 0.9569 0.2903
vn -0.0000 0.8314 0.5556
vn -0.0000 0.5556 0.8314
vn -0.0000 0.9952 -0.0980
vn -0.0000 0.9808 -0.1951
vn -0.0000 0.9569 -0.2903
vn -0.0000 0.9239 -0.3827
vn -0.0000 0.8819 -0.4714
vn -0.0000 0.8315 -0.5555
vn -0.0000 0.7730 -0.6344
vn -0.0000 0.8314 -0.5556
vn -0.0000 0.7072 -0.7070
vn -0.0000 0.7071 -0.7071
vn -0.0000 0.6344 -0.7730
vn -0.0000 0.5556 -0.8314
vn -0.0000 0.5556 -0.8315
vn -0.0000 0.4714 -0.8819
vn -0.0000 0.3827 -0.9239
vn -0.0000 1.0000 -0.0001
vn -0.0000 0.0980 -0.9952
vn -0.0000 0.1951 -0.9808
vn -0.0000 0.2903 -0.9569
vn -0.0000 0.5555 -0.8315
vn -0.0000 0.7070 -0.7072
vn -0.0000 0.8315 -0.5556
vn -0.0000 -0.0980 0.9952
vn -0.0000 -0.1951 0.9808
vn -0.0000 -0.2903 0.9569
vn -0.0000 -0.3827 0.9239
vn -0.0000 -0.4714 0.8819
vn -0.0000 -0.5555 0.8315
vn -0.0000 -0.5556 0.8315
vn -0.0000 -0.5556 0.8314
vn -0.0000 -0.6344 0.7730
vn -0.0000 -0.7730 0.6344
vn -0.0000 -0.8315 0.5556
vn -0.0000 -0.8315 0.5555
vn -0.0000 -0.8819 0.4714
vn -0.0000 -0.9952 0.0980
vn -0.0000 -0.9808 0.1951
vn -0.0000 -0.9569 0.2903
vn -0.0000 -0.9239 0.3827
vn -0.0000 -0.8314 0.5556
vn -0.0000 -0.7071 0.7071
vn -0.0000 -0.7072 0.7070
vn -0.0000 -0.9952 -0.0980
vn -0.0000 -0.9808 -0.1951
vn -0.0000 -0.9569 -0.2903
vn -0.0000 -0.9239 -0.3827
vn -0.0000 -0.8819 -0.4714
vn -0.0000 -0.8315 -0.5555
vn -0.0000 -0.7730 -0.6344
vn -0.0000 -0.8315 -0.5556
vn -0.0000 -0.7071 -0.7071
vn -0.0000 -0.6344 -0.7730
vn -0.0000 -0.5556 -0.8314
vn -0.0000 -0.5555 -0.8315
vn -0.0000 -0.4714 -0.8819
vn -0.0000 -0.3827 -0.9239
vn -0.0000 -0.0980 -0.9952
vn -0.0000 -0.1951 -0.9808
vn -0.0000 -0.2903 -0.9569
vn -0.0000 -0.5556 -0.8315
vn -0.0000 -0.7072 -0.7070
vn -0.0000 -0.8314 -0.5556
vn -0.0000 -0.9808 -0.1950
vn -0.0000 -0.9808 -0.1952
vn -0.0000 -0.7068 -0.7074
vn -0.0000 -0.8314 -0.5557
vn -0.0000 -0.7074 -0.7068
vn -0.0000 -0.1950 -0.9808
vn -0.0000 -0.3826 -0.9239
vn -0.0000 -0.7069 -0.7073
vn -0.0000 -0.9808 0.1950
vn -0.0000 -0.9808 0.1952
vn -0.0000 -0.7068 0.7074
vn -0.0000 -0.8314 0.5557
vn -0.0000 -0.7069 0.7073
vn -0.0000 -0.1950 0.9808
vn -0.0000 -0.3826 0.9239
vn -0.0000 0.1950 0.9808
vn -0.0000 0.1952 0.9808
vn -0.0000 0.5555 0.8315
vn -0.0000 0.8314 0.5557
vn -0.0000 0.7068 0.7074
vn -0.0000 0.9808 0.1950
vn -0.0000 0.9808 0.1952
vn -0.0000 0.5557 0.8314
vn -0.0000 0.7071 0.7072
vn -0.0000 0.1950 -0.9808
vn -0.0000 0.3826 -0.9239
vn -0.0000 0.1952 -0.9808
vn -0.0000 0.7068 -0.7074
vn -0.0000 0.8314 -0.5557
vn -0.0000 0.9808 -0.1950
vn -0.0000 0.9808 -0.1952
vn -0.0000 0.7069 -0.7073
vn -0.0000 0.3826 0.9239
vn -0.0000 -0.7070 -0.7072
vn -0.0000 -0.5557 -0.8314
vn -0.0000 -0.9239 -0.3826
vn -0.0000 -0.1952 -0.9808
vn -0.0000 -0.9239 0.3826
vn -0.0000 -0.7070 0.7072
vn -0.0000 -0.5557 0.8314
vn -0.0000 -0.1952 0.9808
vn -0.0000 0.9239 -0.3826
vn -0.0000 0.5557 -0.8314
vn -0.0000 0.7070 0.7072
vn -0.0000 0.9239 0.3826
vn -0.0000 -0.7074 0.7068
vn -0.0000 -1.0000 0.0001
vn -0.0000 -1.0000 -0.0001
vn -0.0000 0.9238 -0.3828
vn -0.0000 0.9238 0.3828
vn -0.0000 -0.9238 -0.3828
vn -0.0000 -0.7071 -0.7072
vn -0.0000 -0.9238 0.3828
vn -0.0000 -0.7071 0.7072
vn -0.1724 -0.0000 -0.9850
vn -0.0001 -0.0000 -1.0000
vn -0.1724 -0.9850 -0.0000
vn -0.1724 -0.0000 0.9850
vn -0.1724 0.9850 -0.0000
vn -0.1104 -0.0000 0.9939
vn -0.1104 -0.0000 -0.9939
vn -0.0000 0.9569 -0.2904
vn -0.0000 0.7074 0.7069
vn -0.0000 -0.7069 0.7074
vn -0.0000 -1.0000 -0.0002
vn -0.0000 0.3828 -0.9238
vn -0.0000 0.3828 0.9238
vn -0.0000 -0.3828 -0.9238
s 1
usemtl Diffuse_51_51_51_100.014
f 1//1 2//1 3//1
f 4//1 5//1 6//1
f 7//1 8//1 9//1
f 10//1 11//2 12//1
f 13//1 14//1 15//1
f 16//1 17//1 18//2
f 16//1 19//1 20//1
f 21//1 22//1 23//3
f 24//1 25//1 26//1
f 26//1 25//1 27//1
f 28//2 29//1 22//1
f 30//1 27//1 31//1
f 32//1 15//1 33//1
f 27//1 30//1 26//1
f 34//1 35//1 30//1
f 31//1 36//1 30//1
f 20//1 37//1 38//1
f 39//1 16//1 38//1
f 30//1 40//1 26//1
f 41//1 42//1 43//1
s 0
f 44//1 43//1 42//1
s 1
f 45//1 46//1 42//2
f 47//1 48//2 42//2
f 49//1 50//1 42//2
f 51//1 49//1 42//2
f 52//1 51//1 42//2
f 53//1 54//4 55//1
f 53//1 52//1 54//4
f 56//5 53//1 55//1
f 57//1 56//5 55//1
f 57//1 58//3 56//5
f 59//3 60//4 58//3
f 59//3 61//3 60//4
f 61//3 62//1 63//1
f 63//1 62//1 64//1
f 64//1 65//1 66//4
f 66//4 65//1 67//1
f 67//1 68//4 66//4
f 69//2 70//2 68//4
f 69//2 71//6 70//2
f 70//2 71//6 72//1
f 72//1 71//6 73//3
f 74//1 73//3 75//1
f 76//1 74//1 75//1
f 77//1 78//3 79//2
f 77//1 80//1 78//3
f 81//1 82//1 83//1
f 84//1 82//1 85//1
f 86//2 87//2 81//1
f 88//1 89//3 81//1
f 90//1 79//2 91//1
f 80//1 76//1 75//1
f 50//1 92//1 93//1
f 94//1 95//1 96//1
f 94//1 97//1 95//1
f 95//1 97//1 98//2
f 98//2 97//1 99//2
f 97//1 100//3 101//2
f 97//1 102//1 100//3
f 97//1 103//1 102//1
f 103//1 104//3 105//3
f 106//1 103//1 107//1
f 106//1 108//4 103//1
f 107//1 103//1 109//2
f 109//2 103//1 110//3
f 110//3 103//1 4//1
f 111//1 110//3 4//1
f 4//1 103//1 112//1
f 4//1 113//1 111//1
f 113//1 4//1 114//1
f 114//1 4//1 115//1
f 116//3 117//4 5//1
f 5//1 117//4 6//1
f 118//1 119//3 116//3
f 116//3 119//3 117//4
f 120//1 118//1 116//3
f 121//4 120//1 116//3
f 116//3 122//2 121//4
f 116//3 123//1 122//2
f 102//1 103//1 105//3
f 122//2 123//1 124//2
f 103//1 108//4 104//3
f 125//1 126//1 127//1
f 93//1 42//2 50//1
f 97//1 101//2 99//2
f 93//1 47//1 42//2
f 128//1 125//1 123//1
f 48//2 45//1 42//2
f 129//2 123//1 130//1
f 129//2 128//1 123//1
f 123//1 131//1 132//5
f 44//1 42//2 46//1
f 133//1 134//1 123//1
f 132//5 130//1 123//1
f 123//1 125//1 127//1
f 124//2 123//1 127//1
f 135//1 116//3 5//1
f 136//2 135//1 5//1
f 5//1 137//2 138//1
s 0
f 139//1 140//1 5//1
s 1
f 5//1 140//1 137//2
f 5//1 138//1 141//1
f 142//3 143//1 7//1
f 7//1 143//1 144//1
f 145//1 7//1 144//1
f 146//3 145//1 144//1
f 147//1 148//1 149//1
f 146//3 149//1 145//1
f 150//1 149//1 151//4
f 149//1 152//1 153//1
f 149//1 154//5 155//3
f 156//3 149//1 155//3
f 156//3 157//4 158//1
f 159//1 160//3 156//3
f 159//1 161//1 160//3
f 159//1 162//1 161//1
f 163//1 164//1 159//1
s 0
f 165//1 163//1 159//1
s 1
f 166//1 165//1 159//1
f 155//3 157//4 156//3
f 154//5 149//1 167//1
f 167//1 149//1 168//1
f 168//1 149//1 169//1
f 169//1 149//1 146//3
f 145//1 149//1 148//1
f 159//1 158//1 170//1
f 171//1 152//1 149//1
f 149//1 153//1 151//4
f 7//1 172//3 142//3
f 7//1 9//1 173//2
f 174//1 7//1 173//2
f 173//2 9//1 175//3
f 175//3 9//1 176//1
f 177//1 178//5 9//1
f 9//1 178//5 179//1
f 180//2 9//1 181//1
f 181//1 9//1 182//1
f 183//2 181//1 182//1
f 184//1 183//2 182//1
f 182//1 185//1 184//1
f 186//1 187//1 188//1
f 186//1 189//3 182//1
f 190//1 188//1 187//1
f 190//1 191//1 188//1
f 188//1 191//1 192//3
f 192//3 191//1 193//3
f 191//1 194//3 195//1
f 191//1 196//1 194//3
f 191//1 83//1 196//1
f 81//1 87//2 197//1
f 83//1 82//1 84//1
f 88//1 81//1 197//1
f 198//1 199//1 79//2
f 78//3 198//1 79//2
f 198//1 200//1 199//1
f 199//1 200//1 201//1
f 201//1 202//1 203//2
f 203//2 204//1 205//1
f 91//1 84//1 85//1
f 205//1 206//3 207//3
f 207//3 206//3 208//2
f 209//1 207//3 208//2
f 208//2 210//5 209//1
f 209//1 210//5 211//1
f 211//1 212//1 213//1
f 213//1 212//1 214//1
f 215//1 216//1 217//1
f 218//1 219//5 220//1
f 221//1 222//1 223//1
f 224//1 218//1 220//1
f 225//2 213//1 214//1
f 81//1 226//3 86//2
f 191//1 195//1 193//3
f 172//3 7//1 174//1
f 220//1 219//5 227//1
f 176//1 9//1 179//1
f 219//5 228//1 229//2
f 150//1 147//1 149//1
f 182//1 189//3 185//1
f 159//1 164//1 162//1
f 230//1 219//5 231//5
f 230//1 228//1 219//5
f 219//5 218//1 232//3
f 159//1 156//3 158//1
f 233//1 234//3 235//1
f 235//1 234//3 236//1
f 237//1 235//1 236//1
f 237//1 238//2 235//1
f 235//1 238//2 239//4
f 238//2 240//1 241//1
f 238//2 242//1 243//4
f 241//1 244//1 238//2
f 238//2 244//1 242//1
f 233//1 235//1 219//5
f 227//1 219//5 229//2
f 219//5 232//3 245//1
f 221//1 219//5 245//1
f 221//1 233//1 219//5
f 221//1 223//1 233//1
f 238//2 237//1 246//1
f 81//1 83//1 191//1
f 247//2 217//1 216//1
f 222//1 216//1 215//1
f 247//2 248//2 217//1
f 247//2 225//2 248//2
f 248//2 225//2 214//1
f 206//3 205//1 204//1
f 198//1 78//3 249//1
f 249//1 78//3 250//1
f 251//1 252//1 250//1
f 251//1 253//2 252//1
f 251//1 254//3 253//2
f 22//1 21//1 28//2
f 16//1 20//1 38//1
f 255//3 16//1 256//1
f 256//1 16//1 39//1
f 257//1 37//1 20//1
f 257//1 32//1 37//1
f 258//3 30//1 35//1
f 259//1 32//1 260//1
f 261//1 260//1 32//1
f 262//2 263//1 33//1
f 32//1 263//1 264//3
f 265//2 262//2 33//1
f 32//1 257//1 266//1
f 267//1 268//1 10//1
f 10//1 268//1 33//1
f 10//1 33//1 3//1
f 10//1 269//1 267//1
f 33//1 268//1 270//3
f 271//3 272//1 33//1
f 269//1 10//1 273//1
f 273//1 10//1 274//1
f 275//2 276//5 11//2
f 11//2 276//5 12//1
f 277//1 278//2 275//2
f 275//2 278//2 276//5
f 279//1 277//1 275//2
f 280//1 279//1 275//2
f 275//2 281//1 280//1
f 275//2 282//3 281//1
f 274//1 10//1 12//1
f 281//1 282//3 283//1
f 272//1 284//5 33//1
f 285//1 286//1 287//1
f 288//1 22//1 29//1
f 252//1 249//1 250//1
f 288//1 25//1 22//1
f 211//1 210//5 212//1
f 36//1 34//1 30//1
f 22//1 25//1 24//1
f 32//1 259//1 37//1
f 215//1 223//1 222//1
f 203//2 202//1 204//1
f 289//1 238//2 243//4
f 16//1 253//2 22//1
f 32//1 30//1 15//1
f 239//4 238//2 289//1
f 23//3 22//1 254//3
f 290//1 282//3 291//1
f 291//1 282//3 292//1
f 292//1 282//3 293//4
f 285//1 282//3 286//1
f 294//4 275//2 11//2
f 285//1 283//1 282//3
f 295//1 11//2 296//4
f 297//2 298//1 13//1
f 13//1 298//1 299//1
f 300//1 13//1 299//1
f 301//2 300//1 299//1
f 302//2 303//1 304//1
f 301//2 304//1 300//1
f 305//1 304//1 306//5
s 0
f 304//1 307//1 308//1
s 1
f 304//1 309//1 310//1
f 311//4 304//1 310//1
f 311//4 312//1 313//2
f 314//2 315//7 311//4
f 314//2 316//2 315//7
f 314//2 317//1 316//2
f 318//4 319//1 314//2
f 320//1 318//4 314//2
s 0
f 321//1 320//1 314//1
s 1
f 310//1 312//1 311//4
f 309//1 304//1 322//1
f 322//1 304//1 323//1
f 323//1 304//1 324//1
f 324//1 304//1 301//2
f 300//1 304//1 303//1
f 314//2 313//2 325//1
f 326//1 307//1 304//1
f 304//1 308//1 306//5
f 13//1 327//2 297//2
f 13//1 15//1 328//1
f 329//1 13//1 328//1
f 328//1 15//1 330//1
f 330//1 15//1 331//1
f 332//1 333//4 15//1
f 15//1 333//4 334//3
f 335//3 15//1 258//3
f 258//3 15//1 30//1
f 263//1 32//1 33//1
f 264//3 261//1 32//1
f 33//1 284//5 265//2
f 293//4 282//3 336//1
f 337//1 11//2 338//1
s 0
f 338//1 11//1 339//1
s 1
f 11//2 337//1 296//4
f 16//1 255//3 17//1
f 340//1 286//1 282//3
f 22//1 24//1 341//1
f 18//2 253//2 16//1
f 22//1 253//2 254//3
f 200//1 202//1 201//1
f 52//1 42//2 54//4
f 81//1 89//3 82//1
f 90//1 91//1 85//1
f 96//1 226//3 81//1
f 90//1 77//1 79//2
f 80//1 77//1 76//1
f 74//1 72//1 73//3
f 67//1 69//2 68//4
f 60//4 61//3 63//1
f 342//2 54//4 343//4
f 343//4 54//4 42//2
f 343//4 344//1 342//2
f 339//1 11//1 345//1
f 57//1 59//3 58//3
f 65//1 64//1 62//1
f 344//1 343//4 346//1
f 346//1 347//1 348//1
f 343//4 349//7 347//1
f 15//1 334//3 331//1
f 343//4 350//1 349//7
f 13//1 329//1 327//2
f 305//1 302//2 304//1
f 290//1 351//1 282//3
f 33//1 270//3 271//3
f 314//2 319//1 317//1
s 0
f 343//1 352//1 353//1
s 1
f 354//2 355//1 343//4
f 343//1 356//1 352//1
f 311//4 313//2 314//2
s 0
f 123//1 134//1 131//1
s 1
f 4//1 112//1 357//1
f 9//1 180//2 177//1
f 219//5 358//1 231//5
f 186//1 182//1 187//1
f 359//1 357//1 112//1
f 9//1 97//1 182//1
f 8//1 7//1 357//1
f 8//1 357//1 359//1
f 182//1 360//1 187//1
f 361//1 97//1 94//1
f 103//1 97//1 9//1
f 347//1 346//1 343//4
f 5//1 141//1 136//2
f 226//3 96//1 95//1
f 81//1 362//1 96//1
f 354//2 343//4 353//1
f 355//1 350//1 343//4
f 363//1 358//1 219//5
f 115//1 4//1 6//1
f 14//1 2//1 1//1
f 14//1 13//1 2//1
f 3//1 2//1 10//1
f 11//2 295//1 294//4
f 351//1 340//1 282//3
f 15//1 335//3 332//1
f 191//1 190//1 364//1
f 365//8 366//8 367//8
f 368//8 369//8 370//8
f 371//8 372//8 373//8
f 374//8 375//8 376//8
f 367//8 366//8 377//8
f 378//8 379//8 380//9
f 381//8 379//8 382//8
f 370//8 383//8 368//8
f 370//8 369//8 384//8
f 385//9 381//8 368//8
f 386//8 368//8 383//8
f 387//8 368//8 386//8
f 388//8 368//8 387//8
f 389//8 368//8 388//8
f 390//10 368//8 389//8
f 368//8 390//10 391//8
f 368//8 391//8 392//8
f 368//8 392//8 393//8
f 368//8 393//8 385//9
f 381//8 385//9 394//8
f 381//8 394//8 395//10
f 381//8 395//10 396//9
f 381//8 396//9 397//10
f 381//8 397//10 398//8
f 379//8 398//8 399//8
f 379//8 399//8 400//8
f 401//8 402//8 403//8
f 400//8 402//8 401//8
f 404//8 403//8 405//8
f 404//8 405//8 406//8
f 405//8 407//8 406//8
f 407//8 408//8 409//8
f 408//8 410//8 409//8
f 411//8 412//8 413//8
f 411//8 413//8 414//8
f 414//8 415//8 416//8
f 417//8 416//8 415//8
f 418//8 419//8 417//8
f 420//8 419//8 418//8
f 421//8 420//8 422//8
f 421//8 422//8 423//8
f 424//8 423//8 425//8
f 426//8 427//8 428//8
f 427//8 425//8 428//8
f 426//8 428//8 429//8
f 424//8 425//8 427//8
f 430//8 431//8 432//8
f 433//8 431//8 430//8
f 434//8 435//8 436//8
f 435//8 437//8 436//8
f 438//8 371//8 434//8
f 434//8 439//8 440//10
f 441//8 371//8 438//8
f 442//8 439//8 434//8
f 443//8 371//8 441//8
f 444//8 371//8 443//8
f 445//9 371//8 444//8
f 446//10 371//8 445//9
f 371//8 446//10 447//9
f 442//8 434//8 448//8
f 371//8 449//9 450//9
f 451//8 452//8 429//8
f 451//8 431//8 433//8
f 451//8 433//8 452//8
f 429//8 452//8 426//8
f 372//8 371//8 453//8
f 454//8 376//8 375//8
f 376//8 455//8 374//8
f 456//10 457//8 374//8
f 458//8 374//8 455//8
f 459//8 374//8 458//8
f 460//8 374//8 459//8
f 461//9 374//8 460//8
f 462//8 374//8 461//9
f 374//8 462//8 463//10
f 374//8 463//10 464//8
f 374//8 464//8 465//8
f 374//8 465//8 456//10
f 457//8 456//10 466//8
f 457//8 466//8 467//9
f 457//8 467//9 468//10
f 457//8 468//10 469//10
f 457//8 469//10 435//8
f 457//8 435//8 434//8
f 436//8 448//8 434//8
f 371//8 447//9 449//9
f 450//9 453//8 371//8
f 373//8 372//8 470//8
f 432//8 436//8 437//8
f 432//8 437//8 430//8
f 400//8 399//8 402//8
f 423//8 424//8 421//8
f 422//8 420//8 418//8
f 417//8 419//8 416//8
f 413//8 415//8 414//8
f 471//8 412//8 411//8
f 410//8 408//8 472//8
f 410//8 472//8 471//8
f 409//8 406//8 407//8
f 403//8 404//8 401//8
f 379//8 381//8 398//8
f 473//8 378//8 380//9
f 474//8 378//8 473//8
f 378//8 474//8 475//8
f 440//10 438//8 434//8
f 378//8 476//10 365//8
f 476//10 477//8 365//8
f 478//8 365//8 479//8
f 365//8 480//8 479//8
f 481//8 365//8 478//8
f 482//8 365//8 481//8
f 483//9 365//8 482//8
f 365//8 483//9 484//10
f 365//8 484//10 485//8
f 477//8 480//8 365//8
f 378//8 475//8 476//10
f 472//8 412//8 471//8
f 366//8 365//8 485//8
f 382//8 379//8 378//8
f 486//11 487//11 488//11
f 489//12 490//11 488//11
f 491//13 489//12 488//11
f 491//13 492//13 493//11
f 494//11 492//13 495//11
f 489//11 496//11 497//11
f 498//14 495//11 492//13
f 499//13 492//13 500//11
f 500//11 492//13 501//11
f 501//11 492//13 502//11
f 492//13 503//11 502//11
f 504//11 505//11 492//13
f 492//13 505//11 503//11
f 492//13 499//13 498//14
f 492//13 491//13 488//11
f 488//15 506//16 507//17
f 508//11 488//15 507//17
f 508//11 509//11 488//15
f 488//15 510//18 511//11
f 488//15 509//11 510//18
f 512//11 488//15 511//11
f 513//11 514//12 488//15
f 512//11 513//11 488//15
f 493//11 492//13 494//11
f 515//11 516//11 517//13
f 518//11 515//11 517//13
f 519//11 518//11 517//13
f 520//11 519//11 517//13
f 521//11 520//11 517//13
f 522//11 521//11 517//13
f 523//19 522//11 517//13
f 524//11 517//11 525//11
f 526//12 517//12 527//12
f 528//14 527//20 529//11
f 529//11 527//20 530//11
f 530//11 527//20 531//15
f 527//20 532//11 531//15
f 533//11 534//11 527//20
f 527//20 534//11 532//11
f 535//21 533//11 527//20
f 527//20 528//14 536//22
f 517//13 537//23 523//19
f 527//11 538//11 539//11
f 540//24 541//24 542//24
f 543//24 544//24 545//24
f 546//24 547//24 548//24
f 549//24 550//24 551//24
f 552//25 553//26 554//27
f 555//26 552//25 554//27
f 556//26 555//26 554//27
f 557//28 556//26 554//27
f 558//26 557//28 554//27
f 559//29 558//26 554//27
f 560//30 559//29 554//27
f 561//26 554//27 562//26
f 562//26 554//27 563//26
f 564//30 563//26 554//27
f 564//30 565//26 566//26
f 564//30 554//27 565//26
f 567//26 568//26 564//26
f 565//26 569//26 570//26
f 571//31 565//32 572//32
f 572//32 565//32 573//33
f 573//33 565//32 574//26
f 565//32 575//26 574//26
f 576//25 577//26 565//32
f 565//32 577//26 575//26
f 565//32 571//31 578//25
f 554//27 579//26 560//30
f 565//32 578//25 580//34
f 579//26 554//27 561//26
f 581//35 582//35 583//35
f 584//35 585//35 586//35
f 587//8 588//8 589//8
f 590//8 591//36 592//8
f 593//8 594//8 595//37
f 596//8 597//8 598//8
f 599//8 600//8 601//8
f 589//8 602//8 603//8
f 589//8 604//8 605//8
f 606//8 607//8 608//8
f 609//8 610//8 602//8
f 611//8 612//8 609//8
f 613//8 614//8 611//8
f 615//8 616//8 613//8
f 617//8 618//8 615//8
f 619//8 617//8 620//8
f 621//8 620//8 622//8
f 623//8 622//8 624//8
f 625//8 624//8 606//8
f 626//37 606//37 627//37
f 628//9 627//9 629//9
f 630//8 629//8 631//8
f 632//10 631//10 633//10
f 634//36 633//36 600//36
f 635//8 600//8 636//8
f 600//8 637//8 636//8
f 638//8 639//8 640//8
f 637//8 639//8 638//8
f 640//8 641//8 642//8
f 642//8 643//8 644//8
f 643//8 645//8 644//8
f 645//8 646//8 647//8
f 646//8 648//8 647//8
f 649//8 650//8 651//8
f 649//8 651//8 652//8
f 652//8 653//8 654//8
f 655//8 654//8 653//8
f 656//8 657//8 655//8
f 658//8 657//8 656//8
f 659//8 658//8 660//8
f 659//8 660//8 661//8
f 662//8 661//8 663//8
f 664//8 665//8 666//8
f 665//8 663//8 666//8
f 664//8 666//8 667//8
f 662//8 663//8 665//8
f 668//8 669//8 670//8
f 671//8 669//8 668//8
f 672//8 673//8 674//8
f 673//8 675//8 674//8
f 676//8 590//8 672//8
f 672//8 677//8 678//9
f 679//8 590//8 676//8
f 680//8 677//8 672//8
f 681//8 590//8 679//8
f 682//8 590//8 681//8
f 683//8 590//8 682//8
f 684//37 590//8 683//8
f 590//8 684//37 685//38
f 680//8 672//8 686//8
f 590//8 687//10 688//8
f 689//8 690//8 667//8
f 689//8 669//8 671//8
f 689//8 671//8 690//8
f 667//8 690//8 664//8
f 591//36 590//8 691//8
f 595//37 692//8 593//8
f 595//37 594//8 693//8
f 694//9 695//8 593//8
f 696//8 593//8 692//8
f 697//8 593//8 696//8
f 698//8 593//8 697//8
f 699//8 593//8 698//8
f 700//9 593//8 699//8
f 593//8 700//9 701//9
f 593//8 701//9 702//8
f 593//8 702//8 703//8
f 593//8 703//8 694//9
f 695//8 694//9 704//8
f 695//8 704//8 705//10
f 695//8 705//10 706//9
f 695//8 706//9 707//9
f 695//8 707//9 673//8
f 695//8 673//8 672//8
f 674//8 686//8 672//8
f 590//8 685//38 687//10
f 688//8 691//8 590//8
f 592//8 591//36 708//8
f 670//8 674//8 675//8
f 670//8 675//8 668//8
f 636//8 637//8 638//8
f 661//8 662//8 659//8
f 660//8 658//8 656//8
f 655//8 657//8 654//8
f 651//8 653//8 652//8
f 709//8 650//8 649//8
f 648//8 646//8 710//8
f 648//8 710//8 709//8
f 647//8 644//8 645//8
f 643//8 642//8 641//8
f 641//8 640//8 639//8
f 711//8 712//8 636//8
f 713//8 714//8 711//8
f 715//8 716//8 713//8
f 717//10 715//10 718//10
f 719//8 720//8 721//8
f 720//8 722//8 723//8
f 724//8 725//8 726//8
f 727//8 728//8 726//8
f 729//8 730//8 724//8
f 731//8 732//8 729//8
f 733//37 731//37 734//37
f 735//8 734//8 736//8
f 722//8 728//8 737//8
f 738//36 718//36 720//36
f 678//9 676//8 672//8
f 739//8 740//8 736//8
f 710//8 650//8 709//8
f 597//8 741//8 739//8
f 597//8 742//8 743//8
f 601//8 600//8 744//8
f 745//26 746//26 747//26
f 748//26 749//26 750//26
f 751//39 752//26 746//30
f 753//31 746//30 754//26
f 754//26 746//30 755//26
f 746//30 756//26 755//26
f 757//25 758//26 746//30
f 746//30 758//26 756//26
f 759//26 757//25 746//30
f 746//30 753//31 751//39
f 746//26 760//26 750//26
f 750//25 761//40 762//30
f 763//25 750//25 762//30
f 763//25 764//32 750//25
f 750//25 765//26 766//26
f 750//25 764//32 767//41
f 768//42 750//25 769//25
f 769//25 750//25 766//26
f 750//25 767//41 765//26
f 770//24 771//24 772//24
f 773//24 771//24 774//24
f 775//11 776//11 777//11
f 778//11 779//11 780//11
f 781//18 782//18 783//18
f 784//11 785//11 786//11
f 786//43 787//43 788//43
f 789//11 790//11 788//11
f 791//11 792//11 793//11
f 794//11 792//11 790//11
f 795//21 791//21 796//21
f 797//12 784//12 781//12
f 798//12 799//12 800//12
f 801//23 802//23 803//23
f 804//12 805//12 803//12
f 804//11 806//11 807//11
f 808//11 809//11 810//11
f 811//11 806//11 812//11
f 813//13 814//13 815//13
f 815//11 816//11 810//11
f 817//11 812//11 809//11
f 818//35 819//35 820//35
f 821//35 819//35 822//35
f 823//26 824//26 825//26
f 826//26 827//26 828//26
f 829//27 830//27 831//27
f 832//26 833//32 834//32
f 834//25 835//25 836//25
f 837//26 838//26 836//26
f 839//25 840//25 841//25
f 842//26 840//26 838//26
f 843//25 839//25 844//25
f 845//26 832//26 829//26
f 846//26 847//26 848//26
f 849//40 850//40 851//40
f 852//26 853//26 851//26
f 852//26 854//26 855//26
f 856//26 857//26 858//26
f 859//44 854//44 860//44
f 861//42 862//42 863//42
f 863//26 864//26 858//26
f 865//26 860//26 857//26
f 866//45 867//45 868//45
f 869//45 870//45 871//45
f 872//46 873//46 874//46
f 875//45 876//45 877//45
f 878//45 879//45 880//45
f 881//45 882//45 883//45
f 884//45 885//45 886//45
f 887//47 888//47 889//47
f 890//47 891//47 892//47
f 893//47 894//47 895//47
f 896//47 897//47 898//47
f 899//47 900//47 901//47
f 902//47 903//47 904//47
f 905//48 906//48 907//48
f 908//35 909//35 910//35
f 911//35 912//35 913//35
f 914//35 915//35 916//35
f 917//35 918//35 919//35
f 920//49 921//50 922//49
f 923//50 924//51 925//50
f 926//51 927//51 928//50
f 929//52 930//52 931//51
f 932//53 933//52 934//52
f 935//54 936//53 937//53
f 938//54 939//53 940//54
f 941//55 942//54 943//55
f 944//55 945//55 946//56
f 947//57 948//57 949//58
f 950//59 951//58 952//58
f 953//58 954//60 955//60
f 956//61 957//62 958//61
f 959//62 960//63 961//62
f 962//63 963//63 964//62
f 965//49 966//49 967//47
f 968//64 969//35 970//35
f 971//64 972//65 973//64
f 974//64 975//64 976//66
f 977//64 978//66 979//66
f 980//66 981//67 982//66
f 983//67 984//67 985//66
f 986//63 987//67 988//67
f 989//63 990//67 991//63
f 992//61 993//62 994//62
f 995//58 996//58 997//68
f 998//56 999//55 1000//56
f 1001//55 1002//69 1003//69
f 1004//53 1005//53 1006//52
f 1007//51 1008//52 1009//51
f 1010//49 1011//47 1012//47
f 1013//50 1014//50 1015//49
f 1016//47 1017//47 1018//47
f 1019//47 1020//47 1021//47
f 1022//24 1023//24 1024//24
f 1025//24 1026//24 1027//24
f 1028//24 1029//24 1030//24
f 1031//24 1032//24 1033//24
f 1034//45 1035//45 1036//45
f 1037//45 1038//45 1039//45
f 1040//70 1041//71 1042//70
f 1043//71 1044//72 1045//71
f 1046//72 1047//72 1048//71
f 1049//73 1050//73 1051//72
f 1052//74 1053//73 1054//73
f 1055//75 1056//74 1057//74
f 1058//75 1059//74 1060//75
f 1061//76 1062//77 1063//76
f 1064//76 1065//76 1066//78
f 1067//79 1068//79 1069//80
f 1070//79 1071//80 1072//80
f 1073//80 1074//81 1075//81
f 1076//82 1077//83 1078//82
f 1079//83 1080//84 1081//83
f 1082//84 1083//84 1084//83
f 1085//70 1086//70 1087//85
f 1088//86 1089//45 1090//45
f 1091//86 1092//45 1093//86
f 1094//86 1095//86 1096//87
f 1097//86 1098//87 1099//87
f 1100//87 1101//88 1102//87
f 1103//88 1104//88 1105//87
f 1106//84 1107//88 1108//88
f 1109//84 1110//88 1111//84
f 1112//89 1113//83 1114//83
f 1115//80 1116//80 1117//81
f 1118//90 1119//76 1120//90
f 1121//76 1122//91 1123//91
f 1124//74 1125//74 1126//73
f 1127//72 1128//73 1129//72
f 1130//70 1131//35 1132//35
f 1133//71 1134//71 1135//70
f 1136//47 1137//47 1138//47
f 1139//47 1140//47 1141//47
f 1142//47 1143//47 1144//47
f 1145//45 1146//45 1147//45
f 1148//45 1149//45 1150//45
f 1151//45 1152//45 1153//45
f 1154//24 1155//24 1156//24
f 1157//24 1158//24 1159//24
f 1160//47 1161//92 1162//47
f 1163//92 1164//92 1165//47
f 1166//93 1167//92 1168//92
f 1169//93 1170//92 1171//93
f 1172//93 1173//93 1174//94
f 1175//93 1176//94 1177//94
f 1178//94 1179//95 1180//94
f 1181//95 1182//95 1183//94
f 1184//96 1185//95 1186//95
f 1187//96 1188//95 1189//96
f 1190//96 1191//96 1192//97
f 1193//96 1194//98 1195//98
f 1196//99 1197//100 1198//99
f 1199//100 1200//100 1201//99
f 1202//101 1203//102 1204//102
f 1205//103 1206//103 1207//104
f 1208//24 1209//105 1210//24
f 1211//105 1212//105 1213//24
f 1214//106 1215//105 1216//105
f 1217//106 1218//105 1219//106
f 1220//106 1221//106 1222//107
f 1223//106 1224//107 1225//107
f 1226//107 1227//108 1228//107
f 1229//108 1230//108 1231//107
f 1232//104 1233//108 1234//108
f 1235//104 1236//108 1237//104
f 1238//104 1239//104 1240//103
f 1241//109 1242//101 1243//101
f 1244//101 1245//110 1246//101
f 1247//111 1248//111 1249//101
f 1250//100 1251//110 1252//110
f 1253//100 1254//100 1255//110
f 1256//47 1257//47 1258//47
f 1259//47 1260//47 1261//47
f 1262//35 1263//35 1264//35
f 1265//35 1266//35 1267//35
f 1268//35 1269//35 1270//35
f 1271//35 1272//35 1273//35
f 1274//45 1275//45 1276//45
f 1277//45 1278//45 1279//45
f 1280//24 1281//112 1282//24
f 1283//112 1284//113 1285//112
f 1286//113 1287//113 1288//112
f 1289//114 1290//114 1291//113
f 1292//115 1293//115 1294//114
f 1295//116 1296//115 1297//115
f 1298//117 1299//116 1300//116
f 1301//117 1302//116 1303//117
f 1304//118 1305//119 1306//118
f 1307//118 1308//118 1309//120
f 1310//120 1311//120 1312//121
f 1313//120 1314//121 1315//121
f 1316//121 1317//122 1318//122
f 1319//123 1320//124 1321//123
f 1322//124 1323//125 1324//124
f 1325//125 1326//125 1327//124
f 1328//126 1329//45 1330//45
f 1331//126 1332//45 1333//126
f 1334//126 1335//126 1336//127
f 1337//126 1338//127 1339//127
f 1340//127 1341//128 1342//127
f 1343//128 1344//128 1345//127
f 1346//125 1347//128 1348//128
f 1349//125 1350//128 1351//125
f 1352//129 1353//124 1354//124
f 1355//121 1356//121 1357//129
f 1358//130 1359//118 1360//130
f 1361//118 1362//131 1363//131
f 1364//116 1365//116 1366//115
f 1367//114 1368//115 1369//114
f 1370//112 1371//24 1372//112
f 1373//113 1374//113 1375//114
f 1376//47 1377//47 1378//47
f 1379//47 1380//47 1381//47
f 1382//47 1383//47 1384//47
f 1385//45 1386//45 1387//45
f 1388//45 1389//45 1390//45
f 1391//45 1392//45 1393//45
f 1394//24 1395//24 1396//132
f 1397//132 1398//24 1399//132
f 1400//133 1401//115 1402//113
f 1403//113 1404//115 1405//115
f 1406//115 1407//115 1408//117
f 1409//117 1410//115 1411//119
f 1412//134 1413//135 1414//135
f 1415//122 1416//120 1417//120
f 1418//136 1419//136 1420//131
f 1421//137 1422//45 1423//45
f 1424//137 1425//137 1426//45
f 1427//127 1428//138 1429//127
f 1430//127 1431//138 1432//138
f 1433//125 1434//125 1435//123
f 1436//123 1437//125 1438//123
f 1439//139 1440//122 1441//129
f 1442//24 1443//24 1444//140
f 1445//141 1446//106 1447//108
f 1448//108 1449//106 1450//108
f 1451//102 1452//108 1453//103
f 1454//142 1455//143 1456//143
f 1457//99 1458//110 1459//110
f 1460//98 1461//99 1462//144
f 1463//98 1464//95 1465//98
f 1466//47 1467//145 1468//145
f 1469//145 1470//47 1471//47
f 1472//93 1473//146 1474//93
f 1475//111 1476//111 1477//109
f 1478//95 1479//98 1480//95
f 1481//140 1482//140 1483//24
f 1484//93 1485//95 1486//95
f 1487//108 1488//103 1489//108
f 1490//47 1491//47 1492//147
f 1493//147 1494//47 1495//147
f 1496//52 1497//50 1498//50
f 1499//52 1500//52 1501//148
f 1502//149 1503//54 1504//52
f 1505//59 1506//59 1507//69
f 1508//150 1509//150 1510//151
f 1511//63 1512//63 1513//61
f 1514//152 1515//35 1516//152
f 1517//152 1518//35 1519//35
f 1520//63 1521//66 1522//153
f 1523//63 1524//63 1525//66
f 1526//61 1527//61 1528//63
f 1529//56 1530//56 1531//68
f 1532//154 1533//154 1534//155
f 1535//52 1536//52 1537//54
f 1538//45 1539//156 1540//45
f 1541//45 1542//156 1543//156
f 1544//87 1545//87 1546//157
f 1547//157 1548//158 1549//157
f 1550//81 1551//78 1552//78
f 1553//89 1554//84 1555//89
f 1556//159 1557//160 1558//160
f 1559//89 1560//84 1561//84
f 1562//161 1563//35 1564//35
f 1565//161 1566//161 1567//35
f 1568//71 1569//73 1570//162
f 1571//71 1572//73 1573//73
f 1574//73 1575//73 1576//75
f 1577//75 1578//73 1579//75
f 1580//79 1581//77 1582//79
f 1583//163 1584//81 1585//81
f 819//35 1586//35 1587//152
f 1588//152 819//35 1589//152
f 1590//153 1591//63 1592//66
f 1593//66 1594//63 1595//63
f 1596//63 1597//63 1598//61
f 1599//60 1600//63 1601//60
f 1602//151 1603//150 1604//150
f 1605//69 1606//59 1607//59
f 1608//56 1609//56 1610//68
f 1611//147 1612//47 1613//47
f 1614//147 1615//147 1616//47
f 1617//50 1618//164 1619//50
f 1620//148 1621//164 1622//164
f 1623//52 1624//52 1625//149
f 1626//149 1627//52 1628//149
f 1629//57 1630//69 1631//69
f 1632//127 1633//138 1634//127
f 1635//125 1636//123 1637//125
f 1638//123 1639//123 1640//125
f 1641//165 1642//165 1643//166
f 1644//135 1645//165 1646//165
f 1647//115 1648//117 1649//117
f 1650//115 1651//117 1652//115
f 1653//137 1654//137 1655//45
f 1656//132 1657//24 1658//24
f 1659//132 1660//24 1661//132
f 1662//133 1663//113 1664//167
f 1665//113 1666//167 1667//167
f 1668//131 1669//131 1670//130
f 1671//166 1672//165 1673//166
f 1674//137 1675//45 1676//45
f 1677//138 1678//138 1679//168
f 1680//106 1681//169 1682//106
f 1683//108 1684//103 1685//108
f 1686//103 1687//103 1688//108
f 1689//170 1690//170 1691//143
f 1692//171 1693//170 1694//170
f 1695//95 1696//98 1697//98
f 1698//95 1699//97 1700//95
f 1701//140 1702//140 1703//24
f 1704//145 1705//47 1706//47
f 1707//145 1708//47 1709//145
f 1710//172 1711//172 1712//146
f 1713//93 1714//146 1715//146
f 1716//171 1717//171 1718//170
f 1719//143 1720//111 1721//109
f 1722//140 1723//24 1724//24
f 1725//169 1726//169 1727//106
f 1728//162 1729//173 1730//162
f 1731//73 1732//75 1733//73
f 1734//75 1735//75 1736//73
f 1737//90 1738//90 1739//160
f 1740//174 1741//90 1742//90
f 1743//84 1744//89 1745//89
f 1746//84 1747//89 1748//84
f 1749//45 1750//45 1751//156
f 1752//45 1753//156 1754//156
f 1755//87 1756//157 1757//158
f 1758//161 1759//161 1760//35
f 1761//157 1762//87 1763//157
f 1764//161 1765//35 1766//35
f 1767//162 1768//173 1769//173
f 1770//160 1771//90 1772//160
f 1773//81 1774//174 1775//78
f 1776//45 1777//45 1778//137
f 1779//137 1780//45 1781//137
f 1782//125 1783//127 1784//168
f 1785//125 1786//125 1787//127
f 1788//125 1789//123 1790//125
f 1791//125 1792//123 1793//123
f 1794//122 1795//120 1796//120
f 771//24 1797//24 1798//132
f 1799//132 1800//132 771//24
f 1801//133 1802//115 1803//113
f 1804//113 1805//115 1806//115
f 1807//115 1808//115 1809//117
f 1810//117 1811//115 1812//119
f 1813//134 1814//135 1815//135
f 1816//136 1817//136 1818//131
f 1819//139 1820//122 1821//129
f 1822//35 822//35 1823//161
f 1824//161 822//35 1825//161
f 1826//73 1827//162 1828//71
f 1829//73 1830//73 1831//71
f 1832//73 1833//75 1834//73
f 1835//73 1836//91 1837//91
f 1838//160 1839//160 1840//159
f 1841//79 1842//77 1843//79
f 1844//81 1845//78 1846//78
f 1847//45 1848//45 1849//156
f 1850//156 1851//45 1852//156
f 1853//84 1854//87 1855//87
f 1856//82 1857//84 1858//82
f 1859//89 1860//84 1861//84
f 1862//163 1863//81 1864//81
f 1865//84 1866//87 1867//84
f 1868//147 1869//147 1870//47
f 1871//164 1872//50 1873//50
f 1874//149 1875//52 1876//52
f 1877//149 1878//52 1879//149
f 1880//175 1881//154 1882//175
f 1883//175 1884//175 1885//150
f 1886//61 1887//61 1888//63
f 1889//35 1890//152 1891//35
f 1892//152 1893//152 1894//35
f 1895//176 1896//66 1897//66
f 1898//176 1899//66 1900//176
f 1901//63 1902//63 1903//61
f 1904//68 1905//150 1906//175
f 1907//154 1908//59 1909//69
f 1910//147 1911//47 1912//47
f 1913//164 1914//164 1915//50
f 1916//47 1917//145 1918//47
f 1919//47 1920//145 1921//145
f 1922//93 1923//93 1924//146
f 1925//146 1926//93 1927//146
f 1928//99 1929//110 1930//110
f 1931//97 1932//95 1933//97
f 1934//142 1935//143 1936//143
f 1937//97 1938//95 1939//95
f 1940//140 1941//24 774//24
f 1942//140 1943//140 774//24
f 1944//106 1945//108 1946//141
f 1947//106 1948//108 1949//108
f 1950//108 1951//108 1952//103
f 1953//102 1954//108 1955//103
f 1956//177 1957//109 1958//177
f 1959//144 1960//98 1961//99
f 1962//35 1963//35 1964//35
f 1963//35 1965//35 1966//35
f 1967//45 1968//45 1969//45
f 1970//45 1971//45 1969//45
f 1972//45 1973//45 1974//45
f 1975//35 1976//35 1977//35
f 1978//85 1979//85 1975//85
f 1980//35 1975//35 1981//35
f 1982//45 1983//45 1984//45
f 1985//45 1986//45 1987//45
f 1988//24 1989//24 1990//24
f 1991//178 1992//178 1990//178
f 1993//24 1994//24 1995//24
f 1996//45 1997//45 1998//45
f 1999//45 2000//45 1996//45
f 2001//45 1996//45 2002//45
f 2003//24 2004//24 2005//24
f 2006//24 2007//24 2008//24
f 2009//47 2010//47 2011//47
f 2012//47 2013//47 2011//47
f 2014//47 2015//47 2016//47
f 2017//24 2018//24 2019//24
f 2020//179 2021//179 2017//179
f 2022//24 2017//24 2023//24
f 2024//47 2025//47 2026//47
f 2027//47 2028//47 2029//47
f 2030//35 2031//35 2032//35
f 2033//65 2034//65 2032//65
f 2035//35 2036//35 2037//35
f 2038//87 2039//87 2040//45
f 2041//157 2039//87 2038//87
f 2042//82 2043//84 2041//157
f 2044//82 2043//84 2042//82
f 2045//79 2044//82 2046//78
f 2045//79 2046//78 2047//91
f 2048//91 2047//91 2049//180
f 2048//91 2049//180 2050//73
f 2050//73 2051//71 2052//71
f 2051//71 2053//35 2052//71
f 2053//35 2054//66 2055//35
f 2054//66 2056//66 2055//35
f 2057//63 2058//181 2056//66
f 2059//60 2058//181 2057//63
f 2060//56 2061//60 2059//60
f 2062//59 2061//60 2060//56
f 2063//54 2062//59 2064//54
f 2063//54 2064//54 2065//52
f 2066//164 2065//52 2067//50
f 2066//164 2067//50 2068//50
f 2068//50 2069//47 2070//47
f 2069//47 2071//93 2070//47
f 2072//93 2073//146 2074//95
f 2074//95 2073//146 2075//98
f 2076//24 2077//24 2078//106
f 2079//113 2080//113 2077//24
f 2081//182 2082//167 2080//113
f 2083//119 2084//119 2082//167
f 2085//183 2084//119 2083//119
f 2086//129 2087//130 2085//183
f 2088//129 2087//130 2086//129
f 2089//138 2088//129 2090//125
f 2064//54 2062//59 2060//56
f 2091//127 2092//127 2040//45
f 2089//138 2092//127 2091//127
f 2090//125 2092//127 2089//138
f 2086//129 2090//125 2088//129
f 2084//119 2085//183 2087//130
f 2082//167 2081//182 2083//119
f 2080//113 2079//113 2081//182
f 2091//127 2040//45 2093//45
f 2077//24 2076//24 2079//113
f 2078//106 2094//106 2076//24
f 2095//184 2094//106 2078//106
f 2096//169 2094//106 2095//184
f 2096//169 2095//184 2097//102
f 2096//169 2097//102 2098//102
f 2097//102 2099//185 2098//102
f 2099//185 2100//111 2098//102
f 2101//98 2100//111 2099//185
f 2075//98 2100//111 2101//98
f 2075//98 2101//98 2074//95
f 2073//146 2072//93 2071//93
f 2072//93 2070//47 2071//93
f 2069//47 2068//50 2067//50
f 2065//52 2066//164 2063//54
f 2058//181 2059//60 2061//60
f 2056//66 2054//66 2057//63
f 2055//35 2052//71 2053//35
f 2051//71 2050//73 2049//180
f 2047//91 2048//91 2045//79
f 2042//82 2046//78 2044//82
f 2039//87 2041//157 2043//84
f 2039//87 2093//45 2040//45
f 2102//47 2103//47 2104//47
f 2105//47 2106//47 2107//47
f 2108//48 2109//48 2110//48
f 2111//1 2112//1 2113//1
f 2114//1 2115//1 2116//1
f 2117//1 2118//1 2119//1
f 2120//7 2121//7 2122//7
f 2111//1 2123//1 2124//1
f 2125//4 2126//4 2127//4
f 2128//5 2129//5 2130//5
f 2114//1 2131//1 2132//1
f 2133//6 2134//6 2135//6
f 2136//2 2137//2 2138//2
f 2139//1 2140//1 2141//1
f 2142//5 2143//5 2144//5
f 2145//4 2146//4 2147//4
f 2148//1 2149//1 2150//1
f 2151//5 2152//5 2153//5
f 2154//1 2155//1 2111//1
f 2156//1 2157//1 2111//1
f 2158//1 2159//1 2160//1
f 2161//1 2162//1 2163//1
f 2164//1 2165//1 2166//1
f 2167//2 2168//2 2169//2
f 2170//1 2171//1 2172//1
f 2172//1 2173//1 2174//1
f 2175//1 2176//1 2172//1
f 2177//2 2178//2 2172//2
f 2179//1 2180//1 2172//1
f 2181//1 2182//1 2183//1
f 2184//1 2185//1 2186//1
f 2172//1 2187//1 2188//1
f 2139//1 2189//1 2190//1
f 2191//1 2192//1 2139//1
f 2193//1 2194//1 2139//1
f 2195//1 2196//1 2197//1
f 2198//1 2199//1 2200//1
f 2201//1 2202//1 2203//1
f 2204//3 2205//3 2206//3
f 2114//7 2207//7 2208//7
f 2114//1 2209//1 2210//1
f 2211//1 2212//1 2114//1
f 2213//7 2214//7 2114//7
f 2215//1 2216//1 2217//1
f 2218//1 2219//1 2220//1
f 2221//1 2222//1 2223//1
f 2224//1 2225//1 2226//1
f 2111//1 2227//1 2228//1
f 2139//1 2229//1 2230//1
f 2111//1 2231//1 2232//1
f 2139//1 2233//1 2234//1
f 2235//1 2236//1 2237//1
s 0
f 2238//1 2239//1 2240//1
s 1
f 2241//1 2242//1 2243//1
f 2244//3 2245//3 2246//3
f 2247//1 2248//1 2249//1
f 2250//1 2251//1 2252//1
f 2253//1 2254//1 2255//1
f 2256//1 2257//1 2258//1
f 2259//1 2260//1 2261//1
f 2262//1 2263//1 2264//1
f 2265//2 2266//2 2267//2
f 2268//1 2269//1 2270//1
f 2271//3 2272//3 2273//3
f 2274//1 2275//1 2276//1
f 2277//1 2278//1 2279//1
f 2280//2 2281//2 2282//2
f 2283//7 2284//7 2285//7
f 2286//2 2287//2 2288//2
f 2289//1 2290//1 2291//1
f 2292//3 2293//3 2294//3
f 2295//1 2296//1 2297//1
f 2298//1 2299//1 2300//1
f 2301//1 2302//1 2303//1
f 2304//1 2305//1 2306//1
f 2307//1 2308//1 2309//1
f 2310//1 2311//1 2312//1
f 2313//2 2314//2 2315//2
s 0
f 2316//1 2317//1 2318//1
s 1
f 2319//3 2320//3 2321//3
f 2322//1 2323//1 2324//1
f 2325//186 2326//186 2327//186
f 2328//186 2329//186 1982//45
f 1982//187 2330//186 2331//186
f 2332//188 2333//188 2334//188
f 2335//188 2336//188 2003//24
f 2003//24 2337//188 2338//188
f 2339//189 2340//189 2341//189
f 2342//189 2343//189 2024//47
f 2024//48 2344//189 2345//189
f 2346//190 2347//190 1963//35
f 2348//190 2349//190 1962//35
f 1962//35 2350//190 1963//35
f 2351//45 2352//45 2353//45
f 2354//45 2355//45 2353//45
f 2356//45 2351//45 2357//45
f 2358//35 2359//35 2360//35
f 2361//35 2362//35 2363//35
f 2364//47 2365//47 2366//47
f 2367//47 2368//47 2369//47
f 2370//24 2371//24 2372//24
f 2373//24 2374//24 2375//24
f 2376//1 2377//1 2378//1
f 2379//1 2380//1 2381//1
f 2382//191 2383//191 2384//191
f 2383//191 2385//191 2386//191
f 2387//191 2383//191 2388//191
f 2383//191 2389//191 2390//191
f 2391//8 2392//8 2393//8
f 2394//8 2395//8 2391//8
f 2396//8 2397//8 2398//8
f 2399//8 2400//8 2401//8
f 2402//192 2403//192 2404//192
f 2405//192 2406//192 2407//192
f 2408//192 2409//192 2410//192
f 2411//192 2412//192 2413//192
f 2414//35 2415//35 2416//35
f 2417//35 2418//35 2419//35
f 2420//49 2421//50 2422//49
f 2423//50 2424//51 2425//50
f 2426//51 2427//51 2428//50
f 2429//52 2430//52 2431//51
f 2432//53 2433//52 2434//52
f 2435//54 2436//53 2437//53
f 2438//54 2439//53 2440//54
f 2441//55 2442//54 2443//55
f 2444//55 2445//55 2446//56
f 2447//57 2448//57 2449//58
f 2450//59 2451//58 2452//58
f 2453//58 2454//68 2455//68
f 2456//60 2457//62 2458//60
f 2459//62 2460//63 2461//62
f 2462//63 2463//63 2464//62
f 2465//49 2466//49 2467//47
f 2468//64 2469//35 2470//35
f 2471//64 2472//65 2473//64
f 2474//64 2475//64 2476//66
f 2477//64 2478//66 2479//66
f 2480//66 2481//67 2482//66
f 2483//67 2484//67 2485//66
f 2486//63 2487//67 2488//67
f 2489//63 2490//67 2491//63
f 2492//60 2493//62 2494//62
f 2495//58 2496//58 2497//68
f 2498//56 2499//55 2500//56
f 2501//55 2502//69 2503//69
f 2504//53 2505//53 2506//52
f 2507//51 2508//52 2509//51
f 2510//49 2511//47 2512//47
f 2513//50 2514//50 2515//49
f 2516//47 2517//47 2518//47
f 2519//47 2520//47 2521//47
f 2522//24 2523//24 2524//24
f 2525//24 2526//24 2527//24
f 2528//24 2529//24 2530//24
f 2531//24 2532//24 2533//24
f 2534//45 2535//45 2536//45
f 2537//45 2538//45 2539//45
f 2540//70 2541//71 2542//70
f 2543//71 2544//72 2545//71
f 2546//72 2547//72 2548//71
f 2549//73 2550//73 2551//72
f 2552//74 2553//73 2554//73
f 2555//75 2556//74 2557//74
f 2558//75 2559//74 2560//75
f 2561//76 2562//77 2563//76
f 2564//76 2565//76 2566//78
f 2567//79 2568//79 2569//80
f 2570//79 2571//80 2572//80
f 2573//80 2574//81 2575//81
f 2576//82 2577//83 2578//82
f 2579//83 2580//84 2581//83
f 2582//84 2583//84 2584//83
f 2585//70 2586//70 2587//35
f 2588//86 2589//45 2590//45
f 2591//86 2592//45 2593//86
f 2594//86 2595//86 2596//87
f 2597//86 2598//87 2599//87
f 2600//87 2601//88 2602//87
f 2603//88 2604//88 2605//87
f 2606//84 2607//88 2608//88
f 2609//84 2610//88 2611//84
f 2612//89 2613//83 2614//83
f 2615//80 2616//80 2617//81
f 2618//90 2619//76 2620//90
f 2621//76 2622//91 2623//91
f 2624//74 2625//74 2626//73
f 2627//193 2628//73 2629//72
f 2630//70 2631//35 2632//85
f 2633//71 2634//71 2635//70
f 2636//47 2637//47 2638//47
f 2639//47 2640//47 2641//47
f 2642//47 2643//47 2644//47
f 2645//45 2646//45 2647//45
f 2648//45 2649//45 2650//45
f 2651//45 2652//45 2653//45
f 2654//24 2655//24 2656//24
f 2657//24 2658//24 2659//24
f 2660//47 2661//92 2662//47
f 2663//92 2664//92 2665//47
f 2666//93 2667//92 2668//92
f 2669//93 2670//92 2671//93
f 2672//93 2673//93 2674//94
f 2675//93 2676//94 2677//94
f 2678//94 2679//95 2680//94
f 2681//95 2682//95 2683//94
f 2684//96 2685//95 2686//95
f 2687//96 2688//95 2689//96
f 2690//96 2691//96 2692//98
f 2693//96 2694//98 2695//98
f 2696//99 2697//100 2698//99
f 2699//100 2700//100 2701//99
f 2702//101 2703//109 2704//109
f 2705//102 2706//102 2707//104
f 2708//24 2709//105 2710//24
f 2711//105 2712//105 2713//24
f 2714//106 2715//105 2716//105
f 2717//106 2718//105 2719//106
f 2720//106 2721//106 2722//107
f 2723//106 2724//107 2725//107
f 2726//107 2727//108 2728//107
f 2729//108 2730//108 2731//107
f 2732//104 2733//108 2734//108
f 2735//104 2736//108 2737//104
f 2738//104 2739//104 2740//102
f 2741//102 2742//101 2743//101
f 2744//101 2745//110 2746//101
f 2747//111 2748//111 2749//101
f 2750//100 2751//110 2752//110
f 2753//100 2754//100 2755//110
f 2756//47 2757//47 2758//47
f 2759//47 2760//47 2761//47
f 2762//35 2763//35 2764//35
f 2765//35 2766//35 2767//35
f 2768//35 2769//35 2770//35
f 2771//35 2772//35 2773//35
f 2774//45 2775//45 2776//45
f 2777//45 2778//45 2779//45
f 2780//24 2781//112 2782//24
f 2783//112 2784//113 2785//112
f 2786//113 2787//113 2788//112
f 2789//114 2790//114 2791//113
f 2792//115 2793//115 2794//114
f 2795//116 2796//115 2797//115
f 2798//117 2799//116 2800//116
f 2801//117 2802//116 2803//117
f 2804//118 2805//119 2806//118
f 2807//118 2808//118 2809//120
f 2810//120 2811//120 2812//121
f 2813//120 2814//121 2815//121
f 2816//121 2817//122 2818//122
f 2819//123 2820//124 2821//123
f 2822//124 2823//125 2824//124
f 2825//125 2826//125 2827//124
f 2828//126 2829//45 2830//45
f 2831//126 2832//45 2833//126
f 2834//126 2835//126 2836//127
f 2837//126 2838//127 2839//127
f 2840//127 2841//128 2842//127
f 2843//128 2844//128 2845//127
f 2846//125 2847//128 2848//128
f 2849//125 2850//128 2851//125
f 2852//129 2853//124 2854//124
f 2855//121 2856//121 2857//129
f 2858//130 2859//118 2860//130
f 2861//118 2862//131 2863//131
f 2864//116 2865//116 2866//115
f 2867//114 2868//115 2869//114
f 2870//112 2871//24 2872//112
f 2873//113 2874//113 2875//114
f 2876//47 2877//47 2878//47
f 2879//47 2880//47 2881//47
f 2882//47 2883//47 2884//47
f 2885//45 2886//45 2887//45
f 2888//45 2889//45 2890//45
f 2891//45 2892//45 2893//45
f 2894//24 2895//24 2896//132
f 2897//132 2898//24 2899//132
f 2900//133 2901//115 2902//113
f 2903//133 2904//115 2905//115
f 2906//115 2907//115 2908//117
f 2909//117 2910//115 2911//119
f 2912//134 2913//135 2914//135
f 2915//122 2916//120 2917//120
f 2918//136 2919//136 2920//131
f 2921//137 2922//45 2923//45
f 2924//137 2925//137 2926//45
f 2927//127 2928//138 2929//127
f 2930//127 2931//138 2932//138
f 2933//125 2934//125 2935//123
f 2936//123 2937//125 2938//123
f 2939//139 2940//122 2941//129
f 2942//45 2943//156 2944//45
f 2945//45 2946//156 2947//156
f 2948//87 2949//87 2950//157
f 2951//157 2952//87 2953//157
f 2954//81 2955//78 2956//78
f 2957//89 2958//84 2959//89
f 2960//159 2961//160 2962//160
f 2963//89 2964//84 2965//84
f 2966//161 2967//35 2968//35
f 2969//161 2970//161 2971//35
f 2972//71 2973//73 2974//162
f 2975//162 2976//73 2977//73
f 2978//73 2979//73 2980//75
f 2981//75 2982//73 2983//75
f 2984//79 2985//77 2986//79
f 2987//163 2988//81 2989//81
f 2990//47 2991//47 2992//147
f 2993//147 2994//47 2995//147
f 2996//164 2997//50 2998//50
f 2999//164 3000//164 3001//148
f 3002//52 3003//149 3004//52
f 3005//52 3006//149 3007//149
f 3008//69 3009//194 3010//194
f 3011//35 3012//35 3013//152
f 3014//152 3015//152 3016//35
f 3017//153 3018//63 3019//66
f 3020//153 3021//63 3022//63
f 3023//63 3024//63 3025//61
f 3026//61 3027//63 3028//61
f 3029//151 3030//150 3031//150
f 3032//56 3033//56 3034//68
f 3035//175 3036//69 3037//69
f 3038//127 3039//138 3040//127
f 3041//125 3042//123 3043//125
f 3044//129 3045//129 3046//125
f 3047//120 3048//120 3049//122
f 3050//135 3051//165 3052//165
f 3053//115 3054//117 3055//117
f 3056//115 3057//117 3058//115
f 3059//137 3060//137 3061//45
f 3062//132 3063//24 3064//24
f 3065//132 3066//24 3067//132
f 3068//113 3069//113 3070//167
f 3071//113 3072//167 3073//167
f 3074//131 3075//131 3076//130
f 3077//122 3078//139 3079//122
f 3080//137 3081//45 3082//45
f 3083//138 3084//138 3085//168
f 3086//106 3087//169 3088//106
f 3089//108 3090//103 3091//108
f 3092//102 3093//102 3094//108
f 3095//110 3096//110 3097//109
f 3098//171 3099//170 3100//170
f 3101//95 3102//97 3103//97
f 3104//95 3105//97 3106//95
f 3107//140 3108//140 3109//24
f 3110//145 3111//47 3112//47
f 3113//145 3114//47 3115//145
f 3116//93 3117//93 3118//146
f 3119//172 3120//146 3121//146
f 3122//171 3123//171 3124//170
f 3125//109 3126//111 3127//143
f 3128//140 3129//24 3130//24
f 3131//169 3132//169 3133//106
f 3134//71 3135//173 3136//71
f 3137//73 3138//75 3139//73
f 3140//75 3141//75 3142//73
f 3143//90 3144//90 3145//160
f 3146//81 3147//163 3148//163
f 3149//84 3150//82 3151//82
f 3152//84 3153//89 3154//84
f 3155//45 3156//45 3157//156
f 3158//45 3159//156 3160//156
f 3161//87 3162//157 3163//158
f 3164//161 3165//161 3166//35
f 3167//157 3168//87 3169//157
f 3170//161 3171//35 3172//35
f 3173//71 3174//173 3175//173
f 3176//160 3177//90 3178//160
f 3179//174 3180//81 3181//78
f 3182//147 3183//147 3184//47
f 3185//164 3186//50 3187//50
f 3188//149 3189//52 3190//52
f 3191//149 3192//52 3193//149
f 3194//175 3195//154 3196//175
f 3197//57 3198//57 3199//68
f 3200//61 3201//61 3202//63
f 3203//35 3204//152 3205//35
f 3206//152 3207//152 3208//35
f 3209//176 3210//153 3211//153
f 3212//176 3213//66 3214//176
f 3215//63 3216//63 3217//61
f 3218//68 3219//68 3220//56
f 3221//154 3222//59 3223//69
f 3224//147 3225//47 3226//47
f 3227//164 3228//164 3229//50
f 3230//24 3231//24 3232//140
f 3233//141 3234//106 3235//108
f 3236//108 3237//141 3238//108
f 3239//103 3240//108 3241//102
f 3242//142 3243//143 3244//143
f 3245//98 3246//195 3247//195
f 3248//98 3249//99 3250//170
f 3251//97 3252//95 3253//97
f 3254//47 3255//145 3256//145
f 3257//145 3258//47 3259//47
f 3260//93 3261//146 3262//93
f 3263//111 3264//111 3265//109
f 3266//95 3267//97 3268//95
f 3269//140 3270//140 3271//24
f 3272//93 3273//146 3274//146
f 3275//108 3276//103 3277//108
f 3278//35 3279//35 3280//35
f 3279//35 3281//35 3282//35
f 3283//187 3284//187 3285//187
f 3286//45 3287//45 3285//45
f 3288//45 3289//45 3290//45
f 3291//35 3292//35 3293//35
f 3294//85 3295//85 3291//85
f 3296//35 3291//35 3297//35
f 3298//45 3299//45 3300//45
f 3301//45 3302//45 3303//45
f 3304//24 3305//24 3306//24
f 3307//196 3308//196 3306//196
f 3309//24 3310//24 3311//24
f 3312//45 3313//45 3314//45
f 3315//45 3316//45 3312//45
f 3317//45 3312//45 3318//45
f 3319//24 3320//24 3321//24
f 3322//24 3323//24 3324//24
f 3325//47 3326//47 3327//47
f 3328//47 3329//47 3327//47
f 3330//47 3331//47 3332//47
f 3333//24 3334//24 3335//24
f 3336//179 3337//179 3333//179
f 3338//24 3333//24 3339//24
f 3340//47 3341//47 3342//47
f 3343//47 3344//47 3345//47
f 3346//35 3347//35 3348//35
f 3349//65 3350//65 3348//65
f 3351//35 3352//35 3353//35
f 3354//87 3355//87 3356//45
f 3357//84 3355//87 3354//87
f 3358//82 3359//197 3357//84
f 3360//82 3359//197 3358//82
f 3361//79 3360//82 3362//79
f 3361//79 3362//79 3363//91
f 3364//91 3363//91 3365//180
f 3364//91 3365//180 3366//73
f 3366//73 3367//71 3368//71
f 3367//71 3369//35 3368//71
f 3369//35 3370//66 3371//35
f 3370//66 3372//66 3371//35
f 3373//63 3374//181 3372//66
f 3375//60 3374//181 3373//63
f 3376//56 3377//60 3375//60
f 3378//59 3377//60 3376//56
f 3379//54 3378//59 3380//54
f 3379//54 3380//54 3381//198
f 3382//164 3381//198 3383//50
f 3382//164 3383//50 3384//50
f 3384//50 3385//47 3386//47
f 3385//47 3387//93 3386//47
f 3388//93 3389//95 3390//95
f 3390//95 3389//95 3391//98
f 3392//24 3393//24 3394//106
f 3395//113 3396//113 3393//24
f 3397//182 3398//167 3396//113
f 3399//119 3400//119 3398//167
f 3401//165 3400//119 3399//119
f 3402//129 3403//120 3401//165
f 3404//129 3403//120 3402//129
f 3405//125 3404//129 3406//199
f 3380//54 3378//59 3376//56
f 3407//127 3408//127 3356//45
f 3405//125 3408//127 3407//127
f 3406//199 3408//127 3405//125
f 3402//129 3406//199 3404//129
f 3400//119 3401//165 3403//120
f 3398//167 3397//182 3399//119
f 3396//113 3395//113 3397//182
f 3407//127 3356//45 3409//45
f 3393//24 3392//24 3395//113
f 3394//106 3410//106 3392//24
f 3411//184 3410//106 3394//106
f 3412//169 3410//106 3411//184
f 3412//169 3411//184 3413//102
f 3412//169 3413//102 3414//102
f 3413//102 3415//185 3414//102
f 3415//185 3416//111 3414//102
f 3417//97 3416//111 3415//185
f 3391//98 3416//111 3417//97
f 3391//98 3417//97 3390//95
f 3389//95 3388//93 3387//93
f 3388//93 3386//47 3387//93
f 3385//47 3384//50 3383//50
f 3381//198 3382//164 3379//54
f 3374//181 3375//60 3377//60
f 3372//66 3370//66 3373//63
f 3371//35 3368//71 3369//35
f 3367//71 3366//73 3365//180
f 3363//91 3364//91 3361//79
f 3358//82 3362//79 3360//82
f 3355//87 3357//84 3359//197
f 3355//87 3409//45 3356//45
f 3418//47 3419//47 3420//47
f 3421//47 3422//47 3423//47
f 3424//47 3425//47 3426//47
f 3427//1 3428//1 3429//1
f 3430//1 3431//1 3432//1
f 3433//1 3434//1 3435//1
f 3436//3 3437//3 3438//3
f 3427//1 3439//1 3440//1
f 3441//3 3442//3 3443//3
f 3444//2 3445//2 3446//2
f 3430//1 3447//1 3448//1
f 3449//2 3450//2 3451//2
f 3452//2 3453//2 3454//2
f 3455//1 3456//1 3457//1
f 3458//5 3459//5 3460//5
f 3461//4 3462//4 3463//4
f 3464//1 3465//1 3466//1
f 3467//5 3468//5 3469//5
f 3470//1 3471//1 3427//1
f 3472//1 3473//1 3427//1
f 3474//1 3475//1 3476//1
f 3477//1 3478//1 3479//1
f 3480//1 3481//1 3482//1
f 3483//2 3484//2 3485//2
f 3486//1 3487//1 3488//1
f 3488//1 3489//1 3490//1
f 3491//1 3492//1 3488//1
f 3493//2 3494//2 3488//2
f 3495//1 3496//1 3488//1
f 3497//1 3498//1 3499//1
f 3500//1 3501//1 3502//1
f 3488//1 3503//1 3504//1
f 3455//1 3505//1 3506//1
f 3507//1 3508//1 3455//1
f 3509//1 3510//1 3455//1
f 3511//1 3512//1 3513//1
f 3514//1 3515//1 3516//1
f 3517//1 3518//1 3519//1
f 3520//3 3521//3 3522//3
f 3430//7 3523//7 3524//7
f 3430//1 3525//1 3526//1
f 3527//1 3528//1 3430//1
f 3529//7 3530//7 3430//7
f 3531//1 3532//1 3533//1
f 3534//1 3535//1 3536//1
f 3537//1 3538//1 3539//1
f 3540//1 3541//1 3542//1
f 3427//1 3543//1 3544//1
f 3455//1 3545//1 3546//1
f 3427//1 3547//1 3548//1
f 3455//1 3549//1 3550//1
f 3551//1 3552//1 3553//1
f 3554//1 3555//1 3556//1
f 3557//4 3558//4 3559//4
f 3560//1 3561//1 3562//1
f 3563//1 3564//1 3565//1
f 3566//1 3567//1 3568//1
f 3569//1 3570//1 3571//1
f 3572//1 3573//1 3574//1
f 3575//1 3576//1 3577//1
f 3578//1 3579//1 3580//1
f 3581//4 3582//4 3583//4
f 3584//1 3585//1 3586//1
f 3587//2 3588//2 3589//2
f 3590//1 3591//1 3592//1
f 3593//1 3594//1 3595//1
f 3596//1 3597//1 3598//1
f 3599//2 3600//2 3601//2
f 3602//2 3603//2 3604//2
f 3605//1 3606//1 3607//1
f 3608//2 3609//2 3610//2
f 3611//1 3612//1 3613//1
f 3614//1 3615//1 3616//1
f 3617//1 3618//1 3619//1
f 3620//1 3621//1 3622//1
f 3623//1 3624//1 3625//1
f 3626//1 3627//1 3628//1
f 3629//1 3630//1 3631//1
f 3632//1 3633//1 3634//1
f 3635//1 3636//1 3637//1
f 3638//1 3639//1 3640//1
f 3641//186 3642//186 3643//186
f 3644//186 3645//186 3298//45
f 3298//45 3646//186 3647//186
f 3648//188 3649//188 3650//188
f 3651//188 3652//188 3319//24
f 3319//24 3653//188 3654//188
f 3655//189 3656//189 3657//189
f 3658//189 3659//189 3340//47
f 3340//47 3660//189 3661//189
f 3662//190 3663//190 3279//35
f 3664//190 3665//190 3278//35
f 3278//35 3666//190 3279//35
f 3667//45 3668//45 3669//45
f 3669//45 3670//45 3671//45
f 3672//35 3673//35 3674//35
f 3675//35 3676//35 3677//35
f 3678//47 3679//47 3680//47
f 3681//47 3682//47 3683//47
f 3684//47 3678//47 3685//47
f 3686//24 3687//24 3688//24
f 3689//24 3690//24 3691//24
f 3692//1 3693//1 3694//1
f 3695//1 3696//1 3697//1
