# Blender 4.4.3
# www.blender.org
mtllib Mesh_19.002.mtl
o Mesh_19.002
v 0.013751 0.021991 -0.000200
v 0.013745 0.021991 -0.000200
v 0.013751 0.021991 -0.000192
v 0.013758 0.021990 -0.000200
v 0.013765 0.021988 -0.000200
v 0.013758 0.021990 -0.000192
v 0.013765 0.021988 -0.000192
v 0.013771 0.021986 -0.000192
v 0.013771 0.021986 -0.000200
v 0.013778 0.021983 -0.000200
v 0.013778 0.021983 -0.000192
v 0.013784 0.021979 -0.000200
v 0.013784 0.021979 -0.000192
v 0.013789 0.021975 -0.000192
v 0.013789 0.021975 -0.000200
v 0.013794 0.021971 -0.000200
v 0.013794 0.021971 -0.000192
v 0.013799 0.021966 -0.000200
v 0.013799 0.021966 -0.000192
v 0.013803 0.021960 -0.000200
v 0.013803 0.021960 -0.000192
v 0.013806 0.021954 -0.000200
v 0.013806 0.021954 -0.000192
v 0.013809 0.021948 -0.000200
v 0.013809 0.021948 -0.000192
v 0.013812 0.021941 -0.000192
v 0.013812 0.021941 -0.000200
v 0.013813 0.021935 -0.000192
v 0.013813 0.021935 -0.000200
v 0.013814 0.021928 -0.000192
v 0.013814 0.021928 -0.000200
v 0.013815 0.021921 -0.000192
v 0.013815 0.021921 -0.000200
v 0.013814 0.021914 -0.000192
v 0.013814 0.021914 -0.000200
v 0.013813 0.021907 -0.000192
v 0.013812 0.021901 -0.000200
v 0.013813 0.021907 -0.000200
v 0.013812 0.021901 -0.000192
v 0.013809 0.021894 -0.000200
v 0.013809 0.021894 -0.000192
v 0.013806 0.021888 -0.000200
v 0.013806 0.021888 -0.000192
v 0.013803 0.021882 -0.000200
v 0.013794 0.021872 -0.000200
v 0.013799 0.021877 -0.000192
v 0.013794 0.021872 -0.000192
v 0.013789 0.021867 -0.000200
v 0.013789 0.021867 -0.000192
v 0.013784 0.021863 -0.000200
v 0.013784 0.021863 -0.000192
v 0.013778 0.021859 -0.000200
v 0.013778 0.021859 -0.000192
v 0.013771 0.021856 -0.000200
v 0.013771 0.021856 -0.000192
v 0.013765 0.021854 -0.000200
v 0.013765 0.021854 -0.000192
v 0.013758 0.021852 -0.000200
v 0.013758 0.021852 -0.000192
v 0.013751 0.021851 -0.000200
v 0.013751 0.021851 -0.000192
v 0.013745 0.021851 -0.000200
v 0.013745 0.021851 -0.000192
v 0.013803 0.021882 -0.000192
v 0.013799 0.021877 -0.000200
v 0.013738 0.021851 -0.000192
v 0.013738 0.021851 -0.000200
v 0.013731 0.021852 -0.000192
v 0.013731 0.021852 -0.000200
v 0.013724 0.021854 -0.000192
v 0.013724 0.021854 -0.000200
v 0.013718 0.021856 -0.000192
v 0.013718 0.021856 -0.000200
v 0.013712 0.021859 -0.000192
v 0.013712 0.021859 -0.000200
v 0.013706 0.021863 -0.000192
v 0.013706 0.021863 -0.000200
v 0.013700 0.021867 -0.000192
v 0.013700 0.021867 -0.000200
v 0.013695 0.021872 -0.000192
v 0.013695 0.021872 -0.000200
v 0.013691 0.021877 -0.000192
v 0.013691 0.021877 -0.000200
v 0.013686 0.021882 -0.000192
v 0.013686 0.021882 -0.000200
v 0.013683 0.021888 -0.000192
v 0.013683 0.021888 -0.000200
v 0.013680 0.021894 -0.000200
v 0.013680 0.021894 -0.000192
v 0.013678 0.021901 -0.000200
v 0.013678 0.021901 -0.000192
v 0.013676 0.021907 -0.000200
v 0.013676 0.021907 -0.000192
v 0.013675 0.021914 -0.000200
v 0.013675 0.021914 -0.000192
v 0.013675 0.021921 -0.000200
v 0.013675 0.021921 -0.000192
v 0.013675 0.021928 -0.000200
v 0.013675 0.021928 -0.000192
v 0.013676 0.021935 -0.000200
v 0.013676 0.021935 -0.000192
v 0.013678 0.021941 -0.000192
v 0.013678 0.021941 -0.000200
v 0.013680 0.021948 -0.000192
v 0.013680 0.021948 -0.000200
v 0.013683 0.021954 -0.000192
v 0.013683 0.021954 -0.000200
v 0.013686 0.021960 -0.000192
v 0.013686 0.021960 -0.000200
v 0.013691 0.021966 -0.000192
v 0.013691 0.021966 -0.000200
v 0.013695 0.021971 -0.000192
v 0.013695 0.021971 -0.000200
v 0.013700 0.021975 -0.000200
v 0.013700 0.021975 -0.000192
v 0.013706 0.021979 -0.000200
v 0.013706 0.021979 -0.000192
v 0.013712 0.021983 -0.000200
v 0.013712 0.021983 -0.000192
v 0.013718 0.021986 -0.000200
v 0.013718 0.021986 -0.000192
v 0.013724 0.021988 -0.000200
v 0.013745 0.021991 -0.000192
v 0.013738 0.021991 -0.000192
v 0.013738 0.021991 -0.000200
v 0.013731 0.021990 -0.000192
v 0.013731 0.021990 -0.000200
v 0.013724 0.021988 -0.000192
v 0.013749 0.021961 -0.000167
v 0.013749 0.021961 0.000098
v 0.013752 0.021960 -0.000167
v 0.013752 0.021960 0.000098
v 0.013756 0.021959 -0.000167
v 0.013756 0.021959 0.000098
v 0.013760 0.021958 -0.000167
v 0.013760 0.021958 0.000098
v 0.013763 0.021956 -0.000167
v 0.013767 0.021954 -0.000167
v 0.013763 0.021956 0.000098
v 0.013767 0.021954 0.000098
v 0.013770 0.021952 0.000098
v 0.013770 0.021952 -0.000167
v 0.013773 0.021949 -0.000167
v 0.013773 0.021949 0.000098
v 0.013776 0.021947 -0.000167
v 0.013776 0.021947 0.000098
v 0.013778 0.021943 0.000098
v 0.013778 0.021943 -0.000167
v 0.013780 0.021940 -0.000167
v 0.013780 0.021940 0.000098
v 0.013782 0.021936 -0.000167
v 0.013782 0.021936 0.000098
v 0.013783 0.021933 -0.000167
v 0.013783 0.021933 0.000098
v 0.013784 0.021929 -0.000167
v 0.013784 0.021925 -0.000167
v 0.013784 0.021929 0.000098
v 0.013784 0.021925 0.000098
v 0.013785 0.021921 0.000098
v 0.013785 0.021921 -0.000167
v 0.013784 0.021917 -0.000167
v 0.013784 0.021917 0.000098
v 0.013784 0.021913 -0.000167
v 0.013784 0.021913 0.000098
v 0.013783 0.021910 0.000098
v 0.013783 0.021910 -0.000167
v 0.013782 0.021906 -0.000167
v 0.013782 0.021906 0.000098
v 0.013780 0.021902 -0.000167
v 0.013780 0.021902 0.000098
v 0.013778 0.021899 -0.000167
v 0.013778 0.021899 0.000098
v 0.013776 0.021896 -0.000167
v 0.013773 0.021893 -0.000167
v 0.013776 0.021896 0.000098
v 0.013773 0.021893 0.000098
v 0.013770 0.021890 0.000098
v 0.013770 0.021890 -0.000167
v 0.013767 0.021888 -0.000167
v 0.013767 0.021888 0.000098
v 0.013763 0.021886 -0.000167
v 0.013763 0.021886 0.000098
v 0.013760 0.021884 0.000098
v 0.013760 0.021884 -0.000167
v 0.013756 0.021883 -0.000167
v 0.013756 0.021883 0.000098
v 0.013752 0.021882 -0.000167
v 0.013752 0.021882 0.000098
v 0.013749 0.021881 -0.000167
v 0.013749 0.021881 0.000098
v 0.013745 0.021881 -0.000167
v 0.013741 0.021881 -0.000167
v 0.013745 0.021881 0.000098
v 0.013741 0.021881 0.000098
v 0.013737 0.021882 0.000098
v 0.013737 0.021882 -0.000167
v 0.013733 0.021883 -0.000167
v 0.013733 0.021883 0.000098
v 0.013729 0.021884 -0.000167
v 0.013729 0.021884 0.000098
v 0.013726 0.021886 0.000098
v 0.013726 0.021886 -0.000167
v 0.013722 0.021888 -0.000167
v 0.013722 0.021888 0.000098
v 0.013719 0.021890 -0.000167
v 0.013719 0.021890 0.000098
v 0.013716 0.021893 -0.000167
v 0.013716 0.021893 0.000098
v 0.013714 0.021896 -0.000167
v 0.013711 0.021899 -0.000167
v 0.013714 0.021896 0.000098
v 0.013711 0.021899 0.000098
v 0.013709 0.021902 0.000098
v 0.013709 0.021902 -0.000167
v 0.013708 0.021906 -0.000167
v 0.013708 0.021906 0.000098
v 0.013706 0.021910 -0.000167
v 0.013706 0.021910 0.000098
v 0.013705 0.021913 0.000098
v 0.013705 0.021913 -0.000167
v 0.013705 0.021917 -0.000167
v 0.013705 0.021917 0.000098
v 0.013705 0.021921 -0.000167
v 0.013711 0.021943 0.000098
v 0.013714 0.021947 0.000098
v 0.013714 0.021947 -0.000167
v 0.013741 0.021961 0.000098
v 0.013745 0.021961 -0.000167
v 0.013741 0.021961 -0.000167
v 0.013737 0.021960 0.000098
v 0.013737 0.021960 -0.000167
v 0.013733 0.021959 0.000098
v 0.013733 0.021959 -0.000167
v 0.013729 0.021958 0.000098
v 0.013729 0.021958 -0.000167
v 0.013726 0.021956 0.000098
v 0.013726 0.021956 -0.000167
v 0.013722 0.021954 0.000098
v 0.013722 0.021954 -0.000167
v 0.013719 0.021952 0.000098
v 0.013719 0.021952 -0.000167
v 0.013716 0.021949 0.000098
v 0.013716 0.021949 -0.000167
v 0.013711 0.021943 -0.000167
v 0.013709 0.021940 0.000098
v 0.013709 0.021940 -0.000167
v 0.013708 0.021936 0.000098
v 0.013708 0.021936 -0.000167
v 0.013706 0.021933 0.000098
v 0.013706 0.021933 -0.000167
v 0.013705 0.021929 0.000098
v 0.013705 0.021929 -0.000167
v 0.013705 0.021925 0.000098
v 0.013705 0.021925 -0.000167
v 0.013705 0.021921 0.000098
v 0.013745 0.021961 0.000098
v 0.013749 0.021961 -0.000192
v 0.013751 0.021991 -0.000192
v 0.013745 0.021991 -0.000192
v 0.013758 0.021990 -0.000192
v 0.013751 0.021991 -0.000192
v 0.013752 0.021960 -0.000192
v 0.013765 0.021988 -0.000192
v 0.013758 0.021990 -0.000192
v 0.013756 0.021959 -0.000192
v 0.013765 0.021988 -0.000192
v 0.013760 0.021958 -0.000192
v 0.013771 0.021986 -0.000192
v 0.013771 0.021986 -0.000192
v 0.013778 0.021983 -0.000192
v 0.013778 0.021983 -0.000192
v 0.013763 0.021956 -0.000192
v 0.013784 0.021979 -0.000192
v 0.013784 0.021979 -0.000192
v 0.013767 0.021954 -0.000192
v 0.013789 0.021975 -0.000192
v 0.013770 0.021952 -0.000192
v 0.013776 0.021947 -0.000192
v 0.013803 0.021960 -0.000192
v 0.013799 0.021966 -0.000192
v 0.013794 0.021971 -0.000192
v 0.013789 0.021975 -0.000192
v 0.013778 0.021943 -0.000192
v 0.013806 0.021954 -0.000192
v 0.013803 0.021960 -0.000192
v 0.013780 0.021940 -0.000192
v 0.013809 0.021948 -0.000192
v 0.013806 0.021954 -0.000192
v 0.013782 0.021936 -0.000192
v 0.013812 0.021941 -0.000192
v 0.013809 0.021948 -0.000192
v 0.013783 0.021933 -0.000192
v 0.013812 0.021941 -0.000192
v 0.013784 0.021929 -0.000192
v 0.013813 0.021935 -0.000192
v 0.013784 0.021925 -0.000192
v 0.013814 0.021928 -0.000192
v 0.013785 0.021921 -0.000192
v 0.013815 0.021921 -0.000192
v 0.013784 0.021917 -0.000192
v 0.013814 0.021914 -0.000192
v 0.013813 0.021907 -0.000192
v 0.013814 0.021914 -0.000192
v 0.013784 0.021913 -0.000192
v 0.013812 0.021901 -0.000192
v 0.013813 0.021907 -0.000192
v 0.013806 0.021888 -0.000192
v 0.013809 0.021894 -0.000192
v 0.013782 0.021906 -0.000192
v 0.013803 0.021882 -0.000192
v 0.013780 0.021902 -0.000192
v 0.013778 0.021899 -0.000192
v 0.013776 0.021896 -0.000192
v 0.013773 0.021893 -0.000192
v 0.013794 0.021872 -0.000192
v 0.013799 0.021877 -0.000192
v 0.013770 0.021890 -0.000192
v 0.013784 0.021863 -0.000192
v 0.013789 0.021867 -0.000192
v 0.013767 0.021888 -0.000192
v 0.013778 0.021859 -0.000192
v 0.013784 0.021863 -0.000192
v 0.013763 0.021886 -0.000192
v 0.013771 0.021856 -0.000192
v 0.013778 0.021859 -0.000192
v 0.013760 0.021884 -0.000192
v 0.013765 0.021854 -0.000192
v 0.013771 0.021856 -0.000192
v 0.013756 0.021883 -0.000192
v 0.013765 0.021854 -0.000192
v 0.013752 0.021882 -0.000192
v 0.013758 0.021852 -0.000192
v 0.013749 0.021881 -0.000192
v 0.013751 0.021851 -0.000192
v 0.013745 0.021881 -0.000192
v 0.013745 0.021851 -0.000192
v 0.013741 0.021881 -0.000192
v 0.013738 0.021851 -0.000192
v 0.013731 0.021852 -0.000192
v 0.013738 0.021851 -0.000192
v 0.013737 0.021882 -0.000192
v 0.013724 0.021854 -0.000192
v 0.013731 0.021852 -0.000192
v 0.013712 0.021859 -0.000192
v 0.013718 0.021856 -0.000192
v 0.013729 0.021884 -0.000192
v 0.013706 0.021863 -0.000192
v 0.013726 0.021886 -0.000192
v 0.013722 0.021888 -0.000192
v 0.013719 0.021890 -0.000192
v 0.013716 0.021893 -0.000192
v 0.013695 0.021872 -0.000192
v 0.013700 0.021867 -0.000192
v 0.013714 0.021896 -0.000192
v 0.013686 0.021882 -0.000192
v 0.013691 0.021877 -0.000192
v 0.013711 0.021899 -0.000192
v 0.013683 0.021888 -0.000192
v 0.013686 0.021882 -0.000192
v 0.013709 0.021902 -0.000192
v 0.013680 0.021894 -0.000192
v 0.013683 0.021888 -0.000192
v 0.013708 0.021906 -0.000192
v 0.013678 0.021901 -0.000192
v 0.013680 0.021894 -0.000192
v 0.013706 0.021910 -0.000192
v 0.013678 0.021901 -0.000192
v 0.013705 0.021913 -0.000192
v 0.013676 0.021907 -0.000192
v 0.013705 0.021917 -0.000192
v 0.013675 0.021914 -0.000192
v 0.013705 0.021921 -0.000192
v 0.013675 0.021921 -0.000192
v 0.013705 0.021925 -0.000192
v 0.013675 0.021928 -0.000192
v 0.013676 0.021935 -0.000192
v 0.013675 0.021928 -0.000192
v 0.013705 0.021929 -0.000192
v 0.013678 0.021941 -0.000192
v 0.013676 0.021935 -0.000192
v 0.013683 0.021954 -0.000192
v 0.013680 0.021948 -0.000192
v 0.013708 0.021936 -0.000192
v 0.013686 0.021960 -0.000192
v 0.013709 0.021940 -0.000192
v 0.013711 0.021943 -0.000192
v 0.013714 0.021947 -0.000192
v 0.013716 0.021949 -0.000192
v 0.013695 0.021971 -0.000192
v 0.013691 0.021966 -0.000192
v 0.013719 0.021952 -0.000192
v 0.013706 0.021979 -0.000192
v 0.013700 0.021975 -0.000192
v 0.013722 0.021954 -0.000192
v 0.013712 0.021983 -0.000192
v 0.013706 0.021979 -0.000192
v 0.013726 0.021956 -0.000192
v 0.013718 0.021986 -0.000192
v 0.013712 0.021983 -0.000192
v 0.013729 0.021958 -0.000192
v 0.013724 0.021988 -0.000192
v 0.013718 0.021986 -0.000192
v 0.013733 0.021959 -0.000192
v 0.013724 0.021988 -0.000192
v 0.013745 0.021991 -0.000192
v 0.013745 0.021961 -0.000192
v 0.013741 0.021961 -0.000192
v 0.013745 0.021991 -0.000192
v 0.013738 0.021991 -0.000192
v 0.013745 0.021991 -0.000192
v 0.013737 0.021960 -0.000192
v 0.013738 0.021991 -0.000192
v 0.013731 0.021990 -0.000192
v 0.013738 0.021991 -0.000192
v 0.013731 0.021990 -0.000192
v 0.013731 0.021990 -0.000192
v 0.013724 0.021988 -0.000192
v 0.013718 0.021986 -0.000192
v 0.013712 0.021983 -0.000192
v 0.013706 0.021979 -0.000192
v 0.013700 0.021975 -0.000192
v 0.013700 0.021975 -0.000192
v 0.013695 0.021971 -0.000192
v 0.013695 0.021971 -0.000192
v 0.013691 0.021966 -0.000192
v 0.013691 0.021966 -0.000192
v 0.013686 0.021960 -0.000192
v 0.013686 0.021960 -0.000192
v 0.013683 0.021954 -0.000192
v 0.013683 0.021954 -0.000192
v 0.013706 0.021933 -0.000192
v 0.013680 0.021948 -0.000192
v 0.013678 0.021941 -0.000192
v 0.013680 0.021948 -0.000192
v 0.013678 0.021941 -0.000192
v 0.013676 0.021935 -0.000192
v 0.013675 0.021921 -0.000192
v 0.013675 0.021928 -0.000192
v 0.013676 0.021907 -0.000192
v 0.013678 0.021901 -0.000192
v 0.013675 0.021914 -0.000192
v 0.013676 0.021907 -0.000192
v 0.013680 0.021894 -0.000192
v 0.013683 0.021888 -0.000192
v 0.013686 0.021882 -0.000192
v 0.013691 0.021877 -0.000192
v 0.013691 0.021877 -0.000192
v 0.013695 0.021872 -0.000192
v 0.013695 0.021872 -0.000192
v 0.013700 0.021867 -0.000192
v 0.013700 0.021867 -0.000192
v 0.013706 0.021863 -0.000192
v 0.013706 0.021863 -0.000192
v 0.013712 0.021859 -0.000192
v 0.013675 0.021914 -0.000192
v 0.013675 0.021921 -0.000192
v 0.013733 0.021883 -0.000192
v 0.013718 0.021856 -0.000192
v 0.013724 0.021854 -0.000192
v 0.013718 0.021856 -0.000192
v 0.013724 0.021854 -0.000192
v 0.013731 0.021852 -0.000192
v 0.013745 0.021851 -0.000192
v 0.013738 0.021851 -0.000192
v 0.013758 0.021852 -0.000192
v 0.013765 0.021854 -0.000192
v 0.013751 0.021851 -0.000192
v 0.013758 0.021852 -0.000192
v 0.013771 0.021856 -0.000192
v 0.013778 0.021859 -0.000192
v 0.013784 0.021863 -0.000192
v 0.013789 0.021867 -0.000192
v 0.013789 0.021867 -0.000192
v 0.013794 0.021872 -0.000192
v 0.013794 0.021872 -0.000192
v 0.013799 0.021877 -0.000192
v 0.013799 0.021877 -0.000192
v 0.013803 0.021882 -0.000192
v 0.013803 0.021882 -0.000192
v 0.013806 0.021888 -0.000192
v 0.013806 0.021888 -0.000192
v 0.013783 0.021910 -0.000192
v 0.013809 0.021894 -0.000192
v 0.013812 0.021901 -0.000192
v 0.013809 0.021894 -0.000192
v 0.013812 0.021901 -0.000192
v 0.013813 0.021907 -0.000192
v 0.013815 0.021921 -0.000192
v 0.013814 0.021914 -0.000192
v 0.013813 0.021935 -0.000192
v 0.013812 0.021941 -0.000192
v 0.013814 0.021928 -0.000192
v 0.013813 0.021935 -0.000192
v 0.013809 0.021948 -0.000192
v 0.013806 0.021954 -0.000192
v 0.013803 0.021960 -0.000192
v 0.013799 0.021966 -0.000192
v 0.013773 0.021949 -0.000192
v 0.013799 0.021966 -0.000192
v 0.013794 0.021971 -0.000192
v 0.013794 0.021971 -0.000192
v 0.013789 0.021975 -0.000192
v 0.013784 0.021979 -0.000192
v 0.013778 0.021983 -0.000192
v 0.013771 0.021986 -0.000192
v 0.013765 0.021988 -0.000192
v 0.013751 0.021851 -0.000192
v 0.013745 0.021851 -0.000192
v 0.013712 0.021859 -0.000192
v 0.013758 0.021990 -0.000192
v 0.013814 0.021928 -0.000192
v 0.013815 0.021921 -0.000192
v 0.013749 0.021961 -0.000192
v 0.013752 0.021960 -0.000192
v 0.013752 0.021960 -0.000192
v 0.013756 0.021959 -0.000192
v 0.013756 0.021959 -0.000192
v 0.013760 0.021958 -0.000192
v 0.013763 0.021956 -0.000192
v 0.013760 0.021958 -0.000192
v 0.013767 0.021954 -0.000192
v 0.013763 0.021956 -0.000192
v 0.013767 0.021954 -0.000192
v 0.013770 0.021952 -0.000192
v 0.013773 0.021949 -0.000192
v 0.013770 0.021952 -0.000192
v 0.013776 0.021947 -0.000192
v 0.013773 0.021949 -0.000192
v 0.013776 0.021947 -0.000192
v 0.013778 0.021943 -0.000192
v 0.013778 0.021943 -0.000192
v 0.013780 0.021940 -0.000192
v 0.013780 0.021940 -0.000192
v 0.013782 0.021936 -0.000192
v 0.013782 0.021936 -0.000192
v 0.013783 0.021933 -0.000192
v 0.013784 0.021929 -0.000192
v 0.013783 0.021933 -0.000192
v 0.013784 0.021925 -0.000192
v 0.013784 0.021929 -0.000192
v 0.013784 0.021925 -0.000192
v 0.013785 0.021921 -0.000192
v 0.013784 0.021917 -0.000192
v 0.013785 0.021921 -0.000192
v 0.013784 0.021913 -0.000192
v 0.013784 0.021917 -0.000192
v 0.013784 0.021913 -0.000192
v 0.013783 0.021910 -0.000192
v 0.013783 0.021910 -0.000192
v 0.013782 0.021906 -0.000192
v 0.013782 0.021906 -0.000192
v 0.013780 0.021902 -0.000192
v 0.013780 0.021902 -0.000192
v 0.013778 0.021899 -0.000192
v 0.013776 0.021896 -0.000192
v 0.013778 0.021899 -0.000192
v 0.013773 0.021893 -0.000192
v 0.013776 0.021896 -0.000192
v 0.013773 0.021893 -0.000192
v 0.013770 0.021890 -0.000192
v 0.013767 0.021888 -0.000192
v 0.013770 0.021890 -0.000192
v 0.013763 0.021886 -0.000192
v 0.013767 0.021888 -0.000192
v 0.013763 0.021886 -0.000192
v 0.013760 0.021884 -0.000192
v 0.013760 0.021884 -0.000192
v 0.013756 0.021883 -0.000192
v 0.013756 0.021883 -0.000192
v 0.013752 0.021882 -0.000192
v 0.013752 0.021882 -0.000192
v 0.013749 0.021881 -0.000192
v 0.013745 0.021881 -0.000192
v 0.013749 0.021881 -0.000192
v 0.013741 0.021881 -0.000192
v 0.013745 0.021881 -0.000192
v 0.013737 0.021882 -0.000192
v 0.013741 0.021881 -0.000192
v 0.013737 0.021882 -0.000192
v 0.013733 0.021883 -0.000192
v 0.013729 0.021884 -0.000192
v 0.013733 0.021883 -0.000192
v 0.013726 0.021886 -0.000192
v 0.013729 0.021884 -0.000192
v 0.013726 0.021886 -0.000192
v 0.013722 0.021888 -0.000192
v 0.013722 0.021888 -0.000192
v 0.013719 0.021890 -0.000192
v 0.013719 0.021890 -0.000192
v 0.013716 0.021893 -0.000192
v 0.013716 0.021893 -0.000192
v 0.013714 0.021896 -0.000192
v 0.013711 0.021899 -0.000192
v 0.013714 0.021896 -0.000192
v 0.013709 0.021902 -0.000192
v 0.013711 0.021899 -0.000192
v 0.013709 0.021902 -0.000192
v 0.013708 0.021906 -0.000192
v 0.013706 0.021910 -0.000192
v 0.013708 0.021906 -0.000192
v 0.013705 0.021913 -0.000192
v 0.013706 0.021910 -0.000192
v 0.013705 0.021913 -0.000192
v 0.013705 0.021917 -0.000192
v 0.013708 0.021936 -0.000192
v 0.013709 0.021940 -0.000192
v 0.013708 0.021936 -0.000192
v 0.013722 0.021954 -0.000192
v 0.013726 0.021956 -0.000192
v 0.013722 0.021954 -0.000192
v 0.013752 0.021960 -0.000192
v 0.013745 0.021961 -0.000192
v 0.013741 0.021961 -0.000192
v 0.013741 0.021961 -0.000192
v 0.013737 0.021960 -0.000192
v 0.013741 0.021961 -0.000192
v 0.013737 0.021960 -0.000192
v 0.013737 0.021960 -0.000192
v 0.013733 0.021959 -0.000192
v 0.013733 0.021959 -0.000192
v 0.013733 0.021959 -0.000192
v 0.013729 0.021958 -0.000192
v 0.013729 0.021958 -0.000192
v 0.013726 0.021956 -0.000192
v 0.013729 0.021958 -0.000192
v 0.013726 0.021956 -0.000192
v 0.013722 0.021954 -0.000192
v 0.013719 0.021952 -0.000192
v 0.013719 0.021952 -0.000192
v 0.013719 0.021952 -0.000192
v 0.013716 0.021949 -0.000192
v 0.013716 0.021949 -0.000192
v 0.013714 0.021947 -0.000192
v 0.013716 0.021949 -0.000192
v 0.013714 0.021947 -0.000192
v 0.013714 0.021947 -0.000192
v 0.013711 0.021943 -0.000192
v 0.013711 0.021943 -0.000192
v 0.013711 0.021943 -0.000192
v 0.013709 0.021940 -0.000192
v 0.013709 0.021940 -0.000192
v 0.013706 0.021933 -0.000192
v 0.013708 0.021936 -0.000192
v 0.013706 0.021933 -0.000192
v 0.013706 0.021933 -0.000192
v 0.013705 0.021929 -0.000192
v 0.013705 0.021929 -0.000192
v 0.013705 0.021929 -0.000192
v 0.013705 0.021925 -0.000192
v 0.013705 0.021925 -0.000192
v 0.013705 0.021921 -0.000192
v 0.013705 0.021925 -0.000192
v 0.013705 0.021921 -0.000192
v 0.013705 0.021921 -0.000192
v 0.013705 0.021917 -0.000192
v 0.013705 0.021917 -0.000192
v 0.013705 0.021913 -0.000192
v 0.013706 0.021910 -0.000192
v 0.013708 0.021906 -0.000192
v 0.013709 0.021902 -0.000192
v 0.013711 0.021899 -0.000192
v 0.013716 0.021893 -0.000192
v 0.013714 0.021896 -0.000192
v 0.013719 0.021890 -0.000192
v 0.013722 0.021888 -0.000192
v 0.013726 0.021886 -0.000192
v 0.013729 0.021884 -0.000192
v 0.013733 0.021883 -0.000192
v 0.013737 0.021882 -0.000192
v 0.013741 0.021881 -0.000192
v 0.013745 0.021881 -0.000192
v 0.013752 0.021882 -0.000192
v 0.013749 0.021881 -0.000192
v 0.013756 0.021883 -0.000192
v 0.013760 0.021884 -0.000192
v 0.013763 0.021886 -0.000192
v 0.013767 0.021888 -0.000192
v 0.013770 0.021890 -0.000192
v 0.013773 0.021893 -0.000192
v 0.013776 0.021896 -0.000192
v 0.013780 0.021902 -0.000192
v 0.013778 0.021899 -0.000192
v 0.013782 0.021906 -0.000192
v 0.013783 0.021910 -0.000192
v 0.013784 0.021913 -0.000192
v 0.013784 0.021917 -0.000192
v 0.013785 0.021921 -0.000192
v 0.013784 0.021925 -0.000192
v 0.013784 0.021929 -0.000192
v 0.013782 0.021936 -0.000192
v 0.013783 0.021933 -0.000192
v 0.013780 0.021940 -0.000192
v 0.013778 0.021943 -0.000192
v 0.013776 0.021947 -0.000192
v 0.013773 0.021949 -0.000192
v 0.013770 0.021952 -0.000192
v 0.013767 0.021954 -0.000192
v 0.013763 0.021956 -0.000192
v 0.013756 0.021959 -0.000192
v 0.013760 0.021958 -0.000192
v 0.013745 0.021961 -0.000192
v 0.013745 0.021961 -0.000192
v 0.013749 0.021961 -0.000192
v 0.013745 0.021961 -0.000192
v 0.013733 0.021949 0.000108
v 0.013745 0.021951 0.000108
v 0.013739 0.021951 0.000108
v 0.013728 0.021946 0.000108
v 0.013723 0.021942 0.000108
v 0.013720 0.021938 0.000108
v 0.013717 0.021933 0.000108
v 0.013715 0.021927 0.000108
v 0.013715 0.021921 0.000108
v 0.013715 0.021915 0.000108
v 0.013717 0.021910 0.000108
v 0.013720 0.021904 0.000108
v 0.013723 0.021900 0.000108
v 0.013733 0.021893 0.000108
v 0.013728 0.021896 0.000108
v 0.013739 0.021892 0.000108
v 0.013745 0.021891 0.000108
v 0.013750 0.021892 0.000108
v 0.013756 0.021893 0.000108
v 0.013761 0.021896 0.000108
v 0.013766 0.021900 0.000108
v 0.013772 0.021910 0.000108
v 0.013770 0.021904 0.000108
v 0.013774 0.021915 0.000108
v 0.013775 0.021921 0.000108
v 0.013774 0.021927 0.000108
v 0.013772 0.021933 0.000108
v 0.013770 0.021938 0.000108
v 0.013766 0.021942 0.000108
v 0.013761 0.021946 0.000108
v 0.013756 0.021949 0.000108
v 0.013750 0.021951 0.000108
v 0.013749 0.021961 0.000098
v 0.013750 0.021951 0.000108
v 0.013752 0.021960 0.000098
v 0.013752 0.021960 0.000098
v 0.013750 0.021951 0.000108
v 0.013756 0.021959 0.000098
v 0.013756 0.021959 0.000098
v 0.013750 0.021951 0.000108
v 0.013756 0.021949 0.000108
v 0.013760 0.021958 0.000098
v 0.013756 0.021959 0.000098
v 0.013756 0.021949 0.000108
v 0.013763 0.021956 0.000098
v 0.013756 0.021949 0.000108
v 0.013761 0.021946 0.000108
v 0.013767 0.021954 0.000098
v 0.013763 0.021956 0.000098
v 0.013761 0.021946 0.000108
v 0.013770 0.021952 0.000098
v 0.013767 0.021954 0.000098
v 0.013761 0.021946 0.000108
v 0.013766 0.021942 0.000108
v 0.013770 0.021952 0.000098
v 0.013761 0.021946 0.000108
v 0.013776 0.021947 0.000098
v 0.013773 0.021949 0.000098
v 0.013766 0.021942 0.000108
v 0.013770 0.021938 0.000108
v 0.013776 0.021947 0.000098
v 0.013766 0.021942 0.000108
v 0.013770 0.021938 0.000108
v 0.013778 0.021943 0.000098
v 0.013776 0.021947 0.000098
v 0.013772 0.021933 0.000108
v 0.013780 0.021940 0.000098
v 0.013770 0.021938 0.000108
v 0.013772 0.021933 0.000108
v 0.013782 0.021936 0.000098
v 0.013780 0.021940 0.000098
v 0.013772 0.021933 0.000108
v 0.013783 0.021933 0.000098
v 0.013782 0.021936 0.000098
v 0.013772 0.021933 0.000108
v 0.013774 0.021927 0.000108
v 0.013783 0.021933 0.000098
v 0.013774 0.021927 0.000108
v 0.013784 0.021925 0.000098
v 0.013784 0.021929 0.000098
v 0.013774 0.021927 0.000108
v 0.013775 0.021921 0.000108
v 0.013784 0.021925 0.000098
v 0.013784 0.021925 0.000098
v 0.013775 0.021921 0.000108
v 0.013785 0.021921 0.000098
v 0.013785 0.021921 0.000098
v 0.013775 0.021921 0.000108
v 0.013784 0.021917 0.000098
v 0.013784 0.021917 0.000098
v 0.013774 0.021915 0.000108
v 0.013784 0.021913 0.000098
v 0.013784 0.021913 0.000098
v 0.013774 0.021915 0.000108
v 0.013783 0.021910 0.000098
v 0.013783 0.021910 0.000098
v 0.013774 0.021915 0.000108
v 0.013772 0.021910 0.000108
v 0.013782 0.021906 0.000098
v 0.013783 0.021910 0.000098
v 0.013772 0.021910 0.000108
v 0.013780 0.021902 0.000098
v 0.013772 0.021910 0.000108
v 0.013770 0.021904 0.000108
v 0.013778 0.021899 0.000098
v 0.013780 0.021902 0.000098
v 0.013770 0.021904 0.000108
v 0.013776 0.021896 0.000098
v 0.013778 0.021899 0.000098
v 0.013770 0.021904 0.000108
v 0.013773 0.021893 0.000098
v 0.013776 0.021896 0.000098
v 0.013766 0.021900 0.000108
v 0.013770 0.021890 0.000098
v 0.013773 0.021893 0.000098
v 0.013766 0.021900 0.000108
v 0.013761 0.021896 0.000108
v 0.013770 0.021890 0.000098
v 0.013766 0.021900 0.000108
v 0.013761 0.021896 0.000108
v 0.013767 0.021888 0.000098
v 0.013770 0.021890 0.000098
v 0.013756 0.021893 0.000108
v 0.013763 0.021886 0.000098
v 0.013761 0.021896 0.000108
v 0.013756 0.021893 0.000108
v 0.013760 0.021884 0.000098
v 0.013763 0.021886 0.000098
v 0.013756 0.021893 0.000108
v 0.013756 0.021883 0.000098
v 0.013760 0.021884 0.000098
v 0.013756 0.021893 0.000108
v 0.013750 0.021892 0.000108
v 0.013756 0.021883 0.000098
v 0.013750 0.021892 0.000108
v 0.013749 0.021881 0.000098
v 0.013752 0.021882 0.000098
v 0.013750 0.021892 0.000108
v 0.013745 0.021891 0.000108
v 0.013749 0.021881 0.000098
v 0.013749 0.021881 0.000098
v 0.013745 0.021891 0.000108
v 0.013745 0.021881 0.000098
v 0.013745 0.021891 0.000108
v 0.013739 0.021892 0.000108
v 0.013741 0.021881 0.000098
v 0.013741 0.021881 0.000098
v 0.013739 0.021892 0.000108
v 0.013737 0.021882 0.000098
v 0.013737 0.021882 0.000098
v 0.013739 0.021892 0.000108
v 0.013733 0.021883 0.000098
v 0.013733 0.021883 0.000098
v 0.013739 0.021892 0.000108
v 0.013733 0.021893 0.000108
v 0.013729 0.021884 0.000098
v 0.013733 0.021893 0.000108
v 0.013726 0.021886 0.000098
v 0.013726 0.021886 0.000098
v 0.013733 0.021893 0.000108
v 0.013728 0.021896 0.000108
v 0.013722 0.021888 0.000098
v 0.013726 0.021886 0.000098
v 0.013728 0.021896 0.000108
v 0.013719 0.021890 0.000098
v 0.013722 0.021888 0.000098
v 0.013728 0.021896 0.000108
v 0.013716 0.021893 0.000098
v 0.013719 0.021890 0.000098
v 0.013723 0.021900 0.000108
v 0.013714 0.021896 0.000098
v 0.013716 0.021893 0.000098
v 0.013723 0.021900 0.000108
v 0.013720 0.021904 0.000108
v 0.013714 0.021896 0.000098
v 0.013723 0.021900 0.000108
v 0.013709 0.021902 0.000098
v 0.013711 0.021899 0.000098
v 0.013720 0.021904 0.000108
v 0.013717 0.021910 0.000108
v 0.013709 0.021902 0.000098
v 0.013720 0.021904 0.000108
v 0.013717 0.021910 0.000108
v 0.013708 0.021906 0.000098
v 0.013709 0.021902 0.000098
v 0.013717 0.021910 0.000108
v 0.013706 0.021910 0.000098
v 0.013708 0.021906 0.000098
v 0.013715 0.021915 0.000108
v 0.013705 0.021913 0.000098
v 0.013706 0.021910 0.000098
v 0.013715 0.021915 0.000108
v 0.013705 0.021917 0.000098
v 0.013705 0.021913 0.000098
v 0.013715 0.021915 0.000108
v 0.013715 0.021921 0.000108
v 0.013705 0.021917 0.000098
v 0.013705 0.021917 0.000098
v 0.013715 0.021921 0.000108
v 0.013705 0.021921 0.000098
v 0.013715 0.021921 0.000108
v 0.013715 0.021927 0.000108
v 0.013705 0.021925 0.000098
v 0.013705 0.021925 0.000098
v 0.013715 0.021927 0.000108
v 0.013705 0.021929 0.000098
v 0.013717 0.021933 0.000108
v 0.013709 0.021940 0.000098
v 0.013708 0.021936 0.000098
v 0.013714 0.021947 0.000098
v 0.013720 0.021938 0.000108
v 0.013723 0.021942 0.000108
v 0.013739 0.021951 0.000108
v 0.013733 0.021959 0.000098
v 0.013733 0.021949 0.000108
v 0.013733 0.021949 0.000108
v 0.013733 0.021959 0.000098
v 0.013729 0.021958 0.000098
v 0.013741 0.021961 0.000098
v 0.013739 0.021951 0.000108
v 0.013745 0.021951 0.000108
v 0.013741 0.021961 0.000098
v 0.013737 0.021960 0.000098
v 0.013739 0.021951 0.000108
v 0.013745 0.021961 0.000098
v 0.013745 0.021951 0.000108
v 0.013749 0.021961 0.000098
v 0.013733 0.021959 0.000098
v 0.013739 0.021951 0.000108
v 0.013737 0.021960 0.000098
v 0.013728 0.021946 0.000108
v 0.013722 0.021954 0.000098
v 0.013719 0.021952 0.000098
v 0.013729 0.021958 0.000098
v 0.013726 0.021956 0.000098
v 0.013733 0.021949 0.000108
v 0.013733 0.021949 0.000108
v 0.013726 0.021956 0.000098
v 0.013728 0.021946 0.000108
v 0.013728 0.021946 0.000108
v 0.013726 0.021956 0.000098
v 0.013722 0.021954 0.000098
v 0.013723 0.021942 0.000108
v 0.013728 0.021946 0.000108
v 0.013719 0.021952 0.000098
v 0.013716 0.021949 0.000098
v 0.013723 0.021942 0.000108
v 0.013719 0.021952 0.000098
v 0.013716 0.021949 0.000098
v 0.013714 0.021947 0.000098
v 0.013723 0.021942 0.000108
v 0.013714 0.021947 0.000098
v 0.013711 0.021943 0.000098
v 0.013720 0.021938 0.000108
v 0.013720 0.021938 0.000108
v 0.013711 0.021943 0.000098
v 0.013709 0.021940 0.000098
v 0.013717 0.021933 0.000108
v 0.013720 0.021938 0.000108
v 0.013709 0.021940 0.000098
v 0.013706 0.021933 0.000098
v 0.013717 0.021933 0.000108
v 0.013708 0.021936 0.000098
v 0.013706 0.021933 0.000098
v 0.013715 0.021927 0.000108
v 0.013717 0.021933 0.000108
v 0.013706 0.021933 0.000098
v 0.013705 0.021929 0.000098
v 0.013715 0.021927 0.000108
v 0.013715 0.021921 0.000108
v 0.013705 0.021925 0.000098
v 0.013705 0.021921 0.000098
v 0.013715 0.021915 0.000108
v 0.013706 0.021910 0.000098
v 0.013717 0.021910 0.000108
v 0.013711 0.021899 0.000098
v 0.013714 0.021896 0.000098
v 0.013720 0.021904 0.000108
v 0.013719 0.021890 0.000098
v 0.013728 0.021896 0.000108
v 0.013723 0.021900 0.000108
v 0.013733 0.021883 0.000098
v 0.013733 0.021893 0.000108
v 0.013729 0.021884 0.000098
v 0.013745 0.021891 0.000108
v 0.013741 0.021881 0.000098
v 0.013745 0.021881 0.000098
v 0.013750 0.021892 0.000108
v 0.013752 0.021882 0.000098
v 0.013756 0.021883 0.000098
v 0.013763 0.021886 0.000098
v 0.013767 0.021888 0.000098
v 0.013761 0.021896 0.000108
v 0.013776 0.021896 0.000098
v 0.013770 0.021904 0.000108
v 0.013766 0.021900 0.000108
v 0.013782 0.021906 0.000098
v 0.013772 0.021910 0.000108
v 0.013780 0.021902 0.000098
v 0.013775 0.021921 0.000108
v 0.013774 0.021915 0.000108
v 0.013784 0.021917 0.000098
v 0.013774 0.021927 0.000108
v 0.013784 0.021929 0.000098
v 0.013783 0.021933 0.000098
v 0.013780 0.021940 0.000098
v 0.013778 0.021943 0.000098
v 0.013770 0.021938 0.000108
v 0.013773 0.021949 0.000098
v 0.013770 0.021952 0.000098
v 0.013766 0.021942 0.000108
v 0.013750 0.021951 0.000108
v 0.013749 0.021961 0.000098
v 0.013745 0.021951 0.000108
v 0.013745 0.021951 0.000108
v 0.013745 0.021961 0.000098
v 0.013741 0.021961 0.000098
v 0.013756 0.021949 0.000108
v 0.013763 0.021956 0.000098
v 0.013760 0.021958 0.000098
v 0.013802 0.021936 -0.000216
v 0.013799 0.021933 -0.000220
v 0.013797 0.021938 -0.000220
v 0.013806 0.021934 -0.000212
v 0.013804 0.021928 -0.000215
v 0.013761 0.021887 -0.000233
v 0.013761 0.021882 -0.000231
v 0.013757 0.021885 -0.000233
v 0.013764 0.021888 -0.000233
v 0.013708 0.021930 -0.000233
v 0.013704 0.021929 -0.000231
v 0.013708 0.021934 -0.000233
v 0.013713 0.021927 -0.000236
v 0.013707 0.021926 -0.000233
v 0.013800 0.021922 -0.000221
v 0.013795 0.021920 -0.000224
v 0.013793 0.021924 -0.000226
v 0.013802 0.021919 -0.000218
v 0.013798 0.021915 -0.000222
v 0.013710 0.021937 -0.000233
v 0.013706 0.021938 -0.000231
v 0.013710 0.021941 -0.000232
v 0.013715 0.021933 -0.000236
v 0.013722 0.021952 -0.000233
v 0.013721 0.021956 -0.000231
v 0.013725 0.021955 -0.000233
v 0.013719 0.021952 -0.000232
v 0.013779 0.021905 -0.000233
v 0.013783 0.021905 -0.000231
v 0.013780 0.021902 -0.000232
v 0.013774 0.021909 -0.000236
v 0.013781 0.021909 -0.000233
v 0.013767 0.021890 -0.000233
v 0.013768 0.021887 -0.000231
v 0.013770 0.021891 -0.000232
v 0.013781 0.021912 -0.000233
v 0.013776 0.021915 -0.000236
v 0.013784 0.021918 -0.000232
v 0.013792 0.021956 -0.000217
v 0.013790 0.021953 -0.000220
v 0.013789 0.021958 -0.000217
v 0.013797 0.021955 -0.000212
v 0.013793 0.021950 -0.000219
v 0.013723 0.021985 -0.000204
v 0.013724 0.021988 -0.000200
v 0.013727 0.021985 -0.000206
v 0.013719 0.021982 -0.000207
v 0.013718 0.021986 -0.000200
v 0.013787 0.021968 -0.000210
v 0.013791 0.021969 -0.000206
v 0.013794 0.021964 -0.000208
v 0.013784 0.021971 -0.000211
v 0.013787 0.021974 -0.000205
v 0.013761 0.021975 -0.000219
v 0.013760 0.021979 -0.000215
v 0.013765 0.021978 -0.000215
v 0.013758 0.021972 -0.000223
v 0.013754 0.021977 -0.000218
v 0.013770 0.021882 -0.000227
v 0.013775 0.021887 -0.000228
v 0.013767 0.021879 -0.000227
v 0.013701 0.021938 -0.000227
v 0.013699 0.021935 -0.000227
v 0.013698 0.021942 -0.000224
v 0.013705 0.021944 -0.000228
v 0.013788 0.021904 -0.000227
v 0.013790 0.021907 -0.000227
v 0.013791 0.021900 -0.000224
v 0.013784 0.021898 -0.000228
v 0.013788 0.021940 -0.000227
v 0.013783 0.021937 -0.000231
v 0.013781 0.021941 -0.000231
v 0.013792 0.021939 -0.000224
v 0.013789 0.021933 -0.000228
v 0.013719 0.021961 -0.000227
v 0.013714 0.021956 -0.000228
v 0.013722 0.021963 -0.000227
v 0.013686 0.021930 -0.000216
v 0.013690 0.021931 -0.000220
v 0.013686 0.021926 -0.000217
v 0.013684 0.021935 -0.000212
v 0.013689 0.021937 -0.000218
v 0.013765 0.021866 -0.000216
v 0.013765 0.021869 -0.000220
v 0.013769 0.021870 -0.000219
v 0.013761 0.021865 -0.000217
v 0.013728 0.021955 -0.000233
v 0.013728 0.021960 -0.000231
v 0.013734 0.021959 -0.000232
v 0.013731 0.021987 -0.000205
v 0.013731 0.021990 -0.000200
v 0.013738 0.021991 -0.000200
v 0.013724 0.021988 -0.000200
v 0.013739 0.021978 -0.000218
v 0.013738 0.021981 -0.000215
v 0.013745 0.021980 -0.000216
v 0.013735 0.021977 -0.000218
v 0.013750 0.021978 -0.000218
v 0.013751 0.021981 -0.000215
v 0.013745 0.021975 -0.000221
v 0.013729 0.021862 -0.000213
v 0.013729 0.021859 -0.000210
v 0.013721 0.021859 -0.000207
v 0.013733 0.021863 -0.000216
v 0.013698 0.021881 -0.000213
v 0.013697 0.021878 -0.000210
v 0.013691 0.021883 -0.000207
v 0.013703 0.021879 -0.000216
v 0.013812 0.021917 -0.000204
v 0.013814 0.021914 -0.000200
v 0.013811 0.021913 -0.000206
v 0.013811 0.021923 -0.000206
v 0.013815 0.021921 -0.000200
v 0.013786 0.021943 -0.000227
v 0.013778 0.021941 -0.000233
v 0.013783 0.021948 -0.000227
v 0.013779 0.021937 -0.000233
v 0.013774 0.021933 -0.000236
v 0.013771 0.021939 -0.000236
v 0.013783 0.021932 -0.000232
v 0.013781 0.021956 -0.000225
v 0.013779 0.021953 -0.000228
v 0.013774 0.021957 -0.000228
v 0.013785 0.021954 -0.000224
v 0.013770 0.021976 -0.000215
v 0.013770 0.021973 -0.000218
v 0.013765 0.021973 -0.000219
v 0.013775 0.021976 -0.000212
v 0.013804 0.021903 -0.000212
v 0.013805 0.021899 -0.000210
v 0.013801 0.021900 -0.000215
v 0.013806 0.021910 -0.000212
v 0.013808 0.021905 -0.000207
v 0.013754 0.021872 -0.000225
v 0.013753 0.021876 -0.000228
v 0.013758 0.021877 -0.000228
v 0.013750 0.021870 -0.000224
v 0.013751 0.021864 -0.000217
v 0.013751 0.021860 -0.000213
v 0.013745 0.021859 -0.000212
v 0.013756 0.021866 -0.000219
v 0.013758 0.021861 -0.000214
v 0.013802 0.021913 -0.000218
v 0.013796 0.021912 -0.000223
v 0.013795 0.021876 -0.000204
v 0.013799 0.021877 -0.000200
v 0.013794 0.021872 -0.000200
v 0.013796 0.021880 -0.000207
v 0.013799 0.021877 -0.000200
v 0.013759 0.021857 -0.000207
v 0.013762 0.021855 -0.000204
v 0.013758 0.021852 -0.000200
v 0.013761 0.021860 -0.000211
v 0.013782 0.021871 -0.000212
v 0.013781 0.021874 -0.000216
v 0.013786 0.021873 -0.000211
v 0.013778 0.021867 -0.000210
v 0.013774 0.021868 -0.000214
v 0.013696 0.021968 -0.000204
v 0.013695 0.021971 -0.000200
v 0.013699 0.021970 -0.000205
v 0.013693 0.021962 -0.000207
v 0.013691 0.021966 -0.000200
v 0.013708 0.021865 -0.000205
v 0.013706 0.021863 -0.000200
v 0.013705 0.021868 -0.000206
v 0.013713 0.021864 -0.000208
v 0.013715 0.021861 -0.000205
v 0.013683 0.021895 -0.000205
v 0.013680 0.021894 -0.000200
v 0.013682 0.021899 -0.000206
v 0.013687 0.021892 -0.000208
v 0.013687 0.021887 -0.000205
v 0.013721 0.021967 -0.000224
v 0.013724 0.021967 -0.000224
v 0.013792 0.021960 -0.000213
v 0.013784 0.021961 -0.000219
v 0.013787 0.021964 -0.000214
v 0.013792 0.021888 -0.000217
v 0.013797 0.021887 -0.000212
v 0.013792 0.021881 -0.000213
v 0.013792 0.021891 -0.000220
v 0.013798 0.021895 -0.000216
v 0.013697 0.021954 -0.000217
v 0.013692 0.021955 -0.000212
v 0.013697 0.021961 -0.000213
v 0.013698 0.021951 -0.000220
v 0.013692 0.021947 -0.000216
v 0.013794 0.021896 -0.000220
v 0.013798 0.021900 -0.000218
v 0.013800 0.021940 -0.000216
v 0.013795 0.021944 -0.000220
v 0.013696 0.021947 -0.000220
v 0.013693 0.021940 -0.000220
v 0.013805 0.021914 -0.000214
v 0.013692 0.021936 -0.000221
v 0.013696 0.021930 -0.000225
v 0.013759 0.021987 -0.000205
v 0.013758 0.021990 -0.000200
v 0.013765 0.021988 -0.000200
v 0.013754 0.021985 -0.000209
v 0.013750 0.021988 -0.000205
v 0.013713 0.021952 -0.000229
v 0.013717 0.021947 -0.000233
v 0.013712 0.021946 -0.000231
v 0.013789 0.021921 -0.000229
v 0.013782 0.021922 -0.000233
v 0.013786 0.021927 -0.000231
v 0.013790 0.021918 -0.000228
v 0.013776 0.021890 -0.000229
v 0.013772 0.021895 -0.000233
v 0.013777 0.021896 -0.000231
v 0.013687 0.021940 -0.000214
v 0.013810 0.021936 -0.000205
v 0.013813 0.021935 -0.000200
v 0.013810 0.021932 -0.000207
v 0.013807 0.021941 -0.000207
v 0.013812 0.021941 -0.000200
v 0.013684 0.021922 -0.000214
v 0.013681 0.021926 -0.000211
v 0.013685 0.021916 -0.000215
v 0.013680 0.021916 -0.000209
v 0.013801 0.021895 -0.000213
v 0.013803 0.021891 -0.000207
v 0.013693 0.021911 -0.000223
v 0.013696 0.021914 -0.000226
v 0.013699 0.021907 -0.000227
v 0.013690 0.021915 -0.000221
v 0.013801 0.021927 -0.000219
v 0.013806 0.021924 -0.000213
v 0.013696 0.021902 -0.000223
v 0.013702 0.021902 -0.000227
v 0.013699 0.021897 -0.000224
v 0.013693 0.021905 -0.000221
v 0.013722 0.021944 -0.000236
v 0.013718 0.021939 -0.000236
v 0.013776 0.021921 -0.000236
v 0.013776 0.021927 -0.000236
v 0.013767 0.021899 -0.000236
v 0.013771 0.021903 -0.000236
v 0.013768 0.021984 -0.000205
v 0.013769 0.021981 -0.000209
v 0.013763 0.021985 -0.000206
v 0.013771 0.021986 -0.000200
v 0.013776 0.021980 -0.000206
v 0.013769 0.021874 -0.000222
v 0.013773 0.021874 -0.000220
v 0.013791 0.021947 -0.000222
v 0.013799 0.021949 -0.000214
v 0.013687 0.021947 -0.000211
v 0.013686 0.021951 -0.000207
v 0.013804 0.021943 -0.000211
v 0.013730 0.021983 -0.000210
v 0.013729 0.021979 -0.000215
v 0.013725 0.021978 -0.000214
v 0.013735 0.021985 -0.000209
v 0.013714 0.021869 -0.000215
v 0.013715 0.021874 -0.000220
v 0.013723 0.021869 -0.000219
v 0.013710 0.021869 -0.000212
v 0.013707 0.021874 -0.000215
v 0.013691 0.021895 -0.000215
v 0.013694 0.021898 -0.000220
v 0.013698 0.021890 -0.000219
v 0.013687 0.021897 -0.000212
v 0.013688 0.021902 -0.000215
v 0.013778 0.021970 -0.000216
v 0.013776 0.021967 -0.000220
v 0.013782 0.021968 -0.000215
v 0.013807 0.021946 -0.000206
v 0.013809 0.021948 -0.000200
v 0.013812 0.021941 -0.000200
v 0.013803 0.021948 -0.000210
v 0.013803 0.021954 -0.000205
v 0.013683 0.021948 -0.000206
v 0.013680 0.021948 -0.000200
v 0.013683 0.021954 -0.000200
v 0.013684 0.021944 -0.000210
v 0.013680 0.021939 -0.000206
v 0.013693 0.021927 -0.000223
v 0.013694 0.021920 -0.000225
v 0.013688 0.021921 -0.000219
v 0.013695 0.021875 -0.000205
v 0.013699 0.021872 -0.000206
v 0.013691 0.021877 -0.000200
v 0.013729 0.021856 -0.000205
v 0.013734 0.021855 -0.000206
v 0.013724 0.021854 -0.000200
v 0.013728 0.021975 -0.000219
v 0.013722 0.021974 -0.000218
v 0.013759 0.021983 -0.000210
v 0.013762 0.021874 -0.000224
v 0.013760 0.021871 -0.000223
v 0.013780 0.021883 -0.000224
v 0.013781 0.021879 -0.000220
v 0.013774 0.021880 -0.000224
v 0.013783 0.021885 -0.000222
v 0.013709 0.021959 -0.000224
v 0.013708 0.021963 -0.000220
v 0.013715 0.021963 -0.000224
v 0.013706 0.021958 -0.000222
v 0.013791 0.021914 -0.000227
v 0.013794 0.021904 -0.000223
v 0.013801 0.021905 -0.000217
v 0.013678 0.021927 -0.000205
v 0.013675 0.021928 -0.000200
v 0.013676 0.021935 -0.000200
v 0.013678 0.021921 -0.000207
v 0.013675 0.021921 -0.000200
v 0.013728 0.021890 -0.000234
v 0.013724 0.021885 -0.000231
v 0.013721 0.021892 -0.000233
v 0.013732 0.021892 -0.000236
v 0.013728 0.021883 -0.000231
v 0.013748 0.021886 -0.000234
v 0.013747 0.021879 -0.000231
v 0.013741 0.021884 -0.000233
v 0.013751 0.021890 -0.000236
v 0.013752 0.021882 -0.000232
v 0.013772 0.021943 -0.000234
v 0.013778 0.021947 -0.000231
v 0.013767 0.021944 -0.000236
v 0.013775 0.021950 -0.000231
v 0.013710 0.021917 -0.000234
v 0.013703 0.021916 -0.000231
v 0.013705 0.021921 -0.000232
v 0.013713 0.021915 -0.000236
v 0.013709 0.021910 -0.000233
v 0.013713 0.021905 -0.000234
v 0.013707 0.021903 -0.000231
v 0.013718 0.021903 -0.000236
v 0.013710 0.021898 -0.000231
v 0.013726 0.021878 -0.000228
v 0.013734 0.021886 -0.000234
v 0.013731 0.021877 -0.000228
v 0.013706 0.021896 -0.000228
v 0.013716 0.021898 -0.000234
v 0.013709 0.021892 -0.000228
v 0.013791 0.021873 -0.000205
v 0.013794 0.021872 -0.000200
v 0.013789 0.021867 -0.000200
v 0.013791 0.021877 -0.000210
v 0.013783 0.021866 -0.000205
v 0.013784 0.021863 -0.000200
v 0.013778 0.021859 -0.000200
v 0.013786 0.021870 -0.000207
v 0.013789 0.021867 -0.000200
v 0.013718 0.021886 -0.000229
v 0.013715 0.021885 -0.000227
v 0.013715 0.021889 -0.000230
v 0.013719 0.021881 -0.000227
v 0.013703 0.021907 -0.000229
v 0.013742 0.021877 -0.000229
v 0.013740 0.021874 -0.000227
v 0.013738 0.021878 -0.000230
v 0.013746 0.021874 -0.000227
v 0.013700 0.021919 -0.000229
v 0.013699 0.021926 -0.000228
v 0.013739 0.021988 -0.000205
v 0.013738 0.021991 -0.000200
v 0.013745 0.021991 -0.000200
v 0.013751 0.021991 -0.000200
v 0.013758 0.021990 -0.000200
v 0.013745 0.021988 -0.000206
v 0.013745 0.021991 -0.000200
v 0.013783 0.021895 -0.000228
v 0.013786 0.021890 -0.000223
v 0.013780 0.021889 -0.000226
v 0.013788 0.021885 -0.000219
v 0.013788 0.021895 -0.000224
v 0.013790 0.021929 -0.000228
v 0.013796 0.021928 -0.000223
v 0.013794 0.021933 -0.000224
v 0.013707 0.021948 -0.000228
v 0.013703 0.021953 -0.000223
v 0.013709 0.021953 -0.000226
v 0.013701 0.021957 -0.000219
v 0.013701 0.021948 -0.000224
v 0.013757 0.021892 -0.000236
v 0.013809 0.021898 -0.000203
v 0.013809 0.021894 -0.000200
v 0.013768 0.021949 -0.000234
v 0.013723 0.021982 -0.000209
v 0.013716 0.021978 -0.000211
v 0.013789 0.021975 -0.000200
v 0.013794 0.021971 -0.000200
v 0.013781 0.021976 -0.000208
v 0.013784 0.021979 -0.000200
v 0.013712 0.021859 -0.000200
v 0.013718 0.021856 -0.000200
v 0.013683 0.021888 -0.000200
v 0.013686 0.021882 -0.000200
v 0.013774 0.021964 -0.000223
v 0.013778 0.021962 -0.000223
v 0.013767 0.021963 -0.000227
v 0.013769 0.021968 -0.000222
v 0.013713 0.021879 -0.000222
v 0.013709 0.021879 -0.000220
v 0.013709 0.021885 -0.000224
v 0.013741 0.021868 -0.000222
v 0.013738 0.021866 -0.000220
v 0.013735 0.021871 -0.000224
v 0.013763 0.021961 -0.000229
v 0.013768 0.021958 -0.000230
v 0.013760 0.021965 -0.000228
v 0.013765 0.021969 -0.000223
v 0.013740 0.021861 -0.000215
v 0.013737 0.021859 -0.000211
v 0.013704 0.021873 -0.000211
v 0.013713 0.021973 -0.000214
v 0.013715 0.021968 -0.000220
v 0.013709 0.021968 -0.000216
v 0.013746 0.021854 -0.000205
v 0.013745 0.021851 -0.000200
v 0.013741 0.021855 -0.000206
v 0.013753 0.021856 -0.000208
v 0.013751 0.021851 -0.000200
v 0.013727 0.021948 -0.000236
v 0.013732 0.021951 -0.000236
v 0.013683 0.021910 -0.000212
v 0.013687 0.021910 -0.000216
v 0.013684 0.021904 -0.000211
v 0.013678 0.021912 -0.000205
v 0.013675 0.021914 -0.000200
v 0.013680 0.021906 -0.000206
v 0.013676 0.021907 -0.000200
v 0.013815 0.021921 -0.000200
v 0.013814 0.021914 -0.000200
v 0.013810 0.021927 -0.000208
v 0.013814 0.021928 -0.000200
v 0.013787 0.021880 -0.000216
v 0.013698 0.021965 -0.000210
v 0.013702 0.021962 -0.000216
v 0.013762 0.021895 -0.000236
v 0.013725 0.021874 -0.000224
v 0.013720 0.021876 -0.000224
v 0.013702 0.021893 -0.000224
v 0.013762 0.021954 -0.000233
v 0.013718 0.021986 -0.000200
v 0.013724 0.021988 -0.000200
v 0.013711 0.021979 -0.000206
v 0.013768 0.021860 -0.000208
v 0.013758 0.021852 -0.000200
v 0.013770 0.021864 -0.000212
v 0.013688 0.021958 -0.000205
v 0.013686 0.021960 -0.000200
v 0.013691 0.021966 -0.000200
v 0.013683 0.021954 -0.000200
v 0.013695 0.021971 -0.000200
v 0.013700 0.021975 -0.000200
v 0.013801 0.021884 -0.000205
v 0.013803 0.021882 -0.000200
v 0.013799 0.021877 -0.000200
v 0.013806 0.021888 -0.000200
v 0.013705 0.021969 -0.000212
v 0.013709 0.021974 -0.000211
v 0.013675 0.021921 -0.000200
v 0.013675 0.021928 -0.000200
v 0.013730 0.021868 -0.000220
v 0.013703 0.021885 -0.000220
v 0.013745 0.021984 -0.000211
v 0.013813 0.021935 -0.000200
v 0.013814 0.021928 -0.000200
v 0.013749 0.021959 -0.000233
v 0.013753 0.021966 -0.000229
v 0.013755 0.021959 -0.000232
v 0.013745 0.021959 -0.000233
v 0.013745 0.021965 -0.000230
v 0.013740 0.021959 -0.000233
v 0.013737 0.021966 -0.000229
v 0.013738 0.021952 -0.000236
v 0.013778 0.021983 -0.000200
v 0.013784 0.021979 -0.000200
v 0.013806 0.021954 -0.000200
v 0.013809 0.021948 -0.000200
v 0.013798 0.021960 -0.000207
v 0.013803 0.021960 -0.000200
v 0.013775 0.021862 -0.000206
v 0.013778 0.021859 -0.000200
v 0.013771 0.021856 -0.000200
v 0.013678 0.021941 -0.000200
v 0.013680 0.021948 -0.000200
v 0.013680 0.021932 -0.000208
v 0.013676 0.021935 -0.000200
v 0.013724 0.021988 -0.000200
v 0.013731 0.021990 -0.000200
v 0.013712 0.021983 -0.000200
v 0.013718 0.021986 -0.000200
v 0.013705 0.021975 -0.000206
v 0.013706 0.021979 -0.000200
v 0.013794 0.021971 -0.000200
v 0.013723 0.021864 -0.000214
v 0.013718 0.021865 -0.000213
v 0.013695 0.021886 -0.000214
v 0.013691 0.021890 -0.000213
v 0.013746 0.021865 -0.000220
v 0.013784 0.021979 -0.000200
v 0.013789 0.021975 -0.000200
v 0.013803 0.021960 -0.000200
v 0.013806 0.021954 -0.000200
v 0.013799 0.021966 -0.000200
v 0.013713 0.021921 -0.000236
v 0.013771 0.021856 -0.000200
v 0.013765 0.021854 -0.000200
v 0.013676 0.021935 -0.000200
v 0.013678 0.021941 -0.000200
v 0.013739 0.021971 -0.000224
v 0.013732 0.021972 -0.000223
v 0.013750 0.021971 -0.000224
v 0.013745 0.021970 -0.000226
v 0.013745 0.021851 -0.000200
v 0.013738 0.021851 -0.000200
v 0.013706 0.021863 -0.000200
v 0.013700 0.021867 -0.000200
v 0.013680 0.021894 -0.000200
v 0.013678 0.021901 -0.000200
v 0.013814 0.021914 -0.000200
v 0.013813 0.021907 -0.000200
v 0.013808 0.021919 -0.000211
v 0.013813 0.021907 -0.000200
v 0.013812 0.021901 -0.000200
v 0.013794 0.021872 -0.000200
v 0.013691 0.021966 -0.000200
v 0.013695 0.021971 -0.000200
v 0.013762 0.021948 -0.000236
v 0.013738 0.021890 -0.000236
v 0.013722 0.021899 -0.000236
v 0.013712 0.021859 -0.000200
v 0.013706 0.021863 -0.000200
v 0.013683 0.021888 -0.000200
v 0.013680 0.021894 -0.000200
v 0.013765 0.021988 -0.000200
v 0.013771 0.021986 -0.000200
v 0.013729 0.021965 -0.000228
v 0.013812 0.021941 -0.000200
v 0.013813 0.021935 -0.000200
v 0.013683 0.021954 -0.000200
v 0.013686 0.021960 -0.000200
v 0.013789 0.021867 -0.000200
v 0.013784 0.021863 -0.000200
v 0.013806 0.021888 -0.000200
v 0.013803 0.021882 -0.000200
v 0.013715 0.021909 -0.000236
v 0.013757 0.021951 -0.000236
v 0.013745 0.021889 -0.000236
v 0.013727 0.021895 -0.000236
v 0.013814 0.021928 -0.000200
v 0.013815 0.021921 -0.000200
v 0.013786 0.021913 -0.000231
v 0.013751 0.021851 -0.000200
v 0.013745 0.021851 -0.000200
v 0.013706 0.021979 -0.000200
v 0.013712 0.021983 -0.000200
v 0.013695 0.021872 -0.000200
v 0.013691 0.021877 -0.000200
v 0.013700 0.021867 -0.000200
v 0.013695 0.021872 -0.000200
v 0.013731 0.021852 -0.000200
v 0.013724 0.021854 -0.000200
v 0.013738 0.021851 -0.000200
v 0.013731 0.021852 -0.000200
v 0.013676 0.021907 -0.000200
v 0.013675 0.021914 -0.000200
v 0.013678 0.021901 -0.000200
v 0.013676 0.021907 -0.000200
v 0.013771 0.021986 -0.000200
v 0.013778 0.021983 -0.000200
v 0.013738 0.021991 -0.000200
v 0.013765 0.021988 -0.000200
v 0.013778 0.021859 -0.000200
v 0.013812 0.021941 -0.000200
v 0.013683 0.021954 -0.000200
v 0.013675 0.021914 -0.000200
v 0.013675 0.021921 -0.000200
v 0.013799 0.021966 -0.000200
v 0.013803 0.021960 -0.000200
v 0.013809 0.021894 -0.000200
v 0.013806 0.021888 -0.000200
v 0.013718 0.021856 -0.000200
v 0.013712 0.021859 -0.000200
v 0.013724 0.021854 -0.000200
v 0.013718 0.021856 -0.000200
v 0.013686 0.021882 -0.000200
v 0.013683 0.021888 -0.000200
v 0.013691 0.021877 -0.000200
v 0.013686 0.021882 -0.000200
v 0.013758 0.021852 -0.000200
v 0.013751 0.021851 -0.000200
v 0.013789 0.021867 -0.000200
v 0.013799 0.021877 -0.000200
v 0.013814 0.021928 -0.000200
v 0.013700 0.021975 -0.000200
v 0.013691 0.021966 -0.000200
v 0.013751 0.021952 -0.000236
v 0.013745 0.021953 -0.000236
v 0.013794 0.021971 -0.000200
v 0.013712 0.021983 -0.000200
v 0.013738 0.021851 -0.000200
v 0.013700 0.021867 -0.000200
v 0.013678 0.021901 -0.000200
v 0.013765 0.021854 -0.000200
v 0.013784 0.021979 -0.000200
v 0.013812 0.021901 -0.000200
v 0.013765 0.021988 -0.000200
v 0.013676 0.021935 -0.000200
v 0.013812 0.021901 -0.000200
v 0.013809 0.021894 -0.000200
v 0.013771 0.021856 -0.000200
v 0.013765 0.021854 -0.000200
v 0.013758 0.021852 -0.000200
v 0.013731 0.021852 -0.000200
v 0.013806 0.021954 -0.000200
v 0.013751 0.021991 -0.000200
v 0.013700 0.021975 -0.000200
v 0.013706 0.021979 -0.000200
v 0.013678 0.021941 -0.000200
v 0.013695 0.021872 -0.000200
v 0.013813 0.021907 -0.000200
v 0.013794 0.021971 -0.000200
v 0.013799 0.021966 -0.000200
v 0.013751 0.021991 -0.000200
v 0.013745 0.021991 -0.000200
v 0.013745 0.021991 -0.000200
v 0.013770 0.021907 -0.000203
v 0.013745 0.021892 -0.000203
v 0.013770 0.021936 -0.000203
v 0.013720 0.021936 -0.000203
v 0.013745 0.021950 -0.000203
v 0.013720 0.021907 -0.000203
v 0.013745 0.021950 -0.000236
v 0.013745 0.021950 -0.000203
v 0.013720 0.021936 -0.000236
v 0.013745 0.021950 -0.000203
v 0.013720 0.021936 -0.000203
v 0.013770 0.021936 -0.000236
v 0.013770 0.021936 -0.000203
v 0.013745 0.021950 -0.000236
v 0.013770 0.021936 -0.000203
v 0.013745 0.021950 -0.000203
v 0.013745 0.021950 -0.000236
v 0.013770 0.021907 -0.000236
v 0.013770 0.021907 -0.000203
v 0.013770 0.021936 -0.000236
v 0.013770 0.021907 -0.000203
v 0.013770 0.021936 -0.000203
v 0.013770 0.021936 -0.000236
v 0.013745 0.021892 -0.000236
v 0.013745 0.021892 -0.000203
v 0.013770 0.021907 -0.000236
v 0.013745 0.021892 -0.000203
v 0.013770 0.021907 -0.000203
v 0.013770 0.021907 -0.000236
v 0.013720 0.021907 -0.000236
v 0.013720 0.021907 -0.000203
v 0.013745 0.021892 -0.000236
v 0.013720 0.021907 -0.000203
v 0.013745 0.021892 -0.000203
v 0.013745 0.021892 -0.000236
v 0.013720 0.021936 -0.000236
v 0.013720 0.021936 -0.000203
v 0.013720 0.021907 -0.000236
v 0.013720 0.021936 -0.000203
v 0.013720 0.021907 -0.000203
v 0.013720 0.021907 -0.000236
v 0.013720 0.021907 -0.000236
v 0.013745 0.021892 -0.000236
v 0.013745 0.021892 -0.000236
v 0.013770 0.021907 -0.000236
v 0.013770 0.021936 -0.000236
v 0.013745 0.021950 -0.000236
v 0.013745 0.021950 -0.000236
v 0.013720 0.021936 -0.000236
v 0.013720 0.021936 -0.000236
v 0.013720 0.021936 -0.000236
v 0.013720 0.021907 -0.000236
v 0.013745 0.021950 -0.000236
v 0.013745 0.021950 -0.000236
v 0.013745 0.021950 -0.000236
v 0.013770 0.021936 -0.000236
v 0.013770 0.021936 -0.000236
v 0.013770 0.021936 -0.000236
v 0.013770 0.021936 -0.000236
v 0.013770 0.021936 -0.000236
v 0.013770 0.021907 -0.000236
v 0.013770 0.021936 -0.000236
v 0.013770 0.021907 -0.000236
v 0.013770 0.021907 -0.000236
v 0.013770 0.021907 -0.000236
v 0.013770 0.021907 -0.000236
v 0.013745 0.021892 -0.000236
v 0.013745 0.021892 -0.000236
v 0.013745 0.021892 -0.000236
v 0.013745 0.021892 -0.000236
v 0.013720 0.021907 -0.000236
v 0.013720 0.021907 -0.000236
v 0.013745 0.021892 -0.000236
v 0.013720 0.021907 -0.000236
v 0.013720 0.021907 -0.000236
v 0.013720 0.021907 -0.000236
v 0.013745 0.021950 -0.000236
v 0.013720 0.021936 -0.000236
v 0.013720 0.021936 -0.000236
v 0.013720 0.021936 -0.000236
v 0.013720 0.021936 -0.000236
v 0.013745 0.021950 -0.000236
v 0.013745 0.021950 -0.000236
v 0.013770 0.021907 -0.000236
v 0.013745 0.021892 -0.000236
vn 0.0980 0.9952 -0.0000
vn -0.0000 1.0000 -0.0000
vn 0.1951 0.9808 -0.0000
vn 0.2903 0.9569 -0.0000
vn 0.3827 0.9239 -0.0000
vn 0.4714 0.8819 -0.0000
vn 0.5556 0.8314 -0.0000
vn 0.6344 0.7730 -0.0000
vn 0.7071 0.7071 -0.0000
vn 0.7730 0.6345 -0.0000
vn 0.7731 0.6343 -0.0000
vn 0.8315 0.5555 -0.0000
vn 0.8315 0.5556 -0.0000
vn 0.8819 0.4714 -0.0000
vn 0.9239 0.3827 -0.0000
vn 0.9569 0.2903 -0.0000
vn 0.9808 0.1951 -0.0000
vn 0.9952 0.0980 -0.0000
vn 1.0000 0.0001 -0.0000
vn 1.0000 -0.0001 -0.0000
vn 0.9952 -0.0980 -0.0000
vn 0.9808 -0.1951 -0.0000
vn 0.9569 -0.2903 -0.0000
vn 0.9239 -0.3827 -0.0000
vn 0.8819 -0.4714 -0.0000
vn 0.8315 -0.5556 -0.0000
vn 0.7071 -0.7071 -0.0000
vn 0.7730 -0.6344 -0.0000
vn 0.7072 -0.7071 -0.0000
vn 0.6344 -0.7730 -0.0000
vn 0.5556 -0.8314 -0.0000
vn 0.5556 -0.8315 -0.0000
vn 0.4714 -0.8819 -0.0000
vn 0.3827 -0.9239 -0.0000
vn 0.2903 -0.9569 -0.0000
vn 0.1951 -0.9808 -0.0000
vn 0.0980 -0.9952 -0.0000
vn -0.0000 -1.0000 -0.0000
vn -0.0980 -0.9952 -0.0000
vn -0.1951 -0.9808 -0.0000
vn -0.2903 -0.9569 -0.0000
vn -0.3826 -0.9239 -0.0000
vn -0.4714 -0.8819 -0.0000
vn -0.5555 -0.8315 -0.0000
vn -0.6343 -0.7731 -0.0000
vn -0.7071 -0.7071 -0.0000
vn -0.7730 -0.6344 -0.0000
vn -0.8314 -0.5556 -0.0000
vn -0.8315 -0.5556 -0.0000
vn -0.8819 -0.4714 -0.0000
vn -0.9239 -0.3827 -0.0000
vn -0.9569 -0.2903 -0.0000
vn -0.9808 -0.1951 -0.0000
vn -0.9952 -0.0980 -0.0000
vn -1.0000 -0.0000 -0.0000
vn -0.9952 0.0980 -0.0000
vn -0.9808 0.1951 -0.0000
vn -0.9569 0.2903 -0.0000
vn -0.9239 0.3827 -0.0000
vn -0.8819 0.4714 -0.0000
vn -0.8315 0.5556 -0.0000
vn -0.7730 0.6344 -0.0000
vn -0.7071 0.7071 -0.0000
vn -0.6344 0.7730 -0.0000
vn -0.5555 0.8315 -0.0000
vn -0.4714 0.8819 -0.0000
vn -0.3828 0.9238 -0.0000
vn -0.3827 0.9239 -0.0000
vn -0.2903 0.9569 -0.0000
vn -0.0980 0.9952 -0.0000
vn -0.1951 0.9808 -0.0000
vn 0.3826 0.9239 -0.0000
vn 0.5555 0.8315 -0.0000
vn 0.5556 0.8315 -0.0000
vn 0.7730 0.6344 -0.0000
vn 0.9238 0.3828 -0.0000
vn 1.0000 -0.0000 -0.0000
vn 0.9952 -0.0981 -0.0000
vn 0.8819 -0.4715 -0.0000
vn 0.8316 -0.5554 -0.0000
vn 0.8315 -0.5555 -0.0000
vn 0.7731 -0.6343 -0.0000
vn 0.5555 -0.8315 -0.0000
vn -0.3827 -0.9239 -0.0000
vn -0.6344 -0.7730 -0.0000
vn -0.7731 -0.6343 -0.0000
vn -0.8820 -0.4713 -0.0000
vn -0.9569 -0.2904 -0.0000
vn -0.5556 0.8315 -0.0000
vn -0.7072 0.7070 -0.0000
vn -0.7070 0.7072 -0.0000
vn -0.8315 0.5555 -0.0000
vn -0.9952 0.0981 -0.0000
vn -0.0000 -0.0000 1.0000
vn 0.4715 0.8819 -0.0000
vn 0.9808 0.1950 -0.0000
vn 0.9808 -0.1950 -0.0000
vn 0.8316 -0.5553 -0.0000
vn 0.7068 -0.7074 -0.0000
vn -0.7073 -0.7069 -0.0000
vn -0.7070 -0.7072 -0.0000
vn -0.8819 -0.4715 -0.0000
vn -0.8316 -0.5553 -0.0000
vn -0.5552 0.8317 -0.0000
vn -0.7068 0.7074 -0.0000
vn -0.8316 0.5554 -0.0000
vn -0.9569 0.2904 -0.0000
vn -0.9808 0.1950 -0.0000
vn -0.9808 -0.1950 -0.0000
vn -0.8819 -0.4713 -0.0000
vn 0.7073 -0.7069 -0.0000
vn 0.0693 0.7037 0.7071
vn 0.1379 0.6935 0.7071
vn 0.1380 0.6935 0.7071
vn 0.2052 0.6767 0.7071
vn 0.2053 0.6766 0.7071
vn 0.2706 0.6533 0.7071
vn 0.2053 0.6767 0.7071
vn 0.3333 0.6236 0.7071
vn 0.3928 0.5879 0.7071
vn 0.4486 0.5466 0.7071
vn 0.3929 0.5879 0.7071
vn 0.5000 0.5000 0.7071
vn 0.5466 0.4486 0.7071
vn 0.5879 0.3929 0.7071
vn 0.6533 0.2706 0.7071
vn 0.6236 0.3333 0.7071
vn 0.5880 0.3928 0.7071
vn 0.6767 0.2053 0.7071
vn 0.6935 0.1380 0.7071
vn 0.6766 0.2053 0.7071
vn 0.6935 0.1379 0.7071
vn 0.7037 0.0693 0.7071
vn 0.7071 -0.0000 0.7071
vn 0.7037 -0.0693 0.7071
vn 0.6935 -0.1379 0.7071
vn 0.6935 -0.1380 0.7071
vn 0.6767 -0.2052 0.7071
vn 0.6766 -0.2053 0.7071
vn 0.6533 -0.2706 0.7071
vn 0.6767 -0.2053 0.7071
vn 0.6236 -0.3333 0.7071
vn 0.5879 -0.3928 0.7071
vn 0.5466 -0.4486 0.7071
vn 0.5880 -0.3928 0.7071
vn 0.5879 -0.3929 0.7071
vn 0.5000 -0.5000 0.7071
vn 0.4486 -0.5466 0.7071
vn 0.3929 -0.5879 0.7071
vn 0.2706 -0.6533 0.7071
vn 0.3333 -0.6236 0.7071
vn 0.3928 -0.5879 0.7071
vn 0.2053 -0.6767 0.7071
vn 0.1380 -0.6935 0.7071
vn 0.2053 -0.6766 0.7071
vn 0.1379 -0.6935 0.7071
vn 0.0693 -0.7037 0.7071
vn -0.0000 -0.7071 0.7071
vn -0.0000 -0.7070 0.7072
vn -0.1379 -0.6935 0.7071
vn -0.0693 -0.7037 0.7071
vn -0.1380 -0.6935 0.7071
vn -0.2052 -0.6767 0.7071
vn -0.2053 -0.6766 0.7071
vn -0.2706 -0.6533 0.7071
vn -0.3333 -0.6236 0.7071
vn -0.3928 -0.5879 0.7071
vn -0.4486 -0.5466 0.7071
vn -0.3929 -0.5879 0.7071
vn -0.5000 -0.5000 0.7071
vn -0.5466 -0.4486 0.7071
vn -0.5879 -0.3929 0.7071
vn -0.6236 -0.3333 0.7071
vn -0.5879 -0.3928 0.7071
vn -0.5879 -0.3928 0.7072
vn -0.6533 -0.2706 0.7071
vn -0.6767 -0.2053 0.7071
vn -0.6935 -0.1380 0.7071
vn -0.6767 -0.2052 0.7071
vn -0.6935 -0.1379 0.7071
vn -0.7037 -0.0693 0.7071
vn -0.7069 -0.0000 0.7073
vn -0.7071 -0.0000 0.7071
vn -0.6935 0.1379 0.7071
vn -0.7037 0.0693 0.7071
vn -0.6533 0.2706 0.7071
vn -0.6237 0.3333 0.7071
vn -0.5466 0.4486 0.7071
vn -0.5879 0.3929 0.7071
vn -0.5000 0.5000 0.7071
vn -0.1380 0.6935 0.7071
vn -0.2053 0.6766 0.7071
vn -0.2706 0.6533 0.7071
vn -0.2053 0.6767 0.7071
vn -0.0693 0.7037 0.7071
vn -0.1379 0.6935 0.7071
vn -0.0000 0.7073 0.7069
vn -0.0000 0.7071 0.7071
vn -0.2052 0.6767 0.7071
vn -0.3929 0.5879 0.7071
vn -0.4486 0.5466 0.7071
vn -0.3333 0.6236 0.7071
vn -0.3928 0.5879 0.7071
vn -0.5879 0.3928 0.7071
vn -0.6236 0.3333 0.7071
vn -0.6767 0.2054 0.7071
vn -0.6766 0.2053 0.7071
vn -0.6935 0.1380 0.7071
vn -0.6767 0.2052 0.7071
vn -0.7070 -0.0000 0.7072
vn -0.6766 -0.2053 0.7071
vn -0.2053 -0.6767 0.7071
vn 0.2052 -0.6767 0.7071
vn 0.3928 -0.5880 0.7071
vn 0.6767 0.2052 0.7071
vn 0.5879 0.3930 0.7071
vn 0.5879 0.3928 0.7071
vn 0.7279 0.1875 -0.6596
vn 0.6878 0.1551 -0.7091
vn 0.6692 0.2092 -0.7130
vn 0.7785 0.1637 -0.6060
vn 0.7624 0.0918 -0.6406
vn 0.1967 -0.4205 -0.8857
vn 0.1998 -0.4824 -0.8528
vn 0.1496 -0.4459 -0.8825
vn 0.2410 -0.4139 -0.8778
vn -0.4508 0.1109 -0.8857
vn -0.5122 0.1019 -0.8528
vn -0.4530 0.1556 -0.8778
vn -0.3814 0.0759 -0.9213
vn -0.4665 0.0597 -0.8825
vn 0.6963 0.0103 -0.7177
vn 0.6394 -0.0103 -0.7688
vn 0.6038 0.0329 -0.7965
vn 0.7312 -0.0275 -0.6816
vn 0.6745 -0.0752 -0.7345
vn -0.4267 0.1977 -0.8825
vn -0.4802 0.2051 -0.8528
vn -0.4348 0.2406 -0.8678
vn -0.3593 0.1488 -0.9213
vn -0.2772 0.3799 -0.8825
vn -0.2948 0.4310 -0.8528
vn -0.2437 0.4136 -0.8772
vn -0.3208 0.3795 -0.8678
vn 0.4267 -0.1977 -0.8825
vn 0.4802 -0.2051 -0.8528
vn 0.4348 -0.2406 -0.8678
vn 0.3592 -0.1489 -0.9213
vn 0.4535 -0.1539 -0.8779
vn 0.2772 -0.3799 -0.8825
vn 0.2948 -0.4310 -0.8528
vn 0.3208 -0.3795 -0.8678
vn 0.4513 -0.1087 -0.8857
vn 0.3814 -0.0759 -0.9213
vn 0.4952 -0.0415 -0.8678
vn 0.6055 0.4381 -0.6644
vn 0.5773 0.4073 -0.7077
vn 0.5648 0.4728 -0.6764
vn 0.6709 0.4274 -0.6060
vn 0.6180 0.3661 -0.6957
vn -0.2722 0.8225 -0.4993
vn -0.2605 0.8587 -0.4414
vn -0.2215 0.8227 -0.5235
vn -0.3308 0.7797 -0.5316
vn -0.3434 0.8291 -0.4413
vn 0.5443 0.6029 -0.5833
vn 0.5895 0.6133 -0.5257
vn 0.6291 0.5530 -0.5463
vn 0.4981 0.6395 -0.5856
vn 0.5430 0.6712 -0.5046
vn 0.2067 0.6824 -0.7012
vn 0.1971 0.7356 -0.6481
vn 0.2562 0.7238 -0.6407
vn 0.1644 0.6414 -0.7494
vn 0.1234 0.7149 -0.6882
vn 0.3178 -0.4949 -0.8088
vn 0.3783 -0.4314 -0.8190
vn 0.2806 -0.5250 -0.8035
vn -0.5474 0.2151 -0.8087
vn -0.5696 0.1728 -0.8035
vn -0.5863 0.2655 -0.7653
vn -0.4969 0.2869 -0.8190
vn 0.5474 -0.2152 -0.8087
vn 0.5696 -0.1728 -0.8035
vn 0.5863 -0.2657 -0.7653
vn 0.4969 -0.2869 -0.8190
vn 0.5392 0.2349 -0.8087
vn 0.4846 0.1946 -0.8528
vn 0.4535 0.2421 -0.8577
vn 0.6024 0.2267 -0.7653
vn 0.5542 0.1485 -0.8190
vn -0.3178 0.4949 -0.8088
vn -0.3783 0.4314 -0.8190
vn -0.2806 0.5250 -0.8035
vn -0.7412 0.1171 -0.6610
vn -0.6962 0.1201 -0.7077
vn -0.7431 0.0605 -0.6665
vn -0.7767 0.1722 -0.6059
vn -0.7008 0.1992 -0.6850
vn 0.2595 -0.7041 -0.6610
vn 0.2537 -0.6594 -0.7077
vn 0.3105 -0.6477 -0.6957
vn 0.2042 -0.7170 -0.6664
vn -0.2002 0.4205 -0.8849
vn -0.2085 0.4824 -0.8508
vn -0.1343 0.4671 -0.8740
vn -0.1742 0.8421 -0.5104
vn -0.1750 0.8801 -0.4413
vn -0.0880 0.8930 -0.4413
vn -0.1742 0.8420 -0.5105
vn -0.2605 0.8587 -0.4413
vn -0.0675 0.7245 -0.6860
vn -0.0827 0.7640 -0.6399
vn -0.0000 0.7486 -0.6630
vn -0.1234 0.7149 -0.6882
vn 0.0675 0.7245 -0.6859
vn 0.0827 0.7640 -0.6399
vn -0.0000 0.6864 -0.7272
vn -0.2055 -0.7556 -0.6220
vn -0.1949 -0.7962 -0.5728
vn -0.2979 -0.7915 -0.5336
vn -0.1465 -0.7363 -0.6606
vn -0.5906 -0.5141 -0.6220
vn -0.6044 -0.5538 -0.5727
vn -0.6875 -0.4926 -0.5336
vn -0.5309 -0.5309 -0.6606
vn 0.8653 -0.0579 -0.4980
vn 0.8931 -0.0880 -0.4413
vn 0.8448 -0.1046 -0.5247
vn 0.8500 0.0178 -0.5264
vn 0.8973 -0.0000 -0.4413
vn 0.5250 0.2806 -0.8035
vn 0.4103 0.2470 -0.8779
vn 0.4844 0.3386 -0.8066
vn 0.4203 0.1972 -0.8857
vn 0.3592 0.1488 -0.9213
vn 0.3234 0.2161 -0.9213
vn 0.4775 0.1373 -0.8678
vn 0.4565 0.4417 -0.7723
vn 0.4308 0.3941 -0.8118
vn 0.3640 0.4436 -0.8190
vn 0.5050 0.4123 -0.7583
vn 0.3238 0.6945 -0.6425
vn 0.3216 0.6556 -0.6832
vn 0.2572 0.6636 -0.7025
vn 0.3919 0.6960 -0.6016
vn 0.7610 -0.2327 -0.6056
vn 0.7713 -0.2776 -0.5727
vn 0.7216 -0.2712 -0.6370
vn 0.7818 -0.1467 -0.6060
vn 0.8159 -0.2017 -0.5418
vn 0.1210 -0.6210 -0.7744
vn 0.1103 -0.5653 -0.8175
vn 0.1665 -0.5491 -0.8190
vn 0.0639 -0.6488 -0.7583
vn 0.0822 -0.7319 -0.6764
vn 0.0833 -0.7806 -0.6194
vn -0.0000 -0.7955 -0.6060
vn 0.1394 -0.7010 -0.6994
vn 0.1685 -0.7623 -0.6249
vn 0.7253 -0.0985 -0.6814
vn 0.6506 -0.1196 -0.7499
vn 0.6485 -0.5738 -0.5002
vn 0.6937 -0.5693 -0.4413
vn 0.6346 -0.6345 -0.4413
vn 0.6561 -0.5253 -0.5418
vn 0.1792 -0.8208 -0.5424
vn 0.2183 -0.8431 -0.4915
vn 0.1751 -0.8801 -0.4413
vn 0.2152 -0.7804 -0.5871
vn 0.4748 -0.6361 -0.6082
vn 0.4571 -0.5956 -0.6606
vn 0.5305 -0.6094 -0.5892
vn 0.4303 -0.6977 -0.5727
vn 0.3748 -0.6779 -0.6324
vn -0.6273 0.5980 -0.4989
vn -0.6345 0.6345 -0.4413
vn -0.5834 0.6305 -0.5119
vn -0.6561 0.5253 -0.5418
vn -0.6937 0.5693 -0.4413
vn -0.4725 -0.7203 -0.5079
vn -0.4986 -0.7461 -0.4413
vn -0.5112 -0.6815 -0.5236
vn -0.4049 -0.7255 -0.5565
vn -0.3764 -0.7726 -0.5113
vn -0.7930 -0.3364 -0.5079
vn -0.8290 -0.3434 -0.4413
vn -0.8037 -0.2826 -0.5236
vn -0.7397 -0.3783 -0.5566
vn -0.7422 -0.4333 -0.5113
vn -0.3043 0.5729 -0.7611
vn -0.2560 0.5844 -0.7700
vn 0.6049 0.5007 -0.6192
vn 0.5054 0.5054 -0.6993
vn 0.5403 0.5510 -0.6360
vn 0.6066 -0.4236 -0.6727
vn 0.6662 -0.4347 -0.6060
vn 0.6027 -0.5090 -0.6145
vn 0.5961 -0.3767 -0.7091
vn 0.6734 -0.3320 -0.6606
vn -0.6066 0.4236 -0.6727
vn -0.6662 0.4347 -0.6060
vn -0.6027 0.5090 -0.6145
vn -0.5961 0.3767 -0.7091
vn -0.6734 0.3321 -0.6605
vn 0.6212 -0.3253 -0.7130
vn 0.6764 -0.2727 -0.6842
vn 0.7109 0.2413 -0.6606
vn 0.6366 0.2950 -0.7125
vn -0.6212 0.3253 -0.7130
vn -0.6587 0.2416 -0.7125
vn 0.7748 -0.0907 -0.6257
vn -0.6616 0.1846 -0.7268
vn -0.6160 0.1171 -0.7790
vn 0.1786 0.8408 -0.5110
vn 0.1751 0.8801 -0.4413
vn 0.2605 0.8587 -0.4413
vn 0.1256 0.8162 -0.5640
vn 0.0719 0.8577 -0.5091
vn -0.3896 0.3883 -0.8351
vn -0.3359 0.3255 -0.8839
vn -0.4083 0.3133 -0.8574
vn 0.5500 0.0009 -0.8351
vn 0.4676 0.0074 -0.8839
vn 0.5102 0.0672 -0.8574
vn 0.5726 -0.0375 -0.8190
vn 0.3896 -0.3883 -0.8351
vn 0.3359 -0.3255 -0.8839
vn 0.4083 -0.3133 -0.8574
vn -0.7380 0.2353 -0.6324
vn 0.8410 0.1916 -0.5060
vn 0.8801 0.1751 -0.4413
vn 0.8346 0.1392 -0.5330
vn 0.8004 0.2566 -0.5418
vn 0.8587 0.2605 -0.4414
vn -0.7740 0.0165 -0.6330
vn -0.8073 0.0589 -0.5872
vn -0.7622 -0.0688 -0.6436
vn -0.8219 -0.0609 -0.5663
vn 0.7173 -0.3287 -0.6144
vn 0.7488 -0.3818 -0.5418
vn -0.6546 -0.1236 -0.7458
vn -0.6078 -0.0868 -0.7893
vn -0.5696 -0.1728 -0.8035
vn -0.6909 -0.0782 -0.7187
vn 0.7114 0.0701 -0.6993
vn 0.7888 0.0424 -0.6132
vn -0.6152 -0.2470 -0.7487
vn -0.5410 -0.2381 -0.8066
vn -0.5749 -0.3073 -0.7583
vn -0.6551 -0.2065 -0.7268
vn -0.2750 0.2750 -0.9213
vn -0.3234 0.2161 -0.9213
vn 0.3889 -0.0000 -0.9213
vn 0.3814 0.0759 -0.9213
vn 0.2750 -0.2750 -0.9213
vn 0.3234 -0.2161 -0.9213
vn 0.2974 0.8059 -0.5120
vn 0.3125 0.7624 -0.5667
vn 0.2342 0.8181 -0.5252
vn 0.3434 0.8291 -0.4413
vn 0.4018 0.7547 -0.5186
vn 0.3023 -0.5971 -0.7430
vn 0.3655 -0.5990 -0.7125
vn 0.5831 0.3285 -0.7430
vn 0.6883 0.3555 -0.6324
vn -0.7320 0.3356 -0.5929
vn -0.7474 0.3845 -0.5418
vn 0.7549 0.2803 -0.5929
vn -0.1825 0.7941 -0.5797
vn -0.1971 0.7356 -0.6481
vn -0.2559 0.7305 -0.6332
vn -0.1256 0.8162 -0.5640
vn -0.3872 -0.6596 -0.6442
vn -0.3731 -0.6000 -0.7077
vn -0.2736 -0.6604 -0.6993
vn -0.4419 -0.6614 -0.6060
vn -0.4766 -0.6027 -0.6400
vn -0.6884 -0.3333 -0.6442
vn -0.6435 -0.2916 -0.7077
vn -0.5943 -0.3971 -0.6993
vn -0.7349 -0.3044 -0.6060
vn -0.7243 -0.2429 -0.6452
vn 0.4255 0.6278 -0.6517
vn 0.3975 0.5857 -0.7064
vn 0.4798 0.5958 -0.6441
vn 0.7942 0.3148 -0.5197
vn 0.8291 0.3434 -0.4413
vn 0.8587 0.2605 -0.4413
vn 0.7943 0.3148 -0.5197
vn 0.7455 0.3410 -0.5727
vn 0.7450 0.4219 -0.5166
vn -0.7842 0.3390 -0.5197
vn -0.8291 0.3434 -0.4413
vn -0.7914 0.4230 -0.4413
vn -0.7682 0.2860 -0.5728
vn -0.8222 0.2285 -0.5214
vn -0.6530 0.0753 -0.7536
vn -0.6362 -0.0092 -0.7715
vn -0.7148 -0.0000 -0.6993
vn -0.6291 -0.5850 -0.5119
vn -0.5845 -0.6241 -0.5186
vn -0.6937 -0.5693 -0.4413
vn -0.1981 -0.8359 -0.5119
vn -0.1393 -0.8436 -0.5186
vn -0.2605 -0.8587 -0.4413
vn -0.2169 0.6849 -0.6956
vn -0.2883 0.6685 -0.6856
vn 0.1865 0.7928 -0.5803
vn 0.2186 -0.5992 -0.7702
vn 0.1883 -0.6403 -0.7447
vn 0.4459 -0.4772 -0.7572
vn 0.4645 -0.5296 -0.7098
vn 0.3750 -0.5233 -0.7652
vn 0.4918 -0.4640 -0.7368
vn -0.4459 0.4772 -0.7572
vn -0.4645 0.5296 -0.7098
vn -0.3749 0.5232 -0.7653
vn -0.4918 0.4640 -0.7368
vn 0.5813 -0.0844 -0.8093
vn 0.6252 -0.2153 -0.7502
vn 0.7106 -0.2006 -0.6744
vn -0.8583 0.0746 -0.5077
vn -0.8930 0.0880 -0.4414
vn -0.8801 0.1750 -0.4414
vn -0.8461 -0.0003 -0.5330
vn -0.8974 -0.0000 -0.4413
vn -0.2090 -0.3809 -0.9007
vn -0.2611 -0.4522 -0.8528
vn -0.2923 -0.3562 -0.8875
vn -0.1488 -0.3592 -0.9213
vn -0.2061 -0.4777 -0.8540
vn 0.0379 -0.4328 -0.9007
vn 0.0342 -0.5211 -0.8528
vn -0.0452 -0.4585 -0.8875
vn 0.0759 -0.3814 -0.9213
vn 0.0916 -0.4884 -0.8678
vn 0.3388 0.2719 -0.9007
vn 0.4143 0.3179 -0.8528
vn 0.2750 0.2750 -0.9213
vn 0.3775 0.3586 -0.8538
vn -0.4319 -0.0473 -0.9007
vn -0.5177 -0.0682 -0.8528
vn -0.4969 -0.0054 -0.8678
vn -0.3814 -0.0759 -0.9213
vn -0.4409 -0.1338 -0.8875
vn -0.3854 -0.2006 -0.9007
vn -0.4683 -0.2310 -0.8528
vn -0.3233 -0.2161 -0.9213
vn -0.4368 -0.2827 -0.8540
vn -0.2289 -0.5359 -0.8126
vn -0.1315 -0.4334 -0.8915
vn -0.1666 -0.5491 -0.8190
vn -0.4881 -0.3185 -0.8126
vn -0.3501 -0.2873 -0.8916
vn -0.4435 -0.3640 -0.8190
vn 0.5902 -0.6210 -0.5158
vn 0.6345 -0.6346 -0.4413
vn 0.5693 -0.6937 -0.4413
vn 0.5942 -0.5647 -0.5727
vn 0.4897 -0.7030 -0.5158
vn 0.4985 -0.7461 -0.4413
vn 0.4230 -0.7914 -0.4413
vn 0.5355 -0.6573 -0.5303
vn -0.3319 -0.4392 -0.8348
vn -0.3777 -0.4601 -0.8035
vn -0.3723 -0.3974 -0.8387
vn -0.3176 -0.4985 -0.8066
vn -0.5200 -0.1807 -0.8348
vn -0.0320 -0.5496 -0.8348
vn -0.0584 -0.5924 -0.8035
vn -0.0887 -0.5373 -0.8387
vn 0.0129 -0.5909 -0.8066
vn -0.5525 -0.0288 -0.8330
vn -0.5711 0.0562 -0.8190
vn -0.0719 0.8577 -0.5091
vn -0.0000 0.8974 -0.4413
vn 0.0880 0.8930 -0.4413
vn -0.0000 0.8545 -0.5195
vn 0.4777 -0.3345 -0.8124
vn 0.5207 -0.3995 -0.7545
vn 0.4502 -0.4036 -0.7965
vn 0.5525 -0.4535 -0.6993
vn 0.5522 -0.3351 -0.7634
vn 0.5743 0.1013 -0.8124
vn 0.6507 0.0856 -0.7545
vn 0.6274 0.1535 -0.7634
vn -0.4776 0.3345 -0.8124
vn -0.5207 0.3995 -0.7545
vn -0.4502 0.4036 -0.7965
vn -0.5526 0.4534 -0.6993
vn -0.5522 0.3351 -0.7634
vn 0.1488 -0.3592 -0.9213
vn 0.8225 -0.2949 -0.4864
vn 0.8290 -0.3434 -0.4413
vn 0.2873 0.3501 -0.8916
vn -0.2773 0.7794 -0.5619
vn -0.3658 0.7219 -0.5874
vn 0.5430 0.6713 -0.5045
vn 0.5693 0.6937 -0.4413
vn 0.6345 0.6346 -0.4413
vn 0.4651 0.6978 -0.5447
vn 0.4986 0.7461 -0.4413
vn -0.4230 -0.7914 -0.4413
vn -0.3434 -0.8291 -0.4413
vn -0.7914 -0.4230 -0.4413
vn -0.7461 -0.4986 -0.4413
vn 0.3674 0.5461 -0.7529
vn 0.4249 0.5152 -0.7443
vn 0.2806 0.5250 -0.8035
vn 0.3144 0.5954 -0.7393
vn -0.4055 -0.5325 -0.7430
vn -0.4568 -0.5325 -0.7126
vn -0.4552 -0.4552 -0.7653
vn -0.0413 -0.6680 -0.7430
vn -0.0840 -0.6966 -0.7125
vn -0.1256 -0.6313 -0.7653
vn 0.2337 0.4955 -0.8366
vn 0.2876 0.4624 -0.8387
vn 0.1949 0.5499 -0.8122
vn 0.2553 0.6062 -0.7532
vn -0.0614 -0.7659 -0.6400
vn -0.0961 -0.7968 -0.5966
vn -0.5226 -0.6091 -0.5966
vn -0.3994 0.6666 -0.6294
vn -0.3773 0.6002 -0.7053
vn -0.4570 0.5956 -0.6606
vn 0.0195 -0.8631 -0.5046
vn -0.0000 -0.8974 -0.4413
vn -0.0464 -0.8507 -0.5236
vn 0.1022 -0.8310 -0.5468
vn 0.0880 -0.8930 -0.4413
vn -0.2161 0.3234 -0.9213
vn -0.1488 0.3592 -0.9213
vn -0.7805 -0.1428 -0.6086
vn -0.7363 -0.1465 -0.6606
vn -0.7729 -0.2162 -0.5966
vn -0.8527 -0.1147 -0.5096
vn -0.8930 -0.0880 -0.4413
vn -0.8327 -0.1942 -0.5186
vn -0.8801 -0.1751 -0.4413
vn 0.8653 -0.0579 -0.4979
vn 0.8974 -0.0000 -0.4413
vn 0.8930 -0.0880 -0.4413
vn 0.8337 0.0770 -0.5468
vn 0.8930 0.0880 -0.4413
vn 0.5396 -0.5192 -0.6628
vn -0.5942 0.5647 -0.5728
vn -0.5397 0.5191 -0.6628
vn 0.2161 -0.3234 -0.9213
vn -0.2482 -0.5993 -0.7611
vn -0.3073 -0.5749 -0.7583
vn -0.5394 -0.3604 -0.7610
vn 0.2172 0.4064 -0.8875
vn -0.2722 0.8226 -0.4993
vn -0.4361 0.7366 -0.5170
vn 0.2940 -0.7840 -0.5468
vn 0.3204 -0.7281 -0.6060
vn -0.7201 0.4716 -0.5090
vn -0.7461 0.4986 -0.4413
vn -0.7201 0.4715 -0.5091
vn -0.5834 0.6306 -0.5118
vn -0.5693 0.6937 -0.4413
vn 0.7207 -0.4707 -0.5090
vn 0.7461 -0.4986 -0.4413
vn 0.7207 -0.4706 -0.5091
vn 0.7914 -0.4230 -0.4413
vn -0.5019 0.6146 -0.6086
vn -0.4484 0.6711 -0.5904
vn -0.8930 0.0879 -0.4413
vn -0.1823 -0.6804 -0.7098
vn -0.5296 -0.4645 -0.7098
vn -0.0000 0.8047 -0.5937
vn 0.0592 0.4732 -0.8790
vn 0.0998 0.5583 -0.8236
vn 0.1343 0.4671 -0.8740
vn -0.0000 0.4696 -0.8829
vn -0.0000 0.5464 -0.8375
vn -0.0592 0.4732 -0.8790
vn -0.0998 0.5583 -0.8236
vn -0.0759 0.3813 -0.9213
vn 0.4230 0.7914 -0.4413
vn 0.7914 0.4230 -0.4413
vn 0.6858 0.4957 -0.5329
vn 0.7461 0.4985 -0.4413
vn 0.3845 -0.7618 -0.5214
vn 0.3434 -0.8291 -0.4413
vn -0.8587 0.2605 -0.4413
vn -0.8291 0.3433 -0.4413
vn -0.8263 0.1354 -0.5467
vn -0.8801 0.1751 -0.4413
vn -0.1742 0.8421 -0.5105
vn -0.1751 0.8801 -0.4413
vn -0.4230 0.7914 -0.4413
vn -0.5131 0.6840 -0.5186
vn -0.4985 0.7461 -0.4413
vn 0.6345 0.6345 -0.4413
vn -0.2734 -0.7263 -0.6306
vn -0.3409 -0.7108 -0.6153
vn -0.6308 -0.4521 -0.6306
vn -0.6783 -0.4016 -0.6153
vn 0.0231 -0.7061 -0.7077
vn 0.5431 0.6713 -0.5045
vn 0.7450 0.4219 -0.5167
vn 0.6937 0.5693 -0.4413
vn -0.3889 -0.0000 -0.9213
vn 0.2605 -0.8587 -0.4413
vn -0.8222 0.2285 -0.5213
vn -0.0740 0.6354 -0.7687
vn -0.1644 0.6413 -0.7494
vn 0.0740 0.6354 -0.7686
vn -0.0000 0.6189 -0.7855
vn -0.0879 -0.8930 -0.4413
vn -0.5693 -0.6937 -0.4413
vn -0.8291 -0.3434 -0.4413
vn -0.8587 -0.2605 -0.4413
vn 0.8801 -0.1751 -0.4413
vn 0.8091 -0.0236 -0.5871
vn 0.8159 -0.2018 -0.5418
vn 0.8587 -0.2605 -0.4413
vn 0.6345 -0.6345 -0.4413
vn 0.2161 0.3234 -0.9213
vn -0.0759 -0.3814 -0.9213
vn -0.2749 -0.2750 -0.9213
vn -0.1952 0.5497 -0.8123
vn 0.8410 0.1915 -0.5060
vn 0.4986 -0.7461 -0.4413
vn 0.7207 -0.4706 -0.5090
vn -0.3593 -0.1488 -0.9213
vn 0.1488 0.3593 -0.9213
vn -0.0000 -0.3889 -0.9213
vn -0.2161 -0.3234 -0.9213
vn 0.8501 0.0179 -0.5263
vn 0.8930 0.0879 -0.4413
vn 0.5132 -0.0963 -0.8528
vn 0.0195 -0.8632 -0.5045
vn 0.0879 -0.8931 -0.4413
vn -0.4360 0.7366 -0.5170
vn -0.4985 0.7462 -0.4413
vn -0.6345 -0.6345 -0.4413
vn -0.5845 -0.6241 -0.5185
vn -0.1751 -0.8801 -0.4413
vn -0.2605 -0.8587 -0.4414
vn -0.1393 -0.8436 -0.5185
vn -0.0880 -0.8930 -0.4413
vn -0.8327 -0.1942 -0.5185
vn -0.8461 -0.0004 -0.5330
vn -0.8931 -0.0879 -0.4413
vn 0.6858 0.4957 -0.5328
vn 0.7461 0.4986 -0.4413
vn -0.3434 -0.8290 -0.4413
vn -0.7462 -0.4985 -0.4413
vn 0.0759 0.3814 -0.9213
vn -0.0000 0.3889 -0.9213
vn -0.5692 -0.6937 -0.4413
vn 0.4985 0.7461 -0.4413
vn 0.8291 -0.3434 -0.4413
vn -0.5131 0.6840 -0.5185
vn -0.4986 0.7461 -0.4413
vn -0.6345 -0.6346 -0.4413
vn 0.6291 0.5531 -0.5462
vn -0.0000 -0.0000 -1.0000
vn 0.5000 -0.8660 -0.0000
vn -0.5000 -0.8660 -0.0000
vn -0.5000 0.8660 -0.0000
vn 0.5000 0.8660 -0.0000
vn -0.3888 -0.0000 -0.9213
vn 0.3888 -0.0000 -0.9213
vt -0.080000 0.068612
vt -0.080000 0.000000
vt -0.000000 0.068612
vt -0.080000 0.136563
vt -0.080000 0.203199
vt -0.000000 0.136563
vt -0.000000 0.203199
vt -0.000000 0.267878
vt -0.080000 0.267878
vt -0.080000 0.329978
vt -0.000000 0.329978
vt -0.080000 0.388899
vt -0.000000 0.388899
vt -0.000000 0.444075
vt -0.080000 0.444075
vt -0.494975 0.080000
vt -0.494975 0.000000
vt -0.444075 0.080000
vt -0.444075 0.000000
vt -0.388899 0.080000
vt -0.388899 0.000000
vt -0.329978 0.080000
vt -0.329978 0.000000
vt -0.267878 0.080000
vt -0.267878 0.000000
vt -0.203199 0.000000
vt -0.203199 0.080000
vt -0.136563 0.000000
vt -0.136563 0.080000
vt -0.068612 0.000000
vt -0.068612 0.080000
vt -0.000000 0.000000
vt -0.000000 0.080000
vt 0.068612 0.000000
vt 0.068612 0.080000
vt 0.136563 0.000000
vt 0.203199 0.080000
vt 0.136563 0.080000
vt 0.203199 0.000000
vt 0.267878 0.080000
vt 0.267878 0.000000
vt 0.329978 0.080000
vt 0.329978 0.000000
vt 0.388899 0.080000
vt 0.494975 0.080000
vt 0.444075 0.000000
vt 0.494975 0.000000
vt 0.080000 0.444075
vt 0.000000 0.494975
vt 0.080000 0.388899
vt 0.080000 0.329978
vt 0.080000 0.267878
vt 0.080000 0.203199
vt 0.080000 0.136563
vt 0.080000 0.068612
vt 0.080000 0.000000
vt 0.388899 0.000000
vt 0.444075 0.080000
vt 0.000000 -0.068612
vt 0.080000 -0.068612
vt 0.000000 -0.136563
vt 0.080000 -0.136563
vt 0.000000 -0.203199
vt 0.080000 -0.203199
vt 0.000000 -0.267878
vt 0.080000 -0.267878
vt 0.000000 -0.329978
vt 0.080000 -0.329978
vt 0.000000 -0.388899
vt 0.080000 -0.388899
vt 0.000000 -0.444075
vt 0.080000 -0.444075
vt 0.000000 -0.494975
vt 0.080000 -0.494975
vt -0.080000 -0.494975
vt -0.080000 -0.444075
vt -0.080000 -0.388899
vt -0.080000 -0.329978
vt -0.080000 -0.267878
vt -0.080000 -0.203199
vt -0.080000 -0.068612
vt -0.080000 -0.136563
vt 0.080000 0.494975
vt -0.080000 0.494975
vt 0.250000 0.039207
vt 2.900000 0.039207
vt 0.250000 0.078036
vt 2.900000 0.078036
vt 0.250000 0.116114
vt 2.900000 0.116114
vt 0.250000 0.153073
vt 2.900000 0.153073
vt 0.250000 0.188559
vt 0.250000 0.222228
vt 2.900000 0.188559
vt 2.900000 0.222228
vt 2.900000 0.253757
vt 0.250000 0.253757
vt 0.250000 0.282843
vt -0.282843 -2.900000
vt -0.253757 -0.250000
vt -0.282843 -0.250000
vt -0.253757 -2.900000
vt -0.222228 -2.900000
vt -0.222228 -0.250000
vt -0.188559 -0.250000
vt -0.188559 -2.900000
vt -0.153073 -0.250000
vt -0.153073 -2.900000
vt -0.116114 -0.250000
vt -0.116114 -2.900000
vt -0.078036 -0.250000
vt -0.039207 -0.250000
vt -0.078036 -2.900000
vt -0.039207 -2.900000
vt -0.000000 -2.900000
vt -0.000000 -0.250000
vt 0.039207 -0.250000
vt 0.039207 -2.900000
vt 0.078036 -0.250000
vt 0.078036 -2.900000
vt 0.116114 -2.900000
vt 0.116114 -0.250000
vt 0.153073 -0.250000
vt 0.153073 -2.900000
vt 0.188559 -0.250000
vt 0.188559 -2.900000
vt 0.222228 -0.250000
vt 0.222228 -2.900000
vt 0.253757 -0.250000
vt 0.282843 -0.250000
vt 0.253757 -2.900000
vt 0.282843 -2.900000
vt -2.900000 0.253757
vt -0.250000 0.253757
vt -2.900000 0.282843
vt -0.250000 0.222228
vt -2.900000 0.222228
vt -0.250000 0.188559
vt -2.900000 0.188559
vt -2.900000 0.153073
vt -0.250000 0.153073
vt -0.250000 0.116114
vt -2.900000 0.116114
vt -0.250000 0.078036
vt -2.900000 0.078036
vt -0.250000 0.039207
vt -2.900000 0.039207
vt -0.250000 -0.000000
vt -0.250000 -0.039207
vt -2.900000 0.000000
vt -2.900000 -0.039207
vt -2.900000 -0.078036
vt -0.250000 -0.078036
vt -0.250000 -0.116114
vt -2.900000 -0.116114
vt -0.250000 -0.153073
vt -2.900000 -0.153073
vt -2.900000 -0.188559
vt -0.250000 -0.188559
vt -0.250000 -0.222228
vt -2.900000 -0.222228
vt -0.250000 -0.253757
vt -2.900000 -0.253757
vt -0.250000 -0.282843
vt -2.900000 -0.282843
vt 2.900000 -0.039207
vt 0.250000 0.000000
vt 0.250000 -0.039207
vt 2.900000 -0.078036
vt 0.250000 -0.078036
vt 2.900000 -0.116114
vt 0.250000 -0.116114
vt 2.900000 -0.153073
vt 0.250000 -0.153073
vt 2.900000 -0.188559
vt 0.250000 -0.188559
vt 2.900000 -0.222228
vt 0.250000 -0.222228
vt 2.900000 -0.253757
vt 0.250000 -0.253757
vt 2.900000 -0.282843
vt 0.250000 -0.282843
vt -0.250000 0.282843
vt 2.900000 0.282843
vt 2.900000 0.000000
vt -0.398074 0.039207
vt -0.696629 0.068612
vt -0.700000 0.000000
vt -0.686550 0.136563
vt -0.392314 0.078036
vt -0.669858 0.203199
vt -0.382776 0.116114
vt -0.369552 0.153073
vt -0.646716 0.267878
vt -0.617345 0.329978
vt -0.352769 0.188559
vt -0.582029 0.388899
vt -0.332588 0.222228
vt -0.541107 0.444075
vt -0.309204 0.253757
vt -0.253757 0.309204
vt -0.388899 0.582029
vt -0.444075 0.541107
vt -0.494975 0.494975
vt -0.222228 0.332588
vt -0.329978 0.617345
vt -0.188559 0.352769
vt -0.267878 0.646716
vt -0.153073 0.369552
vt -0.203199 0.669858
vt -0.116114 0.382776
vt -0.078036 0.392314
vt -0.136563 0.686550
vt -0.039207 0.398074
vt -0.068612 0.696629
vt -0.000000 0.400000
vt -0.000000 0.700000
vt 0.039207 0.398074
vt 0.068612 0.696629
vt 0.136563 0.686550
vt 0.078036 0.392314
vt 0.203199 0.669858
vt 0.329978 0.617345
vt 0.267878 0.646716
vt 0.153073 0.369552
vt 0.388899 0.582029
vt 0.188559 0.352769
vt 0.222228 0.332588
vt 0.253757 0.309204
vt 0.282843 0.282843
vt 0.494975 0.494975
vt 0.444075 0.541107
vt 0.309204 0.253757
vt 0.582029 0.388899
vt 0.541107 0.444075
vt 0.332588 0.222228
vt 0.617345 0.329978
vt 0.352769 0.188559
vt 0.646716 0.267878
vt 0.369552 0.153073
vt 0.669858 0.203199
vt 0.382776 0.116114
vt 0.392314 0.078036
vt 0.686550 0.136563
vt 0.398074 0.039207
vt 0.696629 0.068612
vt 0.400000 0.000000
vt 0.700000 -0.000000
vt 0.398074 -0.039207
vt 0.696629 -0.068612
vt 0.686550 -0.136563
vt 0.392314 -0.078036
vt 0.669858 -0.203199
vt 0.617345 -0.329978
vt 0.646716 -0.267878
vt 0.369552 -0.153073
vt 0.582029 -0.388899
vt 0.352769 -0.188559
vt 0.332588 -0.222228
vt 0.309204 -0.253757
vt 0.282843 -0.282843
vt 0.494975 -0.494975
vt 0.541107 -0.444075
vt 0.253757 -0.309204
vt 0.388899 -0.582029
vt 0.444075 -0.541107
vt 0.222228 -0.332588
vt 0.329978 -0.617345
vt 0.188559 -0.352769
vt 0.267878 -0.646716
vt 0.153073 -0.369552
vt 0.203199 -0.669858
vt 0.116114 -0.382776
vt 0.078036 -0.392314
vt 0.136563 -0.686550
vt 0.039207 -0.398074
vt 0.068612 -0.696629
vt -0.000000 -0.400000
vt -0.000000 -0.700000
vt -0.039207 -0.398074
vt -0.068612 -0.696629
vt -0.136563 -0.686550
vt -0.078036 -0.392314
vt -0.203199 -0.669858
vt -0.329978 -0.617345
vt -0.267878 -0.646716
vt -0.153073 -0.369552
vt -0.388899 -0.582029
vt -0.188559 -0.352769
vt -0.222228 -0.332588
vt -0.253757 -0.309204
vt -0.282843 -0.282843
vt -0.494975 -0.494975
vt -0.444075 -0.541107
vt -0.309204 -0.253757
vt -0.582029 -0.388899
vt -0.541107 -0.444075
vt -0.332588 -0.222228
vt -0.617345 -0.329978
vt -0.352769 -0.188559
vt -0.646716 -0.267878
vt -0.369552 -0.153073
vt -0.669858 -0.203199
vt -0.382776 -0.116114
vt -0.400000 0.000000
vt -0.398074 -0.039207
vt -0.696629 -0.068612
vt -0.392314 -0.078036
vt -0.686550 -0.136563
vt -0.116114 -0.382776
vt 0.382776 -0.116114
vt 0.116114 0.382776
vt -0.282843 0.282843
vt -0.000000 0.039207
vt -0.000000 0.078036
vt -0.000000 0.116114
vt -0.000000 0.153073
vt -0.000000 0.188559
vt -0.000000 0.222228
vt -0.000000 0.253757
vt -0.000000 0.282843
vt -0.253757 0.000000
vt -0.282843 0.000000
vt -0.222228 0.000000
vt -0.188559 0.000000
vt -0.153073 0.000000
vt -0.116114 0.000000
vt -0.078036 0.000000
vt -0.039207 0.000000
vt 0.039207 0.000000
vt 0.078036 0.000000
vt 0.116114 0.000000
vt 0.153073 0.000000
vt 0.188559 0.000000
vt 0.222228 0.000000
vt 0.253757 0.000000
vt 0.282843 0.000000
vt 0.000000 -0.039207
vt 0.000000 -0.078036
vt 0.000000 -0.116114
vt 0.000000 -0.153073
vt 0.000000 -0.188559
vt 0.000000 -0.222228
vt 0.000000 -0.253757
vt 0.000000 -0.282843
vt -0.277164 -0.114805
vt -0.300000 0.000000
vt -0.294236 -0.058527
vt -0.249441 -0.166671
vt -0.212132 -0.212132
vt -0.166671 -0.249441
vt -0.114805 -0.277164
vt -0.058527 -0.294236
vt -0.000000 -0.300000
vt 0.058527 -0.294236
vt 0.114805 -0.277164
vt 0.166671 -0.249441
vt 0.212132 -0.212132
vt 0.277164 -0.114805
vt 0.249441 -0.166671
vt 0.294236 -0.058527
vt 0.300000 0.000000
vt 0.294236 0.058527
vt 0.277164 0.114805
vt 0.249441 0.166671
vt 0.212132 0.212132
vt 0.114805 0.277164
vt 0.166671 0.249441
vt 0.058527 0.294236
vt -0.000000 0.300000
vt -0.058527 0.294236
vt -0.114805 0.277164
vt -0.166671 0.249441
vt -0.212132 0.212132
vt -0.249441 0.166671
vt -0.277164 0.114805
vt -0.294236 0.058527
vt -0.147343 0.243736
vt -0.122272 0.280863
vt -0.164967 0.283791
vt -0.128316 0.203548
vt -0.072009 0.229467
vt -0.339804 0.158955
vt -0.386736 0.160191
vt -0.359983 0.120740
vt -0.333720 0.194295
vt 0.089608 -0.364285
vt 0.081665 -0.410556
vt 0.125456 -0.365213
vt 0.062170 -0.312552
vt 0.048191 -0.376621
vt 0.008136 0.549170
vt -0.008186 0.506478
vt 0.026192 0.479751
vt -0.021627 0.575338
vt -0.059352 0.532653
vt 0.159630 -0.344506
vt 0.164400 -0.384965
vt 0.193491 -0.349666
vt 0.121952 -0.294417
vt 0.306744 -0.223773
vt 0.345495 -0.236344
vt 0.333463 -0.196437
vt 0.305199 -0.257989
vt -0.159630 0.344506
vt -0.164400 0.384965
vt -0.193491 0.349666
vt -0.121952 0.294417
vt -0.124127 0.365667
vt -0.306744 0.223773
vt -0.345495 0.236344
vt -0.305199 0.257989
vt -0.087841 0.364715
vt -0.062170 0.312552
vt -0.033382 0.398234
vt 0.344345 0.476005
vt 0.321055 0.454984
vt 0.371942 0.444234
vt 0.335043 0.525913
vt 0.288297 0.486700
vt -0.123546 -0.212617
vt -0.141674 -0.173150
vt -0.147761 -0.258598
vt -0.472201 0.186555
vt -0.479425 0.143317
vt -0.432586 0.158749
vt -0.186555 0.426263
vt -0.188278 0.390155
vt -0.127465 0.424239
vt -0.274936 0.162838
vt -0.235095 0.154816
vt -0.229616 0.201120
vt 0.537586 0.162838
vt 0.507124 0.129971
vt 0.562769 0.097123
vt -0.393857 0.252932
vt -0.343826 0.301527
vt -0.417511 0.223164
vt 0.171235 -0.435634
vt 0.137424 -0.453026
vt 0.210373 -0.464302
vt 0.228656 -0.396044
vt -0.171235 0.435634
vt -0.137424 0.453026
vt -0.210373 0.464302
vt -0.228656 0.396044
vt 0.186958 0.429121
vt 0.155963 0.388460
vt 0.194315 0.363892
vt 0.179555 0.477067
vt 0.118361 0.441730
vt 0.393857 -0.252932
vt 0.343826 -0.301527
vt 0.417511 -0.223164
vt 0.092065 0.244840
vt 0.094702 0.279826
vt 0.047547 0.248871
vt 0.134965 0.203548
vt 0.156803 0.262834
vt -0.553340 0.203935
vt -0.519723 0.199937
vt -0.510106 0.244507
vt 0.244840 0.203935
vt 0.248871 0.160608
vt 0.279826 0.199937
vt 0.339755 -0.161767
vt 0.386529 -0.167103
vt 0.376227 -0.108178
vt -0.131898 -0.136134
vt -0.263488 -0.053143
vt -0.228981 -0.064953
vt -0.246332 0.000000
vt -0.265223 -0.097123
vt -0.263488 0.053143
vt -0.228981 0.064953
vt -0.265223 0.097123
vt -0.294414 0.000000
vt 0.215536 -0.161134
vt 0.178618 -0.152538
vt 0.149238 -0.232935
vt 0.244473 -0.115113
vt -0.403317 0.215536
vt -0.433568 0.178618
vt -0.385180 0.149238
vt -0.403317 -0.463282
vt -0.417227 -0.417227
vt -0.433568 -0.473157
vt 0.045212 0.122520
vt 0.081789 0.142587
vt -0.013962 0.143837
vt 0.223164 0.417511
vt 0.199128 0.330859
vt 0.269416 0.385428
vt 0.159366 0.339611
vt 0.121952 0.294417
vt 0.177046 0.264969
vt 0.110433 0.384070
vt 0.350055 0.361751
vt 0.313807 0.343016
vt 0.353508 0.290116
vt 0.326314 0.399586
vt -0.230908 0.254264
vt -0.261479 0.253035
vt -0.275918 0.202600
vt -0.200253 0.307100
vt 0.182450 0.203224
vt 0.217301 0.178618
vt 0.212934 0.226765
vt 0.114974 0.203548
vt 0.157785 0.155434
vt -0.492135 0.095826
vt -0.450421 0.087893
vt -0.437621 0.132751
vt -0.513412 0.050567
vt 0.256374 0.064623
vt 0.213615 0.065305
vt 0.203548 -0.000000
vt 0.273559 0.109847
vt 0.217706 0.132250
vt -0.077478 0.570676
vt -0.094579 0.514480
vt 0.448231 0.124218
vt 0.410815 0.155434
vt 0.155846 0.140140
vt 0.117694 0.170447
vt 0.189394 0.168565
vt -0.498694 0.372205
vt -0.468116 0.359198
vt -0.477383 0.415592
vt 0.205235 0.372205
vt 0.178618 0.336910
vt 0.223358 0.294136
vt -0.123227 -0.489957
vt -0.132951 -0.455895
vt 0.467139 0.123227
vt 0.130000 -0.369146
vt 0.141753 -0.399612
vt 0.166488 -0.316809
vt 0.132530 -0.294081
vt -0.262818 0.130000
vt -0.220925 0.141753
vt -0.295964 0.166488
vt -0.338574 0.132530
vt 0.453465 -0.240892
vt 0.463025 -0.202843
vt -0.344345 0.247355
vt -0.392617 0.213495
vt -0.335043 0.203548
vt 0.398142 0.398142
vt 0.432506 0.424085
vt -0.333176 0.477054
vt -0.340760 0.522227
vt -0.399181 0.472615
vt -0.296932 0.469851
vt -0.260971 0.529198
vt 0.333176 -0.477054
vt 0.340760 -0.522227
vt 0.399181 -0.472615
vt 0.296932 -0.469851
vt 0.260971 -0.529198
vt -0.256467 0.489765
vt -0.214565 0.532346
vt -0.189665 0.244473
vt 0.164967 0.527666
vt 0.232577 0.501936
vt 0.256467 -0.489765
vt 0.190466 -0.519379
vt 0.071131 0.218344
vt 0.077478 0.260091
vt 0.021627 0.260271
vt 0.145714 -0.522185
vt 0.156803 -0.551487
vt 0.092868 -0.488506
vt 0.094702 -0.548742
vt -0.132319 0.139536
vt -0.172043 0.098318
vt -0.130897 0.056175
vt 0.310259 -0.311263
vt 0.262864 -0.271281
vt 0.251384 -0.327610
vt 0.000710 0.439482
vt 0.005952 0.377698
vt 0.053900 0.409411
vt -0.029910 0.456334
vt -0.310259 0.311263
vt -0.262864 0.271281
vt -0.251384 0.327610
vt 0.184685 0.223358
vt 0.190466 0.283448
vt -0.149654 0.128593
vt -0.108817 0.148824
vt -0.200699 0.155434
vt 0.012927 0.223801
vt 0.046072 0.189394
vt -0.054066 0.231845
vt -0.047652 0.173786
vt 0.257783 0.209823
vt 0.260971 0.244473
vt 0.298562 0.155434
vt 0.340760 0.203548
vt -0.097719 -0.517436
vt -0.068894 -0.482565
vt -0.137424 -0.453026
vt -0.061692 -0.544988
vt -0.055189 0.273559
vt -0.033266 0.208985
vt -0.195286 -0.486403
vt -0.189394 -0.430430
vt -0.243192 -0.454980
vt -0.163011 -0.517005
vt 0.225337 -0.225337
vt 0.177046 -0.264969
vt 0.000000 0.318675
vt 0.062170 0.312552
vt -0.225337 0.225337
vt -0.177046 0.264969
vt -0.133030 0.232371
vt -0.174089 0.244625
vt -0.142926 0.183049
vt -0.137989 0.314052
vt -0.471919 0.238920
vt -0.472241 0.288132
vt 0.259650 0.460839
vt 0.278973 0.540158
vt 0.262933 0.193745
vt 0.300690 0.155434
vt -0.219612 0.193745
vt -0.278973 0.223358
vt -0.183848 -0.142882
vt -0.235095 -0.154816
vt -0.223951 -0.200830
vt -0.172043 -0.098318
vt -0.517933 -0.304072
vt -0.472882 -0.294057
vt -0.520198 -0.215473
vt -0.518479 -0.346436
vt -0.473214 -0.374169
vt -0.261712 -0.540575
vt -0.229818 -0.507218
vt -0.312818 -0.468166
vt -0.261712 0.232220
vt -0.238629 0.203548
vt -0.190785 0.232969
vt 0.493191 0.334257
vt 0.461551 0.313278
vt 0.515904 0.253035
vt 0.467886 0.376728
vt -0.246028 0.138827
vt -0.266984 0.178618
vt -0.329705 0.136548
vt 0.264969 0.138827
vt 0.223875 0.178618
vt 0.178602 0.140082
vt 0.059530 -0.516552
vt -0.007331 -0.504038
vt 0.000000 -0.563058
vt -0.457088 0.132951
vt -0.487723 0.137989
vt 0.132951 -0.154805
vt 0.137989 -0.108853
vt -0.270728 -0.170797
vt -0.263221 -0.226946
vt -0.184248 0.146082
vt -0.474757 0.173160
vt -0.506062 0.148836
vt -0.377640 0.352840
vt -0.417490 0.366129
vt -0.414339 0.296911
vt -0.366472 0.388437
vt 0.377640 -0.352840
vt 0.417490 -0.366129
vt 0.414339 -0.296911
vt 0.366472 -0.388437
vt -0.067193 0.462630
vt 0.214565 0.262179
vt -0.170285 0.494414
vt -0.157768 0.558886
vt 0.058303 0.129860
vt -0.000267 0.148824
vt -0.309331 -0.169705
vt -0.362518 -0.209300
vt -0.287976 -0.236336
vt -0.294417 -0.121952
vt -0.383064 -0.165238
vt -0.351482 0.030751
vt -0.417703 0.027378
vt -0.370744 -0.036515
vt -0.312552 0.062170
vt -0.392779 0.073684
vt 0.220841 0.275162
vt 0.254827 0.332097
vt 0.225337 0.225337
vt 0.287516 0.302701
vt -0.038411 -0.350727
vt -0.054638 -0.415018
vt -0.004359 -0.399607
vt -0.062170 -0.312552
vt -0.108142 -0.356496
vt -0.162916 -0.312959
vt -0.185142 -0.375430
vt -0.177046 -0.264969
vt -0.226705 -0.350209
vt -0.426755 -0.182247
vt -0.350866 -0.106434
vt -0.437621 -0.132751
vt -0.253583 -0.388625
vt -0.232603 -0.283428
vt -0.290116 -0.353508
vt 0.135893 0.461210
vt 0.442099 0.178618
vt 0.135893 0.382682
vt 0.146749 0.418637
vt -0.350873 -0.265203
vt -0.365951 -0.300329
vt -0.317770 -0.297624
vt -0.396609 -0.252668
vt -0.144402 -0.415443
vt -0.439079 -0.025573
vt -0.471131 -0.046402
vt -0.429567 -0.070922
vt -0.470143 0.010259
vt -0.023022 -0.441334
vt 0.044824 -0.455111
vt -0.130897 -0.056175
vt -0.138696 0.000000
vt -0.266315 0.380337
vt -0.316088 0.411934
vt -0.320715 0.357756
vt -0.357200 0.435250
vt -0.265313 0.437222
vt 0.080626 0.457252
vt 0.067773 0.514790
vt 0.055189 0.560347
vt 0.121558 0.496767
vt 0.122272 0.542197
vt 0.266315 -0.380337
vt 0.316088 -0.411934
vt 0.320715 -0.357756
vt 0.357200 -0.435250
vt 0.265313 -0.437222
vt -0.294417 0.121952
vt 0.230240 0.113848
vt 0.283428 0.232603
vt -0.170448 -0.216991
vt -0.189617 -0.286565
vt -0.157594 0.363754
vt 0.431940 0.290637
vt 0.407210 0.335844
vt 0.417511 0.223164
vt 0.470427 0.248281
vt -0.420814 -0.320478
vt -0.419873 -0.360192
vt -0.360440 -0.360440
vt -0.527942 -0.032676
vt -0.549224 -0.066220
vt -0.499944 -0.099445
vt 0.395996 0.186803
vt 0.369728 0.229911
vt 0.437824 0.155161
vt 0.157768 0.254869
vt 0.479479 0.201944
vt 0.522860 0.202600
vt 0.229028 -0.048207
vt 0.196502 -0.075278
vt -0.477306 -0.409462
vt 0.229028 -0.374169
vt 0.203548 -0.346436
vt 0.196502 -0.409462
vt 0.523105 -0.313394
vt 0.472989 -0.297313
vt 0.468116 -0.359198
vt -0.221077 -0.313394
vt 0.127465 0.015259
vt 0.141753 -0.036303
vt 0.159133 0.079973
vt 0.264969 -0.177046
vt 0.294417 -0.121952
vt -0.111981 0.205495
vt -0.115113 0.244473
vt -0.169380 0.196502
vt -0.089633 0.131266
vt -0.151741 0.137989
vt -0.060243 0.159133
vt -0.442099 0.465197
vt -0.408046 0.424187
vt 0.399181 0.209952
vt 0.442099 -0.465197
vt 0.408046 -0.424187
vt -0.264969 0.177046
vt -0.474391 -0.196499
vt -0.454980 -0.243192
vt -0.285273 -0.426941
vt 0.328549 0.175613
vt 0.500875 0.390155
vt 0.472201 0.426263
vt -0.237869 0.334257
vt -0.136810 -0.340775
vt 0.190979 0.415592
vt 0.178618 0.465197
vt 0.159133 0.229955
vt -0.190785 -0.568821
vt 0.000000 0.273559
vt 0.203548 0.251140
vt 0.368418 0.130844
vt 0.367736 0.130844
vt 0.481816 -0.393466
vt -0.205519 -0.393466
vt -0.191844 -0.351291
vt -0.244473 -0.359198
vt 0.281381 -0.143720
vt -0.536371 -0.143720
vt -0.366129 -0.417490
vt -0.194288 0.000000
vt -0.532053 0.294136
vt 0.270867 0.244507
vt 0.381653 0.047738
vt 0.445270 0.079626
vt 0.376227 0.108178
vt 0.379124 0.000000
vt 0.436768 0.000000
vt 0.381653 -0.047738
vt 0.445270 -0.079626
vt 0.312552 -0.062170
vt 0.392617 0.474483
vt -0.387549 0.148694
vt 0.140082 0.300536
vt 0.105901 0.159133
vt 0.526121 -0.226946
vt 0.539419 -0.170797
vt 0.059352 0.299904
vt -0.137989 -0.400990
vt -0.552239 0.109847
vt 0.222028 -0.214530
vt 0.273559 -0.215473
vt 0.210532 -0.267352
vt -0.354745 -0.495046
vt -0.314913 -0.531959
vt 0.283448 -0.066220
vt 0.279826 0.018220
vt -0.115113 -0.578710
vt -0.178618 -0.465197
vt 0.047547 -0.584215
vt 0.137989 -0.456802
vt 0.178618 -0.473157
vt 0.000000 -0.318675
vt 0.503306 -0.058622
vt 0.562769 -0.097123
vt 0.570259 -0.053143
vt 0.507124 -0.129971
vt 0.503306 0.058622
vt 0.491147 0.000000
vt 0.541827 0.000000
vt 0.018442 0.189394
vt 0.485306 0.135893
vt 0.264969 0.177046
vt -0.312552 -0.062170
vt -0.225337 -0.225337
vt -0.314913 0.210532
vt -0.354745 0.222028
vt 0.437824 -0.155161
vt 0.189665 0.558734
vt -0.121952 -0.294417
vt 0.294417 0.121952
vt -0.318675 0.000000
vt -0.264969 -0.177046
vt 0.306288 -0.032676
vt -0.077181 0.411423
vt 0.232220 -0.304072
vt -0.008136 0.287329
vt 0.333176 0.253602
vt 0.244473 0.359198
vt -0.556556 0.018220
vt -0.575733 0.064623
vt 0.432586 0.492065
vt -0.232095 0.376728
vt -0.061692 0.288068
vt -0.563714 0.160608
vt 0.312552 0.062170
vt 0.318675 0.000000
vt -0.143317 0.460809
vt 0.570259 0.053143
vt -0.163011 0.294162
vt -0.232577 0.283448
vt 0.492705 0.132951
vt -0.229818 0.279826
vt 0.132951 -0.491599
vt -0.144338 0.250000
vt -0.288675 0.000000
vt 0.144338 0.250000
vt 0.144338 -0.250000
vt 0.288675 0.000000
vt -0.144338 -0.250000
vt 0.440000 0.000000
vt 0.110000 0.000000
vt 0.440000 -0.250000
vt 0.110000 -0.250000
vt 0.440000 0.250000
vt 0.110000 0.250000
vt -0.144338 0.440000
vt -0.144338 0.110000
vt 0.144338 0.440000
vt 0.144338 0.110000
vt -0.440000 0.000000
vt -0.110000 0.000000
vt -0.440000 0.250000
vt -0.110000 0.250000
vt -0.440000 -0.250000
vt -0.110000 -0.250000
s 1
usemtl Diffuse_175_196_221_100.006
f 1/1/1 2/2/2 3/3/1
f 4/4/3 1/1/1 3/3/1
f 5/5/4 4/4/3 6/6/3
f 7/7/4 5/5/4 6/6/3
f 8/8/5 9/9/5 7/7/4
f 8/8/5 10/10/6 9/9/5
f 11/11/6 12/12/7 10/10/6
f 11/11/6 13/13/7 12/12/7
f 13/13/7 14/14/8 15/15/8
f 16/16/9 17/17/9 18/18/10
f 18/18/10 19/19/11 20/20/12
f 20/20/12 21/21/13 22/22/14
f 22/22/14 23/23/14 24/24/15
f 25/25/15 26/26/16 27/27/16
f 26/26/16 28/28/17 29/29/17
f 28/28/17 30/30/18 31/31/18
f 30/30/18 32/32/19 33/33/20
f 32/32/19 34/34/21 35/35/21
f 36/36/22 37/37/23 38/38/22
f 39/39/23 40/40/24 37/37/23
f 41/41/24 42/42/25 40/40/24
f 43/43/25 44/44/26 42/42/25
f 45/45/27 46/46/28 47/47/29
f 48/48/30 47/49/29 49/14/30
f 50/50/31 49/14/30 51/13/32
f 52/51/33 51/13/32 53/11/33
f 54/52/34 53/11/33 55/8/34
f 56/53/35 55/8/34 57/7/35
f 58/54/36 57/7/35 59/6/36
f 60/55/37 59/6/36 61/3/37
f 62/56/38 61/3/37 63/32/38
f 64/57/26 65/58/28 44/44/26
f 66/59/39 67/60/39 63/32/38
f 68/61/40 69/62/40 66/59/39
f 70/63/41 71/64/41 68/61/40
f 72/65/42 73/66/42 70/63/41
f 74/67/43 75/68/43 72/65/42
f 76/69/44 77/70/44 74/67/43
f 78/71/45 79/72/45 76/69/44
f 80/73/46 81/74/46 78/71/45
f 82/19/47 83/18/47 80/17/46
f 84/21/48 85/20/49 82/19/47
f 86/23/50 87/22/50 84/21/48
f 86/23/50 88/24/51 87/22/50
f 89/25/51 90/27/52 88/24/51
f 91/26/52 92/29/53 90/27/52
f 93/28/53 94/31/54 92/29/53
f 95/30/54 96/33/55 94/31/54
f 97/32/55 98/35/56 96/33/55
f 99/34/56 100/38/57 98/35/56
f 99/34/56 101/36/57 100/38/57
f 101/36/57 102/39/58 103/37/58
f 102/39/58 104/41/59 105/40/59
f 104/41/59 106/43/60 107/42/60
f 106/43/60 108/57/61 109/44/61
f 108/57/61 110/46/62 111/58/62
f 110/46/62 112/47/63 113/45/63
f 113/75/63 112/73/63 114/76/64
f 114/76/64 115/71/64 116/77/65
f 116/77/65 117/69/65 118/78/66
f 118/78/66 119/67/66 120/79/67
f 120/79/67 121/65/68 122/80/69
f 2/2/2 123/32/2 3/3/1
f 124/59/70 2/2/2 125/81/70
f 126/61/71 124/59/70 125/81/70
f 127/82/71 126/61/71 125/81/70
f 127/82/71 128/63/69 126/61/71
f 122/80/69 121/65/68 128/63/69
f 120/79/67 119/67/66 121/65/68
f 118/78/66 117/69/65 119/67/66
f 116/77/65 115/71/64 117/69/65
f 114/76/64 112/73/63 115/71/64
f 111/58/62 110/46/62 113/45/63
f 109/44/61 108/57/61 111/58/62
f 107/42/60 106/43/60 109/44/61
f 105/40/59 104/41/59 107/42/60
f 103/37/58 102/39/58 105/40/59
f 100/38/57 101/36/57 103/37/58
f 97/32/55 99/34/56 98/35/56
f 95/30/54 97/32/55 96/33/55
f 93/28/53 95/30/54 94/31/54
f 91/26/52 93/28/53 92/29/53
f 89/25/51 91/26/52 90/27/52
f 86/23/50 89/25/51 88/24/51
f 84/21/48 87/22/50 85/20/49
f 82/19/47 85/20/49 83/18/47
f 80/17/46 83/18/47 81/16/46
f 78/71/45 81/74/46 79/72/45
f 76/69/44 79/72/45 77/70/44
f 74/67/43 77/70/44 75/68/43
f 72/65/42 75/68/43 73/66/42
f 70/63/41 73/66/42 71/64/41
f 68/61/40 71/64/41 69/62/40
f 66/59/39 69/62/40 67/60/39
f 63/32/38 67/60/39 62/56/38
f 61/3/37 62/56/38 60/55/37
f 59/6/36 60/55/37 58/54/36
f 57/7/35 58/54/36 56/53/35
f 55/8/34 56/53/35 54/52/34
f 53/11/33 54/52/34 52/51/33
f 51/13/32 52/51/33 50/50/31
f 49/14/30 50/50/31 48/48/30
f 47/49/29 48/48/30 45/83/27
f 46/46/28 45/45/27 65/58/28
f 64/57/26 46/46/28 65/58/28
f 43/43/25 64/57/26 44/44/26
f 41/41/24 43/43/25 42/42/25
f 39/39/23 41/41/24 40/40/24
f 36/36/22 39/39/23 37/37/23
f 34/34/21 36/36/22 38/38/22
f 35/35/21 34/34/21 38/38/22
f 33/33/20 32/32/19 35/35/21
f 31/31/18 30/30/18 33/33/20
f 29/29/17 28/28/17 31/31/18
f 27/27/16 26/26/16 29/29/17
f 24/24/15 25/25/15 27/27/16
f 24/24/15 23/23/14 25/25/15
f 22/22/14 21/21/13 23/23/14
f 20/20/12 19/19/11 21/21/13
f 18/18/10 17/17/9 19/19/11
f 16/84/9 14/14/8 17/49/9
f 16/84/9 15/15/8 14/14/8
f 15/15/8 12/12/7 13/13/7
f 10/10/6 8/8/5 11/11/6
f 5/5/4 7/7/4 9/9/5
f 3/3/1 6/6/3 4/4/3
f 123/32/2 2/2/2 124/59/70
f 122/80/69 128/63/69 127/82/71
f 129/85/1 130/86/1 131/87/3
f 131/87/3 132/88/3 133/89/4
f 133/89/4 132/88/3 134/90/4
f 135/91/72 134/90/4 136/92/5
f 137/93/6 135/91/72 136/92/5
f 138/94/73 137/93/6 139/95/6
f 140/96/74 138/94/73 139/95/6
f 141/97/8 142/98/8 140/96/74
f 141/97/8 143/99/9 142/98/8
f 144/100/9 145/101/75 143/102/9
f 144/100/9 146/103/75 145/101/75
f 146/103/75 147/104/13 148/105/13
f 148/105/13 147/104/13 149/106/14
f 149/106/14 150/107/14 151/108/15
f 151/108/15 150/107/14 152/109/76
f 153/110/16 152/109/76 154/111/16
f 155/112/17 153/110/16 154/111/16
f 156/113/18 155/112/17 157/114/17
f 158/115/18 156/113/18 157/114/17
f 159/116/19 160/117/77 158/115/18
f 159/116/19 161/118/78 160/117/77
f 162/119/21 163/120/22 161/118/78
f 162/119/21 164/121/22 163/120/22
f 164/121/22 165/122/23 166/123/23
f 166/123/23 165/122/23 167/124/24
f 167/124/24 168/125/24 169/126/79
f 169/126/79 168/125/24 170/127/25
f 171/128/80 170/127/25 172/129/81
f 173/130/28 171/128/80 172/129/81
f 174/131/27 173/130/28 175/132/82
f 176/133/27 174/131/27 175/132/82
f 177/134/30 178/135/30 176/136/27
f 177/134/30 179/137/83 178/135/30
f 180/138/32 181/139/33 179/137/83
f 180/138/32 182/140/33 181/139/33
f 182/140/33 183/141/34 184/142/34
f 184/142/34 183/141/34 185/143/35
f 185/143/35 186/144/35 187/145/36
f 187/145/36 186/144/35 188/146/36
f 189/147/37 188/146/36 190/148/37
f 191/149/38 189/147/37 190/148/37
f 192/150/39 191/149/38 193/151/38
f 194/152/39 192/150/39 193/151/38
f 195/153/40 196/154/40 194/152/39
f 195/153/40 197/155/41 196/154/40
f 198/156/41 199/157/42 197/155/41
f 198/156/41 200/158/84 199/157/42
f 200/158/84 201/159/43 202/160/43
f 202/160/43 201/159/43 203/161/44
f 203/161/44 204/162/44 205/163/85
f 205/163/85 204/162/44 206/164/45
f 207/165/46 206/164/45 208/166/46
f 209/101/86 207/102/46 208/100/46
f 210/105/48 209/101/86 211/103/47
f 212/104/48 210/105/48 211/103/47
f 213/107/50 214/106/87 212/104/48
f 213/107/50 215/108/51 214/106/87
f 216/109/51 217/110/88 215/108/51
f 216/109/51 218/111/52 217/110/88
f 218/111/52 219/114/53 220/112/53
f 220/112/53 219/114/53 221/113/54
f 221/113/54 222/115/54 223/117/55
f 224/129/61 225/132/62 226/130/62
f 131/87/3 130/86/1 132/88/3
f 227/167/70 228/168/2 229/169/70
f 230/170/71 227/167/70 229/169/70
f 231/171/71 230/170/71 229/169/70
f 231/171/71 232/172/69 230/170/71
f 231/171/71 233/173/69 232/172/69
f 232/172/69 233/173/69 234/174/68
f 234/174/68 233/173/69 235/175/68
f 236/176/66 234/174/68 235/175/68
f 237/177/66 236/176/66 235/175/68
f 237/177/66 238/178/89 236/176/66
f 237/177/66 239/179/65 238/178/89
f 238/178/89 239/179/65 240/180/64
f 240/180/64 239/179/65 241/181/64
f 242/182/90 240/180/64 241/181/64
f 243/183/91 242/182/90 241/181/64
f 243/131/91 225/132/62 242/133/90
f 243/131/91 226/130/62 225/132/62
f 226/130/62 244/128/92 224/129/61
f 224/129/61 244/128/92 245/127/60
f 245/127/60 244/128/92 246/126/60
f 247/125/59 245/127/60 246/126/60
f 248/124/59 247/125/59 246/126/60
f 248/124/59 249/122/58 247/125/59
f 248/124/59 250/123/58 249/122/58
f 249/122/58 250/123/58 251/121/57
f 251/121/57 250/123/58 252/120/57
f 253/119/56 251/121/57 252/120/57
f 254/118/93 253/119/56 252/120/57
f 254/118/93 255/116/55 253/119/56
f 254/118/93 223/117/55 255/116/55
f 255/116/55 223/117/55 222/115/54
f 219/114/53 222/115/54 221/113/54
f 218/111/52 220/112/53 217/110/88
f 216/109/51 215/108/51 213/107/50
f 214/106/87 210/105/48 212/104/48
f 209/101/86 208/100/46 211/103/47
f 205/163/85 206/164/45 207/165/46
f 201/159/43 204/162/44 203/161/44
f 200/158/84 202/160/43 199/157/42
f 198/156/41 197/155/41 195/153/40
f 196/154/40 192/150/39 194/152/39
f 191/149/38 190/148/37 193/151/38
f 187/145/36 188/146/36 189/147/37
f 183/141/34 186/144/35 185/143/35
f 182/140/33 184/142/34 181/139/33
f 228/168/2 130/86/1 129/85/1
f 177/134/30 180/138/32 179/137/83
f 176/136/27 178/135/30 174/184/27
f 175/132/82 173/130/28 172/129/81
f 171/128/80 169/126/79 170/127/25
f 167/124/24 165/122/23 168/125/24
f 163/120/22 164/121/22 166/123/23
f 159/116/19 162/119/21 161/118/78
f 158/115/18 160/117/77 156/113/18
f 157/114/17 155/112/17 154/111/16
f 153/110/16 151/108/15 152/109/76
f 149/106/14 147/104/13 150/107/14
f 145/101/75 146/103/75 148/105/13
f 141/97/8 144/185/9 143/99/9
f 140/96/74 142/98/8 138/94/73
f 139/95/6 137/93/6 136/92/5
f 130/86/1 228/168/2 256/186/2
f 256/186/2 228/168/2 227/167/70
f 133/89/4 134/90/4 135/91/72
f 257/187/94 258/188/94 259/189/94
f 257/187/94 260/190/94 261/188/94
f 262/191/94 263/192/94 264/190/94
f 262/191/94 265/193/94 266/192/94
f 265/193/94 267/194/94 268/195/94
f 269/195/94 267/194/94 270/196/94
f 271/196/94 272/197/94 273/198/94
f 274/198/94 272/197/94 275/199/94
f 276/200/94 275/199/94 277/201/94
f 278/202/94 279/203/94 280/204/94
f 281/205/94 282/200/94 277/201/94
f 283/206/94 284/207/94 285/203/94
f 286/208/94 287/209/94 288/207/94
f 289/210/94 290/211/94 291/209/94
f 289/210/94 292/212/94 293/211/94
f 292/212/94 294/213/94 295/214/94
f 294/213/94 296/215/94 297/216/94
f 298/217/94 299/218/94 296/215/94
f 300/219/94 301/220/94 298/217/94
f 300/219/94 302/221/94 303/220/94
f 304/222/94 305/223/94 306/221/94
f 307/224/94 308/225/94 309/226/94
f 310/227/94 311/228/94 312/229/94
f 313/230/94 314/231/94 315/232/94
f 316/233/94 312/229/94 313/230/94
f 317/234/94 318/235/94 319/236/94
f 320/237/94 321/238/94 322/235/94
f 323/239/94 324/240/94 325/238/94
f 326/241/94 327/242/94 328/240/94
f 326/241/94 329/243/94 330/242/94
f 329/243/94 331/244/94 332/245/94
f 331/244/94 333/246/94 334/247/94
f 335/248/94 336/249/94 333/246/94
f 337/250/94 338/251/94 335/248/94
f 337/250/94 339/252/94 340/251/94
f 341/253/94 342/254/94 343/252/94
f 344/255/94 345/256/94 346/257/94
f 347/258/94 348/259/94 349/260/94
f 350/261/94 351/262/94 352/263/94
f 353/264/94 349/260/94 350/261/94
f 354/265/94 355/266/94 356/267/94
f 357/268/94 358/269/94 359/266/94
f 360/270/94 361/271/94 362/269/94
f 363/272/94 364/273/94 365/271/94
f 363/272/94 366/274/94 367/273/94
f 366/274/94 368/275/94 369/276/94
f 368/275/94 370/277/94 371/278/94
f 372/279/94 373/280/94 370/277/94
f 374/281/94 375/282/94 372/279/94
f 374/281/94 376/283/94 377/282/94
f 378/284/94 379/285/94 380/283/94
f 381/286/94 382/287/94 383/288/94
f 384/289/94 385/290/94 386/291/94
f 387/292/94 388/293/94 389/294/94
f 390/295/94 386/291/94 387/292/94
f 391/296/94 392/297/94 393/298/94
f 394/299/94 395/300/94 396/297/94
f 397/301/94 398/302/94 399/300/94
f 400/303/94 401/304/94 402/302/94
f 400/303/94 403/305/94 404/304/94
f 405/189/94 406/306/94 257/187/94
f 407/307/94 408/189/94 409/308/94
f 407/307/94 406/306/94 410/189/94
f 411/309/94 407/307/94 412/308/94
f 413/310/94 411/309/94 414/308/94
f 415/310/94 403/305/94 411/309/94
f 416/310/94 417/304/94 403/305/94
f 418/302/94 397/301/94 400/303/94
f 419/300/94 394/299/94 397/301/94
f 420/297/94 391/296/94 394/299/94
f 421/298/94 388/293/94 391/296/94
f 422/298/94 423/294/94 388/293/94
f 424/294/94 425/295/94 387/292/94
f 426/295/94 427/289/94 386/291/94
f 428/289/94 429/286/94 385/290/94
f 383/288/94 385/290/94 430/286/94
f 431/311/94 383/288/94 432/287/94
f 433/285/94 431/311/94 434/287/94
f 435/285/94 378/284/94 431/311/94
f 436/283/94 374/281/94 378/284/94
f 437/280/94 372/279/94 438/282/94
f 439/276/94 440/273/94 366/274/94
f 368/275/94 441/278/94 442/276/94
f 443/271/94 360/270/94 363/272/94
f 444/269/94 357/268/94 360/270/94
f 445/266/94 354/265/94 357/268/94
f 446/267/94 351/262/94 354/265/94
f 447/267/94 448/263/94 351/262/94
f 449/263/94 450/264/94 350/261/94
f 451/264/94 452/258/94 349/260/94
f 453/258/94 454/255/94 348/259/94
f 455/278/94 370/277/94 456/280/94
f 457/312/94 346/257/94 458/256/94
f 459/254/94 457/312/94 460/256/94
f 461/254/94 341/253/94 457/312/94
f 462/252/94 337/250/94 341/253/94
f 463/249/94 335/248/94 464/251/94
f 465/245/94 466/242/94 329/243/94
f 331/244/94 467/247/94 468/245/94
f 469/240/94 323/239/94 326/241/94
f 470/238/94 320/237/94 323/239/94
f 471/235/94 317/234/94 320/237/94
f 472/236/94 314/231/94 317/234/94
f 473/236/94 474/232/94 314/231/94
f 475/232/94 476/233/94 313/230/94
f 477/233/94 478/227/94 312/229/94
f 479/227/94 480/224/94 311/228/94
f 309/226/94 311/228/94 481/224/94
f 482/313/94 309/226/94 483/225/94
f 484/223/94 482/313/94 485/225/94
f 486/223/94 304/222/94 482/313/94
f 487/221/94 300/219/94 304/222/94
f 488/218/94 298/217/94 489/220/94
f 490/214/94 491/211/94 292/212/94
f 294/213/94 492/216/94 493/214/94
f 494/209/94 286/208/94 289/210/94
f 495/207/94 283/206/94 286/208/94
f 496/203/94 278/202/94 283/206/94
f 497/204/94 498/314/94 278/202/94
f 499/204/94 500/205/94 498/314/94
f 498/314/94 501/205/94 277/201/94
f 502/200/94 503/198/94 275/199/94
f 504/196/94 267/194/94 272/197/94
f 505/195/94 506/192/94 265/193/94
f 507/247/94 333/246/94 508/249/94
f 346/257/94 348/259/94 509/255/94
f 257/187/94 262/191/94 510/190/94
f 511/216/94 296/215/94 512/218/94
f 513/315/1 129/85/1 514/316/3
f 515/316/3 131/87/3 516/317/4
f 517/317/4 131/87/3 133/89/4
f 518/318/5 133/89/4 135/91/72
f 519/319/95 520/318/5 135/91/5
f 521/320/73 522/319/6 137/93/6
f 138/94/73 523/320/73 137/93/6
f 142/98/8 524/321/8 138/94/73
f 142/98/8 525/322/9 526/321/8
f 143/102/9 527/323/75 528/324/9
f 143/102/9 145/101/75 529/323/10
f 145/101/75 148/105/13 530/325/13
f 531/325/12 148/105/12 532/326/14
f 533/326/14 149/106/14 534/327/15
f 535/327/15 149/106/14 151/108/15
f 536/328/16 151/108/15 153/110/16
f 537/329/17 538/328/16 153/110/16
f 539/330/18 540/329/96 155/112/96
f 156/113/18 541/330/18 155/112/17
f 160/117/77 542/32/19 156/113/18
f 160/117/77 543/331/21 544/32/77
f 161/118/21 545/332/97 546/331/21
f 161/118/78 163/120/22 547/332/97
f 163/120/22 166/123/23 548/333/23
f 549/333/23 166/123/23 550/334/24
f 551/334/24 167/124/24 552/335/25
f 553/335/25 167/124/24 169/126/79
f 554/336/26 169/126/79 171/128/80
f 555/337/28 556/336/98 171/128/98
f 557/338/99 558/337/28 173/130/28
f 174/131/27 559/338/27 173/130/28
f 178/135/30 560/321/30 174/184/27
f 178/135/30 561/320/83 562/321/30
f 179/137/83 563/319/33 564/320/83
f 179/137/83 181/139/33 565/319/33
f 181/139/33 184/142/34 566/318/34
f 567/318/34 184/142/34 568/317/35
f 569/317/35 185/143/35 570/316/36
f 571/316/36 185/143/35 187/145/36
f 572/315/37 187/145/36 189/147/37
f 573/32/38 574/315/37 189/147/37
f 575/339/39 576/32/38 191/149/38
f 577/340/40 578/339/39 192/150/39
f 196/154/40 579/340/40 192/150/39
f 197/155/41 580/341/41 196/154/40
f 197/155/41 581/342/84 582/341/41
f 199/157/84 583/343/43 584/342/84
f 199/157/42 202/160/43 585/343/43
f 202/160/43 203/161/44 586/344/44
f 587/344/44 203/161/44 588/345/85
f 589/345/85 205/163/85 590/346/100
f 591/346/101 205/163/85 207/165/46
f 592/323/47 207/102/46 209/101/86
f 593/325/48 594/323/47 209/101/47
f 595/326/102 596/325/103 210/105/103
f 214/106/87 597/326/50 210/105/48
f 215/108/51 598/327/51 214/106/87
f 215/108/51 599/328/88 600/327/51
f 217/110/52 601/329/53 602/328/52
f 217/110/88 220/112/53 603/329/53
f 220/112/53 221/113/54 604/330/54
f 248/124/59 605/334/59 250/123/58
f 606/335/60 607/334/59 248/124/59
f 241/181/64 239/179/65 608/344/65
f 239/179/65 609/343/66 610/344/65
f 611/316/3 129/85/1 131/87/3
f 229/169/70 612/32/2 613/339/70
f 231/171/71 229/169/70 614/339/70
f 615/340/71 231/171/71 616/339/70
f 617/340/71 233/173/69 231/171/71
f 618/340/71 619/341/69 233/173/69
f 233/173/69 620/341/69 235/175/68
f 235/175/68 621/341/69 622/342/68
f 237/177/66 235/175/68 623/342/68
f 624/343/66 237/177/66 625/342/68
f 626/343/66 239/179/65 237/177/66
f 627/344/104 628/345/64 241/181/64
f 241/181/64 629/345/64 243/183/91
f 243/183/105 630/345/64 631/346/105
f 226/130/62 243/131/91 632/338/91
f 633/337/62 226/130/62 634/338/91
f 635/337/62 244/128/92 226/130/62
f 636/337/62 637/336/61 244/128/61
f 244/128/92 638/336/106 246/126/60
f 246/126/60 639/336/92 640/335/60
f 248/124/59 246/126/60 641/335/60
f 642/333/58 250/123/107 643/334/59
f 644/333/58 252/120/57 250/123/58
f 645/333/58 646/332/57 252/120/57
f 252/120/57 647/332/108 254/118/93
f 254/118/56 648/332/108 649/331/56
f 223/117/55 254/118/93 650/331/56
f 651/32/55 223/117/55 652/331/56
f 653/32/55 221/113/54 223/117/55
f 654/32/55 655/330/54 221/113/54
f 220/112/109 656/330/54 657/329/109
f 217/110/88 658/328/88 215/108/51
f 659/327/51 660/326/50 214/106/110
f 661/325/48 209/101/86 210/105/48
f 662/324/46 207/102/46 663/323/47
f 203/161/44 205/163/85 664/345/85
f 202/160/43 665/344/44 666/343/43
f 199/157/42 667/342/84 197/155/41
f 668/341/41 669/340/40 196/154/40
f 670/339/39 191/149/38 192/150/39
f 671/32/38 189/147/37 191/149/38
f 672/316/36 187/145/36 673/315/37
f 184/142/34 185/143/35 674/317/35
f 181/139/33 675/318/34 676/319/33
f 179/137/83 677/320/32 178/135/30
f 678/321/30 679/322/111 174/184/111
f 680/337/28 171/128/80 173/130/28
f 681/335/25 169/126/25 682/336/81
f 166/123/23 167/124/24 683/334/24
f 163/120/22 684/333/23 685/332/22
f 161/118/78 686/331/21 160/117/77
f 687/32/19 688/330/18 156/113/18
f 689/329/17 153/110/16 155/112/17
f 690/327/15 151/108/15 691/328/16
f 148/105/13 149/106/14 692/326/14
f 145/101/75 693/325/13 694/323/75
f 143/99/9 695/322/9 142/98/8
f 696/321/8 697/320/73 138/94/73
f 698/319/6 135/91/72 137/93/6
f 699/317/4 133/89/4 700/318/5
f 129/85/1 701/32/2 228/168/2
f 228/168/2 702/32/2 229/169/70
f 129/85/1 703/315/1 704/32/2
f 705/347/94 706/348/94 707/349/94
f 708/350/94 706/348/94 705/347/94
f 709/351/94 706/348/94 708/350/94
f 710/352/94 706/348/94 709/351/94
f 711/353/94 712/354/94 706/348/94
f 711/353/94 706/348/94 710/352/94
f 712/354/94 713/355/94 706/348/94
f 713/355/94 714/356/94 706/348/94
f 706/348/94 714/356/94 715/357/94
f 706/348/94 715/357/94 716/358/94
f 706/348/94 716/358/94 717/359/94
f 718/360/94 706/348/94 719/361/94
f 706/348/94 717/359/94 719/361/94
f 720/362/94 721/363/94 706/348/94
f 721/363/94 722/364/94 706/348/94
f 706/348/94 722/364/94 723/365/94
f 706/348/94 723/365/94 724/366/94
f 706/348/94 724/366/94 725/367/94
f 726/368/94 706/348/94 727/369/94
f 706/348/94 725/367/94 727/369/94
f 728/370/94 706/348/94 726/368/94
f 729/371/94 706/348/94 728/370/94
f 729/371/94 730/372/94 706/348/94
f 730/372/94 731/373/94 706/348/94
f 731/373/94 732/374/94 706/348/94
f 706/348/94 733/375/94 734/376/94
f 732/374/94 733/375/94 706/348/94
f 706/348/94 734/376/94 735/377/94
f 706/348/94 735/377/94 736/378/94
f 720/362/94 706/348/94 718/360/94
f 737/187/112 738/378/113 739/191/113
f 740/191/114 741/378/114 742/193/115
f 743/193/116 744/378/114 745/377/117
f 746/194/117 747/193/118 748/377/117
f 749/197/119 750/377/117 751/376/120
f 752/199/120 753/197/119 754/376/120
f 755/201/121 756/199/122 757/376/122
f 758/375/123 759/201/121 760/376/122
f 761/202/124 762/314/123 763/375/123
f 764/374/125 765/202/124 766/375/123
f 767/374/125 768/206/125 769/202/124
f 770/373/126 771/208/127 772/374/128
f 773/373/126 774/210/126 775/208/127
f 776/373/126 777/212/129 778/210/126
f 779/373/126 780/372/130 781/212/131
f 782/372/132 783/215/133 784/213/132
f 785/372/132 786/371/134 787/215/133
f 788/215/133 789/371/134 790/217/134
f 791/217/134 792/371/134 793/219/135
f 794/219/135 795/370/136 796/222/136
f 797/222/137 798/370/137 799/313/138
f 800/313/139 801/370/137 802/368/140
f 803/226/140 804/313/141 805/368/140
f 806/228/142 807/368/140 808/369/143
f 809/229/143 810/228/142 811/369/143
f 812/230/144 813/229/145 814/369/146
f 815/231/147 816/230/144 817/367/147
f 818/234/148 819/231/147 820/367/147
f 821/366/149 822/234/148 823/367/147
f 824/366/149 825/237/149 826/234/148
f 827/365/150 828/239/151 829/366/152
f 830/365/150 831/241/150 832/239/151
f 833/365/150 834/243/153 835/241/150
f 836/365/150 837/364/154 838/243/155
f 839/364/156 840/246/157 841/244/156
f 842/364/156 843/363/158 844/246/157
f 845/246/157 846/363/159 847/248/159
f 848/363/158 849/362/160 850/250/161
f 851/250/161 852/362/160 853/253/160
f 854/253/162 855/362/162 856/312/163
f 857/312/164 858/362/162 859/360/165
f 860/257/165 861/360/165 862/259/166
f 863/259/166 864/360/165 865/361/167
f 866/260/167 867/259/166 868/361/167
f 869/261/168 870/260/169 871/361/169
f 872/262/170 873/261/168 874/359/170
f 875/265/171 876/262/170 877/359/170
f 878/358/172 879/265/171 880/359/170
f 881/270/173 882/268/174 883/358/175
f 884/357/176 885/270/173 886/358/174
f 887/357/176 888/272/176 889/270/173
f 890/357/176 891/274/177 892/272/176
f 893/356/178 894/275/178 895/274/179
f 896/356/180 897/277/181 898/275/180
f 899/356/180 900/355/182 901/277/181
f 902/277/181 903/355/183 904/279/183
f 905/355/183 906/354/184 907/281/185
f 908/281/185 909/354/184 910/284/184
f 911/353/186 912/290/187 913/288/186
f 914/292/188 915/352/189 916/351/190
f 917/349/191 918/305/192 919/347/193
f 920/347/193 921/305/194 922/303/193
f 923/307/195 924/349/196 925/348/197
f 926/307/195 927/309/196 928/349/196
f 929/306/198 930/348/198 931/187/112
f 932/305/199 933/349/191 934/309/191
f 935/350/200 936/299/200 937/296/201
f 938/303/193 939/301/202 940/347/193
f 941/347/193 942/301/202 943/350/203
f 944/350/203 945/301/202 946/299/203
f 947/351/190 948/350/200 949/296/201
f 950/293/190 951/351/190 952/296/201
f 953/293/190 954/292/188 955/351/190
f 956/292/188 957/291/189 958/352/189
f 959/352/204 960/291/204 961/290/205
f 962/353/186 963/352/204 964/290/205
f 965/311/206 966/353/186 967/288/186
f 968/311/207 969/354/208 970/353/186
f 971/311/209 972/284/208 973/354/208
f 974/355/210 975/281/185 976/279/210
f 977/356/178 978/274/211 979/357/176
f 980/268/172 981/265/171 982/358/172
f 983/261/168 984/361/169 985/359/170
f 986/312/212 987/360/165 988/257/165
f 989/363/159 990/250/161 991/248/159
f 992/364/154 993/244/154 994/243/213
f 995/239/151 996/237/214 997/366/152
f 998/230/144 999/369/146 1000/367/147
f 1001/226/140 1002/368/140 1003/228/142
f 1004/371/134 1005/370/136 1006/219/135
f 1007/372/130 1008/213/130 1009/212/215
f 1010/208/127 1011/206/216 1012/374/217
f 1013/314/123 1014/201/121 1015/375/123
f 1016/378/113 1017/187/112 1018/348/198
f 1019/348/198 1020/306/198 1021/307/195
f 1022/377/117 1023/197/119 1024/194/117
f 1025/379/218 1026/380/219 1027/381/220
f 1025/379/218 1028/382/221 1029/383/222
f 1030/384/223 1031/385/224 1032/386/225
f 1030/384/223 1033/387/226 1031/385/224
f 1034/388/227 1035/389/228 1036/390/229
f 1034/388/227 1037/391/230 1038/392/231
f 1039/393/232 1040/394/233 1041/395/234
f 1039/393/232 1042/396/235 1043/397/236
f 1044/398/237 1045/399/238 1046/400/239
f 1044/398/237 1047/401/240 1036/390/229
f 1048/402/241 1049/403/242 1050/404/243
f 1048/402/241 1051/405/244 1049/403/242
f 1052/406/245 1053/407/246 1054/408/247
f 1052/406/245 1055/409/248 1056/410/249
f 1057/411/250 1058/412/251 1033/387/226
f 1057/411/250 1059/413/252 1058/412/251
f 1060/414/253 1061/415/254 1062/416/255
f 1060/414/253 1056/410/249 1055/409/248
f 1063/417/256 1064/418/257 1065/419/258
f 1063/417/256 1066/420/259 1067/421/260
f 1068/422/261 1069/80/262 1070/423/263
f 1068/422/261 1071/424/264 1072/79/265
f 1073/425/266 1074/426/267 1075/427/268
f 1073/428/266 1076/429/269 1077/430/270
f 1078/431/271 1079/432/272 1080/433/273
f 1078/434/271 1081/435/274 1082/436/275
f 1083/437/276 1058/412/251 1084/438/277
f 1083/437/276 1085/439/278 1058/412/251
f 1086/440/279 1045/399/238 1087/441/280
f 1086/440/279 1088/442/281 1089/443/282
f 1090/444/283 1053/407/246 1091/445/284
f 1090/444/283 1092/446/285 1093/447/286
f 1094/448/287 1095/449/288 1096/450/289
f 1094/448/287 1097/451/290 1098/452/291
f 1099/453/292 1049/403/242 1100/454/293
f 1099/453/292 1101/455/294 1050/404/243
f 1102/456/295 1103/457/296 1104/458/297
f 1102/456/295 1105/459/298 1106/460/299
f 1107/461/300 1108/462/301 1109/463/302
f 1107/464/300 1110/465/303 1108/466/301
f 1111/467/304 1112/468/305 1113/469/306
f 1111/467/304 1050/404/243 1112/468/305
f 1114/470/307 1115/82/308 1116/81/309
f 1114/470/310 1070/423/263 1117/80/311
f 1118/471/312 1119/472/313 1120/473/314
f 1118/471/312 1121/474/315 1119/472/313
f 1122/475/316 1123/476/317 1082/477/275
f 1122/475/316 1124/478/318 1120/473/314
f 1125/479/319 1126/480/320 1127/481/321
f 1125/479/319 1128/482/322 1126/480/320
f 1129/483/323 1130/484/324 1131/485/325
f 1129/486/323 1132/487/326 1130/488/324
f 1133/489/327 1134/35/328 1135/490/329
f 1133/489/327 1136/491/330 1137/33/331
f 1096/450/289 1138/492/332 1094/448/287
f 1096/450/289 1139/493/333 1140/494/334
f 1141/495/335 1142/496/336 1143/497/337
f 1141/495/335 1095/449/288 1144/498/338
f 1145/499/339 1146/500/340 1147/501/341
f 1145/499/339 1148/502/342 1146/500/340
f 1149/503/343 1150/504/344 1151/505/345
f 1149/503/343 1152/506/346 1150/504/344
f 1153/507/347 1154/508/348 1155/509/349
f 1153/507/347 1156/510/350 1157/511/351
f 1158/512/352 1159/513/353 1160/514/354
f 1158/512/352 1161/515/355 1159/513/353
f 1162/516/356 1163/517/357 1164/518/358
f 1162/516/356 1165/519/359 1166/520/360
f 1043/397/236 1167/521/361 1168/522/362
f 1043/397/236 1040/394/233 1039/393/232
f 1169/523/363 1170/58/364 1171/45/365
f 1169/523/363 1172/524/366 1173/58/364
f 1174/525/367 1175/526/368 1176/54/369
f 1174/525/367 1177/527/370 1175/526/368
f 1178/528/371 1179/529/372 1180/530/373
f 1178/531/371 1181/532/374 1182/533/375
f 1183/534/376 1184/75/377 1185/535/378
f 1183/536/376 1186/524/379 1187/58/380
f 1188/537/381 1189/70/382 1190/538/383
f 1188/537/381 1191/539/384 1192/540/385
f 1193/541/386 1194/24/387 1195/542/388
f 1193/541/386 1196/543/389 1197/544/390
f 1198/545/391 1101/455/294 1099/453/292
f 1198/545/391 1199/546/392 1101/455/294
f 1063/547/256 1200/548/393 1066/549/259
f 1065/419/258 1201/550/394 1202/551/395
f 1203/552/396 1204/553/397 1205/554/398
f 1203/552/396 1206/555/399 1207/556/400
f 1208/557/401 1209/558/402 1210/559/403
f 1208/557/401 1211/560/404 1212/561/405
f 1213/562/406 1207/556/400 1206/555/399
f 1213/562/406 1092/446/285 1214/563/407
f 1027/381/220 1215/564/408 1025/379/218
f 1027/565/220 1097/451/290 1216/566/409
f 1217/567/410 1212/561/405 1211/560/404
f 1217/567/410 1088/442/281 1218/568/411
f 1219/569/412 1167/570/361 1042/571/235
f 1219/569/412 1156/510/350 1167/570/361
f 1220/572/413 1106/573/299 1218/568/411
f 1220/572/413 1221/574/414 1103/575/296
f 1222/576/415 1223/4/416 1224/5/417
f 1222/576/415 1225/577/418 1226/578/419
f 1227/579/420 1228/580/421 1229/581/422
f 1227/579/420 1100/454/293 1051/405/244
f 1230/582/423 1231/583/424 1232/584/425
f 1230/582/423 1233/585/426 1062/416/255
f 1234/586/427 1235/587/428 1236/588/429
f 1234/586/427 1084/438/277 1059/413/252
f 1166/520/360 1177/527/370 1174/525/367
f 1166/520/360 1110/465/303 1177/527/370
f 1106/460/299 1237/589/430 1218/590/411
f 1106/460/299 1103/457/296 1102/456/295
f 1238/591/431 1239/29/432 1240/592/433
f 1238/591/431 1241/593/434 1242/27/435
f 1243/594/436 1244/595/437 1104/458/297
f 1243/594/436 1245/596/438 1246/597/439
f 1247/598/440 1207/599/400 1155/509/349
f 1247/598/440 1248/600/441 1204/601/397
f 1249/602/442 1250/603/443 1251/604/444
f 1249/602/442 1252/605/445 1250/603/443
f 1029/383/222 1253/606/446 1026/380/219
f 1029/383/222 1254/607/447 1253/606/446
f 1255/608/448 1256/609/449 1257/610/450
f 1255/608/448 1258/611/451 1251/604/444
f 1228/580/421 1259/612/452 1260/613/453
f 1228/580/421 1051/405/244 1259/612/452
f 1231/583/424 1261/614/454 1262/615/455
f 1231/583/424 1062/416/255 1261/614/454
f 1235/587/428 1263/616/456 1264/617/457
f 1235/587/428 1059/413/252 1263/616/456
f 1265/618/458 1266/619/459 1267/620/460
f 1265/618/458 1268/9/461 1269/621/462
f 1109/463/302 1270/622/463 1271/623/464
f 1109/463/302 1108/462/301 1270/622/463
f 1067/421/260 1272/624/465 1064/418/257
f 1067/421/260 1273/625/466 1216/566/409
f 1274/626/467 1212/599/405 1237/589/430
f 1274/626/467 1275/627/468 1209/601/402
f 1276/628/469 1215/564/408 1273/629/466
f 1276/628/469 1241/593/434 1028/382/221
f 1277/630/470 1278/631/471 1279/632/472
f 1277/630/470 1280/633/473 1119/472/313
f 1281/634/474 1282/635/475 1283/636/476
f 1281/634/474 1284/637/477 1285/638/478
f 1286/639/479 1287/640/480 1288/641/481
f 1286/642/479 1289/643/482 1290/644/483
f 1291/645/484 1292/646/485 1150/647/344
f 1291/645/484 1293/648/486 1292/646/485
f 1294/649/487 1295/24/488 1296/27/489
f 1294/649/490 1297/650/491 1298/651/492
f 1299/652/493 1300/40/494 1301/42/495
f 1299/652/493 1302/653/496 1303/654/497
f 1304/655/498 1103/575/296 1221/574/414
f 1304/655/498 1305/656/499 1306/657/500
f 1307/658/501 1130/484/324 1308/659/502
f 1307/658/501 1309/18/503 1131/485/325
f 1310/660/504 1126/480/320 1311/661/505
f 1310/660/504 1312/64/506 1127/481/321
f 1313/662/507 1278/631/471 1121/474/315
f 1313/662/507 1314/663/508 1279/632/472
f 1315/664/509 1079/432/272 1123/476/317
f 1315/664/509 1267/620/460 1266/619/459
f 1316/665/510 1160/514/354 1031/385/224
f 1316/665/510 1317/666/511 1160/514/354
f 1318/667/512 1319/668/513 1320/669/514
f 1318/667/512 1321/670/515 1319/668/513
f 1322/671/516 1323/672/517 1324/673/518
f 1322/671/516 1325/674/519 1323/672/517
f 1326/675/520 1168/522/362 1091/445/284
f 1326/675/520 1233/585/426 1040/394/233
f 1214/676/407 1155/509/349 1207/599/400
f 1214/563/407 1327/677/521 1328/678/522
f 1329/679/523 1330/35/524 1331/38/525
f 1329/679/523 1332/680/526 1333/33/527
f 1334/681/528 1335/682/529 1336/683/530
f 1334/681/528 1337/684/531 1338/685/532
f 1339/686/533 1340/687/534 1341/688/535
f 1339/686/533 1342/689/536 1343/690/537
f 1344/691/538 1345/692/539 1139/493/333
f 1344/691/538 1346/693/540 1347/694/541
f 1348/695/542 1349/696/543 1350/697/544
f 1348/695/542 1351/698/545 1352/699/546
f 1353/700/547 1354/701/548 1352/699/546
f 1353/700/547 1355/702/549 1356/703/550
f 1338/685/532 1357/704/551 1335/682/529
f 1338/685/532 1358/705/552 1359/706/553
f 1356/703/550 1360/707/554 1354/701/548
f 1356/703/550 1361/708/555 1362/709/556
f 1363/710/557 1364/83/558 1365/48/559
f 1169/523/363 1366/711/560 1172/524/366
f 1367/712/561 1368/50/562 1369/51/563
f 1367/712/561 1370/713/564 1371/48/559
f 1372/714/565 1373/715/566 1374/716/567
f 1372/714/565 1375/717/568 1373/715/566
f 1376/718/569 1251/604/444 1349/696/543
f 1376/718/569 1256/609/449 1251/604/444
f 1377/719/570 1378/720/571 1379/721/572
f 1377/719/570 1380/722/573 1378/720/571
f 1381/723/574 1305/656/499 1382/724/575
f 1381/723/574 1349/696/543 1250/603/443
f 1383/725/576 1384/81/309 1385/2/577
f 1383/725/576 1280/633/473 1114/470/310
f 1222/576/415 1386/1/578 1387/4/416
f 1226/578/419 1388/726/579 1389/2/577
f 1390/727/580 1236/588/429 1093/447/286
f 1390/727/580 1391/728/581 1392/729/582
f 1391/728/581 1393/730/583 1321/670/515
f 1391/728/581 1394/731/584 1206/555/399
f 1395/732/585 1232/584/425 1098/452/291
f 1395/732/585 1396/733/586 1041/395/234
f 1396/733/586 1253/734/446 1039/393/232
f 1396/733/586 1397/735/587 1026/736/219
f 1398/737/588 1229/581/422 1089/443/282
f 1398/737/588 1399/738/589 1400/739/590
f 1399/738/589 1401/740/591 1325/674/519
f 1399/738/589 1402/741/592 1211/560/404
f 1038/392/231 1035/389/228 1034/388/227
f 1038/392/231 1350/697/544 1382/724/575
f 1032/386/225 1031/385/224 1160/514/354
f 1032/386/225 1403/742/593 1030/384/223
f 1404/743/594 1154/508/348 1157/511/351
f 1404/743/594 1405/40/595 1248/600/441
f 1347/694/541 1146/500/340 1345/692/539
f 1347/694/541 1406/744/596 1147/501/341
f 1279/632/472 1407/745/597 1277/630/470
f 1279/632/472 1314/663/508 1408/746/598
f 1077/430/599 1409/15/600 1410/84/601
f 1077/430/270 1411/747/602 1412/12/603
f 1192/540/385 1413/68/604 1188/537/381
f 1192/540/385 1127/481/321 1414/66/605
f 1197/544/390 1415/22/606 1193/541/386
f 1197/544/390 1131/485/325 1416/20/607
f 1417/748/608 1292/646/485 1418/749/609
f 1417/748/608 1419/750/610 1420/751/611
f 1421/752/612 1373/715/566 1375/717/568
f 1421/752/612 1422/753/613 1423/754/614
f 1424/755/615 1378/720/571 1380/722/573
f 1424/755/615 1425/756/616 1426/757/617
f 1427/758/618 1419/750/610 1428/759/619
f 1427/758/618 1429/760/620 1419/750/610
f 1325/674/519 1400/739/590 1399/738/589
f 1400/739/590 1322/671/516 1100/454/293
f 1321/670/515 1392/729/582 1391/728/581
f 1392/729/582 1318/667/512 1084/438/277
f 1247/598/440 1154/508/348 1248/600/441
f 1153/507/347 1328/761/522 1156/510/350
f 1430/762/621 1151/763/345 1150/647/344
f 1430/762/621 1429/760/620 1081/435/274
f 1431/764/622 1432/765/623 1128/482/322
f 1431/764/622 1164/518/358 1432/765/623
f 1285/638/478 1433/766/624 1132/487/326
f 1285/767/478 1284/768/477 1433/769/624
f 1434/770/625 1435/771/626 1436/772/627
f 1434/773/625 1408/746/598 1314/663/508
f 1437/774/628 1438/56/629 1439/775/630
f 1437/774/628 1440/776/631 1441/55/632
f 1050/404/243 1442/777/633 1048/402/241
f 1442/777/633 1111/467/304 1443/778/634
f 1444/779/635 1445/780/636 1446/781/637
f 1444/779/635 1246/597/439 1245/596/438
f 1140/494/334 1345/692/539 1146/500/340
f 1140/494/334 1138/492/332 1096/450/289
f 1256/609/449 1354/701/548 1360/707/554
f 1354/701/548 1376/718/569 1352/699/546
f 1375/717/568 1335/682/529 1357/704/551
f 1335/682/529 1372/714/565 1336/683/530
f 1380/722/573 1340/687/534 1159/513/353
f 1340/687/534 1377/719/570 1341/688/535
f 1447/782/638 1448/31/639 1332/680/526
f 1447/782/638 1449/783/640 1450/29/641
f 1133/489/642 1451/33/643 1452/35/644
f 1136/491/330 1453/784/645 1454/31/646
f 1080/433/273 1151/505/345 1078/431/271
f 1149/503/343 1266/619/459 1152/506/346
f 1205/554/398 1366/785/560 1455/786/647
f 1205/787/398 1204/601/397 1172/524/366
f 1210/559/403 1456/788/648 1457/789/649
f 1210/787/403 1209/601/402 1186/524/379
f 1034/388/227 1047/401/240 1037/391/230
f 1036/390/229 1045/399/238 1044/398/237
f 1033/387/226 1458/790/650 1057/411/250
f 1458/790/650 1030/384/223 1403/742/593
f 1357/704/551 1459/791/651 1460/792/652
f 1357/704/551 1359/706/553 1459/791/651
f 1360/707/554 1461/793/653 1257/610/450
f 1360/707/554 1362/709/556 1461/793/653
f 1272/624/465 1138/492/332 1140/494/334
f 1272/624/465 1216/566/409 1097/451/290
f 1270/622/463 1085/439/278 1320/669/514
f 1316/665/510 1108/462/301 1317/666/511
f 1060/414/253 1055/409/248 1061/415/254
f 1056/410/249 1053/407/246 1052/406/245
f 1428/759/619 1419/750/610 1417/748/608
f 1428/759/619 1462/794/654 1427/758/618
f 1374/716/567 1373/715/566 1423/754/614
f 1374/716/567 1336/683/530 1372/714/565
f 1379/721/572 1378/720/571 1426/757/617
f 1379/721/572 1341/688/535 1377/719/570
f 1293/648/486 1076/795/269 1073/796/266
f 1076/429/269 1291/797/484 1152/506/346
f 1068/422/655 1463/79/265 1464/80/311
f 1071/424/264 1408/746/598 1465/798/656
f 1178/531/371 1370/713/564 1367/712/561
f 1180/799/373 1366/800/560 1363/710/557
f 1175/526/368 1177/527/370 1466/801/657
f 1174/525/367 1467/54/369 1440/776/631
f 1290/802/483 1258/611/451 1287/640/480
f 1290/644/483 1446/781/637 1445/780/636
f 1102/456/295 1244/595/437 1105/459/298
f 1243/594/436 1306/803/500 1245/596/438
f 1162/516/356 1166/520/360 1163/517/357
f 1177/527/370 1107/464/300 1468/804/658
f 1469/805/659 1470/44/660 1471/58/380
f 1469/805/661 1275/627/468 1472/42/495
f 1146/500/340 1148/502/342 1140/494/334
f 1145/499/339 1147/501/341 1418/749/609
f 1185/535/662 1473/75/377 1474/76/663
f 1183/536/376 1456/711/648 1186/524/379
f 1475/806/664 1476/44/665 1477/58/364
f 1475/806/666 1248/600/441 1478/42/667
f 1479/807/668 1436/772/627 1457/789/649
f 1479/808/668 1480/809/669 1436/810/627
f 1159/513/353 1343/690/537 1160/514/354
f 1159/513/353 1161/515/355 1380/722/573
f 1329/679/523 1481/33/527 1482/35/670
f 1332/680/526 1246/597/439 1447/782/638
f 1150/647/344 1420/751/611 1430/762/621
f 1150/504/344 1152/506/346 1291/797/484
f 1483/811/671 1128/482/322 1125/479/319
f 1483/812/671 1426/757/617 1425/756/616
f 1484/813/672 1132/487/326 1129/486/323
f 1484/813/672 1423/754/614 1422/753/613
f 1123/476/317 1225/577/418 1315/664/509
f 1123/476/317 1120/473/314 1485/814/673
f 1119/472/313 1280/633/473 1485/814/673
f 1119/472/313 1121/474/315 1278/631/471
f 1240/592/433 1486/29/432 1487/31/646
f 1238/591/431 1028/382/221 1241/593/434
f 1139/493/333 1143/497/337 1344/691/538
f 1139/493/333 1096/450/289 1141/495/335
f 1220/572/413 1103/575/296 1106/573/299
f 1304/655/498 1382/724/575 1305/656/499
f 1327/677/521 1091/445/284 1168/522/362
f 1327/677/521 1092/446/285 1090/444/283
f 1213/562/406 1394/731/584 1092/446/285
f 1206/555/399 1393/730/583 1391/728/581
f 1217/567/410 1402/741/592 1088/442/281
f 1211/560/404 1401/740/591 1399/738/589
f 1027/565/220 1397/735/587 1097/451/290
f 1026/736/219 1253/734/446 1396/733/586
f 1461/793/653 1288/641/481 1257/610/450
f 1461/793/653 1362/709/556 1423/754/614
f 1459/791/651 1283/636/476 1460/792/652
f 1459/791/651 1359/706/553 1426/757/617
f 1067/421/260 1216/566/409 1272/624/465
f 1273/629/466 1297/650/491 1276/628/469
f 1182/815/375 1271/623/464 1179/529/372
f 1109/816/302 1468/804/658 1107/464/300
f 1220/572/413 1218/568/411 1087/441/280
f 1237/589/430 1302/653/496 1274/626/467
f 1488/817/674 1489/818/675 1490/819/676
f 1488/817/674 1491/820/677 1492/821/678
f 1493/822/679 1494/823/680 1492/821/678
f 1493/822/679 1495/824/681 1113/469/306
f 1269/621/462 1496/10/682 1497/12/603
f 1269/621/462 1266/619/459 1265/618/458
f 1293/648/486 1201/550/394 1418/749/609
f 1202/551/395 1200/825/393 1065/419/258
f 1243/594/436 1246/597/439 1332/680/526
f 1245/596/438 1445/780/636 1444/779/635
f 1294/649/487 1498/22/683 1499/24/488
f 1298/651/492 1500/826/684 1501/20/685
f 1043/397/236 1168/522/362 1326/675/520
f 1167/570/361 1156/510/350 1328/761/522
f 1455/786/647 1366/785/560 1180/530/373
f 1205/554/398 1393/730/583 1203/552/396
f 1457/789/649 1456/788/648 1479/807/668
f 1210/559/403 1401/740/591 1208/557/401
f 1502/827/686 1503/51/563 1504/52/687
f 1502/827/686 1181/532/374 1367/712/561
f 1299/652/493 1505/37/688 1506/40/689
f 1303/654/497 1507/828/690 1508/38/691
f 1254/607/447 1453/784/645 1136/491/330
f 1453/784/645 1029/383/222 1028/382/221
f 1199/546/392 1314/829/508 1313/830/507
f 1314/829/508 1198/545/391 1435/771/626
f 1114/470/692 1509/80/311 1510/82/693
f 1068/422/261 1407/745/597 1071/424/264
f 1043/831/236 1042/571/235 1167/570/361
f 1039/393/232 1041/395/234 1396/733/586
f 1430/762/621 1419/750/610 1429/760/620
f 1420/751/611 1292/646/485 1417/748/608
f 1071/424/264 1511/78/694 1512/79/265
f 1465/798/656 1513/832/695 1514/77/696
f 1270/622/463 1316/665/510 1085/439/278
f 1158/512/352 1165/833/359 1161/515/355
f 1074/426/267 1515/16/697 1075/427/268
f 1077/430/270 1076/429/269 1411/747/602
f 1516/834/698 1283/835/476 1483/811/671
f 1516/834/698 1517/836/699 1283/835/476
f 1518/837/700 1288/641/481 1484/813/672
f 1518/837/700 1519/838/701 1288/641/481
f 1051/405/244 1100/454/293 1049/403/242
f 1400/739/590 1227/579/420 1229/581/422
f 1144/498/338 1098/452/291 1232/584/425
f 1144/498/338 1095/449/288 1098/452/291
f 1046/400/239 1089/443/282 1229/581/422
f 1046/400/239 1045/399/238 1089/443/282
f 1062/416/255 1233/585/426 1326/675/520
f 1041/395/234 1230/582/423 1232/584/425
f 1054/408/247 1093/447/286 1236/588/429
f 1054/408/247 1053/407/246 1093/447/286
f 1059/413/252 1084/438/277 1058/412/251
f 1392/729/582 1234/586/427 1236/588/429
f 1425/839/616 1128/482/322 1483/811/671
f 1431/764/622 1520/840/702 1164/518/358
f 1422/753/613 1132/487/326 1484/813/672
f 1285/638/478 1282/635/475 1281/634/474
f 1077/430/703 1521/12/603 1522/15/600
f 1269/621/462 1152/506/346 1266/619/459
f 1298/651/704 1523/20/685 1524/22/683
f 1500/826/684 1075/427/268 1525/18/705
f 1445/841/636 1249/602/442 1258/611/451
f 1252/605/445 1306/657/500 1305/656/499
f 1480/809/669 1513/832/695 1465/798/656
f 1185/535/378 1479/808/668 1456/842/648
f 1304/655/498 1306/657/500 1104/843/297
f 1305/656/499 1250/603/443 1252/605/445
f 1433/769/624 1308/844/502 1130/845/324
f 1433/769/624 1284/768/477 1190/538/383
f 1432/765/623 1311/661/505 1126/480/320
f 1432/765/623 1164/518/358 1439/775/630
f 1444/779/635 1449/783/640 1447/782/638
f 1446/781/637 1289/643/482 1195/542/388
f 1417/748/608 1147/501/341 1428/759/619
f 1145/499/339 1201/550/394 1148/502/342
f 1350/697/544 1526/846/706 1348/695/542
f 1038/392/231 1382/724/575 1035/389/228
f 1032/386/225 1342/689/536 1403/742/593
f 1343/690/537 1340/687/534 1339/686/533
f 1466/801/657 1527/52/687 1528/53/707
f 1502/827/686 1468/804/658 1181/532/374
f 1303/654/708 1529/38/691 1530/37/688
f 1329/679/523 1244/595/437 1332/680/526
f 1531/847/709 1121/848/315 1118/849/312
f 1531/847/709 1494/823/680 1532/850/710
f 1533/851/711 1082/436/275 1081/435/274
f 1533/851/711 1534/852/712 1124/853/318
f 1435/771/626 1324/673/518 1323/672/517
f 1198/545/391 1314/829/508 1199/546/392
f 1163/517/357 1440/776/631 1164/518/358
f 1166/520/360 1165/519/359 1110/465/303
f 1319/668/513 1179/529/372 1271/623/464
f 1319/668/513 1321/670/515 1455/786/647
f 1323/672/517 1436/772/627 1435/771/626
f 1323/672/517 1325/674/519 1457/789/649
f 1439/775/630 1535/56/629 1536/60/713
f 1437/774/628 1164/518/358 1440/776/631
f 1190/538/383 1537/70/382 1538/72/714
f 1188/537/381 1284/768/477 1191/539/384
f 1195/542/388 1539/24/715 1540/27/716
f 1193/541/386 1289/643/482 1196/543/389
f 1135/490/329 1541/35/644 1542/38/717
f 1133/489/327 1543/854/718 1136/491/330
f 1157/511/719 1544/38/717 1545/37/720
f 1135/490/329 1156/510/350 1219/569/412
f 1394/731/584 1093/447/286 1092/446/285
f 1236/588/429 1390/727/580 1392/729/582
f 1402/741/592 1089/443/282 1088/442/281
f 1229/581/422 1398/737/588 1400/739/590
f 1397/735/587 1098/452/291 1097/451/290
f 1232/584/425 1395/732/585 1041/395/234
f 1363/855/557 1169/523/363 1546/45/721
f 1475/806/666 1204/601/397 1248/600/441
f 1183/536/376 1547/58/380 1548/45/377
f 1469/805/661 1209/601/402 1275/627/468
f 1347/694/541 1147/501/341 1146/500/340
f 1406/744/596 1549/856/722 1462/794/654
f 1338/685/532 1359/706/553 1357/704/551
f 1358/705/552 1550/857/723 1341/688/535
f 1356/703/550 1362/709/556 1360/707/554
f 1361/708/555 1551/858/724 1336/683/530
f 1188/537/381 1552/68/604 1553/70/382
f 1192/540/385 1517/836/699 1127/481/321
f 1193/541/386 1554/22/606 1555/24/715
f 1197/544/390 1519/859/701 1131/485/325
f 1265/618/458 1556/5/417 1557/9/461
f 1267/620/460 1315/664/509 1222/576/415
f 1130/488/324 1132/487/326 1433/766/624
f 1518/860/700 1131/485/325 1519/859/701
f 1126/480/320 1128/482/322 1432/765/623
f 1516/834/698 1127/481/321 1517/836/699
f 1200/548/393 1075/427/268 1500/826/684
f 1073/796/266 1202/551/395 1293/648/486
f 1533/851/711 1081/435/274 1489/818/675
f 1082/477/275 1079/432/272 1078/431/271
f 1121/848/315 1532/850/710 1313/830/507
f 1531/847/709 1118/849/312 1124/853/318
f 1050/404/243 1111/467/304 1442/777/633
f 1112/468/305 1558/861/725 1113/469/306
f 1111/467/304 1113/469/306 1443/778/634
f 1558/861/725 1532/850/710 1494/823/680
f 1429/760/620 1490/819/676 1489/818/675
f 1490/819/676 1427/758/618 1462/794/654
f 1255/608/448 1251/604/444 1256/609/449
f 1249/602/442 1445/841/636 1252/605/445
f 1272/624/465 1097/451/290 1138/492/332
f 1216/566/409 1215/862/408 1027/565/220
f 1271/623/464 1320/669/514 1319/668/513
f 1271/623/464 1182/815/375 1109/463/302
f 1218/568/411 1088/442/281 1087/441/280
f 1218/568/411 1212/561/405 1217/567/410
f 1238/591/726 1559/27/489 1560/29/432
f 1241/593/434 1276/628/469 1294/649/490
f 1469/805/661 1561/42/495 1562/44/660
f 1275/627/468 1274/626/467 1299/652/493
f 1367/712/561 1563/48/559 1564/50/727
f 1370/713/564 1180/799/373 1363/710/557
f 1033/387/226 1030/384/223 1458/790/650
f 1032/386/225 1160/514/354 1343/690/537
f 1350/697/544 1038/392/231 1526/846/706
f 1036/390/229 1087/441/280 1045/399/238
f 1531/847/709 1532/850/710 1121/848/315
f 1494/823/680 1113/469/306 1558/861/725
f 1489/818/675 1081/435/274 1429/760/620
f 1533/851/711 1492/821/678 1534/852/712
f 1475/806/728 1565/42/667 1566/44/665
f 1248/600/441 1154/508/348 1404/743/594
f 1352/699/546 1376/718/569 1349/696/543
f 1352/699/546 1567/863/729 1353/700/547
f 1406/744/596 1428/759/619 1147/501/341
f 1462/794/654 1568/864/730 1490/819/676
f 1358/705/552 1379/721/572 1359/706/553
f 1341/688/535 1569/865/731 1339/686/533
f 1361/708/555 1374/716/567 1362/709/556
f 1336/683/530 1570/866/732 1334/681/528
f 1461/793/653 1484/813/672 1288/641/481
f 1422/753/613 1421/752/612 1282/635/475
f 1459/791/651 1483/812/671 1283/636/476
f 1425/839/616 1424/867/615 1520/840/702
f 1136/491/733 1571/31/734 1572/33/643
f 1453/784/645 1028/382/221 1240/592/433
f 1091/445/284 1056/410/249 1573/868/735
f 1055/409/248 1052/406/245 1264/617/457
f 1059/413/252 1057/411/250 1263/616/456
f 1033/387/226 1085/439/278 1031/385/224
f 1062/416/255 1061/415/254 1261/614/454
f 1056/410/249 1091/445/284 1053/407/246
f 1139/493/333 1141/495/335 1143/497/337
f 1142/496/336 1144/498/338 1262/615/455
f 1034/388/227 1036/390/229 1047/401/240
f 1047/401/240 1044/398/237 1260/613/453
f 1051/405/244 1048/402/241 1259/612/452
f 1050/404/243 1101/455/294 1112/468/305
f 1129/486/323 1518/837/700 1484/813/672
f 1519/859/701 1196/543/389 1286/642/479
f 1125/479/319 1516/834/698 1483/811/671
f 1517/836/699 1191/539/384 1281/869/474
f 1039/870/232 1253/606/446 1042/571/235
f 1397/735/587 1395/732/585 1098/452/291
f 1321/670/515 1393/730/583 1455/786/647
f 1394/731/584 1390/727/580 1093/447/286
f 1325/674/519 1401/740/591 1457/789/649
f 1402/741/592 1398/737/588 1089/443/282
f 1356/703/550 1354/701/548 1353/700/547
f 1255/608/448 1287/640/480 1258/611/451
f 1338/685/532 1335/682/529 1334/681/528
f 1375/717/568 1460/792/652 1421/752/612
f 1159/513/353 1340/687/534 1343/690/537
f 1380/722/573 1161/515/355 1424/755/615
f 1025/379/218 1215/564/408 1276/628/469
f 1063/417/256 1067/421/260 1064/418/257
f 1203/871/396 1207/599/400 1204/601/397
f 1155/509/349 1214/676/407 1328/761/522
f 1208/871/401 1212/599/405 1209/601/402
f 1220/572/413 1087/441/280 1221/574/414
f 1182/533/375 1179/872/372 1178/531/371
f 1321/670/515 1318/667/512 1392/729/582
f 1434/773/625 1436/810/627 1480/809/669
f 1325/674/519 1322/671/516 1400/739/590
f 1347/694/541 1345/692/539 1344/691/538
f 1148/502/342 1064/418/257 1272/624/465
f 1219/569/412 1543/854/718 1135/490/329
f 1042/571/235 1253/606/446 1254/607/447
f 1236/588/429 1264/617/457 1054/408/247
f 1235/587/428 1234/586/427 1059/413/252
f 1232/584/425 1262/615/455 1144/498/338
f 1231/583/424 1230/582/423 1062/416/255
f 1229/581/422 1260/613/453 1046/400/239
f 1228/580/421 1227/579/420 1051/405/244
f 1155/509/349 1328/761/522 1153/507/347
f 1328/678/522 1168/522/362 1167/521/361
f 1437/774/736 1574/55/737 1575/56/629
f 1440/776/631 1166/520/360 1174/525/367
f 1250/603/443 1349/696/543 1251/604/444
f 1350/697/544 1381/723/574 1382/724/575
f 1277/630/470 1070/423/263 1114/470/310
f 1407/745/597 1408/746/598 1071/424/264
f 1513/832/695 1480/809/669 1479/808/668
f 1465/798/738 1576/77/739 1577/78/694
f 1080/433/273 1079/432/272 1315/664/509
f 1151/763/345 1430/762/621 1078/434/271
f 1307/658/501 1578/16/740 1579/18/503
f 1308/844/741 1580/72/714 1581/74/740
f 1310/660/504 1582/62/742 1583/64/743
f 1311/661/744 1584/60/745 1585/62/742
f 1447/782/638 1586/29/641 1587/31/639
f 1449/783/746 1588/27/716 1589/29/641
f 1269/621/462 1590/9/461 1591/10/682
f 1222/576/415 1315/664/509 1225/577/418
f 1383/725/576 1114/470/310 1592/81/309
f 1070/423/263 1277/630/470 1407/745/597
f 1267/620/460 1222/576/415 1593/5/417
f 1226/578/419 1485/814/673 1388/726/579
f 1502/827/686 1367/712/561 1594/51/563
f 1180/530/373 1179/529/372 1455/786/647
f 1241/593/434 1294/649/490 1595/27/489
f 1298/651/492 1066/549/259 1500/826/684
f 1275/627/468 1299/652/493 1596/42/495
f 1303/654/497 1105/459/298 1507/828/690
f 1339/686/533 1569/865/731 1342/689/536
f 1340/687/534 1380/722/573 1377/719/570
f 1334/681/528 1570/866/732 1337/684/531
f 1335/682/529 1375/717/568 1372/714/565
f 1344/691/538 1143/497/337 1346/693/540
f 1141/495/335 1096/450/289 1095/449/288
f 1353/700/547 1567/863/729 1355/702/549
f 1354/701/548 1256/609/449 1376/718/569
f 1349/696/543 1348/695/542 1352/699/546
f 1381/723/574 1250/603/443 1305/656/499
f 1332/680/747 1597/31/748 1598/33/527
f 1449/783/640 1444/779/635 1446/781/637
f 1422/753/613 1282/635/475 1285/638/478
f 1281/869/474 1283/835/476 1517/836/699
f 1290/644/483 1289/643/482 1446/781/637
f 1286/639/479 1288/641/481 1519/838/701
f 1425/839/616 1520/840/702 1431/764/622
f 1520/873/702 1161/515/355 1162/874/356
f 1110/465/303 1107/464/300 1177/527/370
f 1271/623/464 1270/622/463 1320/669/514
f 1237/589/430 1105/459/298 1302/653/496
f 1103/575/296 1304/655/498 1104/843/297
f 1273/629/466 1066/549/259 1297/650/491
f 1064/418/257 1148/502/342 1065/419/258
f 1500/826/749 1599/18/705 1600/20/750
f 1075/875/268 1200/825/393 1202/551/395
f 1248/600/441 1601/40/595 1602/42/667
f 1154/508/348 1153/507/347 1157/511/351
f 1279/632/472 1408/746/598 1407/745/597
f 1435/771/626 1198/545/391 1324/673/518
f 1293/876/486 1291/797/484 1076/429/269
f 1430/762/621 1420/751/611 1419/750/610
f 1092/446/285 1327/677/521 1214/563/407
f 1040/394/233 1233/585/426 1230/582/423
f 1192/540/385 1603/66/751 1604/68/604
f 1127/481/321 1605/64/506 1606/66/605
f 1197/544/390 1607/20/752 1608/22/606
f 1131/485/325 1609/18/503 1610/20/607
f 1245/596/438 1306/803/500 1252/877/445
f 1104/458/297 1244/595/437 1102/456/295
f 1110/878/303 1165/833/359 1317/666/511
f 1440/776/631 1611/54/369 1612/55/632
f 1370/713/564 1363/710/557 1613/48/559
f 1366/711/560 1205/787/398 1172/524/366
f 1172/524/366 1475/806/666 1614/58/364
f 1154/508/348 1247/598/440 1155/509/349
f 1453/784/645 1240/592/433 1615/31/646
f 1294/649/490 1276/628/469 1297/650/491
f 1513/832/695 1185/535/378 1616/76/663
f 1456/711/648 1210/787/403 1186/524/379
f 1186/524/379 1469/805/661 1617/58/380
f 1299/652/493 1274/626/467 1302/653/496
f 1491/820/677 1493/822/679 1492/821/678
f 1558/861/725 1112/468/305 1101/455/294
f 1430/762/621 1081/435/274 1078/434/271
f 1488/817/674 1618/879/753 1619/880/754
f 1074/881/267 1077/430/270 1620/84/601
f 1076/429/269 1152/506/346 1411/747/602
f 1135/490/329 1543/854/718 1133/489/327
f 1453/784/645 1254/607/447 1029/383/222
f 1119/472/313 1278/631/471 1277/630/470
f 1532/850/710 1558/861/725 1199/546/392
f 1149/503/343 1151/505/345 1080/433/273
f 1122/882/316 1533/851/711 1124/853/318
f 1071/424/264 1465/798/656 1621/78/694
f 1408/746/598 1434/773/625 1480/809/669
f 1257/610/450 1288/641/481 1287/640/480
f 1362/709/556 1374/716/567 1423/754/614
f 1221/574/414 1382/724/575 1304/655/498
f 1348/695/542 1526/846/706 1351/698/545
f 1460/792/652 1283/636/476 1282/635/475
f 1359/706/553 1379/721/572 1426/757/617
f 1161/515/355 1165/833/359 1162/874/356
f 1108/462/301 1316/665/510 1270/622/463
f 1148/502/342 1201/550/394 1065/419/258
f 1418/749/609 1147/501/341 1417/748/608
f 1311/661/505 1439/775/630 1622/60/745
f 1440/776/631 1163/517/357 1166/520/360
f 1308/844/502 1190/538/383 1623/72/755
f 1192/540/385 1191/539/384 1517/836/699
f 1449/783/640 1195/542/388 1624/27/716
f 1197/544/390 1196/543/389 1519/859/701
f 1052/406/245 1054/408/247 1264/617/457
f 1234/586/427 1392/729/582 1084/438/277
f 1236/588/429 1235/587/428 1264/617/457
f 1084/438/277 1320/669/514 1083/437/276
f 1044/398/237 1046/400/239 1260/613/453
f 1227/579/420 1400/739/590 1100/454/293
f 1141/495/335 1144/498/338 1142/496/336
f 1230/582/423 1041/395/234 1040/394/233
f 1229/581/422 1228/580/421 1260/613/453
f 1100/454/293 1324/673/518 1099/453/292
f 1232/584/425 1231/583/424 1262/615/455
f 1062/416/255 1326/675/520 1573/868/735
f 1297/650/491 1066/549/259 1298/651/492
f 1073/796/266 1075/875/268 1202/551/395
f 1175/526/368 1466/801/657 1625/53/707
f 1468/804/658 1182/533/375 1181/532/374
f 1302/653/496 1105/459/298 1303/654/497
f 1329/679/523 1507/828/690 1244/595/437
f 1411/747/602 1269/621/462 1626/12/756
f 1266/619/459 1149/503/343 1080/433/273
f 1460/792/652 1282/635/475 1421/752/612
f 1423/754/614 1484/813/672 1461/793/653
f 1257/610/450 1287/640/480 1255/608/448
f 1445/780/636 1245/596/438 1252/877/445
f 1161/515/355 1520/873/702 1424/755/615
f 1426/757/617 1483/812/671 1459/791/651
f 1404/743/594 1157/511/351 1627/37/720
f 1543/854/718 1219/569/412 1042/571/235
f 1408/746/598 1480/809/669 1465/798/656
f 1210/559/403 1457/789/649 1401/740/591
f 1466/801/657 1468/804/658 1502/827/686
f 1205/554/398 1455/786/647 1393/730/583
f 1028/382/221 1025/379/218 1276/628/469
f 1148/502/342 1272/624/465 1140/494/334
f 1204/601/397 1207/599/400 1247/598/440
f 1326/675/520 1091/445/284 1573/868/735
f 1209/601/402 1212/599/405 1274/626/467
f 1221/574/414 1087/441/280 1035/389/228
f 1265/618/458 1267/620/460 1628/5/417
f 1225/577/418 1123/476/317 1485/814/673
f 1280/633/473 1277/630/470 1114/470/310
f 1434/770/625 1314/829/508 1435/771/626
f 1200/825/393 1063/417/256 1065/419/258
f 1150/647/344 1292/646/485 1420/751/611
f 1289/643/482 1286/642/479 1196/543/389
f 1285/638/478 1132/487/326 1422/753/613
f 1164/518/358 1520/840/702 1162/516/356
f 1182/533/375 1468/804/658 1109/816/302
f 1629/38/691 1507/828/690 1329/679/523
f 1290/644/483 1445/780/636 1258/883/451
f 1284/768/477 1281/869/474 1191/539/384
f 1431/764/622 1128/482/322 1425/839/616
f 1436/772/627 1323/672/517 1457/789/649
f 1217/567/410 1211/560/404 1402/741/592
f 1543/854/718 1254/607/447 1136/491/330
f 1027/565/220 1026/736/219 1397/735/587
f 1179/529/372 1319/668/513 1455/786/647
f 1213/562/406 1206/555/399 1394/731/584
f 1310/660/504 1127/481/321 1126/480/320
f 1160/514/354 1317/666/511 1158/512/352
f 1068/422/261 1070/423/263 1407/745/597
f 1259/612/452 1048/402/241 1442/777/633
f 1077/430/270 1074/881/267 1073/428/266
f 1490/819/676 1568/864/730 1618/879/753
f 1215/564/408 1216/884/409 1273/629/466
f 1406/744/596 1347/694/541 1346/693/540
f 1212/599/405 1218/590/411 1237/589/430
f 1526/846/706 1038/392/231 1037/391/230
f 1207/556/400 1213/562/406 1214/563/407
f 1062/416/255 1573/868/735 1060/414/253
f 1307/658/501 1131/485/325 1130/484/324
f 1358/705/552 1338/685/532 1337/684/531
f 1110/878/303 1317/666/511 1108/462/301
f 1263/616/456 1057/411/250 1458/790/650
f 1447/782/638 1246/597/439 1444/779/635
f 1361/708/555 1356/703/550 1355/702/549
f 1489/818/675 1488/817/674 1492/821/678
f 1492/821/678 1533/851/711 1489/818/675
f 1618/879/753 1488/817/674 1490/819/676
f 1123/476/317 1122/475/316 1120/473/314
f 1122/882/316 1082/436/275 1533/851/711
f 1293/648/486 1202/551/395 1201/550/394
f 1273/625/466 1067/421/260 1066/420/259
f 1238/591/431 1240/592/433 1028/382/221
f 1094/448/287 1138/492/332 1097/451/290
f 1040/394/233 1043/397/236 1326/675/520
f 1135/490/329 1157/511/351 1156/510/350
f 1395/732/585 1397/735/587 1396/733/586
f 1630/37/720 1631/40/757 1404/743/594
f 1172/524/366 1204/601/397 1475/806/666
f 1091/445/284 1327/677/521 1090/444/283
f 1320/669/514 1084/438/277 1318/667/512
f 1370/713/564 1178/531/371 1180/799/373
f 1394/731/584 1391/728/581 1390/727/580
f 1632/52/687 1466/801/657 1502/827/686
f 1633/53/707 1634/54/369 1175/526/368
f 1316/665/510 1031/385/224 1085/439/278
f 1158/512/352 1317/666/511 1165/833/359
f 1432/765/623 1439/775/630 1311/661/505
f 1310/660/504 1311/661/505 1635/62/742
f 1550/857/723 1358/705/552 1337/684/531
f 1190/538/383 1284/768/477 1188/537/381
f 1308/844/502 1433/769/624 1190/538/383
f 1570/866/732 1336/683/530 1551/858/724
f 1129/483/323 1131/485/325 1518/860/700
f 1360/707/554 1257/610/450 1256/609/449
f 1382/724/575 1221/574/414 1035/389/228
f 1349/696/543 1381/723/574 1350/697/544
f 1139/493/333 1345/692/539 1140/494/334
f 1406/744/596 1462/794/654 1428/759/619
f 1493/822/679 1619/880/754 1495/824/681
f 1636/22/683 1294/649/490 1298/651/492
f 1099/453/292 1050/404/243 1049/403/242
f 1066/549/259 1200/548/393 1500/826/684
f 1279/632/472 1278/631/471 1313/662/507
f 1549/856/722 1406/744/596 1346/693/540
f 1493/822/679 1491/820/677 1619/880/754
f 1549/856/722 1568/864/730 1462/794/654
f 1492/821/678 1494/823/680 1531/847/709
f 1269/621/462 1411/747/602 1152/506/346
f 1534/852/712 1531/847/709 1124/853/318
f 1222/576/415 1226/578/419 1637/1/578
f 1119/472/313 1485/814/673 1120/473/314
f 1383/725/576 1388/726/579 1485/814/673
f 1280/633/473 1383/725/576 1485/814/673
f 1124/478/318 1118/471/312 1120/473/314
f 1534/852/712 1492/821/678 1531/847/709
f 1199/546/392 1558/861/725 1101/455/294
f 1495/824/681 1443/778/634 1113/469/306
f 1493/822/679 1113/469/306 1494/823/680
f 1199/546/392 1313/830/507 1532/850/710
f 1324/673/518 1198/545/391 1099/453/292
f 1399/738/589 1398/737/588 1402/741/592
f 1513/832/758 1638/76/663 1639/77/759
f 1513/832/695 1479/808/668 1185/535/378
f 1089/443/282 1045/399/238 1086/440/279
f 1322/671/516 1324/673/518 1100/454/293
f 1456/711/648 1183/536/376 1185/885/378
f 1088/442/281 1086/440/279 1087/441/280
f 1211/560/404 1208/557/401 1401/740/591
f 1186/524/379 1209/601/402 1469/805/661
f 1035/389/228 1087/441/280 1036/390/229
f 1237/589/430 1106/460/299 1105/459/298
f 1640/37/688 1299/652/493 1303/654/497
f 1507/828/690 1105/459/298 1244/595/437
f 1249/602/442 1251/604/444 1258/611/451
f 1332/680/526 1244/595/437 1243/594/436
f 1306/803/500 1243/594/436 1104/458/297
f 1351/698/545 1567/863/729 1352/699/546
f 1287/886/480 1286/642/479 1290/644/483
f 1446/781/637 1195/542/388 1449/783/640
f 1361/708/555 1336/683/530 1374/716/567
f 1195/542/388 1289/643/482 1193/541/386
f 1355/702/549 1551/858/724 1361/708/555
f 1641/74/760 1307/887/501 1308/844/502
f 1423/754/614 1373/715/566 1421/752/612
f 1358/705/552 1341/688/535 1379/721/572
f 1375/717/568 1357/704/551 1460/792/652
f 1516/834/698 1125/479/319 1127/481/321
f 1550/857/723 1569/865/731 1341/688/535
f 1378/720/571 1424/755/615 1426/757/617
f 1032/386/225 1343/690/537 1342/689/536
f 1164/518/358 1437/774/628 1439/775/630
f 1466/801/657 1177/527/370 1468/804/658
f 1033/387/226 1058/412/251 1085/439/278
f 1083/437/276 1320/669/514 1085/439/278
f 1181/532/374 1178/531/371 1367/712/561
f 1053/407/246 1090/444/283 1093/447/286
f 1363/855/557 1366/711/560 1169/523/363
f 1206/555/399 1203/552/396 1393/730/583
f 1056/410/249 1060/414/253 1573/868/735
f 1328/678/522 1327/677/521 1168/522/362
f 1642/38/717 1157/511/351 1135/490/329
f 1098/452/291 1095/449/288 1094/448/287
f 1543/854/718 1042/571/235 1254/607/447
f 1029/383/222 1026/380/219 1025/379/218
f 1619/880/754 1491/820/677 1488/817/674
f 1145/499/339 1418/749/609 1201/550/394
f 1075/427/761 1643/16/697 1644/18/705
f 1293/648/486 1418/749/609 1292/646/485
f 1427/758/618 1490/819/676 1429/760/620
f 1082/477/275 1123/476/317 1079/432/272
f 1485/814/673 1226/578/419 1225/577/418
f 1645/1/578 1226/578/419 1646/2/577
f 1647/2/577 1388/726/579 1383/725/576
f 1080/433/273 1315/664/509 1266/619/459
f 1648/888/762 1649/889/762 1650/890/762
f 1651/891/762 1652/892/762 1649/889/762
f 1649/889/762 1653/893/762 1651/891/762
f 1652/892/762 1650/890/762 1649/889/762
f 1654/894/763 1655/895/763 1656/896/763
f 1657/895/763 1658/897/763 1656/896/763
f 1659/898/764 1660/899/764 1661/894/764
f 1662/899/764 1663/895/764 1664/894/764
f 1665/900/55 1666/901/55 1667/902/55
f 1668/901/55 1669/903/55 1670/902/55
f 1671/904/765 1672/905/765 1673/906/765
f 1674/905/765 1675/907/765 1676/906/765
f 1677/908/766 1678/909/766 1679/904/766
f 1680/909/766 1681/905/766 1682/904/766
f 1683/900/77 1684/901/77 1685/902/77
f 1686/901/77 1687/903/77 1688/902/77
f 1689/893/762 1551/858/724 1355/702/549
f 1690/889/762 1342/689/536 1569/865/731
f 1691/889/762 1569/865/731 1550/857/723
f 1692/888/762 1264/617/457 1263/616/456
f 1693/890/762 1142/496/336 1262/615/455
f 1694/892/762 1495/824/681 1619/880/754
f 1695/892/762 1619/880/754 1618/879/753
f 1696/891/762 1526/846/706 1037/391/230
f 1697/891/762 1037/391/230 1047/401/240
f 1698/891/762 1699/893/762 1526/846/767
f 1700/892/762 1618/879/753 1568/864/730
f 1701/892/762 1568/864/730 1549/856/722
f 1702/892/762 1549/856/722 1703/890/762
f 1704/890/762 1346/693/540 1143/497/337
f 1549/856/722 1346/693/540 1705/890/762
f 1706/890/762 1143/497/337 1142/496/336
f 1261/614/454 1707/890/762 1262/615/455
f 1261/614/768 1708/888/762 1709/890/762
f 1061/415/254 1710/888/762 1261/614/454
f 1055/409/248 1711/888/762 1061/415/254
f 1712/888/762 1263/616/456 1458/790/650
f 1264/617/457 1713/888/762 1055/409/248
f 1714/889/762 1458/790/650 1403/742/593
f 1715/889/762 1403/742/593 1342/689/536
f 1550/857/723 1337/684/531 1716/889/762
f 1337/684/531 1570/866/732 1717/889/762
f 1570/866/732 1551/858/724 1718/893/762
f 1570/866/732 1719/893/762 1720/889/762
f 1721/893/762 1355/702/549 1567/863/729
f 1722/893/762 1567/863/729 1351/698/545
f 1526/846/706 1723/893/762 1351/698/545
f 1443/778/634 1495/824/681 1724/892/762
f 1047/401/240 1260/613/453 1725/891/762
f 1726/891/762 1259/612/452 1442/777/633
f 1260/613/453 1259/612/452 1727/891/762
f 1728/891/762 1442/777/633 1729/892/762
f 1442/777/633 1443/778/634 1730/892/762
f 1731/888/762 1458/790/650 1732/889/762
