# Blender 4.4.3
# www.blender.org
mtllib Mesh_17.013.mtl
o Mesh_17.013
v 0.015200 0.008553 -0.001200
v 0.015200 0.008603 -0.001200
v 0.015520 0.008553 -0.001200
v 0.015520 0.008603 -0.001200
v 0.015560 0.008603 -0.000440
v 0.015560 0.008553 -0.000440
v 0.015560 0.008603 -0.001160
v 0.015560 0.008553 -0.001160
v 0.015520 0.008553 -0.000400
v 0.015520 0.008603 -0.000400
v 0.015200 0.008553 -0.000400
v 0.015200 0.008603 -0.000400
v 0.015160 0.008553 -0.000440
v 0.015160 0.008603 -0.000440
v 0.015160 0.008553 -0.001160
v 0.015160 0.008603 -0.001160
v 0.015559 0.008553 -0.001168
v 0.015560 0.008553 -0.001164
v 0.015560 0.008553 -0.001160
v 0.015558 0.008553 -0.001172
v 0.015560 0.008553 -0.001160
v 0.015557 0.008553 -0.001175
v 0.015560 0.008553 -0.001160
v 0.015555 0.008553 -0.001179
v 0.015560 0.008553 -0.001160
v 0.015553 0.008553 -0.001182
v 0.015560 0.008553 -0.001160
v 0.015551 0.008553 -0.001185
v 0.015560 0.008553 -0.001160
v 0.015548 0.008553 -0.001188
v 0.015560 0.008553 -0.001160
v 0.015545 0.008553 -0.001191
v 0.015560 0.008553 -0.001160
v 0.015542 0.008553 -0.001193
v 0.015560 0.008553 -0.001160
v 0.015539 0.008553 -0.001195
v 0.015560 0.008553 -0.001160
v 0.015535 0.008553 -0.001197
v 0.015560 0.008553 -0.001160
v 0.015532 0.008553 -0.001198
v 0.015560 0.008553 -0.001160
v 0.015528 0.008553 -0.001199
v 0.015560 0.008553 -0.001160
v 0.015524 0.008553 -0.001200
v 0.015560 0.008553 -0.001160
v 0.015520 0.008553 -0.001200
v 0.015560 0.008553 -0.001160
v 0.015424 0.008553 -0.001064
v 0.015520 0.008553 -0.001200
v 0.015560 0.008553 -0.001160
v 0.015200 0.008553 -0.001200
v 0.015520 0.008553 -0.001200
v 0.015360 0.008553 -0.001090
v 0.015351 0.008553 -0.001090
v 0.015200 0.008553 -0.001200
v 0.015342 0.008553 -0.001088
v 0.015200 0.008553 -0.001200
v 0.015334 0.008553 -0.001086
v 0.015200 0.008553 -0.001200
v 0.015200 0.008553 -0.001200
v 0.015326 0.008553 -0.001083
v 0.015318 0.008553 -0.001079
v 0.015310 0.008553 -0.001075
v 0.015200 0.008553 -0.001200
v 0.015303 0.008553 -0.001070
v 0.015200 0.008553 -0.001200
v 0.015200 0.008553 -0.001200
v 0.015160 0.008553 -0.001160
v 0.015196 0.008553 -0.001200
v 0.015200 0.008553 -0.001200
v 0.015296 0.008553 -0.001064
v 0.015160 0.008553 -0.001160
v 0.015192 0.008553 -0.001199
v 0.015181 0.008553 -0.001195
v 0.015185 0.008553 -0.001197
v 0.015160 0.008553 -0.001160
v 0.015178 0.008553 -0.001193
v 0.015160 0.008553 -0.001160
v 0.015175 0.008553 -0.001191
v 0.015160 0.008553 -0.001160
v 0.015172 0.008553 -0.001188
v 0.015160 0.008553 -0.001160
v 0.015169 0.008553 -0.001185
v 0.015160 0.008553 -0.001160
v 0.015165 0.008553 -0.001179
v 0.015167 0.008553 -0.001182
v 0.015160 0.008553 -0.001160
v 0.015272 0.008553 -0.000982
v 0.015274 0.008553 -0.000974
v 0.015160 0.008553 -0.001160
v 0.015160 0.008553 -0.000440
v 0.015160 0.008553 -0.000440
v 0.015274 0.008553 -0.000626
v 0.015272 0.008553 -0.000618
v 0.015160 0.008553 -0.000440
v 0.015270 0.008553 -0.000609
v 0.015160 0.008553 -0.000440
v 0.015160 0.008553 -0.000440
v 0.015270 0.008553 -0.000600
v 0.015270 0.008553 -0.000591
v 0.015160 0.008553 -0.000440
v 0.015272 0.008553 -0.000582
v 0.015160 0.008553 -0.000440
v 0.015160 0.008553 -0.000440
v 0.015274 0.008553 -0.000574
v 0.015277 0.008553 -0.000566
v 0.015160 0.008553 -0.000440
v 0.015200 0.008553 -0.000400
v 0.015160 0.008553 -0.000436
v 0.015160 0.008553 -0.000440
v 0.015281 0.008553 -0.000558
v 0.015160 0.008553 -0.000440
v 0.015200 0.008553 -0.000400
v 0.015161 0.008553 -0.000432
v 0.015163 0.008553 -0.000425
v 0.015200 0.008553 -0.000400
v 0.015165 0.008553 -0.000421
v 0.015200 0.008553 -0.000400
v 0.015167 0.008553 -0.000418
v 0.015200 0.008553 -0.000400
v 0.015172 0.008553 -0.000412
v 0.015169 0.008553 -0.000415
v 0.015200 0.008553 -0.000400
v 0.015326 0.008553 -0.000517
v 0.015334 0.008553 -0.000514
v 0.015200 0.008553 -0.000400
v 0.015318 0.008553 -0.000521
v 0.015520 0.008553 -0.000400
v 0.015200 0.008553 -0.000400
v 0.015360 0.008553 -0.000510
v 0.015369 0.008553 -0.000510
v 0.015520 0.008553 -0.000400
v 0.015378 0.008553 -0.000512
v 0.015520 0.008553 -0.000400
v 0.015386 0.008553 -0.000514
v 0.015520 0.008553 -0.000400
v 0.015520 0.008553 -0.000400
v 0.015394 0.008553 -0.000517
v 0.015402 0.008553 -0.000521
v 0.015410 0.008553 -0.000525
v 0.015520 0.008553 -0.000400
v 0.015417 0.008553 -0.000530
v 0.015520 0.008553 -0.000400
v 0.015520 0.008553 -0.000400
v 0.015560 0.008553 -0.000440
v 0.015524 0.008553 -0.000400
v 0.015520 0.008553 -0.000400
v 0.015424 0.008553 -0.000536
v 0.015560 0.008553 -0.000440
v 0.015528 0.008553 -0.000401
v 0.015539 0.008553 -0.000405
v 0.015535 0.008553 -0.000403
v 0.015560 0.008553 -0.000440
v 0.015542 0.008553 -0.000407
v 0.015560 0.008553 -0.000440
v 0.015545 0.008553 -0.000409
v 0.015560 0.008553 -0.000440
v 0.015548 0.008553 -0.000412
v 0.015560 0.008553 -0.000440
v 0.015551 0.008553 -0.000415
v 0.015560 0.008553 -0.000440
v 0.015555 0.008553 -0.000421
v 0.015553 0.008553 -0.000418
v 0.015560 0.008553 -0.000440
v 0.015448 0.008553 -0.000618
v 0.015446 0.008553 -0.000626
v 0.015560 0.008553 -0.001160
v 0.015448 0.008553 -0.000982
v 0.015450 0.008553 -0.000991
v 0.015560 0.008553 -0.001160
v 0.015560 0.008553 -0.000440
v 0.015270 0.008553 -0.001009
v 0.015160 0.008553 -0.001160
v 0.015272 0.008553 -0.001018
v 0.015270 0.008553 -0.001000
v 0.015160 0.008553 -0.001160
v 0.015160 0.008553 -0.001160
v 0.015274 0.008553 -0.001026
v 0.015160 0.008553 -0.001160
v 0.015277 0.008553 -0.001034
v 0.015160 0.008553 -0.001160
v 0.015281 0.008553 -0.001042
v 0.015160 0.008553 -0.001160
v 0.015285 0.008553 -0.001050
v 0.015160 0.008553 -0.001160
v 0.015290 0.008553 -0.001057
v 0.015160 0.008553 -0.001160
v 0.015160 0.008553 -0.001160
v 0.015188 0.008553 -0.001198
v 0.015160 0.008553 -0.001160
v 0.015161 0.008553 -0.001168
v 0.015160 0.008553 -0.001160
v 0.015160 0.008553 -0.001164
v 0.015162 0.008553 -0.001172
v 0.015160 0.008553 -0.001160
v 0.015160 0.008553 -0.001160
v 0.015163 0.008553 -0.001175
v 0.015160 0.008553 -0.001160
v 0.015160 0.008553 -0.001160
v 0.015160 0.008553 -0.001160
v 0.015160 0.008553 -0.001160
v 0.015200 0.008553 -0.001200
v 0.015200 0.008553 -0.001200
v 0.015520 0.008553 -0.001200
v 0.015369 0.008553 -0.001090
v 0.015520 0.008553 -0.001200
v 0.015378 0.008553 -0.001088
v 0.015520 0.008553 -0.001200
v 0.015386 0.008553 -0.001086
v 0.015410 0.008553 -0.001075
v 0.015402 0.008553 -0.001079
v 0.015520 0.008553 -0.001200
v 0.015520 0.008553 -0.001200
v 0.015394 0.008553 -0.001083
v 0.015417 0.008553 -0.001070
v 0.015520 0.008553 -0.001200
v 0.015520 0.008553 -0.001200
v 0.015430 0.008553 -0.001057
v 0.015560 0.008553 -0.001160
v 0.015435 0.008553 -0.001050
v 0.015560 0.008553 -0.001160
v 0.015439 0.008553 -0.001042
v 0.015560 0.008553 -0.001160
v 0.015443 0.008553 -0.001034
v 0.015560 0.008553 -0.001160
v 0.015446 0.008553 -0.001026
v 0.015560 0.008553 -0.001160
v 0.015520 0.008553 -0.001200
v 0.015560 0.008553 -0.001160
v 0.015450 0.008553 -0.001009
v 0.015448 0.008553 -0.001018
v 0.015560 0.008553 -0.001160
v 0.015450 0.008553 -0.001000
v 0.015560 0.008553 -0.001160
v 0.015560 0.008553 -0.001160
v 0.015446 0.008553 -0.000974
v 0.015439 0.008553 -0.000958
v 0.015443 0.008553 -0.000966
v 0.015443 0.008553 -0.000634
v 0.015439 0.008553 -0.000642
v 0.015435 0.008553 -0.000950
v 0.015435 0.008553 -0.000650
v 0.015430 0.008553 -0.000657
v 0.015430 0.008553 -0.000943
v 0.015424 0.008553 -0.000936
v 0.015424 0.008553 -0.000664
v 0.015417 0.008553 -0.000930
v 0.015417 0.008553 -0.000670
v 0.015410 0.008553 -0.000925
v 0.015402 0.008553 -0.000921
v 0.015410 0.008553 -0.000675
v 0.015402 0.008553 -0.000679
v 0.015394 0.008553 -0.000917
v 0.015394 0.008553 -0.000683
v 0.015386 0.008553 -0.000914
v 0.015386 0.008553 -0.000686
v 0.015378 0.008553 -0.000912
v 0.015378 0.008553 -0.000688
v 0.015369 0.008553 -0.000910
v 0.015369 0.008553 -0.000690
v 0.015360 0.008553 -0.000690
v 0.015360 0.008553 -0.000910
v 0.015351 0.008553 -0.000910
v 0.015351 0.008553 -0.000690
v 0.015342 0.008553 -0.000912
v 0.015342 0.008553 -0.000688
v 0.015310 0.008553 -0.000925
v 0.015318 0.008553 -0.000679
v 0.015310 0.008553 -0.000675
v 0.015318 0.008553 -0.000921
v 0.015303 0.008553 -0.000930
v 0.015303 0.008553 -0.000670
v 0.015296 0.008553 -0.000936
v 0.015281 0.008553 -0.000958
v 0.015285 0.008553 -0.000950
v 0.015285 0.008553 -0.000650
v 0.015290 0.008553 -0.000657
v 0.015277 0.008553 -0.000966
v 0.015277 0.008553 -0.000634
v 0.015334 0.008553 -0.000914
v 0.015334 0.008553 -0.000686
v 0.015560 0.008553 -0.001160
v 0.015200 0.008553 -0.000400
v 0.015162 0.008553 -0.000428
v 0.015200 0.008553 -0.000400
v 0.015160 0.008553 -0.000440
v 0.015285 0.008553 -0.000550
v 0.015270 0.008553 -0.000991
v 0.015160 0.008553 -0.001160
v 0.015296 0.008553 -0.000536
v 0.015200 0.008553 -0.000400
v 0.015160 0.008553 -0.000440
v 0.015290 0.008553 -0.000543
v 0.015160 0.008553 -0.000440
v 0.015160 0.008553 -0.000440
v 0.015281 0.008553 -0.000642
v 0.015290 0.008553 -0.000943
v 0.015296 0.008553 -0.000664
v 0.015326 0.008553 -0.000683
v 0.015326 0.008553 -0.000917
v 0.015560 0.008553 -0.001160
v 0.015560 0.008553 -0.000440
v 0.015450 0.008553 -0.000609
v 0.015560 0.008553 -0.000440
v 0.015450 0.008553 -0.000600
v 0.015448 0.008553 -0.000582
v 0.015560 0.008553 -0.000440
v 0.015446 0.008553 -0.000574
v 0.015450 0.008553 -0.000591
v 0.015560 0.008553 -0.000440
v 0.015560 0.008553 -0.000440
v 0.015443 0.008553 -0.000566
v 0.015560 0.008553 -0.000440
v 0.015439 0.008553 -0.000558
v 0.015560 0.008553 -0.000440
v 0.015435 0.008553 -0.000550
v 0.015560 0.008553 -0.000440
v 0.015430 0.008553 -0.000543
v 0.015560 0.008553 -0.000440
v 0.015560 0.008553 -0.000440
v 0.015532 0.008553 -0.000402
v 0.015560 0.008553 -0.000440
v 0.015559 0.008553 -0.000432
v 0.015560 0.008553 -0.000440
v 0.015560 0.008553 -0.000436
v 0.015558 0.008553 -0.000428
v 0.015560 0.008553 -0.000440
v 0.015560 0.008553 -0.000440
v 0.015557 0.008553 -0.000425
v 0.015560 0.008553 -0.000440
v 0.015560 0.008553 -0.000440
v 0.015560 0.008553 -0.000440
v 0.015560 0.008553 -0.000440
v 0.015520 0.008553 -0.000400
v 0.015520 0.008553 -0.000400
v 0.015200 0.008553 -0.000400
v 0.015351 0.008553 -0.000510
v 0.015200 0.008553 -0.000400
v 0.015342 0.008553 -0.000512
v 0.015560 0.008553 -0.000440
v 0.015310 0.008553 -0.000525
v 0.015200 0.008553 -0.000400
v 0.015303 0.008553 -0.000530
v 0.015200 0.008553 -0.000400
v 0.015200 0.008553 -0.000400
v 0.015200 0.008553 -0.000400
v 0.015175 0.008553 -0.000409
v 0.015200 0.008553 -0.000400
v 0.015178 0.008553 -0.000407
v 0.015192 0.008553 -0.000401
v 0.015200 0.008553 -0.000400
v 0.015196 0.008553 -0.000400
v 0.015188 0.008553 -0.000402
v 0.015200 0.008553 -0.000400
v 0.015200 0.008553 -0.000400
v 0.015185 0.008553 -0.000403
v 0.015181 0.008553 -0.000405
v 0.015200 0.008553 -0.000400
v 0.015200 0.008553 -0.000400
v 0.015200 0.008553 -0.000400
v 0.015160 0.008553 -0.001160
v 0.015200 0.008553 -0.000400
v 0.015360 0.008603 -0.000552
v 0.015200 0.008603 -0.000400
v 0.015520 0.008603 -0.000400
v 0.015520 0.008603 -0.000400
v 0.015365 0.008603 -0.000552
v 0.015520 0.008603 -0.000400
v 0.015369 0.008603 -0.000552
v 0.015374 0.008603 -0.000554
v 0.015520 0.008603 -0.000400
v 0.015520 0.008603 -0.000400
v 0.015379 0.008603 -0.000555
v 0.015520 0.008603 -0.000400
v 0.015383 0.008603 -0.000557
v 0.015391 0.008603 -0.000563
v 0.015387 0.008603 -0.000560
v 0.015520 0.008603 -0.000400
v 0.015520 0.008603 -0.000400
v 0.015394 0.008603 -0.000566
v 0.015520 0.008603 -0.000400
v 0.015560 0.008603 -0.000440
v 0.015560 0.008603 -0.000440
v 0.015528 0.008603 -0.000401
v 0.015532 0.008603 -0.000402
v 0.015524 0.008603 -0.000400
v 0.015560 0.008603 -0.000440
v 0.015520 0.008603 -0.000400
v 0.015560 0.008603 -0.000440
v 0.015535 0.008603 -0.000403
v 0.015560 0.008603 -0.000440
v 0.015539 0.008603 -0.000405
v 0.015545 0.008603 -0.000409
v 0.015560 0.008603 -0.000440
v 0.015542 0.008603 -0.000407
v 0.015548 0.008603 -0.000412
v 0.015560 0.008603 -0.000440
v 0.015551 0.008603 -0.000415
v 0.015560 0.008603 -0.000440
v 0.015560 0.008603 -0.000440
v 0.015404 0.008603 -0.000621
v 0.015406 0.008603 -0.000614
v 0.015560 0.008603 -0.000440
v 0.015560 0.008603 -0.001160
v 0.015560 0.008603 -0.001160
v 0.015405 0.008603 -0.000981
v 0.015406 0.008603 -0.000986
v 0.015560 0.008603 -0.001160
v 0.015560 0.008603 -0.001160
v 0.015408 0.008603 -0.000991
v 0.015560 0.008603 -0.001160
v 0.015408 0.008603 -0.000995
v 0.015408 0.008603 -0.001000
v 0.015560 0.008603 -0.001160
v 0.015560 0.008603 -0.001160
v 0.015408 0.008603 -0.001007
v 0.015560 0.008603 -0.001160
v 0.015406 0.008603 -0.001014
v 0.015400 0.008603 -0.001027
v 0.015404 0.008603 -0.001021
v 0.015560 0.008603 -0.001160
v 0.015560 0.008603 -0.001160
v 0.015396 0.008603 -0.001033
v 0.015560 0.008603 -0.001160
v 0.015520 0.008603 -0.001200
v 0.015520 0.008603 -0.001200
v 0.015559 0.008603 -0.001168
v 0.015558 0.008603 -0.001172
v 0.015560 0.008603 -0.001164
v 0.015520 0.008603 -0.001200
v 0.015520 0.008603 -0.001200
v 0.015557 0.008603 -0.001175
v 0.015520 0.008603 -0.001200
v 0.015551 0.008603 -0.001185
v 0.015548 0.008603 -0.001188
v 0.015520 0.008603 -0.001200
v 0.015365 0.008603 -0.001048
v 0.015372 0.008603 -0.001047
v 0.015200 0.008603 -0.001200
v 0.015358 0.008603 -0.001048
v 0.015520 0.008603 -0.001200
v 0.015351 0.008603 -0.001048
v 0.015200 0.008603 -0.001200
v 0.015344 0.008603 -0.001046
v 0.015200 0.008603 -0.001200
v 0.015200 0.008603 -0.001200
v 0.015337 0.008603 -0.001043
v 0.015200 0.008603 -0.001200
v 0.015331 0.008603 -0.001039
v 0.015326 0.008603 -0.001034
v 0.015200 0.008603 -0.001200
v 0.015200 0.008603 -0.001200
v 0.015160 0.008603 -0.001160
v 0.015200 0.008603 -0.001200
v 0.015196 0.008603 -0.001200
v 0.015160 0.008603 -0.001160
v 0.015192 0.008603 -0.001199
v 0.015160 0.008603 -0.001160
v 0.015181 0.008603 -0.001195
v 0.015160 0.008603 -0.001160
v 0.015185 0.008603 -0.001197
v 0.015160 0.008603 -0.001160
v 0.015188 0.008603 -0.001198
v 0.015178 0.008603 -0.001193
v 0.015160 0.008603 -0.001160
v 0.015175 0.008603 -0.001191
v 0.015160 0.008603 -0.001160
v 0.015160 0.008603 -0.001160
v 0.015169 0.008603 -0.001185
v 0.015167 0.008603 -0.001182
v 0.015160 0.008603 -0.001160
v 0.015165 0.008603 -0.001179
v 0.015160 0.008603 -0.001160
v 0.015315 0.008603 -0.000981
v 0.015313 0.008603 -0.000988
v 0.015160 0.008603 -0.001160
v 0.015160 0.008603 -0.000440
v 0.015160 0.008603 -0.000440
v 0.015317 0.008603 -0.000623
v 0.015314 0.008603 -0.000616
v 0.015160 0.008603 -0.000440
v 0.015312 0.008603 -0.000609
v 0.015160 0.008603 -0.000440
v 0.015312 0.008603 -0.000602
v 0.015160 0.008603 -0.000440
v 0.015312 0.008603 -0.000595
v 0.015313 0.008603 -0.000588
v 0.015160 0.008603 -0.000440
v 0.015160 0.008603 -0.000440
v 0.015315 0.008603 -0.000581
v 0.015160 0.008603 -0.000440
v 0.015318 0.008603 -0.000575
v 0.015323 0.008603 -0.000569
v 0.015160 0.008603 -0.000440
v 0.015160 0.008603 -0.000440
v 0.015327 0.008603 -0.000564
v 0.015160 0.008603 -0.000440
v 0.015200 0.008603 -0.000400
v 0.015200 0.008603 -0.000400
v 0.015161 0.008603 -0.000432
v 0.015162 0.008603 -0.000428
v 0.015160 0.008603 -0.000436
v 0.015200 0.008603 -0.000400
v 0.015165 0.008603 -0.000421
v 0.015200 0.008603 -0.000400
v 0.015163 0.008603 -0.000425
v 0.015175 0.008603 -0.000409
v 0.015200 0.008603 -0.000400
v 0.015172 0.008603 -0.000412
v 0.015200 0.008603 -0.000400
v 0.015353 0.008603 -0.000552
v 0.015346 0.008603 -0.000554
v 0.015353 0.008603 -0.000952
v 0.015346 0.008603 -0.000954
v 0.015351 0.008603 -0.000648
v 0.015358 0.008603 -0.000648
v 0.015360 0.008603 -0.000952
v 0.015344 0.008603 -0.000646
v 0.015339 0.008603 -0.000956
v 0.015337 0.008603 -0.000643
v 0.015333 0.008603 -0.000960
v 0.015327 0.008603 -0.000964
v 0.015331 0.008603 -0.000639
v 0.015326 0.008603 -0.000634
v 0.015323 0.008603 -0.000969
v 0.015318 0.008603 -0.000975
v 0.015321 0.008603 -0.000629
v 0.015200 0.008603 -0.000400
v 0.015169 0.008603 -0.000415
v 0.015200 0.008603 -0.000400
v 0.015312 0.008603 -0.001002
v 0.015312 0.008603 -0.001009
v 0.015160 0.008603 -0.001160
v 0.015160 0.008603 -0.001160
v 0.015312 0.008603 -0.000995
v 0.015314 0.008603 -0.001016
v 0.015160 0.008603 -0.001160
v 0.015317 0.008603 -0.001023
v 0.015160 0.008603 -0.001160
v 0.015321 0.008603 -0.001029
v 0.015160 0.008603 -0.001160
v 0.015160 0.008603 -0.001160
v 0.015160 0.008603 -0.001160
v 0.015160 0.008603 -0.001160
v 0.015172 0.008603 -0.001188
v 0.015160 0.008603 -0.001160
v 0.015160 0.008603 -0.001164
v 0.015160 0.008603 -0.001160
v 0.015161 0.008603 -0.001168
v 0.015160 0.008603 -0.001160
v 0.015162 0.008603 -0.001172
v 0.015163 0.008603 -0.001175
v 0.015160 0.008603 -0.001160
v 0.015160 0.008603 -0.001160
v 0.015160 0.008603 -0.001160
v 0.015520 0.008603 -0.001200
v 0.015520 0.008603 -0.001200
v 0.015379 0.008603 -0.001045
v 0.015391 0.008603 -0.001037
v 0.015520 0.008603 -0.001200
v 0.015520 0.008603 -0.001200
v 0.015385 0.008603 -0.001042
v 0.015555 0.008603 -0.001179
v 0.015520 0.008603 -0.001200
v 0.015539 0.008603 -0.001195
v 0.015535 0.008603 -0.001197
v 0.015520 0.008603 -0.001200
v 0.015528 0.008603 -0.001199
v 0.015524 0.008603 -0.001200
v 0.015520 0.008603 -0.001200
v 0.015520 0.008603 -0.001200
v 0.015532 0.008603 -0.001198
v 0.015520 0.008603 -0.001200
v 0.015520 0.008603 -0.001200
v 0.015542 0.008603 -0.001193
v 0.015545 0.008603 -0.001191
v 0.015520 0.008603 -0.001200
v 0.015520 0.008603 -0.001200
v 0.015520 0.008603 -0.001200
v 0.015553 0.008603 -0.001182
v 0.015520 0.008603 -0.001200
v 0.015560 0.008603 -0.001160
v 0.015400 0.008603 -0.000627
v 0.015403 0.008603 -0.000977
v 0.015400 0.008603 -0.000973
v 0.015397 0.008603 -0.000969
v 0.015396 0.008603 -0.000633
v 0.015394 0.008603 -0.000966
v 0.015391 0.008603 -0.000637
v 0.015391 0.008603 -0.000963
v 0.015387 0.008603 -0.000960
v 0.015385 0.008603 -0.000642
v 0.015383 0.008603 -0.000957
v 0.015379 0.008603 -0.000645
v 0.015560 0.008603 -0.001160
v 0.015200 0.008603 -0.000400
v 0.015520 0.008603 -0.000400
v 0.015339 0.008603 -0.000556
v 0.015200 0.008603 -0.000400
v 0.015333 0.008603 -0.000560
v 0.015200 0.008603 -0.000400
v 0.015200 0.008603 -0.000400
v 0.015160 0.008603 -0.000440
v 0.015200 0.008603 -0.000400
v 0.015167 0.008603 -0.000418
v 0.015200 0.008603 -0.000400
v 0.015188 0.008603 -0.000402
v 0.015192 0.008603 -0.000401
v 0.015200 0.008603 -0.000400
v 0.015196 0.008603 -0.000400
v 0.015200 0.008603 -0.000400
v 0.015200 0.008603 -0.000400
v 0.015185 0.008603 -0.000403
v 0.015200 0.008603 -0.000400
v 0.015181 0.008603 -0.000405
v 0.015200 0.008603 -0.000400
v 0.015178 0.008603 -0.000407
v 0.015200 0.008603 -0.000400
v 0.015200 0.008603 -0.000400
v 0.015160 0.008603 -0.000440
v 0.015520 0.008603 -0.001200
v 0.015365 0.008603 -0.000648
v 0.015365 0.008603 -0.000952
v 0.015369 0.008603 -0.000952
v 0.015374 0.008603 -0.000954
v 0.015372 0.008603 -0.000647
v 0.015379 0.008603 -0.000955
v 0.015520 0.008603 -0.001200
v 0.015408 0.008603 -0.000607
v 0.015560 0.008603 -0.000440
v 0.015560 0.008603 -0.000440
v 0.015408 0.008603 -0.000600
v 0.015560 0.008603 -0.000440
v 0.015408 0.008603 -0.000595
v 0.015406 0.008603 -0.000586
v 0.015405 0.008603 -0.000581
v 0.015560 0.008603 -0.000440
v 0.015560 0.008603 -0.000440
v 0.015408 0.008603 -0.000591
v 0.015403 0.008603 -0.000577
v 0.015560 0.008603 -0.000440
v 0.015400 0.008603 -0.000573
v 0.015560 0.008603 -0.000440
v 0.015397 0.008603 -0.000569
v 0.015560 0.008603 -0.000440
v 0.015560 0.008603 -0.000440
v 0.015560 0.008603 -0.000440
v 0.015560 0.008603 -0.000440
v 0.015553 0.008603 -0.000418
v 0.015555 0.008603 -0.000421
v 0.015560 0.008603 -0.000440
v 0.015559 0.008603 -0.000432
v 0.015560 0.008603 -0.000436
v 0.015560 0.008603 -0.000440
v 0.015560 0.008603 -0.000440
v 0.015558 0.008603 -0.000428
v 0.015560 0.008603 -0.000440
v 0.015557 0.008603 -0.000425
v 0.015560 0.008603 -0.000440
v 0.015560 0.008603 -0.000440
v 0.015560 0.008603 -0.000440
v 0.015408 0.008603 -0.001007
v 0.015406 0.008603 -0.001014
v 0.015408 0.008594 -0.001009
v 0.015406 0.008603 -0.001014
v 0.015406 0.008594 -0.001014
v 0.015404 0.008603 -0.001021
v 0.015403 0.008594 -0.001023
v 0.015405 0.008594 -0.001019
v 0.015400 0.008603 -0.001027
v 0.015400 0.008594 -0.001027
v 0.015396 0.008603 -0.001033
v 0.015394 0.008594 -0.001034
v 0.015397 0.008594 -0.001031
v 0.015391 0.008603 -0.001037
v 0.015391 0.008594 -0.001037
v 0.015387 0.008594 -0.001040
v 0.015391 0.008603 -0.001037
v 0.015385 0.008603 -0.001042
v 0.015383 0.008594 -0.001043
v 0.015385 0.008603 -0.001042
v 0.015379 0.008603 -0.001045
v 0.015374 0.008594 -0.001046
v 0.015379 0.008603 -0.001045
v 0.015372 0.008603 -0.001047
v 0.015369 0.008594 -0.001048
v 0.015372 0.008603 -0.001047
v 0.015365 0.008603 -0.001048
v 0.015365 0.008594 -0.001048
v 0.015365 0.008603 -0.001048
v 0.015360 0.008594 -0.001049
v 0.015358 0.008603 -0.001048
v 0.015355 0.008594 -0.001048
v 0.015351 0.008594 -0.001048
v 0.015351 0.008603 -0.001048
v 0.015346 0.008594 -0.001046
v 0.015344 0.008603 -0.001046
v 0.015341 0.008594 -0.001045
v 0.015337 0.008603 -0.001043
v 0.015337 0.008594 -0.001043
v 0.015337 0.008603 -0.001043
v 0.015331 0.008603 -0.001039
v 0.015333 0.008594 -0.001040
v 0.015329 0.008594 -0.001037
v 0.015326 0.008603 -0.001034
v 0.015326 0.008594 -0.001034
v 0.015326 0.008603 -0.001034
v 0.015321 0.008603 -0.001029
v 0.015323 0.008594 -0.001031
v 0.015321 0.008603 -0.001029
v 0.015317 0.008603 -0.001023
v 0.015320 0.008594 -0.001027
v 0.015317 0.008603 -0.001023
v 0.015315 0.008594 -0.001019
v 0.015317 0.008594 -0.001023
v 0.015314 0.008603 -0.001016
v 0.015312 0.008603 -0.001009
v 0.015314 0.008594 -0.001014
v 0.015312 0.008603 -0.001009
v 0.015312 0.008594 -0.001005
v 0.015312 0.008594 -0.001009
v 0.015312 0.008603 -0.001002
v 0.015312 0.008594 -0.001000
v 0.015312 0.008603 -0.000995
v 0.015312 0.008594 -0.000995
v 0.015315 0.008603 -0.000981
v 0.015315 0.008594 -0.000981
v 0.015314 0.008594 -0.000986
v 0.015318 0.008603 -0.000975
v 0.015320 0.008594 -0.000973
v 0.015317 0.008594 -0.000977
v 0.015323 0.008603 -0.000969
v 0.015326 0.008594 -0.000966
v 0.015323 0.008594 -0.000969
v 0.015327 0.008603 -0.000964
v 0.015333 0.008603 -0.000960
v 0.015329 0.008594 -0.000963
v 0.015333 0.008603 -0.000960
v 0.015339 0.008603 -0.000956
v 0.015337 0.008594 -0.000957
v 0.015341 0.008594 -0.000955
v 0.015346 0.008603 -0.000954
v 0.015346 0.008594 -0.000954
v 0.015346 0.008603 -0.000954
v 0.015353 0.008603 -0.000952
v 0.015351 0.008594 -0.000952
v 0.015353 0.008603 -0.000952
v 0.015360 0.008603 -0.000952
v 0.015355 0.008594 -0.000952
v 0.015360 0.008603 -0.000952
v 0.015365 0.008603 -0.000952
v 0.015360 0.008594 -0.000952
v 0.015365 0.008594 -0.000952
v 0.015369 0.008603 -0.000952
v 0.015369 0.008594 -0.000952
v 0.015374 0.008603 -0.000954
v 0.015374 0.008594 -0.000954
v 0.015379 0.008603 -0.000955
v 0.015379 0.008594 -0.000955
v 0.015383 0.008594 -0.000957
v 0.015383 0.008603 -0.000957
v 0.015387 0.008603 -0.000960
v 0.015387 0.008594 -0.000960
v 0.015387 0.008603 -0.000960
v 0.015391 0.008603 -0.000963
v 0.015391 0.008594 -0.000963
v 0.015391 0.008603 -0.000963
v 0.015394 0.008603 -0.000966
v 0.015394 0.008594 -0.000966
v 0.015394 0.008603 -0.000966
v 0.015397 0.008603 -0.000969
v 0.015403 0.008603 -0.000977
v 0.015403 0.008594 -0.000977
v 0.015400 0.008594 -0.000973
v 0.015405 0.008603 -0.000981
v 0.015405 0.008594 -0.000981
v 0.015406 0.008603 -0.000986
v 0.015406 0.008594 -0.000986
v 0.015408 0.008603 -0.000991
v 0.015408 0.008594 -0.000991
v 0.015408 0.008603 -0.000995
v 0.015408 0.008594 -0.000995
v 0.015408 0.008603 -0.001007
v 0.015408 0.008594 -0.001005
v 0.015397 0.008594 -0.000969
v 0.015397 0.008603 -0.000969
v 0.015400 0.008603 -0.000973
v 0.015408 0.008603 -0.000995
v 0.015408 0.008603 -0.001000
v 0.015408 0.008603 -0.000991
v 0.015408 0.008603 -0.000995
v 0.015406 0.008603 -0.000986
v 0.015408 0.008603 -0.000991
v 0.015405 0.008603 -0.000981
v 0.015406 0.008603 -0.000986
v 0.015403 0.008603 -0.000977
v 0.015405 0.008603 -0.000981
v 0.015400 0.008603 -0.000973
v 0.015403 0.008603 -0.000977
v 0.015400 0.008603 -0.000973
v 0.015397 0.008603 -0.000969
v 0.015394 0.008603 -0.000966
v 0.015391 0.008603 -0.000963
v 0.015387 0.008603 -0.000960
v 0.015383 0.008603 -0.000957
v 0.015379 0.008603 -0.000955
v 0.015383 0.008603 -0.000957
v 0.015374 0.008603 -0.000954
v 0.015379 0.008603 -0.000955
v 0.015369 0.008603 -0.000952
v 0.015374 0.008603 -0.000954
v 0.015365 0.008603 -0.000952
v 0.015369 0.008603 -0.000952
v 0.015365 0.008603 -0.000952
v 0.015360 0.008603 -0.000952
v 0.015353 0.008603 -0.000952
v 0.015346 0.008603 -0.000954
v 0.015339 0.008603 -0.000956
v 0.015346 0.008603 -0.000954
v 0.015339 0.008603 -0.000956
v 0.015333 0.008603 -0.000960
v 0.015333 0.008594 -0.000960
v 0.015333 0.008603 -0.000960
v 0.015327 0.008603 -0.000964
v 0.015327 0.008603 -0.000964
v 0.015323 0.008603 -0.000969
v 0.015323 0.008603 -0.000969
v 0.015323 0.008603 -0.000969
v 0.015318 0.008603 -0.000975
v 0.015318 0.008603 -0.000975
v 0.015315 0.008603 -0.000981
v 0.015315 0.008603 -0.000981
v 0.015315 0.008603 -0.000981
v 0.015313 0.008603 -0.000988
v 0.015312 0.008594 -0.000991
v 0.015312 0.008603 -0.000995
v 0.015313 0.008603 -0.000988
v 0.015313 0.008603 -0.000988
v 0.015312 0.008603 -0.000995
v 0.015312 0.008603 -0.001002
v 0.015312 0.008603 -0.000995
v 0.015312 0.008603 -0.001009
v 0.015312 0.008603 -0.001002
v 0.015312 0.008603 -0.001009
v 0.015314 0.008603 -0.001016
v 0.015317 0.008603 -0.001023
v 0.015314 0.008603 -0.001016
v 0.015317 0.008603 -0.001023
v 0.015321 0.008603 -0.001029
v 0.015326 0.008603 -0.001034
v 0.015326 0.008603 -0.001034
v 0.015331 0.008603 -0.001039
v 0.015331 0.008603 -0.001039
v 0.015337 0.008603 -0.001043
v 0.015337 0.008603 -0.001043
v 0.015344 0.008603 -0.001046
v 0.015344 0.008603 -0.001046
v 0.015351 0.008603 -0.001048
v 0.015351 0.008603 -0.001048
v 0.015351 0.008603 -0.001048
v 0.015358 0.008603 -0.001048
v 0.015358 0.008603 -0.001048
v 0.015365 0.008603 -0.001048
v 0.015365 0.008603 -0.001048
v 0.015372 0.008603 -0.001047
v 0.015379 0.008603 -0.001045
v 0.015379 0.008594 -0.001045
v 0.015379 0.008603 -0.001045
v 0.015385 0.008603 -0.001042
v 0.015391 0.008603 -0.001037
v 0.015396 0.008603 -0.001033
v 0.015391 0.008603 -0.001037
v 0.015400 0.008603 -0.001027
v 0.015396 0.008603 -0.001033
v 0.015400 0.008603 -0.001027
v 0.015404 0.008603 -0.001021
v 0.015400 0.008603 -0.001027
v 0.015406 0.008603 -0.001014
v 0.015404 0.008603 -0.001021
v 0.015406 0.008603 -0.001014
v 0.015408 0.008594 -0.001000
v 0.015408 0.008603 -0.001000
v 0.015408 0.008603 -0.001000
v 0.015408 0.008603 -0.001000
v 0.015408 0.008603 -0.001007
v 0.015312 0.008594 -0.000995
v 0.015312 0.008594 -0.000991
v 0.015270 0.008553 -0.000991
v 0.015312 0.008594 -0.000991
v 0.015314 0.008594 -0.000986
v 0.015272 0.008553 -0.000982
v 0.015314 0.008594 -0.000986
v 0.015274 0.008553 -0.000974
v 0.015272 0.008553 -0.000982
v 0.015315 0.008594 -0.000981
v 0.015277 0.008553 -0.000966
v 0.015274 0.008553 -0.000974
v 0.015317 0.008594 -0.000977
v 0.015277 0.008553 -0.000966
v 0.015315 0.008594 -0.000981
v 0.015320 0.008594 -0.000973
v 0.015281 0.008553 -0.000958
v 0.015317 0.008594 -0.000977
v 0.015285 0.008553 -0.000950
v 0.015281 0.008553 -0.000958
v 0.015320 0.008594 -0.000973
v 0.015290 0.008553 -0.000943
v 0.015285 0.008553 -0.000950
v 0.015323 0.008594 -0.000969
v 0.015296 0.008553 -0.000936
v 0.015290 0.008553 -0.000943
v 0.015326 0.008594 -0.000966
v 0.015296 0.008553 -0.000936
v 0.015326 0.008594 -0.000966
v 0.015329 0.008594 -0.000963
v 0.015303 0.008553 -0.000930
v 0.015329 0.008594 -0.000963
v 0.015333 0.008594 -0.000960
v 0.015310 0.008553 -0.000925
v 0.015333 0.008594 -0.000960
v 0.015337 0.008594 -0.000957
v 0.015310 0.008553 -0.000925
v 0.015337 0.008594 -0.000957
v 0.015318 0.008553 -0.000921
v 0.015318 0.008553 -0.000921
v 0.015341 0.008594 -0.000955
v 0.015326 0.008553 -0.000917
v 0.015341 0.008594 -0.000955
v 0.015346 0.008594 -0.000954
v 0.015326 0.008553 -0.000917
v 0.015346 0.008594 -0.000954
v 0.015351 0.008594 -0.000952
v 0.015334 0.008553 -0.000914
v 0.015351 0.008594 -0.000952
v 0.015355 0.008594 -0.000952
v 0.015342 0.008553 -0.000912
v 0.015355 0.008594 -0.000952
v 0.015351 0.008553 -0.000910
v 0.015342 0.008553 -0.000912
v 0.015360 0.008594 -0.000952
v 0.015360 0.008553 -0.000910
v 0.015351 0.008553 -0.000910
v 0.015365 0.008594 -0.000952
v 0.015360 0.008553 -0.000910
v 0.015360 0.008594 -0.000952
v 0.015369 0.008594 -0.000952
v 0.015369 0.008553 -0.000910
v 0.015365 0.008594 -0.000952
v 0.015374 0.008594 -0.000954
v 0.015378 0.008553 -0.000912
v 0.015369 0.008594 -0.000952
v 0.015386 0.008553 -0.000914
v 0.015378 0.008553 -0.000912
v 0.015374 0.008594 -0.000954
v 0.015394 0.008553 -0.000917
v 0.015386 0.008553 -0.000914
v 0.015379 0.008594 -0.000955
v 0.015394 0.008553 -0.000917
v 0.015379 0.008594 -0.000955
v 0.015383 0.008594 -0.000957
v 0.015402 0.008553 -0.000921
v 0.015383 0.008594 -0.000957
v 0.015387 0.008594 -0.000960
v 0.015410 0.008553 -0.000925
v 0.015387 0.008594 -0.000960
v 0.015391 0.008594 -0.000963
v 0.015410 0.008553 -0.000925
v 0.015391 0.008594 -0.000963
v 0.015417 0.008553 -0.000930
v 0.015417 0.008553 -0.000930
v 0.015394 0.008594 -0.000966
v 0.015424 0.008553 -0.000936
v 0.015394 0.008594 -0.000966
v 0.015397 0.008594 -0.000969
v 0.015424 0.008553 -0.000936
v 0.015397 0.008594 -0.000969
v 0.015400 0.008594 -0.000973
v 0.015430 0.008553 -0.000943
v 0.015400 0.008594 -0.000973
v 0.015403 0.008594 -0.000977
v 0.015435 0.008553 -0.000950
v 0.015403 0.008594 -0.000977
v 0.015439 0.008553 -0.000958
v 0.015435 0.008553 -0.000950
v 0.015405 0.008594 -0.000981
v 0.015443 0.008553 -0.000966
v 0.015439 0.008553 -0.000958
v 0.015406 0.008594 -0.000986
v 0.015443 0.008553 -0.000966
v 0.015405 0.008594 -0.000981
v 0.015408 0.008594 -0.000991
v 0.015446 0.008553 -0.000974
v 0.015406 0.008594 -0.000986
v 0.015408 0.008594 -0.000995
v 0.015448 0.008553 -0.000982
v 0.015408 0.008594 -0.000991
v 0.015450 0.008553 -0.000991
v 0.015448 0.008553 -0.000982
v 0.015408 0.008594 -0.000995
v 0.015450 0.008553 -0.001000
v 0.015450 0.008553 -0.000991
v 0.015408 0.008594 -0.001000
v 0.015450 0.008553 -0.001000
v 0.015408 0.008594 -0.001000
v 0.015408 0.008594 -0.001005
v 0.015450 0.008553 -0.001009
v 0.015408 0.008594 -0.001005
v 0.015408 0.008594 -0.001009
v 0.015448 0.008553 -0.001018
v 0.015408 0.008594 -0.001009
v 0.015406 0.008594 -0.001014
v 0.015448 0.008553 -0.001018
v 0.015406 0.008594 -0.001014
v 0.015446 0.008553 -0.001026
v 0.015446 0.008553 -0.001026
v 0.015405 0.008594 -0.001019
v 0.015443 0.008553 -0.001034
v 0.015405 0.008594 -0.001019
v 0.015403 0.008594 -0.001023
v 0.015443 0.008553 -0.001034
v 0.015403 0.008594 -0.001023
v 0.015400 0.008594 -0.001027
v 0.015439 0.008553 -0.001042
v 0.015400 0.008594 -0.001027
v 0.015397 0.008594 -0.001031
v 0.015435 0.008553 -0.001050
v 0.015397 0.008594 -0.001031
v 0.015430 0.008553 -0.001057
v 0.015435 0.008553 -0.001050
v 0.015394 0.008594 -0.001034
v 0.015424 0.008553 -0.001064
v 0.015430 0.008553 -0.001057
v 0.015391 0.008594 -0.001037
v 0.015424 0.008553 -0.001064
v 0.015394 0.008594 -0.001034
v 0.015387 0.008594 -0.001040
v 0.015417 0.008553 -0.001070
v 0.015391 0.008594 -0.001037
v 0.015383 0.008594 -0.001043
v 0.015410 0.008553 -0.001075
v 0.015387 0.008594 -0.001040
v 0.015402 0.008553 -0.001079
v 0.015383 0.008594 -0.001043
v 0.015379 0.008594 -0.001045
v 0.015369 0.008594 -0.001048
v 0.015386 0.008553 -0.001086
v 0.015374 0.008594 -0.001046
v 0.015365 0.008594 -0.001048
v 0.015360 0.008594 -0.001049
v 0.015369 0.008553 -0.001090
v 0.015351 0.008553 -0.001090
v 0.015355 0.008594 -0.001048
v 0.015351 0.008594 -0.001048
v 0.015341 0.008594 -0.001045
v 0.015334 0.008553 -0.001086
v 0.015346 0.008594 -0.001046
v 0.015337 0.008594 -0.001043
v 0.015333 0.008594 -0.001040
v 0.015318 0.008553 -0.001079
v 0.015303 0.008553 -0.001070
v 0.015329 0.008594 -0.001037
v 0.015326 0.008594 -0.001034
v 0.015281 0.008553 -0.001042
v 0.015317 0.008594 -0.001023
v 0.015315 0.008594 -0.001019
v 0.015274 0.008553 -0.001026
v 0.015277 0.008553 -0.001034
v 0.015314 0.008594 -0.001014
v 0.015312 0.008594 -0.001005
v 0.015270 0.008553 -0.001009
v 0.015272 0.008553 -0.001018
v 0.015312 0.008594 -0.000991
v 0.015272 0.008553 -0.000982
v 0.015270 0.008553 -0.000991
v 0.015320 0.008594 -0.001027
v 0.015290 0.008553 -0.001057
v 0.015323 0.008594 -0.001031
v 0.015270 0.008553 -0.001009
v 0.015312 0.008594 -0.001000
v 0.015270 0.008553 -0.001000
v 0.015312 0.008594 -0.001005
v 0.015312 0.008594 -0.001000
v 0.015270 0.008553 -0.001009
v 0.015312 0.008594 -0.001009
v 0.015312 0.008594 -0.001005
v 0.015272 0.008553 -0.001018
v 0.015312 0.008594 -0.001009
v 0.015272 0.008553 -0.001018
v 0.015274 0.008553 -0.001026
v 0.015312 0.008594 -0.001009
v 0.015274 0.008553 -0.001026
v 0.015314 0.008594 -0.001014
v 0.015314 0.008594 -0.001014
v 0.015277 0.008553 -0.001034
v 0.015315 0.008594 -0.001019
v 0.015277 0.008553 -0.001034
v 0.015281 0.008553 -0.001042
v 0.015315 0.008594 -0.001019
v 0.015281 0.008553 -0.001042
v 0.015285 0.008553 -0.001050
v 0.015317 0.008594 -0.001023
v 0.015285 0.008553 -0.001050
v 0.015320 0.008594 -0.001027
v 0.015317 0.008594 -0.001023
v 0.015290 0.008553 -0.001057
v 0.015320 0.008594 -0.001027
v 0.015285 0.008553 -0.001050
v 0.015296 0.008553 -0.001064
v 0.015323 0.008594 -0.001031
v 0.015290 0.008553 -0.001057
v 0.015326 0.008594 -0.001034
v 0.015323 0.008594 -0.001031
v 0.015296 0.008553 -0.001064
v 0.015326 0.008594 -0.001034
v 0.015296 0.008553 -0.001064
v 0.015303 0.008553 -0.001070
v 0.015329 0.008594 -0.001037
v 0.015303 0.008553 -0.001070
v 0.015310 0.008553 -0.001075
v 0.015329 0.008594 -0.001037
v 0.015310 0.008553 -0.001075
v 0.015333 0.008594 -0.001040
v 0.015310 0.008553 -0.001075
v 0.015318 0.008553 -0.001079
v 0.015333 0.008594 -0.001040
v 0.015318 0.008553 -0.001079
v 0.015326 0.008553 -0.001083
v 0.015337 0.008594 -0.001043
v 0.015326 0.008553 -0.001083
v 0.015341 0.008594 -0.001045
v 0.015337 0.008594 -0.001043
v 0.015334 0.008553 -0.001086
v 0.015341 0.008594 -0.001045
v 0.015326 0.008553 -0.001083
v 0.015342 0.008553 -0.001088
v 0.015346 0.008594 -0.001046
v 0.015334 0.008553 -0.001086
v 0.015351 0.008594 -0.001048
v 0.015346 0.008594 -0.001046
v 0.015342 0.008553 -0.001088
v 0.015351 0.008594 -0.001048
v 0.015342 0.008553 -0.001088
v 0.015351 0.008553 -0.001090
v 0.015355 0.008594 -0.001048
v 0.015351 0.008553 -0.001090
v 0.015360 0.008553 -0.001090
v 0.015355 0.008594 -0.001048
v 0.015360 0.008553 -0.001090
v 0.015360 0.008594 -0.001049
v 0.015360 0.008553 -0.001090
v 0.015369 0.008553 -0.001090
v 0.015360 0.008594 -0.001049
v 0.015369 0.008553 -0.001090
v 0.015378 0.008553 -0.001088
v 0.015365 0.008594 -0.001048
v 0.015378 0.008553 -0.001088
v 0.015369 0.008594 -0.001048
v 0.015365 0.008594 -0.001048
v 0.015386 0.008553 -0.001086
v 0.015369 0.008594 -0.001048
v 0.015378 0.008553 -0.001088
v 0.015394 0.008553 -0.001083
v 0.015374 0.008594 -0.001046
v 0.015386 0.008553 -0.001086
v 0.015379 0.008594 -0.001045
v 0.015374 0.008594 -0.001046
v 0.015394 0.008553 -0.001083
v 0.015379 0.008594 -0.001045
v 0.015394 0.008553 -0.001083
v 0.015402 0.008553 -0.001079
v 0.015383 0.008594 -0.001043
v 0.015402 0.008553 -0.001079
v 0.015410 0.008553 -0.001075
v 0.015410 0.008553 -0.001075
v 0.015417 0.008553 -0.001070
v 0.015387 0.008594 -0.001040
v 0.015417 0.008553 -0.001070
v 0.015424 0.008553 -0.001064
v 0.015391 0.008594 -0.001037
v 0.015394 0.008594 -0.001034
v 0.015430 0.008553 -0.001057
v 0.015397 0.008594 -0.001031
v 0.015400 0.008594 -0.001027
v 0.015435 0.008553 -0.001050
v 0.015439 0.008553 -0.001042
v 0.015403 0.008594 -0.001023
v 0.015439 0.008553 -0.001042
v 0.015443 0.008553 -0.001034
v 0.015406 0.008594 -0.001014
v 0.015405 0.008594 -0.001019
v 0.015446 0.008553 -0.001026
v 0.015450 0.008553 -0.001009
v 0.015408 0.008594 -0.001009
v 0.015448 0.008553 -0.001018
v 0.015450 0.008553 -0.001000
v 0.015408 0.008594 -0.001005
v 0.015450 0.008553 -0.001009
v 0.015450 0.008553 -0.000991
v 0.015408 0.008594 -0.000995
v 0.015408 0.008594 -0.001000
v 0.015448 0.008553 -0.000982
v 0.015446 0.008553 -0.000974
v 0.015408 0.008594 -0.000991
v 0.015446 0.008553 -0.000974
v 0.015443 0.008553 -0.000966
v 0.015406 0.008594 -0.000986
v 0.015405 0.008594 -0.000981
v 0.015439 0.008553 -0.000958
v 0.015403 0.008594 -0.000977
v 0.015400 0.008594 -0.000973
v 0.015435 0.008553 -0.000950
v 0.015430 0.008553 -0.000943
v 0.015397 0.008594 -0.000969
v 0.015430 0.008553 -0.000943
v 0.015424 0.008553 -0.000936
v 0.015391 0.008594 -0.000963
v 0.015394 0.008594 -0.000966
v 0.015417 0.008553 -0.000930
v 0.015402 0.008553 -0.000921
v 0.015387 0.008594 -0.000960
v 0.015410 0.008553 -0.000925
v 0.015394 0.008553 -0.000917
v 0.015383 0.008594 -0.000957
v 0.015402 0.008553 -0.000921
v 0.015386 0.008553 -0.000914
v 0.015374 0.008594 -0.000954
v 0.015379 0.008594 -0.000955
v 0.015378 0.008553 -0.000912
v 0.015369 0.008553 -0.000910
v 0.015369 0.008594 -0.000952
v 0.015369 0.008553 -0.000910
v 0.015360 0.008553 -0.000910
v 0.015365 0.008594 -0.000952
v 0.015360 0.008594 -0.000952
v 0.015351 0.008553 -0.000910
v 0.015355 0.008594 -0.000952
v 0.015351 0.008594 -0.000952
v 0.015342 0.008553 -0.000912
v 0.015334 0.008553 -0.000914
v 0.015346 0.008594 -0.000954
v 0.015334 0.008553 -0.000914
v 0.015326 0.008553 -0.000917
v 0.015337 0.008594 -0.000957
v 0.015341 0.008594 -0.000955
v 0.015318 0.008553 -0.000921
v 0.015303 0.008553 -0.000930
v 0.015333 0.008594 -0.000960
v 0.015310 0.008553 -0.000925
v 0.015296 0.008553 -0.000936
v 0.015329 0.008594 -0.000963
v 0.015303 0.008553 -0.000930
v 0.015290 0.008553 -0.000943
v 0.015323 0.008594 -0.000969
v 0.015326 0.008594 -0.000966
v 0.015285 0.008553 -0.000950
v 0.015320 0.008594 -0.000973
v 0.015323 0.008594 -0.000969
v 0.015281 0.008553 -0.000958
v 0.015277 0.008553 -0.000966
v 0.015317 0.008594 -0.000977
v 0.015315 0.008594 -0.000981
v 0.015274 0.008553 -0.000974
v 0.015314 0.008594 -0.000986
v 0.015312 0.008594 -0.001000
v 0.015312 0.008594 -0.000995
v 0.015270 0.008553 -0.000991
v 0.015270 0.008553 -0.000991
v 0.015270 0.008553 -0.001000
v 0.015312 0.008594 -0.001000
v 0.015408 0.008603 -0.000607
v 0.015406 0.008603 -0.000614
v 0.015408 0.008594 -0.000609
v 0.015406 0.008603 -0.000614
v 0.015406 0.008594 -0.000614
v 0.015404 0.008603 -0.000621
v 0.015403 0.008594 -0.000623
v 0.015405 0.008594 -0.000619
v 0.015400 0.008603 -0.000627
v 0.015400 0.008594 -0.000627
v 0.015396 0.008603 -0.000633
v 0.015394 0.008594 -0.000634
v 0.015397 0.008594 -0.000631
v 0.015391 0.008603 -0.000637
v 0.015391 0.008594 -0.000637
v 0.015387 0.008594 -0.000640
v 0.015391 0.008603 -0.000637
v 0.015385 0.008603 -0.000642
v 0.015383 0.008594 -0.000643
v 0.015385 0.008603 -0.000642
v 0.015379 0.008603 -0.000645
v 0.015374 0.008594 -0.000646
v 0.015379 0.008603 -0.000645
v 0.015372 0.008603 -0.000647
v 0.015369 0.008594 -0.000648
v 0.015372 0.008603 -0.000647
v 0.015365 0.008603 -0.000648
v 0.015365 0.008594 -0.000648
v 0.015365 0.008603 -0.000648
v 0.015360 0.008594 -0.000649
v 0.015358 0.008603 -0.000648
v 0.015355 0.008594 -0.000648
v 0.015351 0.008594 -0.000648
v 0.015351 0.008603 -0.000648
v 0.015346 0.008594 -0.000646
v 0.015344 0.008603 -0.000646
v 0.015341 0.008594 -0.000645
v 0.015337 0.008603 -0.000643
v 0.015337 0.008594 -0.000643
v 0.015337 0.008603 -0.000643
v 0.015331 0.008603 -0.000639
v 0.015333 0.008594 -0.000640
v 0.015329 0.008594 -0.000637
v 0.015326 0.008603 -0.000634
v 0.015326 0.008594 -0.000634
v 0.015326 0.008603 -0.000634
v 0.015321 0.008603 -0.000629
v 0.015323 0.008594 -0.000631
v 0.015321 0.008603 -0.000629
v 0.015317 0.008603 -0.000623
v 0.015320 0.008594 -0.000627
v 0.015317 0.008603 -0.000623
v 0.015315 0.008594 -0.000619
v 0.015317 0.008594 -0.000623
v 0.015314 0.008603 -0.000616
v 0.015312 0.008603 -0.000609
v 0.015314 0.008594 -0.000614
v 0.015312 0.008603 -0.000609
v 0.015312 0.008594 -0.000605
v 0.015312 0.008594 -0.000609
v 0.015312 0.008603 -0.000602
v 0.015312 0.008594 -0.000600
v 0.015312 0.008603 -0.000595
v 0.015312 0.008594 -0.000595
v 0.015315 0.008603 -0.000581
v 0.015315 0.008594 -0.000581
v 0.015314 0.008594 -0.000586
v 0.015318 0.008603 -0.000575
v 0.015320 0.008594 -0.000573
v 0.015317 0.008594 -0.000577
v 0.015323 0.008603 -0.000569
v 0.015326 0.008594 -0.000566
v 0.015323 0.008594 -0.000569
v 0.015327 0.008603 -0.000564
v 0.015333 0.008603 -0.000560
v 0.015329 0.008594 -0.000563
v 0.015333 0.008603 -0.000560
v 0.015339 0.008603 -0.000556
v 0.015337 0.008594 -0.000557
v 0.015341 0.008594 -0.000555
v 0.015346 0.008603 -0.000554
v 0.015346 0.008594 -0.000554
v 0.015346 0.008603 -0.000554
v 0.015353 0.008603 -0.000552
v 0.015351 0.008594 -0.000552
v 0.015353 0.008603 -0.000552
v 0.015360 0.008603 -0.000552
v 0.015355 0.008594 -0.000552
v 0.015360 0.008603 -0.000552
v 0.015365 0.008603 -0.000552
v 0.015360 0.008594 -0.000552
v 0.015365 0.008594 -0.000552
v 0.015369 0.008603 -0.000552
v 0.015369 0.008594 -0.000552
v 0.015374 0.008603 -0.000554
v 0.015374 0.008594 -0.000554
v 0.015379 0.008603 -0.000555
v 0.015379 0.008594 -0.000555
v 0.015383 0.008594 -0.000557
v 0.015383 0.008603 -0.000557
v 0.015387 0.008603 -0.000560
v 0.015387 0.008594 -0.000560
v 0.015387 0.008603 -0.000560
v 0.015391 0.008603 -0.000563
v 0.015391 0.008594 -0.000563
v 0.015391 0.008603 -0.000563
v 0.015394 0.008603 -0.000566
v 0.015394 0.008594 -0.000566
v 0.015394 0.008603 -0.000566
v 0.015397 0.008603 -0.000569
v 0.015403 0.008603 -0.000577
v 0.015403 0.008594 -0.000577
v 0.015400 0.008594 -0.000573
v 0.015405 0.008603 -0.000581
v 0.015405 0.008594 -0.000581
v 0.015406 0.008603 -0.000586
v 0.015406 0.008594 -0.000586
v 0.015408 0.008603 -0.000591
v 0.015408 0.008594 -0.000591
v 0.015408 0.008603 -0.000595
v 0.015408 0.008594 -0.000595
v 0.015408 0.008603 -0.000607
v 0.015408 0.008594 -0.000605
v 0.015397 0.008594 -0.000569
v 0.015397 0.008603 -0.000569
v 0.015400 0.008603 -0.000573
v 0.015408 0.008603 -0.000595
v 0.015408 0.008603 -0.000600
v 0.015408 0.008603 -0.000591
v 0.015408 0.008603 -0.000595
v 0.015406 0.008603 -0.000586
v 0.015408 0.008603 -0.000591
v 0.015405 0.008603 -0.000581
v 0.015406 0.008603 -0.000586
v 0.015403 0.008603 -0.000577
v 0.015405 0.008603 -0.000581
v 0.015400 0.008603 -0.000573
v 0.015403 0.008603 -0.000577
v 0.015400 0.008603 -0.000573
v 0.015397 0.008603 -0.000569
v 0.015394 0.008603 -0.000566
v 0.015391 0.008603 -0.000563
v 0.015387 0.008603 -0.000560
v 0.015383 0.008603 -0.000557
v 0.015379 0.008603 -0.000555
v 0.015383 0.008603 -0.000557
v 0.015374 0.008603 -0.000554
v 0.015379 0.008603 -0.000555
v 0.015369 0.008603 -0.000552
v 0.015374 0.008603 -0.000554
v 0.015365 0.008603 -0.000552
v 0.015369 0.008603 -0.000552
v 0.015365 0.008603 -0.000552
v 0.015360 0.008603 -0.000552
v 0.015353 0.008603 -0.000552
v 0.015346 0.008603 -0.000554
v 0.015339 0.008603 -0.000556
v 0.015346 0.008603 -0.000554
v 0.015339 0.008603 -0.000556
v 0.015333 0.008603 -0.000560
v 0.015333 0.008594 -0.000560
v 0.015333 0.008603 -0.000560
v 0.015327 0.008603 -0.000564
v 0.015327 0.008603 -0.000564
v 0.015323 0.008603 -0.000569
v 0.015323 0.008603 -0.000569
v 0.015323 0.008603 -0.000569
v 0.015318 0.008603 -0.000575
v 0.015318 0.008603 -0.000575
v 0.015315 0.008603 -0.000581
v 0.015315 0.008603 -0.000581
v 0.015315 0.008603 -0.000581
v 0.015313 0.008603 -0.000588
v 0.015312 0.008594 -0.000591
v 0.015312 0.008603 -0.000595
v 0.015313 0.008603 -0.000588
v 0.015313 0.008603 -0.000588
v 0.015312 0.008603 -0.000595
v 0.015312 0.008603 -0.000602
v 0.015312 0.008603 -0.000595
v 0.015312 0.008603 -0.000609
v 0.015312 0.008603 -0.000602
v 0.015312 0.008603 -0.000609
v 0.015314 0.008603 -0.000616
v 0.015317 0.008603 -0.000623
v 0.015314 0.008603 -0.000616
v 0.015317 0.008603 -0.000623
v 0.015321 0.008603 -0.000629
v 0.015326 0.008603 -0.000634
v 0.015326 0.008603 -0.000634
v 0.015331 0.008603 -0.000639
v 0.015331 0.008603 -0.000639
v 0.015337 0.008603 -0.000643
v 0.015337 0.008603 -0.000643
v 0.015344 0.008603 -0.000646
v 0.015344 0.008603 -0.000646
v 0.015351 0.008603 -0.000648
v 0.015351 0.008603 -0.000648
v 0.015351 0.008603 -0.000648
v 0.015358 0.008603 -0.000648
v 0.015358 0.008603 -0.000648
v 0.015365 0.008603 -0.000648
v 0.015365 0.008603 -0.000648
v 0.015372 0.008603 -0.000647
v 0.015379 0.008603 -0.000645
v 0.015379 0.008594 -0.000645
v 0.015379 0.008603 -0.000645
v 0.015385 0.008603 -0.000642
v 0.015391 0.008603 -0.000637
v 0.015396 0.008603 -0.000633
v 0.015391 0.008603 -0.000637
v 0.015400 0.008603 -0.000627
v 0.015396 0.008603 -0.000633
v 0.015400 0.008603 -0.000627
v 0.015404 0.008603 -0.000621
v 0.015400 0.008603 -0.000627
v 0.015406 0.008603 -0.000614
v 0.015404 0.008603 -0.000621
v 0.015406 0.008603 -0.000614
v 0.015408 0.008594 -0.000600
v 0.015408 0.008603 -0.000600
v 0.015408 0.008603 -0.000600
v 0.015408 0.008603 -0.000600
v 0.015408 0.008603 -0.000607
v 0.015312 0.008594 -0.000595
v 0.015312 0.008594 -0.000591
v 0.015270 0.008553 -0.000591
v 0.015312 0.008594 -0.000591
v 0.015314 0.008594 -0.000586
v 0.015272 0.008553 -0.000582
v 0.015314 0.008594 -0.000586
v 0.015274 0.008553 -0.000574
v 0.015272 0.008553 -0.000582
v 0.015315 0.008594 -0.000581
v 0.015277 0.008553 -0.000566
v 0.015274 0.008553 -0.000574
v 0.015317 0.008594 -0.000577
v 0.015277 0.008553 -0.000566
v 0.015315 0.008594 -0.000581
v 0.015320 0.008594 -0.000573
v 0.015281 0.008553 -0.000558
v 0.015317 0.008594 -0.000577
v 0.015285 0.008553 -0.000550
v 0.015281 0.008553 -0.000558
v 0.015320 0.008594 -0.000573
v 0.015290 0.008553 -0.000543
v 0.015285 0.008553 -0.000550
v 0.015323 0.008594 -0.000569
v 0.015296 0.008553 -0.000536
v 0.015290 0.008553 -0.000543
v 0.015326 0.008594 -0.000566
v 0.015296 0.008553 -0.000536
v 0.015326 0.008594 -0.000566
v 0.015329 0.008594 -0.000563
v 0.015303 0.008553 -0.000530
v 0.015329 0.008594 -0.000563
v 0.015333 0.008594 -0.000560
v 0.015310 0.008553 -0.000525
v 0.015333 0.008594 -0.000560
v 0.015337 0.008594 -0.000557
v 0.015310 0.008553 -0.000525
v 0.015337 0.008594 -0.000557
v 0.015318 0.008553 -0.000521
v 0.015318 0.008553 -0.000521
v 0.015341 0.008594 -0.000555
v 0.015326 0.008553 -0.000517
v 0.015341 0.008594 -0.000555
v 0.015346 0.008594 -0.000554
v 0.015326 0.008553 -0.000517
v 0.015346 0.008594 -0.000554
v 0.015351 0.008594 -0.000552
v 0.015334 0.008553 -0.000514
v 0.015351 0.008594 -0.000552
v 0.015355 0.008594 -0.000552
v 0.015342 0.008553 -0.000512
v 0.015355 0.008594 -0.000552
v 0.015351 0.008553 -0.000510
v 0.015342 0.008553 -0.000512
v 0.015360 0.008594 -0.000552
v 0.015360 0.008553 -0.000510
v 0.015351 0.008553 -0.000510
v 0.015365 0.008594 -0.000552
v 0.015360 0.008553 -0.000510
v 0.015360 0.008594 -0.000552
v 0.015369 0.008594 -0.000552
v 0.015369 0.008553 -0.000510
v 0.015365 0.008594 -0.000552
v 0.015374 0.008594 -0.000554
v 0.015378 0.008553 -0.000512
v 0.015369 0.008594 -0.000552
v 0.015386 0.008553 -0.000514
v 0.015378 0.008553 -0.000512
v 0.015374 0.008594 -0.000554
v 0.015394 0.008553 -0.000517
v 0.015386 0.008553 -0.000514
v 0.015379 0.008594 -0.000555
v 0.015394 0.008553 -0.000517
v 0.015379 0.008594 -0.000555
v 0.015383 0.008594 -0.000557
v 0.015402 0.008553 -0.000521
v 0.015383 0.008594 -0.000557
v 0.015387 0.008594 -0.000560
v 0.015410 0.008553 -0.000525
v 0.015387 0.008594 -0.000560
v 0.015391 0.008594 -0.000563
v 0.015410 0.008553 -0.000525
v 0.015391 0.008594 -0.000563
v 0.015417 0.008553 -0.000530
v 0.015417 0.008553 -0.000530
v 0.015394 0.008594 -0.000566
v 0.015424 0.008553 -0.000536
v 0.015394 0.008594 -0.000566
v 0.015397 0.008594 -0.000569
v 0.015424 0.008553 -0.000536
v 0.015397 0.008594 -0.000569
v 0.015400 0.008594 -0.000573
v 0.015430 0.008553 -0.000543
v 0.015400 0.008594 -0.000573
v 0.015403 0.008594 -0.000577
v 0.015435 0.008553 -0.000550
v 0.015403 0.008594 -0.000577
v 0.015439 0.008553 -0.000558
v 0.015435 0.008553 -0.000550
v 0.015405 0.008594 -0.000581
v 0.015443 0.008553 -0.000566
v 0.015439 0.008553 -0.000558
v 0.015406 0.008594 -0.000586
v 0.015443 0.008553 -0.000566
v 0.015405 0.008594 -0.000581
v 0.015408 0.008594 -0.000591
v 0.015446 0.008553 -0.000574
v 0.015406 0.008594 -0.000586
v 0.015408 0.008594 -0.000595
v 0.015448 0.008553 -0.000582
v 0.015408 0.008594 -0.000591
v 0.015450 0.008553 -0.000591
v 0.015448 0.008553 -0.000582
v 0.015408 0.008594 -0.000595
v 0.015450 0.008553 -0.000600
v 0.015450 0.008553 -0.000591
v 0.015408 0.008594 -0.000600
v 0.015450 0.008553 -0.000600
v 0.015408 0.008594 -0.000600
v 0.015408 0.008594 -0.000605
v 0.015450 0.008553 -0.000609
v 0.015408 0.008594 -0.000605
v 0.015408 0.008594 -0.000609
v 0.015448 0.008553 -0.000618
v 0.015408 0.008594 -0.000609
v 0.015406 0.008594 -0.000614
v 0.015448 0.008553 -0.000618
v 0.015406 0.008594 -0.000614
v 0.015446 0.008553 -0.000626
v 0.015446 0.008553 -0.000626
v 0.015405 0.008594 -0.000619
v 0.015443 0.008553 -0.000634
v 0.015405 0.008594 -0.000619
v 0.015403 0.008594 -0.000623
v 0.015443 0.008553 -0.000634
v 0.015403 0.008594 -0.000623
v 0.015400 0.008594 -0.000627
v 0.015439 0.008553 -0.000642
v 0.015400 0.008594 -0.000627
v 0.015397 0.008594 -0.000631
v 0.015435 0.008553 -0.000650
v 0.015397 0.008594 -0.000631
v 0.015430 0.008553 -0.000657
v 0.015435 0.008553 -0.000650
v 0.015394 0.008594 -0.000634
v 0.015424 0.008553 -0.000664
v 0.015430 0.008553 -0.000657
v 0.015391 0.008594 -0.000637
v 0.015424 0.008553 -0.000664
v 0.015394 0.008594 -0.000634
v 0.015387 0.008594 -0.000640
v 0.015417 0.008553 -0.000670
v 0.015391 0.008594 -0.000637
v 0.015383 0.008594 -0.000643
v 0.015410 0.008553 -0.000675
v 0.015387 0.008594 -0.000640
v 0.015402 0.008553 -0.000679
v 0.015383 0.008594 -0.000643
v 0.015379 0.008594 -0.000645
v 0.015369 0.008594 -0.000648
v 0.015386 0.008553 -0.000686
v 0.015374 0.008594 -0.000646
v 0.015365 0.008594 -0.000648
v 0.015360 0.008594 -0.000649
v 0.015369 0.008553 -0.000690
v 0.015351 0.008553 -0.000690
v 0.015355 0.008594 -0.000648
v 0.015351 0.008594 -0.000648
v 0.015341 0.008594 -0.000645
v 0.015334 0.008553 -0.000686
v 0.015346 0.008594 -0.000646
v 0.015337 0.008594 -0.000643
v 0.015333 0.008594 -0.000640
v 0.015318 0.008553 -0.000679
v 0.015303 0.008553 -0.000670
v 0.015329 0.008594 -0.000637
v 0.015326 0.008594 -0.000634
v 0.015281 0.008553 -0.000642
v 0.015317 0.008594 -0.000623
v 0.015315 0.008594 -0.000619
v 0.015274 0.008553 -0.000626
v 0.015277 0.008553 -0.000634
v 0.015314 0.008594 -0.000614
v 0.015312 0.008594 -0.000605
v 0.015270 0.008553 -0.000609
v 0.015272 0.008553 -0.000618
v 0.015312 0.008594 -0.000591
v 0.015272 0.008553 -0.000582
v 0.015270 0.008553 -0.000591
v 0.015320 0.008594 -0.000627
v 0.015290 0.008553 -0.000657
v 0.015323 0.008594 -0.000631
v 0.015270 0.008553 -0.000609
v 0.015312 0.008594 -0.000600
v 0.015270 0.008553 -0.000600
v 0.015312 0.008594 -0.000605
v 0.015312 0.008594 -0.000600
v 0.015270 0.008553 -0.000609
v 0.015312 0.008594 -0.000609
v 0.015312 0.008594 -0.000605
v 0.015272 0.008553 -0.000618
v 0.015312 0.008594 -0.000609
v 0.015272 0.008553 -0.000618
v 0.015274 0.008553 -0.000626
v 0.015312 0.008594 -0.000609
v 0.015274 0.008553 -0.000626
v 0.015314 0.008594 -0.000614
v 0.015314 0.008594 -0.000614
v 0.015277 0.008553 -0.000634
v 0.015315 0.008594 -0.000619
v 0.015277 0.008553 -0.000634
v 0.015281 0.008553 -0.000642
v 0.015315 0.008594 -0.000619
v 0.015281 0.008553 -0.000642
v 0.015285 0.008553 -0.000650
v 0.015317 0.008594 -0.000623
v 0.015285 0.008553 -0.000650
v 0.015320 0.008594 -0.000627
v 0.015317 0.008594 -0.000623
v 0.015290 0.008553 -0.000657
v 0.015320 0.008594 -0.000627
v 0.015285 0.008553 -0.000650
v 0.015296 0.008553 -0.000664
v 0.015323 0.008594 -0.000631
v 0.015290 0.008553 -0.000657
v 0.015326 0.008594 -0.000634
v 0.015323 0.008594 -0.000631
v 0.015296 0.008553 -0.000664
v 0.015326 0.008594 -0.000634
v 0.015296 0.008553 -0.000664
v 0.015303 0.008553 -0.000670
v 0.015329 0.008594 -0.000637
v 0.015303 0.008553 -0.000670
v 0.015310 0.008553 -0.000675
v 0.015329 0.008594 -0.000637
v 0.015310 0.008553 -0.000675
v 0.015333 0.008594 -0.000640
v 0.015310 0.008553 -0.000675
v 0.015318 0.008553 -0.000679
v 0.015333 0.008594 -0.000640
v 0.015318 0.008553 -0.000679
v 0.015326 0.008553 -0.000683
v 0.015337 0.008594 -0.000643
v 0.015326 0.008553 -0.000683
v 0.015341 0.008594 -0.000645
v 0.015337 0.008594 -0.000643
v 0.015334 0.008553 -0.000686
v 0.015341 0.008594 -0.000645
v 0.015326 0.008553 -0.000683
v 0.015342 0.008553 -0.000688
v 0.015346 0.008594 -0.000646
v 0.015334 0.008553 -0.000686
v 0.015351 0.008594 -0.000648
v 0.015346 0.008594 -0.000646
v 0.015342 0.008553 -0.000688
v 0.015351 0.008594 -0.000648
v 0.015342 0.008553 -0.000688
v 0.015351 0.008553 -0.000690
v 0.015355 0.008594 -0.000648
v 0.015351 0.008553 -0.000690
v 0.015360 0.008553 -0.000690
v 0.015355 0.008594 -0.000648
v 0.015360 0.008553 -0.000690
v 0.015360 0.008594 -0.000649
v 0.015360 0.008553 -0.000690
v 0.015369 0.008553 -0.000690
v 0.015360 0.008594 -0.000649
v 0.015369 0.008553 -0.000690
v 0.015378 0.008553 -0.000688
v 0.015365 0.008594 -0.000648
v 0.015378 0.008553 -0.000688
v 0.015369 0.008594 -0.000648
v 0.015365 0.008594 -0.000648
v 0.015386 0.008553 -0.000686
v 0.015369 0.008594 -0.000648
v 0.015378 0.008553 -0.000688
v 0.015394 0.008553 -0.000683
v 0.015374 0.008594 -0.000646
v 0.015386 0.008553 -0.000686
v 0.015379 0.008594 -0.000645
v 0.015374 0.008594 -0.000646
v 0.015394 0.008553 -0.000683
v 0.015379 0.008594 -0.000645
v 0.015394 0.008553 -0.000683
v 0.015402 0.008553 -0.000679
v 0.015383 0.008594 -0.000643
v 0.015402 0.008553 -0.000679
v 0.015410 0.008553 -0.000675
v 0.015410 0.008553 -0.000675
v 0.015417 0.008553 -0.000670
v 0.015387 0.008594 -0.000640
v 0.015417 0.008553 -0.000670
v 0.015424 0.008553 -0.000664
v 0.015391 0.008594 -0.000637
v 0.015394 0.008594 -0.000634
v 0.015430 0.008553 -0.000657
v 0.015397 0.008594 -0.000631
v 0.015400 0.008594 -0.000627
v 0.015435 0.008553 -0.000650
v 0.015439 0.008553 -0.000642
v 0.015403 0.008594 -0.000623
v 0.015439 0.008553 -0.000642
v 0.015443 0.008553 -0.000634
v 0.015406 0.008594 -0.000614
v 0.015405 0.008594 -0.000619
v 0.015446 0.008553 -0.000626
v 0.015450 0.008553 -0.000609
v 0.015408 0.008594 -0.000609
v 0.015448 0.008553 -0.000618
v 0.015450 0.008553 -0.000600
v 0.015408 0.008594 -0.000605
v 0.015450 0.008553 -0.000609
v 0.015450 0.008553 -0.000591
v 0.015408 0.008594 -0.000595
v 0.015408 0.008594 -0.000600
v 0.015448 0.008553 -0.000582
v 0.015446 0.008553 -0.000574
v 0.015408 0.008594 -0.000591
v 0.015446 0.008553 -0.000574
v 0.015443 0.008553 -0.000566
v 0.015406 0.008594 -0.000586
v 0.015405 0.008594 -0.000581
v 0.015439 0.008553 -0.000558
v 0.015403 0.008594 -0.000577
v 0.015400 0.008594 -0.000573
v 0.015435 0.008553 -0.000550
v 0.015430 0.008553 -0.000543
v 0.015397 0.008594 -0.000569
v 0.015430 0.008553 -0.000543
v 0.015424 0.008553 -0.000536
v 0.015391 0.008594 -0.000563
v 0.015394 0.008594 -0.000566
v 0.015417 0.008553 -0.000530
v 0.015402 0.008553 -0.000521
v 0.015387 0.008594 -0.000560
v 0.015410 0.008553 -0.000525
v 0.015394 0.008553 -0.000517
v 0.015383 0.008594 -0.000557
v 0.015402 0.008553 -0.000521
v 0.015386 0.008553 -0.000514
v 0.015374 0.008594 -0.000554
v 0.015379 0.008594 -0.000555
v 0.015378 0.008553 -0.000512
v 0.015369 0.008553 -0.000510
v 0.015369 0.008594 -0.000552
v 0.015369 0.008553 -0.000510
v 0.015360 0.008553 -0.000510
v 0.015365 0.008594 -0.000552
v 0.015360 0.008594 -0.000552
v 0.015351 0.008553 -0.000510
v 0.015355 0.008594 -0.000552
v 0.015351 0.008594 -0.000552
v 0.015342 0.008553 -0.000512
v 0.015334 0.008553 -0.000514
v 0.015346 0.008594 -0.000554
v 0.015334 0.008553 -0.000514
v 0.015326 0.008553 -0.000517
v 0.015337 0.008594 -0.000557
v 0.015341 0.008594 -0.000555
v 0.015318 0.008553 -0.000521
v 0.015303 0.008553 -0.000530
v 0.015333 0.008594 -0.000560
v 0.015310 0.008553 -0.000525
v 0.015296 0.008553 -0.000536
v 0.015329 0.008594 -0.000563
v 0.015303 0.008553 -0.000530
v 0.015290 0.008553 -0.000543
v 0.015323 0.008594 -0.000569
v 0.015326 0.008594 -0.000566
v 0.015285 0.008553 -0.000550
v 0.015320 0.008594 -0.000573
v 0.015323 0.008594 -0.000569
v 0.015281 0.008553 -0.000558
v 0.015277 0.008553 -0.000566
v 0.015317 0.008594 -0.000577
v 0.015315 0.008594 -0.000581
v 0.015274 0.008553 -0.000574
v 0.015314 0.008594 -0.000586
v 0.015312 0.008594 -0.000600
v 0.015312 0.008594 -0.000595
v 0.015270 0.008553 -0.000591
v 0.015270 0.008553 -0.000591
v 0.015270 0.008553 -0.000600
v 0.015312 0.008594 -0.000600
v 0.015560 0.008603 -0.001164
v 0.015560 0.008603 -0.001164
v 0.015560 0.008553 -0.001164
v 0.015559 0.008603 -0.001168
v 0.015560 0.008603 -0.001164
v 0.015560 0.008553 -0.001164
v 0.015559 0.008553 -0.001168
v 0.015559 0.008603 -0.001168
v 0.015560 0.008553 -0.001164
v 0.015559 0.008553 -0.001168
v 0.015558 0.008603 -0.001172
v 0.015559 0.008603 -0.001168
v 0.015559 0.008553 -0.001168
v 0.015558 0.008553 -0.001172
v 0.015558 0.008603 -0.001172
v 0.015558 0.008603 -0.001172
v 0.015558 0.008553 -0.001172
v 0.015557 0.008603 -0.001175
v 0.015557 0.008603 -0.001175
v 0.015558 0.008553 -0.001172
v 0.015557 0.008553 -0.001175
v 0.015555 0.008603 -0.001179
v 0.015557 0.008603 -0.001175
v 0.015557 0.008553 -0.001175
v 0.015555 0.008553 -0.001179
v 0.015555 0.008603 -0.001179
v 0.015557 0.008553 -0.001175
v 0.015555 0.008553 -0.001179
v 0.015553 0.008603 -0.001182
v 0.015555 0.008603 -0.001179
v 0.015555 0.008553 -0.001179
v 0.015553 0.008553 -0.001182
v 0.015553 0.008603 -0.001182
v 0.015553 0.008603 -0.001182
v 0.015553 0.008553 -0.001182
v 0.015551 0.008603 -0.001185
v 0.015551 0.008603 -0.001185
v 0.015553 0.008553 -0.001182
v 0.015551 0.008553 -0.001185
v 0.015545 0.008553 -0.001191
v 0.015542 0.008553 -0.001193
v 0.015542 0.008603 -0.001193
v 0.015542 0.008553 -0.001193
v 0.015539 0.008603 -0.001195
v 0.015542 0.008603 -0.001193
v 0.015524 0.008553 -0.001200
v 0.015524 0.008553 -0.001200
v 0.015524 0.008603 -0.001200
v 0.015528 0.008553 -0.001199
v 0.015524 0.008553 -0.001200
v 0.015524 0.008603 -0.001200
v 0.015528 0.008603 -0.001199
v 0.015528 0.008553 -0.001199
v 0.015524 0.008603 -0.001200
v 0.015528 0.008603 -0.001199
v 0.015532 0.008553 -0.001198
v 0.015528 0.008553 -0.001199
v 0.015528 0.008603 -0.001199
v 0.015532 0.008603 -0.001198
v 0.015532 0.008553 -0.001198
v 0.015532 0.008553 -0.001198
v 0.015532 0.008603 -0.001198
v 0.015535 0.008553 -0.001197
v 0.015535 0.008553 -0.001197
v 0.015532 0.008603 -0.001198
v 0.015535 0.008603 -0.001197
v 0.015539 0.008553 -0.001195
v 0.015535 0.008553 -0.001197
v 0.015535 0.008603 -0.001197
v 0.015539 0.008603 -0.001195
v 0.015539 0.008553 -0.001195
v 0.015535 0.008603 -0.001197
v 0.015539 0.008603 -0.001195
v 0.015542 0.008553 -0.001193
v 0.015539 0.008553 -0.001195
v 0.015542 0.008603 -0.001193
v 0.015545 0.008603 -0.001191
v 0.015545 0.008553 -0.001191
v 0.015545 0.008553 -0.001191
v 0.015545 0.008603 -0.001191
v 0.015548 0.008553 -0.001188
v 0.015548 0.008553 -0.001188
v 0.015545 0.008603 -0.001191
v 0.015548 0.008603 -0.001188
v 0.015551 0.008553 -0.001185
v 0.015548 0.008553 -0.001188
v 0.015548 0.008603 -0.001188
v 0.015551 0.008553 -0.001185
v 0.015548 0.008603 -0.001188
v 0.015551 0.008603 -0.001185
v 0.015196 0.008603 -0.001200
v 0.015196 0.008603 -0.001200
v 0.015196 0.008553 -0.001200
v 0.015192 0.008603 -0.001199
v 0.015192 0.008603 -0.001199
v 0.015196 0.008553 -0.001200
v 0.015192 0.008553 -0.001199
v 0.015188 0.008603 -0.001198
v 0.015192 0.008553 -0.001199
v 0.015188 0.008553 -0.001198
v 0.015185 0.008603 -0.001197
v 0.015188 0.008603 -0.001198
v 0.015188 0.008553 -0.001198
v 0.015181 0.008603 -0.001195
v 0.015185 0.008603 -0.001197
v 0.015185 0.008553 -0.001197
v 0.015178 0.008603 -0.001193
v 0.015181 0.008603 -0.001195
v 0.015181 0.008553 -0.001195
v 0.015178 0.008553 -0.001193
v 0.015178 0.008603 -0.001193
v 0.015181 0.008553 -0.001195
v 0.015175 0.008553 -0.001191
v 0.015175 0.008603 -0.001191
v 0.015178 0.008553 -0.001193
v 0.015175 0.008553 -0.001191
v 0.015172 0.008603 -0.001188
v 0.015175 0.008603 -0.001191
v 0.015172 0.008553 -0.001188
v 0.015169 0.008603 -0.001185
v 0.015172 0.008603 -0.001188
v 0.015172 0.008553 -0.001188
v 0.015169 0.008553 -0.001185
v 0.015169 0.008603 -0.001185
v 0.015169 0.008553 -0.001185
v 0.015167 0.008553 -0.001182
v 0.015167 0.008603 -0.001182
v 0.015167 0.008603 -0.001182
v 0.015167 0.008553 -0.001182
v 0.015165 0.008603 -0.001179
v 0.015165 0.008603 -0.001179
v 0.015165 0.008553 -0.001179
v 0.015163 0.008603 -0.001175
v 0.015163 0.008603 -0.001175
v 0.015165 0.008553 -0.001179
v 0.015163 0.008553 -0.001175
v 0.015160 0.008553 -0.001164
v 0.015160 0.008603 -0.001164
v 0.015160 0.008553 -0.001164
v 0.015160 0.008603 -0.001164
v 0.015161 0.008553 -0.001168
v 0.015160 0.008553 -0.001164
v 0.015160 0.008603 -0.001164
v 0.015161 0.008603 -0.001168
v 0.015161 0.008553 -0.001168
v 0.015161 0.008553 -0.001168
v 0.015161 0.008603 -0.001168
v 0.015162 0.008553 -0.001172
v 0.015162 0.008553 -0.001172
v 0.015161 0.008603 -0.001168
v 0.015162 0.008603 -0.001172
v 0.015163 0.008553 -0.001175
v 0.015162 0.008553 -0.001172
v 0.015162 0.008603 -0.001172
v 0.015163 0.008603 -0.001175
v 0.015163 0.008553 -0.001175
v 0.015162 0.008603 -0.001172
v 0.015167 0.008553 -0.001182
v 0.015165 0.008553 -0.001179
v 0.015165 0.008603 -0.001179
v 0.015169 0.008553 -0.001185
v 0.015167 0.008603 -0.001182
v 0.015169 0.008603 -0.001185
v 0.015172 0.008553 -0.001188
v 0.015172 0.008603 -0.001188
v 0.015175 0.008553 -0.001191
v 0.015175 0.008603 -0.001191
v 0.015178 0.008603 -0.001193
v 0.015178 0.008553 -0.001193
v 0.015181 0.008603 -0.001195
v 0.015185 0.008553 -0.001197
v 0.015181 0.008553 -0.001195
v 0.015185 0.008603 -0.001197
v 0.015188 0.008553 -0.001198
v 0.015185 0.008553 -0.001197
v 0.015196 0.008553 -0.001200
v 0.015196 0.008603 -0.001200
v 0.015192 0.008553 -0.001199
v 0.015188 0.008603 -0.001198
v 0.015192 0.008603 -0.001199
v 0.015160 0.008603 -0.000436
v 0.015160 0.008603 -0.000436
v 0.015160 0.008553 -0.000436
v 0.015161 0.008603 -0.000432
v 0.015160 0.008603 -0.000436
v 0.015160 0.008553 -0.000436
v 0.015161 0.008553 -0.000432
v 0.015161 0.008603 -0.000432
v 0.015160 0.008553 -0.000436
v 0.015161 0.008553 -0.000432
v 0.015162 0.008603 -0.000428
v 0.015161 0.008603 -0.000432
v 0.015161 0.008553 -0.000432
v 0.015162 0.008553 -0.000428
v 0.015162 0.008603 -0.000428
v 0.015162 0.008603 -0.000428
v 0.015162 0.008553 -0.000428
v 0.015163 0.008603 -0.000425
v 0.015163 0.008603 -0.000425
v 0.015162 0.008553 -0.000428
v 0.015163 0.008553 -0.000425
v 0.015165 0.008603 -0.000421
v 0.015163 0.008603 -0.000425
v 0.015163 0.008553 -0.000425
v 0.015165 0.008553 -0.000421
v 0.015165 0.008603 -0.000421
v 0.015163 0.008553 -0.000425
v 0.015165 0.008553 -0.000421
v 0.015167 0.008603 -0.000418
v 0.015165 0.008603 -0.000421
v 0.015165 0.008553 -0.000421
v 0.015167 0.008553 -0.000418
v 0.015167 0.008603 -0.000418
v 0.015167 0.008603 -0.000418
v 0.015167 0.008553 -0.000418
v 0.015169 0.008603 -0.000415
v 0.015169 0.008603 -0.000415
v 0.015167 0.008553 -0.000418
v 0.015169 0.008553 -0.000415
v 0.015172 0.008603 -0.000412
v 0.015169 0.008603 -0.000415
v 0.015169 0.008553 -0.000415
v 0.015172 0.008553 -0.000412
v 0.015172 0.008603 -0.000412
v 0.015169 0.008553 -0.000415
v 0.015196 0.008553 -0.000400
v 0.015196 0.008603 -0.000400
v 0.015196 0.008553 -0.000400
v 0.015196 0.008603 -0.000400
v 0.015192 0.008553 -0.000401
v 0.015196 0.008553 -0.000400
v 0.015196 0.008603 -0.000400
v 0.015192 0.008603 -0.000401
v 0.015192 0.008553 -0.000401
v 0.015192 0.008553 -0.000401
v 0.015192 0.008603 -0.000401
v 0.015188 0.008553 -0.000402
v 0.015188 0.008553 -0.000402
v 0.015192 0.008603 -0.000401
v 0.015188 0.008603 -0.000402
v 0.015185 0.008553 -0.000403
v 0.015188 0.008553 -0.000402
v 0.015188 0.008603 -0.000402
v 0.015185 0.008603 -0.000403
v 0.015185 0.008553 -0.000403
v 0.015188 0.008603 -0.000402
v 0.015185 0.008603 -0.000403
v 0.015181 0.008553 -0.000405
v 0.015185 0.008553 -0.000403
v 0.015185 0.008603 -0.000403
v 0.015181 0.008603 -0.000405
v 0.015181 0.008553 -0.000405
v 0.015181 0.008553 -0.000405
v 0.015181 0.008603 -0.000405
v 0.015178 0.008553 -0.000407
v 0.015178 0.008553 -0.000407
v 0.015181 0.008603 -0.000405
v 0.015178 0.008603 -0.000407
v 0.015175 0.008553 -0.000409
v 0.015178 0.008553 -0.000407
v 0.015178 0.008603 -0.000407
v 0.015175 0.008603 -0.000409
v 0.015175 0.008553 -0.000409
v 0.015178 0.008603 -0.000407
v 0.015175 0.008603 -0.000409
v 0.015172 0.008553 -0.000412
v 0.015175 0.008553 -0.000409
v 0.015172 0.008603 -0.000412
v 0.015172 0.008553 -0.000412
v 0.015175 0.008603 -0.000409
v 0.015524 0.008603 -0.000400
v 0.015524 0.008603 -0.000400
v 0.015524 0.008553 -0.000400
v 0.015528 0.008603 -0.000401
v 0.015524 0.008603 -0.000400
v 0.015524 0.008553 -0.000400
v 0.015528 0.008553 -0.000401
v 0.015528 0.008603 -0.000401
v 0.015524 0.008553 -0.000400
v 0.015528 0.008553 -0.000401
v 0.015532 0.008603 -0.000402
v 0.015528 0.008603 -0.000401
v 0.015528 0.008553 -0.000401
v 0.015532 0.008553 -0.000402
v 0.015532 0.008603 -0.000402
v 0.015532 0.008603 -0.000402
v 0.015532 0.008553 -0.000402
v 0.015535 0.008603 -0.000403
v 0.015535 0.008603 -0.000403
v 0.015532 0.008553 -0.000402
v 0.015535 0.008553 -0.000403
v 0.015539 0.008603 -0.000405
v 0.015535 0.008603 -0.000403
v 0.015535 0.008553 -0.000403
v 0.015539 0.008553 -0.000405
v 0.015539 0.008603 -0.000405
v 0.015535 0.008553 -0.000403
v 0.015539 0.008553 -0.000405
v 0.015542 0.008603 -0.000407
v 0.015539 0.008603 -0.000405
v 0.015539 0.008553 -0.000405
v 0.015542 0.008553 -0.000407
v 0.015542 0.008603 -0.000407
v 0.015542 0.008603 -0.000407
v 0.015542 0.008553 -0.000407
v 0.015545 0.008603 -0.000409
v 0.015545 0.008603 -0.000409
v 0.015542 0.008553 -0.000407
v 0.015545 0.008553 -0.000409
v 0.015548 0.008603 -0.000412
v 0.015545 0.008603 -0.000409
v 0.015545 0.008553 -0.000409
v 0.015548 0.008553 -0.000412
v 0.015548 0.008603 -0.000412
v 0.015545 0.008553 -0.000409
v 0.015548 0.008553 -0.000412
v 0.015551 0.008603 -0.000415
v 0.015548 0.008603 -0.000412
v 0.015560 0.008553 -0.000436
v 0.015560 0.008603 -0.000436
v 0.015560 0.008553 -0.000436
v 0.015560 0.008603 -0.000436
v 0.015559 0.008553 -0.000432
v 0.015560 0.008553 -0.000436
v 0.015560 0.008603 -0.000436
v 0.015559 0.008603 -0.000432
v 0.015559 0.008553 -0.000432
v 0.015559 0.008553 -0.000432
v 0.015559 0.008603 -0.000432
v 0.015558 0.008553 -0.000428
v 0.015558 0.008553 -0.000428
v 0.015559 0.008603 -0.000432
v 0.015558 0.008603 -0.000428
v 0.015557 0.008553 -0.000425
v 0.015558 0.008553 -0.000428
v 0.015558 0.008603 -0.000428
v 0.015557 0.008603 -0.000425
v 0.015557 0.008553 -0.000425
v 0.015558 0.008603 -0.000428
v 0.015557 0.008603 -0.000425
v 0.015555 0.008553 -0.000421
v 0.015557 0.008553 -0.000425
v 0.015557 0.008603 -0.000425
v 0.015555 0.008603 -0.000421
v 0.015555 0.008553 -0.000421
v 0.015555 0.008553 -0.000421
v 0.015555 0.008603 -0.000421
v 0.015553 0.008553 -0.000418
v 0.015553 0.008553 -0.000418
v 0.015555 0.008603 -0.000421
v 0.015553 0.008603 -0.000418
v 0.015551 0.008553 -0.000415
v 0.015553 0.008553 -0.000418
v 0.015553 0.008603 -0.000418
v 0.015551 0.008603 -0.000415
v 0.015551 0.008553 -0.000415
v 0.015553 0.008603 -0.000418
v 0.015551 0.008603 -0.000415
v 0.015548 0.008553 -0.000412
v 0.015551 0.008553 -0.000415
vn -0.0000 -0.0000 -1.0000
vn 1.0000 -0.0000 -0.0000
vn -0.0000 -0.0000 1.0000
vn -1.0000 -0.0000 -0.0000
vn -0.0000 -1.0000 -0.0000
vn -0.0000 -1.0000 0.0002
vn -0.0000 -1.0000 0.0001
vn -0.0000 -1.0000 -0.0001
vn -0.0000 -1.0000 -0.0002
vn -0.0000 -1.0000 0.0004
vn -0.0000 -1.0000 -0.0004
vn -0.0000 -1.0000 0.0003
vn -0.0000 -1.0000 -0.0003
vn -0.0000 1.0000 -0.0000
vn -0.0000 1.0000 -0.0002
vn -0.0000 1.0000 0.0001
vn -0.0000 1.0000 -0.0001
vn -0.0000 1.0000 0.0002
vn -0.9892 -0.0000 0.1467
vn -0.9569 -0.0000 0.2903
vn -0.9808 -0.0000 0.1951
vn -0.9569 -0.0000 0.2904
vn -0.9808 -0.0000 0.1952
vn -0.9040 -0.0000 0.4276
vn -0.8819 0.0004 0.4714
vn -0.9239 -0.0000 0.3827
vn -0.8315 -0.0000 0.5556
vn -0.8819 -0.0000 0.4714
vn -0.7409 -0.0000 0.6716
vn -0.7071 -0.0000 0.7071
vn -0.7730 -0.0000 0.6344
vn -0.6344 -0.0000 0.7730
vn -0.7070 -0.0000 0.7072
vn -0.5556 -0.0000 0.8315
vn -0.5141 -0.0000 0.8577
vn -0.4714 -0.0000 0.8819
vn -0.3827 -0.0000 0.9239
vn -0.2903 -0.0000 0.9569
vn -0.2430 -0.0000 0.9700
vn -0.1951 -0.0000 0.9808
vn -0.0980 -0.0000 0.9952
vn -0.0001 -0.0000 1.0000
vn 0.0491 -0.0000 0.9988
vn 0.0980 -0.0000 0.9952
vn 0.1951 -0.0000 0.9808
vn 0.2903 -0.0000 0.9569
vn 0.3369 -0.0000 0.9416
vn 0.3826 -0.0000 0.9239
vn 0.3827 -0.0000 0.9239
vn 0.4714 -0.0000 0.8819
vn 0.5957 -0.0000 0.8032
vn 0.5556 -0.0000 0.8315
vn 0.6344 -0.0000 0.7730
vn 0.7071 -0.0000 0.7071
vn 0.7071 0.0001 0.7071
vn 0.8032 -0.0000 0.5957
vn 0.7730 -0.0000 0.6344
vn 0.8819 -0.0000 0.4714
vn 0.8315 -0.0000 0.5556
vn 0.9239 -0.0000 0.3827
vn 0.9415 -0.0000 0.3369
vn 0.9808 -0.0000 0.1951
vn 0.9569 -0.0000 0.2903
vn 0.9808 -0.0000 0.1950
vn 0.9952 -0.0000 0.0980
vn 0.9988 -0.0000 0.0491
vn 1.0000 0.0002 -0.0000
vn 0.9952 -0.0000 -0.0980
vn 0.9239 -0.0000 -0.3826
vn 0.9569 -0.0000 -0.2903
vn 0.8577 -0.0000 -0.5141
vn 0.8315 -0.0000 -0.5556
vn 0.8819 -0.0000 -0.4714
vn 0.7730 -0.0000 -0.6344
vn 0.7071 -0.0000 -0.7071
vn 0.6715 -0.0000 -0.7410
vn 0.5556 -0.0000 -0.8315
vn 0.6344 -0.0000 -0.7730
vn 0.4276 -0.0000 -0.9040
vn 0.4714 -0.0000 -0.8819
vn 0.3827 -0.0000 -0.9239
vn 0.2903 -0.0000 -0.9569
vn 0.1468 -0.0000 -0.9892
vn 0.1951 -0.0000 -0.9808
vn 0.1466 -0.0000 -0.9892
vn 0.0980 -0.0000 -0.9952
vn -0.0980 -0.0000 -0.9952
vn -0.1950 -0.0000 -0.9808
vn -0.1951 -0.0000 -0.9808
vn -0.2903 -0.0000 -0.9569
vn -0.3827 -0.0000 -0.9239
vn -0.4714 -0.0000 -0.8819
vn -0.5556 -0.0000 -0.8315
vn -0.6344 -0.0000 -0.7730
vn -0.7070 -0.0000 -0.7072
vn -0.7071 -0.0000 -0.7071
vn -0.7730 -0.0000 -0.6344
vn -0.8819 -0.0000 -0.4714
vn -0.8315 -0.0000 -0.5556
vn -0.9239 -0.0000 -0.3827
vn -0.9569 -0.0000 -0.2903
vn -0.9239 -0.0000 -0.3826
vn -0.9808 -0.0000 -0.1951
vn -0.9952 -0.0000 -0.0980
vn -0.9808 -0.0000 -0.1950
vn -0.9892 -0.0000 0.1466
vn -0.9808 -0.0000 0.1950
vn -0.9952 -0.0000 0.0980
vn -0.5556 -0.0000 -0.8314
vn 0.1950 -0.0000 -0.9808
vn 0.4275 -0.0000 -0.9040
vn 0.5556 -0.0000 -0.8314
vn 0.6716 -0.0000 -0.7409
vn 0.8314 -0.0000 -0.5556
vn 0.9239 0.0002 -0.3827
vn 0.9239 -0.0000 -0.3827
vn 0.9700 -0.0000 -0.2430
vn 0.9808 -0.0000 -0.1951
vn 0.9808 -0.0000 -0.1950
vn 0.9988 -0.0000 0.0490
vn 0.9808 -0.0000 0.1952
vn 0.9569 -0.0000 0.2904
vn 0.8314 -0.0000 0.5556
vn 0.5556 -0.0000 0.8314
vn 0.3369 -0.0000 0.9415
vn 0.1950 -0.0000 0.9808
vn 0.0490 -0.0000 0.9988
vn -0.1950 -0.0000 0.9808
vn -0.5556 -0.0000 0.8314
vn -0.7410 -0.0000 0.6715
vn -0.9040 -0.0000 0.4275
vn -0.9239 -0.0000 0.3826
vn 0.7037 -0.7071 -0.0693
vn 0.6935 -0.7071 -0.1379
vn 0.6935 -0.7071 -0.1380
vn 0.6767 -0.7071 -0.2052
vn 0.6533 -0.7071 -0.2706
vn 0.6767 -0.7071 -0.2053
vn 0.6236 -0.7071 -0.3333
vn 0.5879 -0.7071 -0.3928
vn 0.5466 -0.7071 -0.4486
vn 0.5879 -0.7071 -0.3929
vn 0.5000 -0.7071 -0.5000
vn 0.5001 -0.7071 -0.4999
vn 0.4486 -0.7071 -0.5466
vn 0.3929 -0.7071 -0.5879
vn 0.3928 -0.7071 -0.5879
vn 0.3333 -0.7071 -0.6236
vn 0.2706 -0.7071 -0.6533
vn 0.2053 -0.7071 -0.6767
vn 0.2705 -0.7071 -0.6533
vn 0.2052 -0.7071 -0.6767
vn 0.1380 -0.7071 -0.6935
vn 0.1379 -0.7071 -0.6935
vn 0.0693 -0.7071 -0.7037
vn -0.0000 -0.7071 -0.7071
vn -0.0693 -0.7071 -0.7037
vn -0.1379 -0.7071 -0.6935
vn -0.2052 -0.7071 -0.6767
vn -0.1380 -0.7071 -0.6935
vn -0.2706 -0.7071 -0.6533
vn -0.2053 -0.7071 -0.6767
vn -0.3333 -0.7071 -0.6236
vn -0.3928 -0.7071 -0.5879
vn -0.3929 -0.7071 -0.5879
vn -0.4486 -0.7071 -0.5466
vn -0.5000 -0.7071 -0.5000
vn -0.5466 -0.7071 -0.4486
vn -0.5879 -0.7071 -0.3929
vn -0.5879 -0.7071 -0.3928
vn -0.6236 -0.7071 -0.3333
vn -0.6533 -0.7071 -0.2706
vn -0.6767 -0.7071 -0.2053
vn -0.6935 -0.7071 -0.1381
vn -0.6767 -0.7071 -0.2052
vn -0.7037 -0.7071 -0.0693
vn -0.6935 -0.7071 -0.1379
vn -0.6935 -0.7071 -0.1378
vn -0.7071 -0.7071 -0.0000
vn -0.7037 -0.7071 0.0693
vn -0.6935 -0.7071 0.1379
vn -0.6935 -0.7071 0.1381
vn -0.6767 -0.7071 0.2052
vn -0.6935 -0.7071 0.1380
vn -0.6767 -0.7071 0.2053
vn -0.6533 -0.7071 0.2706
vn -0.6236 -0.7071 0.3333
vn -0.5879 -0.7071 0.3928
vn -0.5879 -0.7071 0.3929
vn -0.5466 -0.7071 0.4486
vn -0.5000 -0.7071 0.5000
vn -0.4486 -0.7071 0.5466
vn -0.3929 -0.7071 0.5879
vn -0.3333 -0.7071 0.6236
vn -0.3928 -0.7071 0.5879
vn -0.2706 -0.7071 0.6533
vn -0.1380 -0.7071 0.6935
vn -0.2052 -0.7071 0.6767
vn -0.0693 -0.7071 0.7037
vn -0.0000 -0.7071 0.7071
vn 0.0693 -0.7071 0.7037
vn 0.1379 -0.7071 0.6935
vn 0.2706 -0.7071 0.6533
vn 0.2053 -0.7071 0.6767
vn 0.3334 -0.7071 0.6236
vn 0.3928 -0.7071 0.5879
vn 0.3333 -0.7071 0.6236
vn 0.4486 -0.7071 0.5466
vn 0.5000 -0.7071 0.5000
vn 0.6236 -0.7071 0.3333
vn 0.6533 -0.7071 0.2706
vn 0.6767 -0.7071 0.2053
vn 0.7037 -0.7071 0.0693
vn 0.6935 -0.7071 0.1379
vn 0.5879 -0.7071 0.3929
vn 0.5466 -0.7071 0.4486
vn 0.7071 -0.7071 -0.0000
vn 0.6935 -0.7071 0.1380
vn 0.6767 -0.7071 0.2052
vn 0.5879 -0.7071 0.3928
vn 0.3929 -0.7071 0.5879
vn 0.1380 -0.7071 0.6935
vn 0.2052 -0.7071 0.6767
vn -0.1379 -0.7071 0.6935
vn -0.2053 -0.7071 0.6767
vn -0.6935 -0.7071 -0.1380
vn 0.1467 -0.0000 -0.9892
vn -0.8819 -0.0000 -0.4715
vn -0.9808 -0.0000 -0.1952
vn -0.9569 -0.0000 -0.2904
vn -0.9808 -0.0004 0.1951
vn 0.9808 -0.0000 -0.1952
vn 0.9700 -0.0000 -0.2431
vn 1.0000 -0.0002 -0.0000
vn 0.9988 -0.0002 0.0490
vn 0.9808 -0.0002 0.1950
vn 0.7071 -0.0001 0.7071
vn 0.5957 -0.0001 0.8032
vn -0.2431 -0.0000 0.9700
vn -0.1381 -0.7071 0.6935
vn 0.6935 -0.7071 0.1381
vn 0.0001 -0.7071 0.7071
vn -0.0000 -0.7070 0.7072
vn 0.8315 -0.0000 -0.5555
vn 0.5555 -0.0000 -0.8315
vn -0.0981 -0.0000 -0.9952
vn -0.5555 -0.0000 -0.8315
vn -0.8315 -0.0000 -0.5555
vn -0.8314 -0.0000 0.5556
vn -0.8315 -0.0000 0.5555
vn -0.0981 -0.0000 0.9952
vn -0.5555 -0.0000 0.8315
vn 0.5555 -0.0000 0.8315
vn 0.4714 0.0001 0.8819
vn 0.5554 -0.0000 0.8316
vn 0.8315 -0.0000 0.5555
s 1
usemtl Diffuse_51_51_51_100.018
f 1//1 2//1 3//1
f 2//1 4//1 3//1
f 5//2 6//2 7//2
f 6//2 8//2 7//2
f 9//3 10//3 11//3
f 10//3 12//3 11//3
f 13//4 14//4 15//4
f 14//4 16//4 15//4
f 17//5 18//5 19//5
f 20//5 17//5 21//5
f 22//5 20//5 23//5
f 24//5 22//5 25//5
f 26//5 24//5 27//5
f 28//5 26//5 29//5
f 30//6 28//6 31//6
f 32//5 30//5 33//5
f 34//5 32//5 35//5
f 36//5 34//5 37//5
f 38//5 36//5 39//5
f 40//7 38//7 41//7
f 42//5 40//5 43//5
f 44//5 42//5 45//5
f 46//5 47//5 48//5
f 49//5 44//5 50//5
f 51//5 52//5 53//5
f 54//8 55//8 53//8
f 56//5 57//5 54//5
f 56//5 58//5 59//5
f 60//7 61//7 62//7
f 63//5 64//5 62//5
f 63//5 65//5 66//5
f 67//5 68//5 69//5
f 70//5 65//5 71//5
f 69//5 72//5 73//5
f 74//5 75//5 76//5
f 77//5 74//5 78//5
f 79//5 77//5 80//5
f 81//5 82//5 83//5
f 84//9 85//9 86//9
f 87//10 88//10 89//10
f 90//5 89//5 91//5
f 92//5 89//5 93//5
f 94//7 95//7 93//7
f 94//6 96//6 97//6
f 98//5 96//5 99//5
f 100//5 101//5 99//5
f 100//9 102//9 103//9
f 104//6 102//6 105//6
f 106//5 107//5 105//5
f 108//5 109//5 110//5
f 106//5 111//5 112//5
f 113//7 114//7 109//7
f 115//5 116//5 117//5
f 117//5 118//5 119//5
f 120//8 121//8 122//8
f 123//7 124//7 125//7
f 126//8 127//8 124//8
f 128//5 129//5 130//5
f 131//9 132//9 130//9
f 133//5 134//5 131//5
f 133//5 135//5 136//5
f 137//8 138//8 139//8
f 140//5 141//5 139//5
f 140//5 142//5 143//5
f 144//5 145//5 146//5
f 147//5 142//5 148//5
f 146//5 149//5 150//5
f 151//5 152//5 153//5
f 154//5 151//5 155//5
f 156//5 154//5 157//5
f 158//9 159//9 160//9
f 161//6 162//6 163//6
f 164//11 165//11 166//11
f 167//12 168//12 169//12
f 170//5 171//5 166//5
f 172//6 173//6 174//6
f 172//5 175//5 176//5
f 174//9 177//9 178//9
f 178//5 179//5 180//5
f 180//5 181//5 182//5
f 182//5 183//5 184//5
f 184//5 185//5 186//5
f 186//8 187//8 71//8
f 73//5 188//5 189//5
f 83//5 190//5 86//5
f 191//5 192//5 193//5
f 191//5 194//5 195//5
f 196//5 194//5 197//5
f 85//5 198//5 197//5
f 199//7 81//7 79//7
f 75//5 189//5 200//5
f 71//5 201//5 202//5
f 61//9 203//9 58//9
f 53//6 204//6 205//6
f 205//5 206//5 207//5
f 207//5 208//5 209//5
f 210//5 211//5 212//5
f 213//7 211//7 214//7
f 215//5 210//5 216//5
f 48//5 215//5 217//5
f 218//5 48//5 219//5
f 220//9 218//9 221//9
f 222//5 220//5 223//5
f 224//5 222//5 225//5
f 226//5 224//5 227//5
f 209//9 228//9 214//9
f 229//7 230//7 231//7
f 232//5 233//5 230//5
f 234//5 169//5 233//5
f 235//10 236//10 168//10
f 237//5 238//5 239//5
f 239//5 238//5 166//5
f 240//5 237//5 239//5
f 240//5 241//5 237//5
f 240//5 242//5 241//5
f 242//5 243//5 244//5
f 244//5 243//5 245//5
f 245//5 243//5 246//5
f 247//5 246//5 248//5
f 249//5 247//5 248//5
f 250//5 249//5 251//5
f 252//5 250//5 251//5
f 252//5 253//5 250//5
f 253//5 254//5 255//5
f 255//5 254//5 256//5
f 257//5 256//5 258//5
f 259//5 257//5 258//5
f 260//5 259//5 258//5
f 261//5 262//5 260//5
f 261//5 263//5 262//5
f 261//5 264//5 263//5
f 263//5 264//5 265//5
f 265//5 264//5 266//5
f 267//5 268//5 269//5
f 267//5 270//5 268//5
f 271//5 272//5 273//5
f 274//5 275//5 276//5
f 276//5 275//5 277//5
f 278//5 279//5 89//5
f 166//5 238//5 236//5
f 280//5 266//5 281//5
f 282//9 231//9 226//9
f 283//5 115//5 284//5
f 285//13 122//13 119//13
f 286//5 111//5 287//5
f 288//7 88//7 289//7
f 290//5 291//5 292//5
f 293//7 290//7 294//7
f 287//5 293//5 295//5
f 279//5 93//5 89//5
f 296//5 279//5 278//5
f 274//5 296//5 278//5
f 274//5 276//5 296//5
f 275//5 297//5 277//5
f 277//5 297//5 298//5
f 298//5 297//5 273//5
f 272//5 298//5 273//5
f 269//5 272//5 271//5
f 267//5 269//5 271//5
f 268//5 270//5 299//5
f 299//5 270//5 300//5
f 281//5 299//5 300//5
f 280//5 281//5 300//5
f 265//5 266//5 280//5
f 262//5 259//5 260//5
f 255//5 256//5 257//5
f 246//5 247//5 245//5
f 249//5 248//5 251//5
f 244//5 241//5 242//5
f 166//5 236//5 301//5
f 252//5 254//5 253//5
f 302//6 303//6 165//6
f 304//5 305//5 303//5
f 306//6 307//6 308//6
f 306//8 309//8 310//8
f 308//5 311//5 312//5
f 312//5 313//5 314//5
f 314//5 315//5 316//5
f 316//6 317//6 318//6
f 318//5 319//5 148//5
f 150//5 320//5 321//5
f 160//5 322//5 163//5
f 323//5 324//5 325//5
f 323//5 326//5 327//5
f 328//9 326//9 329//9
f 329//5 162//5 330//5
f 156//5 331//5 158//5
f 152//7 321//7 332//7
f 148//5 333//5 334//5
f 138//6 335//6 135//6
f 130//5 336//5 337//5
f 337//5 338//5 339//5
f 340//5 309//5 305//5
f 341//5 342//5 343//5
f 341//5 127//5 344//5
f 343//5 345//5 290//5
f 114//5 346//5 284//5
f 347//5 348//5 349//5
f 350//5 351//5 352//5
f 350//5 353//5 354//5
f 355//5 353//5 356//5
f 357//5 358//5 356//5
f 359//5 357//5 349//5
f 347//8 121//8 360//8
f 288//5 361//5 175//5
f 362//8 125//8 339//8
f 363//14 364//14 365//14
f 363//14 366//14 367//14
f 368//15 369//15 367//15
f 370//14 369//14 371//14
f 370//15 372//15 373//15
f 374//14 375//14 373//14
f 376//15 377//15 378//15
f 376//14 379//14 380//14
f 381//14 382//14 380//14
f 383//16 384//16 385//16
f 386//14 387//14 388//14
f 389//14 385//14 390//14
f 391//16 390//16 392//16
f 393//14 394//14 395//14
f 396//14 397//14 393//14
f 398//14 399//14 396//14
f 400//14 401//14 402//14
f 403//14 404//14 401//14
f 405//14 406//14 401//14
f 407//14 406//14 408//14
f 407//17 409//17 410//17
f 411//14 412//14 410//14
f 413//14 412//14 414//14
f 413//14 415//14 416//14
f 417//16 418//16 416//16
f 419//18 420//18 421//18
f 419//14 422//14 423//14
f 424//14 425//14 423//14
f 426//14 427//14 428//14
f 429//14 427//14 430//14
f 431//14 428//14 432//14
f 433//17 434//17 435//17
f 436//14 437//14 438//14
f 439//14 440//14 441//14
f 442//14 440//14 443//14
f 444//14 442//14 445//14
f 444//14 446//14 447//14
f 448//14 449//14 447//14
f 450//15 449//15 451//15
f 450//14 452//14 453//14
f 454//14 455//14 456//14
f 455//14 457//14 458//14
f 459//14 460//14 461//14
f 462//14 463//14 461//14
f 464//14 465//14 459//14
f 466//14 467//14 464//14
f 468//14 469//14 470//14
f 471//14 470//14 472//14
f 473//15 474//15 475//15
f 476//14 477//14 474//14
f 478//14 479//14 474//14
f 480//17 479//17 481//17
f 482//14 483//14 484//14
f 485//14 486//14 484//14
f 487//14 486//14 488//14
f 487//14 489//14 490//14
f 491//16 492//16 490//16
f 493//14 492//14 494//14
f 493//15 495//15 496//15
f 497//14 498//14 496//14
f 499//14 500//14 501//14
f 502//14 500//14 503//14
f 504//14 505//14 506//14
f 507//14 508//14 509//14
f 510//14 511//14 512//14
f 513//14 514//14 515//14
f 513//14 516//14 517//14
f 514//14 518//14 515//14
f 519//14 520//14 518//14
f 521//14 520//14 519//14
f 522//14 523//14 521//14
f 524//14 523//14 522//14
f 522//14 525//14 524//14
f 525//14 526//14 527//14
f 528//16 529//16 509//16
f 506//14 530//14 501//14
f 531//14 532//14 533//14
f 531//14 534//14 535//14
f 532//15 536//15 537//15
f 536//18 538//18 539//18
f 538//14 540//14 541//14
f 540//15 450//15 542//15
f 543//14 475//14 535//14
f 457//14 463//14 544//14
f 545//14 469//14 546//14
f 526//14 479//14 527//14
f 547//14 548//14 549//14
f 550//14 551//14 549//14
f 552//14 551//14 553//14
f 552//14 554//14 472//14
f 466//14 545//14 555//14
f 440//15 437//15 556//15
f 557//16 438//16 558//16
f 559//14 423//14 560//14
f 559//14 561//14 562//14
f 432//14 563//14 564//14
f 565//14 566//14 567//14
f 568//14 569//14 570//14
f 568//14 571//14 572//14
f 566//14 572//14 573//14
f 574//17 575//17 565//17
f 576//14 575//14 577//14
f 576//14 578//14 435//14
f 579//17 580//17 434//17
f 429//14 581//14 582//14
f 583//14 401//14 584//14
f 401//14 406//14 584//14
f 583//14 584//14 585//14
f 583//14 585//14 586//14
f 583//14 586//14 587//14
f 587//14 588//14 589//14
f 588//14 590//14 589//14
f 590//14 591//14 589//14
f 591//14 592//14 589//14
f 593//14 592//14 591//14
f 594//14 592//14 593//14
f 420//15 418//15 595//15
f 513//14 515//14 516//14
f 511//18 596//18 363//18
f 375//14 597//14 377//14
f 512//14 598//14 599//14
f 598//15 600//15 601//15
f 600//14 496//14 602//14
f 603//14 502//14 604//14
f 605//14 529//14 606//14
f 607//14 608//14 609//14
f 608//14 610//14 611//14
f 612//16 613//16 607//16
f 613//14 614//14 615//14
f 616//16 617//16 615//16
f 507//14 617//14 618//14
f 504//14 605//14 619//14
f 480//14 620//14 482//14
f 479//14 526//14 474//14
f 527//14 524//14 525//14
f 521//14 523//14 520//14
f 514//14 519//14 518//14
f 621//14 558//14 562//14
f 517//14 516//14 622//14
f 517//14 622//14 623//14
f 622//14 624//14 623//14
f 625//14 624//14 626//14
f 625//14 626//14 594//14
f 588//14 587//14 586//14
f 627//14 594//14 593//14
f 628//14 563//14 580//14
f 629//14 630//14 402//14
f 631//14 629//14 632//14
f 633//14 632//14 634//14
f 635//14 636//14 637//14
f 635//15 638//15 639//15
f 636//15 640//15 641//15
f 640//15 642//15 643//15
f 642//14 644//14 645//14
f 644//16 380//16 646//16
f 386//14 384//14 647//14
f 392//14 395//14 648//14
f 649//14 650//14 651//14
f 652//14 653//14 654//14
f 652//14 655//14 656//14
f 657//15 658//15 656//15
f 398//16 649//16 659//16
f 625//14 594//14 627//14
f 626//14 624//14 622//14
f 660//14 634//14 639//14
f 658//14 661//14 650//14
f 662//19 663//20 664//21
f 665//22 666//22 664//23
f 667//24 668//25 669//26
f 670//27 671//27 668//28
f 672//29 673//30 674//31
f 675//32 676//32 673//33
f 677//34 678//32 679//35
f 680//36 681//35 682//37
f 683//38 684//37 685//39
f 686//40 687//39 688//41
f 689//41 690//41 691//42
f 691//3 692//43 693//44
f 694//45 695//45 696//46
f 696//46 697//47 698//48
f 698//49 699//50 700//50
f 701//50 702//51 703//52
f 704//53 705//54 706//54
f 707//55 708//56 709//57
f 710//56 711//58 712//59
f 713//58 714//60 715//58
f 716//61 717//62 718//63
f 719//64 720//65 721//64
f 722//66 723//67 720//65
f 724//68 725//68 723//2
f 726//69 727//69 728//70
f 729//71 730//72 731//73
f 732//74 733//75 734//74
f 735//76 736//77 737//78
f 738//77 739//79 740//80
f 741//81 742//82 743//82
f 744//82 745//83 746//84
f 747//85 748//1 749//86
f 750//1 751//87 752//1
f 753//87 754//88 755//88
f 755//89 756//90 757//90
f 757//90 758//91 759//91
f 760//92 761//92 762//93
f 763//93 764//93 765//94
f 766//94 767//94 768//95
f 769//96 770//96 771//97
f 772//98 773//98 774//99
f 775//100 776//100 773//98
f 777//101 778//101 776//102
f 779//103 780//103 778//101
f 781//104 782//104 780//105
f 783//106 664//107 784//108
f 785//97 786//97 787//99
f 782//104 788//104 789//4
f 780//105 790//105 791//104
f 778//101 792//101 793//103
f 776//102 794//102 795//101
f 773//98 796//98 797//100
f 774//99 798//99 799//98
f 785//97 800//99 774//99
f 769//96 801//97 785//97
f 766//94 802//95 769//95
f 763//93 803//94 766//94
f 760//92 804//109 763//109
f 759//91 805//92 760//92
f 806//91 807//92 759//91
f 808//90 809//91 757//90
f 810//89 811//90 755//89
f 812//87 813//88 753//87
f 814//87 753//87 752//1
f 815//1 752//1 749//86
f 816//85 749//86 746//110
f 817//82 746//84 743//82
f 818//111 819//82 741//81
f 820//79 741//81 740//80
f 821//112 740//80 822//112
f 823//77 822//77 737//78
f 824//113 737//78 733//75
f 825//113 733//75 826//74
f 827//74 734//74 730//72
f 828//74 730//114 829//71
f 830//71 731//73 831//115
f 731//73 727//116 832//116
f 833//69 728//70 834//117
f 835//118 836//68 837//117
f 835//118 838//117 728//70
f 725//68 839//68 835//119
f 723//2 840//120 841//68
f 720//65 842//64 843//66
f 721//121 718//122 844//121
f 718//63 714//60 845//61
f 714//60 846//58 847//61
f 715//58 712//123 848//58
f 712//59 709//57 849//56
f 709//57 706//54 850//54
f 851//54 704//53 852//51
f 704//53 703//124 853//51
f 703//124 700//50 854//50
f 855//50 698//49 856//125
f 857//125 696//46 858//45
f 859//126 694//126 693//44
f 860//126 693//44 861//43
f 862//127 691//3 863//41
f 864//41 689//41 686//128
f 865//39 686//40 683//38
f 866//37 683//38 867//37
f 868//37 867//37 680//36
f 869//35 680//36 677//129
f 870//32 677//129 676//32
f 871//29 872//32 673//30
f 873//27 874//130 674//31
f 875//27 674//31 671//27
f 876//24 877//27 668//28
f 878//20 879//131 669//26
f 880//20 669//132 666//20
f 784//108 881//4 882//4
f 881//4 782//104 883//4
f 784//108 884//4 885//106
f 886//133 887//134 888//133
f 889//135 890//136 891//135
f 892//136 893//136 894//135
f 895//137 896//137 897//138
f 898//139 899//137 900//137
f 901//140 902//139 903//139
f 904//140 905//139 906//140
f 907//141 908//142 909//141
f 910//143 911//141 912//143
f 913//144 914//143 915//145
f 916//145 917//145 918//146
f 919//147 920//147 921//148
f 922//147 923//148 924//148
f 925//148 926//149 927//149
f 928//149 929//150 930//151
f 931//152 932//153 933//152
f 934//154 935//155 936//154
f 937//155 938//155 939//154
f 940//156 941//156 942//155
f 943//157 944//156 945//156
f 946//158 947//157 948//157
f 949//159 950//160 951//160
f 952//159 953//160 954//159
f 955//161 956//162 957//161
f 958//161 959//161 960//163
f 961//163 962//163 963//164
f 964//165 965//165 966//166
f 967//165 968//166 969//166
f 970//166 971//167 972//167
f 973//167 974//168 975//167
f 976//168 977//169 978//168
f 979//170 980//171 981//170
f 982//171 983//171 984//170
f 985//172 986//172 987//171
f 988//173 989//172 990//172
f 991//174 992//175 993//175
f 994//176 995//177 996//178
f 997//176 998//177 999//176
f 1000//179 1001//176 1002//179
f 1003//179 1004//179 1005//180
f 1006//180 1007//180 1008//181
f 1009//182 1010//182 1011//183
f 1012//184 1013//183 1014//183
f 1015//185 1016//186 1017//186
f 1018//186 1019//187 1020//186
f 1021//187 1022//188 1023//187
f 1024//189 1025//190 1026//189
f 1027//190 1028//190 1029//189
f 1030//191 1031//191 1032//190
f 1033//192 1034//191 1035//191
f 1036//193 1037//192 1038//192
f 1039//194 1040//195 1041//195
f 1042//194 1043//194 1044//196
f 1045//197 1046//198 1047//198
f 1048//199 1049//200 1050//199
f 1051//201 1052//201 1053//202
f 1054//203 1055//204 1056//204
f 1057//205 1058//206 1059//207
f 1060//208 1061//208 1062//209
f 1063//210 1064//210 1065//211
f 1066//212 1067//211 1068//212
f 1069//213 1070//213 1071//214
f 1072//134 1073//134 1074//133
f 1075//215 1076//216 1077//216
f 1078//213 1079//217 1080//217
f 1081//213 1082//217 1083//213
f 1084//214 1085//213 1086//214
f 1087//218 1088//218 1089//219
f 1090//218 1091//219 1092//219
f 1093//212 1094//211 1095//211
f 1096//211 1097//210 1098//211
f 1099//210 1100//220 1101//210
f 1102//220 1103//220 1104//210
f 1105//216 1106//215 1107//215
f 1108//209 1109//216 1110//216
f 1111//209 1112//216 1113//209
f 1114//209 1115//209 1116//208
f 1117//208 1118//208 1119//221
f 1120//208 1121//221 1122//221
f 1123//206 1124//207 1125//206
f 1126//207 1127//203 1128//207
f 1129//203 1130//203 1131//207
f 1132//204 1133//203 1134//203
f 1135//222 1136//223 1137//223
f 1138//222 1139//223 1140//222
f 1141//202 1142//202 1143//201
f 1144//201 1145//201 1146//200
f 1147//201 1148//200 1149//200
f 1150//200 1151//199 1152//200
f 1153//199 1154//224 1155//199
f 1156//224 1157//224 1158//199
f 1159//198 1160//197 1161//197
f 1162//196 1163//225 1164//225
f 1165//196 1166//225 1167//196
f 1168//196 1169//196 1170//194
f 1171//194 1172//194 1173//195
f 1174//193 1175//192 1176//193
f 1177//192 1178//191 1179//192
f 1180//191 1181//190 1182//190
f 1183//188 1184//188 1185//187
f 1186//187 1187//187 1188//186
f 1189//185 1190//186 1191//185
f 1192//180 1193//181 1194//181
f 1195//179 1196//180 1197//180
f 1198//176 1199//176 1200//179
f 1201//226 1202//175 1203//226
f 1204//173 1205//172 1206//173
f 1207//172 1208//171 1209//171
f 1210//169 1211//169 1212//168
f 1213//168 1214//168 1215//167
f 1216//166 1217//167 1218//166
f 1219//163 1220//164 1221//164
f 1222//161 1223//163 1224//163
f 1225//162 1226//162 1227//161
f 1228//158 1229//157 1230//158
f 1231//157 1232//156 1233//157
f 1234//156 1235//155 1236//155
f 1237//153 1238//153 1239//152
f 1240//150 1241//150 1242//149
f 1243//148 1244//149 1245//148
f 1246//145 1247//146 1248//146
f 1249//143 1250//145 1251//145
f 1252//141 1253//141 1254//143
f 1255//142 1256//142 1257//141
f 1258//139 1259//137 1260//139
f 1261//137 1262//138 1263//138
f 1264//217 1265//133 1266//133
f 1267//133 1268//217 1269//217
f 1270//19 1271//20 1272//21
f 1273//22 1274//22 1272//23
f 1275//24 1276//25 1277//26
f 1278//27 1279//27 1276//28
f 1280//29 1281//30 1282//31
f 1283//32 1284//32 1281//33
f 1285//34 1286//32 1287//35
f 1288//36 1289//35 1290//37
f 1291//38 1292//37 1293//39
f 1294//40 1295//39 1296//41
f 1297//41 1298//41 1299//3
f 1299//3 1300//43 1301//44
f 1302//45 1303//45 1304//46
f 1304//46 1305//125 1306//49
f 1306//49 1307//50 1308//50
f 1309//50 1310//51 1311//52
f 1312//53 1313//54 1314//54
f 1315//54 1316//56 1317//57
f 1318//56 1319//58 1320//59
f 1321//58 1322//60 1323//58
f 1324//61 1325//62 1326//63
f 1327//64 1328//65 1329//64
f 1330//66 1331//2 1328//65
f 1332//68 1333//68 1331//2
f 1334//69 1335//69 1336//70
f 1337//71 1338//114 1339//73
f 1340//74 1341//75 1342//74
f 1343//76 1344//77 1345//78
f 1346//77 1347//79 1348//80
f 1349//81 1350//82 1351//82
f 1352//82 1353//227 1354//84
f 1355//85 1356//1 1357//86
f 1358//1 1359//87 1360//1
f 1361//87 1362//88 1363//88
f 1363//89 1364//90 1365//90
f 1365//90 1366//91 1367//91
f 1368//92 1369//92 1370//93
f 1371//93 1372//93 1373//94
f 1374//94 1375//94 1376//95
f 1377//96 1378//96 1379//97
f 1380//228 1381//228 1382//99
f 1383//100 1384//100 1381//98
f 1385//101 1386//101 1384//102
f 1387//229 1388//229 1386//230
f 1389//104 1390//104 1388//105
f 1391//19 1272//231 1392//108
f 1393//97 1394//97 1395//99
f 1390//104 1396//104 1397//4
f 1388//105 1398//105 1399//104
f 1386//230 1400//230 1401//229
f 1384//102 1402//102 1403//101
f 1381//98 1404//98 1405//100
f 1382//99 1406//99 1407//98
f 1393//97 1408//99 1382//99
f 1377//96 1409//97 1393//97
f 1374//94 1410//95 1377//95
f 1371//93 1411//94 1374//94
f 1368//92 1412//93 1371//93
f 1367//91 1413//92 1368//92
f 1414//91 1415//92 1367//91
f 1416//90 1417//91 1365//90
f 1418//89 1419//90 1363//89
f 1420//87 1421//88 1361//87
f 1422//87 1361//87 1360//1
f 1423//1 1360//1 1357//86
f 1424//85 1357//86 1354//110
f 1425//82 1354//84 1351//82
f 1426//111 1427//82 1349//81
f 1428//79 1349//81 1348//80
f 1429//77 1348//80 1430//77
f 1431//77 1430//77 1345//78
f 1432//113 1345//78 1341//75
f 1433//113 1341//75 1434//74
f 1435//74 1342//74 1338//72
f 1436//74 1338//72 1437//71
f 1438//71 1339//73 1439//116
f 1339//73 1335//116 1440//116
f 1441//116 1336//70 1442//117
f 1443//118 1444//68 1445//117
f 1443//232 1446//233 1336//70
f 1333//68 1447//68 1443//119
f 1331//234 1448//235 1449//68
f 1328//65 1450//236 1451//66
f 1329//62 1326//63 1452//62
f 1326//63 1322//60 1453//61
f 1322//60 1454//58 1455//61
f 1323//58 1320//123 1456//58
f 1320//59 1317//57 1457//56
f 1317//57 1314//54 1458//54
f 1459//237 1312//53 1460//238
f 1312//53 1311//52 1461//51
f 1311//52 1308//50 1462//50
f 1463//50 1306//49 1464//125
f 1465//125 1304//46 1466//45
f 1467//126 1302//126 1301//44
f 1468//126 1301//44 1469//43
f 1470//127 1299//3 1471//41
f 1472//41 1297//41 1294//128
f 1473//239 1294//40 1291//38
f 1474//37 1291//38 1475//37
f 1476//37 1475//37 1288//36
f 1477//35 1288//36 1285//129
f 1478//32 1285//129 1284//32
f 1479//29 1480//32 1281//30
f 1481//27 1482//130 1282//31
f 1483//27 1282//31 1279//27
f 1484//24 1485//27 1276//28
f 1486//20 1487//131 1277//26
f 1488//20 1277//132 1274//20
f 1392//108 1489//4 1490//4
f 1489//4 1390//104 1491//4
f 1392//108 1492//4 1493//106
f 1494//133 1495//134 1496//133
f 1497//135 1498//136 1499//135
f 1500//136 1501//136 1502//135
f 1503//137 1504//137 1505//138
f 1506//139 1507//137 1508//137
f 1509//140 1510//139 1511//139
f 1512//140 1513//139 1514//140
f 1515//141 1516//142 1517//141
f 1518//143 1519//141 1520//143
f 1521//144 1522//143 1523//145
f 1524//145 1525//145 1526//146
f 1527//147 1528//147 1529//148
f 1530//147 1531//148 1532//148
f 1533//148 1534//149 1535//149
f 1536//149 1537//150 1538//149
f 1539//152 1540//153 1541//152
f 1542//154 1543//155 1544//154
f 1545//155 1546//155 1547//154
f 1548//156 1549//156 1550//155
f 1551//157 1552//156 1553//156
f 1554//158 1555//157 1556//157
f 1557//159 1558//160 1559//160
f 1560//159 1561//160 1562//159
f 1563//161 1564//162 1565//161
f 1566//161 1567//161 1568//163
f 1569//163 1570//163 1571//164
f 1572//165 1573//165 1574//166
f 1575//165 1576//166 1577//166
f 1578//166 1579//167 1580//167
f 1581//167 1582//168 1583//167
f 1584//168 1585//169 1586//168
f 1587//170 1588//171 1589//170
f 1590//171 1591//171 1592//170
f 1593//172 1594//172 1595//171
f 1596//173 1597//172 1598//172
f 1599//174 1600//175 1601//175
f 1602//176 1603//177 1604//177
f 1605//176 1606//177 1607//176
f 1608//179 1609//176 1610//179
f 1611//179 1612//179 1613//180
f 1614//180 1615//180 1616//181
f 1617//184 1618//184 1619//183
f 1620//184 1621//183 1622//183
f 1623//185 1624//186 1625//186
f 1626//186 1627//187 1628//186
f 1629//187 1630//188 1631//187
f 1632//189 1633//190 1634//189
f 1635//190 1636//190 1637//189
f 1638//191 1639//191 1640//190
f 1641//192 1642//191 1643//191
f 1644//193 1645//192 1646//192
f 1647//194 1648//195 1649//195
f 1650//194 1651//194 1652//196
f 1653//240 1654//198 1655//198
f 1656//199 1657//200 1658//199
f 1659//201 1660//201 1661//202
f 1662//203 1663//204 1664//204
f 1665//207 1666//206 1667//207
f 1668//208 1669//208 1670//209
f 1671//210 1672//210 1673//211
f 1674//212 1675//211 1676//212
f 1677//213 1678//213 1679//214
f 1680//134 1681//134 1682//133
f 1683//215 1684//216 1685//216
f 1686//213 1687//217 1688//217
f 1689//213 1690//217 1691//213
f 1692//214 1693//213 1694//214
f 1695//218 1696//218 1697//219
f 1698//241 1699//219 1700//219
f 1701//212 1702//211 1703//211
f 1704//211 1705//210 1706//211
f 1707//210 1708//220 1709//210
f 1710//220 1711//220 1712//210
f 1713//216 1714//215 1715//215
f 1716//209 1717//216 1718//216
f 1719//209 1720//216 1721//209
f 1722//209 1723//209 1724//208
f 1725//208 1726//208 1727//221
f 1728//208 1729//221 1730//221
f 1731//206 1732//207 1733//206
f 1734//207 1735//203 1736//207
f 1737//203 1738//203 1739//207
f 1740//204 1741//203 1742//203
f 1743//222 1744//223 1745//223
f 1746//222 1747//223 1748//222
f 1749//202 1750//202 1751//201
f 1752//201 1753//201 1754//200
f 1755//201 1756//242 1757//242
f 1758//243 1759//199 1760//243
f 1761//199 1762//224 1763//199
f 1764//224 1765//224 1766//199
f 1767//198 1768//197 1769//197
f 1770//196 1771//225 1772//225
f 1773//196 1774//225 1775//196
f 1776//196 1777//196 1778//194
f 1779//194 1780//194 1781//195
f 1782//193 1783//192 1784//193
f 1785//192 1786//191 1787//192
f 1788//191 1789//190 1790//190
f 1791//188 1792//188 1793//187
f 1794//187 1795//187 1796//186
f 1797//185 1798//186 1799//185
f 1800//180 1801//181 1802//181
f 1803//179 1804//180 1805//180
f 1806//176 1807//176 1808//179
f 1809//226 1810//175 1811//226
f 1812//173 1813//172 1814//173
f 1815//172 1816//171 1817//171
f 1818//169 1819//169 1820//168
f 1821//168 1822//168 1823//167
f 1824//166 1825//167 1826//166
f 1827//163 1828//164 1829//164
f 1830//161 1831//163 1832//163
f 1833//162 1834//162 1835//161
f 1836//158 1837//157 1838//158
f 1839//157 1840//156 1841//157
f 1842//156 1843//155 1844//155
f 1845//153 1846//153 1847//152
f 1848//150 1849//150 1850//149
f 1851//148 1852//149 1853//148
f 1854//145 1855//146 1856//146
f 1857//143 1858//145 1859//145
f 1860//141 1861//141 1862//143
f 1863//142 1864//142 1865//141
f 1866//139 1867//137 1868//139
f 1869//137 1870//138 1871//138
f 1872//217 1873//133 1874//133
f 1875//133 1876//217 1877//217
f 7//2 8//2 1878//68
f 1879//68 8//2 1880//68
f 1881//118 1882//68 1883//68
f 1884//118 1885//118 1886//68
f 1887//118 1888//70 1889//118
f 1890//118 1891//70 1892//70
f 1893//70 1894//70 1895//116
f 1896//116 1897//70 1898//116
f 1899//73 1900//116 1901//116
f 1902//73 1903//73 1904//116
f 1905//73 1906//114 1907//73
f 1908//73 1909//244 1910//244
f 1911//244 1912//244 1913//74
f 1914//74 1915//244 1916//74
f 1917//78 1918//245 1919//245
f 1920//245 1921//80 1922//245
f 3//1 4//1 1923//86
f 1924//86 4//1 1925//86
f 1926//84 1927//86 1928//86
f 1929//84 1930//84 1931//86
f 1932//84 1933//82 1934//84
f 1935//84 1936//82 1937//82
f 1938//82 1939//82 1940//81
f 1941//81 1942//82 1943//81
f 1944//80 1945//81 1946//81
f 1947//80 1948//80 1949//81
f 1950//80 1951//245 1952//80
f 1953//245 1954//78 1955//78
f 1956//78 1957//78 1958//75
f 1959//75 1960//78 1961//75
f 1962//74 1963//75 1964//75
f 1965//74 1966//75 1967//74
f 2//1 1//1 1968//87
f 1969//246 1970//246 1971//89
f 1972//89 1973//87 1974//89
f 1975//90 1976//89 1977//90
f 1978//91 1979//90 1980//90
f 1981//92 1982//91 1983//91
f 1984//247 1985//92 1986//92
f 1987//247 1988//247 1989//92
f 1990//94 1991//94 1992//247
f 1993//94 1994//96 1995//94
f 1996//96 1997//97 1998//96
f 1999//96 2000//97 2001//97
f 2002//97 2003//248 2004//248
f 2005//248 2006//248 2007//98
f 2008//98 2009//98 2010//100
f 2011//100 2012//98 2013//100
f 2014//104 15//4 16//4
f 2015//104 2016//104 16//4
f 2017//104 2018//103 2019//104
f 2020//104 2021//103 2022//103
f 2023//103 2024//103 2025//101
f 2026//101 2027//103 2028//101
f 2029//100 2030//101 2031//101
f 2032//100 2033//100 2034//101
f 2035//248 2036//98 2037//98
f 2038//97 2039//248 2040//97
f 2041//96 2042//96 2043//94
f 2044//94 2045//247 2046//247
f 2047//92 2048//91 2049//92
f 2050//91 2051//90 2052//91
f 2053//87 2054//87 1//1
f 2055//89 2056//90 2057//89
f 14//4 13//4 2058//108
f 2059//108 13//4 2060//108
f 2061//21 2062//108 2063//108
f 2064//21 2065//21 2066//108
f 2067//21 2068//20 2069//21
f 2070//21 2071//20 2072//20
f 2073//20 2074//20 2075//26
f 2076//26 2077//20 2078//26
f 2079//28 2080//26 2081//26
f 2082//28 2083//28 2084//26
f 2085//28 2086//249 2087//28
f 2088//28 2089//250 2090//250
f 2091//27 2092//27 2093//31
f 2094//31 2095//250 2096//31
f 2097//30 2098//31 2099//31
f 2100//30 2101//30 2102//31
f 2103//41 11//3 12//3
f 2104//41 2105//41 12//3
f 2106//251 2107//40 2108//251
f 2109//41 2110//40 2111//40
f 2112//40 2113//40 2114//38
f 2115//38 2116//40 2117//38
f 2118//37 2119//38 2120//38
f 2121//37 2122//37 2123//38
f 2124//37 2125//36 2126//37
f 2127//37 2128//36 2129//36
f 2130//36 2131//36 2132//252
f 2133//252 2134//36 2135//252
f 2136//32 2137//252 2138//252
f 2139//32 2140//32 2141//129
f 2142//32 2143//30 2144//32
f 2145//30 2146//30 2147//32
f 10//3 9//3 2148//44
f 2149//44 9//3 2150//44
f 2151//45 2152//44 2153//44
f 2154//45 2155//45 2156//44
f 2157//45 2158//46 2159//45
f 2160//45 2161//46 2162//46
f 2163//46 2164//46 2165//49
f 2166//49 2167//46 2168//49
f 2169//50 2170//49 2171//49
f 2172//50 2173//50 2174//49
f 2175//50 2176//253 2177//50
f 2178//254 2179//255 2180//255
f 2181//253 2182//253 2183//53
f 2184//53 2185//52 2186//53
f 2187//54 2188//53 2189//53
f 2190//54 2191//54 2192//53
f 2193//54 2194//57 2195//54
f 2196//65 6//2 5//2
f 2197//65 2198//65 5//2
f 2199//65 2200//62 2201//65
f 2202//65 2203//62 2204//62
f 2205//62 2206//62 2207//63
f 2208//63 2209//62 2210//63
f 2211//60 2212//63 2213//63
f 2214//60 2215//60 2216//63
f 2217//60 2218//58 2219//60
f 2220//60 2221//58 2222//58
f 2223//58 2224//58 2225//256
f 2226//256 2227//58 2228//256
f 2229//57 2230//59 2231//59
f 2232//57 2233//57 2234//256
f 2235//57 2236//54 2237//57
