# Blender 4.4.3
# www.blender.org
mtllib Mesh_17.012.mtl
o Mesh_17.012
v 0.011020 0.008553 -0.000400
v 0.011020 0.008603 -0.000400
v 0.010700 0.008553 -0.000400
v 0.010700 0.008603 -0.000400
v 0.010660 0.008603 -0.001160
v 0.010660 0.008553 -0.001160
v 0.010660 0.008603 -0.000440
v 0.010660 0.008553 -0.000440
v 0.010700 0.008553 -0.001200
v 0.010700 0.008603 -0.001200
v 0.011020 0.008553 -0.001200
v 0.011020 0.008603 -0.001200
v 0.011060 0.008553 -0.001160
v 0.011060 0.008603 -0.001160
v 0.011060 0.008553 -0.000440
v 0.011060 0.008603 -0.000440
v 0.010661 0.008553 -0.000432
v 0.010660 0.008553 -0.000436
v 0.010660 0.008553 -0.000440
v 0.010662 0.008553 -0.000428
v 0.010660 0.008553 -0.000440
v 0.010663 0.008553 -0.000425
v 0.010660 0.008553 -0.000440
v 0.010665 0.008553 -0.000421
v 0.010660 0.008553 -0.000440
v 0.010667 0.008553 -0.000418
v 0.010660 0.008553 -0.000440
v 0.010669 0.008553 -0.000415
v 0.010660 0.008553 -0.000440
v 0.010672 0.008553 -0.000412
v 0.010660 0.008553 -0.000440
v 0.010675 0.008553 -0.000409
v 0.010660 0.008553 -0.000440
v 0.010678 0.008553 -0.000407
v 0.010660 0.008553 -0.000440
v 0.010681 0.008553 -0.000405
v 0.010660 0.008553 -0.000440
v 0.010685 0.008553 -0.000403
v 0.010660 0.008553 -0.000440
v 0.010688 0.008553 -0.000402
v 0.010660 0.008553 -0.000440
v 0.010692 0.008553 -0.000401
v 0.010660 0.008553 -0.000440
v 0.010696 0.008553 -0.000400
v 0.010660 0.008553 -0.000440
v 0.010700 0.008553 -0.000400
v 0.010660 0.008553 -0.000440
v 0.010796 0.008553 -0.000536
v 0.010700 0.008553 -0.000400
v 0.010660 0.008553 -0.000440
v 0.011020 0.008553 -0.000400
v 0.010700 0.008553 -0.000400
v 0.010860 0.008553 -0.000510
v 0.010869 0.008553 -0.000510
v 0.011020 0.008553 -0.000400
v 0.010878 0.008553 -0.000512
v 0.011020 0.008553 -0.000400
v 0.010886 0.008553 -0.000514
v 0.011020 0.008553 -0.000400
v 0.011020 0.008553 -0.000400
v 0.010894 0.008553 -0.000517
v 0.010902 0.008553 -0.000521
v 0.010910 0.008553 -0.000525
v 0.011020 0.008553 -0.000400
v 0.010917 0.008553 -0.000530
v 0.011020 0.008553 -0.000400
v 0.011020 0.008553 -0.000400
v 0.011060 0.008553 -0.000440
v 0.011024 0.008553 -0.000400
v 0.011020 0.008553 -0.000400
v 0.010924 0.008553 -0.000536
v 0.011060 0.008553 -0.000440
v 0.011028 0.008553 -0.000401
v 0.011039 0.008553 -0.000405
v 0.011035 0.008553 -0.000403
v 0.011060 0.008553 -0.000440
v 0.011042 0.008553 -0.000407
v 0.011060 0.008553 -0.000440
v 0.011045 0.008553 -0.000409
v 0.011060 0.008553 -0.000440
v 0.011048 0.008553 -0.000412
v 0.011060 0.008553 -0.000440
v 0.011051 0.008553 -0.000415
v 0.011060 0.008553 -0.000440
v 0.011055 0.008553 -0.000421
v 0.011053 0.008553 -0.000418
v 0.011060 0.008553 -0.000440
v 0.010948 0.008553 -0.000618
v 0.010946 0.008553 -0.000626
v 0.011060 0.008553 -0.000440
v 0.011060 0.008553 -0.001160
v 0.011060 0.008553 -0.001160
v 0.010946 0.008553 -0.000974
v 0.010948 0.008553 -0.000982
v 0.011060 0.008553 -0.001160
v 0.010950 0.008553 -0.000991
v 0.011060 0.008553 -0.001160
v 0.011060 0.008553 -0.001160
v 0.010950 0.008553 -0.001000
v 0.010950 0.008553 -0.001009
v 0.011060 0.008553 -0.001160
v 0.010948 0.008553 -0.001018
v 0.011060 0.008553 -0.001160
v 0.011060 0.008553 -0.001160
v 0.010946 0.008553 -0.001026
v 0.010943 0.008553 -0.001034
v 0.011060 0.008553 -0.001160
v 0.011020 0.008553 -0.001200
v 0.011060 0.008553 -0.001164
v 0.011060 0.008553 -0.001160
v 0.010939 0.008553 -0.001042
v 0.011060 0.008553 -0.001160
v 0.011020 0.008553 -0.001200
v 0.011059 0.008553 -0.001168
v 0.011057 0.008553 -0.001175
v 0.011020 0.008553 -0.001200
v 0.011055 0.008553 -0.001179
v 0.011020 0.008553 -0.001200
v 0.011053 0.008553 -0.001182
v 0.011020 0.008553 -0.001200
v 0.011048 0.008553 -0.001188
v 0.011051 0.008553 -0.001185
v 0.011020 0.008553 -0.001200
v 0.010894 0.008553 -0.001083
v 0.010886 0.008553 -0.001086
v 0.011020 0.008553 -0.001200
v 0.010902 0.008553 -0.001079
v 0.010700 0.008553 -0.001200
v 0.011020 0.008553 -0.001200
v 0.010860 0.008553 -0.001090
v 0.010851 0.008553 -0.001090
v 0.010700 0.008553 -0.001200
v 0.010842 0.008553 -0.001088
v 0.010700 0.008553 -0.001200
v 0.010834 0.008553 -0.001086
v 0.010700 0.008553 -0.001200
v 0.010700 0.008553 -0.001200
v 0.010826 0.008553 -0.001083
v 0.010818 0.008553 -0.001079
v 0.010810 0.008553 -0.001075
v 0.010700 0.008553 -0.001200
v 0.010803 0.008553 -0.001070
v 0.010700 0.008553 -0.001200
v 0.010700 0.008553 -0.001200
v 0.010660 0.008553 -0.001160
v 0.010696 0.008553 -0.001200
v 0.010700 0.008553 -0.001200
v 0.010796 0.008553 -0.001064
v 0.010660 0.008553 -0.001160
v 0.010692 0.008553 -0.001199
v 0.010681 0.008553 -0.001195
v 0.010685 0.008553 -0.001197
v 0.010660 0.008553 -0.001160
v 0.010678 0.008553 -0.001193
v 0.010660 0.008553 -0.001160
v 0.010675 0.008553 -0.001191
v 0.010660 0.008553 -0.001160
v 0.010672 0.008553 -0.001188
v 0.010660 0.008553 -0.001160
v 0.010669 0.008553 -0.001185
v 0.010660 0.008553 -0.001160
v 0.010665 0.008553 -0.001179
v 0.010667 0.008553 -0.001182
v 0.010660 0.008553 -0.001160
v 0.010772 0.008553 -0.000982
v 0.010774 0.008553 -0.000974
v 0.010660 0.008553 -0.000440
v 0.010772 0.008553 -0.000618
v 0.010770 0.008553 -0.000609
v 0.010660 0.008553 -0.000440
v 0.010660 0.008553 -0.001160
v 0.010950 0.008553 -0.000591
v 0.011060 0.008553 -0.000440
v 0.010948 0.008553 -0.000582
v 0.010950 0.008553 -0.000600
v 0.011060 0.008553 -0.000440
v 0.011060 0.008553 -0.000440
v 0.010946 0.008553 -0.000574
v 0.011060 0.008553 -0.000440
v 0.010943 0.008553 -0.000566
v 0.011060 0.008553 -0.000440
v 0.010939 0.008553 -0.000558
v 0.011060 0.008553 -0.000440
v 0.010935 0.008553 -0.000550
v 0.011060 0.008553 -0.000440
v 0.010930 0.008553 -0.000543
v 0.011060 0.008553 -0.000440
v 0.011060 0.008553 -0.000440
v 0.011032 0.008553 -0.000402
v 0.011060 0.008553 -0.000440
v 0.011059 0.008553 -0.000432
v 0.011060 0.008553 -0.000440
v 0.011060 0.008553 -0.000436
v 0.011058 0.008553 -0.000428
v 0.011060 0.008553 -0.000440
v 0.011060 0.008553 -0.000440
v 0.011057 0.008553 -0.000425
v 0.011060 0.008553 -0.000440
v 0.011060 0.008553 -0.000440
v 0.011060 0.008553 -0.000440
v 0.011060 0.008553 -0.000440
v 0.011020 0.008553 -0.000400
v 0.011020 0.008553 -0.000400
v 0.010700 0.008553 -0.000400
v 0.010851 0.008553 -0.000510
v 0.010700 0.008553 -0.000400
v 0.010842 0.008553 -0.000512
v 0.010700 0.008553 -0.000400
v 0.010834 0.008553 -0.000514
v 0.010810 0.008553 -0.000525
v 0.010818 0.008553 -0.000521
v 0.010700 0.008553 -0.000400
v 0.010700 0.008553 -0.000400
v 0.010826 0.008553 -0.000517
v 0.010803 0.008553 -0.000530
v 0.010700 0.008553 -0.000400
v 0.010700 0.008553 -0.000400
v 0.010790 0.008553 -0.000543
v 0.010660 0.008553 -0.000440
v 0.010785 0.008553 -0.000550
v 0.010660 0.008553 -0.000440
v 0.010781 0.008553 -0.000558
v 0.010660 0.008553 -0.000440
v 0.010777 0.008553 -0.000566
v 0.010660 0.008553 -0.000440
v 0.010774 0.008553 -0.000574
v 0.010660 0.008553 -0.000440
v 0.010700 0.008553 -0.000400
v 0.010660 0.008553 -0.000440
v 0.010770 0.008553 -0.000591
v 0.010772 0.008553 -0.000582
v 0.010660 0.008553 -0.000440
v 0.010770 0.008553 -0.000600
v 0.010660 0.008553 -0.000440
v 0.010660 0.008553 -0.000440
v 0.010774 0.008553 -0.000626
v 0.010781 0.008553 -0.000642
v 0.010777 0.008553 -0.000634
v 0.010777 0.008553 -0.000966
v 0.010781 0.008553 -0.000958
v 0.010785 0.008553 -0.000650
v 0.010785 0.008553 -0.000950
v 0.010790 0.008553 -0.000943
v 0.010790 0.008553 -0.000657
v 0.010796 0.008553 -0.000664
v 0.010796 0.008553 -0.000936
v 0.010803 0.008553 -0.000670
v 0.010803 0.008553 -0.000930
v 0.010810 0.008553 -0.000675
v 0.010818 0.008553 -0.000679
v 0.010810 0.008553 -0.000925
v 0.010818 0.008553 -0.000921
v 0.010826 0.008553 -0.000683
v 0.010826 0.008553 -0.000917
v 0.010834 0.008553 -0.000686
v 0.010834 0.008553 -0.000914
v 0.010842 0.008553 -0.000688
v 0.010842 0.008553 -0.000912
v 0.010851 0.008553 -0.000690
v 0.010851 0.008553 -0.000910
v 0.010860 0.008553 -0.000910
v 0.010860 0.008553 -0.000690
v 0.010869 0.008553 -0.000690
v 0.010869 0.008553 -0.000910
v 0.010878 0.008553 -0.000688
v 0.010878 0.008553 -0.000912
v 0.010910 0.008553 -0.000675
v 0.010902 0.008553 -0.000921
v 0.010910 0.008553 -0.000925
v 0.010902 0.008553 -0.000679
v 0.010917 0.008553 -0.000670
v 0.010917 0.008553 -0.000930
v 0.010924 0.008553 -0.000664
v 0.010939 0.008553 -0.000642
v 0.010935 0.008553 -0.000650
v 0.010935 0.008553 -0.000950
v 0.010930 0.008553 -0.000943
v 0.010943 0.008553 -0.000634
v 0.010943 0.008553 -0.000966
v 0.010886 0.008553 -0.000686
v 0.010886 0.008553 -0.000914
v 0.010660 0.008553 -0.000440
v 0.011020 0.008553 -0.001200
v 0.011058 0.008553 -0.001172
v 0.011020 0.008553 -0.001200
v 0.011060 0.008553 -0.001160
v 0.010935 0.008553 -0.001050
v 0.010950 0.008553 -0.000609
v 0.011060 0.008553 -0.000440
v 0.010924 0.008553 -0.001064
v 0.011020 0.008553 -0.001200
v 0.011060 0.008553 -0.001160
v 0.010930 0.008553 -0.001057
v 0.011060 0.008553 -0.001160
v 0.011060 0.008553 -0.001160
v 0.010939 0.008553 -0.000958
v 0.010930 0.008553 -0.000657
v 0.010924 0.008553 -0.000936
v 0.010894 0.008553 -0.000917
v 0.010894 0.008553 -0.000683
v 0.010660 0.008553 -0.000440
v 0.010660 0.008553 -0.001160
v 0.010770 0.008553 -0.000991
v 0.010660 0.008553 -0.001160
v 0.010770 0.008553 -0.001000
v 0.010772 0.008553 -0.001018
v 0.010660 0.008553 -0.001160
v 0.010774 0.008553 -0.001026
v 0.010770 0.008553 -0.001009
v 0.010660 0.008553 -0.001160
v 0.010660 0.008553 -0.001160
v 0.010777 0.008553 -0.001034
v 0.010660 0.008553 -0.001160
v 0.010781 0.008553 -0.001042
v 0.010660 0.008553 -0.001160
v 0.010785 0.008553 -0.001050
v 0.010660 0.008553 -0.001160
v 0.010790 0.008553 -0.001057
v 0.010660 0.008553 -0.001160
v 0.010660 0.008553 -0.001160
v 0.010688 0.008553 -0.001198
v 0.010660 0.008553 -0.001160
v 0.010661 0.008553 -0.001168
v 0.010660 0.008553 -0.001160
v 0.010660 0.008553 -0.001164
v 0.010662 0.008553 -0.001172
v 0.010660 0.008553 -0.001160
v 0.010660 0.008553 -0.001160
v 0.010663 0.008553 -0.001175
v 0.010660 0.008553 -0.001160
v 0.010660 0.008553 -0.001160
v 0.010660 0.008553 -0.001160
v 0.010660 0.008553 -0.001160
v 0.010700 0.008553 -0.001200
v 0.010700 0.008553 -0.001200
v 0.011020 0.008553 -0.001200
v 0.010869 0.008553 -0.001090
v 0.011020 0.008553 -0.001200
v 0.010878 0.008553 -0.001088
v 0.010660 0.008553 -0.001160
v 0.010910 0.008553 -0.001075
v 0.011020 0.008553 -0.001200
v 0.010917 0.008553 -0.001070
v 0.011020 0.008553 -0.001200
v 0.011020 0.008553 -0.001200
v 0.011020 0.008553 -0.001200
v 0.011045 0.008553 -0.001191
v 0.011020 0.008553 -0.001200
v 0.011042 0.008553 -0.001193
v 0.011028 0.008553 -0.001199
v 0.011020 0.008553 -0.001200
v 0.011024 0.008553 -0.001200
v 0.011032 0.008553 -0.001198
v 0.011020 0.008553 -0.001200
v 0.011020 0.008553 -0.001200
v 0.011035 0.008553 -0.001197
v 0.011039 0.008553 -0.001195
v 0.011020 0.008553 -0.001200
v 0.011020 0.008553 -0.001200
v 0.011020 0.008553 -0.001200
v 0.011060 0.008553 -0.000440
v 0.011020 0.008553 -0.001200
v 0.010860 0.008603 -0.001049
v 0.011020 0.008603 -0.001200
v 0.010700 0.008603 -0.001200
v 0.010700 0.008603 -0.001200
v 0.010855 0.008603 -0.001048
v 0.010700 0.008603 -0.001200
v 0.010851 0.008603 -0.001048
v 0.010846 0.008603 -0.001046
v 0.010700 0.008603 -0.001200
v 0.010700 0.008603 -0.001200
v 0.010841 0.008603 -0.001045
v 0.010700 0.008603 -0.001200
v 0.010837 0.008603 -0.001043
v 0.010829 0.008603 -0.001037
v 0.010833 0.008603 -0.001040
v 0.010700 0.008603 -0.001200
v 0.010700 0.008603 -0.001200
v 0.010826 0.008603 -0.001034
v 0.010700 0.008603 -0.001200
v 0.010660 0.008603 -0.001160
v 0.010660 0.008603 -0.001160
v 0.010692 0.008603 -0.001199
v 0.010688 0.008603 -0.001198
v 0.010696 0.008603 -0.001200
v 0.010660 0.008603 -0.001160
v 0.010700 0.008603 -0.001200
v 0.010660 0.008603 -0.001160
v 0.010685 0.008603 -0.001197
v 0.010660 0.008603 -0.001160
v 0.010681 0.008603 -0.001195
v 0.010675 0.008603 -0.001191
v 0.010660 0.008603 -0.001160
v 0.010678 0.008603 -0.001193
v 0.010672 0.008603 -0.001188
v 0.010660 0.008603 -0.001160
v 0.010669 0.008603 -0.001185
v 0.010660 0.008603 -0.001160
v 0.010660 0.008603 -0.001160
v 0.010816 0.008603 -0.000979
v 0.010814 0.008603 -0.000986
v 0.010660 0.008603 -0.001160
v 0.010660 0.008603 -0.000440
v 0.010660 0.008603 -0.000440
v 0.010815 0.008603 -0.000619
v 0.010814 0.008603 -0.000614
v 0.010660 0.008603 -0.000440
v 0.010660 0.008603 -0.000440
v 0.010812 0.008603 -0.000609
v 0.010660 0.008603 -0.000440
v 0.010812 0.008603 -0.000605
v 0.010812 0.008603 -0.000600
v 0.010660 0.008603 -0.000440
v 0.010660 0.008603 -0.000440
v 0.010812 0.008603 -0.000593
v 0.010660 0.008603 -0.000440
v 0.010814 0.008603 -0.000586
v 0.010820 0.008603 -0.000573
v 0.010816 0.008603 -0.000579
v 0.010660 0.008603 -0.000440
v 0.010660 0.008603 -0.000440
v 0.010824 0.008603 -0.000567
v 0.010660 0.008603 -0.000440
v 0.010700 0.008603 -0.000400
v 0.010700 0.008603 -0.000400
v 0.010661 0.008603 -0.000432
v 0.010662 0.008603 -0.000428
v 0.010660 0.008603 -0.000436
v 0.010700 0.008603 -0.000400
v 0.010700 0.008603 -0.000400
v 0.010663 0.008603 -0.000425
v 0.010700 0.008603 -0.000400
v 0.010669 0.008603 -0.000415
v 0.010672 0.008603 -0.000412
v 0.010700 0.008603 -0.000400
v 0.010855 0.008603 -0.000552
v 0.010848 0.008603 -0.000553
v 0.011020 0.008603 -0.000400
v 0.010862 0.008603 -0.000552
v 0.010700 0.008603 -0.000400
v 0.010869 0.008603 -0.000552
v 0.011020 0.008603 -0.000400
v 0.010876 0.008603 -0.000554
v 0.011020 0.008603 -0.000400
v 0.011020 0.008603 -0.000400
v 0.010883 0.008603 -0.000557
v 0.011020 0.008603 -0.000400
v 0.010889 0.008603 -0.000561
v 0.010894 0.008603 -0.000566
v 0.011020 0.008603 -0.000400
v 0.011020 0.008603 -0.000400
v 0.011060 0.008603 -0.000440
v 0.011020 0.008603 -0.000400
v 0.011024 0.008603 -0.000400
v 0.011060 0.008603 -0.000440
v 0.011028 0.008603 -0.000401
v 0.011060 0.008603 -0.000440
v 0.011039 0.008603 -0.000405
v 0.011060 0.008603 -0.000440
v 0.011035 0.008603 -0.000403
v 0.011060 0.008603 -0.000440
v 0.011032 0.008603 -0.000402
v 0.011042 0.008603 -0.000407
v 0.011060 0.008603 -0.000440
v 0.011045 0.008603 -0.000409
v 0.011060 0.008603 -0.000440
v 0.011060 0.008603 -0.000440
v 0.011051 0.008603 -0.000415
v 0.011053 0.008603 -0.000418
v 0.011060 0.008603 -0.000440
v 0.011055 0.008603 -0.000421
v 0.011060 0.008603 -0.000440
v 0.010905 0.008603 -0.000619
v 0.010907 0.008603 -0.000612
v 0.011060 0.008603 -0.000440
v 0.011060 0.008603 -0.001160
v 0.011060 0.008603 -0.001160
v 0.010903 0.008603 -0.000977
v 0.010906 0.008603 -0.000984
v 0.011060 0.008603 -0.001160
v 0.010908 0.008603 -0.000991
v 0.011060 0.008603 -0.001160
v 0.010908 0.008603 -0.000998
v 0.011060 0.008603 -0.001160
v 0.010908 0.008603 -0.001005
v 0.010907 0.008603 -0.001012
v 0.011060 0.008603 -0.001160
v 0.011060 0.008603 -0.001160
v 0.010905 0.008603 -0.001019
v 0.011060 0.008603 -0.001160
v 0.010902 0.008603 -0.001025
v 0.010897 0.008603 -0.001031
v 0.011060 0.008603 -0.001160
v 0.011060 0.008603 -0.001160
v 0.010893 0.008603 -0.001036
v 0.011060 0.008603 -0.001160
v 0.011020 0.008603 -0.001200
v 0.011020 0.008603 -0.001200
v 0.011059 0.008603 -0.001168
v 0.011058 0.008603 -0.001172
v 0.011060 0.008603 -0.001164
v 0.011020 0.008603 -0.001200
v 0.011055 0.008603 -0.001179
v 0.011020 0.008603 -0.001200
v 0.011057 0.008603 -0.001175
v 0.011045 0.008603 -0.001191
v 0.011020 0.008603 -0.001200
v 0.011048 0.008603 -0.001188
v 0.011020 0.008603 -0.001200
v 0.010867 0.008603 -0.001048
v 0.010874 0.008603 -0.001046
v 0.010867 0.008603 -0.000648
v 0.010874 0.008603 -0.000646
v 0.010869 0.008603 -0.000952
v 0.010862 0.008603 -0.000952
v 0.010860 0.008603 -0.000649
v 0.010876 0.008603 -0.000954
v 0.010881 0.008603 -0.000644
v 0.010883 0.008603 -0.000957
v 0.010887 0.008603 -0.000640
v 0.010893 0.008603 -0.000636
v 0.010889 0.008603 -0.000961
v 0.010894 0.008603 -0.000966
v 0.010897 0.008603 -0.000631
v 0.010902 0.008603 -0.000625
v 0.010899 0.008603 -0.000971
v 0.011020 0.008603 -0.001200
v 0.011051 0.008603 -0.001185
v 0.011020 0.008603 -0.001200
v 0.010908 0.008603 -0.000598
v 0.010908 0.008603 -0.000591
v 0.011060 0.008603 -0.000440
v 0.011060 0.008603 -0.000440
v 0.010908 0.008603 -0.000605
v 0.010906 0.008603 -0.000584
v 0.011060 0.008603 -0.000440
v 0.010903 0.008603 -0.000577
v 0.011060 0.008603 -0.000440
v 0.010899 0.008603 -0.000571
v 0.011060 0.008603 -0.000440
v 0.011060 0.008603 -0.000440
v 0.011060 0.008603 -0.000440
v 0.011060 0.008603 -0.000440
v 0.011048 0.008603 -0.000412
v 0.011060 0.008603 -0.000440
v 0.011060 0.008603 -0.000436
v 0.011060 0.008603 -0.000440
v 0.011059 0.008603 -0.000432
v 0.011060 0.008603 -0.000440
v 0.011058 0.008603 -0.000428
v 0.011057 0.008603 -0.000425
v 0.011060 0.008603 -0.000440
v 0.011060 0.008603 -0.000440
v 0.011060 0.008603 -0.000440
v 0.010700 0.008603 -0.000400
v 0.010700 0.008603 -0.000400
v 0.010841 0.008603 -0.000555
v 0.010829 0.008603 -0.000563
v 0.010700 0.008603 -0.000400
v 0.010700 0.008603 -0.000400
v 0.010835 0.008603 -0.000558
v 0.010665 0.008603 -0.000421
v 0.010700 0.008603 -0.000400
v 0.010681 0.008603 -0.000405
v 0.010685 0.008603 -0.000403
v 0.010700 0.008603 -0.000400
v 0.010692 0.008603 -0.000401
v 0.010696 0.008603 -0.000400
v 0.010700 0.008603 -0.000400
v 0.010700 0.008603 -0.000400
v 0.010688 0.008603 -0.000402
v 0.010700 0.008603 -0.000400
v 0.010700 0.008603 -0.000400
v 0.010678 0.008603 -0.000407
v 0.010675 0.008603 -0.000409
v 0.010700 0.008603 -0.000400
v 0.010700 0.008603 -0.000400
v 0.010700 0.008603 -0.000400
v 0.010667 0.008603 -0.000418
v 0.010700 0.008603 -0.000400
v 0.010660 0.008603 -0.000440
v 0.010820 0.008603 -0.000973
v 0.010817 0.008603 -0.000623
v 0.010820 0.008603 -0.000627
v 0.010823 0.008603 -0.000631
v 0.010824 0.008603 -0.000967
v 0.010826 0.008603 -0.000634
v 0.010829 0.008603 -0.000963
v 0.010829 0.008603 -0.000637
v 0.010833 0.008603 -0.000640
v 0.010835 0.008603 -0.000958
v 0.010837 0.008603 -0.000643
v 0.010841 0.008603 -0.000955
v 0.010660 0.008603 -0.000440
v 0.011020 0.008603 -0.001200
v 0.010700 0.008603 -0.001200
v 0.010881 0.008603 -0.001044
v 0.011020 0.008603 -0.001200
v 0.010887 0.008603 -0.001040
v 0.011020 0.008603 -0.001200
v 0.011020 0.008603 -0.001200
v 0.011060 0.008603 -0.001160
v 0.011020 0.008603 -0.001200
v 0.011053 0.008603 -0.001182
v 0.011020 0.008603 -0.001200
v 0.011032 0.008603 -0.001198
v 0.011028 0.008603 -0.001199
v 0.011020 0.008603 -0.001200
v 0.011024 0.008603 -0.001200
v 0.011020 0.008603 -0.001200
v 0.011020 0.008603 -0.001200
v 0.011035 0.008603 -0.001197
v 0.011020 0.008603 -0.001200
v 0.011039 0.008603 -0.001195
v 0.011020 0.008603 -0.001200
v 0.011042 0.008603 -0.001193
v 0.011020 0.008603 -0.001200
v 0.011020 0.008603 -0.001200
v 0.011060 0.008603 -0.001160
v 0.010700 0.008603 -0.000400
v 0.010855 0.008603 -0.000952
v 0.010855 0.008603 -0.000648
v 0.010851 0.008603 -0.000648
v 0.010846 0.008603 -0.000646
v 0.010848 0.008603 -0.000953
v 0.010841 0.008603 -0.000645
v 0.010700 0.008603 -0.000400
v 0.010812 0.008603 -0.000993
v 0.010660 0.008603 -0.001160
v 0.010660 0.008603 -0.001160
v 0.010812 0.008603 -0.001000
v 0.010660 0.008603 -0.001160
v 0.010812 0.008603 -0.001005
v 0.010814 0.008603 -0.001014
v 0.010815 0.008603 -0.001019
v 0.010660 0.008603 -0.001160
v 0.010660 0.008603 -0.001160
v 0.010812 0.008603 -0.001009
v 0.010817 0.008603 -0.001023
v 0.010660 0.008603 -0.001160
v 0.010820 0.008603 -0.001027
v 0.010660 0.008603 -0.001160
v 0.010823 0.008603 -0.001031
v 0.010660 0.008603 -0.001160
v 0.010660 0.008603 -0.001160
v 0.010660 0.008603 -0.001160
v 0.010660 0.008603 -0.001160
v 0.010667 0.008603 -0.001182
v 0.010665 0.008603 -0.001179
v 0.010660 0.008603 -0.001160
v 0.010661 0.008603 -0.001168
v 0.010660 0.008603 -0.001164
v 0.010660 0.008603 -0.001160
v 0.010660 0.008603 -0.001160
v 0.010662 0.008603 -0.001172
v 0.010660 0.008603 -0.001160
v 0.010663 0.008603 -0.001175
v 0.010660 0.008603 -0.001160
v 0.010660 0.008603 -0.001160
v 0.010660 0.008603 -0.001160
v 0.010812 0.008603 -0.000593
v 0.010814 0.008603 -0.000586
v 0.010812 0.008594 -0.000591
v 0.010814 0.008603 -0.000586
v 0.010814 0.008594 -0.000586
v 0.010816 0.008603 -0.000579
v 0.010817 0.008594 -0.000577
v 0.010815 0.008594 -0.000581
v 0.010820 0.008603 -0.000573
v 0.010820 0.008594 -0.000573
v 0.010824 0.008603 -0.000567
v 0.010826 0.008594 -0.000566
v 0.010823 0.008594 -0.000569
v 0.010829 0.008603 -0.000563
v 0.010829 0.008594 -0.000563
v 0.010833 0.008594 -0.000560
v 0.010829 0.008603 -0.000563
v 0.010835 0.008603 -0.000558
v 0.010837 0.008594 -0.000557
v 0.010835 0.008603 -0.000558
v 0.010841 0.008603 -0.000555
v 0.010846 0.008594 -0.000554
v 0.010841 0.008603 -0.000555
v 0.010848 0.008603 -0.000553
v 0.010851 0.008594 -0.000552
v 0.010848 0.008603 -0.000553
v 0.010855 0.008603 -0.000552
v 0.010855 0.008594 -0.000552
v 0.010855 0.008603 -0.000552
v 0.010860 0.008594 -0.000552
v 0.010862 0.008603 -0.000552
v 0.010865 0.008594 -0.000552
v 0.010869 0.008594 -0.000552
v 0.010869 0.008603 -0.000552
v 0.010874 0.008594 -0.000554
v 0.010876 0.008603 -0.000554
v 0.010879 0.008594 -0.000555
v 0.010883 0.008603 -0.000557
v 0.010883 0.008594 -0.000557
v 0.010883 0.008603 -0.000557
v 0.010889 0.008603 -0.000561
v 0.010887 0.008594 -0.000560
v 0.010891 0.008594 -0.000563
v 0.010894 0.008603 -0.000566
v 0.010894 0.008594 -0.000566
v 0.010894 0.008603 -0.000566
v 0.010899 0.008603 -0.000571
v 0.010897 0.008594 -0.000569
v 0.010899 0.008603 -0.000571
v 0.010903 0.008603 -0.000577
v 0.010900 0.008594 -0.000573
v 0.010903 0.008603 -0.000577
v 0.010905 0.008594 -0.000581
v 0.010903 0.008594 -0.000577
v 0.010906 0.008603 -0.000584
v 0.010908 0.008603 -0.000591
v 0.010906 0.008594 -0.000586
v 0.010908 0.008603 -0.000591
v 0.010908 0.008594 -0.000595
v 0.010908 0.008594 -0.000591
v 0.010908 0.008603 -0.000598
v 0.010908 0.008594 -0.000600
v 0.010908 0.008603 -0.000605
v 0.010908 0.008594 -0.000605
v 0.010905 0.008603 -0.000619
v 0.010905 0.008594 -0.000619
v 0.010906 0.008594 -0.000614
v 0.010902 0.008603 -0.000625
v 0.010900 0.008594 -0.000627
v 0.010903 0.008594 -0.000623
v 0.010897 0.008603 -0.000631
v 0.010894 0.008594 -0.000634
v 0.010897 0.008594 -0.000631
v 0.010893 0.008603 -0.000636
v 0.010887 0.008603 -0.000640
v 0.010891 0.008594 -0.000637
v 0.010887 0.008603 -0.000640
v 0.010881 0.008603 -0.000644
v 0.010883 0.008594 -0.000643
v 0.010879 0.008594 -0.000645
v 0.010874 0.008603 -0.000646
v 0.010874 0.008594 -0.000646
v 0.010874 0.008603 -0.000646
v 0.010867 0.008603 -0.000648
v 0.010869 0.008594 -0.000648
v 0.010867 0.008603 -0.000648
v 0.010860 0.008603 -0.000649
v 0.010865 0.008594 -0.000648
v 0.010860 0.008603 -0.000649
v 0.010855 0.008603 -0.000648
v 0.010860 0.008594 -0.000649
v 0.010855 0.008594 -0.000648
v 0.010851 0.008603 -0.000648
v 0.010851 0.008594 -0.000648
v 0.010846 0.008603 -0.000646
v 0.010846 0.008594 -0.000646
v 0.010841 0.008603 -0.000645
v 0.010841 0.008594 -0.000645
v 0.010837 0.008594 -0.000643
v 0.010837 0.008603 -0.000643
v 0.010833 0.008603 -0.000640
v 0.010833 0.008594 -0.000640
v 0.010833 0.008603 -0.000640
v 0.010829 0.008603 -0.000637
v 0.010829 0.008594 -0.000637
v 0.010829 0.008603 -0.000637
v 0.010826 0.008603 -0.000634
v 0.010826 0.008594 -0.000634
v 0.010826 0.008603 -0.000634
v 0.010823 0.008603 -0.000631
v 0.010817 0.008603 -0.000623
v 0.010817 0.008594 -0.000623
v 0.010820 0.008594 -0.000627
v 0.010815 0.008603 -0.000619
v 0.010815 0.008594 -0.000619
v 0.010814 0.008603 -0.000614
v 0.010814 0.008594 -0.000614
v 0.010812 0.008603 -0.000609
v 0.010812 0.008594 -0.000609
v 0.010812 0.008603 -0.000605
v 0.010812 0.008594 -0.000605
v 0.010812 0.008603 -0.000593
v 0.010812 0.008594 -0.000595
v 0.010823 0.008594 -0.000631
v 0.010823 0.008603 -0.000631
v 0.010820 0.008603 -0.000627
v 0.010812 0.008603 -0.000605
v 0.010812 0.008603 -0.000600
v 0.010812 0.008603 -0.000609
v 0.010812 0.008603 -0.000605
v 0.010814 0.008603 -0.000614
v 0.010812 0.008603 -0.000609
v 0.010815 0.008603 -0.000619
v 0.010814 0.008603 -0.000614
v 0.010817 0.008603 -0.000623
v 0.010815 0.008603 -0.000619
v 0.010820 0.008603 -0.000627
v 0.010817 0.008603 -0.000623
v 0.010820 0.008603 -0.000627
v 0.010823 0.008603 -0.000631
v 0.010826 0.008603 -0.000634
v 0.010829 0.008603 -0.000637
v 0.010833 0.008603 -0.000640
v 0.010837 0.008603 -0.000643
v 0.010841 0.008603 -0.000645
v 0.010837 0.008603 -0.000643
v 0.010846 0.008603 -0.000646
v 0.010841 0.008603 -0.000645
v 0.010851 0.008603 -0.000648
v 0.010846 0.008603 -0.000646
v 0.010855 0.008603 -0.000648
v 0.010851 0.008603 -0.000648
v 0.010855 0.008603 -0.000648
v 0.010860 0.008603 -0.000649
v 0.010867 0.008603 -0.000648
v 0.010874 0.008603 -0.000646
v 0.010881 0.008603 -0.000644
v 0.010874 0.008603 -0.000646
v 0.010881 0.008603 -0.000644
v 0.010887 0.008603 -0.000640
v 0.010887 0.008594 -0.000640
v 0.010887 0.008603 -0.000640
v 0.010893 0.008603 -0.000636
v 0.010893 0.008603 -0.000636
v 0.010897 0.008603 -0.000631
v 0.010897 0.008603 -0.000631
v 0.010897 0.008603 -0.000631
v 0.010902 0.008603 -0.000625
v 0.010902 0.008603 -0.000625
v 0.010905 0.008603 -0.000619
v 0.010905 0.008603 -0.000619
v 0.010905 0.008603 -0.000619
v 0.010907 0.008603 -0.000612
v 0.010908 0.008594 -0.000609
v 0.010908 0.008603 -0.000605
v 0.010907 0.008603 -0.000612
v 0.010907 0.008603 -0.000612
v 0.010908 0.008603 -0.000605
v 0.010908 0.008603 -0.000598
v 0.010908 0.008603 -0.000605
v 0.010908 0.008603 -0.000591
v 0.010908 0.008603 -0.000598
v 0.010908 0.008603 -0.000591
v 0.010906 0.008603 -0.000584
v 0.010903 0.008603 -0.000577
v 0.010906 0.008603 -0.000584
v 0.010903 0.008603 -0.000577
v 0.010899 0.008603 -0.000571
v 0.010894 0.008603 -0.000566
v 0.010894 0.008603 -0.000566
v 0.010889 0.008603 -0.000561
v 0.010889 0.008603 -0.000561
v 0.010883 0.008603 -0.000557
v 0.010883 0.008603 -0.000557
v 0.010876 0.008603 -0.000554
v 0.010876 0.008603 -0.000554
v 0.010869 0.008603 -0.000552
v 0.010869 0.008603 -0.000552
v 0.010869 0.008603 -0.000552
v 0.010862 0.008603 -0.000552
v 0.010862 0.008603 -0.000552
v 0.010855 0.008603 -0.000552
v 0.010855 0.008603 -0.000552
v 0.010848 0.008603 -0.000553
v 0.010841 0.008603 -0.000555
v 0.010841 0.008594 -0.000555
v 0.010841 0.008603 -0.000555
v 0.010835 0.008603 -0.000558
v 0.010829 0.008603 -0.000563
v 0.010824 0.008603 -0.000567
v 0.010829 0.008603 -0.000563
v 0.010820 0.008603 -0.000573
v 0.010824 0.008603 -0.000567
v 0.010820 0.008603 -0.000573
v 0.010816 0.008603 -0.000579
v 0.010820 0.008603 -0.000573
v 0.010814 0.008603 -0.000586
v 0.010816 0.008603 -0.000579
v 0.010814 0.008603 -0.000586
v 0.010812 0.008594 -0.000600
v 0.010812 0.008603 -0.000600
v 0.010812 0.008603 -0.000600
v 0.010812 0.008603 -0.000600
v 0.010812 0.008603 -0.000593
v 0.010908 0.008594 -0.000605
v 0.010908 0.008594 -0.000609
v 0.010950 0.008553 -0.000609
v 0.010908 0.008594 -0.000609
v 0.010906 0.008594 -0.000614
v 0.010948 0.008553 -0.000618
v 0.010906 0.008594 -0.000614
v 0.010946 0.008553 -0.000626
v 0.010948 0.008553 -0.000618
v 0.010905 0.008594 -0.000619
v 0.010943 0.008553 -0.000634
v 0.010946 0.008553 -0.000626
v 0.010903 0.008594 -0.000623
v 0.010943 0.008553 -0.000634
v 0.010905 0.008594 -0.000619
v 0.010900 0.008594 -0.000627
v 0.010939 0.008553 -0.000642
v 0.010903 0.008594 -0.000623
v 0.010935 0.008553 -0.000650
v 0.010939 0.008553 -0.000642
v 0.010900 0.008594 -0.000627
v 0.010930 0.008553 -0.000657
v 0.010935 0.008553 -0.000650
v 0.010897 0.008594 -0.000631
v 0.010924 0.008553 -0.000664
v 0.010930 0.008553 -0.000657
v 0.010894 0.008594 -0.000634
v 0.010924 0.008553 -0.000664
v 0.010894 0.008594 -0.000634
v 0.010891 0.008594 -0.000637
v 0.010917 0.008553 -0.000670
v 0.010891 0.008594 -0.000637
v 0.010887 0.008594 -0.000640
v 0.010910 0.008553 -0.000675
v 0.010887 0.008594 -0.000640
v 0.010883 0.008594 -0.000643
v 0.010910 0.008553 -0.000675
v 0.010883 0.008594 -0.000643
v 0.010902 0.008553 -0.000679
v 0.010902 0.008553 -0.000679
v 0.010879 0.008594 -0.000645
v 0.010894 0.008553 -0.000683
v 0.010879 0.008594 -0.000645
v 0.010874 0.008594 -0.000646
v 0.010894 0.008553 -0.000683
v 0.010874 0.008594 -0.000646
v 0.010869 0.008594 -0.000648
v 0.010886 0.008553 -0.000686
v 0.010869 0.008594 -0.000648
v 0.010865 0.008594 -0.000648
v 0.010878 0.008553 -0.000688
v 0.010865 0.008594 -0.000648
v 0.010869 0.008553 -0.000690
v 0.010878 0.008553 -0.000688
v 0.010860 0.008594 -0.000649
v 0.010860 0.008553 -0.000690
v 0.010869 0.008553 -0.000690
v 0.010855 0.008594 -0.000648
v 0.010860 0.008553 -0.000690
v 0.010860 0.008594 -0.000649
v 0.010851 0.008594 -0.000648
v 0.010851 0.008553 -0.000690
v 0.010855 0.008594 -0.000648
v 0.010846 0.008594 -0.000646
v 0.010842 0.008553 -0.000688
v 0.010851 0.008594 -0.000648
v 0.010834 0.008553 -0.000686
v 0.010842 0.008553 -0.000688
v 0.010846 0.008594 -0.000646
v 0.010826 0.008553 -0.000683
v 0.010834 0.008553 -0.000686
v 0.010841 0.008594 -0.000645
v 0.010826 0.008553 -0.000683
v 0.010841 0.008594 -0.000645
v 0.010837 0.008594 -0.000643
v 0.010818 0.008553 -0.000679
v 0.010837 0.008594 -0.000643
v 0.010833 0.008594 -0.000640
v 0.010810 0.008553 -0.000675
v 0.010833 0.008594 -0.000640
v 0.010829 0.008594 -0.000637
v 0.010810 0.008553 -0.000675
v 0.010829 0.008594 -0.000637
v 0.010803 0.008553 -0.000670
v 0.010803 0.008553 -0.000670
v 0.010826 0.008594 -0.000634
v 0.010796 0.008553 -0.000664
v 0.010826 0.008594 -0.000634
v 0.010823 0.008594 -0.000631
v 0.010796 0.008553 -0.000664
v 0.010823 0.008594 -0.000631
v 0.010820 0.008594 -0.000627
v 0.010790 0.008553 -0.000657
v 0.010820 0.008594 -0.000627
v 0.010817 0.008594 -0.000623
v 0.010785 0.008553 -0.000650
v 0.010817 0.008594 -0.000623
v 0.010781 0.008553 -0.000642
v 0.010785 0.008553 -0.000650
v 0.010815 0.008594 -0.000619
v 0.010777 0.008553 -0.000634
v 0.010781 0.008553 -0.000642
v 0.010814 0.008594 -0.000614
v 0.010777 0.008553 -0.000634
v 0.010815 0.008594 -0.000619
v 0.010812 0.008594 -0.000609
v 0.010774 0.008553 -0.000626
v 0.010814 0.008594 -0.000614
v 0.010812 0.008594 -0.000605
v 0.010772 0.008553 -0.000618
v 0.010812 0.008594 -0.000609
v 0.010770 0.008553 -0.000609
v 0.010772 0.008553 -0.000618
v 0.010812 0.008594 -0.000605
v 0.010770 0.008553 -0.000600
v 0.010770 0.008553 -0.000609
v 0.010812 0.008594 -0.000600
v 0.010770 0.008553 -0.000600
v 0.010812 0.008594 -0.000600
v 0.010812 0.008594 -0.000595
v 0.010770 0.008553 -0.000591
v 0.010812 0.008594 -0.000595
v 0.010812 0.008594 -0.000591
v 0.010772 0.008553 -0.000582
v 0.010812 0.008594 -0.000591
v 0.010814 0.008594 -0.000586
v 0.010772 0.008553 -0.000582
v 0.010814 0.008594 -0.000586
v 0.010774 0.008553 -0.000574
v 0.010774 0.008553 -0.000574
v 0.010815 0.008594 -0.000581
v 0.010777 0.008553 -0.000566
v 0.010815 0.008594 -0.000581
v 0.010817 0.008594 -0.000577
v 0.010777 0.008553 -0.000566
v 0.010817 0.008594 -0.000577
v 0.010820 0.008594 -0.000573
v 0.010781 0.008553 -0.000558
v 0.010820 0.008594 -0.000573
v 0.010823 0.008594 -0.000569
v 0.010785 0.008553 -0.000550
v 0.010823 0.008594 -0.000569
v 0.010790 0.008553 -0.000543
v 0.010785 0.008553 -0.000550
v 0.010826 0.008594 -0.000566
v 0.010796 0.008553 -0.000536
v 0.010790 0.008553 -0.000543
v 0.010829 0.008594 -0.000563
v 0.010796 0.008553 -0.000536
v 0.010826 0.008594 -0.000566
v 0.010833 0.008594 -0.000560
v 0.010803 0.008553 -0.000530
v 0.010829 0.008594 -0.000563
v 0.010837 0.008594 -0.000557
v 0.010810 0.008553 -0.000525
v 0.010833 0.008594 -0.000560
v 0.010818 0.008553 -0.000521
v 0.010837 0.008594 -0.000557
v 0.010841 0.008594 -0.000555
v 0.010851 0.008594 -0.000552
v 0.010834 0.008553 -0.000514
v 0.010846 0.008594 -0.000554
v 0.010855 0.008594 -0.000552
v 0.010860 0.008594 -0.000552
v 0.010851 0.008553 -0.000510
v 0.010869 0.008553 -0.000510
v 0.010865 0.008594 -0.000552
v 0.010869 0.008594 -0.000552
v 0.010879 0.008594 -0.000555
v 0.010886 0.008553 -0.000514
v 0.010874 0.008594 -0.000554
v 0.010883 0.008594 -0.000557
v 0.010887 0.008594 -0.000560
v 0.010902 0.008553 -0.000521
v 0.010917 0.008553 -0.000530
v 0.010891 0.008594 -0.000563
v 0.010894 0.008594 -0.000566
v 0.010939 0.008553 -0.000558
v 0.010903 0.008594 -0.000577
v 0.010905 0.008594 -0.000581
v 0.010946 0.008553 -0.000574
v 0.010943 0.008553 -0.000566
v 0.010906 0.008594 -0.000586
v 0.010908 0.008594 -0.000595
v 0.010950 0.008553 -0.000591
v 0.010948 0.008553 -0.000582
v 0.010908 0.008594 -0.000609
v 0.010948 0.008553 -0.000618
v 0.010950 0.008553 -0.000609
v 0.010900 0.008594 -0.000573
v 0.010930 0.008553 -0.000543
v 0.010897 0.008594 -0.000569
v 0.010950 0.008553 -0.000591
v 0.010908 0.008594 -0.000600
v 0.010950 0.008553 -0.000600
v 0.010908 0.008594 -0.000595
v 0.010908 0.008594 -0.000600
v 0.010950 0.008553 -0.000591
v 0.010908 0.008594 -0.000591
v 0.010908 0.008594 -0.000595
v 0.010948 0.008553 -0.000582
v 0.010908 0.008594 -0.000591
v 0.010948 0.008553 -0.000582
v 0.010946 0.008553 -0.000574
v 0.010908 0.008594 -0.000591
v 0.010946 0.008553 -0.000574
v 0.010906 0.008594 -0.000586
v 0.010906 0.008594 -0.000586
v 0.010943 0.008553 -0.000566
v 0.010905 0.008594 -0.000581
v 0.010943 0.008553 -0.000566
v 0.010939 0.008553 -0.000558
v 0.010905 0.008594 -0.000581
v 0.010939 0.008553 -0.000558
v 0.010935 0.008553 -0.000550
v 0.010903 0.008594 -0.000577
v 0.010935 0.008553 -0.000550
v 0.010900 0.008594 -0.000573
v 0.010903 0.008594 -0.000577
v 0.010930 0.008553 -0.000543
v 0.010900 0.008594 -0.000573
v 0.010935 0.008553 -0.000550
v 0.010924 0.008553 -0.000536
v 0.010897 0.008594 -0.000569
v 0.010930 0.008553 -0.000543
v 0.010894 0.008594 -0.000566
v 0.010897 0.008594 -0.000569
v 0.010924 0.008553 -0.000536
v 0.010894 0.008594 -0.000566
v 0.010924 0.008553 -0.000536
v 0.010917 0.008553 -0.000530
v 0.010891 0.008594 -0.000563
v 0.010917 0.008553 -0.000530
v 0.010910 0.008553 -0.000525
v 0.010891 0.008594 -0.000563
v 0.010910 0.008553 -0.000525
v 0.010887 0.008594 -0.000560
v 0.010910 0.008553 -0.000525
v 0.010902 0.008553 -0.000521
v 0.010887 0.008594 -0.000560
v 0.010902 0.008553 -0.000521
v 0.010894 0.008553 -0.000517
v 0.010883 0.008594 -0.000557
v 0.010894 0.008553 -0.000517
v 0.010879 0.008594 -0.000555
v 0.010883 0.008594 -0.000557
v 0.010886 0.008553 -0.000514
v 0.010879 0.008594 -0.000555
v 0.010894 0.008553 -0.000517
v 0.010878 0.008553 -0.000512
v 0.010874 0.008594 -0.000554
v 0.010886 0.008553 -0.000514
v 0.010869 0.008594 -0.000552
v 0.010874 0.008594 -0.000554
v 0.010878 0.008553 -0.000512
v 0.010869 0.008594 -0.000552
v 0.010878 0.008553 -0.000512
v 0.010869 0.008553 -0.000510
v 0.010865 0.008594 -0.000552
v 0.010869 0.008553 -0.000510
v 0.010860 0.008553 -0.000510
v 0.010865 0.008594 -0.000552
v 0.010860 0.008553 -0.000510
v 0.010860 0.008594 -0.000552
v 0.010860 0.008553 -0.000510
v 0.010851 0.008553 -0.000510
v 0.010860 0.008594 -0.000552
v 0.010851 0.008553 -0.000510
v 0.010842 0.008553 -0.000512
v 0.010855 0.008594 -0.000552
v 0.010842 0.008553 -0.000512
v 0.010851 0.008594 -0.000552
v 0.010855 0.008594 -0.000552
v 0.010834 0.008553 -0.000514
v 0.010851 0.008594 -0.000552
v 0.010842 0.008553 -0.000512
v 0.010826 0.008553 -0.000517
v 0.010846 0.008594 -0.000554
v 0.010834 0.008553 -0.000514
v 0.010841 0.008594 -0.000555
v 0.010846 0.008594 -0.000554
v 0.010826 0.008553 -0.000517
v 0.010841 0.008594 -0.000555
v 0.010826 0.008553 -0.000517
v 0.010818 0.008553 -0.000521
v 0.010837 0.008594 -0.000557
v 0.010818 0.008553 -0.000521
v 0.010810 0.008553 -0.000525
v 0.010810 0.008553 -0.000525
v 0.010803 0.008553 -0.000530
v 0.010833 0.008594 -0.000560
v 0.010803 0.008553 -0.000530
v 0.010796 0.008553 -0.000536
v 0.010829 0.008594 -0.000563
v 0.010826 0.008594 -0.000566
v 0.010790 0.008553 -0.000543
v 0.010823 0.008594 -0.000569
v 0.010820 0.008594 -0.000573
v 0.010785 0.008553 -0.000550
v 0.010781 0.008553 -0.000558
v 0.010817 0.008594 -0.000577
v 0.010781 0.008553 -0.000558
v 0.010777 0.008553 -0.000566
v 0.010814 0.008594 -0.000586
v 0.010815 0.008594 -0.000581
v 0.010774 0.008553 -0.000574
v 0.010770 0.008553 -0.000591
v 0.010812 0.008594 -0.000591
v 0.010772 0.008553 -0.000582
v 0.010770 0.008553 -0.000600
v 0.010812 0.008594 -0.000595
v 0.010770 0.008553 -0.000591
v 0.010770 0.008553 -0.000609
v 0.010812 0.008594 -0.000605
v 0.010812 0.008594 -0.000600
v 0.010772 0.008553 -0.000618
v 0.010774 0.008553 -0.000626
v 0.010812 0.008594 -0.000609
v 0.010774 0.008553 -0.000626
v 0.010777 0.008553 -0.000634
v 0.010814 0.008594 -0.000614
v 0.010815 0.008594 -0.000619
v 0.010781 0.008553 -0.000642
v 0.010817 0.008594 -0.000623
v 0.010820 0.008594 -0.000627
v 0.010785 0.008553 -0.000650
v 0.010790 0.008553 -0.000657
v 0.010823 0.008594 -0.000631
v 0.010790 0.008553 -0.000657
v 0.010796 0.008553 -0.000664
v 0.010829 0.008594 -0.000637
v 0.010826 0.008594 -0.000634
v 0.010803 0.008553 -0.000670
v 0.010818 0.008553 -0.000679
v 0.010833 0.008594 -0.000640
v 0.010810 0.008553 -0.000675
v 0.010826 0.008553 -0.000683
v 0.010837 0.008594 -0.000643
v 0.010818 0.008553 -0.000679
v 0.010834 0.008553 -0.000686
v 0.010846 0.008594 -0.000646
v 0.010841 0.008594 -0.000645
v 0.010842 0.008553 -0.000688
v 0.010851 0.008553 -0.000690
v 0.010851 0.008594 -0.000648
v 0.010851 0.008553 -0.000690
v 0.010860 0.008553 -0.000690
v 0.010855 0.008594 -0.000648
v 0.010860 0.008594 -0.000649
v 0.010869 0.008553 -0.000690
v 0.010865 0.008594 -0.000648
v 0.010869 0.008594 -0.000648
v 0.010878 0.008553 -0.000688
v 0.010886 0.008553 -0.000686
v 0.010874 0.008594 -0.000646
v 0.010886 0.008553 -0.000686
v 0.010894 0.008553 -0.000683
v 0.010883 0.008594 -0.000643
v 0.010879 0.008594 -0.000645
v 0.010902 0.008553 -0.000679
v 0.010917 0.008553 -0.000670
v 0.010887 0.008594 -0.000640
v 0.010910 0.008553 -0.000675
v 0.010924 0.008553 -0.000664
v 0.010891 0.008594 -0.000637
v 0.010917 0.008553 -0.000670
v 0.010930 0.008553 -0.000657
v 0.010897 0.008594 -0.000631
v 0.010894 0.008594 -0.000634
v 0.010935 0.008553 -0.000650
v 0.010900 0.008594 -0.000627
v 0.010897 0.008594 -0.000631
v 0.010939 0.008553 -0.000642
v 0.010943 0.008553 -0.000634
v 0.010903 0.008594 -0.000623
v 0.010905 0.008594 -0.000619
v 0.010946 0.008553 -0.000626
v 0.010906 0.008594 -0.000614
v 0.010908 0.008594 -0.000600
v 0.010908 0.008594 -0.000605
v 0.010950 0.008553 -0.000609
v 0.010950 0.008553 -0.000609
v 0.010950 0.008553 -0.000600
v 0.010908 0.008594 -0.000600
v 0.010812 0.008603 -0.000993
v 0.010814 0.008603 -0.000986
v 0.010812 0.008594 -0.000991
v 0.010814 0.008603 -0.000986
v 0.010814 0.008594 -0.000986
v 0.010816 0.008603 -0.000979
v 0.010817 0.008594 -0.000977
v 0.010815 0.008594 -0.000981
v 0.010820 0.008603 -0.000973
v 0.010820 0.008594 -0.000973
v 0.010824 0.008603 -0.000967
v 0.010826 0.008594 -0.000966
v 0.010823 0.008594 -0.000969
v 0.010829 0.008603 -0.000963
v 0.010829 0.008594 -0.000963
v 0.010833 0.008594 -0.000960
v 0.010829 0.008603 -0.000963
v 0.010835 0.008603 -0.000958
v 0.010837 0.008594 -0.000957
v 0.010835 0.008603 -0.000958
v 0.010841 0.008603 -0.000955
v 0.010846 0.008594 -0.000954
v 0.010841 0.008603 -0.000955
v 0.010848 0.008603 -0.000953
v 0.010851 0.008594 -0.000952
v 0.010848 0.008603 -0.000953
v 0.010855 0.008603 -0.000952
v 0.010855 0.008594 -0.000952
v 0.010855 0.008603 -0.000952
v 0.010860 0.008594 -0.000952
v 0.010862 0.008603 -0.000952
v 0.010865 0.008594 -0.000952
v 0.010869 0.008594 -0.000952
v 0.010869 0.008603 -0.000952
v 0.010874 0.008594 -0.000954
v 0.010876 0.008603 -0.000954
v 0.010879 0.008594 -0.000955
v 0.010883 0.008603 -0.000957
v 0.010883 0.008594 -0.000957
v 0.010883 0.008603 -0.000957
v 0.010889 0.008603 -0.000961
v 0.010887 0.008594 -0.000960
v 0.010891 0.008594 -0.000963
v 0.010894 0.008603 -0.000966
v 0.010894 0.008594 -0.000966
v 0.010894 0.008603 -0.000966
v 0.010899 0.008603 -0.000971
v 0.010897 0.008594 -0.000969
v 0.010899 0.008603 -0.000971
v 0.010903 0.008603 -0.000977
v 0.010900 0.008594 -0.000973
v 0.010903 0.008603 -0.000977
v 0.010905 0.008594 -0.000981
v 0.010903 0.008594 -0.000977
v 0.010906 0.008603 -0.000984
v 0.010908 0.008603 -0.000991
v 0.010906 0.008594 -0.000986
v 0.010908 0.008603 -0.000991
v 0.010908 0.008594 -0.000995
v 0.010908 0.008594 -0.000991
v 0.010908 0.008603 -0.000998
v 0.010908 0.008594 -0.001000
v 0.010908 0.008603 -0.001005
v 0.010908 0.008594 -0.001005
v 0.010905 0.008603 -0.001019
v 0.010905 0.008594 -0.001019
v 0.010906 0.008594 -0.001014
v 0.010902 0.008603 -0.001025
v 0.010900 0.008594 -0.001027
v 0.010903 0.008594 -0.001023
v 0.010897 0.008603 -0.001031
v 0.010894 0.008594 -0.001034
v 0.010897 0.008594 -0.001031
v 0.010893 0.008603 -0.001036
v 0.010887 0.008603 -0.001040
v 0.010891 0.008594 -0.001037
v 0.010887 0.008603 -0.001040
v 0.010881 0.008603 -0.001044
v 0.010883 0.008594 -0.001043
v 0.010879 0.008594 -0.001045
v 0.010874 0.008603 -0.001046
v 0.010874 0.008594 -0.001046
v 0.010874 0.008603 -0.001046
v 0.010867 0.008603 -0.001048
v 0.010869 0.008594 -0.001048
v 0.010867 0.008603 -0.001048
v 0.010860 0.008603 -0.001049
v 0.010865 0.008594 -0.001048
v 0.010860 0.008603 -0.001049
v 0.010855 0.008603 -0.001048
v 0.010860 0.008594 -0.001049
v 0.010855 0.008594 -0.001048
v 0.010851 0.008603 -0.001048
v 0.010851 0.008594 -0.001048
v 0.010846 0.008603 -0.001046
v 0.010846 0.008594 -0.001046
v 0.010841 0.008603 -0.001045
v 0.010841 0.008594 -0.001045
v 0.010837 0.008594 -0.001043
v 0.010837 0.008603 -0.001043
v 0.010833 0.008603 -0.001040
v 0.010833 0.008594 -0.001040
v 0.010833 0.008603 -0.001040
v 0.010829 0.008603 -0.001037
v 0.010829 0.008594 -0.001037
v 0.010829 0.008603 -0.001037
v 0.010826 0.008603 -0.001034
v 0.010826 0.008594 -0.001034
v 0.010826 0.008603 -0.001034
v 0.010823 0.008603 -0.001031
v 0.010817 0.008603 -0.001023
v 0.010817 0.008594 -0.001023
v 0.010820 0.008594 -0.001027
v 0.010815 0.008603 -0.001019
v 0.010815 0.008594 -0.001019
v 0.010814 0.008603 -0.001014
v 0.010814 0.008594 -0.001014
v 0.010812 0.008603 -0.001009
v 0.010812 0.008594 -0.001009
v 0.010812 0.008603 -0.001005
v 0.010812 0.008594 -0.001005
v 0.010812 0.008603 -0.000993
v 0.010812 0.008594 -0.000995
v 0.010823 0.008594 -0.001031
v 0.010823 0.008603 -0.001031
v 0.010820 0.008603 -0.001027
v 0.010812 0.008603 -0.001005
v 0.010812 0.008603 -0.001000
v 0.010812 0.008603 -0.001009
v 0.010812 0.008603 -0.001005
v 0.010814 0.008603 -0.001014
v 0.010812 0.008603 -0.001009
v 0.010815 0.008603 -0.001019
v 0.010814 0.008603 -0.001014
v 0.010817 0.008603 -0.001023
v 0.010815 0.008603 -0.001019
v 0.010820 0.008603 -0.001027
v 0.010817 0.008603 -0.001023
v 0.010820 0.008603 -0.001027
v 0.010823 0.008603 -0.001031
v 0.010826 0.008603 -0.001034
v 0.010829 0.008603 -0.001037
v 0.010833 0.008603 -0.001040
v 0.010837 0.008603 -0.001043
v 0.010841 0.008603 -0.001045
v 0.010837 0.008603 -0.001043
v 0.010846 0.008603 -0.001046
v 0.010841 0.008603 -0.001045
v 0.010851 0.008603 -0.001048
v 0.010846 0.008603 -0.001046
v 0.010855 0.008603 -0.001048
v 0.010851 0.008603 -0.001048
v 0.010855 0.008603 -0.001048
v 0.010860 0.008603 -0.001049
v 0.010867 0.008603 -0.001048
v 0.010874 0.008603 -0.001046
v 0.010881 0.008603 -0.001044
v 0.010874 0.008603 -0.001046
v 0.010881 0.008603 -0.001044
v 0.010887 0.008603 -0.001040
v 0.010887 0.008594 -0.001040
v 0.010887 0.008603 -0.001040
v 0.010893 0.008603 -0.001036
v 0.010893 0.008603 -0.001036
v 0.010897 0.008603 -0.001031
v 0.010897 0.008603 -0.001031
v 0.010897 0.008603 -0.001031
v 0.010902 0.008603 -0.001025
v 0.010902 0.008603 -0.001025
v 0.010905 0.008603 -0.001019
v 0.010905 0.008603 -0.001019
v 0.010905 0.008603 -0.001019
v 0.010907 0.008603 -0.001012
v 0.010908 0.008594 -0.001009
v 0.010908 0.008603 -0.001005
v 0.010907 0.008603 -0.001012
v 0.010907 0.008603 -0.001012
v 0.010908 0.008603 -0.001005
v 0.010908 0.008603 -0.000998
v 0.010908 0.008603 -0.001005
v 0.010908 0.008603 -0.000991
v 0.010908 0.008603 -0.000998
v 0.010908 0.008603 -0.000991
v 0.010906 0.008603 -0.000984
v 0.010903 0.008603 -0.000977
v 0.010906 0.008603 -0.000984
v 0.010903 0.008603 -0.000977
v 0.010899 0.008603 -0.000971
v 0.010894 0.008603 -0.000966
v 0.010894 0.008603 -0.000966
v 0.010889 0.008603 -0.000961
v 0.010889 0.008603 -0.000961
v 0.010883 0.008603 -0.000957
v 0.010883 0.008603 -0.000957
v 0.010876 0.008603 -0.000954
v 0.010876 0.008603 -0.000954
v 0.010869 0.008603 -0.000952
v 0.010869 0.008603 -0.000952
v 0.010869 0.008603 -0.000952
v 0.010862 0.008603 -0.000952
v 0.010862 0.008603 -0.000952
v 0.010855 0.008603 -0.000952
v 0.010855 0.008603 -0.000952
v 0.010848 0.008603 -0.000953
v 0.010841 0.008603 -0.000955
v 0.010841 0.008594 -0.000955
v 0.010841 0.008603 -0.000955
v 0.010835 0.008603 -0.000958
v 0.010829 0.008603 -0.000963
v 0.010824 0.008603 -0.000967
v 0.010829 0.008603 -0.000963
v 0.010820 0.008603 -0.000973
v 0.010824 0.008603 -0.000967
v 0.010820 0.008603 -0.000973
v 0.010816 0.008603 -0.000979
v 0.010820 0.008603 -0.000973
v 0.010814 0.008603 -0.000986
v 0.010816 0.008603 -0.000979
v 0.010814 0.008603 -0.000986
v 0.010812 0.008594 -0.001000
v 0.010812 0.008603 -0.001000
v 0.010812 0.008603 -0.001000
v 0.010812 0.008603 -0.001000
v 0.010812 0.008603 -0.000993
v 0.010908 0.008594 -0.001005
v 0.010908 0.008594 -0.001009
v 0.010950 0.008553 -0.001009
v 0.010908 0.008594 -0.001009
v 0.010906 0.008594 -0.001014
v 0.010948 0.008553 -0.001018
v 0.010906 0.008594 -0.001014
v 0.010946 0.008553 -0.001026
v 0.010948 0.008553 -0.001018
v 0.010905 0.008594 -0.001019
v 0.010943 0.008553 -0.001034
v 0.010946 0.008553 -0.001026
v 0.010903 0.008594 -0.001023
v 0.010943 0.008553 -0.001034
v 0.010905 0.008594 -0.001019
v 0.010900 0.008594 -0.001027
v 0.010939 0.008553 -0.001042
v 0.010903 0.008594 -0.001023
v 0.010935 0.008553 -0.001050
v 0.010939 0.008553 -0.001042
v 0.010900 0.008594 -0.001027
v 0.010930 0.008553 -0.001057
v 0.010935 0.008553 -0.001050
v 0.010897 0.008594 -0.001031
v 0.010924 0.008553 -0.001064
v 0.010930 0.008553 -0.001057
v 0.010894 0.008594 -0.001034
v 0.010924 0.008553 -0.001064
v 0.010894 0.008594 -0.001034
v 0.010891 0.008594 -0.001037
v 0.010917 0.008553 -0.001070
v 0.010891 0.008594 -0.001037
v 0.010887 0.008594 -0.001040
v 0.010910 0.008553 -0.001075
v 0.010887 0.008594 -0.001040
v 0.010883 0.008594 -0.001043
v 0.010910 0.008553 -0.001075
v 0.010883 0.008594 -0.001043
v 0.010902 0.008553 -0.001079
v 0.010902 0.008553 -0.001079
v 0.010879 0.008594 -0.001045
v 0.010894 0.008553 -0.001083
v 0.010879 0.008594 -0.001045
v 0.010874 0.008594 -0.001046
v 0.010894 0.008553 -0.001083
v 0.010874 0.008594 -0.001046
v 0.010869 0.008594 -0.001048
v 0.010886 0.008553 -0.001086
v 0.010869 0.008594 -0.001048
v 0.010865 0.008594 -0.001048
v 0.010878 0.008553 -0.001088
v 0.010865 0.008594 -0.001048
v 0.010869 0.008553 -0.001090
v 0.010878 0.008553 -0.001088
v 0.010860 0.008594 -0.001049
v 0.010860 0.008553 -0.001090
v 0.010869 0.008553 -0.001090
v 0.010855 0.008594 -0.001048
v 0.010860 0.008553 -0.001090
v 0.010860 0.008594 -0.001049
v 0.010851 0.008594 -0.001048
v 0.010851 0.008553 -0.001090
v 0.010855 0.008594 -0.001048
v 0.010846 0.008594 -0.001046
v 0.010842 0.008553 -0.001088
v 0.010851 0.008594 -0.001048
v 0.010834 0.008553 -0.001086
v 0.010842 0.008553 -0.001088
v 0.010846 0.008594 -0.001046
v 0.010826 0.008553 -0.001083
v 0.010834 0.008553 -0.001086
v 0.010841 0.008594 -0.001045
v 0.010826 0.008553 -0.001083
v 0.010841 0.008594 -0.001045
v 0.010837 0.008594 -0.001043
v 0.010818 0.008553 -0.001079
v 0.010837 0.008594 -0.001043
v 0.010833 0.008594 -0.001040
v 0.010810 0.008553 -0.001075
v 0.010833 0.008594 -0.001040
v 0.010829 0.008594 -0.001037
v 0.010810 0.008553 -0.001075
v 0.010829 0.008594 -0.001037
v 0.010803 0.008553 -0.001070
v 0.010803 0.008553 -0.001070
v 0.010826 0.008594 -0.001034
v 0.010796 0.008553 -0.001064
v 0.010826 0.008594 -0.001034
v 0.010823 0.008594 -0.001031
v 0.010796 0.008553 -0.001064
v 0.010823 0.008594 -0.001031
v 0.010820 0.008594 -0.001027
v 0.010790 0.008553 -0.001057
v 0.010820 0.008594 -0.001027
v 0.010817 0.008594 -0.001023
v 0.010785 0.008553 -0.001050
v 0.010817 0.008594 -0.001023
v 0.010781 0.008553 -0.001042
v 0.010785 0.008553 -0.001050
v 0.010815 0.008594 -0.001019
v 0.010777 0.008553 -0.001034
v 0.010781 0.008553 -0.001042
v 0.010814 0.008594 -0.001014
v 0.010777 0.008553 -0.001034
v 0.010815 0.008594 -0.001019
v 0.010812 0.008594 -0.001009
v 0.010774 0.008553 -0.001026
v 0.010814 0.008594 -0.001014
v 0.010812 0.008594 -0.001005
v 0.010772 0.008553 -0.001018
v 0.010812 0.008594 -0.001009
v 0.010770 0.008553 -0.001009
v 0.010772 0.008553 -0.001018
v 0.010812 0.008594 -0.001005
v 0.010770 0.008553 -0.001000
v 0.010770 0.008553 -0.001009
v 0.010812 0.008594 -0.001000
v 0.010770 0.008553 -0.001000
v 0.010812 0.008594 -0.001000
v 0.010812 0.008594 -0.000995
v 0.010770 0.008553 -0.000991
v 0.010812 0.008594 -0.000995
v 0.010812 0.008594 -0.000991
v 0.010772 0.008553 -0.000982
v 0.010812 0.008594 -0.000991
v 0.010814 0.008594 -0.000986
v 0.010772 0.008553 -0.000982
v 0.010814 0.008594 -0.000986
v 0.010774 0.008553 -0.000974
v 0.010774 0.008553 -0.000974
v 0.010815 0.008594 -0.000981
v 0.010777 0.008553 -0.000966
v 0.010815 0.008594 -0.000981
v 0.010817 0.008594 -0.000977
v 0.010777 0.008553 -0.000966
v 0.010817 0.008594 -0.000977
v 0.010820 0.008594 -0.000973
v 0.010781 0.008553 -0.000958
v 0.010820 0.008594 -0.000973
v 0.010823 0.008594 -0.000969
v 0.010785 0.008553 -0.000950
v 0.010823 0.008594 -0.000969
v 0.010790 0.008553 -0.000943
v 0.010785 0.008553 -0.000950
v 0.010826 0.008594 -0.000966
v 0.010796 0.008553 -0.000936
v 0.010790 0.008553 -0.000943
v 0.010829 0.008594 -0.000963
v 0.010796 0.008553 -0.000936
v 0.010826 0.008594 -0.000966
v 0.010833 0.008594 -0.000960
v 0.010803 0.008553 -0.000930
v 0.010829 0.008594 -0.000963
v 0.010837 0.008594 -0.000957
v 0.010810 0.008553 -0.000925
v 0.010833 0.008594 -0.000960
v 0.010818 0.008553 -0.000921
v 0.010837 0.008594 -0.000957
v 0.010841 0.008594 -0.000955
v 0.010851 0.008594 -0.000952
v 0.010834 0.008553 -0.000914
v 0.010846 0.008594 -0.000954
v 0.010855 0.008594 -0.000952
v 0.010860 0.008594 -0.000952
v 0.010851 0.008553 -0.000910
v 0.010869 0.008553 -0.000910
v 0.010865 0.008594 -0.000952
v 0.010869 0.008594 -0.000952
v 0.010879 0.008594 -0.000955
v 0.010886 0.008553 -0.000914
v 0.010874 0.008594 -0.000954
v 0.010883 0.008594 -0.000957
v 0.010887 0.008594 -0.000960
v 0.010902 0.008553 -0.000921
v 0.010917 0.008553 -0.000930
v 0.010891 0.008594 -0.000963
v 0.010894 0.008594 -0.000966
v 0.010939 0.008553 -0.000958
v 0.010903 0.008594 -0.000977
v 0.010905 0.008594 -0.000981
v 0.010946 0.008553 -0.000974
v 0.010943 0.008553 -0.000966
v 0.010906 0.008594 -0.000986
v 0.010908 0.008594 -0.000995
v 0.010950 0.008553 -0.000991
v 0.010948 0.008553 -0.000982
v 0.010908 0.008594 -0.001009
v 0.010948 0.008553 -0.001018
v 0.010950 0.008553 -0.001009
v 0.010900 0.008594 -0.000973
v 0.010930 0.008553 -0.000943
v 0.010897 0.008594 -0.000969
v 0.010950 0.008553 -0.000991
v 0.010908 0.008594 -0.001000
v 0.010950 0.008553 -0.001000
v 0.010908 0.008594 -0.000995
v 0.010908 0.008594 -0.001000
v 0.010950 0.008553 -0.000991
v 0.010908 0.008594 -0.000991
v 0.010908 0.008594 -0.000995
v 0.010948 0.008553 -0.000982
v 0.010908 0.008594 -0.000991
v 0.010948 0.008553 -0.000982
v 0.010946 0.008553 -0.000974
v 0.010908 0.008594 -0.000991
v 0.010946 0.008553 -0.000974
v 0.010906 0.008594 -0.000986
v 0.010906 0.008594 -0.000986
v 0.010943 0.008553 -0.000966
v 0.010905 0.008594 -0.000981
v 0.010943 0.008553 -0.000966
v 0.010939 0.008553 -0.000958
v 0.010905 0.008594 -0.000981
v 0.010939 0.008553 -0.000958
v 0.010935 0.008553 -0.000950
v 0.010903 0.008594 -0.000977
v 0.010935 0.008553 -0.000950
v 0.010900 0.008594 -0.000973
v 0.010903 0.008594 -0.000977
v 0.010930 0.008553 -0.000943
v 0.010900 0.008594 -0.000973
v 0.010935 0.008553 -0.000950
v 0.010924 0.008553 -0.000936
v 0.010897 0.008594 -0.000969
v 0.010930 0.008553 -0.000943
v 0.010894 0.008594 -0.000966
v 0.010897 0.008594 -0.000969
v 0.010924 0.008553 -0.000936
v 0.010894 0.008594 -0.000966
v 0.010924 0.008553 -0.000936
v 0.010917 0.008553 -0.000930
v 0.010891 0.008594 -0.000963
v 0.010917 0.008553 -0.000930
v 0.010910 0.008553 -0.000925
v 0.010891 0.008594 -0.000963
v 0.010910 0.008553 -0.000925
v 0.010887 0.008594 -0.000960
v 0.010910 0.008553 -0.000925
v 0.010902 0.008553 -0.000921
v 0.010887 0.008594 -0.000960
v 0.010902 0.008553 -0.000921
v 0.010894 0.008553 -0.000917
v 0.010883 0.008594 -0.000957
v 0.010894 0.008553 -0.000917
v 0.010879 0.008594 -0.000955
v 0.010883 0.008594 -0.000957
v 0.010886 0.008553 -0.000914
v 0.010879 0.008594 -0.000955
v 0.010894 0.008553 -0.000917
v 0.010878 0.008553 -0.000912
v 0.010874 0.008594 -0.000954
v 0.010886 0.008553 -0.000914
v 0.010869 0.008594 -0.000952
v 0.010874 0.008594 -0.000954
v 0.010878 0.008553 -0.000912
v 0.010869 0.008594 -0.000952
v 0.010878 0.008553 -0.000912
v 0.010869 0.008553 -0.000910
v 0.010865 0.008594 -0.000952
v 0.010869 0.008553 -0.000910
v 0.010860 0.008553 -0.000910
v 0.010865 0.008594 -0.000952
v 0.010860 0.008553 -0.000910
v 0.010860 0.008594 -0.000952
v 0.010860 0.008553 -0.000910
v 0.010851 0.008553 -0.000910
v 0.010860 0.008594 -0.000952
v 0.010851 0.008553 -0.000910
v 0.010842 0.008553 -0.000912
v 0.010855 0.008594 -0.000952
v 0.010842 0.008553 -0.000912
v 0.010851 0.008594 -0.000952
v 0.010855 0.008594 -0.000952
v 0.010834 0.008553 -0.000914
v 0.010851 0.008594 -0.000952
v 0.010842 0.008553 -0.000912
v 0.010826 0.008553 -0.000917
v 0.010846 0.008594 -0.000954
v 0.010834 0.008553 -0.000914
v 0.010841 0.008594 -0.000955
v 0.010846 0.008594 -0.000954
v 0.010826 0.008553 -0.000917
v 0.010841 0.008594 -0.000955
v 0.010826 0.008553 -0.000917
v 0.010818 0.008553 -0.000921
v 0.010837 0.008594 -0.000957
v 0.010818 0.008553 -0.000921
v 0.010810 0.008553 -0.000925
v 0.010810 0.008553 -0.000925
v 0.010803 0.008553 -0.000930
v 0.010833 0.008594 -0.000960
v 0.010803 0.008553 -0.000930
v 0.010796 0.008553 -0.000936
v 0.010829 0.008594 -0.000963
v 0.010826 0.008594 -0.000966
v 0.010790 0.008553 -0.000943
v 0.010823 0.008594 -0.000969
v 0.010820 0.008594 -0.000973
v 0.010785 0.008553 -0.000950
v 0.010781 0.008553 -0.000958
v 0.010817 0.008594 -0.000977
v 0.010781 0.008553 -0.000958
v 0.010777 0.008553 -0.000966
v 0.010814 0.008594 -0.000986
v 0.010815 0.008594 -0.000981
v 0.010774 0.008553 -0.000974
v 0.010770 0.008553 -0.000991
v 0.010812 0.008594 -0.000991
v 0.010772 0.008553 -0.000982
v 0.010770 0.008553 -0.001000
v 0.010812 0.008594 -0.000995
v 0.010770 0.008553 -0.000991
v 0.010770 0.008553 -0.001009
v 0.010812 0.008594 -0.001005
v 0.010812 0.008594 -0.001000
v 0.010772 0.008553 -0.001018
v 0.010774 0.008553 -0.001026
v 0.010812 0.008594 -0.001009
v 0.010774 0.008553 -0.001026
v 0.010777 0.008553 -0.001034
v 0.010814 0.008594 -0.001014
v 0.010815 0.008594 -0.001019
v 0.010781 0.008553 -0.001042
v 0.010817 0.008594 -0.001023
v 0.010820 0.008594 -0.001027
v 0.010785 0.008553 -0.001050
v 0.010790 0.008553 -0.001057
v 0.010823 0.008594 -0.001031
v 0.010790 0.008553 -0.001057
v 0.010796 0.008553 -0.001064
v 0.010829 0.008594 -0.001037
v 0.010826 0.008594 -0.001034
v 0.010803 0.008553 -0.001070
v 0.010818 0.008553 -0.001079
v 0.010833 0.008594 -0.001040
v 0.010810 0.008553 -0.001075
v 0.010826 0.008553 -0.001083
v 0.010837 0.008594 -0.001043
v 0.010818 0.008553 -0.001079
v 0.010834 0.008553 -0.001086
v 0.010846 0.008594 -0.001046
v 0.010841 0.008594 -0.001045
v 0.010842 0.008553 -0.001088
v 0.010851 0.008553 -0.001090
v 0.010851 0.008594 -0.001048
v 0.010851 0.008553 -0.001090
v 0.010860 0.008553 -0.001090
v 0.010855 0.008594 -0.001048
v 0.010860 0.008594 -0.001049
v 0.010869 0.008553 -0.001090
v 0.010865 0.008594 -0.001048
v 0.010869 0.008594 -0.001048
v 0.010878 0.008553 -0.001088
v 0.010886 0.008553 -0.001086
v 0.010874 0.008594 -0.001046
v 0.010886 0.008553 -0.001086
v 0.010894 0.008553 -0.001083
v 0.010883 0.008594 -0.001043
v 0.010879 0.008594 -0.001045
v 0.010902 0.008553 -0.001079
v 0.010917 0.008553 -0.001070
v 0.010887 0.008594 -0.001040
v 0.010910 0.008553 -0.001075
v 0.010924 0.008553 -0.001064
v 0.010891 0.008594 -0.001037
v 0.010917 0.008553 -0.001070
v 0.010930 0.008553 -0.001057
v 0.010897 0.008594 -0.001031
v 0.010894 0.008594 -0.001034
v 0.010935 0.008553 -0.001050
v 0.010900 0.008594 -0.001027
v 0.010897 0.008594 -0.001031
v 0.010939 0.008553 -0.001042
v 0.010943 0.008553 -0.001034
v 0.010903 0.008594 -0.001023
v 0.010905 0.008594 -0.001019
v 0.010946 0.008553 -0.001026
v 0.010906 0.008594 -0.001014
v 0.010908 0.008594 -0.001000
v 0.010908 0.008594 -0.001005
v 0.010950 0.008553 -0.001009
v 0.010950 0.008553 -0.001009
v 0.010950 0.008553 -0.001000
v 0.010908 0.008594 -0.001000
v 0.010660 0.008603 -0.000436
v 0.010660 0.008603 -0.000436
v 0.010660 0.008553 -0.000436
v 0.010661 0.008603 -0.000432
v 0.010660 0.008603 -0.000436
v 0.010660 0.008553 -0.000436
v 0.010661 0.008553 -0.000432
v 0.010661 0.008603 -0.000432
v 0.010660 0.008553 -0.000436
v 0.010661 0.008553 -0.000432
v 0.010662 0.008603 -0.000428
v 0.010661 0.008603 -0.000432
v 0.010661 0.008553 -0.000432
v 0.010662 0.008553 -0.000428
v 0.010662 0.008603 -0.000428
v 0.010662 0.008603 -0.000428
v 0.010662 0.008553 -0.000428
v 0.010663 0.008603 -0.000425
v 0.010663 0.008603 -0.000425
v 0.010662 0.008553 -0.000428
v 0.010663 0.008553 -0.000425
v 0.010665 0.008603 -0.000421
v 0.010663 0.008603 -0.000425
v 0.010663 0.008553 -0.000425
v 0.010665 0.008553 -0.000421
v 0.010665 0.008603 -0.000421
v 0.010663 0.008553 -0.000425
v 0.010665 0.008553 -0.000421
v 0.010667 0.008603 -0.000418
v 0.010665 0.008603 -0.000421
v 0.010665 0.008553 -0.000421
v 0.010667 0.008553 -0.000418
v 0.010667 0.008603 -0.000418
v 0.010667 0.008603 -0.000418
v 0.010667 0.008553 -0.000418
v 0.010669 0.008603 -0.000415
v 0.010669 0.008603 -0.000415
v 0.010667 0.008553 -0.000418
v 0.010669 0.008553 -0.000415
v 0.010675 0.008553 -0.000409
v 0.010678 0.008553 -0.000407
v 0.010678 0.008603 -0.000407
v 0.010678 0.008553 -0.000407
v 0.010681 0.008603 -0.000405
v 0.010678 0.008603 -0.000407
v 0.010696 0.008553 -0.000400
v 0.010696 0.008553 -0.000400
v 0.010696 0.008603 -0.000400
v 0.010692 0.008553 -0.000401
v 0.010696 0.008553 -0.000400
v 0.010696 0.008603 -0.000400
v 0.010692 0.008603 -0.000401
v 0.010692 0.008553 -0.000401
v 0.010696 0.008603 -0.000400
v 0.010692 0.008603 -0.000401
v 0.010688 0.008553 -0.000402
v 0.010692 0.008553 -0.000401
v 0.010692 0.008603 -0.000401
v 0.010688 0.008603 -0.000402
v 0.010688 0.008553 -0.000402
v 0.010688 0.008553 -0.000402
v 0.010688 0.008603 -0.000402
v 0.010685 0.008553 -0.000403
v 0.010685 0.008553 -0.000403
v 0.010688 0.008603 -0.000402
v 0.010685 0.008603 -0.000403
v 0.010681 0.008553 -0.000405
v 0.010685 0.008553 -0.000403
v 0.010685 0.008603 -0.000403
v 0.010681 0.008603 -0.000405
v 0.010681 0.008553 -0.000405
v 0.010685 0.008603 -0.000403
v 0.010681 0.008603 -0.000405
v 0.010678 0.008553 -0.000407
v 0.010681 0.008553 -0.000405
v 0.010678 0.008603 -0.000407
v 0.010675 0.008603 -0.000409
v 0.010675 0.008553 -0.000409
v 0.010675 0.008553 -0.000409
v 0.010675 0.008603 -0.000409
v 0.010672 0.008553 -0.000412
v 0.010672 0.008553 -0.000412
v 0.010675 0.008603 -0.000409
v 0.010672 0.008603 -0.000412
v 0.010669 0.008553 -0.000415
v 0.010672 0.008553 -0.000412
v 0.010672 0.008603 -0.000412
v 0.010669 0.008553 -0.000415
v 0.010672 0.008603 -0.000412
v 0.010669 0.008603 -0.000415
v 0.011024 0.008603 -0.000400
v 0.011024 0.008603 -0.000400
v 0.011024 0.008553 -0.000400
v 0.011028 0.008603 -0.000401
v 0.011028 0.008603 -0.000401
v 0.011024 0.008553 -0.000400
v 0.011028 0.008553 -0.000401
v 0.011032 0.008603 -0.000402
v 0.011028 0.008553 -0.000401
v 0.011032 0.008553 -0.000402
v 0.011035 0.008603 -0.000403
v 0.011032 0.008603 -0.000402
v 0.011032 0.008553 -0.000402
v 0.011039 0.008603 -0.000405
v 0.011035 0.008603 -0.000403
v 0.011035 0.008553 -0.000403
v 0.011042 0.008603 -0.000407
v 0.011039 0.008603 -0.000405
v 0.011039 0.008553 -0.000405
v 0.011042 0.008553 -0.000407
v 0.011042 0.008603 -0.000407
v 0.011039 0.008553 -0.000405
v 0.011045 0.008553 -0.000409
v 0.011045 0.008603 -0.000409
v 0.011042 0.008553 -0.000407
v 0.011045 0.008553 -0.000409
v 0.011048 0.008603 -0.000412
v 0.011045 0.008603 -0.000409
v 0.011048 0.008553 -0.000412
v 0.011051 0.008603 -0.000415
v 0.011048 0.008603 -0.000412
v 0.011048 0.008553 -0.000412
v 0.011051 0.008553 -0.000415
v 0.011051 0.008603 -0.000415
v 0.011051 0.008553 -0.000415
v 0.011053 0.008553 -0.000418
v 0.011053 0.008603 -0.000418
v 0.011053 0.008603 -0.000418
v 0.011053 0.008553 -0.000418
v 0.011055 0.008603 -0.000421
v 0.011055 0.008603 -0.000421
v 0.011055 0.008553 -0.000421
v 0.011057 0.008603 -0.000425
v 0.011057 0.008603 -0.000425
v 0.011055 0.008553 -0.000421
v 0.011057 0.008553 -0.000425
v 0.011060 0.008553 -0.000436
v 0.011060 0.008603 -0.000436
v 0.011060 0.008553 -0.000436
v 0.011060 0.008603 -0.000436
v 0.011059 0.008553 -0.000432
v 0.011060 0.008553 -0.000436
v 0.011060 0.008603 -0.000436
v 0.011059 0.008603 -0.000432
v 0.011059 0.008553 -0.000432
v 0.011059 0.008553 -0.000432
v 0.011059 0.008603 -0.000432
v 0.011058 0.008553 -0.000428
v 0.011058 0.008553 -0.000428
v 0.011059 0.008603 -0.000432
v 0.011058 0.008603 -0.000428
v 0.011057 0.008553 -0.000425
v 0.011058 0.008553 -0.000428
v 0.011058 0.008603 -0.000428
v 0.011057 0.008603 -0.000425
v 0.011057 0.008553 -0.000425
v 0.011058 0.008603 -0.000428
v 0.011053 0.008553 -0.000418
v 0.011055 0.008553 -0.000421
v 0.011055 0.008603 -0.000421
v 0.011051 0.008553 -0.000415
v 0.011053 0.008603 -0.000418
v 0.011051 0.008603 -0.000415
v 0.011048 0.008553 -0.000412
v 0.011048 0.008603 -0.000412
v 0.011045 0.008553 -0.000409
v 0.011045 0.008603 -0.000409
v 0.011042 0.008603 -0.000407
v 0.011042 0.008553 -0.000407
v 0.011039 0.008603 -0.000405
v 0.011035 0.008553 -0.000403
v 0.011039 0.008553 -0.000405
v 0.011035 0.008603 -0.000403
v 0.011032 0.008553 -0.000402
v 0.011035 0.008553 -0.000403
v 0.011024 0.008553 -0.000400
v 0.011024 0.008603 -0.000400
v 0.011028 0.008553 -0.000401
v 0.011032 0.008603 -0.000402
v 0.011028 0.008603 -0.000401
v 0.011060 0.008603 -0.001164
v 0.011060 0.008603 -0.001164
v 0.011060 0.008553 -0.001164
v 0.011059 0.008603 -0.001168
v 0.011060 0.008603 -0.001164
v 0.011060 0.008553 -0.001164
v 0.011059 0.008553 -0.001168
v 0.011059 0.008603 -0.001168
v 0.011060 0.008553 -0.001164
v 0.011059 0.008553 -0.001168
v 0.011058 0.008603 -0.001172
v 0.011059 0.008603 -0.001168
v 0.011059 0.008553 -0.001168
v 0.011058 0.008553 -0.001172
v 0.011058 0.008603 -0.001172
v 0.011058 0.008603 -0.001172
v 0.011058 0.008553 -0.001172
v 0.011057 0.008603 -0.001175
v 0.011057 0.008603 -0.001175
v 0.011058 0.008553 -0.001172
v 0.011057 0.008553 -0.001175
v 0.011055 0.008603 -0.001179
v 0.011057 0.008603 -0.001175
v 0.011057 0.008553 -0.001175
v 0.011055 0.008553 -0.001179
v 0.011055 0.008603 -0.001179
v 0.011057 0.008553 -0.001175
v 0.011055 0.008553 -0.001179
v 0.011053 0.008603 -0.001182
v 0.011055 0.008603 -0.001179
v 0.011055 0.008553 -0.001179
v 0.011053 0.008553 -0.001182
v 0.011053 0.008603 -0.001182
v 0.011053 0.008603 -0.001182
v 0.011053 0.008553 -0.001182
v 0.011051 0.008603 -0.001185
v 0.011051 0.008603 -0.001185
v 0.011053 0.008553 -0.001182
v 0.011051 0.008553 -0.001185
v 0.011048 0.008603 -0.001188
v 0.011051 0.008603 -0.001185
v 0.011051 0.008553 -0.001185
v 0.011048 0.008553 -0.001188
v 0.011048 0.008603 -0.001188
v 0.011051 0.008553 -0.001185
v 0.011024 0.008553 -0.001200
v 0.011024 0.008603 -0.001200
v 0.011024 0.008553 -0.001200
v 0.011024 0.008603 -0.001200
v 0.011028 0.008553 -0.001199
v 0.011024 0.008553 -0.001200
v 0.011024 0.008603 -0.001200
v 0.011028 0.008603 -0.001199
v 0.011028 0.008553 -0.001199
v 0.011028 0.008553 -0.001199
v 0.011028 0.008603 -0.001199
v 0.011032 0.008553 -0.001198
v 0.011032 0.008553 -0.001198
v 0.011028 0.008603 -0.001199
v 0.011032 0.008603 -0.001198
v 0.011035 0.008553 -0.001197
v 0.011032 0.008553 -0.001198
v 0.011032 0.008603 -0.001198
v 0.011035 0.008603 -0.001197
v 0.011035 0.008553 -0.001197
v 0.011032 0.008603 -0.001198
v 0.011035 0.008603 -0.001197
v 0.011039 0.008553 -0.001195
v 0.011035 0.008553 -0.001197
v 0.011035 0.008603 -0.001197
v 0.011039 0.008603 -0.001195
v 0.011039 0.008553 -0.001195
v 0.011039 0.008553 -0.001195
v 0.011039 0.008603 -0.001195
v 0.011042 0.008553 -0.001193
v 0.011042 0.008553 -0.001193
v 0.011039 0.008603 -0.001195
v 0.011042 0.008603 -0.001193
v 0.011045 0.008553 -0.001191
v 0.011042 0.008553 -0.001193
v 0.011042 0.008603 -0.001193
v 0.011045 0.008603 -0.001191
v 0.011045 0.008553 -0.001191
v 0.011042 0.008603 -0.001193
v 0.011045 0.008603 -0.001191
v 0.011048 0.008553 -0.001188
v 0.011045 0.008553 -0.001191
v 0.011048 0.008603 -0.001188
v 0.011048 0.008553 -0.001188
v 0.011045 0.008603 -0.001191
v 0.010696 0.008603 -0.001200
v 0.010696 0.008603 -0.001200
v 0.010696 0.008553 -0.001200
v 0.010692 0.008603 -0.001199
v 0.010696 0.008603 -0.001200
v 0.010696 0.008553 -0.001200
v 0.010692 0.008553 -0.001199
v 0.010692 0.008603 -0.001199
v 0.010696 0.008553 -0.001200
v 0.010692 0.008553 -0.001199
v 0.010688 0.008603 -0.001198
v 0.010692 0.008603 -0.001199
v 0.010692 0.008553 -0.001199
v 0.010688 0.008553 -0.001198
v 0.010688 0.008603 -0.001198
v 0.010688 0.008603 -0.001198
v 0.010688 0.008553 -0.001198
v 0.010685 0.008603 -0.001197
v 0.010685 0.008603 -0.001197
v 0.010688 0.008553 -0.001198
v 0.010685 0.008553 -0.001197
v 0.010681 0.008603 -0.001195
v 0.010685 0.008603 -0.001197
v 0.010685 0.008553 -0.001197
v 0.010681 0.008553 -0.001195
v 0.010681 0.008603 -0.001195
v 0.010685 0.008553 -0.001197
v 0.010681 0.008553 -0.001195
v 0.010678 0.008603 -0.001193
v 0.010681 0.008603 -0.001195
v 0.010681 0.008553 -0.001195
v 0.010678 0.008553 -0.001193
v 0.010678 0.008603 -0.001193
v 0.010678 0.008603 -0.001193
v 0.010678 0.008553 -0.001193
v 0.010675 0.008603 -0.001191
v 0.010675 0.008603 -0.001191
v 0.010678 0.008553 -0.001193
v 0.010675 0.008553 -0.001191
v 0.010672 0.008603 -0.001188
v 0.010675 0.008603 -0.001191
v 0.010675 0.008553 -0.001191
v 0.010672 0.008553 -0.001188
v 0.010672 0.008603 -0.001188
v 0.010675 0.008553 -0.001191
v 0.010672 0.008553 -0.001188
v 0.010669 0.008603 -0.001185
v 0.010672 0.008603 -0.001188
v 0.010660 0.008553 -0.001164
v 0.010660 0.008603 -0.001164
v 0.010660 0.008553 -0.001164
v 0.010660 0.008603 -0.001164
v 0.010661 0.008553 -0.001168
v 0.010660 0.008553 -0.001164
v 0.010660 0.008603 -0.001164
v 0.010661 0.008603 -0.001168
v 0.010661 0.008553 -0.001168
v 0.010661 0.008553 -0.001168
v 0.010661 0.008603 -0.001168
v 0.010662 0.008553 -0.001172
v 0.010662 0.008553 -0.001172
v 0.010661 0.008603 -0.001168
v 0.010662 0.008603 -0.001172
v 0.010663 0.008553 -0.001175
v 0.010662 0.008553 -0.001172
v 0.010662 0.008603 -0.001172
v 0.010663 0.008603 -0.001175
v 0.010663 0.008553 -0.001175
v 0.010662 0.008603 -0.001172
v 0.010663 0.008603 -0.001175
v 0.010665 0.008553 -0.001179
v 0.010663 0.008553 -0.001175
v 0.010663 0.008603 -0.001175
v 0.010665 0.008603 -0.001179
v 0.010665 0.008553 -0.001179
v 0.010665 0.008553 -0.001179
v 0.010665 0.008603 -0.001179
v 0.010667 0.008553 -0.001182
v 0.010667 0.008553 -0.001182
v 0.010665 0.008603 -0.001179
v 0.010667 0.008603 -0.001182
v 0.010669 0.008553 -0.001185
v 0.010667 0.008553 -0.001182
v 0.010667 0.008603 -0.001182
v 0.010669 0.008603 -0.001185
v 0.010669 0.008553 -0.001185
v 0.010667 0.008603 -0.001182
v 0.010669 0.008603 -0.001185
v 0.010672 0.008553 -0.001188
v 0.010669 0.008553 -0.001185
vn -0.0000 -0.0000 1.0000
vn -1.0000 -0.0000 -0.0000
vn -0.0000 -0.0000 -1.0000
vn 1.0000 -0.0000 -0.0000
vn -0.0000 -1.0000 -0.0000
vn -0.0000 -1.0000 0.0001
vn -0.0000 -1.0000 -0.0001
vn -0.0000 -1.0000 -0.0002
vn -0.0000 -1.0000 0.0002
vn -0.0000 -1.0000 -0.0003
vn -0.0000 1.0000 -0.0000
vn -0.0000 1.0000 -0.0002
vn -0.0000 1.0000 -0.0001
vn -0.0000 1.0000 0.0001
vn -0.0000 1.0000 0.0002
vn 0.9892 -0.0000 -0.1467
vn 0.9569 -0.0000 -0.2903
vn 0.9808 -0.0000 -0.1951
vn 0.9569 -0.0000 -0.2904
vn 0.9808 -0.0000 -0.1952
vn 0.9040 -0.0000 -0.4276
vn 0.8819 0.0002 -0.4714
vn 0.9239 -0.0000 -0.3827
vn 0.8315 -0.0000 -0.5556
vn 0.8819 -0.0000 -0.4715
vn 0.7409 -0.0000 -0.6716
vn 0.7071 -0.0000 -0.7071
vn 0.7730 -0.0000 -0.6344
vn 0.6344 -0.0000 -0.7730
vn 0.5556 -0.0000 -0.8314
vn 0.5142 -0.0000 -0.8577
vn 0.4714 -0.0000 -0.8819
vn 0.5141 -0.0000 -0.8577
vn 0.3827 -0.0000 -0.9239
vn 0.2903 -0.0000 -0.9569
vn 0.2430 -0.0000 -0.9700
vn 0.1951 -0.0000 -0.9808
vn 0.0980 -0.0000 -0.9952
vn -0.0491 -0.0000 -0.9988
vn -0.0980 -0.0000 -0.9952
vn -0.1951 -0.0000 -0.9808
vn -0.2903 -0.0000 -0.9569
vn -0.3369 -0.0000 -0.9416
vn -0.3826 -0.0000 -0.9239
vn -0.3827 -0.0000 -0.9239
vn -0.4714 -0.0000 -0.8819
vn -0.5957 -0.0000 -0.8032
vn -0.5556 -0.0000 -0.8315
vn -0.6344 -0.0000 -0.7730
vn -0.7071 -0.0000 -0.7071
vn -0.7071 0.0001 -0.7071
vn -0.8032 -0.0000 -0.5957
vn -0.7730 -0.0000 -0.6344
vn -0.8819 -0.0000 -0.4714
vn -0.8315 -0.0000 -0.5556
vn -0.9239 -0.0000 -0.3827
vn -0.9415 -0.0000 -0.3369
vn -0.9808 -0.0000 -0.1951
vn -0.9569 -0.0000 -0.2903
vn -0.9808 -0.0000 -0.1950
vn -0.9952 -0.0000 -0.0980
vn -0.9988 -0.0000 -0.0491
vn -0.9952 -0.0000 0.0980
vn -0.9239 -0.0000 0.3826
vn -0.9569 -0.0000 0.2903
vn -0.8577 -0.0000 0.5141
vn -0.8315 -0.0000 0.5556
vn -0.8819 -0.0000 0.4714
vn -0.7730 -0.0000 0.6344
vn -0.7070 -0.0000 0.7072
vn -0.6715 -0.0000 0.7410
vn -0.5556 -0.0000 0.8315
vn -0.6344 -0.0000 0.7730
vn -0.4276 -0.0000 0.9040
vn -0.4714 -0.0000 0.8819
vn -0.3827 -0.0000 0.9239
vn -0.2903 -0.0000 0.9569
vn -0.1468 -0.0000 0.9892
vn -0.1951 -0.0000 0.9808
vn -0.1467 -0.0000 0.9892
vn -0.0980 -0.0000 0.9952
vn 0.0980 -0.0000 0.9952
vn 0.1950 -0.0000 0.9808
vn 0.1951 -0.0000 0.9808
vn 0.2903 -0.0000 0.9569
vn 0.3827 -0.0000 0.9239
vn 0.4714 -0.0000 0.8819
vn 0.5556 -0.0000 0.8315
vn 0.6344 -0.0000 0.7730
vn 0.7071 -0.0000 0.7071
vn 0.7730 -0.0000 0.6344
vn 0.8819 -0.0000 0.4714
vn 0.8315 -0.0000 0.5556
vn 0.9239 -0.0000 0.3827
vn 0.9569 -0.0000 0.2903
vn 0.9239 -0.0000 0.3826
vn 0.9808 -0.0000 0.1951
vn 0.9952 -0.0000 0.0980
vn 0.9808 -0.0000 0.1950
vn 0.9892 -0.0000 -0.1466
vn 0.9808 -0.0000 -0.1950
vn 0.9952 -0.0000 -0.0980
vn 0.8314 -0.0000 0.5556
vn 0.9569 -0.0000 0.2904
vn 0.9808 -0.0000 0.1952
vn 0.8819 -0.0000 0.4715
vn 0.5556 -0.0000 0.8314
vn 0.3826 -0.0000 0.9239
vn -0.0001 -0.0000 1.0000
vn -0.1466 -0.0000 0.9892
vn -0.1950 -0.0000 0.9808
vn -0.4275 -0.0000 0.9040
vn -0.3827 0.0001 0.9239
vn -0.6716 -0.0000 0.7409
vn -0.7071 -0.0000 0.7071
vn -0.8314 -0.0000 0.5556
vn -0.8577 -0.0000 0.5142
vn -0.9239 -0.0000 0.3827
vn -0.9700 -0.0000 0.2430
vn -0.9808 -0.0000 0.1951
vn -0.9700 -0.0000 0.2431
vn -0.9808 -0.0000 0.1950
vn -0.9988 -0.0000 -0.0490
vn -0.8819 -0.0000 -0.4715
vn -0.7070 -0.0000 -0.7072
vn -0.7072 0.0001 -0.7071
vn -0.5957 0.0001 -0.8032
vn -0.5557 -0.0000 -0.8314
vn -0.3369 -0.0000 -0.9415
vn -0.1950 -0.0000 -0.9808
vn -0.0490 -0.0000 -0.9988
vn 0.1950 -0.0000 -0.9808
vn 0.5556 -0.0000 -0.8315
vn 0.7410 -0.0000 -0.6715
vn 0.8819 -0.0000 -0.4714
vn 0.9040 -0.0000 -0.4275
vn 0.9239 -0.0000 -0.3826
vn -0.7037 -0.7071 0.0693
vn -0.6935 -0.7071 0.1379
vn -0.6935 -0.7071 0.1380
vn -0.6767 -0.7071 0.2052
vn -0.6935 -0.7071 0.1381
vn -0.6533 -0.7071 0.2706
vn -0.6767 -0.7071 0.2053
vn -0.6236 -0.7071 0.3333
vn -0.5879 -0.7071 0.3928
vn -0.6236 -0.7071 0.3334
vn -0.5466 -0.7071 0.4486
vn -0.5879 -0.7071 0.3929
vn -0.5000 -0.7071 0.5000
vn -0.5001 -0.7071 0.4999
vn -0.4486 -0.7071 0.5466
vn -0.3929 -0.7071 0.5879
vn -0.3928 -0.7071 0.5879
vn -0.3333 -0.7071 0.6236
vn -0.2706 -0.7071 0.6533
vn -0.2705 -0.7071 0.6533
vn -0.2053 -0.7071 0.6767
vn -0.2052 -0.7071 0.6767
vn -0.1380 -0.7071 0.6935
vn -0.1379 -0.7071 0.6935
vn -0.0693 -0.7071 0.7037
vn -0.0000 -0.7071 0.7071
vn 0.0693 -0.7071 0.7037
vn 0.0001 -0.7071 0.7071
vn 0.1379 -0.7071 0.6935
vn 0.2052 -0.7071 0.6767
vn 0.1380 -0.7071 0.6935
vn 0.2706 -0.7071 0.6533
vn 0.2053 -0.7071 0.6767
vn 0.3333 -0.7071 0.6236
vn 0.3928 -0.7071 0.5879
vn 0.3929 -0.7071 0.5879
vn 0.4486 -0.7071 0.5466
vn 0.5000 -0.7071 0.5000
vn 0.5466 -0.7071 0.4486
vn 0.5879 -0.7071 0.3929
vn 0.5879 -0.7071 0.3928
vn 0.6236 -0.7071 0.3333
vn 0.6533 -0.7071 0.2706
vn 0.6767 -0.7071 0.2053
vn 0.6935 -0.7071 0.1380
vn 0.6767 -0.7071 0.2052
vn 0.7037 -0.7071 0.0693
vn 0.6935 -0.7071 0.1379
vn 0.7071 -0.7071 -0.0000
vn 0.7037 -0.7071 -0.0693
vn 0.6935 -0.7071 -0.1379
vn 0.6935 -0.7071 -0.1380
vn 0.6767 -0.7071 -0.2052
vn 0.6767 -0.7071 -0.2053
vn 0.6533 -0.7071 -0.2706
vn 0.6236 -0.7071 -0.3333
vn 0.5879 -0.7071 -0.3928
vn 0.5879 -0.7071 -0.3929
vn 0.5466 -0.7071 -0.4486
vn 0.5000 -0.7071 -0.5000
vn 0.4486 -0.7071 -0.5466
vn 0.5001 -0.7071 -0.4999
vn 0.3929 -0.7071 -0.5879
vn 0.3333 -0.7071 -0.6236
vn 0.3928 -0.7071 -0.5879
vn 0.2706 -0.7071 -0.6533
vn 0.1381 -0.7071 -0.6935
vn 0.2052 -0.7071 -0.6767
vn 0.0693 -0.7071 -0.7037
vn -0.0000 -0.7071 -0.7071
vn -0.0693 -0.7071 -0.7037
vn -0.1379 -0.7071 -0.6935
vn -0.2706 -0.7071 -0.6533
vn -0.2053 -0.7071 -0.6767
vn -0.3333 -0.7071 -0.6236
vn -0.3928 -0.7071 -0.5879
vn -0.4486 -0.7071 -0.5466
vn -0.5000 -0.7071 -0.5000
vn -0.6236 -0.7071 -0.3333
vn -0.6533 -0.7071 -0.2706
vn -0.6767 -0.7071 -0.2053
vn -0.7037 -0.7071 -0.0693
vn -0.6935 -0.7071 -0.1379
vn -0.5879 -0.7071 -0.3929
vn -0.5466 -0.7071 -0.4486
vn -0.7071 -0.7071 -0.0000
vn -0.6935 -0.7071 -0.1378
vn -0.6935 -0.7071 -0.1380
vn -0.6767 -0.7071 -0.2052
vn -0.6533 -0.7071 -0.2705
vn -0.5879 -0.7071 -0.3928
vn -0.6236 -0.7071 -0.3334
vn -0.4999 -0.7071 -0.5001
vn -0.3929 -0.7071 -0.5879
vn -0.1380 -0.7071 -0.6935
vn -0.2052 -0.7071 -0.6767
vn -0.1381 -0.7071 -0.6935
vn 0.1379 -0.7071 -0.6935
vn 0.1380 -0.7071 -0.6935
vn 0.2053 -0.7071 -0.6767
vn -0.6533 -0.7071 0.2705
vn 0.8314 -0.0000 -0.5556
vn -0.1952 -0.0000 -0.9808
vn -0.9416 -0.0000 -0.3369
vn -0.3826 -0.0000 0.9239
vn 0.2904 -0.0000 0.9569
vn 0.0001 -0.0000 1.0000
vn -0.2904 -0.0000 0.9569
vn -0.9239 -0.0000 -0.3826
vn -0.1381 -0.7071 0.6935
vn -0.2705 -0.7071 -0.6533
vn -0.8315 -0.0000 0.5555
vn -0.5555 -0.0000 0.8315
vn -0.5556 -0.0000 0.8314
vn -0.0981 -0.0000 0.9952
vn 0.5555 -0.0000 0.8315
vn 0.5554 -0.0000 0.8316
vn 0.4714 0.0001 0.8819
vn 0.7070 -0.0000 0.7072
vn 0.8315 -0.0000 0.5555
vn 0.8315 -0.0000 -0.5555
vn 0.5555 -0.0000 -0.8315
vn 0.7070 -0.0000 -0.7072
vn -0.0981 -0.0000 -0.9952
vn -0.5555 -0.0000 -0.8315
vn -0.8315 -0.0000 -0.5555
s 1
usemtl Diffuse_51_51_51_100.018
f 1//1 2//1 3//1
f 2//1 4//1 3//1
f 5//2 6//2 7//2
f 6//2 8//2 7//2
f 9//3 10//3 11//3
f 10//3 12//3 11//3
f 13//4 14//4 15//4
f 14//4 16//4 15//4
f 17//5 18//5 19//5
f 20//6 17//6 21//6
f 22//5 20//5 23//5
f 24//5 22//5 25//5
f 26//5 24//5 27//5
f 28//5 26//5 29//5
f 30//5 28//5 31//5
f 32//5 30//5 33//5
f 34//5 32//5 35//5
f 36//5 34//5 37//5
f 38//5 36//5 39//5
f 40//7 38//7 41//7
f 42//5 40//5 43//5
f 44//5 42//5 45//5
f 46//5 47//5 48//5
f 49//5 44//5 50//5
f 51//5 52//5 53//5
f 54//8 55//8 53//8
f 56//5 57//5 54//5
f 56//5 58//5 59//5
f 60//7 61//7 62//7
f 63//5 64//5 62//5
f 63//5 65//5 66//5
f 67//5 68//5 69//5
f 70//5 65//5 71//5
f 69//5 72//5 73//5
f 74//5 75//5 76//5
f 77//5 74//5 78//5
f 79//5 77//5 80//5
f 81//8 82//8 83//8
f 84//5 85//5 86//5
f 87//6 88//6 89//6
f 90//5 89//5 91//5
f 92//5 89//5 93//5
f 94//7 95//7 93//7
f 94//8 96//8 97//8
f 98//5 96//5 99//5
f 100//5 101//5 99//5
f 100//9 102//9 103//9
f 104//8 102//8 105//8
f 106//5 107//5 105//5
f 108//5 109//5 110//5
f 106//5 111//5 112//5
f 113//7 114//7 109//7
f 115//5 116//5 117//5
f 117//5 118//5 119//5
f 120//6 121//6 122//6
f 123//7 124//7 125//7
f 126//6 127//6 124//6
f 128//5 129//5 130//5
f 131//7 132//7 130//7
f 133//5 134//5 131//5
f 133//5 135//5 136//5
f 137//6 138//6 139//6
f 140//5 141//5 139//5
f 140//5 142//5 143//5
f 144//5 145//5 146//5
f 147//5 142//5 148//5
f 146//5 149//5 150//5
f 151//5 152//5 153//5
f 154//5 151//5 155//5
f 156//5 154//5 157//5
f 158//5 159//5 160//5
f 161//8 162//8 163//8
f 164//6 165//6 166//6
f 167//9 168//9 169//9
f 170//5 171//5 166//5
f 172//8 173//8 174//8
f 172//5 175//5 176//5
f 174//9 177//9 178//9
f 178//5 179//5 180//5
f 180//5 181//5 182//5
f 182//5 183//5 184//5
f 184//9 185//9 186//9
f 186//5 187//5 71//5
f 73//5 188//5 189//5
f 83//5 190//5 86//5
f 191//5 192//5 193//5
f 191//5 194//5 195//5
f 196//6 194//6 197//6
f 85//8 198//8 197//8
f 199//6 81//6 79//6
f 75//5 189//5 200//5
f 71//5 201//5 202//5
f 61//9 203//9 58//9
f 53//5 204//5 205//5
f 205//5 206//5 207//5
f 207//5 208//5 209//5
f 210//5 211//5 212//5
f 213//7 211//7 214//7
f 215//5 210//5 216//5
f 48//5 215//5 217//5
f 218//6 48//6 219//6
f 220//5 218//5 221//5
f 222//5 220//5 223//5
f 224//5 222//5 225//5
f 226//5 224//5 227//5
f 209//9 228//9 214//9
f 229//7 230//7 231//7
f 232//5 233//5 230//5
f 234//5 169//5 233//5
f 235//7 236//7 168//7
f 237//5 238//5 239//5
f 239//5 238//5 166//5
f 240//5 237//5 239//5
f 240//5 241//5 237//5
f 240//5 242//5 241//5
f 242//5 243//5 244//5
f 244//5 243//5 245//5
f 245//5 243//5 246//5
f 247//5 246//5 248//5
f 249//5 247//5 248//5
f 250//5 249//5 251//5
f 252//5 250//5 251//5
f 252//5 253//5 250//5
f 253//5 254//5 255//5
f 255//5 254//5 256//5
f 257//5 256//5 258//5
f 259//5 257//5 258//5
f 260//5 259//5 258//5
f 261//5 262//5 260//5
f 261//5 263//5 262//5
f 261//5 264//5 263//5
f 263//5 264//5 265//5
f 265//5 264//5 266//5
f 267//5 268//5 269//5
f 267//5 270//5 268//5
f 271//5 272//5 273//5
f 274//5 275//5 276//5
f 276//5 275//5 277//5
f 278//5 279//5 89//5
f 166//5 238//5 236//5
f 280//5 266//5 281//5
f 282//9 231//9 226//9
f 283//5 115//5 284//5
f 285//10 122//10 119//10
f 286//5 111//5 287//5
f 288//5 88//5 289//5
f 290//5 291//5 292//5
f 293//5 290//5 294//5
f 287//8 293//8 295//8
f 279//5 93//5 89//5
f 296//5 279//5 278//5
f 274//5 296//5 278//5
f 274//5 276//5 296//5
f 275//5 297//5 277//5
f 277//5 297//5 298//5
f 298//5 297//5 273//5
f 272//5 298//5 273//5
f 269//5 272//5 271//5
f 267//5 269//5 271//5
f 268//5 270//5 299//5
f 299//5 270//5 300//5
f 281//5 299//5 300//5
f 280//5 281//5 300//5
f 265//5 266//5 280//5
f 262//5 259//5 260//5
f 255//5 256//5 257//5
f 246//5 247//5 245//5
f 249//5 248//5 251//5
f 244//5 241//5 242//5
f 166//5 236//5 301//5
f 252//5 254//5 253//5
f 302//6 303//6 165//6
f 304//5 305//5 303//5
f 306//8 307//8 308//8
f 306//6 309//6 310//6
f 308//5 311//5 312//5
f 312//5 313//5 314//5
f 314//5 315//5 316//5
f 316//5 317//5 318//5
f 318//7 319//7 148//7
f 150//5 320//5 321//5
f 160//5 322//5 163//5
f 323//5 324//5 325//5
f 323//5 326//5 327//5
f 328//5 326//5 329//5
f 329//5 162//5 330//5
f 156//5 331//5 158//5
f 152//5 321//5 332//5
f 148//5 333//5 334//5
f 138//8 335//8 135//8
f 130//9 336//9 337//9
f 337//5 338//5 339//5
f 340//5 309//5 305//5
f 341//5 342//5 343//5
f 341//5 127//5 344//5
f 343//5 345//5 290//5
f 114//5 346//5 284//5
f 347//5 348//5 349//5
f 350//5 351//5 352//5
f 350//5 353//5 354//5
f 355//5 353//5 356//5
f 357//5 358//5 356//5
f 359//5 357//5 349//5
f 347//5 121//5 360//5
f 288//5 361//5 175//5
f 362//6 125//6 339//6
f 363//11 364//11 365//11
f 363//11 366//11 367//11
f 368//11 369//11 367//11
f 370//11 369//11 371//11
f 370//12 372//12 373//12
f 374//13 375//13 373//13
f 376//11 377//11 378//11
f 376//13 379//13 380//13
f 381//11 382//11 380//11
f 383//13 384//13 385//13
f 386//11 387//11 388//11
f 389//13 385//13 390//13
f 391//13 390//13 392//13
f 393//11 394//11 395//11
f 396//11 397//11 393//11
f 398//11 399//11 396//11
f 400//11 401//11 402//11
f 403//11 404//11 401//11
f 405//11 406//11 401//11
f 407//11 406//11 408//11
f 407//14 409//14 410//14
f 411//11 412//11 410//11
f 413//11 412//11 414//11
f 413//11 415//11 416//11
f 417//13 418//13 416//13
f 419//12 420//12 421//12
f 419//11 422//11 423//11
f 424//11 425//11 423//11
f 426//11 427//11 428//11
f 429//11 427//11 430//11
f 431//14 428//14 432//14
f 433//14 434//14 435//14
f 436//11 437//11 438//11
f 439//11 440//11 441//11
f 442//11 440//11 443//11
f 444//11 442//11 445//11
f 444//11 446//11 447//11
f 448//14 449//14 447//14
f 450//11 449//11 451//11
f 450//11 452//11 453//11
f 454//11 455//11 456//11
f 455//11 457//11 458//11
f 459//11 460//11 461//11
f 462//11 463//11 461//11
f 464//11 465//11 459//11
f 466//11 467//11 464//11
f 468//14 469//14 470//14
f 471//11 470//11 472//11
f 473//15 474//15 475//15
f 476//11 477//11 474//11
f 478//11 479//11 474//11
f 480//11 479//11 481//11
f 482//11 483//11 484//11
f 485//11 486//11 484//11
f 487//11 486//11 488//11
f 487//11 489//11 490//11
f 491//12 492//12 490//12
f 493//11 492//11 494//11
f 493//15 495//15 496//15
f 497//11 498//11 496//11
f 499//11 500//11 501//11
f 502//11 500//11 503//11
f 504//11 505//11 506//11
f 507//11 508//11 509//11
f 510//13 511//13 512//13
f 513//11 514//11 515//11
f 513//11 516//11 517//11
f 514//11 518//11 515//11
f 519//11 520//11 518//11
f 521//11 520//11 519//11
f 522//11 523//11 521//11
f 524//11 523//11 522//11
f 522//11 525//11 524//11
f 525//11 526//11 527//11
f 528//13 529//13 509//13
f 506//11 530//11 501//11
f 531//11 532//11 533//11
f 531//11 534//11 535//11
f 532//11 536//11 537//11
f 536//11 538//11 539//11
f 538//12 540//12 541//12
f 540//11 450//11 542//11
f 543//11 475//11 535//11
f 457//11 463//11 544//11
f 545//11 469//11 546//11
f 526//11 479//11 527//11
f 547//11 548//11 549//11
f 550//11 551//11 549//11
f 552//11 551//11 553//11
f 552//11 554//11 472//11
f 466//11 545//11 555//11
f 440//11 437//11 556//11
f 557//11 438//11 558//11
f 559//11 423//11 560//11
f 559//11 561//11 562//11
f 432//11 563//11 564//11
f 565//11 566//11 567//11
f 568//11 569//11 570//11
f 568//11 571//11 572//11
f 566//11 572//11 573//11
f 574//15 575//15 565//15
f 576//11 575//11 577//11
f 576//11 578//11 435//11
f 579//14 580//14 434//14
f 429//11 581//11 582//11
f 583//11 401//11 584//11
f 401//11 406//11 584//11
f 583//11 584//11 585//11
f 583//11 585//11 586//11
f 583//11 586//11 587//11
f 587//11 588//11 589//11
f 588//11 590//11 589//11
f 590//11 591//11 589//11
f 591//11 592//11 589//11
f 593//11 592//11 591//11
f 594//11 592//11 593//11
f 420//15 418//15 595//15
f 513//11 515//11 516//11
f 511//11 596//11 363//11
f 375//15 597//15 377//15
f 512//11 598//11 599//11
f 598//11 600//11 601//11
f 600//12 496//12 602//12
f 603//11 502//11 604//11
f 605//11 529//11 606//11
f 607//11 608//11 609//11
f 608//11 610//11 611//11
f 612//11 613//11 607//11
f 613//11 614//11 615//11
f 616//13 617//13 615//13
f 507//11 617//11 618//11
f 504//11 605//11 619//11
f 480//11 620//11 482//11
f 479//11 526//11 474//11
f 527//11 524//11 525//11
f 521//11 523//11 520//11
f 514//11 519//11 518//11
f 621//11 558//11 562//11
f 517//11 516//11 622//11
f 517//11 622//11 623//11
f 622//11 624//11 623//11
f 625//11 624//11 626//11
f 625//11 626//11 594//11
f 588//11 587//11 586//11
f 627//11 594//11 593//11
f 628//11 563//11 580//11
f 629//11 630//11 402//11
f 631//11 629//11 632//11
f 633//11 632//11 634//11
f 635//11 636//11 637//11
f 635//15 638//15 639//15
f 636//15 640//15 641//15
f 640//11 642//11 643//11
f 642//11 644//11 645//11
f 644//13 380//13 646//13
f 386//11 384//11 647//11
f 392//11 395//11 648//11
f 649//11 650//11 651//11
f 652//11 653//11 654//11
f 652//11 655//11 656//11
f 657//11 658//11 656//11
f 398//13 649//13 659//13
f 625//11 594//11 627//11
f 626//11 624//11 622//11
f 660//11 634//11 639//11
f 658//11 661//11 650//11
f 662//16 663//17 664//18
f 665//19 666//19 664//20
f 667//21 668//22 669//23
f 670//24 671//24 668//25
f 672//26 673//27 674//28
f 675//29 676//29 673//27
f 677//30 678//29 679//31
f 680//32 681//33 682//34
f 683//35 684//34 685//36
f 686//37 687//36 688//38
f 689//38 690//38 691//3
f 691//3 692//39 693//40
f 694//41 695//41 696//42
f 696//42 697//43 698//44
f 698//45 699//46 700//46
f 701//46 702//47 703//48
f 704//49 705//50 706//50
f 707//51 708//52 709//53
f 710//52 711//54 712//55
f 713//54 714//56 715//54
f 716//57 717//58 718//59
f 719//60 720//61 721//60
f 722//62 723//2 720//61
f 724//63 725//63 723//2
f 726//64 727//64 728//65
f 729//66 730//67 731//68
f 732//69 733//70 734//69
f 735//71 736//72 737//73
f 738//72 739//74 740//75
f 741//76 742//77 743//77
f 744//77 745//78 746//79
f 747//80 748//1 749//81
f 750//1 751//82 752//1
f 753//82 754//83 755//83
f 755//84 756//85 757//85
f 757//85 758//86 759//86
f 760//87 761//87 762//88
f 763//88 764//88 765//89
f 766//89 767//89 768//90
f 769//90 770//90 771//91
f 772//92 773//92 774//93
f 775//94 776//94 773//92
f 777//95 778//95 776//96
f 779//97 780//97 778//95
f 781//98 782//98 780//99
f 783//100 664//101 784//102
f 785//91 786//91 787//103
f 782//98 788//98 789//4
f 780//99 790//99 791//98
f 778//104 792//104 793//105
f 776//96 794//96 795//95
f 773//92 796//92 797//94
f 774//93 798//93 799//106
f 785//91 800//93 774//93
f 769//90 801//91 785//91
f 766//89 802//90 769//90
f 763//107 803//89 766//89
f 760//87 804//88 763//88
f 759//86 805//87 760//87
f 806//86 807//87 759//86
f 808//85 809//108 757//85
f 810//84 811//85 755//84
f 812//82 813//83 753//82
f 814//82 753//82 752//1
f 815//109 752//109 749//81
f 816//110 749//81 746//111
f 817//77 746//79 743//77
f 818//112 819//77 741//76
f 820//74 741//113 740//75
f 821//72 740//75 822//72
f 823//72 822//72 737//73
f 824//114 737//73 733//115
f 825//114 733//115 826//69
f 827//69 734//69 730//116
f 828//69 730//116 829//117
f 830//66 731//68 831//118
f 731//68 727//118 832//118
f 833//118 728//65 834//119
f 835//120 836//63 837//119
f 835//120 838//121 728//65
f 725//63 839//63 835//122
f 723//2 840//123 841//63
f 720//61 842//60 843//62
f 721//58 718//59 844//58
f 718//59 714//56 845//57
f 714//56 846//54 847//57
f 715//124 712//55 848//124
f 712//55 709//53 849//52
f 709//53 706//125 850//125
f 851//126 704//49 852//127
f 704//49 703//128 853//47
f 703//48 700//46 854//46
f 855//46 698//45 856//129
f 857//129 696//42 858//41
f 859//130 694//130 693//40
f 860//130 693//40 861//39
f 862//131 691//3 863//38
f 864//38 689//38 686//132
f 865//36 686//37 683//35
f 866//34 683//35 867//34
f 868//34 867//34 680//32
f 869//33 680//32 677//30
f 870//29 677//133 676//29
f 871//26 872//29 673//27
f 873//24 874//134 674//28
f 875//24 674//28 671//24
f 876//21 877//24 668//135
f 878//17 879//136 669//23
f 880//17 669//137 666//17
f 784//102 881//4 882//4
f 881//4 782//98 883//4
f 784//102 884//4 885//100
f 886//138 887//139 888//138
f 889//140 890//141 891//142
f 892//141 893//141 894//140
f 895//143 896//143 897//144
f 898//145 899//143 900//143
f 901//146 902//147 903//145
f 904//146 905//145 906//146
f 907//148 908//149 909//148
f 910//150 911//148 912//150
f 913//151 914//150 915//152
f 916//152 917//152 918//153
f 919//154 920//154 921//155
f 922//154 923//155 924//155
f 925//155 926//156 927//156
f 928//157 929//158 930//156
f 931//159 932//160 933//159
f 934//161 935//162 936//161
f 937//162 938//162 939//161
f 940//163 941//163 942//162
f 943//164 944//163 945//165
f 946//166 947//164 948//164
f 949//167 950//168 951//168
f 952//167 953//168 954//167
f 955//169 956//170 957//169
f 958//169 959//169 960//171
f 961//171 962//171 963//172
f 964//173 965//173 966//174
f 967//173 968//174 969//174
f 970//174 971//175 972//175
f 973//175 974//176 975//175
f 976//176 977//177 978//176
f 979//178 980//179 981//178
f 982//179 983//179 984//178
f 985//180 986//180 987//179
f 988//181 989//180 990//180
f 991//182 992//183 993//183
f 994//184 995//185 996//185
f 997//184 998//185 999//184
f 1000//186 1001//184 1002//186
f 1003//186 1004//186 1005//187
f 1006//187 1007//187 1008//188
f 1009//189 1010//189 1011//190
f 1012//189 1013//190 1014//190
f 1015//191 1016//192 1017//192
f 1018//192 1019//193 1020//192
f 1021//193 1022//194 1023//193
f 1024//195 1025//196 1026//195
f 1027//196 1028//196 1029//195
f 1030//197 1031//197 1032//196
f 1033//198 1034//199 1035//197
f 1036//200 1037//198 1038//198
f 1039//201 1040//202 1041//202
f 1042//201 1043//201 1044//203
f 1045//204 1046//205 1047//205
f 1048//206 1049//207 1050//206
f 1051//208 1052//208 1053//209
f 1054//210 1055//211 1056//211
f 1057//212 1058//213 1059//212
f 1060//214 1061//214 1062//215
f 1063//216 1064//216 1065//217
f 1066//218 1067//217 1068//218
f 1069//219 1070//219 1071//220
f 1072//139 1073//139 1074//138
f 1075//221 1076//222 1077//222
f 1078//219 1079//223 1080//223
f 1081//219 1082//223 1083//219
f 1084//224 1085//219 1086//220
f 1087//225 1088//225 1089//226
f 1090//225 1091//226 1092//226
f 1093//218 1094//227 1095//217
f 1096//217 1097//216 1098//217
f 1099//216 1100//228 1101//216
f 1102//228 1103//228 1104//229
f 1105//222 1106//221 1107//221
f 1108//215 1109//222 1110//222
f 1111//215 1112//222 1113//230
f 1114//215 1115//215 1116//214
f 1117//214 1118//214 1119//231
f 1120//214 1121//231 1122//231
f 1123//213 1124//212 1125//213
f 1126//212 1127//210 1128//212
f 1129//210 1130//210 1131//212
f 1132//211 1133//210 1134//210
f 1135//232 1136//233 1137//233
f 1138//234 1139//233 1140//232
f 1141//209 1142//209 1143//208
f 1144//208 1145//208 1146//207
f 1147//208 1148//207 1149//207
f 1150//207 1151//206 1152//207
f 1153//206 1154//235 1155//206
f 1156//235 1157//235 1158//206
f 1159//205 1160//236 1161//236
f 1162//203 1163//237 1164//237
f 1165//203 1166//237 1167//203
f 1168//203 1169//203 1170//201
f 1171//201 1172//201 1173//202
f 1174//200 1175//198 1176//200
f 1177//198 1178//197 1179//198
f 1180//197 1181//196 1182//196
f 1183//194 1184//194 1185//193
f 1186//193 1187//193 1188//192
f 1189//191 1190//192 1191//191
f 1192//187 1193//188 1194//188
f 1195//186 1196//187 1197//187
f 1198//184 1199//184 1200//186
f 1201//182 1202//183 1203//182
f 1204//181 1205//180 1206//181
f 1207//180 1208//179 1209//179
f 1210//177 1211//177 1212//176
f 1213//176 1214//176 1215//175
f 1216//174 1217//175 1218//174
f 1219//171 1220//172 1221//172
f 1222//169 1223//171 1224//171
f 1225//170 1226//170 1227//169
f 1228//166 1229//164 1230//166
f 1231//164 1232//163 1233//164
f 1234//163 1235//162 1236//162
f 1237//160 1238//160 1239//159
f 1240//158 1241//158 1242//156
f 1243//155 1244//156 1245//155
f 1246//152 1247//153 1248//153
f 1249//150 1250//152 1251//152
f 1252//148 1253//148 1254//150
f 1255//149 1256//149 1257//148
f 1258//145 1259//143 1260//145
f 1261//238 1262//144 1263//144
f 1264//223 1265//138 1266//138
f 1267//138 1268//223 1269//223
f 1270//16 1271//17 1272//18
f 1273//17 1274//17 1272//18
f 1275//21 1276//22 1277//23
f 1278//239 1279//239 1276//135
f 1280//26 1281//27 1282//28
f 1283//29 1284//29 1281//27
f 1285//133 1286//29 1287//33
f 1288//32 1289//33 1290//34
f 1291//35 1292//34 1293//36
f 1294//37 1295//36 1296//38
f 1297//38 1298//38 1299//3
f 1299//3 1300//39 1301//40
f 1302//240 1303//240 1304//42
f 1304//42 1305//43 1306//44
f 1306//45 1307//46 1308//46
f 1309//46 1310//47 1311//48
f 1312//49 1313//50 1314//50
f 1315//51 1316//52 1317//53
f 1318//52 1319//54 1320//55
f 1321//54 1322//56 1323//54
f 1324//241 1325//58 1326//59
f 1327//60 1328//61 1329//60
f 1330//62 1331//2 1328//61
f 1332//63 1333//63 1331//2
f 1334//64 1335//64 1336//65
f 1337//66 1338//67 1339//68
f 1340//69 1341//70 1342//69
f 1343//71 1344//72 1345//73
f 1346//72 1347//74 1348//75
f 1349//242 1350//77 1351//77
f 1352//77 1353//80 1354//79
f 1355//80 1356//1 1357//81
f 1358//1 1359//82 1360//1
f 1361//82 1362//83 1363//83
f 1363//84 1364//243 1365//243
f 1365//85 1366//86 1367//86
f 1368//87 1369//87 1370//107
f 1371//88 1372//88 1373//89
f 1374//89 1375//89 1376//90
f 1377//90 1378//90 1379//91
f 1380//106 1381//106 1382//93
f 1383//94 1384//94 1381//92
f 1385//95 1386//95 1384//96
f 1387//105 1388//105 1386//104
f 1389//98 1390//98 1388//99
f 1391//100 1272//101 1392//102
f 1393//91 1394//91 1395//93
f 1390//98 1396//98 1397//4
f 1388//99 1398//99 1399//98
f 1386//104 1400//104 1401//105
f 1384//96 1402//96 1403//95
f 1381//92 1404//92 1405//94
f 1382//103 1406//103 1407//92
f 1393//91 1408//93 1382//93
f 1377//90 1409//91 1393//91
f 1374//89 1410//90 1377//90
f 1371//107 1411//89 1374//89
f 1368//87 1412//88 1371//88
f 1367//86 1413//87 1368//87
f 1414//86 1415//87 1367//86
f 1416//85 1417//86 1365//85
f 1418//84 1419//85 1363//84
f 1420//82 1421//83 1361//82
f 1422//82 1361//82 1360//244
f 1423//1 1360//1 1357//81
f 1424//110 1357//81 1354//111
f 1425//245 1354//79 1351//245
f 1426//112 1427//77 1349//76
f 1428//74 1349//113 1348//75
f 1429//72 1348//75 1430//72
f 1431//72 1430//72 1345//73
f 1432//114 1345//73 1341//115
f 1433//114 1341//115 1434//69
f 1435//69 1342//69 1338//67
f 1436//69 1338//67 1437//66
f 1438//66 1339//68 1439//118
f 1339//68 1335//118 1440//118
f 1441//64 1336//65 1442//119
f 1443//120 1444//63 1445//119
f 1443//120 1446//119 1336//65
f 1333//63 1447//63 1443//122
f 1331//2 1448//123 1449//63
f 1328//61 1450//60 1451//62
f 1329//58 1326//59 1452//58
f 1326//59 1322//246 1453//241
f 1322//56 1454//54 1455//57
f 1323//54 1320//55 1456//54
f 1320//55 1317//53 1457//52
f 1317//53 1314//125 1458//125
f 1459//126 1312//49 1460//127
f 1312//49 1311//48 1461//47
f 1311//48 1308//46 1462//46
f 1463//46 1306//45 1464//129
f 1465//43 1304//42 1466//41
f 1467//130 1302//130 1301//40
f 1468//130 1301//40 1469//39
f 1470//131 1299//3 1471//38
f 1472//38 1297//38 1294//132
f 1473//36 1294//37 1291//35
f 1474//34 1291//35 1475//34
f 1476//34 1475//34 1288//32
f 1477//33 1288//32 1285//30
f 1478//29 1285//133 1284//29
f 1479//26 1480//29 1281//27
f 1481//24 1482//134 1282//28
f 1483//24 1282//28 1279//24
f 1484//21 1485//24 1276//135
f 1486//17 1487//136 1277//23
f 1488//17 1277//137 1274//17
f 1392//102 1489//4 1490//4
f 1489//4 1390//98 1491//4
f 1392//102 1492//4 1493//100
f 1494//138 1495//139 1496//138
f 1497//142 1498//141 1499//140
f 1500//141 1501//141 1502//140
f 1503//143 1504//143 1505//144
f 1506//145 1507//143 1508//143
f 1509//146 1510//145 1511//145
f 1512//146 1513//145 1514//146
f 1515//148 1516//149 1517//148
f 1518//150 1519//148 1520//150
f 1521//151 1522//150 1523//152
f 1524//152 1525//152 1526//153
f 1527//154 1528//154 1529//155
f 1530//154 1531//155 1532//155
f 1533//155 1534//156 1535//156
f 1536//156 1537//158 1538//156
f 1539//159 1540//247 1541//159
f 1542//161 1543//162 1544//161
f 1545//162 1546//162 1547//161
f 1548//163 1549//163 1550//162
f 1551//164 1552//163 1553//165
f 1554//166 1555//164 1556//164
f 1557//167 1558//168 1559//168
f 1560//167 1561//168 1562//167
f 1563//169 1564//170 1565//169
f 1566//169 1567//169 1568//171
f 1569//171 1570//171 1571//172
f 1572//173 1573//173 1574//174
f 1575//173 1576//174 1577//174
f 1578//174 1579//175 1580//175
f 1581//175 1582//176 1583//175
f 1584//176 1585//177 1586//176
f 1587//178 1588//179 1589//178
f 1590//179 1591//179 1592//178
f 1593//180 1594//180 1595//179
f 1596//181 1597//180 1598//180
f 1599//182 1600//183 1601//183
f 1602//184 1603//185 1604//185
f 1605//184 1606//185 1607//184
f 1608//186 1609//184 1610//186
f 1611//186 1612//186 1613//187
f 1614//187 1615//187 1616//188
f 1617//189 1618//189 1619//190
f 1620//189 1621//190 1622//190
f 1623//191 1624//192 1625//192
f 1626//192 1627//193 1628//192
f 1629//193 1630//194 1631//193
f 1632//195 1633//196 1634//195
f 1635//196 1636//196 1637//195
f 1638//197 1639//197 1640//196
f 1641//198 1642//199 1643//197
f 1644//200 1645//198 1646//198
f 1647//201 1648//202 1649//202
f 1650//201 1651//201 1652//203
f 1653//236 1654//205 1655//205
f 1656//206 1657//207 1658//206
f 1659//208 1660//208 1661//209
f 1662//248 1663//211 1664//211
f 1665//212 1666//213 1667//212
f 1668//214 1669//214 1670//215
f 1671//216 1672//216 1673//217
f 1674//218 1675//217 1676//218
f 1677//219 1678//219 1679//220
f 1680//139 1681//139 1682//138
f 1683//221 1684//222 1685//222
f 1686//219 1687//223 1688//223
f 1689//219 1690//223 1691//219
f 1692//224 1693//219 1694//220
f 1695//225 1696//225 1697//226
f 1698//225 1699//226 1700//226
f 1701//218 1702//217 1703//217
f 1704//217 1705//216 1706//217
f 1707//216 1708//228 1709//216
f 1710//228 1711//228 1712//216
f 1713//222 1714//221 1715//221
f 1716//215 1717//222 1718//222
f 1719//215 1720//222 1721//230
f 1722//215 1723//215 1724//214
f 1725//214 1726//214 1727//231
f 1728//214 1729//231 1730//231
f 1731//213 1732//212 1733//213
f 1734//212 1735//210 1736//212
f 1737//210 1738//210 1739//212
f 1740//211 1741//210 1742//210
f 1743//232 1744//233 1745//233
f 1746//232 1747//233 1748//232
f 1749//209 1750//209 1751//208
f 1752//208 1753//208 1754//207
f 1755//208 1756//207 1757//207
f 1758//207 1759//206 1760//207
f 1761//206 1762//235 1763//206
f 1764//235 1765//235 1766//206
f 1767//205 1768//236 1769//236
f 1770//203 1771//237 1772//237
f 1773//203 1774//237 1775//203
f 1776//203 1777//203 1778//201
f 1779//201 1780//201 1781//202
f 1782//200 1783//198 1784//200
f 1785//198 1786//197 1787//198
f 1788//197 1789//196 1790//196
f 1791//194 1792//194 1793//193
f 1794//193 1795//193 1796//192
f 1797//191 1798//192 1799//191
f 1800//187 1801//188 1802//188
f 1803//186 1804//187 1805//187
f 1806//184 1807//184 1808//186
f 1809//182 1810//183 1811//182
f 1812//181 1813//180 1814//181
f 1815//180 1816//179 1817//179
f 1818//177 1819//177 1820//176
f 1821//176 1822//176 1823//175
f 1824//174 1825//175 1826//174
f 1827//171 1828//172 1829//172
f 1830//169 1831//171 1832//171
f 1833//170 1834//170 1835//169
f 1836//166 1837//164 1838//166
f 1839//164 1840//163 1841//164
f 1842//163 1843//162 1844//162
f 1845//160 1846//160 1847//159
f 1848//158 1849//158 1850//156
f 1851//155 1852//156 1853//155
f 1854//152 1855//153 1856//153
f 1857//150 1858//152 1859//152
f 1860//148 1861//148 1862//150
f 1863//149 1864//149 1865//148
f 1866//145 1867//143 1868//145
f 1869//143 1870//144 1871//144
f 1872//223 1873//138 1874//138
f 1875//138 1876//223 1877//223
f 7//2 8//2 1878//63
f 1879//63 8//2 1880//63
f 1881//120 1882//63 1883//63
f 1884//120 1885//120 1886//63
f 1887//120 1888//65 1889//120
f 1890//120 1891//65 1892//65
f 1893//65 1894//65 1895//118
f 1896//118 1897//65 1898//118
f 1899//68 1900//118 1901//118
f 1902//68 1903//68 1904//118
f 1905//68 1906//116 1907//68
f 1908//68 1909//249 1910//249
f 1911//67 1912//67 1913//69
f 1914//69 1915//249 1916//69
f 1917//73 1918//250 1919//250
f 1920//251 1921//75 1922//251
f 3//1 4//1 1923//81
f 1924//81 4//1 1925//81
f 1926//79 1927//252 1928//252
f 1929//79 1930//79 1931//81
f 1932//79 1933//77 1934//79
f 1935//79 1936//77 1937//77
f 1938//77 1939//77 1940//76
f 1941//76 1942//77 1943//76
f 1944//75 1945//76 1946//76
f 1947//75 1948//75 1949//76
f 1950//75 1951//250 1952//75
f 1953//251 1954//73 1955//73
f 1956//73 1957//73 1958//115
f 1959//115 1960//73 1961//115
f 1962//69 1963//115 1964//115
f 1965//69 1966//115 1967//69
f 2//1 1//1 1968//82
f 1969//82 1970//82 1971//84
f 1972//84 1973//82 1974//84
f 1975//85 1976//84 1977//85
f 1978//86 1979//85 1980//85
f 1981//87 1982//86 1983//86
f 1984//253 1985//87 1986//87
f 1987//254 1988//254 1989//255
f 1990//89 1991//89 1992//254
f 1993//89 1994//256 1995//89
f 1996//90 1997//91 1998//90
f 1999//90 2000//91 2001//91
f 2002//91 2003//257 2004//257
f 2005//93 2006//93 2007//92
f 2008//92 2009//92 2010//94
f 2011//94 2012//92 2013//94
f 2014//98 15//4 16//4
f 2015//98 2016//98 16//4
f 2017//98 2018//97 2019//98
f 2020//98 2021//97 2022//97
f 2023//97 2024//97 2025//95
f 2026//95 2027//97 2028//95
f 2029//94 2030//95 2031//95
f 2032//94 2033//94 2034//95
f 2035//257 2036//92 2037//92
f 2038//91 2039//103 2040//91
f 2041//256 2042//256 2043//89
f 2044//89 2045//253 2046//253
f 2047//87 2048//86 2049//87
f 2050//86 2051//85 2052//86
f 2053//82 2054//82 1//1
f 2055//84 2056//85 2057//84
f 14//4 13//4 2058//102
f 2059//102 13//4 2060//102
f 2061//18 2062//102 2063//102
f 2064//18 2065//18 2066//102
f 2067//18 2068//17 2069//18
f 2070//18 2071//17 2072//17
f 2073//17 2074//17 2075//23
f 2076//23 2077//17 2078//23
f 2079//135 2080//23 2081//23
f 2082//135 2083//135 2084//23
f 2085//135 2086//258 2087//135
f 2088//135 2089//258 2090//258
f 2091//239 2092//239 2093//28
f 2094//28 2095//24 2096//28
f 2097//27 2098//28 2099//28
f 2100//27 2101//27 2102//28
f 2103//38 11//3 12//3
f 2104//38 2105//38 12//3
f 2106//38 2107//37 2108//38
f 2109//38 2110//37 2111//37
f 2112//37 2113//37 2114//35
f 2115//35 2116//37 2117//35
f 2118//34 2119//35 2120//35
f 2121//34 2122//34 2123//35
f 2124//34 2125//32 2126//34
f 2127//34 2128//32 2129//32
f 2130//32 2131//32 2132//259
f 2133//259 2134//32 2135//259
f 2136//29 2137//259 2138//259
f 2139//29 2140//29 2141//259
f 2142//29 2143//260 2144//29
f 2145//260 2146//260 2147//29
f 10//3 9//3 2148//40
f 2149//40 9//3 2150//40
f 2151//41 2152//261 2153//261
f 2154//41 2155//41 2156//40
f 2157//41 2158//42 2159//41
f 2160//41 2161//42 2162//42
f 2163//42 2164//42 2165//45
f 2166//45 2167//42 2168//45
f 2169//46 2170//45 2171//45
f 2172//46 2173//46 2174//45
f 2175//46 2176//262 2177//46
f 2178//46 2179//262 2180//262
f 2181//262 2182//262 2183//49
f 2184//49 2185//262 2186//49
f 2187//50 2188//49 2189//49
f 2190//50 2191//50 2192//49
f 2193//50 2194//53 2195//50
f 2196//61 6//2 5//2
f 2197//61 2198//61 5//2
f 2199//61 2200//58 2201//61
f 2202//61 2203//58 2204//58
f 2205//58 2206//58 2207//59
f 2208//59 2209//58 2210//59
f 2211//56 2212//59 2213//59
f 2214//56 2215//56 2216//59
f 2217//56 2218//54 2219//56
f 2220//56 2221//54 2222//54
f 2223//54 2224//54 2225//263
f 2226//263 2227//54 2228//263
f 2229//53 2230//263 2231//263
f 2232//53 2233//53 2234//263
f 2235//53 2236//50 2237//53
