# Blender 4.4.3
# www.blender.org
mtllib Mesh_3.001.mtl
o Mesh_3.001
v 0.015115 0.008944 -0.014688
v 0.015188 0.008944 -0.014633
v 0.015229 0.008944 -0.014688
v 0.015195 0.008944 -0.014634
v 0.015235 0.008944 -0.014687
v 0.015250 0.008944 -0.014675
v 0.015207 0.008944 -0.014631
v 0.015201 0.008944 -0.014633
v 0.015241 0.008944 -0.014684
v 0.015246 0.008944 -0.014681
v 0.015276 0.008944 -0.014631
v 0.015182 0.008944 -0.014631
v 0.015115 0.008944 -0.014631
v 0.015195 0.008944 -0.014572
v 0.015188 0.008944 -0.014572
v 0.015229 0.008944 -0.014518
v 0.015115 0.008944 -0.014518
v 0.015115 0.008944 -0.014574
v 0.015182 0.008944 -0.014574
v 0.015207 0.008944 -0.014574
v 0.015250 0.008944 -0.014530
v 0.015201 0.008944 -0.014572
v 0.015276 0.008944 -0.014574
v 0.015235 0.008944 -0.014519
v 0.015241 0.008944 -0.014521
v 0.015246 0.008944 -0.014525
v 0.015180 0.008894 -0.014653
v 0.015180 0.008894 -0.014654
v 0.015195 0.008894 -0.014653
v 0.015209 0.008894 -0.014653
v 0.015213 0.008894 -0.014654
v 0.015223 0.008894 -0.014653
v 0.015180 0.008894 -0.014553
v 0.015195 0.008894 -0.014553
v 0.015180 0.008894 -0.014552
v 0.015166 0.008894 -0.014553
v 0.015147 0.008894 -0.014552
v 0.015213 0.008894 -0.014552
v 0.015223 0.008894 -0.014553
v 0.015245 0.008894 -0.014552
v 0.015209 0.008894 -0.014553
v 0.015115 0.008894 -0.014603
v 0.015137 0.008894 -0.014603
v 0.015115 0.008894 -0.014552
v 0.015147 0.008894 -0.014654
v 0.015115 0.008894 -0.014654
v 0.015166 0.008894 -0.014653
v 0.015245 0.008894 -0.014654
v 0.015252 0.008894 -0.014603
v 0.015266 0.008894 -0.014619
v 0.015266 0.008894 -0.014587
v 0.015229 0.008934 -0.014688
v 0.015115 0.008934 -0.014688
v 0.015229 0.008944 -0.014688
v 0.015229 0.008944 -0.014688
v 0.015115 0.008944 -0.014688
v 0.015147 0.008894 -0.014654
v 0.015115 0.008894 -0.014654
v 0.015115 0.008924 -0.014683
v 0.015180 0.008894 -0.014654
v 0.015147 0.008894 -0.014654
v 0.015229 0.008924 -0.014683
v 0.015180 0.008894 -0.014654
v 0.015237 0.008919 -0.014678
v 0.015245 0.008894 -0.014654
v 0.015213 0.008894 -0.014654
v 0.015213 0.008894 -0.014654
v 0.015231 0.008923 -0.014683
v 0.015234 0.008922 -0.014682
v 0.015213 0.008894 -0.014654
v 0.015180 0.008894 -0.014654
v 0.015245 0.008894 -0.014654
v 0.015251 0.008895 -0.014655
v 0.015115 0.008924 -0.014522
v 0.015180 0.008894 -0.014552
v 0.015229 0.008924 -0.014522
v 0.015237 0.008919 -0.014527
v 0.015234 0.008922 -0.014524
v 0.015213 0.008894 -0.014552
v 0.015245 0.008894 -0.014552
v 0.015251 0.008895 -0.014551
v 0.015213 0.008894 -0.014552
v 0.015245 0.008894 -0.014552
v 0.015231 0.008923 -0.014523
v 0.015147 0.008894 -0.014552
v 0.015115 0.008894 -0.014552
v 0.015213 0.008894 -0.014552
v 0.015180 0.008894 -0.014552
v 0.015147 0.008894 -0.014552
v 0.015180 0.008894 -0.014552
v 0.015229 0.008944 -0.014518
v 0.015115 0.008944 -0.014518
v 0.015229 0.008934 -0.014518
v 0.015115 0.008944 -0.014518
v 0.015115 0.008934 -0.014518
v 0.015229 0.008929 -0.014519
v 0.015115 0.008929 -0.014519
v 0.015229 0.008929 -0.014687
v 0.015115 0.008929 -0.014687
v 0.015301 0.009014 -0.014631
v 0.015310 0.008999 -0.014631
v 0.015276 0.008999 -0.014631
v 0.015276 0.008944 -0.014631
v 0.015207 0.008944 -0.014631
v 0.015207 0.008944 -0.014631
v 0.015207 0.008979 -0.014631
v 0.015312 0.008999 -0.014631
v 0.015313 0.008998 -0.014631
v 0.015395 0.009014 -0.014631
v 0.015314 0.008996 -0.014631
v 0.015315 0.008994 -0.014631
v 0.015395 0.008944 -0.014631
v 0.015315 0.008944 -0.014631
v 0.015207 0.009014 -0.014631
v 0.015007 0.008964 -0.014574
v 0.015115 0.008964 -0.014574
v 0.015007 0.009014 -0.014574
v 0.015182 0.009014 -0.014574
v 0.015115 0.008944 -0.014574
v 0.015182 0.008944 -0.014574
v 0.015182 0.008944 -0.014574
v 0.014689 0.009014 -0.014574
v 0.014680 0.008999 -0.014574
v 0.014714 0.008999 -0.014574
v 0.014714 0.008944 -0.014574
v 0.014782 0.008944 -0.014574
v 0.014782 0.009014 -0.014574
v 0.014678 0.008999 -0.014574
v 0.014676 0.008998 -0.014574
v 0.014595 0.009014 -0.014574
v 0.014675 0.008996 -0.014574
v 0.014675 0.008994 -0.014574
v 0.014595 0.008944 -0.014574
v 0.014675 0.008944 -0.014574
v 0.014982 0.008964 -0.014631
v 0.014875 0.008964 -0.014631
v 0.014982 0.009014 -0.014631
v 0.014807 0.009014 -0.014631
v 0.014875 0.008944 -0.014631
v 0.014807 0.008944 -0.014631
v 0.014807 0.008979 -0.014631
v 0.014807 0.008979 -0.014574
v 0.014875 0.008964 -0.014574
v 0.014807 0.009014 -0.014574
v 0.014982 0.009014 -0.014574
v 0.014982 0.008964 -0.014574
v 0.014807 0.008944 -0.014574
v 0.014875 0.008944 -0.014574
v 0.015182 0.008979 -0.014631
v 0.015115 0.008964 -0.014631
v 0.015182 0.009014 -0.014631
v 0.015007 0.009014 -0.014631
v 0.015007 0.008964 -0.014631
v 0.015182 0.008944 -0.014631
v 0.015115 0.008944 -0.014631
v 0.015182 0.008944 -0.014631
v 0.014728 0.009024 -0.014658
v 0.014728 0.009024 -0.014548
v 0.014731 0.009032 -0.014658
v 0.014731 0.009032 -0.014548
v 0.014705 0.009024 -0.014548
v 0.014705 0.009024 -0.014658
v 0.014702 0.009032 -0.014548
v 0.014702 0.009032 -0.014658
v 0.014678 0.009024 -0.014658
v 0.014678 0.009024 -0.014548
v 0.014681 0.009032 -0.014658
v 0.014681 0.009032 -0.014548
v 0.014655 0.009024 -0.014548
v 0.014655 0.009024 -0.014658
v 0.014652 0.009032 -0.014548
v 0.014652 0.009032 -0.014658
v 0.014628 0.009024 -0.014658
v 0.014628 0.009024 -0.014548
v 0.014631 0.009032 -0.014658
v 0.014631 0.009032 -0.014548
v 0.014605 0.009024 -0.014548
v 0.014605 0.009024 -0.014658
v 0.014602 0.009032 -0.014548
v 0.014602 0.009032 -0.014658
v 0.014727 0.009023 -0.014548
v 0.014727 0.009023 -0.014658
v 0.014726 0.009023 -0.014548
v 0.014726 0.009023 -0.014658
v 0.014708 0.009023 -0.014658
v 0.014708 0.009023 -0.014548
v 0.014706 0.009023 -0.014548
v 0.014706 0.009023 -0.014658
v 0.014677 0.009023 -0.014548
v 0.014677 0.009023 -0.014658
v 0.014676 0.009023 -0.014548
v 0.014676 0.009023 -0.014658
v 0.014658 0.009023 -0.014658
v 0.014658 0.009023 -0.014548
v 0.014656 0.009023 -0.014548
v 0.014656 0.009023 -0.014658
v 0.015261 0.009024 -0.014548
v 0.015261 0.009024 -0.014658
v 0.015258 0.009032 -0.014548
v 0.015258 0.009032 -0.014658
v 0.015284 0.009024 -0.014658
v 0.015284 0.009024 -0.014548
v 0.015287 0.009032 -0.014658
v 0.015287 0.009032 -0.014548
v 0.015311 0.009024 -0.014548
v 0.015311 0.009024 -0.014658
v 0.015308 0.009032 -0.014548
v 0.015308 0.009032 -0.014658
v 0.015334 0.009024 -0.014658
v 0.015334 0.009024 -0.014548
v 0.015337 0.009032 -0.014658
v 0.015337 0.009032 -0.014548
v 0.015361 0.009024 -0.014548
v 0.015361 0.009024 -0.014658
v 0.015358 0.009032 -0.014548
v 0.015358 0.009032 -0.014658
v 0.015384 0.009024 -0.014658
v 0.015384 0.009024 -0.014548
v 0.015387 0.009032 -0.014658
v 0.015387 0.009032 -0.014548
v 0.015283 0.009023 -0.014548
v 0.015283 0.009023 -0.014658
v 0.015282 0.009023 -0.014548
v 0.015282 0.009023 -0.014658
v 0.015264 0.009023 -0.014658
v 0.015264 0.009023 -0.014548
v 0.015262 0.009023 -0.014548
v 0.015262 0.009023 -0.014658
v 0.015333 0.009023 -0.014548
v 0.015333 0.009023 -0.014658
v 0.015332 0.009023 -0.014548
v 0.015332 0.009023 -0.014658
v 0.015314 0.009023 -0.014658
v 0.015314 0.009023 -0.014548
v 0.015312 0.009023 -0.014548
v 0.015312 0.009023 -0.014658
v 0.015049 0.009014 -0.014738
v 0.015370 0.009014 -0.014763
v 0.015229 0.009014 -0.014738
v 0.015182 0.009014 -0.014631
v 0.015029 0.009014 -0.014688
v 0.015049 0.009014 -0.014688
v 0.015007 0.009014 -0.014631
v 0.015007 0.009014 -0.014631
v 0.015182 0.009014 -0.014631
v 0.015001 0.009014 -0.014633
v 0.015007 0.009014 -0.014631
v 0.015029 0.009014 -0.014738
v 0.014961 0.009014 -0.014738
v 0.015249 0.009014 -0.014738
v 0.015309 0.009014 -0.014731
v 0.015308 0.009014 -0.014723
v 0.015312 0.009014 -0.014738
v 0.015249 0.009014 -0.014688
v 0.015301 0.009014 -0.014631
v 0.015207 0.009014 -0.014631
v 0.015316 0.009014 -0.014704
v 0.015301 0.009014 -0.014631
v 0.015229 0.009014 -0.014688
v 0.015207 0.009014 -0.014631
v 0.015182 0.009014 -0.014631
v 0.014761 0.009014 -0.014738
v 0.014620 0.009014 -0.014763
v 0.014941 0.009014 -0.014738
v 0.014807 0.009014 -0.014631
v 0.014761 0.009014 -0.014688
v 0.014801 0.009014 -0.014633
v 0.014795 0.009014 -0.014634
v 0.014741 0.009014 -0.014688
v 0.014675 0.009014 -0.014706
v 0.014680 0.009014 -0.014712
v 0.014782 0.009014 -0.014631
v 0.014662 0.009014 -0.014697
v 0.014741 0.009014 -0.014738
v 0.014674 0.009014 -0.014742
v 0.014667 0.009014 -0.014747
v 0.014678 0.009014 -0.014736
v 0.015182 0.009014 -0.014631
v 0.014961 0.009014 -0.014688
v 0.014995 0.009014 -0.014634
v 0.014941 0.009014 -0.014688
v 0.014807 0.009014 -0.014631
v 0.014982 0.009014 -0.014631
v 0.014807 0.009014 -0.014631
v 0.014982 0.009014 -0.014631
v 0.014988 0.009014 -0.014633
v 0.015317 0.009014 -0.014744
v 0.015301 0.009014 -0.014631
v 0.015329 0.009014 -0.014696
v 0.015335 0.009014 -0.014696
v 0.015395 0.009014 -0.014631
v 0.015301 0.009014 -0.014631
v 0.015342 0.009014 -0.014697
v 0.015207 0.009014 -0.014631
v 0.015201 0.009014 -0.014633
v 0.015395 0.009014 -0.014738
v 0.015360 0.009014 -0.014712
v 0.015361 0.009014 -0.014720
v 0.015361 0.009014 -0.014728
v 0.015358 0.009014 -0.014736
v 0.015390 0.009014 -0.014752
v 0.015393 0.009014 -0.014747
v 0.015387 0.009014 -0.014756
v 0.015384 0.009014 -0.014759
v 0.015374 0.009014 -0.014762
v 0.015379 0.009014 -0.014761
v 0.015332 0.009014 -0.014750
v 0.015324 0.009014 -0.014748
v 0.014637 0.009014 -0.014744
v 0.014632 0.009014 -0.014738
v 0.014615 0.009014 -0.014762
v 0.014610 0.009014 -0.014761
v 0.014606 0.009014 -0.014759
v 0.014629 0.009014 -0.014731
v 0.014599 0.009014 -0.014752
v 0.014602 0.009014 -0.014756
v 0.014595 0.009014 -0.014738
v 0.014628 0.009014 -0.014718
v 0.014630 0.009014 -0.014712
v 0.014628 0.009014 -0.014723
v 0.014595 0.009014 -0.014631
v 0.014655 0.009014 -0.014696
v 0.014670 0.009014 -0.014700
v 0.014689 0.009014 -0.014631
v 0.014681 0.009014 -0.014720
v 0.014982 0.009014 -0.014631
v 0.014681 0.009014 -0.014728
v 0.014788 0.009014 -0.014633
v 0.014807 0.009014 -0.014631
v 0.015308 0.009014 -0.014718
v 0.015182 0.009014 -0.014631
v 0.015188 0.009014 -0.014633
v 0.015301 0.009014 -0.014631
v 0.015324 0.009014 -0.014698
v 0.015310 0.009014 -0.014712
v 0.015336 0.009014 -0.014750
v 0.015340 0.009014 -0.014749
v 0.014644 0.009014 -0.014748
v 0.015347 0.009014 -0.014747
v 0.015354 0.009014 -0.014742
v 0.015394 0.009014 -0.014743
v 0.015350 0.009014 -0.014700
v 0.015355 0.009014 -0.014706
v 0.015395 0.009014 -0.014631
v 0.015395 0.009014 -0.014631
v 0.015395 0.009014 -0.014631
v 0.014660 0.009014 -0.014749
v 0.015320 0.009014 -0.014700
v 0.015301 0.009014 -0.014631
v 0.015301 0.009014 -0.014631
v 0.015312 0.009014 -0.014708
v 0.015395 0.009014 -0.014685
v 0.015301 0.009014 -0.014631
v 0.014595 0.009014 -0.014743
v 0.014597 0.009014 -0.014747
v 0.014652 0.009014 -0.014750
v 0.014656 0.009014 -0.014750
v 0.015195 0.009014 -0.014634
v 0.014649 0.009014 -0.014696
v 0.014644 0.009014 -0.014698
v 0.014640 0.009014 -0.014700
v 0.014636 0.009014 -0.014704
v 0.014632 0.009014 -0.014708
v 0.014595 0.009014 -0.014685
v 0.014807 0.009014 -0.014631
v 0.015395 0.009014 -0.014631
v 0.014761 0.009014 -0.014518
v 0.014795 0.009014 -0.014572
v 0.014801 0.009014 -0.014572
v 0.014761 0.009014 -0.014468
v 0.014807 0.009014 -0.014574
v 0.014941 0.009014 -0.014468
v 0.014620 0.009014 -0.014443
v 0.014741 0.009014 -0.014518
v 0.014782 0.009014 -0.014574
v 0.014741 0.009014 -0.014468
v 0.014675 0.009014 -0.014466
v 0.014680 0.009014 -0.014472
v 0.014807 0.009014 -0.014574
v 0.014961 0.009014 -0.014518
v 0.014988 0.009014 -0.014572
v 0.014995 0.009014 -0.014572
v 0.015029 0.009014 -0.014518
v 0.014961 0.009014 -0.014468
v 0.015029 0.009014 -0.014468
v 0.014670 0.009014 -0.014460
v 0.014982 0.009014 -0.014574
v 0.014941 0.009014 -0.014518
v 0.014807 0.009014 -0.014574
v 0.014982 0.009014 -0.014574
v 0.015049 0.009014 -0.014518
v 0.015182 0.009014 -0.014574
v 0.015049 0.009014 -0.014468
v 0.015182 0.009014 -0.014574
v 0.015229 0.009014 -0.014468
v 0.015370 0.009014 -0.014443
v 0.015007 0.009014 -0.014574
v 0.014662 0.009014 -0.014457
v 0.015249 0.009014 -0.014518
v 0.015207 0.009014 -0.014574
v 0.015324 0.009014 -0.014508
v 0.015229 0.009014 -0.014518
v 0.015249 0.009014 -0.014468
v 0.015310 0.009014 -0.014472
v 0.015312 0.009014 -0.014468
v 0.015007 0.009014 -0.014574
v 0.015001 0.009014 -0.014572
v 0.014681 0.009014 -0.014480
v 0.014681 0.009014 -0.014488
v 0.015182 0.009014 -0.014574
v 0.015320 0.009014 -0.014460
v 0.015316 0.009014 -0.014464
v 0.015182 0.009014 -0.014574
v 0.015188 0.009014 -0.014572
v 0.015182 0.009014 -0.014574
v 0.015007 0.009014 -0.014574
v 0.015324 0.009014 -0.014458
v 0.014807 0.009014 -0.014574
v 0.014807 0.009014 -0.014574
v 0.014674 0.009014 -0.014502
v 0.014678 0.009014 -0.014496
v 0.014689 0.009014 -0.014574
v 0.014667 0.009014 -0.014507
v 0.014660 0.009014 -0.014509
v 0.014595 0.009014 -0.014574
v 0.014689 0.009014 -0.014574
v 0.014652 0.009014 -0.014510
v 0.014595 0.009014 -0.014468
v 0.014632 0.009014 -0.014498
v 0.014629 0.009014 -0.014491
v 0.014628 0.009014 -0.014478
v 0.014628 0.009014 -0.014483
v 0.014630 0.009014 -0.014472
v 0.014595 0.009014 -0.014463
v 0.014597 0.009014 -0.014458
v 0.014602 0.009014 -0.014450
v 0.014599 0.009014 -0.014454
v 0.014606 0.009014 -0.014447
v 0.014632 0.009014 -0.014468
v 0.015355 0.009014 -0.014466
v 0.015374 0.009014 -0.014443
v 0.015329 0.009014 -0.014456
v 0.015335 0.009014 -0.014456
v 0.015379 0.009014 -0.014445
v 0.015384 0.009014 -0.014447
v 0.015360 0.009014 -0.014472
v 0.015387 0.009014 -0.014450
v 0.015390 0.009014 -0.014454
v 0.015395 0.009014 -0.014468
v 0.015361 0.009014 -0.014488
v 0.015358 0.009014 -0.014496
v 0.015361 0.009014 -0.014480
v 0.015395 0.009014 -0.014574
v 0.015332 0.009014 -0.014510
v 0.015312 0.009014 -0.014498
v 0.015309 0.009014 -0.014491
v 0.015317 0.009014 -0.014504
v 0.015301 0.009014 -0.014574
v 0.014595 0.009014 -0.014521
v 0.014637 0.009014 -0.014504
v 0.014595 0.009014 -0.014574
v 0.014644 0.009014 -0.014508
v 0.014595 0.009014 -0.014574
v 0.014595 0.009014 -0.014574
v 0.015201 0.009014 -0.014572
v 0.014689 0.009014 -0.014574
v 0.014656 0.009014 -0.014510
v 0.014689 0.009014 -0.014574
v 0.015308 0.009014 -0.014478
v 0.015308 0.009014 -0.014483
v 0.014689 0.009014 -0.014574
v 0.014689 0.009014 -0.014574
v 0.014782 0.009014 -0.014574
v 0.014655 0.009014 -0.014456
v 0.014649 0.009014 -0.014456
v 0.014644 0.009014 -0.014458
v 0.014640 0.009014 -0.014460
v 0.014636 0.009014 -0.014464
v 0.015342 0.009014 -0.014457
v 0.015350 0.009014 -0.014460
v 0.014615 0.009014 -0.014443
v 0.014610 0.009014 -0.014445
v 0.015195 0.009014 -0.014572
v 0.014788 0.009014 -0.014572
v 0.014782 0.009014 -0.014574
v 0.015340 0.009014 -0.014509
v 0.015347 0.009014 -0.014507
v 0.015336 0.009014 -0.014510
v 0.015354 0.009014 -0.014502
v 0.015395 0.009014 -0.014521
v 0.015393 0.009014 -0.014458
v 0.015394 0.009014 -0.014463
v 0.014982 0.009014 -0.014574
v 0.014595 0.009014 -0.014574
v 0.014689 0.009014 -0.014574
v 0.014795 0.008944 -0.014634
v 0.014801 0.008944 -0.014633
v 0.014761 0.008944 -0.014688
v 0.014875 0.008944 -0.014688
v 0.014875 0.008944 -0.014631
v 0.014807 0.008944 -0.014631
v 0.014782 0.008944 -0.014631
v 0.014739 0.008944 -0.014675
v 0.014788 0.008944 -0.014633
v 0.014714 0.008944 -0.014631
v 0.014754 0.008944 -0.014687
v 0.014748 0.008944 -0.014684
v 0.014743 0.008944 -0.014681
v 0.014807 0.008944 -0.014631
v 0.014875 0.008944 -0.014518
v 0.014801 0.008944 -0.014572
v 0.014761 0.008944 -0.014518
v 0.014795 0.008944 -0.014572
v 0.014754 0.008944 -0.014519
v 0.014739 0.008944 -0.014530
v 0.014782 0.008944 -0.014574
v 0.014788 0.008944 -0.014572
v 0.014748 0.008944 -0.014521
v 0.014743 0.008944 -0.014525
v 0.014714 0.008944 -0.014574
v 0.014782 0.008944 -0.014574
v 0.014807 0.008944 -0.014574
v 0.014875 0.008944 -0.014574
v 0.014782 0.008944 -0.014574
v 0.014807 0.008944 -0.014574
v 0.014809 0.008894 -0.014653
v 0.014795 0.008894 -0.014653
v 0.014809 0.008894 -0.014654
v 0.014823 0.008894 -0.014653
v 0.014809 0.008894 -0.014553
v 0.014809 0.008894 -0.014552
v 0.014795 0.008894 -0.014553
v 0.014780 0.008894 -0.014553
v 0.014777 0.008894 -0.014552
v 0.014766 0.008894 -0.014553
v 0.014842 0.008894 -0.014654
v 0.014777 0.008894 -0.014654
v 0.014766 0.008894 -0.014653
v 0.014744 0.008894 -0.014654
v 0.014780 0.008894 -0.014653
v 0.014875 0.008894 -0.014603
v 0.014852 0.008894 -0.014603
v 0.014875 0.008894 -0.014654
v 0.014737 0.008894 -0.014603
v 0.014875 0.008894 -0.014552
v 0.014842 0.008894 -0.014552
v 0.014823 0.008894 -0.014553
v 0.014744 0.008894 -0.014552
v 0.014724 0.008894 -0.014619
v 0.014724 0.008894 -0.014587
v 0.014659 0.008944 -0.014686
v 0.014654 0.008944 -0.014687
v 0.014650 0.008944 -0.014688
v 0.014664 0.008944 -0.014684
v 0.014667 0.008944 -0.014681
v 0.014670 0.008944 -0.014677
v 0.014673 0.008944 -0.014672
v 0.014674 0.008944 -0.014668
v 0.014675 0.008944 -0.014663
v 0.014595 0.008944 -0.014663
v 0.014675 0.008944 -0.014631
v 0.014595 0.008944 -0.014631
v 0.014620 0.008944 -0.014688
v 0.014599 0.008944 -0.014677
v 0.014597 0.008944 -0.014672
v 0.014602 0.008944 -0.014681
v 0.014610 0.008944 -0.014686
v 0.014606 0.008944 -0.014684
v 0.014615 0.008944 -0.014687
v 0.014595 0.008944 -0.014668
v 0.014761 0.008944 -0.014688
v 0.014875 0.008944 -0.014688
v 0.014761 0.008934 -0.014688
v 0.014875 0.008944 -0.014688
v 0.014875 0.008934 -0.014688
v 0.014620 0.008944 -0.014688
v 0.014650 0.008944 -0.014688
v 0.014620 0.008934 -0.014688
v 0.014650 0.008944 -0.014688
v 0.014650 0.008934 -0.014688
v 0.014875 0.008924 -0.014683
v 0.014809 0.008894 -0.014654
v 0.014761 0.008924 -0.014683
v 0.014752 0.008919 -0.014678
v 0.014756 0.008922 -0.014682
v 0.014777 0.008894 -0.014654
v 0.014744 0.008894 -0.014654
v 0.014738 0.008895 -0.014655
v 0.014777 0.008894 -0.014654
v 0.014744 0.008894 -0.014654
v 0.014758 0.008923 -0.014683
v 0.014842 0.008894 -0.014654
v 0.014875 0.008894 -0.014654
v 0.014842 0.008894 -0.014654
v 0.014809 0.008894 -0.014654
v 0.014777 0.008894 -0.014654
v 0.014809 0.008894 -0.014654
v 0.014610 0.008914 -0.014673
v 0.014620 0.008924 -0.014683
v 0.014650 0.008924 -0.014683
v 0.014610 0.008918 -0.014677
v 0.014613 0.008921 -0.014681
v 0.014616 0.008923 -0.014683
v 0.014660 0.008914 -0.014673
v 0.014610 0.008894 -0.014654
v 0.014660 0.008894 -0.014654
v 0.014653 0.008923 -0.014683
v 0.014657 0.008921 -0.014681
v 0.014659 0.008918 -0.014677
v 0.014610 0.008894 -0.014552
v 0.014610 0.008894 -0.014654
v 0.014660 0.008894 -0.014552
v 0.014610 0.008894 -0.014654
v 0.014660 0.008894 -0.014654
v 0.014842 0.008894 -0.014552
v 0.014875 0.008894 -0.014552
v 0.014875 0.008924 -0.014522
v 0.014809 0.008894 -0.014552
v 0.014842 0.008894 -0.014552
v 0.014761 0.008924 -0.014522
v 0.014809 0.008894 -0.014552
v 0.014752 0.008919 -0.014527
v 0.014744 0.008894 -0.014552
v 0.014777 0.008894 -0.014552
v 0.014777 0.008894 -0.014552
v 0.014758 0.008923 -0.014523
v 0.014756 0.008922 -0.014524
v 0.014777 0.008894 -0.014552
v 0.014809 0.008894 -0.014552
v 0.014744 0.008894 -0.014552
v 0.014738 0.008895 -0.014551
v 0.014610 0.008914 -0.014532
v 0.014610 0.008894 -0.014552
v 0.014660 0.008914 -0.014532
v 0.014616 0.008923 -0.014523
v 0.014613 0.008921 -0.014525
v 0.014620 0.008924 -0.014522
v 0.014610 0.008918 -0.014528
v 0.014659 0.008918 -0.014528
v 0.014650 0.008924 -0.014522
v 0.014657 0.008921 -0.014525
v 0.014653 0.008923 -0.014523
v 0.014610 0.008894 -0.014552
v 0.014660 0.008894 -0.014552
v 0.014761 0.008934 -0.014518
v 0.014875 0.008934 -0.014518
v 0.014761 0.008944 -0.014518
v 0.014761 0.008944 -0.014518
v 0.014875 0.008944 -0.014518
v 0.014650 0.008944 -0.014518
v 0.014620 0.008944 -0.014518
v 0.014650 0.008934 -0.014518
v 0.014620 0.008934 -0.014518
v 0.014610 0.008944 -0.014520
v 0.014615 0.008944 -0.014518
v 0.014620 0.008944 -0.014518
v 0.014606 0.008944 -0.014522
v 0.014620 0.008944 -0.014518
v 0.014602 0.008944 -0.014525
v 0.014620 0.008944 -0.014518
v 0.014599 0.008944 -0.014529
v 0.014620 0.008944 -0.014518
v 0.014597 0.008944 -0.014533
v 0.014620 0.008944 -0.014518
v 0.014595 0.008944 -0.014538
v 0.014620 0.008944 -0.014518
v 0.014595 0.008944 -0.014543
v 0.014620 0.008944 -0.014518
v 0.014620 0.008944 -0.014518
v 0.014675 0.008944 -0.014543
v 0.014595 0.008944 -0.014574
v 0.014675 0.008944 -0.014574
v 0.014595 0.008944 -0.014574
v 0.014620 0.008944 -0.014518
v 0.014650 0.008944 -0.014518
v 0.014650 0.008944 -0.014518
v 0.014670 0.008944 -0.014529
v 0.014673 0.008944 -0.014533
v 0.014650 0.008944 -0.014518
v 0.014667 0.008944 -0.014525
v 0.014659 0.008944 -0.014520
v 0.014664 0.008944 -0.014522
v 0.014650 0.008944 -0.014518
v 0.014650 0.008944 -0.014518
v 0.014654 0.008944 -0.014518
v 0.014650 0.008944 -0.014518
v 0.014650 0.008944 -0.014518
v 0.014674 0.008944 -0.014538
v 0.014650 0.008944 -0.014518
v 0.015301 0.009014 -0.014574
v 0.015310 0.008999 -0.014574
v 0.015312 0.008999 -0.014574
v 0.015395 0.009014 -0.014574
v 0.015315 0.008994 -0.014574
v 0.015395 0.008944 -0.014574
v 0.015315 0.008944 -0.014574
v 0.015395 0.009014 -0.014574
v 0.015314 0.008996 -0.014574
v 0.015313 0.008998 -0.014574
v 0.015301 0.009014 -0.014574
v 0.015301 0.009014 -0.014574
v 0.015395 0.009014 -0.014574
v 0.015395 0.009014 -0.014574
v 0.015276 0.008999 -0.014574
v 0.015207 0.009014 -0.014574
v 0.015207 0.008979 -0.014574
v 0.015276 0.008944 -0.014574
v 0.015207 0.008944 -0.014574
v 0.015301 0.009014 -0.014574
v 0.015207 0.009014 -0.014574
v 0.015301 0.009014 -0.014574
v 0.015207 0.008944 -0.014574
v 0.014620 0.009014 -0.014443
v 0.015370 0.009014 -0.014443
v 0.014620 0.009039 -0.014443
v 0.015370 0.009014 -0.014443
v 0.015370 0.009039 -0.014443
v 0.015237 0.009044 -0.014603
v 0.015226 0.009044 -0.014603
v 0.015225 0.009044 -0.014597
v 0.014995 0.009044 -0.014529
v 0.014753 0.009044 -0.014545
v 0.014597 0.009044 -0.014529
v 0.014995 0.009044 -0.014677
v 0.015237 0.009044 -0.014661
v 0.015393 0.009044 -0.014677
v 0.015237 0.009044 -0.014545
v 0.015183 0.009044 -0.014574
v 0.014995 0.009044 -0.014572
v 0.014989 0.009044 -0.014572
v 0.015223 0.009044 -0.014591
v 0.015393 0.009044 -0.014529
v 0.015393 0.009044 -0.014545
v 0.015195 0.009044 -0.014572
v 0.015189 0.009044 -0.014572
v 0.014597 0.009044 -0.014545
v 0.014753 0.009044 -0.014603
v 0.014753 0.009044 -0.014574
v 0.014766 0.009044 -0.014591
v 0.014795 0.009044 -0.014572
v 0.014789 0.009044 -0.014572
v 0.014983 0.009044 -0.014574
v 0.014753 0.009044 -0.014661
v 0.014806 0.009044 -0.014631
v 0.014995 0.009044 -0.014634
v 0.015001 0.009044 -0.014633
v 0.014764 0.009044 -0.014603
v 0.014764 0.009044 -0.014597
v 0.014597 0.009044 -0.014677
v 0.014597 0.009044 -0.014661
v 0.014795 0.009044 -0.014634
v 0.014801 0.009044 -0.014633
v 0.015393 0.009044 -0.014661
v 0.015237 0.009044 -0.014574
v 0.015195 0.009044 -0.014634
v 0.015201 0.009044 -0.014633
v 0.015006 0.009044 -0.014631
v 0.015025 0.009044 -0.014609
v 0.015164 0.009044 -0.014609
v 0.015023 0.009044 -0.014615
v 0.015026 0.009044 -0.014603
v 0.015166 0.009044 -0.014615
v 0.015020 0.009044 -0.014620
v 0.015169 0.009044 -0.014620
v 0.015017 0.009044 -0.014625
v 0.015173 0.009044 -0.014625
v 0.015177 0.009044 -0.014629
v 0.014989 0.009044 -0.014633
v 0.014983 0.009044 -0.014631
v 0.014812 0.009044 -0.014629
v 0.014817 0.009044 -0.014625
v 0.015189 0.009044 -0.014633
v 0.014973 0.009044 -0.014625
v 0.014977 0.009044 -0.014629
v 0.014820 0.009044 -0.014620
v 0.014969 0.009044 -0.014620
v 0.015183 0.009044 -0.014631
v 0.014966 0.009044 -0.014615
v 0.014964 0.009044 -0.014609
v 0.014823 0.009044 -0.014615
v 0.014825 0.009044 -0.014609
v 0.014826 0.009044 -0.014603
v 0.014964 0.009044 -0.014603
v 0.014964 0.009044 -0.014597
v 0.014825 0.009044 -0.014597
v 0.014966 0.009044 -0.014591
v 0.014973 0.009044 -0.014581
v 0.014977 0.009044 -0.014577
v 0.014817 0.009044 -0.014581
v 0.014812 0.009044 -0.014577
v 0.015001 0.009044 -0.014572
v 0.015006 0.009044 -0.014574
v 0.015177 0.009044 -0.014577
v 0.015173 0.009044 -0.014581
v 0.014801 0.009044 -0.014572
v 0.015017 0.009044 -0.014581
v 0.015012 0.009044 -0.014577
v 0.015169 0.009044 -0.014586
v 0.015020 0.009044 -0.014586
v 0.015164 0.009044 -0.014597
v 0.015164 0.009044 -0.014603
v 0.014823 0.009044 -0.014591
v 0.014820 0.009044 -0.014586
v 0.014969 0.009044 -0.014586
v 0.015012 0.009044 -0.014629
v 0.014789 0.009044 -0.014633
v 0.014783 0.009044 -0.014631
v 0.014777 0.009044 -0.014629
v 0.014773 0.009044 -0.014625
v 0.014769 0.009044 -0.014620
v 0.014766 0.009044 -0.014615
v 0.014753 0.009044 -0.014632
v 0.014764 0.009044 -0.014609
v 0.014769 0.009044 -0.014586
v 0.014783 0.009044 -0.014574
v 0.014777 0.009044 -0.014577
v 0.014773 0.009044 -0.014581
v 0.015023 0.009044 -0.014591
v 0.014806 0.009044 -0.014574
v 0.015166 0.009044 -0.014591
v 0.015225 0.009044 -0.014609
v 0.015237 0.009044 -0.014632
v 0.015223 0.009044 -0.014615
v 0.015220 0.009044 -0.014620
v 0.015217 0.009044 -0.014625
v 0.015212 0.009044 -0.014629
v 0.015206 0.009044 -0.014631
v 0.015025 0.009044 -0.014597
v 0.015201 0.009044 -0.014572
v 0.015206 0.009044 -0.014574
v 0.015212 0.009044 -0.014577
v 0.015217 0.009044 -0.014581
v 0.015220 0.009044 -0.014586
v 0.015370 0.009014 -0.014763
v 0.014620 0.009014 -0.014763
v 0.015370 0.009039 -0.014763
v 0.014620 0.009014 -0.014763
v 0.014620 0.009039 -0.014763
v 0.014689 0.009014 -0.014631
v 0.014680 0.008999 -0.014631
v 0.014678 0.008999 -0.014631
v 0.014595 0.009014 -0.014631
v 0.014675 0.008994 -0.014631
v 0.014595 0.008944 -0.014631
v 0.014595 0.008944 -0.014631
v 0.014675 0.008944 -0.014631
v 0.014595 0.009014 -0.014631
v 0.014675 0.008996 -0.014631
v 0.014676 0.008998 -0.014631
v 0.014689 0.009014 -0.014631
v 0.014689 0.009014 -0.014631
v 0.014595 0.009014 -0.014631
v 0.014595 0.009014 -0.014631
v 0.014714 0.008999 -0.014631
v 0.014782 0.009014 -0.014631
v 0.014782 0.008979 -0.014631
v 0.014714 0.008944 -0.014631
v 0.014782 0.008944 -0.014631
v 0.014689 0.009014 -0.014631
v 0.014689 0.009014 -0.014631
v 0.014782 0.009014 -0.014631
v 0.014782 0.008944 -0.014631
v 0.015379 0.008944 -0.014686
v 0.015374 0.008944 -0.014687
v 0.015370 0.008944 -0.014688
v 0.015384 0.008944 -0.014684
v 0.015387 0.008944 -0.014681
v 0.015390 0.008944 -0.014677
v 0.015393 0.008944 -0.014672
v 0.015394 0.008944 -0.014668
v 0.015395 0.008944 -0.014663
v 0.015315 0.008944 -0.014663
v 0.015395 0.008944 -0.014631
v 0.015315 0.008944 -0.014631
v 0.015395 0.008944 -0.014631
v 0.015340 0.008944 -0.014688
v 0.015319 0.008944 -0.014677
v 0.015317 0.008944 -0.014672
v 0.015322 0.008944 -0.014681
v 0.015330 0.008944 -0.014686
v 0.015326 0.008944 -0.014684
v 0.015335 0.008944 -0.014687
v 0.015315 0.008944 -0.014668
v 0.015340 0.008944 -0.014688
v 0.015370 0.008944 -0.014688
v 0.015340 0.008934 -0.014688
v 0.015370 0.008944 -0.014688
v 0.015370 0.008934 -0.014688
v 0.015380 0.008914 -0.014673
v 0.015380 0.008894 -0.014654
v 0.015330 0.008914 -0.014673
v 0.015373 0.008923 -0.014683
v 0.015377 0.008921 -0.014681
v 0.015370 0.008924 -0.014683
v 0.015379 0.008918 -0.014677
v 0.015330 0.008918 -0.014677
v 0.015340 0.008924 -0.014683
v 0.015333 0.008921 -0.014681
v 0.015336 0.008923 -0.014683
v 0.015330 0.008894 -0.014654
v 0.015380 0.008894 -0.014654
v 0.015315 0.008894 -0.014633
v 0.015330 0.008894 -0.014654
v 0.015380 0.008894 -0.014654
v 0.015380 0.008894 -0.014552
v 0.015330 0.008894 -0.014654
v 0.015316 0.008894 -0.014641
v 0.015330 0.008894 -0.014654
v 0.015319 0.008894 -0.014648
v 0.015324 0.008894 -0.014652
v 0.015330 0.008894 -0.014654
v 0.015327 0.008894 -0.014653
v 0.015330 0.008894 -0.014654
v 0.015315 0.008894 -0.014573
v 0.015324 0.008894 -0.014553
v 0.015319 0.008894 -0.014558
v 0.015330 0.008894 -0.014552
v 0.015327 0.008894 -0.014552
v 0.015316 0.008894 -0.014565
v 0.015380 0.008914 -0.014532
v 0.015370 0.008924 -0.014522
v 0.015340 0.008924 -0.014522
v 0.015379 0.008918 -0.014528
v 0.015377 0.008921 -0.014525
v 0.015373 0.008923 -0.014523
v 0.015330 0.008914 -0.014532
v 0.015380 0.008894 -0.014552
v 0.015330 0.008894 -0.014552
v 0.015380 0.008894 -0.014552
v 0.015336 0.008923 -0.014523
v 0.015333 0.008921 -0.014525
v 0.015330 0.008918 -0.014528
v 0.015370 0.008944 -0.014518
v 0.015340 0.008944 -0.014518
v 0.015370 0.008934 -0.014518
v 0.015340 0.008934 -0.014518
v 0.015330 0.008944 -0.014520
v 0.015335 0.008944 -0.014518
v 0.015340 0.008944 -0.014518
v 0.015326 0.008944 -0.014522
v 0.015340 0.008944 -0.014518
v 0.015322 0.008944 -0.014525
v 0.015340 0.008944 -0.014518
v 0.015319 0.008944 -0.014529
v 0.015340 0.008944 -0.014518
v 0.015317 0.008944 -0.014533
v 0.015340 0.008944 -0.014518
v 0.015315 0.008944 -0.014538
v 0.015340 0.008944 -0.014518
v 0.015315 0.008944 -0.014543
v 0.015340 0.008944 -0.014518
v 0.015340 0.008944 -0.014518
v 0.015395 0.008944 -0.014543
v 0.015315 0.008944 -0.014574
v 0.015395 0.008944 -0.014574
v 0.015315 0.008944 -0.014574
v 0.015340 0.008944 -0.014518
v 0.015370 0.008944 -0.014518
v 0.015370 0.008944 -0.014518
v 0.015390 0.008944 -0.014529
v 0.015393 0.008944 -0.014533
v 0.015370 0.008944 -0.014518
v 0.015387 0.008944 -0.014525
v 0.015379 0.008944 -0.014520
v 0.015384 0.008944 -0.014522
v 0.015370 0.008944 -0.014518
v 0.015370 0.008944 -0.014518
v 0.015374 0.008944 -0.014518
v 0.015370 0.008944 -0.014518
v 0.015370 0.008944 -0.014518
v 0.015394 0.008944 -0.014538
v 0.015370 0.008944 -0.014518
v 0.015395 0.009014 -0.014521
v 0.015395 0.009039 -0.014527
v 0.015395 0.009039 -0.014468
v 0.015395 0.009031 -0.014574
v 0.015395 0.009014 -0.014574
v 0.015395 0.009031 -0.014603
v 0.015395 0.009031 -0.014631
v 0.015395 0.009014 -0.014631
v 0.015395 0.009031 -0.014660
v 0.015395 0.009014 -0.014631
v 0.015395 0.009014 -0.014685
v 0.015395 0.009014 -0.014738
v 0.015395 0.009039 -0.014738
v 0.015395 0.008944 -0.014574
v 0.015395 0.008909 -0.014558
v 0.015395 0.008944 -0.014631
v 0.015395 0.008944 -0.014574
v 0.015395 0.008944 -0.014631
v 0.015395 0.009014 -0.014574
v 0.015395 0.009014 -0.014574
v 0.015395 0.009031 -0.014546
v 0.015395 0.009014 -0.014521
v 0.015395 0.009014 -0.014468
v 0.015395 0.009014 -0.014521
v 0.015395 0.009039 -0.014528
v 0.015395 0.009014 -0.014521
v 0.015395 0.009014 -0.014521
v 0.015395 0.009040 -0.014529
v 0.015395 0.009042 -0.014530
v 0.015395 0.009041 -0.014530
v 0.015395 0.009042 -0.014545
v 0.015395 0.009041 -0.014546
v 0.015395 0.009042 -0.014545
v 0.015395 0.009014 -0.014574
v 0.015395 0.009042 -0.014546
v 0.015395 0.009042 -0.014546
v 0.015395 0.009014 -0.014574
v 0.015395 0.009014 -0.014631
v 0.015395 0.009039 -0.014678
v 0.015395 0.009040 -0.014677
v 0.015395 0.009041 -0.014676
v 0.015395 0.009042 -0.014661
v 0.015395 0.009041 -0.014660
v 0.015395 0.009042 -0.014660
v 0.015395 0.009042 -0.014660
v 0.015395 0.009042 -0.014660
v 0.015395 0.009042 -0.014676
v 0.015395 0.009014 -0.014685
v 0.015395 0.009039 -0.014679
v 0.015395 0.009014 -0.014685
v 0.015395 0.009014 -0.014631
v 0.015395 0.009014 -0.014685
v 0.015395 0.008944 -0.014574
v 0.015395 0.008944 -0.014543
v 0.015395 0.008924 -0.014543
v 0.015395 0.008924 -0.014663
v 0.015395 0.008944 -0.014631
v 0.015395 0.008909 -0.014648
v 0.015395 0.009014 -0.014685
v 0.015395 0.008944 -0.014631
v 0.015395 0.008944 -0.014663
v 0.015395 0.008944 -0.014574
v 0.015395 0.008944 -0.014631
v 0.015395 0.009014 -0.014574
v 0.015395 0.008944 -0.014631
v 0.015395 0.009014 -0.014631
v 0.014595 0.009014 -0.014521
v 0.014595 0.009039 -0.014468
v 0.014595 0.009039 -0.014527
v 0.014595 0.009031 -0.014574
v 0.014595 0.009031 -0.014603
v 0.014595 0.009014 -0.014574
v 0.014595 0.009031 -0.014631
v 0.014595 0.009031 -0.014660
v 0.014595 0.009014 -0.014631
v 0.014595 0.009014 -0.014631
v 0.014595 0.009014 -0.014685
v 0.014595 0.009039 -0.014738
v 0.014595 0.009014 -0.014738
v 0.014595 0.008909 -0.014558
v 0.014595 0.008944 -0.014574
v 0.014595 0.008909 -0.014648
v 0.014595 0.008924 -0.014543
v 0.014595 0.008944 -0.014574
v 0.014595 0.009014 -0.014521
v 0.014595 0.009031 -0.014546
v 0.014595 0.009014 -0.014574
v 0.014595 0.008944 -0.014574
v 0.014595 0.009014 -0.014574
v 0.014595 0.008944 -0.014631
v 0.014595 0.009014 -0.014574
v 0.014595 0.009014 -0.014631
v 0.014595 0.009014 -0.014574
v 0.014595 0.009014 -0.014631
v 0.014595 0.008944 -0.014631
v 0.014595 0.009014 -0.014468
v 0.014595 0.009014 -0.014521
v 0.014595 0.009014 -0.014521
v 0.014595 0.009039 -0.014528
v 0.014595 0.009041 -0.014530
v 0.014595 0.009042 -0.014545
v 0.014595 0.009040 -0.014529
v 0.014595 0.009042 -0.014530
v 0.014595 0.009041 -0.014546
v 0.014595 0.009042 -0.014545
v 0.014595 0.009014 -0.014574
v 0.014595 0.009042 -0.014546
v 0.014595 0.009042 -0.014546
v 0.014595 0.009014 -0.014521
v 0.014595 0.009040 -0.014677
v 0.014595 0.009039 -0.014678
v 0.014595 0.009041 -0.014676
v 0.014595 0.009042 -0.014661
v 0.014595 0.009041 -0.014660
v 0.014595 0.009042 -0.014660
v 0.014595 0.009042 -0.014660
v 0.014595 0.009042 -0.014660
v 0.014595 0.009042 -0.014676
v 0.014595 0.009014 -0.014685
v 0.014595 0.009014 -0.014685
v 0.014595 0.009039 -0.014679
v 0.014595 0.008944 -0.014631
v 0.014595 0.008924 -0.014663
v 0.014595 0.008944 -0.014543
v 0.014595 0.008944 -0.014574
v 0.014595 0.009014 -0.014685
v 0.014595 0.009014 -0.014685
v 0.014595 0.009014 -0.014631
v 0.014595 0.008944 -0.014631
v 0.014595 0.008944 -0.014663
v 0.014595 0.008944 -0.014631
v 0.014595 0.008944 -0.014574
v 0.015315 0.008894 -0.014573
v 0.015315 0.008944 -0.014574
v 0.015315 0.008894 -0.014633
v 0.015315 0.008924 -0.014543
v 0.015315 0.008944 -0.014543
v 0.015315 0.008944 -0.014574
v 0.015315 0.008944 -0.014574
v 0.015315 0.008994 -0.014574
v 0.015315 0.008944 -0.014631
v 0.015315 0.008944 -0.014574
v 0.015315 0.008894 -0.014573
v 0.015315 0.008994 -0.014574
v 0.015315 0.008994 -0.014631
v 0.015315 0.008944 -0.014631
v 0.015315 0.008944 -0.014631
v 0.015315 0.008924 -0.014663
v 0.015315 0.008894 -0.014633
v 0.015315 0.008944 -0.014631
v 0.015315 0.008944 -0.014663
v 0.015315 0.008944 -0.014631
v 0.015315 0.008894 -0.014633
v 0.015315 0.008944 -0.014574
v 0.015280 0.008954 -0.014582
v 0.015276 0.008999 -0.014574
v 0.015276 0.008944 -0.014574
v 0.015262 0.008909 -0.014551
v 0.015276 0.008944 -0.014574
v 0.015250 0.008929 -0.014530
v 0.015280 0.008909 -0.014582
v 0.015276 0.008944 -0.014574
v 0.015280 0.008999 -0.014582
v 0.015276 0.008999 -0.014574
v 0.015276 0.008944 -0.014574
v 0.015276 0.008944 -0.014574
v 0.015250 0.008944 -0.014530
v 0.015280 0.008954 -0.014624
v 0.015280 0.008909 -0.014624
v 0.015276 0.008944 -0.014631
v 0.015262 0.008909 -0.014655
v 0.015276 0.008944 -0.014631
v 0.015250 0.008929 -0.014675
v 0.015250 0.008944 -0.014675
v 0.015276 0.008944 -0.014631
v 0.015276 0.008944 -0.014631
v 0.015276 0.008999 -0.014631
v 0.015280 0.008999 -0.014624
v 0.015276 0.008999 -0.014631
v 0.015276 0.008944 -0.014631
v 0.015281 0.008909 -0.014584
v 0.015281 0.008909 -0.014621
v 0.015281 0.008999 -0.014584
v 0.015281 0.008999 -0.014621
v 0.014709 0.008954 -0.014582
v 0.014709 0.008909 -0.014582
v 0.014714 0.008944 -0.014574
v 0.014727 0.008909 -0.014551
v 0.014714 0.008944 -0.014574
v 0.014739 0.008929 -0.014530
v 0.014714 0.008944 -0.014574
v 0.014714 0.008944 -0.014574
v 0.014739 0.008944 -0.014530
v 0.014714 0.008999 -0.014574
v 0.014714 0.008944 -0.014574
v 0.014714 0.008999 -0.014574
v 0.014709 0.008999 -0.014582
v 0.014709 0.008954 -0.014624
v 0.014714 0.008999 -0.014631
v 0.014714 0.008944 -0.014631
v 0.014739 0.008929 -0.014675
v 0.014714 0.008944 -0.014631
v 0.014739 0.008944 -0.014675
v 0.014727 0.008909 -0.014655
v 0.014714 0.008944 -0.014631
v 0.014709 0.008999 -0.014624
v 0.014714 0.008999 -0.014631
v 0.014714 0.008944 -0.014631
v 0.014709 0.008909 -0.014624
v 0.014714 0.008944 -0.014631
v 0.014675 0.008924 -0.014543
v 0.014675 0.008944 -0.014574
v 0.014675 0.008944 -0.014543
v 0.014675 0.008909 -0.014558
v 0.014675 0.008909 -0.014648
v 0.014675 0.008944 -0.014574
v 0.014675 0.008924 -0.014663
v 0.014675 0.008944 -0.014663
v 0.014675 0.008944 -0.014631
v 0.014675 0.008944 -0.014631
v 0.014675 0.008994 -0.014631
v 0.014675 0.008944 -0.014574
v 0.014675 0.008944 -0.014631
v 0.014675 0.008994 -0.014631
v 0.014675 0.008994 -0.014574
v 0.014675 0.008944 -0.014574
v 0.014675 0.008944 -0.014574
v 0.014675 0.008944 -0.014574
v 0.014675 0.008944 -0.014631
v 0.014709 0.008909 -0.014621
v 0.014709 0.008909 -0.014584
v 0.014709 0.008999 -0.014621
v 0.014709 0.008999 -0.014584
v 0.015166 0.008894 -0.014553
v 0.015166 0.008929 -0.014553
v 0.015180 0.008894 -0.014553
v 0.015180 0.008894 -0.014553
v 0.015195 0.008894 -0.014553
v 0.015195 0.008894 -0.014553
v 0.015223 0.008929 -0.014553
v 0.015209 0.008894 -0.014553
v 0.015195 0.008894 -0.014553
v 0.015223 0.008894 -0.014553
v 0.015209 0.008894 -0.014553
v 0.015223 0.008894 -0.014553
v 0.015223 0.008929 -0.014553
v 0.015252 0.008894 -0.014603
v 0.015252 0.008894 -0.014603
v 0.015223 0.008929 -0.014553
v 0.015252 0.008929 -0.014603
v 0.015252 0.008894 -0.014603
v 0.015252 0.008929 -0.014603
v 0.015223 0.008894 -0.014653
v 0.015223 0.008894 -0.014653
v 0.015252 0.008929 -0.014603
v 0.015223 0.008929 -0.014653
v 0.015223 0.008894 -0.014653
v 0.015223 0.008929 -0.014653
v 0.015209 0.008894 -0.014653
v 0.015209 0.008894 -0.014653
v 0.015223 0.008929 -0.014653
v 0.015195 0.008894 -0.014653
v 0.015195 0.008894 -0.014653
v 0.015223 0.008929 -0.014653
v 0.015166 0.008929 -0.014653
v 0.015180 0.008894 -0.014653
v 0.015195 0.008894 -0.014653
v 0.015166 0.008894 -0.014653
v 0.015180 0.008894 -0.014653
v 0.015166 0.008894 -0.014653
v 0.015166 0.008929 -0.014653
v 0.015137 0.008894 -0.014603
v 0.015137 0.008894 -0.014603
v 0.015166 0.008929 -0.014653
v 0.015137 0.008929 -0.014603
v 0.015137 0.008894 -0.014603
v 0.015137 0.008929 -0.014603
v 0.015166 0.008894 -0.014553
v 0.015166 0.008894 -0.014553
v 0.015137 0.008929 -0.014603
v 0.015166 0.008929 -0.014553
v 0.014766 0.008894 -0.014553
v 0.014766 0.008929 -0.014553
v 0.014780 0.008894 -0.014553
v 0.014780 0.008894 -0.014553
v 0.014795 0.008894 -0.014553
v 0.014795 0.008894 -0.014553
v 0.014823 0.008929 -0.014553
v 0.014809 0.008894 -0.014553
v 0.014795 0.008894 -0.014553
v 0.014823 0.008894 -0.014553
v 0.014809 0.008894 -0.014553
v 0.014823 0.008894 -0.014553
v 0.014823 0.008929 -0.014553
v 0.014852 0.008894 -0.014603
v 0.014852 0.008894 -0.014603
v 0.014823 0.008929 -0.014553
v 0.014852 0.008929 -0.014603
v 0.014852 0.008894 -0.014603
v 0.014852 0.008929 -0.014603
v 0.014823 0.008894 -0.014653
v 0.014823 0.008894 -0.014653
v 0.014852 0.008929 -0.014603
v 0.014823 0.008929 -0.014653
v 0.014823 0.008894 -0.014653
v 0.014823 0.008929 -0.014653
v 0.014809 0.008894 -0.014653
v 0.014809 0.008894 -0.014653
v 0.014823 0.008929 -0.014653
v 0.014795 0.008894 -0.014653
v 0.014795 0.008894 -0.014653
v 0.014823 0.008929 -0.014653
v 0.014766 0.008929 -0.014653
v 0.014780 0.008894 -0.014653
v 0.014795 0.008894 -0.014653
v 0.014766 0.008894 -0.014653
v 0.014780 0.008894 -0.014653
v 0.014766 0.008894 -0.014653
v 0.014766 0.008929 -0.014653
v 0.014737 0.008894 -0.014603
v 0.014737 0.008894 -0.014603
v 0.014766 0.008929 -0.014653
v 0.014737 0.008929 -0.014603
v 0.014737 0.008894 -0.014603
v 0.014737 0.008929 -0.014603
v 0.014766 0.008894 -0.014553
v 0.014766 0.008894 -0.014553
v 0.014737 0.008929 -0.014603
v 0.014766 0.008929 -0.014553
v 0.014766 0.008929 -0.014653
v 0.014789 0.008929 -0.014633
v 0.014780 0.008929 -0.014630
v 0.014766 0.008929 -0.014653
v 0.014823 0.008929 -0.014653
v 0.014798 0.008929 -0.014634
v 0.014737 0.008929 -0.014603
v 0.014764 0.008929 -0.014600
v 0.014766 0.008929 -0.014591
v 0.014766 0.008929 -0.014553
v 0.014786 0.008929 -0.014573
v 0.014795 0.008929 -0.014572
v 0.014852 0.008929 -0.014603
v 0.014826 0.008929 -0.014603
v 0.014824 0.008929 -0.014612
v 0.014766 0.008929 -0.014653
v 0.014825 0.008929 -0.014597
v 0.014852 0.008929 -0.014603
v 0.014823 0.008929 -0.014591
v 0.014852 0.008929 -0.014603
v 0.014852 0.008929 -0.014603
v 0.014820 0.008929 -0.014586
v 0.014852 0.008929 -0.014603
v 0.014823 0.008929 -0.014553
v 0.014817 0.008929 -0.014581
v 0.014823 0.008929 -0.014553
v 0.014812 0.008929 -0.014577
v 0.014823 0.008929 -0.014553
v 0.014806 0.008929 -0.014574
v 0.014823 0.008929 -0.014553
v 0.014823 0.008929 -0.014553
v 0.014801 0.008929 -0.014572
v 0.014766 0.008929 -0.014553
v 0.014777 0.008929 -0.014577
v 0.014766 0.008929 -0.014553
v 0.014823 0.008929 -0.014553
v 0.014766 0.008929 -0.014553
v 0.014771 0.008929 -0.014583
v 0.014766 0.008929 -0.014553
v 0.014766 0.008929 -0.014553
v 0.014737 0.008929 -0.014603
v 0.014823 0.008929 -0.014553
v 0.014767 0.008929 -0.014617
v 0.014737 0.008929 -0.014603
v 0.014766 0.008929 -0.014653
v 0.014764 0.008929 -0.014609
v 0.014737 0.008929 -0.014603
v 0.014773 0.008929 -0.014625
v 0.014766 0.008929 -0.014653
v 0.014766 0.008929 -0.014653
v 0.014806 0.008929 -0.014631
v 0.014823 0.008929 -0.014653
v 0.014814 0.008929 -0.014627
v 0.014823 0.008929 -0.014653
v 0.014823 0.008929 -0.014653
v 0.014820 0.008929 -0.014620
v 0.014823 0.008929 -0.014653
v 0.014852 0.008929 -0.014603
v 0.014737 0.008929 -0.014603
v 0.014852 0.008929 -0.014603
v 0.015223 0.008929 -0.014553
v 0.015201 0.008929 -0.014572
v 0.015206 0.008929 -0.014574
v 0.015223 0.008929 -0.014553
v 0.015166 0.008929 -0.014553
v 0.015195 0.008929 -0.014572
v 0.015252 0.008929 -0.014603
v 0.015226 0.008929 -0.014603
v 0.015224 0.008929 -0.014612
v 0.015223 0.008929 -0.014653
v 0.015198 0.008929 -0.014634
v 0.015166 0.008929 -0.014653
v 0.015137 0.008929 -0.014603
v 0.015164 0.008929 -0.014600
v 0.015166 0.008929 -0.014591
v 0.015223 0.008929 -0.014553
v 0.015225 0.008929 -0.014597
v 0.015252 0.008929 -0.014603
v 0.015223 0.008929 -0.014591
v 0.015252 0.008929 -0.014603
v 0.015252 0.008929 -0.014603
v 0.015220 0.008929 -0.014586
v 0.015252 0.008929 -0.014603
v 0.015223 0.008929 -0.014553
v 0.015217 0.008929 -0.014581
v 0.015223 0.008929 -0.014553
v 0.015212 0.008929 -0.014577
v 0.015223 0.008929 -0.014553
v 0.015223 0.008929 -0.014553
v 0.015186 0.008929 -0.014573
v 0.015166 0.008929 -0.014553
v 0.015177 0.008929 -0.014577
v 0.015166 0.008929 -0.014553
v 0.015166 0.008929 -0.014553
v 0.015171 0.008929 -0.014583
v 0.015166 0.008929 -0.014553
v 0.015166 0.008929 -0.014553
v 0.015137 0.008929 -0.014603
v 0.015167 0.008929 -0.014617
v 0.015137 0.008929 -0.014603
v 0.015166 0.008929 -0.014653
v 0.015164 0.008929 -0.014609
v 0.015137 0.008929 -0.014603
v 0.015173 0.008929 -0.014625
v 0.015166 0.008929 -0.014653
v 0.015180 0.008929 -0.014630
v 0.015166 0.008929 -0.014653
v 0.015166 0.008929 -0.014653
v 0.015189 0.008929 -0.014633
v 0.015206 0.008929 -0.014631
v 0.015223 0.008929 -0.014653
v 0.015214 0.008929 -0.014627
v 0.015223 0.008929 -0.014653
v 0.015223 0.008929 -0.014653
v 0.015220 0.008929 -0.014620
v 0.015223 0.008929 -0.014653
v 0.015252 0.008929 -0.014603
v 0.015137 0.008929 -0.014603
v 0.015252 0.008929 -0.014603
v 0.015166 0.008929 -0.014653
v 0.015393 0.009043 -0.014678
v 0.015393 0.009042 -0.014678
v 0.014995 0.009043 -0.014678
v 0.014995 0.009042 -0.014678
v 0.014597 0.009042 -0.014678
v 0.014597 0.009043 -0.014678
v 0.015393 0.009041 -0.014679
v 0.015340 0.009041 -0.014696
v 0.015335 0.009041 -0.014696
v 0.015329 0.009041 -0.014696
v 0.015249 0.009041 -0.014688
v 0.015393 0.009041 -0.014738
v 0.015361 0.009041 -0.014718
v 0.015362 0.009041 -0.014723
v 0.015361 0.009041 -0.014728
v 0.015360 0.009041 -0.014733
v 0.015392 0.009041 -0.014742
v 0.015386 0.009041 -0.014754
v 0.015382 0.009041 -0.014757
v 0.015391 0.009041 -0.014747
v 0.015357 0.009041 -0.014738
v 0.015370 0.009041 -0.014761
v 0.015229 0.009041 -0.014738
v 0.015329 0.009041 -0.014749
v 0.015029 0.009041 -0.014738
v 0.014620 0.009041 -0.014761
v 0.014961 0.009041 -0.014738
v 0.014644 0.009041 -0.014748
v 0.014649 0.009041 -0.014749
v 0.014655 0.009041 -0.014750
v 0.014660 0.009041 -0.014749
v 0.014632 0.009041 -0.014738
v 0.014636 0.009041 -0.014742
v 0.014615 0.009041 -0.014760
v 0.014611 0.009041 -0.014759
v 0.014607 0.009041 -0.014757
v 0.014597 0.009041 -0.014738
v 0.014628 0.009041 -0.014723
v 0.014628 0.009041 -0.014728
v 0.014597 0.009041 -0.014679
v 0.014660 0.009041 -0.014696
v 0.014655 0.009041 -0.014696
v 0.015029 0.009041 -0.014688
v 0.014995 0.009041 -0.014679
v 0.015049 0.009041 -0.014688
v 0.015049 0.009041 -0.014738
v 0.015229 0.009041 -0.014688
v 0.014761 0.009041 -0.014738
v 0.014941 0.009041 -0.014738
v 0.015249 0.009041 -0.014738
v 0.015312 0.009041 -0.014738
v 0.015316 0.009041 -0.014742
v 0.014741 0.009041 -0.014688
v 0.014761 0.009041 -0.014688
v 0.014741 0.009041 -0.014738
v 0.014677 0.009041 -0.014738
v 0.014680 0.009041 -0.014733
v 0.014941 0.009041 -0.014688
v 0.014665 0.009041 -0.014698
v 0.014670 0.009041 -0.014700
v 0.014961 0.009041 -0.014688
v 0.014674 0.009041 -0.014742
v 0.014670 0.009041 -0.014745
v 0.015320 0.009041 -0.014745
v 0.015324 0.009041 -0.014748
v 0.014677 0.009041 -0.014708
v 0.014674 0.009041 -0.014704
v 0.015308 0.009041 -0.014718
v 0.015308 0.009041 -0.014723
v 0.014665 0.009041 -0.014748
v 0.015308 0.009041 -0.014728
v 0.015310 0.009041 -0.014733
v 0.015335 0.009041 -0.014750
v 0.015340 0.009041 -0.014749
v 0.015345 0.009041 -0.014748
v 0.015350 0.009041 -0.014745
v 0.015354 0.009041 -0.014742
v 0.014640 0.009041 -0.014745
v 0.015378 0.009041 -0.014759
v 0.015374 0.009041 -0.014760
v 0.015389 0.009041 -0.014751
v 0.015360 0.009041 -0.014712
v 0.015350 0.009041 -0.014700
v 0.015354 0.009041 -0.014704
v 0.015357 0.009041 -0.014708
v 0.015345 0.009041 -0.014698
v 0.015324 0.009041 -0.014698
v 0.014680 0.009041 -0.014712
v 0.015320 0.009041 -0.014700
v 0.014681 0.009041 -0.014718
v 0.015316 0.009041 -0.014704
v 0.014682 0.009041 -0.014723
v 0.014630 0.009041 -0.014733
v 0.014628 0.009041 -0.014718
v 0.014597 0.009041 -0.014742
v 0.014598 0.009041 -0.014747
v 0.014600 0.009041 -0.014751
v 0.014603 0.009041 -0.014754
v 0.014681 0.009041 -0.014728
v 0.015310 0.009041 -0.014712
v 0.015312 0.009041 -0.014708
v 0.014649 0.009041 -0.014696
v 0.014644 0.009041 -0.014698
v 0.014640 0.009041 -0.014700
v 0.014636 0.009041 -0.014704
v 0.014632 0.009041 -0.014708
v 0.014630 0.009041 -0.014712
v 0.015357 0.009041 -0.014468
v 0.015370 0.009041 -0.014445
v 0.015374 0.009041 -0.014445
v 0.015378 0.009041 -0.014447
v 0.015382 0.009041 -0.014449
v 0.015360 0.009041 -0.014472
v 0.015386 0.009041 -0.014452
v 0.015389 0.009041 -0.014455
v 0.015391 0.009041 -0.014459
v 0.015392 0.009041 -0.014463
v 0.015393 0.009041 -0.014527
v 0.015329 0.009041 -0.014509
v 0.015335 0.009041 -0.014510
v 0.014597 0.009041 -0.014527
v 0.014649 0.009041 -0.014509
v 0.014655 0.009041 -0.014510
v 0.014660 0.009041 -0.014509
v 0.014741 0.009041 -0.014518
v 0.014597 0.009041 -0.014468
v 0.014628 0.009041 -0.014488
v 0.014628 0.009041 -0.014483
v 0.014628 0.009041 -0.014478
v 0.014630 0.009041 -0.014472
v 0.014597 0.009041 -0.014463
v 0.014603 0.009041 -0.014452
v 0.014607 0.009041 -0.014449
v 0.014598 0.009041 -0.014459
v 0.014632 0.009041 -0.014468
v 0.014620 0.009041 -0.014445
v 0.014761 0.009041 -0.014468
v 0.014660 0.009041 -0.014456
v 0.015335 0.009041 -0.014456
v 0.015329 0.009041 -0.014456
v 0.015229 0.009041 -0.014468
v 0.015049 0.009041 -0.014468
v 0.014741 0.009041 -0.014468
v 0.014681 0.009041 -0.014478
v 0.014680 0.009041 -0.014472
v 0.014677 0.009041 -0.014468
v 0.014761 0.009041 -0.014518
v 0.014995 0.009041 -0.014527
v 0.014682 0.009041 -0.014483
v 0.014681 0.009041 -0.014488
v 0.014941 0.009041 -0.014468
v 0.014941 0.009041 -0.014518
v 0.014961 0.009041 -0.014518
v 0.014961 0.009041 -0.014468
v 0.015029 0.009041 -0.014468
v 0.015029 0.009041 -0.014518
v 0.015049 0.009041 -0.014518
v 0.014680 0.009041 -0.014493
v 0.015229 0.009041 -0.014518
v 0.015249 0.009041 -0.014518
v 0.015249 0.009041 -0.014468
v 0.015312 0.009041 -0.014468
v 0.015310 0.009041 -0.014472
v 0.014600 0.009041 -0.014455
v 0.014630 0.009041 -0.014493
v 0.014632 0.009041 -0.014498
v 0.014636 0.009041 -0.014502
v 0.014640 0.009041 -0.014505
v 0.014644 0.009041 -0.014508
v 0.014665 0.009041 -0.014508
v 0.015320 0.009041 -0.014505
v 0.015324 0.009041 -0.014508
v 0.015316 0.009041 -0.014502
v 0.015312 0.009041 -0.014498
v 0.015310 0.009041 -0.014493
v 0.015308 0.009041 -0.014488
v 0.014670 0.009041 -0.014505
v 0.014674 0.009041 -0.014502
v 0.015308 0.009041 -0.014483
v 0.015308 0.009041 -0.014478
v 0.014655 0.009041 -0.014456
v 0.014649 0.009041 -0.014456
v 0.014644 0.009041 -0.014458
v 0.014640 0.009041 -0.014460
v 0.014636 0.009041 -0.014464
v 0.014615 0.009041 -0.014445
v 0.014611 0.009041 -0.014447
v 0.014674 0.009041 -0.014464
v 0.015320 0.009041 -0.014460
v 0.015316 0.009041 -0.014464
v 0.014677 0.009041 -0.014498
v 0.015340 0.009041 -0.014509
v 0.015345 0.009041 -0.014508
v 0.015350 0.009041 -0.014505
v 0.015354 0.009041 -0.014502
v 0.015357 0.009041 -0.014498
v 0.015360 0.009041 -0.014493
v 0.015361 0.009041 -0.014488
v 0.015393 0.009041 -0.014468
v 0.015362 0.009041 -0.014483
v 0.015361 0.009041 -0.014478
v 0.015350 0.009041 -0.014460
v 0.015354 0.009041 -0.014464
v 0.015345 0.009041 -0.014458
v 0.015340 0.009041 -0.014456
v 0.014665 0.009041 -0.014458
v 0.015324 0.009041 -0.014458
v 0.014670 0.009041 -0.014460
v 0.015393 0.009042 -0.014528
v 0.015393 0.009043 -0.014528
v 0.014995 0.009042 -0.014528
v 0.014995 0.009043 -0.014528
v 0.014597 0.009043 -0.014528
v 0.014597 0.009042 -0.014528
v 0.014709 0.008999 -0.014582
v 0.014680 0.008999 -0.014574
v 0.014709 0.008999 -0.014584
v 0.014709 0.008999 -0.014582
v 0.014714 0.008999 -0.014574
v 0.014680 0.008999 -0.014574
v 0.014709 0.008999 -0.014584
v 0.014680 0.008999 -0.014574
v 0.014709 0.008999 -0.014621
v 0.014709 0.008999 -0.014624
v 0.014680 0.008999 -0.014631
v 0.014714 0.008999 -0.014631
v 0.014680 0.008999 -0.014631
v 0.014709 0.008999 -0.014621
v 0.014680 0.008999 -0.014574
v 0.014680 0.008999 -0.014631
v 0.014709 0.008999 -0.014624
v 0.014709 0.008999 -0.014621
v 0.015280 0.008999 -0.014624
v 0.015310 0.008999 -0.014631
v 0.015281 0.008999 -0.014621
v 0.015280 0.008999 -0.014624
v 0.015276 0.008999 -0.014631
v 0.015310 0.008999 -0.014631
v 0.015281 0.008999 -0.014621
v 0.015310 0.008999 -0.014631
v 0.015281 0.008999 -0.014584
v 0.015280 0.008999 -0.014582
v 0.015310 0.008999 -0.014574
v 0.015276 0.008999 -0.014574
v 0.015310 0.008999 -0.014574
v 0.015281 0.008999 -0.014584
v 0.015310 0.008999 -0.014631
v 0.015310 0.008999 -0.014574
v 0.015280 0.008999 -0.014582
v 0.015281 0.008999 -0.014584
v 0.015029 0.009014 -0.014738
v 0.015029 0.009041 -0.014738
v 0.015029 0.009014 -0.014688
v 0.015029 0.009041 -0.014738
v 0.015029 0.009041 -0.014688
v 0.015029 0.009014 -0.014688
v 0.015029 0.009014 -0.014688
v 0.015029 0.009041 -0.014688
v 0.015049 0.009014 -0.014688
v 0.015029 0.009041 -0.014688
v 0.015049 0.009041 -0.014688
v 0.015049 0.009014 -0.014688
v 0.015049 0.009014 -0.014688
v 0.015049 0.009041 -0.014688
v 0.015049 0.009014 -0.014738
v 0.015049 0.009041 -0.014688
v 0.015049 0.009041 -0.014738
v 0.015049 0.009014 -0.014738
v 0.015049 0.009014 -0.014738
v 0.015049 0.009041 -0.014738
v 0.015029 0.009014 -0.014738
v 0.015049 0.009041 -0.014738
v 0.015029 0.009041 -0.014738
v 0.015029 0.009014 -0.014738
v 0.015229 0.009014 -0.014738
v 0.015229 0.009041 -0.014738
v 0.015229 0.009014 -0.014688
v 0.015229 0.009041 -0.014738
v 0.015229 0.009041 -0.014688
v 0.015229 0.009014 -0.014688
v 0.015229 0.009014 -0.014688
v 0.015229 0.009041 -0.014688
v 0.015249 0.009014 -0.014688
v 0.015229 0.009041 -0.014688
v 0.015249 0.009041 -0.014688
v 0.015249 0.009014 -0.014688
v 0.015249 0.009014 -0.014688
v 0.015249 0.009041 -0.014688
v 0.015249 0.009014 -0.014738
v 0.015249 0.009041 -0.014688
v 0.015249 0.009041 -0.014738
v 0.015249 0.009014 -0.014738
v 0.015249 0.009014 -0.014738
v 0.015249 0.009041 -0.014738
v 0.015229 0.009014 -0.014738
v 0.015249 0.009041 -0.014738
v 0.015229 0.009041 -0.014738
v 0.015229 0.009014 -0.014738
v 0.014741 0.009014 -0.014518
v 0.014741 0.009041 -0.014518
v 0.014741 0.009014 -0.014468
v 0.014741 0.009041 -0.014518
v 0.014741 0.009041 -0.014468
v 0.014741 0.009014 -0.014468
v 0.014741 0.009014 -0.014468
v 0.014741 0.009041 -0.014468
v 0.014761 0.009014 -0.014468
v 0.014741 0.009041 -0.014468
v 0.014761 0.009041 -0.014468
v 0.014761 0.009014 -0.014468
v 0.014761 0.009014 -0.014468
v 0.014761 0.009041 -0.014468
v 0.014761 0.009014 -0.014518
v 0.014761 0.009041 -0.014468
v 0.014761 0.009041 -0.014518
v 0.014761 0.009014 -0.014518
v 0.014761 0.009014 -0.014518
v 0.014761 0.009041 -0.014518
v 0.014741 0.009014 -0.014518
v 0.014761 0.009041 -0.014518
v 0.014741 0.009041 -0.014518
v 0.014741 0.009014 -0.014518
v 0.014941 0.009014 -0.014518
v 0.014941 0.009041 -0.014518
v 0.014941 0.009014 -0.014468
v 0.014941 0.009041 -0.014518
v 0.014941 0.009041 -0.014468
v 0.014941 0.009014 -0.014468
v 0.014941 0.009014 -0.014468
v 0.014941 0.009041 -0.014468
v 0.014961 0.009014 -0.014468
v 0.014941 0.009041 -0.014468
v 0.014961 0.009041 -0.014468
v 0.014961 0.009014 -0.014468
v 0.014961 0.009014 -0.014468
v 0.014961 0.009041 -0.014468
v 0.014961 0.009014 -0.014518
v 0.014961 0.009041 -0.014468
v 0.014961 0.009041 -0.014518
v 0.014961 0.009014 -0.014518
v 0.014961 0.009014 -0.014518
v 0.014961 0.009041 -0.014518
v 0.014941 0.009014 -0.014518
v 0.014961 0.009041 -0.014518
v 0.014941 0.009041 -0.014518
v 0.014941 0.009014 -0.014518
v 0.015029 0.009014 -0.014518
v 0.015029 0.009041 -0.014518
v 0.015029 0.009014 -0.014468
v 0.015029 0.009041 -0.014518
v 0.015029 0.009041 -0.014468
v 0.015029 0.009014 -0.014468
v 0.015029 0.009014 -0.014468
v 0.015029 0.009041 -0.014468
v 0.015049 0.009014 -0.014468
v 0.015029 0.009041 -0.014468
v 0.015049 0.009041 -0.014468
v 0.015049 0.009014 -0.014468
v 0.015049 0.009014 -0.014468
v 0.015049 0.009041 -0.014468
v 0.015049 0.009014 -0.014518
v 0.015049 0.009041 -0.014468
v 0.015049 0.009041 -0.014518
v 0.015049 0.009014 -0.014518
v 0.015049 0.009014 -0.014518
v 0.015049 0.009041 -0.014518
v 0.015029 0.009014 -0.014518
v 0.015049 0.009041 -0.014518
v 0.015029 0.009041 -0.014518
v 0.015029 0.009014 -0.014518
v 0.015229 0.009014 -0.014518
v 0.015229 0.009041 -0.014518
v 0.015229 0.009014 -0.014468
v 0.015229 0.009041 -0.014518
v 0.015229 0.009041 -0.014468
v 0.015229 0.009014 -0.014468
v 0.015229 0.009014 -0.014468
v 0.015229 0.009041 -0.014468
v 0.015249 0.009014 -0.014468
v 0.015229 0.009041 -0.014468
v 0.015249 0.009041 -0.014468
v 0.015249 0.009014 -0.014468
v 0.015249 0.009014 -0.014468
v 0.015249 0.009041 -0.014468
v 0.015249 0.009014 -0.014518
v 0.015249 0.009041 -0.014468
v 0.015249 0.009041 -0.014518
v 0.015249 0.009014 -0.014518
v 0.015249 0.009014 -0.014518
v 0.015249 0.009041 -0.014518
v 0.015229 0.009014 -0.014518
v 0.015249 0.009041 -0.014518
v 0.015229 0.009041 -0.014518
v 0.015229 0.009014 -0.014518
v 0.014741 0.009014 -0.014738
v 0.014741 0.009041 -0.014738
v 0.014741 0.009014 -0.014688
v 0.014741 0.009041 -0.014738
v 0.014741 0.009041 -0.014688
v 0.014741 0.009014 -0.014688
v 0.014741 0.009014 -0.014688
v 0.014741 0.009041 -0.014688
v 0.014761 0.009014 -0.014688
v 0.014741 0.009041 -0.014688
v 0.014761 0.009041 -0.014688
v 0.014761 0.009014 -0.014688
v 0.014761 0.009014 -0.014688
v 0.014761 0.009041 -0.014688
v 0.014761 0.009014 -0.014738
v 0.014761 0.009041 -0.014688
v 0.014761 0.009041 -0.014738
v 0.014761 0.009014 -0.014738
v 0.014761 0.009014 -0.014738
v 0.014761 0.009041 -0.014738
v 0.014741 0.009014 -0.014738
v 0.014761 0.009041 -0.014738
v 0.014741 0.009041 -0.014738
v 0.014741 0.009014 -0.014738
v 0.014941 0.009014 -0.014738
v 0.014941 0.009041 -0.014738
v 0.014941 0.009014 -0.014688
v 0.014941 0.009041 -0.014738
v 0.014941 0.009041 -0.014688
v 0.014941 0.009014 -0.014688
v 0.014941 0.009014 -0.014688
v 0.014941 0.009041 -0.014688
v 0.014961 0.009014 -0.014688
v 0.014941 0.009041 -0.014688
v 0.014961 0.009041 -0.014688
v 0.014961 0.009014 -0.014688
v 0.014961 0.009014 -0.014688
v 0.014961 0.009041 -0.014688
v 0.014961 0.009014 -0.014738
v 0.014961 0.009041 -0.014688
v 0.014961 0.009041 -0.014738
v 0.014961 0.009014 -0.014738
v 0.014961 0.009014 -0.014738
v 0.014961 0.009041 -0.014738
v 0.014941 0.009014 -0.014738
v 0.014961 0.009041 -0.014738
v 0.014941 0.009041 -0.014738
v 0.014941 0.009014 -0.014738
v 0.015383 0.009023 -0.014548
v 0.015383 0.009023 -0.014658
v 0.015382 0.009023 -0.014548
v 0.015382 0.009023 -0.014658
v 0.015364 0.009023 -0.014658
v 0.015364 0.009023 -0.014548
v 0.015362 0.009023 -0.014548
v 0.015362 0.009023 -0.014658
v 0.015393 0.009034 -0.014658
v 0.015393 0.009041 -0.014658
v 0.015392 0.009034 -0.014658
v 0.015240 0.009041 -0.014658
v 0.015305 0.009034 -0.014658
v 0.015340 0.009034 -0.014658
v 0.015255 0.009034 -0.014658
v 0.015290 0.009034 -0.014658
v 0.015257 0.009034 -0.014658
v 0.015240 0.009034 -0.014658
v 0.015288 0.009034 -0.014658
v 0.015258 0.009032 -0.014658
v 0.015287 0.009032 -0.014658
v 0.015264 0.009023 -0.014658
v 0.015287 0.009032 -0.014658
v 0.015258 0.009032 -0.014658
v 0.015258 0.009032 -0.014658
v 0.015261 0.009024 -0.014658
v 0.015264 0.009023 -0.014658
v 0.015287 0.009032 -0.014658
v 0.015264 0.009023 -0.014658
v 0.015282 0.009023 -0.014658
v 0.015287 0.009032 -0.014658
v 0.015282 0.009023 -0.014658
v 0.015284 0.009024 -0.014658
v 0.015283 0.009023 -0.014658
v 0.015284 0.009024 -0.014658
v 0.015282 0.009023 -0.014658
v 0.015258 0.009032 -0.014658
v 0.015307 0.009034 -0.014658
v 0.015338 0.009034 -0.014658
v 0.015308 0.009032 -0.014658
v 0.015337 0.009032 -0.014658
v 0.015314 0.009023 -0.014658
v 0.015337 0.009032 -0.014658
v 0.015308 0.009032 -0.014658
v 0.015314 0.009023 -0.014658
v 0.015308 0.009032 -0.014658
v 0.015311 0.009024 -0.014658
v 0.015262 0.009023 -0.014658
v 0.015264 0.009023 -0.014658
v 0.015261 0.009024 -0.014658
v 0.015337 0.009032 -0.014658
v 0.015314 0.009023 -0.014658
v 0.015332 0.009023 -0.014658
v 0.015337 0.009032 -0.014658
v 0.015332 0.009023 -0.014658
v 0.015334 0.009024 -0.014658
v 0.015333 0.009023 -0.014658
v 0.015334 0.009024 -0.014658
v 0.015332 0.009023 -0.014658
v 0.015308 0.009032 -0.014658
v 0.015388 0.009034 -0.014658
v 0.015390 0.009034 -0.014658
v 0.015355 0.009034 -0.014658
v 0.015357 0.009034 -0.014658
v 0.015358 0.009032 -0.014658
v 0.015387 0.009032 -0.014658
v 0.015364 0.009023 -0.014658
v 0.015387 0.009032 -0.014658
v 0.015358 0.009032 -0.014658
v 0.015364 0.009023 -0.014658
v 0.015358 0.009032 -0.014658
v 0.015361 0.009024 -0.014658
v 0.015312 0.009023 -0.014658
v 0.015314 0.009023 -0.014658
v 0.015311 0.009024 -0.014658
v 0.015387 0.009032 -0.014658
v 0.015382 0.009023 -0.014658
v 0.015384 0.009024 -0.014658
v 0.015364 0.009023 -0.014658
v 0.015382 0.009023 -0.014658
v 0.015387 0.009032 -0.014658
v 0.015383 0.009023 -0.014658
v 0.015384 0.009024 -0.014658
v 0.015382 0.009023 -0.014658
v 0.015364 0.009023 -0.014658
v 0.015361 0.009024 -0.014658
v 0.015362 0.009023 -0.014658
v 0.015358 0.009032 -0.014658
v 0.015240 0.009034 -0.014548
v 0.015240 0.009041 -0.014548
v 0.015255 0.009034 -0.014548
v 0.015257 0.009034 -0.014548
v 0.015288 0.009034 -0.014548
v 0.015258 0.009032 -0.014548
v 0.015290 0.009034 -0.014548
v 0.015258 0.009032 -0.014548
v 0.015287 0.009032 -0.014548
v 0.015264 0.009023 -0.014548
v 0.015258 0.009032 -0.014548
v 0.015287 0.009032 -0.014548
v 0.015258 0.009032 -0.014548
v 0.015264 0.009023 -0.014548
v 0.015261 0.009024 -0.014548
v 0.015287 0.009032 -0.014548
v 0.015282 0.009023 -0.014548
v 0.015264 0.009023 -0.014548
v 0.015287 0.009032 -0.014548
v 0.015284 0.009024 -0.014548
v 0.015282 0.009023 -0.014548
v 0.015283 0.009023 -0.014548
v 0.015282 0.009023 -0.014548
v 0.015284 0.009024 -0.014548
v 0.015305 0.009034 -0.014548
v 0.015393 0.009041 -0.014548
v 0.015340 0.009034 -0.014548
v 0.015307 0.009034 -0.014548
v 0.015338 0.009034 -0.014548
v 0.015308 0.009032 -0.014548
v 0.015337 0.009032 -0.014548
v 0.015314 0.009023 -0.014548
v 0.015308 0.009032 -0.014548
v 0.015337 0.009032 -0.014548
v 0.015314 0.009023 -0.014548
v 0.015311 0.009024 -0.014548
v 0.015308 0.009032 -0.014548
v 0.015262 0.009023 -0.014548
v 0.015261 0.009024 -0.014548
v 0.015264 0.009023 -0.014548
v 0.015337 0.009032 -0.014548
v 0.015332 0.009023 -0.014548
v 0.015314 0.009023 -0.014548
v 0.015337 0.009032 -0.014548
v 0.015334 0.009024 -0.014548
v 0.015332 0.009023 -0.014548
v 0.015333 0.009023 -0.014548
v 0.015332 0.009023 -0.014548
v 0.015334 0.009024 -0.014548
v 0.015355 0.009034 -0.014548
v 0.015357 0.009034 -0.014548
v 0.015388 0.009034 -0.014548
v 0.015358 0.009032 -0.014548
v 0.015387 0.009032 -0.014548
v 0.015358 0.009032 -0.014548
v 0.015387 0.009032 -0.014548
v 0.015364 0.009023 -0.014548
v 0.015358 0.009032 -0.014548
v 0.015312 0.009023 -0.014548
v 0.015311 0.009024 -0.014548
v 0.015314 0.009023 -0.014548
v 0.015308 0.009032 -0.014548
v 0.015387 0.009032 -0.014548
v 0.015384 0.009024 -0.014548
v 0.015382 0.009023 -0.014548
v 0.015364 0.009023 -0.014548
v 0.015387 0.009032 -0.014548
v 0.015382 0.009023 -0.014548
v 0.015383 0.009023 -0.014548
v 0.015382 0.009023 -0.014548
v 0.015384 0.009024 -0.014548
v 0.015364 0.009023 -0.014548
v 0.015362 0.009023 -0.014548
v 0.015361 0.009024 -0.014548
v 0.015392 0.009034 -0.014548
v 0.015393 0.009034 -0.014548
v 0.015390 0.009034 -0.014548
v 0.015358 0.009032 -0.014548
v 0.015364 0.009023 -0.014548
v 0.015361 0.009024 -0.014548
v 0.015392 0.009034 -0.014548
v 0.015392 0.009034 -0.014575
v 0.015390 0.009034 -0.014548
v 0.015390 0.009034 -0.014548
v 0.015392 0.009034 -0.014658
v 0.015390 0.009034 -0.014658
v 0.015392 0.009034 -0.014603
v 0.015392 0.009034 -0.014630
v 0.015390 0.009034 -0.014548
v 0.015392 0.009034 -0.014658
v 0.015390 0.009034 -0.014548
v 0.015390 0.009034 -0.014548
v 0.015355 0.009034 -0.014548
v 0.015355 0.009034 -0.014658
v 0.015340 0.009034 -0.014548
v 0.015340 0.009034 -0.014548
v 0.015355 0.009034 -0.014658
v 0.015340 0.009034 -0.014658
v 0.015305 0.009034 -0.014548
v 0.015305 0.009034 -0.014658
v 0.015290 0.009034 -0.014548
v 0.015290 0.009034 -0.014548
v 0.015305 0.009034 -0.014658
v 0.015290 0.009034 -0.014658
v 0.015240 0.009034 -0.014658
v 0.015240 0.009034 -0.014548
v 0.015255 0.009034 -0.014658
v 0.015255 0.009034 -0.014658
v 0.015240 0.009034 -0.014548
v 0.015255 0.009034 -0.014548
v 0.015240 0.009041 -0.014575
v 0.015240 0.009041 -0.014548
v 0.015240 0.009034 -0.014658
v 0.015240 0.009041 -0.014548
v 0.015240 0.009034 -0.014548
v 0.015240 0.009034 -0.014658
v 0.015240 0.009041 -0.014630
v 0.015240 0.009041 -0.014603
v 0.015240 0.009034 -0.014658
v 0.015240 0.009034 -0.014658
v 0.015240 0.009041 -0.014658
v 0.015240 0.009034 -0.014658
v 0.015239 0.009042 -0.014658
v 0.015393 0.009044 -0.014660
v 0.015393 0.009042 -0.014658
v 0.015239 0.009043 -0.014659
v 0.015238 0.009044 -0.014660
v 0.015393 0.009043 -0.014659
v 0.015239 0.009043 -0.014628
v 0.015239 0.009043 -0.014621
v 0.015239 0.009043 -0.014578
v 0.015239 0.009043 -0.014584
v 0.015239 0.009043 -0.014609
v 0.015239 0.009043 -0.014597
v 0.015239 0.009043 -0.014640
v 0.015240 0.009041 -0.014658
v 0.015239 0.009043 -0.014566
v 0.015239 0.009042 -0.014548
v 0.015240 0.009041 -0.014548
v 0.015240 0.009041 -0.014658
v 0.015239 0.009042 -0.014658
v 0.015240 0.009041 -0.014548
v 0.015238 0.009044 -0.014546
v 0.015239 0.009043 -0.014547
v 0.015238 0.009044 -0.014660
v 0.015239 0.009043 -0.014659
v 0.015238 0.009044 -0.014660
v 0.015239 0.009043 -0.014659
v 0.015239 0.009042 -0.014658
v 0.015238 0.009044 -0.014546
v 0.015239 0.009043 -0.014547
v 0.015238 0.009044 -0.014546
v 0.015239 0.009043 -0.014547
v 0.015239 0.009042 -0.014548
v 0.015239 0.009042 -0.014548
v 0.015393 0.009044 -0.014546
v 0.015393 0.009042 -0.014548
v 0.015239 0.009042 -0.014548
v 0.015239 0.009042 -0.014548
v 0.015393 0.009043 -0.014547
v 0.015239 0.009042 -0.014548
v 0.015394 0.009033 -0.014572
v 0.015394 0.009033 -0.014593
v 0.015392 0.009034 -0.014548
v 0.015393 0.009034 -0.014548
v 0.015394 0.009033 -0.014612
v 0.015394 0.009033 -0.014634
v 0.015394 0.009033 -0.014600
v 0.015392 0.009034 -0.014658
v 0.015394 0.009033 -0.014658
v 0.015393 0.009034 -0.014658
v 0.015392 0.009034 -0.014658
v 0.015393 0.009034 -0.014658
v 0.015393 0.009034 -0.014548
v 0.015394 0.009033 -0.014547
v 0.015392 0.009034 -0.014548
v 0.015388 0.009034 -0.014658
v 0.015388 0.009034 -0.014658
v 0.015388 0.009034 -0.014548
v 0.015388 0.009034 -0.014548
v 0.015390 0.009034 -0.014548
v 0.015390 0.009034 -0.014658
v 0.015388 0.009034 -0.014548
v 0.015390 0.009034 -0.014658
v 0.015388 0.009034 -0.014658
v 0.015357 0.009034 -0.014548
v 0.015355 0.009034 -0.014548
v 0.015357 0.009034 -0.014658
v 0.015355 0.009034 -0.014658
v 0.015357 0.009034 -0.014658
v 0.015355 0.009034 -0.014548
v 0.015357 0.009034 -0.014548
v 0.015357 0.009034 -0.014658
v 0.015357 0.009034 -0.014548
v 0.015338 0.009034 -0.014658
v 0.015338 0.009034 -0.014658
v 0.015338 0.009034 -0.014548
v 0.015338 0.009034 -0.014548
v 0.015340 0.009034 -0.014548
v 0.015340 0.009034 -0.014658
v 0.015338 0.009034 -0.014548
v 0.015340 0.009034 -0.014658
v 0.015338 0.009034 -0.014658
v 0.015307 0.009034 -0.014548
v 0.015305 0.009034 -0.014548
v 0.015307 0.009034 -0.014658
v 0.015305 0.009034 -0.014658
v 0.015307 0.009034 -0.014658
v 0.015305 0.009034 -0.014548
v 0.015307 0.009034 -0.014548
v 0.015307 0.009034 -0.014658
v 0.015307 0.009034 -0.014548
v 0.015288 0.009034 -0.014658
v 0.015288 0.009034 -0.014658
v 0.015288 0.009034 -0.014548
v 0.015288 0.009034 -0.014548
v 0.015290 0.009034 -0.014548
v 0.015290 0.009034 -0.014658
v 0.015288 0.009034 -0.014548
v 0.015290 0.009034 -0.014658
v 0.015288 0.009034 -0.014658
v 0.015257 0.009034 -0.014548
v 0.015255 0.009034 -0.014548
v 0.015257 0.009034 -0.014658
v 0.015255 0.009034 -0.014658
v 0.015257 0.009034 -0.014658
v 0.015255 0.009034 -0.014548
v 0.015257 0.009034 -0.014548
v 0.015257 0.009034 -0.014658
v 0.015257 0.009034 -0.014548
v 0.014627 0.009023 -0.014548
v 0.014627 0.009023 -0.014658
v 0.014626 0.009023 -0.014548
v 0.014626 0.009023 -0.014658
v 0.014608 0.009023 -0.014658
v 0.014608 0.009023 -0.014548
v 0.014606 0.009023 -0.014548
v 0.014606 0.009023 -0.014658
v 0.014597 0.009041 -0.014658
v 0.014649 0.009034 -0.014658
v 0.014684 0.009034 -0.014658
v 0.014597 0.009034 -0.014658
v 0.014598 0.009034 -0.014658
v 0.014601 0.009034 -0.014658
v 0.014602 0.009032 -0.014658
v 0.014632 0.009034 -0.014658
v 0.014599 0.009034 -0.014658
v 0.014602 0.009032 -0.014658
v 0.014631 0.009032 -0.014658
v 0.014608 0.009023 -0.014658
v 0.014631 0.009032 -0.014658
v 0.014602 0.009032 -0.014658
v 0.014602 0.009032 -0.014658
v 0.014605 0.009024 -0.014658
v 0.014608 0.009023 -0.014658
v 0.014631 0.009032 -0.014658
v 0.014626 0.009023 -0.014658
v 0.014628 0.009024 -0.014658
v 0.014627 0.009023 -0.014658
v 0.014628 0.009024 -0.014658
v 0.014626 0.009023 -0.014658
v 0.014651 0.009034 -0.014658
v 0.014634 0.009034 -0.014658
v 0.014682 0.009034 -0.014658
v 0.014652 0.009032 -0.014658
v 0.014681 0.009032 -0.014658
v 0.014658 0.009023 -0.014658
v 0.014681 0.009032 -0.014658
v 0.014652 0.009032 -0.014658
v 0.014658 0.009023 -0.014658
v 0.014652 0.009032 -0.014658
v 0.014655 0.009024 -0.014658
v 0.014606 0.009023 -0.014658
v 0.014608 0.009023 -0.014658
v 0.014605 0.009024 -0.014658
v 0.014631 0.009032 -0.014658
v 0.014608 0.009023 -0.014658
v 0.014626 0.009023 -0.014658
v 0.014681 0.009032 -0.014658
v 0.014658 0.009023 -0.014658
v 0.014676 0.009023 -0.014658
v 0.014681 0.009032 -0.014658
v 0.014676 0.009023 -0.014658
v 0.014678 0.009024 -0.014658
v 0.014677 0.009023 -0.014658
v 0.014678 0.009024 -0.014658
v 0.014676 0.009023 -0.014658
v 0.014652 0.009032 -0.014658
v 0.014699 0.009034 -0.014658
v 0.014734 0.009034 -0.014658
v 0.014750 0.009041 -0.014658
v 0.014701 0.009034 -0.014658
v 0.014702 0.009032 -0.014658
v 0.014731 0.009032 -0.014658
v 0.014732 0.009034 -0.014658
v 0.014708 0.009023 -0.014658
v 0.014731 0.009032 -0.014658
v 0.014702 0.009032 -0.014658
v 0.014708 0.009023 -0.014658
v 0.014702 0.009032 -0.014658
v 0.014705 0.009024 -0.014658
v 0.014656 0.009023 -0.014658
v 0.014658 0.009023 -0.014658
v 0.014655 0.009024 -0.014658
v 0.014731 0.009032 -0.014658
v 0.014726 0.009023 -0.014658
v 0.014728 0.009024 -0.014658
v 0.014708 0.009023 -0.014658
v 0.014726 0.009023 -0.014658
v 0.014731 0.009032 -0.014658
v 0.014727 0.009023 -0.014658
v 0.014728 0.009024 -0.014658
v 0.014726 0.009023 -0.014658
v 0.014702 0.009032 -0.014658
v 0.014708 0.009023 -0.014658
v 0.014705 0.009024 -0.014658
v 0.014706 0.009023 -0.014658
v 0.014750 0.009034 -0.014658
v 0.014599 0.009034 -0.014548
v 0.014597 0.009041 -0.014548
v 0.014601 0.009034 -0.014548
v 0.014598 0.009034 -0.014548
v 0.014602 0.009032 -0.014548
v 0.014631 0.009032 -0.014548
v 0.014608 0.009023 -0.014548
v 0.014632 0.009034 -0.014548
v 0.014608 0.009023 -0.014548
v 0.014605 0.009024 -0.014548
v 0.014602 0.009032 -0.014548
v 0.014631 0.009032 -0.014548
v 0.014628 0.009024 -0.014548
v 0.014626 0.009023 -0.014548
v 0.014627 0.009023 -0.014548
v 0.014626 0.009023 -0.014548
v 0.014628 0.009024 -0.014548
v 0.014634 0.009034 -0.014548
v 0.014649 0.009034 -0.014548
v 0.014684 0.009034 -0.014548
v 0.014651 0.009034 -0.014548
v 0.014682 0.009034 -0.014548
v 0.014652 0.009032 -0.014548
v 0.014681 0.009032 -0.014548
v 0.014658 0.009023 -0.014548
v 0.014652 0.009032 -0.014548
v 0.014681 0.009032 -0.014548
v 0.014608 0.009023 -0.014548
v 0.014631 0.009032 -0.014548
v 0.014626 0.009023 -0.014548
v 0.014602 0.009032 -0.014548
v 0.014602 0.009032 -0.014548
v 0.014631 0.009032 -0.014548
v 0.014658 0.009023 -0.014548
v 0.014655 0.009024 -0.014548
v 0.014652 0.009032 -0.014548
v 0.014658 0.009023 -0.014548
v 0.014681 0.009032 -0.014548
v 0.014676 0.009023 -0.014548
v 0.014677 0.009023 -0.014548
v 0.014676 0.009023 -0.014548
v 0.014678 0.009024 -0.014548
v 0.014750 0.009041 -0.014548
v 0.014699 0.009034 -0.014548
v 0.014734 0.009034 -0.014548
v 0.014701 0.009034 -0.014548
v 0.014702 0.009032 -0.014548
v 0.014732 0.009034 -0.014548
v 0.014731 0.009032 -0.014548
v 0.014708 0.009023 -0.014548
v 0.014702 0.009032 -0.014548
v 0.014731 0.009032 -0.014548
v 0.014708 0.009023 -0.014548
v 0.014705 0.009024 -0.014548
v 0.014702 0.009032 -0.014548
v 0.014676 0.009023 -0.014548
v 0.014681 0.009032 -0.014548
v 0.014678 0.009024 -0.014548
v 0.014652 0.009032 -0.014548
v 0.014658 0.009023 -0.014548
v 0.014656 0.009023 -0.014548
v 0.014655 0.009024 -0.014548
v 0.014708 0.009023 -0.014548
v 0.014731 0.009032 -0.014548
v 0.014726 0.009023 -0.014548
v 0.014728 0.009024 -0.014548
v 0.014726 0.009023 -0.014548
v 0.014731 0.009032 -0.014548
v 0.014728 0.009024 -0.014548
v 0.014727 0.009023 -0.014548
v 0.014726 0.009023 -0.014548
v 0.014750 0.009034 -0.014548
v 0.014597 0.009034 -0.014548
v 0.014605 0.009024 -0.014548
v 0.014608 0.009023 -0.014548
v 0.014606 0.009023 -0.014548
v 0.014702 0.009032 -0.014548
v 0.014708 0.009023 -0.014548
v 0.014706 0.009023 -0.014548
v 0.014705 0.009024 -0.014548
v 0.014598 0.009034 -0.014658
v 0.014598 0.009034 -0.014630
v 0.014599 0.009034 -0.014658
v 0.014599 0.009034 -0.014658
v 0.014598 0.009034 -0.014548
v 0.014599 0.009034 -0.014548
v 0.014598 0.009034 -0.014603
v 0.014598 0.009034 -0.014575
v 0.014599 0.009034 -0.014658
v 0.014599 0.009034 -0.014658
v 0.014598 0.009034 -0.014548
v 0.014599 0.009034 -0.014658
v 0.014649 0.009034 -0.014548
v 0.014649 0.009034 -0.014658
v 0.014634 0.009034 -0.014548
v 0.014634 0.009034 -0.014548
v 0.014649 0.009034 -0.014658
v 0.014634 0.009034 -0.014658
v 0.014750 0.009041 -0.014630
v 0.014750 0.009041 -0.014658
v 0.014750 0.009034 -0.014548
v 0.014750 0.009041 -0.014658
v 0.014750 0.009034 -0.014658
v 0.014750 0.009034 -0.014548
v 0.014750 0.009041 -0.014575
v 0.014750 0.009041 -0.014603
v 0.014750 0.009034 -0.014548
v 0.014750 0.009041 -0.014548
v 0.014750 0.009034 -0.014548
v 0.014750 0.009034 -0.014548
v 0.014750 0.009034 -0.014548
v 0.014750 0.009034 -0.014658
v 0.014734 0.009034 -0.014548
v 0.014734 0.009034 -0.014548
v 0.014750 0.009034 -0.014658
v 0.014734 0.009034 -0.014658
v 0.014699 0.009034 -0.014548
v 0.014699 0.009034 -0.014658
v 0.014684 0.009034 -0.014548
v 0.014684 0.009034 -0.014548
v 0.014699 0.009034 -0.014658
v 0.014684 0.009034 -0.014658
v 0.014751 0.009044 -0.014660
v 0.014750 0.009043 -0.014659
v 0.014750 0.009042 -0.014658
v 0.014597 0.009044 -0.014660
v 0.014597 0.009042 -0.014658
v 0.014597 0.009043 -0.014659
v 0.014750 0.009043 -0.014578
v 0.014750 0.009043 -0.014584
v 0.014750 0.009043 -0.014628
v 0.014750 0.009043 -0.014621
v 0.014750 0.009043 -0.014609
v 0.014750 0.009043 -0.014597
v 0.014750 0.009043 -0.014640
v 0.014750 0.009042 -0.014658
v 0.014750 0.009041 -0.014658
v 0.014750 0.009043 -0.014566
v 0.014750 0.009041 -0.014548
v 0.014750 0.009041 -0.014658
v 0.014750 0.009041 -0.014548
v 0.014750 0.009042 -0.014548
v 0.014750 0.009043 -0.014547
v 0.014751 0.009044 -0.014546
v 0.014750 0.009043 -0.014659
v 0.014751 0.009044 -0.014660
v 0.014750 0.009042 -0.014658
v 0.014750 0.009043 -0.014659
v 0.014751 0.009044 -0.014660
v 0.014750 0.009042 -0.014548
v 0.014597 0.009044 -0.014546
v 0.014750 0.009042 -0.014548
v 0.014597 0.009042 -0.014548
v 0.014750 0.009043 -0.014547
v 0.014751 0.009044 -0.014546
v 0.014751 0.009044 -0.014546
v 0.014750 0.009043 -0.014547
v 0.014750 0.009042 -0.014548
v 0.014750 0.009042 -0.014548
v 0.014597 0.009043 -0.014547
v 0.014750 0.009042 -0.014548
v 0.014595 0.009033 -0.014593
v 0.014595 0.009033 -0.014572
v 0.014595 0.009033 -0.014634
v 0.014595 0.009033 -0.014612
v 0.014598 0.009034 -0.014658
v 0.014597 0.009034 -0.014658
v 0.014595 0.009033 -0.014600
v 0.014598 0.009034 -0.014548
v 0.014595 0.009033 -0.014547
v 0.014597 0.009034 -0.014548
v 0.014598 0.009034 -0.014548
v 0.014597 0.009034 -0.014548
v 0.014597 0.009034 -0.014658
v 0.014595 0.009033 -0.014658
v 0.014598 0.009034 -0.014658
v 0.014732 0.009034 -0.014658
v 0.014732 0.009034 -0.014658
v 0.014732 0.009034 -0.014548
v 0.014732 0.009034 -0.014548
v 0.014734 0.009034 -0.014548
v 0.014734 0.009034 -0.014658
v 0.014732 0.009034 -0.014548
v 0.014734 0.009034 -0.014658
v 0.014732 0.009034 -0.014658
v 0.014701 0.009034 -0.014548
v 0.014699 0.009034 -0.014548
v 0.014701 0.009034 -0.014658
v 0.014699 0.009034 -0.014658
v 0.014701 0.009034 -0.014658
v 0.014699 0.009034 -0.014548
v 0.014701 0.009034 -0.014548
v 0.014701 0.009034 -0.014658
v 0.014701 0.009034 -0.014548
v 0.014682 0.009034 -0.014658
v 0.014682 0.009034 -0.014658
v 0.014682 0.009034 -0.014548
v 0.014682 0.009034 -0.014548
v 0.014684 0.009034 -0.014548
v 0.014684 0.009034 -0.014658
v 0.014682 0.009034 -0.014548
v 0.014684 0.009034 -0.014658
v 0.014682 0.009034 -0.014658
v 0.014651 0.009034 -0.014548
v 0.014649 0.009034 -0.014548
v 0.014651 0.009034 -0.014658
v 0.014649 0.009034 -0.014658
v 0.014651 0.009034 -0.014658
v 0.014649 0.009034 -0.014548
v 0.014651 0.009034 -0.014548
v 0.014651 0.009034 -0.014658
v 0.014651 0.009034 -0.014548
v 0.014632 0.009034 -0.014658
v 0.014632 0.009034 -0.014658
v 0.014632 0.009034 -0.014548
v 0.014632 0.009034 -0.014548
v 0.014634 0.009034 -0.014548
v 0.014634 0.009034 -0.014658
v 0.014632 0.009034 -0.014548
v 0.014634 0.009034 -0.014658
v 0.014632 0.009034 -0.014658
v 0.014601 0.009034 -0.014548
v 0.014599 0.009034 -0.014548
v 0.014601 0.009034 -0.014658
v 0.014599 0.009034 -0.014658
v 0.014601 0.009034 -0.014658
v 0.014599 0.009034 -0.014548
v 0.014601 0.009034 -0.014548
v 0.014601 0.009034 -0.014658
v 0.014601 0.009034 -0.014548
v 0.015394 0.009014 -0.014463
v 0.015394 0.009039 -0.014463
v 0.015393 0.009014 -0.014458
v 0.015393 0.009014 -0.014458
v 0.015393 0.009039 -0.014458
v 0.015390 0.009014 -0.014454
v 0.015390 0.009014 -0.014454
v 0.015390 0.009039 -0.014454
v 0.015387 0.009014 -0.014450
v 0.015387 0.009039 -0.014450
v 0.015384 0.009014 -0.014447
v 0.015387 0.009014 -0.014450
v 0.015379 0.009014 -0.014445
v 0.015384 0.009014 -0.014447
v 0.015384 0.009039 -0.014447
v 0.015379 0.009039 -0.014445
v 0.015379 0.009014 -0.014445
v 0.015394 0.009014 -0.014463
v 0.015395 0.009014 -0.014468
v 0.015374 0.009039 -0.014443
v 0.015370 0.009014 -0.014443
v 0.015374 0.009014 -0.014443
v 0.015370 0.009014 -0.014443
v 0.015374 0.009014 -0.014443
v 0.015374 0.009014 -0.014443
v 0.015379 0.009014 -0.014445
v 0.015384 0.009014 -0.014447
v 0.015390 0.009014 -0.014454
v 0.015387 0.009014 -0.014450
v 0.015395 0.009014 -0.014468
v 0.015393 0.009014 -0.014458
v 0.014615 0.009014 -0.014443
v 0.014615 0.009039 -0.014443
v 0.014610 0.009014 -0.014445
v 0.014610 0.009014 -0.014445
v 0.014610 0.009039 -0.014445
v 0.014606 0.009014 -0.014447
v 0.014606 0.009014 -0.014447
v 0.014606 0.009039 -0.014447
v 0.014602 0.009014 -0.014450
v 0.014602 0.009039 -0.014450
v 0.014599 0.009014 -0.014454
v 0.014602 0.009014 -0.014450
v 0.014597 0.009014 -0.014458
v 0.014599 0.009014 -0.014454
v 0.014599 0.009039 -0.014454
v 0.014597 0.009039 -0.014458
v 0.014597 0.009014 -0.014458
v 0.014595 0.009014 -0.014468
v 0.014595 0.009039 -0.014463
v 0.014595 0.009014 -0.014468
v 0.014595 0.009014 -0.014463
v 0.014595 0.009014 -0.014463
v 0.014595 0.009014 -0.014463
v 0.014597 0.009014 -0.014458
v 0.014599 0.009014 -0.014454
v 0.014620 0.009014 -0.014443
v 0.014615 0.009014 -0.014443
v 0.014620 0.009014 -0.014443
v 0.014610 0.009014 -0.014445
v 0.014602 0.009014 -0.014450
v 0.014606 0.009014 -0.014447
v 0.014595 0.009014 -0.014743
v 0.014595 0.009014 -0.014738
v 0.014595 0.009039 -0.014743
v 0.014597 0.009014 -0.014747
v 0.014595 0.009014 -0.014743
v 0.014599 0.009014 -0.014752
v 0.014597 0.009014 -0.014747
v 0.014597 0.009039 -0.014747
v 0.014599 0.009039 -0.014752
v 0.014599 0.009014 -0.014752
v 0.014602 0.009039 -0.014756
v 0.014602 0.009014 -0.014756
v 0.014606 0.009014 -0.014759
v 0.014602 0.009014 -0.014756
v 0.014606 0.009039 -0.014759
v 0.014610 0.009014 -0.014761
v 0.014606 0.009014 -0.014759
v 0.014620 0.009014 -0.014763
v 0.014615 0.009039 -0.014762
v 0.014620 0.009014 -0.014763
v 0.014615 0.009014 -0.014762
v 0.014610 0.009039 -0.014761
v 0.014615 0.009014 -0.014762
v 0.014610 0.009014 -0.014761
v 0.014615 0.009014 -0.014762
v 0.014610 0.009014 -0.014761
v 0.014606 0.009014 -0.014759
v 0.014599 0.009014 -0.014752
v 0.014602 0.009014 -0.014756
v 0.014595 0.009014 -0.014738
v 0.014597 0.009014 -0.014747
v 0.014674 0.008944 -0.014668
v 0.014674 0.008926 -0.014668
v 0.014673 0.008928 -0.014672
v 0.014673 0.008944 -0.014672
v 0.014670 0.008930 -0.014677
v 0.014670 0.008944 -0.014677
v 0.014673 0.008944 -0.014672
v 0.014667 0.008944 -0.014681
v 0.014670 0.008944 -0.014677
v 0.014667 0.008931 -0.014681
v 0.014664 0.008944 -0.014684
v 0.014667 0.008944 -0.014681
v 0.014664 0.008933 -0.014684
v 0.014659 0.008934 -0.014686
v 0.014664 0.008944 -0.014684
v 0.014654 0.008934 -0.014687
v 0.014659 0.008944 -0.014686
v 0.014674 0.008944 -0.014668
v 0.014675 0.008944 -0.014663
v 0.014659 0.008944 -0.014686
v 0.014654 0.008944 -0.014687
v 0.014654 0.008944 -0.014687
v 0.014664 0.008944 -0.014684
v 0.014659 0.008944 -0.014686
v 0.014667 0.008944 -0.014681
v 0.014670 0.008944 -0.014677
v 0.014673 0.008944 -0.014672
v 0.014674 0.008944 -0.014668
v 0.014650 0.008944 -0.014688
v 0.014654 0.008944 -0.014687
v 0.014675 0.008944 -0.014663
v 0.014615 0.008944 -0.014687
v 0.014615 0.008934 -0.014687
v 0.014610 0.008944 -0.014686
v 0.014610 0.008944 -0.014686
v 0.014610 0.008934 -0.014686
v 0.014606 0.008944 -0.014684
v 0.014606 0.008933 -0.014684
v 0.014602 0.008944 -0.014681
v 0.014606 0.008944 -0.014684
v 0.014599 0.008944 -0.014677
v 0.014602 0.008944 -0.014681
v 0.014602 0.008931 -0.014681
v 0.014599 0.008930 -0.014677
v 0.014599 0.008944 -0.014677
v 0.014597 0.008944 -0.014672
v 0.014599 0.008944 -0.014677
v 0.014595 0.008944 -0.014663
v 0.014595 0.008926 -0.014668
v 0.014595 0.008944 -0.014663
v 0.014595 0.008944 -0.014668
v 0.014597 0.008944 -0.014672
v 0.014597 0.008928 -0.014672
v 0.014595 0.008944 -0.014668
v 0.014597 0.008944 -0.014672
v 0.014615 0.008944 -0.014687
v 0.014595 0.008944 -0.014668
v 0.014615 0.008944 -0.014687
v 0.014620 0.008944 -0.014688
v 0.014606 0.008944 -0.014684
v 0.014610 0.008944 -0.014686
v 0.014602 0.008944 -0.014681
v 0.014595 0.008944 -0.014538
v 0.014595 0.008944 -0.014543
v 0.014595 0.008926 -0.014538
v 0.014597 0.008928 -0.014533
v 0.014595 0.008944 -0.014538
v 0.014599 0.008930 -0.014529
v 0.014597 0.008944 -0.014533
v 0.014599 0.008944 -0.014529
v 0.014597 0.008944 -0.014533
v 0.014602 0.008931 -0.014525
v 0.014602 0.008944 -0.014525
v 0.014599 0.008944 -0.014529
v 0.014606 0.008933 -0.014522
v 0.014606 0.008944 -0.014522
v 0.014602 0.008944 -0.014525
v 0.014610 0.008934 -0.014520
v 0.014606 0.008944 -0.014522
v 0.014615 0.008944 -0.014518
v 0.014615 0.008944 -0.014518
v 0.014615 0.008934 -0.014518
v 0.014615 0.008944 -0.014518
v 0.014610 0.008944 -0.014520
v 0.014610 0.008944 -0.014520
v 0.014610 0.008944 -0.014520
v 0.014606 0.008944 -0.014522
v 0.014602 0.008944 -0.014525
v 0.014599 0.008944 -0.014529
v 0.014595 0.008944 -0.014543
v 0.014597 0.008944 -0.014533
v 0.014595 0.008944 -0.014538
v 0.014654 0.008944 -0.014518
v 0.014654 0.008934 -0.014518
v 0.014659 0.008944 -0.014520
v 0.014659 0.008944 -0.014520
v 0.014659 0.008934 -0.014520
v 0.014664 0.008944 -0.014522
v 0.014664 0.008933 -0.014522
v 0.014667 0.008944 -0.014525
v 0.014664 0.008944 -0.014522
v 0.014670 0.008944 -0.014529
v 0.014667 0.008944 -0.014525
v 0.014667 0.008931 -0.014525
v 0.014670 0.008930 -0.014529
v 0.014670 0.008944 -0.014529
v 0.014673 0.008944 -0.014533
v 0.014670 0.008944 -0.014529
v 0.014674 0.008926 -0.014538
v 0.014674 0.008944 -0.014538
v 0.014673 0.008928 -0.014533
v 0.014654 0.008944 -0.014518
v 0.014675 0.008944 -0.014543
v 0.014675 0.008944 -0.014543
v 0.014674 0.008944 -0.014538
v 0.014667 0.008944 -0.014525
v 0.014673 0.008944 -0.014533
v 0.014659 0.008944 -0.014520
v 0.014664 0.008944 -0.014522
v 0.014673 0.008944 -0.014533
v 0.014674 0.008944 -0.014538
v 0.014654 0.008944 -0.014518
v 0.014743 0.008944 -0.014525
v 0.014743 0.008931 -0.014525
v 0.014748 0.008933 -0.014521
v 0.014748 0.008944 -0.014521
v 0.014754 0.008934 -0.014519
v 0.014754 0.008944 -0.014519
v 0.014748 0.008944 -0.014521
v 0.014743 0.008944 -0.014525
v 0.014739 0.008944 -0.014530
v 0.014754 0.008944 -0.014519
v 0.014754 0.008944 -0.014519
v 0.014761 0.008944 -0.014518
v 0.014748 0.008944 -0.014521
v 0.014743 0.008944 -0.014525
v 0.014739 0.008944 -0.014530
v 0.014754 0.008944 -0.014687
v 0.014754 0.008934 -0.014687
v 0.014748 0.008944 -0.014684
v 0.014748 0.008944 -0.014684
v 0.014748 0.008933 -0.014684
v 0.014743 0.008944 -0.014681
v 0.014743 0.008931 -0.014681
v 0.014754 0.008944 -0.014687
v 0.014754 0.008944 -0.014687
v 0.014761 0.008944 -0.014688
v 0.014739 0.008944 -0.014675
v 0.014743 0.008944 -0.014681
v 0.014748 0.008944 -0.014684
v 0.014739 0.008944 -0.014675
v 0.014743 0.008944 -0.014681
v 0.015246 0.008944 -0.014681
v 0.015246 0.008931 -0.014681
v 0.015241 0.008933 -0.014684
v 0.015241 0.008944 -0.014684
v 0.015235 0.008934 -0.014687
v 0.015235 0.008944 -0.014687
v 0.015241 0.008944 -0.014684
v 0.015246 0.008944 -0.014681
v 0.015250 0.008944 -0.014675
v 0.015229 0.008944 -0.014688
v 0.015235 0.008944 -0.014687
v 0.015235 0.008944 -0.014687
v 0.015250 0.008944 -0.014675
v 0.015241 0.008944 -0.014684
v 0.015246 0.008944 -0.014681
v 0.015235 0.008944 -0.014519
v 0.015235 0.008934 -0.014519
v 0.015241 0.008944 -0.014521
v 0.015241 0.008944 -0.014521
v 0.015241 0.008933 -0.014521
v 0.015246 0.008944 -0.014525
v 0.015246 0.008931 -0.014525
v 0.015235 0.008944 -0.014519
v 0.015229 0.008944 -0.014518
v 0.015241 0.008944 -0.014521
v 0.015246 0.008944 -0.014525
v 0.015250 0.008944 -0.014530
v 0.015246 0.008944 -0.014525
v 0.015235 0.008944 -0.014519
v 0.015250 0.008944 -0.014530
v 0.015315 0.008944 -0.014538
v 0.015315 0.008944 -0.014543
v 0.015315 0.008926 -0.014538
v 0.015317 0.008928 -0.014533
v 0.015315 0.008944 -0.014538
v 0.015319 0.008930 -0.014529
v 0.015317 0.008944 -0.014533
v 0.015319 0.008944 -0.014529
v 0.015317 0.008944 -0.014533
v 0.015322 0.008931 -0.014525
v 0.015322 0.008944 -0.014525
v 0.015319 0.008944 -0.014529
v 0.015326 0.008933 -0.014522
v 0.015326 0.008944 -0.014522
v 0.015322 0.008944 -0.014525
v 0.015330 0.008934 -0.014520
v 0.015326 0.008944 -0.014522
v 0.015335 0.008944 -0.014518
v 0.015335 0.008944 -0.014518
v 0.015335 0.008934 -0.014518
v 0.015335 0.008944 -0.014518
v 0.015330 0.008944 -0.014520
v 0.015330 0.008944 -0.014520
v 0.015330 0.008944 -0.014520
v 0.015326 0.008944 -0.014522
v 0.015322 0.008944 -0.014525
v 0.015319 0.008944 -0.014529
v 0.015315 0.008944 -0.014543
v 0.015317 0.008944 -0.014533
v 0.015315 0.008944 -0.014538
v 0.015374 0.008944 -0.014518
v 0.015374 0.008934 -0.014518
v 0.015379 0.008944 -0.014520
v 0.015379 0.008944 -0.014520
v 0.015379 0.008934 -0.014520
v 0.015384 0.008944 -0.014522
v 0.015384 0.008933 -0.014522
v 0.015387 0.008944 -0.014525
v 0.015384 0.008944 -0.014522
v 0.015390 0.008944 -0.014529
v 0.015387 0.008944 -0.014525
v 0.015387 0.008931 -0.014525
v 0.015390 0.008930 -0.014529
v 0.015390 0.008944 -0.014529
v 0.015393 0.008944 -0.014533
v 0.015390 0.008944 -0.014529
v 0.015394 0.008926 -0.014538
v 0.015394 0.008944 -0.014538
v 0.015393 0.008928 -0.014533
v 0.015374 0.008944 -0.014518
v 0.015395 0.008944 -0.014543
v 0.015395 0.008944 -0.014543
v 0.015394 0.008944 -0.014538
v 0.015387 0.008944 -0.014525
v 0.015393 0.008944 -0.014533
v 0.015379 0.008944 -0.014520
v 0.015384 0.008944 -0.014522
v 0.015393 0.008944 -0.014533
v 0.015394 0.008944 -0.014538
v 0.015374 0.008944 -0.014518
v 0.015394 0.008944 -0.014668
v 0.015394 0.008926 -0.014668
v 0.015393 0.008928 -0.014672
v 0.015393 0.008944 -0.014672
v 0.015390 0.008930 -0.014677
v 0.015390 0.008944 -0.014677
v 0.015393 0.008944 -0.014672
v 0.015387 0.008944 -0.014681
v 0.015390 0.008944 -0.014677
v 0.015387 0.008931 -0.014681
v 0.015384 0.008944 -0.014684
v 0.015387 0.008944 -0.014681
v 0.015384 0.008933 -0.014684
v 0.015379 0.008934 -0.014686
v 0.015384 0.008944 -0.014684
v 0.015374 0.008934 -0.014687
v 0.015379 0.008944 -0.014686
v 0.015394 0.008944 -0.014668
v 0.015395 0.008944 -0.014663
v 0.015379 0.008944 -0.014686
v 0.015374 0.008944 -0.014687
v 0.015374 0.008944 -0.014687
v 0.015384 0.008944 -0.014684
v 0.015379 0.008944 -0.014686
v 0.015387 0.008944 -0.014681
v 0.015390 0.008944 -0.014677
v 0.015393 0.008944 -0.014672
v 0.015394 0.008944 -0.014668
v 0.015370 0.008944 -0.014688
v 0.015374 0.008944 -0.014687
v 0.015395 0.008944 -0.014663
v 0.015335 0.008944 -0.014687
v 0.015335 0.008934 -0.014687
v 0.015330 0.008944 -0.014686
v 0.015330 0.008944 -0.014686
v 0.015330 0.008934 -0.014686
v 0.015326 0.008944 -0.014684
v 0.015326 0.008933 -0.014684
v 0.015322 0.008944 -0.014681
v 0.015326 0.008944 -0.014684
v 0.015319 0.008944 -0.014677
v 0.015322 0.008944 -0.014681
v 0.015322 0.008931 -0.014681
v 0.015319 0.008930 -0.014677
v 0.015319 0.008944 -0.014677
v 0.015317 0.008944 -0.014672
v 0.015319 0.008944 -0.014677
v 0.015315 0.008944 -0.014663
v 0.015315 0.008926 -0.014668
v 0.015315 0.008944 -0.014663
v 0.015315 0.008944 -0.014668
v 0.015317 0.008944 -0.014672
v 0.015317 0.008928 -0.014672
v 0.015315 0.008944 -0.014668
v 0.015317 0.008944 -0.014672
v 0.015335 0.008944 -0.014687
v 0.015315 0.008944 -0.014668
v 0.015335 0.008944 -0.014687
v 0.015340 0.008944 -0.014688
v 0.015326 0.008944 -0.014684
v 0.015330 0.008944 -0.014686
v 0.015322 0.008944 -0.014681
v 0.015374 0.009014 -0.014762
v 0.015374 0.009039 -0.014762
v 0.015379 0.009014 -0.014761
v 0.015379 0.009014 -0.014761
v 0.015379 0.009039 -0.014761
v 0.015384 0.009014 -0.014759
v 0.015384 0.009014 -0.014759
v 0.015384 0.009039 -0.014759
v 0.015387 0.009014 -0.014756
v 0.015387 0.009039 -0.014756
v 0.015390 0.009014 -0.014752
v 0.015387 0.009014 -0.014756
v 0.015393 0.009014 -0.014747
v 0.015390 0.009014 -0.014752
v 0.015390 0.009039 -0.014752
v 0.015393 0.009039 -0.014747
v 0.015393 0.009014 -0.014747
v 0.015374 0.009014 -0.014762
v 0.015370 0.009014 -0.014763
v 0.015394 0.009039 -0.014743
v 0.015395 0.009014 -0.014738
v 0.015394 0.009014 -0.014743
v 0.015395 0.009014 -0.014738
v 0.015394 0.009014 -0.014743
v 0.015394 0.009014 -0.014743
v 0.015393 0.009014 -0.014747
v 0.015390 0.009014 -0.014752
v 0.015384 0.009014 -0.014759
v 0.015387 0.009014 -0.014756
v 0.015370 0.009014 -0.014763
v 0.015379 0.009014 -0.014761
v 0.014678 0.008999 -0.014574
v 0.014676 0.008998 -0.014574
v 0.014678 0.008999 -0.014631
v 0.014676 0.008998 -0.014574
v 0.014675 0.008996 -0.014574
v 0.014676 0.008998 -0.014631
v 0.014675 0.008996 -0.014574
v 0.014675 0.008996 -0.014631
v 0.014676 0.008998 -0.014631
v 0.014678 0.008999 -0.014574
v 0.014678 0.008999 -0.014631
v 0.014680 0.008999 -0.014574
v 0.014675 0.008996 -0.014631
v 0.014675 0.008994 -0.014574
v 0.014675 0.008994 -0.014631
v 0.014675 0.008996 -0.014574
v 0.014675 0.008994 -0.014574
v 0.014675 0.008996 -0.014631
v 0.014678 0.008999 -0.014631
v 0.014680 0.008999 -0.014631
v 0.014680 0.008999 -0.014574
v 0.014676 0.008998 -0.014574
v 0.014676 0.008998 -0.014631
v 0.014678 0.008999 -0.014631
v 0.015312 0.008999 -0.014631
v 0.015312 0.008999 -0.014574
v 0.015310 0.008999 -0.014631
v 0.015313 0.008998 -0.014631
v 0.015312 0.008999 -0.014574
v 0.015312 0.008999 -0.014631
v 0.015314 0.008996 -0.014631
v 0.015313 0.008998 -0.014574
v 0.015313 0.008998 -0.014631
v 0.015314 0.008996 -0.014574
v 0.015313 0.008998 -0.014574
v 0.015314 0.008996 -0.014631
v 0.015315 0.008994 -0.014631
v 0.015315 0.008994 -0.014574
v 0.015314 0.008996 -0.014574
v 0.015315 0.008994 -0.014631
v 0.015314 0.008996 -0.014574
v 0.015314 0.008996 -0.014631
v 0.015312 0.008999 -0.014574
v 0.015313 0.008998 -0.014631
v 0.015313 0.008998 -0.014574
v 0.015310 0.008999 -0.014631
v 0.015312 0.008999 -0.014574
v 0.015310 0.008999 -0.014574
v 0.015393 0.009041 -0.014678
v 0.015393 0.009042 -0.014678
v 0.015393 0.009041 -0.014678
v 0.014597 0.009041 -0.014678
v 0.014597 0.009042 -0.014678
v 0.014597 0.009041 -0.014678
v 0.015393 0.009042 -0.014528
v 0.014597 0.009041 -0.014527
v 0.015393 0.009041 -0.014527
v 0.014597 0.009041 -0.014528
v 0.015393 0.009041 -0.014528
v 0.014597 0.009042 -0.014528
v 0.014597 0.009044 -0.014528
v 0.014597 0.009044 -0.014528
v 0.014597 0.009044 -0.014528
v 0.015393 0.009044 -0.014528
v 0.015393 0.009044 -0.014528
v 0.015393 0.009044 -0.014528
v 0.014597 0.009044 -0.014677
v 0.014597 0.009044 -0.014678
v 0.014597 0.009044 -0.014678
v 0.015393 0.009044 -0.014678
v 0.015393 0.009044 -0.014678
v 0.015393 0.009044 -0.014677
v 0.014596 0.009041 -0.014548
v 0.014595 0.009033 -0.014547
v 0.014595 0.009041 -0.014547
v 0.014595 0.009033 -0.014547
v 0.014595 0.009041 -0.014547
v 0.014595 0.009033 -0.014547
v 0.014595 0.009033 -0.014547
v 0.014595 0.009043 -0.014546
v 0.014595 0.009044 -0.014545
v 0.014596 0.009044 -0.014546
v 0.014595 0.009043 -0.014545
v 0.014596 0.009044 -0.014545
v 0.014596 0.009044 -0.014529
v 0.014595 0.009044 -0.014529
v 0.014595 0.009043 -0.014529
v 0.014595 0.009043 -0.014529
v 0.014595 0.009043 -0.014528
v 0.014596 0.009043 -0.014528
v 0.014596 0.009042 -0.014528
v 0.014595 0.009042 -0.014528
v 0.014595 0.009042 -0.014529
v 0.014596 0.009041 -0.014527
v 0.014595 0.009041 -0.014527
v 0.014595 0.009040 -0.014527
v 0.014596 0.009041 -0.014468
v 0.014595 0.009041 -0.014468
v 0.014595 0.009040 -0.014468
v 0.014605 0.009041 -0.014448
v 0.014609 0.009040 -0.014446
v 0.014601 0.009040 -0.014452
v 0.014614 0.009041 -0.014444
v 0.014620 0.009041 -0.014443
v 0.014620 0.009041 -0.014444
v 0.014596 0.009040 -0.014462
v 0.014598 0.009040 -0.014456
v 0.014620 0.009040 -0.014443
v 0.015370 0.009041 -0.014444
v 0.015370 0.009041 -0.014443
v 0.015370 0.009040 -0.014443
v 0.015393 0.009041 -0.014463
v 0.015394 0.009041 -0.014468
v 0.015393 0.009041 -0.014468
v 0.015392 0.009040 -0.014457
v 0.015385 0.009041 -0.014449
v 0.015389 0.009040 -0.014452
v 0.015378 0.009040 -0.014444
v 0.015394 0.009040 -0.014468
v 0.015393 0.009041 -0.014527
v 0.015394 0.009041 -0.014527
v 0.015394 0.009040 -0.014527
v 0.015394 0.009042 -0.014529
v 0.015394 0.009042 -0.014528
v 0.015393 0.009042 -0.014528
v 0.015393 0.009043 -0.014528
v 0.015394 0.009043 -0.014528
v 0.015394 0.009043 -0.014529
v 0.015393 0.009044 -0.014529
v 0.015394 0.009044 -0.014529
v 0.015394 0.009043 -0.014529
v 0.015393 0.009044 -0.014545
v 0.015394 0.009044 -0.014545
v 0.015394 0.009043 -0.014545
v 0.015394 0.009042 -0.014547
v 0.015394 0.009041 -0.014547
v 0.015394 0.009043 -0.014547
v 0.015394 0.009041 -0.014547
v 0.015393 0.009041 -0.014548
v 0.015394 0.009033 -0.014547
v 0.015394 0.009033 -0.014547
v 0.015394 0.009033 -0.014547
v 0.015394 0.009033 -0.014547
v 0.014595 0.009041 -0.014659
v 0.014595 0.009033 -0.014658
v 0.014595 0.009041 -0.014658
v 0.014595 0.009033 -0.014658
v 0.014596 0.009041 -0.014658
v 0.014595 0.009033 -0.014658
v 0.014595 0.009033 -0.014658
v 0.014595 0.009042 -0.014659
v 0.014596 0.009043 -0.014658
v 0.014595 0.009043 -0.014661
v 0.014595 0.009044 -0.014661
v 0.014596 0.009044 -0.014661
v 0.014595 0.009043 -0.014676
v 0.014595 0.009044 -0.014677
v 0.014596 0.009044 -0.014677
v 0.014595 0.009043 -0.014677
v 0.014595 0.009043 -0.014677
v 0.014596 0.009043 -0.014678
v 0.014595 0.009042 -0.014677
v 0.014595 0.009042 -0.014677
v 0.014596 0.009042 -0.014678
v 0.014595 0.009040 -0.014679
v 0.014595 0.009041 -0.014679
v 0.014596 0.009041 -0.014679
v 0.014595 0.009040 -0.014738
v 0.014595 0.009041 -0.014738
v 0.014596 0.009041 -0.014738
v 0.014614 0.009040 -0.014762
v 0.014608 0.009040 -0.014759
v 0.014598 0.009040 -0.014749
v 0.014596 0.009040 -0.014744
v 0.014603 0.009040 -0.014756
v 0.014620 0.009040 -0.014763
v 0.014620 0.009041 -0.014762
v 0.014620 0.009041 -0.014762
v 0.015370 0.009040 -0.014763
v 0.015370 0.009041 -0.014762
v 0.015370 0.009041 -0.014762
v 0.015390 0.009041 -0.014750
v 0.015388 0.009040 -0.014754
v 0.015393 0.009040 -0.014746
v 0.015384 0.009041 -0.014757
v 0.015381 0.009040 -0.014760
v 0.015375 0.009041 -0.014761
v 0.015393 0.009041 -0.014738
v 0.015394 0.009040 -0.014738
v 0.015394 0.009041 -0.014738
v 0.015394 0.009040 -0.014679
v 0.015394 0.009041 -0.014679
v 0.015393 0.009041 -0.014679
v 0.015394 0.009042 -0.014677
v 0.015394 0.009042 -0.014677
v 0.015393 0.009042 -0.014678
v 0.015394 0.009043 -0.014677
v 0.015394 0.009043 -0.014677
v 0.015393 0.009043 -0.014678
v 0.015394 0.009043 -0.014676
v 0.015394 0.009044 -0.014677
v 0.015393 0.009044 -0.014677
v 0.015394 0.009043 -0.014661
v 0.015394 0.009044 -0.014661
v 0.015393 0.009044 -0.014661
v 0.015394 0.009043 -0.014660
v 0.015394 0.009044 -0.014659
v 0.015394 0.009041 -0.014659
v 0.015394 0.009041 -0.014658
v 0.015393 0.009041 -0.014658
v 0.015394 0.009033 -0.014658
v 0.015394 0.009033 -0.014658
v 0.015394 0.009033 -0.014658
v 0.015394 0.009033 -0.014658
v 0.015025 0.008978 -0.014595
v 0.015026 0.008964 -0.014603
v 0.015024 0.008964 -0.014594
v 0.015020 0.008964 -0.014586
v 0.015022 0.009005 -0.014589
v 0.015018 0.009005 -0.014583
v 0.015020 0.009044 -0.014586
v 0.015023 0.009044 -0.014591
v 0.015014 0.008964 -0.014579
v 0.015013 0.009007 -0.014578
v 0.015017 0.009044 -0.014581
v 0.015020 0.009044 -0.014586
v 0.015012 0.009044 -0.014577
v 0.015017 0.009044 -0.014581
v 0.014965 0.008978 -0.014595
v 0.014969 0.008964 -0.014586
v 0.014965 0.008964 -0.014594
v 0.014964 0.008964 -0.014603
v 0.014967 0.009005 -0.014589
v 0.014969 0.009044 -0.014586
v 0.014971 0.009005 -0.014583
v 0.014973 0.009044 -0.014581
v 0.014976 0.009007 -0.014578
v 0.014975 0.008964 -0.014579
v 0.014977 0.009044 -0.014577
v 0.015025 0.008978 -0.014611
v 0.015020 0.008964 -0.014620
v 0.015024 0.008964 -0.014612
v 0.015022 0.009005 -0.014617
v 0.015020 0.009044 -0.014620
v 0.015018 0.009005 -0.014623
v 0.015017 0.009044 -0.014625
v 0.015013 0.009007 -0.014628
v 0.015014 0.008964 -0.014627
v 0.015012 0.009044 -0.014629
v 0.014965 0.008978 -0.014611
v 0.014965 0.008964 -0.014612
v 0.014969 0.008964 -0.014620
v 0.014967 0.009005 -0.014617
v 0.014971 0.009005 -0.014623
v 0.014969 0.009044 -0.014620
v 0.014966 0.009044 -0.014615
v 0.014975 0.008964 -0.014627
v 0.014976 0.009007 -0.014628
v 0.014973 0.009044 -0.014625
v 0.014969 0.009044 -0.014620
v 0.014977 0.009044 -0.014629
v 0.014973 0.009044 -0.014625
v 0.015025 0.009044 -0.014609
v 0.015026 0.009044 -0.014603
v 0.015025 0.009044 -0.014609
v 0.015025 0.009044 -0.014609
v 0.015023 0.009044 -0.014615
v 0.015012 0.009044 -0.014629
v 0.015006 0.009044 -0.014631
v 0.015006 0.009044 -0.014631
v 0.015001 0.009014 -0.014633
v 0.015001 0.009044 -0.014633
v 0.015001 0.009014 -0.014633
v 0.015006 0.009044 -0.014631
v 0.014995 0.009014 -0.014634
v 0.015001 0.009014 -0.014633
v 0.015001 0.009044 -0.014633
v 0.014995 0.009014 -0.014634
v 0.015001 0.009044 -0.014633
v 0.014995 0.009044 -0.014634
v 0.014995 0.009014 -0.014634
v 0.014995 0.009044 -0.014634
v 0.014989 0.009044 -0.014633
v 0.014995 0.009014 -0.014634
v 0.014989 0.009044 -0.014633
v 0.014988 0.009014 -0.014633
v 0.014988 0.009014 -0.014633
v 0.014983 0.009044 -0.014631
v 0.014983 0.009044 -0.014631
v 0.014977 0.009044 -0.014629
v 0.014964 0.009044 -0.014603
v 0.014966 0.009044 -0.014615
v 0.014964 0.009044 -0.014609
v 0.014964 0.009044 -0.014603
v 0.014964 0.009044 -0.014597
v 0.014964 0.009044 -0.014597
v 0.014964 0.009044 -0.014603
v 0.014969 0.009044 -0.014586
v 0.014966 0.009044 -0.014591
v 0.014988 0.009014 -0.014572
v 0.014983 0.009044 -0.014574
v 0.014989 0.009044 -0.014572
v 0.014988 0.009014 -0.014572
v 0.014989 0.009044 -0.014572
v 0.014995 0.009014 -0.014572
v 0.014989 0.009044 -0.014572
v 0.014995 0.009044 -0.014572
v 0.014995 0.009014 -0.014572
v 0.014995 0.009044 -0.014572
v 0.015001 0.009044 -0.014572
v 0.014995 0.009014 -0.014572
v 0.015001 0.009044 -0.014572
v 0.015001 0.009014 -0.014572
v 0.014995 0.009014 -0.014572
v 0.015006 0.009044 -0.014574
v 0.015001 0.009014 -0.014572
v 0.015001 0.009044 -0.014572
v 0.015012 0.009044 -0.014577
v 0.015006 0.009044 -0.014574
v 0.015026 0.009044 -0.014603
v 0.015026 0.009044 -0.014603
v 0.015017 0.009044 -0.014625
v 0.015012 0.009044 -0.014629
v 0.015025 0.009044 -0.014597
v 0.015026 0.009044 -0.014603
v 0.015025 0.009044 -0.014597
v 0.015023 0.009044 -0.014591
v 0.015025 0.009044 -0.014597
v 0.015020 0.009044 -0.014586
v 0.015017 0.009044 -0.014581
v 0.014983 0.009044 -0.014574
v 0.014988 0.009014 -0.014572
v 0.015001 0.009014 -0.014572
v 0.015006 0.009044 -0.014574
v 0.015012 0.009044 -0.014577
v 0.014977 0.009044 -0.014577
v 0.014973 0.009044 -0.014581
v 0.014983 0.009044 -0.014574
v 0.014977 0.009044 -0.014577
v 0.014969 0.009044 -0.014586
v 0.014973 0.009044 -0.014581
v 0.014964 0.009044 -0.014597
v 0.014966 0.009044 -0.014591
v 0.014964 0.009044 -0.014603
v 0.014964 0.009044 -0.014609
v 0.014969 0.009044 -0.014620
v 0.014964 0.009044 -0.014609
v 0.015017 0.009044 -0.014625
v 0.015020 0.009044 -0.014620
v 0.014973 0.009044 -0.014625
v 0.015020 0.009044 -0.014620
v 0.015023 0.009044 -0.014615
v 0.014977 0.009044 -0.014629
v 0.014983 0.009044 -0.014631
v 0.014988 0.009014 -0.014633
v 0.014989 0.009044 -0.014633
v 0.014769 0.008985 -0.014621
v 0.014771 0.008992 -0.014623
v 0.014766 0.008987 -0.014614
v 0.014767 0.008929 -0.014617
v 0.014773 0.008977 -0.014625
v 0.014810 0.008978 -0.014630
v 0.014814 0.008929 -0.014627
v 0.014816 0.008977 -0.014625
v 0.014814 0.009012 -0.014627
v 0.014812 0.009044 -0.014629
v 0.014821 0.008964 -0.014620
v 0.014821 0.009002 -0.014620
v 0.014814 0.008929 -0.014627
v 0.014820 0.008929 -0.014620
v 0.014824 0.008987 -0.014613
v 0.014823 0.009044 -0.014615
v 0.014820 0.009044 -0.014620
v 0.014824 0.008929 -0.014612
v 0.014817 0.009044 -0.014625
v 0.014824 0.008929 -0.014612
v 0.014826 0.008987 -0.014603
v 0.014825 0.009044 -0.014609
v 0.014823 0.009044 -0.014615
v 0.014820 0.008929 -0.014620
v 0.014824 0.008929 -0.014612
v 0.014826 0.008929 -0.014603
v 0.014825 0.008986 -0.014599
v 0.014825 0.008929 -0.014597
v 0.014823 0.008984 -0.014591
v 0.014825 0.009044 -0.014597
v 0.014826 0.009044 -0.014603
v 0.014811 0.008991 -0.014576
v 0.014810 0.008962 -0.014576
v 0.014820 0.008929 -0.014586
v 0.014818 0.008979 -0.014582
v 0.014823 0.009044 -0.014591
v 0.014825 0.009044 -0.014597
v 0.014817 0.008929 -0.014581
v 0.014817 0.009044 -0.014581
v 0.014820 0.009044 -0.014586
v 0.014812 0.008929 -0.014577
v 0.014769 0.009044 -0.014620
v 0.014776 0.009012 -0.014627
v 0.014779 0.008978 -0.014630
v 0.014782 0.009014 -0.014631
v 0.014777 0.009044 -0.014629
v 0.014773 0.009044 -0.014625
v 0.014780 0.008929 -0.014630
v 0.014782 0.008944 -0.014631
v 0.014773 0.009044 -0.014625
v 0.014769 0.009044 -0.014620
v 0.014767 0.008929 -0.014617
v 0.014773 0.008929 -0.014625
v 0.014764 0.009044 -0.014609
v 0.014764 0.008987 -0.014605
v 0.014764 0.008929 -0.014609
v 0.014767 0.008929 -0.014617
v 0.014764 0.009044 -0.014603
v 0.014764 0.008988 -0.014596
v 0.014764 0.008929 -0.014600
v 0.014764 0.008929 -0.014609
v 0.014766 0.009044 -0.014591
v 0.014768 0.008990 -0.014586
v 0.014766 0.008929 -0.014591
v 0.014764 0.008929 -0.014600
v 0.014773 0.009044 -0.014581
v 0.014775 0.008996 -0.014579
v 0.014771 0.008929 -0.014583
v 0.014766 0.008929 -0.014591
v 0.014777 0.009044 -0.014577
v 0.014777 0.008929 -0.014577
v 0.014771 0.008929 -0.014583
v 0.014806 0.008929 -0.014631
v 0.014814 0.008929 -0.014627
v 0.014801 0.008944 -0.014633
v 0.014798 0.008929 -0.014634
v 0.014806 0.008929 -0.014631
v 0.014795 0.008944 -0.014634
v 0.014789 0.008929 -0.014633
v 0.014798 0.008929 -0.014634
v 0.014782 0.008944 -0.014631
v 0.014788 0.008944 -0.014633
v 0.014782 0.008944 -0.014631
v 0.014789 0.008929 -0.014633
v 0.014782 0.008944 -0.014631
v 0.014780 0.008929 -0.014630
v 0.014789 0.008929 -0.014633
v 0.014782 0.009014 -0.014631
v 0.014782 0.009014 -0.014631
v 0.014783 0.009044 -0.014631
v 0.014777 0.009044 -0.014629
v 0.014773 0.008929 -0.014625
v 0.014780 0.008929 -0.014630
v 0.014795 0.009014 -0.014634
v 0.014795 0.009044 -0.014634
v 0.014789 0.009044 -0.014633
v 0.014801 0.009014 -0.014633
v 0.014801 0.009044 -0.014633
v 0.014795 0.009014 -0.014634
v 0.014817 0.009044 -0.014625
v 0.014812 0.009044 -0.014629
v 0.014812 0.009044 -0.014629
v 0.014806 0.009044 -0.014631
v 0.014801 0.009014 -0.014572
v 0.014806 0.009044 -0.014574
v 0.014795 0.009014 -0.014572
v 0.014801 0.009044 -0.014572
v 0.014801 0.009014 -0.014572
v 0.014773 0.009044 -0.014581
v 0.014777 0.009044 -0.014577
v 0.014777 0.009044 -0.014577
v 0.014783 0.009044 -0.014574
v 0.014786 0.008929 -0.014573
v 0.014777 0.008929 -0.014577
v 0.014789 0.009044 -0.014572
v 0.014795 0.009014 -0.014572
v 0.014788 0.009014 -0.014572
v 0.014788 0.008944 -0.014572
v 0.014795 0.008929 -0.014572
v 0.014786 0.008929 -0.014573
v 0.014795 0.008944 -0.014572
v 0.014801 0.008929 -0.014572
v 0.014795 0.008929 -0.014572
v 0.014801 0.008944 -0.014572
v 0.014801 0.008929 -0.014572
v 0.014795 0.008944 -0.014572
v 0.014795 0.009044 -0.014572
v 0.014801 0.009044 -0.014572
v 0.014795 0.009014 -0.014572
v 0.014817 0.008929 -0.014581
v 0.014812 0.008929 -0.014577
v 0.014812 0.008929 -0.014577
v 0.014806 0.008929 -0.014574
v 0.014806 0.009044 -0.014574
v 0.014812 0.009044 -0.014577
v 0.014788 0.008944 -0.014572
v 0.014795 0.008944 -0.014572
v 0.014795 0.008929 -0.014572
v 0.014788 0.008944 -0.014572
v 0.014786 0.008929 -0.014573
v 0.014769 0.009044 -0.014586
v 0.014773 0.009044 -0.014581
v 0.014771 0.008929 -0.014583
v 0.014764 0.009044 -0.014603
v 0.014764 0.009044 -0.014597
v 0.014766 0.008929 -0.014591
v 0.014764 0.008929 -0.014600
v 0.014769 0.009044 -0.014620
v 0.014766 0.009044 -0.014615
v 0.014773 0.009044 -0.014625
v 0.014767 0.008929 -0.014617
v 0.014777 0.009044 -0.014629
v 0.014782 0.009014 -0.014631
v 0.014783 0.009044 -0.014631
v 0.014782 0.009014 -0.014631
v 0.014788 0.009014 -0.014633
v 0.014789 0.009044 -0.014633
v 0.014788 0.009014 -0.014633
v 0.014795 0.009014 -0.014634
v 0.014795 0.009014 -0.014634
v 0.014801 0.009044 -0.014633
v 0.014795 0.009044 -0.014634
v 0.014825 0.009044 -0.014609
v 0.014826 0.009044 -0.014603
v 0.014825 0.009044 -0.014609
v 0.014814 0.008929 -0.014627
v 0.014823 0.009044 -0.014615
v 0.014814 0.008929 -0.014627
v 0.014820 0.009044 -0.014620
v 0.014817 0.009044 -0.014625
v 0.014806 0.008929 -0.014631
v 0.014801 0.008944 -0.014633
v 0.014801 0.008944 -0.014633
v 0.014795 0.008944 -0.014634
v 0.014798 0.008929 -0.014634
v 0.014806 0.009044 -0.014631
v 0.014801 0.009014 -0.014633
v 0.014788 0.008944 -0.014633
v 0.014789 0.008929 -0.014633
v 0.014795 0.008944 -0.014634
v 0.014801 0.009044 -0.014633
v 0.014801 0.009014 -0.014633
v 0.014806 0.009044 -0.014631
v 0.014773 0.008929 -0.014625
v 0.014789 0.009044 -0.014633
v 0.014783 0.009044 -0.014631
v 0.014788 0.009014 -0.014633
v 0.014764 0.008929 -0.014609
v 0.014766 0.009044 -0.014615
v 0.014764 0.009044 -0.014609
v 0.014764 0.009044 -0.014609
v 0.014764 0.009044 -0.014603
v 0.014766 0.009044 -0.014591
v 0.014764 0.009044 -0.014597
v 0.014769 0.009044 -0.014586
v 0.014766 0.009044 -0.014591
v 0.014788 0.009014 -0.014572
v 0.014783 0.009044 -0.014574
v 0.014788 0.009014 -0.014572
v 0.014783 0.009044 -0.014574
v 0.014789 0.009044 -0.014572
v 0.014806 0.008929 -0.014574
v 0.014801 0.008929 -0.014572
v 0.014801 0.008944 -0.014572
v 0.014789 0.009044 -0.014572
v 0.014795 0.009044 -0.014572
v 0.014795 0.009014 -0.014572
v 0.014806 0.008929 -0.014574
v 0.014801 0.008944 -0.014572
v 0.014801 0.009044 -0.014572
v 0.014806 0.009044 -0.014574
v 0.014801 0.009014 -0.014572
v 0.014820 0.008929 -0.014586
v 0.014817 0.008929 -0.014581
v 0.014812 0.009044 -0.014577
v 0.014826 0.009044 -0.014603
v 0.014826 0.008929 -0.014603
v 0.014824 0.008929 -0.014612
v 0.014825 0.009044 -0.014597
v 0.014826 0.008929 -0.014603
v 0.014825 0.008929 -0.014597
v 0.014823 0.009044 -0.014591
v 0.014820 0.009044 -0.014586
v 0.014825 0.008929 -0.014597
v 0.014823 0.008929 -0.014591
v 0.014820 0.009044 -0.014586
v 0.014820 0.008929 -0.014586
v 0.014823 0.008929 -0.014591
v 0.014812 0.009044 -0.014577
v 0.014817 0.009044 -0.014581
v 0.014777 0.008929 -0.014577
v 0.014817 0.009044 -0.014581
v 0.015169 0.008985 -0.014621
v 0.015171 0.008992 -0.014623
v 0.015166 0.008987 -0.014614
v 0.015167 0.008929 -0.014617
v 0.015173 0.008977 -0.014625
v 0.015207 0.008944 -0.014631
v 0.015210 0.008978 -0.014630
v 0.015214 0.008929 -0.014627
v 0.015216 0.008977 -0.014625
v 0.015214 0.009012 -0.014627
v 0.015212 0.009044 -0.014629
v 0.015221 0.008964 -0.014620
v 0.015221 0.009002 -0.014620
v 0.015214 0.008929 -0.014627
v 0.015220 0.008929 -0.014620
v 0.015224 0.008987 -0.014613
v 0.015223 0.009044 -0.014615
v 0.015220 0.009044 -0.014620
v 0.015224 0.008929 -0.014612
v 0.015217 0.009044 -0.014625
v 0.015224 0.008929 -0.014612
v 0.015226 0.008987 -0.014603
v 0.015225 0.009044 -0.014609
v 0.015223 0.009044 -0.014615
v 0.015220 0.008929 -0.014620
v 0.015224 0.008929 -0.014612
v 0.015226 0.008929 -0.014603
v 0.015225 0.008986 -0.014599
v 0.015225 0.008929 -0.014597
v 0.015223 0.008984 -0.014591
v 0.015225 0.009044 -0.014597
v 0.015226 0.009044 -0.014603
v 0.015211 0.008991 -0.014576
v 0.015210 0.008962 -0.014576
v 0.015207 0.009014 -0.014574
v 0.015220 0.008929 -0.014586
v 0.015218 0.008979 -0.014582
v 0.015223 0.009044 -0.014591
v 0.015225 0.009044 -0.014597
v 0.015217 0.008929 -0.014581
v 0.015217 0.009044 -0.014581
v 0.015220 0.009044 -0.014586
v 0.015212 0.008929 -0.014577
v 0.015207 0.008944 -0.014574
v 0.015169 0.009044 -0.014620
v 0.015176 0.009012 -0.014627
v 0.015179 0.008978 -0.014630
v 0.015177 0.009044 -0.014629
v 0.015173 0.009044 -0.014625
v 0.015180 0.008929 -0.014630
v 0.015182 0.008944 -0.014631
v 0.015173 0.009044 -0.014625
v 0.015169 0.009044 -0.014620
v 0.015167 0.008929 -0.014617
v 0.015173 0.008929 -0.014625
v 0.015164 0.009044 -0.014609
v 0.015164 0.008987 -0.014605
v 0.015164 0.008929 -0.014609
v 0.015167 0.008929 -0.014617
v 0.015164 0.009044 -0.014603
v 0.015164 0.008988 -0.014596
v 0.015164 0.008929 -0.014600
v 0.015164 0.008929 -0.014609
v 0.015166 0.009044 -0.014591
v 0.015168 0.008990 -0.014586
v 0.015166 0.008929 -0.014591
v 0.015164 0.008929 -0.014600
v 0.015173 0.009044 -0.014581
v 0.015175 0.008996 -0.014579
v 0.015171 0.008929 -0.014583
v 0.015166 0.008929 -0.014591
v 0.015177 0.009044 -0.014577
v 0.015177 0.008929 -0.014577
v 0.015171 0.008929 -0.014583
v 0.015182 0.008944 -0.014574
v 0.015186 0.008929 -0.014573
v 0.015177 0.008929 -0.014577
v 0.015188 0.008944 -0.014572
v 0.015195 0.008929 -0.014572
v 0.015186 0.008929 -0.014573
v 0.015207 0.008944 -0.014574
v 0.015201 0.008944 -0.014572
v 0.015206 0.008929 -0.014574
v 0.015201 0.008929 -0.014572
v 0.015217 0.008929 -0.014581
v 0.015212 0.008929 -0.014577
v 0.015207 0.008944 -0.014574
v 0.015212 0.008929 -0.014577
v 0.015206 0.008929 -0.014574
v 0.015207 0.009014 -0.014574
v 0.015206 0.009044 -0.014574
v 0.015212 0.009044 -0.014577
v 0.015201 0.009014 -0.014572
v 0.015201 0.009044 -0.014572
v 0.015206 0.009044 -0.014574
v 0.015201 0.008929 -0.014572
v 0.015195 0.008929 -0.014572
v 0.015195 0.008944 -0.014572
v 0.015195 0.009014 -0.014572
v 0.015195 0.009044 -0.014572
v 0.015201 0.009044 -0.014572
v 0.015201 0.008944 -0.014572
v 0.015201 0.008929 -0.014572
v 0.015195 0.008944 -0.014572
v 0.015182 0.008944 -0.014574
v 0.015188 0.008944 -0.014572
v 0.015186 0.008929 -0.014573
v 0.015182 0.008944 -0.014574
v 0.015177 0.009044 -0.014577
v 0.015183 0.009044 -0.014574
v 0.015188 0.009014 -0.014633
v 0.015183 0.009044 -0.014631
v 0.015195 0.009014 -0.014634
v 0.015189 0.009044 -0.014633
v 0.015188 0.009014 -0.014633
v 0.015217 0.009044 -0.014625
v 0.015212 0.009044 -0.014629
v 0.015212 0.009044 -0.014629
v 0.015206 0.009044 -0.014631
v 0.015220 0.009044 -0.014620
v 0.015217 0.009044 -0.014625
v 0.015201 0.009044 -0.014633
v 0.015195 0.009014 -0.014634
v 0.015201 0.009014 -0.014633
v 0.015201 0.008944 -0.014633
v 0.015198 0.008929 -0.014634
v 0.015206 0.008929 -0.014631
v 0.015195 0.008944 -0.014634
v 0.015189 0.008929 -0.014633
v 0.015198 0.008929 -0.014634
v 0.015188 0.008944 -0.014633
v 0.015189 0.008929 -0.014633
v 0.015195 0.008944 -0.014634
v 0.015195 0.009044 -0.014634
v 0.015189 0.009044 -0.014633
v 0.015195 0.009014 -0.014634
v 0.015182 0.008944 -0.014631
v 0.015180 0.008929 -0.014630
v 0.015189 0.008929 -0.014633
v 0.015182 0.008944 -0.014631
v 0.015173 0.008929 -0.014625
v 0.015188 0.009014 -0.014633
v 0.015189 0.009044 -0.014633
v 0.015183 0.009044 -0.014631
v 0.015189 0.009044 -0.014572
v 0.015195 0.009014 -0.014572
v 0.015188 0.009014 -0.014572
v 0.015195 0.008944 -0.014572
v 0.015195 0.008929 -0.014572
v 0.015188 0.008944 -0.014572
v 0.015177 0.009044 -0.014577
v 0.015173 0.009044 -0.014581
v 0.015182 0.008944 -0.014574
v 0.015177 0.008929 -0.014577
v 0.015171 0.008929 -0.014583
v 0.015164 0.009044 -0.014603
v 0.015164 0.009044 -0.014597
v 0.015166 0.008929 -0.014591
v 0.015164 0.008929 -0.014600
v 0.015169 0.009044 -0.014620
v 0.015166 0.009044 -0.014615
v 0.015173 0.009044 -0.014625
v 0.015167 0.008929 -0.014617
v 0.015177 0.009044 -0.014629
v 0.015183 0.009044 -0.014631
v 0.015177 0.009044 -0.014629
v 0.015195 0.009014 -0.014634
v 0.015201 0.009044 -0.014633
v 0.015195 0.009044 -0.014634
v 0.015206 0.009044 -0.014631
v 0.015201 0.009044 -0.014633
v 0.015201 0.009014 -0.014633
v 0.015225 0.009044 -0.014609
v 0.015226 0.009044 -0.014603
v 0.015225 0.009044 -0.014609
v 0.015214 0.008929 -0.014627
v 0.015223 0.009044 -0.014615
v 0.015207 0.008944 -0.014631
v 0.015214 0.008929 -0.014627
v 0.015206 0.008929 -0.014631
v 0.015207 0.008944 -0.014631
v 0.015201 0.008944 -0.014633
v 0.015214 0.008929 -0.014627
v 0.015207 0.008944 -0.014631
v 0.015206 0.008929 -0.014631
v 0.015201 0.008944 -0.014633
v 0.015195 0.008944 -0.014634
v 0.015198 0.008929 -0.014634
v 0.015201 0.009014 -0.014633
v 0.015206 0.009044 -0.014631
v 0.015182 0.008944 -0.014631
v 0.015189 0.008929 -0.014633
v 0.015188 0.008944 -0.014633
v 0.015173 0.008929 -0.014625
v 0.015180 0.008929 -0.014630
v 0.015164 0.008929 -0.014609
v 0.015166 0.009044 -0.014615
v 0.015164 0.009044 -0.014609
v 0.015164 0.009044 -0.014609
v 0.015164 0.009044 -0.014603
v 0.015166 0.009044 -0.014591
v 0.015164 0.009044 -0.014597
v 0.015169 0.009044 -0.014586
v 0.015166 0.009044 -0.014591
v 0.015189 0.009044 -0.014572
v 0.015188 0.009014 -0.014572
v 0.015183 0.009044 -0.014574
v 0.015195 0.009044 -0.014572
v 0.015195 0.009014 -0.014572
v 0.015189 0.009044 -0.014572
v 0.015206 0.008929 -0.014574
v 0.015201 0.008944 -0.014572
v 0.015207 0.008944 -0.014574
v 0.015201 0.009014 -0.014572
v 0.015195 0.009014 -0.014572
v 0.015201 0.009044 -0.014572
v 0.015201 0.009014 -0.014572
v 0.015206 0.009044 -0.014574
v 0.015207 0.009014 -0.014574
v 0.015220 0.008929 -0.014586
v 0.015217 0.008929 -0.014581
v 0.015212 0.009044 -0.014577
v 0.015207 0.009014 -0.014574
v 0.015226 0.009044 -0.014603
v 0.015183 0.009044 -0.014574
v 0.015188 0.009014 -0.014572
v 0.015226 0.008929 -0.014603
v 0.015224 0.008929 -0.014612
v 0.015225 0.009044 -0.014597
v 0.015226 0.008929 -0.014603
v 0.015225 0.008929 -0.014597
v 0.015223 0.009044 -0.014591
v 0.015220 0.009044 -0.014586
v 0.015225 0.008929 -0.014597
v 0.015223 0.008929 -0.014591
v 0.015220 0.009044 -0.014586
v 0.015220 0.008929 -0.014586
v 0.015223 0.008929 -0.014591
v 0.015212 0.009044 -0.014577
v 0.015217 0.009044 -0.014581
v 0.015173 0.009044 -0.014581
v 0.015169 0.009044 -0.014586
v 0.015217 0.009044 -0.014581
v 0.015336 0.009014 -0.014750
v 0.015340 0.009041 -0.014749
v 0.015335 0.009041 -0.014750
v 0.015309 0.009014 -0.014731
v 0.015308 0.009041 -0.014728
v 0.015308 0.009014 -0.014723
v 0.015312 0.009014 -0.014738
v 0.015310 0.009041 -0.014733
v 0.015309 0.009014 -0.014731
v 0.015312 0.009041 -0.014738
v 0.015310 0.009041 -0.014733
v 0.015312 0.009014 -0.014738
v 0.015316 0.009041 -0.014742
v 0.015312 0.009014 -0.014738
v 0.015317 0.009014 -0.014744
v 0.015320 0.009041 -0.014745
v 0.015317 0.009014 -0.014744
v 0.015324 0.009014 -0.014748
v 0.015340 0.009014 -0.014749
v 0.015345 0.009041 -0.014748
v 0.015340 0.009041 -0.014749
v 0.015347 0.009014 -0.014747
v 0.015350 0.009041 -0.014745
v 0.015345 0.009041 -0.014748
v 0.015354 0.009014 -0.014742
v 0.015354 0.009041 -0.014742
v 0.015350 0.009041 -0.014745
v 0.015358 0.009014 -0.014736
v 0.015357 0.009041 -0.014738
v 0.015354 0.009014 -0.014742
v 0.015360 0.009041 -0.014733
v 0.015357 0.009041 -0.014738
v 0.015358 0.009014 -0.014736
v 0.015361 0.009041 -0.014728
v 0.015360 0.009041 -0.014733
v 0.015361 0.009014 -0.014728
v 0.015362 0.009041 -0.014723
v 0.015361 0.009014 -0.014728
v 0.015361 0.009014 -0.014720
v 0.015361 0.009041 -0.014718
v 0.015361 0.009014 -0.014720
v 0.015360 0.009014 -0.014712
v 0.015361 0.009041 -0.014718
v 0.015360 0.009014 -0.014712
v 0.015360 0.009041 -0.014712
v 0.015360 0.009014 -0.014712
v 0.015355 0.009014 -0.014706
v 0.015357 0.009041 -0.014708
v 0.015355 0.009014 -0.014706
v 0.015350 0.009014 -0.014700
v 0.015354 0.009041 -0.014704
v 0.015350 0.009014 -0.014700
v 0.015350 0.009041 -0.014700
v 0.015354 0.009041 -0.014704
v 0.015342 0.009014 -0.014697
v 0.015345 0.009041 -0.014698
v 0.015350 0.009014 -0.014700
v 0.015340 0.009041 -0.014696
v 0.015345 0.009041 -0.014698
v 0.015342 0.009014 -0.014697
v 0.015335 0.009041 -0.014696
v 0.015340 0.009041 -0.014696
v 0.015335 0.009014 -0.014696
v 0.015335 0.009041 -0.014696
v 0.015335 0.009014 -0.014696
v 0.015329 0.009014 -0.014696
v 0.015329 0.009041 -0.014696
v 0.015329 0.009014 -0.014696
v 0.015324 0.009014 -0.014698
v 0.015329 0.009041 -0.014696
v 0.015324 0.009014 -0.014698
v 0.015324 0.009041 -0.014698
v 0.015312 0.009014 -0.014708
v 0.015316 0.009041 -0.014704
v 0.015316 0.009014 -0.014704
v 0.015308 0.009041 -0.014718
v 0.015308 0.009014 -0.014723
v 0.015308 0.009041 -0.014723
v 0.015308 0.009014 -0.014718
v 0.015308 0.009014 -0.014723
v 0.015308 0.009041 -0.014718
v 0.015308 0.009014 -0.014718
v 0.015308 0.009041 -0.014718
v 0.015310 0.009041 -0.014712
v 0.015308 0.009014 -0.014718
v 0.015310 0.009041 -0.014712
v 0.015310 0.009014 -0.014712
v 0.015310 0.009041 -0.014712
v 0.015312 0.009041 -0.014708
v 0.015310 0.009014 -0.014712
v 0.015312 0.009041 -0.014708
v 0.015312 0.009014 -0.014708
v 0.015310 0.009014 -0.014712
v 0.015316 0.009041 -0.014704
v 0.015312 0.009014 -0.014708
v 0.015312 0.009041 -0.014708
v 0.015316 0.009014 -0.014704
v 0.015316 0.009041 -0.014704
v 0.015320 0.009041 -0.014700
v 0.015316 0.009014 -0.014704
v 0.015320 0.009041 -0.014700
v 0.015320 0.009014 -0.014700
v 0.015320 0.009041 -0.014700
v 0.015324 0.009041 -0.014698
v 0.015320 0.009014 -0.014700
v 0.015324 0.009041 -0.014698
v 0.015324 0.009014 -0.014698
v 0.015320 0.009014 -0.014700
v 0.015329 0.009041 -0.014696
v 0.015335 0.009041 -0.014696
v 0.015329 0.009014 -0.014696
v 0.015335 0.009014 -0.014696
v 0.015340 0.009041 -0.014696
v 0.015342 0.009014 -0.014697
v 0.015354 0.009041 -0.014704
v 0.015357 0.009041 -0.014708
v 0.015355 0.009014 -0.014706
v 0.015357 0.009041 -0.014708
v 0.015360 0.009041 -0.014712
v 0.015360 0.009014 -0.014712
v 0.015361 0.009014 -0.014720
v 0.015361 0.009041 -0.014718
v 0.015362 0.009041 -0.014723
v 0.015361 0.009014 -0.014728
v 0.015362 0.009041 -0.014723
v 0.015361 0.009041 -0.014728
v 0.015358 0.009014 -0.014736
v 0.015361 0.009014 -0.014728
v 0.015360 0.009041 -0.014733
v 0.015354 0.009041 -0.014742
v 0.015354 0.009014 -0.014742
v 0.015357 0.009041 -0.014738
v 0.015350 0.009041 -0.014745
v 0.015347 0.009014 -0.014747
v 0.015354 0.009014 -0.014742
v 0.015345 0.009041 -0.014748
v 0.015340 0.009014 -0.014749
v 0.015347 0.009014 -0.014747
v 0.015340 0.009041 -0.014749
v 0.015336 0.009014 -0.014750
v 0.015340 0.009014 -0.014749
v 0.015308 0.009014 -0.014723
v 0.015308 0.009041 -0.014728
v 0.015308 0.009041 -0.014723
v 0.015335 0.009041 -0.014750
v 0.015332 0.009014 -0.014750
v 0.015336 0.009014 -0.014750
v 0.015329 0.009041 -0.014749
v 0.015332 0.009014 -0.014750
v 0.015335 0.009041 -0.014750
v 0.015324 0.009014 -0.014748
v 0.015332 0.009014 -0.014750
v 0.015329 0.009041 -0.014749
v 0.015324 0.009014 -0.014748
v 0.015329 0.009041 -0.014749
v 0.015324 0.009041 -0.014748
v 0.015324 0.009014 -0.014748
v 0.015324 0.009041 -0.014748
v 0.015320 0.009041 -0.014745
v 0.015317 0.009014 -0.014744
v 0.015320 0.009041 -0.014745
v 0.015316 0.009041 -0.014742
v 0.015312 0.009014 -0.014738
v 0.015316 0.009041 -0.014742
v 0.015312 0.009041 -0.014738
v 0.015308 0.009041 -0.014728
v 0.015309 0.009014 -0.014731
v 0.015310 0.009041 -0.014733
v 0.015350 0.009041 -0.014700
v 0.015350 0.009014 -0.014700
v 0.015345 0.009041 -0.014698
v 0.014656 0.009014 -0.014750
v 0.014660 0.009041 -0.014749
v 0.014655 0.009041 -0.014750
v 0.014629 0.009014 -0.014731
v 0.014628 0.009041 -0.014728
v 0.014628 0.009014 -0.014723
v 0.014632 0.009014 -0.014738
v 0.014630 0.009041 -0.014733
v 0.014629 0.009014 -0.014731
v 0.014632 0.009041 -0.014738
v 0.014630 0.009041 -0.014733
v 0.014632 0.009014 -0.014738
v 0.014636 0.009041 -0.014742
v 0.014632 0.009014 -0.014738
v 0.014637 0.009014 -0.014744
v 0.014640 0.009041 -0.014745
v 0.014637 0.009014 -0.014744
v 0.014644 0.009014 -0.014748
v 0.014660 0.009014 -0.014749
v 0.014665 0.009041 -0.014748
v 0.014660 0.009041 -0.014749
v 0.014667 0.009014 -0.014747
v 0.014670 0.009041 -0.014745
v 0.014665 0.009041 -0.014748
v 0.014674 0.009014 -0.014742
v 0.014674 0.009041 -0.014742
v 0.014670 0.009041 -0.014745
v 0.014678 0.009014 -0.014736
v 0.014677 0.009041 -0.014738
v 0.014674 0.009014 -0.014742
v 0.014680 0.009041 -0.014733
v 0.014677 0.009041 -0.014738
v 0.014678 0.009014 -0.014736
v 0.014681 0.009041 -0.014728
v 0.014680 0.009041 -0.014733
v 0.014681 0.009014 -0.014728
v 0.014682 0.009041 -0.014723
v 0.014681 0.009014 -0.014728
v 0.014681 0.009014 -0.014720
v 0.014681 0.009041 -0.014718
v 0.014681 0.009014 -0.014720
v 0.014680 0.009014 -0.014712
v 0.014681 0.009041 -0.014718
v 0.014680 0.009014 -0.014712
v 0.014680 0.009041 -0.014712
v 0.014680 0.009014 -0.014712
v 0.014675 0.009014 -0.014706
v 0.014677 0.009041 -0.014708
v 0.014675 0.009014 -0.014706
v 0.014670 0.009014 -0.014700
v 0.014674 0.009041 -0.014704
v 0.014670 0.009014 -0.014700
v 0.014670 0.009041 -0.014700
v 0.014674 0.009041 -0.014704
v 0.014662 0.009014 -0.014697
v 0.014665 0.009041 -0.014698
v 0.014670 0.009014 -0.014700
v 0.014660 0.009041 -0.014696
v 0.014665 0.009041 -0.014698
v 0.014662 0.009014 -0.014697
v 0.014655 0.009041 -0.014696
v 0.014660 0.009041 -0.014696
v 0.014655 0.009014 -0.014696
v 0.014655 0.009041 -0.014696
v 0.014655 0.009014 -0.014696
v 0.014649 0.009014 -0.014696
v 0.014649 0.009041 -0.014696
v 0.014649 0.009014 -0.014696
v 0.014644 0.009014 -0.014698
v 0.014649 0.009041 -0.014696
v 0.014644 0.009014 -0.014698
v 0.014644 0.009041 -0.014698
v 0.014632 0.009014 -0.014708
v 0.014636 0.009041 -0.014704
v 0.014636 0.009014 -0.014704
v 0.014628 0.009041 -0.014718
v 0.014628 0.009014 -0.014723
v 0.014628 0.009041 -0.014723
v 0.014628 0.009014 -0.014718
v 0.014628 0.009014 -0.014723
v 0.014628 0.009041 -0.014718
v 0.014628 0.009014 -0.014718
v 0.014628 0.009041 -0.014718
v 0.014630 0.009041 -0.014712
v 0.014628 0.009014 -0.014718
v 0.014630 0.009041 -0.014712
v 0.014630 0.009014 -0.014712
v 0.014630 0.009041 -0.014712
v 0.014632 0.009041 -0.014708
v 0.014630 0.009014 -0.014712
v 0.014632 0.009041 -0.014708
v 0.014632 0.009014 -0.014708
v 0.014630 0.009014 -0.014712
v 0.014636 0.009041 -0.014704
v 0.014632 0.009014 -0.014708
v 0.014632 0.009041 -0.014708
v 0.014636 0.009014 -0.014704
v 0.014636 0.009041 -0.014704
v 0.014640 0.009041 -0.014700
v 0.014636 0.009014 -0.014704
v 0.014640 0.009041 -0.014700
v 0.014640 0.009014 -0.014700
v 0.014640 0.009041 -0.014700
v 0.014644 0.009041 -0.014698
v 0.014640 0.009014 -0.014700
v 0.014644 0.009041 -0.014698
v 0.014644 0.009014 -0.014698
v 0.014640 0.009014 -0.014700
v 0.014649 0.009041 -0.014696
v 0.014655 0.009041 -0.014696
v 0.014649 0.009014 -0.014696
v 0.014655 0.009014 -0.014696
v 0.014660 0.009041 -0.014696
v 0.014662 0.009014 -0.014697
v 0.014674 0.009041 -0.014704
v 0.014677 0.009041 -0.014708
v 0.014675 0.009014 -0.014706
v 0.014677 0.009041 -0.014708
v 0.014680 0.009041 -0.014712
v 0.014680 0.009014 -0.014712
v 0.014681 0.009014 -0.014720
v 0.014681 0.009041 -0.014718
v 0.014682 0.009041 -0.014723
v 0.014681 0.009014 -0.014728
v 0.014682 0.009041 -0.014723
v 0.014681 0.009041 -0.014728
v 0.014678 0.009014 -0.014736
v 0.014681 0.009014 -0.014728
v 0.014680 0.009041 -0.014733
v 0.014674 0.009041 -0.014742
v 0.014674 0.009014 -0.014742
v 0.014677 0.009041 -0.014738
v 0.014670 0.009041 -0.014745
v 0.014667 0.009014 -0.014747
v 0.014674 0.009014 -0.014742
v 0.014665 0.009041 -0.014748
v 0.014660 0.009014 -0.014749
v 0.014667 0.009014 -0.014747
v 0.014660 0.009041 -0.014749
v 0.014656 0.009014 -0.014750
v 0.014660 0.009014 -0.014749
v 0.014628 0.009014 -0.014723
v 0.014628 0.009041 -0.014728
v 0.014628 0.009041 -0.014723
v 0.014655 0.009041 -0.014750
v 0.014652 0.009014 -0.014750
v 0.014656 0.009014 -0.014750
v 0.014649 0.009041 -0.014749
v 0.014652 0.009014 -0.014750
v 0.014655 0.009041 -0.014750
v 0.014644 0.009014 -0.014748
v 0.014652 0.009014 -0.014750
v 0.014649 0.009041 -0.014749
v 0.014644 0.009014 -0.014748
v 0.014649 0.009041 -0.014749
v 0.014644 0.009041 -0.014748
v 0.014644 0.009014 -0.014748
v 0.014644 0.009041 -0.014748
v 0.014640 0.009041 -0.014745
v 0.014637 0.009014 -0.014744
v 0.014640 0.009041 -0.014745
v 0.014636 0.009041 -0.014742
v 0.014632 0.009014 -0.014738
v 0.014636 0.009041 -0.014742
v 0.014632 0.009041 -0.014738
v 0.014628 0.009041 -0.014728
v 0.014629 0.009014 -0.014731
v 0.014630 0.009041 -0.014733
v 0.014670 0.009041 -0.014700
v 0.014670 0.009014 -0.014700
v 0.014665 0.009041 -0.014698
v 0.014656 0.009014 -0.014510
v 0.014660 0.009041 -0.014509
v 0.014655 0.009041 -0.014510
v 0.014629 0.009014 -0.014491
v 0.014628 0.009041 -0.014488
v 0.014628 0.009014 -0.014483
v 0.014632 0.009014 -0.014498
v 0.014630 0.009041 -0.014493
v 0.014629 0.009014 -0.014491
v 0.014632 0.009041 -0.014498
v 0.014630 0.009041 -0.014493
v 0.014632 0.009014 -0.014498
v 0.014636 0.009041 -0.014502
v 0.014632 0.009014 -0.014498
v 0.014637 0.009014 -0.014504
v 0.014640 0.009041 -0.014505
v 0.014637 0.009014 -0.014504
v 0.014644 0.009014 -0.014508
v 0.014660 0.009014 -0.014509
v 0.014665 0.009041 -0.014508
v 0.014660 0.009041 -0.014509
v 0.014667 0.009014 -0.014507
v 0.014670 0.009041 -0.014505
v 0.014665 0.009041 -0.014508
v 0.014674 0.009014 -0.014502
v 0.014674 0.009041 -0.014502
v 0.014670 0.009041 -0.014505
v 0.014678 0.009014 -0.014496
v 0.014677 0.009041 -0.014498
v 0.014674 0.009014 -0.014502
v 0.014680 0.009041 -0.014493
v 0.014677 0.009041 -0.014498
v 0.014678 0.009014 -0.014496
v 0.014681 0.009041 -0.014488
v 0.014680 0.009041 -0.014493
v 0.014681 0.009014 -0.014488
v 0.014682 0.009041 -0.014483
v 0.014681 0.009014 -0.014488
v 0.014681 0.009014 -0.014480
v 0.014681 0.009041 -0.014478
v 0.014681 0.009014 -0.014480
v 0.014680 0.009014 -0.014472
v 0.014681 0.009041 -0.014478
v 0.014680 0.009014 -0.014472
v 0.014680 0.009041 -0.014472
v 0.014680 0.009014 -0.014472
v 0.014675 0.009014 -0.014466
v 0.014677 0.009041 -0.014468
v 0.014675 0.009014 -0.014466
v 0.014670 0.009014 -0.014460
v 0.014674 0.009041 -0.014464
v 0.014670 0.009014 -0.014460
v 0.014670 0.009041 -0.014460
v 0.014674 0.009041 -0.014464
v 0.014662 0.009014 -0.014457
v 0.014665 0.009041 -0.014458
v 0.014670 0.009014 -0.014460
v 0.014660 0.009041 -0.014456
v 0.014665 0.009041 -0.014458
v 0.014662 0.009014 -0.014457
v 0.014655 0.009041 -0.014456
v 0.014660 0.009041 -0.014456
v 0.014655 0.009014 -0.014456
v 0.014655 0.009041 -0.014456
v 0.014655 0.009014 -0.014456
v 0.014649 0.009014 -0.014456
v 0.014649 0.009041 -0.014456
v 0.014649 0.009014 -0.014456
v 0.014644 0.009014 -0.014458
v 0.014649 0.009041 -0.014456
v 0.014644 0.009014 -0.014458
v 0.014644 0.009041 -0.014458
v 0.014632 0.009014 -0.014468
v 0.014636 0.009041 -0.014464
v 0.014636 0.009014 -0.014464
v 0.014628 0.009041 -0.014478
v 0.014628 0.009014 -0.014483
v 0.014628 0.009041 -0.014483
v 0.014628 0.009014 -0.014478
v 0.014628 0.009014 -0.014483
v 0.014628 0.009041 -0.014478
v 0.014628 0.009014 -0.014478
v 0.014628 0.009041 -0.014478
v 0.014630 0.009041 -0.014472
v 0.014628 0.009014 -0.014478
v 0.014630 0.009041 -0.014472
v 0.014630 0.009014 -0.014472
v 0.014630 0.009041 -0.014472
v 0.014632 0.009041 -0.014468
v 0.014630 0.009014 -0.014472
v 0.014632 0.009041 -0.014468
v 0.014632 0.009014 -0.014468
v 0.014630 0.009014 -0.014472
v 0.014636 0.009041 -0.014464
v 0.014632 0.009014 -0.014468
v 0.014632 0.009041 -0.014468
v 0.014636 0.009014 -0.014464
v 0.014636 0.009041 -0.014464
v 0.014640 0.009041 -0.014460
v 0.014636 0.009014 -0.014464
v 0.014640 0.009041 -0.014460
v 0.014640 0.009014 -0.014460
v 0.014640 0.009041 -0.014460
v 0.014644 0.009041 -0.014458
v 0.014640 0.009014 -0.014460
v 0.014644 0.009041 -0.014458
v 0.014644 0.009014 -0.014458
v 0.014640 0.009014 -0.014460
v 0.014649 0.009041 -0.014456
v 0.014655 0.009041 -0.014456
v 0.014649 0.009014 -0.014456
v 0.014655 0.009014 -0.014456
v 0.014660 0.009041 -0.014456
v 0.014662 0.009014 -0.014457
v 0.014674 0.009041 -0.014464
v 0.014677 0.009041 -0.014468
v 0.014675 0.009014 -0.014466
v 0.014677 0.009041 -0.014468
v 0.014680 0.009041 -0.014472
v 0.014680 0.009014 -0.014472
v 0.014681 0.009014 -0.014480
v 0.014681 0.009041 -0.014478
v 0.014682 0.009041 -0.014483
v 0.014681 0.009014 -0.014488
v 0.014682 0.009041 -0.014483
v 0.014681 0.009041 -0.014488
v 0.014678 0.009014 -0.014496
v 0.014681 0.009014 -0.014488
v 0.014680 0.009041 -0.014493
v 0.014674 0.009041 -0.014502
v 0.014674 0.009014 -0.014502
v 0.014677 0.009041 -0.014498
v 0.014670 0.009041 -0.014505
v 0.014667 0.009014 -0.014507
v 0.014674 0.009014 -0.014502
v 0.014665 0.009041 -0.014508
v 0.014660 0.009014 -0.014509
v 0.014667 0.009014 -0.014507
v 0.014660 0.009041 -0.014509
v 0.014656 0.009014 -0.014510
v 0.014660 0.009014 -0.014509
v 0.014628 0.009014 -0.014483
v 0.014628 0.009041 -0.014488
v 0.014628 0.009041 -0.014483
v 0.014655 0.009041 -0.014510
v 0.014652 0.009014 -0.014510
v 0.014656 0.009014 -0.014510
v 0.014649 0.009041 -0.014509
v 0.014652 0.009014 -0.014510
v 0.014655 0.009041 -0.014510
v 0.014644 0.009014 -0.014508
v 0.014652 0.009014 -0.014510
v 0.014649 0.009041 -0.014509
v 0.014644 0.009014 -0.014508
v 0.014649 0.009041 -0.014509
v 0.014644 0.009041 -0.014508
v 0.014644 0.009014 -0.014508
v 0.014644 0.009041 -0.014508
v 0.014640 0.009041 -0.014505
v 0.014637 0.009014 -0.014504
v 0.014640 0.009041 -0.014505
v 0.014636 0.009041 -0.014502
v 0.014632 0.009014 -0.014498
v 0.014636 0.009041 -0.014502
v 0.014632 0.009041 -0.014498
v 0.014628 0.009041 -0.014488
v 0.014629 0.009014 -0.014491
v 0.014630 0.009041 -0.014493
v 0.014670 0.009041 -0.014460
v 0.014670 0.009014 -0.014460
v 0.014665 0.009041 -0.014458
v 0.015336 0.009014 -0.014510
v 0.015340 0.009041 -0.014509
v 0.015335 0.009041 -0.014510
v 0.015309 0.009014 -0.014491
v 0.015308 0.009041 -0.014488
v 0.015308 0.009014 -0.014483
v 0.015312 0.009014 -0.014498
v 0.015310 0.009041 -0.014493
v 0.015309 0.009014 -0.014491
v 0.015312 0.009041 -0.014498
v 0.015310 0.009041 -0.014493
v 0.015312 0.009014 -0.014498
v 0.015316 0.009041 -0.014502
v 0.015312 0.009014 -0.014498
v 0.015317 0.009014 -0.014504
v 0.015320 0.009041 -0.014505
v 0.015317 0.009014 -0.014504
v 0.015324 0.009014 -0.014508
v 0.015340 0.009014 -0.014509
v 0.015345 0.009041 -0.014508
v 0.015340 0.009041 -0.014509
v 0.015347 0.009014 -0.014507
v 0.015350 0.009041 -0.014505
v 0.015345 0.009041 -0.014508
v 0.015354 0.009014 -0.014502
v 0.015354 0.009041 -0.014502
v 0.015350 0.009041 -0.014505
v 0.015358 0.009014 -0.014496
v 0.015357 0.009041 -0.014498
v 0.015354 0.009014 -0.014502
v 0.015360 0.009041 -0.014493
v 0.015357 0.009041 -0.014498
v 0.015358 0.009014 -0.014496
v 0.015361 0.009041 -0.014488
v 0.015360 0.009041 -0.014493
v 0.015361 0.009014 -0.014488
v 0.015362 0.009041 -0.014483
v 0.015361 0.009014 -0.014488
v 0.015361 0.009014 -0.014480
v 0.015361 0.009041 -0.014478
v 0.015361 0.009014 -0.014480
v 0.015360 0.009014 -0.014472
v 0.015361 0.009041 -0.014478
v 0.015360 0.009014 -0.014472
v 0.015360 0.009041 -0.014472
v 0.015360 0.009014 -0.014472
v 0.015355 0.009014 -0.014466
v 0.015357 0.009041 -0.014468
v 0.015355 0.009014 -0.014466
v 0.015350 0.009014 -0.014460
v 0.015354 0.009041 -0.014464
v 0.015350 0.009014 -0.014460
v 0.015350 0.009041 -0.014460
v 0.015354 0.009041 -0.014464
v 0.015342 0.009014 -0.014457
v 0.015345 0.009041 -0.014458
v 0.015350 0.009014 -0.014460
v 0.015340 0.009041 -0.014456
v 0.015345 0.009041 -0.014458
v 0.015342 0.009014 -0.014457
v 0.015335 0.009041 -0.014456
v 0.015340 0.009041 -0.014456
v 0.015335 0.009014 -0.014456
v 0.015335 0.009041 -0.014456
v 0.015335 0.009014 -0.014456
v 0.015329 0.009014 -0.014456
v 0.015329 0.009041 -0.014456
v 0.015329 0.009014 -0.014456
v 0.015324 0.009014 -0.014458
v 0.015329 0.009041 -0.014456
v 0.015324 0.009014 -0.014458
v 0.015324 0.009041 -0.014458
v 0.015312 0.009014 -0.014468
v 0.015316 0.009041 -0.014464
v 0.015316 0.009014 -0.014464
v 0.015308 0.009041 -0.014478
v 0.015308 0.009014 -0.014483
v 0.015308 0.009041 -0.014483
v 0.015308 0.009014 -0.014478
v 0.015308 0.009014 -0.014483
v 0.015308 0.009041 -0.014478
v 0.015308 0.009014 -0.014478
v 0.015308 0.009041 -0.014478
v 0.015310 0.009041 -0.014472
v 0.015308 0.009014 -0.014478
v 0.015310 0.009041 -0.014472
v 0.015310 0.009014 -0.014472
v 0.015310 0.009041 -0.014472
v 0.015312 0.009041 -0.014468
v 0.015310 0.009014 -0.014472
v 0.015312 0.009041 -0.014468
v 0.015312 0.009014 -0.014468
v 0.015310 0.009014 -0.014472
v 0.015316 0.009041 -0.014464
v 0.015312 0.009014 -0.014468
v 0.015312 0.009041 -0.014468
v 0.015316 0.009014 -0.014464
v 0.015316 0.009041 -0.014464
v 0.015320 0.009041 -0.014460
v 0.015316 0.009014 -0.014464
v 0.015320 0.009041 -0.014460
v 0.015320 0.009014 -0.014460
v 0.015320 0.009041 -0.014460
v 0.015324 0.009041 -0.014458
v 0.015320 0.009014 -0.014460
v 0.015324 0.009041 -0.014458
v 0.015324 0.009014 -0.014458
v 0.015320 0.009014 -0.014460
v 0.015329 0.009041 -0.014456
v 0.015335 0.009041 -0.014456
v 0.015329 0.009014 -0.014456
v 0.015335 0.009014 -0.014456
v 0.015340 0.009041 -0.014456
v 0.015342 0.009014 -0.014457
v 0.015354 0.009041 -0.014464
v 0.015357 0.009041 -0.014468
v 0.015355 0.009014 -0.014466
v 0.015357 0.009041 -0.014468
v 0.015360 0.009041 -0.014472
v 0.015360 0.009014 -0.014472
v 0.015361 0.009014 -0.014480
v 0.015361 0.009041 -0.014478
v 0.015362 0.009041 -0.014483
v 0.015361 0.009014 -0.014488
v 0.015362 0.009041 -0.014483
v 0.015361 0.009041 -0.014488
v 0.015358 0.009014 -0.014496
v 0.015361 0.009014 -0.014488
v 0.015360 0.009041 -0.014493
v 0.015354 0.009041 -0.014502
v 0.015354 0.009014 -0.014502
v 0.015357 0.009041 -0.014498
v 0.015350 0.009041 -0.014505
v 0.015347 0.009014 -0.014507
v 0.015354 0.009014 -0.014502
v 0.015345 0.009041 -0.014508
v 0.015340 0.009014 -0.014509
v 0.015347 0.009014 -0.014507
v 0.015340 0.009041 -0.014509
v 0.015336 0.009014 -0.014510
v 0.015340 0.009014 -0.014509
v 0.015308 0.009014 -0.014483
v 0.015308 0.009041 -0.014488
v 0.015308 0.009041 -0.014483
v 0.015335 0.009041 -0.014510
v 0.015332 0.009014 -0.014510
v 0.015336 0.009014 -0.014510
v 0.015329 0.009041 -0.014509
v 0.015332 0.009014 -0.014510
v 0.015335 0.009041 -0.014510
v 0.015324 0.009014 -0.014508
v 0.015332 0.009014 -0.014510
v 0.015329 0.009041 -0.014509
v 0.015324 0.009014 -0.014508
v 0.015329 0.009041 -0.014509
v 0.015324 0.009041 -0.014508
v 0.015324 0.009014 -0.014508
v 0.015324 0.009041 -0.014508
v 0.015320 0.009041 -0.014505
v 0.015317 0.009014 -0.014504
v 0.015320 0.009041 -0.014505
v 0.015316 0.009041 -0.014502
v 0.015312 0.009014 -0.014498
v 0.015316 0.009041 -0.014502
v 0.015312 0.009041 -0.014498
v 0.015308 0.009041 -0.014488
v 0.015309 0.009014 -0.014491
v 0.015310 0.009041 -0.014493
v 0.015350 0.009041 -0.014460
v 0.015350 0.009014 -0.014460
v 0.015345 0.009041 -0.014458
v 0.015327 0.008894 -0.014653
v 0.015324 0.008915 -0.014673
v 0.015324 0.008894 -0.014652
v 0.015319 0.008917 -0.014670
v 0.015324 0.008894 -0.014652
v 0.015319 0.008894 -0.014648
v 0.015316 0.008920 -0.014667
v 0.015319 0.008894 -0.014648
v 0.015316 0.008894 -0.014641
v 0.015316 0.008894 -0.014641
v 0.015327 0.008894 -0.014653
v 0.015316 0.008894 -0.014641
v 0.015315 0.008894 -0.014633
v 0.015324 0.008894 -0.014652
v 0.015327 0.008894 -0.014653
v 0.015319 0.008894 -0.014648
v 0.015337 0.008926 -0.014685
v 0.015340 0.008929 -0.014687
v 0.015330 0.008925 -0.014684
v 0.015330 0.008927 -0.014684
v 0.015329 0.008920 -0.014679
v 0.015322 0.008918 -0.014674
v 0.015318 0.008920 -0.014672
v 0.015329 0.008928 -0.014684
v 0.015322 0.008924 -0.014679
v 0.015333 0.008930 -0.014686
v 0.015315 0.008923 -0.014668
v 0.015317 0.008924 -0.014673
v 0.015322 0.008927 -0.014680
v 0.015323 0.008927 -0.014681
v 0.015327 0.008930 -0.014684
v 0.015324 0.008922 -0.014679
v 0.015370 0.008929 -0.014687
v 0.015373 0.008926 -0.014685
v 0.015379 0.008927 -0.014684
v 0.015380 0.008920 -0.014679
v 0.015385 0.008922 -0.014679
v 0.015387 0.008918 -0.014674
v 0.015390 0.008917 -0.014670
v 0.015385 0.008915 -0.014673
v 0.015391 0.008920 -0.014672
v 0.015381 0.008928 -0.014684
v 0.015376 0.008930 -0.014686
v 0.015386 0.008927 -0.014681
v 0.015387 0.008924 -0.014679
v 0.015394 0.008923 -0.014668
v 0.015393 0.008920 -0.014667
v 0.015392 0.008924 -0.014673
v 0.015387 0.008927 -0.014680
v 0.015382 0.008930 -0.014684
v 0.015379 0.008925 -0.014684
v 0.015385 0.008895 -0.014653
v 0.015390 0.008899 -0.014652
v 0.015393 0.008903 -0.014650
v 0.015380 0.008894 -0.014654
v 0.015385 0.008895 -0.014552
v 0.015380 0.008894 -0.014654
v 0.015385 0.008895 -0.014653
v 0.015385 0.008895 -0.014653
v 0.015390 0.008899 -0.014652
v 0.015390 0.008899 -0.014554
v 0.015385 0.008895 -0.014653
v 0.015393 0.008903 -0.014556
v 0.015390 0.008899 -0.014652
v 0.015390 0.008899 -0.014652
v 0.015380 0.008894 -0.014552
v 0.015385 0.008895 -0.014552
v 0.015385 0.008915 -0.014533
v 0.015385 0.008895 -0.014552
v 0.015390 0.008899 -0.014554
v 0.015385 0.008895 -0.014552
v 0.015390 0.008899 -0.014554
v 0.015390 0.008917 -0.014535
v 0.015393 0.008920 -0.014539
v 0.015390 0.008899 -0.014554
v 0.015373 0.008926 -0.014520
v 0.015370 0.008929 -0.014519
v 0.015379 0.008925 -0.014522
v 0.015379 0.008927 -0.014521
v 0.015380 0.008920 -0.014526
v 0.015387 0.008918 -0.014532
v 0.015391 0.008920 -0.014533
v 0.015381 0.008928 -0.014521
v 0.015387 0.008924 -0.014527
v 0.015376 0.008930 -0.014519
v 0.015394 0.008923 -0.014538
v 0.015392 0.008924 -0.014533
v 0.015387 0.008927 -0.014526
v 0.015386 0.008927 -0.014525
v 0.015382 0.008930 -0.014522
v 0.015385 0.008922 -0.014527
v 0.015340 0.008929 -0.014519
v 0.015337 0.008926 -0.014520
v 0.015330 0.008927 -0.014521
v 0.015329 0.008920 -0.014526
v 0.015324 0.008922 -0.014527
v 0.015322 0.008918 -0.014532
v 0.015319 0.008917 -0.014535
v 0.015324 0.008915 -0.014533
v 0.015318 0.008920 -0.014533
v 0.015329 0.008928 -0.014521
v 0.015333 0.008930 -0.014519
v 0.015323 0.008927 -0.014525
v 0.015322 0.008924 -0.014527
v 0.015315 0.008923 -0.014538
v 0.015316 0.008920 -0.014539
v 0.015317 0.008924 -0.014533
v 0.015322 0.008927 -0.014526
v 0.015327 0.008930 -0.014522
v 0.015330 0.008925 -0.014522
v 0.015315 0.008894 -0.014573
v 0.015316 0.008894 -0.014565
v 0.015316 0.008894 -0.014565
v 0.015319 0.008894 -0.014558
v 0.015316 0.008894 -0.014565
v 0.015330 0.008894 -0.014552
v 0.015327 0.008894 -0.014552
v 0.015327 0.008894 -0.014552
v 0.015324 0.008894 -0.014553
v 0.015327 0.008894 -0.014552
v 0.015324 0.008894 -0.014553
v 0.015324 0.008894 -0.014553
v 0.015319 0.008894 -0.014558
v 0.015319 0.008894 -0.014558
v 0.014596 0.008920 -0.014667
v 0.014596 0.008903 -0.014650
v 0.014599 0.008917 -0.014670
v 0.014604 0.008895 -0.014653
v 0.014604 0.008915 -0.014673
v 0.014599 0.008899 -0.014652
v 0.014596 0.008903 -0.014556
v 0.014599 0.008899 -0.014554
v 0.014610 0.008894 -0.014654
v 0.014604 0.008895 -0.014653
v 0.014604 0.008895 -0.014653
v 0.014604 0.008895 -0.014552
v 0.014599 0.008899 -0.014652
v 0.014604 0.008895 -0.014653
v 0.014599 0.008899 -0.014652
v 0.014599 0.008899 -0.014652
v 0.014617 0.008926 -0.014685
v 0.014620 0.008929 -0.014687
v 0.014610 0.008925 -0.014684
v 0.014610 0.008927 -0.014684
v 0.014609 0.008920 -0.014679
v 0.014602 0.008918 -0.014674
v 0.014598 0.008920 -0.014672
v 0.014609 0.008928 -0.014684
v 0.014602 0.008924 -0.014679
v 0.014613 0.008930 -0.014686
v 0.014595 0.008923 -0.014668
v 0.014597 0.008924 -0.014673
v 0.014602 0.008927 -0.014680
v 0.014603 0.008927 -0.014681
v 0.014607 0.008930 -0.014684
v 0.014604 0.008922 -0.014679
v 0.014596 0.008920 -0.014539
v 0.014599 0.008917 -0.014535
v 0.014610 0.008894 -0.014552
v 0.014604 0.008895 -0.014552
v 0.014604 0.008895 -0.014552
v 0.014604 0.008915 -0.014533
v 0.014599 0.008899 -0.014554
v 0.014604 0.008895 -0.014552
v 0.014599 0.008899 -0.014554
v 0.014599 0.008899 -0.014554
v 0.014650 0.008929 -0.014687
v 0.014617 0.008926 -0.014520
v 0.014620 0.008929 -0.014519
v 0.014610 0.008927 -0.014521
v 0.014609 0.008920 -0.014526
v 0.014604 0.008922 -0.014527
v 0.014602 0.008918 -0.014532
v 0.014598 0.008920 -0.014533
v 0.014609 0.008928 -0.014521
v 0.014613 0.008930 -0.014519
v 0.014603 0.008927 -0.014525
v 0.014602 0.008924 -0.014527
v 0.014595 0.008923 -0.014538
v 0.014597 0.008924 -0.014533
v 0.014602 0.008927 -0.014526
v 0.014607 0.008930 -0.014522
v 0.014610 0.008925 -0.014522
v 0.014653 0.008926 -0.014685
v 0.014659 0.008927 -0.014684
v 0.014660 0.008920 -0.014679
v 0.014665 0.008922 -0.014679
v 0.014667 0.008918 -0.014674
v 0.014670 0.008917 -0.014670
v 0.014665 0.008915 -0.014673
v 0.014671 0.008920 -0.014672
v 0.014661 0.008928 -0.014684
v 0.014656 0.008930 -0.014686
v 0.014666 0.008927 -0.014681
v 0.014667 0.008924 -0.014679
v 0.014674 0.008923 -0.014668
v 0.014673 0.008920 -0.014667
v 0.014672 0.008924 -0.014673
v 0.014667 0.008927 -0.014680
v 0.014662 0.008930 -0.014684
v 0.014659 0.008925 -0.014684
v 0.014650 0.008929 -0.014519
v 0.014665 0.008895 -0.014653
v 0.014670 0.008899 -0.014652
v 0.014673 0.008903 -0.014650
v 0.014653 0.008926 -0.014520
v 0.014659 0.008925 -0.014522
v 0.014659 0.008927 -0.014521
v 0.014660 0.008920 -0.014526
v 0.014665 0.008915 -0.014533
v 0.014667 0.008918 -0.014532
v 0.014670 0.008917 -0.014535
v 0.014671 0.008920 -0.014533
v 0.014661 0.008928 -0.014521
v 0.014667 0.008924 -0.014527
v 0.014656 0.008930 -0.014519
v 0.014674 0.008923 -0.014538
v 0.014673 0.008920 -0.014539
v 0.014672 0.008924 -0.014533
v 0.014667 0.008927 -0.014526
v 0.014666 0.008927 -0.014525
v 0.014662 0.008930 -0.014522
v 0.014665 0.008922 -0.014527
v 0.014660 0.008894 -0.014654
v 0.014665 0.008895 -0.014552
v 0.014665 0.008895 -0.014653
v 0.014670 0.008899 -0.014554
v 0.014665 0.008895 -0.014653
v 0.014670 0.008899 -0.014652
v 0.014673 0.008903 -0.014556
v 0.014670 0.008899 -0.014652
v 0.014665 0.008895 -0.014653
v 0.014660 0.008894 -0.014654
v 0.014670 0.008899 -0.014652
v 0.014670 0.008899 -0.014554
v 0.014665 0.008895 -0.014552
v 0.014660 0.008894 -0.014552
v 0.014665 0.008895 -0.014552
v 0.014665 0.008895 -0.014552
v 0.014670 0.008899 -0.014554
v 0.014670 0.008899 -0.014554
v 0.014738 0.008895 -0.014551
v 0.014718 0.008895 -0.014585
v 0.014738 0.008895 -0.014551
v 0.014734 0.008897 -0.014550
v 0.014713 0.008899 -0.014583
v 0.014731 0.008901 -0.014549
v 0.014729 0.008905 -0.014549
v 0.014710 0.008903 -0.014582
v 0.014738 0.008895 -0.014551
v 0.014709 0.008907 -0.014582
v 0.014718 0.008895 -0.014586
v 0.014713 0.008899 -0.014585
v 0.014710 0.008903 -0.014584
v 0.014741 0.008926 -0.014528
v 0.014744 0.008923 -0.014527
v 0.014734 0.008897 -0.014550
v 0.014734 0.008897 -0.014550
v 0.014748 0.008920 -0.014527
v 0.014734 0.008897 -0.014550
v 0.014718 0.008895 -0.014620
v 0.014713 0.008899 -0.014621
v 0.014710 0.008903 -0.014621
v 0.014748 0.008924 -0.014524
v 0.014747 0.008928 -0.014523
v 0.014748 0.008927 -0.014523
v 0.014754 0.008930 -0.014519
v 0.014761 0.008929 -0.014519
v 0.014754 0.008926 -0.014521
v 0.014709 0.008907 -0.014622
v 0.014718 0.008895 -0.014621
v 0.014713 0.008899 -0.014622
v 0.014710 0.008903 -0.014624
v 0.014875 0.008929 -0.014519
v 0.014738 0.008895 -0.014655
v 0.014738 0.008895 -0.014655
v 0.014738 0.008895 -0.014655
v 0.014734 0.008897 -0.014656
v 0.014731 0.008901 -0.014657
v 0.014729 0.008905 -0.014656
v 0.015241 0.008924 -0.014524
v 0.015241 0.008920 -0.014527
v 0.015245 0.008923 -0.014527
v 0.015235 0.008926 -0.014521
v 0.015242 0.008928 -0.014523
v 0.015241 0.008927 -0.014523
v 0.015248 0.008926 -0.014528
v 0.015235 0.008930 -0.014519
v 0.014734 0.008897 -0.014656
v 0.014748 0.008920 -0.014679
v 0.014734 0.008897 -0.014656
v 0.014744 0.008923 -0.014679
v 0.014741 0.008926 -0.014678
v 0.014734 0.008897 -0.014656
v 0.015261 0.008905 -0.014549
v 0.015258 0.008901 -0.014549
v 0.015255 0.008897 -0.014550
v 0.014748 0.008924 -0.014682
v 0.014754 0.008926 -0.014685
v 0.014747 0.008928 -0.014683
v 0.014748 0.008927 -0.014683
v 0.014754 0.008930 -0.014686
v 0.014761 0.008929 -0.014687
v 0.015255 0.008897 -0.014550
v 0.015251 0.008895 -0.014551
v 0.015271 0.008895 -0.014585
v 0.015276 0.008899 -0.014583
v 0.015255 0.008897 -0.014550
v 0.015279 0.008903 -0.014582
v 0.015251 0.008895 -0.014551
v 0.015251 0.008895 -0.014551
v 0.015255 0.008897 -0.014550
v 0.014875 0.008929 -0.014687
v 0.015280 0.008907 -0.014583
v 0.015279 0.008903 -0.014584
v 0.015276 0.008899 -0.014585
v 0.015271 0.008895 -0.014586
v 0.015241 0.008924 -0.014682
v 0.015241 0.008920 -0.014679
v 0.015245 0.008923 -0.014679
v 0.015242 0.008928 -0.014683
v 0.015241 0.008927 -0.014683
v 0.015235 0.008930 -0.014686
v 0.015248 0.008926 -0.014678
v 0.015235 0.008926 -0.014685
v 0.015279 0.008903 -0.014621
v 0.015276 0.008899 -0.014621
v 0.015271 0.008895 -0.014620
v 0.015255 0.008897 -0.014656
v 0.015261 0.008905 -0.014656
v 0.015258 0.008901 -0.014657
v 0.015280 0.008907 -0.014623
v 0.015279 0.008903 -0.014624
v 0.015276 0.008899 -0.014622
v 0.015271 0.008895 -0.014621
v 0.015251 0.008895 -0.014655
v 0.015251 0.008895 -0.014655
v 0.015255 0.008897 -0.014656
v 0.015255 0.008897 -0.014656
v 0.015255 0.008897 -0.014656
v 0.015251 0.008895 -0.014655
v 0.015115 0.008964 -0.014574
v 0.015115 0.008964 -0.014631
v 0.015115 0.008944 -0.014574
v 0.015115 0.008964 -0.014631
v 0.015115 0.008944 -0.014631
v 0.015115 0.008944 -0.014574
v 0.015115 0.008944 -0.014631
v 0.015115 0.008894 -0.014603
v 0.015115 0.008944 -0.014574
v 0.015115 0.008924 -0.014683
v 0.015115 0.008894 -0.014654
v 0.015115 0.008944 -0.014631
v 0.015115 0.008934 -0.014688
v 0.015115 0.008924 -0.014683
v 0.015115 0.008944 -0.014688
v 0.015115 0.008944 -0.014631
v 0.015115 0.008944 -0.014688
v 0.015115 0.008924 -0.014683
v 0.015115 0.008934 -0.014688
v 0.015115 0.008929 -0.014687
v 0.015115 0.008924 -0.014683
v 0.015115 0.008894 -0.014603
v 0.015115 0.008894 -0.014552
v 0.015115 0.008944 -0.014574
v 0.015115 0.008894 -0.014552
v 0.015115 0.008924 -0.014522
v 0.015115 0.008944 -0.014574
v 0.015115 0.008924 -0.014522
v 0.015115 0.008944 -0.014518
v 0.015115 0.008944 -0.014574
v 0.015115 0.008929 -0.014519
v 0.015115 0.008934 -0.014518
v 0.015115 0.008924 -0.014522
v 0.015115 0.008934 -0.014518
v 0.015115 0.008944 -0.014518
v 0.015115 0.008924 -0.014522
v 0.015115 0.008894 -0.014603
v 0.015115 0.008944 -0.014631
v 0.015115 0.008894 -0.014654
v 0.015007 0.008964 -0.014574
v 0.015014 0.008964 -0.014579
v 0.015115 0.008964 -0.014574
v 0.015014 0.008964 -0.014579
v 0.015020 0.008964 -0.014586
v 0.015115 0.008964 -0.014574
v 0.015020 0.008964 -0.014586
v 0.015024 0.008964 -0.014594
v 0.015115 0.008964 -0.014574
v 0.015024 0.008964 -0.014594
v 0.015026 0.008964 -0.014603
v 0.015115 0.008964 -0.014574
v 0.015026 0.008964 -0.014603
v 0.015115 0.008964 -0.014631
v 0.015115 0.008964 -0.014574
v 0.015115 0.008964 -0.014631
v 0.015026 0.008964 -0.014603
v 0.015024 0.008964 -0.014612
v 0.015115 0.008964 -0.014631
v 0.015024 0.008964 -0.014612
v 0.015020 0.008964 -0.014620
v 0.015115 0.008964 -0.014631
v 0.015020 0.008964 -0.014620
v 0.015014 0.008964 -0.014627
v 0.015007 0.008964 -0.014631
v 0.015115 0.008964 -0.014631
v 0.015014 0.008964 -0.014627
v 0.014875 0.008944 -0.014574
v 0.014875 0.008894 -0.014552
v 0.014875 0.008894 -0.014603
v 0.014875 0.008944 -0.014574
v 0.014875 0.008944 -0.014631
v 0.014875 0.008964 -0.014574
v 0.014875 0.008934 -0.014518
v 0.014875 0.008924 -0.014522
v 0.014875 0.008944 -0.014518
v 0.014875 0.008894 -0.014552
v 0.014875 0.008944 -0.014574
v 0.014875 0.008924 -0.014522
v 0.014875 0.008934 -0.014518
v 0.014875 0.008929 -0.014519
v 0.014875 0.008924 -0.014522
v 0.014875 0.008894 -0.014603
v 0.014875 0.008944 -0.014631
v 0.014875 0.008944 -0.014574
v 0.014875 0.008894 -0.014654
v 0.014875 0.008924 -0.014683
v 0.014875 0.008944 -0.014631
v 0.014875 0.008924 -0.014683
v 0.014875 0.008944 -0.014688
v 0.014875 0.008944 -0.014631
v 0.014875 0.008929 -0.014687
v 0.014875 0.008934 -0.014688
v 0.014875 0.008924 -0.014683
v 0.014875 0.008934 -0.014688
v 0.014875 0.008944 -0.014688
v 0.014875 0.008924 -0.014683
v 0.014875 0.008944 -0.014631
v 0.014875 0.008964 -0.014631
v 0.014875 0.008964 -0.014574
v 0.014875 0.008894 -0.014603
v 0.014875 0.008894 -0.014654
v 0.014875 0.008944 -0.014631
v 0.014875 0.008944 -0.014574
v 0.014875 0.008944 -0.014518
v 0.014875 0.008924 -0.014522
v 0.014982 0.008964 -0.014631
v 0.014975 0.008964 -0.014627
v 0.014875 0.008964 -0.014631
v 0.014975 0.008964 -0.014627
v 0.014969 0.008964 -0.014620
v 0.014875 0.008964 -0.014631
v 0.014969 0.008964 -0.014620
v 0.014965 0.008964 -0.014612
v 0.014875 0.008964 -0.014631
v 0.014965 0.008964 -0.014612
v 0.014964 0.008964 -0.014603
v 0.014875 0.008964 -0.014631
v 0.014964 0.008964 -0.014603
v 0.014875 0.008964 -0.014574
v 0.014875 0.008964 -0.014631
v 0.014875 0.008964 -0.014574
v 0.014964 0.008964 -0.014603
v 0.014965 0.008964 -0.014594
v 0.014875 0.008964 -0.014574
v 0.014965 0.008964 -0.014594
v 0.014969 0.008964 -0.014586
v 0.014875 0.008964 -0.014574
v 0.014969 0.008964 -0.014586
v 0.014975 0.008964 -0.014579
v 0.014982 0.008964 -0.014574
v 0.014875 0.008964 -0.014574
v 0.014975 0.008964 -0.014579
vn -0.0000 1.0000 -0.0000
vn -0.0000 1.0000 -0.0001
vn -0.0000 1.0000 -0.0002
vn -0.0000 1.0000 0.0001
vn -0.0000 1.0000 0.0002
vn -0.0000 -1.0000 -0.0000
vn -0.0000 -1.0000 -0.0001
vn -0.0000 -1.0000 -0.0002
vn -0.0000 -1.0000 0.0001
vn -0.0000 -0.0000 -1.0000
vn -0.0000 -0.0002 -1.0000
vn -0.0000 -0.7071 -0.7071
vn 0.0001 -0.7071 -0.7071
vn -0.0000 -0.7071 0.7071
vn -0.0002 -0.7072 0.7070
vn -0.0001 -0.7071 0.7071
vn 0.0003 -0.7070 0.7072
vn -0.0000 -0.0000 1.0000
vn -0.0000 -0.3827 0.9239
vn -0.0000 -0.3827 -0.9239
vn -0.0001 -0.0000 -1.0000
vn 0.0001 0.0001 -1.0000
vn -0.0001 -0.0000 1.0000
vn -0.0000 0.0002 1.0000
vn -0.0000 -0.0001 1.0000
vn -0.0000 0.0002 -1.0000
vn -0.0000 0.0001 1.0000
vn 0.0001 -0.0000 1.0000
vn -0.0001 0.0002 -1.0000
vn -0.9397 0.3421 -0.0000
vn -0.9397 0.3420 -0.0000
vn 0.9397 0.3421 -0.0000
vn 0.9397 0.3421 0.0001
vn -0.9397 0.3421 -0.0001
vn 0.9397 0.3420 -0.0000
vn 0.9397 0.3420 0.0001
vn -0.5000 0.8660 -0.0001
vn -0.5000 0.8660 -0.0000
vn 0.5000 0.8660 -0.0000
vn -0.9397 0.3420 -0.0001
vn 0.9396 0.3421 -0.0000
vn -0.9396 0.3421 -0.0000
vn -0.0000 -1.0000 0.0002
vn -0.0000 -1.0000 0.0003
vn -0.0000 -1.0000 -0.0003
vn 0.0001 -0.7071 0.7071
vn 0.0001 -0.7074 0.7069
vn -0.0000 -0.7069 0.7073
vn 0.0002 1.0000 -0.0000
vn -0.0002 1.0000 -0.0000
vn 0.0001 1.0000 -0.0000
vn 0.0003 -0.0000 -1.0000
vn -0.0002 -0.7068 0.7074
vn 0.0001 -0.7069 0.7073
vn 1.0000 -0.0001 -0.0000
vn 1.0000 -0.0000 0.0001
vn 1.0000 -0.0000 -0.0000
vn 1.0000 0.0001 -0.0000
vn 1.0000 -0.0000 -0.0001
vn -0.0000 -0.0000 -0.0000
vn 1.0000 0.0002 -0.0000
vn 1.0000 -0.0010 -0.0022
vn -1.0000 -0.0000 -0.0000
vn -1.0000 0.0002 -0.0000
vn -1.0000 -0.0004 -0.0009
vn -1.0000 -0.0001 -0.0000
vn -1.0000 0.0001 -0.0000
vn -1.0000 -0.0002 -0.0000
vn -1.0000 -0.0004 -0.0000
vn 0.8660 -0.0000 0.5000
vn 0.8660 -0.0000 -0.5000
vn 1.0000 -0.0001 0.0002
vn -0.8660 -0.0000 0.5000
vn -0.8660 -0.0000 0.5001
vn -0.8660 -0.0000 -0.5001
vn -0.8660 -0.0000 -0.5000
vn -0.8661 -0.0000 -0.5000
vn 1.0000 -0.0009 -0.0020
vn -1.0000 -0.0000 0.0001
vn -0.0001 1.0000 -0.0000
vn -0.0000 1.0000 0.0003
vn -0.0000 1.0000 -0.0003
vn 0.0002 -0.0000 -1.0000
vn 0.0001 -0.0000 -1.0000
vn -0.0000 0.3827 0.9239
vn -0.0000 0.9239 0.3827
vn -0.0000 0.3830 0.9238
vn -0.0000 0.7071 0.7071
vn -0.0000 0.9239 0.3826
vn -0.0000 0.7069 0.7073
vn 0.7373 0.6756 -0.0000
vn 0.7933 0.6088 -0.0000
vn 0.7933 0.6089 -0.0000
vn 0.9239 0.3827 -0.0000
vn 0.9239 0.3826 -0.0000
vn 0.3826 0.9239 -0.0000
vn 0.7071 0.7071 -0.0000
vn 0.7074 0.7068 -0.0000
vn 0.3827 0.9239 -0.0000
vn 0.7934 0.6087 -0.0000
vn -0.0000 0.9239 -0.3827
vn -0.0001 1.0000 0.0001
vn -0.0000 0.7071 -0.7071
vn -0.0000 0.9239 -0.3826
vn -0.0000 0.3827 -0.9239
vn 0.0001 0.3827 -0.9239
vn 0.0001 0.9239 -0.3826
vn -0.0000 0.3826 -0.9239
vn 0.0001 0.7071 -0.7071
vn 0.0001 0.7070 -0.7072
vn 0.0002 0.9239 -0.3827
vn 0.7660 0.6428 -0.0000
vn 0.8660 0.5001 -0.0000
vn 0.7661 0.6427 -0.0000
vn 0.3333 0.9428 -0.0000
vn 0.8660 0.5000 -0.0000
vn 0.8363 0.5482 -0.0000
vn 0.3334 0.9428 -0.0000
vn -0.5736 0.8191 0.0001
vn -0.5736 0.8191 -0.0000
vn -0.5736 0.8191 -0.0001
vn 0.5736 0.8191 -0.0000
vn 0.5735 0.8192 -0.0000
vn 0.5736 0.8191 0.0001
vn -1.0000 0.0003 -0.0000
vn -0.0000 0.3828 0.9238
vn -0.0001 0.7070 0.7072
vn -0.7373 0.6756 -0.0000
vn -0.7933 0.6088 -0.0000
vn -0.7373 0.6755 -0.0000
vn -0.9239 0.3826 -0.0000
vn -0.7071 0.7071 -0.0000
vn -0.3826 0.9239 -0.0000
vn -0.7074 0.7068 -0.0000
vn -0.3827 0.9239 -0.0000
vn -0.9239 0.3827 -0.0000
vn -0.7934 0.6087 -0.0000
vn -0.0000 0.9244 -0.3813
vn -0.0001 0.3827 -0.9239
vn -0.0000 0.7071 -0.7072
vn -0.0000 0.9244 -0.3814
vn -0.0000 0.7072 -0.7070
vn -0.8660 0.5001 -0.0000
vn -0.7660 0.6428 -0.0000
vn -0.8660 0.5000 -0.0000
vn -0.7661 0.6427 -0.0000
vn -0.3333 0.9428 -0.0000
vn -0.8363 0.5482 -0.0000
vn -0.7661 0.6427 0.0001
vn -0.3334 0.9428 -0.0000
vn -0.5735 0.8192 -0.0000
vn 0.9808 -0.0000 0.1951
vn 0.9239 -0.0000 0.3826
vn 0.9239 -0.0000 0.3827
vn 0.8315 -0.0000 0.5555
vn 0.8328 -0.0000 0.5535
vn 0.7071 -0.0000 0.7071
vn 0.7085 -0.0000 0.7057
vn 0.5557 -0.0000 0.8314
vn 0.3827 -0.0000 0.9239
vn 0.5556 -0.0000 0.8315
vn 0.5555 -0.0000 0.8315
vn 0.3827 0.0001 0.9239
vn 0.5556 0.0001 0.8315
vn 0.1951 0.0001 0.9808
vn 0.1950 -0.0000 0.9808
vn 0.1952 -0.0000 0.9808
vn 0.1951 -0.0000 0.9808
vn 0.3826 -0.0000 0.9239
vn 0.5556 -0.0000 0.8314
vn 0.8314 -0.0000 0.5556
vn 0.9808 0.0001 0.1951
vn -0.1951 -0.0000 0.9808
vn -0.3826 -0.0000 0.9239
vn -0.3827 -0.0000 0.9239
vn -0.5556 -0.0000 0.8315
vn -0.5556 0.0002 0.8315
vn -0.7071 -0.0000 0.7071
vn -0.8314 -0.0000 0.5556
vn -0.9239 -0.0000 0.3827
vn -0.8315 -0.0000 0.5555
vn -0.9237 -0.0000 0.3831
vn -0.8301 -0.0000 0.5576
vn -0.9808 -0.0000 0.1951
vn -0.9808 -0.0000 0.1950
vn -0.1951 0.0001 0.9808
vn -0.1950 -0.0000 0.9808
vn -0.5556 -0.0000 0.8314
vn -0.9808 -0.0000 -0.1950
vn -0.9239 -0.0000 -0.3827
vn -0.9808 -0.0000 -0.1951
vn -0.8315 -0.0000 -0.5555
vn -0.8315 -0.0000 -0.5556
vn -0.9248 -0.0000 -0.3804
vn -0.7071 -0.0000 -0.7071
vn -0.5556 -0.0000 -0.8314
vn -0.5555 -0.0000 -0.8315
vn -0.3827 -0.0000 -0.9239
vn -0.5556 -0.0000 -0.8315
vn -0.1951 -0.0000 -0.9808
vn -0.3831 0.0002 -0.9237
vn -0.1950 -0.0000 -0.9808
vn -0.3826 -0.0000 -0.9239
vn -0.5576 -0.0000 -0.8301
vn -0.8314 -0.0000 -0.5556
vn -0.9808 0.0001 -0.1951
vn 0.9808 -0.0000 -0.1951
vn 0.9239 -0.0000 -0.3827
vn 0.8309 0.0003 -0.5564
vn 0.8315 -0.0000 -0.5555
vn 0.7071 -0.0000 -0.7071
vn 0.8314 -0.0000 -0.5556
vn 0.5557 -0.0000 -0.8314
vn 0.3826 -0.0000 -0.9239
vn 0.5555 -0.0000 -0.8315
vn 0.5556 -0.0000 -0.8315
vn 0.1951 -0.0000 -0.9808
vn 0.9808 -0.0000 -0.1950
vn 0.1952 -0.0000 -0.9808
vn 0.1950 -0.0000 -0.9808
vn 0.3827 -0.0000 -0.9239
vn 0.7070 -0.0000 -0.7072
vn 0.9239 -0.0000 -0.3826
vn -0.9808 -0.0001 -0.1951
vn -0.8309 0.0003 0.5564
vn -0.5555 -0.0000 0.8315
vn 0.9808 -0.0000 0.1950
vn 0.7069 -0.0000 0.7073
vn -0.5000 -0.0000 0.8660
vn -0.2588 -0.0000 0.9659
vn -0.5001 -0.0000 0.8660
vn -0.2588 -0.0000 -0.9659
vn -0.5000 -0.0000 -0.8660
vn -0.2588 -0.0001 -0.9659
vn 0.5000 -0.0000 -0.8660
vn 0.2588 -0.0000 -0.9659
vn 0.2588 -0.0000 0.9659
vn 0.5000 -0.0000 0.8660
vn 0.2588 -0.0001 0.9659
vn 0.8660 -0.0000 0.5001
vn 0.8315 -0.0000 0.5556
vn -0.9808 -0.0000 -0.1952
vn 0.3827 0.0001 -0.9239
vn 0.8317 0.0002 -0.5553
vn 0.9808 0.0001 -0.1951
vn 0.5556 -0.0000 -0.8314
vn 0.1951 0.0002 -0.9808
vn 0.3827 -0.9239 -0.0000
vn 0.7071 -0.7071 -0.0000
vn 0.9239 -0.3827 -0.0000
vn 0.3826 -0.9239 -0.0000
vn 0.9239 -0.3826 -0.0000
vn -0.3826 -0.9239 -0.0000
vn -0.7070 -0.7072 -0.0000
vn -0.3827 -0.9239 -0.0000
vn -0.9239 -0.3827 -0.0000
vn -0.7071 -0.7071 -0.0000
vn -0.9239 -0.3826 -0.0000
vn -0.7072 -0.7070 -0.0000
vn -0.0000 0.7070 -0.7072
vn -0.0000 -0.0001 -1.0000
vn -0.0001 0.7071 0.7071
vn -0.0000 0.7068 -0.7074
vn -0.7490 -0.0000 -0.6626
vn -0.7071 0.0001 -0.7071
vn -0.7489 -0.0000 -0.6626
vn -0.7933 0.5272 -0.3044
vn -0.5000 0.7499 -0.4331
vn -0.3827 0.9239 -0.0001
vn -0.0000 0.9245 -0.3813
vn -0.5000 0.7500 -0.4331
vn -0.0002 0.9244 -0.3813
vn -0.9238 -0.0000 -0.3828
vn -0.7933 0.5273 -0.3044
vn -0.7934 0.5272 -0.3044
vn -0.9205 -0.0179 0.3903
vn -0.7072 0.7070 0.0001
vn -0.0000 0.7071 0.7072
vn -0.3827 0.9239 0.0016
vn -0.7072 0.7071 0.0001
vn -0.3834 0.0040 0.9236
vn -0.7071 0.7071 0.0001
vn -0.7071 -0.0001 0.7071
vn -0.3834 -0.0000 0.9236
vn -0.7071 0.0001 0.7071
vn 0.0001 0.7071 0.7071
vn -0.3801 0.7660 0.5184
vn -0.3830 0.5000 0.7767
vn -0.6511 0.5001 0.5710
vn -0.1241 0.8191 0.5600
vn -0.8565 0.4746 0.2030
vn -0.6716 0.6428 0.3685
vn -0.0000 0.3826 0.9239
vn 0.5600 0.8191 0.1241
vn 0.7767 0.5000 0.3830
vn 0.4635 0.6863 0.5606
vn 0.5974 0.6428 0.4795
vn 0.2784 0.4999 0.8201
vn 0.7071 0.7071 0.0001
vn 1.0000 -0.0003 -0.0001
vn 0.7071 -0.0001 0.7071
vn 0.7072 -0.0000 0.7070
vn -0.0000 0.7070 0.7072
vn 0.7071 0.0001 0.7071
vn 0.3834 0.9236 0.0040
vn 1.0000 0.0001 -0.0001
vn 0.9205 0.3903 -0.0179
vn 0.3834 0.9236 -0.0000
vn 0.7932 0.3046 -0.5273
vn 0.5000 0.4330 -0.7500
vn 0.7933 0.3045 -0.5273
vn 0.0001 0.9239 -0.3827
vn 0.7932 0.3045 -0.5273
vn 0.9238 -0.0001 -0.3828
vn 1.0000 -0.0000 -0.0002
vn 0.7490 -0.0000 -0.6626
vn 0.7489 -0.0000 -0.6626
vn -0.7490 -0.0000 0.6626
vn -0.7490 -0.0000 0.6625
vn -0.7933 0.3045 0.5272
vn -0.5000 0.4330 0.7500
vn -0.7932 0.3045 0.5273
vn -0.4999 0.4330 0.7500
vn -0.4999 0.4330 0.7501
vn -0.7071 0.7071 -0.0001
vn -0.3834 0.0040 -0.9236
vn -0.7072 0.7071 -0.0001
vn 0.0001 0.7071 -0.7072
vn -0.9205 -0.0179 -0.3903
vn -0.9205 -0.0180 -0.3903
vn -0.3827 0.0001 -0.9239
vn -0.2030 0.4746 -0.8565
vn -0.3684 0.6429 -0.6716
vn -0.6795 0.6428 -0.3537
vn -0.8365 0.5000 -0.2241
vn -0.5710 0.5000 -0.6511
vn 0.5495 0.7661 -0.3335
vn 0.6511 0.5000 -0.5710
vn 0.8201 0.5000 -0.2784
vn 0.3801 0.7660 -0.5184
vn 0.3830 0.5000 -0.7767
vn 0.1241 0.8191 -0.5600
vn 0.5495 0.7660 -0.3335
vn 0.0001 1.0000 -0.0001
vn 0.7071 0.7071 -0.0001
vn 0.7071 -0.0001 -0.7071
vn -0.0000 0.7069 -0.7073
vn 0.3827 -0.0002 -0.9239
vn 0.9205 0.3903 0.0179
vn 0.7072 0.7070 -0.0001
vn 0.7072 0.7071 -0.0001
vn 0.0001 0.7068 -0.7074
vn 0.9238 0.3829 -0.0000
vn 0.7071 0.7072 -0.0001
vn 0.3834 0.9236 -0.0040
vn 0.3827 0.9239 0.0001
vn 0.7933 0.5273 0.3044
vn 0.5000 0.7500 0.4330
vn 0.9239 0.3827 -0.0001
vn 0.9238 -0.0001 0.3828
vn 0.0001 0.3827 0.9239
vn 0.0002 0.3827 0.9239
vn 0.9239 0.0001 0.3826
vn 0.0002 -0.0000 1.0000
vn 0.7490 -0.0000 0.6626
vn 0.7490 -0.0000 0.6625
vn -0.9685 -0.0000 -0.2489
vn -0.9578 -0.0000 -0.2875
vn -0.8347 -0.0000 -0.5507
vn -0.8947 -0.0000 -0.4467
vn -0.7620 0.0003 -0.6476
vn -0.6411 -0.0000 -0.7674
vn -0.5880 -0.0000 -0.8089
vn -0.7618 -0.0000 -0.6479
vn -0.7072 -0.0000 -0.7071
vn -0.5880 -0.0000 -0.8088
vn 0.9685 -0.0000 -0.2489
vn 0.8347 -0.0000 -0.5507
vn 0.9578 -0.0000 -0.2875
vn 0.8947 -0.0000 -0.4467
vn 0.7617 -0.0000 -0.6479
vn 0.5880 -0.0000 -0.8089
vn 0.6412 -0.0000 -0.7674
vn -0.9685 -0.0000 0.2489
vn -0.8347 -0.0000 0.5507
vn -0.9578 -0.0000 0.2875
vn -0.8947 -0.0000 0.4467
vn -0.7617 -0.0000 0.6479
vn -0.5880 -0.0000 0.8089
vn -0.6411 -0.0000 0.7674
vn 0.9685 -0.0000 0.2489
vn 0.9578 -0.0000 0.2875
vn 0.8347 -0.0000 0.5507
vn 0.8947 -0.0000 0.4467
vn 0.7617 -0.0000 0.6479
vn 0.6411 -0.0000 0.7674
vn 0.5880 -0.0000 0.8089
vn 0.5881 -0.0000 0.8088
vn 0.7072 -0.0000 0.7071
vn -0.8947 -0.0000 0.4466
vn -0.5555 -0.0011 0.8315
vn -0.2008 0.0011 0.9796
vn -0.2008 -0.0000 0.9796
vn -0.3826 -0.0006 0.9239
vn 0.2008 0.0006 0.9796
vn 0.2008 -0.0000 0.9796
vn -0.0002 -0.0011 -1.0000
vn 0.3827 -0.0011 0.9239
vn 0.8947 -0.0000 0.4466
vn 0.8315 -0.0000 -0.5556
vn 0.2008 -0.0000 -0.9796
vn 0.3826 -0.0006 -0.9239
vn -0.0000 0.0005 -1.0000
vn -0.2008 -0.0000 -0.9796
vn -0.3827 -0.0011 -0.9239
vn -0.5880 -0.0000 0.8088
vn -0.8947 -0.0000 -0.4466
vn -0.0002 -0.0000 1.0000
vn 0.2008 0.0011 -0.9796
vn 0.0002 -0.0011 1.0000
vn 0.5881 -0.0000 -0.8088
vn 0.7069 -0.0000 -0.7073
vn 0.5555 -0.0011 -0.8315
vn 0.8947 -0.0000 -0.4466
vn -0.7072 -0.0000 0.7071
vn -0.8315 -0.0000 0.5556
vn 0.1951 -0.0006 0.9808
vn 0.8167 -0.0000 0.5770
vn 0.7721 -0.0000 0.6355
vn 0.9289 -0.0000 0.3704
vn 0.8819 -0.0000 0.4714
vn 0.7130 -0.0000 0.7012
vn -0.5047 -0.0000 0.8633
vn -0.6344 -0.0000 0.7730
vn -0.7021 -0.0000 0.7121
vn -0.6100 -0.0000 0.7924
vn -0.8421 -0.0000 0.5393
vn -0.9469 -0.0000 0.3215
vn -0.8422 -0.0000 0.5392
vn -0.9239 -0.0013 0.3827
vn -0.9569 -0.0000 0.2903
vn -0.9470 -0.0000 0.3214
vn -0.9570 -0.0000 0.2902
vn -0.9469 -0.0000 0.3214
vn -0.9569 -0.0000 0.2904
vn -1.0000 -0.0000 -0.0001
vn -0.9921 -0.0000 -0.1254
vn -0.9921 -0.0000 -0.1255
vn -0.9297 -0.0000 -0.3684
vn -0.5200 -0.0000 -0.8542
vn -0.5067 -0.0000 -0.8621
vn -0.9296 -0.0000 -0.3686
vn -0.7390 -0.0000 -0.6737
vn -0.9239 -0.0000 -0.3826
vn 0.6140 -0.0000 0.7893
vn 0.5091 -0.0000 0.8607
vn 0.3936 -0.0000 0.9193
vn 0.4714 -0.0000 0.8819
vn 0.3934 -0.0000 0.9194
vn 0.9983 -0.0000 0.0583
vn 0.9808 -0.0020 0.1951
vn 0.9764 -0.0000 -0.2160
vn 0.9952 0.0001 -0.0980
vn 0.9764 -0.0000 -0.2161
vn 0.8500 -0.0000 -0.5269
vn 0.9952 -0.0000 -0.0981
vn 0.8499 -0.0000 -0.5270
vn 0.6375 -0.0000 -0.7705
vn 0.7730 -0.0000 -0.6344
vn 0.6374 -0.0000 -0.7706
vn 0.6374 -0.0000 -0.7705
vn -0.0982 -0.0000 0.9952
vn -0.0980 -0.0000 0.9952
vn -0.0002 -0.0000 -1.0000
vn 0.3935 -0.0000 0.9193
vn 0.2009 0.0012 0.9796
vn 0.4715 -0.0000 0.8819
vn -0.2009 -0.0000 -0.9796
vn 0.0001 -0.0011 1.0000
vn 0.5556 -0.0011 -0.8315
vn 0.2903 -0.0000 -0.9569
vn 0.2902 -0.0000 -0.9570
vn -0.0000 -0.0012 -1.0000
vn -0.5068 -0.0000 -0.8621
vn -0.5557 -0.0000 -0.8314
vn 0.2009 -0.0000 -0.9796
vn 1.0000 0.0013 -0.0000
vn 0.9952 -0.0000 -0.0980
vn 0.8315 0.0007 0.5555
vn 0.3934 0.0011 0.9194
vn 0.0001 0.0022 -1.0000
vn -0.0000 -0.0012 1.0000
vn -0.2009 -0.0000 0.9796
vn 0.2009 -0.0000 0.9796
vn 0.9289 -0.0000 0.3703
vn 0.9239 -0.0007 0.3826
vn 0.9808 -0.0000 0.1952
vn 0.9808 -0.0010 -0.1951
vn 0.8499 -0.0000 -0.5269
vn -0.3827 0.0011 -0.9239
vn -0.8315 0.0008 -0.5556
vn -0.3934 -0.0000 0.9194
vn -0.5199 -0.0000 -0.8542
vn -0.3935 -0.0000 -0.9193
vn -0.3936 -0.0000 -0.9193
vn 0.6373 -0.0000 -0.7706
vn 0.3934 -0.0000 -0.9194
vn -0.5068 -0.0000 -0.8620
vn -0.3934 -0.0000 -0.9194
vn 0.3935 -0.0000 -0.9193
vn -0.0981 -0.0000 0.9952
vn -0.3935 -0.0000 0.9193
vn 0.2008 0.0012 0.9796
vn -0.3934 0.0011 -0.9194
vn -0.0491 -0.0000 0.9988
vn 0.9569 -0.0000 0.2903
vn 0.6344 -0.0000 0.7730
vn -0.4714 -0.0000 0.8819
vn -0.8819 -0.0000 0.4714
vn -0.9239 -0.0000 0.3826
vn -0.9952 -0.0000 -0.0980
vn -0.7730 -0.0000 -0.6344
vn -0.2903 -0.0000 -0.9569
vn -0.2904 -0.0000 -0.9569
vn 0.8314 -0.0000 -0.5557
vn 0.7073 -0.0000 -0.7069
vn 0.0980 -0.0000 0.9952
vn 0.8314 -0.0000 0.5557
vn -0.1952 -0.0000 -0.9808
vn -0.9808 -0.0000 0.1952
vn -0.9239 -0.0000 -0.3828
vn -0.7069 -0.0000 -0.7073
vn -0.7071 -0.0000 0.7072
vn -0.1950 -0.6935 -0.6935
vn -0.3827 -0.6533 -0.6533
vn -0.7071 -0.5000 -0.5000
vn -0.9239 -0.2706 -0.2706
vn -0.1951 -0.6935 -0.6935
vn -0.3826 -0.6533 -0.6533
vn -0.0654 -0.5343 -0.8427
vn -0.2340 -0.4970 -0.8356
vn -0.2809 -0.4081 -0.8687
vn -0.1392 -0.6558 -0.7420
vn -0.5234 -0.5561 -0.6456
vn -0.7679 -0.3779 -0.5172
vn -0.3643 -0.3151 -0.8764
vn -0.6006 -0.3662 -0.7107
vn -0.2216 -0.2651 -0.9384
vn -0.9521 -0.1591 -0.2611
vn -0.8511 -0.2097 -0.4813
vn -0.6526 -0.2221 -0.7244
vn -0.5838 -0.2784 -0.7627
vn -0.4611 -0.1775 -0.8694
vn -0.4383 -0.5071 -0.7421
vn 0.0654 -0.5343 -0.8427
vn 0.2809 -0.4081 -0.8686
vn 0.1393 -0.6558 -0.7420
vn 0.4383 -0.5071 -0.7421
vn 0.5234 -0.5561 -0.6456
vn 0.7071 -0.5000 -0.5000
vn 0.3827 -0.6533 -0.6533
vn 0.7679 -0.3778 -0.5172
vn 0.3643 -0.3151 -0.8764
vn 0.2217 -0.2651 -0.9384
vn 0.5837 -0.2784 -0.7627
vn 0.6006 -0.3662 -0.7107
vn 0.9521 -0.1591 -0.2611
vn 0.9239 -0.2706 -0.2706
vn 0.8511 -0.2097 -0.4813
vn 0.6526 -0.2221 -0.7244
vn 0.4611 -0.1775 -0.8694
vn 0.2340 -0.4970 -0.8356
vn 0.3825 -0.9239 -0.0000
vn 0.3826 -0.6533 0.6533
vn 0.3827 -0.6533 0.6533
vn 0.7071 -0.5000 0.5000
vn 0.3827 -0.6532 0.6533
vn 0.9239 -0.2706 0.2706
vn 0.0654 -0.5343 0.8428
vn 0.2340 -0.4970 0.8356
vn 0.2809 -0.4081 0.8686
vn 0.1392 -0.6558 0.7420
vn 0.5234 -0.5561 0.6456
vn 0.7679 -0.3778 0.5172
vn 0.3643 -0.3150 0.8764
vn 0.6006 -0.3662 0.7107
vn 0.2217 -0.2651 0.9384
vn 0.9521 -0.1591 0.2611
vn 0.8511 -0.2097 0.4813
vn 0.6526 -0.2221 0.7244
vn 0.5838 -0.2783 0.7627
vn 0.4611 -0.1775 0.8694
vn 0.4383 -0.5071 0.7421
vn -0.0654 -0.5343 0.8428
vn -0.2809 -0.4081 0.8686
vn -0.1393 -0.6558 0.7420
vn -0.4383 -0.5071 0.7421
vn -0.5234 -0.5561 0.6456
vn -0.7071 -0.5000 0.5000
vn -0.3827 -0.6533 0.6533
vn -0.7679 -0.3778 0.5172
vn -0.3643 -0.3151 0.8764
vn -0.2217 -0.2651 0.9384
vn -0.5837 -0.2784 0.7627
vn -0.6006 -0.3662 0.7107
vn -0.9521 -0.1592 0.2611
vn -0.9239 -0.2706 0.2706
vn -0.8511 -0.2097 0.4813
vn -0.6526 -0.2221 0.7244
vn -0.4611 -0.1775 0.8694
vn -0.2340 -0.4970 0.8356
vn -0.9239 -0.2705 0.2706
vn -0.0000 -0.7073 0.7069
vn -0.1950 -0.6935 0.6935
vn -0.1951 -0.6935 0.6935
vn -0.3826 -0.6533 0.6533
vn -0.9239 -0.2706 -0.2705
vn -0.9239 -0.3827 0.0001
vn -0.0001 -1.0000 -0.0000
vn -0.7679 -0.3778 -0.5172
vn -0.2217 -0.2651 -0.9384
vn -0.3827 -0.6532 0.6533
vn -0.2216 -0.2651 0.9384
vn -0.9521 -0.1591 0.2611
vn 0.0654 -0.5343 -0.8428
vn 0.2809 -0.4081 -0.8687
vn 0.9521 -0.1592 -0.2611
vn 0.0654 -0.5343 0.8427
vn 0.3643 -0.3151 0.8764
vn 0.2216 -0.2651 0.9384
vn 0.9521 -0.1592 0.2611
vn 0.5838 -0.2784 0.7627
vn 0.3825 -0.6533 0.6533
vn -0.3062 -0.9354 0.1768
vn -0.3314 -0.9239 0.1913
vn -0.5335 -0.7877 0.3080
vn -0.6124 -0.7071 0.3535
vn -0.7124 -0.5685 0.4115
vn -0.8267 -0.2978 0.4774
vn -0.8001 -0.3827 0.4619
vn -0.3062 -0.9354 0.1767
vn -0.9305 -0.1387 0.3390
vn -0.3828 -0.9238 -0.0008
vn -0.9238 -0.3828 0.0009
vn -0.7292 -0.2251 0.6462
vn -0.5263 -0.4298 0.7337
vn -0.2756 -0.5955 0.7546
vn -0.2757 -0.5955 0.7546
vn -0.2757 -0.5954 0.7546
vn -0.2758 -0.5954 0.7546
vn -0.3241 -0.5009 0.8025
vn -0.4694 -0.2615 0.8434
vn -0.4183 -0.3352 0.8442
vn -0.2392 -0.2387 0.9412
vn -0.1619 -0.4875 0.8580
vn -0.9753 -0.1387 -0.1717
vn -0.3311 -0.9238 -0.1921
vn -0.6124 -0.7071 -0.3535
vn -0.8005 -0.3828 -0.4612
vn -0.3062 -0.9354 -0.1768
vn -0.3062 -0.9354 -0.1767
vn -0.5335 -0.7877 -0.3080
vn -0.7124 -0.5685 -0.4115
vn -0.8267 -0.2978 -0.4774
vn 0.3241 -0.5009 0.8025
vn 0.2757 -0.5954 0.7546
vn 0.5264 -0.4298 0.7337
vn 0.1619 -0.4875 0.8580
vn 0.4694 -0.2615 0.8434
vn 0.4183 -0.3352 0.8442
vn 0.7292 -0.2251 0.6462
vn 0.2392 -0.2387 0.9412
vn -0.2757 -0.5955 -0.7546
vn -0.2757 -0.5954 -0.7546
vn -0.5263 -0.4297 -0.7337
vn -0.7293 -0.2251 -0.6462
vn 0.7293 -0.2251 0.6461
vn 0.5264 -0.4298 0.7336
vn 0.2757 -0.5955 0.7546
vn -0.3241 -0.5009 -0.8025
vn -0.1619 -0.4875 -0.8580
vn -0.4694 -0.2615 -0.8434
vn -0.4183 -0.3352 -0.8442
vn -0.2392 -0.2387 -0.9412
vn 0.5335 -0.7877 0.3080
vn 0.3062 -0.9354 0.1768
vn 0.3314 -0.9239 0.1914
vn 0.6124 -0.7071 0.3535
vn 0.5336 -0.7877 0.3080
vn 0.8001 -0.3827 0.4619
vn 0.3062 -0.9354 0.1767
vn 0.3314 -0.9239 0.1913
vn 0.9753 -0.1387 0.1717
vn 0.9238 -0.3828 0.0009
vn 0.3828 -0.9238 -0.0008
vn 0.3241 -0.5009 -0.8025
vn 0.2757 -0.5954 -0.7546
vn 0.5264 -0.4298 -0.7337
vn 0.4694 -0.2615 -0.8434
vn 0.4183 -0.3352 -0.8442
vn 0.2392 -0.2387 -0.9412
vn 0.7293 -0.2251 -0.6462
vn 0.1619 -0.4875 -0.8580
vn 0.2757 -0.5955 -0.7546
vn 0.7293 -0.2251 -0.6461
vn 0.5264 -0.4298 -0.7336
vn 0.9305 -0.1387 -0.3389
vn 0.8005 -0.3828 -0.4611
vn 0.6124 -0.7071 -0.3535
vn 0.3311 -0.9238 -0.1921
vn 0.3062 -0.9354 -0.1768
vn 0.3312 -0.9238 -0.1922
vn 0.5335 -0.7877 -0.3080
vn 0.5336 -0.7877 -0.3080
vn 0.3062 -0.9354 -0.1767
vt 0.850000 -1.200000
vt 0.303686 -1.937750
vt 0.850000 -2.340385
vt 0.310000 -2.000000
vt 0.841482 -2.405090
vt 0.725000 -2.556891
vt 0.285000 -2.121963
vt 0.303686 -2.062250
vt 0.816506 -2.465385
vt 0.776777 -2.517161
vt 0.285000 -2.810925
vt 0.285000 -1.878037
vt 0.285000 -1.200000
vt -0.310000 -2.000000
vt -0.303686 -1.937750
vt -0.850000 -2.340385
vt -0.850000 -1.200000
vt -0.285000 -1.200000
vt -0.285000 -1.878037
vt -0.285000 -2.121963
vt -0.725000 -2.556891
vt -0.303686 -2.062250
vt -0.285000 -2.810925
vt -0.841482 -2.405090
vt -0.816506 -2.465385
vt -0.776777 -2.517161
vt -0.500000 -1.855662
vt -0.510000 -1.853908
vt -0.500000 -2.000000
vt -0.500000 -2.144338
vt -0.510000 -2.180862
vt -0.500000 -2.288675
vt 0.500000 -1.855662
vt 0.500000 -2.000000
vt 0.510000 -1.853908
vt 0.500000 -1.711325
vt 0.510000 -1.526954
vt 0.510000 -2.180862
vt 0.500000 -2.288675
vt 0.510000 -2.507816
vt 0.500000 -2.144338
vt -0.000000 -1.200000
vt -0.000000 -1.422650
vt 0.510000 -1.200000
vt -0.510000 -1.526954
vt -0.510000 -1.200000
vt -0.500000 -1.711325
vt -0.510000 -2.507816
vt -0.000000 -2.577350
vt -0.159808 -2.710000
vt 0.159808 -2.710000
vt 0.797868 -2.340385
vt 0.797868 -1.200000
vt 0.700000 -2.340385
vt 0.700000 -1.200000
vt 1.200000 -1.526954
vt 1.200000 -1.200000
vt 0.903934 -1.200000
vt 1.200000 -1.853908
vt 0.903934 -2.340385
vt 0.953934 -2.426987
vt 1.200000 -2.507816
vt 1.200000 -2.180862
vt 0.907341 -2.366267
vt 0.917331 -2.390385
vt -0.756066 -2.426987
vt -0.519688 -2.563460
vt -0.903934 -1.200000
vt -1.200000 -1.853908
vt -0.903934 -2.340385
vt -0.953934 -2.426987
vt -0.917331 -2.390385
vt -1.200000 -2.180862
vt 0.519688 -2.563460
vt 0.756066 -2.426987
vt -1.200000 -2.507816
vt -0.907341 -2.366267
vt -1.200000 -1.526954
vt -1.200000 -1.200000
vt -0.700000 -2.340385
vt -0.700000 -1.200000
vt -0.797868 -2.340385
vt -0.797868 -1.200000
vt -0.855271 -2.340385
vt -0.855271 -1.200000
vt 0.855271 -2.340385
vt 0.855271 -1.200000
vt -0.000000 -3.060982
vt 0.150000 -3.150000
vt 0.150000 -2.810925
vt 0.700000 -2.810925
vt 0.700000 -2.121963
vt 0.350000 -2.121963
vt 0.153806 -3.169134
vt 0.164645 -3.185355
vt -0.000000 -4.000000
vt 0.180866 -3.196194
vt 0.200000 -3.200000
vt 0.700000 -4.000000
vt 0.700000 -3.200000
vt -0.000000 -2.121963
vt -0.500000 -0.121963
vt -0.500000 -1.200000
vt -0.000000 -0.121963
vt -0.000000 -1.878037
vt -0.700000 -1.878037
vt 0.000000 3.060982
vt -0.150000 3.150000
vt -0.150000 2.810925
vt -0.700000 2.810925
vt -0.700000 2.121963
vt -0.000000 2.121963
vt -0.153806 3.169134
vt -0.164645 3.185355
vt 0.000000 4.000000
vt -0.180866 3.196194
vt -0.200000 3.200000
vt -0.700000 4.000000
vt -0.700000 3.200000
vt 0.500000 0.121963
vt 0.500000 1.200000
vt 0.000000 0.121963
vt 0.000000 1.878037
vt 0.700000 1.200000
vt 0.700000 1.878037
vt 0.350000 1.878037
vt -0.350000 1.878037
vt -0.500000 1.200000
vt -0.500000 0.121963
vt -0.700000 1.878037
vt -0.700000 1.200000
vt 0.350000 -1.878037
vt 0.500000 -1.200000
vt 0.500000 -0.121963
vt 0.700000 -1.878037
vt -0.550000 0.100000
vt 0.550000 0.100000
vt -0.550000 0.180261
vt 0.550000 0.180261
vt 0.550000 0.089019
vt -0.550000 0.089019
vt -0.550000 2.675000
vt 0.550000 2.675000
vt -0.550000 2.690000
vt 0.550000 2.690000
vt 0.550000 2.870000
vt -0.550000 2.870000
vt -0.550000 2.885000
vt 0.550000 2.885000
vt -0.550000 2.895981
vt 0.550000 2.895981
vt -0.550000 3.175000
vt 0.550000 3.175000
vt -0.550000 3.190000
vt 0.550000 3.190000
vt 0.550000 3.370000
vt -0.550000 3.370000
vt -0.550000 3.385000
vt 0.550000 3.385000
vt -0.550000 3.395981
vt 0.550000 3.395981
vt -0.550000 -2.885000
vt -0.550000 -2.895981
vt 0.550000 -2.885000
vt -0.550000 -2.870000
vt 0.550000 -2.870000
vt 0.550000 -2.895981
vt 0.550000 -2.690000
vt -0.550000 -2.690000
vt -0.550000 -2.675000
vt 0.550000 -2.675000
vt -0.550000 -3.385000
vt -0.550000 -3.395981
vt 0.550000 -3.385000
vt -0.550000 -3.370000
vt 0.550000 -3.370000
vt 0.550000 -3.395981
vt 0.550000 -3.190000
vt -0.550000 -3.190000
vt -0.550000 -3.175000
vt 0.550000 -3.175000
vt -1.350000 -0.540000
vt -1.600000 -3.750000
vt -1.350000 -2.340000
vt -0.850000 -0.340000
vt -0.850000 -0.540000
vt -0.285000 -0.121963
vt -0.303686 -0.062250
vt -1.350000 -0.340000
vt -1.350000 0.340000
vt -1.350000 -2.540000
vt -1.278377 -3.141626
vt -1.200000 -3.130000
vt -1.350004 -3.175503
vt -0.850000 -2.540000
vt -0.285000 -3.060982
vt -1.009081 -3.209081
vt -0.850000 -2.340000
vt -1.350000 2.340000
vt -1.600000 3.750000
vt -1.350000 0.540000
vt -0.285000 1.878037
vt -0.850000 2.340000
vt -0.303686 1.937750
vt -0.310000 2.000000
vt -0.850000 2.540000
vt -1.028714 3.191287
vt -1.096676 3.150553
vt -0.285000 2.121963
vt -0.941626 3.321623
vt -1.350000 2.540000
vt -1.390919 3.209081
vt -1.438119 3.272723
vt -1.327277 3.161881
vt -0.850000 0.340000
vt -0.310000 0.000000
vt -0.850000 0.540000
vt -0.285000 0.121963
vt -0.303686 0.062250
vt -1.408713 -3.228714
vt -0.935188 -3.347326
vt -0.930000 -3.400000
vt -0.285000 -4.000000
vt -0.941626 -3.478377
vt -1.350000 -4.000000
vt -1.096676 -3.649448
vt -1.173535 -3.668700
vt -1.252674 -3.664812
vt -1.327277 -3.638119
vt -1.488893 -3.957867
vt -1.445671 -3.980970
vt -1.526777 -3.926777
vt -1.557867 -3.888893
vt -1.595196 -3.798773
vt -1.580970 -3.845671
vt -1.468700 -3.373536
vt -1.449448 -3.296675
vt -1.408713 3.571286
vt -1.350004 3.624497
vt -1.595196 3.798773
vt -1.580970 3.845671
vt -1.557867 3.888893
vt -1.278377 3.658374
vt -1.488893 3.957867
vt -1.526777 3.926777
vt -1.350000 4.000000
vt -1.147326 3.664812
vt -1.096676 3.649448
vt -1.200000 3.670000
vt -0.285000 4.000000
vt -0.930000 3.400000
vt -0.975503 3.249996
vt -0.285000 3.060982
vt -1.173535 3.131300
vt -1.252674 3.135188
vt -0.303686 2.062250
vt -1.147326 -3.135188
vt -0.950553 -3.296675
vt -1.096676 -3.150553
vt -1.466756 -3.413105
vt -1.464812 -3.452675
vt -1.449448 3.503325
vt -1.438119 -3.527277
vt -1.390919 -3.590919
vt -1.398773 -3.995196
vt -0.975503 -3.550004
vt -1.028714 -3.608713
vt -1.464812 3.347326
vt -0.975503 -3.249996
vt -1.049996 -3.175503
vt -0.817500 -4.000000
vt -1.398773 3.995196
vt -1.445671 3.980970
vt -1.468700 3.426465
vt -1.466756 3.386895
vt -0.935188 3.452675
vt -0.950553 3.503325
vt -0.975503 3.550004
vt -1.009081 3.590919
vt -1.049996 3.624497
vt -0.817500 4.000000
vt 0.850000 2.340000
vt 0.310000 2.000000
vt 0.303686 1.937750
vt 1.350000 2.340000
vt 0.285000 1.878037
vt 1.350000 0.540000
vt 1.600000 3.750000
vt 0.850000 2.540000
vt 0.285000 2.121963
vt 1.350000 2.540000
vt 1.371286 3.191287
vt 1.303325 3.150553
vt 0.850000 0.340000
vt 0.303686 0.062250
vt 0.310000 0.000000
vt 0.850000 -0.340000
vt 1.350000 0.340000
vt 1.350000 -0.340000
vt 1.424497 3.249996
vt 0.285000 0.121963
vt 0.850000 0.540000
vt 0.850000 -0.540000
vt 1.350000 -0.540000
vt 1.350000 -2.340000
vt 1.600000 -3.750000
vt 0.285000 -0.121963
vt 1.458374 3.321623
vt 0.850000 -2.540000
vt 0.950553 -3.296675
vt 0.850000 -2.340000
vt 1.350000 -2.540000
vt 1.303325 -3.150553
vt 1.350004 -3.175503
vt 0.303686 -0.062250
vt 1.226465 3.131300
vt 1.147326 3.135188
vt 1.424497 -3.249996
vt 1.390919 -3.209081
vt 1.449448 -3.296675
vt 1.009081 3.209081
vt 1.072723 3.161881
vt 0.285000 3.060982
vt 0.961881 3.272723
vt 0.935188 3.347326
vt 0.285000 4.000000
vt 0.931300 3.426465
vt 1.350000 4.000000
vt 1.049996 3.624497
vt 1.121623 3.658374
vt 1.252674 3.664812
vt 1.200000 3.670000
vt 1.303325 3.649448
vt 1.398773 3.995196
vt 1.445671 3.980970
vt 1.526777 3.926777
vt 1.488893 3.957867
vt 1.557867 3.888893
vt 1.350004 3.624497
vt 1.371286 -3.608713
vt 1.595196 -3.798773
vt 1.464812 -3.347326
vt 1.470000 -3.400000
vt 1.580970 -3.845671
vt 1.557867 -3.888893
vt 1.303325 -3.649448
vt 1.526777 -3.926777
vt 1.488893 -3.957867
vt 1.350000 -4.000000
vt 1.147326 -3.664812
vt 1.072723 -3.638119
vt 1.226465 -3.668700
vt 0.285000 -4.000000
vt 0.931300 -3.373536
vt 1.049996 -3.175503
vt 1.121623 -3.141626
vt 0.991287 -3.228714
vt 0.285000 -3.060982
vt 0.817500 4.000000
vt 0.991287 3.571286
vt 0.950553 3.503325
vt 0.933244 3.386895
vt 1.252674 -3.135188
vt 1.200000 -3.130000
vt 1.470000 3.400000
vt 1.464812 3.452675
vt 1.449448 3.503325
vt 1.424497 3.550004
vt 1.390919 3.590919
vt 1.458374 -3.478377
vt 1.424497 -3.550004
vt 1.595196 3.798773
vt 1.580970 3.845671
vt 0.303686 2.062250
vt 0.935188 -3.452675
vt 0.961881 -3.527277
vt 0.933244 -3.413105
vt 1.009081 -3.590919
vt 0.817500 -4.000000
vt 1.445671 -3.980970
vt 1.398773 -3.995196
vt 0.850000 2.340385
vt 0.850000 1.200000
vt 0.285000 1.200000
vt 0.725000 2.556891
vt 0.285000 2.810925
vt 0.841482 2.405090
vt 0.816506 2.465385
vt 0.776777 2.517161
vt -0.850000 1.200000
vt -0.850000 2.340385
vt -0.841482 2.405090
vt -0.725000 2.556891
vt -0.816506 2.465385
vt -0.776777 2.517161
vt -0.285000 2.810925
vt -0.285000 1.200000
vt -0.500000 1.855662
vt -0.500000 2.000000
vt -0.510000 1.853908
vt -0.500000 1.711325
vt 0.500000 1.855662
vt 0.510000 1.853908
vt 0.500000 2.000000
vt 0.500000 2.144338
vt 0.510000 2.180862
vt 0.500000 2.288675
vt -0.510000 1.526954
vt -0.510000 2.180862
vt -0.500000 2.288675
vt -0.510000 2.507816
vt -0.500000 2.144338
vt -0.000000 1.200000
vt -0.000000 1.422650
vt -0.510000 1.200000
vt -0.000000 2.577350
vt 0.510000 1.200000
vt 0.510000 1.526954
vt 0.500000 1.711325
vt 0.510000 2.507816
vt -0.159808 2.710000
vt 0.159808 2.710000
vt 0.830970 3.354329
vt 0.845196 3.401228
vt 0.850000 3.450000
vt 0.807867 3.311107
vt 0.776777 3.273223
vt 0.738893 3.242133
vt 0.695671 3.219030
vt 0.648773 3.204804
vt 0.600000 3.200000
vt 0.600000 4.000000
vt 0.285000 3.200000
vt 0.850000 3.750000
vt 0.738893 3.957867
vt 0.695671 3.980970
vt 0.776777 3.926777
vt 0.830970 3.845671
vt 0.807867 3.888893
vt 0.845196 3.798773
vt 0.648773 3.995196
vt 0.700000 2.340385
vt 0.797868 2.340385
vt 0.797868 1.200000
vt 0.700000 3.750000
vt 0.700000 3.450000
vt 0.797868 3.750000
vt 0.797868 3.450000
vt 0.903934 1.200000
vt 1.200000 1.853908
vt 0.903934 2.340385
vt 0.953934 2.426987
vt 0.917331 2.390385
vt 1.200000 2.180862
vt -0.519688 2.563460
vt -0.756066 2.426987
vt 1.200000 2.507816
vt 0.907341 2.366267
vt 1.200000 1.526954
vt 1.200000 1.200000
vt 1.003934 3.850000
vt 0.903934 3.750000
vt 0.903934 3.450000
vt -0.744334 3.842388
vt -0.776777 3.820711
vt -0.806066 3.750000
vt 0.965666 3.842388
vt 0.933223 3.820711
vt 0.911546 3.788268
vt 1.003934 3.350000
vt -0.510000 3.850000
vt -0.706066 3.350000
vt -0.510000 3.350000
vt -0.706066 3.850000
vt 0.911546 3.411732
vt 0.933223 3.379289
vt -0.806066 3.450000
vt -0.776777 3.379289
vt -0.744334 3.357612
vt 0.965666 3.357612
vt 0.510000 3.850000
vt 0.510000 3.350000
vt -1.200000 1.526954
vt -1.200000 1.200000
vt -0.903934 1.200000
vt -1.200000 1.853908
vt -0.903934 2.340385
vt -0.953934 2.426987
vt -1.200000 2.507816
vt -1.200000 2.180862
vt -0.907341 2.366267
vt -0.917331 2.390385
vt 0.756066 2.426987
vt 0.519688 2.563460
vt 0.706066 3.850000
vt 0.706066 3.350000
vt -0.911546 3.788268
vt -0.933223 3.820711
vt -0.903934 3.750000
vt 0.806066 3.750000
vt 0.776777 3.820711
vt 0.744334 3.842388
vt -0.965666 3.842388
vt -1.003934 3.850000
vt -1.003934 3.350000
vt -0.965666 3.357612
vt -0.903934 3.450000
vt -0.933223 3.379289
vt -0.911546 3.411732
vt 0.776777 3.379289
vt 0.806066 3.450000
vt 0.744334 3.357612
vt -0.797868 2.340385
vt -0.797868 1.200000
vt -0.700000 2.340385
vt -0.700000 3.450000
vt -0.700000 3.750000
vt -0.797868 3.450000
vt -0.797868 3.750000
vt -0.830970 3.845671
vt -0.845196 3.798773
vt -0.850000 3.750000
vt -0.807867 3.888893
vt -0.776777 3.926777
vt -0.738893 3.957867
vt -0.695671 3.980970
vt -0.648773 3.995196
vt -0.600000 4.000000
vt -0.600000 3.200000
vt -0.285000 3.200000
vt -0.850000 3.450000
vt -0.738893 3.242133
vt -0.695671 3.219030
vt -0.776777 3.273223
vt -0.830970 3.354329
vt -0.807867 3.311107
vt -0.845196 3.401228
vt -0.648773 3.204804
vt -0.150000 -3.150000
vt -0.153806 -3.169134
vt -0.200000 -3.200000
vt -0.700000 -4.000000
vt -0.700000 -3.200000
vt -0.180866 -3.196194
vt -0.164645 -3.185355
vt -0.150000 -2.810925
vt -0.350000 -2.121963
vt -0.700000 -2.810925
vt -0.700000 -2.121963
vt 0.000000 3.750000
vt 0.000000 -3.750000
vt 0.250000 3.750000
vt 0.250000 -3.750000
vt 0.000000 -2.420000
vt 0.000000 -2.310000
vt -0.060478 -2.304044
vt -0.740000 0.000000
vt -0.580000 2.420000
vt -0.740000 3.980000
vt 0.740000 0.000000
vt 0.580000 -2.420000
vt 0.740000 -3.980000
vt -0.580000 -2.420000
vt -0.286403 -1.881368
vt -0.304043 0.060478
vt -0.118632 -2.286403
vt -0.740000 -3.980000
vt -0.580000 -3.980000
vt -0.304043 -1.939522
vt -0.580000 3.980000
vt 0.000000 2.420000
vt -0.290000 2.420000
vt -0.118632 2.286403
vt -0.304043 2.060478
vt -0.286403 0.118632
vt 0.580000 2.420000
vt 0.286403 1.881368
vt 0.304043 -0.060478
vt -0.000000 2.310000
vt -0.060478 2.304044
vt 0.740000 3.980000
vt 0.580000 3.980000
vt 0.304043 1.939522
vt 0.580000 -3.980000
vt -0.290000 -2.420000
vt 0.304043 -2.060478
vt 0.286403 -0.118632
vt 0.060478 -0.304043
vt 0.060478 -1.695957
vt 0.118632 -0.286403
vt 0.000000 -0.310000
vt 0.118632 -1.713597
vt 0.172227 -0.257756
vt 0.172227 -1.742244
vt 0.219203 -0.219203
vt 0.219203 -1.780797
vt 0.257756 -1.827773
vt 0.304043 0.060478
vt 0.286403 0.118632
vt 0.257756 1.827773
vt 0.219203 1.780797
vt 0.304043 -1.939522
vt 0.219203 0.219203
vt 0.257756 0.172227
vt 0.172227 1.742244
vt 0.172227 0.257756
vt 0.286403 -1.881368
vt 0.118632 0.286403
vt 0.060478 0.304043
vt 0.118632 1.713597
vt 0.060478 1.695957
vt -0.000000 1.690000
vt 0.000000 0.310000
vt -0.060478 0.304043
vt -0.060478 1.695957
vt -0.118632 0.286403
vt -0.219203 0.219203
vt -0.257756 0.172227
vt -0.219203 1.780797
vt -0.257756 1.827773
vt -0.304043 -0.060478
vt -0.286403 -0.118632
vt -0.257756 -1.827773
vt -0.219203 -1.780797
vt -0.304043 1.939522
vt -0.219203 -0.219203
vt -0.257756 -0.172227
vt -0.172227 -1.742244
vt -0.172227 -0.257756
vt -0.060478 -1.695957
vt 0.000000 -1.690000
vt -0.118632 1.713597
vt -0.172227 1.742244
vt -0.172227 0.257756
vt 0.257756 -0.172227
vt 0.304043 2.060478
vt 0.286403 2.118632
vt 0.257756 2.172227
vt 0.219203 2.219203
vt 0.172227 2.257756
vt 0.118632 2.286403
vt 0.290000 2.420000
vt 0.060478 2.304044
vt -0.172227 2.257756
vt -0.286403 2.118632
vt -0.257756 2.172227
vt -0.219203 2.219203
vt -0.118632 -0.286403
vt -0.286403 1.881368
vt -0.118632 -1.713597
vt 0.060478 -2.304044
vt 0.290000 -2.420000
vt 0.118632 -2.286403
vt 0.172227 -2.257756
vt 0.219203 -2.219203
vt 0.257756 -2.172227
vt 0.286403 -2.118632
vt -0.060478 -0.304043
vt -0.304043 -2.060478
vt -0.286403 -2.118632
vt -0.257756 -2.172227
vt -0.219203 -2.219203
vt -0.172227 -2.257756
vt -0.250000 -3.750000
vt -0.250000 3.750000
vt 0.150000 3.150000
vt 0.153806 3.169134
vt 0.200000 3.200000
vt 0.700000 4.000000
vt 0.700000 3.200000
vt 0.180866 3.196194
vt 0.164645 3.185355
vt 0.150000 2.810925
vt 0.350000 2.121963
vt 0.700000 2.810925
vt 0.700000 2.121963
vt 0.830970 -3.845671
vt 0.845196 -3.798773
vt 0.850000 -3.750000
vt 0.807867 -3.888893
vt 0.776777 -3.926777
vt 0.738893 -3.957867
vt 0.695671 -3.980970
vt 0.648773 -3.995196
vt 0.600000 -4.000000
vt 0.600000 -3.200000
vt 0.285000 -3.200000
vt 0.850000 -3.450000
vt 0.738893 -3.242133
vt 0.695671 -3.219030
vt 0.776777 -3.273223
vt 0.830970 -3.354329
vt 0.807867 -3.311107
vt 0.845196 -3.401228
vt 0.648773 -3.204804
vt 0.700000 -3.450000
vt 0.700000 -3.750000
vt 0.797868 -3.450000
vt 0.797868 -3.750000
vt -0.706066 -3.850000
vt -0.510000 -3.850000
vt -0.706066 -3.350000
vt 0.911546 -3.788268
vt 0.933223 -3.820711
vt 0.903934 -3.750000
vt -0.806066 -3.750000
vt -0.776777 -3.820711
vt -0.744334 -3.842388
vt 0.965666 -3.842388
vt 1.003934 -3.850000
vt 1.003934 -3.350000
vt 0.965666 -3.357612
vt 0.903934 -3.450000
vt 0.933223 -3.379289
vt 0.911546 -3.411732
vt -0.510000 -3.350000
vt -0.744334 -3.357612
vt -0.776777 -3.379289
vt -0.806066 -3.450000
vt -0.297868 -3.200000
vt 0.510000 -3.850000
vt -0.379047 -3.211418
vt -0.447868 -3.243934
vt -0.493852 -3.292598
vt -0.505924 -3.320736
vt 0.297868 -3.200000
vt 0.493852 -3.292598
vt 0.447868 -3.243934
vt 0.510000 -3.350000
vt 0.505924 -3.320736
vt 0.379047 -3.211418
vt -1.003934 -3.850000
vt -0.903934 -3.750000
vt -0.903934 -3.450000
vt 0.744334 -3.842388
vt 0.776777 -3.820711
vt 0.806066 -3.750000
vt -0.965666 -3.842388
vt -0.933223 -3.820711
vt -0.911546 -3.788268
vt -1.003934 -3.350000
vt 0.706066 -3.350000
vt 0.706066 -3.850000
vt -0.911546 -3.411732
vt -0.933223 -3.379289
vt 0.806066 -3.450000
vt 0.776777 -3.379289
vt 0.744334 -3.357612
vt -0.965666 -3.357612
vt -0.700000 -3.750000
vt -0.700000 -3.450000
vt -0.797868 -3.750000
vt -0.797868 -3.450000
vt -0.830970 -3.354329
vt -0.845196 -3.401228
vt -0.850000 -3.450000
vt -0.807867 -3.311107
vt -0.776777 -3.273223
vt -0.738893 -3.242133
vt -0.695671 -3.219030
vt -0.648773 -3.204804
vt -0.600000 -3.200000
vt -0.600000 -4.000000
vt -0.285000 -3.200000
vt -0.850000 -3.750000
vt -0.738893 -3.957867
vt -0.695671 -3.980970
vt -0.776777 -3.926777
vt -0.830970 -3.845671
vt -0.807867 -3.888893
vt -0.845196 -3.798773
vt -0.648773 -3.995196
vt -0.817500 0.000000
vt -0.760000 0.250000
vt -1.350000 0.250000
vt -0.285000 0.170000
vt -0.285000 0.000000
vt 0.000000 0.170000
vt 0.285000 0.170000
vt 0.285000 0.000000
vt 0.570000 0.170000
vt 0.817500 0.000000
vt 1.350000 0.000000
vt 1.350000 0.250000
vt -0.285000 -0.700000
vt -0.447868 -1.050000
vt 0.285000 -0.700000
vt -0.570000 0.170000
vt -1.350000 0.000000
vt -0.748520 0.252284
vt -0.738787 0.258787
vt -0.730000 0.280000
vt -0.732284 0.268519
vt -0.580000 0.280000
vt -0.570000 0.270000
vt -0.576173 0.279239
vt -0.570761 0.273827
vt -0.572929 0.277071
vt 0.748520 0.252284
vt 0.738787 0.258787
vt 0.732284 0.268519
vt 0.580000 0.280000
vt 0.570000 0.270000
vt 0.570761 0.273827
vt 0.576173 0.279239
vt 0.572929 0.277071
vt 0.730000 0.280000
vt 0.760000 0.250000
vt -0.600000 -0.700000
vt -0.600000 -0.897868
vt 0.600000 -0.897868
vt 0.447868 -1.050000
vt 0.600000 -0.700000
vt 0.297868 -1.200000
vt -0.297868 -1.200000
vt 0.285000 -0.200000
vt -0.285000 -0.200000
vt -0.211603 -0.600000
vt -0.285000 -0.150000
vt -0.522868 -1.050000
vt -0.725000 -0.847868
vt -0.211603 -1.050000
vt -0.211603 -0.150000
vt -0.725000 -0.700000
vt 0.211603 -0.600000
vt 0.211603 -1.050000
vt 0.522868 -1.050000
vt 0.725000 -0.847868
vt 0.725000 -0.700000
vt 0.285000 -0.150000
vt 0.211603 -0.150000
vt -0.186603 -1.050000
vt 0.186603 -1.050000
vt -0.186603 -0.150000
vt 0.186603 -0.150000
vt 1.200000 -1.711325
vt 0.850000 -1.711325
vt 1.200000 -1.855662
vt 1.200000 -2.000000
vt 0.850000 -2.288675
vt 1.200000 -2.144338
vt 1.200000 -2.288675
vt 0.500000 -0.850000
vt -0.000000 -0.850000
vt -0.500000 -0.850000
vt -1.200000 -2.288675
vt -0.850000 -2.288675
vt -1.200000 -2.144338
vt -1.200000 -2.000000
vt -0.850000 -1.711325
vt -1.200000 -1.855662
vt -1.200000 -1.711325
vt 1.200000 2.288675
vt 0.850000 2.288675
vt 1.200000 2.144338
vt 1.200000 2.000000
vt 0.850000 1.711325
vt 1.200000 1.855662
vt 1.200000 1.711325
vt -1.200000 1.711325
vt -0.850000 1.711325
vt -1.200000 1.855662
vt -1.200000 2.000000
vt -0.850000 2.288675
vt -1.200000 2.144338
vt -1.200000 2.288675
vt -0.273396 2.146133
vt -0.308507 1.969615
vt 0.030385 2.308507
vt 0.296652 2.089988
vt -0.089988 1.703349
vt 0.196662 2.239633
vt -0.146133 2.273396
vt -0.239633 1.803338
vt -0.089988 -2.296652
vt -0.308507 -2.030385
vt 0.030385 -1.691493
vt 0.296652 -1.910012
vt 0.196662 -1.760367
vt -0.146133 -1.726604
vt -0.273396 -1.853867
vt -0.239633 -2.196662
vt -0.290000 -3.980000
vt -0.280000 -3.980000
vt -0.290000 0.000000
vt -0.280000 0.000000
vt -0.280000 3.980000
vt -0.290000 3.980000
vt 0.760000 -3.980000
vt 0.930000 -3.400000
vt 0.935188 -3.347326
vt 1.350000 -3.980000
vt 1.200000 -3.670000
vt 1.252674 -3.664812
vt 1.394871 -3.975581
vt 1.512635 -3.912635
vt 1.541238 -3.877781
vt 1.438017 -3.962492
vt 1.350004 -3.624497
vt 1.580000 -3.750000
vt 1.580000 3.750000
vt 1.464812 3.347326
vt 1.575581 3.794871
vt 1.562492 3.838017
vt 1.541238 3.877781
vt 1.350000 3.980000
vt 0.760000 3.980000
vt 0.930000 3.400000
vt 0.760000 0.000000
vt 1.350004 3.175503
vt 0.950553 3.296675
vt 0.975503 3.249996
vt 1.390919 3.209081
vt 1.049996 3.175503
vt 1.147326 -3.135188
vt 1.449448 3.296675
vt 1.464812 -3.452675
vt 1.449448 -3.503325
vt 1.390919 -3.590919
vt 1.562492 -3.838017
vt 1.575581 -3.794871
vt 1.477781 -3.941238
vt 1.096676 -3.649448
vt 0.975503 -3.550004
vt 1.049996 -3.624497
vt 0.950553 -3.503325
vt 1.096676 3.150553
vt 0.975503 -3.249996
vt 1.009081 -3.209081
vt 1.200000 3.130000
vt 1.147326 3.664812
vt 1.394871 3.975581
vt 1.438017 3.962492
vt 1.477781 3.941238
vt 1.512635 3.912635
vt 1.252674 3.135188
vt 1.096676 -3.150553
vt 0.935188 3.452675
vt 0.975503 3.550004
vt 1.009081 3.590919
vt 1.096676 3.649448
vt -1.350004 -3.624497
vt -1.580000 -3.750000
vt -1.575581 -3.794871
vt -1.562492 -3.838017
vt -1.541238 -3.877781
vt -1.303325 -3.649448
vt -1.512635 -3.912635
vt -1.477781 -3.941238
vt -1.438017 -3.962492
vt -1.394871 -3.975581
vt -0.760000 -3.980000
vt -0.760000 3.980000
vt -0.935188 3.347326
vt -1.350000 3.980000
vt -1.252674 3.664812
vt -1.303325 3.649448
vt -1.394871 3.975581
vt -1.512635 3.912635
vt -1.541238 3.877781
vt -1.438017 3.962492
vt -1.580000 3.750000
vt -1.470000 -3.400000
vt -1.464812 -3.347326
vt -1.303325 3.150553
vt -1.350004 3.175503
vt -0.760000 0.000000
vt -1.200000 3.130000
vt -1.147326 3.135188
vt -1.303325 -3.150553
vt -1.477781 3.941238
vt -0.950553 3.296675
vt -1.009081 3.209081
vt -1.252674 -3.135188
vt -1.470000 3.400000
vt -1.464812 3.452675
vt -1.424497 3.550004
vt -1.390919 3.590919
vt -1.575581 3.794871
vt -1.562492 3.838017
vt -1.424497 -3.249996
vt -1.390919 -3.209081
vt -1.049996 3.175503
vt -0.935188 -3.452675
vt -0.950553 -3.503325
vt -1.009081 -3.590919
vt -1.049996 -3.624497
vt -1.147326 -3.664812
vt -1.350000 -3.980000
vt -1.200000 -3.670000
vt -1.424497 -3.550004
vt -1.449448 -3.503325
vt -1.449448 3.296675
vt -1.424497 3.249996
vt 0.280000 -3.980000
vt 0.290000 -3.980000
vt 0.280000 0.000000
vt 0.290000 0.000000
vt 0.290000 3.980000
vt 0.280000 3.980000
vt 0.211603 2.853301
vt 0.285000 3.150000
vt 0.186603 2.860000
vt -0.186603 2.860000
vt -0.211603 2.853301
vt -0.285000 3.150000
vt -0.211603 -2.853301
vt -0.285000 -3.150000
vt -0.186603 -2.860000
vt 0.186603 -2.860000
vt 0.211603 -2.853301
vt 0.285000 -3.150000
vt 1.350000 0.270000
vt 0.850000 0.000000
vt 0.850000 0.270000
vt -0.000000 -0.340000
vt -0.270000 -0.340000
vt -0.000000 -0.540000
vt -0.270000 -0.540000
vt -0.850000 0.000000
vt -0.850000 0.270000
vt -1.350000 0.270000
vt 0.270000 -0.540000
vt 0.270000 -0.340000
vt -0.000000 -2.340000
vt -0.270000 -2.340000
vt -0.000000 -2.540000
vt -0.270000 -2.540000
vt 0.270000 -2.540000
vt 0.270000 -2.340000
vt -0.000000 2.540000
vt -0.270000 2.540000
vt -0.000000 2.340000
vt -0.270000 2.340000
vt 0.270000 2.340000
vt 0.270000 2.540000
vt -0.000000 0.540000
vt -0.270000 0.540000
vt -0.000000 0.340000
vt -0.270000 0.340000
vt 0.270000 0.340000
vt 0.270000 0.540000
vt -0.550000 -3.885000
vt -0.550000 -3.895981
vt 0.550000 -3.885000
vt -0.550000 -3.870000
vt 0.550000 -3.870000
vt 0.550000 -3.895981
vt 0.550000 -3.690000
vt -0.550000 -3.690000
vt -0.550000 -3.675000
vt 0.550000 -3.675000
vt 0.198284 -3.980000
vt 0.270000 -3.980000
vt 0.200000 -3.970000
vt 0.270000 -2.450000
vt 0.200000 -3.106616
vt 0.200000 -3.453384
vt 0.200000 -2.606616
vt 0.200000 -2.953384
vt 0.194575 -2.623823
vt 0.200000 -2.450000
vt 0.194575 -2.936177
vt 0.180261 -2.634807
vt 0.180261 -2.925193
vt 0.085000 -2.690000
vt 0.100000 -2.664019
vt 0.085000 -2.870000
vt 0.100000 -2.895981
vt 0.089019 -2.885000
vt 0.194575 -3.123823
vt 0.194575 -3.436177
vt 0.180261 -3.134807
vt 0.180261 -3.425194
vt 0.085000 -3.190000
vt 0.100000 -3.164019
vt 0.089019 -2.675000
vt 0.085000 -3.370000
vt 0.100000 -3.395981
vt 0.089019 -3.385000
vt 0.194575 -3.936177
vt 0.200000 -3.953384
vt 0.200000 -3.606616
vt 0.194575 -3.623823
vt 0.180261 -3.634807
vt 0.180261 -3.925194
vt 0.085000 -3.690000
vt 0.100000 -3.664019
vt 0.089019 -3.175000
vt 0.085000 -3.870000
vt 0.100000 -3.895981
vt 0.089019 -3.885000
vt 0.089019 -3.675000
vt -0.200000 -2.450000
vt -0.270000 -2.450000
vt -0.200000 -2.606616
vt -0.194575 -2.623823
vt -0.194575 -2.936177
vt -0.180261 -2.634807
vt -0.200000 -2.953384
vt -0.180261 -2.925193
vt -0.085000 -2.690000
vt -0.100000 -2.664019
vt -0.085000 -2.870000
vt -0.100000 -2.895981
vt -0.089019 -2.885000
vt -0.200000 -3.106616
vt -0.270000 -3.980000
vt -0.200000 -3.453384
vt -0.194575 -3.123823
vt -0.194575 -3.436177
vt -0.180261 -3.134807
vt -0.180261 -3.425194
vt -0.085000 -3.190000
vt -0.100000 -3.164019
vt -0.089019 -2.675000
vt -0.085000 -3.370000
vt -0.100000 -3.395981
vt -0.089019 -3.385000
vt -0.200000 -3.606616
vt -0.194575 -3.623823
vt -0.194575 -3.936177
vt -0.180261 -3.634807
vt -0.180261 -3.925194
vt -0.085000 -3.690000
vt -0.089019 -3.175000
vt -0.100000 -3.895981
vt -0.085000 -3.870000
vt -0.089019 -3.885000
vt -0.089019 -3.675000
vt -0.100000 -3.664019
vt -0.200000 -3.970000
vt -0.198284 -3.980000
vt -0.200000 -3.953384
vt -0.550000 -3.970000
vt -0.275000 -3.970000
vt -0.550000 -3.953384
vt 0.550000 -3.970000
vt 0.550000 -3.953384
vt 0.000000 -3.970000
vt 0.275000 -3.970000
vt -0.550000 -3.606616
vt 0.550000 -3.606616
vt -0.550000 -3.453384
vt 0.550000 -3.453384
vt -0.550000 -3.106616
vt 0.550000 -3.106616
vt -0.550000 -2.953384
vt 0.550000 -2.953384
vt 0.550000 -2.450000
vt -0.550000 -2.450000
vt 0.550000 -2.606616
vt -0.550000 -2.606616
vt -0.275000 0.270000
vt -0.550000 0.270000
vt 0.550000 0.200000
vt -0.550000 0.200000
vt 0.275000 0.270000
vt 0.000000 0.270000
vt 0.550000 0.270000
vt 0.552284 -2.447716
vt 0.568520 -3.980000
vt 0.281481 -2.447716
vt 0.281481 -3.980000
vt 0.558787 -2.441213
vt 0.568520 -2.431480
vt 0.291213 -2.441213
vt 0.300000 -3.980000
vt 0.558787 -3.980000
vt 0.291213 -3.980000
vt 0.249698 0.290268
vt 0.184095 0.288263
vt 0.249698 -2.442118
vt 0.184095 -2.443801
vt -0.249698 -2.442118
vt -0.184095 -2.443801
vt -0.249698 0.290268
vt -0.184095 0.288263
vt 0.061365 0.290268
vt 0.061365 -2.442118
vt -0.061365 -2.442118
vt -0.061365 0.290268
vt 0.372428 0.288263
vt 0.372428 -2.443801
vt -0.372428 0.288263
vt -0.552284 0.281481
vt 0.552284 0.281481
vt -0.372428 -2.443801
vt -0.568520 -2.431480
vt -0.558787 -2.441213
vt 0.558787 0.291213
vt -0.558787 0.291213
vt -0.291213 -2.441213
vt -0.300000 -3.980000
vt -0.281481 -2.447716
vt -0.552284 -2.447716
vt -0.568520 -3.980000
vt -0.281481 -3.980000
vt -0.291213 -3.980000
vt -0.558787 -3.980000
vt -0.310000 -3.992981
vt -0.095000 -3.995981
vt -0.310000 0.189284
vt -0.095000 0.185000
vt -0.550000 -3.980000
vt 0.095000 -3.995981
vt 0.310000 0.189284
vt 0.095000 0.185000
vt -0.031667 0.189284
vt -0.031667 -3.992981
vt 0.310000 -3.992981
vt 0.556626 0.186465
vt 0.550000 -3.980000
vt 0.556626 -3.995118
vt -0.556626 -3.995118
vt -0.556626 0.186465
vt -0.550000 0.194575
vt 0.550000 0.194575
vt -0.550000 -3.936177
vt 0.550000 -3.936177
vt 0.550000 -3.623823
vt -0.550000 -3.623823
vt -0.550000 -3.436177
vt 0.550000 -3.436177
vt 0.550000 -3.123823
vt -0.550000 -3.123823
vt -0.550000 -2.936177
vt 0.550000 -2.936177
vt 0.550000 -2.623823
vt -0.550000 -2.623823
vt -0.550000 3.675000
vt 0.550000 3.675000
vt -0.550000 3.690000
vt 0.550000 3.690000
vt 0.550000 3.870000
vt -0.550000 3.870000
vt -0.550000 3.885000
vt 0.550000 3.885000
vt -0.550000 3.895981
vt 0.550000 3.895981
vt 0.270000 3.980000
vt 0.200000 3.453384
vt 0.200000 3.106616
vt 0.198284 3.980000
vt 0.200000 3.970000
vt 0.194575 3.936177
vt 0.180261 3.925194
vt 0.194575 3.623823
vt 0.200000 3.953384
vt 0.180261 3.634807
vt 0.085000 3.870000
vt 0.100000 3.895981
vt 0.085000 3.690000
vt 0.100000 3.664019
vt 0.089019 3.675000
vt 0.194575 3.436177
vt 0.200000 3.606616
vt 0.194575 3.123823
vt 0.180261 3.425194
vt 0.180261 3.134807
vt 0.085000 3.370000
vt 0.100000 3.395981
vt 0.089019 3.885000
vt 0.085000 3.190000
vt 0.100000 3.164019
vt 0.089019 3.175000
vt 0.200000 2.953384
vt 0.200000 2.606616
vt 0.270000 2.450000
vt 0.194575 2.936177
vt 0.180261 2.925193
vt 0.180261 2.634807
vt 0.194575 2.623823
vt 0.085000 2.870000
vt 0.100000 2.895981
vt 0.089019 3.385000
vt 0.085000 2.690000
vt 0.100000 2.664019
vt 0.089019 2.675000
vt 0.089019 2.885000
vt 0.200000 2.450000
vt -0.200000 3.953384
vt -0.270000 3.980000
vt -0.194575 3.936177
vt -0.200000 3.970000
vt -0.180261 3.925194
vt -0.180261 3.634807
vt -0.085000 3.870000
vt -0.194575 3.623823
vt -0.100000 3.895981
vt -0.100000 3.664019
vt -0.085000 3.690000
vt -0.089019 3.675000
vt -0.200000 3.606616
vt -0.200000 3.453384
vt -0.200000 3.106616
vt -0.194575 3.436177
vt -0.194575 3.123823
vt -0.180261 3.425194
vt -0.180261 3.134807
vt -0.085000 3.370000
vt -0.100000 3.395981
vt -0.085000 3.190000
vt -0.089019 3.175000
vt -0.100000 3.164019
vt -0.270000 2.450000
vt -0.200000 2.953384
vt -0.200000 2.606616
vt -0.194575 2.936177
vt -0.180261 2.925193
vt -0.194575 2.623823
vt -0.180261 2.634807
vt -0.085000 2.870000
vt -0.100000 2.895981
vt -0.089019 3.385000
vt -0.085000 2.690000
vt -0.100000 2.664019
vt -0.089019 2.675000
vt -0.200000 2.450000
vt -0.198284 3.980000
vt -0.089019 3.885000
vt -0.089019 2.885000
vt 0.550000 3.970000
vt 0.275000 3.970000
vt 0.550000 3.953384
vt -0.550000 3.970000
vt -0.550000 3.953384
vt 0.000000 3.970000
vt -0.275000 3.970000
vt -0.550000 3.453384
vt 0.550000 3.453384
vt -0.550000 3.606616
vt 0.550000 3.606616
vt -0.550000 2.450000
vt 0.550000 2.450000
vt -0.550000 2.606616
vt 0.550000 2.606616
vt -0.550000 2.953384
vt 0.550000 2.953384
vt -0.550000 3.106616
vt 0.550000 3.106616
vt 0.568520 2.431480
vt 0.558787 2.441213
vt 0.291213 2.441213
vt 0.300000 3.980000
vt 0.281481 2.447716
vt 0.552284 2.447716
vt 0.568520 3.980000
vt 0.281481 3.980000
vt 0.291213 3.980000
vt 0.558787 3.980000
vt -0.249698 2.442118
vt -0.184095 2.443801
vt 0.249698 2.442118
vt 0.184095 2.443801
vt -0.061365 2.442118
vt 0.061365 2.442118
vt -0.372428 2.443801
vt 0.372428 2.443801
vt -0.558787 2.441213
vt -0.568520 2.431480
vt -0.552284 2.447716
vt -0.568520 3.980000
vt -0.281481 2.447716
vt -0.281481 3.980000
vt -0.291213 2.441213
vt -0.300000 3.980000
vt -0.558787 3.980000
vt -0.291213 3.980000
vt -0.095000 3.995981
vt 0.310000 3.992981
vt 0.095000 3.995981
vt 0.550000 3.980000
vt -0.031667 3.992981
vt 0.031667 0.189284
vt -0.310000 3.992981
vt -0.550000 3.980000
vt -0.556626 3.995118
vt 0.556626 3.995118
vt -0.550000 2.623823
vt 0.550000 2.623823
vt 0.550000 2.936177
vt -0.550000 2.936177
vt -0.550000 3.123823
vt 0.550000 3.123823
vt 0.550000 3.436177
vt -0.550000 3.436177
vt -0.550000 3.623823
vt 0.550000 3.623823
vt 0.550000 3.936177
vt -0.550000 3.936177
vt -1.398773 0.000000
vt -1.398773 0.250000
vt -1.445671 0.000000
vt -1.445671 0.250000
vt -1.488893 0.000000
vt -1.488893 0.250000
vt -1.526777 0.000000
vt -1.526777 0.250000
vt 0.000000 -3.888893
vt 0.000000 -3.926777
vt 0.250000 -3.926777
vt 0.000000 -3.845671
vt 0.250000 -3.888893
vt 0.250000 -3.845671
vt 0.250000 -3.798773
vt 0.000000 -3.798773
vt 0.000000 3.798773
vt 0.250000 3.798773
vt 0.000000 3.845671
vt 0.250000 3.845671
vt 0.000000 3.888893
vt 0.250000 3.888893
vt 0.000000 3.926777
vt 0.250000 3.926777
vt 1.488893 0.000000
vt 1.526777 0.000000
vt 1.526777 0.250000
vt 1.445671 0.000000
vt 1.488893 0.250000
vt 1.445671 0.250000
vt 1.398773 0.250000
vt 1.398773 0.000000
vt -0.250000 3.926777
vt -0.250000 3.888893
vt -0.250000 3.798773
vt -0.250000 3.845671
vt 0.648773 -0.700000
vt 0.648773 -0.878359
vt 0.695671 -0.859600
vt 0.695671 -0.700000
vt 0.738893 -0.842311
vt 0.738893 -0.700000
vt 0.776777 -0.700000
vt 0.776777 -0.827157
vt 0.700000 3.311107
vt 0.700000 3.273223
vt 0.814721 3.311107
vt 0.805480 3.354329
vt 0.799789 3.401228
vt 0.700000 3.354329
vt 0.700000 3.401228
vt 0.827157 3.273223
vt 0.700000 3.798773
vt 0.799789 3.798773
vt 0.700000 3.845671
vt 0.805480 3.845671
vt 0.700000 3.888893
vt 0.814721 3.888893
vt 0.700000 3.926777
vt -0.738893 -0.700000
vt -0.776777 -0.700000
vt -0.776777 -0.827157
vt -0.738893 -0.842311
vt -0.695671 -0.700000
vt -0.648773 -0.878359
vt -0.648773 -0.700000
vt -0.695671 -0.859600
vt 0.827157 3.926777
vt -0.814721 3.888893
vt -0.700000 3.888893
vt -0.700000 3.926777
vt -0.805480 3.845671
vt -0.700000 3.798773
vt -0.799789 3.798773
vt -0.700000 3.845671
vt -0.827157 3.926777
vt -0.700000 3.401228
vt -0.799789 3.401228
vt -0.700000 3.354329
vt -0.805480 3.354329
vt -0.700000 3.311107
vt -0.814721 3.311107
vt -0.700000 3.273223
vt -0.827157 3.273223
vt -0.700000 2.517161
vt -0.827157 2.517161
vt -0.811265 2.465385
vt -0.700000 2.465385
vt -0.801275 2.405090
vt -0.700000 2.405090
vt 0.700000 2.405090
vt 0.801275 2.405090
vt 0.700000 2.465385
vt 0.811265 2.465385
vt 0.700000 2.517161
vt 0.827157 2.517161
vt 0.700000 -2.517161
vt 0.827157 -2.517161
vt 0.811265 -2.465385
vt 0.700000 -2.465385
vt 0.801275 -2.405090
vt 0.700000 -2.405090
vt -0.700000 -2.405090
vt -0.801275 -2.405090
vt -0.700000 -2.465385
vt -0.811265 -2.465385
vt -0.700000 -2.517161
vt -0.827157 -2.517161
vt -0.814721 -3.311107
vt -0.700000 -3.311107
vt -0.700000 -3.273223
vt -0.805480 -3.354329
vt -0.700000 -3.401228
vt -0.799789 -3.401228
vt -0.700000 -3.354329
vt -0.827157 -3.273223
vt -0.700000 -3.798773
vt -0.799789 -3.798773
vt -0.700000 -3.845671
vt -0.805480 -3.845671
vt -0.700000 -3.888893
vt -0.814721 -3.888893
vt -0.700000 -3.926777
vt -0.827157 -3.926777
vt 0.700000 -3.888893
vt 0.700000 -3.926777
vt 0.814721 -3.888893
vt 0.805480 -3.845671
vt 0.799789 -3.798773
vt 0.700000 -3.845671
vt 0.700000 -3.798773
vt 0.827157 -3.926777
vt 0.700000 -3.401228
vt 0.799789 -3.401228
vt 0.700000 -3.354329
vt 0.805480 -3.354329
vt 0.700000 -3.311107
vt 0.814721 -3.311107
vt 0.700000 -3.273223
vt 0.827157 -3.273223
vt -0.250000 -3.798773
vt -0.250000 -3.845671
vt -0.250000 -3.888893
vt -0.250000 -3.926777
vt 0.285000 3.169134
vt 0.285000 3.185355
vt -0.285000 3.169134
vt -0.285000 -0.164645
vt -0.285000 -0.180866
vt 0.285000 -0.164645
vt 0.285000 -0.180866
vt -0.285000 3.185355
vt -0.285000 -3.169134
vt 0.285000 -3.169134
vt -0.285000 -3.185355
vt 0.285000 -3.185355
vt -0.272929 -3.980000
vt -0.270000 0.000000
vt -0.276173 -3.980000
vt 0.756173 -3.980000
vt 0.752929 -3.980000
vt -0.272929 3.980000
vt -0.276173 3.980000
vt 0.756173 3.980000
vt 0.752929 3.980000
vt 0.276173 -3.980000
vt -0.756173 3.980000
vt -0.756173 -3.980000
vt -0.752929 3.980000
vt -0.752929 -3.980000
vt 0.270000 0.000000
vt 0.272929 3.980000
vt 0.272929 -3.980000
vt 0.276173 3.980000
vt 0.293827 3.980000
vt 0.297071 3.980000
vt -0.743827 3.980000
vt -0.747071 3.980000
vt 0.300000 0.000000
vt -0.743827 -3.980000
vt -0.747071 -3.980000
vt 0.297071 -3.980000
vt 0.293827 -3.980000
vt 0.743827 3.980000
vt 0.747071 3.980000
vt -0.297071 3.980000
vt -0.300000 0.000000
vt -0.293827 3.980000
vt -0.297071 -3.980000
vt -0.293827 -3.980000
vt 0.743827 -3.980000
vt 0.747071 -3.980000
vt -0.270000 3.987654
vt -0.186465 3.995118
vt -0.270000 3.994142
vt 0.562346 0.270000
vt 0.555858 0.270000
vt -0.568912 3.995867
vt -0.580000 3.994142
vt -0.566340 3.990000
vt 0.568912 0.289204
vt 0.580000 0.287654
vt 0.580000 0.294142
vt -0.580000 3.987654
vt -0.293660 3.990000
vt -0.289204 3.995867
vt -0.739239 3.987654
vt -0.737071 3.994142
vt 0.733827 0.287654
vt 0.737071 0.294142
vt 0.737654 0.283827
vt 0.744142 0.287071
vt 0.298478 3.987654
vt 0.294142 3.994142
vt 0.289239 3.987654
vt -0.744142 3.994142
vt -0.748478 3.987654
vt 0.280000 3.987654
vt 0.287071 3.994142
vt 0.744142 0.280000
vt 0.737654 0.280000
vt 0.280000 3.994142
vt -0.760000 3.987654
vt -0.760000 3.994142
vt 0.264142 3.994142
vt 0.760000 0.264142
vt 0.760000 0.257654
vt -1.350000 3.987654
vt -1.350000 3.994142
vt 1.350000 0.257654
vt 1.350000 0.264142
vt -1.545850 3.893603
vt -1.571815 3.859387
vt 0.265321 3.893603
vt 0.260000 3.935946
vt -1.585748 3.802264
vt -1.594142 3.750000
vt -1.587654 3.750000
vt 0.266383 3.802264
vt 0.260000 3.859387
vt -1.407102 3.990930
vt -1.467997 3.965080
vt 1.407102 0.259492
vt -1.513070 3.935946
vt 1.467997 0.262856
vt 1.513070 0.260000
vt 0.257654 3.750000
vt 0.264142 3.750000
vt -1.587654 -3.750000
vt -1.594142 -3.750000
vt 0.257654 -3.750000
vt 0.264142 -3.750000
vt -1.402264 -3.985748
vt -1.350000 -3.994142
vt -1.350000 -3.987654
vt -1.402264 0.266383
vt -1.459387 0.260000
vt -1.538472 -3.905825
vt -1.503552 -3.941322
vt 0.263725 -3.905825
vt -1.459387 -3.971815
vt -1.503552 0.262856
vt 0.260000 -3.829499
vt -1.584195 -3.829499
vt -1.350000 0.257654
vt -1.350000 0.264142
vt -1.538472 0.263725
vt -0.760000 -3.987654
vt -0.760000 -3.994142
vt -0.760000 0.257654
vt -0.760000 0.264142
vt -0.737654 0.280000
vt -0.744142 0.280000
vt 0.280000 -3.987654
vt 0.280000 -3.994142
vt 0.264142 -3.994142
vt 0.289239 -3.987654
vt 0.287071 -3.994142
vt -0.744142 0.287071
vt -0.737654 0.283827
vt -0.739239 -3.987654
vt 0.298478 -3.987654
vt 0.294142 -3.994142
vt -0.733827 0.287654
vt -0.748478 -3.987654
vt -0.744142 -3.994142
vt -0.737071 0.294142
vt -0.737071 -3.994142
vt -0.580000 -3.987654
vt -0.580000 -3.994142
vt -0.580000 0.294142
vt -0.580000 0.287654
vt -0.281088 -3.995867
vt -0.270000 -3.994142
vt -0.283660 -3.990000
vt -0.560796 0.281088
vt -0.562346 0.270000
vt -0.555858 0.270000
vt -0.270000 -3.987654
vt -0.556340 -3.990000
vt -0.560796 -3.995867
vt -0.186465 -3.995118
vt 0.270000 3.987654
vt 0.186465 3.995118
vt 0.270000 3.994142
vt 0.281088 3.995867
vt 0.283660 3.990000
vt 0.560796 3.995867
vt 0.556340 3.990000
vt 0.580000 3.994142
vt 0.580000 3.987654
vt 0.739239 3.987654
vt 0.737071 3.994142
vt -0.289239 3.987654
vt 0.748478 3.987654
vt 0.744142 3.994142
vt -0.294142 3.994142
vt -0.298478 3.987654
vt -0.280000 3.994142
vt -0.287071 3.994142
vt -0.280000 3.987654
vt 0.760000 3.994142
vt 0.760000 3.987654
vt -0.264142 3.994142
vt 1.350000 3.987654
vt 1.350000 3.994142
vt 1.590930 3.807101
vt 1.565079 3.867997
vt -0.259492 3.807101
vt 1.463277 3.967602
vt 1.414011 3.988893
vt -1.463277 0.262856
vt -1.414011 0.260000
vt 1.535945 3.913070
vt -0.262856 3.867997
vt -1.535945 0.260000
vt -0.260000 3.913070
vt -0.257654 3.750000
vt 1.587654 3.750000
vt -0.264142 3.750000
vt 1.594142 3.750000
vt -0.257654 -3.750000
vt -0.264142 -3.750000
vt 1.587654 -3.750000
vt 1.594142 -3.750000
vt 1.475987 -3.957620
vt 1.513070 -3.935946
vt 1.475987 0.265321
vt 1.429499 0.260000
vt 1.545850 -3.893603
vt 1.571815 -3.859387
vt -0.265321 -3.893603
vt -0.260000 -3.935946
vt 1.585748 -3.802264
vt -0.266383 -3.802264
vt -0.260000 -3.859387
vt 1.350000 -3.987654
vt 1.429499 -3.984195
vt 1.350000 -3.994142
vt 0.760000 -3.987654
vt 0.760000 -3.994142
vt -0.264142 -3.994142
vt -0.280000 -3.994142
vt -0.280000 -3.987654
vt -0.289239 -3.987654
vt -0.287071 -3.994142
vt 0.739239 -3.987654
vt -0.298478 -3.987654
vt -0.294142 -3.994142
vt 0.744142 -3.994142
vt 0.748478 -3.987654
vt 0.737071 -3.994142
vt 0.580000 -3.987654
vt 0.580000 -3.994142
vt 0.568912 -3.995867
vt 0.566340 -3.990000
vt 0.293660 -3.990000
vt 0.270000 -3.994142
vt 0.289204 -3.995867
vt 0.270000 -3.987654
vt 0.186465 -3.995118
vt 0.077161 -0.365432
vt -0.000000 -0.500000
vt 0.089123 -0.500000
vt 0.170721 -0.500000
vt 0.138469 -0.096296
vt 0.200850 -0.088889
vt 0.172227 0.300000
vt 0.118632 0.300000
vt 0.088889 -0.236134
vt 0.500000 -0.198750
vt 0.066667 -0.182278
vt 0.219203 0.300000
vt -0.300000 -0.172227
vt -0.300000 -0.219203
vt -0.077161 -0.365432
vt -0.170721 -0.500000
vt -0.089123 -0.500000
vt -0.138469 -0.096296
vt -0.172227 0.300000
vt -0.200850 -0.088889
vt 0.088889 0.236134
vt -0.300000 0.219203
vt 0.066667 0.182278
vt -0.237904 -0.500000
vt -0.300000 0.172227
vt 0.500000 0.198750
vt -0.088889 -0.236134
vt 0.300000 -0.219203
vt -0.066667 -0.182278
vt 0.300000 -0.172227
vt -0.500000 -0.198750
vt -0.088889 0.236134
vt -0.500000 0.198750
vt -0.066667 0.182278
vt 0.300000 0.172227
vt 0.300000 0.219203
vt -0.060478 0.300000
vt -0.000000 0.300000
vt -0.118632 0.300000
vt 0.300000 -0.118632
vt 0.000000 -0.062250
vt 0.300000 -0.060478
vt 0.000000 0.000000
vt 0.300000 0.060478
vt 0.000000 0.062250
vt 0.300000 0.118632
vt 0.237904 -0.500000
vt 0.060478 0.300000
vt -0.300000 0.118632
vt -0.300000 0.060478
vt -0.300000 -0.060478
vt -0.300000 -0.118632
vt -0.219203 0.300000
vt 0.178875 -0.290982
vt 0.197019 -0.224455
vt 0.114817 -0.273868
vt 0.146133 -0.850000
vt 0.217373 -0.374623
vt -0.358333 1.843544
vt -0.850000 1.803338
vt -0.375000 1.782341
vt -0.025000 1.810904
vt 0.300000 1.827773
vt -0.167174 -0.500000
vt -0.167174 -0.116667
vt -0.220737 -0.375000
vt -0.239633 -0.850000
vt -0.172227 -0.850000
vt -0.099646 -0.275000
vt -0.089988 -0.850000
vt -0.245647 -0.025000
vt 0.000000 -0.275000
vt 0.038884 -0.283951
vt 0.060478 -0.850000
vt 0.114205 -0.301852
vt 0.235185 1.838819
vt 0.516667 1.842918
vt 0.172227 -0.850000
vt 0.208840 -0.355556
vt 0.355556 1.770902
vt 0.850000 1.780797
vt 0.850000 1.827773
vt -0.024874 2.190349
vt -0.358208 2.157822
vt 0.300000 2.172227
vt 0.300000 2.219203
vt -0.374623 2.221018
vt -0.850000 2.146133
vt 0.219203 -0.850000
vt 0.018069 -0.271605
vt -0.066966 -0.264815
vt -0.030385 -0.850000
vt -0.163360 -0.244444
vt -0.118632 -0.850000
vt -0.238867 -0.183333
vt -0.196662 -0.850000
vt 0.183333 2.197592
vt -0.300000 2.172227
vt 0.850000 2.172227
vt 0.850000 2.239633
vt -0.850000 1.881368
vt -0.700000 1.937750
vt -0.850000 1.969615
vt -0.700000 2.000000
vt -0.850000 2.060478
vt -0.350000 2.121963
vt -0.700000 2.062250
vt 0.300000 2.118632
vt -0.850000 2.219203
vt 0.000000 2.000000
vt 0.300000 2.000000
vt 0.300000 2.060478
vt 0.000000 1.937750
vt 0.300000 1.939522
vt 0.300000 1.780797
vt 0.300000 1.881368
vt -0.300000 1.881368
vt -0.300000 1.939522
vt -0.300000 2.219203
vt -0.300000 2.118632
vt 0.850000 2.089988
vt -0.300000 2.060478
vt -0.000000 2.062250
vt 0.700000 2.062250
vt 0.850000 2.000000
vt 0.700000 2.000000
vt 0.850000 1.939522
vt 0.700000 1.937750
vt -0.300000 2.000000
vt 0.850000 1.881368
vt -0.300000 1.827773
vt -0.224455 2.239340
vt 0.244678 -0.024874
vt 0.118632 -0.850000
vt -0.300000 1.780797
vt -0.358333 -2.156456
vt -0.850000 -2.196662
vt -0.375000 -2.217659
vt -0.025000 -2.189096
vt 0.300000 -2.172227
vt 0.235185 -2.161181
vt 0.516667 -2.157082
vt 0.355556 -2.229098
vt 0.850000 -2.219203
vt 0.850000 -2.172227
vt -0.024874 -1.809651
vt -0.358208 -1.842178
vt 0.300000 -1.827773
vt 0.300000 -1.780797
vt -0.374623 -1.778982
vt -0.850000 -1.853867
vt 0.183333 -1.802408
vt -0.300000 -1.827773
vt 0.850000 -1.827773
vt 0.850000 -1.760367
vt 0.850000 -1.910012
vt 0.700000 -1.937750
vt 0.850000 -2.000000
vt 0.700000 -2.062250
vt 0.850000 -2.118632
vt 0.850000 -2.060478
vt -0.300000 -2.118632
vt -0.300000 -2.172227
vt -0.000000 -2.062250
vt -0.300000 -2.060478
vt 0.700000 -2.000000
vt -0.000000 -2.000000
vt -0.300000 -2.000000
vt -0.300000 -1.881368
vt -0.350000 -1.878037
vt 0.000000 -1.937750
vt 0.300000 -1.881368
vt 0.300000 -1.939522
vt 0.300000 -2.219203
vt 0.300000 -2.118632
vt 0.300000 -2.060478
vt -0.700000 -2.062250
vt -0.850000 -2.030385
vt -0.850000 -2.118632
vt -0.700000 -2.000000
vt -0.850000 -1.939522
vt -0.700000 -1.937750
vt 0.300000 -2.000000
vt -0.850000 -1.780797
vt -0.300000 -1.939522
vt -0.300000 -1.780797
vt -0.224455 -1.760660
vt -0.300000 -2.219203
vt 0.000000 -3.413105
vt 0.270000 -3.452675
vt 0.270000 -3.400000
vt 1.278377 0.000000
vt 1.252674 0.270000
vt 1.200000 0.000000
vt 1.350004 0.000000
vt 1.303325 0.270000
vt 1.350004 0.270000
vt 1.390919 0.270000
vt 1.408713 0.000000
vt 0.270000 -3.249996
vt 0.000000 -3.228714
vt 0.000000 -3.296675
vt 0.000000 -3.452675
vt 0.270000 -3.503325
vt 0.000000 -3.527277
vt 0.270000 -3.550004
vt 0.000000 -3.590919
vt 0.270000 -3.590919
vt -1.327277 0.000000
vt -1.350004 0.270000
vt -1.390919 0.000000
vt -1.303325 0.270000
vt -1.252674 0.270000
vt -1.252674 0.000000
vt -1.200000 0.270000
vt -1.173535 0.000000
vt -1.147326 0.270000
vt -1.096676 0.000000
vt -1.096676 0.270000
vt -1.028714 0.000000
vt -1.049996 0.270000
vt -0.000000 -3.608713
vt -0.000000 -3.550004
vt -0.270000 -3.590919
vt -0.270000 -3.550004
vt -0.000000 -3.478377
vt -0.270000 -3.503325
vt -0.270000 -3.452675
vt -0.270000 -3.400000
vt -0.000000 -3.400000
vt -0.000000 -3.347326
vt -0.270000 -3.347326
vt -0.270000 -3.296675
vt 1.049996 0.000000
vt 1.009081 0.270000
vt 1.009081 0.000000
vt 1.147326 0.270000
vt 1.200000 0.270000
vt 1.147326 0.000000
vt 1.096676 0.270000
vt 1.096676 0.000000
vt 1.049996 0.270000
vt -0.000000 -3.209081
vt -0.270000 -3.209081
vt -0.270000 -3.249996
vt -0.000000 -3.249996
vt -1.009081 0.270000
vt -1.390919 0.270000
vt 0.000000 -3.373536
vt 0.270000 -3.347326
vt 0.270000 -3.296675
vt 0.270000 -3.209081
vt 0.000000 3.386895
vt 0.270000 3.347326
vt 0.270000 3.400000
vt 0.270000 3.550004
vt 0.000000 3.571286
vt 0.000000 3.503325
vt 0.000000 3.347326
vt 0.270000 3.296675
vt 0.000000 3.272723
vt 0.270000 3.249996
vt 0.000000 3.209081
vt 0.270000 3.209081
vt -0.000000 3.191287
vt -0.000000 3.249996
vt -0.270000 3.209081
vt -0.270000 3.249996
vt -0.000000 3.321623
vt -0.270000 3.296675
vt -0.270000 3.347326
vt -0.270000 3.400000
vt -0.000000 3.400000
vt -0.000000 3.452675
vt -0.270000 3.452675
vt -0.270000 3.503325
vt -0.000000 3.590919
vt -0.270000 3.590919
vt -0.270000 3.550004
vt -0.000000 3.550004
vt 0.000000 3.426465
vt 0.270000 3.452675
vt 0.270000 3.503325
vt 0.270000 3.590919
vt -1.121623 0.000000
vt -1.200000 0.000000
vt -1.049996 0.000000
vt -0.991287 0.000000
vt 1.072723 0.000000
vt 1.226465 0.000000
vt 1.303325 0.000000
vt 1.371286 0.000000
vt -1.350004 0.000000
vt -1.303325 0.000000
vt 0.995860 -3.292598
vt 1.200000 -3.292598
vt 0.972868 -3.243934
vt 1.200000 -3.243934
vt -0.640590 -0.938458
vt -0.447868 -1.200000
vt -0.379047 -1.200000
vt 1.200000 -3.320736
vt -0.675000 -0.972868
vt 0.880203 -3.420260
vt 0.855271 -3.450000
vt 0.890856 -3.357387
vt 0.874400 -3.355207
vt -0.764276 -3.344378
vt -0.697992 -3.292598
vt 0.943258 -3.344378
vt -0.713101 -0.965044
vt -0.694703 -0.937480
vt -0.713101 -3.272913
vt -0.675000 -3.243934
vt 0.861994 -3.340175
vt 0.902643 -3.273630
vt 0.842766 -3.386166
vt -0.648992 -0.911942
vt -0.702117 -0.899552
vt 0.869739 -3.273360
vt 0.875449 -3.285812
vt 0.841989 -3.324545
vt -0.770193 -0.869739
vt 0.926338 -3.296478
vt 0.965044 -3.272913
vt -0.756850 -0.902643
vt 0.937480 -3.236408
vt 0.855271 -3.750000
vt 0.880203 -3.779740
vt 0.874400 -3.844793
vt 0.943258 -3.855622
vt 0.926338 -3.903522
vt 0.965044 -3.927088
vt -0.713101 -3.927088
vt -0.675000 -3.956066
vt -0.697992 -3.907403
vt 0.937480 -3.963593
vt 0.861994 -3.859825
vt 0.842766 -3.813834
vt 0.875449 -3.914188
vt 0.902643 -3.926370
vt 0.648992 -0.911942
vt 0.640590 -0.938458
vt 0.702117 -0.899552
vt 0.869739 -3.926640
vt 0.841989 -3.875456
vt 0.770193 -0.869739
vt 0.778622 -0.875449
vt 0.890856 -3.842613
vt 0.756850 -0.902643
vt 0.694703 -0.937480
vt 0.675000 -0.972868
vt 0.713101 -0.965044
vt 0.995860 -3.907403
vt -0.505270 -3.907403
vt 0.972868 -3.956066
vt 1.156066 -3.956066
vt -0.491802 -3.956066
vt 0.471645 -1.107403
vt 0.491802 -1.156066
vt 0.505270 -3.907403
vt 0.491802 -3.956066
vt -0.471645 -1.107403
vt -0.491802 -1.156066
vt 0.697992 -3.907403
vt -1.156066 -3.956066
vt -0.972868 -3.956066
vt -0.995860 -3.907403
vt -0.880203 -3.779740
vt -0.855271 -3.750000
vt -0.890856 -3.842613
vt -0.874400 -3.844793
vt 0.764276 -3.855622
vt -0.943258 -3.855622
vt 0.713101 -3.927088
vt 0.675000 -3.956066
vt -0.861994 -3.859825
vt -0.902643 -3.926370
vt -0.842766 -3.813834
vt -0.869739 -3.926640
vt -0.875449 -3.914188
vt -0.841989 -3.875456
vt -0.926338 -3.903522
vt -0.965044 -3.927088
vt -0.937480 -3.963593
vt -0.855271 -3.450000
vt -0.880203 -3.420260
vt -0.874400 -3.355207
vt -0.943258 -3.344378
vt -0.926338 -3.296478
vt -0.965044 -3.272913
vt 0.713101 -3.272913
vt 0.675000 -3.243934
vt 0.697992 -3.292598
vt -0.937480 -3.236408
vt -0.861994 -3.340175
vt -0.842766 -3.386166
vt -0.875449 -3.285812
vt -0.902643 -3.273630
vt -0.869739 -3.273360
vt -0.841989 -3.324545
vt -0.890856 -3.357387
vt -0.995860 -3.292598
vt 0.379047 -1.200000
vt 0.447868 -1.200000
vt -1.200000 -3.320736
vt -1.200000 -3.292598
vt -0.972868 -3.243934
vt -1.200000 -3.243934
vt -0.505270 3.907403
vt -0.697992 3.907403
vt -0.491802 3.956066
vt 1.156066 3.956066
vt 0.972868 3.956066
vt 0.995860 3.907403
vt 0.505270 3.907403
vt 0.491802 3.956066
vt 0.880203 3.779740
vt 0.855271 3.750000
vt 0.890856 3.842613
vt 0.874400 3.844793
vt -0.764276 3.855622
vt 0.943258 3.855622
vt -0.713101 3.927088
vt -0.675000 3.956066
vt 0.861994 3.859825
vt 0.902643 3.926370
vt 0.842766 3.813834
vt 0.869739 3.926640
vt 0.875449 3.914188
vt 0.841989 3.875456
vt 0.926338 3.903522
vt 0.965044 3.927088
vt 0.937480 3.963593
vt 0.697992 3.907403
vt -0.995860 3.907403
vt -0.972868 3.956066
vt -1.156066 3.956066
vt 0.855271 3.450000
vt -0.880203 3.779740
vt -0.855271 3.750000
vt -0.874400 3.844793
vt -0.943258 3.855622
vt -0.926338 3.903522
vt -0.965044 3.927088
vt 0.713101 3.927088
vt 0.675000 3.956066
vt -0.937480 3.963593
vt -0.861994 3.859825
vt -0.842766 3.813834
vt -0.875449 3.914188
vt -0.902643 3.926370
vt -0.869739 3.926640
vt -0.841989 3.875456
vt -0.890856 3.842613
vt 0.880203 3.420260
vt 0.874400 3.355207
vt 0.943258 3.344378
vt 0.926338 3.296478
vt 0.965044 3.272913
vt -0.713101 3.272913
vt -0.675000 3.243934
vt -0.697992 3.292598
vt 0.937480 3.236408
vt 0.861994 3.340175
vt 0.842766 3.386166
vt 0.875449 3.285812
vt 0.902643 3.273630
vt 0.869739 3.273360
vt 0.841989 3.324545
vt 0.890856 3.357387
vt 0.995860 3.292598
vt -0.855271 3.450000
vt -0.505270 3.292598
vt 0.972868 3.243934
vt 1.156066 3.243934
vt -0.491802 3.243934
vt -0.880203 3.420260
vt -0.890856 3.357387
vt -0.874400 3.355207
vt 0.764276 3.344378
vt 0.697992 3.292598
vt -0.943258 3.344378
vt 0.713101 3.272913
vt 0.675000 3.243934
vt -0.861994 3.340175
vt -0.902643 3.273630
vt -0.842766 3.386166
vt -0.869739 3.273360
vt -0.875449 3.285812
vt -0.841989 3.324545
vt -0.926338 3.296478
vt -0.965044 3.272913
vt -0.937480 3.236408
vt -0.995860 3.292598
vt 0.505270 3.292598
vt 0.491802 3.243934
vt -1.156066 3.243934
vt -0.972868 3.243934
vt 0.179629 2.764839
vt 0.532222 2.601691
vt 0.196432 2.811329
vt 0.537102 2.634659
vt 0.533887 -1.094666
vt 0.207660 -1.107403
vt 0.537102 -1.135279
vt 0.196432 -1.156066
vt 0.203317 -1.069759
vt 0.170062 2.767402
vt 0.178754 2.816066
vt 0.178754 -1.156066
vt 0.184563 -1.107403
vt 0.746921 -0.881632
vt -0.912333 2.505940
vt -0.881632 2.536378
vt -1.094666 2.659373
vt -1.168156 2.601691
vt -1.190312 2.563460
vt -0.937185 2.468340
vt -1.135279 2.634659
vt -0.170062 2.767402
vt -0.178754 2.816066
vt -0.184563 -1.107403
vt -0.178754 -1.156066
vt -0.906427 2.463140
vt -0.860915 2.474388
vt -0.872549 2.467422
vt -0.839103 2.406545
vt -0.855271 2.340385
vt -0.879669 2.403544
vt -0.194952 -1.069759
vt -0.179629 2.764839
vt -0.196432 2.811329
vt -0.196432 -1.156066
vt -0.207660 -1.107403
vt -0.855271 1.200000
vt -0.532222 2.601691
vt -0.537102 2.634659
vt -0.533887 -1.094666
vt -0.537102 -1.135279
vt -0.906427 -2.463140
vt -0.937185 -2.468340
vt -0.912333 -2.505940
vt -0.879669 -2.403544
vt -0.860915 -2.474388
vt -0.872549 -2.467422
vt -0.881632 -2.536378
vt -0.839103 -2.406545
vt -0.746921 -0.881632
vt 1.190312 2.563460
vt 1.168156 2.601691
vt 0.937185 2.468340
vt 1.135279 2.634659
vt 0.912333 2.505940
vt 1.094666 2.659373
vt 0.881632 2.536378
vt -1.094666 -2.659373
vt -1.135279 -2.634659
vt -1.168156 -2.601691
vt -1.190312 -2.563460
vt 0.906427 2.463140
vt 0.879669 2.403544
vt 0.860915 2.474388
vt 0.872549 2.467422
vt 0.839103 2.406545
vt 0.855271 2.340385
vt 0.532222 -2.601691
vt 0.179629 -2.764839
vt 0.196432 -2.811329
vt 0.537102 -2.634659
vt 0.855271 1.200000
vt 0.170062 -2.767402
vt 0.178754 -2.816066
vt 0.906427 -2.463140
vt 0.937185 -2.468340
vt 0.912333 -2.505940
vt 0.860915 -2.474388
vt 0.872549 -2.467422
vt 0.839103 -2.406545
vt 0.881632 -2.536378
vt 0.879669 -2.403544
vt -0.170062 -2.767402
vt -0.178754 -2.816066
vt 1.168156 -2.601691
vt 1.190312 -2.563460
vt 1.094666 -2.659373
vt 1.135279 -2.634659
vt -0.179629 -2.764839
vt -0.196432 -2.811329
vt -0.532222 -2.601691
vt -0.537102 -2.634659
vt 0.285000 -0.500000
vt -0.285000 -0.500000
vt -0.806066 -0.903934
vt -0.850000 -0.797868
vt -0.850000 -0.700000
vt -0.838582 -0.855271
vt 0.806066 -0.903934
vt 0.850000 -0.700000
vt 0.838582 -0.855271
vt 0.850000 -0.797868
vt 0.237904 -0.198750
vt 0.170721 -0.258755
vt 0.089123 -0.296913
vt -0.089123 -0.296913
vt -0.170721 -0.258755
vt -0.237904 -0.198750
vt -0.237904 0.198750
vt -0.170721 0.258755
vt -0.089123 0.296913
vt 0.089123 0.296913
vt 0.170721 0.258755
vt 0.237904 0.198750
s 1
usemtl Diffuse_51_51_51_100.033
f 1/1/1 2/2/2 3/3/1
f 3/3/1 2/2/2 4/4/1
f 5/5/1 3/3/1 6/6/1
f 7/7/1 3/3/1 8/8/1
f 6/6/1 9/9/1 5/5/1
f 6/6/1 10/10/2 9/9/1
f 11/11/1 6/6/1 7/7/1
f 12/12/3 1/1/1 13/13/1
f 3/3/1 7/7/1 6/6/1
f 4/4/1 8/8/1 3/3/1
f 12/12/3 2/2/2 1/1/1
f 14/14/1 15/15/4 16/16/1
f 16/16/1 15/15/4 17/17/1
f 18/18/1 17/17/1 19/19/5
f 20/20/1 16/16/1 21/21/1
f 16/16/1 22/22/1 14/14/1
f 21/21/1 23/23/1 20/20/1
f 24/24/1 25/25/1 16/16/1
f 21/21/1 25/25/1 26/26/1
f 16/16/1 20/20/1 22/22/1
f 15/15/4 19/19/5 17/17/1
f 16/16/1 25/25/1 21/21/1
f 27/27/6 28/28/6 29/29/6
f 30/30/7 31/31/6 32/32/8
f 29/29/6 31/31/6 30/30/7
f 33/33/6 34/34/6 35/35/6
f 33/33/6 35/35/6 36/36/6
f 37/37/6 36/36/6 35/35/6
f 38/38/6 39/39/6 40/40/6
f 35/35/6 34/34/6 38/38/6
f 39/39/6 38/38/6 41/41/9
f 42/42/6 43/43/6 44/44/6
f 45/45/6 43/43/6 46/46/6
f 47/47/7 28/28/6 27/27/6
f 45/45/6 47/47/7 43/43/6
f 32/32/8 48/48/6 49/49/6
f 49/49/6 48/48/6 50/50/6
f 28/28/6 31/31/6 29/29/6
f 39/39/6 49/49/6 40/40/6
f 34/34/6 41/41/9 38/38/6
f 36/36/6 37/37/6 43/43/6
f 51/51/6 49/49/6 50/50/6
f 46/46/6 43/43/6 42/42/6
f 28/28/6 47/47/7 45/45/6
f 48/48/6 32/32/8 31/31/6
f 37/37/6 44/44/6 43/43/6
f 40/40/6 49/49/6 51/51/6
f 52/52/10 53/53/11 54/54/10
f 55/54/10 53/53/10 56/55/10
f 57/56/12 58/57/12 59/58/12
f 60/59/12 61/56/12 59/58/12
f 62/60/12 63/59/12 59/58/13
f 64/61/12 65/62/12 66/63/12
f 67/63/12 62/60/12 64/61/12
f 68/64/12 69/65/12 62/60/12
f 62/60/12 69/65/12 64/61/12
f 62/60/12 70/63/12 71/59/12
f 72/48/12 64/66/12 73/67/12
f 74/68/14 75/69/14 76/70/14
f 76/70/15 77/71/14 78/72/14
f 76/70/15 79/73/16 77/71/14
f 80/40/17 81/74/14 77/75/14
f 82/73/14 83/76/14 77/71/14
s 0
f 78/72/14 84/77/14 76/70/14
s 1
f 85/78/14 74/68/14 86/79/14
f 87/73/14 76/70/14 88/69/14
f 89/78/14 90/69/14 74/68/14
f 91/80/18 92/81/18 93/82/18
f 93/82/18 94/81/18 95/83/18
f 93/82/18 95/83/18 96/84/19
f 96/84/19 95/83/18 97/85/19
f 97/85/19 74/68/14 76/70/14
f 97/85/19 76/70/14 96/84/19
f 62/60/12 59/58/13 98/86/20
f 98/86/20 59/58/13 99/87/20
f 52/52/10 98/86/20 99/87/20
f 99/87/20 53/53/11 52/52/10
f 100/88/10 101/89/10 102/90/10
f 103/91/10 104/92/10 102/90/10
f 102/90/10 105/92/10 106/93/10
f 101/89/10 100/88/10 107/94/10
f 107/94/10 100/88/10 108/95/10
f 108/95/10 109/96/10 110/97/21
f 110/97/21 109/96/10 111/98/21
f 111/98/21 109/96/10 112/99/10
f 113/100/10 111/98/21 112/99/10
f 100/88/10 102/90/10 114/101/22
f 108/95/10 100/88/10 109/96/10
f 102/90/10 106/93/10 114/101/22
f 115/102/23 116/103/18 117/104/18
f 117/104/18 116/103/18 118/105/18
f 116/103/18 119/81/18 120/106/18
f 116/103/18 121/106/18 118/105/18
f 122/107/18 123/108/18 124/109/18
f 125/110/18 126/111/24 124/109/18
f 124/109/18 126/111/24 127/112/25
f 123/108/18 122/107/18 128/113/18
f 128/113/18 122/107/18 129/114/18
f 129/114/18 130/115/18 131/116/18
f 131/116/18 130/115/18 132/117/18
f 132/117/18 130/115/18 133/118/18
f 134/119/18 132/117/18 133/118/18
f 122/107/18 124/109/18 127/112/25
f 129/114/18 122/107/18 130/115/18
f 135/120/10 136/121/10 137/122/10
f 137/122/10 136/121/10 138/123/26
f 136/121/10 139/124/10 140/125/10
f 136/121/10 140/125/10 141/126/10
f 136/121/10 141/126/10 138/123/26
f 142/127/27 143/128/18 144/123/18
f 144/123/18 143/128/18 145/122/25
f 143/128/18 146/129/28 145/122/25
f 143/128/18 147/130/25 148/131/18
f 147/130/25 143/128/18 142/127/27
f 149/132/10 150/133/10 151/105/29
f 151/105/29 150/133/10 152/104/10
f 150/133/10 153/134/10 152/104/10
f 150/133/10 154/135/10 155/55/10
f 156/135/10 150/133/10 149/132/10
f 157/136/30 158/137/31 159/138/31
f 159/138/31 158/137/31 160/139/31
f 161/136/32 162/137/33 163/138/32
f 163/138/32 162/137/33 164/139/32
f 165/136/30 166/137/34 167/138/31
f 167/138/31 166/137/34 168/139/31
f 169/136/35 170/137/35 171/138/32
f 171/138/32 170/137/35 172/139/35
f 173/136/30 174/137/34 175/138/31
f 175/138/31 174/137/34 176/139/31
f 177/136/35 178/137/36 179/138/32
f 179/138/32 178/137/36 180/139/35
f 181/140/37 158/137/31 182/141/38
f 181/142/37 182/143/38 183/144/1
f 182/143/38 184/145/1 183/144/1
f 158/137/31 157/136/30 182/141/38
f 185/146/1 186/147/1 184/145/1
f 184/145/1 186/147/1 183/144/1
f 187/148/39 186/147/1 188/149/39
f 187/148/39 188/149/39 161/150/32
f 188/149/39 186/147/1 185/146/1
f 161/150/32 188/149/39 162/151/33
f 189/140/38 166/137/34 190/141/38
f 189/152/38 190/153/38 191/154/1
f 190/153/38 192/155/1 191/154/1
f 166/137/34 165/136/30 190/141/38
f 193/156/1 194/157/1 192/155/1
f 192/155/1 194/157/1 191/154/1
f 195/158/39 194/157/1 196/159/39
f 195/158/39 196/159/39 169/160/35
f 196/159/39 194/157/1 193/156/1
f 169/160/35 196/159/39 170/161/35
f 197/136/32 198/137/36 199/138/35
f 199/138/35 198/137/36 200/139/35
f 201/136/30 202/137/40 203/138/30
f 203/138/30 202/137/40 204/139/30
f 205/136/32 206/137/36 207/138/35
f 207/138/35 206/137/36 208/139/35
f 209/136/30 210/137/30 211/138/30
f 211/138/30 210/137/30 212/139/31
f 213/136/41 214/137/35 215/138/35
f 215/138/35 214/137/35 216/139/35
f 217/136/42 218/137/30 219/138/30
f 219/138/30 218/137/30 220/139/31
f 221/162/38 202/163/40 222/164/38
f 221/162/38 222/164/38 223/165/1
f 222/164/38 224/166/1 223/165/1
f 202/163/40 201/167/30 222/164/38
f 225/168/1 226/169/1 224/166/1
f 224/166/1 226/169/1 223/165/1
f 227/170/39 226/169/1 228/171/39
f 227/141/39 228/140/39 197/136/32
f 228/171/39 226/169/1 225/168/1
f 197/136/32 228/140/39 198/137/36
f 229/172/37 210/173/30 230/174/38
f 229/172/37 230/174/38 231/175/1
f 230/174/38 232/176/1 231/175/1
f 210/173/30 209/177/30 230/174/38
f 233/178/1 234/179/1 232/176/1
f 232/176/1 234/179/1 231/175/1
f 235/180/39 234/179/1 236/181/39
f 235/141/39 236/140/39 205/136/32
f 236/181/39 234/179/1 233/178/1
f 205/136/32 236/140/39 206/137/36
f 237/182/6 238/183/7 239/184/6
f 237/182/6 239/184/6 240/19/6
f 241/185/6 242/186/6 243/187/6
f 244/187/6 242/186/6 245/19/6
f 246/188/6 241/185/6 247/187/6
f 248/189/6 249/190/6 238/183/7
f 250/191/6 251/192/6 252/193/7
f 250/191/6 253/194/6 251/192/6
f 254/195/6 255/196/6 256/20/6
f 254/195/6 257/197/6 258/196/6
f 259/198/6 254/195/6 260/20/6
f 239/184/6 259/198/6 261/19/6
f 239/184/6 238/183/7 250/191/6
f 262/199/6 263/200/6 264/201/6
f 262/199/6 264/201/6 265/202/6
f 266/203/6 267/204/9 268/205/6
f 269/206/6 270/207/6 271/208/6
f 269/206/6 272/209/6 273/210/6
f 274/211/7 275/212/6 276/213/6
f 274/211/7 277/214/6 275/212/6
f 242/186/6 237/182/6 278/19/6
f 248/189/6 238/183/7 237/182/6
f 279/215/6 241/185/6 280/216/6
f 281/217/6 282/202/6 264/201/6
f 281/217/6 283/218/6 284/202/6
f 285/218/7 279/215/6 286/219/7
f 250/191/6 287/220/9 253/194/6
f 288/196/6 289/221/6 290/222/6
f 291/223/6 292/196/6 293/224/6
f 259/198/7 294/20/6 295/22/6
f 296/225/7 297/226/6 298/227/6
f 299/228/6 296/225/7 298/227/6
f 299/228/6 300/229/6 296/225/7
f 300/229/6 301/230/7 302/231/43
f 300/229/6 303/232/6 301/230/7
f 300/229/6 304/233/9 303/232/6
f 305/234/6 306/235/9 300/229/6
f 238/183/7 307/236/6 308/237/7
f 238/183/7 308/237/7 250/191/6
f 263/200/6 309/238/6 310/239/6
f 311/240/6 310/239/6 312/241/6
f 263/200/6 238/183/7 249/190/6
f 313/242/6 312/241/6 310/239/6
f 310/239/6 314/243/6 315/244/6
f 316/245/6 310/239/6 315/244/6
f 317/246/6 318/247/7 319/248/6
f 317/246/6 320/249/6 318/247/7
f 321/250/6 322/251/6 273/210/6
f 323/252/6 270/207/6 269/206/6
f 273/210/6 323/252/6 269/206/6
f 324/253/6 273/210/6 272/209/6
f 271/208/6 325/254/6 269/206/6
f 266/203/6 272/209/6 269/206/6
f 326/218/6 281/217/6 279/215/6
f 274/211/7 325/254/6 327/255/6
f 327/255/6 277/214/6 274/211/7
f 266/203/6 328/256/6 272/209/6
f 266/203/6 329/202/9 267/204/9
f 250/191/6 330/257/6 254/195/6
f 331/19/6 259/198/7 332/15/6
f 333/196/6 334/258/6 289/221/6
f 268/205/6 328/256/6 266/203/6
f 335/259/6 254/195/6 330/257/6
f 330/257/6 250/191/6 252/193/7
f 241/185/6 279/215/6 248/189/6
f 336/260/6 238/183/7 337/261/6
f 338/262/6 309/238/6 263/200/6
f 337/261/6 238/183/7 339/263/7
f 339/263/7 238/183/7 340/264/6
f 250/191/6 308/237/7 287/220/9
f 300/229/6 238/183/7 305/234/6
f 306/235/9 304/233/9 300/229/6
f 296/225/7 300/229/6 341/265/6
f 341/265/6 300/229/6 302/231/43
f 342/266/7 343/267/7 344/223/7
f 345/223/9 343/267/9 297/226/9
f 293/224/9 342/266/9 346/223/9
f 276/213/6 347/268/6 274/211/7
f 348/269/7 334/258/7 349/196/7
f 257/197/6 348/269/6 350/196/6
f 286/219/7 279/215/6 280/216/6
f 263/200/6 249/190/6 264/201/6
f 257/197/6 254/195/6 351/270/6
f 352/271/6 297/226/6 296/225/7
f 293/224/6 353/196/6 290/222/6
f 314/243/6 317/246/6 354/272/6
f 314/243/6 320/249/6 317/246/6
f 355/273/6 314/243/6 354/272/6
f 355/273/6 315/244/6 314/243/6
f 310/239/6 316/245/6 313/242/6
f 340/264/6 238/183/7 300/229/6
f 338/262/6 263/200/6 356/274/7
f 263/200/6 347/268/6 357/275/6
f 263/200/6 262/199/6 274/211/7
f 347/268/6 263/200/6 274/211/7
f 358/14/7 332/15/6 259/198/7
f 246/188/6 280/216/6 241/185/6
f 263/200/6 310/239/6 311/240/6
f 248/189/6 279/215/6 249/190/6
f 351/270/6 254/195/6 335/259/6
f 322/251/6 321/250/6 359/276/6
f 274/211/7 269/206/6 325/254/6
f 359/276/6 321/250/6 360/277/9
f 360/277/9 321/250/6 361/278/9
f 361/278/9 321/250/6 362/279/9
f 362/279/9 321/250/6 363/280/6
f 363/280/6 321/250/6 319/248/6
f 364/281/6 319/248/6 321/250/6
f 295/22/6 358/14/7 259/198/7
f 365/202/6 266/203/6 262/199/6
f 321/250/6 273/210/6 324/253/6
f 366/223/6 297/226/6 352/271/6
f 317/246/6 319/248/6 364/281/6
f 307/236/6 238/183/7 336/260/6
f 263/200/6 357/275/6 356/274/7
f 367/282/6 368/283/6 369/284/6
f 370/285/6 371/286/6 372/287/6
f 370/285/6 372/287/6 373/288/6
f 367/282/6 374/289/6 375/290/6
f 376/291/6 377/292/6 378/293/6
f 376/291/6 370/285/6 373/288/6
f 379/286/6 367/282/6 369/284/6
f 380/294/6 381/295/6 382/296/6
f 380/294/6 383/297/6 384/298/6
f 384/298/6 385/299/6 373/288/6
f 376/291/6 386/300/8 377/292/6
f 380/294/6 387/301/9 381/295/6
f 388/302/6 389/286/6 390/301/6
f 391/303/6 392/12/6 393/304/6
f 393/304/6 394/12/6 395/305/6
f 393/304/6 395/305/6 396/306/6
f 391/303/6 383/297/6 397/307/6
f 376/291/6 398/308/9 386/300/8
f 385/299/6 393/304/6 396/306/6
f 399/309/6 400/7/6 401/310/6
f 399/309/6 402/311/6 400/7/6
f 403/312/9 404/313/9 405/314/6
f 406/307/6 383/297/6 407/315/6
f 376/291/6 408/316/6 409/317/6
f 402/311/6 395/305/6 410/12/6
f 411/318/7 403/312/9 412/319/6
f 402/311/6 413/12/9 414/2/6
f 415/12/6 391/303/6 416/307/6
f 403/312/9 411/318/7 417/320/8
f 385/299/6 384/298/6 383/297/6
f 370/285/6 367/282/6 418/286/6
f 388/302/6 372/287/6 419/286/6
f 376/291/6 409/317/6 374/289/6
f 420/321/6 374/289/6 421/322/6
f 422/323/6 423/324/6 424/325/6
f 425/326/6 426/323/6 427/327/6
f 384/298/6 373/288/6 372/287/6
f 428/328/6 429/329/6 430/330/6
f 431/331/6 428/328/6 432/332/6
f 431/331/6 433/333/6 428/328/6
f 434/334/6 433/333/6 435/335/9
f 433/333/6 436/336/6 437/337/9
f 433/333/6 438/338/6 436/336/6
f 433/333/6 439/339/6 438/338/6
f 373/288/6 398/308/9 376/291/6
f 373/288/6 385/299/6 396/306/6
f 396/306/6 440/340/6 441/341/6
f 396/306/6 442/342/43 443/343/43
f 444/344/6 441/341/6 440/340/6
f 445/345/7 444/344/6 446/346/6
f 447/347/9 446/346/6 448/348/43
f 447/347/9 445/345/7 446/346/6
f 449/349/43 450/350/6 451/351/6
f 449/349/43 452/352/6 450/350/6
f 453/353/6 454/354/6 401/310/6
f 399/309/6 455/355/6 456/356/6
f 399/309/6 457/357/6 455/355/6
f 458/358/6 401/310/6 400/7/6
f 457/357/6 399/309/6 401/310/6
f 456/356/6 403/312/9 399/309/6
f 430/330/6 432/332/6 428/328/6
f 433/333/6 437/337/9 435/335/9
f 429/329/6 428/328/6 459/359/6
f 460/360/6 429/329/6 461/326/6
f 462/361/7 460/360/7 463/326/7
f 464/326/9 427/327/9 462/361/9
f 402/311/6 465/8/6 400/7/6
f 466/323/9 424/325/9 467/362/9
f 420/321/6 423/324/6 468/323/6
f 469/363/43 403/312/9 470/364/7
f 471/323/6 374/289/6 420/321/6
f 472/323/6 473/290/6 374/289/6
f 469/363/43 404/313/9 403/312/9
f 412/319/6 403/312/9 405/314/6
f 474/365/6 373/288/6 475/366/6
f 474/365/6 398/308/9 373/288/6
f 475/366/6 373/288/6 476/367/6
f 476/367/6 373/288/6 477/368/6
f 477/368/6 373/288/6 478/369/7
f 478/369/7 373/288/6 439/339/6
f 396/306/6 479/370/6 480/371/6
f 439/339/6 373/288/6 481/372/6
f 482/373/6 439/339/6 481/372/6
f 414/2/6 483/4/6 402/311/6
f 484/374/6 367/282/6 485/290/9
f 433/333/6 434/334/6 428/328/6
f 403/312/9 417/320/8 442/342/43
f 368/283/6 367/282/6 484/374/6
f 409/317/6 421/322/6 374/289/6
f 483/4/6 465/8/6 402/311/6
f 486/375/6 453/353/6 487/376/6
f 486/375/6 488/377/44 453/353/6
f 487/376/6 453/353/6 489/378/6
f 489/378/6 453/353/6 451/351/6
f 470/364/7 403/312/9 456/356/6
f 490/379/6 451/351/6 453/353/6
f 491/380/8 446/346/6 492/381/6
f 492/381/6 446/346/6 449/349/43
f 491/380/8 448/348/43 446/346/6
f 440/340/6 446/346/6 444/344/6
f 479/370/6 396/306/6 443/343/43
f 482/373/6 438/338/6 439/339/6
f 396/306/6 395/305/6 403/312/9
f 378/293/6 408/316/6 376/291/6
f 403/312/9 442/342/43 396/306/6
f 380/294/6 382/296/6 383/297/6
f 388/302/6 493/301/6 380/294/6
f 480/371/6 440/340/6 396/306/6
f 383/297/6 382/296/6 407/315/6
f 446/346/6 452/352/6 449/349/43
f 453/353/6 401/310/6 458/358/6
f 449/349/43 451/351/6 490/379/6
f 429/329/6 459/359/6 494/326/6
f 495/323/7 467/362/7 427/327/7
f 488/377/44 454/354/6 453/353/6
f 496/283/1 497/284/1 498/382/4
f 498/382/4 497/284/1 499/383/1
f 500/384/1 499/383/1 501/286/1
f 502/290/1 498/382/4 503/385/1
f 498/382/4 504/374/1 496/283/1
f 503/385/1 505/386/1 502/290/1
f 506/387/1 507/388/4 498/382/4
f 498/382/4 507/388/4 508/389/2
f 498/382/4 502/290/1 504/374/1
f 498/382/4 508/389/2 503/385/1
f 497/284/1 509/286/1 499/383/1
f 510/390/1 511/204/1 512/391/1
f 512/391/1 511/204/1 513/205/1
f 514/392/1 512/391/1 515/393/2
f 516/209/1 512/391/1 517/256/1
f 515/393/2 518/394/3 514/392/1
f 515/393/2 519/395/1 518/394/3
f 520/396/1 515/393/1 521/209/1
f 522/202/1 510/390/1 523/397/1
f 512/391/1 524/209/1 515/393/2
f 525/202/1 511/204/1 510/390/1
f 513/205/1 517/256/1 512/391/1
f 526/398/6 527/399/6 528/400/6
f 526/398/6 528/400/6 529/401/6
f 530/402/6 531/403/6 532/404/6
f 533/405/9 534/406/9 535/407/45
f 532/404/6 534/406/9 533/405/9
f 536/408/6 529/401/6 528/400/6
f 537/409/6 538/410/6 539/411/6
f 528/400/6 527/399/6 537/409/6
f 538/410/6 537/409/6 540/412/6
f 541/413/6 542/414/6 543/415/6
f 538/410/6 544/416/6 539/411/6
f 534/406/9 532/404/6 531/403/6
f 529/401/6 536/408/6 542/414/6
f 542/414/6 545/417/6 546/418/6
f 547/419/6 531/403/6 530/402/6
f 540/412/6 537/409/6 527/399/6
f 535/407/45 548/420/6 544/416/6
f 544/416/6 549/421/6 539/411/6
f 544/416/6 548/420/6 550/422/6
f 546/418/6 547/419/6 542/414/6
f 545/417/6 542/414/6 541/413/6
f 531/403/6 547/419/6 546/418/6
f 548/420/6 535/407/45 534/406/9
f 544/416/6 550/422/6 549/421/6
f 536/408/6 543/415/6 542/414/6
s 0
f 551/423/1 552/424/1 553/425/4
s 1
f 554/426/1 551/423/1 553/425/1
f 555/427/1 554/426/1 553/425/1
f 556/428/1 555/427/1 553/425/1
f 557/429/1 556/428/1 553/425/1
f 558/430/3 553/425/1 559/431/1
f 558/430/3 557/429/1 553/425/1
f 559/431/1 553/425/1 560/432/1
f 561/433/1 559/431/1 560/432/1
f 560/432/1 562/326/1 561/433/1
f 560/432/1 553/425/1 563/434/2
f 563/434/2 564/435/2 565/436/3
f 563/434/2 566/437/4 564/435/2
f 567/438/1 568/439/5 563/434/2
f 563/434/2 568/439/5 566/437/4
s 0
f 569/440/1 567/438/1 563/434/1
s 1
f 563/434/2 565/436/3 570/441/1
f 560/432/1 563/434/2 570/441/1
f 571/442/10 572/124/10 573/443/10
f 573/443/10 574/124/10 575/444/10
f 576/445/10 577/446/10 578/447/10
f 578/447/10 579/446/10 580/448/10
f 581/449/12 582/450/12 583/451/12
f 583/451/12 584/452/12 585/453/12
f 583/451/12 586/454/12 584/452/12
f 587/411/12 588/455/12 584/456/12
f 589/454/12 590/457/12 584/452/12
f 585/453/12 591/458/12 583/451/12
f 592/459/12 581/449/12 593/460/12
f 594/459/12 595/450/12 581/449/12
f 596/454/12 583/451/12 597/450/12
f 598/461/12 599/462/12 600/463/12
f 601/464/12 602/465/12 599/466/12
f 598/461/12 601/467/12 599/462/12
f 599/462/12 602/468/12 603/469/12
f 598/461/12 600/463/12 604/470/12
f 605/471/12 604/472/12 606/473/12
f 605/471/12 598/474/12 604/472/12
f 607/475/12 608/476/12 600/463/12
f 600/477/12 608/478/12 609/479/12
f 600/463/12 609/480/12 604/470/12
f 610/481/6 611/471/6 612/482/6
f 612/482/6 613/471/6 614/473/6
f 615/483/14 616/484/14 617/485/14
f 618/486/14 619/483/14 617/485/14
f 620/487/14 621/486/14 617/485/16
f 622/488/14 623/489/14 624/490/14
f 625/490/46 620/487/46 622/488/14
s 0
f 626/491/14 627/492/14 620/487/14
s 1
f 620/487/46 627/492/14 622/488/14
f 620/487/14 628/490/14 629/486/14
f 630/420/46 622/493/14 631/494/14
f 632/495/16 633/481/14 634/496/14
f 635/497/14 636/498/15 637/499/14
f 637/500/14 636/501/15 638/502/47
f 637/499/14 638/503/47 632/504/16
f 634/505/14 639/506/14 640/507/14
f 637/499/14 634/505/14 640/507/14
f 640/507/14 641/508/48 642/509/14
f 634/496/14 643/481/14 644/482/14
f 641/510/48 640/511/14 639/512/14
f 634/505/14 637/499/14 632/504/16
f 645/513/18 646/514/25 647/515/18
f 648/515/18 646/514/18 649/131/18
f 650/516/18 651/517/18 652/518/18
f 652/518/18 651/517/18 653/519/18
f 654/520/1 655/521/1 656/522/1
f 657/523/1 654/520/1 658/522/1
f 659/524/1 657/523/1 660/522/1
f 661/525/1 659/524/1 662/522/1
f 663/526/1 661/525/1 664/522/1
f 665/527/1 666/522/1 667/528/1
f 665/527/1 663/526/1 668/522/1
f 667/528/1 669/522/2 670/529/1
f 671/250/1 667/528/1 670/529/1
f 670/529/1 672/530/1 673/250/1
f 670/529/4 674/522/4 675/531/4
f 676/531/1 677/532/1 678/533/1
f 679/531/2 680/534/2 677/532/2
f 681/535/1 682/536/1 683/531/1
f 684/531/1 682/536/1 680/534/1
f 685/537/1 681/535/1 686/531/1
f 687/531/2 678/533/2 688/538/2
f 670/529/2 689/531/2 688/538/2
f 690/88/18 691/539/18 692/540/18
f 693/96/18 694/541/18 695/542/18
f 695/542/18 694/541/18 696/543/18
f 697/96/18 698/544/18 694/541/18
f 692/540/18 699/545/18 700/88/18
f 701/88/18 699/545/18 702/96/18
f 703/96/28 699/545/28 698/544/28
f 704/546/18 705/101/18 706/547/18
f 707/548/18 704/546/18 708/549/18
f 709/88/18 710/101/18 704/546/18
f 704/546/18 691/539/18 711/88/18
f 704/546/18 706/547/18 712/549/18
f 713/550/18 714/551/18 715/552/18
f 715/552/18 716/551/18 717/553/18
f 718/554/49 719/555/1 720/556/1
f 721/557/1 722/558/1 723/559/1
f 724/560/1 725/561/1 726/562/1
f 727/563/1 728/564/4 721/557/1
f 721/557/1 729/216/1 730/565/1
f 731/566/1 718/554/49 720/556/1
f 732/567/1 733/568/1 727/563/1
f 727/563/1 734/14/1 735/569/1
f 723/559/1 722/558/1 736/570/1
f 737/571/50 738/572/1 739/573/1
f 722/558/1 740/205/5 741/574/1
f 742/575/1 721/557/1 730/565/1
f 743/576/1 744/577/2 724/560/1
f 724/560/1 745/296/1 746/578/1
f 747/579/1 737/571/50 748/580/1
f 749/581/1 750/582/1 743/576/1
f 743/576/1 751/283/3 752/583/1
f 726/562/1 725/561/1 753/584/1
f 731/566/1 727/563/1 754/585/51
f 725/561/1 755/4/2 756/586/1
f 757/587/1 724/560/1 746/578/1
f 758/588/1 759/589/1 760/590/1
f 758/588/1 761/591/1 759/589/1
f 760/590/1 759/589/1 762/592/1
f 763/593/3 762/592/1 764/594/1
f 765/595/2 763/593/3 764/594/1
f 766/596/1 724/560/1 765/595/2
f 766/596/1 767/597/4 724/560/1
f 768/598/1 745/296/1 724/560/1
f 752/583/1 744/577/2 743/576/1
f 724/560/1 769/599/1 768/598/1
f 770/600/4 771/601/1 724/560/1
f 725/561/1 772/602/1 755/4/2
f 724/560/1 773/603/1 774/604/1
f 724/560/1 771/601/1 773/603/1
f 771/601/1 775/605/1 776/606/2
f 767/597/4 777/607/2 724/560/1
f 778/608/3 776/606/2 775/605/1
f 779/609/1 778/608/3 780/610/1
f 781/611/1 779/609/1 780/610/1
f 782/612/1 783/613/1 781/611/1
f 782/612/1 784/614/1 783/613/1
f 785/615/1 786/616/1 784/614/1
f 787/617/1 721/557/1 788/618/1
f 789/619/1 790/620/5 721/557/1
f 791/621/1 729/216/1 721/557/1
f 735/569/1 728/564/4 727/563/1
f 721/557/1 792/622/1 791/621/1
f 793/623/5 794/624/4 721/557/1
f 722/558/1 795/625/1 740/205/5
f 721/557/1 796/626/1 797/627/1
f 721/557/1 794/624/4 796/626/1
f 794/624/4 798/628/5 799/629/1
f 788/618/1 721/557/1 742/575/1
f 761/591/1 800/630/1 801/631/1
f 761/591/1 801/631/1 759/589/1
f 802/632/5 803/633/4 804/634/1
f 804/634/1 803/633/4 787/617/1
f 764/594/1 766/596/1 765/595/2
f 805/635/1 765/595/2 724/560/1
f 784/614/1 782/612/1 785/615/1
f 783/613/1 779/609/1 781/611/1
f 772/602/1 725/561/1 777/607/2
f 751/283/3 743/576/1 806/636/1
f 770/600/4 724/560/1 744/577/2
f 806/636/1 743/576/1 807/637/1
f 807/637/1 743/576/1 808/638/1
f 808/638/1 743/576/1 809/639/1
f 809/639/1 743/576/1 810/640/1
f 811/641/1 810/640/1 743/576/1
f 805/635/1 724/560/1 757/587/1
f 743/576/1 812/642/1 811/641/1
f 813/643/1 811/641/1 737/571/50
f 747/579/1 813/643/1 737/571/50
f 748/580/1 737/571/50 739/573/1
f 739/573/1 722/558/1 814/644/1
f 815/645/2 816/646/1 722/558/1
f 722/558/1 816/646/1 817/647/1
f 722/558/1 741/574/1 815/645/2
f 796/626/1 794/624/4 799/629/1
f 802/632/5 786/616/1 785/615/1
f 818/648/1 799/629/1 798/628/5
f 819/649/1 795/625/1 722/558/1
f 820/650/1 818/648/1 798/628/5
f 722/558/1 721/557/1 819/649/1
f 721/557/1 732/567/1 727/563/1
f 762/592/1 763/593/3 760/590/1
f 821/651/1 719/555/1 718/554/49
f 822/652/51 823/653/1 718/554/49
f 823/653/1 821/651/1 718/554/49
f 824/654/1 823/653/1 725/561/1
f 825/655/1 824/654/1 725/561/1
f 826/656/1 825/655/1 725/561/1
f 725/561/1 827/657/1 826/656/1
f 725/561/1 756/586/1 827/657/1
f 769/599/1 724/560/1 774/604/1
f 771/601/1 776/606/2 773/603/1
f 775/605/1 780/610/1 778/608/3
f 724/560/1 777/607/2 725/561/1
f 786/616/1 802/632/5 804/634/1
f 724/560/1 749/581/1 743/576/1
f 803/633/4 789/619/1 787/617/1
f 787/617/1 789/619/1 721/557/1
f 800/630/1 761/591/1 828/658/1
f 828/658/1 820/650/1 800/630/1
f 792/622/1 721/557/1 797/627/1
f 828/658/1 818/648/1 820/650/1
f 734/14/1 727/563/1 829/659/1
f 793/623/5 721/557/1 728/564/4
f 829/659/1 727/563/1 830/660/1
f 830/660/1 727/563/1 831/661/1
f 831/661/1 727/563/1 832/662/1
f 832/662/1 727/563/1 833/663/1
f 819/649/1 721/557/1 790/620/5
f 833/663/1 727/563/1 731/566/1
f 817/647/1 814/644/1 722/558/1
f 731/566/1 754/585/51 718/554/49
f 725/561/1 823/653/1 822/652/51
f 738/572/1 722/558/1 739/573/1
f 812/642/1 737/571/50 811/641/1
f 834/551/10 835/550/10 836/664/10
f 836/664/10 837/550/10 838/665/10
f 839/107/10 840/666/10 841/667/10
f 842/115/10 843/668/10 844/669/10
f 845/669/10 843/668/10 846/670/10
f 847/115/52 848/671/52 843/668/52
f 841/667/10 849/672/10 850/107/10
f 851/107/10 849/672/10 852/115/10
f 853/115/21 849/672/21 848/671/21
f 854/673/10 855/112/10 856/674/10
f 857/675/10 854/673/10 858/676/10
f 854/673/10 840/666/10 859/107/10
f 860/107/10 861/112/10 854/673/10
f 854/673/10 856/674/10 862/676/10
s 0
f 863/677/1 864/678/1 865/679/1
s 1
f 866/680/1 863/677/1 865/679/1
f 867/681/1 866/680/1 865/679/1
f 868/682/1 867/681/1 865/679/1
f 869/683/1 868/682/1 865/679/1
f 870/684/3 865/679/1 871/685/1
f 870/684/3 869/683/1 865/679/1
f 871/685/1 865/679/1 872/686/1
f 873/353/1 871/685/1 872/686/1
f 872/686/1 874/687/1 875/353/1
f 872/686/1 865/679/1 876/688/2
f 876/688/2 877/689/2 878/690/2
f 876/688/2 879/691/4 877/689/2
f 880/692/1 881/693/5 876/688/2
f 876/688/2 881/693/5 879/691/4
s 0
f 882/694/1 880/692/1 876/688/2
s 1
f 876/688/2 878/690/2 883/695/1
f 872/686/1 876/688/2 883/695/1
f 884/696/10 885/697/10 886/698/10
f 886/698/10 887/697/10 888/699/10
f 889/700/12 890/701/12 891/702/12
f 892/703/12 893/704/12 894/705/12
f 894/706/12 893/707/12 895/708/12
f 894/705/12 895/709/12 889/710/12
f 891/711/12 896/712/12 897/713/12
f 894/705/12 891/711/12 897/713/12
f 897/713/12 898/714/12 899/715/12
f 891/702/12 890/701/12 900/716/12
f 889/710/12 891/711/12 894/705/12
f 896/717/12 898/718/12 897/719/12
f 901/701/6 902/720/6 903/716/6
f 904/701/6 905/721/6 902/720/6
f 906/716/6 902/720/6 907/722/6
f 908/716/9 909/723/9 910/724/9
f 911/716/6 907/722/6 909/723/6
s 0
f 912/725/6 913/716/6 910/724/6
s 1
f 902/720/6 905/721/6 914/726/6
f 915/727/6 916/728/9 917/729/9
f 914/726/6 905/721/6 917/729/9
f 918/730/6 915/727/6 917/729/9
f 914/726/6 917/729/9 919/731/6
f 916/728/9 919/731/6 917/729/9
f 920/732/14 921/733/14 922/734/14
f 923/735/14 924/736/46 921/737/14
f 920/732/14 923/738/14 921/733/14
f 921/733/14 924/739/46 925/740/14
f 920/732/14 922/734/14 926/741/16
f 927/721/14 926/742/14 928/729/14
f 929/721/14 920/743/14 926/742/16
f 930/744/14 931/745/53 922/734/14
f 922/746/14 931/747/53 932/748/54
f 922/734/14 932/749/54 926/741/16
f 933/750/18 934/751/18 935/752/18
f 935/752/18 934/751/18 936/753/18
f 937/754/1 938/755/1 939/756/1
f 940/757/1 937/754/1 941/756/1
f 942/758/1 940/757/1 943/756/1
f 944/759/1 942/758/1 945/756/1
f 946/760/1 944/759/1 947/756/1
f 948/761/1 949/756/1 950/762/1
f 948/761/1 946/760/1 951/756/1
f 950/762/1 952/756/2 953/763/1
f 954/764/1 950/762/1 953/763/1
f 953/763/1 955/223/1 956/764/1
f 953/763/1 957/756/1 958/765/1
f 959/765/1 960/766/1 961/767/1
f 962/765/2 963/768/2 960/766/2
f 964/769/1 965/770/1 966/765/1
f 967/765/1 965/770/1 963/768/1
f 968/771/1 964/769/1 969/765/1
f 970/765/2 961/767/2 971/772/2
f 953/763/2 972/765/2 971/772/2
f 973/773/55 974/774/56 975/775/57
f 976/776/58 977/777/57 978/778/58
f 979/779/58 980/780/57 981/781/58
f 979/779/58 978/778/58 982/780/57
f 983/782/57 984/783/57 985/784/57
f 986/785/57 987/786/57 988/787/57
f 989/785/57 990/787/57 991/777/57
f 992/777/57 993/788/57 994/773/57
f 975/775/57 995/789/57 996/773/57
f 997/790/57 998/773/57 993/788/57
f 997/790/57 974/774/57 999/773/57
f 993/788/57 1000/791/56 997/790/57
f 1001/792/57 1002/793/57 1003/794/58
f 993/788/57 1002/793/57 1000/791/56
f 993/788/57 1004/795/57 1003/794/58
s 0
f 1003/794/57 1004/795/57 1005/796/10
s 1
f 976/776/58 993/788/57 1006/777/57
s 0
f 1004/795/57 1007/797/10 1008/798/59
s 1
f 978/778/55 1009/777/55 1010/780/55
f 993/788/57 1003/794/58 1002/793/57
f 981/781/57 1011/799/57 1012/800/57
f 1013/801/57 981/781/57 1012/800/57
f 1014/802/57 1015/803/55 981/781/57
s 0
f 1015/803/57 1014/802/57 1016/804/57
f 1014/802/60 1017/805/60 1018/806/60
f 1004/795/57 1008/798/57 1005/796/57
s 1
f 1014/802/57 1013/801/57 1019/807/57
f 1014/802/57 981/781/57 1013/801/57
f 1020/782/57 1011/799/57 981/781/57
s 0
f 1014/802/60 1018/806/60 1016/804/60
s 1
f 985/784/57 1021/808/57 1022/782/57
f 981/781/57 1023/780/57 1024/782/57
f 1025/785/57 1026/809/57 1027/810/57
f 1028/811/57 1029/787/55 1030/812/57
f 1011/799/61 1031/782/61 1021/808/61
f 1032/787/57 1028/811/57 1033/813/57
f 1027/810/57 987/786/62 1034/785/55
f 1035/787/57 987/786/62 1030/812/57
f 1036/777/57 1037/787/57 1038/780/57
f 1039/782/63 1040/784/63 1041/808/63
f 1042/779/63 1043/778/64 1044/780/63
f 1045/776/63 1046/788/63 1047/777/63
f 1045/776/63 1048/777/63 1043/778/64
f 1049/773/63 1050/775/63 1051/789/63
f 1052/812/65 1053/787/63 1054/786/66
f 1055/811/63 1056/787/63 1052/812/65
f 1057/782/63 1058/781/63 1059/780/63
f 1060/787/63 1061/780/63 1062/785/63
f 1063/780/66 1043/778/66 1064/777/66
f 1065/780/63 1066/777/63 1067/785/63
f 1068/783/63 1040/784/63 1069/782/63
f 1070/782/67 1041/808/67 1071/799/67
f 1072/801/63 1073/802/67 1058/781/63
f 1072/801/63 1058/781/63 1074/800/68
f 1075/807/63 1073/802/67 1072/801/63
f 1058/781/63 1071/799/68 1074/800/68
f 1058/781/63 1073/802/67 1076/803/63
s 0
f 1073/802/10 1077/805/63 1076/803/63
s 1
f 1042/779/63 1078/780/63 1058/781/63
s 0
f 1076/803/63 1079/806/10 1080/804/63
s 1
f 1058/781/63 1081/782/63 1071/799/68
f 1046/788/63 1082/791/69 1083/790/67
f 1084/793/63 1082/791/69 1046/788/63
f 1085/794/67 1046/788/63 1086/795/63
s 0
f 1086/795/63 1087/797/63 1085/794/63
f 1085/794/60 1088/798/60 1089/796/60
f 1076/803/63 1077/805/63 1079/806/63
s 1
f 1085/794/67 1090/792/63 1084/793/63
f 1085/794/67 1084/793/63 1046/788/63
f 1091/773/63 1046/788/63 1083/790/67
s 0
f 1085/794/60 1087/797/60 1088/798/60
s 1
f 1050/775/63 1092/773/63 1093/774/63
f 1094/785/63 1095/810/63 1054/786/66
f 1055/811/63 1096/813/63 1097/787/63
f 1083/790/63 1093/774/63 1098/773/63
f 1046/788/63 1099/773/63 1100/777/63
f 1101/785/63 1102/809/63 1095/810/63
f 1103/785/63 1054/786/63 1104/787/63
f 1105/814/63 1106/787/63 1107/815/63
f 1108/811/63 1109/813/63 1110/787/63
f 1111/787/63 1112/816/63 1113/785/63
f 1114/787/63 1115/814/63 1108/811/63
f 1116/816/63 1117/817/63 1118/785/63
f 1119/785/63 1120/810/63 1121/815/63
f 1122/785/63 1123/809/63 1120/810/63
f 1124/785/63 1125/815/63 1126/787/63
f 1127/818/70 1128/819/70 1129/785/70
f 1130/820/70 1131/785/70 1132/821/70
f 1133/822/70 1134/785/70 1130/820/70
f 1135/823/70 1136/819/70 1127/818/70
f 1137/785/70 1133/822/70 1127/818/70
f 1132/821/70 1138/785/70 1139/824/70
f 1140/825/71 1141/826/71 1142/787/71
f 1141/826/71 1143/827/71 1144/787/71
f 1145/828/71 1146/829/71 1147/787/71
f 1148/787/71 1143/827/71 1145/828/71
f 1140/825/71 1149/830/71 1150/831/71
f 1151/830/71 1140/825/71 1152/787/71
f 1153/832/56 1154/833/59 1155/834/72
f 1154/833/59 1156/835/57 1155/834/72
f 1157/825/73 1158/826/73 1159/787/73
f 1160/827/73 1161/787/74 1158/826/73
f 1162/828/73 1163/787/73 1160/827/73
f 1164/787/73 1162/828/73 1165/829/73
f 1166/830/73 1157/825/73 1167/787/73
f 1157/825/73 1168/830/73 1169/831/73
f 1170/818/75 1171/819/75 1172/785/75
f 1173/821/76 1174/785/76 1175/824/76
f 1176/820/76 1177/785/76 1173/821/76
f 1178/823/76 1179/819/76 1170/818/76
f 1180/785/75 1181/822/77 1170/818/76
f 1182/785/76 1176/820/76 1181/822/77
f 1183/810/57 1184/785/57 1185/809/57
f 1186/786/78 1187/812/57 1188/785/57
f 1189/811/57 1190/813/57 1191/787/57
f 1192/787/57 1193/816/57 1194/785/57
f 1195/787/57 1187/812/57 1189/811/57
f 1196/816/57 1197/817/57 1198/785/57
f 1183/810/57 1186/786/78 1199/785/57
f 1200/785/57 1187/812/57 1201/787/57
f 1202/832/63 1203/833/79 1204/834/63
f 1203/833/79 1205/835/63 1204/834/63
f 1206/836/10 1207/837/10 1208/838/10
f 1209/838/10 1207/837/10 1210/839/10
f 1211/839/10 1207/837/10 1212/840/10
f 1213/841/10 1214/839/10 1212/840/10
f 1215/842/10 1216/841/10 1212/840/10
f 1217/133/76 1218/843/76 1219/42/76
f 1220/42/76 1221/843/76 1222/844/76
f 1223/42/73 1224/844/73 1225/103/73
f 1226/103/73 1227/844/73 1228/845/73
f 1229/846/18 1230/847/18 1231/848/18
f 1232/848/18 1233/847/18 1234/849/18
f 1235/849/18 1236/847/18 1237/850/18
f 1238/851/18 1239/849/18 1237/850/18
f 1240/852/18 1241/851/18 1237/850/18
f 1242/133/70 1243/843/70 1244/42/70
f 1245/42/70 1246/843/70 1247/844/70
f 1248/42/71 1249/844/71 1250/103/71
f 1251/103/71 1252/844/71 1253/845/71
f 1254/853/10 1255/854/10 1256/855/10
f 1257/855/10 1255/854/10 1258/856/10
f 1259/856/10 1255/854/10 1260/857/10
f 1261/858/10 1262/856/10 1260/857/10
f 1263/859/10 1264/858/10 1260/857/10
f 1265/133/76 1266/843/76 1267/42/76
f 1268/42/76 1269/843/76 1270/844/76
f 1271/42/73 1272/844/73 1273/103/73
f 1274/103/73 1275/844/73 1276/845/73
f 1277/860/18 1278/861/18 1279/862/18
f 1280/862/18 1281/861/18 1282/863/18
f 1283/863/18 1284/861/18 1285/864/18
f 1286/865/18 1287/863/18 1285/864/18
f 1288/866/18 1289/865/18 1285/864/18
f 1290/133/70 1291/843/70 1292/42/70
f 1293/42/70 1294/843/70 1295/844/70
f 1296/42/71 1297/844/71 1298/103/71
f 1299/103/71 1300/844/71 1301/845/71
f 1302/410/6 1303/574/6 1304/867/6
f 1305/410/7 1306/401/7 1307/868/7
f 1308/416/7 1309/869/7 1310/641/7
f 1311/407/9 1312/870/9 1313/283/9
f 1314/414/9 1315/612/9 1316/871/9
f 1317/410/6 1307/868/6 1303/574/6
f 1318/611/9 1319/414/9 1320/610/9
f 1318/611/43 1315/612/43 1321/414/43
f 1320/610/6 1322/414/6 1323/605/6
f 1323/605/6 1324/414/6 1325/419/6
f 1326/601/6 1323/605/6 1327/419/6
f 1328/600/6 1326/601/6 1329/419/6
f 1330/577/9 1328/600/9 1331/419/9
f 1332/419/8 1333/583/8 1330/577/8
f 1312/870/6 1334/407/6 1335/638/6
f 1336/407/9 1313/283/9 1337/419/9
f 1335/638/6 1338/407/6 1339/872/6
f 1339/872/6 1340/407/6 1310/641/6
f 1310/641/6 1341/407/6 1342/416/6
f 1343/419/7 1313/283/7 1333/583/7
f 1344/873/6 1345/416/6 1346/410/6
f 1344/873/6 1347/580/6 1348/416/6
f 1349/647/6 1344/873/6 1350/410/6
f 1304/867/6 1349/647/6 1351/410/6
f 1352/649/7 1353/401/7 1354/874/7
f 1352/649/6 1307/868/6 1355/401/6
f 1354/874/6 1356/401/6 1357/633/6
f 1357/633/6 1358/401/6 1359/414/6
f 1360/416/6 1347/580/6 1309/869/6
f 1361/414/7 1316/871/7 1357/633/7
f 1362/39/6 1363/586/6 1364/657/6
f 1365/39/9 1366/36/9 1367/4/9
f 1368/49/6 1369/555/6 1370/875/6
f 1371/32/43 1372/876/43 1373/47/43
f 1374/43/7 1375/877/7 1376/592/7
f 1377/39/6 1367/4/6 1363/586/6
f 1378/651/6 1379/49/6 1380/653/6
f 1378/651/6 1369/555/6 1381/49/6
f 1380/653/6 1382/49/6 1383/654/6
f 1383/654/9 1384/49/9 1385/39/9
f 1386/655/6 1383/654/6 1387/39/6
f 1388/656/6 1386/655/6 1389/39/6
f 1364/657/9 1388/656/9 1390/39/9
f 1391/878/6 1392/36/6 1393/597/6
f 1391/878/44 1367/4/44 1394/36/44
f 1393/597/6 1395/36/6 1396/879/6
f 1396/879/6 1397/36/6 1376/592/6
f 1376/592/6 1398/36/6 1399/43/6
f 1400/880/6 1401/43/6 1402/47/6
f 1400/880/8 1403/630/8 1404/43/8
f 1405/624/6 1400/880/6 1406/47/6
f 1407/881/6 1405/624/6 1408/47/6
f 1409/47/6 1410/569/6 1407/881/6
f 1411/660/7 1412/32/7 1413/882/7
f 1411/660/8 1372/876/8 1414/32/8
f 1413/882/6 1415/32/6 1416/663/6
f 1416/663/7 1417/32/7 1418/49/7
f 1419/43/6 1403/630/6 1375/877/6
f 1420/49/43 1370/875/43 1416/663/43
f 1372/876/9 1410/569/9 1421/47/9
f 1422/883/10 1423/884/10 1424/885/10
f 1425/886/10 1426/887/10 1427/888/10
f 1423/884/10 1425/886/10 1427/888/10
f 1424/885/10 1423/884/10 1427/888/10
f 1428/889/1 1429/375/3 1430/890/1
f 1428/889/1 1431/891/4 1432/309/1
f 1433/892/1 1434/350/2 1428/889/1
f 1435/893/2 1434/350/2 1433/892/1
f 1436/894/5 1433/892/1 1437/346/1
f 1433/892/1 1438/895/51 1437/346/1
f 1437/346/1 1439/896/51 1440/897/4
f 1437/346/1 1438/895/51 1441/898/1
f 1437/346/1 1440/897/4 1442/899/1
f 1443/900/1 1444/305/1 1445/342/4
f 1446/299/1 1447/901/1 1448/298/1
f 1447/901/1 1449/367/4 1450/366/4
f 1447/901/1 1451/365/1 1452/902/2
f 1453/339/1 1454/369/2 1447/901/1
f 1453/339/1 1455/903/1 1456/904/1
f 1453/339/1 1456/904/1 1457/905/1
f 1458/906/1 1459/332/1 1460/331/1
f 1461/907/1 1462/325/1 1463/908/3
f 1464/297/1 1465/909/1 1466/303/1
f 1464/297/1 1446/299/1 1465/909/1
f 1446/299/1 1443/900/1 1447/901/1
f 1467/304/1 1444/305/1 1443/900/1
f 1467/304/1 1466/303/1 1444/305/1
f 1466/303/1 1465/909/1 1468/311/1
f 1446/299/1 1448/298/1 1465/909/1
f 1468/311/1 1465/909/1 1428/889/1
f 1468/311/1 1444/305/1 1466/303/1
f 1469/285/1 1470/287/1 1447/901/1
f 1471/312/2 1472/314/2 1473/319/4
f 1432/309/1 1468/311/1 1428/889/1
f 1428/889/1 1430/890/1 1431/891/4
f 1474/289/1 1462/325/1 1461/907/1
f 1474/289/1 1461/907/1 1475/282/1
f 1476/291/1 1477/910/4 1478/293/4
f 1469/285/1 1475/282/1 1470/287/1
f 1475/282/1 1461/907/1 1465/909/1
f 1475/282/1 1465/909/1 1479/302/1
f 1480/911/2 1474/289/1 1481/912/1
f 1479/302/1 1465/909/1 1482/294/1
f 1483/913/1 1476/291/1 1484/300/1
f 1471/312/2 1485/318/5 1486/320/1
f 1474/289/1 1487/914/1 1488/321/4
f 1471/312/2 1489/915/1 1490/364/1
f 1444/305/1 1471/312/2 1445/342/4
f 1491/916/1 1484/300/1 1476/291/1
f 1452/902/2 1491/916/1 1476/291/1
f 1492/363/1 1493/313/5 1471/312/2
f 1472/314/2 1471/312/2 1493/313/5
f 1447/901/1 1450/366/4 1451/365/1
f 1494/343/1 1495/917/1 1443/900/1
f 1494/343/1 1443/900/1 1445/342/4
f 1495/917/1 1496/918/4 1443/900/1
f 1496/918/4 1497/371/1 1443/900/1
f 1497/371/1 1498/919/2 1443/900/1
f 1498/919/2 1442/899/1 1443/900/1
f 1499/368/2 1449/367/4 1447/901/1
f 1500/920/1 1501/921/4 1442/899/1
f 1442/899/1 1440/897/4 1500/920/1
f 1437/346/1 1502/922/5 1439/896/51
f 1441/898/1 1502/922/5 1437/346/1
f 1435/893/2 1433/892/1 1436/894/5
f 1434/350/2 1503/923/1 1428/889/1
f 1504/924/1 1428/889/1 1505/378/1
f 1428/889/1 1506/925/1 1505/378/1
f 1507/926/2 1428/889/1 1504/924/1
f 1428/889/1 1507/926/2 1429/375/3
f 1431/891/4 1508/310/4 1432/309/1
f 1482/294/1 1465/909/1 1448/298/1
f 1509/927/3 1487/914/1 1474/289/1
f 1510/928/1 1432/309/1 1508/310/4
f 1509/927/3 1474/289/1 1511/317/1
f 1432/309/1 1510/928/1 1512/929/1
f 1474/289/1 1476/291/1 1511/317/1
f 1511/317/1 1476/291/1 1513/930/1
f 1428/889/1 1503/923/1 1506/925/1
f 1460/331/1 1514/333/1 1458/906/1
f 1458/906/1 1515/931/1 1459/332/1
f 1514/333/1 1516/932/80 1458/906/1
f 1517/933/1 1516/932/80 1514/333/1
f 1517/933/1 1514/333/1 1518/934/80
f 1514/333/1 1519/935/1 1518/934/80
f 1457/905/1 1514/333/1 1453/339/1
f 1455/903/1 1453/339/1 1447/901/1
f 1442/899/1 1501/921/4 1443/900/1
f 1447/901/1 1470/287/1 1448/298/1
f 1443/900/1 1446/299/1 1467/304/1
f 1469/285/1 1447/901/1 1452/902/2
f 1445/342/4 1471/312/2 1486/320/1
f 1471/312/2 1473/319/4 1485/318/5
f 1469/285/1 1452/902/2 1476/291/1
f 1471/312/2 1490/364/1 1492/363/1
f 1477/910/4 1476/291/1 1483/913/1
f 1520/936/1 1476/291/1 1478/293/4
f 1447/901/1 1454/369/2 1499/368/2
f 1479/302/1 1470/287/1 1475/282/1
f 1432/309/1 1521/937/3 1489/915/1
f 1513/930/1 1476/291/1 1520/936/1
f 1522/355/1 1521/937/3 1432/309/1
f 1463/908/3 1523/938/2 1461/907/1
f 1474/289/1 1480/911/2 1462/325/1
f 1523/938/2 1524/361/4 1461/907/1
f 1524/361/4 1525/939/4 1461/907/1
f 1525/939/4 1526/940/1 1461/907/1
f 1526/940/1 1527/329/1 1461/907/1
f 1527/329/1 1528/941/1 1461/907/1
f 1528/941/1 1515/931/1 1461/907/1
f 1512/929/1 1522/355/1 1432/309/1
f 1457/905/1 1519/935/1 1514/333/1
f 1458/906/1 1461/907/1 1515/931/1
f 1471/312/2 1432/309/1 1489/915/1
f 1488/321/4 1481/912/1 1474/289/1
f 1529/942/1 1530/943/1 1531/944/5
f 1529/942/1 1531/944/5 1532/945/4
f 1529/942/1 1532/945/4 1533/946/81
f 1529/942/1 1533/946/81 1534/947/1
f 1533/946/81 1535/948/51 1534/947/1
f 1535/948/51 1536/949/5 1534/947/1
f 1534/947/1 1537/950/1 1538/951/4
f 1539/952/1 1540/221/2 1541/222/2
f 1542/953/1 1543/276/2 1544/251/1
f 1542/953/1 1545/954/1 1546/206/1
f 1547/955/1 1548/247/1 1542/953/1
f 1549/249/1 1548/247/1 1547/955/1
f 1550/956/1 1547/955/1 1551/957/1
f 1547/955/1 1552/958/1 1551/957/1
f 1551/957/1 1553/959/1 1554/960/2
f 1551/957/1 1552/958/1 1555/961/80
f 1551/957/1 1554/960/2 1556/239/1
f 1557/962/1 1558/199/1 1559/268/4
f 1530/943/1 1560/963/4 1561/964/2
f 1530/943/1 1562/184/1 1563/182/4
f 1564/211/1 1565/255/1 1566/965/2
f 1564/211/1 1566/965/2 1567/966/2
f 1568/203/1 1569/967/1 1542/953/1
f 1542/953/1 1544/251/1 1545/954/1
f 1570/968/1 1565/255/1 1564/211/1
f 1558/199/1 1564/211/1 1559/268/4
f 1570/968/1 1564/211/1 1571/969/1
f 1572/201/4 1558/199/1 1557/962/1
f 1573/217/1 1569/967/1 1568/203/1
f 1573/217/1 1568/203/1 1558/199/1
f 1574/215/1 1569/967/1 1573/217/1
f 1564/211/1 1546/206/1 1571/969/1
f 1575/190/1 1557/962/1 1530/943/1
f 1558/199/1 1572/201/4 1573/217/1
f 1576/189/1 1575/190/1 1530/943/1
f 1577/185/5 1569/967/1 1576/189/1
f 1569/967/1 1574/215/1 1575/190/1
f 1578/186/1 1569/967/1 1577/185/5
f 1546/206/1 1579/208/4 1571/969/1
f 1563/182/4 1576/189/1 1530/943/1
f 1575/190/1 1576/189/1 1569/967/1
f 1562/184/1 1530/943/1 1561/964/2
f 1580/198/1 1569/967/1 1578/186/1
f 1580/198/1 1578/186/1 1563/182/4
f 1581/195/1 1539/952/1 1580/198/1
f 1539/952/1 1569/967/1 1580/198/1
f 1582/191/5 1583/194/2 1584/970/2
f 1582/191/5 1562/184/1 1561/964/2
f 1547/955/1 1550/956/1 1549/249/1
f 1551/957/1 1555/961/80 1585/971/80
f 1586/248/1 1542/953/1 1548/247/1
f 1587/280/1 1542/953/1 1586/248/1
f 1588/279/1 1542/953/1 1587/280/1
f 1589/278/4 1542/953/1 1588/279/1
f 1542/953/1 1589/278/4 1590/277/3
f 1542/953/1 1590/277/3 1543/276/2
f 1545/954/1 1591/972/1 1546/206/1
f 1592/269/1 1593/258/2 1581/195/1
f 1592/269/1 1581/195/1 1594/197/2
f 1581/195/1 1595/270/2 1594/197/2
f 1581/195/1 1596/259/4 1595/270/2
f 1596/259/4 1581/195/1 1597/257/1
f 1568/203/1 1542/953/1 1546/206/1
f 1598/252/1 1599/973/1 1546/206/1
f 1597/257/1 1582/191/5 1600/193/1
f 1600/193/1 1582/191/5 1601/974/1
f 1562/184/1 1580/198/1 1563/182/4
f 1602/975/4 1603/976/1 1557/962/1
f 1602/975/4 1557/962/1 1559/268/4
f 1603/976/1 1604/262/1 1557/962/1
f 1604/262/1 1605/977/4 1557/962/1
f 1605/977/4 1606/978/4 1557/962/1
f 1606/978/4 1556/239/1 1557/962/1
f 1556/239/1 1607/979/4 1557/962/1
f 1575/190/1 1572/201/4 1557/962/1
f 1608/980/80 1607/979/4 1556/239/1
f 1582/191/5 1584/970/2 1601/974/1
f 1553/959/1 1551/957/1 1585/971/80
f 1567/966/2 1609/212/2 1564/211/1
f 1610/981/82 1611/982/4 1582/191/5
f 1611/982/4 1583/194/2 1582/191/5
f 1612/983/4 1579/208/4 1546/206/1
f 1612/983/4 1546/206/1 1599/973/1
f 1581/195/1 1582/191/5 1597/257/1
f 1598/252/1 1546/206/1 1591/972/1
f 1541/222/2 1613/984/1 1539/952/1
f 1539/952/1 1581/195/1 1540/221/2
f 1613/984/1 1614/985/1 1539/952/1
f 1614/985/1 1615/266/1 1539/952/1
f 1615/266/1 1616/986/1 1539/952/1
f 1616/986/1 1617/987/1 1539/952/1
f 1617/987/1 1618/226/1 1539/952/1
f 1618/226/1 1619/988/4 1539/952/1
f 1581/195/1 1593/258/2 1540/221/2
f 1620/989/1 1539/952/1 1619/988/4
f 1620/989/1 1534/947/1 1538/951/4
f 1619/988/4 1621/990/4 1620/989/1
f 1621/990/4 1622/228/3 1620/989/1
f 1622/228/3 1534/947/1 1620/989/1
f 1623/991/2 1530/943/1 1624/264/4
f 1530/943/1 1529/942/1 1624/264/4
f 1625/992/2 1530/943/1 1623/991/2
f 1530/943/1 1625/992/2 1626/261/3
f 1608/980/80 1556/239/1 1554/960/2
f 1559/268/4 1564/211/1 1627/993/1
f 1628/237/2 1582/191/5 1561/964/2
f 1564/211/1 1629/994/2 1627/993/1
f 1582/191/5 1628/237/2 1610/981/82
f 1530/943/1 1626/261/3 1560/963/4
f 1564/211/1 1609/212/2 1629/994/2
f 1537/950/1 1534/947/1 1536/949/5
f 1630/995/18 1631/996/18 1632/997/18
f 1633/998/18 1634/999/18 1635/1000/18
f 1632/997/18 1631/996/18 1635/1000/18
f 1631/996/18 1633/998/18 1635/1000/18
f 1636/1001/6 1637/1002/6 1638/1003/6
f 1639/1001/8 1640/386/8 1641/1002/8
f 1642/1003/6 1643/1002/6 1644/1004/6
f 1645/1005/43 1646/1006/43 1647/396/43
f 1648/1006/6 1649/1004/6 1650/1002/6
f 1651/1006/6 1652/1005/6 1653/1004/6
f 1654/1007/6 1655/1008/6 1656/1009/6
f 1657/1007/6 1658/23/6 1659/1008/6
f 1660/1009/6 1661/1008/6 1662/1010/6
f 1663/1011/6 1664/1012/6 1665/11/6
f 1666/1012/6 1667/1010/6 1668/1008/6
f 1669/1012/45 1670/1011/45 1671/1010/45
f 1672/783/57 1673/1013/57 1674/1014/57
f 1675/1013/57 1676/1015/57 1677/1014/57
f 1678/1016/10 1679/1017/10 1680/1018/10
f 1681/1017/10 1682/1019/10 1683/1018/10
f 1684/1020/63 1685/1021/63 1686/789/63
f 1687/1021/63 1688/1022/63 1689/789/63
f 1690/1018/18 1691/1023/18 1692/1016/18
f 1693/1023/18 1694/1024/18 1695/1016/18
f 1696/783/57 1697/1013/57 1698/1014/57
f 1699/1013/57 1700/1015/57 1701/1014/57
f 1702/1025/10 1703/1026/10 1704/1027/10
f 1705/1026/10 1706/1028/10 1707/1027/10
f 1708/1020/63 1709/1021/63 1710/789/63
f 1711/1021/63 1712/1022/63 1713/789/63
f 1714/1027/18 1715/1029/18 1716/1025/18
f 1717/1029/18 1718/1030/18 1719/1025/18
f 1720/1020/57 1721/1021/57 1722/789/57
f 1723/1021/57 1724/1022/57 1725/789/57
f 1726/1031/10 1727/1032/10 1728/1033/10
f 1729/1032/10 1730/1034/10 1731/1033/10
f 1732/783/63 1733/1013/63 1734/1014/63
f 1735/1013/63 1736/1015/63 1737/1014/63
f 1738/1033/18 1739/1035/18 1740/1031/18
f 1741/1035/18 1742/1036/18 1743/1031/18
f 1744/1020/57 1745/1021/57 1746/789/57
f 1747/1021/57 1748/1022/57 1749/789/57
f 1750/1037/10 1751/1038/10 1752/1039/10
f 1753/1038/10 1754/1040/10 1755/1039/10
f 1756/783/63 1757/1013/63 1758/1014/63
f 1759/1013/63 1760/1015/63 1761/1014/63
f 1762/1039/18 1763/1041/18 1764/1037/18
f 1765/1041/18 1766/1042/18 1767/1037/18
f 1768/1020/57 1769/1021/57 1770/789/57
f 1771/1021/57 1772/1022/57 1773/789/57
f 1774/1016/10 1775/1017/10 1776/1018/10
f 1777/1017/10 1778/1019/10 1779/1018/10
f 1780/783/63 1781/1013/63 1782/1014/63
f 1783/1013/63 1784/1015/63 1785/1014/63
f 1786/1018/18 1787/1023/18 1788/1016/18
f 1789/1023/18 1790/1024/18 1791/1016/18
f 1792/1020/57 1793/1021/57 1794/789/57
f 1795/1021/57 1796/1022/57 1797/789/57
f 1798/1025/10 1799/1026/10 1800/1027/10
f 1801/1026/10 1802/1028/10 1803/1027/10
f 1804/783/63 1805/1013/63 1806/1014/63
f 1807/1013/63 1808/1015/63 1809/1014/63
f 1810/1027/18 1811/1029/18 1812/1025/18
f 1813/1029/18 1814/1030/18 1815/1025/18
f 1816/783/57 1817/1013/57 1818/1014/57
f 1819/1013/57 1820/1015/57 1821/1014/57
f 1822/1031/10 1823/1032/10 1824/1033/10
f 1825/1032/10 1826/1034/10 1827/1033/10
f 1828/1020/63 1829/1021/63 1830/789/63
f 1831/1021/63 1832/1022/63 1833/789/63
f 1834/1033/18 1835/1035/18 1836/1031/18
f 1837/1035/18 1838/1036/18 1839/1031/18
f 1840/783/57 1841/1013/57 1842/1014/57
f 1843/1013/57 1844/1015/57 1845/1014/57
f 1846/1037/10 1847/1038/10 1848/1039/10
f 1849/1038/10 1850/1040/10 1851/1039/10
f 1852/1020/63 1853/1021/63 1854/789/63
f 1855/1021/63 1856/1022/63 1857/789/63
f 1858/1039/18 1859/1041/18 1860/1037/18
f 1861/1041/18 1862/1042/18 1863/1037/18
f 1864/1043/38 218/1044/30 1865/1045/38
f 1864/1043/38 1865/1045/38 1866/1046/1
f 1865/1045/38 1867/1047/1 1866/1046/1
f 218/1044/30 217/1048/42 1865/1045/38
f 1868/1049/1 1869/1050/1 1867/1047/1
f 1867/1047/1 1869/1050/1 1866/1046/1
f 1870/1051/39 1869/1050/1 1871/1052/39
f 1870/141/39 1871/140/39 213/136/41
f 1871/1052/39 1869/1050/1 1868/1049/1
f 213/136/41 1871/140/39 214/137/35
f 1872/1053/18 1873/1054/18 1874/1055/18
f 1873/1054/18 1875/1056/18 1876/1057/18
f 1873/1054/18 1876/1057/18 1877/1058/18
f 1875/1056/18 1878/1059/18 1879/1060/18
f 1875/1056/18 1879/1060/18 1876/1057/18
s 0
f 1878/1059/18 1880/1061/18 1879/1060/18
s 1
f 1878/1059/18 1875/1056/18 1881/1062/18
s 0
f 1880/1061/18 1882/1063/18 1879/1060/18
s 1
f 1883/1064/18 1884/1065/18 1882/1063/18
f 1885/1066/18 1886/1065/18 1887/1064/18
f 1888/1064/18 1889/1067/18 1890/1066/18
f 1891/1065/18 1892/1066/18 1893/1068/18
f 1894/1065/18 1895/1068/18 1896/1069/18
s 0
f 1897/1070/18 1898/1069/18 1899/1068/18
s 1
f 1880/1061/18 1900/1064/18 1882/1063/18
s 0
f 1876/1057/18 1901/1071/18 1877/1058/18
f 1901/1071/18 1902/1072/18 1877/1058/18
s 1
f 1903/1073/18 1904/1074/18 1902/1072/18
f 1905/1075/18 1906/1074/18 1907/1073/18
f 1908/1075/18 1909/1073/18 1910/1076/18
f 1911/1077/18 1912/1066/18 1913/1067/18
f 1914/1074/18 1915/1075/18 1916/1078/18
f 1917/1074/18 1918/1078/18 1919/1079/18
s 0
f 1920/1080/18 1921/1079/18 1922/1078/18
s 1
f 1901/1071/18 1923/1073/18 1902/1072/18
f 1924/1081/18 1925/1082/18 1873/1054/18
f 1926/1083/18 1873/1054/18 1877/1058/18
f 1927/1084/18 1873/1054/18 1926/1083/18
f 1928/1085/18 1929/1086/18 1924/1081/18
f 1930/1087/18 1931/1086/18 1932/1085/18
f 1933/1087/18 1934/1085/18 1935/1088/18
f 1936/1089/18 1937/1075/18 1938/1076/18
f 1939/1086/18 1940/1090/18 1941/1091/18
f 1942/1087/18 1943/1090/18 1944/1086/18
s 0
f 1945/1092/18 1946/1091/18 1947/1090/18
s 1
f 1927/1084/18 1924/1081/18 1873/1054/18
f 1948/1087/18 1949/1088/18 1950/1093/18
f 1925/1082/18 1874/1055/18 1873/1054/18
f 1951/1085/18 1924/1081/18 1927/1084/18
f 1952/1094/10 1953/1095/10 1954/1096/10
f 1955/1097/10 1956/1098/10 1957/1099/10
s 0
f 1955/1097/10 1954/1096/10 1958/1100/10
s 1
f 1959/1099/10 1956/1098/10 1960/1101/10
f 1961/1102/10 1962/1099/10 1963/1101/10
f 1958/1100/10 1954/1096/10 1953/1095/10
f 1964/1099/83 1965/1102/83 1966/1103/83
f 1967/1101/10 1968/1104/10 1969/1102/10
f 1970/1101/84 1971/1105/84 1972/1104/84
s 0
f 1973/1106/10 1974/1104/10 1975/1105/10
s 1
f 1976/1107/10 1977/1108/10 1978/1109/10
f 1976/1107/10 1953/1095/10 1977/1108/10
s 0
f 1979/1110/10 1978/1109/10 1980/1111/10
s 1
f 1976/1107/10 1958/1100/10 1953/1095/10
f 1981/1112/10 1980/1111/10 1982/1113/10
f 1983/1114/10 1984/1112/10 1985/1113/10
f 1986/1114/10 1987/1115/10 1988/1112/10
f 1989/1116/10 1990/1103/10 1991/1102/10
s 0
f 1958/1100/10 1956/1098/10 1955/1097/10
s 1
f 1992/1113/10 1993/1117/10 1994/1114/10
f 1995/1113/84 1996/1118/84 1997/1117/84
s 0
f 1998/1119/10 1999/1117/10 2000/1118/10
s 1
f 2001/1120/10 1977/1108/10 2002/1121/10
f 2001/1120/10 1978/1109/10 1977/1108/10
f 2002/1121/10 1977/1108/10 2003/1122/10
f 2004/1123/10 2002/1121/10 2003/1122/10
f 2005/1124/10 2006/1123/10 2003/1122/10
s 0
f 1978/1109/10 1979/1110/10 1976/1107/10
s 1
f 2007/1124/10 2008/1125/10 2009/1123/10
f 2010/1126/10 2011/1115/10 2012/1114/10
f 1979/1110/10 1980/1111/10 2013/1112/10
f 2014/1124/84 2015/1127/84 2016/1128/84
f 2017/1125/10 2018/1124/10 2019/1128/10
s 0
f 2020/1129/10 2021/1128/10 2022/1127/10
s 1
f 2023/1125/10 2024/1130/10 2025/1131/10
f 2026/1132/10 1977/1108/10 2027/1133/10
f 2026/1132/10 2028/1134/10 1977/1108/10
f 2029/1123/83 2030/1125/83 2031/1131/83
f 1977/1108/10 2028/1134/10 2003/1122/10
f 2032/1135/1 2033/1136/1 2034/1137/1
f 2035/1137/1 2036/1138/1 2037/1139/1
f 2038/1140/1 2039/1141/1 2040/1137/1
f 2039/1141/1 2041/1138/1 2042/1137/1
f 2033/1136/51 2038/1140/1 2043/1137/1
f 2044/1142/1 2045/1143/1 2046/1144/1
f 2047/1144/1 2048/1143/1 2049/1145/1
f 2050/1146/1 2051/1147/1 2052/1148/1
f 2053/1148/1 2054/1147/1 2055/1149/1
f 2056/1150/1 2057/1151/1 2058/1152/1
f 2059/1152/1 2060/1151/1 2061/1153/1
f 2062/1154/57 2063/1155/57 2064/1156/57
f 2065/1155/57 2066/1157/57 2067/1156/57
f 2068/1158/58 2069/1159/58 2070/1156/57
f 2069/1159/58 2062/1154/57 2071/1156/57
f 2072/1160/57 2068/1158/57 2073/1156/57
f 2074/1161/85 2075/1162/86 753/584/1
f 2074/1163/85 1875/1056/18 2076/1164/87
f 2077/1165/88 753/584/1 2078/1166/89
f 2078/1166/89 753/584/1 725/561/1
f 2077/1167/88 2074/1163/85 753/1168/1
f 2074/1161/85 2079/1169/90 2075/1162/86
f 2076/1164/87 2079/1170/90 2074/1163/85
f 1875/1056/18 1873/1054/18 2076/1164/87
f 2080/1171/91 2081/1172/92 2068/1158/58
f 2080/1173/91 822/652/51 2081/1174/92
f 2082/1175/91 2083/1176/93 754/585/51
f 2082/1177/91 2062/1154/57 2083/1178/93
f 2084/1179/91 2069/1159/58 2081/1172/92
f 2084/1180/91 718/554/49 2085/1181/91
f 2085/1182/91 2069/1159/58 2084/1179/91
f 2085/1182/91 2083/1178/93 2069/1159/58
f 2086/1183/92 2068/1158/58 2087/1160/58
f 2086/1184/92 822/652/51 2080/1173/91
f 2088/1185/92 2062/1154/57 2082/1177/91
f 2088/1185/92 2089/1186/94 2090/1155/59
f 2086/1183/92 2091/1160/57 2092/1187/95
f 2081/1174/92 718/554/49 2084/1180/91
f 754/585/51 2083/1176/93 718/554/49
f 2088/1188/92 2082/1175/91 754/585/51
f 2083/1176/93 2085/1181/91 718/554/49
f 2062/1154/57 2088/1185/92 2093/1155/57
f 2069/1159/58 2083/1178/93 2062/1154/57
f 822/652/51 718/554/49 2081/1174/92
f 2094/1189/96 2088/1188/92 727/563/1
f 2094/1189/96 2095/1190/97 2088/1188/92
f 2088/1188/92 754/585/51 727/563/1
f 2086/1184/92 2096/1166/96 725/561/1
f 2097/1165/98 2098/1166/99 2086/1184/92
f 2068/1158/58 2086/1183/92 2080/1171/91
f 2069/1159/58 2068/1158/58 2081/1172/92
f 2099/1191/97 2086/1183/100 2100/1187/94
f 2086/1184/92 725/561/1 822/652/51
f 2089/1186/94 2088/1185/92 2095/1192/97
f 2101/1189/101 733/568/102 2102/1190/103
f 2103/1189/104 727/563/1 733/568/1
f 2104/1193/103 733/1194/80 2105/1195/105
f 2106/1196/106 733/568/1 2107/1197/107
f 2108/1198/105 1977/1108/10 1953/1095/10
f 2109/1195/108 2108/1198/105 1953/1095/10
f 2110/1195/105 2111/1199/109 2108/1198/105
f 2111/1200/110 2112/1196/105 2107/1197/111
f 2033/1136/51 2113/1201/112 2114/1202/113
f 2113/1203/112 976/776/58 2114/1204/113
f 2113/1201/114 2115/1135/51 2116/1205/115
f 2039/1141/1 2038/1140/1 2117/1206/116
f 2118/1207/112 979/779/58 981/781/58
f 2118/1207/112 2117/1208/116 979/779/58
f 2119/1209/112 2114/1204/113 978/778/58
f 2119/1210/112 2038/1140/1 2114/1202/113
f 2117/1208/116 978/778/58 979/779/58
f 2117/1206/116 2038/1140/1 2119/1210/112
f 2119/1209/112 978/778/58 2117/1208/116
f 2114/1204/113 976/776/58 978/778/58
f 2118/1211/112 2120/1138/1 2039/1141/1
f 2121/1212/117 2118/1207/112 981/781/58
f 2118/1211/114 2122/1213/115 2123/1138/51
f 2118/1211/112 2121/1214/117 2124/1213/118
f 2039/1141/1 2117/1206/116 2118/1211/112
f 976/776/58 2113/1203/112 993/788/57
f 2033/1136/51 2114/1202/113 2038/1140/1
f 2125/1205/118 2126/1215/117 2113/1201/112
f 2126/1216/117 993/788/57 2113/1203/112
f 2127/1135/1 2113/1201/112 2033/1136/51
f 219/138/30 220/139/31 2128/1217/119
f 2129/1217/120 220/139/30 2130/1218/120
f 2131/1219/120 2132/1137/1 2133/1139/1
f 2134/1219/121 2135/1139/1 2136/1220/120
f 2137/1217/122 215/138/35 216/139/35
f 2138/1142/1 2139/1221/123 2140/1143/1
f 2141/1221/124 2142/1142/1 2143/1222/122
f 216/139/32 2144/1218/122 2145/1217/122
f 211/138/30 212/139/31 2146/1217/120
f 2147/1217/120 212/139/30 2148/1218/120
f 2149/1223/120 2150/1144/1 2151/1145/1
f 2152/1223/121 2153/1145/1 2154/1224/120
f 2155/1217/122 207/138/35 208/139/35
f 2156/1146/1 2157/1225/122 2158/1147/1
f 2159/1225/124 2160/1146/1 2161/1226/122
f 208/139/35 2162/1218/122 2163/1217/122
f 203/138/30 204/139/30 2164/1217/119
f 2165/1217/120 204/139/30 2166/1218/120
f 2167/1227/120 2168/1148/1 2169/1149/1
f 2170/1227/121 2171/1149/1 2172/1228/120
f 2173/1217/122 199/138/35 200/139/35
f 2174/1153/1 2175/1229/122 2176/1152/1
f 2177/1229/124 2178/1153/1 2179/1230/122
f 200/139/35 2180/1218/122 2181/1217/122
f 2182/140/38 174/137/34 2183/141/38
f 2182/1231/38 2183/1232/38 2184/1233/1
f 2183/1232/38 2185/1234/1 2184/1233/1
f 174/137/34 173/136/30 2183/141/38
f 2186/1235/1 2187/1236/1 2185/1234/1
f 2185/1234/1 2187/1236/1 2184/1233/1
f 2188/1237/39 2187/1236/1 2189/1238/39
f 2188/1237/39 2189/1238/39 177/1239/35
f 2189/1238/39 2187/1236/1 2186/1235/1
f 177/1239/35 2189/1238/39 178/1240/36
f 2190/1241/18 2191/1242/18 2192/1243/18
f 2190/1241/18 2193/1244/28 2194/1245/18
f 2195/1246/18 2196/1247/18 2197/1248/18
f 2195/1246/18 2190/1241/18 2198/1249/18
f 2199/1247/18 2200/1250/18 2197/1248/18
f 2201/1251/18 2202/1250/18 2203/1247/18
f 2190/1241/18 2194/1245/18 2198/1249/18
f 2204/1247/28 2205/1252/28 2206/1251/28
f 2207/1250/18 2208/1253/18 2209/1254/18
s 0
f 2210/1255/18 2211/1254/18 2212/1253/18
s 1
f 2190/1241/18 2195/1246/18 2197/1248/18
s 0
f 2191/1242/18 2213/1256/18 2192/1243/18
s 1
f 2191/1242/18 2190/1241/18 2214/1257/18
s 0
f 2213/1256/18 2215/1258/18 2192/1243/18
s 1
f 2216/1259/18 2217/1260/18 2215/1258/18
f 2218/1261/18 2219/1260/18 2220/1259/18
f 2221/1261/18 2222/1259/18 2223/1262/18
f 2224/1263/18 2225/1251/18 2226/1252/18
f 2227/1250/18 2228/1251/18 2229/1253/18
f 2190/1241/18 2197/1248/18 2214/1257/18
f 2230/1260/18 2231/1261/18 2232/1264/18
f 2233/1260/18 2234/1264/18 2235/1265/18
s 0
f 2236/1266/18 2237/1265/18 2238/1264/18
s 1
f 2213/1256/18 2239/1259/18 2215/1258/18
f 2240/1267/18 2241/1268/18 2242/1269/18
f 2240/1267/18 2242/1269/18 2192/1243/18
s 0
f 2243/1270/18 2241/1268/18 2240/1267/18
s 1
f 2244/1271/18 2245/1272/18 2246/1273/18
f 2247/1274/18 2248/1272/18 2249/1271/18
f 2250/1274/18 2251/1271/18 2252/1275/18
f 2253/1276/18 2254/1261/18 2255/1262/18
f 2242/1269/18 2190/1241/18 2192/1243/18
f 2256/1272/18 2257/1277/18 2258/1278/18
f 2259/1274/18 2260/1277/18 2261/1272/18
s 0
f 2262/1279/18 2263/1278/18 2264/1277/18
f 2243/1270/18 2246/1273/18 2241/1268/18
s 1
f 2265/1271/18 2246/1273/18 2243/1270/18
f 2266/1274/18 2267/1275/18 2268/1280/18
f 2242/1269/18 2241/1268/18 2269/1281/18
f 2270/1282/10 2271/1283/10 2272/1284/10
f 2270/1282/10 2273/1285/10 2271/1283/10
f 2274/1286/10 2275/1287/10 2276/1288/10
f 2271/1283/10 2277/1289/10 2272/1284/10
f 2278/1288/10 2279/1290/10 2280/1286/10
f 2281/1287/84 2282/1291/84 2283/1292/84
s 0
f 2284/1293/10 2285/1292/10 2286/1291/10
s 1
f 2287/1294/10 2271/1283/10 2288/1295/10
s 0
f 2288/1295/10 2289/1296/10 2290/1297/10
s 1
f 2288/1295/10 2271/1283/10 2289/1296/10
s 0
f 2290/1297/10 2289/1296/10 2291/1298/10
s 1
f 2292/1299/10 2291/1298/10 2293/1300/10
f 2294/1301/10 2295/1299/10 2296/1300/10
f 2287/1294/10 2277/1289/10 2271/1283/10
f 2297/1288/10 2298/1287/10 2299/1292/10
f 2300/1286/10 2272/1284/10 2277/1289/10
f 2301/1286/10 2277/1289/10 2302/1287/10
f 2303/1301/10 2304/1302/10 2305/1299/10
f 2306/1301/10 2307/1300/10 2308/1303/10
s 0
f 2309/1304/10 2310/1303/10 2311/1305/10
s 1
f 2289/1296/10 2271/1283/10 2312/1306/10
f 2313/1307/10 2312/1306/10 2314/1308/10
f 2313/1307/10 2289/1296/10 2312/1306/10
s 0
f 2315/1309/10 2313/1307/10 2314/1308/10
s 1
f 2316/1310/10 2317/1311/10 2318/1312/10
f 2319/1313/10 2320/1310/10 2321/1312/10
f 2322/1313/10 2323/1314/10 2324/1310/10
f 2325/1303/10 2326/1300/10 2327/1305/10
f 2290/1297/10 2291/1298/10 2328/1299/10
f 2329/1301/10 2330/1315/10 2331/1302/10
f 2332/1313/10 2333/1312/10 2334/1316/10
f 2335/1317/10 2336/1316/10 2337/1312/10
s 0
f 2338/1317/10 2339/1318/10 2340/1316/10
f 2315/1309/10 2314/1308/10 2317/1311/10
s 1
f 2341/1319/10 2314/1308/10 2312/1306/10
f 2271/1283/10 2273/1285/10 2342/1320/10
f 2343/1290/10 2344/1288/10 2345/1321/10
f 2315/1309/10 2317/1311/10 2346/1310/10
f 2347/1313/10 2348/1322/10 2349/1314/10
f 2350/1323/1 2351/1324/1 2352/1325/1
f 2353/1325/1 2354/1326/1 2355/1327/1
f 2356/1328/1 2357/1329/80 2358/1325/1
f 2351/1324/1 2356/1328/1 2359/1325/1
f 2357/1329/1 2360/1326/1 2361/1325/1
f 2362/1330/1 2363/1331/1 2364/1332/1
f 2365/1332/1 2366/1331/1 2367/1333/1
f 2368/1154/63 2369/1155/63 2370/1156/63
f 2371/1155/63 2372/1157/63 2373/1156/63
f 2374/1158/63 2375/1159/125 2376/1156/63
f 2377/1160/63 2374/1158/63 2378/1156/63
f 2375/1159/125 2368/1154/63 2379/1156/63
f 2380/1334/1 2381/1335/1 2382/1336/1
f 2383/1336/1 2384/1335/1 2385/1337/1
f 2386/1338/1 2387/1339/1 2388/1340/1
f 2389/1340/1 2390/1339/1 2391/1341/1
f 2392/1342/89 750/582/1 2393/1343/88
f 2392/1342/89 743/576/1 750/582/1
f 2393/1344/88 750/1345/1 2394/1346/85
f 2394/1347/85 750/582/1 2395/1348/86
f 2396/1349/126 2190/1241/18 2242/1269/18
f 2394/1346/85 2396/1349/126 2242/1269/18
f 2394/1346/85 2397/1350/127 2396/1349/126
f 2397/1351/127 2394/1347/85 2395/1348/86
f 2398/1171/128 2399/1172/129 2374/1158/63
f 2398/1352/128 738/572/1 2399/1353/129
f 2400/1354/128 2401/1355/129 812/642/1
f 2400/1177/128 2368/1154/63 2401/1178/129
f 2402/1182/130 2375/1159/125 2403/1179/128
f 2402/1182/130 2401/1178/129 2375/1159/125
f 2403/1179/128 2375/1159/125 2399/1172/129
f 2403/1356/128 737/571/50 2402/1357/130
f 2404/1185/129 2368/1154/63 2400/1177/128
f 2404/1185/129 2405/1186/131 2406/1155/63
f 2407/1183/129 2374/1158/63 2408/1160/63
f 2407/1358/129 738/572/1 2398/1352/128
f 812/642/1 2401/1355/129 737/571/50
f 2404/1359/129 2400/1354/128 812/642/1
f 2401/1355/129 2402/1357/130 737/571/50
f 2368/1154/63 2404/1185/129 2409/1155/63
f 2407/1183/129 2410/1160/63 2411/1187/131
f 2399/1353/129 737/571/50 2403/1356/128
f 2375/1159/125 2401/1178/129 2368/1154/63
f 738/572/1 737/571/50 2399/1353/129
f 2412/1360/132 2413/1361/133 2407/1358/129
f 2414/1343/134 2404/1359/129 2415/1342/135
f 2398/1171/128 2374/1158/63 2407/1183/129
f 2374/1158/63 2399/1172/129 2375/1159/125
f 2416/1186/136 2404/1185/137 2417/1192/132
f 2407/1358/129 722/558/1 738/572/1
f 812/642/1 743/576/1 2404/1359/129
f 722/558/1 2407/1358/129 2413/1361/133
f 2404/1359/129 743/576/1 2418/1342/133
f 2407/1183/129 2411/1187/131 2412/1191/132
f 2419/1362/106 2420/1363/138 736/570/1
f 2421/1364/108 2312/1306/10 2422/1365/139
f 2423/1360/103 736/570/1 2424/1361/101
f 2425/1361/104 736/570/1 722/558/1
f 2426/1366/103 2427/1364/105 736/1367/80
f 2428/1362/105 2429/1368/140 2420/1363/141
f 2422/1365/105 2429/1369/142 2430/1364/105
f 2312/1306/10 2271/1283/10 2422/1365/139
f 2357/1329/80 2356/1328/1 2431/1370/143
f 2432/1207/144 1042/779/63 1058/781/63
f 2432/1207/144 2431/1208/143 1042/779/63
f 2351/1324/1 2433/1371/144 2434/1372/145
f 2433/1203/144 1045/776/63 2434/1204/145
f 2433/1371/146 2435/1323/80 2436/1373/147
f 2437/1374/144 2431/1370/143 2356/1328/1
f 2437/1375/144 1043/778/64 2431/1208/143
f 2431/1208/143 1043/778/64 1042/779/63
f 2437/1374/144 2356/1328/1 2434/1372/145
f 2434/1204/145 1043/778/64 2437/1375/144
f 2434/1204/145 1045/776/63 1043/778/64
f 2432/1376/144 2438/1326/1 2357/1329/80
f 2439/1212/148 2432/1207/144 1058/781/63
f 2432/1376/149 2440/1377/147 2441/1326/80
f 2432/1376/144 2439/1378/148 2442/1377/150
f 2357/1329/80 2431/1370/143 2432/1376/144
f 1045/776/63 2433/1203/144 1046/788/63
f 2351/1324/1 2434/1372/145 2356/1328/1
f 2443/1373/150 2444/1379/148 2433/1371/144
f 2444/1216/148 1046/788/63 2433/1203/144
f 2445/1323/1 2433/1371/144 2351/1324/1
f 159/138/31 160/139/31 2446/1217/119
f 2447/1217/120 160/139/31 2448/1218/120
f 2449/1380/120 2450/1336/1 2451/1337/1
f 2452/1380/121 2453/1337/1 2454/1381/120
f 2455/1217/122 163/138/32 164/139/32
f 2456/1338/1 2457/1382/122 2458/1339/1
f 2459/1382/124 2460/1338/1 2461/1383/122
f 164/139/32 2462/1218/122 2463/1217/122
f 167/138/31 168/139/31 2464/1217/120
f 2465/1217/120 168/139/31 2466/1218/120
f 2467/1384/120 2468/1340/1 2469/1341/1
f 2470/1384/121 2471/1341/1 2472/1385/120
f 2473/1217/122 171/138/32 172/139/35
f 2474/1330/1 2475/1386/122 2476/1331/1
f 2477/1386/124 2478/1330/1 2479/1387/122
f 172/139/32 2480/1218/122 2481/1217/122
f 175/138/31 176/139/31 2482/1217/120
f 2483/1217/120 176/139/30 2484/1218/120
f 2485/1388/151 2486/1332/1 2487/1333/1
f 2488/1388/121 2489/1333/1 2490/1389/120
f 2491/1217/122 179/138/32 180/139/35
f 2492/1327/1 2493/1390/122 2494/1325/1
f 2495/1390/124 2496/1327/1 2497/1391/122
f 180/139/32 2498/1218/122 2499/1217/122
f 2500/1392/152 2501/1393/152 2502/1394/153
f 2503/1394/154 2504/1395/154 2505/1396/155
f 2506/1396/155 2504/1395/154 2507/1397/156
f 2508/1398/157 2507/1397/156 2509/1399/158
f 2510/1400/159 2511/1401/157 2509/1402/157
f 2512/1403/160 2513/1400/161 2514/1404/162
f 2515/1405/163 2516/1403/160 2514/1404/164
f 2517/1392/152 2518/789/57 2501/1393/152
f 2519/1406/165 717/553/18 2520/551/18
f 2521/1407/166 2519/1406/166 2522/551/18
f 2523/1407/167 2515/1405/163 2519/1406/165
f 2524/1407/168 2525/1403/169 2515/1405/169
f 2526/1400/170 2509/1402/158 2514/1404/164
f 2527/1396/171 2507/1397/171 2528/1398/157
f 2501/1393/172 2529/789/56 975/775/57
f 2530/1394/153 2501/1393/172 2504/1395/154
f 2531/1408/173 2532/1409/173 2533/1410/174
f 2534/1410/175 2535/1411/175 2536/1412/176
f 2537/1412/176 2535/1411/175 2538/1413/177
f 2539/1414/178 2538/1413/177 2540/1415/178
f 2541/1416/179 2542/1417/178 2540/1418/178
f 2543/1419/180 2544/1416/181 2545/1420/181
f 2546/1421/182 2547/1419/180 2545/1420/183
f 2548/783/63 2549/1422/184 1040/784/63
f 2550/783/63 2551/1423/185 2549/1422/185
f 2549/1422/184 2552/1423/184 2546/1421/182
f 2546/1421/180 2553/1423/184 2554/1419/180
f 2545/1420/183 2555/1416/179 2540/1418/178
f 2532/1409/186 2556/550/18 715/552/18
f 2532/1409/187 2557/1408/187 2558/550/18
f 2535/1411/175 2559/1410/174 2532/1409/186
f 2538/1413/188 2560/1414/178 2561/1412/188
f 2562/1392/189 2563/789/63 2564/1393/189
f 2565/1394/190 2566/1392/191 2564/1393/191
f 2567/1396/192 2568/1394/190 2569/1395/190
f 2570/1397/193 2571/1396/192 2569/1395/194
f 2572/1399/195 2573/1398/195 2570/1397/193
f 2572/1424/195 2574/1412/196 2575/1414/195
f 2576/1425/197 2577/1410/198 2578/1412/199
f 838/665/10 2579/550/10 2580/1426/200
f 2580/1426/200 2581/550/21 2582/1408/200
f 2583/1427/201 2580/1426/200 2584/1408/202
f 2585/1410/203 2583/1427/203 2586/1408/202
f 2587/1410/198 2576/1425/204 2583/1427/201
f 2588/1412/196 2572/1424/195 2576/1425/204
f 2589/1396/205 2570/1397/205 2590/1398/195
f 2564/1393/206 2591/789/63 1050/775/63
f 2592/1394/190 2564/1393/206 2569/1395/194
f 2593/1428/207 2594/1429/207 2595/1430/208
f 2596/1431/208 2595/1430/208 2597/1432/209
f 2598/1433/210 2599/1431/208 2597/1432/210
f 2600/1434/211 2601/1433/212 2602/1435/211
f 2603/1436/213 2604/1437/211 2605/1438/213
f 2606/1439/214 2607/1436/215 2605/1438/216
f 2608/1440/217 2609/1441/214 2606/1439/214
f 2610/1428/218 2611/813/57 2594/1429/218
f 2612/1441/214 2608/1440/219 2613/1442/219
f 2614/1442/220 2608/1440/217 580/448/10
f 2615/1436/215 2606/1439/221 2616/1441/221
f 2602/1443/211 2605/1438/216 2617/1437/222
f 2597/1432/209 2602/1435/211 2618/1433/212
f 2595/1430/223 2619/1431/223 2620/1428/207
f 2621/446/84 2622/1442/220 580/448/84
f 1189/811/57 2594/1429/207 2623/813/59
f 2624/1444/200 2625/1445/200 2626/1446/203
f 2627/1446/203 2625/1445/200 2628/1447/198
f 2629/1448/197 2628/1447/198 2630/1449/199
f 2631/1450/195 2632/1448/196 2630/1449/196
f 2633/1451/205 2634/1452/195 2635/1453/195
f 2636/1454/193 2637/1451/205 2635/1453/195
f 2636/1454/192 2638/1455/190 2639/1451/192
f 2640/809/63 2641/1456/191 1095/810/63
f 2642/809/63 2643/1457/189 2641/1456/189
f 2644/1455/190 2636/1454/193 2645/1458/190
f 2646/1457/224 2647/1455/190 2645/1458/190
f 2625/1445/200 2648/1444/202 578/447/10
f 2641/1456/191 2649/1457/191 2645/1458/190
f 578/447/10 2650/1444/200 2651/445/10
f 2628/1447/198 2652/1448/197 2653/1446/198
f 2630/1449/199 2635/1459/195 2654/1450/195
f 2655/1428/185 2656/813/63 2657/1429/185
f 2658/1430/180 2659/1428/184 2657/1429/184
f 2660/1432/225 2661/1431/180 2658/1430/180
f 2660/1432/181 2662/1433/181 2663/1431/180
f 2664/1435/178 2665/1434/178 2666/1433/179
f 2667/1460/188 2668/1461/188 2669/1462/178
f 2667/1460/176 2670/1463/175 2671/1461/226
f 653/519/18 651/517/18 2672/1464/187
f 2673/1464/187 2674/1465/173 653/519/18
f 2675/1464/173 2676/1466/174 2674/1465/173
f 2674/1465/173 2677/1466/174 2670/1463/175
f 2670/1463/175 2678/1466/175 2679/1461/226
f 2667/1460/176 2680/1462/178 2664/1467/178
f 2664/1435/178 2681/1433/179 2660/1432/225
f 1055/811/63 2657/1429/184 2682/813/63
f 2683/1431/180 2684/1428/184 2658/1430/180
f 2685/1468/168 2686/1469/168 2687/1470/169
f 2688/1470/169 2686/1469/168 2689/1471/160
f 2690/1472/162 2689/1471/160 2691/1473/161
f 2692/1474/157 2693/1472/159 2691/1473/159
f 2694/1451/171 2695/1452/157 2696/1453/157
f 2697/1454/171 2698/1451/171 2696/1453/157
f 2697/1454/155 2699/1455/154 2700/1451/155
f 2701/1456/152 2702/1457/227 2703/1458/154
f 2704/1468/166 650/516/18 652/518/18
f 1183/810/57 2705/809/56 2701/1456/152
f 2701/1456/152 2706/809/57 2707/1457/152
f 2708/1474/228 2691/1473/161 2696/1475/157
f 2697/1454/171 2703/1458/154 2709/1455/154
f 2710/1470/160 2689/1471/160 2711/1472/162
f 2712/1455/153 2703/1458/153 2713/1457/152
f 2714/1468/166 652/518/18 2686/1469/168
f 2715/1476/178 2716/1477/178 2717/1478/229
f 2718/1479/229 2717/1478/229 2719/1480/230
f 2720/1481/230 2721/1479/229 2719/1480/230
f 2722/1434/178 2723/829/74 2716/1435/178
f 2719/1480/230 645/513/18 2724/1481/230
f 2725/1481/230 645/513/23 2726/515/23
f 2717/1478/231 2727/1479/231 2728/1476/178
f 2716/1435/178 2729/829/74 1162/828/73
f 2730/1482/232 2731/1483/232 2732/1484/233
f 2733/1484/233 2731/1483/234 2734/1485/233
f 2735/1486/195 2734/1485/233 2736/1487/195
f 2731/1483/234 2737/1482/232 573/443/10
f 573/443/21 2738/1482/234 2739/442/21
f 2740/824/76 2736/1453/195 1173/821/76
f 2734/1485/233 2741/1486/195 2742/1484/233
f 2736/1453/195 2743/824/76 2744/1452/195
f 2745/1488/211 2746/1489/211 2747/1490/235
f 2748/1491/235 2747/1490/235 2749/1492/236
f 2750/1493/236 2751/1491/235 2749/1492/236
f 2752/1434/211 2753/829/71 2746/1435/211
f 52/52/10 2754/54/10 2755/1493/236
f 2756/1493/236 2749/1492/236 52/52/10
f 2746/1435/211 2757/829/71 1145/828/71
f 2758/1491/235 2759/1488/211 2747/1490/235
f 2760/1494/237 2761/1495/237 2762/1496/238
f 2763/1496/238 2761/1495/237 2764/1497/238
f 2765/1498/157 2764/1497/238 2766/1499/157
f 2767/1494/239 2768/80/18 93/82/18
f 2769/1496/238 2764/1497/238 2770/1498/157
f 2771/824/240 2772/1452/157 2766/1453/157
f 2773/1494/237 93/82/18 2761/1495/237
f 2774/824/70 2766/1453/157 1132/821/70
f 2775/1428/185 2776/813/63 2777/1429/185
f 2778/1430/180 2779/1428/184 2777/1429/184
f 2780/1432/225 2781/1431/180 2778/1430/180
f 2780/1432/181 2782/1433/181 2783/1431/180
f 2784/1435/178 2785/1434/178 2786/1433/179
f 2787/1500/188 2788/1501/188 2789/1502/178
f 2787/1500/176 2790/1503/175 2791/1501/226
f 936/753/18 934/751/18 2792/1504/187
f 2793/1504/187 2794/1505/173 936/753/18
f 2795/1504/173 2796/1506/174 2794/1505/173
f 2794/1505/173 2797/1506/174 2790/1503/175
f 2790/1503/175 2798/1506/175 2799/1501/226
f 2787/1500/176 2800/1502/178 2784/1507/178
f 2784/1435/178 2801/1433/179 2780/1432/225
f 1108/811/63 2777/1429/184 2802/813/63
f 2803/1431/180 2804/1428/184 2778/1430/180
f 2805/1508/168 2806/1509/168 2807/1510/169
f 2808/1510/169 2806/1509/168 2809/1511/160
f 2810/1512/162 2809/1511/160 2811/1513/161
f 2812/1514/157 2813/1512/159 2811/1513/159
f 2814/1451/171 2815/1452/157 2816/1453/157
f 2817/1454/241 2818/1451/171 2816/1453/157
f 2817/1454/155 2819/1455/154 2820/1451/155
f 2821/1456/152 2822/1457/227 2823/1458/154
f 2824/1508/166 933/750/18 935/752/18
f 1027/810/57 2825/809/56 2821/1456/152
f 2821/1456/152 2826/809/57 2827/1457/152
f 2828/1514/228 2811/1513/161 2816/1515/157
f 2817/1454/241 2823/1458/154 2829/1455/154
f 2830/1510/160 2809/1511/160 2831/1512/162
f 2832/1455/153 2823/1458/153 2833/1457/152
f 2834/1508/166 935/752/18 2806/1509/168
f 2835/1428/207 2836/1429/207 2837/1430/208
f 2838/1431/208 2837/1430/208 2839/1432/209
f 2840/1433/210 2841/1431/208 2839/1432/210
f 2842/1434/211 2843/1433/212 2844/1435/211
f 2845/1516/213 2846/1517/211 2847/1518/213
f 2848/1519/221 2849/1516/215 2847/1518/216
f 2850/1520/217 2851/1521/214 2848/1519/221
f 2852/1428/218 2853/813/57 2836/1429/218
f 2854/1521/214 2850/1520/217 2855/1522/217
f 2856/1522/220 2850/1520/217 888/699/10
f 2857/1516/215 2848/1519/221 2858/1521/221
f 2844/1523/211 2847/1518/216 2859/1517/222
f 2839/1432/209 2844/1435/211 2860/1433/212
f 2837/1430/223 2861/1431/223 2862/1428/207
f 2863/697/84 2864/1522/220 888/699/84
f 1028/811/57 2836/1429/207 2865/813/59
f 2866/1524/200 2867/1525/200 2868/1526/203
f 2869/1526/203 2867/1525/200 2870/1527/198
f 2871/1528/197 2870/1527/198 2872/1529/199
f 2873/1530/195 2874/1528/196 2872/1529/196
f 2875/1451/205 2876/1452/195 2877/1453/195
f 2878/1454/193 2879/1451/205 2877/1453/195
f 2878/1454/192 2880/1455/190 2881/1451/192
f 2882/809/63 2883/1456/191 1120/810/63
f 2884/809/63 2885/1457/189 2883/1456/189
f 2886/1455/190 2878/1454/193 2887/1458/190
f 2888/1457/191 2889/1455/190 2887/1458/190
f 2867/1525/200 2890/1524/200 886/698/10
f 2883/1456/191 2891/1457/242 2887/1458/190
f 886/698/10 2892/1524/202 2893/696/10
f 2870/1527/198 2894/1528/197 2895/1526/198
f 2872/1529/199 2877/1531/195 2896/1530/195
f 2897/1407/220 2898/1532/220 2899/1403/214
f 2900/1403/221 2901/1533/221 2902/1400/215
f 2903/1400/215 2901/1533/243 2904/1534/216
f 2905/1401/222 2904/1534/216 2906/1535/211
f 2907/1416/212 2908/1417/211 2906/1418/211
f 2909/1419/208 2910/1416/210 2911/1420/210
f 2912/1421/208 2913/1419/208 2911/1420/244
f 2914/1407/217 2915/551/10 2898/1532/217
f 2916/1422/245 985/784/57 2917/783/59
f 2918/1423/218 2916/1422/218 2919/783/57
f 2920/1423/207 2912/1421/208 2916/1422/245
f 2921/1423/207 2922/1419/208 2912/1421/208
f 2923/1416/212 2906/1418/211 2911/1420/244
f 2924/1400/246 2904/1534/246 2925/1401/211
f 2898/1532/247 2926/551/84 836/664/10
f 2927/1403/214 2898/1532/247 2901/1533/243
f 1204/834/63 1170/818/76 1202/832/63
f 1170/818/76 1181/822/77 1202/832/63
f 1204/834/63 1178/823/76 1170/818/76
f 2928/1536/248 2929/1537/249 2930/1538/248
f 2931/1539/249 2932/1540/250 2933/1541/249
f 2934/1540/250 2935/1542/250 2936/1541/249
f 2937/1536/251 2938/1538/251 2939/1002/6
f 2940/1542/252 2941/817/57 2942/816/57
f 2943/1540/252 2944/817/57 2945/1542/252
f 2946/1538/251 2947/1006/6 2948/1002/6
f 2949/1537/249 2950/1543/249 2951/1538/248
f 2952/1544/253 2953/1545/253 2954/1008/6
f 2955/1546/254 2956/1545/255 2957/1544/255
f 2958/1540/256 2959/1541/257 2960/1539/257
f 2961/1542/256 2962/1541/257 2963/1540/256
f 2964/817/63 2965/816/63 2966/1542/258
f 2967/817/63 2968/1542/258 2969/1540/258
f 2970/1545/255 2971/1546/259 2972/1547/259
f 2973/1008/6 2974/1545/253 2975/1012/6
f 1155/834/72 1127/818/70 1153/832/56
f 1127/818/70 1133/822/70 1153/832/56
f 1155/834/72 1135/823/70 1127/818/70
f 1150/831/71 1156/835/57 1140/825/71
f 1140/825/71 1156/835/57 1154/833/59
f 1141/826/71 1140/825/71 1154/833/59
f 1169/831/73 1205/835/63 1157/825/73
f 1157/825/73 1205/835/63 1203/833/79
f 1158/826/73 1157/825/73 1203/833/79
f 2976/1548/260 1465/1549/4 1425/886/261
s 0
f 2977/1550/105 1425/886/10 1423/884/10
s 1
f 2976/1548/260 1425/886/261 2977/1550/105
s 0
f 2978/1551/101 1465/909/4 2976/1552/10
s 1
f 1465/909/1 2978/1551/101 1428/889/1
f 2979/1553/103 2980/1554/105 1425/886/261
s 0
f 2980/1554/10 1426/887/10 1425/886/10
s 1
f 1461/907/1 2981/1555/101 1465/909/1
s 0
f 2981/1555/10 2979/1556/103 1465/909/4
s 1
f 1425/886/261 1465/1549/4 2979/1553/103
s 0
f 1632/997/18 2982/1557/18 1630/995/18
f 1569/967/1 2983/1558/18 1542/953/1
f 2984/1559/86 1569/967/1 1539/952/10
s 1
f 2983/1558/86 1569/967/1 2985/1560/88
f 1569/967/1 2984/1559/86 2986/1561/88
f 1569/1562/1 1632/997/25 2985/1563/88
f 2982/1557/85 1632/997/25 2986/1564/88
s 0
f 1635/1000/18 2987/1565/85 1632/997/18
s 1
f 2987/1565/85 2985/1563/88 1632/997/25
f 2986/1564/88 1632/997/25 1569/1562/1
f 2988/1566/85 1634/999/18 1633/998/18
s 0
f 2989/1567/18 2988/1566/85 1633/998/18
f 2990/1568/18 2989/1569/88 721/557/4
s 1
f 723/559/1 2990/1568/86 721/557/1
f 1633/998/25 721/1570/2 2989/1567/88
f 2991/1571/86 732/567/1 721/557/1
s 0
f 2992/1572/18 2991/1571/86 721/557/4
s 1
f 1633/998/25 2992/1573/262 721/1570/2
f 1631/996/18 2993/1574/85 1633/998/18
s 0
f 2993/1574/18 2992/1573/88 1633/998/18
f 2994/1575/10 749/581/1 724/560/1
s 1
f 2995/1576/103 2994/1575/101 724/560/1
f 1424/885/10 2995/1577/103 724/1578/1
s 0
f 1424/885/10 2996/1579/10 2995/1577/103
s 1
f 724/1578/1 2997/1580/263 1424/885/10
f 1424/885/10 2998/1581/105 1422/883/10
s 0
f 1424/885/10 2997/1580/10 2998/1581/105
s 1
f 2999/1582/101 2997/1583/263 724/560/1
f 1424/885/10 1427/888/10 2996/1579/105
s 0
f 2999/1582/101 724/560/1 726/562/10
s 1
f 2271/1283/10 2342/1320/10 3000/1584/203
f 3000/1584/203 2342/1320/10 3001/1585/264
f 3002/1586/265 3000/1584/198 3003/1585/266
s 0
f 3004/1587/10 3002/1588/265 3005/1212/264
s 1
f 1058/781/63 3004/1587/190 3006/1212/264
f 1076/803/63 3004/1587/190 1058/781/63
s 0
f 3007/1589/267 3008/1590/132 3009/1591/268
f 3007/1592/267 3010/1593/136 3008/1594/132
f 3009/1591/268 3011/1595/269 2420/1363/270
f 3009/1591/268 3008/1590/132 3011/1595/269
s 1
f 2422/1365/139 3000/1584/198 3009/1596/271
s 0
f 2429/1369/103 2422/1365/139 3009/1596/268
f 2420/1363/270 3011/1595/135 736/570/1
f 2422/1365/105 2271/1283/10 3000/1584/198
f 2429/1368/103 3009/1591/268 2420/1363/272
s 1
f 3000/1584/198 3002/1586/265 3009/1596/271
s 0
f 3002/1588/10 3004/1587/273 3007/1592/274
f 3007/1592/274 3004/1587/190 1079/806/63
f 1079/806/63 1077/805/63 3010/1593/136
f 1080/804/63 3004/1587/190 1076/803/63
f 3004/1587/190 1080/804/18 1079/806/63
f 1073/802/63 3010/1593/136 1077/805/10
f 1079/806/63 3010/1593/136 3007/1592/267
s 1
f 3007/1597/275 3009/1596/271 3002/1586/265
f 723/559/1 736/570/1 3012/1598/135
f 3012/1598/135 736/570/1 3011/1595/135
f 3013/1599/132 3011/1595/135 3008/1590/132
f 3014/1600/131 3008/1594/132 3010/1593/136
f 3010/1593/136 1073/802/67 1075/807/63
f 3014/1600/131 3010/1593/136 1075/807/63
f 3011/1595/135 3013/1599/132 3012/1598/135
f 3008/1594/132 3014/1600/131 3013/1601/132
s 0
f 3014/1600/10 3015/1602/276 3013/1601/277
f 3013/1601/132 3015/1602/276 3016/1603/178
f 3012/1598/135 2990/1568/86 723/559/1
f 2990/1568/86 3012/1598/135 2989/1569/18
f 2989/1567/278 3012/1604/279 3013/1605/280
f 2988/1566/85 3017/1606/281 1634/999/18
f 3017/1606/281 2988/1566/18 2989/1567/262
f 3016/1607/178 3017/1608/281 2989/1569/88
s 1
f 3013/1599/282 3016/1607/178 2989/1569/88
s 0
f 3015/1602/18 3014/1600/136 1075/807/63
f 3018/1609/175 1635/1000/18 3017/1606/281
f 3016/1610/283 3018/1609/175 3017/1606/284
f 3015/1602/276 3019/1611/178 3016/1603/178
f 3020/1612/180 3015/1602/276 1075/807/63
f 3017/1606/281 1635/1000/18 1634/999/18
f 3019/1613/178 3018/1609/175 3016/1610/178
f 3020/1612/180 3019/1611/285 3015/1602/276
f 2987/1565/18 1635/1000/18 3018/1609/175
f 2985/1563/88 2987/1565/85 3018/1609/175
f 3019/1613/178 2985/1563/286 3018/1609/175
f 3021/1614/135 1542/953/10 2983/1558/86
f 2985/1560/88 3022/1615/132 3021/1614/135
s 1
f 2985/1563/88 3019/1613/178 3022/1616/282
s 0
f 3020/1612/180 1075/807/63 1072/801/63
s 1
f 3019/1611/178 1074/800/68 3022/1617/282
f 1074/800/68 3020/1612/180 1072/801/63
f 3023/1618/136 1074/800/68 1071/799/68
f 1074/800/68 3019/1611/178 3020/1612/180
s 0
f 3023/1618/136 1071/799/63 1041/808/63
f 2983/1558/86 2985/1560/88 3021/1614/135
s 1
f 3022/1617/282 1074/800/68 3023/1618/136
f 1547/955/1 1542/953/1 3024/1619/135
f 3024/1619/135 1542/953/1 3021/1614/135
f 3025/1620/132 3024/1619/135 3021/1614/135
f 3022/1615/282 3025/1620/132 3021/1614/135
f 3022/1617/282 3026/1621/131 3025/1622/132
f 3023/1618/136 1041/808/63 1040/784/63
f 3026/1621/131 3023/1618/136 1040/784/63
f 3026/1621/131 3022/1617/282 3023/1618/136
f 3027/1623/287 3028/1624/288 1608/980/80
f 3027/1625/287 3029/1626/289 2540/1415/178
f 3030/1627/290 3031/1628/88 3032/1629/86
f 3030/1630/290 3028/1631/288 2532/1409/186
f 3033/1632/291 3034/1633/292 1555/961/80
f 3033/1634/291 2549/1422/184 2546/1421/182
f 3028/1631/288 2535/1411/175 2532/1409/186
f 3028/1631/288 2538/1413/177 2535/1411/175
f 3034/1633/292 3029/1635/289 1585/971/80
f 3034/1636/292 2546/1421/182 2545/1420/183
f 3027/1625/287 2540/1415/178 2538/1413/177
f 3029/1637/289 2545/1420/183 2540/1418/178
f 3033/1632/291 3024/1619/135 3025/1620/132
f 1552/958/1 1547/955/1 3024/1619/135
f 3026/1621/131 3033/1634/291 3025/1622/132
f 3033/1632/291 1555/961/80 1552/958/1
f 1553/959/1 1585/971/80 3029/1635/289
f 3027/1623/287 1553/959/1 3029/1635/289
f 3027/1623/287 1554/960/2 1553/959/1
f 3027/1623/287 1608/980/80 1554/960/2
f 1557/962/1 1607/979/4 3032/1629/86
f 1607/979/4 3030/1627/290 3032/1629/86
f 715/552/18 3035/1638/85 2532/1409/186
f 3030/1630/290 3035/1638/85 3031/1639/88
f 1607/979/4 1608/980/80 3030/1627/290
f 2532/1409/186 3035/1638/85 3030/1630/290
f 3026/1621/131 1040/784/63 2549/1422/184
f 3030/1627/290 1608/980/80 3028/1624/288
f 3033/1634/291 3026/1621/131 2549/1422/184
f 3027/1625/287 2538/1413/177 3028/1631/288
f 2546/1421/182 3034/1636/292 3033/1634/291
f 3034/1633/292 1585/971/80 1555/961/80
f 2545/1420/183 3029/1637/289 3034/1636/292
f 1552/958/1 3024/1619/135 3033/1632/291
f 1530/943/1 1557/962/1 3036/1640/86
f 3036/1640/86 1557/962/1 3032/1629/86
f 3037/1641/88 3036/1640/86 3032/1629/86
f 3031/1628/88 3037/1641/88 3032/1629/86
f 717/553/18 3035/1638/85 715/552/18
f 717/553/18 3038/1642/293 3035/1638/85
f 3038/1642/293 3031/1639/88 3035/1638/85
f 3037/1643/88 3031/1639/88 3038/1642/293
f 3039/1644/294 3040/1645/97 3041/1646/99
f 3039/1647/294 3042/1648/295 2501/1393/172
f 3043/1649/296 3044/1650/297 1535/948/51
f 3043/1651/296 2514/1404/164 2509/1402/158
f 3044/1650/297 3042/1652/295 1536/949/5
f 3044/1653/297 2509/1399/158 2507/1397/156
f 3042/1648/295 2504/1395/154 2501/1393/172
f 3042/1648/295 2507/1397/156 2504/1395/154
f 3045/1654/298 2515/1405/163 2514/1404/164
f 3045/1654/298 2519/1406/165 2515/1405/163
f 1531/944/5 1530/943/1 3036/1640/86
f 3037/1641/88 1531/944/5 3036/1640/86
f 3037/1643/88 3038/1642/293 3045/1654/298
f 3045/1655/298 3043/1649/296 1532/945/4
f 1532/945/4 3043/1649/296 1533/946/81
f 3042/1652/295 1537/950/1 1536/949/5
f 1535/948/51 3044/1650/297 1536/949/5
f 1535/948/51 1533/946/81 3043/1649/296
s 0
f 1620/989/2 1538/951/1 3041/1646/10
s 1
f 1538/951/4 3039/1644/294 3041/1646/99
f 975/775/57 3046/1656/94 2501/1393/172
f 3039/1647/294 3046/1656/94 3040/1657/97
f 2519/1406/165 3038/1642/293 717/553/18
f 2501/1393/172 3046/1656/94 3039/1647/294
f 3045/1654/298 2514/1404/164 3043/1651/296
f 3039/1644/294 1538/951/4 1537/950/1
f 3045/1654/298 3038/1642/293 2519/1406/165
f 1537/950/1 3042/1652/295 3039/1644/294
f 3045/1655/298 1532/945/4 1531/944/5
f 2507/1397/156 3042/1648/295 3044/1653/297
f 3037/1641/88 3045/1655/298 1531/944/5
f 2509/1399/158 3044/1653/297 3043/1658/296
s 0
f 1539/952/60 1620/989/60 3047/1659/60
f 3047/1659/60 1620/989/60 3041/1646/60
s 1
f 3048/1660/299 3047/1659/99 3041/1646/99
f 3040/1645/97 3048/1660/299 3041/1646/99
f 974/774/56 3046/1656/94 975/775/57
f 974/774/56 3049/1661/94 3046/1656/94
f 3049/1661/94 3040/1657/97 3046/1656/94
f 3048/1662/299 3040/1657/97 3049/1661/94
s 0
f 1002/793/57 1001/792/300 3050/1663/154
s 1
f 1000/791/56 1002/793/57 3050/1663/154
f 3051/1664/301 1000/791/56 3050/1663/154
s 0
f 3049/1661/94 974/774/55 997/790/57
s 1
f 1000/791/56 3048/1662/299 3049/1661/94
f 1000/791/56 3051/1664/301 3048/1662/299
s 0
f 3052/1665/18 1630/995/18 2982/1557/18
f 3051/1666/302 2986/1564/303 3048/1667/299
f 2986/1564/303 3052/1665/18 2982/1557/85
f 3047/1659/60 2986/1561/60 2984/1559/60
f 2986/1564/303 3051/1666/157 3052/1665/160
f 3047/1659/10 2984/1559/18 1539/952/10
s 1
f 997/790/57 1000/791/56 3049/1661/94
s 0
f 3048/1660/299 2986/1561/303 3047/1659/99
f 3053/1668/160 3052/1665/160 3054/1669/301
f 3054/1670/157 3051/1664/304 3055/1671/154
f 3055/1671/154 3050/1663/154 1001/792/57
f 3055/1671/154 3051/1664/304 3050/1663/154
f 3053/1668/160 1630/995/18 3052/1665/160
f 3052/1665/160 3051/1666/157 3054/1669/301
f 1630/995/18 3053/1668/18 1631/996/18
f 3056/1672/60 2991/1571/60 2992/1572/60
f 3056/1672/60 732/567/60 2991/1571/60
f 3056/1673/305 2992/1573/88 3057/1674/97
f 3055/1671/154 1001/792/306 3058/1675/10
f 3054/1670/60 3055/1671/60 3058/1675/60
f 3053/1668/160 2993/1574/85 1631/996/18
f 2993/1574/85 3053/1668/160 2992/1573/18
f 2992/1572/88 3053/1676/160 3054/1677/157
f 3058/1675/307 3057/1678/299 3054/1670/157
f 3054/1677/157 3057/1679/299 2992/1572/88
f 733/568/60 732/567/60 3056/1672/60
f 3059/1680/60 733/568/60 3056/1672/60
s 1
f 3057/1679/97 3059/1680/99 3056/1672/308
f 3057/1679/97 3060/1681/97 3059/1680/99
f 3057/1678/97 3058/1675/307 3060/1682/97
f 3061/1683/94 1001/792/57 1003/794/58
f 3061/1683/94 3058/1675/307 1001/792/57
f 3061/1683/94 3060/1682/97 3058/1675/307
s 0
f 3062/1684/309 3063/1685/211 3064/1686/310
f 3062/1687/311 3065/1688/10 3063/1689/211
f 3064/1686/310 3066/1690/221 2108/1198/108
s 1
f 3064/1686/310 3063/1685/211 3066/1690/221
s 0
f 2107/1197/312 3059/1680/99 3064/1691/310
f 2111/1200/110 2107/1197/312 3064/1691/310
f 2108/1198/105 3066/1690/10 1977/1108/10
f 2107/1197/60 733/568/60 3059/1680/60
f 3064/1686/310 2108/1198/106 2111/1199/103
f 3062/1692/313 3064/1691/310 3060/1681/97
s 1
f 3061/1683/94 3062/1687/313 3060/1682/97
s 0
f 1007/797/57 1004/795/61 3065/1688/208
f 1008/798/10 1007/797/59 3065/1688/314
f 1005/796/58 3061/1683/94 1003/794/10
f 1008/798/57 3061/1683/94 1005/796/57
s 1
f 1008/798/315 3062/1687/313 3061/1683/94
s 0
f 1008/798/59 3065/1688/208 3062/1687/311
s 1
f 3064/1691/310 3059/1680/99 3060/1681/97
f 1004/795/57 993/788/57 3065/1688/208
f 3065/1688/208 993/788/57 3067/1216/316
s 0
f 3063/1689/10 3065/1688/208 3068/1216/316
s 1
f 3066/1690/221 3063/1685/211 3069/1693/317
s 0
f 2027/1133/10 1977/1108/10 3066/1690/221
s 1
f 3070/1693/316 2027/1133/10 3066/1690/221
f 1086/795/63 1046/788/63 3071/1688/180
f 3071/1688/180 1046/788/63 3072/1216/318
f 3073/1689/178 3071/1688/180 3074/1216/318
f 3075/1694/175 3076/1695/319 2193/1244/28
f 2190/1241/18 3075/1694/175 2193/1244/28
f 3077/1695/318 3075/1694/175 3073/1696/178
f 3078/1697/320 3073/1696/178 3079/1698/321
s 0
f 3078/1687/322 3071/1688/180 3073/1689/285
f 3079/1698/321 3075/1694/175 2396/1349/85
s 1
f 3079/1698/321 3073/1696/178 3075/1694/175
s 0
f 1087/797/79 3071/1688/180 1088/798/18
f 1088/798/63 3071/1688/180 3078/1687/322
f 1089/796/63 3080/1683/136 1085/794/63
f 1087/797/63 1086/795/63 3071/1688/180
f 1088/798/63 3080/1683/136 1089/796/10
f 1088/798/63 3078/1687/322 3080/1683/136
s 1
f 3078/1699/320 3079/1700/321 3081/1701/132
f 3081/1701/132 3079/1700/321 3082/1702/135
f 3079/1700/321 2395/1348/86 3082/1702/135
s 0
f 2396/1349/85 3075/1694/175 2190/1241/18
f 3079/1698/323 2396/1349/85 2397/1350/262
f 750/582/1 3082/1702/135 2395/1348/86
f 2397/1351/262 2395/1348/86 3079/1700/324
s 1
f 3081/1682/132 3080/1683/136 3078/1687/320
f 1090/792/63 1085/794/67 3080/1683/136
f 3083/1675/136 1090/792/63 3080/1683/136
f 3081/1682/132 3083/1675/136 3080/1683/136
f 3081/1682/132 3084/1678/325 3083/1675/136
f 750/582/1 749/581/1 3085/1703/135
f 3082/1702/135 750/582/1 3085/1703/135
f 3084/1704/325 3082/1702/135 3085/1703/135
f 3084/1704/325 3081/1701/132 3082/1702/135
s 0
f 3086/1671/60 3083/1675/60 3087/1670/60
f 3087/1670/195 3083/1675/136 3084/1678/132
f 3088/1705/326 2996/1579/105 1427/888/10
f 2996/1579/105 3088/1705/326 2995/1577/10
f 2995/1576/103 3088/1706/326 3087/1707/195
f 2994/1575/101 3085/1703/135 749/581/10
f 3085/1703/135 2994/1575/101 2995/1576/103
f 3084/1708/327 3085/1709/135 2995/1577/328
s 1
f 3087/1707/195 3084/1704/325 2995/1576/103
s 0
f 3083/1675/136 3086/1671/329 1090/792/63
f 3089/1663/190 1090/792/63 3086/1671/329
f 3090/1664/10 3089/1663/190 3086/1671/330
f 3090/1710/195 3087/1711/195 3091/1712/331
f 3088/1705/326 1427/888/10 1426/887/10
f 3091/1712/198 3088/1705/326 1426/887/10
f 3091/1712/198 3087/1711/195 3088/1705/326
f 3086/1671/10 3087/1670/195 3090/1664/265
s 1
f 1084/793/63 3089/1663/190 1082/791/69
s 0
f 1082/791/63 3089/1663/10 3090/1664/265
f 1083/790/63 3092/1661/136 1093/774/63
f 1090/792/63 3089/1663/190 1084/793/63
s 1
f 1082/791/69 3093/1662/325 3092/1661/136
s 0
f 2980/1554/105 3091/1712/198 1426/887/10
s 1
f 3092/1661/136 1083/790/67 1082/791/69
s 0
f 2980/1554/105 2979/1553/103 3091/1712/198
f 3091/1712/331 2979/1553/103 3090/1710/265
s 1
f 3090/1664/265 3093/1662/325 1082/791/69
s 0
f 3093/1713/132 2979/1556/109 3094/1714/135
s 1
f 2979/1553/103 3093/1715/325 3090/1710/265
s 0
f 2981/1555/101 1461/907/1 3094/1714/135
f 2981/1555/101 3094/1714/135 2979/1556/10
s 1
f 1050/775/63 1093/774/63 3095/1656/136
f 3095/1656/136 1093/774/63 3092/1661/136
f 3096/1657/132 3095/1656/136 3092/1661/136
f 3093/1662/325 3096/1657/132 3092/1661/136
f 3094/1714/135 1461/907/1 1458/906/1
f 3097/1716/135 3094/1714/135 1458/906/1
f 3097/1716/135 3093/1713/325 3094/1714/135
f 3096/1717/132 3093/1713/325 3097/1716/135
f 3098/1718/332 3099/1719/333 1456/904/1
f 3098/1720/332 2580/1426/200 2583/1427/201
f 3100/1721/334 3101/1722/335 1517/933/1
f 3100/1723/334 2570/1397/193 2569/1395/194
f 3101/1724/335 2564/1393/206 3095/1656/136
f 3101/1724/335 2569/1395/194 2564/1393/206
f 3099/1719/333 3102/1725/336 1457/905/1
f 3099/1726/333 2583/1427/201 2576/1425/204
f 3102/1727/336 2572/1399/195 2570/1397/193
f 3102/1728/336 2576/1425/204 2572/1424/195
f 2564/1393/206 1050/775/63 3095/1656/136
f 3096/1657/132 3101/1724/335 3095/1656/136
f 3096/1717/132 3097/1716/135 3101/1722/335
f 3101/1724/335 3100/1723/334 2569/1395/194
f 1519/935/1 3102/1725/336 1518/934/80
f 1519/935/1 1457/905/1 3102/1725/336
f 2576/1425/204 3102/1728/336 3099/1726/333
f 2580/1426/200 3103/1729/105 838/665/10
f 3098/1720/332 3103/1729/105 2580/1426/200
f 3098/1718/332 1456/904/1 1455/903/1
f 3104/1730/104 1455/903/1 1447/901/1
f 1516/932/80 3097/1716/135 1458/906/1
f 3098/1720/332 3105/1731/260 3103/1729/105
s 0
f 3098/1718/332 3104/1730/10 3105/1732/103
s 1
f 1455/903/1 3104/1730/104 3098/1718/332
f 1516/932/80 3101/1722/335 3097/1716/135
f 3100/1721/334 1518/934/80 3102/1725/336
f 3100/1721/334 1517/933/1 1518/934/80
f 3101/1722/335 1516/932/80 1517/933/1
f 2583/1427/201 3099/1726/333 3098/1720/332
f 2570/1397/193 3100/1723/334 3102/1727/336
f 1456/904/1 3099/1719/333 1457/905/1
f 3106/1733/105 836/664/10 838/665/10
f 3103/1729/105 3106/1733/105 838/665/10
f 3103/1729/105 3107/1734/103 3106/1733/105
f 1443/900/1 3104/1730/104 1447/901/1
f 3107/1734/103 3103/1729/105 3105/1731/260
f 3108/1735/101 3104/1730/104 1443/900/1
s 0
f 3108/1735/101 3105/1732/10 3104/1730/101
f 3108/1735/10 3107/1736/103 3105/1732/103
s 1
f 3109/1737/337 3110/1738/338 1439/896/51
f 3109/1739/337 3111/1740/339 2912/1421/208
f 3112/1741/340 3113/1742/341 1500/920/1
f 3112/1743/340 3110/1744/338 2906/1535/211
s 0
f 3114/1745/342 3107/1736/10 3108/1735/101
s 1
f 3114/1746/342 3113/1747/341 2898/1532/247
f 3113/1747/341 2901/1533/243 2898/1532/247
f 3113/1747/341 2904/1534/216 2901/1533/243
f 3112/1743/340 2906/1535/211 2904/1534/216
f 3110/1637/338 2911/1420/244 2906/1418/211
f 3109/1739/337 2912/1421/208 2911/1420/244
f 3111/1740/339 2916/1422/245 2912/1421/208
f 2898/1532/247 836/664/10 3106/1733/105
f 3107/1734/103 3114/1746/342 3106/1733/105
f 3114/1745/342 1501/921/4 1500/920/1
f 1500/920/1 1440/897/4 3112/1741/340
f 1439/896/51 3110/1738/338 3112/1741/340
s 0
f 1439/896/51 1502/922/1 3109/1737/343
f 3115/1748/99 1438/895/344 1433/892/10
s 1
f 2911/1420/244 3110/1637/338 3109/1739/337
f 985/784/57 2916/1422/245 3116/1621/94
f 2916/1422/245 3111/1740/339 3116/1621/94
f 3111/1749/339 3109/1737/337 1441/898/1
f 3117/1750/97 1438/895/51 3115/1748/99
f 3117/1622/97 3116/1621/94 3111/1740/339
f 1501/921/4 3108/1735/101 1443/900/1
f 3112/1741/340 1440/897/4 1439/896/51
f 1501/921/4 3114/1745/342 3108/1735/101
f 3114/1745/342 1500/920/1 3113/1742/341
f 3117/1750/97 3111/1749/339 1438/895/51
f 2898/1532/247 3106/1733/105 3114/1746/342
f 3111/1749/339 1441/898/1 1438/895/51
f 2904/1534/216 3113/1747/341 3112/1743/340
f 1441/898/1 3109/1737/337 1502/922/5
f 3118/1618/94 1021/808/57 985/784/57
f 3116/1621/94 3118/1618/94 985/784/57
f 3116/1621/94 3119/1617/345 3118/1618/94
s 0
f 1428/889/60 3115/1748/60 1433/892/60
f 3115/1748/60 1428/889/60 3120/1751/60
s 1
f 3117/1750/97 3115/1748/99 3120/1751/99
f 3119/1752/345 3117/1750/97 3120/1751/99
f 3119/1617/345 3116/1621/94 3117/1622/97
s 0
f 1011/799/57 1021/808/55 3118/1618/94
s 1
f 1012/800/57 1011/799/57 3118/1618/94
f 3119/1617/345 1012/800/57 3118/1618/94
s 0
f 3121/1612/208 1019/807/56 1013/801/57
f 1012/800/57 3122/1611/10 3121/1612/208
s 1
f 1012/800/57 3119/1617/345 3122/1611/346
s 0
f 3120/1751/60 1428/889/60 2978/1551/60
s 1
f 3119/1753/345 2976/1548/260 3122/1754/346
s 0
f 2976/1552/60 3120/1751/60 2978/1551/60
f 3123/1755/221 2976/1548/260 2977/1550/10
f 2976/1552/260 3119/1752/97 3120/1751/99
f 3123/1755/10 2977/1550/10 1423/884/10
s 1
f 1013/801/57 1012/800/57 3121/1612/208
s 0
f 3122/1754/222 2976/1548/347 3123/1755/348
f 3124/1602/208 1019/807/57 3121/1612/208
f 3125/1603/10 3124/1602/208 3122/1611/211
f 3126/1756/221 3125/1757/211 3123/1755/221
f 1423/884/10 1422/883/10 3126/1756/243
f 3123/1755/10 1423/884/10 3126/1756/243
f 3122/1754/211 3123/1755/221 3125/1757/211
f 3121/1612/10 3122/1611/211 3124/1602/208
f 3127/1600/349 3124/1602/208 3128/1601/345
f 3128/1601/350 3124/1602/10 3125/1603/211
f 3129/1758/10 2999/1582/10 726/562/10
f 2999/1582/60 3129/1758/60 2997/1583/60
f 2997/1580/263 3129/1759/308 3128/1760/345
f 2998/1581/105 3126/1756/10 1422/883/10
f 3126/1756/243 2998/1581/10 2997/1580/263
f 3125/1761/222 3126/1762/243 2997/1583/263
f 3128/1763/351 3125/1761/211 2997/1583/352
f 3124/1602/208 3127/1600/349 1019/807/57
s 1
f 1014/802/57 1019/807/57 3130/1593/353
f 3130/1593/353 1019/807/57 3127/1600/349
f 3131/1594/97 3130/1593/353 3127/1600/349
f 3128/1601/354 3131/1594/97 3127/1600/349
s 0
f 726/562/60 753/584/60 3129/1758/60
s 1
f 3129/1758/355 3132/1764/356 3128/1763/354
s 0
f 753/584/60 3132/1764/60 3129/1758/60
s 1
f 3131/1765/97 3128/1763/354 3132/1764/356
f 3133/1766/357 3131/1765/97 3134/1767/358
s 0
f 3133/1592/357 3130/1593/94 3131/1594/97
f 3134/1767/358 3132/1764/356 2075/1162/86
s 1
f 3134/1767/358 3131/1765/97 3132/1764/356
s 0
f 1017/805/58 3130/1593/359 1018/806/18
f 1018/806/57 3130/1593/94 3133/1592/357
f 1016/804/57 3135/1587/154 1015/803/59
f 1017/805/57 1014/802/57 3130/1593/94
f 3135/1587/360 1016/804/18 1018/806/57
f 3136/1588/157 3135/1587/154 3133/1592/357
s 1
f 3134/1768/358 3136/1769/304 3133/1770/357
s 0
f 2076/1164/85 1873/1054/18 3137/1771/160
f 3134/1768/358 2076/1164/361 3137/1771/160
f 2075/1162/60 3132/1764/60 753/584/60
f 2079/1169/88 3134/1767/358 2075/1162/86
s 1
f 3137/1771/169 3136/1769/304 3134/1768/358
s 0
f 2079/1170/88 2076/1164/362 3134/1768/358
s 1
f 3135/1587/363 1018/806/57 3133/1592/357
s 0
f 1873/1054/18 1872/1053/18 3137/1771/18
s 1
f 3137/1771/169 1872/1053/364 3138/1772/365
f 3136/1588/304 3139/1212/365 3135/1587/154
f 3135/1587/154 3140/1212/366 981/781/57
f 3135/1587/154 981/781/57 1015/803/55
f 3141/1772/365 3136/1769/304 3137/1771/169
f 3142/1773/367 3143/1774/63 3144/1775/368
f 3142/1773/367 3145/1776/369 3146/1777/370
f 3146/1777/370 3145/1776/369 3147/1778/371
f 3146/1777/370 3148/1779/193 3149/1780/190
f 3147/1781/371 3150/1782/372 3151/1783/373
f 3147/1778/374 3152/1784/375 3153/1779/193
f 3151/1783/373 115/134/23 117/104/18
f 3151/1783/376 3154/1785/196 3155/1786/195
f 3156/1787/377 3157/1788/378 3158/1789/379
f 3156/1787/377 3158/1789/379 3159/1774/57
f 3160/1790/380 3161/1791/210 3162/1792/381
f 3160/1790/380 3157/1788/378 3156/1787/377
f 3162/1793/381 3163/1794/222 3164/1795/382
f 3162/1792/381 3165/1796/383 3157/1788/378
f 3164/1795/382 3166/1797/216 145/122/25
f 3164/1795/382 146/120/28 3165/1798/383
f 3167/1787/384 3168/1788/385 3169/1789/386
f 3167/1787/384 3169/1789/386 3143/1774/63
f 3170/1790/387 3171/1791/181 3172/1792/388
f 3170/1790/387 3168/1788/385 3167/1787/384
f 3172/1799/388 3173/1800/178 3174/1801/389
f 3172/1792/388 3175/1796/390 3168/1788/385
f 3174/1801/389 3176/1802/176 152/104/10
f 3174/1801/389 153/102/10 3175/1803/390
f 3177/1773/391 3159/1774/57 3178/1775/392
f 3177/1773/391 3179/1776/393 3180/1777/394
f 3180/1777/394 3179/1776/393 3181/1778/395
f 3180/1777/394 3182/1779/241 3183/1780/154
f 3181/1804/395 3184/1805/396 3185/1806/397
f 3181/1778/395 3186/1784/157 3187/1779/241
f 3185/1806/397 135/129/10 137/122/10
f 3185/1806/398 3188/1807/170 3189/1808/399
f 152/104/10 153/102/10 3174/1801/389
f 3174/1801/389 3175/1803/390 3172/1799/388
f 3170/1790/387 3167/1787/384 3190/1809/184
f 3167/1787/384 3191/1810/63 3192/1809/184
f 3168/1788/385 3170/1790/387 3172/1792/388
f 3193/1809/184 3194/1811/180 3170/1790/400
f 3195/1802/401 3196/1812/175 152/104/10
f 3197/1812/175 3198/1813/402 152/104/84
f 3199/1814/173 3200/1813/403 3201/1812/404
f 3202/1815/18 3203/1813/403 3204/1814/173
f 3205/1815/18 3206/1814/187 3207/1570/18
f 3208/1815/28 3209/1570/28 3210/1816/166
f 3211/1815/18 3212/1816/168 3213/1817/405
f 3214/1817/406 3215/1818/160 137/122/407
f 3216/1818/408 3217/1807/162 137/122/21
f 3181/1778/395 3179/1776/393 3184/1819/396
f 3178/1775/392 3179/1776/393 3177/1773/391
f 3218/1810/57 3159/1774/57 3177/1773/391
f 3219/1780/154 3220/1820/152 3180/1777/409
f 3159/1774/57 3221/1810/59 3156/1787/377
f 3222/1809/207 3160/1790/380 3156/1787/377
f 3223/1809/218 3156/1787/377 3224/1810/57
f 3162/1792/381 3157/1788/378 3160/1790/380
f 3225/1791/410 3160/1790/380 3226/1811/208
f 3164/1795/382 3165/1798/383 3162/1793/381
f 3227/1817/411 3228/1821/412 3229/1822/217
f 3230/1817/411 3231/1822/220 3232/1815/413
f 3233/1822/220 3234/1578/10 3235/1815/10
f 3236/1578/10 3237/1823/202 3238/1815/10
f 3239/1823/202 3240/1813/414 3241/1815/10
f 3242/1824/203 3243/1813/414 3244/1823/200
f 3245/1785/197 117/104/18 3246/1824/415
f 3142/1773/367 3247/1810/63 3143/1774/63
f 3248/1810/79 3167/1787/384 3143/1774/63
f 3249/1800/178 3250/1802/176 3174/1801/416
f 3142/1773/367 3251/1820/191 3252/1810/63
f 3146/1777/370 3253/1820/191 3142/1773/367
f 3254/1780/190 3255/1820/191 3146/1777/417
f 3150/1782/372 115/134/23 3151/1783/373
f 3146/1777/370 3147/1778/371 3256/1779/192
f 3151/1783/373 3257/1786/195 3147/1781/371
f 3142/1773/367 3144/1775/368 3145/1776/369
f 3147/1778/371 3145/1776/369 3150/1819/372
f 145/122/418 3258/1821/221 3259/1817/419
f 3260/1813/414 3261/1824/198 117/104/420
f 3262/1785/199 3151/1783/373 117/104/18
f 3164/1795/382 145/122/25 146/120/28
f 3263/1797/246 3164/1795/421 3264/1794/422
f 3265/1821/221 145/122/18 3266/1797/423
f 3267/1791/212 3268/1825/211 3162/1792/381
f 3269/1809/207 3270/1811/208 3160/1790/424
f 3271/1810/57 3177/1773/391 3272/1820/227
f 3184/1805/396 135/129/10 3185/1806/397
f 3180/1777/394 3181/1778/395 3273/1779/155
f 3274/1820/152 3177/1773/391 3180/1777/394
f 3275/1825/425 3172/1792/388 3276/1791/426
f 3181/1804/395 3185/1806/397 3277/1808/304
f 3278/1791/426 3170/1790/387 3279/1811/180
f 3280/1807/161 3185/1806/397 137/122/10
f 3281/1818/169 3282/1817/406 3283/1816/427
f 3284/1826/428 3285/1827/429 3286/1828/430
f 3284/1826/428 3287/1829/431 3288/1830/432
f 141/127/10 140/130/10 3289/1831/433
f 3289/1831/433 3290/1832/434 3291/1833/435
f 3289/1831/433 3292/1834/436 138/123/26
f 3292/1834/436 3293/1835/176 138/123/26
f 3292/1834/436 3289/1831/433 3291/1833/435
f 3294/1836/437 3295/1837/437 3291/1838/435
f 3294/1836/437 3296/1839/434 3297/1840/426
f 3295/1837/437 3294/1836/437 3298/1841/438
f 3295/1837/439 3299/1811/440 3300/1791/181
f 3294/1836/437 3301/1842/441 3298/1841/438
f 3295/1837/437 3302/1825/178 3292/1843/436
f 3298/1841/442 3303/1842/443 3304/1844/63
f 3298/1841/444 3305/1809/184 3306/1811/180
f 3294/1836/439 3307/1840/426 3308/1842/445
f 3304/1844/63 3309/844/446 3310/1845/447
f 3310/1845/448 3311/1846/191 3312/1847/449
f 3310/1845/447 3313/1820/191 3314/1810/63
f 3315/1848/450 3316/1849/451 142/126/27
f 3315/1848/450 142/126/27 144/123/18
f 3312/1847/452 3317/1850/193 3318/1851/453
f 3312/1847/449 3319/1780/454 3320/1820/191
f 3318/1852/453 3321/1853/195 3316/1849/451
f 3318/1851/453 3322/1784/195 3323/1779/193
f 3316/1849/451 3324/1854/197 147/125/25
f 3285/1827/429 3325/1779/155 3286/1828/430
f 3285/1827/429 3284/1826/428 3288/1830/432
f 3326/1855/455 3327/1856/456 3328/112/457
f 3326/1855/455 3329/1857/159 3330/1858/157
f 3327/1856/456 3326/1855/455 3288/1859/432
f 3327/1856/456 3331/1860/458 3332/111/459
f 3333/1784/157 3334/1779/171 3285/1827/429
f 3288/1830/432 3335/1829/431 3336/1861/157
f 3286/1828/430 3337/1820/152 3338/1862/460
f 3286/1828/430 3339/1846/461 3340/1829/431
f 3338/1862/460 3341/1810/57 3342/1863/462
f 3338/1862/460 3343/1864/463 3344/1846/227
f 3342/1863/464 3345/1811/208 3346/1865/465
f 3342/1863/462 3347/1866/223 3348/1864/466
f 3346/1865/467 3349/1825/211 3350/1867/468
f 3346/1865/467 3351/1868/469 3352/1866/208
f 3350/1869/470 3353/1870/216 127/112/25
f 3350/1869/471 3354/1871/246 3355/1872/469
f 140/130/10 3356/1873/175 3357/1832/434
f 3358/1874/403 3359/1875/472 3360/1873/174
f 3361/1876/18 3362/1877/168 3363/1875/473
f 856/1878/474 3327/1856/456 3364/111/475
f 3365/1879/476 3366/111/459 3367/1877/168
f 3368/111/459 3369/1860/458 3370/1877/168
f 856/1878/474 3371/112/475 3327/1856/456
f 3372/112/475 3373/1880/408 3374/1857/162
f 3375/1881/157 3376/1860/477 3327/1856/456
f 3289/1831/433 138/123/26 141/127/10
f 3377/1882/18 3378/1883/18 3379/1884/166
f 3380/1885/403 3381/1886/173 3382/1882/23
f 3292/1834/436 3383/1887/178 3384/1835/188
f 138/123/10 3385/1835/401 3386/1888/175
f 3318/1852/453 3316/1849/451 3315/1848/450
f 3387/1885/478 3388/1889/198 144/123/479
f 3389/1882/10 3390/1890/202 3391/1885/414
f 3350/1869/471 3392/1891/211 3393/1870/213
f 127/112/23 3394/1870/480 3395/1892/221
f 126/676/18 3396/1893/481 3397/1871/215
f 3398/1894/220 3399/1882/413 3400/1895/411
f 3401/1896/411 3402/1897/10 3403/1893/482
f 3404/1898/10 3405/1899/202 3406/1897/10
f 3407/1900/414 3408/1899/202 3409/1898/483
f 3410/1901/10 3411/1890/202 3412/1882/10
f 3316/1849/484 3413/1853/195 3414/1854/485
f 147/125/18 3415/1854/197 3416/1902/198
f 144/123/18 3417/1889/415 3418/1903/199
f 3316/1849/451 147/125/25 142/126/27
f 3419/1896/411 3420/1898/10 3421/1897/10
f 126/676/23 3422/1896/486 3423/1893/481
f 3346/1865/467 3424/1791/410 3425/1825/211
f 126/676/24 3350/1869/470 127/112/25
f 3350/1867/468 3426/1868/469 3346/1865/467
f 3342/1863/462 3427/1810/487 3428/1809/218
f 3429/1866/208 3342/1863/464 3346/1865/465
f 3430/1864/488 3338/1862/460 3342/1863/462
f 3431/1779/489 3432/1780/154 3286/1828/430
f 3433/1858/157 3285/1904/429 3326/1855/455
f 3284/1826/428 3286/1828/430 3434/1829/431
f 3435/1857/161 3326/1855/455 3436/112/475
f 3437/1880/160 3438/112/490 3439/1895/406
f 3440/1884/168 3441/1895/405 3442/1882/18
f 3443/1882/23 3444/1886/187 3445/1883/23
f 3298/1841/442 3304/1844/63 3446/1809/184
f 3304/1844/63 3447/1810/63 3448/1809/185
f 3294/1836/437 3291/1838/435 3449/1839/434
f 3298/1841/438 3450/1811/180 3295/1837/437
f 3292/1843/436 3291/1838/435 3295/1837/437
f 140/130/10 3451/1832/434 3289/1831/433
f 3295/1837/437 3452/1791/426 3453/1825/178
f 3454/1873/175 140/130/491 3455/1874/403
f 3456/1874/403 3457/1876/18 3458/1875/473
f 138/123/83 3459/1888/175 3460/1885/402
f 3461/1879/406 3462/1877/168 3463/1876/492
f 3464/1886/173 3465/1885/493 3466/1888/404
f 3327/1856/456 3288/1859/432 3467/1881/157
f 3468/1884/427 3469/1880/169 3470/1895/494
f 3326/1905/455 3285/1827/429 3288/1830/432
f 3471/1846/152 3286/1828/430 3338/1862/460
f 3286/1828/495 3472/1780/496 3473/1820/497
f 3338/1862/460 3474/1820/227 3475/1810/57
f 3476/1811/208 3342/1863/462 3477/1809/498
f 3478/1791/410 3346/1865/499 3479/1811/208
f 3480/1895/419 127/112/418 3481/1892/221
f 3482/1895/411 3483/1892/412 3484/1894/217
f 3485/1902/500 3486/1899/200 3487/1900/478
f 3488/1894/220 3489/1901/10 3490/1882/10
f 3491/1902/198 3492/1900/414 147/125/28
f 3493/1890/200 3494/1889/203 3495/1885/414
f 3496/1850/193 3497/1861/195 3318/1851/453
f 3498/1903/197 3315/1848/450 144/123/18
f 3499/1810/446 3304/1844/63 3310/1845/447
f 3500/844/79 3304/1844/79 3501/1842/443
f 3312/1847/449 3502/1820/191 3310/1845/448
f 3310/1845/447 3503/844/63 3504/1846/191
f 3505/1780/190 3312/1847/449 3506/1779/501
f 3507/1846/191 3508/1906/190 3312/1847/449
f 3312/1847/452 3318/1851/453 3509/1779/192
f 3510/1850/193 3312/1847/449 3511/1906/190
f 3512/1903/196 3513/1907/195 3315/1848/450
f 126/676/24 3514/1871/216 3350/1869/470
f 3315/1848/450 3515/1907/195 3318/1852/453
f 3516/1826/428 3517/1827/429 3518/1828/430
f 3516/1826/428 3519/1829/431 3520/1830/432
f 106/547/10 3521/549/502 3522/1908/433
f 3522/1908/433 3523/1909/434 3524/1910/435
f 3522/1908/433 3525/1911/436 114/101/22
f 3525/1911/436 3526/1912/176 114/101/22
f 3525/1911/436 3522/1908/433 3524/1910/435
f 3527/1836/437 3528/1837/437 3524/1838/435
f 3527/1836/437 3529/1839/434 3530/1840/426
f 3528/1837/437 3527/1836/437 3531/1841/438
f 3528/1837/439 3532/1811/440 3533/1791/426
f 3527/1836/437 3534/1842/445 3531/1841/438
f 3528/1837/437 3535/1825/178 3525/1843/436
f 3531/1841/442 3536/1842/443 3537/1844/63
f 3531/1841/444 3538/1809/184 3539/1811/180
f 3527/1836/439 3540/1840/426 3541/1842/445
f 3537/1844/446 3542/844/63 3543/1845/447
f 3543/1845/448 3544/1846/191 3545/1847/449
f 3543/1845/447 3546/1820/191 3547/1810/63
f 3548/1913/503 3549/1914/451 706/93/18
f 3548/1913/503 706/93/18 3550/101/504
f 3545/1847/452 3551/1850/193 3552/1851/453
f 3545/1847/449 3553/1780/454 3554/1820/191
f 3552/1915/453 3555/1916/195 3549/1914/451
f 3552/1851/453 3556/1784/195 3557/1779/193
f 3549/1914/451 3558/1917/197 3559/92/505
f 3517/1827/429 3560/1779/155 3518/1828/430
f 3517/1827/429 3516/1826/428 3520/1830/432
f 3561/1918/455 3562/1919/456 151/105/29
f 3561/1918/455 3563/1920/159 3564/1921/157
f 3562/1919/456 3561/1918/455 3520/1922/432
f 3562/1919/456 3565/1923/458 3566/106/459
f 3567/1784/157 3568/1779/171 3517/1827/429
f 3520/1830/432 3569/1829/431 3570/1861/157
f 3518/1828/430 3571/1820/152 3572/1862/460
f 3518/1828/430 3573/1846/461 3574/1829/431
f 3572/1862/460 3575/1810/57 3576/1863/462
f 3572/1862/460 3577/1864/463 3578/1846/227
f 3576/1863/464 3579/1811/208 3580/1865/465
f 3576/1863/462 3581/1866/223 3582/1864/466
f 3580/1865/467 3583/1825/211 3584/1867/468
f 3580/1865/467 3585/1868/469 3586/1866/208
f 3584/1924/506 3587/1925/216 118/105/28
f 3584/1924/471 3588/1926/246 3589/1927/469
f 3590/135/507 3591/1928/481 3592/1926/215
f 3593/1929/411 3594/1930/10 3595/1928/482
f 706/93/18 3549/1914/451 3596/92/505
f 3597/1931/414 3598/1932/500 3599/1933/200
f 3549/1914/508 3600/1916/195 3601/1917/196
f 3602/92/509 3603/1917/199 3604/1932/198
f 3605/101/504 3606/1934/415 3607/1935/199
f 3608/1936/414 3609/1937/200 3610/1934/203
f 3611/1933/202 3612/1930/10 3613/1938/10
f 3614/1939/10 3615/1940/10 3616/1937/202
f 3617/1931/414 3618/1933/202 3619/1938/483
f 3620/135/510 3584/1924/506 118/105/28
f 3621/1929/486 3622/1928/481 3623/135/507
f 118/105/18 3624/1925/480 3625/1941/221
f 151/105/29 3562/1919/456 149/1942/10
f 3626/1943/406 3627/1944/160 151/105/407
f 3628/1939/18 3629/1945/168 3630/1943/405
f 106/547/10 3522/1908/433 114/101/22
f 3525/1911/436 3631/1946/178 3632/1912/176
f 114/101/84 3633/1912/401 3634/1947/175
f 3635/1791/426 3636/1825/178 3528/1837/437
f 3637/1948/173 3638/1939/18 3639/1936/403
f 3640/1949/403 3641/1950/511 3642/1951/174
f 3643/1952/18 3644/1953/168 3645/1950/473
f 3646/1954/406 3647/1953/168 3648/1952/492
f 3649/1955/18 3650/1945/166 3651/1939/18
f 3652/106/459 3653/1923/458 3654/1953/168
f 3655/106/475 149/1942/10 3562/1919/456
f 3656/1956/157 3562/1919/456 3520/1922/432
f 3657/1943/494 3658/1945/427 3659/1944/169
f 3660/1957/220 3661/1939/413 3662/1943/411
f 3663/1938/10 3664/1930/10 3665/1929/411
f 3666/1925/246 3584/1924/471 3667/1958/211
f 3668/135/507 3669/1926/216 3584/1924/506
f 3584/1867/468 3670/1868/469 3580/1865/467
f 3576/1863/462 3671/1810/487 3672/1809/218
f 3673/1866/208 3576/1863/464 3580/1865/465
f 3674/1864/488 3572/1862/460 3576/1863/462
f 3675/1779/489 3676/1780/154 3518/1828/430
f 3677/1921/157 3517/1959/429 3561/1918/455
f 3516/1826/428 3518/1828/430 3678/1829/431
f 3679/1920/161 3561/1918/455 151/105/29
f 3680/1944/408 3681/1920/162 151/105/10
f 3682/1939/18 3683/1948/187 3684/1955/18
f 3685/1947/404 3686/1948/173 3687/1936/403
f 3531/1841/442 3537/1844/63 3688/1809/184
f 3537/1844/63 3689/1810/63 3690/1809/185
f 3527/1836/437 3524/1838/435 3691/1839/434
f 3531/1841/438 3692/1811/180 3528/1837/437
f 3525/1843/436 3524/1838/435 3528/1837/437
f 3693/549/512 3694/1909/434 3522/1908/433
f 3695/1951/175 3696/549/502 3697/1949/493
f 3698/1909/434 3699/549/512 3700/1951/175
f 3701/1949/403 3702/1952/18 3703/1950/473
f 3704/1936/402 114/101/84 3705/1947/175
f 3706/106/459 3707/1953/168 3708/1954/513
f 3709/1956/157 3710/1923/477 3562/1919/456
f 3561/1905/455 3517/1827/429 3520/1830/432
f 3711/1846/152 3518/1828/430 3572/1862/460
f 3518/1828/495 3712/1780/496 3713/1820/497
f 3572/1862/460 3714/1820/152 3715/1810/57
f 3716/1811/208 3576/1863/462 3717/1809/498
f 3718/1791/410 3580/1865/499 3719/1811/208
f 3720/1957/217 3721/1943/411 3722/1941/412
f 3723/1940/10 3724/1939/10 3725/1957/220
f 3726/1932/198 3727/1931/414 3728/92/509
f 3729/1936/414 3730/1939/10 3731/1937/202
f 3552/1915/453 3549/1914/451 3548/1913/503
f 3732/1936/414 3733/1934/198 3734/101/514
f 3735/1850/192 3736/1861/195 3552/1851/453
f 3737/1935/197 3548/1913/503 3738/101/509
f 3739/1810/63 3537/1844/446 3543/1845/447
f 3740/1941/221 3741/1943/419 118/105/23
f 3742/844/79 3537/1844/79 3743/1842/443
f 3545/1847/449 3744/1820/191 3543/1845/448
f 3543/1845/447 3745/844/446 3746/1846/191
f 3747/1780/190 3545/1847/449 3748/1779/501
f 3749/1846/191 3750/1906/190 3545/1847/449
f 3545/1847/452 3552/1851/453 3751/1779/192
f 3752/1850/193 3545/1847/449 3753/1906/190
f 3754/1935/196 3755/1960/195 3548/1913/450
f 3756/1825/211 3580/1865/467 3757/1791/410
f 3548/1913/503 3758/1960/195 3552/1915/453
f 3759/1961/515 3760/1962/173 3761/1963/23
f 3762/1964/516 3763/1965/152 3764/1966/57
f 3765/1967/155 3766/1968/154 3767/1964/516
f 3768/1969/155 3769/1968/154 3770/1967/155
f 3771/1970/157 3772/1967/171 3773/1971/517
f 3774/1972/162 3775/1973/517 3776/1974/160
f 3777/1975/173 3778/1976/174 3779/1962/173
f 3780/1977/518 3781/1978/176 3782/1976/175
f 3783/1979/178 3784/1980/178 3785/1978/188
f 3786/1981/519 3787/1982/426 3788/1983/178
f 3789/1984/180 3790/1982/426 3791/1981/519
f 3792/1985/184 3793/1984/520 3794/1986/184
f 3795/1987/63 3796/1986/184 3797/1988/521
f 3798/1989/191 3799/1988/521 3800/1990/190
f 3801/1989/191 3802/1990/454 3803/1991/454
f 3804/1990/190 3805/1992/522 3806/1993/193
f 3807/1994/522 3808/1995/196 3809/1996/195
f 3810/1995/196 3811/1997/196 3812/1996/195
f 3813/1998/523 3814/1999/198 3815/1995/199
f 3816/2000/200 3817/1999/198 3818/1998/524
f 3819/2001/10 3820/2000/202 3821/2002/10
f 3822/2001/10 3823/2002/10 3824/2003/220
f 3825/2004/217 3826/2003/217 3827/1974/214
f 3828/2004/217 3829/1974/214 3830/2005/214
f 3831/2006/525 3832/2007/526 3833/2008/526
f 3834/2009/218 3835/1966/57 3836/2010/57
f 3837/2011/218 3838/1966/57 3839/2009/218
f 3840/2011/207 3841/2009/207 3842/2012/223
f 3843/2011/207 3844/2012/223 3845/2013/223
f 3846/2012/208 3847/2014/210 3848/2013/208
f 3849/2014/210 3850/2006/210 3851/2013/208
f 3852/2007/422 3853/2006/212 3854/2014/525
f 3855/2015/211 3856/2016/211 3857/2017/213
f 3858/2015/211 3859/2017/216 3860/2018/246
f 3861/2017/215 3862/2005/221 3863/2018/215
f 3864/2005/221 3865/1974/221 3866/2018/215
f 3867/2004/220 3868/2001/10 3869/2003/220
f 3870/2002/10 3871/2000/200 3872/1998/523
f 3873/2019/195 3874/1993/193 3875/1992/522
f 3876/1993/192 3877/1991/190 3878/1990/190
f 3879/1988/521 3880/1989/191 3881/1987/446
f 3882/1986/185 3883/1987/63 3884/1985/185
f 3885/1981/519 3886/1986/184 3887/1984/180
f 3888/2020/178 3889/1983/178 3890/1982/179
f 3891/1978/188 3892/1977/518 3893/1979/178
f 3894/1976/175 3895/1975/173 3896/1977/518
f 3897/1962/173 3898/1961/515 3899/1975/173
f 3900/1966/57 3901/1965/227 3902/2010/57
f 3903/1963/18 3904/2021/527 3905/1961/515
f 3906/2022/168 3907/2021/527 3908/1963/18
f 3909/1974/169 3910/2021/527 3911/2022/168
f 3912/1974/169 3913/2022/168 3914/2023/169
f 3915/1974/160 3916/2023/160 3917/1972/162
f 3918/1973/517 3919/1972/170 3920/2024/157
f 3921/1967/528 3922/1970/157 3923/1969/528
f 3924/1965/152 3925/1964/516 3926/1968/154
f 3927/1997/197 3928/1995/197 3929/1999/198
f 3930/2025/515 3931/2026/173 3932/2027/23
f 3933/1964/516 3934/1965/152 3935/1966/57
f 3936/1967/155 3937/1968/154 3938/1964/516
f 3939/1969/155 3940/1968/154 3941/1967/155
f 3942/1970/157 3943/1967/241 3944/1971/517
f 3945/2028/161 3946/2029/517 3947/2030/160
f 3948/2031/187 3949/2032/174 3950/2026/187
f 3951/2033/518 3952/2034/176 3953/2032/175
f 3954/2035/178 3955/2036/178 3956/2034/188
f 3957/1981/519 3958/1982/426 3959/1983/178
f 3960/1984/180 3961/1982/426 3962/1981/519
f 3963/1985/184 3964/1984/520 3965/1986/184
f 3966/1987/63 3967/1986/184 3968/1988/521
f 3969/1989/191 3970/1988/521 3971/1990/190
f 3972/1989/191 3973/1990/454 3974/1991/454
f 3975/1990/190 3976/1992/522 3977/1993/193
f 3978/2037/522 3979/2038/199 3980/2039/195
f 3981/2038/196 3982/2040/196 3983/2039/195
f 3984/2041/523 3985/2042/198 3986/2038/199
f 3987/2043/529 3988/2042/198 3989/2041/523
f 3990/2044/10 3991/2043/202 3992/2045/10
f 3993/2044/10 3994/2045/10 3995/2046/220
f 3996/2047/217 3997/2046/217 3998/2030/214
f 3999/2047/217 4000/2030/214 4001/2048/214
f 4002/2006/525 4003/2007/526 4004/2008/526
f 4005/2009/218 4006/1966/57 4007/2010/57
f 4008/2011/218 4009/1966/57 4010/2009/218
f 4011/2011/207 4012/2009/207 4013/2012/223
f 4014/2011/207 4015/2012/223 4016/2013/223
f 4017/2012/208 4018/2014/210 4019/2013/208
f 4020/2014/210 4021/2006/210 4022/2013/208
f 4023/2007/422 4024/2006/212 4025/2014/525
f 4026/2049/211 4027/2050/211 4028/2051/213
f 4029/2049/211 4030/2051/216 4031/2052/246
f 4032/2051/215 4033/2048/221 4034/2052/215
f 4035/2048/221 4036/2030/221 4037/2052/215
f 4038/2047/220 4039/2044/10 4040/2046/220
f 4041/2045/10 4042/2043/200 4043/2041/523
f 4044/2019/195 4045/1993/193 4046/1992/522
f 4047/1993/192 4048/1991/190 4049/1990/190
f 4050/1988/521 4051/1989/191 4052/1987/63
f 4053/1986/185 4054/1987/63 4055/1985/185
f 4056/1981/519 4057/1986/530 4058/1984/180
f 4059/2020/178 4060/1983/178 4061/1982/179
f 4062/2034/176 4063/2033/518 4064/2035/178
f 4065/2032/175 4066/2031/173 4067/2033/518
f 4068/2026/173 4069/2025/515 4070/2031/173
f 4071/1966/57 4072/1965/227 4073/2010/57
f 4074/2027/18 4075/2053/527 4076/2025/515
f 4077/2054/168 4078/2053/527 4079/2027/28
f 4080/2030/169 4081/2053/527 4082/2054/168
f 4083/2030/169 4084/2054/166 4085/2055/169
f 4086/2030/160 4087/2055/160 4088/2028/162
f 4089/2029/517 4090/2028/161 4091/2056/157
f 4092/1967/528 4093/1970/157 4094/1969/528
f 4095/1965/152 4096/1964/516 4097/1968/154
f 4098/2040/197 4099/2038/197 4100/2042/198
f 4101/2025/515 4102/2026/173 4103/2027/23
f 4104/2057/516 4105/1989/152 4106/2058/57
f 4107/2059/155 4108/1991/154 4109/2057/516
f 4110/1993/155 4111/1991/154 4112/2059/155
f 4113/2019/157 4114/2059/171 4115/2060/517
f 4116/2028/162 4117/2029/517 4118/2030/160
f 4119/2031/187 4120/2032/174 4121/2026/187
f 4122/2033/518 4123/2034/176 4124/2032/175
f 4125/2035/178 4126/2036/178 4127/2034/188
f 4128/2061/519 4129/2014/426 4130/2008/178
f 4131/2012/180 4132/2014/426 4133/2061/519
f 4134/2009/184 4135/2012/520 4136/2011/184
f 4137/2010/63 4138/2011/184 4139/2062/521
f 4140/1965/191 4141/2062/521 4142/2063/190
f 4143/1965/191 4144/2063/454 4145/1968/454
f 4146/2063/531 4147/2064/522 4148/1969/205
f 4149/2037/522 4150/2038/199 4151/2039/195
f 4152/2038/196 4153/2040/485 4154/2039/532
f 4155/2041/523 4156/2042/198 4157/2038/197
f 4158/2043/529 4159/2042/198 4160/2041/523
f 4161/2044/10 4162/2043/202 4163/2045/10
f 4164/2044/10 4165/2045/10 4166/2046/220
f 4167/2047/217 4168/2046/219 4169/2030/214
f 4170/2047/217 4171/2030/214 4172/2048/214
f 4173/2065/525 4174/2020/211 4175/1983/211
f 4176/1985/218 4177/2058/57 4178/1987/57
f 4179/1986/218 4180/2058/57 4181/1985/218
f 4182/1986/207 4183/1985/207 4184/1984/223
f 4185/1986/207 4186/1984/223 4187/2066/223
f 4188/1984/208 4189/1982/210 4190/2066/208
f 4191/1982/210 4192/2065/210 4193/2066/208
f 4194/2020/211 4195/2065/525 4196/1982/525
f 4197/2049/526 4198/2050/526 4199/2051/213
f 4200/2049/422 4201/2051/213 4202/2052/213
f 4203/2051/215 4204/2048/221 4205/2052/215
f 4206/2048/221 4207/2030/221 4208/2052/215
f 4209/2047/220 4210/2044/10 4211/2046/220
f 4212/2045/10 4213/2043/200 4214/2041/523
f 4215/1970/195 4216/1969/193 4217/2064/522
f 4218/1969/192 4219/1968/190 4220/2063/190
f 4221/2062/521 4222/1965/191 4223/2010/63
f 4224/2011/185 4225/2010/63 4226/2009/185
f 4227/2061/519 4228/2011/530 4229/2012/180
f 4230/2007/178 4231/2008/178 4232/2014/179
f 4233/2034/176 4234/2033/518 4235/2035/533
f 4236/2032/175 4237/2031/173 4238/2033/518
f 4239/2026/187 4240/2025/515 4241/2031/187
f 4242/2058/57 4243/1989/227 4244/1987/57
f 4245/2027/18 4246/2053/527 4247/2025/515
f 4248/2054/168 4249/2053/527 4250/2027/28
f 4251/2030/169 4252/2053/527 4253/2054/168
f 4254/2030/169 4255/2054/166 4256/2055/169
f 4257/2030/160 4258/2055/160 4259/2028/162
f 4260/2029/517 4261/2028/161 4262/2056/157
f 4263/2059/171 4264/2019/228 4265/1993/528
f 4266/1989/152 4267/2057/516 4268/1991/154
f 4269/2040/197 4270/2038/197 4271/2042/198
f 4272/1961/515 4273/1962/173 4274/1963/23
f 4275/2057/516 4276/1989/152 4277/2058/57
f 4278/2059/155 4279/1991/154 4280/2057/516
f 4281/1993/155 4282/1991/154 4283/2059/155
f 4284/2019/157 4285/2059/171 4286/2060/517
f 4287/1972/161 4288/1973/517 4289/1974/160
f 4290/1975/173 4291/1976/174 4292/1962/173
f 4293/1977/518 4294/1978/176 4295/1976/175
f 4296/1979/178 4297/1980/178 4298/1978/188
f 4299/2061/519 4300/2014/426 4301/2008/178
f 4302/2012/180 4303/2014/426 4304/2061/519
f 4305/2009/184 4306/2012/520 4307/2011/184
f 4308/2010/63 4309/2011/184 4310/2062/521
f 4311/1965/191 4312/2062/521 4313/2063/190
f 4314/1965/191 4315/2063/454 4316/1968/454
f 4317/2063/190 4318/2064/522 4319/1969/205
f 4320/1994/522 4321/1995/196 4322/1996/195
f 4323/1995/196 4324/1997/485 4325/1996/532
f 4326/1998/523 4327/1999/198 4328/1995/197
f 4329/2000/200 4330/1999/198 4331/1998/524
f 4332/2001/10 4333/2000/202 4334/2002/10
f 4335/2001/10 4336/2002/10 4337/2003/220
f 4338/2004/217 4339/2003/217 4340/1974/214
f 4341/2004/217 4342/1974/214 4343/2005/214
f 4344/2065/525 4345/2020/211 4346/1983/211
f 4347/1985/218 4348/2058/57 4349/1987/57
f 4350/1986/218 4351/2058/57 4352/1985/218
f 4353/1986/207 4354/1985/207 4355/1984/223
f 4356/1986/207 4357/1984/223 4358/2066/223
f 4359/1984/208 4360/1982/210 4361/2066/208
f 4362/1982/210 4363/2065/210 4364/2066/208
f 4365/2020/211 4366/2065/525 4367/1982/525
f 4368/2015/526 4369/2016/526 4370/2017/213
f 4371/2015/422 4372/2017/213 4373/2018/213
f 4374/2017/215 4375/2005/221 4376/2018/215
f 4377/2005/221 4378/1974/221 4379/2018/215
f 4380/2004/220 4381/2001/10 4382/2003/220
f 4383/2002/10 4384/2000/200 4385/1998/523
f 4386/1970/195 4387/1969/193 4388/2064/522
f 4389/1969/192 4390/1968/190 4391/2063/190
f 4392/2062/521 4393/1965/191 4394/2010/63
f 4395/2011/185 4396/2010/79 4397/2009/185
f 4398/2061/519 4399/2011/184 4400/2012/180
f 4401/2007/178 4402/2008/178 4403/2014/179
f 4404/1978/176 4405/1977/518 4406/1979/178
f 4407/1976/175 4408/1975/173 4409/1977/518
f 4410/1962/187 4411/1961/515 4412/1975/187
f 4413/2058/57 4414/1989/227 4415/1987/57
f 4416/1963/18 4417/2021/527 4418/1961/515
f 4419/2022/168 4420/2021/527 4421/1963/18
f 4422/1974/169 4423/2021/527 4424/2022/168
f 4425/1974/169 4426/2022/168 4427/2023/169
f 4428/1974/160 4429/2023/160 4430/1972/162
f 4431/1973/517 4432/1972/161 4433/2024/157
f 4434/2059/171 4435/2019/228 4436/1993/528
f 4437/1989/152 4438/2057/516 4439/1991/154
f 4440/1997/197 4441/1995/197 4442/1999/198
f 891/702/12 900/716/12 4443/725/534
f 4444/2067/535 4445/2068/535 4446/2069/536
f 4446/2069/536 4447/2068/535 4448/2070/536
f 4449/2071/537 4450/2072/536 4451/2073/537
f 4452/2073/537 1120/810/63 4449/2071/537
f 4453/2074/538 4444/2067/535 891/711/12
f 4454/2073/537 4455/815/63 1120/810/63
f 4456/2068/539 4444/2067/539 4457/2074/538
f 4458/2072/536 4449/2071/537 4446/2075/536
f 4459/2076/540 4460/2077/20 897/713/12
f 4459/2076/540 4461/2078/541 4462/2079/542
f 4463/2080/543 896/717/12 4444/2081/535
f 4463/2082/543 898/714/12 896/712/12
f 4464/2083/544 4446/2075/536 4465/2084/545
f 4464/2085/544 4444/2081/535 4446/2086/536
f 4466/2087/546 4462/2079/542 4467/2088/547
f 4466/2087/546 4468/2089/548 4462/2079/542
f 4469/2090/549 4449/2071/537 1120/810/63
f 4469/2090/549 4470/2091/550 4449/2071/537
f 4471/2092/551 4472/2093/552 4467/2088/547
f 4471/2092/551 4473/2094/553 4472/2093/552
f 4473/2094/553 2872/1529/199 2870/1527/198
f 2878/1454/193 4471/2095/551 4470/2091/550
f 4474/2096/554 4467/2088/547 4462/2079/542
f 4474/2096/554 4463/2082/543 4464/2097/544
f 4471/2095/551 4467/2098/547 4470/2091/550
f 4472/2093/552 4473/2094/553 4466/2087/546
f 4472/2093/552 4466/2087/546 4467/2088/547
f 4468/2089/548 4460/2077/20 4462/2079/542
f 4465/2084/545 4446/2075/536 4449/2071/537
f 4465/2099/545 4467/2088/547 4474/2096/554
f 4470/2091/550 2887/1458/190 2878/1454/193
f 2883/1456/191 4469/2090/549 1120/810/63
f 4462/2079/542 4461/2078/541 4474/2096/554
f 4462/2079/542 4460/2077/20 4459/2076/540
f 4474/2096/554 4461/2078/541 4463/2082/543
f 899/715/12 4459/2076/540 897/713/12
f 4470/2091/550 4465/2084/545 4449/2071/537
f 2877/1453/195 4471/2095/551 2878/1454/193
f 4463/2082/543 4444/2067/535 4464/2097/544
f 896/712/12 891/711/12 4444/2067/535
f 899/715/12 898/714/12 4463/2082/543
f 4463/2082/543 4461/2078/541 899/715/12
f 4459/2076/540 899/715/12 4461/2078/541
f 4460/2077/20 4468/2089/548 886/698/10
f 4465/2084/545 4470/2091/550 4467/2098/547
f 4468/2089/548 2867/1525/200 886/698/10
f 4468/2089/548 4473/2094/553 2867/1525/200
f 4466/2087/546 4473/2094/553 4468/2089/548
f 4473/2094/553 2877/1531/195 2872/1529/199
f 2887/1458/190 4470/2091/550 4469/2090/549
f 2883/1456/191 2887/1458/190 4469/2090/549
f 2877/1531/195 4473/2094/553 4471/2092/551
f 2870/1527/198 2867/1525/200 4473/2094/553
f 4474/2096/554 4464/2097/544 4465/2099/545
f 894/705/12 897/713/12 4475/2100/20
f 4475/2100/20 897/713/12 4460/2077/20
f 888/699/10 4475/2100/20 4460/2077/20
f 4460/2077/20 886/698/10 888/699/10
f 4476/2101/555 4475/2100/20 4477/2102/556
f 4476/2101/555 894/705/12 4475/2100/20
f 4478/2103/557 895/709/12 893/704/12
f 4478/2103/557 4479/2104/558 4480/2105/559
f 4480/2106/559 4481/2107/560 4482/2108/561
f 4480/2105/559 4479/2104/558 4483/2109/562
f 4484/2110/563 4477/2102/556 4485/2111/564
f 4484/2110/563 4486/2112/565 4487/2113/566
f 4488/2114/567 4489/2115/568 4490/2116/569
f 4488/2114/567 1028/811/57 4489/2115/568
f 4491/2117/570 4486/2112/565 4492/2118/571
f 4491/2119/570 4490/2116/569 4486/2120/565
f 4492/2118/571 2847/1518/216 2844/1523/211
f 4492/2118/571 4485/2111/564 2850/1520/217
f 4479/2104/558 4487/2113/566 4483/2109/562
f 4479/2104/558 4493/2121/572 4477/2102/556
f 4484/2110/563 4487/2113/566 4477/2102/556
f 4486/2120/565 4490/2116/569 4487/2122/566
f 4485/2111/564 4477/2102/556 4475/2100/20
f 4492/2118/571 2848/1519/221 2847/1518/216
f 4483/2123/562 4481/2124/560 4480/2125/559
f 4483/2123/562 4489/2115/568 4481/2124/560
f 4488/2114/567 2837/1430/208 2836/1429/207
f 4492/2118/571 4486/2112/565 4484/2110/563
f 4477/2102/556 4493/2121/572 4476/2101/555
f 4477/2102/556 4487/2113/566 4479/2104/558
f 4493/2121/572 4478/2103/557 892/703/12
f 889/710/12 4478/2103/557 4482/2126/561
f 4478/2103/557 4480/2105/559 4482/2126/561
f 4487/2122/566 4490/2116/569 4483/2123/562
f 892/703/12 894/705/12 4476/2101/555
f 4493/2121/572 892/703/12 4476/2101/555
f 895/709/12 4478/2103/557 889/710/12
f 888/699/10 4485/2111/564 4475/2100/20
f 4493/2121/572 4479/2104/558 4478/2103/557
f 4491/2119/570 2844/1435/211 2839/1432/209
f 4488/2114/567 4490/2116/569 2837/1430/208
f 4491/2117/570 4492/2118/571 2844/1523/211
f 4488/2114/567 2836/1429/207 1028/811/57
f 4483/2123/562 4490/2116/569 4489/2115/568
f 4491/2119/570 2839/1432/209 4490/2116/569
f 4485/2111/564 4492/2118/571 4484/2110/563
f 2848/1519/221 4492/2118/571 2850/1520/217
f 2850/1520/217 4485/2111/564 888/699/10
f 2837/1430/208 4490/2116/569 2839/1432/209
f 892/703/12 4478/2103/557 893/704/12
f 889/700/12 4494/2127/561 890/701/12
f 889/700/12 4482/2108/561 4494/2127/561
f 4482/2126/561 4481/2128/560 4495/2129/560
f 4494/2127/561 4482/2108/561 4495/2130/560
f 4489/2115/568 1028/811/57 1030/812/57
f 4496/2131/568 4489/2115/568 1030/812/57
f 4496/2131/568 4481/2124/560 4489/2115/568
f 4495/2132/560 4481/2124/560 4496/2131/568
f 905/721/6 4497/701/6 4498/2133/573
f 4499/701/6 4500/2127/573 4498/2133/573
f 4501/2127/248 4502/2130/249 4503/2134/249
f 4498/2133/248 4504/2127/248 4503/2134/249
f 4505/2135/250 4496/2131/568 987/786/62
f 987/786/62 4496/2131/568 1030/812/57
f 4505/2135/250 4506/2132/249 4496/2131/568
f 4503/2136/249 4507/2132/249 4505/2135/250
f 920/743/14 4508/721/14 4509/2133/574
f 4510/2137/575 920/743/14 4511/2133/574
f 4512/2134/576 4510/2137/577 4513/2133/575
f 4514/2138/576 4515/2139/576 4510/2140/575
f 4505/2135/250 4516/2071/578 4515/2075/576
f 4516/2071/578 4505/2135/250 987/786/62
f 1027/810/57 4516/2071/578 987/786/62
f 4515/2075/576 4517/2136/576 4505/2135/250
f 4518/2141/579 4519/2142/19 921/733/14
f 4518/2141/579 4520/2143/580 4521/2144/581
f 4522/2145/582 923/735/14 4510/2137/575
f 4522/2146/582 924/739/46 923/738/14
f 4523/2083/583 4515/2075/576 4524/2084/584
f 4523/2147/583 4510/2137/575 4515/2148/576
f 4525/2149/585 4521/2144/581 4526/2150/586
f 4525/2149/585 4527/2151/587 4521/2144/581
f 4528/2090/588 4516/2071/578 1027/810/57
f 4528/2090/588 4529/2091/589 4516/2071/578
f 4530/2152/590 4531/2153/591 4526/2150/586
f 4530/2152/590 4532/2154/592 4531/2153/591
f 4532/2154/592 2811/1513/161 2809/1511/160
f 2817/1454/241 4530/2095/590 4529/2091/589
f 4533/2155/593 4526/2150/586 4521/2144/581
f 4533/2155/593 4522/2146/582 4523/2156/583
f 4530/2095/590 4526/2098/586 4529/2091/589
f 4531/2153/591 4532/2154/592 4525/2149/585
f 4531/2153/591 4525/2149/585 4526/2150/586
f 4527/2151/587 4519/2142/19 4521/2144/581
f 4524/2084/584 4515/2075/576 4516/2071/578
f 4524/2157/584 4526/2150/586 4533/2155/593
f 4529/2091/589 2823/1458/154 2817/1454/241
f 2821/1456/152 4528/2090/588 1027/810/57
f 4521/2144/581 4520/2143/580 4533/2155/593
f 4521/2144/581 4519/2142/19 4518/2141/579
f 4533/2155/593 4520/2143/580 4522/2146/582
f 925/740/14 4518/2141/579 921/733/14
f 4529/2091/589 4524/2084/584 4516/2071/578
f 2816/1453/157 4530/2095/590 2817/1454/241
f 4522/2146/582 4510/2140/575 4523/2156/583
f 923/738/14 920/732/14 4510/2140/575
f 925/740/14 924/739/46 4522/2146/582
f 4522/2146/582 4520/2143/580 925/740/14
f 4518/2141/579 925/740/14 4520/2143/580
f 4519/2142/19 4527/2151/587 935/752/18
f 4524/2084/584 4529/2091/589 4526/2098/586
f 4527/2151/587 2806/1509/168 935/752/18
f 4527/2151/587 4532/2154/592 2806/1509/168
f 4525/2149/585 4532/2154/592 4527/2151/587
f 4532/2154/592 2816/1515/157 2811/1513/161
f 2823/1458/154 4529/2091/589 4528/2090/588
f 2821/1456/152 2823/1458/154 4528/2090/588
f 2816/1515/157 4532/2154/592 4530/2152/590
f 2809/1511/160 2806/1509/168 4532/2154/592
f 4533/2155/593 4523/2156/583 4524/2157/584
f 922/734/14 921/733/14 4534/2158/19
f 4534/2158/19 921/733/14 4519/2142/19
f 936/753/18 4534/2158/19 4519/2142/19
f 4519/2142/19 935/752/18 936/753/18
f 4535/2159/594 4534/2158/19 4536/2160/595
f 4535/2159/594 922/734/14 4534/2158/19
f 4537/2161/596 932/749/54 931/745/53
f 4537/2161/596 4538/2162/597 4539/2163/598
f 4539/2164/598 4540/2165/599 4541/2166/600
f 4539/2163/598 4538/2162/597 4542/2167/601
f 4543/2168/602 4536/2160/595 4544/2169/603
f 4543/2168/602 4545/2170/604 4546/2171/605
f 4547/2114/606 4548/2115/607 4549/2116/608
f 4547/2114/606 1108/811/63 4548/2115/607
f 4550/2172/609 4545/2170/604 4551/2173/610
f 4550/2119/609 4549/2116/608 4545/2120/604
f 4551/2173/610 2787/1500/176 2784/1507/178
f 4551/2173/610 4544/2169/603 2794/1505/173
f 4538/2162/597 4546/2171/605 4542/2167/601
f 4538/2162/597 4552/2174/611 4536/2160/595
f 4543/2168/602 4546/2171/605 4536/2160/595
f 4545/2120/604 4549/2116/608 4546/2122/605
f 4544/2169/603 4536/2160/595 4534/2158/19
f 4551/2173/610 2790/1503/175 2787/1500/176
f 4542/2123/601 4540/2124/599 4539/2125/598
f 4542/2123/601 4548/2115/607 4540/2124/599
f 4547/2114/606 2778/1430/180 2777/1429/184
f 4551/2173/610 4545/2170/604 4543/2168/602
f 4536/2160/595 4552/2174/611 4535/2159/594
f 4536/2160/595 4546/2171/605 4538/2162/597
f 4552/2174/611 4537/2161/596 930/744/14
f 926/741/16 4537/2161/596 4541/2175/600
f 4537/2161/596 4539/2163/598 4541/2175/600
f 4546/2122/605 4549/2116/608 4542/2123/601
f 930/744/14 922/734/14 4535/2159/594
f 4552/2174/611 930/744/14 4535/2159/594
f 932/749/54 4537/2161/596 926/741/16
f 936/753/18 4544/2169/603 4534/2158/19
f 4552/2174/611 4538/2162/597 4537/2161/596
f 4550/2119/609 2784/1435/178 2780/1432/225
f 4547/2114/606 4549/2116/608 2778/1430/180
f 4550/2172/609 4551/2173/610 2784/1507/178
f 4547/2114/606 2777/1429/184 1108/811/63
f 4542/2123/601 4549/2116/608 4548/2115/607
f 4550/2119/609 2780/1432/225 4549/2116/608
f 4544/2169/603 4551/2173/610 4543/2168/602
f 2790/1503/175 4551/2173/610 2794/1505/173
f 2794/1505/173 4544/2169/603 936/753/18
f 2778/1430/180 4549/2116/608 2780/1432/225
f 930/744/14 4537/2161/596 931/745/53
f 1108/811/63 4553/814/63 4554/2176/612
f 4548/2115/607 1108/811/63 4555/2176/607
f 4556/2177/599 4548/2115/607 4557/2176/607
f 4558/729/613 926/742/613 4559/730/614
f 4541/2175/600 4560/2178/615 926/741/16
f 4541/2175/616 4561/2179/616 4562/2178/615
f 4541/2175/600 4540/2180/599 4563/2179/600
f 4564/2179/600 4540/2180/599 4565/2181/599
f 4548/2115/607 4566/2177/599 4540/2124/599
f 1054/786/66 1095/810/63 4567/2071/537
f 4568/2135/617 1054/786/66 4567/2071/537
f 4569/2075/536 4568/2135/617 4567/2071/537
f 598/474/12 605/471/12 4570/2182/535
f 4571/2183/535 598/474/12 4570/2182/535
f 4572/2184/536 4571/2183/535 4570/2182/535
f 4572/2185/536 4569/2186/536 4571/2187/535
f 4568/2135/617 4569/2075/536 4572/2136/536
f 1052/812/65 1054/786/66 4573/2131/618
f 4573/2131/618 1054/786/66 4568/2135/617
f 4574/2132/257 4573/2131/618 4568/2135/617
f 4575/471/619 610/481/6 4576/2182/253
f 4577/2182/253 610/481/619 4578/2188/253
f 4579/2184/257 4580/2182/255 4578/2188/255
f 4574/2189/257 4581/2184/257 4578/2188/255
f 4568/2135/617 4582/2136/257 4574/2132/257
f 4583/2190/540 4584/2191/20 599/462/12
f 4583/2190/540 4585/2192/541 4586/2193/542
f 4587/2194/543 601/464/12 4571/2183/535
f 4587/2195/543 602/468/12 601/467/12
f 4588/2083/544 4569/2075/536 4589/2084/620
f 4588/2196/544 4571/2183/535 4569/2197/536
f 4590/2198/546 4586/2193/542 4591/2199/547
f 4590/2198/546 4592/2200/621 4586/2193/542
f 4593/2090/549 4567/2071/537 1095/810/63
f 4593/2090/549 4594/2091/550 4567/2071/537
f 4595/2201/551 4596/2202/552 4591/2199/547
f 4595/2201/551 4597/2203/553 4596/2202/552
f 4597/2203/553 2630/1449/199 2628/1447/198
f 2636/1454/193 4595/2095/551 4594/2091/550
f 4598/2204/554 4591/2199/547 4586/2193/542
f 4598/2204/554 4587/2195/543 4588/2205/544
f 4595/2095/551 4591/2098/547 4594/2091/550
f 4596/2202/552 4597/2203/553 4590/2198/546
f 4596/2202/552 4590/2198/546 4591/2199/547
f 4592/2200/621 4584/2191/20 4586/2193/542
f 4589/2084/620 4569/2075/536 4567/2071/537
f 4589/2206/620 4591/2199/547 4598/2204/554
f 4594/2091/550 2645/1458/190 2636/1454/193
f 2641/1456/191 4593/2090/549 1095/810/63
f 4586/2193/542 4585/2192/541 4598/2204/554
f 4586/2193/542 4584/2191/20 4583/2190/540
f 4598/2204/554 4585/2192/541 4587/2195/543
f 603/469/12 4583/2190/540 599/462/12
f 4594/2091/550 4589/2084/620 4567/2071/537
f 2635/1453/195 4595/2095/551 2636/1454/193
f 4587/2195/543 4571/2187/535 4588/2205/544
f 601/467/12 598/461/12 4571/2187/535
f 603/469/12 602/468/12 4587/2195/543
f 4587/2195/543 4585/2192/541 603/469/12
f 4583/2190/540 603/469/12 4585/2192/541
f 4584/2191/20 4592/2200/621 578/447/10
f 4589/2084/620 4594/2091/550 4591/2098/547
f 4592/2200/621 2625/1445/200 578/447/10
f 4592/2200/621 4597/2203/553 2625/1445/200
f 4590/2198/546 4597/2203/553 4592/2200/621
f 4597/2203/553 2635/1459/195 2630/1449/199
f 2645/1458/190 4594/2091/550 4593/2090/549
f 2641/1456/191 2645/1458/190 4593/2090/549
f 2635/1459/195 4597/2203/553 4595/2201/551
f 2628/1447/198 2625/1445/200 4597/2203/553
f 4598/2204/554 4588/2205/544 4589/2206/620
f 1055/811/63 1052/812/65 4599/2115/607
f 4599/2115/607 1052/812/65 4573/2131/618
f 4600/2124/599 4599/2115/607 4573/2131/618
f 4601/481/14 632/495/14 4602/2188/616
f 4603/2188/616 632/495/16 4604/2207/600
f 4605/2189/599 4606/2188/622 4604/2207/600
f 4600/2124/599 4573/2131/618 4607/2132/599
f 4604/2208/600 4600/2209/599 4608/2210/599
f 600/463/12 599/462/12 4609/2211/20
f 4609/2211/20 599/462/12 4584/2191/20
f 580/448/10 4609/2211/20 4584/2191/20
f 4584/2191/20 578/447/10 580/448/10
f 4610/2212/594 4611/2213/19 4612/2214/595
f 4610/2212/594 637/499/14 4611/2213/19
f 4613/2215/596 638/503/47 636/498/15
f 4613/2215/596 4614/2216/597 4615/2217/598
f 4615/2218/598 4600/2219/599 4604/2207/600
f 4615/2217/598 4614/2216/597 4616/2220/601
f 4617/2221/602 4612/2214/595 4618/2222/623
f 4617/2221/602 4619/2223/604 4620/2224/605
f 4621/2114/624 4599/2115/607 4622/2116/608
f 4621/2114/624 1055/811/63 4599/2115/607
f 4623/2225/609 4619/2223/604 4624/2226/610
f 4623/2119/609 4622/2116/608 4619/2120/604
f 4624/2226/610 2667/1460/176 2664/1467/178
f 4624/2226/610 4618/2222/623 2674/1465/173
f 4614/2216/597 4620/2224/605 4616/2220/601
f 4614/2216/597 4625/2227/611 4612/2214/595
f 4617/2221/602 4620/2224/605 4612/2214/595
f 4619/2120/604 4622/2116/608 4620/2122/605
f 4618/2222/623 4612/2214/595 4611/2213/19
f 4624/2226/610 2670/1463/175 2667/1460/176
f 4616/2123/601 4600/2124/599 4615/2125/598
f 4616/2123/601 4599/2115/607 4600/2124/599
f 4621/2114/624 2658/1430/180 2657/1429/184
f 4624/2226/610 4619/2223/604 4617/2221/602
f 4612/2214/595 4625/2227/611 4610/2212/594
f 4612/2214/595 4620/2224/605 4614/2216/597
f 4625/2227/611 4613/2215/596 635/497/14
f 632/504/16 4613/2215/596 4604/2208/600
f 4613/2215/596 4615/2217/598 4604/2208/600
f 4620/2122/605 4622/2116/608 4616/2123/601
f 4622/2116/608 2658/1430/180 4621/2114/624
f 4621/2114/624 2657/1429/184 1055/811/63
f 4616/2123/601 4622/2116/608 4599/2115/607
f 4622/2116/608 2660/1432/225 2658/1430/180
f 2664/1467/178 4623/2225/609 4624/2226/610
f 2660/1432/225 4622/2116/608 4623/2119/609
f 653/519/18 2674/1465/173 4618/2222/623
f 4610/2212/594 4625/2227/611 635/497/14
f 4618/2222/623 4624/2226/610 4617/2221/602
f 635/497/14 4613/2215/596 636/498/15
f 4618/2222/623 4611/2213/19 653/519/18
f 638/503/47 4613/2215/596 632/504/16
f 4625/2227/611 4614/2216/597 4613/2215/596
f 637/499/14 4610/2212/594 635/497/14
f 2660/1432/225 4623/2119/609 2664/1435/178
f 4624/2226/610 2674/1465/173 2670/1463/175
f 4626/2228/625 4609/2211/20 4627/2229/626
f 4626/2228/625 600/463/12 4609/2211/20
f 4628/2230/557 609/480/12 608/476/12
f 4628/2230/557 4629/2231/558 4630/2232/559
f 4630/2233/559 4631/2234/560 4632/2235/561
f 4630/2232/559 4629/2231/558 4633/2236/562
f 4634/2237/563 4627/2229/626 4635/2238/564
f 4634/2237/563 4636/2239/565 4637/2240/566
f 4638/2114/627 4639/2115/568 4640/2116/569
f 4638/2114/627 1189/811/57 4639/2115/568
f 4641/2241/570 4636/2239/565 4642/2242/571
f 4641/2119/570 4640/2116/569 4636/2120/565
f 4642/2242/571 2605/1438/216 2602/1443/211
f 4642/2242/571 4635/2238/564 2608/1440/217
f 4629/2231/558 4637/2240/566 4633/2236/562
f 4629/2231/558 4643/2243/572 4627/2229/626
f 4634/2237/563 4637/2240/566 4627/2229/626
f 4636/2120/565 4640/2116/569 4637/2122/566
f 4635/2238/564 4627/2229/626 4609/2211/20
f 4642/2242/571 2606/1439/214 2605/1438/216
f 4633/2123/562 4631/2124/560 4630/2125/559
f 4633/2123/562 4639/2115/568 4631/2124/560
f 4638/2114/627 2595/1430/208 2594/1429/207
f 4642/2242/571 4636/2239/565 4634/2237/563
f 4627/2229/626 4643/2243/572 4626/2228/625
f 4627/2229/626 4637/2240/566 4629/2231/558
f 4643/2243/572 4628/2230/557 607/475/12
f 604/470/12 4628/2230/557 4632/2244/561
f 4628/2230/557 4630/2232/559 4632/2244/561
f 4637/2122/566 4640/2116/569 4633/2123/562
f 607/475/12 600/463/12 4626/2228/625
f 4643/2243/572 607/475/12 4626/2228/625
f 609/480/12 4628/2230/557 604/470/12
f 580/448/10 4635/2238/564 4609/2211/20
f 4643/2243/572 4629/2231/558 4628/2230/557
f 4641/2119/570 2602/1435/211 2597/1432/209
f 4638/2114/627 4640/2116/569 2595/1430/208
f 4641/2241/570 4642/2242/571 2602/1443/211
f 4638/2114/627 2594/1429/207 1189/811/57
f 4633/2123/562 4640/2116/569 4639/2115/568
f 4641/2119/570 2597/1432/209 4640/2116/569
f 4635/2238/564 4642/2242/571 4634/2237/563
f 2606/1439/214 4642/2242/571 2608/1440/217
f 2608/1440/217 4635/2238/564 580/448/10
f 2595/1430/208 4640/2116/569 2597/1432/209
f 607/475/12 4628/2230/557 608/476/12
f 652/518/18 653/519/18 4644/2245/19
f 4644/2245/19 653/519/18 4611/2213/19
f 4611/2213/19 637/499/14 640/507/14
f 4611/2213/19 640/507/14 4644/2245/19
f 604/472/12 4645/2246/561 606/473/12
f 604/472/12 4632/2235/561 4645/2246/561
f 4632/2244/561 4631/2247/560 4646/2248/560
f 4645/2246/561 4632/2235/561 4646/2249/560
f 4639/2115/568 1189/811/57 1187/812/57
f 4647/2131/568 4639/2115/568 1187/812/57
f 4647/2131/568 4631/2124/560 4639/2115/568
f 4646/2132/560 4631/2124/560 4647/2131/568
f 4648/2250/628 4644/2245/19 640/507/14
f 4648/2250/628 4649/2251/580 4650/2252/581
f 4651/2253/582 639/512/14 4652/2254/575
f 4651/2255/582 641/508/48 639/506/14
f 4653/2083/583 4654/2075/576 4655/2084/584
f 4653/2256/583 4652/2254/575 4654/2257/576
f 4656/2258/629 4650/2252/581 4657/2259/586
f 4656/2258/629 4658/2260/630 4650/2252/581
f 4659/2090/631 4660/2071/578 1183/810/57
f 4659/2090/631 4661/2091/589 4660/2071/578
f 4662/2261/590 4663/2262/632 4657/2259/586
f 4662/2261/590 4664/2263/592 4663/2262/632
f 4664/2263/592 2691/1473/161 2689/1471/160
f 2697/1454/171 4662/2095/590 4661/2091/589
f 4665/2264/593 4657/2259/586 4650/2252/581
f 4665/2264/593 4651/2255/582 4653/2265/583
f 4662/2095/590 4657/2098/586 4661/2091/589
f 4663/2262/632 4664/2263/592 4656/2258/629
f 4663/2262/632 4656/2258/629 4657/2259/586
f 4658/2260/630 4644/2245/19 4650/2252/581
f 4655/2084/584 4654/2075/576 4660/2071/578
f 4655/2266/584 4657/2259/586 4665/2264/593
f 4661/2091/589 2703/1458/154 2697/1454/171
f 2701/1456/152 4659/2090/631 1183/810/57
f 4650/2252/581 4649/2251/580 4665/2264/593
f 4650/2252/581 4644/2245/19 4648/2250/628
f 4665/2264/593 4649/2251/580 4651/2255/582
f 642/509/14 4648/2250/628 640/507/14
f 4661/2091/589 4655/2084/584 4660/2071/578
f 2696/1453/157 4662/2095/590 2697/1454/171
f 4644/2245/19 4658/2260/630 652/518/18
f 652/518/18 4658/2260/630 2686/1469/168
f 4656/2258/629 4664/2263/592 4658/2260/630
f 2686/1469/168 4664/2263/592 2689/1471/160
f 2686/1469/168 4658/2260/630 4664/2263/592
f 2696/1475/157 2691/1473/161 4664/2263/592
f 4659/2090/631 2701/1456/152 2703/1458/154
f 2696/1475/157 4664/2263/592 4662/2261/590
f 4653/2265/583 4655/2266/584 4665/2264/593
f 4652/2267/575 639/506/14 634/505/14
f 4649/2251/580 642/509/14 4651/2255/582
f 641/508/48 4651/2255/582 642/509/14
f 642/509/14 4649/2251/580 4648/2250/628
f 4652/2267/575 4653/2265/583 4651/2255/582
f 4655/2084/584 4661/2091/589 4657/2098/586
f 4661/2091/589 4659/2090/631 2703/1458/154
f 612/482/6 4666/473/6 4667/2268/573
f 4667/2268/248 4668/2246/248 4669/2269/249
f 4669/2269/249 4670/2246/248 4671/2249/249
f 4672/2135/250 4673/2132/249 4647/2131/568
f 4647/2131/568 1187/812/57 1186/786/78
f 4672/2135/250 4647/2131/568 1186/786/78
f 4674/2246/573 4667/2268/573 4675/473/6
f 4669/2136/249 4676/2132/249 4672/2135/250
f 4672/2135/250 1186/786/78 4660/2071/578
f 4660/2071/578 1186/786/78 1183/810/57
f 4654/2075/576 4672/2135/250 4660/2071/578
f 4654/2075/576 4677/2136/576 4672/2135/250
f 4678/2268/633 634/496/14 4679/482/14
f 4680/2268/574 4652/2254/575 634/496/14
f 4681/2268/575 4682/2269/576 4652/2254/577
f 4683/2270/576 4654/2271/576 4652/2267/575
f 550/422/6 4684/494/634 4685/2272/635
f 4685/2272/635 4686/494/634 4687/2273/636
f 4688/2274/637 4685/2272/635 4687/2273/636
f 4689/2275/638 4688/2274/637 4687/2273/636
f 1158/826/73 4690/2276/639 1160/827/73
f 4691/2277/640 4689/2278/638 4690/2276/639
f 1158/826/73 4691/2277/640 4690/2276/639
f 550/422/6 548/420/6 4692/494/641
f 4688/2279/637 4689/2278/638 4691/2277/640
f 4693/2280/642 1158/826/73 1203/833/79
f 4693/2280/642 4691/2277/640 1158/826/73
f 4694/2281/643 4685/2272/635 4695/2282/257
f 4695/2283/257 4688/2279/637 4696/2284/644
f 4696/2284/644 4688/2279/637 4691/2277/640
f 4696/2284/644 4693/2280/642 1203/833/79
f 4696/2284/644 4691/2277/640 4693/2280/642
f 4685/2272/635 4688/2274/637 4695/2282/257
f 4685/2272/635 4694/2281/643 550/422/6
f 1162/828/73 1160/827/73 4697/2285/645
f 4697/2285/645 1160/827/73 4690/2276/639
f 4698/2286/646 4697/2287/645 4690/2288/639
f 622/488/14 4699/2289/647 631/2290/14
f 4700/2289/648 622/488/14 4701/2291/649
f 4689/2292/638 4702/2289/650 4701/2291/649
f 4698/2286/646 4689/2292/638 4701/2291/649
f 4698/2286/646 4690/2288/639 4689/2292/638
f 549/421/6 550/422/6 4703/2293/255
f 4703/2293/255 550/422/6 4694/2281/643
f 4704/2294/257 4703/2293/255 4694/2281/643
f 4695/2282/257 4704/2294/257 4694/2281/643
f 4695/2283/257 4705/2295/256 4704/2296/257
f 4696/2284/644 1203/833/79 1202/832/63
f 4696/2284/644 4705/2295/256 4695/2283/257
f 1202/832/63 4705/2295/256 4696/2284/644
f 4706/2297/651 4701/2291/649 627/492/14
f 4706/2297/651 4698/2286/646 4701/2291/649
f 4707/2298/652 4708/2299/653 4709/2300/654
f 4707/2298/652 4697/2287/645 4708/2299/653
f 4709/2300/654 2719/1480/230 2717/1478/229
f 4709/2300/654 4710/2301/19 645/513/18
f 4706/2297/651 4708/2299/653 4698/2286/646
f 4711/2302/655 4710/2301/19 4709/2300/654
f 4711/2302/655 4708/2299/653 4706/2297/651
f 4708/2299/653 4697/2287/645 4698/2286/646
f 4697/2285/645 2716/1435/178 1162/828/73
f 645/513/18 2719/1480/230 4709/2300/654
f 627/492/14 4711/2302/655 4706/2297/651
f 2717/1478/229 4707/2298/652 4709/2300/654
f 4711/2302/655 620/487/14 4710/2301/19
f 627/492/14 4701/2291/649 622/488/14
f 620/487/14 4711/2302/655 626/491/14
f 626/491/14 4711/2302/655 627/492/14
f 4709/2300/654 4708/2299/653 4711/2302/655
f 4707/2298/652 2717/1478/229 2716/1477/178
f 4697/2287/645 4707/2298/652 2716/1477/178
f 4712/2303/656 1202/832/63 1181/822/77
f 4712/2303/656 4705/2295/256 1202/832/63
f 4713/2304/657 4703/2293/255 4714/2305/658
f 4714/2306/658 4704/2296/257 4715/2307/659
f 4715/2307/659 4704/2296/257 4705/2295/256
f 4715/2307/659 4712/2303/656 1181/822/77
f 4715/2307/659 4705/2295/256 4712/2303/656
f 4703/2293/255 4704/2294/257 4714/2305/658
f 4703/2293/255 4713/2304/657 549/421/6
f 620/487/14 617/485/16 4710/2301/19
f 4710/2301/19 617/485/16 4716/2308/19
f 645/513/18 4710/2301/19 4716/2308/19
f 4716/2308/19 646/514/25 645/513/18
f 4717/455/660 549/421/6 4713/2304/657
f 4718/455/661 539/411/6 549/421/6
f 4719/455/660 4713/2304/657 4720/2309/662
f 4720/2309/662 4714/2305/658 4721/2310/663
f 4720/2309/662 4713/2304/657 4714/2305/658
f 1181/822/77 1176/820/76 4722/2311/664
f 4715/2307/659 4722/2311/664 4721/2312/663
f 1181/822/77 4722/2311/664 4715/2307/659
f 4721/2312/663 4714/2306/658 4715/2307/659
f 4723/2313/665 4724/2314/666 4725/2315/667
f 4723/2313/665 4726/2316/668 78/72/14
f 4727/2317/669 4728/2318/670 4729/2319/671
f 4727/2317/669 4730/2320/672 4728/2318/670
f 4730/2320/672 2761/1495/237 93/82/18
f 2766/1499/157 4727/2317/669 4729/2319/671
f 4726/2316/668 4728/2318/670 4730/2320/672
f 4723/2313/665 78/72/14 4724/2314/666
f 4728/2318/670 4725/2315/667 4729/2319/671
f 4726/2316/668 96/84/19 76/70/14
f 96/84/19 4730/2320/672 93/82/18
f 96/84/19 4726/2316/668 4730/2320/672
f 1132/821/70 2766/1453/157 4729/2321/671
f 4730/2320/672 4727/2317/669 2764/1497/238
f 4723/2313/665 4728/2318/670 4726/2316/668
f 4723/2313/665 4725/2315/667 4728/2318/670
f 78/72/14 4726/2316/668 84/77/14
f 84/77/14 4726/2316/668 76/70/14
f 4724/2314/666 78/72/14 77/71/14
f 4727/2317/669 2766/1499/157 2764/1497/238
f 2761/1495/237 4730/2320/672 2764/1497/238
f 584/452/12 588/2322/12 4731/2323/673
f 4732/2324/674 4733/2323/674 4721/2325/663
f 4734/2326/675 4721/2325/663 4722/2327/664
f 4735/2328/676 4734/2326/675 4722/2327/664
f 1173/821/76 4735/2321/676 1176/820/76
f 4732/2324/674 4721/2325/663 4734/2326/675
f 1176/820/76 4735/2321/676 4722/2311/664
f 4732/2324/674 584/452/12 4736/2323/673
f 1130/820/70 1132/821/70 4729/2321/671
f 4737/2311/677 1130/820/70 4729/2321/671
f 4725/2315/667 4737/2329/677 4729/2319/671
f 4725/2315/667 4738/2330/678 4737/2329/677
f 4739/2331/679 77/71/14 81/2332/14
f 4739/2331/679 4724/2314/666 77/71/14
f 4739/2331/679 4738/2330/678 4724/2314/666
f 4738/2330/678 4725/2315/667 4724/2314/666
f 4740/2333/680 4732/2324/674 4734/2326/675
f 4740/2333/680 4741/2334/681 585/453/12
f 4742/2335/682 4743/2336/683 4735/2328/676
f 4742/2335/682 4744/2337/684 4743/2336/683
f 4744/2337/684 2731/1483/234 573/443/10
f 2736/1487/195 4742/2335/682 4735/2328/676
f 4741/2334/681 4743/2336/683 4744/2337/684
f 4740/2333/680 585/453/12 4732/2324/674
f 4743/2336/683 4734/2326/675 4735/2328/676
f 4741/2334/681 4745/2338/20 583/451/12
f 4743/2336/683 4740/2333/680 4734/2326/675
f 585/453/12 584/452/12 4732/2324/674
f 591/458/12 585/453/12 4741/2334/681
f 583/451/12 591/458/12 4741/2334/681
f 2736/1487/195 2734/1485/233 4742/2335/682
f 4744/2337/684 573/443/10 4745/2338/20
f 2734/1485/233 4744/2337/684 4742/2335/682
f 2736/1453/195 4735/2321/676 1173/821/76
f 4745/2338/20 4741/2334/681 4744/2337/684
f 2731/1483/234 4744/2337/684 2734/1485/233
f 4741/2334/681 4740/2333/680 4743/2336/683
f 4746/2339/685 4747/74/686 4748/2340/687
f 4749/2341/688 4738/2342/678 4750/2339/689
f 4751/2307/690 4737/2311/677 4738/2312/678
f 4749/2306/688 4751/2307/690 4738/2312/678
f 1133/822/70 1130/820/70 4737/2311/677
f 51/51/6 4752/74/691 40/40/6
f 51/51/6 4748/2340/692 4753/74/686
f 4754/2339/685 4748/2340/692 4749/2341/688
f 1133/822/70 4737/2311/677 4751/2307/690
f 573/443/10 575/444/10 4745/2338/20
f 4745/2338/20 575/444/10 4755/2343/20
f 4755/2343/20 581/449/12 583/451/12
f 4755/2343/20 583/451/12 4745/2338/20
f 4756/2303/693 1153/832/56 1133/822/70
f 4756/2303/693 4757/2295/694 1153/832/56
f 4757/2295/694 4751/2307/690 4758/2296/249
f 4751/2307/690 4756/2303/693 1133/822/70
f 4759/2344/695 4749/2341/688 4748/2340/692
f 4749/2306/688 4758/2296/249 4751/2307/690
f 4748/2340/692 51/51/6 4759/2344/695
f 4758/2345/249 4749/2341/688 4759/2344/695
f 4757/2295/694 4756/2303/693 4751/2307/690
f 4760/2346/696 4761/2347/697 69/65/12
f 4760/2346/696 4762/2348/698 4761/2347/697
f 4763/2349/699 4764/2350/700 4765/2351/701
f 4763/2349/699 4766/2352/702 4764/2350/700
f 4765/2351/701 2749/1492/236 2747/1490/235
f 4765/2351/701 98/86/20 52/52/10
f 4760/2346/696 4764/2350/700 4762/2348/698
f 4767/2353/703 98/86/20 4765/2351/701
f 4767/2353/703 4764/2350/700 4760/2346/696
f 4764/2350/700 4766/2352/702 4762/2348/698
f 68/64/12 62/60/12 4767/2353/703
f 4767/2353/703 62/60/12 98/86/20
f 69/65/12 4761/2347/697 64/61/12
f 4767/2353/703 69/65/12 68/64/12
f 4764/2350/700 4767/2353/703 4765/2351/701
f 2747/1490/235 4763/2349/699 4765/2351/701
f 2746/1435/211 1145/828/71 4766/2285/702
f 2747/1490/235 2746/1489/211 4763/2349/699
f 2749/1492/236 4765/2351/701 52/52/10
f 4766/2352/702 4763/2349/699 2746/1489/211
f 4760/2346/696 69/65/12 4767/2353/703
f 1154/833/59 1153/832/56 4768/2284/250
f 4757/2295/694 4769/2283/249 4768/2284/250
f 1153/832/56 4757/2295/694 4768/2284/250
f 51/51/6 50/50/6 4759/2344/695
f 4759/2344/695 50/50/6 4770/2354/248
f 4758/2345/249 4759/2344/695 4770/2354/248
f 4769/2355/249 4758/2345/249 4770/2354/248
f 4757/2295/694 4758/2296/249 4769/2283/249
f 64/61/12 4771/2356/704 73/2357/12
f 64/61/12 4761/2347/697 4771/2356/704
f 4762/2348/698 4772/2358/705 4773/2359/706
f 4761/2347/697 4762/2348/698 4773/2359/706
f 4766/2285/702 1145/828/71 1143/827/71
f 4772/2276/705 4766/2285/702 1143/827/71
f 4772/2358/705 4762/2348/698 4766/2352/702
f 4761/2347/697 4773/2359/706 4771/2356/704
f 4774/2280/707 1141/826/71 1154/833/59
f 4774/2280/707 4775/2277/708 1141/826/71
f 4775/2277/708 4768/2284/250 4776/2279/709
f 4768/2284/250 4774/2280/707 1154/833/59
f 4777/2360/710 4769/2355/249 4770/2354/248
f 4769/2283/249 4776/2279/709 4768/2284/250
f 4770/2354/248 50/50/6 4777/2360/710
f 4776/2361/709 4769/2355/249 4777/2360/710
f 4775/2277/708 4774/2280/707 4768/2284/250
f 50/50/6 4778/67/711 4777/2360/710
f 4777/2360/712 4779/67/711 4780/2362/713
f 4776/2361/709 4777/2360/710 4781/2362/713
f 4773/2363/706 4776/2361/709 4782/2362/714
f 1141/826/71 4772/2276/705 1143/827/71
f 4775/2277/708 4773/2278/706 4772/2276/705
f 1141/826/71 4775/2277/708 4772/2276/705
f 50/50/6 48/48/6 4783/67/715
f 4776/2279/709 4773/2278/706 4775/2277/708
f 4784/2364/63 4785/2365/63 4786/787/63
f 4787/2365/63 4788/785/63 4789/787/63
f 4790/785/63 4791/42/63 4792/787/63
f 4793/2366/63 4794/46/63 4795/785/63
f 4796/2367/63 4797/2366/63 4798/2368/63
f 4799/785/63 4800/2368/63 4801/2366/63
f 4802/2367/63 4803/2369/63 4804/2366/63
f 4805/42/63 4806/44/63 4807/787/63
f 4808/44/63 4809/2370/63 4810/787/63
f 4811/2370/63 4812/2371/63 4813/787/63
f 4814/2372/63 4815/2373/63 4816/2370/63
f 4817/2373/63 4818/2371/63 4819/2370/63
f 4820/42/63 4821/785/63 4822/46/63
f 4823/307/6 4824/2374/6 4825/13/6
f 4826/2374/6 4827/2375/6 4828/13/6
f 4829/2375/8 4830/2376/8 4831/13/8
f 4832/2376/7 4833/591/7 4834/13/7
f 4835/591/6 4836/18/6 4837/13/6
f 4838/18/9 4839/591/9 4840/2377/9
f 4841/18/7 4842/2377/7 4843/2378/7
f 4844/18/6 4845/2378/6 4846/2379/6
f 4847/187/6 4848/18/6 4849/2379/6
f 4850/785/57 4851/46/57 4852/42/57
f 4853/785/57 4854/787/57 4855/2365/57
f 4856/2367/57 4857/2366/57 4858/2368/57
f 4859/46/57 4860/785/57 4861/2366/57
f 4862/2367/57 4863/2369/57 4864/2366/57
f 4865/42/57 4866/787/57 4867/785/57
f 4868/44/57 4869/2370/57 4870/787/57
f 4871/2370/57 4872/2371/57 4873/787/57
f 4874/2372/57 4875/2373/57 4876/2370/57
f 4877/2373/57 4878/2371/57 4879/2370/57
f 4880/787/57 4881/2364/57 4882/2365/57
f 4883/42/57 4884/44/57 4885/787/57
f 4886/785/57 4887/2368/57 4888/2366/57
f 4889/218/9 4890/2380/9 4891/397/9
f 4892/2380/6 4893/2381/6 4894/397/6
f 4895/2381/6 4896/2382/6 4897/397/6
f 4898/2382/6 4899/613/6 4900/397/6
f 4901/613/6 4902/384/6 4903/397/6
f 4904/384/7 4905/613/7 4906/2383/7
f 4907/384/6 4908/2383/6 4909/2384/6
f 4910/384/6 4911/2384/6 4912/2385/6
f 4913/301/43 4914/384/43 4915/2385/43
