# Blender 4.4.3
# www.blender.org
mtllib Mesh_2.002.mtl
o Mesh_2.002
v 0.015115 0.008945 -0.014559
v 0.015185 0.008945 -0.014559
v 0.015370 0.008945 -0.014519
v 0.015395 0.008945 -0.014559
v 0.015395 0.008945 -0.014544
v 0.015374 0.008945 -0.014520
v 0.015379 0.008945 -0.014521
v 0.015384 0.008945 -0.014524
v 0.015387 0.008945 -0.014527
v 0.015390 0.008945 -0.014530
v 0.015393 0.008945 -0.014535
v 0.015394 0.008945 -0.014539
v 0.015115 0.008945 -0.014519
v 0.015255 0.008945 -0.014559
v 0.015325 0.008945 -0.014559
v 0.015370 0.008955 -0.014519
v 0.015115 0.008955 -0.014519
v 0.015370 0.008945 -0.014519
v 0.015370 0.008945 -0.014519
v 0.015115 0.008945 -0.014519
v 0.015395 0.008955 -0.014559
v 0.015115 0.008955 -0.014559
v 0.015370 0.008955 -0.014519
v 0.015395 0.008955 -0.014544
v 0.015370 0.008955 -0.014519
v 0.015394 0.008955 -0.014539
v 0.015370 0.008955 -0.014519
v 0.015393 0.008955 -0.014535
v 0.015370 0.008955 -0.014519
v 0.015390 0.008955 -0.014530
v 0.015370 0.008955 -0.014519
v 0.015387 0.008955 -0.014527
v 0.015379 0.008955 -0.014521
v 0.015384 0.008955 -0.014524
v 0.015370 0.008955 -0.014519
v 0.015370 0.008955 -0.014519
v 0.015374 0.008955 -0.014520
v 0.015370 0.008955 -0.014519
v 0.015370 0.008955 -0.014519
v 0.015115 0.008955 -0.014519
v 0.015370 0.008955 -0.014519
v 0.015115 0.008958 -0.014564
v 0.015395 0.008960 -0.014564
v 0.015115 0.008960 -0.014564
v 0.015395 0.008958 -0.014564
v 0.015115 0.008957 -0.014563
v 0.015395 0.008956 -0.014561
v 0.015115 0.008956 -0.014561
v 0.015395 0.008957 -0.014563
v 0.015231 0.008946 -0.014564
v 0.015240 0.008947 -0.014567
v 0.015255 0.008946 -0.014564
v 0.015199 0.008947 -0.014566
v 0.015216 0.008948 -0.014569
v 0.015265 0.008950 -0.014571
v 0.015270 0.008947 -0.014567
v 0.015276 0.008953 -0.014573
v 0.015293 0.008950 -0.014570
v 0.015151 0.008958 -0.014574
v 0.015155 0.008953 -0.014572
v 0.015115 0.008954 -0.014573
v 0.015182 0.008960 -0.014574
v 0.015184 0.008956 -0.014574
v 0.015301 0.008951 -0.014571
v 0.015301 0.008956 -0.014574
v 0.015330 0.008953 -0.014572
v 0.015356 0.008945 -0.014562
v 0.015348 0.008947 -0.014567
v 0.015395 0.008946 -0.014565
v 0.015319 0.008946 -0.014563
v 0.015361 0.008954 -0.014573
v 0.015357 0.008951 -0.014571
v 0.015395 0.008960 -0.014574
v 0.015395 0.008954 -0.014573
v 0.015395 0.008950 -0.014570
v 0.015167 0.008948 -0.014569
v 0.015115 0.008950 -0.014570
v 0.015187 0.008954 -0.014573
v 0.015196 0.008948 -0.014568
v 0.015179 0.008946 -0.014563
v 0.015195 0.008952 -0.014572
v 0.015199 0.008952 -0.014572
v 0.015191 0.008952 -0.014572
v 0.015115 0.008946 -0.014565
v 0.015247 0.008957 -0.014574
v 0.015248 0.008951 -0.014571
v 0.015203 0.008954 -0.014573
v 0.015287 0.008960 -0.014574
v 0.015308 0.008949 -0.014569
v 0.015309 0.008960 -0.014574
v 0.015206 0.008956 -0.014574
v 0.015247 0.008960 -0.014574
v 0.015207 0.008960 -0.014574
v 0.015115 0.008960 -0.014574
v 0.015267 0.008960 -0.014574
v 0.015277 0.008960 -0.014574
v 0.015282 0.008960 -0.014574
v 0.015285 0.008960 -0.014574
v 0.015284 0.008963 -0.014574
v 0.015277 0.008998 -0.014574
v 0.015267 0.008998 -0.014574
v 0.015284 0.008997 -0.014574
v 0.015282 0.008998 -0.014574
v 0.015285 0.008998 -0.014574
v 0.015284 0.008996 -0.014574
v 0.015284 0.008961 -0.014574
v 0.015284 0.008962 -0.014574
v 0.015247 0.008998 -0.014574
v 0.015207 0.008998 -0.014574
v 0.015284 0.008995 -0.014574
v 0.015287 0.008998 -0.014574
v 0.014895 0.008998 -0.014574
v 0.014875 0.008964 -0.014574
v 0.014807 0.008998 -0.014574
v 0.014982 0.008964 -0.014574
v 0.014982 0.008998 -0.014574
v 0.014807 0.008960 -0.014574
v 0.014875 0.008960 -0.014574
v 0.015115 0.008964 -0.014574
v 0.015182 0.008998 -0.014574
v 0.015095 0.008998 -0.014574
v 0.015007 0.008998 -0.014574
v 0.015007 0.008964 -0.014574
v 0.015235 0.009013 -0.014511
v 0.015042 0.009013 -0.014511
v 0.015234 0.009013 -0.014511
v 0.015236 0.009013 -0.014511
v 0.015042 0.009013 -0.014511
v 0.015043 0.009013 -0.014511
v 0.015234 0.009013 -0.014510
v 0.015043 0.009013 -0.014510
v 0.015234 0.009013 -0.014509
v 0.015044 0.009013 -0.014509
v 0.015234 0.009013 -0.014476
v 0.015044 0.009013 -0.014476
v 0.015043 0.009013 -0.014476
v 0.015234 0.009013 -0.014476
v 0.015236 0.009013 -0.014474
v 0.015370 0.009013 -0.014444
v 0.015242 0.009013 -0.014474
v 0.015242 0.009013 -0.014474
v 0.015042 0.009013 -0.014474
v 0.015243 0.009013 -0.014475
v 0.015243 0.009013 -0.014476
v 0.015244 0.009013 -0.014476
v 0.015244 0.009013 -0.014509
v 0.015043 0.009013 -0.014475
v 0.015234 0.009013 -0.014475
v 0.015395 0.009013 -0.014469
v 0.015395 0.009013 -0.014559
v 0.015242 0.009013 -0.014511
v 0.015242 0.009013 -0.014511
v 0.015243 0.009013 -0.014511
v 0.015243 0.009013 -0.014510
v 0.014947 0.009013 -0.014511
v 0.014754 0.009013 -0.014511
v 0.014946 0.009013 -0.014511
v 0.014948 0.009013 -0.014511
v 0.014754 0.009013 -0.014511
v 0.014755 0.009013 -0.014511
v 0.014946 0.009013 -0.014510
v 0.014755 0.009013 -0.014510
v 0.014946 0.009013 -0.014509
v 0.014756 0.009013 -0.014509
v 0.014946 0.009013 -0.014476
v 0.014756 0.009013 -0.014476
v 0.014755 0.009013 -0.014476
v 0.014946 0.009013 -0.014476
v 0.014948 0.009013 -0.014474
v 0.014620 0.009013 -0.014444
v 0.014954 0.009013 -0.014474
v 0.015036 0.009013 -0.014474
v 0.014954 0.009013 -0.014474
v 0.015035 0.009013 -0.014474
v 0.014955 0.009013 -0.014475
v 0.015034 0.009013 -0.014475
v 0.015034 0.009013 -0.014476
v 0.014955 0.009013 -0.014476
v 0.014755 0.009013 -0.014475
v 0.014946 0.009013 -0.014475
v 0.015034 0.009013 -0.014476
v 0.014956 0.009013 -0.014476
v 0.014956 0.009013 -0.014509
v 0.015034 0.009013 -0.014510
v 0.015034 0.009013 -0.014511
v 0.014955 0.009013 -0.014510
v 0.014954 0.009013 -0.014511
v 0.015035 0.009013 -0.014511
v 0.015036 0.009013 -0.014511
v 0.014595 0.009013 -0.014559
v 0.015034 0.009013 -0.014509
v 0.015394 0.009013 -0.014464
v 0.015393 0.009013 -0.014460
v 0.015390 0.009013 -0.014455
v 0.015387 0.009013 -0.014452
v 0.015379 0.009013 -0.014446
v 0.015384 0.009013 -0.014449
v 0.015374 0.009013 -0.014445
v 0.015235 0.009013 -0.014474
v 0.014748 0.009013 -0.014474
v 0.014747 0.009013 -0.014474
v 0.014746 0.009013 -0.014476
v 0.014746 0.009013 -0.014476
v 0.014746 0.009013 -0.014475
v 0.014746 0.009013 -0.014509
v 0.014595 0.009013 -0.014469
v 0.014615 0.009013 -0.014445
v 0.014610 0.009013 -0.014446
v 0.014595 0.009013 -0.014464
v 0.014597 0.009013 -0.014460
v 0.014954 0.009013 -0.014511
v 0.014955 0.009013 -0.014511
v 0.014947 0.009013 -0.014474
v 0.014754 0.009013 -0.014474
v 0.014754 0.009013 -0.014474
v 0.015042 0.009013 -0.014474
v 0.014747 0.009013 -0.014511
v 0.014746 0.009013 -0.014511
v 0.014748 0.009013 -0.014511
v 0.014746 0.009013 -0.014510
v 0.014606 0.009013 -0.014449
v 0.014599 0.009013 -0.014455
v 0.014602 0.009013 -0.014452
v 0.015295 0.009013 -0.014559
v 0.014895 0.009013 -0.014559
v 0.014995 0.009013 -0.014559
v 0.014695 0.009013 -0.014559
v 0.014795 0.009013 -0.014559
v 0.015095 0.009013 -0.014559
v 0.015195 0.009013 -0.014559
v 0.014708 0.008998 -0.014574
v 0.014704 0.008998 -0.014574
v 0.014703 0.008998 -0.014574
v 0.014713 0.008998 -0.014574
v 0.014706 0.008995 -0.014574
v 0.014723 0.008998 -0.014574
v 0.014713 0.008960 -0.014574
v 0.014743 0.008998 -0.014574
v 0.014723 0.008960 -0.014574
v 0.014705 0.008961 -0.014574
v 0.014708 0.008960 -0.014574
v 0.014704 0.008960 -0.014574
v 0.014705 0.008962 -0.014574
v 0.014705 0.008997 -0.014574
v 0.014705 0.008996 -0.014574
v 0.014743 0.008960 -0.014574
v 0.014782 0.008998 -0.014574
v 0.014782 0.008960 -0.014574
v 0.014706 0.008963 -0.014574
v 0.014703 0.008960 -0.014574
v 0.015395 0.008998 -0.014574
v 0.015309 0.008998 -0.014574
v 0.014595 0.008960 -0.014574
v 0.014595 0.008998 -0.014574
v 0.014681 0.008960 -0.014574
v 0.014681 0.008998 -0.014574
v 0.015379 0.009003 -0.014446
v 0.015374 0.009003 -0.014445
v 0.015370 0.009003 -0.014444
v 0.015384 0.009003 -0.014449
v 0.015387 0.009003 -0.014452
v 0.015390 0.009003 -0.014455
v 0.015393 0.009003 -0.014460
v 0.015394 0.009003 -0.014464
v 0.015395 0.009003 -0.014469
v 0.014645 0.009003 -0.014559
v 0.014595 0.009003 -0.014559
v 0.014595 0.009003 -0.014469
v 0.014620 0.009003 -0.014444
v 0.014595 0.009003 -0.014464
v 0.014597 0.009003 -0.014460
v 0.014599 0.009003 -0.014455
v 0.014602 0.009003 -0.014452
v 0.014610 0.009003 -0.014446
v 0.014606 0.009003 -0.014449
v 0.014615 0.009003 -0.014445
v 0.015395 0.009003 -0.014559
v 0.015045 0.009003 -0.014559
v 0.014995 0.009003 -0.014559
v 0.014845 0.009003 -0.014559
v 0.014795 0.009003 -0.014559
v 0.015245 0.009003 -0.014559
v 0.015195 0.009003 -0.014559
v 0.015145 0.009003 -0.014559
v 0.015095 0.009003 -0.014559
v 0.014945 0.009003 -0.014559
v 0.014895 0.009003 -0.014559
v 0.015345 0.009003 -0.014559
v 0.015295 0.009003 -0.014559
v 0.014745 0.009003 -0.014559
v 0.014695 0.009003 -0.014559
v 0.015370 0.009003 -0.014444
v 0.015370 0.009013 -0.014444
v 0.014620 0.009003 -0.014444
v 0.014620 0.009003 -0.014444
v 0.015370 0.009013 -0.014444
v 0.014620 0.009013 -0.014444
v 0.014595 0.008945 -0.014559
v 0.014665 0.008945 -0.014559
v 0.014620 0.008945 -0.014519
v 0.014595 0.008945 -0.014544
v 0.014595 0.008945 -0.014539
v 0.014597 0.008945 -0.014535
v 0.014599 0.008945 -0.014530
v 0.014602 0.008945 -0.014527
v 0.014610 0.008945 -0.014521
v 0.014606 0.008945 -0.014524
v 0.014615 0.008945 -0.014520
v 0.014875 0.008945 -0.014559
v 0.014875 0.008945 -0.014519
v 0.014735 0.008945 -0.014559
v 0.014620 0.008945 -0.014519
v 0.014875 0.008945 -0.014519
v 0.014620 0.008955 -0.014519
v 0.014875 0.008945 -0.014519
v 0.014875 0.008955 -0.014519
v 0.014875 0.008955 -0.014559
v 0.014595 0.008955 -0.014559
v 0.014620 0.008955 -0.014519
v 0.014620 0.008955 -0.014519
v 0.014595 0.008955 -0.014544
v 0.014615 0.008955 -0.014520
v 0.014620 0.008955 -0.014519
v 0.014610 0.008955 -0.014521
v 0.014606 0.008955 -0.014524
v 0.014602 0.008955 -0.014527
v 0.014599 0.008955 -0.014530
v 0.014597 0.008955 -0.014535
v 0.014595 0.008955 -0.014539
v 0.014620 0.008955 -0.014519
v 0.014875 0.008955 -0.014519
v 0.014995 0.008964 -0.014564
v 0.014995 0.008998 -0.014564
v 0.014875 0.008964 -0.014564
v 0.014945 0.008998 -0.014564
v 0.015145 0.008998 -0.014564
v 0.015115 0.008964 -0.014564
v 0.015195 0.008998 -0.014564
v 0.014795 0.008998 -0.014564
v 0.014745 0.008998 -0.014564
v 0.014595 0.008960 -0.014564
v 0.014875 0.008960 -0.014564
v 0.015395 0.008998 -0.014564
v 0.015345 0.008998 -0.014564
v 0.015045 0.008998 -0.014564
v 0.015095 0.008998 -0.014564
v 0.014845 0.008998 -0.014564
v 0.014895 0.008998 -0.014564
v 0.015295 0.008998 -0.014564
v 0.015245 0.008998 -0.014564
v 0.014695 0.008998 -0.014564
v 0.014645 0.008998 -0.014564
v 0.014595 0.008998 -0.014564
v 0.015395 0.008945 -0.014544
v 0.015395 0.008945 -0.014559
v 0.015395 0.008955 -0.014559
v 0.015395 0.008950 -0.014570
v 0.015395 0.008957 -0.014563
v 0.015395 0.008956 -0.014561
v 0.015395 0.008954 -0.014573
v 0.015395 0.008958 -0.014564
v 0.015395 0.008957 -0.014563
v 0.015395 0.008955 -0.014559
v 0.015395 0.008945 -0.014559
v 0.015395 0.008946 -0.014565
v 0.015395 0.008960 -0.014574
v 0.015395 0.008998 -0.014574
v 0.015395 0.008960 -0.014564
v 0.015395 0.009004 -0.014573
v 0.015395 0.008998 -0.014564
v 0.015395 0.008998 -0.014574
v 0.015395 0.009009 -0.014570
v 0.015395 0.009002 -0.014563
v 0.015395 0.009000 -0.014564
v 0.015395 0.009012 -0.014565
v 0.015395 0.009003 -0.014561
v 0.015395 0.009013 -0.014559
v 0.015395 0.009013 -0.014469
v 0.015395 0.009003 -0.014559
v 0.015395 0.009013 -0.014469
v 0.015395 0.009003 -0.014469
v 0.015395 0.009003 -0.014559
v 0.015395 0.009003 -0.014559
v 0.015395 0.009013 -0.014559
v 0.015395 0.009013 -0.014559
v 0.015395 0.008955 -0.014544
v 0.015395 0.008945 -0.014544
v 0.015395 0.008955 -0.014559
v 0.015395 0.008958 -0.014564
v 0.015395 0.008954 -0.014573
v 0.015395 0.008960 -0.014574
v 0.015395 0.008958 -0.014564
v 0.015395 0.008960 -0.014574
v 0.015395 0.008960 -0.014564
v 0.015395 0.008957 -0.014563
v 0.015395 0.008950 -0.014570
v 0.015395 0.008954 -0.014573
v 0.015395 0.008998 -0.014574
v 0.015395 0.008998 -0.014564
v 0.015395 0.008960 -0.014564
v 0.015395 0.008946 -0.014565
v 0.015395 0.008950 -0.014570
v 0.015395 0.008956 -0.014561
v 0.015395 0.008998 -0.014564
v 0.015395 0.008955 -0.014559
v 0.015395 0.008946 -0.014565
v 0.015395 0.008956 -0.014561
v 0.014595 0.008956 -0.014561
v 0.014595 0.008946 -0.014565
v 0.014595 0.008945 -0.014559
v 0.014595 0.008950 -0.014570
v 0.014595 0.008960 -0.014574
v 0.014595 0.008960 -0.014564
v 0.014595 0.008998 -0.014574
v 0.014595 0.008957 -0.014563
v 0.014595 0.008954 -0.014573
v 0.014595 0.009004 -0.014573
v 0.014595 0.008998 -0.014574
v 0.014595 0.008998 -0.014564
v 0.014595 0.009009 -0.014570
v 0.014595 0.009000 -0.014564
v 0.014595 0.009002 -0.014563
v 0.014595 0.009012 -0.014565
v 0.014595 0.009003 -0.014561
v 0.014595 0.009013 -0.014559
v 0.014595 0.009003 -0.014559
v 0.014595 0.009013 -0.014469
v 0.014595 0.009013 -0.014469
v 0.014595 0.009003 -0.014559
v 0.014595 0.009003 -0.014469
v 0.014595 0.009003 -0.014559
v 0.014595 0.009013 -0.014559
v 0.014595 0.009013 -0.014559
v 0.014595 0.008958 -0.014564
v 0.014595 0.008960 -0.014574
v 0.014595 0.008960 -0.014564
v 0.014595 0.008960 -0.014574
v 0.014595 0.008998 -0.014574
v 0.014595 0.008960 -0.014564
v 0.014595 0.008998 -0.014564
v 0.014595 0.008955 -0.014559
v 0.014595 0.008945 -0.014559
v 0.014595 0.008955 -0.014544
v 0.014595 0.008998 -0.014564
v 0.014595 0.008945 -0.014559
v 0.014595 0.008945 -0.014544
v 0.014595 0.008955 -0.014544
v 0.014595 0.008955 -0.014559
v 0.014595 0.008945 -0.014559
v 0.015251 0.009002 -0.014562
v 0.015234 0.009002 -0.014563
v 0.015246 0.009001 -0.014564
v 0.015261 0.009002 -0.014563
v 0.014738 0.009002 -0.014562
v 0.014728 0.009002 -0.014563
v 0.014743 0.009001 -0.014564
v 0.014756 0.009002 -0.014563
v 0.015148 0.009002 -0.014562
v 0.015156 0.009002 -0.014563
v 0.015128 0.009002 -0.014562
v 0.015143 0.009001 -0.014563
v 0.014842 0.009002 -0.014562
v 0.014861 0.009002 -0.014562
v 0.014834 0.009002 -0.014563
v 0.015091 0.009002 -0.014562
v 0.015084 0.009002 -0.014563
v 0.015095 0.009001 -0.014563
v 0.015106 0.009002 -0.014563
v 0.014898 0.009002 -0.014562
v 0.014884 0.009002 -0.014563
v 0.014895 0.009001 -0.014563
v 0.014906 0.009002 -0.014563
v 0.014998 0.009002 -0.014562
v 0.014984 0.009002 -0.014563
v 0.014995 0.009001 -0.014563
v 0.015006 0.009002 -0.014563
v 0.014846 0.009001 -0.014563
v 0.014863 0.009001 -0.014563
v 0.015126 0.009001 -0.014563
v 0.015213 0.009001 -0.014563
v 0.015211 0.009002 -0.014562
v 0.015189 0.009002 -0.014563
v 0.015176 0.009001 -0.014563
v 0.015178 0.009002 -0.014562
v 0.014776 0.009001 -0.014563
v 0.014800 0.009002 -0.014563
v 0.014778 0.009002 -0.014562
v 0.014926 0.009001 -0.014563
v 0.014939 0.009002 -0.014563
v 0.014928 0.009002 -0.014562
v 0.014813 0.009001 -0.014563
v 0.014811 0.009002 -0.014562
v 0.015026 0.009001 -0.014563
v 0.015039 0.009002 -0.014563
v 0.015028 0.009002 -0.014562
v 0.014963 0.009001 -0.014563
v 0.014961 0.009002 -0.014562
v 0.015063 0.009001 -0.014563
v 0.015061 0.009002 -0.014562
v 0.015339 0.009002 -0.014563
v 0.015361 0.009002 -0.014563
v 0.015328 0.009002 -0.014563
v 0.014650 0.009002 -0.014563
v 0.014661 0.009002 -0.014563
v 0.014628 0.009002 -0.014563
v 0.015284 0.009002 -0.014563
v 0.015306 0.009002 -0.014563
v 0.014684 0.009002 -0.014563
v 0.014706 0.009002 -0.014563
v 0.014595 0.009003 -0.014561
v 0.014595 0.009002 -0.014563
v 0.014595 0.009003 -0.014561
v 0.014595 0.009000 -0.014564
v 0.015395 0.009003 -0.014561
v 0.015395 0.009000 -0.014564
v 0.015395 0.009002 -0.014563
v 0.014595 0.009002 -0.014563
v 0.014595 0.009000 -0.014564
v 0.015395 0.009000 -0.014564
v 0.015395 0.009002 -0.014563
v 0.015395 0.009003 -0.014561
v 0.014875 0.008956 -0.014561
v 0.014595 0.008956 -0.014561
v 0.014875 0.008957 -0.014563
v 0.014595 0.008956 -0.014561
v 0.014595 0.008957 -0.014563
v 0.014595 0.008956 -0.014561
v 0.014595 0.008958 -0.014564
v 0.014595 0.008958 -0.014564
v 0.014875 0.008958 -0.014564
v 0.014595 0.008958 -0.014564
v 0.014595 0.008957 -0.014563
v 0.014595 0.008957 -0.014563
v 0.014608 0.009012 -0.014564
v 0.014595 0.009012 -0.014565
v 0.014635 0.009011 -0.014567
v 0.014595 0.009009 -0.014570
v 0.014703 0.009006 -0.014572
v 0.014693 0.009009 -0.014570
v 0.014725 0.009008 -0.014571
v 0.014692 0.009002 -0.014574
v 0.014764 0.009012 -0.014564
v 0.014772 0.009011 -0.014567
v 0.014727 0.009011 -0.014567
v 0.014788 0.009012 -0.014565
v 0.015244 0.009010 -0.014568
v 0.015236 0.009013 -0.014562
v 0.015288 0.009012 -0.014565
v 0.015234 0.009008 -0.014571
v 0.015218 0.009011 -0.014567
v 0.015203 0.009012 -0.014565
v 0.014635 0.009007 -0.014571
v 0.014660 0.009010 -0.014568
v 0.014611 0.009005 -0.014573
v 0.014595 0.009009 -0.014570
v 0.014650 0.009013 -0.014562
v 0.014595 0.009009 -0.014570
v 0.014595 0.009012 -0.014565
v 0.015372 0.009009 -0.014569
v 0.015378 0.009005 -0.014573
v 0.015330 0.009006 -0.014572
v 0.015395 0.009009 -0.014570
v 0.015395 0.009004 -0.014573
v 0.015395 0.009009 -0.014570
v 0.015395 0.009004 -0.014573
v 0.015329 0.009010 -0.014568
v 0.015344 0.009001 -0.014574
v 0.015312 0.009004 -0.014573
v 0.014595 0.009004 -0.014573
v 0.014595 0.009009 -0.014570
v 0.014645 0.009001 -0.014574
v 0.014659 0.009006 -0.014572
v 0.014595 0.009004 -0.014573
v 0.014914 0.009003 -0.014573
v 0.014913 0.009007 -0.014572
v 0.014933 0.009005 -0.014573
v 0.014884 0.009002 -0.014574
v 0.015114 0.009003 -0.014573
v 0.015113 0.009007 -0.014572
v 0.015133 0.009005 -0.014573
v 0.015084 0.009002 -0.014574
v 0.014783 0.009008 -0.014571
v 0.014787 0.009005 -0.014573
v 0.014784 0.009002 -0.014574
v 0.014791 0.009006 -0.014572
v 0.015220 0.009003 -0.014574
v 0.015206 0.009008 -0.014571
v 0.015264 0.009008 -0.014571
v 0.015263 0.009003 -0.014574
v 0.015206 0.009002 -0.014574
v 0.015203 0.009005 -0.014573
v 0.015199 0.009006 -0.014572
v 0.015025 0.009008 -0.014570
v 0.015017 0.009012 -0.014566
v 0.015061 0.009009 -0.014570
v 0.015006 0.009008 -0.014571
v 0.015050 0.009005 -0.014573
v 0.015077 0.009007 -0.014571
v 0.015006 0.009002 -0.014574
v 0.015003 0.009005 -0.014573
v 0.014825 0.009008 -0.014570
v 0.014817 0.009012 -0.014566
v 0.014861 0.009009 -0.014570
v 0.014806 0.009008 -0.014571
v 0.014850 0.009005 -0.014573
v 0.014877 0.009007 -0.014571
v 0.014806 0.009002 -0.014574
v 0.014803 0.009005 -0.014573
v 0.015343 0.009013 -0.014564
v 0.015306 0.009013 -0.014562
v 0.015395 0.009012 -0.014565
v 0.014720 0.009002 -0.014574
v 0.014694 0.009012 -0.014565
v 0.014964 0.009008 -0.014571
v 0.014971 0.009012 -0.014565
v 0.014996 0.009010 -0.014569
v 0.014923 0.009008 -0.014571
v 0.015003 0.009012 -0.014565
v 0.014922 0.009012 -0.014566
v 0.015164 0.009008 -0.014571
v 0.015171 0.009012 -0.014565
v 0.015196 0.009010 -0.014569
v 0.015123 0.009008 -0.014571
v 0.015122 0.009012 -0.014566
v 0.014999 0.009006 -0.014572
v 0.014799 0.009006 -0.014572
v 0.014886 0.009010 -0.014568
v 0.015086 0.009010 -0.014568
v 0.014729 0.009003 -0.014574
v 0.015277 0.009002 -0.014574
v 0.015084 0.009013 -0.014563
v 0.014884 0.009013 -0.014563
v 0.015298 0.009011 -0.014566
v 0.015298 0.009007 -0.014571
v 0.014796 0.009010 -0.014569
v 0.015191 0.009006 -0.014572
v 0.015187 0.009005 -0.014573
v 0.014991 0.009006 -0.014572
v 0.014987 0.009005 -0.014573
v 0.015395 0.009009 -0.014570
v 0.015395 0.009012 -0.014565
v 0.014995 0.009006 -0.014572
v 0.015195 0.009006 -0.014572
v 0.014795 0.009006 -0.014572
v 0.015184 0.009002 -0.014574
v 0.014984 0.009002 -0.014574
v 0.015395 0.009012 -0.014565
v 0.014595 0.009009 -0.014570
v 0.014839 0.008958 -0.014574
v 0.014834 0.008953 -0.014572
v 0.014806 0.008956 -0.014574
v 0.014875 0.008954 -0.014573
v 0.014729 0.008946 -0.014564
v 0.014735 0.008946 -0.014565
v 0.014716 0.008948 -0.014568
v 0.014733 0.008958 -0.014574
v 0.014733 0.008953 -0.014572
v 0.014750 0.008955 -0.014573
v 0.014688 0.008951 -0.014571
v 0.014688 0.008956 -0.014574
v 0.014695 0.008950 -0.014571
v 0.014681 0.008949 -0.014569
v 0.014659 0.008953 -0.014572
v 0.014778 0.008950 -0.014570
v 0.014774 0.008953 -0.014572
v 0.014791 0.008952 -0.014572
v 0.014770 0.008947 -0.014566
v 0.014753 0.008949 -0.014569
v 0.014784 0.008956 -0.014574
v 0.014787 0.008954 -0.014573
v 0.014634 0.008945 -0.014562
v 0.014641 0.008947 -0.014567
v 0.014670 0.008946 -0.014563
v 0.014595 0.008946 -0.014565
v 0.014728 0.008949 -0.014569
v 0.014629 0.008954 -0.014573
v 0.014632 0.008951 -0.014571
v 0.014595 0.008954 -0.014573
v 0.014595 0.008950 -0.014570
v 0.014822 0.008946 -0.014565
v 0.014823 0.008948 -0.014569
v 0.014875 0.008946 -0.014565
v 0.014803 0.008954 -0.014573
v 0.014875 0.008950 -0.014570
v 0.014595 0.008946 -0.014565
v 0.014595 0.008950 -0.014570
v 0.014799 0.008952 -0.014572
v 0.014795 0.008952 -0.014572
v 0.014595 0.008946 -0.014565
v 0.014595 0.008950 -0.014570
v 0.014595 0.008954 -0.014573
v 0.014595 0.008954 -0.014573
v 0.014706 0.008963 -0.014580
v 0.014706 0.008995 -0.014580
v 0.014706 0.008963 -0.014574
v 0.014706 0.008995 -0.014574
v 0.014706 0.008963 -0.014574
v 0.014681 0.008960 -0.014580
v 0.014703 0.008960 -0.014580
v 0.014681 0.008960 -0.014574
v 0.014703 0.008960 -0.014574
v 0.014681 0.008960 -0.014574
v 0.014681 0.008960 -0.014574
v 0.014681 0.008988 -0.014590
v 0.014681 0.008970 -0.014590
v 0.014681 0.008960 -0.014574
v 0.014681 0.008960 -0.014580
v 0.014681 0.008961 -0.014584
v 0.014681 0.008960 -0.014580
v 0.014681 0.008963 -0.014587
v 0.014681 0.008960 -0.014580
v 0.014681 0.008966 -0.014590
v 0.014681 0.008960 -0.014580
v 0.014681 0.008960 -0.014574
v 0.014681 0.008998 -0.014574
v 0.014681 0.008998 -0.014580
v 0.014681 0.008997 -0.014584
v 0.014681 0.008992 -0.014590
v 0.014681 0.008995 -0.014587
v 0.014681 0.008998 -0.014574
v 0.014703 0.008998 -0.014580
v 0.014681 0.008998 -0.014580
v 0.014703 0.008998 -0.014574
v 0.014681 0.008998 -0.014580
v 0.014681 0.008998 -0.014574
v 0.014703 0.008998 -0.014574
v 0.014681 0.008988 -0.014590
v 0.014696 0.008988 -0.014590
v 0.014681 0.008970 -0.014590
v 0.014681 0.008970 -0.014590
v 0.014696 0.008970 -0.014590
v 0.014704 0.008960 -0.014574
v 0.014704 0.008960 -0.014580
v 0.014705 0.008961 -0.014574
v 0.014705 0.008961 -0.014574
v 0.014705 0.008961 -0.014580
v 0.014705 0.008962 -0.014574
v 0.014705 0.008962 -0.014574
v 0.014705 0.008962 -0.014580
v 0.014704 0.008960 -0.014574
v 0.014703 0.008960 -0.014574
v 0.014706 0.008963 -0.014574
v 0.014705 0.008962 -0.014574
v 0.014706 0.008963 -0.014574
v 0.014703 0.008960 -0.014574
v 0.014705 0.008961 -0.014574
v 0.014705 0.008996 -0.014574
v 0.014705 0.008996 -0.014580
v 0.014705 0.008997 -0.014574
v 0.014705 0.008997 -0.014574
v 0.014705 0.008997 -0.014580
v 0.014704 0.008998 -0.014574
v 0.014704 0.008998 -0.014574
v 0.014704 0.008998 -0.014580
v 0.014705 0.008996 -0.014574
v 0.014706 0.008995 -0.014574
v 0.014703 0.008998 -0.014574
v 0.014703 0.008998 -0.014574
v 0.014704 0.008998 -0.014574
v 0.014706 0.008995 -0.014574
v 0.014705 0.008997 -0.014574
v 0.014681 0.008988 -0.014590
v 0.014681 0.008992 -0.014590
v 0.014698 0.008992 -0.014590
v 0.014681 0.008992 -0.014590
v 0.014681 0.008995 -0.014587
v 0.014681 0.008992 -0.014590
v 0.014681 0.008998 -0.014580
v 0.014702 0.008997 -0.014584
v 0.014681 0.008997 -0.014584
v 0.014681 0.008998 -0.014580
v 0.014701 0.008995 -0.014587
v 0.014681 0.008997 -0.014584
v 0.014681 0.008995 -0.014587
v 0.014681 0.008997 -0.014584
v 0.014681 0.008995 -0.014587
v 0.014703 0.008997 -0.014584
v 0.014703 0.008996 -0.014586
v 0.014705 0.008997 -0.014582
v 0.014701 0.008993 -0.014589
v 0.014703 0.008993 -0.014587
v 0.014705 0.008995 -0.014584
v 0.014699 0.008991 -0.014590
v 0.014699 0.008967 -0.014590
v 0.014703 0.008965 -0.014587
v 0.014705 0.008964 -0.014584
v 0.014705 0.008962 -0.014584
v 0.014703 0.008962 -0.014586
v 0.014704 0.008961 -0.014582
v 0.014701 0.008965 -0.014589
v 0.014701 0.008963 -0.014587
v 0.014702 0.008961 -0.014584
v 0.014698 0.008966 -0.014590
v 0.014681 0.008970 -0.014590
v 0.014681 0.008966 -0.014590
v 0.014681 0.008966 -0.014590
v 0.014681 0.008963 -0.014587
v 0.014681 0.008966 -0.014590
v 0.014681 0.008961 -0.014584
v 0.014681 0.008963 -0.014587
v 0.014681 0.008961 -0.014584
v 0.014681 0.008963 -0.014587
v 0.014681 0.008961 -0.014584
v 0.015287 0.008960 -0.014580
v 0.015309 0.008960 -0.014580
v 0.015287 0.008960 -0.014574
v 0.015309 0.008960 -0.014574
v 0.015287 0.008960 -0.014574
v 0.015284 0.008995 -0.014580
v 0.015284 0.008963 -0.014580
v 0.015284 0.008995 -0.014574
v 0.015284 0.008963 -0.014574
v 0.015284 0.008995 -0.014574
v 0.015309 0.008998 -0.014580
v 0.015287 0.008998 -0.014580
v 0.015309 0.008998 -0.014574
v 0.015287 0.008998 -0.014574
v 0.015309 0.008998 -0.014574
v 0.015309 0.008970 -0.014590
v 0.015309 0.008960 -0.014580
v 0.015309 0.008961 -0.014584
v 0.015309 0.008966 -0.014590
v 0.015309 0.008963 -0.014587
v 0.015309 0.008988 -0.014590
v 0.015309 0.008960 -0.014574
v 0.015309 0.008960 -0.014574
v 0.015309 0.008998 -0.014574
v 0.015309 0.008992 -0.014590
v 0.015309 0.008998 -0.014580
v 0.015309 0.008998 -0.014580
v 0.015309 0.008998 -0.014574
v 0.015309 0.008998 -0.014580
v 0.015309 0.008995 -0.014587
v 0.015309 0.008960 -0.014574
v 0.015309 0.008960 -0.014580
v 0.015309 0.008998 -0.014580
v 0.015309 0.008997 -0.014584
v 0.015294 0.008988 -0.014590
v 0.015309 0.008988 -0.014590
v 0.015294 0.008970 -0.014590
v 0.015309 0.008988 -0.014590
v 0.015309 0.008970 -0.014590
v 0.015284 0.008962 -0.014574
v 0.015284 0.008962 -0.014580
v 0.015284 0.008961 -0.014574
v 0.015284 0.008961 -0.014574
v 0.015284 0.008961 -0.014580
v 0.015285 0.008960 -0.014574
v 0.015285 0.008960 -0.014574
v 0.015285 0.008960 -0.014580
v 0.015284 0.008962 -0.014574
v 0.015284 0.008963 -0.014574
v 0.015287 0.008960 -0.014574
v 0.015285 0.008960 -0.014574
v 0.015287 0.008960 -0.014574
v 0.015284 0.008963 -0.014574
v 0.015284 0.008961 -0.014574
v 0.015285 0.008998 -0.014574
v 0.015285 0.008998 -0.014580
v 0.015284 0.008997 -0.014574
v 0.015284 0.008997 -0.014574
v 0.015284 0.008997 -0.014580
v 0.015284 0.008996 -0.014574
v 0.015284 0.008996 -0.014574
v 0.015284 0.008996 -0.014580
v 0.015284 0.008995 -0.014574
v 0.015287 0.008998 -0.014574
v 0.015285 0.008998 -0.014574
v 0.015287 0.008998 -0.014574
v 0.015284 0.008997 -0.014574
v 0.015284 0.008995 -0.014574
v 0.015284 0.008996 -0.014574
v 0.015287 0.008997 -0.014584
v 0.015309 0.008997 -0.014584
v 0.015289 0.008995 -0.014587
v 0.015309 0.008995 -0.014587
v 0.015291 0.008992 -0.014590
v 0.015309 0.008995 -0.014587
v 0.015309 0.008992 -0.014590
v 0.015309 0.008992 -0.014590
v 0.015309 0.008988 -0.014590
v 0.015309 0.008992 -0.014590
v 0.015309 0.008997 -0.014584
v 0.015309 0.008995 -0.014587
v 0.015309 0.008997 -0.014584
v 0.015284 0.008996 -0.014584
v 0.015284 0.008995 -0.014584
v 0.015286 0.008996 -0.014586
v 0.015287 0.008993 -0.014587
v 0.015285 0.008997 -0.014582
v 0.015289 0.008993 -0.014589
v 0.015290 0.008991 -0.014590
v 0.015284 0.008964 -0.014584
v 0.015287 0.008965 -0.014587
v 0.015290 0.008967 -0.014590
v 0.015286 0.008961 -0.014584
v 0.015287 0.008961 -0.014584
v 0.015286 0.008962 -0.014586
v 0.015289 0.008963 -0.014587
v 0.015284 0.008961 -0.014582
v 0.015289 0.008965 -0.014589
v 0.015291 0.008966 -0.014590
v 0.015309 0.008970 -0.014590
v 0.015309 0.008966 -0.014590
v 0.015309 0.008966 -0.014590
v 0.015309 0.008963 -0.014587
v 0.015309 0.008966 -0.014590
v 0.015309 0.008961 -0.014584
v 0.015309 0.008961 -0.014584
v 0.015309 0.008963 -0.014587
v 0.015309 0.008961 -0.014584
v 0.015309 0.008963 -0.014587
v 0.015044 0.009013 -0.014509
v 0.015044 0.009023 -0.014497
v 0.015044 0.009013 -0.014476
v 0.015044 0.009017 -0.014508
v 0.015044 0.009013 -0.014509
v 0.015044 0.009022 -0.014501
v 0.015044 0.009020 -0.014505
v 0.015044 0.009023 -0.014489
v 0.015044 0.009013 -0.014476
v 0.015044 0.009013 -0.014476
v 0.015044 0.009022 -0.014485
v 0.015044 0.009020 -0.014481
v 0.015044 0.009013 -0.014476
v 0.015044 0.009017 -0.014478
v 0.015044 0.009013 -0.014476
v 0.015034 0.009013 -0.014476
v 0.015034 0.009023 -0.014497
v 0.015034 0.009013 -0.014509
v 0.015034 0.009022 -0.014485
v 0.015034 0.009023 -0.014489
v 0.015034 0.009013 -0.014476
v 0.015034 0.009013 -0.014476
v 0.015034 0.009020 -0.014481
v 0.015034 0.009013 -0.014476
v 0.015034 0.009017 -0.014478
v 0.015034 0.009013 -0.014476
v 0.015034 0.009013 -0.014509
v 0.015034 0.009022 -0.014501
v 0.015034 0.009020 -0.014505
v 0.015034 0.009013 -0.014509
v 0.015034 0.009017 -0.014508
v 0.015034 0.009013 -0.014509
v 0.015036 0.009025 -0.014497
v 0.015036 0.009025 -0.014489
v 0.015042 0.009025 -0.014497
v 0.015042 0.009025 -0.014489
v 0.014956 0.009013 -0.014509
v 0.014956 0.009023 -0.014497
v 0.014956 0.009013 -0.014476
v 0.014956 0.009017 -0.014508
v 0.014956 0.009013 -0.014509
v 0.014956 0.009022 -0.014501
v 0.014956 0.009020 -0.014505
v 0.014956 0.009023 -0.014489
v 0.014956 0.009013 -0.014476
v 0.014956 0.009013 -0.014476
v 0.014956 0.009022 -0.014485
v 0.014956 0.009020 -0.014481
v 0.014956 0.009013 -0.014476
v 0.014956 0.009017 -0.014478
v 0.014956 0.009013 -0.014476
v 0.014946 0.009023 -0.014497
v 0.014946 0.009013 -0.014476
v 0.014946 0.009023 -0.014489
v 0.014946 0.009022 -0.014501
v 0.014946 0.009013 -0.014509
v 0.014946 0.009017 -0.014508
v 0.014946 0.009013 -0.014509
v 0.014946 0.009020 -0.014505
v 0.014946 0.009013 -0.014509
v 0.014946 0.009013 -0.014509
v 0.014946 0.009013 -0.014476
v 0.014946 0.009017 -0.014478
v 0.014946 0.009020 -0.014481
v 0.014946 0.009013 -0.014476
v 0.014946 0.009022 -0.014485
v 0.014946 0.009013 -0.014476
v 0.014946 0.009013 -0.014476
v 0.014948 0.009025 -0.014497
v 0.014948 0.009025 -0.014489
v 0.014954 0.009025 -0.014497
v 0.014954 0.009025 -0.014489
v 0.014756 0.009013 -0.014509
v 0.014756 0.009023 -0.014497
v 0.014756 0.009013 -0.014476
v 0.014756 0.009017 -0.014508
v 0.014756 0.009013 -0.014509
v 0.014756 0.009022 -0.014501
v 0.014756 0.009020 -0.014505
v 0.014756 0.009023 -0.014489
v 0.014756 0.009013 -0.014476
v 0.014756 0.009013 -0.014476
v 0.014756 0.009022 -0.014485
v 0.014756 0.009020 -0.014481
v 0.014756 0.009013 -0.014476
v 0.014756 0.009017 -0.014478
v 0.014756 0.009013 -0.014476
v 0.014746 0.009023 -0.014497
v 0.014746 0.009013 -0.014476
v 0.014746 0.009023 -0.014489
v 0.014746 0.009022 -0.014501
v 0.014746 0.009013 -0.014509
v 0.014746 0.009017 -0.014508
v 0.014746 0.009013 -0.014509
v 0.014746 0.009020 -0.014505
v 0.014746 0.009013 -0.014509
v 0.014746 0.009013 -0.014509
v 0.014746 0.009013 -0.014476
v 0.014746 0.009017 -0.014478
v 0.014746 0.009020 -0.014481
v 0.014746 0.009013 -0.014476
v 0.014746 0.009022 -0.014485
v 0.014746 0.009013 -0.014476
v 0.014746 0.009013 -0.014476
v 0.014748 0.009025 -0.014497
v 0.014748 0.009025 -0.014489
v 0.014754 0.009025 -0.014497
v 0.014754 0.009025 -0.014489
v 0.015244 0.009013 -0.014509
v 0.015244 0.009023 -0.014497
v 0.015244 0.009013 -0.014476
v 0.015244 0.009017 -0.014508
v 0.015244 0.009013 -0.014509
v 0.015244 0.009022 -0.014501
v 0.015244 0.009020 -0.014505
v 0.015244 0.009023 -0.014489
v 0.015244 0.009013 -0.014476
v 0.015244 0.009013 -0.014476
v 0.015244 0.009022 -0.014485
v 0.015244 0.009020 -0.014481
v 0.015244 0.009013 -0.014476
v 0.015244 0.009017 -0.014478
v 0.015244 0.009013 -0.014476
v 0.015234 0.009013 -0.014476
v 0.015234 0.009023 -0.014497
v 0.015234 0.009013 -0.014509
v 0.015234 0.009022 -0.014485
v 0.015234 0.009023 -0.014489
v 0.015234 0.009013 -0.014476
v 0.015234 0.009013 -0.014476
v 0.015234 0.009020 -0.014481
v 0.015234 0.009013 -0.014476
v 0.015234 0.009017 -0.014478
v 0.015234 0.009013 -0.014476
v 0.015234 0.009013 -0.014509
v 0.015234 0.009022 -0.014501
v 0.015234 0.009020 -0.014505
v 0.015234 0.009013 -0.014509
v 0.015234 0.009017 -0.014508
v 0.015234 0.009013 -0.014509
v 0.015242 0.009025 -0.014489
v 0.015242 0.009025 -0.014497
v 0.015236 0.009025 -0.014489
v 0.015236 0.009025 -0.014497
v 0.015242 0.009024 -0.014484
v 0.015236 0.009024 -0.014484
v 0.015242 0.009022 -0.014480
v 0.015236 0.009022 -0.014480
v 0.015242 0.009018 -0.014476
v 0.015236 0.009018 -0.014476
v 0.015242 0.009013 -0.014474
v 0.015236 0.009013 -0.014474
v 0.015242 0.009013 -0.014474
v 0.014748 0.009024 -0.014502
v 0.014754 0.009024 -0.014502
v 0.014748 0.009022 -0.014506
v 0.014754 0.009022 -0.014506
v 0.014748 0.009018 -0.014509
v 0.014754 0.009018 -0.014509
v 0.014754 0.009013 -0.014511
v 0.014748 0.009013 -0.014511
v 0.014748 0.009013 -0.014511
v 0.014748 0.009018 -0.014476
v 0.014754 0.009018 -0.014476
v 0.014748 0.009022 -0.014480
v 0.014754 0.009022 -0.014480
v 0.014748 0.009024 -0.014484
v 0.014754 0.009024 -0.014484
v 0.014748 0.009013 -0.014474
v 0.014748 0.009013 -0.014474
v 0.014754 0.009013 -0.014474
v 0.014948 0.009024 -0.014502
v 0.014954 0.009024 -0.014502
v 0.014948 0.009022 -0.014506
v 0.014954 0.009022 -0.014506
v 0.014948 0.009018 -0.014509
v 0.014954 0.009018 -0.014509
v 0.014948 0.009013 -0.014511
v 0.014948 0.009013 -0.014511
v 0.014954 0.009013 -0.014511
v 0.014948 0.009018 -0.014476
v 0.014954 0.009018 -0.014476
v 0.014948 0.009022 -0.014480
v 0.014954 0.009022 -0.014480
v 0.014948 0.009024 -0.014484
v 0.014954 0.009024 -0.014484
v 0.014948 0.009013 -0.014474
v 0.014948 0.009013 -0.014474
v 0.014954 0.009013 -0.014474
v 0.015036 0.009024 -0.014502
v 0.015042 0.009024 -0.014502
v 0.015036 0.009022 -0.014506
v 0.015042 0.009022 -0.014506
v 0.015036 0.009018 -0.014509
v 0.015042 0.009018 -0.014509
v 0.015036 0.009013 -0.014511
v 0.015036 0.009013 -0.014511
v 0.015042 0.009013 -0.014511
v 0.015036 0.009018 -0.014476
v 0.015042 0.009018 -0.014476
v 0.015036 0.009022 -0.014480
v 0.015042 0.009022 -0.014480
v 0.015036 0.009024 -0.014484
v 0.015042 0.009024 -0.014484
v 0.015036 0.009013 -0.014474
v 0.015036 0.009013 -0.014474
v 0.015042 0.009013 -0.014474
v 0.015242 0.009018 -0.014509
v 0.015242 0.009013 -0.014511
v 0.015236 0.009018 -0.014509
v 0.015242 0.009022 -0.014506
v 0.015236 0.009022 -0.014506
v 0.015242 0.009024 -0.014502
v 0.015236 0.009024 -0.014502
v 0.015242 0.009013 -0.014511
v 0.015236 0.009013 -0.014511
v 0.015243 0.009017 -0.014476
v 0.015243 0.009020 -0.014478
v 0.015243 0.009018 -0.014477
v 0.015243 0.009023 -0.014481
v 0.015243 0.009025 -0.014486
v 0.015242 0.009025 -0.014489
v 0.015243 0.009025 -0.014489
v 0.015243 0.009013 -0.014475
v 0.015243 0.009013 -0.014476
v 0.015242 0.009013 -0.014474
v 0.015242 0.009013 -0.014474
v 0.015242 0.009013 -0.014474
v 0.015243 0.009013 -0.014475
v 0.015243 0.009024 -0.014489
v 0.015243 0.009013 -0.014476
v 0.015244 0.009013 -0.014476
v 0.015243 0.009013 -0.014476
v 0.015242 0.009013 -0.014474
v 0.015243 0.009013 -0.014475
v 0.015242 0.009025 -0.014497
v 0.015243 0.009025 -0.014497
v 0.015243 0.009024 -0.014497
v 0.015243 0.009017 -0.014509
v 0.015243 0.009020 -0.014508
v 0.015243 0.009018 -0.014508
v 0.015242 0.009013 -0.014511
v 0.015243 0.009023 -0.014505
v 0.015243 0.009025 -0.014499
v 0.015243 0.009013 -0.014511
v 0.015242 0.009013 -0.014511
v 0.015243 0.009013 -0.014510
v 0.015243 0.009013 -0.014510
v 0.015243 0.009013 -0.014511
v 0.015244 0.009013 -0.014509
v 0.015243 0.009013 -0.014510
v 0.015243 0.009013 -0.014511
v 0.015242 0.009013 -0.014511
v 0.015242 0.009013 -0.014511
v 0.014746 0.009017 -0.014476
v 0.014747 0.009020 -0.014478
v 0.014746 0.009018 -0.014477
v 0.014747 0.009013 -0.014474
v 0.014747 0.009023 -0.014481
v 0.014747 0.009025 -0.014486
v 0.014747 0.009025 -0.014489
v 0.014746 0.009025 -0.014489
v 0.014746 0.009013 -0.014475
v 0.014747 0.009013 -0.014474
v 0.014746 0.009013 -0.014476
v 0.014746 0.009013 -0.014476
v 0.014746 0.009013 -0.014475
v 0.014746 0.009013 -0.014476
v 0.014746 0.009013 -0.014476
v 0.014746 0.009013 -0.014475
v 0.014746 0.009024 -0.014489
v 0.014747 0.009013 -0.014474
v 0.014748 0.009013 -0.014474
v 0.014746 0.009024 -0.014497
v 0.014746 0.009025 -0.014497
v 0.014747 0.009025 -0.014497
v 0.014746 0.009017 -0.014509
v 0.014747 0.009020 -0.014508
v 0.014746 0.009018 -0.014508
v 0.014747 0.009023 -0.014505
v 0.014747 0.009025 -0.014499
v 0.014746 0.009013 -0.014511
v 0.014746 0.009013 -0.014510
v 0.014747 0.009013 -0.014511
v 0.014746 0.009013 -0.014511
v 0.014747 0.009013 -0.014511
v 0.014746 0.009013 -0.014510
v 0.014746 0.009013 -0.014509
v 0.014748 0.009013 -0.014511
v 0.014747 0.009013 -0.014511
v 0.014746 0.009013 -0.014510
v 0.014746 0.009013 -0.014511
v 0.014755 0.009017 -0.014476
v 0.014755 0.009020 -0.014478
v 0.014755 0.009018 -0.014477
v 0.014755 0.009023 -0.014481
v 0.014755 0.009025 -0.014486
v 0.014754 0.009025 -0.014489
v 0.014755 0.009025 -0.014489
v 0.014755 0.009013 -0.014475
v 0.014755 0.009013 -0.014476
v 0.014754 0.009013 -0.014474
v 0.014754 0.009013 -0.014474
v 0.014754 0.009013 -0.014474
v 0.014755 0.009013 -0.014475
v 0.014755 0.009024 -0.014489
v 0.014755 0.009013 -0.014476
v 0.014756 0.009013 -0.014476
v 0.014755 0.009013 -0.014476
v 0.014754 0.009013 -0.014474
v 0.014755 0.009013 -0.014475
v 0.014754 0.009025 -0.014497
v 0.014755 0.009025 -0.014497
v 0.014755 0.009024 -0.014497
v 0.014755 0.009017 -0.014509
v 0.014755 0.009020 -0.014508
v 0.014755 0.009018 -0.014508
v 0.014754 0.009013 -0.014511
v 0.014755 0.009023 -0.014505
v 0.014755 0.009025 -0.014499
v 0.014755 0.009013 -0.014511
v 0.014754 0.009013 -0.014511
v 0.014755 0.009013 -0.014510
v 0.014755 0.009013 -0.014510
v 0.014755 0.009013 -0.014511
v 0.014756 0.009013 -0.014509
v 0.014755 0.009013 -0.014510
v 0.014755 0.009013 -0.014511
v 0.014754 0.009013 -0.014511
v 0.014754 0.009013 -0.014511
v 0.014946 0.009017 -0.014476
v 0.014947 0.009020 -0.014478
v 0.014946 0.009018 -0.014477
v 0.014947 0.009013 -0.014474
v 0.014947 0.009023 -0.014481
v 0.014947 0.009025 -0.014486
v 0.014947 0.009025 -0.014489
v 0.014946 0.009025 -0.014489
v 0.014946 0.009013 -0.014475
v 0.014947 0.009013 -0.014474
v 0.014946 0.009013 -0.014476
v 0.014946 0.009013 -0.014476
v 0.014946 0.009013 -0.014475
v 0.014946 0.009013 -0.014476
v 0.014946 0.009013 -0.014476
v 0.014946 0.009013 -0.014475
v 0.014946 0.009024 -0.014489
v 0.014947 0.009013 -0.014474
v 0.014948 0.009013 -0.014474
v 0.014946 0.009024 -0.014497
v 0.014946 0.009025 -0.014497
v 0.014947 0.009025 -0.014497
v 0.014946 0.009017 -0.014509
v 0.014947 0.009020 -0.014508
v 0.014946 0.009018 -0.014508
v 0.014947 0.009023 -0.014505
v 0.014947 0.009025 -0.014499
v 0.014946 0.009013 -0.014511
v 0.014946 0.009013 -0.014510
v 0.014947 0.009013 -0.014511
v 0.014946 0.009013 -0.014511
v 0.014947 0.009013 -0.014511
v 0.014946 0.009013 -0.014510
v 0.014946 0.009013 -0.014509
v 0.014948 0.009013 -0.014511
v 0.014947 0.009013 -0.014511
v 0.014946 0.009013 -0.014510
v 0.014946 0.009013 -0.014511
v 0.014955 0.009017 -0.014476
v 0.014955 0.009020 -0.014478
v 0.014955 0.009018 -0.014477
v 0.014955 0.009023 -0.014481
v 0.014955 0.009025 -0.014486
v 0.014954 0.009025 -0.014489
v 0.014955 0.009025 -0.014489
v 0.014955 0.009013 -0.014475
v 0.014955 0.009013 -0.014476
v 0.014954 0.009013 -0.014474
v 0.014954 0.009013 -0.014474
v 0.014954 0.009013 -0.014474
v 0.014955 0.009013 -0.014475
v 0.014955 0.009024 -0.014489
v 0.014955 0.009013 -0.014476
v 0.014956 0.009013 -0.014476
v 0.014955 0.009013 -0.014476
v 0.014954 0.009013 -0.014474
v 0.014955 0.009013 -0.014475
v 0.014954 0.009025 -0.014497
v 0.014955 0.009025 -0.014497
v 0.014955 0.009024 -0.014497
v 0.014955 0.009017 -0.014509
v 0.014955 0.009020 -0.014508
v 0.014955 0.009018 -0.014508
v 0.014954 0.009013 -0.014511
v 0.014955 0.009023 -0.014505
v 0.014955 0.009025 -0.014499
v 0.014955 0.009013 -0.014511
v 0.014954 0.009013 -0.014511
v 0.014955 0.009013 -0.014510
v 0.014955 0.009013 -0.014510
v 0.014955 0.009013 -0.014511
v 0.014956 0.009013 -0.014509
v 0.014955 0.009013 -0.014510
v 0.014955 0.009013 -0.014511
v 0.014954 0.009013 -0.014511
v 0.014954 0.009013 -0.014511
v 0.015034 0.009017 -0.014509
v 0.015035 0.009020 -0.014508
v 0.015034 0.009018 -0.014508
v 0.015035 0.009023 -0.014505
v 0.015035 0.009025 -0.014499
v 0.015035 0.009025 -0.014497
v 0.015034 0.009025 -0.014497
v 0.015034 0.009013 -0.014511
v 0.015034 0.009013 -0.014510
v 0.015035 0.009013 -0.014511
v 0.015036 0.009013 -0.014511
v 0.015035 0.009013 -0.014511
v 0.015034 0.009013 -0.014511
v 0.015034 0.009024 -0.014497
v 0.015034 0.009013 -0.014510
v 0.015034 0.009013 -0.014509
v 0.015034 0.009013 -0.014510
v 0.015035 0.009013 -0.014511
v 0.015034 0.009013 -0.014511
v 0.015035 0.009025 -0.014489
v 0.015034 0.009025 -0.014489
v 0.015034 0.009024 -0.014489
v 0.015034 0.009017 -0.014476
v 0.015035 0.009020 -0.014478
v 0.015034 0.009018 -0.014477
v 0.015035 0.009013 -0.014474
v 0.015035 0.009023 -0.014481
v 0.015035 0.009025 -0.014486
v 0.015034 0.009013 -0.014475
v 0.015035 0.009013 -0.014474
v 0.015034 0.009013 -0.014476
v 0.015034 0.009013 -0.014476
v 0.015034 0.009013 -0.014475
v 0.015034 0.009013 -0.014476
v 0.015034 0.009013 -0.014476
v 0.015034 0.009013 -0.014475
v 0.015035 0.009013 -0.014474
v 0.015036 0.009013 -0.014474
v 0.015043 0.009017 -0.014476
v 0.015043 0.009020 -0.014478
v 0.015043 0.009018 -0.014477
v 0.015043 0.009023 -0.014481
v 0.015043 0.009025 -0.014486
v 0.015042 0.009025 -0.014489
v 0.015043 0.009025 -0.014489
v 0.015043 0.009013 -0.014475
v 0.015043 0.009013 -0.014476
v 0.015042 0.009013 -0.014474
v 0.015042 0.009013 -0.014474
v 0.015042 0.009013 -0.014474
v 0.015043 0.009013 -0.014475
v 0.015043 0.009024 -0.014489
v 0.015043 0.009013 -0.014476
v 0.015044 0.009013 -0.014476
v 0.015043 0.009013 -0.014476
v 0.015042 0.009013 -0.014474
v 0.015043 0.009013 -0.014475
v 0.015042 0.009025 -0.014497
v 0.015043 0.009025 -0.014497
v 0.015043 0.009024 -0.014497
v 0.015043 0.009017 -0.014509
v 0.015043 0.009020 -0.014508
v 0.015043 0.009018 -0.014508
v 0.015042 0.009013 -0.014511
v 0.015043 0.009023 -0.014505
v 0.015043 0.009025 -0.014499
v 0.015043 0.009013 -0.014511
v 0.015042 0.009013 -0.014511
v 0.015043 0.009013 -0.014510
v 0.015043 0.009013 -0.014510
v 0.015043 0.009013 -0.014511
v 0.015044 0.009013 -0.014509
v 0.015043 0.009013 -0.014510
v 0.015043 0.009013 -0.014511
v 0.015042 0.009013 -0.014511
v 0.015042 0.009013 -0.014511
v 0.015234 0.009017 -0.014509
v 0.015235 0.009020 -0.014508
v 0.015234 0.009018 -0.014508
v 0.015235 0.009023 -0.014505
v 0.015235 0.009025 -0.014499
v 0.015235 0.009025 -0.014497
v 0.015234 0.009025 -0.014497
v 0.015234 0.009013 -0.014511
v 0.015234 0.009013 -0.014510
v 0.015235 0.009013 -0.014511
v 0.015236 0.009013 -0.014511
v 0.015235 0.009013 -0.014511
v 0.015234 0.009013 -0.014511
v 0.015234 0.009024 -0.014497
v 0.015234 0.009013 -0.014510
v 0.015234 0.009013 -0.014509
v 0.015234 0.009013 -0.014510
v 0.015235 0.009013 -0.014511
v 0.015234 0.009013 -0.014511
v 0.015235 0.009025 -0.014489
v 0.015234 0.009025 -0.014489
v 0.015234 0.009024 -0.014489
v 0.015234 0.009017 -0.014476
v 0.015235 0.009020 -0.014478
v 0.015234 0.009018 -0.014477
v 0.015235 0.009013 -0.014474
v 0.015235 0.009023 -0.014481
v 0.015235 0.009025 -0.014486
v 0.015234 0.009013 -0.014475
v 0.015235 0.009013 -0.014474
v 0.015234 0.009013 -0.014476
v 0.015234 0.009013 -0.014476
v 0.015234 0.009013 -0.014475
v 0.015234 0.009013 -0.014476
v 0.015234 0.009013 -0.014476
v 0.015234 0.009013 -0.014475
v 0.015235 0.009013 -0.014474
v 0.015236 0.009013 -0.014474
v 0.015370 0.009013 -0.014444
v 0.015370 0.009003 -0.014444
v 0.015374 0.009013 -0.014445
v 0.015374 0.009013 -0.014445
v 0.015374 0.009003 -0.014445
v 0.015379 0.009013 -0.014446
v 0.015379 0.009003 -0.014446
v 0.015379 0.009013 -0.014446
v 0.015374 0.009003 -0.014445
v 0.015384 0.009003 -0.014449
v 0.015384 0.009013 -0.014449
v 0.015379 0.009003 -0.014446
v 0.015387 0.009003 -0.014452
v 0.015387 0.009013 -0.014452
v 0.015384 0.009003 -0.014449
v 0.015390 0.009003 -0.014455
v 0.015390 0.009013 -0.014455
v 0.015387 0.009003 -0.014452
v 0.015393 0.009003 -0.014460
v 0.015393 0.009013 -0.014460
v 0.015390 0.009003 -0.014455
v 0.015394 0.009013 -0.014464
v 0.015393 0.009003 -0.014460
v 0.015394 0.009003 -0.014464
v 0.015395 0.009013 -0.014469
v 0.015394 0.009003 -0.014464
v 0.015395 0.009003 -0.014469
v 0.015395 0.009013 -0.014469
v 0.015394 0.009013 -0.014464
v 0.015394 0.009003 -0.014464
v 0.015394 0.009013 -0.014464
v 0.015393 0.009013 -0.014460
v 0.015393 0.009003 -0.014460
v 0.015393 0.009013 -0.014460
v 0.015390 0.009013 -0.014455
v 0.015390 0.009003 -0.014455
v 0.015390 0.009013 -0.014455
v 0.015387 0.009013 -0.014452
v 0.015387 0.009003 -0.014452
v 0.015387 0.009013 -0.014452
v 0.015384 0.009013 -0.014449
v 0.015384 0.009003 -0.014449
v 0.015379 0.009013 -0.014446
v 0.015379 0.009003 -0.014446
v 0.015384 0.009013 -0.014449
v 0.015374 0.009003 -0.014445
v 0.015374 0.009013 -0.014445
v 0.015370 0.009003 -0.014444
v 0.014595 0.009013 -0.014469
v 0.014595 0.009003 -0.014469
v 0.014595 0.009013 -0.014464
v 0.014595 0.009003 -0.014464
v 0.014595 0.009013 -0.014464
v 0.014595 0.009003 -0.014469
v 0.014595 0.009003 -0.014464
v 0.014597 0.009013 -0.014460
v 0.014595 0.009013 -0.014464
v 0.014597 0.009003 -0.014460
v 0.014599 0.009013 -0.014455
v 0.014597 0.009013 -0.014460
v 0.014597 0.009003 -0.014460
v 0.014599 0.009003 -0.014455
v 0.014599 0.009013 -0.014455
v 0.014599 0.009003 -0.014455
v 0.014602 0.009003 -0.014452
v 0.014602 0.009013 -0.014452
v 0.014602 0.009003 -0.014452
v 0.014606 0.009003 -0.014449
v 0.014606 0.009013 -0.014449
v 0.014610 0.009013 -0.014446
v 0.014606 0.009003 -0.014449
v 0.014610 0.009003 -0.014446
v 0.014615 0.009003 -0.014445
v 0.014620 0.009003 -0.014444
v 0.014620 0.009013 -0.014444
v 0.014615 0.009013 -0.014445
v 0.014615 0.009003 -0.014445
v 0.014620 0.009013 -0.014444
v 0.014615 0.009013 -0.014445
v 0.014610 0.009003 -0.014446
v 0.014615 0.009003 -0.014445
v 0.014615 0.009013 -0.014445
v 0.014610 0.009013 -0.014446
v 0.014610 0.009003 -0.014446
v 0.014610 0.009013 -0.014446
v 0.014606 0.009013 -0.014449
v 0.014606 0.009003 -0.014449
v 0.014606 0.009013 -0.014449
v 0.014602 0.009013 -0.014452
v 0.014602 0.009003 -0.014452
v 0.014602 0.009013 -0.014452
v 0.014599 0.009013 -0.014455
v 0.014599 0.009003 -0.014455
v 0.014595 0.009003 -0.014464
v 0.014597 0.009003 -0.014460
v 0.014597 0.009013 -0.014460
v 0.014595 0.008955 -0.014544
v 0.014595 0.008945 -0.014544
v 0.014595 0.008955 -0.014539
v 0.014595 0.008945 -0.014539
v 0.014595 0.008955 -0.014539
v 0.014595 0.008945 -0.014544
v 0.014595 0.008945 -0.014539
v 0.014597 0.008955 -0.014535
v 0.014595 0.008955 -0.014539
v 0.014597 0.008945 -0.014535
v 0.014599 0.008955 -0.014530
v 0.014597 0.008955 -0.014535
v 0.014597 0.008945 -0.014535
v 0.014599 0.008945 -0.014530
v 0.014599 0.008955 -0.014530
v 0.014599 0.008945 -0.014530
v 0.014602 0.008945 -0.014527
v 0.014602 0.008955 -0.014527
v 0.014602 0.008945 -0.014527
v 0.014606 0.008945 -0.014524
v 0.014606 0.008955 -0.014524
v 0.014610 0.008955 -0.014521
v 0.014606 0.008945 -0.014524
v 0.014610 0.008945 -0.014521
v 0.014615 0.008945 -0.014520
v 0.014620 0.008945 -0.014519
v 0.014615 0.008955 -0.014520
v 0.014615 0.008945 -0.014520
v 0.014615 0.008955 -0.014520
v 0.014610 0.008945 -0.014521
v 0.014615 0.008945 -0.014520
v 0.014615 0.008955 -0.014520
v 0.014610 0.008955 -0.014521
v 0.014610 0.008945 -0.014521
v 0.014610 0.008955 -0.014521
v 0.014606 0.008955 -0.014524
v 0.014606 0.008945 -0.014524
v 0.014606 0.008955 -0.014524
v 0.014602 0.008955 -0.014527
v 0.014602 0.008945 -0.014527
v 0.014602 0.008955 -0.014527
v 0.014599 0.008955 -0.014530
v 0.014599 0.008945 -0.014530
v 0.014595 0.008945 -0.014539
v 0.014597 0.008945 -0.014535
v 0.014597 0.008955 -0.014535
v 0.015370 0.008945 -0.014519
v 0.015374 0.008955 -0.014520
v 0.015374 0.008955 -0.014520
v 0.015374 0.008945 -0.014520
v 0.015379 0.008955 -0.014521
v 0.015379 0.008945 -0.014521
v 0.015379 0.008955 -0.014521
v 0.015374 0.008945 -0.014520
v 0.015384 0.008945 -0.014524
v 0.015384 0.008955 -0.014524
v 0.015379 0.008945 -0.014521
v 0.015387 0.008945 -0.014527
v 0.015387 0.008955 -0.014527
v 0.015384 0.008945 -0.014524
v 0.015390 0.008945 -0.014530
v 0.015390 0.008955 -0.014530
v 0.015387 0.008945 -0.014527
v 0.015393 0.008945 -0.014535
v 0.015393 0.008955 -0.014535
v 0.015390 0.008945 -0.014530
v 0.015394 0.008955 -0.014539
v 0.015393 0.008945 -0.014535
v 0.015394 0.008945 -0.014539
v 0.015395 0.008955 -0.014544
v 0.015394 0.008945 -0.014539
v 0.015395 0.008945 -0.014544
v 0.015395 0.008955 -0.014544
v 0.015394 0.008955 -0.014539
v 0.015394 0.008945 -0.014539
v 0.015394 0.008955 -0.014539
v 0.015393 0.008955 -0.014535
v 0.015393 0.008945 -0.014535
v 0.015393 0.008955 -0.014535
v 0.015390 0.008955 -0.014530
v 0.015390 0.008945 -0.014530
v 0.015390 0.008955 -0.014530
v 0.015387 0.008955 -0.014527
v 0.015387 0.008945 -0.014527
v 0.015387 0.008955 -0.014527
v 0.015384 0.008955 -0.014524
v 0.015384 0.008945 -0.014524
v 0.015379 0.008955 -0.014521
v 0.015379 0.008945 -0.014521
v 0.015384 0.008955 -0.014524
v 0.015374 0.008945 -0.014520
v 0.015374 0.008955 -0.014520
v 0.015370 0.008945 -0.014519
v 0.015001 0.008964 -0.014572
v 0.014999 0.009006 -0.014572
v 0.015003 0.009005 -0.014573
v 0.014999 0.009006 -0.014572
v 0.014995 0.008964 -0.014572
v 0.014988 0.008964 -0.014572
v 0.014987 0.009005 -0.014573
v 0.014991 0.009006 -0.014572
v 0.014991 0.009006 -0.014572
v 0.014995 0.009006 -0.014572
v 0.014995 0.009006 -0.014572
v 0.014999 0.009006 -0.014572
v 0.014991 0.009006 -0.014572
v 0.015003 0.009005 -0.014573
v 0.014987 0.009005 -0.014573
v 0.014787 0.009005 -0.014573
v 0.014791 0.008952 -0.014572
v 0.014787 0.008954 -0.014573
v 0.014787 0.009005 -0.014573
v 0.014787 0.008954 -0.014573
v 0.014787 0.009005 -0.014573
v 0.014791 0.009006 -0.014572
v 0.014795 0.009006 -0.014572
v 0.014795 0.008952 -0.014572
v 0.014791 0.009006 -0.014572
v 0.014791 0.008952 -0.014572
v 0.014787 0.009005 -0.014573
v 0.014799 0.008952 -0.014572
v 0.014799 0.009006 -0.014572
v 0.014803 0.008954 -0.014573
v 0.014799 0.009006 -0.014572
v 0.014803 0.009005 -0.014573
v 0.014803 0.008954 -0.014573
v 0.014803 0.009005 -0.014573
v 0.014803 0.009005 -0.014573
v 0.014803 0.008954 -0.014573
v 0.014803 0.008954 -0.014573
v 0.014803 0.009005 -0.014573
v 0.014795 0.009006 -0.014572
v 0.014799 0.009006 -0.014572
v 0.014799 0.008952 -0.014572
v 0.014791 0.008952 -0.014572
v 0.014791 0.009006 -0.014572
v 0.014795 0.008952 -0.014572
v 0.014787 0.008954 -0.014573
v 0.014787 0.008954 -0.014573
v 0.014795 0.009006 -0.014572
v 0.014799 0.008952 -0.014572
v 0.014795 0.008952 -0.014572
v 0.015187 0.009005 -0.014573
v 0.015191 0.008952 -0.014572
v 0.015187 0.008954 -0.014573
v 0.015187 0.009005 -0.014573
v 0.015187 0.008954 -0.014573
v 0.015187 0.009005 -0.014573
v 0.015191 0.009006 -0.014572
v 0.015195 0.009006 -0.014572
v 0.015195 0.008952 -0.014572
v 0.015191 0.009006 -0.014572
v 0.015191 0.008952 -0.014572
v 0.015187 0.009005 -0.014573
v 0.015199 0.008952 -0.014572
v 0.015199 0.009006 -0.014572
v 0.015203 0.008954 -0.014573
v 0.015199 0.009006 -0.014572
v 0.015203 0.009005 -0.014573
v 0.015203 0.008954 -0.014573
v 0.015203 0.009005 -0.014573
v 0.015203 0.009005 -0.014573
v 0.015203 0.008954 -0.014573
v 0.015203 0.008954 -0.014573
v 0.015203 0.009005 -0.014573
v 0.015195 0.009006 -0.014572
v 0.015199 0.009006 -0.014572
v 0.015199 0.008952 -0.014572
v 0.015191 0.008952 -0.014572
v 0.015191 0.009006 -0.014572
v 0.015195 0.008952 -0.014572
v 0.015187 0.008954 -0.014573
v 0.015187 0.008954 -0.014573
v 0.015195 0.009006 -0.014572
v 0.015199 0.008952 -0.014572
v 0.015195 0.008952 -0.014572
v 0.014875 0.008960 -0.014564
v 0.014875 0.008958 -0.014564
v 0.014875 0.008960 -0.014574
v 0.014875 0.008960 -0.014564
v 0.014875 0.008960 -0.014574
v 0.014875 0.008964 -0.014564
v 0.014875 0.008958 -0.014564
v 0.014875 0.008954 -0.014573
v 0.014875 0.008960 -0.014574
v 0.014875 0.008957 -0.014563
v 0.014875 0.008950 -0.014570
v 0.014875 0.008954 -0.014573
v 0.014875 0.008955 -0.014559
v 0.014875 0.008955 -0.014519
v 0.014875 0.008945 -0.014559
v 0.014875 0.008950 -0.014570
v 0.014875 0.008957 -0.014563
v 0.014875 0.008956 -0.014561
v 0.014875 0.008955 -0.014559
v 0.014875 0.008945 -0.014559
v 0.014875 0.008946 -0.014565
v 0.014875 0.008954 -0.014573
v 0.014875 0.008958 -0.014564
v 0.014875 0.008957 -0.014563
v 0.014875 0.008960 -0.014574
v 0.014875 0.008964 -0.014574
v 0.014875 0.008964 -0.014564
v 0.014875 0.008955 -0.014559
v 0.014875 0.008946 -0.014565
v 0.014875 0.008956 -0.014561
v 0.014875 0.008946 -0.014565
v 0.014875 0.008950 -0.014570
v 0.014875 0.008956 -0.014561
v 0.014875 0.008945 -0.014559
v 0.014875 0.008955 -0.014519
v 0.014875 0.008945 -0.014519
v 0.014875 0.008964 -0.014564
v 0.014875 0.008964 -0.014574
v 0.014982 0.008964 -0.014574
v 0.014982 0.008964 -0.014574
v 0.014995 0.008964 -0.014564
v 0.014875 0.008964 -0.014564
v 0.014988 0.008964 -0.014572
v 0.014995 0.008964 -0.014564
v 0.014982 0.008964 -0.014574
v 0.014995 0.008964 -0.014564
v 0.014988 0.008964 -0.014572
v 0.014995 0.008964 -0.014572
v 0.015007 0.008964 -0.014574
v 0.014995 0.008964 -0.014564
v 0.015001 0.008964 -0.014572
v 0.014995 0.008964 -0.014564
v 0.014995 0.008964 -0.014572
v 0.015001 0.008964 -0.014572
v 0.015115 0.008964 -0.014564
v 0.014995 0.008964 -0.014564
v 0.015007 0.008964 -0.014574
v 0.015115 0.008964 -0.014574
v 0.015115 0.008964 -0.014564
v 0.015007 0.008964 -0.014574
v 0.015115 0.008964 -0.014564
v 0.015115 0.008964 -0.014574
v 0.015115 0.008960 -0.014564
v 0.015115 0.008960 -0.014574
v 0.015115 0.008954 -0.014573
v 0.015115 0.008960 -0.014564
v 0.015115 0.008950 -0.014570
v 0.015115 0.008957 -0.014563
v 0.015115 0.008958 -0.014564
v 0.015115 0.008946 -0.014565
v 0.015115 0.008956 -0.014561
v 0.015115 0.008957 -0.014563
v 0.015115 0.008945 -0.014559
v 0.015115 0.008945 -0.014519
v 0.015115 0.008955 -0.014559
v 0.015115 0.008945 -0.014519
v 0.015115 0.008955 -0.014519
v 0.015115 0.008955 -0.014559
v 0.015115 0.008956 -0.014561
v 0.015115 0.008946 -0.014565
v 0.015115 0.008945 -0.014559
v 0.015115 0.008956 -0.014561
v 0.015115 0.008945 -0.014559
v 0.015115 0.008955 -0.014559
v 0.015115 0.008957 -0.014563
v 0.015115 0.008950 -0.014570
v 0.015115 0.008946 -0.014565
v 0.015115 0.008954 -0.014573
v 0.015115 0.008950 -0.014570
v 0.015115 0.008958 -0.014564
v 0.015115 0.008954 -0.014573
v 0.015115 0.008958 -0.014564
v 0.015115 0.008960 -0.014564
v 0.015115 0.008960 -0.014564
v 0.015115 0.008964 -0.014574
v 0.015115 0.008960 -0.014574
vn -0.0000 -1.0000 -0.0000
vn -0.0000 -1.0000 0.0001
vn -0.0000 -1.0000 0.0002
vn -0.0000 -0.0000 1.0000
vn -0.0000 1.0000 -0.0000
vn -0.0000 1.0000 -0.0002
vn -0.0000 0.3826 0.9239
vn 0.0001 -0.0000 1.0000
vn -0.0000 0.3830 0.9237
vn -0.0000 0.7071 0.7071
vn -0.0000 0.9239 0.3827
vn -0.0000 -0.9499 -0.3125
vn -0.0000 -0.8667 -0.4988
vn -0.0000 -0.9393 -0.3432
vn -0.0000 -0.9085 -0.4180
vn -0.0000 -0.7850 -0.6195
vn -0.0000 -0.6656 -0.7463
vn -0.0000 -0.8634 -0.5046
vn -0.0000 -0.4534 -0.8913
vn -0.0000 -0.6739 -0.7388
vn -0.0000 -0.1714 -0.9852
vn -0.0000 -0.4940 -0.8695
vn -0.0000 -0.3827 -0.9239
vn -0.0000 -0.0000 -1.0000
vn -0.0000 -0.2517 -0.9678
vn -0.0000 -0.5961 -0.8029
vn -0.0000 -0.2899 -0.9571
vn -0.0000 -0.5000 -0.8660
vn -0.0000 -0.9828 -0.1844
vn -0.0000 -0.8491 -0.5282
vn -0.0000 -0.9239 -0.3827
vn -0.0000 -0.9738 -0.2275
vn -0.0000 -0.3793 -0.9253
vn -0.0000 -0.6001 -0.8000
vn -0.0000 -0.7071 -0.7071
vn -0.0000 -0.4315 -0.9021
vn -0.0000 -0.8105 -0.5857
vn -0.0000 -0.9753 -0.2209
vn -0.0000 -0.5518 -0.8340
vn -0.0000 -0.5252 -0.8510
vn -0.0000 -0.5250 -0.8511
vn -0.0001 -0.2223 -0.9750
vn -0.0000 -0.6228 -0.7824
vn -0.0000 -0.4317 -0.9020
vn -0.0000 -0.0001 -1.0000
vn -0.0000 -0.7723 -0.6353
vn -0.0000 -0.2519 -0.9678
vn -0.0001 -0.0000 -1.0000
vn -0.0002 -0.0000 -1.0000
vn 0.0001 -0.0000 -1.0000
vn -0.0000 1.0000 -0.0001
vn -0.0000 1.0000 0.0001
vn -0.0000 1.0000 0.0002
vn 0.0001 1.0000 0.0003
vn -0.0001 1.0000 -0.0003
vn -0.0000 1.0000 0.0003
vn -0.0000 -1.0000 -0.0001
vn -0.0001 -0.0000 1.0000
vn -0.0000 -0.0001 1.0000
vn -0.0002 -0.0000 1.0000
vn 1.0000 -0.0000 -0.0000
vn 1.0000 0.0002 -0.0000
vn 1.0000 0.0001 -0.0000
vn 1.0000 -0.0003 -0.0000
vn -1.0000 -0.0001 -0.0000
vn -1.0000 -0.0000 -0.0000
vn -1.0000 0.0001 -0.0000
vn -1.0000 0.0002 -0.0000
vn -0.0000 -0.8247 0.5656
vn -0.0000 -0.7660 0.6428
vn -0.0000 -0.5250 0.8511
vn 0.0001 -0.7073 0.7069
vn -0.0002 -0.7073 0.7069
vn -0.0000 -0.8562 0.5167
vn -0.0000 -0.8660 0.5000
vn -0.0000 -0.5971 0.8021
vn -0.0000 -0.8460 0.5332
vn -0.0000 -0.7660 0.6429
vn -0.0000 -0.5495 0.8355
vn -0.0000 -0.5971 0.8022
vn -0.0000 -0.5972 0.8021
vn -0.0000 -0.7071 0.7071
vn 0.0007 -0.7070 0.7072
vn -0.0000 -0.7070 0.7072
vn -0.0007 -0.7071 0.7071
vn -0.0000 -0.7072 0.7070
vn -0.0000 -0.9239 0.3827
vn -0.0000 -0.9239 0.3826
vn -0.0000 -0.3826 0.9239
vn -0.0000 -0.3827 0.9239
vn -0.0000 0.9239 0.3826
vn -0.0000 0.7072 0.7071
vn -0.0000 0.3827 0.9239
vn -0.0000 0.7073 0.7069
vn -0.0000 0.9514 -0.3079
vn -0.0000 0.9239 -0.3826
vn -0.0000 0.8545 -0.5195
vn -0.0000 0.7071 -0.7071
vn -0.0000 0.5563 -0.8310
vn -0.0000 0.7199 -0.6941
vn -0.0000 0.6428 -0.7660
vn -0.0000 0.2647 -0.9643
vn -0.0000 0.9430 -0.3328
vn -0.0000 0.8710 -0.4913
vn -0.0000 0.8756 -0.4831
vn -0.0000 0.9234 -0.3838
vn -0.0000 0.8011 -0.5985
vn -0.0000 0.9854 -0.1704
vn -0.0000 0.9352 -0.3541
vn -0.0000 0.6362 -0.7715
vn -0.0000 0.6181 -0.7861
vn -0.0000 0.8021 -0.5972
vn -0.0000 0.4358 -0.9001
vn -0.0000 0.9773 -0.2117
vn -0.0000 0.9514 -0.3080
vn -0.0000 0.9239 -0.3827
vn -0.0001 0.7452 -0.6668
vn -0.0000 0.4357 -0.9001
vn -0.0000 0.5000 -0.8660
vn -0.0000 0.3826 -0.9239
vn -0.0000 0.4358 -0.9000
vn -0.0000 0.3827 -0.9239
vn -0.0000 0.8021 -0.5971
vn -0.0000 0.1737 -0.9848
vn -0.0000 0.3828 -0.9238
vn -0.0000 0.7071 -0.7072
vn -0.0000 0.1736 -0.9848
vn -0.0000 0.3825 -0.9239
vn -0.0000 0.3491 -0.9371
vn -0.0000 0.5762 -0.8173
vn -0.0000 0.4402 -0.8979
vn -0.0000 0.2703 -0.9628
vn -0.0000 0.4401 -0.8979
vn -0.0000 0.6330 -0.7741
vn -0.0000 0.4317 -0.9020
vn -0.0000 0.2519 -0.9677
vn -0.0000 0.5251 -0.8510
vn -0.0000 0.3082 -0.9513
vn -0.0000 0.6329 -0.7742
vn -0.0002 0.6429 -0.7660
vn -0.0000 0.3053 -0.9523
vn -0.0001 0.2517 -0.9678
vn -0.0000 0.4315 -0.9021
vn -0.0000 0.5250 -0.8511
vn -0.0000 0.6809 -0.7324
vn -0.0000 0.8904 -0.4552
vn -0.0000 0.7319 -0.6814
vn -0.0000 0.6435 -0.7655
vn -0.0000 0.4348 -0.9005
vn -0.0000 0.6219 -0.7831
vn -0.0000 0.2518 -0.9678
vn -0.0000 0.9598 -0.2806
vn -0.0000 0.2307 -0.9730
vn -0.0000 0.9282 -0.3722
vn -0.0000 0.6436 -0.7654
vn -0.0000 0.9303 -0.3667
vn -0.0000 0.7850 -0.6195
vn -0.0000 0.6650 -0.7468
vn -0.0000 0.9286 -0.3712
vn -0.0000 0.8969 -0.4423
vn -0.0000 0.7948 -0.6069
vn -0.0000 0.2306 -0.9730
vn -0.0000 0.9689 -0.2473
vn -0.0000 0.8790 -0.4768
vn -0.0000 0.6092 -0.7930
vn -0.0000 0.5252 -0.8510
vn -0.0000 0.7452 -0.6668
vn -0.0000 0.5518 -0.8340
vn -0.0000 0.2519 -0.9678
vn -0.0000 -0.9449 -0.3275
vn -0.0000 -0.9121 -0.4099
vn -0.0000 -0.8373 -0.5468
vn -0.0000 -0.1737 -0.9848
vn -0.0000 -0.3433 -0.9392
vn -0.0000 -0.5916 -0.8062
vn -0.0000 -0.6616 -0.7499
vn -0.0000 -0.6691 -0.7432
vn -0.0000 -0.5035 -0.8640
vn -0.0000 -0.8995 -0.4369
vn -0.0000 -0.7722 -0.6354
vn -0.0000 -0.2518 -0.9678
vn -0.0000 -0.9829 -0.1844
vn -0.0000 -0.7759 -0.6309
vn -0.0000 -0.6000 -0.8000
vn -0.0000 -0.7070 -0.7072
vn -0.0000 -0.9311 -0.3648
vn -0.0000 -0.3825 -0.9239
vn 0.3827 -0.9239 -0.0000
vn 0.7070 -0.7072 -0.0000
vn 0.7071 -0.7071 -0.0000
vn 0.9239 -0.3827 -0.0000
vn 0.3826 -0.9239 -0.0000
vn 1.0000 -0.0001 -0.0000
vn 1.0000 -0.0001 -0.0002
vn 0.7072 -0.7070 -0.0000
vn 0.9239 0.3827 -0.0000
vn 0.7071 0.7071 -0.0000
vn 0.7072 0.7070 -0.0000
vn 0.3827 0.9239 -0.0001
vn 0.3827 0.9239 -0.0000
vn 0.3826 0.9239 -0.0000
vn 0.0001 0.3826 -0.9239
vn -0.0000 0.7069 -0.7073
vn 0.3399 0.8614 -0.3774
vn 0.5485 0.5485 -0.6311
vn 0.7715 0.5890 -0.2406
vn 0.3104 0.3104 -0.8985
vn 0.7058 -0.0013 -0.7084
vn 0.9240 0.0002 -0.3823
vn 0.3800 0.0054 -0.9250
vn 0.3827 -0.0000 -0.9239
vn 0.7071 -0.0000 -0.7071
vn 0.9239 -0.0000 -0.3827
vn 0.8614 -0.3399 -0.3774
vn 0.5485 -0.5485 -0.6311
vn 0.5890 -0.7715 -0.2406
vn 0.3104 -0.3104 -0.8985
vn -0.0013 -0.7058 -0.7084
vn 0.0002 -0.9240 -0.3823
vn 0.0055 -0.3799 -0.9250
vn -0.0000 -0.3826 -0.9239
vn 0.0054 -0.3801 -0.9249
vn -0.0000 -0.9239 -0.3826
vn 0.0001 -0.9239 -0.3827
vn -0.0000 -1.0000 -0.0002
vn -0.9239 -0.3827 -0.0000
vn -0.7071 -0.7071 -0.0000
vn -0.7070 -0.7072 -0.0000
vn -0.3827 -0.9239 -0.0000
vn -0.3826 -0.9239 -0.0000
vn -0.3827 0.9239 -0.0000
vn -0.7072 0.7070 -0.0000
vn -0.7071 0.7071 -0.0000
vn -0.9239 0.3827 -0.0000
vn -0.3827 0.9239 -0.0001
vn -0.3826 0.9239 -0.0000
vn -0.0001 0.9239 -0.3827
vn -0.0000 0.7070 -0.7072
vn -0.8614 0.3400 -0.3774
vn -0.9241 0.0003 -0.3822
vn -0.5484 0.5485 -0.6311
vn -0.7058 -0.0013 -0.7084
vn -0.5890 0.7715 -0.2406
vn -0.3104 0.3104 -0.8985
vn -0.3800 0.0055 -0.9250
vn -0.9239 -0.0000 -0.3827
vn -0.7070 -0.0000 -0.7072
vn -0.3827 -0.0001 -0.9239
vn -0.3399 -0.8614 -0.3774
vn -0.0002 -0.9240 -0.3823
vn -0.5485 -0.5485 -0.6311
vn 0.0013 -0.7058 -0.7084
vn -0.7715 -0.5890 -0.2406
vn -0.3104 -0.3104 -0.8985
vn -0.0055 -0.3800 -0.9250
vn -0.0000 -0.7069 -0.7073
vn -0.0055 -0.3801 -0.9249
vn -0.0001 -0.9239 -0.3826
vn -0.0000 -0.7073 -0.7069
vn 1.0000 -0.0000 0.0001
vn 1.0000 -0.0000 -0.0001
vn 1.0000 -0.0002 -0.0000
vn -0.0000 0.9420 0.3357
vn -0.0000 0.7746 0.6325
vn -0.0000 0.7746 0.6324
vn 0.0002 0.5173 0.8558
vn -0.0000 0.5173 0.8558
vn -0.0000 0.2001 0.9798
vn -0.0000 0.2000 0.9798
vn -0.0000 0.9420 -0.3357
vn -0.0001 0.7746 -0.6325
vn -0.0000 0.7746 -0.6324
vn -0.0001 0.5173 -0.8558
vn -0.0000 0.5173 -0.8558
vn -0.0000 0.2000 -0.9798
vn -0.0000 0.2001 -0.9798
vn -0.0001 0.5173 0.8558
vn 0.0001 0.7746 0.6325
vn 0.0001 0.9420 0.3357
vn -0.0000 0.7746 -0.6325
vn 0.0001 0.5173 0.8558
vn 0.0001 0.5173 -0.8558
vn -0.0001 0.9420 -0.3357
vn 0.5785 0.3940 0.7142
vn 0.4750 0.5766 0.6648
vn 0.5786 0.3940 0.7142
vn 0.8199 0.3205 0.4744
vn 0.5000 0.7313 0.4639
vn 0.8199 0.3205 0.4743
vn 0.5373 0.8285 0.1580
vn 0.5372 0.8285 0.1580
vn 0.7099 0.1468 0.6889
vn 0.9256 0.0826 0.3693
vn 0.3845 0.1868 0.9040
vn 0.7099 0.1468 0.6888
vn 0.8199 0.3206 0.4743
vn 0.3846 0.1867 0.9040
vn -0.0000 -0.0000 -0.0000
vn 0.5785 0.3940 -0.7142
vn 0.4750 0.5766 -0.6648
vn 0.8199 0.3205 -0.4743
vn 0.3844 0.1867 -0.9041
vn 0.5000 0.7313 -0.4639
vn 0.5373 0.8285 -0.1580
vn 0.5785 0.3939 -0.7142
vn 0.7099 0.1469 -0.6888
vn 0.3845 0.1867 -0.9040
vn 0.9257 0.0825 -0.3691
vn 0.8199 0.3205 -0.4744
vn 0.9256 0.0825 -0.3693
vn 0.9257 0.0825 -0.3692
vn -0.0000 0.1999 -0.9798
vn -0.5785 0.3940 0.7142
vn -0.4750 0.5766 0.6648
vn -0.8199 0.3205 0.4743
vn -0.3844 0.1867 0.9041
vn -0.4749 0.5766 0.6648
vn -0.4999 0.7313 0.4639
vn -0.5372 0.8285 0.1580
vn -0.7098 0.1469 0.6889
vn -0.3845 0.1867 0.9040
vn -0.9257 0.0826 0.3692
vn -0.8199 0.3205 0.4744
vn -0.9256 0.0825 0.3693
vn -0.7099 0.1469 0.6888
vn -0.9257 0.0824 0.3692
vn -0.7099 0.1468 0.6888
vn -0.8199 0.3206 0.4743
vn -0.5786 0.3940 -0.7141
vn -0.4749 0.5766 -0.6648
vn -0.8200 0.3205 -0.4743
vn -0.5000 0.7313 -0.4639
vn -0.5373 0.8285 -0.1580
vn -0.8199 0.3205 -0.4744
vn -0.7099 0.1468 -0.6889
vn -0.9256 0.0826 -0.3693
vn -0.3845 0.1867 -0.9041
vn -0.7099 0.1469 -0.6888
vn -0.3846 0.1867 -0.9040
vn -0.9257 0.0826 -0.3692
vn -0.3845 0.1868 -0.9040
vn -0.7099 0.1468 -0.6888
vn 0.3845 0.1867 0.9041
vn 0.7099 0.1470 0.6888
vn 1.0000 0.0001 0.0001
vn 0.9256 0.0825 0.3694
vn 0.9256 0.0826 0.3694
vn 0.3845 0.1867 0.9040
vn 0.8200 0.3205 -0.4743
vn 0.3845 0.1867 -0.9041
vn 0.9256 0.0826 -0.3693
vn 0.7099 0.1468 -0.6889
vn 0.7099 0.1468 -0.6888
vn -0.3844 0.1868 0.9041
vn -0.5000 0.7313 0.4639
vn -0.3845 0.1867 0.9041
vn -1.0000 -0.0000 0.0001
vn -0.9239 0.3826 -0.0000
vn -0.5786 0.3939 -0.7142
vn -0.4750 0.5766 -0.6648
vn -0.5372 0.8285 -0.1580
vn -0.7099 0.1467 -0.6888
vn -0.3845 0.1867 -0.9040
vn -0.7099 0.1469 -0.6889
vn 0.7099 0.1469 0.6888
vn 0.5786 0.3940 0.7141
vn 0.7099 0.1469 0.6889
vn 0.5786 0.3939 0.7142
vn 0.3844 0.1868 -0.9041
vn 0.9257 0.0826 -0.3691
vn 0.9257 0.0825 -0.3693
vn 0.7099 0.1469 -0.6889
vn 0.9257 0.0826 -0.3692
vn 0.7099 0.1467 -0.6889
vn -0.7072 0.7071 -0.0000
vn -0.3843 0.1868 0.9041
vn -0.7099 0.1469 0.6889
vn -0.9257 0.0825 0.3693
vn -0.9257 0.0825 0.3692
vn 0.4750 0.5765 0.6648
vn 0.9257 0.0827 -0.3691
vn -0.9256 0.0825 -0.3693
vn -0.5785 0.3939 0.7142
vn -0.8199 0.3206 0.4744
vn -0.9256 0.0826 0.3693
vn -0.7099 0.1470 0.6888
vn 0.1950 -0.0000 0.9808
vn 0.1951 -0.0000 0.9808
vn 0.3826 -0.0000 0.9239
vn 0.5555 -0.0000 0.8315
vn 0.3827 0.0001 0.9239
vn 0.7074 -0.0000 0.7069
vn 0.5556 -0.0000 0.8314
vn 0.8314 -0.0000 0.5557
vn 0.7069 -0.0000 0.7073
vn 0.9239 -0.0000 0.3827
vn 0.8315 -0.0000 0.5555
vn 0.9808 -0.0000 0.1951
vn 0.9808 -0.0000 0.1949
vn 0.9239 -0.0000 0.3826
vn 0.8314 -0.0001 0.5557
vn 0.7071 -0.0000 0.7071
vn 0.5557 -0.0000 0.8314
vn 0.3827 -0.0000 0.9239
vn 0.5556 -0.0000 0.8315
vn -0.9808 -0.0000 0.1950
vn -0.9808 -0.0000 0.1951
vn -0.9239 -0.0000 0.3827
vn -0.8315 -0.0000 0.5555
vn -0.8314 -0.0000 0.5556
vn -0.7074 -0.0000 0.7069
vn -0.7071 -0.0000 0.7071
vn -0.5556 -0.0000 0.8314
vn -0.3827 -0.0000 0.9239
vn -0.1951 -0.0000 0.9808
vn -0.1950 -0.0000 0.9808
vn -0.0001 -0.0001 1.0000
vn -0.3826 -0.0000 0.9239
vn -0.5555 -0.0000 0.8315
vn -0.7069 -0.0000 0.7073
vn -0.8314 -0.0000 0.5557
vn -0.7073 -0.0000 0.7069
vn -0.5556 -0.0000 0.8315
vn -0.7070 -0.0000 0.7072
vn 0.7073 -0.0000 0.7069
vn 0.8314 -0.0000 0.5556
vn 0.7068 -0.0000 0.7074
vn 0.7072 -0.0000 0.7070
vn 0.7070 -0.0000 0.7072
vn -0.2004 -0.0000 -0.9797
vn -0.1325 -0.0000 -0.9912
vn -0.2546 -0.0000 -0.9670
vn -0.1324 -0.0000 -0.9912
vn 0.2004 -0.0000 -0.9797
vn 0.2545 -0.0000 -0.9671
vn 0.1323 -0.0000 -0.9912
vn 0.1322 -0.0000 -0.9912
vn 0.2004 0.0005 -0.9797
vn -0.2547 -0.0000 -0.9670
vn 0.1325 -0.0000 -0.9912
vn 0.2546 -0.0000 -0.9670
vn 0.2546 -0.0000 -0.9671
vn 0.0003 -0.0000 -1.0000
vn -0.1323 -0.0000 -0.9912
vn -0.2545 -0.0000 -0.9671
vn -0.0003 -0.0000 -1.0000
vn -0.1322 -0.0000 -0.9912
vn 0.1324 -0.0000 -0.9912
vn 0.2547 -0.0000 -0.9670
vn -1.0000 -0.0002 -0.0000
vt 0.435100 -1.200000
vt 0.435100 -1.900000
vt 0.835100 -3.750000
vt 0.435100 -4.000000
vt 0.585100 -4.000000
vt 0.830296 -3.798773
vt 0.816070 -3.845671
vt 0.792967 -3.888893
vt 0.761877 -3.926777
vt 0.723993 -3.957867
vt 0.680771 -3.980970
vt 0.633873 -3.995196
vt 0.835100 -1.200000
vt 0.435100 -2.600000
vt 0.435100 -3.300000
vt -0.590000 -3.750000
vt -0.590000 -1.200000
vt -0.690000 -3.750000
vt -0.690000 -1.200000
vt -0.435100 -4.000000
vt -0.435100 -1.200000
vt -0.835100 -3.750000
vt -0.585100 -4.000000
vt -0.633873 -3.995196
vt -0.680771 -3.980970
vt -0.723993 -3.957867
vt -0.761877 -3.926777
vt -0.816070 -3.845671
vt -0.792967 -3.888893
vt -0.830296 -3.798773
vt -0.835100 -1.200000
vt -0.559134 -1.200000
vt -0.540000 -4.000000
vt -0.540000 -1.200000
vt -0.559134 -4.000000
vt -0.575355 -1.200000
vt -0.415966 -4.000000
vt -0.415966 -1.200000
vt -0.399745 -4.000000
vt -0.399745 -1.200000
vt -0.575355 -4.000000
vt 0.388226 -2.364233
vt 0.360285 -2.448872
vt 0.383613 -2.601225
vt 0.372396 -2.043827
vt 0.342176 -2.213651
vt 0.323152 -2.699957
vt 0.359407 -2.754802
vt 0.639838 -2.699957
vt 0.608015 -2.812106
vt 0.641084 -2.983353
vt 0.565705 -1.560589
vt 0.614096 -1.603496
vt 0.597403 -1.200000
vt 0.540000 -1.878271
vt 0.577735 -1.890857
vt 0.629419 -3.059537
vt 0.583487 -3.063814
vt 0.615000 -3.353333
vt 0.407437 -3.610794
vt 0.355873 -3.532383
vt 0.377697 -4.000000
vt 0.400982 -3.243814
vt 0.596896 -3.660635
vt 0.630006 -3.628572
vt 0.540000 -4.000000
vt 0.597403 -4.000000
vt 0.315104 -3.628572
vt 0.305196 -3.353333
vt 0.646066 -4.000000
vt 0.657746 -1.719631
vt 0.646066 -1.200000
vt 0.604723 -1.921066
vt 0.347249 -2.017829
vt 0.401968 -1.839877
vt 0.661582 -2.017829
vt 0.622765 -1.999959
vt 0.618892 -2.040994
vt 0.342170 -1.719631
vt 0.618874 -1.958935
vt 0.377697 -1.200000
vt 0.573338 -2.524898
vt 0.633426 -2.532964
vt 0.604747 -2.078891
vt 0.540000 -2.920000
vt 0.655840 -3.131443
vt 0.540000 -3.140000
vt 0.339805 -3.131443
vt 0.667370 -3.532383
vt 0.317748 -2.532964
vt 0.657750 -2.213651
vt 0.577745 -2.109129
vt 0.329034 -4.000000
vt 0.540000 -2.520865
vt 0.540000 -2.121729
vt 0.324276 -2.983353
vt 0.329034 -1.200000
vt 0.540000 -1.200000
vt 0.540000 -2.720432
vt 0.540000 -2.820216
vt 0.540000 -2.870108
vt 0.537716 -2.908520
vt 0.510000 -2.890000
vt 0.160000 -2.820216
vt 0.160000 -2.720432
vt 0.168787 -2.898787
vt 0.160000 -2.870108
vt 0.162284 -2.908520
vt 0.178520 -2.892284
vt 0.531213 -2.898787
vt 0.521481 -2.892284
vt 0.160000 -2.520865
vt 0.160000 -2.121729
vt 0.190000 -2.890000
vt 0.160000 -2.920000
vt 0.160000 1.000000
vt 0.500000 1.200000
vt 0.160000 1.878271
vt 0.500000 0.121729
vt 0.160000 0.121729
vt 0.540000 1.878271
vt 0.540000 1.200000
vt 0.500000 -1.200000
vt 0.160000 -1.878271
vt 0.160000 -1.000000
vt 0.160000 -0.121729
vt 0.500000 -0.121729
vt -0.916696 -2.402361
vt -0.916697 -0.477637
vt -0.921230 -2.395988
vt -0.915000 -2.410000
vt -0.915000 -0.470000
vt -0.921231 -0.484011
vt -0.927768 -2.391620
vt -0.927770 -0.488379
vt -0.935478 -2.390000
vt -0.935478 -0.490000
vt -1.264522 -2.390000
vt -1.264522 -0.490000
vt -1.272232 -0.488380
vt -1.272231 -2.391621
vt -1.285000 -2.410000
vt -1.585100 -3.750000
vt -1.285000 -2.470000
vt -1.283304 -2.477639
vt -1.285000 -0.470000
vt -1.278770 -2.484012
vt -1.272232 -2.488380
vt -1.264522 -2.490000
vt -0.935478 -2.490000
vt -1.278770 -0.484012
vt -1.278769 -2.395989
vt -1.335100 -4.000000
vt -0.916697 -2.477637
vt -0.915000 -2.470000
vt -0.921231 -2.484011
vt -0.927770 -2.488379
vt -0.916696 0.477639
vt -0.916697 2.402363
vt -0.921230 0.484012
vt -0.915000 0.470000
vt -0.915000 2.410000
vt -0.921231 2.395989
vt -0.927768 0.488380
vt -0.927770 2.391621
vt -0.935478 0.490000
vt -0.935478 2.390000
vt -1.264522 0.490000
vt -1.264522 2.390000
vt -1.272232 2.391620
vt -1.272231 0.488379
vt -1.285000 0.470000
vt -1.585100 3.750000
vt -1.285000 0.410000
vt -1.285000 -0.410000
vt -1.283304 0.402361
vt -1.283303 -0.402363
vt -1.278770 0.395988
vt -1.278769 -0.395989
vt -1.272231 -0.391621
vt -1.272232 0.391620
vt -1.278770 2.395988
vt -1.278769 0.484011
vt -1.264522 -0.390000
vt -1.264522 0.390000
vt -0.935478 0.390000
vt -0.927768 -0.391620
vt -0.921230 -0.395988
vt -0.927770 0.391621
vt -0.915000 0.410000
vt -0.916696 -0.402361
vt -0.915000 -0.410000
vt -0.435100 4.000000
vt -0.935478 -0.390000
vt -1.383873 -3.995196
vt -1.430771 -3.980970
vt -1.473993 -3.957867
vt -1.511877 -3.926777
vt -1.566070 -3.845671
vt -1.542967 -3.888893
vt -1.580296 -3.798773
vt -1.283303 -2.402363
vt -1.285000 2.470000
vt -1.283303 2.477637
vt -1.264522 2.490000
vt -1.272231 2.488379
vt -1.278769 2.484011
vt -0.935478 2.490000
vt -1.335100 4.000000
vt -1.580296 3.798773
vt -1.566070 3.845671
vt -1.383873 3.995196
vt -1.430771 3.980970
vt -0.916697 0.402363
vt -0.921231 0.395989
vt -1.283303 0.477637
vt -1.283304 2.402361
vt -1.285000 2.410000
vt -1.283304 -0.477639
vt -0.916696 2.477639
vt -0.921230 2.484012
vt -0.915000 2.470000
vt -0.927768 2.488380
vt -1.542967 3.888893
vt -1.473993 3.957867
vt -1.511877 3.926777
vt -0.435100 -3.000000
vt -0.435100 1.000000
vt -0.435100 0.000000
vt -0.435100 3.000000
vt -0.435100 2.000000
vt -0.435100 -1.000000
vt -0.435100 -2.000000
vt 0.160000 2.870108
vt 0.162284 2.908520
vt 0.160000 2.920000
vt 0.160000 2.820216
vt 0.190000 2.890000
vt 0.160000 2.720432
vt 0.540000 2.820216
vt 0.160000 2.520865
vt 0.540000 2.720432
vt 0.531213 2.898787
vt 0.540000 2.870108
vt 0.537716 2.908520
vt 0.521481 2.892284
vt 0.168787 2.898787
vt 0.178520 2.892284
vt 0.540000 2.520865
vt 0.160000 2.121729
vt 0.540000 2.121729
vt 0.510000 2.890000
vt 0.540000 2.920000
vt 0.160000 -4.000000
vt 0.160000 -3.140000
vt 0.540000 4.000000
vt 0.160000 4.000000
vt 0.540000 3.140000
vt 0.160000 3.140000
vt 1.566070 -3.845671
vt 1.580296 -3.798773
vt 1.585100 -3.750000
vt 1.542967 -3.888893
vt 1.511877 -3.926777
vt 1.473993 -3.957867
vt 1.430771 -3.980970
vt 1.383873 -3.995196
vt 1.335100 -4.000000
vt 0.435100 3.500000
vt 0.435100 4.000000
vt 1.335100 4.000000
vt 1.585100 3.750000
vt 1.383873 3.995196
vt 1.430771 3.980970
vt 1.473993 3.957867
vt 1.511877 3.926777
vt 1.566070 3.845671
vt 1.542967 3.888893
vt 1.580296 3.798773
vt 0.435100 -0.500000
vt 0.435100 0.000000
vt 0.435100 1.500000
vt 0.435100 2.000000
vt 0.435100 -2.500000
vt 0.435100 -2.000000
vt 0.435100 -1.500000
vt 0.435100 -1.000000
vt 0.435100 0.500000
vt 0.435100 1.000000
vt 0.435100 -3.500000
vt 0.435100 -3.000000
vt 0.435100 2.500000
vt 0.435100 3.000000
vt -0.110000 -3.750000
vt -0.010000 -3.750000
vt -0.110000 3.750000
vt -0.010000 3.750000
vt 0.435100 3.300000
vt 0.835100 3.750000
vt 0.585100 4.000000
vt 0.633873 3.995196
vt 0.680771 3.980970
vt 0.723993 3.957867
vt 0.761877 3.926777
vt 0.816070 3.845671
vt 0.792967 3.888893
vt 0.830296 3.798773
vt 0.435100 1.200000
vt 0.835100 1.200000
vt 0.435100 2.600000
vt -0.690000 3.750000
vt -0.690000 1.200000
vt -0.590000 3.750000
vt -0.590000 1.200000
vt -0.435100 1.200000
vt -0.835100 3.750000
vt -0.585100 4.000000
vt -0.830296 3.798773
vt -0.816070 3.845671
vt -0.792967 3.888893
vt -0.761877 3.926777
vt -0.723993 3.957867
vt -0.680771 3.980970
vt -0.633873 3.995196
vt -0.835100 1.200000
vt -0.500000 0.000000
vt -0.160000 0.000000
vt -0.500000 1.200000
vt -0.160000 0.500000
vt -0.160000 -1.500000
vt -0.500000 -1.200000
vt -0.160000 -2.000000
vt -0.160000 2.000000
vt -0.160000 2.500000
vt -0.540000 4.000000
vt -0.540000 1.200000
vt -0.160000 -4.000000
vt -0.160000 -3.500000
vt -0.160000 -0.500000
vt -0.160000 -1.000000
vt -0.160000 1.500000
vt -0.160000 1.000000
vt -0.160000 -3.000000
vt -0.160000 -2.500000
vt -0.160000 3.000000
vt -0.160000 3.500000
vt -0.160000 4.000000
vt -0.585100 -0.690000
vt -0.435100 -0.690000
vt -0.435100 -0.590000
vt -0.329034 -0.646066
vt -0.399745 -0.575355
vt -0.415966 -0.586194
vt -0.296518 -0.597403
vt -0.388906 -0.559134
vt -0.377697 -0.678582
vt -0.285100 -0.540000
vt -0.285100 -0.160000
vt -0.385100 -0.540000
vt -0.296518 -0.102597
vt -0.385100 -0.160000
vt -0.329034 -0.053934
vt -0.399745 -0.124645
vt -0.388906 -0.140866
vt -0.377697 -0.021418
vt -0.415966 -0.113806
vt -0.435100 -0.010000
vt -1.335100 -0.010000
vt -0.435100 -0.110000
vt -1.335100 -0.110000
vt -0.585100 -0.590000
vt 0.415966 -0.586194
vt 0.377697 -0.678582
vt 0.435100 -0.690000
vt 0.329034 -0.646066
vt 0.285100 -0.540000
vt 0.385100 -0.540000
vt 0.285100 -0.160000
vt 0.399745 -0.575355
vt 0.296518 -0.597403
vt 0.296518 -0.102597
vt 0.385100 -0.160000
vt 0.329034 -0.053934
vt 0.388906 -0.140866
vt 0.399745 -0.124645
vt 0.377697 -0.021418
vt 0.415966 -0.113806
vt 0.435100 -0.010000
vt 0.435100 -0.110000
vt 1.335100 -0.010000
vt 1.335100 -0.110000
vt 0.388906 -0.559134
vt 0.435100 -0.590000
vt 0.585100 -0.590000
vt 0.585100 -0.690000
vt -0.118766 -2.561728
vt -0.121698 -2.388889
vt -0.133751 -2.518518
vt -0.124645 -2.666667
vt -0.118766 2.561728
vt -0.124645 2.666667
vt -0.133751 2.518518
vt 0.406820 2.561728
vt 0.402961 2.388889
vt -0.121698 2.388889
vt 0.409265 -1.530864
vt 0.402961 -1.611111
vt 0.410100 -1.333333
vt 0.394994 -1.481481
vt 0.409265 1.530864
vt 0.410100 1.333333
vt 0.402961 1.611111
vt 0.408440 -0.962963
vt 0.402961 -0.888889
vt 0.393326 -1.000000
vt 0.402961 -1.111111
vt -0.132525 -1.000000
vt -0.121698 -0.888889
vt -0.121698 -1.111111
vt -0.117701 0.962963
vt -0.121698 1.111111
vt -0.132525 1.000000
vt 0.408440 0.962963
vt 0.393326 1.000000
vt 0.402961 0.888889
vt -0.121698 0.888889
vt -0.117701 -0.037037
vt -0.121698 0.111111
vt -0.132525 0.000000
vt 0.408440 -0.037037
vt 0.393326 0.000000
vt 0.402961 -0.111111
vt -0.121698 -0.111111
vt -0.130142 1.481481
vt -0.121698 1.611111
vt 0.394994 1.481481
vt 0.394994 1.314815
vt -0.130142 -1.481481
vt -0.130142 -1.314815
vt -0.121698 -1.611111
vt 0.394994 -2.185185
vt 0.402961 -2.388889
vt 0.410100 -2.166667
vt -0.130142 -2.185185
vt -0.121698 -1.944445
vt 0.394994 -1.314815
vt 0.394994 -1.814815
vt 0.402961 -1.944445
vt 0.410100 -1.833333
vt 0.394994 2.185185
vt 0.402961 1.944445
vt 0.410100 2.166667
vt 0.394994 0.685185
vt 0.402961 0.555556
vt 0.410100 0.666667
vt 0.394994 1.814815
vt 0.410100 1.833333
vt -0.130142 1.814815
vt -0.121698 1.944445
vt 0.394994 -0.314815
vt 0.402961 -0.444444
vt 0.410100 -0.333333
vt 0.394994 0.314815
vt 0.402961 0.111111
vt 0.410100 0.333333
vt -0.130142 0.314815
vt -0.121698 0.555556
vt 0.402961 1.111111
vt -0.130142 1.314815
vt 0.394994 -0.685185
vt 0.410100 -0.666667
vt -0.130142 -0.685185
vt -0.121698 -0.444444
vt 0.399745 -3.444444
vt 0.399745 -3.666667
vt 0.399745 -3.333333
vt 0.399745 3.444444
vt 0.399745 3.333333
vt -0.124645 3.444444
vt -0.124645 3.666667
vt 0.399745 -2.888889
vt 0.399745 -3.111111
vt 0.399745 -2.666667
vt -0.124645 -3.111111
vt -0.124645 -2.888889
vt 0.399745 3.111111
vt 0.399745 2.888889
vt 0.399745 2.666667
vt -0.124645 2.888889
vt -0.124645 3.111111
vt 0.399745 3.666667
vt 0.415966 4.000000
vt 0.399745 4.000000
vt -0.124645 -3.666667
vt -0.124645 -3.444444
vt -0.124645 -3.333333
vt -0.124645 3.333333
vt -0.140866 4.000000
vt -0.130142 2.185185
vt 0.406820 -2.561728
vt -0.117701 -0.962963
vt -0.130142 0.685185
vt -0.130142 -0.314815
vt -0.130142 -1.814815
vt 0.415966 -4.000000
vt -0.140866 -4.000000
vt -0.124645 -4.000000
vt -0.124645 4.000000
vt 0.399745 -4.000000
vt -0.415966 1.200000
vt -0.415966 4.000000
vt -0.399745 1.200000
vt -0.399745 4.000000
vt -0.559134 4.000000
vt -0.559134 1.200000
vt -0.575355 4.000000
vt -0.575355 1.200000
vt -0.388917 3.866400
vt -0.377697 4.000000
vt -0.357180 3.599198
vt -0.329034 4.000000
vt 0.076556 2.911741
vt 0.052009 3.017976
vt 0.063582 2.691255
vt 0.120293 3.025992
vt -0.385180 2.301889
vt -0.361402 2.225851
vt -0.362633 2.679817
vt -0.377529 2.070716
vt -0.345316 -2.498271
vt -0.409545 -2.411662
vt -0.381979 -2.935774
vt -0.319370 -2.391895
vt -0.361402 -2.234986
vt -0.377529 -2.082896
vt -0.317188 3.595041
vt -0.345526 3.348196
vt 0.067282 3.595041
vt 0.094637 3.832593
vt 0.053934 4.000000
vt -0.403344 3.449399
vt 0.048215 -3.773560
vt 0.094637 -3.832593
vt 0.085000 -3.353333
vt 0.053934 -4.000000
vt 0.102597 -4.000000
vt 0.039682 -3.348196
vt 0.133953 -3.497778
vt 0.102573 -3.177359
vt 0.102597 4.000000
vt 0.133953 3.497778
vt 0.085000 3.353333
vt 0.107635 0.810364
vt 0.073573 0.818049
vt 0.093975 0.613043
vt 0.119456 1.111106
vt 0.107635 -1.189636
vt 0.073573 -1.181951
vt 0.093975 -1.386957
vt 0.119456 -0.888894
vt 0.065048 2.115246
vt 0.095253 2.078891
vt 0.122255 2.109129
vt 0.081108 2.040994
vt 0.064572 -2.391895
vt 0.113768 -2.249445
vt 0.065060 -2.118328
vt 0.063582 -2.691255
vt 0.114201 -2.679747
vt -0.318969 -2.118328
vt 0.122265 -2.109143
vt 0.095277 -2.078934
vt 0.081126 -2.041065
vt -0.325244 -0.299099
vt -0.366817 -0.226794
vt -0.332886 -0.666681
vt -0.320277 -0.115598
vt 0.094783 -0.554906
vt 0.050217 -0.666681
vt 0.066717 -0.822694
vt 0.057865 -0.299099
vt 0.122265 -0.109143
vt 0.095277 -0.078934
vt -0.325244 1.700901
vt -0.366817 1.773206
vt -0.332886 1.333319
vt -0.320277 1.884402
vt 0.094783 1.445094
vt 0.050217 1.333319
vt 0.066717 1.177306
vt 0.057865 1.700901
vt 0.122265 1.890857
vt 0.095277 1.921066
vt -0.393009 -3.488087
vt -0.345526 -3.348196
vt -0.403344 -3.116066
vt -0.377697 -4.000000
vt 0.125408 2.743968
vt -0.330994 3.017976
vt -0.379269 3.009338
vt 0.039682 3.348196
vt -0.320292 0.310233
vt -0.380100 0.238766
vt -0.342170 -0.013702
vt 0.063464 0.310233
vt 0.060249 0.720364
vt -0.379427 -0.080166
vt -0.368760 0.729999
vt -0.320292 -1.689767
vt -0.380100 -1.761235
vt -0.342170 -2.013702
vt 0.063464 -1.689767
vt 0.060249 -1.279636
vt -0.368760 -1.270001
vt -0.323074 0.720364
vt -0.312502 0.818049
vt -0.323074 -1.279636
vt -0.312502 -1.181951
vt 0.063482 -0.115598
vt 0.081126 -0.041065
vt 0.063482 1.884402
vt 0.081126 1.958935
vt -0.317634 1.177306
vt -0.344069 1.087492
vt -0.317634 -0.822694
vt -0.344069 -0.912508
vt 0.114201 2.652029
vt 0.125408 -2.827121
vt -0.398003 -0.888894
vt -0.398003 1.111106
vt -0.363578 -3.030194
vt -0.316146 -3.038743
vt -0.320193 -2.691255
vt 0.068622 -3.038743
vt -0.342170 1.986298
vt 0.040780 -0.912508
vt 0.081108 -1.959006
vt 0.095253 -1.921109
vt 0.040780 1.087492
vt 0.081108 0.040994
vt 0.095253 0.078891
vt -0.320193 2.691255
vt -0.329034 -4.000000
vt -0.335079 -3.773560
vt 0.042254 -0.013702
vt 0.077235 -0.000041
vt 0.042254 -2.013702
vt 0.077235 -2.000041
vt 0.077235 1.999959
vt 0.042254 1.986298
vt 0.122255 -1.890871
vt 0.122255 0.109129
vt -0.318979 2.115246
vt 0.565707 1.560596
vt 0.614101 1.603518
vt 0.577745 1.890871
vt 0.597403 1.200000
vt 0.385980 2.660584
vt 0.373617 2.600007
vt 0.353079 2.781744
vt 0.566047 2.618354
vt 0.615000 2.613766
vt 0.591496 2.445583
vt 0.628751 3.062544
vt 0.583485 3.063822
vt 0.639235 2.992344
vt 0.655836 3.131466
vt 0.615000 3.353333
vt 0.640365 2.163056
vt 0.615532 2.202118
vt 0.618874 2.041065
vt 0.323624 2.163056
vt 0.369561 2.245986
vt 0.339800 2.418277
vt 0.577735 2.109143
vt 0.604723 2.078934
vt 0.655836 2.418277
vt 0.407436 3.610795
vt 0.355873 3.532385
vt 0.400979 3.243822
vt 0.377697 4.000000
vt 0.656382 2.665172
vt 0.340468 2.665172
vt 0.322617 2.992344
vt 0.596896 3.660635
vt 0.630005 3.628573
vt 0.597403 4.000000
vt 0.315104 3.628573
vt 0.329034 4.000000
vt 0.305196 3.353333
vt 0.380379 1.721889
vt 0.342176 1.719682
vt 0.377697 1.200000
vt 0.657750 1.719682
vt 0.604747 1.921109
vt 0.646066 1.200000
vt 0.667370 3.532385
vt 0.339800 3.131466
vt 0.618892 1.959006
vt 0.622765 2.000041
vt 0.329034 1.200000
vt 0.646066 4.000000
vt -0.225100 -0.510000
vt -0.225100 -0.190000
vt -0.285100 -0.510000
vt -0.285100 -0.190000
vt 0.225100 3.140000
vt 0.225100 2.920000
vt 0.285100 3.140000
vt 0.285100 2.920000
vt 0.125100 -0.260000
vt 0.125100 -0.440000
vt 0.225100 -0.540000
vt 0.186832 -0.532388
vt 0.154389 -0.510711
vt 0.132712 -0.478268
vt 0.225100 -0.160000
vt 0.186832 -0.167612
vt 0.132712 -0.221732
vt 0.154389 -0.189289
vt -0.225100 2.920000
vt -0.225100 3.140000
vt -0.285100 2.920000
vt -0.285100 3.140000
vt 0.260000 3.140000
vt 0.260000 2.990000
vt 0.440000 3.140000
vt 0.440000 2.990000
vt 0.285100 2.908520
vt 0.225100 2.908520
vt 0.285100 2.898787
vt -0.285100 -0.531213
vt -0.225100 -0.531213
vt -0.285100 -0.521481
vt -0.225100 -0.521481
vt 0.225100 2.898787
vt -0.285100 -0.178520
vt -0.225100 -0.178520
vt -0.285100 -0.168787
vt -0.285100 2.898787
vt -0.225100 2.898787
vt -0.285100 2.908520
vt -0.225100 2.908520
vt -0.225100 -0.168787
vt 0.221732 3.140000
vt 0.221732 2.963212
vt 0.189289 3.140000
vt -0.186832 2.925328
vt -0.186832 3.140000
vt -0.154389 2.940503
vt -0.154389 3.140000
vt 0.189289 2.940503
vt -0.192709 2.913075
vt -0.171098 2.912934
vt -0.205762 -0.173407
vt -0.171098 -0.182933
vt -0.192709 -0.167410
vt 0.210530 2.940530
vt 0.182933 2.912934
vt 0.210503 2.919289
vt -0.186832 -0.195328
vt 0.233212 2.951732
vt -0.154389 -0.210503
vt -0.205762 2.897925
vt 0.466788 2.951732
vt 0.489497 2.919289
vt -0.186832 -0.504672
vt -0.154389 -0.489497
vt -0.192709 -0.516925
vt -0.171098 -0.517067
vt 0.205762 2.903407
vt 0.171098 2.912934
vt 0.192709 2.897410
vt 0.489470 2.940530
vt 0.517067 2.912934
vt 0.510711 2.940503
vt 0.186832 2.925328
vt 0.478268 2.963212
vt 0.154389 2.940503
vt -0.205762 -0.532075
vt 0.478268 3.140000
vt 0.510711 3.140000
vt 0.186832 3.140000
vt 0.154389 3.140000
vt 0.225100 -2.920000
vt 0.225100 -3.140000
vt 0.285100 -2.920000
vt 0.285100 -3.140000
vt 0.225100 -0.190000
vt 0.225100 -0.510000
vt 0.285100 -0.190000
vt 0.285100 -0.510000
vt -0.225100 -3.140000
vt -0.225100 -2.920000
vt -0.285100 -3.140000
vt -0.285100 -2.920000
vt -0.125100 -0.440000
vt -0.225100 -0.540000
vt -0.186832 -0.532388
vt -0.132712 -0.478268
vt -0.154389 -0.510711
vt -0.125100 -0.260000
vt -0.132712 -0.221732
vt -0.225100 -0.160000
vt -0.154389 -0.189289
vt -0.186832 -0.167612
vt 0.260000 -2.990000
vt 0.260000 -3.140000
vt 0.440000 -2.990000
vt 0.440000 -3.140000
vt 0.285100 -0.521481
vt 0.225100 -0.521481
vt 0.285100 -0.531213
vt 0.285100 -2.898787
vt 0.225100 -2.898787
vt 0.285100 -2.908520
vt 0.225100 -2.908520
vt 0.225100 -0.531213
vt -0.285100 -2.908520
vt -0.225100 -2.908520
vt -0.285100 -2.898787
vt 0.285100 -0.168787
vt 0.225100 -0.168787
vt 0.285100 -0.178520
vt 0.225100 -0.178520
vt -0.225100 -2.898787
vt -0.186832 -2.925328
vt -0.186832 -3.140000
vt -0.154389 -2.940503
vt 0.189289 -3.140000
vt 0.221732 -2.963212
vt 0.189289 -2.940503
vt 0.221732 -3.140000
vt -0.154389 -3.140000
vt 0.192709 -0.183075
vt 0.186832 -0.195328
vt 0.171098 -0.182933
vt 0.154389 -0.210503
vt -0.205762 -2.903407
vt -0.171098 -2.912934
vt -0.192709 -2.897410
vt 0.210530 -2.940530
vt 0.182933 -2.912934
vt 0.233212 -2.951732
vt 0.210503 -2.919289
vt 0.205762 -0.167925
vt 0.186832 -0.504672
vt 0.154389 -0.489497
vt 0.466788 -2.951732
vt 0.489497 -2.919289
vt 0.192709 -2.913075
vt 0.186832 -2.925328
vt 0.171098 -2.912934
vt 0.154389 -2.940503
vt 0.205762 -0.526593
vt 0.171098 -0.517067
vt 0.192709 -0.532590
vt 0.489470 -2.940530
vt 0.517067 -2.912934
vt 0.478268 -2.963212
vt 0.510711 -2.940503
vt 0.205762 -2.897925
vt 0.478268 -3.140000
vt 0.510711 -3.140000
vt 0.186832 -3.140000
vt 0.154389 -3.140000
vt -0.935478 -0.010000
vt -1.061969 0.090000
vt -1.264522 -0.010000
vt -0.952337 0.029862
vt -1.019293 0.082795
vt -0.981347 0.061980
vt -1.138031 0.090000
vt -1.180707 0.082795
vt -1.218653 0.061980
vt -1.247663 0.029862
vt 1.264522 -0.010000
vt 1.061969 0.090000
vt 0.935478 -0.010000
vt 1.180707 0.082795
vt 1.138031 0.090000
vt 1.218653 0.061980
vt 1.247663 0.029862
vt 1.019293 0.082795
vt 0.981347 0.061980
vt 0.952337 0.029862
vt -1.061969 -0.410000
vt -1.138031 -0.410000
vt -1.061969 -0.470000
vt -1.138031 -0.470000
vt -1.061969 0.470000
vt -1.138031 0.470000
vt -1.061969 0.410000
vt -1.138031 0.410000
vt -1.061969 2.470000
vt -1.138031 2.470000
vt -1.061969 2.410000
vt -1.138031 2.410000
vt -1.138031 -2.470000
vt -1.061969 -2.470000
vt -1.138031 -2.410000
vt -1.061969 -2.410000
vt -1.188387 -2.470000
vt -1.188387 -2.410000
vt -1.232899 -2.470000
vt 0.076190 -2.470000
vt 0.076190 -2.410000
vt 0.037598 -2.470000
vt 0.037598 -2.410000
vt -0.010000 -2.470000
vt -0.010000 -2.410000
vt -1.232899 -2.410000
vt -1.011613 2.470000
vt -1.011613 2.410000
vt -0.967101 2.470000
vt -0.076190 2.470000
vt -0.076190 2.410000
vt -0.037598 2.470000
vt -0.037598 2.410000
vt 0.010000 2.410000
vt 0.010000 2.470000
vt -0.967101 2.410000
vt 0.037598 2.470000
vt 0.037598 2.410000
vt 0.076190 2.470000
vt -1.232899 2.470000
vt -1.232899 2.410000
vt -1.188387 2.470000
vt -1.188387 2.410000
vt -0.010000 2.470000
vt -0.010000 2.410000
vt 0.076190 2.410000
vt -1.011613 0.470000
vt -1.011613 0.410000
vt -0.967101 0.470000
vt -0.076190 0.470000
vt -0.076190 0.410000
vt -0.037598 0.470000
vt -0.037598 0.410000
vt 0.010000 0.470000
vt 0.010000 0.410000
vt -0.967101 0.410000
vt 0.037598 0.470000
vt 0.037598 0.410000
vt 0.076190 0.470000
vt -1.232899 0.470000
vt -1.232899 0.410000
vt -1.188387 0.470000
vt -1.188387 0.410000
vt -0.010000 0.470000
vt -0.010000 0.410000
vt 0.076190 0.410000
vt -1.011613 -0.410000
vt -1.011613 -0.470000
vt -0.967101 -0.410000
vt -0.076190 -0.410000
vt -0.076190 -0.470000
vt -0.037598 -0.410000
vt -0.037598 -0.470000
vt 0.010000 -0.410000
vt 0.010000 -0.470000
vt -0.967101 -0.470000
vt 0.037598 -0.410000
vt 0.037598 -0.470000
vt 0.076190 -0.410000
vt -1.232899 -0.410000
vt -1.232899 -0.470000
vt -1.188387 -0.410000
vt -1.188387 -0.470000
vt -0.010000 -0.410000
vt -0.010000 -0.470000
vt 0.076190 -0.470000
vt -0.037598 -2.470000
vt 0.010000 -2.470000
vt -0.037598 -2.410000
vt -0.076190 -2.470000
vt -0.076190 -2.410000
vt -1.011613 -2.470000
vt -0.967101 -2.410000
vt -1.011613 -2.410000
vt -0.967101 -2.470000
vt 0.010000 -2.410000
vt 0.030676 -2.481571
vt 0.056711 -2.479500
vt 0.039199 -2.486398
vt -1.249533 -2.479500
vt -1.216952 -2.480000
vt -1.249533 0.056711
vt -1.255230 0.039199
vt -1.216952 0.084398
vt -1.165544 -2.480746
vt -1.138031 -2.477654
vt -1.138031 -2.484142
vt -1.278770 -0.010000
vt -1.272232 -0.010000
vt -0.010000 -2.477639
vt -1.266141 0.030676
vt -1.138031 0.097654
vt -1.165544 0.104268
vt -1.138031 0.104142
vt -0.010000 -2.484012
vt -1.061969 -2.477654
vt -1.061969 -2.484142
vt -1.061969 0.097654
vt -1.061969 0.104142
vt -0.030676 -2.481571
vt -0.056711 -2.479500
vt -0.039199 -2.486398
vt 0.010000 -2.477637
vt -0.950467 0.056711
vt -0.983048 0.084398
vt -0.944770 0.039199
vt -1.034456 -2.480746
vt -0.983048 -2.480000
vt 0.010000 -2.484011
vt -0.927770 -0.010000
vt -0.921231 -0.010000
vt -0.933859 0.030676
vt -1.034456 0.104268
vt -0.950467 -2.479500
vt 0.030676 2.481571
vt 0.056711 2.479500
vt 0.039199 2.486398
vt -0.010000 2.477637
vt 1.249533 0.056711
vt 1.216952 0.084398
vt 1.255230 0.039199
vt -1.165544 2.480746
vt -1.138031 2.477654
vt -1.138031 2.484142
vt -1.216952 2.480000
vt -0.010000 2.484011
vt 1.272231 -0.010000
vt 1.278769 -0.010000
vt 1.266141 0.030676
vt 1.138031 0.097654
vt 1.165544 0.104268
vt 1.138031 0.104142
vt -1.249533 2.479500
vt 1.061969 0.097654
vt 1.061969 0.104142
vt -1.061969 2.477654
vt -1.061969 2.484142
vt -0.030676 2.481571
vt -0.056711 2.479500
vt -0.039199 2.486398
vt -0.950467 2.479500
vt -0.983048 2.480000
vt 0.950467 0.056711
vt 0.944770 0.039199
vt 0.983048 0.084398
vt -1.034456 2.480746
vt 0.921230 -0.010000
vt 0.927768 -0.010000
vt 0.010000 2.477639
vt 1.034456 0.104268
vt 0.010000 2.484012
vt 0.933859 0.030676
vt 0.030676 2.398429
vt 0.056711 2.400500
vt 0.039199 2.393602
vt -1.249533 2.400500
vt -1.216952 2.400000
vt -1.165544 2.399254
vt -1.138031 2.402346
vt -1.138031 2.395858
vt -0.010000 2.402361
vt -0.010000 2.395988
vt -1.061969 2.402346
vt -1.061969 2.395858
vt -0.030676 2.398429
vt -0.056711 2.400500
vt -0.039199 2.393602
vt 0.010000 2.402363
vt -1.034456 2.399254
vt -0.983048 2.400000
vt 0.010000 2.395989
vt -0.950467 2.400500
vt 0.030676 0.481571
vt 0.056711 0.479500
vt 0.039199 0.486398
vt -0.010000 0.477637
vt -1.165544 0.480746
vt -1.138031 0.477654
vt -1.138031 0.484142
vt -1.216952 0.480000
vt -0.010000 0.484011
vt -1.249533 0.479500
vt -1.061969 0.477654
vt -1.061969 0.484142
vt -0.030676 0.481571
vt -0.056711 0.479500
vt -0.039199 0.486398
vt -0.950467 0.479500
vt -0.983048 0.480000
vt -1.034456 0.480746
vt 0.010000 0.477639
vt 0.010000 0.484012
vt 0.030676 0.398429
vt 0.056711 0.400500
vt 0.039199 0.393602
vt -1.249533 0.400500
vt -1.216952 0.400000
vt -1.165544 0.399254
vt -1.138031 0.402346
vt -1.138031 0.395858
vt -0.010000 0.402361
vt -0.010000 0.395988
vt -1.061969 0.402346
vt -1.061969 0.395858
vt -0.030676 0.398429
vt -0.056711 0.400500
vt -0.039199 0.393602
vt 0.010000 0.402363
vt -1.034456 0.399254
vt -0.983048 0.400000
vt 0.010000 0.395989
vt -0.950467 0.400500
vt -0.030676 -0.398429
vt -0.056711 -0.400500
vt -0.039199 -0.393602
vt -0.950467 -0.400500
vt -0.983048 -0.400000
vt -1.034456 -0.399254
vt -1.061969 -0.402346
vt -1.061969 -0.395858
vt 0.010000 -0.402361
vt 0.010000 -0.395988
vt -1.138031 -0.402346
vt -1.138031 -0.395858
vt 0.030676 -0.398429
vt 0.056711 -0.400500
vt 0.039199 -0.393602
vt -0.010000 -0.402363
vt -1.165544 -0.399254
vt -1.216952 -0.400000
vt -0.010000 -0.395989
vt -1.249533 -0.400500
vt 0.030676 -0.481571
vt 0.056711 -0.479500
vt 0.039199 -0.486398
vt -1.249533 -0.479500
vt -1.216952 -0.480000
vt -1.165544 -0.480746
vt -1.138031 -0.477654
vt -1.138031 -0.484142
vt -0.010000 -0.477639
vt -0.010000 -0.484012
vt -1.061969 -0.477654
vt -1.061969 -0.484142
vt -0.030676 -0.481571
vt -0.056711 -0.479500
vt -0.039199 -0.486398
vt 0.010000 -0.477637
vt -1.034456 -0.480746
vt -0.983048 -0.480000
vt 0.010000 -0.484011
vt -0.950467 -0.479500
vt -0.030676 -2.398429
vt -0.056711 -2.400500
vt -0.039199 -2.393602
vt -0.950467 -2.400500
vt -0.983048 -2.400000
vt -1.034456 -2.399254
vt -1.061969 -2.402346
vt -1.061969 -2.395858
vt 0.010000 -2.402361
vt 0.010000 -2.395988
vt -1.138031 -2.402346
vt -1.138031 -2.395858
vt 0.030676 -2.398429
vt 0.056711 -2.400500
vt 0.039199 -2.393602
vt -0.010000 -2.402363
vt -1.165544 -2.399254
vt -1.216952 -2.400000
vt -0.010000 -2.395989
vt -1.249533 -2.400500
vt -0.010000 -3.798773
vt -0.110000 -3.798773
vt -0.010000 -3.845671
vt -0.110000 -3.845671
vt -0.110000 -3.888893
vt -0.010000 -3.888893
vt -0.110000 -3.926777
vt -0.010000 -3.926777
vt -1.473993 -0.110000
vt -1.473993 -0.010000
vt -1.511877 -0.110000
vt -1.430771 -0.110000
vt -1.430771 -0.010000
vt -1.383873 -0.010000
vt -1.383873 -0.110000
vt -1.511877 -0.010000
vt 1.383873 -0.010000
vt 1.383873 -0.110000
vt 1.430771 -0.010000
vt 1.430771 -0.110000
vt 1.473993 -0.010000
vt 1.473993 -0.110000
vt 1.511877 -0.110000
vt 1.511877 -0.010000
vt -0.110000 3.926777
vt -0.110000 3.888893
vt -0.010000 3.888893
vt -0.010000 3.845671
vt -0.110000 3.845671
vt -0.110000 3.798773
vt -0.010000 3.798773
vt -0.010000 3.926777
vt 0.633873 -0.590000
vt 0.633873 -0.690000
vt 0.680771 -0.590000
vt 0.680771 -0.690000
vt 0.723993 -0.590000
vt 0.723993 -0.690000
vt 0.761877 -0.690000
vt 0.761877 -0.590000
vt -0.690000 3.926777
vt -0.690000 3.888893
vt -0.590000 3.888893
vt -0.590000 3.845671
vt -0.690000 3.845671
vt -0.690000 3.798773
vt -0.590000 3.798773
vt -0.590000 3.926777
vt -0.590000 -3.798773
vt -0.690000 -3.798773
vt -0.590000 -3.845671
vt -0.690000 -3.845671
vt -0.690000 -3.888893
vt -0.590000 -3.888893
vt -0.690000 -3.926777
vt -0.590000 -3.926777
vt -0.723993 -0.690000
vt -0.723993 -0.590000
vt -0.761877 -0.690000
vt -0.680771 -0.690000
vt -0.680771 -0.590000
vt -0.633873 -0.590000
vt -0.633873 -0.690000
vt -0.761877 -0.590000
vt 0.500000 -0.062125
vt 0.500000 0.000000
vt 0.500000 0.062125
vt -0.385100 -0.500000
vt -0.835100 -0.590000
vt -0.285100 -0.500000
vt -0.835100 -0.690000
vt 0.385100 1.200000
vt 0.285100 1.200000
vt 0.285100 0.121729
vt 0.385100 0.000000
vt 0.303711 0.062125
vt 0.310000 0.000000
vt 0.285100 -0.121729
vt 0.303711 -0.062125
vt 0.385100 -1.200000
vt 0.285100 -1.200000
vt 0.385100 -0.500000
vt 0.285100 -0.500000
vt 0.835100 -0.690000
vt 0.835100 -0.590000
s 1
usemtl Diffuse_51_51_51_100.027
f 1/1/1 2/2/1 3/3/1
f 3/3/1 4/4/1 5/5/1
f 6/6/2 3/3/1 5/5/1
f 7/7/3 6/6/2 5/5/1
f 8/8/1 5/5/1 9/9/1
f 8/8/1 7/7/3 5/5/1
f 9/9/1 5/5/1 10/10/1
f 10/10/1 5/5/1 11/11/1
s 0
f 11/11/1 5/5/1 12/12/1
s 1
f 3/3/1 13/13/1 1/1/1
f 14/14/1 15/15/1 3/3/1
f 15/15/1 4/4/1 3/3/1
f 2/2/1 14/14/1 3/3/1
f 16/16/4 17/17/4 18/18/4
f 19/18/4 17/17/4 20/19/4
f 21/20/5 22/21/5 23/22/5
f 24/23/5 21/20/5 25/22/5
f 26/24/5 27/22/5 28/25/5
f 28/25/5 29/22/5 30/26/5
f 30/26/5 31/22/5 32/27/5
f 33/28/5 34/29/5 35/22/5
f 36/22/5 34/29/5 32/27/5
s 0
f 37/30/5 33/28/5 38/22/5
s 1
f 39/22/5 22/21/5 40/31/5
f 41/22/6 26/24/6 24/23/6
f 42/32/7 43/33/4 44/34/8
f 45/35/9 43/33/4 42/32/7
f 45/35/9 42/32/7 46/36/10
f 22/21/5 21/20/5 47/37/11
f 47/37/11 48/38/11 22/21/5
f 49/39/10 48/38/11 47/37/11
f 46/40/10 48/38/11 49/39/10
f 46/36/10 49/41/10 45/35/9
f 50/42/12 51/43/13 52/44/14
f 50/42/12 53/45/15 54/46/16
f 55/47/17 56/48/18 51/43/13
f 55/49/17 57/50/19 58/51/20
f 59/52/21 60/53/22 61/54/23
f 59/52/21 62/55/24 63/56/25
f 52/44/14 14/14/1 50/42/12
f 52/44/14 56/48/18 14/14/1
f 64/57/26 65/58/27 66/59/28
f 64/57/26 58/51/20 57/50/19
f 67/60/29 68/61/30 69/62/31
f 67/60/29 15/15/1 70/63/32
f 71/64/33 72/65/34 66/59/28
f 71/64/33 73/66/24 74/67/23
f 72/68/34 68/61/30 66/69/28
f 72/65/34 74/67/23 75/70/35
f 60/53/22 76/71/16 77/72/35
f 60/53/22 63/56/25 78/73/36
f 53/45/15 79/74/37 54/46/16
f 53/45/15 2/2/1 80/75/38
f 79/76/37 81/77/39 82/78/40
f 79/74/37 80/75/38 76/79/16
f 79/76/37 76/71/16 83/80/41
f 80/75/38 1/1/1 84/81/31
f 85/82/42 86/83/43 87/84/44
f 85/82/42 88/85/45 57/50/19
f 57/50/19 88/85/45 65/58/27
f 57/50/19 86/83/43 85/82/42
f 58/51/20 64/57/26 89/86/46
f 57/50/19 55/49/17 86/83/43
f 71/64/33 66/59/28 90/87/24
f 68/61/30 70/63/32 89/88/46
f 15/15/1 14/14/1 70/63/32
f 68/89/30 89/86/46 66/59/28
f 70/63/32 14/14/1 56/48/18
f 51/43/13 86/90/43 55/47/17
f 51/43/13 54/46/16 86/90/43
f 56/48/18 52/44/14 51/43/13
f 56/48/18 89/88/46 70/63/32
f 65/58/27 90/87/24 66/59/28
f 65/58/27 88/85/45 90/87/24
f 79/76/37 83/80/41 81/77/39
f 76/79/16 80/75/38 84/81/31
f 54/91/16 82/78/40 87/84/44
f 54/91/16 79/76/37 82/78/40
f 53/45/15 50/42/12 2/2/1
f 64/57/26 57/50/19 65/58/27
f 2/2/1 50/42/12 14/14/1
f 80/75/38 2/2/1 1/1/1
f 4/4/1 67/60/29 69/62/31
f 91/92/47 85/82/42 87/84/44
f 71/64/33 90/87/24 73/66/24
f 66/59/28 89/86/46 64/57/26
f 87/84/44 86/83/43 54/91/16
f 67/60/29 70/63/32 68/61/30
f 75/93/35 68/61/30 72/68/34
f 74/67/23 72/65/34 71/64/33
f 4/4/1 15/15/1 67/60/29
f 69/62/31 68/61/30 75/93/35
f 92/94/24 85/82/42 93/95/24
f 89/88/46 56/48/18 58/96/20
f 55/47/17 58/96/20 56/48/18
f 77/97/35 76/79/16 84/81/31
f 51/43/13 50/42/12 54/46/16
f 77/72/35 61/54/23 60/53/22
f 76/71/16 78/73/36 83/80/41
f 94/98/24 62/55/24 59/52/21
f 63/56/25 60/53/22 59/52/21
f 78/73/36 76/71/16 60/53/22
f 94/98/24 59/52/21 61/54/23
f 79/74/37 53/45/15 80/75/38
f 85/82/42 91/92/47 93/95/24
f 95/99/24 85/82/42 92/94/24
f 96/100/48 85/82/42 95/99/24
f 97/101/24 85/82/42 96/100/48
f 88/85/45 85/82/42 97/101/24
s 0
f 97/101/24 98/102/24 88/85/24
s 1
f 96/100/48 99/103/49 97/101/24
f 95/99/24 100/104/24 96/100/48
f 92/94/24 101/105/24 95/99/24
f 102/106/24 103/107/24 104/108/24
f 102/106/24 105/109/24 103/107/24
f 98/102/24 97/101/24 106/110/24
f 106/110/24 97/101/24 107/111/24
f 107/111/24 97/101/24 99/103/49
f 101/105/24 92/94/24 108/112/24
f 108/112/24 93/95/24 109/113/48
f 100/104/24 95/99/24 101/105/24
f 110/114/24 99/103/49 100/104/24
f 100/104/24 99/103/49 96/100/48
f 103/107/24 110/114/24 100/104/24
s 0
f 104/108/24 103/107/24 111/115/24
f 110/114/24 103/107/24 105/109/24
s 1
f 92/94/24 93/95/24 108/112/24
f 112/116/24 113/117/24 114/118/24
f 115/119/50 113/117/24 116/120/50
f 113/117/24 117/121/24 114/118/24
f 113/117/24 118/122/24 117/121/24
f 116/120/50 113/117/24 112/116/24
f 62/55/24 119/123/24 120/124/24
f 121/125/24 119/123/24 122/126/24
f 119/123/24 123/127/24 122/126/24
f 119/123/24 62/55/24 94/98/24
f 120/124/24 119/123/24 121/125/24
s 0
f 124/128/5 125/129/5 126/130/5
f 124/128/5 127/131/5 128/132/5
f 126/130/5 125/129/5 129/133/5
s 1
f 130/134/5 126/130/5 131/135/51
f 132/136/5 133/137/5 134/138/5
f 134/138/5 133/137/5 135/139/5
s 0
f 136/140/5 134/138/5 135/139/5
f 134/138/5 136/140/5 137/141/24
s 1
f 138/142/5 139/143/5 140/144/5
s 0
f 140/144/52 139/143/5 141/145/4
s 1
f 138/142/5 142/146/5 139/143/5
f 141/145/5 139/143/5 143/147/5
f 143/147/5 139/143/5 144/148/5
f 144/148/5 139/143/5 145/149/5
f 145/149/5 139/143/5 146/150/5
f 137/141/5 147/151/5 148/152/5
f 149/153/5 146/150/5 139/143/5
f 149/153/5 150/20/5 146/150/5
s 0
f 151/154/5 150/20/5 152/155/24
s 1
f 151/154/5 153/156/5 150/20/5
f 150/20/5 153/156/5 154/157/5
f 146/150/5 150/20/5 154/157/5
f 127/131/51 152/155/5 150/20/5
f 136/140/5 147/151/5 137/141/5
s 0
f 155/158/5 156/159/5 157/160/5
f 155/158/5 158/161/5 159/162/5
f 157/160/5 156/159/5 160/163/5
s 1
f 161/164/5 157/160/5 162/165/51
f 163/166/5 164/167/5 165/168/5
f 165/168/5 164/167/5 166/169/5
s 0
f 167/170/5 165/168/5 166/169/5
f 165/168/5 167/170/5 168/171/24
s 1
f 169/172/5 170/173/5 171/174/53
s 0
f 171/174/5 172/175/5 173/176/24
s 1
f 171/174/53 170/173/5 172/175/5
s 0
f 173/176/5 172/175/5 174/177/5
s 1
f 175/178/5 173/176/5 174/177/5
f 176/179/5 175/178/5 174/177/5
f 177/180/5 178/181/5 175/178/5
f 168/171/5 179/182/6 180/183/5
s 0
f 178/181/5 181/184/5 182/185/5
s 1
f 182/185/5 181/184/5 183/186/5
f 184/187/5 185/188/5 186/189/5
s 0
f 187/190/5 188/191/5 189/192/5
s 1
f 187/190/5 189/192/5 190/193/5
f 181/184/5 191/194/5 183/186/5
f 158/161/5 187/190/5 190/193/5
f 133/137/5 130/134/5 131/135/51
f 133/137/5 132/136/5 130/134/5
f 192/195/51 139/143/5 193/196/52
f 193/196/52 139/143/5 194/197/5
f 139/143/5 195/198/5 194/197/5
f 196/199/5 197/200/52 139/143/5
f 139/143/5 197/200/52 195/198/5
s 0
f 198/201/54 196/199/55 139/143/54
s 1
f 148/152/5 147/151/5 199/202/5
f 170/173/5 200/203/6 201/204/5
s 0
f 202/205/51 170/173/5 203/206/24
s 1
f 204/207/5 170/173/5 201/204/5
f 170/173/52 205/208/5 206/209/5
f 207/210/53 206/209/5 208/211/5
f 207/210/53 170/173/52 206/209/5
f 206/209/5 209/212/5 210/213/5
f 190/193/5 159/162/51 158/161/5
s 0
f 188/191/5 187/190/24 211/214/5
f 156/159/5 155/158/5 159/162/24
s 1
f 162/165/51 164/167/5 161/164/5
s 0
f 211/214/5 185/188/5 188/191/5
s 1
f 212/215/5 186/189/5 185/188/5
f 180/183/5 179/182/6 213/216/5
f 213/216/5 179/182/6 214/217/56
f 186/189/5 183/186/5 184/187/5
f 170/173/5 215/218/51 200/203/6
f 142/146/5 172/175/5 139/143/5
f 139/143/5 172/175/5 170/173/5
s 0
f 138/142/5 216/219/24 142/146/5
f 138/142/5 199/202/5 216/219/5
s 1
f 216/219/5 199/202/5 147/151/5
f 170/173/5 169/172/5 215/218/51
f 127/131/51 150/20/5 128/132/5
f 139/143/5 192/195/51 149/153/5
s 0
f 128/132/24 125/129/5 124/128/5
s 1
f 184/187/5 183/186/5 191/194/5
f 189/192/5 128/132/5 150/20/5
s 0
f 169/172/5 213/216/5 214/217/5
s 1
f 217/220/5 190/193/5 218/221/5
f 217/220/5 219/222/52 190/193/5
f 218/221/5 190/193/5 220/223/5
f 220/223/5 190/193/5 205/208/5
f 205/208/5 190/193/5 206/209/5
f 221/224/5 208/211/5 206/209/5
f 210/213/5 222/225/5 206/209/5
f 223/226/5 206/209/5 222/225/5
f 223/226/5 221/224/5 206/209/5
f 204/207/5 203/206/5 170/173/5
f 126/130/5 129/133/5 131/135/51
f 175/178/5 176/179/5 177/180/5
s 0
f 215/218/5 169/172/5 214/217/24
f 181/184/5 178/181/5 177/180/24
f 211/214/5 212/215/5 185/188/5
s 1
f 179/182/6 168/171/5 167/170/5
f 162/165/51 157/160/5 160/163/5
f 205/208/5 170/173/52 202/205/5
f 219/222/52 159/162/51 190/193/5
f 161/164/5 164/167/5 163/166/5
f 224/227/5 189/192/5 150/20/5
f 225/228/5 189/192/5 226/229/5
f 227/230/5 189/192/5 228/231/5
f 229/232/5 189/192/5 230/233/5
f 190/193/5 189/192/5 227/230/5
f 228/231/5 189/192/5 225/228/5
f 226/229/5 189/192/5 229/232/5
f 230/233/5 189/192/5 224/227/5
s 0
f 231/234/24 232/235/24 233/236/24
s 1
f 234/237/50 235/238/50 231/234/24
f 236/239/24 237/240/24 234/237/50
f 238/241/24 239/242/24 236/239/24
f 240/243/24 241/244/24 242/245/24
f 240/243/24 243/246/24 241/244/24
f 232/235/24 231/234/24 244/247/24
f 244/247/24 231/234/24 245/248/24
f 245/248/24 231/234/24 235/238/50
f 239/242/24 238/241/24 246/249/24
f 246/249/24 247/250/24 248/251/24
f 237/240/24 236/239/24 239/242/24
f 249/252/24 235/238/50 237/240/24
f 237/240/24 235/238/50 234/237/50
f 241/244/24 249/252/24 237/240/24
s 0
f 242/245/24 241/244/24 250/253/24
s 1
f 249/252/24 241/244/24 243/246/24
f 238/241/24 247/250/24 246/249/24
f 251/254/24 73/66/24 252/255/24
f 252/255/24 73/66/24 90/87/24
f 253/256/24 254/257/24 255/258/24
f 255/258/24 254/257/24 256/259/24
s 0
f 257/260/1 258/261/1 259/262/2
s 1
f 260/263/2 257/260/1 259/262/2
f 261/264/1 260/263/2 259/262/2
f 262/265/57 261/264/1 259/262/2
f 263/266/2 262/265/57 259/262/2
f 264/267/57 263/266/2 259/262/2
f 265/268/1 264/267/57 259/262/2
f 266/269/1 259/262/2 267/270/1
f 268/271/1 269/272/1 270/273/57
f 270/273/57 269/272/1 271/274/57
f 271/274/57 269/272/1 272/275/2
f 269/272/1 273/276/2 272/275/2
f 274/277/1 275/278/2 269/272/1
f 269/272/1 275/278/2 273/276/2
s 0
f 276/279/1 274/277/1 269/272/1
s 1
f 269/272/1 268/271/1 267/270/1
f 259/262/2 269/272/1 267/270/1
f 277/4/1 265/268/1 259/262/2
f 278/280/2 259/262/2 279/281/2
f 280/282/2 259/262/2 281/283/1
f 282/284/1 259/262/2 283/285/1
f 284/286/1 259/262/2 285/287/1
f 283/285/1 259/262/2 284/286/1
f 285/287/1 259/262/2 278/280/2
f 286/288/1 259/262/2 287/289/1
f 287/289/1 259/262/2 280/282/2
f 279/281/2 259/262/2 286/288/1
f 288/290/1 259/262/2 289/291/1
f 289/291/1 259/262/2 282/284/1
f 290/292/1 259/262/2 291/293/2
f 281/283/1 259/262/2 290/292/1
f 291/293/2 259/262/2 266/269/1
f 277/4/1 259/262/2 288/290/1
f 292/294/4 293/295/4 294/296/4
f 295/296/4 296/295/4 297/297/4
f 298/270/1 299/298/1 300/299/1
f 301/300/1 298/270/1 300/299/1
f 302/301/1 300/299/1 303/302/1
f 303/302/1 300/299/1 304/303/1
f 304/303/1 300/299/1 305/304/1
f 306/305/1 307/306/1 300/299/1
f 300/299/1 307/306/1 305/304/1
s 0
f 308/307/1 306/305/2 300/299/1
s 1
f 300/299/1 309/308/1 310/309/1
f 300/299/1 302/301/1 301/300/1
f 311/310/1 309/308/1 300/299/1
f 299/298/1 311/310/1 300/299/1
f 312/311/4 313/312/4 314/313/4
f 314/313/4 315/312/4 316/314/4
f 317/315/5 318/193/53 319/316/5
f 320/316/5 318/193/5 321/317/5
f 322/318/5 323/316/5 321/317/5
f 324/319/52 322/318/5 321/317/5
f 325/320/51 321/317/5 326/321/5
f 325/320/51 324/319/52 321/317/5
f 326/321/5 321/317/5 327/322/5
f 327/322/5 321/317/5 328/323/51
f 328/323/51 321/317/5 329/324/5
f 330/316/5 331/325/5 317/315/5
f 332/326/4 333/327/4 334/328/58
f 335/329/59 334/328/58 333/327/4
f 336/330/4 337/331/8 338/332/4
f 333/327/4 332/326/4 337/331/8
f 339/333/4 340/334/4 341/335/4
f 339/333/4 341/335/4 342/336/60
f 343/337/4 344/338/4 43/33/4
f 44/34/8 338/332/4 337/331/8
f 43/33/4 338/332/4 44/34/8
f 339/333/4 342/336/60 334/328/58
f 345/339/4 337/331/8 346/340/4
f 346/340/4 337/331/8 336/330/4
f 333/327/4 337/331/8 345/339/4
f 347/341/4 334/328/58 348/342/4
f 339/333/4 334/328/58 347/341/4
f 348/342/4 334/328/58 335/329/59
f 349/343/4 350/344/4 43/33/4
f 350/344/4 338/332/4 43/33/4
f 351/345/4 352/346/4 341/335/4
f 340/334/4 351/345/4 341/335/4
f 352/346/4 353/347/4 341/335/4
f 344/338/4 349/343/4 43/33/4
f 354/348/61 355/349/61 356/350/61
f 357/351/61 358/352/61 359/353/61
f 360/354/61 361/355/61 362/352/61
f 363/350/61 364/349/61 365/356/61
f 366/357/61 367/358/61 368/359/61
f 369/360/61 370/361/61 371/358/61
f 372/362/61 373/363/62 374/364/63
f 375/365/61 376/366/61 373/363/62
f 377/367/61 378/368/61 379/369/61
f 380/368/61 381/370/61 382/369/61
f 383/369/61 376/366/61 384/367/61
f 376/366/61 375/365/61 385/367/61
f 373/363/62 372/362/61 375/365/61
f 369/360/61 372/362/61 374/364/63
f 386/371/61 387/348/61 388/350/61
f 389/355/64 390/354/64 391/357/64
f 392/355/61 393/357/61 394/359/61
f 395/352/62 396/351/62 397/354/62
f 398/358/61 399/361/61 400/359/61
f 401/356/61 402/351/61 403/353/61
f 369/360/61 374/364/63 404/361/61
f 405/350/61 406/356/61 407/353/61
f 408/372/65 409/373/65 410/374/66
f 408/372/65 411/375/67 409/373/65
f 412/376/66 413/377/66 414/378/66
f 415/379/66 416/380/66 411/375/67
f 417/381/66 418/378/66 419/382/66
f 420/383/65 421/384/67 422/385/68
f 423/386/66 422/385/68 424/387/66
f 425/388/66 426/389/66 427/390/66
f 428/390/66 429/389/66 430/391/66
f 431/389/66 432/388/66 424/387/66
f 424/387/66 433/388/66 423/386/66
f 422/385/68 423/386/66 420/383/65
f 417/381/67 421/384/67 420/383/65
f 434/392/66 435/376/65 416/380/66
f 434/392/66 436/377/66 437/376/66
f 415/379/66 434/392/66 416/380/66
f 438/378/66 439/377/66 440/382/66
f 441/393/66 442/374/66 443/394/66
f 417/381/67 444/382/66 421/384/67
f 415/379/66 411/375/67 408/372/65
f 445/374/66 446/395/66 447/394/66
f 448/393/66 408/372/66 449/374/66
f 450/396/69 451/397/70 452/398/71
f 450/396/69 452/398/71 453/399/72
f 452/398/71 451/397/70 350/344/4
f 452/398/71 350/344/4 453/399/72
f 454/400/69 455/401/73 456/402/71
f 454/403/69 457/404/70 290/292/1
f 456/402/71 455/401/73 340/334/4
f 456/402/71 340/334/4 457/405/70
f 458/406/74 459/407/70 284/286/1
f 458/406/74 460/408/75 461/409/76
f 462/410/74 463/411/75 280/282/2
f 462/410/74 280/282/2 464/412/70
f 465/413/77 466/414/78 467/415/79
f 465/413/77 468/416/70 285/287/1
f 467/417/79 466/418/78 346/340/4
f 467/417/79 346/340/4 468/419/70
f 469/420/77 470/421/70 471/422/79
f 469/423/77 471/424/79 472/425/70
f 471/422/79 470/421/70 348/342/4
f 471/422/79 348/342/4 472/426/70
f 473/427/77 474/428/70 475/429/79
f 473/430/77 475/431/79 476/432/70
f 475/429/79 474/428/70 333/327/4
f 475/429/79 333/327/4 476/433/70
f 477/434/80 464/435/70 347/341/4
f 477/436/80 478/437/81 463/411/75
f 461/438/76 479/439/81 336/330/4
f 461/438/76 336/330/4 459/440/70
f 480/441/76 451/442/70 481/443/75
f 480/444/76 482/445/70 338/332/4
f 479/446/81 461/409/76 460/408/75
f 479/446/81 460/408/75 468/416/70
f 483/447/80 482/448/70 484/449/75
f 483/447/80 484/449/75 459/407/70
f 485/450/80 486/451/70 487/452/75
f 485/450/80 487/452/75 457/404/70
f 488/453/80 489/454/70 490/455/75
f 488/453/80 490/455/75 472/425/70
f 491/456/80 464/412/70 492/457/75
f 491/458/80 486/459/70 339/333/4
f 493/460/80 494/461/70 495/462/75
f 493/460/80 495/462/75 476/432/70
f 496/463/80 474/464/70 497/465/75
f 496/466/80 489/467/70 335/329/59
f 478/437/81 470/468/70 463/411/75
f 478/469/81 477/434/80 347/341/4
f 498/470/76 466/414/78 499/471/75
f 498/472/76 494/473/70 345/339/4
f 500/474/82 501/475/83 288/290/1
f 500/474/82 288/290/1 502/476/82
f 503/477/82 504/478/84 266/269/1
f 503/479/82 505/480/85 352/346/4
f 506/481/86 507/482/82 289/291/1
f 506/481/86 289/291/1 453/483/72
f 507/482/82 502/476/82 289/291/1
f 507/484/82 506/485/86 349/343/4
f 508/486/86 509/487/82 291/293/2
f 508/486/86 291/293/2 504/478/84
f 509/487/82 455/488/73 291/293/2
f 509/489/82 508/490/86 351/345/4
f 505/491/85 503/477/82 266/269/1
f 505/491/82 510/492/87 511/493/82
f 501/475/83 277/4/1 288/290/1
f 501/494/83 500/495/82 344/338/4
f 344/338/4 500/495/82 502/496/82
f 288/290/1 289/291/1 502/476/82
f 502/496/82 507/484/82 349/343/4
f 352/346/4 351/345/4 504/497/84
f 504/497/84 351/345/4 508/490/86
f 267/270/1 512/492/88 505/491/85
f 457/404/70 487/452/75 290/292/1
f 290/292/1 455/488/73 454/403/69
f 487/452/75 486/451/70 281/283/1
f 487/452/75 281/283/1 290/292/1
f 351/345/4 340/334/4 455/401/73
f 266/269/1 504/478/84 291/293/2
f 457/405/70 454/400/69 456/402/71
f 290/292/1 291/293/2 455/488/73
f 513/498/89 353/347/4 505/480/85
f 339/333/4 485/499/80 340/334/4
f 267/270/1 505/491/85 266/269/1
f 450/500/69 453/483/72 282/284/1
f 451/442/70 282/284/1 481/443/75
f 481/443/75 282/284/1 283/285/1
f 481/443/75 482/448/70 480/441/76
f 350/344/4 349/343/4 453/399/72
f 349/343/4 344/338/4 502/496/82
f 349/343/4 506/485/86 453/399/72
f 289/291/1 282/284/1 453/483/72
f 282/284/1 451/442/70 450/500/69
f 480/444/76 338/332/4 350/344/4
f 482/448/70 481/443/75 283/285/1
f 482/448/70 283/285/1 484/449/75
f 489/454/70 497/465/75 286/288/1
f 489/454/70 286/288/1 490/455/75
f 486/451/70 492/457/75 281/283/1
f 486/459/70 485/499/80 339/333/4
f 494/461/70 499/471/75 278/280/2
f 494/461/70 278/280/2 495/462/75
f 473/430/77 476/432/70 279/281/2
f 474/464/70 279/281/2 497/465/75
f 472/425/70 490/455/75 287/289/1
f 287/289/1 470/468/70 469/423/77
f 467/417/79 468/419/70 465/501/77
f 466/414/78 285/287/1 499/471/75
f 477/436/80 463/411/75 462/410/74
f 464/412/70 280/282/2 492/457/75
f 476/432/70 495/462/75 279/281/2
f 279/281/2 474/464/70 473/430/77
f 469/423/77 472/425/70 287/289/1
f 470/468/70 287/289/1 463/411/75
f 459/407/70 484/449/75 284/286/1
f 284/286/1 460/408/75 458/406/74
f 468/416/70 460/408/75 285/287/1
f 285/287/1 466/414/78 465/413/77
f 492/457/75 280/282/2 281/283/1
f 492/457/75 486/451/70 491/456/80
f 499/471/75 285/287/1 278/280/2
f 499/471/75 494/461/70 498/470/76
f 488/502/80 335/329/59 489/467/70
f 490/455/75 286/288/1 287/289/1
f 489/454/70 496/463/80 497/465/75
f 333/327/4 474/428/70 496/466/80
f 335/329/59 333/327/4 496/466/80
f 348/342/4 470/421/70 478/469/81
f 335/329/59 488/502/80 348/342/4
f 464/435/70 491/458/80 347/341/4
f 497/465/75 279/281/2 286/288/1
f 287/289/1 280/282/2 463/411/75
f 462/410/74 464/412/70 477/436/80
f 491/458/80 339/333/4 347/341/4
f 278/280/2 279/281/2 495/462/75
f 493/503/80 333/327/4 345/339/4
f 483/504/80 338/332/4 482/445/70
f 484/449/75 283/285/1 284/286/1
f 346/340/4 479/439/81 468/419/70
f 345/339/4 346/340/4 498/472/76
f 284/286/1 285/287/1 460/408/75
f 494/473/70 493/503/80 345/339/4
f 476/433/70 333/327/4 493/503/80
f 338/332/4 483/504/80 336/330/4
f 458/406/74 461/409/76 459/407/70
f 451/397/70 480/444/76 350/344/4
f 457/405/70 340/334/4 485/499/80
f 478/469/81 347/341/4 348/342/4
f 479/439/81 346/340/4 336/330/4
f 501/494/83 344/338/4 343/337/4
f 277/4/1 501/475/83 514/505/88
f 501/494/82 515/506/90 516/507/82
f 517/508/82 518/498/90 505/480/82
f 509/489/82 351/345/4 455/401/73
f 352/346/4 504/497/84 503/479/82
f 353/347/4 352/346/4 505/480/85
f 348/342/4 488/502/80 472/426/70
f 498/472/76 346/340/4 466/418/78
f 483/504/80 459/440/70 336/330/4
f 519/506/89 501/494/83 343/337/4
f 501/475/82 520/509/82 521/505/87
f 317/315/5 522/510/91 318/193/53
f 522/510/91 523/511/91 318/193/53
f 524/512/92 525/511/11 522/510/11
f 526/513/92 527/511/11 524/512/10
f 342/336/60 341/335/4 528/514/7
f 342/336/4 529/514/7 530/515/7
f 530/515/93 531/514/93 532/516/94
f 524/517/94 530/515/93 533/516/94
f 534/518/95 535/519/96 190/193/5
f 534/518/95 536/520/97 537/521/98
f 538/522/99 539/523/100 540/524/101
f 538/522/99 541/525/102 539/523/100
f 542/526/103 543/527/104 544/528/105
f 542/526/103 228/231/5 545/529/106
f 546/530/107 547/531/108 548/532/109
f 546/530/107 549/533/110 550/534/104
f 547/531/108 550/534/104 551/535/106
f 547/531/108 224/227/5 548/532/109
f 552/536/111 536/520/97 553/537/112
f 552/538/111 554/539/113 555/540/98
f 536/520/97 556/541/114 553/537/112
f 534/518/115 557/521/98 558/519/116
f 559/542/117 560/543/118 561/544/119
f 559/542/117 562/545/98 560/543/118
f 560/543/118 563/546/120 251/254/24
f 560/543/121 564/545/98 565/546/122
f 559/542/117 561/544/119 566/547/123
f 567/548/124 252/255/24 568/549/125
f 554/539/121 569/550/122 570/540/126
f 554/539/113 571/551/127 254/257/24
f 571/551/127 572/552/119 256/259/24
f 554/539/113 254/257/24 573/550/128
f 574/553/129 575/554/130 576/555/131
f 574/553/129 112/116/24 577/556/132
f 578/557/129 579/558/130 580/559/133
f 578/557/129 121/125/24 581/560/132
f 582/561/134 583/562/135 584/563/136
f 582/561/134 585/564/137 583/562/135
f 549/565/110 586/566/138 587/567/139
f 549/565/110 588/568/140 589/569/141
f 549/533/110 587/570/139 550/534/104
f 586/566/138 590/571/142 591/572/143
f 587/567/139 591/572/143 592/573/144
f 546/530/107 550/534/104 547/531/108
f 593/574/145 594/575/146 595/576/147
f 593/574/145 596/577/148 594/575/146
f 597/578/149 595/579/147 598/580/150
f 593/581/145 599/582/151 600/583/143
f 601/584/145 602/585/146 603/586/147
f 601/584/145 604/587/148 602/585/146
f 605/588/149 603/589/147 606/590/150
f 601/591/145 607/592/151 608/593/143
f 609/594/152 566/595/123 610/596/114
f 609/594/152 150/20/5 611/597/96
f 612/598/153 538/522/99 540/524/101
f 541/525/102 256/259/24 572/552/119
f 539/599/100 613/600/154 544/528/105
f 539/523/100 572/552/119 553/601/112
f 613/600/154 227/230/5 544/528/105
f 613/600/154 553/537/112 556/541/114
f 614/602/155 615/603/156 616/604/157
f 614/605/155 576/555/131 617/606/158
f 615/603/156 226/229/5 618/607/159
f 615/603/156 619/608/160 225/228/5
f 620/609/155 621/610/156 622/611/157
f 620/612/155 580/559/133 623/613/158
f 621/610/156 230/233/5 551/535/106
f 621/610/156 624/614/160 229/232/5
f 614/602/155 619/608/160 615/603/156
f 617/615/158 575/616/130 619/608/160
f 620/609/155 624/614/160 621/610/156
f 623/617/158 579/618/130 624/614/160
f 618/607/159 616/604/157 615/603/156
f 618/607/159 594/575/146 616/604/157
f 596/619/148 600/583/143 625/620/144
f 597/578/149 593/581/145 595/579/147
f 604/621/148 608/593/143 626/622/144
f 605/588/149 601/591/145 603/589/147
f 568/549/125 252/255/24 111/115/24
f 568/549/125 561/544/119 567/548/124
f 606/590/150 577/556/132 605/588/149
f 606/623/150 627/624/161 575/616/130
f 598/580/150 581/560/132 597/578/149
f 598/625/150 628/626/161 579/618/130
f 545/529/106 228/231/5 602/585/146
f 545/529/106 543/527/104 542/526/103
f 551/535/106 622/611/157 621/610/156
f 551/535/106 550/534/104 622/611/157
f 629/627/141 540/524/101 582/561/134
f 629/627/141 612/598/153 540/524/101
f 589/569/141 588/568/140 630/628/162
f 586/566/138 108/112/24 109/113/48
f 628/626/161 631/629/163 624/614/160
f 628/626/161 595/576/147 631/629/163
f 627/624/161 632/630/163 619/608/160
f 627/624/161 603/586/147 632/630/163
f 633/631/164 634/632/165 588/633/140
f 633/631/164 610/596/114 566/595/123
f 633/631/164 548/532/109 610/596/114
f 634/634/165 630/628/162 588/568/140
f 548/532/109 224/227/5 610/596/114
f 546/530/107 588/633/140 549/533/110
f 634/634/165 566/547/123 561/544/119
f 610/596/114 224/227/5 609/594/152
f 552/538/111 553/601/112 572/552/119
f 556/541/114 227/230/5 613/600/154
f 612/598/153 236/239/24 234/237/50
f 236/239/24 629/627/141 238/241/24
f 630/628/162 103/107/24 100/104/24
f 630/628/162 111/115/24 103/107/24
f 594/575/146 618/607/159 226/229/5
f 599/582/151 593/581/145 597/578/149
f 602/585/146 635/635/157 545/529/106
f 607/592/151 601/591/145 605/588/149
f 579/558/130 623/613/158 580/559/133
f 628/636/161 598/580/150 595/579/147
f 620/609/155 623/617/158 624/614/160
f 579/558/130 578/557/129 581/560/132
f 621/610/156 229/232/5 230/233/5
f 624/614/160 631/629/163 229/232/5
f 229/232/5 631/629/163 226/229/5
f 631/629/163 595/576/147 594/575/146
f 636/637/137 637/638/135 620/612/155
f 575/554/130 617/606/158 576/555/131
f 627/639/161 606/590/150 603/589/147
f 614/602/155 617/615/158 619/608/160
f 575/554/130 574/553/129 577/556/132
f 615/603/156 225/228/5 226/229/5
f 619/608/160 632/630/163 225/228/5
f 225/228/5 632/630/163 228/231/5
f 632/630/163 603/586/147 602/585/146
f 638/640/166 639/641/135 614/605/155
f 541/525/102 538/522/99 612/598/153
f 544/528/105 227/230/5 542/526/103
f 547/531/108 551/535/106 230/233/5
f 586/566/138 549/565/110 589/569/141
f 543/527/104 545/529/106 635/635/157
f 543/527/104 540/642/101 544/528/105
f 576/555/131 112/116/24 574/553/129
f 619/608/160 575/616/130 627/624/161
f 605/588/149 114/118/24 607/592/151
f 580/559/133 121/125/24 578/557/129
f 624/614/160 579/618/130 628/626/161
f 597/578/149 122/126/24 599/582/151
f 634/634/165 561/544/119 568/549/125
f 640/643/98 559/644/167 641/597/116
f 552/538/111 572/552/119 571/551/127
f 553/537/112 613/600/154 539/599/100
f 616/645/157 642/646/168 638/640/166
f 616/645/157 596/619/148 642/646/168
f 622/647/157 643/648/168 636/637/137
f 622/647/157 587/567/139 643/648/168
f 582/561/134 644/649/168 585/564/137
f 635/650/157 604/621/148 644/649/168
f 642/646/168 596/619/148 625/620/144
f 120/124/24 580/559/133 645/651/169
f 644/649/168 604/621/148 626/622/144
f 116/120/50 576/555/131 646/652/169
f 231/234/24 612/598/153 234/237/50
f 644/649/168 582/561/134 635/650/157
f 589/569/141 630/628/162 101/105/24
f 630/628/162 634/634/165 568/549/125
f 571/551/127 256/259/24 254/257/24
f 572/552/119 539/523/100 541/525/102
f 630/628/162 568/549/125 111/115/24
f 647/597/116 559/644/117 609/594/152
f 112/116/24 114/118/24 605/588/149
f 121/125/24 122/126/24 597/578/149
f 587/567/139 586/566/138 591/572/143
f 592/573/144 643/648/168 587/567/139
f 108/112/24 586/566/138 589/569/141
f 587/570/139 622/611/157 550/534/104
f 633/631/164 566/595/123 634/632/165
f 609/594/152 224/227/5 150/20/5
f 252/255/24 567/548/124 251/254/24
f 586/566/138 109/113/48 590/571/142
f 108/112/24 589/569/141 101/105/24
f 567/548/124 560/543/118 251/254/24
f 101/105/24 630/628/162 100/104/24
f 588/633/140 546/530/107 548/532/109
f 230/233/5 224/227/5 547/531/108
f 552/536/111 648/521/98 536/520/97
f 540/642/101 539/599/100 544/528/105
f 556/541/114 536/520/97 534/518/95
f 571/551/127 554/539/113 552/538/111
f 190/193/5 556/541/114 534/518/95
f 543/527/104 582/653/134 540/642/101
f 233/236/24 256/259/24 541/525/102
f 542/526/103 227/230/5 228/231/5
f 231/234/24 233/236/24 541/525/102
f 635/635/157 582/653/134 543/527/104
f 236/239/24 612/598/153 629/627/141
f 238/241/24 584/563/136 247/250/24
f 629/627/141 582/561/134 584/563/136
f 576/555/131 614/605/155 646/652/169
f 612/598/153 231/234/24 541/525/102
f 632/630/163 602/585/146 228/231/5
f 190/193/5 227/230/5 556/541/114
f 629/627/141 584/563/136 238/241/24
f 602/585/146 604/587/148 635/635/157
f 576/555/131 116/120/50 112/116/24
f 614/605/155 639/641/135 646/652/169
f 577/556/132 112/116/24 605/588/149
f 638/640/166 614/605/155 616/645/157
f 594/575/146 226/229/5 631/629/163
f 575/554/130 577/556/132 606/590/150
f 580/559/133 620/612/155 645/651/169
f 601/591/145 608/593/143 604/621/148
f 594/575/146 596/577/148 616/604/157
f 580/559/133 120/124/24 121/125/24
f 620/612/155 637/638/135 645/651/169
f 593/581/145 600/583/143 596/619/148
f 581/560/132 121/125/24 597/578/149
f 579/558/130 581/560/132 598/580/150
f 588/633/140 548/532/109 633/631/164
f 636/637/137 620/612/155 622/647/157
f 561/544/119 560/543/118 567/548/124
f 559/644/117 566/595/123 609/594/152
f 649/654/21 650/655/22 651/656/47
f 649/654/21 118/122/24 652/657/23
f 653/658/170 654/659/171 311/310/1
f 653/658/170 655/660/172 654/659/171
f 656/661/173 657/662/28 237/240/24
f 656/661/173 246/249/24 658/663/174
f 658/663/174 246/249/24 248/251/24
f 658/663/174 657/662/28 656/661/173
f 659/664/175 660/665/27 661/666/176
f 659/664/175 662/667/46 663/668/28
f 664/669/177 665/670/178 666/671/41
f 664/672/177 667/673/179 668/674/180
f 665/670/178 669/675/181 670/676/36
f 658/663/174 668/677/180 657/662/28
f 671/678/182 672/679/30 673/680/32
f 671/678/182 298/270/1 674/681/31
f 675/682/183 657/662/28 668/677/180
f 675/683/183 655/660/172 661/684/176
f 676/685/33 677/686/184 678/687/23
f 676/685/33 663/668/28 677/686/184
f 677/688/184 672/679/30 679/689/185
f 677/688/184 663/690/28 672/679/30
f 680/691/186 681/692/16 682/693/31
f 680/691/186 667/673/179 664/672/177
f 650/655/22 681/694/16 683/695/44
f 650/655/22 652/657/23 684/696/35
f 653/658/170 311/310/1 673/680/32
f 654/659/171 668/674/180 667/673/179
f 661/666/176 660/665/27 657/662/28
f 661/666/176 662/667/46 659/664/175
f 664/669/177 668/677/180 665/670/178
f 667/673/179 311/310/1 654/659/171
f 672/697/30 663/668/28 662/667/46
f 672/679/30 685/681/31 686/689/35
f 299/298/1 673/680/32 311/310/1
f 673/680/32 662/698/46 655/660/172
f 671/678/182 299/298/1 298/270/1
f 660/665/27 255/258/24 250/253/24
f 660/665/27 659/664/175 663/668/28
f 654/659/171 675/683/183 668/674/180
f 655/660/172 662/698/46 661/684/176
f 681/694/16 687/699/40 683/695/44
f 681/694/16 688/700/39 687/699/40
f 675/683/183 654/659/171 655/660/172
f 681/694/16 664/669/177 688/700/39
f 655/660/172 653/658/170 673/680/32
f 665/670/178 658/663/174 669/675/181
f 660/665/27 663/668/28 255/258/24
f 671/678/182 673/680/32 299/298/1
f 241/244/24 660/665/27 250/253/24
f 672/679/30 662/698/46 673/680/32
f 117/121/24 118/122/24 649/654/21
f 652/657/23 650/655/22 649/654/21
f 117/121/24 649/654/21 651/656/47
f 675/682/183 661/666/176 657/662/28
f 311/310/1 667/673/179 680/691/186
f 680/691/186 664/672/177 681/692/16
f 309/308/1 311/310/1 680/691/186
f 239/242/24 246/249/24 656/661/173
f 669/675/181 658/663/174 248/251/24
f 651/656/47 650/655/22 683/695/44
f 684/701/35 682/693/31 681/692/16
f 680/691/186 682/693/31 309/308/1
f 689/681/31 672/679/30 671/678/182
f 650/655/22 684/696/35 681/694/16
f 668/677/180 658/663/174 665/670/178
f 665/670/178 670/676/36 666/671/41
f 676/685/33 255/258/24 663/668/28
f 688/700/39 664/669/177 666/671/41
f 255/258/24 676/685/33 253/256/24
f 239/242/24 656/661/173 237/240/24
f 237/240/24 660/665/27 241/244/24
f 677/686/184 690/702/35 691/687/23
f 660/665/27 237/240/24 657/662/28
f 676/685/33 692/687/187 253/256/24
f 693/703/61 694/704/61 695/705/61
f 694/704/61 696/706/61 697/705/61
f 698/707/1 699/708/57 700/709/1
f 699/708/1 701/710/1 702/709/1
f 703/376/66 704/711/66 705/712/66
f 706/376/66 705/712/66 707/713/66
f 708/714/66 709/713/66 710/715/66
f 711/713/66 712/716/66 710/715/66
f 713/713/66 705/712/66 712/716/66
f 714/376/66 715/378/66 704/711/66
f 716/717/66 717/718/67 704/711/66
f 718/719/66 704/711/66 719/720/66
f 704/711/66 717/718/67 719/720/66
f 716/717/66 704/711/66 720/378/66
f 721/721/5 722/722/5 723/723/5
f 724/722/5 725/724/5 726/723/5
f 727/725/24 728/726/24 729/727/24
f 730/727/24 728/726/24 731/728/24
f 732/729/188 733/730/188 734/731/189
f 735/732/190 736/733/190 737/734/191
f 738/734/191 736/733/190 739/735/191
f 740/729/192 741/710/1 733/730/192
f 739/735/191 693/703/61 742/705/193
f 743/734/191 739/735/191 744/705/194
f 733/730/188 745/710/1 699/708/57
f 746/731/195 733/730/188 736/736/190
f 747/737/196 748/738/196 749/739/197
f 750/740/198 751/741/198 752/742/199
f 753/742/200 751/741/197 754/743/200
f 755/737/196 756/706/63 748/738/196
f 721/721/5 757/723/5 754/743/200
f 754/743/201 758/723/5 759/742/201
f 748/738/196 760/706/63 694/704/61
f 761/739/197 748/738/196 751/744/197
f 728/726/24 762/725/24 763/745/120
f 764/746/202 728/726/24 765/745/120
f 766/747/203 764/746/122 767/745/122
f 768/722/5 721/721/5 769/748/116
f 770/749/96 771/722/5 769/748/96
f 772/750/98 773/749/116 769/748/116
f 772/750/98 774/751/98 775/749/116
f 764/746/202 776/747/203 772/752/98
f 777/753/204 769/748/116 721/721/5
f 777/753/204 778/754/205 772/750/98
f 779/755/206 751/744/197 748/738/196
f 779/755/206 778/756/205 777/757/204
f 780/758/207 778/759/205 781/760/208
f 780/758/207 764/746/202 772/752/98
f 782/761/209 779/755/206 748/738/196
f 777/753/204 772/750/98 769/748/116
f 783/762/210 728/726/24 780/758/207
f 778/759/205 780/758/207 772/752/98
f 782/761/209 748/738/196 694/704/61
f 778/756/205 782/761/209 781/763/208
f 778/756/205 779/755/206 782/761/209
f 754/743/200 777/753/204 721/721/5
f 779/764/206 777/753/204 751/741/197
f 751/741/197 777/753/204 754/743/200
f 781/760/208 783/762/210 780/758/207
f 764/746/202 780/758/207 728/726/24
f 731/728/24 728/726/24 784/765/211
f 784/765/211 783/762/210 785/766/212
f 785/766/212 783/762/210 781/760/208
f 786/767/213 781/763/208 782/761/209
f 782/761/209 693/703/61 786/767/213
f 785/768/212 781/763/208 786/767/213
f 694/704/61 693/703/61 782/761/209
f 783/762/210 784/765/211 728/726/24
f 787/769/214 786/767/213 693/703/61
f 787/769/214 788/770/215 785/768/212
f 789/771/216 736/736/190 733/730/188
f 789/771/216 788/772/215 787/773/214
f 790/774/217 788/775/215 791/776/218
f 790/774/217 784/765/211 785/766/212
f 792/777/219 789/771/216 733/730/188
f 787/769/214 785/768/212 786/767/213
f 790/774/217 731/728/24 784/765/211
f 788/775/215 790/774/217 785/766/212
f 790/774/217 793/778/220 731/728/24
f 792/777/219 733/730/188 699/708/57
f 788/772/215 792/777/219 791/779/218
f 788/772/215 789/771/216 792/777/219
f 739/735/191 787/769/214 693/703/61
f 789/780/216 787/769/214 736/733/190
f 736/733/190 787/769/214 739/735/191
f 791/776/218 793/778/220 790/774/217
f 794/727/24 731/728/24 795/781/221
f 796/781/221 731/728/24 793/778/220
f 797/782/35 798/781/23 793/778/222
f 699/708/57 698/707/1 792/777/219
f 792/777/219 698/707/1 799/783/223
f 800/782/35 793/778/220 791/776/218
f 801/783/224 802/784/35 791/779/218
f 803/783/31 791/779/218 792/777/219
f 804/785/1 805/786/225 806/787/1
f 805/786/1 807/788/1 808/787/1
f 809/789/66 810/790/66 811/791/66
f 810/790/66 812/792/66 813/791/66
f 814/793/5 815/794/51 816/795/5
f 815/794/5 817/796/5 818/795/5
f 819/797/61 820/798/61 821/799/61
f 822/800/61 819/797/61 823/801/61
f 819/797/61 821/799/61 823/801/61
f 819/797/61 824/802/61 825/357/61
f 826/357/61 824/802/61 827/358/61
f 824/802/61 828/803/61 829/804/61
f 824/802/62 830/804/62 831/358/62
f 832/804/63 828/803/63 833/805/63
f 834/357/61 835/798/61 819/797/61
f 836/804/61 833/805/61 837/806/61
f 838/807/24 839/808/24 840/809/24
f 840/809/24 841/808/24 842/810/24
f 843/811/226 844/812/226 845/813/227
f 846/814/228 847/815/228 848/816/229
f 849/816/229 847/815/227 850/817/229
f 851/811/226 852/792/66 844/812/226
f 850/817/229 804/785/1 853/787/1
f 854/816/230 850/817/230 855/787/1
f 844/812/226 856/792/66 810/790/66
f 857/813/227 844/812/226 847/818/227
f 858/819/231 859/820/231 860/821/232
f 861/822/233 862/823/233 863/824/234
f 864/824/234 862/823/233 865/825/234
f 866/791/66 865/825/234 809/789/66
f 859/820/235 867/796/5 815/794/51
f 859/820/236 868/819/236 869/796/5
f 862/826/233 870/821/232 859/820/235
f 865/825/234 871/791/66 872/824/234
f 815/794/51 814/793/5 873/827/237
f 873/827/237 874/828/116 875/829/98
f 876/830/238 877/831/120 875/832/98
f 878/830/203 879/833/122 877/831/122
f 880/833/120 881/808/24 838/807/24
f 877/831/120 882/833/120 838/807/24
f 883/828/96 873/827/237 814/793/5
f 884/834/98 875/829/98 885/828/116
f 886/835/239 887/836/240 809/789/66
f 886/835/239 888/837/241 889/838/242
f 890/839/243 862/826/233 859/820/235
f 890/839/243 888/840/241 886/841/239
f 891/842/244 888/843/241 875/832/98
f 891/842/244 892/844/245 889/845/242
f 873/827/237 890/839/243 859/820/235
f 886/835/239 889/838/242 887/836/240
f 865/825/234 886/835/239 809/789/66
f 886/835/239 865/825/234 862/823/233
f 891/842/244 838/807/24 892/844/245
f 891/842/244 877/831/120 838/807/24
f 873/827/237 859/820/235 815/794/51
f 890/839/243 873/827/237 888/840/241
f 888/840/241 873/827/237 875/829/98
f 891/842/244 889/845/242 888/843/241
f 890/846/243 886/835/239 862/823/233
f 875/832/98 877/831/120 891/842/244
f 810/790/66 809/789/66 893/847/246
f 809/789/66 887/836/240 893/847/246
f 887/836/240 889/838/242 894/848/247
f 894/848/247 893/847/246 887/836/240
f 840/809/24 892/844/245 838/807/24
f 895/849/248 889/845/242 892/844/245
f 840/809/24 895/849/248 892/844/245
f 894/850/247 889/845/242 895/849/248
f 896/851/249 897/852/250 804/785/1
f 896/851/249 898/853/251 899/854/252
f 900/855/253 847/818/227 844/812/226
f 900/855/253 898/856/251 896/857/249
f 901/858/254 898/859/251 894/850/247
f 901/858/254 902/860/255 899/861/252
f 893/847/246 900/855/253 844/812/226
f 896/851/249 899/854/252 897/852/250
f 850/817/229 896/851/249 804/785/1
f 896/851/249 850/817/229 847/815/227
f 901/858/254 840/809/24 902/860/255
f 899/861/252 898/859/251 901/858/254
f 893/847/246 844/812/226 810/790/66
f 900/855/253 893/847/246 898/856/251
f 898/856/251 893/847/246 894/848/247
f 895/849/248 840/809/24 901/858/254
f 900/862/253 896/851/249 847/815/227
f 894/850/247 895/849/248 901/858/254
f 840/809/24 903/810/24 904/863/221
f 902/860/255 840/809/24 905/863/221
f 906/864/256 902/860/257 907/863/23
f 805/786/225 804/785/1 897/852/250
f 908/865/258 805/786/225 897/852/250
f 899/854/252 909/865/31 897/852/250
f 899/854/252 910/866/35 911/865/31
f 902/860/255 912/864/259 899/861/252
f 913/867/61 914/868/61 915/869/61
f 916/870/61 914/868/61 917/867/61
f 918/871/63 914/868/61 919/872/61
f 914/868/61 916/870/61 919/872/61
f 914/868/61 920/873/61 921/869/63
f 922/869/61 923/874/61 924/875/63
f 920/873/61 923/874/61 925/869/63
f 926/876/260 927/869/61 924/875/63
f 928/877/67 929/878/67 930/879/67
f 931/880/67 932/881/66 933/877/66
f 931/880/67 934/877/66 935/882/66
f 936/877/66 937/883/66 935/882/66
f 932/881/66 929/878/66 938/877/66
f 939/879/66 940/884/66 941/885/67
f 929/878/66 940/884/66 942/879/66
f 943/886/66 944/879/66 941/885/67
f 945/887/5 946/888/5 947/889/5
f 947/889/5 946/888/5 948/890/5
f 949/867/61 950/868/61 951/869/61
f 952/870/61 950/868/61 953/867/61
f 954/871/61 950/868/61 955/872/61
f 950/868/61 952/870/61 955/872/61
f 950/868/61 956/873/61 957/869/193
f 958/869/61 959/874/61 960/875/61
f 956/873/61 959/874/61 961/869/63
f 962/876/61 963/869/61 960/875/61
f 964/878/66 965/877/67 966/881/65
f 967/884/67 968/879/66 964/878/66
f 969/886/66 970/879/66 971/885/66
f 972/879/66 967/884/67 971/885/66
f 973/879/68 974/877/68 964/878/68
f 975/883/66 976/882/66 977/877/66
f 978/880/66 979/877/66 976/882/66
f 966/881/65 980/877/66 978/880/66
f 981/891/5 982/892/5 983/893/5
f 983/893/5 982/892/5 984/894/5
f 985/867/62 986/868/62 987/869/62
f 988/870/61 986/868/61 989/867/61
f 990/871/61 986/868/61 991/872/261
f 986/868/61 988/870/61 991/872/261
f 986/868/61 992/873/61 993/869/193
f 994/869/193 995/874/61 996/875/63
f 992/873/61 995/874/61 997/869/61
f 996/875/63 998/876/61 999/869/193
f 1000/878/66 1001/877/65 1002/881/68
f 1003/884/67 1004/879/66 1000/878/66
f 1005/886/66 1006/879/66 1007/885/66
f 1008/879/66 1003/884/67 1007/885/66
f 1009/879/66 1010/877/66 1000/878/66
f 1011/883/66 1012/882/66 1013/877/66
f 1014/880/66 1015/877/66 1012/882/66
f 1002/881/68 1016/877/66 1014/880/66
f 1017/895/5 1018/896/5 1019/897/5
f 1019/897/5 1018/896/5 1020/898/5
f 1021/867/262 1022/868/262 1023/869/262
f 1024/870/193 1022/868/63 1025/867/61
f 1026/871/63 1022/868/63 1027/872/61
f 1022/868/63 1024/870/193 1027/872/61
f 1022/868/63 1028/873/61 1029/869/193
f 1030/869/61 1031/874/61 1032/875/61
f 1028/873/61 1031/874/61 1033/869/61
f 1034/876/61 1035/869/61 1032/875/61
f 1036/877/67 1037/878/67 1038/879/67
f 1039/880/66 1040/881/67 1041/877/66
f 1039/880/66 1042/877/66 1043/882/66
f 1044/877/66 1045/883/66 1043/882/66
f 1040/881/67 1037/878/66 1046/877/66
f 1047/879/66 1048/884/66 1049/885/66
f 1037/878/66 1048/884/66 1050/879/66
f 1051/886/66 1052/879/66 1049/885/66
f 1053/899/5 1054/900/5 1055/901/5
f 1055/901/5 1054/900/5 1056/902/5
f 1057/903/263 1058/904/263 1059/905/264
f 1059/906/264 1060/907/265 1061/908/266
f 1061/908/266 1060/907/265 1062/909/267
f 1063/910/268 1062/909/267 1064/911/268
f 1062/909/267 1065/910/269 1061/908/266
f 1058/904/263 1057/903/263 1053/899/5
f 1058/904/263 1053/899/5 1055/901/5
f 1059/905/264 1058/904/263 1060/912/265
f 1066/913/270 1067/914/270 1068/915/271
f 1068/916/271 1069/917/272 1070/918/273
f 1070/918/273 1069/917/272 1071/919/274
f 1071/919/274 1072/920/275 1073/921/275
f 1017/895/5 1067/914/270 1066/913/270
f 1067/914/270 1017/895/5 1019/897/5
f 1070/918/273 1071/919/274 1074/921/276
f 1068/915/271 1067/914/270 1069/922/272
f 1075/923/277 1076/924/267 1077/925/264
f 1077/926/264 1078/927/278 1079/928/263
f 1079/928/263 1078/927/278 1080/929/279
f 1018/896/5 1080/929/279 1020/898/5
f 1080/929/279 1018/896/5 1079/928/263
f 1076/924/267 1075/923/277 1081/930/268
f 1076/924/267 1082/930/269 1083/931/269
f 1077/925/264 1076/924/267 1078/932/278
f 1084/933/270 1085/934/270 1086/935/280
f 1086/936/280 1087/937/272 1088/938/273
f 1088/938/273 1089/939/274 1090/940/275
f 1091/940/275 1089/939/274 1092/941/275
f 1085/934/270 981/891/5 983/893/5
f 1085/934/270 1084/933/270 981/891/5
f 1087/942/272 1086/935/280 1085/934/270
f 1089/939/274 1088/938/273 1087/937/272
f 1093/943/277 1094/944/267 1095/945/264
f 1095/946/264 1096/947/264 1097/948/263
f 1097/948/263 1096/947/264 1098/949/279
f 1098/949/279 984/894/5 982/892/5
f 1099/950/269 1094/944/267 1093/943/277
f 1094/944/267 1100/950/269 1101/951/269
f 1095/945/264 1094/944/267 1096/952/264
f 1097/948/263 1098/949/279 982/892/5
f 1102/953/270 1103/954/270 1104/955/280
f 1104/956/280 1105/957/272 1106/958/273
f 1106/958/273 1107/959/274 1108/960/275
f 1109/960/275 1107/959/274 1110/961/275
f 1103/954/270 945/887/5 947/889/5
f 1103/954/270 1102/953/270 945/887/5
f 1105/962/272 1104/955/280 1103/954/270
f 1107/959/274 1106/958/273 1105/957/272
f 1111/963/277 1112/964/281 1113/965/264
f 1113/966/264 1114/967/264 1115/968/263
f 1115/968/263 1114/967/264 1116/969/279
f 1116/969/279 948/890/5 946/888/5
f 1117/970/269 1112/964/281 1111/963/277
f 1112/964/267 1118/970/269 1119/971/269
f 1113/965/264 1112/964/281 1114/972/264
f 1115/968/263 1116/969/279 946/888/5
f 1120/973/282 1121/974/275 1122/975/274
f 1123/976/280 1122/975/274 1124/977/271
f 1125/978/270 1124/979/271 1126/980/283
f 1056/902/5 1054/900/5 1126/980/283
f 1126/980/283 1054/900/5 1125/978/270
f 1124/979/271 1125/978/270 1123/981/280
f 1122/975/274 1123/976/280 1120/973/282
f 1122/975/274 1127/974/276 1128/982/276
f 1129/983/284 1130/984/285 1061/908/266
s 0
f 1129/983/286 1131/985/287 1130/984/285
s 1
f 1130/986/285 1132/987/288 1059/905/264
f 1130/988/285 1131/989/289 1132/990/288
s 0
f 1133/991/290 1134/992/4 1053/899/5
s 1
f 1133/991/291 1135/993/197 1134/992/200
f 1131/989/287 1136/994/292 1137/995/293
f 1138/996/294 1129/983/284 1061/908/266
f 1130/984/285 1059/906/264 1061/908/266
f 1132/987/288 1057/903/263 1059/905/264
s 0
f 1061/908/267 1139/910/4 1140/996/294
s 1
f 1141/994/295 1131/989/296 1129/997/286
f 1032/875/61 1031/874/61 1132/990/288
f 1133/991/291 1053/899/5 1057/903/263
f 1131/989/289 1034/876/61 1032/875/61
f 1031/874/61 1142/998/196 1133/999/291
f 1057/903/263 1132/987/288 1133/991/291
f 1133/999/291 1132/990/288 1031/874/61
f 1034/876/61 1143/995/293 1144/869/61
f 1028/873/61 1142/998/196 1031/874/61
f 1034/876/61 1131/989/289 1145/995/293
f 1131/989/289 1032/875/61 1132/990/288
f 1142/998/196 1135/1000/197 1133/999/291
f 1146/996/297 1147/1001/295 1129/983/286
s 0
f 1054/900/298 1053/899/298 1148/1002/298
s 1
f 1148/1002/200 1134/992/200 1149/1003/197
f 1149/1003/197 1134/992/200 1135/993/197
f 1150/1004/196 1135/1000/197 1142/998/196
f 1022/868/63 1142/998/196 1028/873/61
f 1022/868/63 1150/1004/196 1142/998/196
f 1149/1005/197 1135/1000/197 1150/1004/196
s 0
f 1134/992/298 1148/1002/298 1053/899/298
s 1
f 1151/1006/299 1152/1007/300 1153/1008/301
f 1151/1006/299 1154/1009/302 1120/973/282
f 1152/1010/300 1155/1011/303 1153/1012/301
f 1152/1007/300 1120/973/282 1123/976/280
f 1156/1013/304 1148/1002/200 1149/1003/197
f 1156/1013/304 1155/1014/303 1125/978/270
f 1151/1006/305 1157/1015/306 1158/1009/307
f 1153/1012/301 1024/870/193 1159/1016/308
f 1155/1014/303 1123/981/280 1125/978/270
f 1153/1012/301 1027/872/61 1024/870/193
f 1153/1012/309 1160/1016/310 1161/1017/306
f 1024/870/260 1162/867/260 1163/1016/311
f 1164/1017/306 1151/1018/299 1153/1012/301
f 1026/871/63 1150/1004/196 1022/868/63
f 1156/1019/304 1150/1004/196 1026/871/63
f 1155/1011/303 1156/1019/304 1026/871/63
f 1054/900/5 1156/1013/304 1125/978/270
f 1150/1004/196 1156/1019/304 1149/1005/197
s 0
f 1120/973/274 1165/1009/24 1166/974/312
f 1054/900/4 1148/1002/200 1156/1013/304
s 1
f 1155/1014/303 1152/1020/300 1123/981/280
f 1026/871/63 1027/872/61 1155/1011/303
f 1153/1012/301 1155/1011/303 1027/872/61
f 1151/1006/299 1120/973/282 1152/1007/300
s 0
f 1167/1021/313 1168/1022/314 1169/1023/315
s 1
f 1167/1021/313 1170/1024/316 1075/923/277
f 1168/1025/317 1171/1026/318 1169/1027/315
f 1168/1022/317 1075/923/277 1077/925/264
f 1172/1028/319 1173/1029/231 1174/1030/233
f 1172/1028/319 1171/1031/318 1079/928/263
f 1167/1021/313 1175/1032/320 1176/1024/321
f 1169/1027/315 1011/883/66 1177/1033/322
f 1171/1031/318 1077/926/264 1079/928/263
f 1169/1027/315 1012/882/66 1011/883/66
f 1169/1027/323 1178/1033/324 1179/1034/325
s 0
f 1011/883/66 1180/877/24 1181/1033/326
s 1
f 1182/1034/327 1167/1035/313 1169/1027/328
f 1014/880/66 1183/1036/234 1002/881/68
f 1172/1037/319 1183/1036/234 1014/880/66
f 1171/1026/318 1172/1037/319 1014/880/66
f 1018/896/5 1172/1028/319 1079/928/263
f 1183/1036/234 1172/1037/319 1174/1038/233
f 1075/923/267 1184/1024/316 1185/930/269
f 1018/896/5 1173/1029/231 1172/1028/319
f 1171/1031/318 1168/1039/317 1077/926/264
f 1014/880/66 1012/882/66 1171/1026/318
f 1169/1027/315 1171/1026/318 1012/882/66
f 1167/1021/313 1075/923/277 1168/1022/317
f 1000/878/66 1002/881/68 1186/1040/234
f 1186/1040/234 1002/881/68 1183/1036/234
f 1187/1041/233 1186/1040/234 1183/1036/234
f 1174/1038/233 1187/1041/233 1183/1036/234
f 1173/1029/231 1018/896/5 1017/895/5
f 1188/1042/231 1173/1029/231 1017/895/5
f 1188/1042/231 1174/1030/233 1173/1029/231
f 1187/1043/233 1174/1030/233 1188/1042/231
f 1189/1044/329 1190/1045/330 1070/918/273
f 1189/1044/329 1191/1046/331 1190/1045/330
f 1190/1047/330 1192/1048/332 1068/915/271
f 1190/1049/330 1191/1050/331 1192/1051/332
s 0
f 1193/1052/333 1188/1042/231 1017/895/5
s 1
f 1193/1052/333 1187/1043/233 1188/1042/231
f 1191/1050/334 1194/1053/335 1195/1054/336
f 1196/1055/337 1189/1044/329 1070/918/273
f 1190/1045/330 1068/916/271 1070/918/273
f 1192/1048/332 1066/913/270 1068/915/271
f 1193/1056/333 1186/1040/234 1187/1041/233
f 1193/1056/333 1192/1051/332 1003/884/67
f 1191/1050/331 1007/885/66 1192/1051/332
f 1003/884/67 1000/878/66 1186/1040/234
f 1197/1057/338 1189/1044/329 1198/1055/339
f 1007/885/66 1191/1050/331 1005/886/66
f 1005/886/66 1199/1054/340 1200/879/66
f 1193/1052/333 1017/895/5 1066/913/270
f 1192/1048/332 1193/1052/333 1066/913/270
f 1201/921/275 1202/1055/341 1070/918/274
f 1192/1051/332 1007/885/66 1003/884/67
f 1203/1054/336 1005/886/66 1191/1050/331
f 1189/1058/329 1204/1053/342 1191/1050/331
f 1003/884/67 1186/1040/234 1193/1056/333
f 1205/1059/284 1206/1060/285 1076/924/267
s 0
f 1205/1059/286 1207/1061/287 1206/1060/285
s 1
f 1206/1062/285 1208/1063/288 1078/927/278
f 1206/988/285 1207/989/289 1208/990/288
s 0
f 1209/1064/290 1210/1065/4 1020/898/5
s 1
f 1209/1064/291 1211/1066/197 1210/1065/200
f 1207/989/287 1212/994/292 1213/995/293
f 1214/1067/294 1205/1059/284 1076/924/267
f 1206/1060/285 1078/932/278 1076/924/267
f 1208/1063/288 1080/929/279 1078/927/278
s 0
f 1076/924/267 1215/931/4 1216/1067/343
s 1
f 1217/994/344 1207/989/296 1205/997/286
f 995/874/61 1208/990/288 996/875/63
f 1218/998/196 1209/999/291 995/874/61
f 1209/1064/291 1020/898/5 1080/929/279
f 1207/989/289 998/876/61 996/875/63
f 1080/929/279 1208/1063/288 1209/1064/291
f 1209/999/291 1208/990/288 995/874/61
f 998/876/345 1219/995/346 1220/869/260
f 992/873/61 1218/998/196 995/874/61
f 998/876/61 1207/989/289 1221/995/347
f 1207/989/289 996/875/63 1208/990/288
f 1218/998/196 1211/1000/197 1209/999/291
f 1222/1067/348 1223/1068/292 1205/1059/286
s 0
f 1019/897/298 1020/898/298 1224/1069/298
f 1224/1069/298 1020/898/298 1210/1065/298
s 1
f 1225/1070/197 1224/1069/200 1210/1065/200
f 1211/1066/197 1225/1070/197 1210/1065/200
f 992/873/61 986/868/61 1218/998/196
f 1218/998/196 986/868/61 1226/1004/196
f 1211/1000/197 1218/998/196 1226/1004/196
f 1225/1005/197 1211/1000/197 1226/1004/196
f 1227/1071/299 1228/1072/300 1229/1073/349
f 1227/1071/299 1230/1074/350 1071/919/274
f 1228/1010/300 1231/1011/303 1229/1012/349
f 1228/1072/300 1071/919/274 1069/917/272
f 1232/1075/304 1224/1069/200 1225/1070/197
f 1232/1075/304 1231/1076/303 1067/914/270
f 1227/1071/299 1233/1077/306 1234/1074/350
f 1229/1012/349 988/870/61 1235/1016/311
f 1231/1076/303 1069/922/272 1067/914/270
f 1229/1012/349 991/872/261 988/870/61
f 1229/1012/309 1236/1016/351 1237/1017/352
f 988/870/260 1238/867/260 1239/1016/311
f 1240/1017/353 1227/1018/299 1229/1012/349
f 990/871/61 1226/1004/196 986/868/61
f 1232/1019/304 1226/1004/196 990/871/61
f 1231/1011/303 1232/1019/304 990/871/61
f 1019/897/5 1232/1075/304 1067/914/270
f 1226/1004/196 1232/1019/304 1225/1005/197
s 0
f 1071/919/274 1241/1074/24 1242/920/312
f 1019/897/4 1224/1069/200 1232/1075/304
s 1
f 1231/1076/303 1228/1078/300 1069/922/272
f 990/871/61 991/872/261 1231/1011/303
f 1229/1012/349 1231/1011/303 991/872/261
f 1227/1071/299 1071/919/274 1228/1072/300
s 0
f 1243/1079/313 1244/1080/314 1245/1081/323
s 1
f 1243/1079/313 1246/1082/354 1093/943/277
f 1244/1025/317 1247/1026/355 1245/1027/315
f 1244/1080/317 1093/943/277 1095/945/264
f 1248/1083/319 1249/1084/231 1250/1085/233
f 1248/1083/319 1247/1086/355 1097/948/263
f 1243/1079/313 1251/1087/327 1252/1082/356
f 1245/1027/315 975/883/66 1253/1033/322
f 1247/1086/355 1095/946/264 1097/948/263
f 1245/1027/315 976/882/66 975/883/66
f 1245/1027/323 1254/1033/322 1255/1034/325
s 0
f 975/883/357 1256/877/4 1257/1033/326
s 1
f 1258/1034/327 1243/1035/313 1245/1027/328
f 978/880/66 1259/1036/358 966/881/65
f 1248/1037/319 1259/1036/358 978/880/66
f 1247/1026/355 1248/1037/319 978/880/66
f 982/892/5 1248/1083/319 1097/948/263
f 1259/1036/358 1248/1037/319 1250/1038/233
f 1093/943/267 1260/1082/316 1261/950/269
f 982/892/5 1249/1084/231 1248/1083/319
f 1247/1086/355 1244/1088/317 1095/946/264
f 978/880/66 976/882/66 1247/1026/355
f 1245/1027/315 1247/1026/355 976/882/66
f 1243/1079/313 1093/943/277 1244/1080/317
f 964/878/66 966/881/65 1262/1040/234
f 1262/1040/234 966/881/65 1259/1036/358
f 1263/1041/233 1262/1040/234 1259/1036/358
f 1250/1038/233 1263/1041/233 1259/1036/358
f 1249/1084/231 982/892/5 981/891/5
f 1264/1089/231 1249/1084/231 981/891/5
f 1264/1089/231 1250/1085/233 1249/1084/231
f 1263/1090/233 1250/1085/233 1264/1089/231
f 1265/1091/359 1266/1092/360 1088/938/273
f 1265/1091/359 1267/1093/331 1266/1092/360
f 1266/1094/360 1268/1095/332 1086/935/280
f 1266/1049/360 1267/1050/331 1268/1051/332
f 1269/1096/361 1264/1089/231 981/891/5
f 1269/1096/361 1263/1090/233 1264/1089/231
f 1267/1050/334 1270/1053/338 1271/1054/336
f 1272/1097/341 1265/1091/359 1088/938/273
f 1266/1092/360 1086/936/280 1088/938/273
f 1268/1095/332 1084/933/270 1086/935/280
f 1269/1056/361 1262/1040/234 1263/1041/233
f 1269/1056/361 1268/1051/332 967/884/67
f 1267/1050/331 971/885/66 1268/1051/332
f 967/884/67 964/878/66 1262/1040/234
f 1273/1098/362 1265/1091/359 1274/1097/339
f 971/885/66 1267/1050/331 969/886/66
f 969/886/66 1275/1054/340 1276/879/66
f 1269/1096/361 981/891/5 1084/933/270
f 1268/1095/332 1269/1096/361 1084/933/270
f 1277/940/275 1278/1097/363 1088/938/274
f 1268/1051/332 971/885/66 967/884/67
f 1279/1054/336 969/886/66 1267/1050/331
f 1265/1058/359 1280/1053/364 1267/1050/331
f 967/884/67 1262/1040/234 1269/1056/361
f 1281/1099/284 1282/1100/285 1094/944/267
s 0
f 1281/1099/286 1283/1101/289 1282/1100/285
s 1
f 1282/1102/285 1284/1103/288 1096/947/264
f 1282/988/285 1283/989/289 1284/990/288
s 0
f 1285/1104/290 1286/1105/4 984/894/5
s 1
f 1285/1104/291 1287/1106/197 1286/1105/200
f 1283/989/287 1288/994/365 1289/995/293
f 1290/1107/348 1281/1099/284 1094/944/267
f 1282/1100/285 1096/952/264 1094/944/267
f 1284/1103/288 1098/949/279 1096/947/264
s 0
f 1094/944/267 1291/951/4 1292/1107/343
s 1
f 1293/994/365 1283/989/289 1281/997/366
f 960/875/61 959/874/61 1284/990/288
f 1285/1104/291 984/894/5 1098/949/279
f 1283/989/289 962/876/61 960/875/61
f 959/874/61 1294/998/196 1285/999/291
f 1098/949/279 1284/1103/288 1285/1104/291
f 1285/999/291 1284/990/288 959/874/61
f 962/876/61 1295/995/293 1296/869/61
f 956/873/61 1294/998/196 959/874/61
f 962/876/61 1283/989/289 1297/995/293
f 1283/989/289 960/875/61 1284/990/288
f 1294/998/196 1287/1000/197 1285/999/291
f 1298/1107/297 1299/1108/367 1281/1099/368
s 0
f 983/893/298 984/894/298 1300/1109/298
s 1
f 1300/1109/200 1286/1105/200 1301/1110/197
f 1301/1110/197 1286/1105/200 1287/1106/197
f 1302/1004/196 1287/1000/197 1294/998/196
f 950/868/61 1294/998/196 956/873/61
f 950/868/61 1302/1004/196 1294/998/196
f 1301/1005/197 1287/1000/197 1302/1004/196
s 0
f 1286/1105/298 1300/1109/298 984/894/298
s 1
f 1303/1111/299 1304/1112/300 1305/1113/301
f 1303/1111/299 1306/1114/369 1089/939/274
f 1304/1010/300 1307/1011/303 1305/1012/301
f 1304/1112/300 1089/939/274 1087/937/272
f 1308/1115/304 1300/1109/200 1301/1110/197
f 1308/1115/304 1307/1116/303 1085/934/270
f 1303/1111/305 1309/1117/306 1310/1114/350
f 1305/1012/301 952/870/61 1311/1016/370
f 1307/1116/303 1087/942/272 1085/934/270
f 1305/1012/301 955/872/61 952/870/61
f 1305/1012/309 1312/1016/371 1313/1017/372
f 952/870/61 1314/867/261 1315/1016/373
f 1316/1017/374 1303/1018/299 1305/1012/301
f 954/871/61 1302/1004/196 950/868/61
f 1308/1019/304 1302/1004/196 954/871/61
f 1307/1011/303 1308/1019/304 954/871/61
f 983/893/5 1308/1115/304 1085/934/270
f 1302/1004/196 1308/1019/304 1301/1005/197
s 0
f 1089/939/274 1317/1114/24 1318/941/312
f 983/893/4 1300/1109/200 1308/1115/304
s 1
f 1307/1116/303 1304/1118/300 1087/942/272
f 954/871/61 955/872/61 1307/1011/303
f 1305/1012/301 1307/1011/303 955/872/61
f 1303/1111/299 1089/939/274 1304/1112/300
f 1319/1119/329 1320/1120/360 1106/958/273
f 1319/1119/329 1321/1121/331 1320/1120/360
f 1320/1122/360 1322/1123/332 1104/955/280
f 1320/1049/360 1321/1050/331 1322/1051/332
f 1323/1124/333 1324/1125/231 945/887/5
s 0
f 1323/1124/333 1325/1126/233 1324/1125/231
s 1
f 1321/1050/334 1326/1053/338 1327/1054/336
f 1328/1127/337 1319/1119/329 1106/958/273
f 1320/1120/360 1104/956/280 1106/958/273
f 1322/1123/332 1102/953/270 1104/955/280
f 1106/958/274 1329/960/275 1330/1127/363
f 1331/1053/342 1321/1050/331 1319/1058/329
f 940/884/66 1322/1051/332 941/885/67
f 1332/1040/234 1323/1056/333 940/884/66
f 1323/1124/333 945/887/5 1102/953/270
f 1321/1050/331 943/886/66 941/885/67
f 1102/953/270 1322/1123/332 1323/1124/333
f 1323/1056/333 1322/1051/332 940/884/66
f 943/886/66 1333/1054/340 1334/879/66
f 929/878/66 1332/1040/234 940/884/66
f 943/886/66 1321/1050/331 1335/1054/336
f 1321/1050/331 941/885/67 1322/1051/332
f 1332/1040/234 1325/1041/375 1323/1056/333
f 1336/1127/339 1337/1128/342 1319/1119/329
f 946/888/5 945/887/5 1338/1129/231
f 1338/1129/231 945/887/5 1324/1125/231
f 1339/1130/233 1338/1129/231 1324/1125/231
f 1325/1126/375 1339/1130/233 1324/1125/231
f 1325/1041/375 1340/1036/234 1339/1038/233
f 1332/1040/234 929/878/66 932/881/66
f 1340/1036/234 1332/1040/234 932/881/66
f 1340/1036/234 1325/1041/375 1332/1040/234
s 0
f 1341/1131/313 1342/1132/314 1343/1133/315
s 1
f 1341/1131/313 1344/1134/376 1111/963/277
f 1342/1025/314 1345/1026/355 1343/1027/315
f 1342/1132/314 1111/963/277 1113/965/264
f 1346/1135/319 1338/1129/231 1339/1130/233
f 1346/1135/319 1345/1136/355 1115/968/263
f 1341/1131/313 1347/1137/377 1348/1134/321
f 1343/1027/315 937/883/66 1349/1033/322
f 1345/1136/355 1113/966/264 1115/968/263
f 1343/1027/315 935/882/66 937/883/66
f 1343/1027/323 1350/1033/378 1351/1034/325
s 0
f 937/883/66 1352/877/4 1353/1033/379
s 1
f 1354/1034/327 1341/1035/313 1343/1027/328
f 931/880/67 1340/1036/234 932/881/66
f 1346/1037/319 1340/1036/234 931/880/67
f 1345/1026/355 1346/1037/319 931/880/67
f 946/888/5 1346/1135/319 1115/968/263
f 1340/1036/234 1346/1037/319 1339/1038/233
f 1111/963/267 1355/1134/316 1356/970/269
f 946/888/5 1338/1129/231 1346/1135/319
f 1345/1136/355 1342/1138/314 1113/966/264
f 931/880/67 935/882/66 1345/1026/355
f 1343/1027/315 1345/1026/355 935/882/66
f 1341/1131/313 1111/963/277 1342/1132/314
f 1357/1139/284 1358/1140/285 1112/964/281
s 0
f 1357/1139/368 1359/1141/287 1358/1140/380
s 1
f 1358/1142/285 1360/1143/288 1114/967/264
f 1358/988/285 1359/989/289 1360/990/288
s 0
f 1361/1144/290 1362/1145/24 948/890/5
s 1
f 1361/1144/291 1363/1146/197 1362/1145/200
f 1359/989/287 1364/994/365 1365/995/293
f 1366/1147/348 1357/1139/284 1112/964/281
f 1358/1140/285 1114/972/264 1112/964/281
f 1360/1143/288 1116/969/279 1114/967/264
s 0
f 1112/964/267 1367/971/4 1368/1147/343
s 1
f 1369/994/344 1359/989/289 1357/997/286
f 924/875/63 923/874/61 1360/990/288
f 1361/1144/291 948/890/5 1116/969/279
f 1359/989/289 926/876/260 924/875/63
f 923/874/61 1370/998/196 1361/999/291
f 1116/969/279 1360/1143/288 1361/1144/291
f 1361/999/291 1360/990/288 923/874/61
f 926/876/61 1371/995/347 1372/869/61
f 920/873/61 1370/998/196 923/874/61
f 926/876/260 1359/989/289 1373/995/293
f 1359/989/289 924/875/63 1360/990/288
f 1370/998/196 1363/1000/197 1361/999/291
f 1374/1147/297 1375/1148/292 1357/1139/284
s 0
f 947/889/298 948/890/298 1376/1149/298
s 1
f 1376/1149/200 1362/1145/200 1377/1150/197
f 1377/1150/197 1362/1145/200 1363/1146/197
f 1378/1004/196 1363/1000/197 1370/998/196
f 914/868/61 1370/998/196 920/873/61
f 914/868/61 1378/1004/196 1370/998/196
f 1377/1005/197 1363/1000/197 1378/1004/196
s 0
f 1362/1145/298 1376/1149/298 948/890/298
s 1
f 1379/1151/299 1380/1152/300 1381/1153/349
f 1379/1151/299 1382/1154/302 1107/959/274
f 1380/1010/300 1383/1011/303 1381/1012/349
f 1380/1152/300 1107/959/274 1105/957/272
s 0
f 1384/1155/304 1376/1149/200 1377/1150/197
s 1
f 1384/1155/304 1383/1156/303 1103/954/270
f 1379/1151/299 1385/1157/306 1386/1154/350
f 1381/1012/349 916/870/61 1387/1016/381
f 1383/1156/303 1105/962/272 1103/954/270
f 1381/1012/349 919/872/61 916/870/61
f 1381/1012/309 1388/1016/373 1389/1017/352
f 916/870/61 1390/867/61 1391/1016/311
f 1392/1017/353 1379/1018/299 1381/1012/349
f 918/871/63 1378/1004/196 914/868/61
f 1384/1019/304 1378/1004/196 918/871/63
f 1383/1011/303 1384/1019/304 918/871/63
f 947/889/5 1384/1155/304 1103/954/270
f 1378/1004/196 1384/1019/304 1377/1005/197
s 0
f 1107/959/274 1393/1154/24 1394/961/312
f 947/889/4 1376/1149/200 1384/1155/304
s 1
f 1383/1156/303 1380/1158/300 1105/962/272
f 918/871/63 919/872/61 1383/1011/303
f 1381/1012/349 1383/1011/303 919/872/61
f 1379/1151/299 1107/959/274 1380/1152/300
f 1395/1159/329 1396/1160/360 1122/975/274
f 1395/1159/329 1397/1161/331 1396/1160/360
f 1396/1162/360 1398/1163/332 1124/979/271
f 1396/1049/360 1397/1050/331 1398/1051/332
s 0
f 1399/1164/333 1400/1165/231 1056/902/5
s 1
f 1399/1164/361 1401/1166/233 1400/1165/231
f 1397/1050/334 1402/1053/335 1403/1054/336
f 1404/1167/363 1395/1159/329 1122/975/274
f 1396/1160/360 1124/977/271 1122/975/274
f 1398/1163/332 1126/980/283 1124/979/271
f 1122/975/274 1405/982/275 1406/1167/337
f 1407/1053/338 1397/1050/331 1395/1058/329
f 1048/884/66 1398/1051/332 1049/885/66
f 1408/1040/234 1399/1056/361 1048/884/66
f 1399/1164/361 1056/902/5 1126/980/283
f 1397/1050/331 1051/886/66 1049/885/66
f 1126/980/283 1398/1163/332 1399/1164/361
f 1399/1056/361 1398/1051/332 1048/884/66
f 1051/886/66 1409/1054/382 1410/879/66
f 1037/878/66 1408/1040/234 1048/884/66
f 1051/886/66 1397/1050/331 1411/1054/336
f 1397/1050/331 1049/885/66 1398/1051/332
f 1408/1040/234 1401/1041/233 1399/1056/361
f 1412/1167/339 1413/1168/362 1395/1159/329
f 1055/901/5 1056/902/5 1414/1169/231
f 1414/1169/231 1056/902/5 1400/1165/231
f 1415/1170/233 1414/1169/231 1400/1165/231
f 1401/1166/233 1415/1170/233 1400/1165/231
f 1401/1041/233 1416/1036/358 1415/1038/233
f 1408/1040/234 1037/878/66 1040/881/67
f 1416/1036/358 1408/1040/234 1040/881/67
f 1416/1036/358 1401/1041/233 1408/1040/234
s 0
f 1417/1171/313 1418/1172/314 1419/1173/328
s 1
f 1417/1171/313 1420/1174/356 1062/909/267
f 1418/1025/314 1421/1026/355 1419/1027/315
f 1418/1172/314 1062/909/267 1060/907/265
f 1422/1175/319 1414/1169/231 1415/1170/233
f 1422/1175/319 1421/1176/355 1058/904/263
f 1417/1171/383 1423/1177/377 1424/1174/321
f 1419/1027/315 1045/883/66 1425/1033/322
f 1421/1176/355 1060/912/265 1058/904/263
f 1419/1027/315 1043/882/66 1045/883/66
f 1419/1027/384 1426/1033/385 1427/1034/386
s 0
f 1045/883/66 1428/877/24 1429/1033/326
s 1
f 1430/1034/327 1417/1035/313 1419/1027/315
f 1039/880/66 1416/1036/358 1040/881/67
f 1422/1037/319 1416/1036/358 1039/880/66
f 1421/1026/355 1422/1037/319 1039/880/66
f 1055/901/5 1422/1175/319 1058/904/263
f 1416/1036/358 1422/1037/319 1415/1038/233
f 1062/909/267 1431/1174/316 1432/911/269
f 1055/901/5 1414/1169/231 1422/1175/319
f 1421/1176/355 1418/1178/314 1060/912/265
f 1039/880/66 1043/882/66 1421/1026/355
f 1419/1027/315 1421/1026/355 1043/882/66
f 1417/1171/313 1062/909/267 1418/1172/314
f 1433/295/4 1434/294/4 1435/1179/387
f 1436/1179/388 1437/1180/388 1438/1181/389
f 1439/1182/389 1440/1181/389 1441/1180/388
f 1442/1183/390 1443/1184/390 1444/1182/391
f 1445/1185/392 1446/1186/392 1447/1183/393
f 1448/1187/394 1449/1188/394 1450/1189/395
f 1451/1190/396 1452/1191/396 1453/1187/397
f 1454/1192/398 1455/1190/396 1456/1193/398
f 1457/368/61 1458/1193/399 1459/370/61
f 1460/368/61 1461/1192/399 1462/1193/399
f 1463/1192/398 1464/1191/400 1465/1190/400
f 1466/1191/396 1467/1188/397 1468/1187/397
f 1469/1188/401 1470/1194/402 1471/1189/402
f 1472/1186/395 1473/1184/403 1474/1183/393
f 1475/1181/404 1476/1182/404 1477/1184/405
f 1478/1180/387 1479/1179/387 1480/294/8
f 1481/390/66 1482/391/66 1483/1195/406
f 1484/1196/406 1485/1195/406 1486/391/66
f 1487/1196/407 1488/1197/408 1489/1195/407
f 1490/1198/408 1491/1199/409 1492/1197/408
f 1493/1198/408 1494/1200/409 1495/1199/409
f 1496/1200/410 1497/1201/411 1498/1202/411
f 1499/1203/412 1500/1204/413 1501/1205/413
f 1502/1206/414 1503/1204/413 1504/1207/414
f 1505/1208/415 1506/296/4 1507/297/4
f 1508/1209/416 1509/1208/416 1510/297/417
f 1511/1209/415 1512/1207/418 1513/1208/415
f 1514/1209/415 1515/1206/418 1516/1207/418
f 1517/1206/414 1518/1205/419 1519/1204/419
f 1520/1205/413 1521/1210/412 1522/1203/412
f 1523/1202/420 1524/1199/421 1525/1200/410
f 1526/1196/407 1527/1198/408 1528/1197/408
f 1529/394/66 1530/395/66 1531/1211/406
f 1532/1212/406 1533/1211/406 1534/395/66
f 1535/1212/407 1536/1213/408 1537/1211/407
f 1538/1214/408 1539/1215/409 1540/1213/408
f 1541/1214/408 1542/1216/409 1543/1215/409
f 1544/1216/410 1545/1217/422 1546/1218/422
f 1547/1219/412 1548/1220/413 1549/1221/413
f 1550/1222/414 1551/1220/423 1552/1223/414
f 1553/1224/416 1554/311/58 314/313/58
f 1555/1225/415 1556/1224/415 314/313/4
f 1557/1225/415 1558/1223/418 1559/1224/415
f 1560/1225/415 1561/1222/418 1562/1223/418
f 1563/1222/414 1564/1221/419 1565/1220/419
f 1566/1221/413 1567/1226/412 1568/1219/412
f 1569/1218/424 1570/1215/421 1571/1216/410
f 1572/1212/407 1573/1214/408 1574/1213/408
f 16/16/8 1575/18/4 1576/1227/387
f 1577/1227/388 1578/1228/388 1579/1229/389
f 1580/1230/389 1581/1229/389 1582/1228/388
f 1583/1231/390 1584/1232/390 1585/1230/404
f 1586/1233/425 1587/1234/425 1588/1231/403
f 1589/1235/394 1590/1236/426 1591/1237/427
f 1592/1238/396 1593/1239/396 1594/1235/397
f 1595/1240/398 1596/1238/396 1597/1241/398
f 1598/371/61 1599/1241/399 1600/348/61
f 1601/371/61 1602/1240/399 1603/1241/399
f 1604/1240/398 1605/1239/396 1606/1238/396
f 1607/1239/396 1608/1236/397 1609/1235/397
f 1610/1236/426 1611/1242/428 1612/1237/428
f 1613/1234/429 1614/1232/393 1615/1231/403
f 1616/1229/404 1617/1230/404 1618/1232/405
f 1619/1228/387 1620/1227/387 1621/18/8
f 123/127/24 1622/1243/430 122/126/24
f 1622/1243/430 599/582/151 122/126/24
f 1623/620/431 1624/583/432 1622/1243/430
f 1625/620/433 1622/1243/430 1626/1244/24
f 1627/1245/434 1628/641/435 1629/640/436
f 1630/640/437 1631/646/24 1626/1244/24
f 116/120/50 646/652/169 1627/1245/438
f 116/120/50 1627/1245/438 115/119/50
f 1632/646/24 1633/620/433 1626/1244/24
f 1626/1244/24 1627/1245/434 1634/640/436
f 1622/1243/430 1635/583/439 599/582/151
f 646/652/169 1636/641/435 1627/1245/438
f 1637/562/435 247/250/24 584/563/136
f 1638/671/440 1639/676/441 1640/562/435
f 1641/676/442 247/250/24 1642/562/435
f 1643/564/437 1644/649/24 1645/700/443
f 1646/564/436 1647/671/440 1648/562/435
f 1649/699/444 1650/622/431 1651/695/445
f 1652/622/431 1653/593/432 1654/695/445
f 1655/593/432 607/592/151 114/118/24
f 114/118/24 117/121/24 1656/593/439
f 117/121/24 651/656/47 1657/695/445
f 117/121/24 1658/695/445 1659/593/432
f 1660/649/446 1661/622/433 1662/699/447
f 1663/671/448 1664/564/437 1665/700/24
f 247/250/24 1666/676/449 248/251/24
f 248/251/24 1667/676/441 669/675/181
f 1668/649/24 1669/699/447 1670/700/24
f 1671/638/435 120/124/24 645/651/169
f 1672/80/440 1673/73/441 1674/638/435
f 1675/73/441 120/124/24 1676/638/435
f 1677/637/437 1678/648/24 1679/77/443
f 1680/637/436 1681/80/440 1682/638/435
f 1683/78/444 1684/573/431 1685/84/445
f 1686/573/431 1687/572/432 1688/84/445
f 1689/572/439 590/571/142 109/113/48
f 109/113/48 93/95/24 1690/572/439
f 93/95/24 91/92/47 1691/84/445
f 93/95/24 1692/84/445 1693/572/432
f 1694/648/446 1695/573/433 1696/78/447
f 1697/80/448 1698/637/437 1699/77/24
f 120/124/24 1700/73/449 62/55/24
f 62/55/24 1701/73/441 63/56/25
f 1702/648/24 1703/78/447 1704/77/24
f 1705/359/61 1706/355/61 1707/357/61
f 1708/359/61 1709/357/61 1710/1246/61
f 1711/355/61 1712/354/61 1713/357/61
f 1714/352/62 1715/351/62 1716/354/62
f 1717/350/61 1718/1247/61 1719/349/61
f 1720/351/63 1721/352/63 1722/353/63
f 1723/350/61 1724/349/61 1725/356/61
f 1726/354/61 1727/355/61 1728/352/61
f 1729/357/61 1730/1248/61 1731/1246/61
f 1732/350/262 1733/356/262 1734/353/262
f 1735/356/61 1736/351/61 1737/353/61
f 1738/349/61 1739/1247/61 1740/1249/61
f 1741/1250/1 1742/1251/1 1743/1252/1
f 1744/1252/1 1745/1253/1 1746/1250/1
f 1747/1254/1 1748/1253/1 1749/1252/1
f 1750/1253/1 1751/1254/1 1752/1255/1
f 1753/1256/1 1754/1253/1 1755/1257/1
f 1756/1253/1 1757/1255/1 1758/1257/1
f 1759/1258/57 1760/1253/57 1761/1256/57
f 1762/1259/1 1763/1258/1 1764/1256/1
f 1765/1260/66 1766/1261/66 1767/377/66
f 1768/376/66 1769/380/66 1770/377/66
f 1771/375/66 1772/379/66 1773/392/66
f 1774/373/68 1775/372/68 1776/379/68
f 1777/374/66 1778/1262/66 1779/393/66
f 1780/1262/66 1781/1263/66 1782/393/66
f 1783/372/68 1784/373/68 1785/374/68
f 1786/372/66 1787/374/66 1788/393/66
f 1789/379/450 1790/375/450 1791/373/450
f 1792/380/66 1793/375/66 1794/392/66
f 1795/380/66 1796/392/66 1797/377/66
f 1798/377/66 1799/1261/66 1800/376/66
