# Blender 4.4.3
# www.blender.org
mtllib Mesh_15.025.mtl
o Mesh_15.025
v -0.000360 0.008803 -0.010778
v -0.000360 0.008803 -0.010800
v -0.000360 0.008843 -0.010778
v -0.000360 0.008708 -0.010000
v -0.000360 0.008613 -0.010000
v -0.000360 0.008657 -0.010096
v -0.000360 0.008898 -0.010000
v -0.000360 0.008843 -0.010022
v -0.000360 0.008843 -0.010042
v -0.000360 0.008898 -0.010800
v -0.000360 0.008993 -0.010800
v -0.000360 0.008949 -0.010704
v -0.000360 0.008708 -0.010800
v -0.000360 0.008763 -0.010778
v -0.000360 0.008763 -0.010758
v -0.000360 0.008823 -0.010570
v -0.000360 0.008880 -0.010536
v -0.000360 0.008883 -0.010530
v -0.000360 0.008823 -0.010580
v -0.000360 0.008833 -0.010580
v -0.000360 0.008726 -0.010536
v -0.000360 0.008783 -0.010570
v -0.000360 0.008723 -0.010530
v -0.000360 0.008773 -0.010580
v -0.000360 0.008731 -0.010560
v -0.000360 0.008773 -0.010620
v -0.000360 0.008731 -0.010640
v -0.000360 0.008728 -0.010541
v -0.000360 0.008729 -0.010548
v -0.000360 0.008783 -0.010630
v -0.000360 0.008730 -0.010646
v -0.000360 0.008823 -0.010630
v -0.000360 0.008843 -0.010758
v -0.000360 0.008728 -0.010659
v -0.000360 0.008726 -0.010664
v -0.000360 0.008729 -0.010652
v -0.000360 0.008875 -0.010640
v -0.000360 0.008875 -0.010560
v -0.000360 0.008876 -0.010554
v -0.000360 0.008783 -0.010620
v -0.000360 0.008603 -0.010251
v -0.000360 0.008603 -0.010253
v -0.000360 0.008604 -0.010249
v -0.000360 0.008605 -0.010247
v -0.000360 0.008607 -0.010245
v -0.000360 0.008606 -0.010246
v -0.000360 0.008611 -0.010243
v -0.000360 0.008609 -0.010244
v -0.000360 0.008647 -0.010296
v -0.000360 0.008647 -0.010294
v -0.000360 0.008648 -0.010298
v -0.000360 0.008649 -0.010300
v -0.000360 0.008650 -0.010301
v -0.000360 0.008649 -0.010500
v -0.000360 0.008650 -0.010499
v -0.000360 0.008651 -0.010302
v -0.000360 0.008651 -0.010498
v -0.000360 0.008653 -0.010303
v -0.000360 0.008653 -0.010497
v -0.000360 0.008655 -0.010304
v -0.000360 0.008655 -0.010496
v -0.000360 0.008657 -0.010496
v -0.000360 0.008657 -0.010304
v -0.000360 0.008666 -0.010304
v -0.000360 0.008666 -0.010496
v -0.000360 0.008673 -0.010304
v -0.000360 0.008673 -0.010496
v -0.000360 0.008679 -0.010303
v -0.000360 0.008679 -0.010497
v -0.000360 0.008685 -0.010301
v -0.000360 0.008685 -0.010499
v -0.000360 0.008691 -0.010299
v -0.000360 0.008691 -0.010501
v -0.000360 0.008697 -0.010296
v -0.000360 0.008697 -0.010504
v -0.000360 0.008702 -0.010293
v -0.000360 0.008707 -0.010289
v -0.000360 0.008707 -0.010511
v -0.000360 0.008899 -0.010289
v -0.000360 0.008702 -0.010507
v -0.000360 0.008783 -0.010230
v -0.000360 0.008720 -0.010276
v -0.000360 0.008886 -0.010276
v -0.000360 0.008890 -0.010281
v -0.000360 0.008716 -0.010281
v -0.000360 0.008730 -0.010246
v -0.000360 0.008729 -0.010252
v -0.000360 0.008726 -0.010264
v -0.000360 0.008723 -0.010270
v -0.000360 0.008712 -0.010285
v -0.000360 0.008894 -0.010285
v -0.000360 0.008647 -0.010243
v -0.000360 0.008613 -0.010243
v -0.000360 0.008773 -0.010180
v -0.000360 0.008731 -0.010160
v -0.000360 0.008773 -0.010220
v -0.000360 0.008783 -0.010170
v -0.000360 0.008730 -0.010154
v -0.000360 0.008729 -0.010148
v -0.000360 0.008726 -0.010136
v -0.000360 0.008728 -0.010141
v -0.000360 0.008723 -0.010130
v -0.000360 0.008763 -0.010042
v -0.000360 0.008716 -0.010119
v -0.000360 0.008720 -0.010124
v -0.000360 0.008707 -0.010111
v -0.000360 0.008702 -0.010107
v -0.000360 0.008712 -0.010115
v -0.000360 0.008697 -0.010104
v -0.000360 0.008691 -0.010101
v -0.000360 0.008685 -0.010099
v -0.000360 0.008763 -0.010022
v -0.000360 0.008679 -0.010097
v -0.000360 0.008673 -0.010096
v -0.000360 0.008666 -0.010096
v -0.000360 0.008603 -0.010010
v -0.000360 0.008655 -0.010096
v -0.000360 0.008651 -0.010098
v -0.000360 0.008653 -0.010097
v -0.000360 0.008650 -0.010099
v -0.000360 0.008649 -0.010100
v -0.000360 0.008648 -0.010102
v -0.000360 0.008603 -0.010147
v -0.000360 0.008647 -0.010104
v -0.000360 0.008613 -0.010157
v -0.000360 0.008647 -0.010157
v -0.000360 0.008647 -0.010106
v -0.000360 0.008611 -0.010157
v -0.000360 0.008609 -0.010156
v -0.000360 0.008607 -0.010155
v -0.000360 0.008605 -0.010153
v -0.000360 0.008606 -0.010154
v -0.000360 0.008603 -0.010149
v -0.000360 0.008604 -0.010151
v -0.000360 0.008603 -0.010008
v -0.000360 0.008604 -0.010006
v -0.000360 0.008607 -0.010002
v -0.000360 0.008606 -0.010003
v -0.000360 0.008611 -0.010000
v -0.000360 0.008609 -0.010001
v -0.000360 0.008605 -0.010004
v -0.000360 0.008933 -0.010096
v -0.000360 0.008939 -0.010096
v -0.000360 0.008949 -0.010096
v -0.000360 0.008993 -0.010000
v -0.000360 0.008951 -0.010096
v -0.000360 0.008997 -0.010001
v -0.000360 0.008995 -0.010000
v -0.000360 0.009003 -0.010010
v -0.000360 0.008999 -0.010002
v -0.000360 0.009000 -0.010003
v -0.000360 0.009002 -0.010006
v -0.000360 0.009001 -0.010004
v -0.000360 0.008957 -0.010100
v -0.000360 0.008958 -0.010102
v -0.000360 0.009003 -0.010147
v -0.000360 0.008959 -0.010104
v -0.000360 0.008959 -0.010106
v -0.000360 0.008993 -0.010157
v -0.000360 0.009003 -0.010149
v -0.000360 0.009002 -0.010151
v -0.000360 0.009001 -0.010153
v -0.000360 0.008999 -0.010155
v -0.000360 0.009000 -0.010154
v -0.000360 0.008997 -0.010156
v -0.000360 0.008995 -0.010157
v -0.000360 0.008956 -0.010099
v -0.000360 0.008955 -0.010098
v -0.000360 0.008953 -0.010097
v -0.000360 0.008959 -0.010157
v -0.000360 0.009003 -0.010008
v -0.000360 0.008927 -0.010097
v -0.000360 0.008915 -0.010101
v -0.000360 0.008921 -0.010099
v -0.000360 0.008909 -0.010104
v -0.000360 0.008904 -0.010107
v -0.000360 0.008890 -0.010119
v -0.000360 0.008894 -0.010115
v -0.000360 0.008899 -0.010111
v -0.000360 0.008886 -0.010124
v -0.000360 0.008883 -0.010130
v -0.000360 0.008823 -0.010170
v -0.000360 0.008880 -0.010136
v -0.000360 0.008878 -0.010141
v -0.000360 0.008877 -0.010148
v -0.000360 0.008875 -0.010160
v -0.000360 0.008833 -0.010180
v -0.000360 0.008875 -0.010240
v -0.000360 0.008876 -0.010154
v -0.000360 0.008833 -0.010220
v -0.000360 0.008823 -0.010230
v -0.000360 0.008876 -0.010246
v -0.000360 0.008877 -0.010252
v -0.000360 0.008880 -0.010264
v -0.000360 0.008878 -0.010259
v -0.000360 0.008883 -0.010270
v -0.000360 0.008728 -0.010259
v -0.000360 0.008899 -0.010511
v -0.000360 0.008904 -0.010293
v -0.000360 0.008904 -0.010507
v -0.000360 0.008909 -0.010296
v -0.000360 0.008909 -0.010504
v -0.000360 0.008915 -0.010299
v -0.000360 0.008915 -0.010501
v -0.000360 0.008921 -0.010301
v -0.000360 0.008921 -0.010499
v -0.000360 0.008927 -0.010303
v -0.000360 0.008927 -0.010497
v -0.000360 0.008933 -0.010304
v -0.000360 0.008933 -0.010496
v -0.000360 0.008939 -0.010304
v -0.000360 0.008939 -0.010496
v -0.000360 0.008949 -0.010304
v -0.000360 0.008949 -0.010496
v -0.000360 0.008955 -0.010498
v -0.000360 0.008955 -0.010302
v -0.000360 0.008953 -0.010497
v -0.000360 0.008959 -0.010294
v -0.000360 0.009003 -0.010253
v -0.000360 0.008993 -0.010243
v -0.000360 0.008957 -0.010300
v -0.000360 0.008956 -0.010301
v -0.000360 0.008956 -0.010499
v -0.000360 0.008959 -0.010243
v -0.000360 0.008951 -0.010304
v -0.000360 0.008731 -0.010240
v -0.000360 0.008995 -0.010243
v -0.000360 0.008999 -0.010245
v -0.000360 0.008997 -0.010244
v -0.000360 0.009000 -0.010246
v -0.000360 0.009001 -0.010247
v -0.000360 0.008959 -0.010296
v -0.000360 0.008957 -0.010500
v -0.000360 0.008958 -0.010502
v -0.000360 0.009003 -0.010547
v -0.000360 0.008959 -0.010504
v -0.000360 0.008959 -0.010506
v -0.000360 0.008993 -0.010557
v -0.000360 0.009003 -0.010549
v -0.000360 0.008995 -0.010557
v -0.000360 0.008997 -0.010556
v -0.000360 0.009000 -0.010554
v -0.000360 0.009001 -0.010553
v -0.000360 0.008999 -0.010555
v -0.000360 0.008958 -0.010298
v -0.000360 0.008959 -0.010557
v -0.000360 0.008953 -0.010303
v -0.000360 0.008951 -0.010496
v -0.000360 0.008894 -0.010515
v -0.000360 0.008712 -0.010515
v -0.000360 0.008716 -0.010519
v -0.000360 0.008890 -0.010519
v -0.000360 0.008886 -0.010524
v -0.000360 0.008720 -0.010524
v -0.000360 0.008878 -0.010541
v -0.000360 0.008877 -0.010548
v -0.000360 0.008833 -0.010620
v -0.000360 0.008723 -0.010670
v -0.000360 0.008876 -0.010646
v -0.000360 0.008877 -0.010652
v -0.000360 0.008878 -0.010659
v -0.000360 0.008886 -0.010676
v -0.000360 0.008883 -0.010670
v -0.000360 0.008880 -0.010664
v -0.000360 0.008890 -0.010681
v -0.000360 0.008823 -0.010620
v -0.000360 0.008921 -0.010701
v -0.000360 0.008915 -0.010699
v -0.000360 0.008927 -0.010703
v -0.000360 0.008909 -0.010696
v -0.000360 0.008904 -0.010693
v -0.000360 0.008899 -0.010689
v -0.000360 0.008933 -0.010704
v -0.000360 0.008939 -0.010704
v -0.000360 0.009003 -0.010790
v -0.000360 0.008951 -0.010704
v -0.000360 0.008955 -0.010702
v -0.000360 0.008953 -0.010703
v -0.000360 0.008956 -0.010701
v -0.000360 0.008957 -0.010700
v -0.000360 0.008958 -0.010698
v -0.000360 0.009003 -0.010653
v -0.000360 0.008959 -0.010696
v -0.000360 0.008894 -0.010685
v -0.000360 0.008959 -0.010694
v -0.000360 0.008993 -0.010643
v -0.000360 0.008959 -0.010643
v -0.000360 0.008730 -0.010554
v -0.000360 0.009002 -0.010551
v -0.000360 0.008999 -0.010645
v -0.000360 0.009000 -0.010646
v -0.000360 0.009001 -0.010647
v -0.000360 0.009002 -0.010649
v -0.000360 0.009003 -0.010792
v -0.000360 0.009002 -0.010794
v -0.000360 0.009001 -0.010796
v -0.000360 0.008673 -0.010704
v -0.000360 0.008666 -0.010704
v -0.000360 0.008657 -0.010704
v -0.000360 0.008613 -0.010800
v -0.000360 0.008655 -0.010704
v -0.000360 0.008609 -0.010799
v -0.000360 0.008611 -0.010800
v -0.000360 0.008603 -0.010790
v -0.000360 0.008607 -0.010798
v -0.000360 0.008606 -0.010797
v -0.000360 0.008604 -0.010794
v -0.000360 0.008605 -0.010796
v -0.000360 0.008649 -0.010700
v -0.000360 0.008648 -0.010698
v -0.000360 0.008603 -0.010653
v -0.000360 0.008647 -0.010696
v -0.000360 0.008647 -0.010694
v -0.000360 0.008613 -0.010643
v -0.000360 0.008603 -0.010651
v -0.000360 0.008604 -0.010649
v -0.000360 0.008605 -0.010647
v -0.000360 0.008607 -0.010645
v -0.000360 0.008606 -0.010646
v -0.000360 0.008609 -0.010644
v -0.000360 0.008611 -0.010643
v -0.000360 0.008650 -0.010701
v -0.000360 0.008651 -0.010702
v -0.000360 0.008653 -0.010703
v -0.000360 0.008647 -0.010643
v -0.000360 0.008603 -0.010792
v -0.000360 0.008679 -0.010703
v -0.000360 0.008691 -0.010699
v -0.000360 0.008685 -0.010701
v -0.000360 0.008697 -0.010696
v -0.000360 0.008702 -0.010693
v -0.000360 0.008716 -0.010681
v -0.000360 0.008712 -0.010685
v -0.000360 0.008707 -0.010689
v -0.000360 0.008720 -0.010676
v -0.000360 0.009003 -0.010651
v -0.000360 0.009000 -0.010797
v -0.000360 0.008999 -0.010798
v -0.000360 0.008997 -0.010799
v -0.000360 0.008995 -0.010643
v -0.000360 0.008783 -0.010580
v -0.000360 0.008648 -0.010502
v -0.000360 0.008603 -0.010547
v -0.000360 0.008647 -0.010504
v -0.000360 0.008995 -0.010800
v -0.000360 0.008647 -0.010506
v -0.000360 0.008613 -0.010557
v -0.000360 0.008647 -0.010557
v -0.000360 0.008611 -0.010557
v -0.000360 0.008609 -0.010556
v -0.000360 0.008997 -0.010644
v -0.000360 0.008604 -0.010551
v -0.000360 0.008605 -0.010553
v -0.000360 0.008606 -0.010554
v -0.000360 0.008607 -0.010555
v -0.000360 0.008603 -0.010549
v -0.000360 0.008803 -0.010000
v -0.000360 0.009002 -0.010249
v -0.000360 0.008803 -0.010022
v -0.000360 0.008823 -0.010180
v -0.000360 0.008783 -0.010180
v -0.000360 0.008783 -0.010220
v -0.000360 0.009003 -0.010251
v -0.000360 0.008823 -0.010220
v -0.000400 0.008636 -0.010480
v -0.000400 0.008647 -0.010506
v -0.000400 0.008636 -0.010557
v -0.000400 0.008970 -0.010480
v -0.000400 0.008970 -0.010557
v -0.000400 0.008959 -0.010506
v -0.000400 0.008970 -0.010721
v -0.000400 0.008959 -0.010694
v -0.000400 0.008970 -0.010643
v -0.000400 0.008636 -0.010721
v -0.000400 0.008636 -0.010643
v -0.000400 0.008647 -0.010694
v -0.000400 0.008647 -0.010557
v -0.000400 0.008636 -0.010402
v -0.000400 0.008702 -0.010507
v -0.000400 0.008697 -0.010504
v -0.000400 0.008970 -0.010402
v -0.000400 0.008803 -0.010402
v -0.000400 0.008959 -0.010504
v -0.000400 0.008959 -0.010557
v -0.000400 0.008933 -0.010496
v -0.000400 0.008958 -0.010502
v -0.000400 0.008957 -0.010500
v -0.000400 0.008956 -0.010499
v -0.000400 0.008955 -0.010498
v -0.000400 0.008953 -0.010497
v -0.000400 0.008951 -0.010496
v -0.000400 0.008949 -0.010496
v -0.000400 0.008939 -0.010496
v -0.000400 0.008927 -0.010497
v -0.000400 0.008921 -0.010499
v -0.000400 0.008915 -0.010501
v -0.000400 0.008909 -0.010504
v -0.000400 0.008904 -0.010507
v -0.000400 0.008899 -0.010511
v -0.000400 0.008707 -0.010511
v -0.000400 0.008712 -0.010515
v -0.000400 0.008894 -0.010515
v -0.000400 0.008890 -0.010519
v -0.000400 0.008716 -0.010519
v -0.000400 0.008886 -0.010524
v -0.000400 0.008720 -0.010524
v -0.000400 0.008883 -0.010530
v -0.000400 0.008880 -0.010536
v -0.000400 0.008723 -0.010530
v -0.000400 0.008726 -0.010536
v -0.000400 0.008729 -0.010548
v -0.000400 0.008877 -0.010548
v -0.000400 0.008876 -0.010554
v -0.000400 0.008730 -0.010554
v -0.000400 0.008875 -0.010560
v -0.000400 0.008731 -0.010560
v -0.000400 0.008875 -0.010640
v -0.000400 0.008876 -0.010646
v -0.000400 0.008731 -0.010640
v -0.000400 0.008730 -0.010646
v -0.000400 0.008729 -0.010652
v -0.000400 0.008877 -0.010652
v -0.000400 0.008878 -0.010659
v -0.000400 0.008728 -0.010659
v -0.000400 0.008880 -0.010664
v -0.000400 0.008723 -0.010670
v -0.000400 0.008726 -0.010664
v -0.000400 0.008883 -0.010670
v -0.000400 0.008886 -0.010676
v -0.000400 0.008712 -0.010685
v -0.000400 0.008894 -0.010685
v -0.000400 0.008899 -0.010689
v -0.000400 0.008716 -0.010681
v -0.000400 0.008970 -0.010800
v -0.000400 0.008702 -0.010693
v -0.000400 0.008904 -0.010693
v -0.000400 0.008707 -0.010689
v -0.000400 0.008933 -0.010704
v -0.000400 0.008921 -0.010701
v -0.000400 0.008927 -0.010703
v -0.000400 0.008939 -0.010704
v -0.000400 0.008915 -0.010699
v -0.000400 0.008949 -0.010704
v -0.000400 0.008951 -0.010704
v -0.000400 0.008953 -0.010703
v -0.000400 0.008955 -0.010702
v -0.000400 0.008956 -0.010701
v -0.000400 0.008909 -0.010696
v -0.000400 0.008957 -0.010700
v -0.000400 0.008958 -0.010698
v -0.000400 0.008890 -0.010681
v -0.000400 0.008720 -0.010676
v -0.000400 0.008959 -0.010696
v -0.000400 0.008647 -0.010643
v -0.000400 0.008647 -0.010696
v -0.000400 0.008673 -0.010704
v -0.000400 0.008636 -0.010800
v -0.000400 0.008648 -0.010698
v -0.000400 0.008649 -0.010700
v -0.000400 0.008650 -0.010701
v -0.000400 0.008651 -0.010702
v -0.000400 0.008653 -0.010703
v -0.000400 0.008655 -0.010704
v -0.000400 0.008657 -0.010704
v -0.000400 0.008666 -0.010704
v -0.000400 0.008679 -0.010703
v -0.000400 0.008685 -0.010701
v -0.000400 0.008691 -0.010699
v -0.000400 0.008697 -0.010696
v -0.000400 0.008959 -0.010643
v -0.000400 0.008728 -0.010541
v -0.000400 0.008878 -0.010541
v -0.000400 0.008691 -0.010501
v -0.000400 0.008685 -0.010499
v -0.000400 0.008679 -0.010497
v -0.000400 0.008673 -0.010496
v -0.000400 0.008666 -0.010496
v -0.000400 0.008653 -0.010497
v -0.000400 0.008655 -0.010496
v -0.000400 0.008657 -0.010496
v -0.000400 0.008651 -0.010498
v -0.000400 0.008650 -0.010499
v -0.000400 0.008649 -0.010500
v -0.000400 0.008648 -0.010502
v -0.000400 0.008647 -0.010504
v -0.000400 0.008636 -0.010480
v -0.000400 0.008636 -0.010557
v -0.000367 0.008603 -0.010547
v -0.000373 0.008609 -0.010405
v -0.000400 0.008636 -0.010480
v -0.000373 0.008609 -0.010394
v -0.000367 0.008603 -0.010253
v -0.000400 0.008636 -0.010397
v -0.000400 0.008636 -0.010320
v -0.000400 0.008636 -0.010243
v -0.000400 0.008636 -0.010402
v -0.000400 0.008636 -0.010480
v -0.000377 0.008613 -0.010243
v -0.000375 0.008611 -0.010243
v -0.000373 0.008609 -0.010244
v -0.000371 0.008607 -0.010245
v -0.000370 0.008606 -0.010246
v -0.000369 0.008605 -0.010247
v -0.000367 0.008603 -0.010251
v -0.000368 0.008604 -0.010249
v -0.000400 0.008636 -0.010557
v -0.000377 0.008613 -0.010557
v -0.000375 0.008611 -0.010557
v -0.000373 0.008609 -0.010556
v -0.000371 0.008607 -0.010555
v -0.000370 0.008606 -0.010554
v -0.000369 0.008605 -0.010553
v -0.000368 0.008604 -0.010551
v -0.000367 0.008603 -0.010549
v -0.000368 0.008604 -0.010794
v -0.000367 0.008603 -0.010792
v -0.000367 0.008603 -0.010790
v -0.000369 0.008605 -0.010796
v -0.000370 0.008606 -0.010797
v -0.000371 0.008607 -0.010798
v -0.000373 0.008609 -0.010799
v -0.000375 0.008611 -0.010800
v -0.000377 0.008613 -0.010800
v -0.000400 0.008636 -0.010800
v -0.000400 0.008636 -0.010721
v -0.000400 0.008636 -0.010721
v -0.000367 0.008603 -0.010653
v -0.000377 0.008613 -0.010643
v -0.000375 0.008611 -0.010643
v -0.000373 0.008609 -0.010644
v -0.000371 0.008607 -0.010645
v -0.000370 0.008606 -0.010646
v -0.000368 0.008604 -0.010649
v -0.000369 0.008605 -0.010647
v -0.000367 0.008603 -0.010651
v -0.000400 0.008636 -0.010643
v -0.000400 0.008636 -0.010800
v -0.000400 0.008636 -0.010643
v -0.000400 0.008636 -0.010721
v -0.000360 0.008603 -0.010253
v -0.000367 0.008603 -0.010253
v -0.000360 0.008603 -0.010547
v -0.000360 0.008603 -0.010547
v -0.000367 0.008603 -0.010253
v -0.000367 0.008603 -0.010547
v -0.000367 0.008603 -0.010790
v -0.000360 0.008603 -0.010790
v -0.000367 0.008603 -0.010653
v -0.000367 0.008603 -0.010653
v -0.000360 0.008603 -0.010790
v -0.000360 0.008603 -0.010653
v -0.000368 0.009002 -0.010249
v -0.000367 0.009003 -0.010251
v -0.000367 0.009003 -0.010253
v -0.000369 0.009001 -0.010247
v -0.000370 0.009000 -0.010246
v -0.000371 0.008999 -0.010245
v -0.000373 0.008997 -0.010244
v -0.000375 0.008995 -0.010243
v -0.000377 0.008993 -0.010243
v -0.000400 0.008970 -0.010320
v -0.000400 0.008970 -0.010397
v -0.000373 0.008997 -0.010394
v -0.000373 0.008997 -0.010405
v -0.000367 0.009003 -0.010547
v -0.000400 0.008970 -0.010480
v -0.000400 0.008970 -0.010480
v -0.000400 0.008970 -0.010402
v -0.000400 0.008970 -0.010557
v -0.000400 0.008970 -0.010480
v -0.000375 0.008995 -0.010557
v -0.000373 0.008997 -0.010556
v -0.000371 0.008999 -0.010555
v -0.000370 0.009000 -0.010554
v -0.000369 0.009001 -0.010553
v -0.000367 0.009003 -0.010549
v -0.000368 0.009002 -0.010551
v -0.000377 0.008993 -0.010557
v -0.000400 0.008970 -0.010243
v -0.000400 0.008970 -0.010557
v -0.000367 0.009003 -0.010253
v -0.000360 0.009003 -0.010253
v -0.000367 0.009003 -0.010547
v -0.000367 0.009003 -0.010547
v -0.000360 0.009003 -0.010253
v -0.000360 0.009003 -0.010547
v -0.000400 0.008636 -0.010320
v -0.000400 0.008636 -0.010243
v -0.000400 0.008647 -0.010294
v -0.000400 0.008636 -0.010078
v -0.000400 0.008647 -0.010106
v -0.000400 0.008636 -0.010157
v -0.000400 0.008970 -0.010078
v -0.000400 0.008970 -0.010157
v -0.000400 0.008959 -0.010106
v -0.000400 0.008970 -0.010320
v -0.000400 0.008959 -0.010294
v -0.000400 0.008970 -0.010243
v -0.000400 0.008636 -0.010397
v -0.000400 0.008702 -0.010293
v -0.000400 0.008803 -0.010397
v -0.000400 0.008647 -0.010296
v -0.000400 0.008636 -0.010320
v -0.000400 0.008636 -0.010243
v -0.000400 0.008647 -0.010243
v -0.000400 0.008673 -0.010304
v -0.000400 0.008636 -0.010397
v -0.000400 0.008636 -0.010320
v -0.000400 0.008648 -0.010298
v -0.000400 0.008636 -0.010320
v -0.000400 0.008649 -0.010300
v -0.000400 0.008636 -0.010320
v -0.000400 0.008650 -0.010301
v -0.000400 0.008636 -0.010320
v -0.000400 0.008651 -0.010302
v -0.000400 0.008636 -0.010320
v -0.000400 0.008653 -0.010303
v -0.000400 0.008636 -0.010320
v -0.000400 0.008636 -0.010320
v -0.000400 0.008655 -0.010304
v -0.000400 0.008636 -0.010320
v -0.000400 0.008657 -0.010304
v -0.000400 0.008636 -0.010320
v -0.000400 0.008666 -0.010304
v -0.000400 0.008636 -0.010320
v -0.000400 0.008636 -0.010397
v -0.000400 0.008679 -0.010303
v -0.000400 0.008636 -0.010397
v -0.000400 0.008685 -0.010301
v -0.000400 0.008636 -0.010397
v -0.000400 0.008691 -0.010299
v -0.000400 0.008636 -0.010397
v -0.000400 0.008697 -0.010296
v -0.000400 0.008636 -0.010397
v -0.000400 0.008970 -0.010397
v -0.000400 0.008904 -0.010293
v -0.000400 0.008707 -0.010289
v -0.000400 0.008899 -0.010289
v -0.000400 0.008712 -0.010285
v -0.000400 0.008894 -0.010285
v -0.000400 0.008716 -0.010281
v -0.000400 0.008890 -0.010281
v -0.000400 0.008720 -0.010276
v -0.000400 0.008886 -0.010276
v -0.000400 0.008723 -0.010270
v -0.000400 0.008726 -0.010264
v -0.000400 0.008883 -0.010270
v -0.000400 0.008880 -0.010264
v -0.000400 0.008877 -0.010252
v -0.000400 0.008729 -0.010252
v -0.000400 0.008730 -0.010246
v -0.000400 0.008876 -0.010246
v -0.000400 0.008731 -0.010240
v -0.000400 0.008875 -0.010240
v -0.000400 0.008731 -0.010160
v -0.000400 0.008730 -0.010154
v -0.000400 0.008875 -0.010160
v -0.000400 0.008876 -0.010154
v -0.000400 0.008877 -0.010148
v -0.000400 0.008729 -0.010148
v -0.000400 0.008728 -0.010141
v -0.000400 0.008878 -0.010141
v -0.000400 0.008726 -0.010136
v -0.000400 0.008883 -0.010130
v -0.000400 0.008880 -0.010136
v -0.000400 0.008723 -0.010130
v -0.000400 0.008720 -0.010124
v -0.000400 0.008894 -0.010115
v -0.000400 0.008712 -0.010115
v -0.000400 0.008707 -0.010111
v -0.000400 0.008890 -0.010119
v -0.000400 0.008636 -0.010000
v -0.000400 0.008904 -0.010107
v -0.000400 0.008702 -0.010107
v -0.000400 0.008899 -0.010111
v -0.000400 0.008673 -0.010096
v -0.000400 0.008685 -0.010099
v -0.000400 0.008679 -0.010097
v -0.000400 0.008666 -0.010096
v -0.000400 0.008691 -0.010101
v -0.000400 0.008657 -0.010096
v -0.000400 0.008655 -0.010096
v -0.000400 0.008653 -0.010097
v -0.000400 0.008651 -0.010098
v -0.000400 0.008650 -0.010099
v -0.000400 0.008697 -0.010104
v -0.000400 0.008649 -0.010100
v -0.000400 0.008648 -0.010102
v -0.000400 0.008716 -0.010119
v -0.000400 0.008886 -0.010124
v -0.000400 0.008647 -0.010104
v -0.000400 0.008959 -0.010104
v -0.000400 0.008959 -0.010157
v -0.000400 0.008933 -0.010096
v -0.000400 0.008970 -0.010000
v -0.000400 0.008958 -0.010102
v -0.000400 0.008957 -0.010100
v -0.000400 0.008956 -0.010099
v -0.000400 0.008955 -0.010098
v -0.000400 0.008953 -0.010097
v -0.000400 0.008951 -0.010096
v -0.000400 0.008949 -0.010096
v -0.000400 0.008939 -0.010096
v -0.000400 0.008927 -0.010097
v -0.000400 0.008921 -0.010099
v -0.000400 0.008915 -0.010101
v -0.000400 0.008909 -0.010104
v -0.000400 0.008647 -0.010157
v -0.000400 0.008878 -0.010259
v -0.000400 0.008728 -0.010259
v -0.000400 0.008909 -0.010296
v -0.000400 0.008970 -0.010397
v -0.000400 0.008915 -0.010299
v -0.000400 0.008970 -0.010397
v -0.000400 0.008921 -0.010301
v -0.000400 0.008970 -0.010397
v -0.000400 0.008970 -0.010397
v -0.000400 0.008927 -0.010303
v -0.000400 0.008970 -0.010397
v -0.000400 0.008933 -0.010304
v -0.000400 0.008970 -0.010320
v -0.000400 0.008939 -0.010304
v -0.000400 0.008970 -0.010320
v -0.000400 0.008953 -0.010303
v -0.000400 0.008970 -0.010320
v -0.000400 0.008951 -0.010304
v -0.000400 0.008970 -0.010320
v -0.000400 0.008949 -0.010304
v -0.000400 0.008955 -0.010302
v -0.000400 0.008970 -0.010320
v -0.000400 0.008956 -0.010301
v -0.000400 0.008970 -0.010320
v -0.000400 0.008970 -0.010320
v -0.000400 0.008957 -0.010300
v -0.000400 0.008970 -0.010320
v -0.000400 0.008958 -0.010298
v -0.000400 0.008970 -0.010320
v -0.000400 0.008970 -0.010397
v -0.000400 0.008959 -0.010296
v -0.000400 0.008970 -0.010320
v -0.000400 0.008970 -0.010320
v -0.000400 0.008959 -0.010243
v -0.000400 0.008970 -0.010243
v -0.000400 0.008970 -0.010397
v -0.000400 0.008970 -0.010721
v -0.000367 0.009003 -0.010790
v -0.000400 0.008970 -0.010800
v -0.000400 0.008970 -0.010721
v -0.000400 0.008970 -0.010643
v -0.000367 0.009003 -0.010653
v -0.000377 0.008993 -0.010800
v -0.000400 0.008970 -0.010800
v -0.000375 0.008995 -0.010800
v -0.000373 0.008997 -0.010799
v -0.000371 0.008999 -0.010798
v -0.000370 0.009000 -0.010797
v -0.000368 0.009002 -0.010794
v -0.000369 0.009001 -0.010796
v -0.000367 0.009003 -0.010792
v -0.000400 0.008970 -0.010721
v -0.000400 0.008970 -0.010643
v -0.000377 0.008993 -0.010643
v -0.000375 0.008995 -0.010643
v -0.000373 0.008997 -0.010644
v -0.000370 0.009000 -0.010646
v -0.000369 0.009001 -0.010647
v -0.000371 0.008999 -0.010645
v -0.000367 0.009003 -0.010651
v -0.000368 0.009002 -0.010649
v -0.000360 0.008603 -0.010010
v -0.000367 0.008603 -0.010010
v -0.000360 0.008603 -0.010147
v -0.000360 0.008603 -0.010147
v -0.000367 0.008603 -0.010147
v -0.000400 0.008636 -0.010078
v -0.000367 0.008603 -0.010010
v -0.000400 0.008636 -0.010000
v -0.000400 0.008636 -0.010078
v -0.000400 0.008636 -0.010157
v -0.000367 0.008603 -0.010147
v -0.000377 0.008613 -0.010000
v -0.000400 0.008636 -0.010000
v -0.000367 0.008603 -0.010010
v -0.000375 0.008611 -0.010000
v -0.000367 0.008603 -0.010010
v -0.000373 0.008609 -0.010001
v -0.000367 0.008603 -0.010010
v -0.000371 0.008607 -0.010002
v -0.000367 0.008603 -0.010010
v -0.000370 0.008606 -0.010003
v -0.000368 0.008604 -0.010006
v -0.000369 0.008605 -0.010004
v -0.000367 0.008603 -0.010010
v -0.000367 0.008603 -0.010010
v -0.000367 0.008603 -0.010008
v -0.000367 0.008603 -0.010010
v -0.000367 0.008603 -0.010010
v -0.000367 0.008603 -0.010010
v -0.000400 0.008636 -0.010078
v -0.000367 0.008603 -0.010147
v -0.000367 0.008603 -0.010147
v -0.000400 0.008636 -0.010157
v -0.000377 0.008613 -0.010157
v -0.000375 0.008611 -0.010157
v -0.000367 0.008603 -0.010147
v -0.000373 0.008609 -0.010156
v -0.000367 0.008603 -0.010147
v -0.000367 0.008603 -0.010147
v -0.000370 0.008606 -0.010154
v -0.000369 0.008605 -0.010153
v -0.000367 0.008603 -0.010147
v -0.000371 0.008607 -0.010155
v -0.000367 0.008603 -0.010149
v -0.000367 0.008603 -0.010147
v -0.000368 0.008604 -0.010151
v -0.000367 0.008603 -0.010147
v -0.000367 0.008603 -0.010147
v -0.000360 0.009003 -0.010147
v -0.000367 0.009003 -0.010147
v -0.000360 0.009003 -0.010010
v -0.000360 0.009003 -0.010010
v -0.000367 0.009003 -0.010010
v -0.000400 0.008970 -0.010078
v -0.000367 0.009003 -0.010147
v -0.000400 0.008970 -0.010157
v -0.000400 0.008970 -0.010078
v -0.000400 0.008970 -0.010000
v -0.000367 0.009003 -0.010010
v -0.000377 0.008993 -0.010157
v -0.000400 0.008970 -0.010157
v -0.000367 0.009003 -0.010147
v -0.000375 0.008995 -0.010157
v -0.000367 0.009003 -0.010147
v -0.000373 0.008997 -0.010156
v -0.000367 0.009003 -0.010147
v -0.000371 0.008999 -0.010155
v -0.000367 0.009003 -0.010147
v -0.000370 0.009000 -0.010154
v -0.000368 0.009002 -0.010151
v -0.000369 0.009001 -0.010153
v -0.000367 0.009003 -0.010147
v -0.000367 0.009003 -0.010147
v -0.000367 0.009003 -0.010149
v -0.000367 0.009003 -0.010147
v -0.000367 0.009003 -0.010147
v -0.000367 0.009003 -0.010147
v -0.000400 0.008970 -0.010078
v -0.000367 0.009003 -0.010010
v -0.000367 0.009003 -0.010010
v -0.000400 0.008970 -0.010000
v -0.000377 0.008993 -0.010000
v -0.000375 0.008995 -0.010000
v -0.000367 0.009003 -0.010010
v -0.000373 0.008997 -0.010001
v -0.000367 0.009003 -0.010010
v -0.000367 0.009003 -0.010010
v -0.000370 0.009000 -0.010003
v -0.000369 0.009001 -0.010004
v -0.000367 0.009003 -0.010010
v -0.000371 0.008999 -0.010002
v -0.000367 0.009003 -0.010008
v -0.000367 0.009003 -0.010010
v -0.000368 0.009002 -0.010006
v -0.000367 0.009003 -0.010010
v -0.000367 0.009003 -0.010010
v -0.000400 0.008636 -0.010000
v -0.000360 0.008803 -0.010000
v -0.000400 0.008970 -0.010000
v -0.000400 0.008636 -0.010000
v -0.000377 0.008613 -0.010000
v -0.000360 0.008613 -0.010000
v -0.000400 0.008970 -0.010000
v -0.000360 0.008803 -0.010000
v -0.000360 0.008898 -0.010000
v -0.000377 0.008993 -0.010000
v -0.000400 0.008970 -0.010000
v -0.000360 0.008993 -0.010000
v -0.000360 0.008898 -0.010000
v -0.000360 0.008993 -0.010000
v -0.000400 0.008970 -0.010000
v -0.000360 0.008708 -0.010000
v -0.000360 0.008803 -0.010000
v -0.000400 0.008636 -0.010000
v -0.000360 0.008708 -0.010000
v -0.000400 0.008636 -0.010000
v -0.000360 0.008613 -0.010000
v -0.000400 0.008636 -0.010800
v -0.000360 0.008803 -0.010800
v -0.000360 0.008708 -0.010800
v -0.000400 0.008636 -0.010800
v -0.000400 0.008970 -0.010800
v -0.000360 0.008803 -0.010800
v -0.000377 0.008613 -0.010800
v -0.000400 0.008636 -0.010800
v -0.000360 0.008613 -0.010800
v -0.000360 0.008708 -0.010800
v -0.000360 0.008613 -0.010800
v -0.000400 0.008636 -0.010800
v -0.000360 0.008898 -0.010800
v -0.000400 0.008970 -0.010800
v -0.000360 0.008993 -0.010800
v -0.000377 0.008993 -0.010800
v -0.000360 0.008993 -0.010800
v -0.000400 0.008970 -0.010800
v -0.000400 0.008970 -0.010800
v -0.000360 0.008898 -0.010800
v -0.000360 0.008803 -0.010800
v -0.000360 0.009003 -0.010790
v -0.000367 0.009003 -0.010790
v -0.000360 0.009003 -0.010653
v -0.000360 0.009003 -0.010653
v -0.000367 0.009003 -0.010790
v -0.000367 0.009003 -0.010653
v -0.000360 0.008875 -0.010240
v -0.000400 0.008875 -0.010240
v -0.000360 0.008875 -0.010160
v -0.000400 0.008875 -0.010240
v -0.000400 0.008875 -0.010160
v -0.000360 0.008875 -0.010160
v -0.000360 0.008933 -0.010096
v -0.000360 0.008927 -0.010097
v -0.000400 0.008933 -0.010096
v -0.000360 0.008927 -0.010097
v -0.000360 0.008921 -0.010099
v -0.000400 0.008927 -0.010097
v -0.000360 0.008921 -0.010099
v -0.000400 0.008921 -0.010099
v -0.000400 0.008927 -0.010097
v -0.000360 0.008915 -0.010101
v -0.000400 0.008915 -0.010101
v -0.000400 0.008921 -0.010099
v -0.000360 0.008909 -0.010104
v -0.000400 0.008915 -0.010101
v -0.000360 0.008915 -0.010101
v -0.000360 0.008904 -0.010107
v -0.000400 0.008909 -0.010104
v -0.000360 0.008909 -0.010104
v -0.000400 0.008904 -0.010107
v -0.000400 0.008909 -0.010104
v -0.000360 0.008904 -0.010107
v -0.000400 0.008899 -0.010111
v -0.000400 0.008904 -0.010107
v -0.000360 0.008899 -0.010111
v -0.000400 0.008899 -0.010111
v -0.000360 0.008899 -0.010111
v -0.000360 0.008894 -0.010115
v -0.000400 0.008894 -0.010115
v -0.000360 0.008894 -0.010115
v -0.000360 0.008890 -0.010119
v -0.000400 0.008894 -0.010115
v -0.000360 0.008890 -0.010119
v -0.000400 0.008890 -0.010119
v -0.000400 0.008890 -0.010119
v -0.000360 0.008886 -0.010124
v -0.000400 0.008886 -0.010124
v -0.000360 0.008886 -0.010124
v -0.000360 0.008883 -0.010130
v -0.000400 0.008886 -0.010124
v -0.000360 0.008883 -0.010130
v -0.000360 0.008880 -0.010136
v -0.000400 0.008883 -0.010130
v -0.000360 0.008880 -0.010136
v -0.000400 0.008880 -0.010136
v -0.000400 0.008883 -0.010130
v -0.000360 0.008933 -0.010096
v -0.000400 0.008933 -0.010096
v -0.000360 0.008939 -0.010096
v -0.000400 0.008876 -0.010154
v -0.000360 0.008875 -0.010160
v -0.000400 0.008875 -0.010160
v -0.000360 0.008876 -0.010154
v -0.000360 0.008875 -0.010160
v -0.000400 0.008876 -0.010154
v -0.000360 0.008876 -0.010154
v -0.000400 0.008876 -0.010154
v -0.000400 0.008877 -0.010148
v -0.000360 0.008876 -0.010154
v -0.000400 0.008877 -0.010148
v -0.000360 0.008877 -0.010148
v -0.000400 0.008877 -0.010148
v -0.000400 0.008878 -0.010141
v -0.000360 0.008877 -0.010148
v -0.000400 0.008878 -0.010141
v -0.000360 0.008878 -0.010141
v -0.000360 0.008877 -0.010148
v -0.000400 0.008880 -0.010136
v -0.000360 0.008878 -0.010141
v -0.000400 0.008878 -0.010141
v -0.000360 0.008880 -0.010136
v -0.000360 0.008878 -0.010141
v -0.000400 0.008880 -0.010136
v -0.000400 0.008886 -0.010124
v -0.000360 0.008883 -0.010130
v -0.000400 0.008883 -0.010130
v -0.000400 0.008890 -0.010119
v -0.000360 0.008890 -0.010119
v -0.000360 0.008886 -0.010124
v -0.000400 0.008894 -0.010115
v -0.000400 0.008899 -0.010111
v -0.000360 0.008894 -0.010115
v -0.000360 0.008899 -0.010111
v -0.000400 0.008904 -0.010107
v -0.000360 0.008904 -0.010107
v -0.000360 0.008909 -0.010104
v -0.000400 0.008909 -0.010104
v -0.000400 0.008915 -0.010101
v -0.000360 0.008921 -0.010099
v -0.000360 0.008915 -0.010101
v -0.000400 0.008921 -0.010099
v -0.000400 0.008933 -0.010096
v -0.000400 0.008939 -0.010096
v -0.000360 0.008939 -0.010096
v -0.000360 0.008927 -0.010097
v -0.000400 0.008927 -0.010097
v -0.000400 0.008933 -0.010096
v -0.000400 0.008949 -0.010096
v -0.000360 0.008949 -0.010096
v -0.000400 0.008939 -0.010096
v -0.000360 0.008949 -0.010096
v -0.000360 0.008939 -0.010096
v -0.000400 0.008939 -0.010096
v -0.000360 0.008959 -0.010106
v -0.000400 0.008959 -0.010106
v -0.000360 0.008959 -0.010157
v -0.000400 0.008959 -0.010106
v -0.000400 0.008959 -0.010157
v -0.000360 0.008959 -0.010157
v -0.000400 0.008959 -0.010294
v -0.000360 0.008959 -0.010294
v -0.000400 0.008959 -0.010243
v -0.000360 0.008959 -0.010294
v -0.000360 0.008959 -0.010243
v -0.000400 0.008959 -0.010243
v -0.000360 0.008949 -0.010304
v -0.000400 0.008949 -0.010304
v -0.000360 0.008939 -0.010304
v -0.000400 0.008949 -0.010304
v -0.000400 0.008939 -0.010304
v -0.000360 0.008939 -0.010304
v -0.000360 0.008876 -0.010246
v -0.000360 0.008877 -0.010252
v -0.000400 0.008876 -0.010246
v -0.000360 0.008877 -0.010252
v -0.000360 0.008878 -0.010259
v -0.000400 0.008877 -0.010252
v -0.000360 0.008878 -0.010259
v -0.000400 0.008878 -0.010259
v -0.000400 0.008877 -0.010252
v -0.000360 0.008880 -0.010264
v -0.000400 0.008880 -0.010264
v -0.000400 0.008878 -0.010259
v -0.000360 0.008883 -0.010270
v -0.000400 0.008880 -0.010264
v -0.000360 0.008880 -0.010264
v -0.000360 0.008886 -0.010276
v -0.000400 0.008883 -0.010270
v -0.000360 0.008883 -0.010270
v -0.000400 0.008886 -0.010276
v -0.000400 0.008883 -0.010270
v -0.000360 0.008886 -0.010276
v -0.000400 0.008890 -0.010281
v -0.000400 0.008886 -0.010276
v -0.000360 0.008890 -0.010281
v -0.000400 0.008890 -0.010281
v -0.000360 0.008890 -0.010281
v -0.000360 0.008894 -0.010285
v -0.000400 0.008894 -0.010285
v -0.000360 0.008894 -0.010285
v -0.000360 0.008899 -0.010289
v -0.000400 0.008894 -0.010285
v -0.000360 0.008899 -0.010289
v -0.000400 0.008899 -0.010289
v -0.000400 0.008899 -0.010289
v -0.000360 0.008904 -0.010293
v -0.000400 0.008904 -0.010293
v -0.000360 0.008904 -0.010293
v -0.000360 0.008909 -0.010296
v -0.000400 0.008904 -0.010293
v -0.000360 0.008909 -0.010296
v -0.000360 0.008915 -0.010299
v -0.000400 0.008909 -0.010296
v -0.000360 0.008915 -0.010299
v -0.000400 0.008915 -0.010299
v -0.000400 0.008909 -0.010296
v -0.000360 0.008876 -0.010246
v -0.000400 0.008876 -0.010246
v -0.000360 0.008875 -0.010240
v -0.000400 0.008933 -0.010304
v -0.000360 0.008939 -0.010304
v -0.000400 0.008939 -0.010304
v -0.000360 0.008933 -0.010304
v -0.000360 0.008939 -0.010304
v -0.000400 0.008933 -0.010304
v -0.000360 0.008933 -0.010304
v -0.000400 0.008933 -0.010304
v -0.000400 0.008927 -0.010303
v -0.000360 0.008933 -0.010304
v -0.000400 0.008927 -0.010303
v -0.000360 0.008927 -0.010303
v -0.000400 0.008927 -0.010303
v -0.000400 0.008921 -0.010301
v -0.000360 0.008927 -0.010303
v -0.000400 0.008921 -0.010301
v -0.000360 0.008921 -0.010301
v -0.000360 0.008927 -0.010303
v -0.000400 0.008915 -0.010299
v -0.000360 0.008921 -0.010301
v -0.000400 0.008921 -0.010301
v -0.000360 0.008915 -0.010299
v -0.000360 0.008921 -0.010301
v -0.000400 0.008915 -0.010299
v -0.000400 0.008904 -0.010293
v -0.000360 0.008909 -0.010296
v -0.000400 0.008909 -0.010296
v -0.000400 0.008899 -0.010289
v -0.000360 0.008899 -0.010289
v -0.000360 0.008904 -0.010293
v -0.000400 0.008894 -0.010285
v -0.000400 0.008890 -0.010281
v -0.000360 0.008894 -0.010285
v -0.000360 0.008890 -0.010281
v -0.000400 0.008886 -0.010276
v -0.000360 0.008886 -0.010276
v -0.000360 0.008883 -0.010270
v -0.000400 0.008883 -0.010270
v -0.000400 0.008880 -0.010264
v -0.000360 0.008878 -0.010259
v -0.000360 0.008880 -0.010264
v -0.000400 0.008878 -0.010259
v -0.000400 0.008876 -0.010246
v -0.000400 0.008875 -0.010240
v -0.000360 0.008875 -0.010240
v -0.000360 0.008877 -0.010252
v -0.000400 0.008877 -0.010252
v -0.000400 0.008876 -0.010246
v -0.000377 0.008993 -0.010157
v -0.000360 0.008959 -0.010157
v -0.000400 0.008970 -0.010157
v -0.000360 0.008993 -0.010157
v -0.000360 0.008959 -0.010157
v -0.000377 0.008993 -0.010157
v -0.000400 0.008959 -0.010157
v -0.000400 0.008970 -0.010157
v -0.000360 0.008959 -0.010157
v -0.000360 0.008993 -0.010243
v -0.000377 0.008993 -0.010243
v -0.000360 0.008959 -0.010243
v -0.000400 0.008970 -0.010243
v -0.000400 0.008959 -0.010243
v -0.000360 0.008959 -0.010243
v -0.000377 0.008993 -0.010243
v -0.000400 0.008970 -0.010243
v -0.000360 0.008959 -0.010243
v -0.000360 0.008731 -0.010240
v -0.000360 0.008731 -0.010160
v -0.000400 0.008731 -0.010240
v -0.000400 0.008731 -0.010240
v -0.000360 0.008731 -0.010160
v -0.000400 0.008731 -0.010160
v -0.000400 0.008666 -0.010096
v -0.000400 0.008673 -0.010096
v -0.000360 0.008666 -0.010096
v -0.000400 0.008673 -0.010096
v -0.000360 0.008673 -0.010096
v -0.000360 0.008666 -0.010096
v -0.000400 0.008679 -0.010097
v -0.000360 0.008673 -0.010096
v -0.000400 0.008673 -0.010096
v -0.000360 0.008679 -0.010097
v -0.000360 0.008673 -0.010096
v -0.000400 0.008679 -0.010097
v -0.000360 0.008679 -0.010097
v -0.000400 0.008679 -0.010097
v -0.000400 0.008685 -0.010099
v -0.000360 0.008679 -0.010097
v -0.000400 0.008685 -0.010099
v -0.000360 0.008685 -0.010099
v -0.000400 0.008685 -0.010099
v -0.000400 0.008691 -0.010101
v -0.000360 0.008685 -0.010099
v -0.000400 0.008691 -0.010101
v -0.000360 0.008691 -0.010101
v -0.000360 0.008685 -0.010099
v -0.000400 0.008697 -0.010104
v -0.000360 0.008691 -0.010101
v -0.000400 0.008691 -0.010101
v -0.000360 0.008697 -0.010104
v -0.000360 0.008691 -0.010101
v -0.000400 0.008697 -0.010104
v -0.000360 0.008697 -0.010104
v -0.000400 0.008697 -0.010104
v -0.000400 0.008702 -0.010107
v -0.000360 0.008697 -0.010104
v -0.000400 0.008702 -0.010107
v -0.000360 0.008702 -0.010107
v -0.000400 0.008702 -0.010107
v -0.000400 0.008707 -0.010111
v -0.000360 0.008702 -0.010107
v -0.000400 0.008707 -0.010111
v -0.000360 0.008707 -0.010111
v -0.000360 0.008702 -0.010107
v -0.000360 0.008716 -0.010119
v -0.000400 0.008720 -0.010124
v -0.000360 0.008720 -0.010124
v -0.000360 0.008720 -0.010124
v -0.000400 0.008720 -0.010124
v -0.000400 0.008723 -0.010130
v -0.000360 0.008731 -0.010160
v -0.000360 0.008730 -0.010154
v -0.000400 0.008731 -0.010160
v -0.000360 0.008730 -0.010154
v -0.000400 0.008730 -0.010154
v -0.000400 0.008731 -0.010160
v -0.000360 0.008729 -0.010148
v -0.000400 0.008730 -0.010154
v -0.000360 0.008730 -0.010154
v -0.000400 0.008729 -0.010148
v -0.000400 0.008730 -0.010154
v -0.000360 0.008729 -0.010148
v -0.000400 0.008729 -0.010148
v -0.000360 0.008729 -0.010148
v -0.000360 0.008728 -0.010141
v -0.000400 0.008729 -0.010148
v -0.000360 0.008728 -0.010141
v -0.000400 0.008728 -0.010141
v -0.000360 0.008728 -0.010141
v -0.000360 0.008726 -0.010136
v -0.000400 0.008728 -0.010141
v -0.000360 0.008726 -0.010136
v -0.000400 0.008726 -0.010136
v -0.000400 0.008728 -0.010141
v -0.000360 0.008723 -0.010130
v -0.000400 0.008726 -0.010136
v -0.000360 0.008726 -0.010136
v -0.000400 0.008723 -0.010130
v -0.000400 0.008726 -0.010136
v -0.000360 0.008723 -0.010130
v -0.000400 0.008723 -0.010130
v -0.000360 0.008723 -0.010130
v -0.000360 0.008720 -0.010124
v -0.000400 0.008720 -0.010124
v -0.000360 0.008716 -0.010119
v -0.000400 0.008716 -0.010119
v -0.000360 0.008716 -0.010119
v -0.000360 0.008712 -0.010115
v -0.000400 0.008716 -0.010119
v -0.000360 0.008712 -0.010115
v -0.000400 0.008712 -0.010115
v -0.000400 0.008716 -0.010119
v -0.000360 0.008707 -0.010111
v -0.000400 0.008712 -0.010115
v -0.000360 0.008712 -0.010115
v -0.000360 0.008707 -0.010111
v -0.000400 0.008707 -0.010111
v -0.000400 0.008712 -0.010115
v -0.000400 0.008666 -0.010096
v -0.000360 0.008666 -0.010096
v -0.000400 0.008657 -0.010096
v -0.000400 0.008657 -0.010096
v -0.000360 0.008666 -0.010096
v -0.000360 0.008657 -0.010096
v -0.000360 0.008647 -0.010157
v -0.000400 0.008647 -0.010157
v -0.000360 0.008647 -0.010106
v -0.000360 0.008647 -0.010106
v -0.000400 0.008647 -0.010157
v -0.000400 0.008647 -0.010106
v -0.000400 0.008647 -0.010243
v -0.000360 0.008647 -0.010243
v -0.000400 0.008647 -0.010294
v -0.000400 0.008647 -0.010294
v -0.000360 0.008647 -0.010243
v -0.000360 0.008647 -0.010294
v -0.000360 0.008666 -0.010304
v -0.000400 0.008666 -0.010304
v -0.000360 0.008657 -0.010304
v -0.000360 0.008657 -0.010304
v -0.000400 0.008666 -0.010304
v -0.000400 0.008657 -0.010304
v -0.000400 0.008731 -0.010240
v -0.000400 0.008730 -0.010246
v -0.000360 0.008731 -0.010240
v -0.000400 0.008730 -0.010246
v -0.000400 0.008729 -0.010252
v -0.000360 0.008730 -0.010246
v -0.000400 0.008729 -0.010252
v -0.000360 0.008729 -0.010252
v -0.000360 0.008730 -0.010246
v -0.000400 0.008728 -0.010259
v -0.000360 0.008728 -0.010259
v -0.000360 0.008729 -0.010252
v -0.000400 0.008726 -0.010264
v -0.000360 0.008726 -0.010264
v -0.000360 0.008728 -0.010259
v -0.000400 0.008723 -0.010270
v -0.000360 0.008726 -0.010264
v -0.000400 0.008726 -0.010264
v -0.000400 0.008720 -0.010276
v -0.000360 0.008723 -0.010270
v -0.000400 0.008723 -0.010270
v -0.000360 0.008720 -0.010276
v -0.000360 0.008723 -0.010270
v -0.000400 0.008720 -0.010276
v -0.000360 0.008716 -0.010281
v -0.000360 0.008720 -0.010276
v -0.000400 0.008716 -0.010281
v -0.000360 0.008716 -0.010281
v -0.000400 0.008716 -0.010281
v -0.000400 0.008712 -0.010285
v -0.000360 0.008712 -0.010285
v -0.000400 0.008712 -0.010285
v -0.000400 0.008707 -0.010289
v -0.000360 0.008712 -0.010285
v -0.000400 0.008707 -0.010289
v -0.000360 0.008707 -0.010289
v -0.000360 0.008707 -0.010289
v -0.000400 0.008702 -0.010293
v -0.000360 0.008702 -0.010293
v -0.000400 0.008702 -0.010293
v -0.000400 0.008697 -0.010296
v -0.000360 0.008702 -0.010293
v -0.000400 0.008697 -0.010296
v -0.000400 0.008691 -0.010299
v -0.000360 0.008697 -0.010296
v -0.000400 0.008691 -0.010299
v -0.000360 0.008691 -0.010299
v -0.000360 0.008697 -0.010296
v -0.000360 0.008673 -0.010304
v -0.000400 0.008666 -0.010304
v -0.000360 0.008666 -0.010304
v -0.000400 0.008673 -0.010304
v -0.000400 0.008666 -0.010304
v -0.000360 0.008673 -0.010304
v -0.000400 0.008673 -0.010304
v -0.000360 0.008673 -0.010304
v -0.000360 0.008679 -0.010303
v -0.000400 0.008673 -0.010304
v -0.000360 0.008679 -0.010303
v -0.000400 0.008679 -0.010303
v -0.000360 0.008679 -0.010303
v -0.000360 0.008685 -0.010301
v -0.000400 0.008679 -0.010303
v -0.000360 0.008685 -0.010301
v -0.000400 0.008685 -0.010301
v -0.000400 0.008679 -0.010303
v -0.000360 0.008691 -0.010299
v -0.000400 0.008685 -0.010301
v -0.000360 0.008685 -0.010301
v -0.000400 0.008691 -0.010299
v -0.000400 0.008685 -0.010301
v -0.000360 0.008691 -0.010299
v -0.000360 0.008702 -0.010293
v -0.000400 0.008697 -0.010296
v -0.000360 0.008697 -0.010296
v -0.000360 0.008707 -0.010289
v -0.000400 0.008707 -0.010289
v -0.000400 0.008702 -0.010293
v -0.000360 0.008712 -0.010285
v -0.000360 0.008716 -0.010281
v -0.000400 0.008712 -0.010285
v -0.000400 0.008716 -0.010281
v -0.000360 0.008720 -0.010276
v -0.000400 0.008720 -0.010276
v -0.000400 0.008723 -0.010270
v -0.000360 0.008723 -0.010270
v -0.000360 0.008726 -0.010264
v -0.000400 0.008728 -0.010259
v -0.000400 0.008726 -0.010264
v -0.000360 0.008728 -0.010259
v -0.000360 0.008730 -0.010246
v -0.000360 0.008731 -0.010240
v -0.000400 0.008730 -0.010246
v -0.000360 0.008729 -0.010252
v -0.000400 0.008729 -0.010252
v -0.000400 0.008728 -0.010259
v -0.000400 0.008647 -0.010157
v -0.000360 0.008647 -0.010157
v -0.000400 0.008636 -0.010157
v -0.000377 0.008613 -0.010157
v -0.000360 0.008647 -0.010157
v -0.000360 0.008613 -0.010157
v -0.000377 0.008613 -0.010157
v -0.000400 0.008636 -0.010157
v -0.000360 0.008647 -0.010157
v -0.000400 0.008647 -0.010243
v -0.000400 0.008636 -0.010243
v -0.000360 0.008647 -0.010243
v -0.000360 0.008647 -0.010243
v -0.000400 0.008636 -0.010243
v -0.000377 0.008613 -0.010243
v -0.000377 0.008613 -0.010243
v -0.000360 0.008613 -0.010243
v -0.000360 0.008647 -0.010243
v -0.000367 0.008603 -0.010253
v -0.000360 0.008603 -0.010253
v -0.000360 0.008603 -0.010251
v -0.000367 0.008603 -0.010251
v -0.000367 0.008603 -0.010253
v -0.000360 0.008603 -0.010251
v -0.000360 0.008603 -0.010251
v -0.000360 0.008604 -0.010249
v -0.000367 0.008603 -0.010251
v -0.000367 0.008603 -0.010251
v -0.000360 0.008604 -0.010249
v -0.000368 0.008604 -0.010249
v -0.000368 0.008604 -0.010249
v -0.000360 0.008604 -0.010249
v -0.000360 0.008605 -0.010247
v -0.000369 0.008605 -0.010247
v -0.000368 0.008604 -0.010249
v -0.000360 0.008605 -0.010247
v -0.000360 0.008606 -0.010246
v -0.000369 0.008605 -0.010247
v -0.000360 0.008605 -0.010247
v -0.000360 0.008607 -0.010245
v -0.000370 0.008606 -0.010246
v -0.000360 0.008606 -0.010246
v -0.000360 0.008606 -0.010246
v -0.000370 0.008606 -0.010246
v -0.000369 0.008605 -0.010247
v -0.000375 0.008611 -0.010243
v -0.000360 0.008613 -0.010243
v -0.000377 0.008613 -0.010243
v -0.000375 0.008611 -0.010243
v -0.000360 0.008611 -0.010243
v -0.000360 0.008613 -0.010243
v -0.000375 0.008611 -0.010243
v -0.000373 0.008609 -0.010244
v -0.000360 0.008611 -0.010243
v -0.000360 0.008611 -0.010243
v -0.000373 0.008609 -0.010244
v -0.000360 0.008609 -0.010244
v -0.000360 0.008609 -0.010244
v -0.000373 0.008609 -0.010244
v -0.000371 0.008607 -0.010245
v -0.000360 0.008607 -0.010245
v -0.000360 0.008609 -0.010244
v -0.000371 0.008607 -0.010245
v -0.000370 0.008606 -0.010246
v -0.000360 0.008607 -0.010245
v -0.000371 0.008607 -0.010245
v -0.000360 0.008603 -0.010790
v -0.000367 0.008603 -0.010790
v -0.000360 0.008603 -0.010792
v -0.000360 0.008603 -0.010792
v -0.000367 0.008603 -0.010792
v -0.000360 0.008604 -0.010794
v -0.000360 0.008604 -0.010794
v -0.000367 0.008603 -0.010792
v -0.000368 0.008604 -0.010794
v -0.000360 0.008605 -0.010796
v -0.000368 0.008604 -0.010794
v -0.000369 0.008605 -0.010796
v -0.000360 0.008606 -0.010797
v -0.000360 0.008605 -0.010796
v -0.000369 0.008605 -0.010796
v -0.000360 0.008607 -0.010798
v -0.000360 0.008606 -0.010797
v -0.000370 0.008606 -0.010797
v -0.000371 0.008607 -0.010798
v -0.000360 0.008607 -0.010798
v -0.000370 0.008606 -0.010797
v -0.000371 0.008607 -0.010798
v -0.000360 0.008609 -0.010799
v -0.000360 0.008607 -0.010798
v -0.000360 0.008613 -0.010800
v -0.000360 0.008611 -0.010800
v -0.000375 0.008611 -0.010800
v -0.000375 0.008611 -0.010800
v -0.000377 0.008613 -0.010800
v -0.000360 0.008613 -0.010800
v -0.000360 0.008611 -0.010800
v -0.000373 0.008609 -0.010799
v -0.000375 0.008611 -0.010800
v -0.000370 0.008606 -0.010797
v -0.000360 0.008606 -0.010797
v -0.000369 0.008605 -0.010796
v -0.000360 0.008609 -0.010799
v -0.000371 0.008607 -0.010798
v -0.000373 0.008609 -0.010799
v -0.000367 0.008603 -0.010792
v -0.000360 0.008603 -0.010792
v -0.000367 0.008603 -0.010790
v -0.000360 0.008611 -0.010800
v -0.000360 0.008609 -0.010799
v -0.000373 0.008609 -0.010799
v -0.000368 0.008604 -0.010794
v -0.000360 0.008605 -0.010796
v -0.000360 0.008604 -0.010794
v -0.000360 0.008993 -0.010800
v -0.000377 0.008993 -0.010800
v -0.000375 0.008995 -0.010800
v -0.000360 0.008995 -0.010800
v -0.000360 0.008993 -0.010800
v -0.000375 0.008995 -0.010800
v -0.000373 0.008997 -0.010799
v -0.000360 0.008995 -0.010800
v -0.000375 0.008995 -0.010800
v -0.000373 0.008997 -0.010799
v -0.000360 0.008997 -0.010799
v -0.000360 0.008995 -0.010800
v -0.000371 0.008999 -0.010798
v -0.000360 0.008999 -0.010798
v -0.000360 0.008997 -0.010799
v -0.000370 0.009000 -0.010797
v -0.000360 0.009000 -0.010797
v -0.000360 0.008999 -0.010798
v -0.000369 0.009001 -0.010796
v -0.000360 0.009001 -0.010796
v -0.000360 0.009000 -0.010797
v -0.000368 0.009002 -0.010794
v -0.000360 0.009002 -0.010794
v -0.000360 0.009001 -0.010796
v -0.000367 0.009003 -0.010792
v -0.000367 0.009003 -0.010790
v -0.000360 0.009003 -0.010792
v -0.000360 0.009003 -0.010792
v -0.000367 0.009003 -0.010790
v -0.000360 0.009003 -0.010790
v -0.000360 0.009002 -0.010794
v -0.000367 0.009003 -0.010792
v -0.000360 0.009003 -0.010792
v -0.000360 0.009002 -0.010794
v -0.000368 0.009002 -0.010794
v -0.000367 0.009003 -0.010792
v -0.000360 0.009001 -0.010796
v -0.000369 0.009001 -0.010796
v -0.000368 0.009002 -0.010794
v -0.000360 0.009000 -0.010797
v -0.000370 0.009000 -0.010797
v -0.000369 0.009001 -0.010796
v -0.000360 0.008999 -0.010798
v -0.000371 0.008999 -0.010798
v -0.000370 0.009000 -0.010797
v -0.000360 0.008997 -0.010799
v -0.000373 0.008997 -0.010799
v -0.000371 0.008999 -0.010798
v -0.000360 0.008993 -0.010243
v -0.000375 0.008995 -0.010243
v -0.000377 0.008993 -0.010243
v -0.000360 0.008993 -0.010243
v -0.000360 0.008995 -0.010243
v -0.000375 0.008995 -0.010243
v -0.000375 0.008995 -0.010243
v -0.000360 0.008995 -0.010243
v -0.000373 0.008997 -0.010244
v -0.000373 0.008997 -0.010244
v -0.000360 0.008995 -0.010243
v -0.000360 0.008997 -0.010244
v -0.000360 0.008999 -0.010245
v -0.000360 0.009000 -0.010246
v -0.000370 0.009000 -0.010246
v -0.000371 0.008999 -0.010245
v -0.000360 0.008997 -0.010244
v -0.000360 0.008999 -0.010245
v -0.000360 0.009000 -0.010246
v -0.000360 0.009001 -0.010247
v -0.000369 0.009001 -0.010247
v -0.000371 0.008999 -0.010245
v -0.000373 0.008997 -0.010244
v -0.000360 0.008997 -0.010244
v -0.000360 0.009003 -0.010251
v -0.000360 0.009003 -0.010253
v -0.000367 0.009003 -0.010253
v -0.000367 0.009003 -0.010251
v -0.000360 0.009003 -0.010251
v -0.000367 0.009003 -0.010253
v -0.000367 0.009003 -0.010251
v -0.000360 0.009002 -0.010249
v -0.000360 0.009003 -0.010251
v -0.000367 0.009003 -0.010251
v -0.000368 0.009002 -0.010249
v -0.000360 0.009002 -0.010249
v -0.000360 0.009002 -0.010249
v -0.000368 0.009002 -0.010249
v -0.000360 0.009001 -0.010247
v -0.000360 0.009001 -0.010247
v -0.000368 0.009002 -0.010249
v -0.000369 0.009001 -0.010247
v -0.000360 0.009000 -0.010246
v -0.000369 0.009001 -0.010247
v -0.000370 0.009000 -0.010246
v -0.000370 0.009000 -0.010246
v -0.000371 0.008999 -0.010245
v -0.000360 0.008999 -0.010245
v -0.000360 0.009003 -0.010147
v -0.000360 0.009003 -0.010149
v -0.000367 0.009003 -0.010149
v -0.000360 0.009003 -0.010149
v -0.000360 0.009003 -0.010149
v -0.000360 0.009002 -0.010151
v -0.000367 0.009003 -0.010149
v -0.000367 0.009003 -0.010149
v -0.000360 0.009002 -0.010151
v -0.000368 0.009002 -0.010151
v -0.000368 0.009002 -0.010151
v -0.000360 0.009002 -0.010151
v -0.000360 0.009001 -0.010153
v -0.000369 0.009001 -0.010153
v -0.000368 0.009002 -0.010151
v -0.000360 0.009001 -0.010153
v -0.000360 0.009000 -0.010154
v -0.000369 0.009001 -0.010153
v -0.000360 0.009001 -0.010153
v -0.000360 0.008999 -0.010155
v -0.000370 0.009000 -0.010154
v -0.000360 0.009000 -0.010154
v -0.000360 0.009000 -0.010154
v -0.000370 0.009000 -0.010154
v -0.000369 0.009001 -0.010153
v -0.000375 0.008995 -0.010157
v -0.000360 0.008993 -0.010157
v -0.000377 0.008993 -0.010157
v -0.000375 0.008995 -0.010157
v -0.000360 0.008995 -0.010157
v -0.000360 0.008993 -0.010157
v -0.000375 0.008995 -0.010157
v -0.000373 0.008997 -0.010156
v -0.000360 0.008995 -0.010157
v -0.000360 0.008995 -0.010157
v -0.000373 0.008997 -0.010156
v -0.000360 0.008997 -0.010156
v -0.000360 0.008997 -0.010156
v -0.000373 0.008997 -0.010156
v -0.000371 0.008999 -0.010155
v -0.000360 0.008999 -0.010155
v -0.000360 0.008997 -0.010156
v -0.000371 0.008999 -0.010155
v -0.000370 0.009000 -0.010154
v -0.000360 0.008999 -0.010155
v -0.000371 0.008999 -0.010155
v -0.000360 0.008951 -0.010304
v -0.000360 0.008953 -0.010303
v -0.000400 0.008951 -0.010304
v -0.000360 0.008953 -0.010303
v -0.000360 0.008955 -0.010302
v -0.000400 0.008953 -0.010303
v -0.000360 0.008955 -0.010302
v -0.000400 0.008955 -0.010302
v -0.000400 0.008953 -0.010303
v -0.000360 0.008956 -0.010301
v -0.000400 0.008956 -0.010301
v -0.000400 0.008955 -0.010302
v -0.000360 0.008957 -0.010300
v -0.000400 0.008956 -0.010301
v -0.000360 0.008956 -0.010301
v -0.000360 0.008958 -0.010298
v -0.000400 0.008957 -0.010300
v -0.000360 0.008957 -0.010300
v -0.000400 0.008958 -0.010298
v -0.000400 0.008957 -0.010300
v -0.000360 0.008958 -0.010298
v -0.000360 0.008951 -0.010304
v -0.000400 0.008951 -0.010304
v -0.000360 0.008949 -0.010304
v -0.000400 0.008959 -0.010296
v -0.000360 0.008959 -0.010294
v -0.000400 0.008959 -0.010294
v -0.000360 0.008959 -0.010296
v -0.000360 0.008959 -0.010294
v -0.000400 0.008959 -0.010296
v -0.000360 0.008959 -0.010296
v -0.000400 0.008959 -0.010296
v -0.000400 0.008958 -0.010298
v -0.000360 0.008959 -0.010296
v -0.000400 0.008958 -0.010298
v -0.000360 0.008958 -0.010298
v -0.000360 0.008957 -0.010300
v -0.000400 0.008957 -0.010300
v -0.000400 0.008956 -0.010301
v -0.000360 0.008955 -0.010302
v -0.000360 0.008956 -0.010301
v -0.000400 0.008955 -0.010302
v -0.000400 0.008951 -0.010304
v -0.000400 0.008949 -0.010304
v -0.000360 0.008949 -0.010304
v -0.000360 0.008953 -0.010303
v -0.000400 0.008953 -0.010303
v -0.000400 0.008951 -0.010304
v -0.000360 0.008959 -0.010104
v -0.000360 0.008958 -0.010102
v -0.000400 0.008959 -0.010104
v -0.000360 0.008958 -0.010102
v -0.000360 0.008957 -0.010100
v -0.000400 0.008958 -0.010102
v -0.000360 0.008957 -0.010100
v -0.000400 0.008957 -0.010100
v -0.000400 0.008958 -0.010102
v -0.000360 0.008956 -0.010099
v -0.000400 0.008956 -0.010099
v -0.000400 0.008957 -0.010100
v -0.000360 0.008955 -0.010098
v -0.000400 0.008956 -0.010099
v -0.000360 0.008956 -0.010099
v -0.000360 0.008953 -0.010097
v -0.000400 0.008955 -0.010098
v -0.000360 0.008955 -0.010098
v -0.000400 0.008953 -0.010097
v -0.000400 0.008955 -0.010098
v -0.000360 0.008953 -0.010097
v -0.000360 0.008959 -0.010104
v -0.000400 0.008959 -0.010104
v -0.000360 0.008959 -0.010106
v -0.000400 0.008951 -0.010096
v -0.000360 0.008949 -0.010096
v -0.000400 0.008949 -0.010096
v -0.000360 0.008951 -0.010096
v -0.000360 0.008949 -0.010096
v -0.000400 0.008951 -0.010096
v -0.000360 0.008951 -0.010096
v -0.000400 0.008951 -0.010096
v -0.000400 0.008953 -0.010097
v -0.000360 0.008951 -0.010096
v -0.000400 0.008953 -0.010097
v -0.000360 0.008953 -0.010097
v -0.000360 0.008955 -0.010098
v -0.000400 0.008955 -0.010098
v -0.000400 0.008956 -0.010099
v -0.000360 0.008957 -0.010100
v -0.000360 0.008956 -0.010099
v -0.000400 0.008957 -0.010100
v -0.000400 0.008959 -0.010104
v -0.000400 0.008959 -0.010106
v -0.000360 0.008959 -0.010106
v -0.000360 0.008958 -0.010102
v -0.000400 0.008958 -0.010102
v -0.000400 0.008959 -0.010104
v -0.000360 0.008647 -0.010296
v -0.000360 0.008648 -0.010298
v -0.000400 0.008647 -0.010296
v -0.000360 0.008648 -0.010298
v -0.000360 0.008649 -0.010300
v -0.000400 0.008648 -0.010298
v -0.000360 0.008649 -0.010300
v -0.000400 0.008649 -0.010300
v -0.000400 0.008648 -0.010298
v -0.000360 0.008650 -0.010301
v -0.000400 0.008650 -0.010301
v -0.000400 0.008649 -0.010300
v -0.000360 0.008651 -0.010302
v -0.000400 0.008650 -0.010301
v -0.000360 0.008650 -0.010301
v -0.000360 0.008653 -0.010303
v -0.000400 0.008651 -0.010302
v -0.000360 0.008651 -0.010302
v -0.000400 0.008653 -0.010303
v -0.000400 0.008651 -0.010302
v -0.000360 0.008653 -0.010303
v -0.000360 0.008657 -0.010304
v -0.000400 0.008657 -0.010304
v -0.000400 0.008655 -0.010304
v -0.000360 0.008657 -0.010304
v -0.000400 0.008655 -0.010304
v -0.000360 0.008655 -0.010304
v -0.000400 0.008655 -0.010304
v -0.000400 0.008653 -0.010303
v -0.000360 0.008655 -0.010304
v -0.000360 0.008647 -0.010296
v -0.000400 0.008647 -0.010296
v -0.000360 0.008647 -0.010294
v -0.000360 0.008653 -0.010303
v -0.000360 0.008655 -0.010304
v -0.000400 0.008653 -0.010303
v -0.000400 0.008647 -0.010296
v -0.000400 0.008647 -0.010294
v -0.000360 0.008647 -0.010294
v -0.000400 0.008647 -0.010296
v -0.000360 0.008648 -0.010298
v -0.000400 0.008648 -0.010298
v -0.000360 0.008649 -0.010300
v -0.000360 0.008650 -0.010301
v -0.000400 0.008649 -0.010300
v -0.000360 0.008651 -0.010302
v -0.000400 0.008651 -0.010302
v -0.000400 0.008650 -0.010301
v -0.000360 0.008613 -0.010000
v -0.000377 0.008613 -0.010000
v -0.000375 0.008611 -0.010000
v -0.000360 0.008611 -0.010000
v -0.000360 0.008613 -0.010000
v -0.000375 0.008611 -0.010000
v -0.000373 0.008609 -0.010001
v -0.000360 0.008611 -0.010000
v -0.000375 0.008611 -0.010000
v -0.000373 0.008609 -0.010001
v -0.000360 0.008609 -0.010001
v -0.000360 0.008611 -0.010000
v -0.000373 0.008609 -0.010001
v -0.000371 0.008607 -0.010002
v -0.000360 0.008609 -0.010001
v -0.000360 0.008609 -0.010001
v -0.000371 0.008607 -0.010002
v -0.000360 0.008607 -0.010002
v -0.000360 0.008607 -0.010002
v -0.000370 0.008606 -0.010003
v -0.000360 0.008606 -0.010003
v -0.000360 0.008603 -0.010010
v -0.000360 0.008603 -0.010008
v -0.000360 0.008603 -0.010008
v -0.000367 0.008603 -0.010008
v -0.000360 0.008603 -0.010008
v -0.000360 0.008604 -0.010006
v -0.000367 0.008603 -0.010008
v -0.000367 0.008603 -0.010008
v -0.000360 0.008604 -0.010006
v -0.000368 0.008604 -0.010006
v -0.000368 0.008604 -0.010006
v -0.000360 0.008604 -0.010006
v -0.000360 0.008605 -0.010004
v -0.000369 0.008605 -0.010004
v -0.000368 0.008604 -0.010006
v -0.000360 0.008605 -0.010004
v -0.000360 0.008606 -0.010003
v -0.000369 0.008605 -0.010004
v -0.000360 0.008605 -0.010004
v -0.000360 0.008606 -0.010003
v -0.000370 0.008606 -0.010003
v -0.000369 0.008605 -0.010004
v -0.000370 0.008606 -0.010003
v -0.000360 0.008607 -0.010002
v -0.000371 0.008607 -0.010002
v -0.000360 0.009003 -0.010010
v -0.000360 0.009003 -0.010008
v -0.000360 0.009003 -0.010008
v -0.000367 0.009003 -0.010008
v -0.000360 0.009002 -0.010006
v -0.000360 0.009003 -0.010008
v -0.000367 0.009003 -0.010008
v -0.000368 0.009002 -0.010006
v -0.000360 0.009002 -0.010006
v -0.000367 0.009003 -0.010008
v -0.000368 0.009002 -0.010006
v -0.000360 0.009001 -0.010004
v -0.000360 0.009002 -0.010006
v -0.000368 0.009002 -0.010006
v -0.000369 0.009001 -0.010004
v -0.000360 0.009001 -0.010004
v -0.000360 0.009001 -0.010004
v -0.000369 0.009001 -0.010004
v -0.000360 0.009000 -0.010003
v -0.000360 0.009000 -0.010003
v -0.000369 0.009001 -0.010004
v -0.000370 0.009000 -0.010003
v -0.000360 0.008999 -0.010002
v -0.000360 0.009000 -0.010003
v -0.000370 0.009000 -0.010003
v -0.000377 0.008993 -0.010000
v -0.000360 0.008993 -0.010000
v -0.000375 0.008995 -0.010000
v -0.000375 0.008995 -0.010000
v -0.000360 0.008993 -0.010000
v -0.000360 0.008995 -0.010000
v -0.000373 0.008997 -0.010001
v -0.000375 0.008995 -0.010000
v -0.000360 0.008995 -0.010000
v -0.000371 0.008999 -0.010002
v -0.000360 0.008997 -0.010001
v -0.000360 0.008999 -0.010002
v -0.000371 0.008999 -0.010002
v -0.000373 0.008997 -0.010001
v -0.000360 0.008997 -0.010001
v -0.000370 0.009000 -0.010003
v -0.000371 0.008999 -0.010002
v -0.000360 0.008999 -0.010002
v -0.000373 0.008997 -0.010001
v -0.000360 0.008995 -0.010000
v -0.000360 0.008997 -0.010001
v -0.000360 0.008655 -0.010096
v -0.000400 0.008655 -0.010096
v -0.000360 0.008657 -0.010096
v -0.000360 0.008653 -0.010097
v -0.000400 0.008655 -0.010096
v -0.000360 0.008655 -0.010096
v -0.000360 0.008651 -0.010098
v -0.000400 0.008653 -0.010097
v -0.000360 0.008653 -0.010097
v -0.000400 0.008651 -0.010098
v -0.000400 0.008653 -0.010097
v -0.000360 0.008651 -0.010098
v -0.000400 0.008650 -0.010099
v -0.000400 0.008651 -0.010098
v -0.000360 0.008650 -0.010099
v -0.000400 0.008650 -0.010099
v -0.000360 0.008650 -0.010099
v -0.000360 0.008649 -0.010100
v -0.000400 0.008649 -0.010100
v -0.000360 0.008649 -0.010100
v -0.000360 0.008648 -0.010102
v -0.000400 0.008647 -0.010106
v -0.000400 0.008647 -0.010104
v -0.000360 0.008647 -0.010106
v -0.000400 0.008647 -0.010104
v -0.000360 0.008647 -0.010104
v -0.000360 0.008647 -0.010106
v -0.000400 0.008648 -0.010102
v -0.000360 0.008647 -0.010104
v -0.000400 0.008647 -0.010104
v -0.000360 0.008648 -0.010102
v -0.000360 0.008647 -0.010104
v -0.000400 0.008648 -0.010102
v -0.000360 0.008648 -0.010102
v -0.000400 0.008648 -0.010102
v -0.000400 0.008649 -0.010100
v -0.000360 0.008649 -0.010100
v -0.000400 0.008649 -0.010100
v -0.000400 0.008650 -0.010099
v -0.000360 0.008651 -0.010098
v -0.000360 0.008650 -0.010099
v -0.000400 0.008651 -0.010098
v -0.000400 0.008655 -0.010096
v -0.000400 0.008657 -0.010096
v -0.000360 0.008657 -0.010096
v -0.000360 0.008653 -0.010097
v -0.000400 0.008653 -0.010097
v -0.000400 0.008655 -0.010096
v -0.000360 0.008613 -0.010157
v -0.000375 0.008611 -0.010157
v -0.000377 0.008613 -0.010157
v -0.000360 0.008613 -0.010157
v -0.000360 0.008611 -0.010157
v -0.000375 0.008611 -0.010157
v -0.000375 0.008611 -0.010157
v -0.000360 0.008611 -0.010157
v -0.000373 0.008609 -0.010156
v -0.000373 0.008609 -0.010156
v -0.000360 0.008611 -0.010157
v -0.000360 0.008609 -0.010156
v -0.000360 0.008607 -0.010155
v -0.000360 0.008606 -0.010154
v -0.000370 0.008606 -0.010154
v -0.000371 0.008607 -0.010155
v -0.000360 0.008609 -0.010156
v -0.000360 0.008607 -0.010155
v -0.000360 0.008606 -0.010154
v -0.000360 0.008605 -0.010153
v -0.000369 0.008605 -0.010153
v -0.000371 0.008607 -0.010155
v -0.000373 0.008609 -0.010156
v -0.000360 0.008609 -0.010156
v -0.000360 0.008603 -0.010149
v -0.000360 0.008603 -0.010147
v -0.000367 0.008603 -0.010149
v -0.000360 0.008603 -0.010149
v -0.000367 0.008603 -0.010149
v -0.000360 0.008604 -0.010151
v -0.000360 0.008603 -0.010149
v -0.000367 0.008603 -0.010149
v -0.000368 0.008604 -0.010151
v -0.000360 0.008604 -0.010151
v -0.000360 0.008604 -0.010151
v -0.000368 0.008604 -0.010151
v -0.000360 0.008605 -0.010153
v -0.000360 0.008605 -0.010153
v -0.000368 0.008604 -0.010151
v -0.000369 0.008605 -0.010153
v -0.000360 0.008606 -0.010154
v -0.000369 0.008605 -0.010153
v -0.000370 0.008606 -0.010154
v -0.000370 0.008606 -0.010154
v -0.000371 0.008607 -0.010155
v -0.000360 0.008607 -0.010155
v -0.000310 0.008833 -0.010180
v -0.000310 0.008833 -0.010220
v -0.000360 0.008833 -0.010180
v -0.000360 0.008833 -0.010220
v -0.000360 0.008833 -0.010180
v -0.000270 0.008826 -0.010180
v -0.000310 0.008833 -0.010180
v -0.000270 0.008823 -0.010180
v -0.000310 0.008833 -0.010180
v -0.000360 0.008823 -0.010180
v -0.000360 0.008833 -0.010180
v -0.000360 0.008823 -0.010180
v -0.000310 0.008833 -0.010180
v -0.000310 0.008823 -0.010170
v -0.000360 0.008823 -0.010180
v -0.000360 0.008823 -0.010170
v -0.000270 0.008823 -0.010180
v -0.000360 0.008823 -0.010180
v -0.000270 0.008823 -0.010180
v -0.000270 0.008823 -0.010177
v -0.000310 0.008783 -0.010170
v -0.000310 0.008823 -0.010170
v -0.000360 0.008783 -0.010170
v -0.000310 0.008823 -0.010170
v -0.000360 0.008823 -0.010170
v -0.000360 0.008783 -0.010170
v -0.000270 0.008783 -0.010177
v -0.000310 0.008783 -0.010170
v -0.000270 0.008783 -0.010180
v -0.000310 0.008783 -0.010170
v -0.000360 0.008783 -0.010180
v -0.000360 0.008783 -0.010170
v -0.000360 0.008783 -0.010180
v -0.000310 0.008783 -0.010170
v -0.000310 0.008773 -0.010180
v -0.000360 0.008783 -0.010180
v -0.000360 0.008773 -0.010180
v -0.000270 0.008783 -0.010180
v -0.000360 0.008783 -0.010180
v -0.000270 0.008783 -0.010180
v -0.000270 0.008780 -0.010180
v -0.000310 0.008773 -0.010220
v -0.000310 0.008773 -0.010180
v -0.000360 0.008773 -0.010220
v -0.000310 0.008773 -0.010180
v -0.000360 0.008773 -0.010180
v -0.000360 0.008773 -0.010220
v -0.000270 0.008780 -0.010220
v -0.000310 0.008773 -0.010220
v -0.000270 0.008783 -0.010220
v -0.000310 0.008773 -0.010220
v -0.000360 0.008783 -0.010220
v -0.000360 0.008773 -0.010220
v -0.000360 0.008783 -0.010220
v -0.000310 0.008773 -0.010220
v -0.000310 0.008783 -0.010230
v -0.000360 0.008783 -0.010220
v -0.000360 0.008783 -0.010230
v -0.000270 0.008783 -0.010220
v -0.000360 0.008783 -0.010220
v -0.000270 0.008783 -0.010220
v -0.000270 0.008783 -0.010223
v -0.000310 0.008823 -0.010230
v -0.000310 0.008783 -0.010230
v -0.000360 0.008823 -0.010230
v -0.000310 0.008783 -0.010230
v -0.000360 0.008783 -0.010230
v -0.000360 0.008823 -0.010230
v -0.000270 0.008823 -0.010223
v -0.000310 0.008823 -0.010230
v -0.000270 0.008823 -0.010220
v -0.000310 0.008823 -0.010230
v -0.000360 0.008823 -0.010220
v -0.000360 0.008823 -0.010230
v -0.000360 0.008823 -0.010220
v -0.000310 0.008823 -0.010230
v -0.000360 0.008799 -0.010220
v -0.000270 0.008799 -0.010220
v -0.000360 0.008803 -0.010220
v -0.000360 0.008795 -0.010218
v -0.000360 0.008792 -0.010217
v -0.000270 0.008795 -0.010218
v -0.000270 0.008792 -0.010217
v -0.000270 0.008789 -0.010214
v -0.000360 0.008789 -0.010214
v -0.000360 0.008786 -0.010211
v -0.000270 0.008786 -0.010211
v -0.000360 0.008785 -0.010208
v -0.000270 0.008785 -0.010208
v -0.000360 0.008783 -0.010204
v -0.000270 0.008783 -0.010204
v -0.000360 0.008783 -0.010200
v -0.000360 0.008783 -0.010196
v -0.000270 0.008783 -0.010200
v -0.000270 0.008783 -0.010196
v -0.000360 0.008785 -0.010192
v -0.000270 0.008785 -0.010192
v -0.000360 0.008786 -0.010189
v -0.000360 0.008789 -0.010186
v -0.000270 0.008786 -0.010189
v -0.000270 0.008789 -0.010186
v -0.000270 0.008792 -0.010183
v -0.000360 0.008792 -0.010183
v -0.000360 0.008795 -0.010182
v -0.000270 0.008795 -0.010182
v -0.000360 0.008799 -0.010180
v -0.000270 0.008799 -0.010180
v -0.000360 0.008803 -0.010180
v -0.000270 0.008803 -0.010180
v -0.000360 0.008807 -0.010180
v -0.000270 0.008807 -0.010180
v -0.000360 0.008811 -0.010182
v -0.000270 0.008811 -0.010182
v -0.000360 0.008814 -0.010183
v -0.000360 0.008823 -0.010200
v -0.000270 0.008823 -0.010200
v -0.000270 0.008823 -0.010196
v -0.000360 0.008823 -0.010204
v -0.000270 0.008823 -0.010204
v -0.000360 0.008821 -0.010208
v -0.000270 0.008821 -0.010208
v -0.000360 0.008820 -0.010211
v -0.000270 0.008820 -0.010211
v -0.000360 0.008817 -0.010214
v -0.000360 0.008814 -0.010217
v -0.000270 0.008817 -0.010214
v -0.000270 0.008814 -0.010217
v -0.000270 0.008811 -0.010218
v -0.000360 0.008811 -0.010218
v -0.000270 0.008807 -0.010220
v -0.000360 0.008807 -0.010220
v -0.000270 0.008803 -0.010220
v -0.000360 0.008823 -0.010196
v -0.000270 0.008821 -0.010192
v -0.000360 0.008821 -0.010192
v -0.000270 0.008820 -0.010189
v -0.000360 0.008820 -0.010189
v -0.000270 0.008817 -0.010186
v -0.000360 0.008817 -0.010186
v -0.000270 0.008814 -0.010183
v -0.000310 0.008833 -0.010220
v -0.000360 0.008823 -0.010220
v -0.000360 0.008833 -0.010220
v -0.000270 0.008823 -0.010220
v -0.000360 0.008823 -0.010220
v -0.000310 0.008833 -0.010220
v -0.000270 0.008823 -0.010220
v -0.000310 0.008833 -0.010220
v -0.000270 0.008826 -0.010220
v -0.000270 0.008803 -0.010223
v -0.000270 0.008803 -0.010220
v -0.000270 0.008799 -0.010220
v -0.000270 0.008780 -0.010200
v -0.000270 0.008783 -0.010200
v -0.000270 0.008783 -0.010196
v -0.000270 0.008826 -0.010180
v -0.000270 0.008823 -0.010180
v -0.000270 0.008820 -0.010189
v -0.000270 0.008826 -0.010220
v -0.000270 0.008821 -0.010208
v -0.000270 0.008820 -0.010211
v -0.000270 0.008811 -0.010218
v -0.000270 0.008807 -0.010220
v -0.000270 0.008823 -0.010223
v -0.000270 0.008814 -0.010217
v -0.000270 0.008811 -0.010218
v -0.000270 0.008783 -0.010223
v -0.000270 0.008795 -0.010218
v -0.000270 0.008792 -0.010217
v -0.000270 0.008785 -0.010208
v -0.000270 0.008783 -0.010204
v -0.000270 0.008780 -0.010220
v -0.000270 0.008786 -0.010211
v -0.000270 0.008785 -0.010208
v -0.000270 0.008780 -0.010180
v -0.000270 0.008785 -0.010192
v -0.000270 0.008786 -0.010189
v -0.000270 0.008803 -0.010177
v -0.000270 0.008795 -0.010182
v -0.000270 0.008799 -0.010180
v -0.000270 0.008783 -0.010177
v -0.000270 0.008792 -0.010183
v -0.000270 0.008795 -0.010182
v -0.000270 0.008823 -0.010177
v -0.000270 0.008811 -0.010182
v -0.000270 0.008814 -0.010183
v -0.000270 0.008823 -0.010180
v -0.000270 0.008814 -0.010183
v -0.000270 0.008817 -0.010186
v -0.000270 0.008823 -0.010180
v -0.000270 0.008817 -0.010186
v -0.000270 0.008820 -0.010189
v -0.000270 0.008807 -0.010220
v -0.000270 0.008803 -0.010220
v -0.000270 0.008823 -0.010223
v -0.000270 0.008811 -0.010218
v -0.000270 0.008820 -0.010211
v -0.000270 0.008823 -0.010220
v -0.000270 0.008826 -0.010220
v -0.000270 0.008814 -0.010217
v -0.000270 0.008823 -0.010223
v -0.000270 0.008823 -0.010220
v -0.000270 0.008817 -0.010214
v -0.000270 0.008814 -0.010217
v -0.000270 0.008823 -0.010220
v -0.000270 0.008820 -0.010211
v -0.000270 0.008817 -0.010214
v -0.000270 0.008823 -0.010220
v -0.000270 0.008821 -0.010208
v -0.000270 0.008826 -0.010220
v -0.000270 0.008826 -0.010200
v -0.000270 0.008823 -0.010204
v -0.000270 0.008821 -0.010208
v -0.000270 0.008823 -0.010196
v -0.000270 0.008823 -0.010200
v -0.000270 0.008826 -0.010180
v -0.000270 0.008821 -0.010192
v -0.000270 0.008821 -0.010192
v -0.000270 0.008823 -0.010196
v -0.000270 0.008820 -0.010189
v -0.000270 0.008821 -0.010192
v -0.000270 0.008826 -0.010180
v -0.000270 0.008814 -0.010183
v -0.000270 0.008823 -0.010180
v -0.000270 0.008823 -0.010177
v -0.000270 0.008823 -0.010200
v -0.000270 0.008823 -0.010204
v -0.000270 0.008807 -0.010180
v -0.000270 0.008811 -0.010182
v -0.000270 0.008799 -0.010180
v -0.000270 0.008803 -0.010180
v -0.000270 0.008783 -0.010177
v -0.000270 0.008795 -0.010182
v -0.000270 0.008786 -0.010189
v -0.000270 0.008783 -0.010180
v -0.000270 0.008780 -0.010180
v -0.000270 0.008792 -0.010183
v -0.000270 0.008783 -0.010177
v -0.000270 0.008783 -0.010180
v -0.000270 0.008789 -0.010186
v -0.000270 0.008792 -0.010183
v -0.000270 0.008783 -0.010180
v -0.000270 0.008786 -0.010189
v -0.000270 0.008789 -0.010186
v -0.000270 0.008783 -0.010180
v -0.000270 0.008785 -0.010192
v -0.000270 0.008780 -0.010180
v -0.000270 0.008783 -0.010196
v -0.000270 0.008785 -0.010192
v -0.000270 0.008783 -0.010204
v -0.000270 0.008783 -0.010200
v -0.000270 0.008780 -0.010220
v -0.000270 0.008785 -0.010208
v -0.000270 0.008792 -0.010217
v -0.000270 0.008783 -0.010220
v -0.000270 0.008783 -0.010223
v -0.000270 0.008786 -0.010211
v -0.000270 0.008780 -0.010220
v -0.000270 0.008783 -0.010220
v -0.000270 0.008789 -0.010214
v -0.000270 0.008786 -0.010211
v -0.000270 0.008783 -0.010220
v -0.000270 0.008792 -0.010217
v -0.000270 0.008789 -0.010214
v -0.000270 0.008783 -0.010220
v -0.000270 0.008795 -0.010218
v -0.000270 0.008783 -0.010223
v -0.000270 0.008803 -0.010180
v -0.000270 0.008807 -0.010180
v -0.000270 0.008799 -0.010220
v -0.000270 0.008795 -0.010218
v -0.000270 0.008811 -0.010182
v -0.000270 0.008823 -0.010177
v -0.000360 0.008795 -0.010218
v -0.000360 0.008799 -0.010220
v -0.000360 0.008803 -0.010220
v -0.000360 0.008792 -0.010217
v -0.000360 0.008795 -0.010218
v -0.000360 0.008803 -0.010220
v -0.000360 0.008789 -0.010214
v -0.000360 0.008792 -0.010217
v -0.000360 0.008803 -0.010220
v -0.000360 0.008786 -0.010211
v -0.000360 0.008789 -0.010214
v -0.000360 0.008803 -0.010220
v -0.000360 0.008785 -0.010208
v -0.000360 0.008803 -0.010220
v -0.000360 0.008783 -0.010204
v -0.000360 0.008785 -0.010208
v -0.000360 0.008786 -0.010211
v -0.000360 0.008803 -0.010220
v -0.000360 0.008783 -0.010204
v -0.000360 0.008803 -0.010220
v -0.000360 0.008783 -0.010200
v -0.000360 0.008783 -0.010200
v -0.000360 0.008803 -0.010220
v -0.000360 0.008783 -0.010196
v -0.000360 0.008803 -0.010220
v -0.000360 0.008785 -0.010192
v -0.000360 0.008783 -0.010196
v -0.000360 0.008803 -0.010220
v -0.000360 0.008786 -0.010189
v -0.000360 0.008785 -0.010192
v -0.000360 0.008803 -0.010220
v -0.000360 0.008789 -0.010186
v -0.000360 0.008786 -0.010189
v -0.000360 0.008795 -0.010182
v -0.000360 0.008792 -0.010183
v -0.000360 0.008803 -0.010220
v -0.000360 0.008803 -0.010220
v -0.000360 0.008792 -0.010183
v -0.000360 0.008789 -0.010186
v -0.000360 0.008799 -0.010180
v -0.000360 0.008803 -0.010220
v -0.000360 0.008803 -0.010180
v -0.000360 0.008803 -0.010180
v -0.000360 0.008803 -0.010220
v -0.000360 0.008807 -0.010180
v -0.000360 0.008803 -0.010220
v -0.000360 0.008811 -0.010182
v -0.000360 0.008807 -0.010180
v -0.000360 0.008803 -0.010220
v -0.000360 0.008814 -0.010183
v -0.000360 0.008811 -0.010182
v -0.000360 0.008803 -0.010220
v -0.000360 0.008817 -0.010186
v -0.000360 0.008814 -0.010183
v -0.000360 0.008821 -0.010192
v -0.000360 0.008820 -0.010189
v -0.000360 0.008803 -0.010220
v -0.000360 0.008803 -0.010220
v -0.000360 0.008820 -0.010189
v -0.000360 0.008817 -0.010186
v -0.000360 0.008823 -0.010196
v -0.000360 0.008821 -0.010192
v -0.000360 0.008803 -0.010220
v -0.000360 0.008823 -0.010200
v -0.000360 0.008823 -0.010196
v -0.000360 0.008803 -0.010220
v -0.000360 0.008823 -0.010200
v -0.000360 0.008803 -0.010220
v -0.000360 0.008823 -0.010204
v -0.000360 0.008823 -0.010204
v -0.000360 0.008803 -0.010220
v -0.000360 0.008821 -0.010208
v -0.000360 0.008821 -0.010208
v -0.000360 0.008803 -0.010220
v -0.000360 0.008820 -0.010211
v -0.000360 0.008803 -0.010220
v -0.000360 0.008814 -0.010217
v -0.000360 0.008817 -0.010214
v -0.000360 0.008820 -0.010211
v -0.000360 0.008803 -0.010220
v -0.000360 0.008817 -0.010214
v -0.000360 0.008803 -0.010220
v -0.000360 0.008811 -0.010218
v -0.000360 0.008814 -0.010217
v -0.000360 0.008803 -0.010220
v -0.000360 0.008799 -0.010180
v -0.000360 0.008795 -0.010182
v -0.000360 0.008807 -0.010220
v -0.000360 0.008811 -0.010218
v -0.000360 0.008803 -0.010220
v -0.000270 0.008803 -0.010177
v -0.000270 0.008823 -0.010177
v -0.000310 0.008823 -0.010170
v -0.000270 0.008783 -0.010177
v -0.000270 0.008803 -0.010177
v -0.000270 0.008803 -0.010177
v -0.000310 0.008823 -0.010170
v -0.000270 0.008780 -0.010200
v -0.000270 0.008780 -0.010180
v -0.000310 0.008773 -0.010180
v -0.000270 0.008780 -0.010220
v -0.000270 0.008780 -0.010200
v -0.000270 0.008780 -0.010200
v -0.000310 0.008773 -0.010180
v -0.000270 0.008803 -0.010223
v -0.000270 0.008783 -0.010223
v -0.000310 0.008783 -0.010230
v -0.000270 0.008823 -0.010223
v -0.000270 0.008803 -0.010223
v -0.000270 0.008803 -0.010223
v -0.000310 0.008783 -0.010230
v -0.000270 0.008826 -0.010200
v -0.000270 0.008826 -0.010220
v -0.000270 0.008826 -0.010180
v -0.000270 0.008826 -0.010200
v -0.000270 0.008826 -0.010200
v -0.000330 0.008843 -0.010022
v -0.000360 0.008803 -0.010022
v -0.000330 0.008763 -0.010022
v -0.000360 0.008803 -0.010022
v -0.000360 0.008763 -0.010022
v -0.000360 0.008803 -0.010022
v -0.000360 0.008843 -0.010022
v -0.000330 0.008843 -0.010042
v -0.000360 0.008843 -0.010042
v -0.000330 0.008843 -0.010022
v -0.000330 0.008843 -0.010022
v -0.000360 0.008843 -0.010042
v -0.000360 0.008843 -0.010022
v -0.000330 0.008763 -0.010042
v -0.000360 0.008763 -0.010042
v -0.000330 0.008843 -0.010042
v -0.000330 0.008843 -0.010042
v -0.000360 0.008763 -0.010042
v -0.000360 0.008843 -0.010042
v -0.000330 0.008763 -0.010022
v -0.000360 0.008763 -0.010022
v -0.000330 0.008763 -0.010042
v -0.000330 0.008763 -0.010042
v -0.000360 0.008763 -0.010022
v -0.000360 0.008763 -0.010042
v -0.000330 0.008763 -0.010022
v -0.000330 0.008763 -0.010042
v -0.000330 0.008843 -0.010022
v -0.000330 0.008763 -0.010042
v -0.000330 0.008843 -0.010042
v -0.000330 0.008843 -0.010022
v -0.000400 0.008803 -0.010397
v -0.000373 0.008803 -0.010394
v -0.000400 0.008636 -0.010397
v -0.000400 0.008970 -0.010397
v -0.000373 0.008997 -0.010394
v -0.000400 0.008970 -0.010397
v -0.000400 0.008803 -0.010397
v -0.000373 0.008609 -0.010394
v -0.000400 0.008636 -0.010397
v -0.000373 0.008803 -0.010405
v -0.000373 0.008803 -0.010394
v -0.000373 0.008997 -0.010405
v -0.000373 0.008609 -0.010405
v -0.000373 0.008803 -0.010394
v -0.000373 0.008609 -0.010405
v -0.000373 0.008609 -0.010394
v -0.000373 0.008803 -0.010394
v -0.000373 0.008997 -0.010405
v -0.000373 0.008803 -0.010394
v -0.000373 0.008997 -0.010394
v -0.000400 0.008803 -0.010402
v -0.000373 0.008803 -0.010405
v -0.000400 0.008970 -0.010402
v -0.000400 0.008636 -0.010402
v -0.000373 0.008803 -0.010405
v -0.000400 0.008803 -0.010402
v -0.000373 0.008997 -0.010405
v -0.000400 0.008970 -0.010402
v -0.000373 0.008803 -0.010405
v -0.000373 0.008609 -0.010405
v -0.000373 0.008803 -0.010405
v -0.000400 0.008636 -0.010402
v -0.000360 0.008875 -0.010640
v -0.000400 0.008875 -0.010640
v -0.000360 0.008875 -0.010560
v -0.000400 0.008875 -0.010640
v -0.000400 0.008875 -0.010560
v -0.000360 0.008875 -0.010560
v -0.000360 0.008933 -0.010496
v -0.000360 0.008927 -0.010497
v -0.000400 0.008933 -0.010496
v -0.000360 0.008927 -0.010497
v -0.000360 0.008921 -0.010499
v -0.000400 0.008927 -0.010497
v -0.000360 0.008921 -0.010499
v -0.000400 0.008921 -0.010499
v -0.000400 0.008927 -0.010497
v -0.000360 0.008915 -0.010501
v -0.000400 0.008915 -0.010501
v -0.000400 0.008921 -0.010499
v -0.000360 0.008909 -0.010504
v -0.000400 0.008915 -0.010501
v -0.000360 0.008915 -0.010501
v -0.000360 0.008904 -0.010507
v -0.000400 0.008909 -0.010504
v -0.000360 0.008909 -0.010504
v -0.000400 0.008904 -0.010507
v -0.000400 0.008909 -0.010504
v -0.000360 0.008904 -0.010507
v -0.000400 0.008899 -0.010511
v -0.000400 0.008904 -0.010507
v -0.000360 0.008899 -0.010511
v -0.000400 0.008899 -0.010511
v -0.000360 0.008899 -0.010511
v -0.000360 0.008894 -0.010515
v -0.000400 0.008894 -0.010515
v -0.000360 0.008894 -0.010515
v -0.000360 0.008890 -0.010519
v -0.000400 0.008894 -0.010515
v -0.000360 0.008890 -0.010519
v -0.000400 0.008890 -0.010519
v -0.000400 0.008890 -0.010519
v -0.000360 0.008886 -0.010524
v -0.000400 0.008886 -0.010524
v -0.000360 0.008886 -0.010524
v -0.000360 0.008883 -0.010530
v -0.000400 0.008886 -0.010524
v -0.000360 0.008883 -0.010530
v -0.000360 0.008880 -0.010536
v -0.000400 0.008883 -0.010530
v -0.000360 0.008880 -0.010536
v -0.000400 0.008880 -0.010536
v -0.000400 0.008883 -0.010530
v -0.000360 0.008933 -0.010496
v -0.000400 0.008933 -0.010496
v -0.000360 0.008939 -0.010496
v -0.000400 0.008876 -0.010554
v -0.000360 0.008875 -0.010560
v -0.000400 0.008875 -0.010560
v -0.000360 0.008876 -0.010554
v -0.000360 0.008875 -0.010560
v -0.000400 0.008876 -0.010554
v -0.000360 0.008876 -0.010554
v -0.000400 0.008876 -0.010554
v -0.000400 0.008877 -0.010548
v -0.000360 0.008876 -0.010554
v -0.000400 0.008877 -0.010548
v -0.000360 0.008877 -0.010548
v -0.000400 0.008877 -0.010548
v -0.000400 0.008878 -0.010541
v -0.000360 0.008877 -0.010548
v -0.000400 0.008878 -0.010541
v -0.000360 0.008878 -0.010541
v -0.000360 0.008877 -0.010548
v -0.000400 0.008880 -0.010536
v -0.000360 0.008878 -0.010541
v -0.000400 0.008878 -0.010541
v -0.000360 0.008880 -0.010536
v -0.000360 0.008878 -0.010541
v -0.000400 0.008880 -0.010536
v -0.000400 0.008886 -0.010524
v -0.000360 0.008883 -0.010530
v -0.000400 0.008883 -0.010530
v -0.000400 0.008890 -0.010519
v -0.000360 0.008890 -0.010519
v -0.000360 0.008886 -0.010524
v -0.000400 0.008894 -0.010515
v -0.000400 0.008899 -0.010511
v -0.000360 0.008894 -0.010515
v -0.000360 0.008899 -0.010511
v -0.000400 0.008904 -0.010507
v -0.000360 0.008904 -0.010507
v -0.000360 0.008909 -0.010504
v -0.000400 0.008909 -0.010504
v -0.000400 0.008915 -0.010501
v -0.000360 0.008921 -0.010499
v -0.000360 0.008915 -0.010501
v -0.000400 0.008921 -0.010499
v -0.000400 0.008933 -0.010496
v -0.000400 0.008939 -0.010496
v -0.000360 0.008939 -0.010496
v -0.000360 0.008927 -0.010497
v -0.000400 0.008927 -0.010497
v -0.000400 0.008933 -0.010496
v -0.000400 0.008949 -0.010496
v -0.000360 0.008949 -0.010496
v -0.000400 0.008939 -0.010496
v -0.000360 0.008949 -0.010496
v -0.000360 0.008939 -0.010496
v -0.000400 0.008939 -0.010496
v -0.000360 0.008959 -0.010506
v -0.000400 0.008959 -0.010506
v -0.000360 0.008959 -0.010557
v -0.000400 0.008959 -0.010506
v -0.000400 0.008959 -0.010557
v -0.000360 0.008959 -0.010557
v -0.000400 0.008959 -0.010694
v -0.000360 0.008959 -0.010694
v -0.000400 0.008959 -0.010643
v -0.000360 0.008959 -0.010694
v -0.000360 0.008959 -0.010643
v -0.000400 0.008959 -0.010643
v -0.000360 0.008949 -0.010704
v -0.000400 0.008949 -0.010704
v -0.000360 0.008939 -0.010704
v -0.000400 0.008949 -0.010704
v -0.000400 0.008939 -0.010704
v -0.000360 0.008939 -0.010704
v -0.000360 0.008876 -0.010646
v -0.000360 0.008877 -0.010652
v -0.000400 0.008876 -0.010646
v -0.000360 0.008877 -0.010652
v -0.000360 0.008878 -0.010659
v -0.000400 0.008877 -0.010652
v -0.000360 0.008878 -0.010659
v -0.000400 0.008878 -0.010659
v -0.000400 0.008877 -0.010652
v -0.000360 0.008880 -0.010664
v -0.000400 0.008880 -0.010664
v -0.000400 0.008878 -0.010659
v -0.000360 0.008883 -0.010670
v -0.000400 0.008880 -0.010664
v -0.000360 0.008880 -0.010664
v -0.000360 0.008886 -0.010676
v -0.000400 0.008883 -0.010670
v -0.000360 0.008883 -0.010670
v -0.000400 0.008886 -0.010676
v -0.000400 0.008883 -0.010670
v -0.000360 0.008886 -0.010676
v -0.000400 0.008890 -0.010681
v -0.000400 0.008886 -0.010676
v -0.000360 0.008890 -0.010681
v -0.000400 0.008890 -0.010681
v -0.000360 0.008890 -0.010681
v -0.000360 0.008894 -0.010685
v -0.000400 0.008894 -0.010685
v -0.000360 0.008894 -0.010685
v -0.000360 0.008899 -0.010689
v -0.000400 0.008894 -0.010685
v -0.000360 0.008899 -0.010689
v -0.000400 0.008899 -0.010689
v -0.000400 0.008899 -0.010689
v -0.000360 0.008904 -0.010693
v -0.000400 0.008904 -0.010693
v -0.000360 0.008904 -0.010693
v -0.000360 0.008909 -0.010696
v -0.000400 0.008904 -0.010693
v -0.000360 0.008909 -0.010696
v -0.000360 0.008915 -0.010699
v -0.000400 0.008909 -0.010696
v -0.000360 0.008915 -0.010699
v -0.000400 0.008915 -0.010699
v -0.000400 0.008909 -0.010696
v -0.000360 0.008876 -0.010646
v -0.000400 0.008876 -0.010646
v -0.000360 0.008875 -0.010640
v -0.000400 0.008933 -0.010704
v -0.000360 0.008939 -0.010704
v -0.000400 0.008939 -0.010704
v -0.000360 0.008933 -0.010704
v -0.000360 0.008939 -0.010704
v -0.000400 0.008933 -0.010704
v -0.000360 0.008933 -0.010704
v -0.000400 0.008933 -0.010704
v -0.000400 0.008927 -0.010703
v -0.000360 0.008933 -0.010704
v -0.000400 0.008927 -0.010703
v -0.000360 0.008927 -0.010703
v -0.000400 0.008927 -0.010703
v -0.000400 0.008921 -0.010701
v -0.000360 0.008927 -0.010703
v -0.000400 0.008921 -0.010701
v -0.000360 0.008921 -0.010701
v -0.000360 0.008927 -0.010703
v -0.000400 0.008915 -0.010699
v -0.000360 0.008921 -0.010701
v -0.000400 0.008921 -0.010701
v -0.000360 0.008915 -0.010699
v -0.000360 0.008921 -0.010701
v -0.000400 0.008915 -0.010699
v -0.000400 0.008904 -0.010693
v -0.000360 0.008909 -0.010696
v -0.000400 0.008909 -0.010696
v -0.000400 0.008899 -0.010689
v -0.000360 0.008899 -0.010689
v -0.000360 0.008904 -0.010693
v -0.000400 0.008894 -0.010685
v -0.000400 0.008890 -0.010681
v -0.000360 0.008894 -0.010685
v -0.000360 0.008890 -0.010681
v -0.000400 0.008886 -0.010676
v -0.000360 0.008886 -0.010676
v -0.000360 0.008883 -0.010670
v -0.000400 0.008883 -0.010670
v -0.000400 0.008880 -0.010664
v -0.000360 0.008878 -0.010659
v -0.000360 0.008880 -0.010664
v -0.000400 0.008878 -0.010659
v -0.000400 0.008876 -0.010646
v -0.000400 0.008875 -0.010640
v -0.000360 0.008875 -0.010640
v -0.000360 0.008877 -0.010652
v -0.000400 0.008877 -0.010652
v -0.000400 0.008876 -0.010646
v -0.000377 0.008993 -0.010557
v -0.000360 0.008959 -0.010557
v -0.000400 0.008970 -0.010557
v -0.000360 0.008993 -0.010557
v -0.000360 0.008959 -0.010557
v -0.000377 0.008993 -0.010557
v -0.000400 0.008959 -0.010557
v -0.000400 0.008970 -0.010557
v -0.000360 0.008959 -0.010557
v -0.000360 0.008993 -0.010643
v -0.000377 0.008993 -0.010643
v -0.000360 0.008959 -0.010643
v -0.000400 0.008970 -0.010643
v -0.000400 0.008959 -0.010643
v -0.000360 0.008959 -0.010643
v -0.000377 0.008993 -0.010643
v -0.000400 0.008970 -0.010643
v -0.000360 0.008959 -0.010643
v -0.000360 0.008731 -0.010640
v -0.000360 0.008731 -0.010560
v -0.000400 0.008731 -0.010640
v -0.000400 0.008731 -0.010640
v -0.000360 0.008731 -0.010560
v -0.000400 0.008731 -0.010560
v -0.000400 0.008666 -0.010496
v -0.000400 0.008673 -0.010496
v -0.000360 0.008666 -0.010496
v -0.000400 0.008673 -0.010496
v -0.000360 0.008673 -0.010496
v -0.000360 0.008666 -0.010496
v -0.000400 0.008679 -0.010497
v -0.000360 0.008673 -0.010496
v -0.000400 0.008673 -0.010496
v -0.000360 0.008679 -0.010497
v -0.000360 0.008673 -0.010496
v -0.000400 0.008679 -0.010497
v -0.000360 0.008679 -0.010497
v -0.000400 0.008679 -0.010497
v -0.000400 0.008685 -0.010499
v -0.000360 0.008679 -0.010497
v -0.000400 0.008685 -0.010499
v -0.000360 0.008685 -0.010499
v -0.000400 0.008685 -0.010499
v -0.000400 0.008691 -0.010501
v -0.000360 0.008685 -0.010499
v -0.000400 0.008691 -0.010501
v -0.000360 0.008691 -0.010501
v -0.000360 0.008685 -0.010499
v -0.000400 0.008697 -0.010504
v -0.000360 0.008691 -0.010501
v -0.000400 0.008691 -0.010501
v -0.000360 0.008697 -0.010504
v -0.000360 0.008691 -0.010501
v -0.000400 0.008697 -0.010504
v -0.000360 0.008697 -0.010504
v -0.000400 0.008697 -0.010504
v -0.000400 0.008702 -0.010507
v -0.000360 0.008697 -0.010504
v -0.000400 0.008702 -0.010507
v -0.000360 0.008702 -0.010507
v -0.000400 0.008702 -0.010507
v -0.000400 0.008707 -0.010511
v -0.000360 0.008702 -0.010507
v -0.000400 0.008707 -0.010511
v -0.000360 0.008707 -0.010511
v -0.000360 0.008702 -0.010507
v -0.000360 0.008716 -0.010519
v -0.000400 0.008720 -0.010524
v -0.000360 0.008720 -0.010524
v -0.000360 0.008720 -0.010524
v -0.000400 0.008720 -0.010524
v -0.000400 0.008723 -0.010530
v -0.000360 0.008731 -0.010560
v -0.000360 0.008730 -0.010554
v -0.000400 0.008731 -0.010560
v -0.000360 0.008730 -0.010554
v -0.000400 0.008730 -0.010554
v -0.000400 0.008731 -0.010560
v -0.000360 0.008729 -0.010548
v -0.000400 0.008730 -0.010554
v -0.000360 0.008730 -0.010554
v -0.000400 0.008729 -0.010548
v -0.000400 0.008730 -0.010554
v -0.000360 0.008729 -0.010548
v -0.000400 0.008729 -0.010548
v -0.000360 0.008729 -0.010548
v -0.000360 0.008728 -0.010541
v -0.000400 0.008729 -0.010548
v -0.000360 0.008728 -0.010541
v -0.000400 0.008728 -0.010541
v -0.000360 0.008728 -0.010541
v -0.000360 0.008726 -0.010536
v -0.000400 0.008728 -0.010541
v -0.000360 0.008726 -0.010536
v -0.000400 0.008726 -0.010536
v -0.000400 0.008728 -0.010541
v -0.000360 0.008723 -0.010530
v -0.000400 0.008726 -0.010536
v -0.000360 0.008726 -0.010536
v -0.000400 0.008723 -0.010530
v -0.000400 0.008726 -0.010536
v -0.000360 0.008723 -0.010530
v -0.000400 0.008723 -0.010530
v -0.000360 0.008723 -0.010530
v -0.000360 0.008720 -0.010524
v -0.000400 0.008720 -0.010524
v -0.000360 0.008716 -0.010519
v -0.000400 0.008716 -0.010519
v -0.000360 0.008716 -0.010519
v -0.000360 0.008712 -0.010515
v -0.000400 0.008716 -0.010519
v -0.000360 0.008712 -0.010515
v -0.000400 0.008712 -0.010515
v -0.000400 0.008716 -0.010519
v -0.000360 0.008707 -0.010511
v -0.000400 0.008712 -0.010515
v -0.000360 0.008712 -0.010515
v -0.000360 0.008707 -0.010511
v -0.000400 0.008707 -0.010511
v -0.000400 0.008712 -0.010515
v -0.000400 0.008666 -0.010496
v -0.000360 0.008666 -0.010496
v -0.000400 0.008657 -0.010496
v -0.000400 0.008657 -0.010496
v -0.000360 0.008666 -0.010496
v -0.000360 0.008657 -0.010496
v -0.000360 0.008647 -0.010557
v -0.000400 0.008647 -0.010557
v -0.000360 0.008647 -0.010506
v -0.000360 0.008647 -0.010506
v -0.000400 0.008647 -0.010557
v -0.000400 0.008647 -0.010506
v -0.000400 0.008647 -0.010643
v -0.000360 0.008647 -0.010643
v -0.000400 0.008647 -0.010694
v -0.000400 0.008647 -0.010694
v -0.000360 0.008647 -0.010643
v -0.000360 0.008647 -0.010694
v -0.000360 0.008666 -0.010704
v -0.000400 0.008666 -0.010704
v -0.000360 0.008657 -0.010704
v -0.000360 0.008657 -0.010704
v -0.000400 0.008666 -0.010704
v -0.000400 0.008657 -0.010704
v -0.000400 0.008731 -0.010640
v -0.000400 0.008730 -0.010646
v -0.000360 0.008731 -0.010640
v -0.000400 0.008730 -0.010646
v -0.000400 0.008729 -0.010652
v -0.000360 0.008730 -0.010646
v -0.000400 0.008729 -0.010652
v -0.000360 0.008729 -0.010652
v -0.000360 0.008730 -0.010646
v -0.000400 0.008728 -0.010659
v -0.000360 0.008728 -0.010659
v -0.000360 0.008729 -0.010652
v -0.000400 0.008726 -0.010664
v -0.000360 0.008726 -0.010664
v -0.000360 0.008728 -0.010659
v -0.000400 0.008723 -0.010670
v -0.000360 0.008726 -0.010664
v -0.000400 0.008726 -0.010664
v -0.000400 0.008720 -0.010676
v -0.000360 0.008723 -0.010670
v -0.000400 0.008723 -0.010670
v -0.000360 0.008720 -0.010676
v -0.000360 0.008723 -0.010670
v -0.000400 0.008720 -0.010676
v -0.000360 0.008716 -0.010681
v -0.000360 0.008720 -0.010676
v -0.000400 0.008716 -0.010681
v -0.000360 0.008716 -0.010681
v -0.000400 0.008716 -0.010681
v -0.000400 0.008712 -0.010685
v -0.000360 0.008712 -0.010685
v -0.000400 0.008712 -0.010685
v -0.000400 0.008707 -0.010689
v -0.000360 0.008712 -0.010685
v -0.000400 0.008707 -0.010689
v -0.000360 0.008707 -0.010689
v -0.000360 0.008707 -0.010689
v -0.000400 0.008702 -0.010693
v -0.000360 0.008702 -0.010693
v -0.000400 0.008702 -0.010693
v -0.000400 0.008697 -0.010696
v -0.000360 0.008702 -0.010693
v -0.000400 0.008697 -0.010696
v -0.000400 0.008691 -0.010699
v -0.000360 0.008697 -0.010696
v -0.000400 0.008691 -0.010699
v -0.000360 0.008691 -0.010699
v -0.000360 0.008697 -0.010696
v -0.000360 0.008673 -0.010704
v -0.000400 0.008666 -0.010704
v -0.000360 0.008666 -0.010704
v -0.000400 0.008673 -0.010704
v -0.000400 0.008666 -0.010704
v -0.000360 0.008673 -0.010704
v -0.000400 0.008673 -0.010704
v -0.000360 0.008673 -0.010704
v -0.000360 0.008679 -0.010703
v -0.000400 0.008673 -0.010704
v -0.000360 0.008679 -0.010703
v -0.000400 0.008679 -0.010703
v -0.000360 0.008679 -0.010703
v -0.000360 0.008685 -0.010701
v -0.000400 0.008679 -0.010703
v -0.000360 0.008685 -0.010701
v -0.000400 0.008685 -0.010701
v -0.000400 0.008679 -0.010703
v -0.000360 0.008691 -0.010699
v -0.000400 0.008685 -0.010701
v -0.000360 0.008685 -0.010701
v -0.000400 0.008691 -0.010699
v -0.000400 0.008685 -0.010701
v -0.000360 0.008691 -0.010699
v -0.000360 0.008702 -0.010693
v -0.000400 0.008697 -0.010696
v -0.000360 0.008697 -0.010696
v -0.000360 0.008707 -0.010689
v -0.000400 0.008707 -0.010689
v -0.000400 0.008702 -0.010693
v -0.000360 0.008712 -0.010685
v -0.000360 0.008716 -0.010681
v -0.000400 0.008712 -0.010685
v -0.000400 0.008716 -0.010681
v -0.000360 0.008720 -0.010676
v -0.000400 0.008720 -0.010676
v -0.000400 0.008723 -0.010670
v -0.000360 0.008723 -0.010670
v -0.000360 0.008726 -0.010664
v -0.000400 0.008728 -0.010659
v -0.000400 0.008726 -0.010664
v -0.000360 0.008728 -0.010659
v -0.000360 0.008730 -0.010646
v -0.000360 0.008731 -0.010640
v -0.000400 0.008730 -0.010646
v -0.000360 0.008729 -0.010652
v -0.000400 0.008729 -0.010652
v -0.000400 0.008728 -0.010659
v -0.000400 0.008647 -0.010557
v -0.000360 0.008647 -0.010557
v -0.000400 0.008636 -0.010557
v -0.000377 0.008613 -0.010557
v -0.000360 0.008647 -0.010557
v -0.000360 0.008613 -0.010557
v -0.000377 0.008613 -0.010557
v -0.000400 0.008636 -0.010557
v -0.000360 0.008647 -0.010557
v -0.000400 0.008647 -0.010643
v -0.000400 0.008636 -0.010643
v -0.000360 0.008647 -0.010643
v -0.000360 0.008647 -0.010643
v -0.000400 0.008636 -0.010643
v -0.000377 0.008613 -0.010643
v -0.000377 0.008613 -0.010643
v -0.000360 0.008613 -0.010643
v -0.000360 0.008647 -0.010643
v -0.000367 0.008603 -0.010653
v -0.000360 0.008603 -0.010653
v -0.000360 0.008603 -0.010651
v -0.000367 0.008603 -0.010651
v -0.000367 0.008603 -0.010653
v -0.000360 0.008603 -0.010651
v -0.000360 0.008603 -0.010651
v -0.000360 0.008604 -0.010649
v -0.000367 0.008603 -0.010651
v -0.000367 0.008603 -0.010651
v -0.000360 0.008604 -0.010649
v -0.000368 0.008604 -0.010649
v -0.000368 0.008604 -0.010649
v -0.000360 0.008604 -0.010649
v -0.000360 0.008605 -0.010647
v -0.000369 0.008605 -0.010647
v -0.000368 0.008604 -0.010649
v -0.000360 0.008605 -0.010647
v -0.000360 0.008606 -0.010646
v -0.000369 0.008605 -0.010647
v -0.000360 0.008605 -0.010647
v -0.000360 0.008607 -0.010645
v -0.000370 0.008606 -0.010646
v -0.000360 0.008606 -0.010646
v -0.000360 0.008606 -0.010646
v -0.000370 0.008606 -0.010646
v -0.000369 0.008605 -0.010647
v -0.000375 0.008611 -0.010643
v -0.000360 0.008613 -0.010643
v -0.000377 0.008613 -0.010643
v -0.000375 0.008611 -0.010643
v -0.000360 0.008611 -0.010643
v -0.000360 0.008613 -0.010643
v -0.000375 0.008611 -0.010643
v -0.000373 0.008609 -0.010644
v -0.000360 0.008611 -0.010643
v -0.000360 0.008611 -0.010643
v -0.000373 0.008609 -0.010644
v -0.000360 0.008609 -0.010644
v -0.000360 0.008609 -0.010644
v -0.000373 0.008609 -0.010644
v -0.000371 0.008607 -0.010645
v -0.000360 0.008607 -0.010645
v -0.000360 0.008609 -0.010644
v -0.000371 0.008607 -0.010645
v -0.000370 0.008606 -0.010646
v -0.000360 0.008607 -0.010645
v -0.000371 0.008607 -0.010645
v -0.000360 0.008993 -0.010643
v -0.000375 0.008995 -0.010643
v -0.000377 0.008993 -0.010643
v -0.000360 0.008993 -0.010643
v -0.000360 0.008995 -0.010643
v -0.000375 0.008995 -0.010643
v -0.000375 0.008995 -0.010643
v -0.000360 0.008995 -0.010643
v -0.000373 0.008997 -0.010644
v -0.000373 0.008997 -0.010644
v -0.000360 0.008995 -0.010643
v -0.000360 0.008997 -0.010644
v -0.000360 0.008999 -0.010645
v -0.000360 0.009000 -0.010646
v -0.000370 0.009000 -0.010646
v -0.000371 0.008999 -0.010645
v -0.000360 0.008997 -0.010644
v -0.000360 0.008999 -0.010645
v -0.000360 0.009000 -0.010646
v -0.000360 0.009001 -0.010647
v -0.000369 0.009001 -0.010647
v -0.000371 0.008999 -0.010645
v -0.000373 0.008997 -0.010644
v -0.000360 0.008997 -0.010644
v -0.000360 0.009003 -0.010651
v -0.000360 0.009003 -0.010653
v -0.000367 0.009003 -0.010653
v -0.000367 0.009003 -0.010651
v -0.000360 0.009003 -0.010651
v -0.000367 0.009003 -0.010653
v -0.000367 0.009003 -0.010651
v -0.000360 0.009002 -0.010649
v -0.000360 0.009003 -0.010651
v -0.000367 0.009003 -0.010651
v -0.000368 0.009002 -0.010649
v -0.000360 0.009002 -0.010649
v -0.000360 0.009002 -0.010649
v -0.000368 0.009002 -0.010649
v -0.000360 0.009001 -0.010647
v -0.000360 0.009001 -0.010647
v -0.000368 0.009002 -0.010649
v -0.000369 0.009001 -0.010647
v -0.000360 0.009000 -0.010646
v -0.000369 0.009001 -0.010647
v -0.000370 0.009000 -0.010646
v -0.000370 0.009000 -0.010646
v -0.000371 0.008999 -0.010645
v -0.000360 0.008999 -0.010645
v -0.000360 0.008993 -0.010557
v -0.000377 0.008993 -0.010557
v -0.000375 0.008995 -0.010557
v -0.000360 0.008995 -0.010557
v -0.000360 0.008993 -0.010557
v -0.000375 0.008995 -0.010557
v -0.000373 0.008997 -0.010556
v -0.000360 0.008995 -0.010557
v -0.000375 0.008995 -0.010557
v -0.000373 0.008997 -0.010556
v -0.000360 0.008997 -0.010556
v -0.000360 0.008995 -0.010557
v -0.000373 0.008997 -0.010556
v -0.000371 0.008999 -0.010555
v -0.000360 0.008997 -0.010556
v -0.000360 0.008997 -0.010556
v -0.000371 0.008999 -0.010555
v -0.000360 0.008999 -0.010555
v -0.000360 0.008999 -0.010555
v -0.000370 0.009000 -0.010554
v -0.000360 0.009000 -0.010554
v -0.000367 0.009003 -0.010547
v -0.000360 0.009003 -0.010547
v -0.000360 0.009003 -0.010549
v -0.000360 0.009003 -0.010549
v -0.000367 0.009003 -0.010549
v -0.000367 0.009003 -0.010547
v -0.000360 0.009003 -0.010549
v -0.000360 0.009002 -0.010551
v -0.000367 0.009003 -0.010549
v -0.000367 0.009003 -0.010549
v -0.000360 0.009002 -0.010551
v -0.000368 0.009002 -0.010551
v -0.000368 0.009002 -0.010551
v -0.000360 0.009002 -0.010551
v -0.000360 0.009001 -0.010553
v -0.000369 0.009001 -0.010553
v -0.000368 0.009002 -0.010551
v -0.000360 0.009001 -0.010553
v -0.000360 0.009000 -0.010554
v -0.000369 0.009001 -0.010553
v -0.000360 0.009001 -0.010553
v -0.000360 0.009000 -0.010554
v -0.000370 0.009000 -0.010554
v -0.000369 0.009001 -0.010553
v -0.000370 0.009000 -0.010554
v -0.000360 0.008999 -0.010555
v -0.000371 0.008999 -0.010555
v -0.000360 0.008951 -0.010704
v -0.000360 0.008953 -0.010703
v -0.000400 0.008951 -0.010704
v -0.000360 0.008953 -0.010703
v -0.000360 0.008955 -0.010702
v -0.000400 0.008953 -0.010703
v -0.000360 0.008955 -0.010702
v -0.000400 0.008955 -0.010702
v -0.000400 0.008953 -0.010703
v -0.000360 0.008956 -0.010701
v -0.000400 0.008956 -0.010701
v -0.000400 0.008955 -0.010702
v -0.000360 0.008957 -0.010700
v -0.000400 0.008956 -0.010701
v -0.000360 0.008956 -0.010701
v -0.000360 0.008958 -0.010698
v -0.000400 0.008957 -0.010700
v -0.000360 0.008957 -0.010700
v -0.000400 0.008958 -0.010698
v -0.000400 0.008957 -0.010700
v -0.000360 0.008958 -0.010698
v -0.000360 0.008951 -0.010704
v -0.000400 0.008951 -0.010704
v -0.000360 0.008949 -0.010704
v -0.000400 0.008959 -0.010696
v -0.000360 0.008959 -0.010694
v -0.000400 0.008959 -0.010694
v -0.000360 0.008959 -0.010696
v -0.000360 0.008959 -0.010694
v -0.000400 0.008959 -0.010696
v -0.000360 0.008959 -0.010696
v -0.000400 0.008959 -0.010696
v -0.000400 0.008958 -0.010698
v -0.000360 0.008959 -0.010696
v -0.000400 0.008958 -0.010698
v -0.000360 0.008958 -0.010698
v -0.000360 0.008957 -0.010700
v -0.000400 0.008957 -0.010700
v -0.000400 0.008956 -0.010701
v -0.000360 0.008955 -0.010702
v -0.000360 0.008956 -0.010701
v -0.000400 0.008955 -0.010702
v -0.000400 0.008951 -0.010704
v -0.000400 0.008949 -0.010704
v -0.000360 0.008949 -0.010704
v -0.000360 0.008953 -0.010703
v -0.000400 0.008953 -0.010703
v -0.000400 0.008951 -0.010704
v -0.000360 0.008959 -0.010504
v -0.000360 0.008958 -0.010502
v -0.000400 0.008959 -0.010504
v -0.000360 0.008958 -0.010502
v -0.000360 0.008957 -0.010500
v -0.000400 0.008958 -0.010502
v -0.000360 0.008957 -0.010500
v -0.000400 0.008957 -0.010500
v -0.000400 0.008958 -0.010502
v -0.000360 0.008956 -0.010499
v -0.000400 0.008956 -0.010499
v -0.000400 0.008957 -0.010500
v -0.000360 0.008955 -0.010498
v -0.000400 0.008956 -0.010499
v -0.000360 0.008956 -0.010499
v -0.000360 0.008953 -0.010497
v -0.000400 0.008955 -0.010498
v -0.000360 0.008955 -0.010498
v -0.000400 0.008953 -0.010497
v -0.000400 0.008955 -0.010498
v -0.000360 0.008953 -0.010497
v -0.000360 0.008959 -0.010504
v -0.000400 0.008959 -0.010504
v -0.000360 0.008959 -0.010506
v -0.000400 0.008951 -0.010496
v -0.000360 0.008949 -0.010496
v -0.000400 0.008949 -0.010496
v -0.000360 0.008951 -0.010496
v -0.000360 0.008949 -0.010496
v -0.000400 0.008951 -0.010496
v -0.000360 0.008951 -0.010496
v -0.000400 0.008951 -0.010496
v -0.000400 0.008953 -0.010497
v -0.000360 0.008951 -0.010496
v -0.000400 0.008953 -0.010497
v -0.000360 0.008953 -0.010497
v -0.000360 0.008955 -0.010498
v -0.000400 0.008955 -0.010498
v -0.000400 0.008956 -0.010499
v -0.000360 0.008957 -0.010500
v -0.000360 0.008956 -0.010499
v -0.000400 0.008957 -0.010500
v -0.000400 0.008959 -0.010504
v -0.000400 0.008959 -0.010506
v -0.000360 0.008959 -0.010506
v -0.000360 0.008958 -0.010502
v -0.000400 0.008958 -0.010502
v -0.000400 0.008959 -0.010504
v -0.000360 0.008647 -0.010696
v -0.000360 0.008648 -0.010698
v -0.000400 0.008647 -0.010696
v -0.000360 0.008648 -0.010698
v -0.000360 0.008649 -0.010700
v -0.000400 0.008648 -0.010698
v -0.000360 0.008649 -0.010700
v -0.000400 0.008649 -0.010700
v -0.000400 0.008648 -0.010698
v -0.000360 0.008650 -0.010701
v -0.000400 0.008650 -0.010701
v -0.000400 0.008649 -0.010700
v -0.000360 0.008651 -0.010702
v -0.000400 0.008650 -0.010701
v -0.000360 0.008650 -0.010701
v -0.000360 0.008653 -0.010703
v -0.000400 0.008651 -0.010702
v -0.000360 0.008651 -0.010702
v -0.000400 0.008653 -0.010703
v -0.000400 0.008651 -0.010702
v -0.000360 0.008653 -0.010703
v -0.000360 0.008657 -0.010704
v -0.000400 0.008657 -0.010704
v -0.000400 0.008655 -0.010704
v -0.000360 0.008657 -0.010704
v -0.000400 0.008655 -0.010704
v -0.000360 0.008655 -0.010704
v -0.000400 0.008655 -0.010704
v -0.000400 0.008653 -0.010703
v -0.000360 0.008655 -0.010704
v -0.000360 0.008647 -0.010696
v -0.000400 0.008647 -0.010696
v -0.000360 0.008647 -0.010694
v -0.000360 0.008653 -0.010703
v -0.000360 0.008655 -0.010704
v -0.000400 0.008653 -0.010703
v -0.000400 0.008647 -0.010696
v -0.000400 0.008647 -0.010694
v -0.000360 0.008647 -0.010694
v -0.000400 0.008647 -0.010696
v -0.000360 0.008648 -0.010698
v -0.000400 0.008648 -0.010698
v -0.000360 0.008649 -0.010700
v -0.000360 0.008650 -0.010701
v -0.000400 0.008649 -0.010700
v -0.000360 0.008651 -0.010702
v -0.000400 0.008651 -0.010702
v -0.000400 0.008650 -0.010701
v -0.000360 0.008655 -0.010496
v -0.000400 0.008655 -0.010496
v -0.000360 0.008657 -0.010496
v -0.000360 0.008653 -0.010497
v -0.000400 0.008655 -0.010496
v -0.000360 0.008655 -0.010496
v -0.000360 0.008651 -0.010498
v -0.000400 0.008653 -0.010497
v -0.000360 0.008653 -0.010497
v -0.000400 0.008651 -0.010498
v -0.000400 0.008653 -0.010497
v -0.000360 0.008651 -0.010498
v -0.000400 0.008650 -0.010499
v -0.000400 0.008651 -0.010498
v -0.000360 0.008650 -0.010499
v -0.000400 0.008650 -0.010499
v -0.000360 0.008650 -0.010499
v -0.000360 0.008649 -0.010500
v -0.000400 0.008649 -0.010500
v -0.000360 0.008649 -0.010500
v -0.000360 0.008648 -0.010502
v -0.000400 0.008647 -0.010506
v -0.000400 0.008647 -0.010504
v -0.000360 0.008647 -0.010506
v -0.000400 0.008647 -0.010504
v -0.000360 0.008647 -0.010504
v -0.000360 0.008647 -0.010506
v -0.000400 0.008648 -0.010502
v -0.000360 0.008647 -0.010504
v -0.000400 0.008647 -0.010504
v -0.000360 0.008648 -0.010502
v -0.000360 0.008647 -0.010504
v -0.000400 0.008648 -0.010502
v -0.000360 0.008648 -0.010502
v -0.000400 0.008648 -0.010502
v -0.000400 0.008649 -0.010500
v -0.000360 0.008649 -0.010500
v -0.000400 0.008649 -0.010500
v -0.000400 0.008650 -0.010499
v -0.000360 0.008651 -0.010498
v -0.000360 0.008650 -0.010499
v -0.000400 0.008651 -0.010498
v -0.000400 0.008655 -0.010496
v -0.000400 0.008657 -0.010496
v -0.000360 0.008657 -0.010496
v -0.000360 0.008653 -0.010497
v -0.000400 0.008653 -0.010497
v -0.000400 0.008655 -0.010496
v -0.000360 0.008603 -0.010547
v -0.000367 0.008603 -0.010547
v -0.000360 0.008603 -0.010549
v -0.000360 0.008603 -0.010549
v -0.000367 0.008603 -0.010549
v -0.000360 0.008604 -0.010551
v -0.000360 0.008604 -0.010551
v -0.000367 0.008603 -0.010549
v -0.000368 0.008604 -0.010551
v -0.000360 0.008605 -0.010553
v -0.000368 0.008604 -0.010551
v -0.000369 0.008605 -0.010553
v -0.000360 0.008606 -0.010554
v -0.000360 0.008605 -0.010553
v -0.000369 0.008605 -0.010553
v -0.000360 0.008607 -0.010555
v -0.000360 0.008606 -0.010554
v -0.000370 0.008606 -0.010554
v -0.000371 0.008607 -0.010555
v -0.000360 0.008607 -0.010555
v -0.000370 0.008606 -0.010554
v -0.000371 0.008607 -0.010555
v -0.000360 0.008609 -0.010556
v -0.000360 0.008607 -0.010555
v -0.000360 0.008613 -0.010557
v -0.000360 0.008611 -0.010557
v -0.000375 0.008611 -0.010557
v -0.000375 0.008611 -0.010557
v -0.000377 0.008613 -0.010557
v -0.000360 0.008613 -0.010557
v -0.000360 0.008611 -0.010557
v -0.000373 0.008609 -0.010556
v -0.000375 0.008611 -0.010557
v -0.000370 0.008606 -0.010554
v -0.000360 0.008606 -0.010554
v -0.000369 0.008605 -0.010553
v -0.000360 0.008609 -0.010556
v -0.000371 0.008607 -0.010555
v -0.000373 0.008609 -0.010556
v -0.000367 0.008603 -0.010549
v -0.000360 0.008603 -0.010549
v -0.000367 0.008603 -0.010547
v -0.000360 0.008611 -0.010557
v -0.000360 0.008609 -0.010556
v -0.000373 0.008609 -0.010556
v -0.000368 0.008604 -0.010551
v -0.000360 0.008605 -0.010553
v -0.000360 0.008604 -0.010551
v -0.000310 0.008833 -0.010580
v -0.000310 0.008833 -0.010620
v -0.000360 0.008833 -0.010580
v -0.000360 0.008833 -0.010620
v -0.000360 0.008833 -0.010580
v -0.000270 0.008826 -0.010580
v -0.000310 0.008833 -0.010580
v -0.000270 0.008823 -0.010580
v -0.000310 0.008833 -0.010580
v -0.000360 0.008823 -0.010580
v -0.000360 0.008833 -0.010580
v -0.000360 0.008823 -0.010580
v -0.000310 0.008833 -0.010580
v -0.000310 0.008823 -0.010570
v -0.000360 0.008823 -0.010580
v -0.000360 0.008823 -0.010570
v -0.000270 0.008823 -0.010580
v -0.000360 0.008823 -0.010580
v -0.000270 0.008823 -0.010580
v -0.000270 0.008823 -0.010577
v -0.000310 0.008783 -0.010570
v -0.000310 0.008823 -0.010570
v -0.000360 0.008783 -0.010570
v -0.000310 0.008823 -0.010570
v -0.000360 0.008823 -0.010570
v -0.000360 0.008783 -0.010570
v -0.000270 0.008783 -0.010577
v -0.000310 0.008783 -0.010570
v -0.000270 0.008783 -0.010580
v -0.000310 0.008783 -0.010570
v -0.000360 0.008783 -0.010580
v -0.000360 0.008783 -0.010570
v -0.000360 0.008783 -0.010580
v -0.000310 0.008783 -0.010570
v -0.000310 0.008773 -0.010580
v -0.000360 0.008783 -0.010580
v -0.000360 0.008773 -0.010580
v -0.000270 0.008783 -0.010580
v -0.000360 0.008783 -0.010580
v -0.000270 0.008783 -0.010580
v -0.000270 0.008780 -0.010580
v -0.000310 0.008773 -0.010620
v -0.000310 0.008773 -0.010580
v -0.000360 0.008773 -0.010620
v -0.000310 0.008773 -0.010580
v -0.000360 0.008773 -0.010580
v -0.000360 0.008773 -0.010620
v -0.000270 0.008780 -0.010620
v -0.000310 0.008773 -0.010620
v -0.000270 0.008783 -0.010620
v -0.000310 0.008773 -0.010620
v -0.000360 0.008783 -0.010620
v -0.000360 0.008773 -0.010620
v -0.000360 0.008783 -0.010620
v -0.000310 0.008773 -0.010620
v -0.000310 0.008783 -0.010630
v -0.000360 0.008783 -0.010620
v -0.000360 0.008783 -0.010630
v -0.000270 0.008783 -0.010620
v -0.000360 0.008783 -0.010620
v -0.000270 0.008783 -0.010620
v -0.000270 0.008783 -0.010623
v -0.000310 0.008823 -0.010630
v -0.000310 0.008783 -0.010630
v -0.000360 0.008823 -0.010630
v -0.000310 0.008783 -0.010630
v -0.000360 0.008783 -0.010630
v -0.000360 0.008823 -0.010630
v -0.000270 0.008823 -0.010623
v -0.000310 0.008823 -0.010630
v -0.000270 0.008823 -0.010620
v -0.000310 0.008823 -0.010630
v -0.000360 0.008823 -0.010620
v -0.000360 0.008823 -0.010630
v -0.000360 0.008823 -0.010620
v -0.000310 0.008823 -0.010630
v -0.000360 0.008799 -0.010620
v -0.000270 0.008799 -0.010620
v -0.000360 0.008803 -0.010620
v -0.000360 0.008795 -0.010618
v -0.000360 0.008792 -0.010617
v -0.000270 0.008795 -0.010618
v -0.000270 0.008792 -0.010617
v -0.000270 0.008789 -0.010614
v -0.000360 0.008789 -0.010614
v -0.000360 0.008786 -0.010611
v -0.000270 0.008786 -0.010611
v -0.000360 0.008785 -0.010608
v -0.000270 0.008785 -0.010608
v -0.000360 0.008783 -0.010604
v -0.000270 0.008783 -0.010604
v -0.000360 0.008783 -0.010600
v -0.000360 0.008783 -0.010596
v -0.000270 0.008783 -0.010600
v -0.000270 0.008783 -0.010596
v -0.000360 0.008785 -0.010592
v -0.000270 0.008785 -0.010592
v -0.000360 0.008786 -0.010589
v -0.000360 0.008789 -0.010586
v -0.000270 0.008786 -0.010589
v -0.000270 0.008789 -0.010586
v -0.000270 0.008792 -0.010583
v -0.000360 0.008792 -0.010583
v -0.000360 0.008795 -0.010582
v -0.000270 0.008795 -0.010582
v -0.000360 0.008799 -0.010580
v -0.000270 0.008799 -0.010580
v -0.000360 0.008803 -0.010580
v -0.000270 0.008803 -0.010580
v -0.000360 0.008807 -0.010580
v -0.000270 0.008807 -0.010580
v -0.000360 0.008811 -0.010582
v -0.000270 0.008811 -0.010582
v -0.000360 0.008814 -0.010583
v -0.000360 0.008823 -0.010600
v -0.000270 0.008823 -0.010600
v -0.000270 0.008823 -0.010596
v -0.000360 0.008823 -0.010604
v -0.000270 0.008823 -0.010604
v -0.000360 0.008821 -0.010608
v -0.000270 0.008821 -0.010608
v -0.000360 0.008820 -0.010611
v -0.000270 0.008820 -0.010611
v -0.000360 0.008817 -0.010614
v -0.000360 0.008814 -0.010617
v -0.000270 0.008817 -0.010614
v -0.000270 0.008814 -0.010617
v -0.000270 0.008811 -0.010618
v -0.000360 0.008811 -0.010618
v -0.000270 0.008807 -0.010620
v -0.000360 0.008807 -0.010620
v -0.000270 0.008803 -0.010620
v -0.000360 0.008823 -0.010596
v -0.000270 0.008821 -0.010592
v -0.000360 0.008821 -0.010592
v -0.000270 0.008820 -0.010589
v -0.000360 0.008820 -0.010589
v -0.000270 0.008817 -0.010586
v -0.000360 0.008817 -0.010586
v -0.000270 0.008814 -0.010583
v -0.000310 0.008833 -0.010620
v -0.000360 0.008823 -0.010620
v -0.000360 0.008833 -0.010620
v -0.000270 0.008823 -0.010620
v -0.000360 0.008823 -0.010620
v -0.000310 0.008833 -0.010620
v -0.000270 0.008823 -0.010620
v -0.000310 0.008833 -0.010620
v -0.000270 0.008826 -0.010620
v -0.000270 0.008803 -0.010623
v -0.000270 0.008803 -0.010620
v -0.000270 0.008799 -0.010620
v -0.000270 0.008780 -0.010600
v -0.000270 0.008783 -0.010600
v -0.000270 0.008783 -0.010596
v -0.000270 0.008826 -0.010580
v -0.000270 0.008823 -0.010580
v -0.000270 0.008820 -0.010589
v -0.000270 0.008826 -0.010620
v -0.000270 0.008821 -0.010608
v -0.000270 0.008820 -0.010611
v -0.000270 0.008811 -0.010618
v -0.000270 0.008807 -0.010620
v -0.000270 0.008823 -0.010623
v -0.000270 0.008814 -0.010617
v -0.000270 0.008811 -0.010618
v -0.000270 0.008783 -0.010623
v -0.000270 0.008795 -0.010618
v -0.000270 0.008792 -0.010617
v -0.000270 0.008785 -0.010608
v -0.000270 0.008783 -0.010604
v -0.000270 0.008780 -0.010620
v -0.000270 0.008786 -0.010611
v -0.000270 0.008785 -0.010608
v -0.000270 0.008780 -0.010580
v -0.000270 0.008785 -0.010592
v -0.000270 0.008786 -0.010589
v -0.000270 0.008803 -0.010577
v -0.000270 0.008795 -0.010582
v -0.000270 0.008799 -0.010580
v -0.000270 0.008783 -0.010577
v -0.000270 0.008792 -0.010583
v -0.000270 0.008795 -0.010582
v -0.000270 0.008823 -0.010577
v -0.000270 0.008811 -0.010582
v -0.000270 0.008814 -0.010583
v -0.000270 0.008823 -0.010580
v -0.000270 0.008814 -0.010583
v -0.000270 0.008817 -0.010586
v -0.000270 0.008823 -0.010580
v -0.000270 0.008817 -0.010586
v -0.000270 0.008820 -0.010589
v -0.000270 0.008807 -0.010620
v -0.000270 0.008803 -0.010620
v -0.000270 0.008823 -0.010623
v -0.000270 0.008811 -0.010618
v -0.000270 0.008820 -0.010611
v -0.000270 0.008823 -0.010620
v -0.000270 0.008826 -0.010620
v -0.000270 0.008814 -0.010617
v -0.000270 0.008823 -0.010623
v -0.000270 0.008823 -0.010620
v -0.000270 0.008817 -0.010614
v -0.000270 0.008814 -0.010617
v -0.000270 0.008823 -0.010620
v -0.000270 0.008820 -0.010611
v -0.000270 0.008817 -0.010614
v -0.000270 0.008823 -0.010620
v -0.000270 0.008821 -0.010608
v -0.000270 0.008826 -0.010620
v -0.000270 0.008826 -0.010600
v -0.000270 0.008823 -0.010604
v -0.000270 0.008821 -0.010608
v -0.000270 0.008823 -0.010596
v -0.000270 0.008823 -0.010600
v -0.000270 0.008826 -0.010580
v -0.000270 0.008821 -0.010592
v -0.000270 0.008821 -0.010592
v -0.000270 0.008823 -0.010596
v -0.000270 0.008820 -0.010589
v -0.000270 0.008821 -0.010592
v -0.000270 0.008826 -0.010580
v -0.000270 0.008814 -0.010583
v -0.000270 0.008823 -0.010580
v -0.000270 0.008823 -0.010577
v -0.000270 0.008823 -0.010600
v -0.000270 0.008823 -0.010604
v -0.000270 0.008807 -0.010580
v -0.000270 0.008811 -0.010582
v -0.000270 0.008799 -0.010580
v -0.000270 0.008803 -0.010580
v -0.000270 0.008783 -0.010577
v -0.000270 0.008795 -0.010582
v -0.000270 0.008786 -0.010589
v -0.000270 0.008783 -0.010580
v -0.000270 0.008780 -0.010580
v -0.000270 0.008792 -0.010583
v -0.000270 0.008783 -0.010577
v -0.000270 0.008783 -0.010580
v -0.000270 0.008789 -0.010586
v -0.000270 0.008792 -0.010583
v -0.000270 0.008783 -0.010580
v -0.000270 0.008786 -0.010589
v -0.000270 0.008789 -0.010586
v -0.000270 0.008783 -0.010580
v -0.000270 0.008785 -0.010592
v -0.000270 0.008780 -0.010580
v -0.000270 0.008783 -0.010596
v -0.000270 0.008785 -0.010592
v -0.000270 0.008783 -0.010604
v -0.000270 0.008783 -0.010600
v -0.000270 0.008780 -0.010620
v -0.000270 0.008785 -0.010608
v -0.000270 0.008792 -0.010617
v -0.000270 0.008783 -0.010620
v -0.000270 0.008783 -0.010623
v -0.000270 0.008786 -0.010611
v -0.000270 0.008780 -0.010620
v -0.000270 0.008783 -0.010620
v -0.000270 0.008789 -0.010614
v -0.000270 0.008786 -0.010611
v -0.000270 0.008783 -0.010620
v -0.000270 0.008792 -0.010617
v -0.000270 0.008789 -0.010614
v -0.000270 0.008783 -0.010620
v -0.000270 0.008795 -0.010618
v -0.000270 0.008783 -0.010623
v -0.000270 0.008803 -0.010580
v -0.000270 0.008807 -0.010580
v -0.000270 0.008799 -0.010620
v -0.000270 0.008795 -0.010618
v -0.000270 0.008811 -0.010582
v -0.000270 0.008823 -0.010577
v -0.000360 0.008795 -0.010618
v -0.000360 0.008799 -0.010620
v -0.000360 0.008803 -0.010620
v -0.000360 0.008792 -0.010617
v -0.000360 0.008795 -0.010618
v -0.000360 0.008803 -0.010620
v -0.000360 0.008789 -0.010614
v -0.000360 0.008792 -0.010617
v -0.000360 0.008803 -0.010620
v -0.000360 0.008786 -0.010611
v -0.000360 0.008789 -0.010614
v -0.000360 0.008803 -0.010620
v -0.000360 0.008785 -0.010608
v -0.000360 0.008803 -0.010620
v -0.000360 0.008783 -0.010604
v -0.000360 0.008785 -0.010608
v -0.000360 0.008786 -0.010611
v -0.000360 0.008803 -0.010620
v -0.000360 0.008783 -0.010604
v -0.000360 0.008803 -0.010620
v -0.000360 0.008783 -0.010600
v -0.000360 0.008783 -0.010600
v -0.000360 0.008803 -0.010620
v -0.000360 0.008783 -0.010596
v -0.000360 0.008803 -0.010620
v -0.000360 0.008785 -0.010592
v -0.000360 0.008783 -0.010596
v -0.000360 0.008803 -0.010620
v -0.000360 0.008786 -0.010589
v -0.000360 0.008785 -0.010592
v -0.000360 0.008803 -0.010620
v -0.000360 0.008789 -0.010586
v -0.000360 0.008786 -0.010589
v -0.000360 0.008795 -0.010582
v -0.000360 0.008792 -0.010583
v -0.000360 0.008803 -0.010620
v -0.000360 0.008803 -0.010620
v -0.000360 0.008792 -0.010583
v -0.000360 0.008789 -0.010586
v -0.000360 0.008799 -0.010580
v -0.000360 0.008803 -0.010620
v -0.000360 0.008803 -0.010580
v -0.000360 0.008803 -0.010580
v -0.000360 0.008803 -0.010620
v -0.000360 0.008807 -0.010580
v -0.000360 0.008803 -0.010620
v -0.000360 0.008811 -0.010582
v -0.000360 0.008807 -0.010580
v -0.000360 0.008803 -0.010620
v -0.000360 0.008814 -0.010583
v -0.000360 0.008811 -0.010582
v -0.000360 0.008803 -0.010620
v -0.000360 0.008817 -0.010586
v -0.000360 0.008814 -0.010583
v -0.000360 0.008821 -0.010592
v -0.000360 0.008820 -0.010589
v -0.000360 0.008803 -0.010620
v -0.000360 0.008803 -0.010620
v -0.000360 0.008820 -0.010589
v -0.000360 0.008817 -0.010586
v -0.000360 0.008823 -0.010596
v -0.000360 0.008821 -0.010592
v -0.000360 0.008803 -0.010620
v -0.000360 0.008823 -0.010600
v -0.000360 0.008823 -0.010596
v -0.000360 0.008803 -0.010620
v -0.000360 0.008823 -0.010600
v -0.000360 0.008803 -0.010620
v -0.000360 0.008823 -0.010604
v -0.000360 0.008823 -0.010604
v -0.000360 0.008803 -0.010620
v -0.000360 0.008821 -0.010608
v -0.000360 0.008821 -0.010608
v -0.000360 0.008803 -0.010620
v -0.000360 0.008820 -0.010611
v -0.000360 0.008803 -0.010620
v -0.000360 0.008814 -0.010617
v -0.000360 0.008817 -0.010614
v -0.000360 0.008820 -0.010611
v -0.000360 0.008803 -0.010620
v -0.000360 0.008817 -0.010614
v -0.000360 0.008803 -0.010620
v -0.000360 0.008811 -0.010618
v -0.000360 0.008814 -0.010617
v -0.000360 0.008803 -0.010620
v -0.000360 0.008799 -0.010580
v -0.000360 0.008795 -0.010582
v -0.000360 0.008807 -0.010620
v -0.000360 0.008811 -0.010618
v -0.000360 0.008803 -0.010620
v -0.000270 0.008803 -0.010577
v -0.000270 0.008823 -0.010577
v -0.000310 0.008823 -0.010570
v -0.000270 0.008783 -0.010577
v -0.000270 0.008803 -0.010577
v -0.000270 0.008803 -0.010577
v -0.000310 0.008823 -0.010570
v -0.000270 0.008780 -0.010600
v -0.000270 0.008780 -0.010580
v -0.000310 0.008773 -0.010580
v -0.000270 0.008780 -0.010620
v -0.000270 0.008780 -0.010600
v -0.000270 0.008780 -0.010600
v -0.000310 0.008773 -0.010580
v -0.000270 0.008803 -0.010623
v -0.000270 0.008783 -0.010623
v -0.000310 0.008783 -0.010630
v -0.000270 0.008823 -0.010623
v -0.000270 0.008803 -0.010623
v -0.000270 0.008803 -0.010623
v -0.000310 0.008783 -0.010630
v -0.000270 0.008826 -0.010600
v -0.000270 0.008826 -0.010620
v -0.000270 0.008826 -0.010580
v -0.000270 0.008826 -0.010600
v -0.000270 0.008826 -0.010600
v -0.000330 0.008843 -0.010758
v -0.000360 0.008843 -0.010758
v -0.000330 0.008763 -0.010758
v -0.000360 0.008843 -0.010758
v -0.000360 0.008763 -0.010758
v -0.000330 0.008843 -0.010778
v -0.000360 0.008843 -0.010778
v -0.000330 0.008843 -0.010758
v -0.000330 0.008843 -0.010758
v -0.000360 0.008843 -0.010778
v -0.000360 0.008843 -0.010758
v -0.000330 0.008763 -0.010778
v -0.000360 0.008803 -0.010778
v -0.000330 0.008843 -0.010778
v -0.000360 0.008803 -0.010778
v -0.000360 0.008843 -0.010778
v -0.000330 0.008843 -0.010778
v -0.000360 0.008803 -0.010778
v -0.000360 0.008763 -0.010778
v -0.000330 0.008763 -0.010758
v -0.000360 0.008763 -0.010758
v -0.000330 0.008763 -0.010778
v -0.000330 0.008763 -0.010778
v -0.000360 0.008763 -0.010758
v -0.000360 0.008763 -0.010778
v -0.000330 0.008763 -0.010758
v -0.000330 0.008763 -0.010778
v -0.000330 0.008843 -0.010758
v -0.000330 0.008763 -0.010778
v -0.000330 0.008843 -0.010778
v -0.000330 0.008843 -0.010758
vn 1.0000 -0.0000 -0.0000
vn 1.0000 -0.0001 -0.0000
vn 1.0000 0.0001 -0.0000
vn -1.0000 -0.0000 -0.0000
vn -1.0000 -0.0001 -0.0000
vn -1.0000 0.0001 -0.0000
vn -0.7071 -0.7071 -0.0000
vn -0.7071 -0.7071 -0.0002
vn -0.7071 -0.7072 -0.0003
vn -0.7071 -0.7071 0.0001
vn -0.7071 -0.7071 -0.0001
vn -0.7073 -0.7069 -0.0000
vn -0.7070 -0.7072 0.0001
vn -0.7068 -0.7074 0.0003
vn -0.7071 -0.7071 -0.0004
vn -0.7071 -0.7071 0.0002
vn -0.7074 -0.7069 -0.0000
vn -0.7070 -0.7072 -0.0000
vn -0.7072 -0.7070 0.0001
vn -0.7073 -0.7069 0.0003
vn -0.7071 -0.7072 0.0001
vn -0.7072 -0.7070 -0.0000
vn -0.7073 -0.7069 -0.0003
vn -0.7070 -0.7072 0.0004
vn -0.7072 -0.7071 -0.0000
vn -0.7072 -0.7071 -0.0001
vn -0.0000 -1.0000 -0.0000
vn -0.7071 0.7071 -0.0000
vn -0.7074 0.7069 -0.0000
vn -0.7071 0.7072 -0.0001
vn -0.7069 0.7073 -0.0001
vn -0.7070 0.7072 0.0002
vn -0.7072 0.7070 -0.0003
vn -0.7072 0.7071 -0.0000
vn -0.7071 0.7071 0.0001
vn -0.7071 0.7071 -0.0001
vn -0.7070 0.7072 -0.0001
vn -0.7073 0.7069 -0.0000
vn -0.7071 0.7071 -0.0002
vn -0.0000 1.0000 -0.0000
vn -0.7072 0.7071 0.0001
vn -0.7072 0.7070 -0.0000
vn -0.7070 0.7072 -0.0000
vn -0.7072 0.7071 0.0002
vn -0.7070 0.7072 -0.0003
vn -0.7072 -0.7071 -0.0002
vn -0.7071 -0.7071 -0.0003
vn -0.7069 -0.7074 -0.0004
vn -0.7071 -0.7072 -0.0000
vn -0.7074 0.7068 -0.0000
vn -0.7073 0.7069 0.0003
vn -0.7072 0.7070 0.0003
vn -0.7072 0.7071 -0.0001
vn -0.7071 0.7071 0.0002
vn -0.7072 0.7070 -0.0002
vn -0.0000 -0.0000 1.0000
vn -0.0000 -0.0000 -1.0000
vn -0.0000 0.0980 -0.9952
vn -0.0000 0.1951 -0.9808
vn -0.0000 0.2903 -0.9569
vn -0.0000 0.3827 -0.9239
vn -0.0000 0.4714 -0.8819
vn -0.0000 0.5556 -0.8315
vn -0.0000 0.6344 -0.7730
vn -0.0000 0.5556 -0.8314
vn -0.0000 0.7071 -0.7071
vn -0.0000 0.7070 -0.7073
vn -0.0000 0.7730 -0.6344
vn -0.0000 0.7072 -0.7070
vn -0.0000 0.8314 -0.5556
vn -0.0000 0.8315 -0.5555
vn -0.0000 0.8819 -0.4714
vn -0.0000 0.9239 -0.3827
vn -0.0000 0.9952 -0.0980
vn -0.0000 0.9808 -0.1951
vn -0.0000 0.9569 -0.2903
vn -0.0000 0.8315 -0.5556
vn -0.0000 0.9952 0.0980
vn -0.0000 0.9808 0.1951
vn -0.0000 0.9569 0.2903
vn -0.0000 0.9239 0.3827
vn -0.0000 0.8819 0.4714
vn -0.0000 0.8315 0.5555
vn -0.0000 0.7730 0.6344
vn -0.0000 0.8315 0.5556
vn -0.0000 0.7072 0.7070
vn -0.0000 0.7071 0.7071
vn -0.0000 0.6344 0.7730
vn -0.0000 0.5556 0.8314
vn -0.0000 0.5555 0.8315
vn -0.0000 0.4714 0.8819
vn -0.0000 0.3827 0.9239
vn -0.0000 0.0980 0.9952
vn -0.0000 0.1951 0.9808
vn -0.0000 0.2903 0.9569
vn -0.0000 0.5556 0.8315
vn -0.0000 0.7070 0.7073
vn -0.0000 0.8314 0.5556
vn -0.0000 -0.0980 -0.9952
vn -0.0000 -0.1951 -0.9808
vn -0.0000 -0.2903 -0.9569
vn -0.0000 -0.3827 -0.9239
vn -0.0000 -0.4714 -0.8819
vn -0.0000 -0.5556 -0.8315
vn -0.0000 -0.5556 -0.8314
vn -0.0000 -0.6344 -0.7730
vn -0.0000 -0.7730 -0.6344
vn -0.0000 -0.8314 -0.5556
vn -0.0000 -0.8315 -0.5555
vn -0.0000 -0.8819 -0.4714
vn -0.0000 -1.0000 -0.0001
vn -0.0000 -0.9952 -0.0980
vn -0.0000 -0.9808 -0.1951
vn -0.0000 -0.9569 -0.2903
vn -0.0000 -0.9239 -0.3827
vn -0.0000 -0.7071 -0.7071
vn -0.0000 -0.7072 -0.7070
vn -0.0000 -1.0000 0.0001
vn -0.0000 -0.9952 0.0980
vn -0.0000 -0.9808 0.1951
vn -0.0000 -0.9569 0.2903
vn -0.0000 -0.9239 0.3827
vn -0.0000 -0.8819 0.4714
vn -0.0000 -0.8315 0.5556
vn -0.0000 -0.8315 0.5555
vn -0.0000 -0.7730 0.6344
vn -0.0000 -0.8314 0.5556
vn -0.0000 -0.7071 0.7071
vn -0.0000 -0.6344 0.7730
vn -0.0000 -0.5556 0.8314
vn -0.0000 -0.5556 0.8315
vn -0.0000 -0.4714 0.8819
vn -0.0000 -0.3827 0.9239
vn -0.0000 -0.0980 0.9952
vn -0.0000 -0.1951 0.9808
vn -0.0000 -0.2903 0.9569
vn -0.0000 -0.7072 0.7070
vn -0.0000 -0.9808 0.1950
vn -0.0000 -0.9808 0.1952
vn -0.0000 -0.7070 0.7072
vn -0.0000 -0.8314 0.5557
vn -0.0000 -0.1950 0.9808
vn -0.0000 -0.1952 0.9808
vn -0.0000 -0.3826 0.9239
vn -0.0000 -0.5555 0.8315
vn -0.0000 -0.7068 0.7075
vn -0.0000 -0.9808 -0.1950
vn -0.0000 -0.9808 -0.1952
vn -0.0000 -0.8315 -0.5556
vn -0.0000 -0.7070 -0.7072
vn -0.0000 -0.8314 -0.5557
vn -0.0000 -0.7068 -0.7075
vn -0.0000 -0.5555 -0.8315
vn -0.0000 -0.1950 -0.9808
vn -0.0000 -0.3826 -0.9239
vn -0.0000 -0.7067 -0.7075
vn -0.0000 0.1950 -0.9808
vn -0.0000 0.8314 -0.5557
vn -0.0000 0.7070 -0.7072
vn -0.0000 0.9808 -0.1950
vn -0.0000 0.5557 -0.8314
vn -0.0000 0.7069 -0.7073
vn -0.0000 0.5555 -0.8315
vn -0.0000 0.1950 0.9808
vn -0.0000 0.1952 0.9808
vn -0.0000 0.3826 0.9239
vn -0.0000 0.7070 0.7072
vn -0.0000 0.8314 0.5557
vn -0.0000 0.9808 0.1950
vn -0.0000 0.7068 0.7075
vn -0.0000 0.3826 -0.9239
vn -0.0000 0.7068 -0.7075
vn -0.0000 -0.7069 0.7073
vn -0.0000 -0.5557 0.8314
vn -0.0000 -0.9239 0.3826
vn -0.0000 -0.9239 -0.3826
vn -0.0000 -0.7069 -0.7073
vn -0.0000 -0.1952 -0.9808
vn -0.0000 0.9239 0.3826
vn -0.0000 0.5557 0.8314
vn -0.0000 0.7069 0.7073
vn -0.0000 -0.7074 0.7068
vn -0.0000 -0.7068 0.7074
vn -0.0000 0.7074 0.7068
vn -0.0000 0.7068 0.7074
vn -0.0000 0.1952 -0.9808
vn -0.0000 0.9239 -0.3826
vn -0.0000 1.0000 -0.0001
vn -0.0001 -0.0000 1.0000
vn -0.0000 1.0000 0.0001
vn -0.0000 0.3828 0.9238
vn -0.0000 0.9238 0.3828
vn -0.0000 0.9238 -0.3828
vn -0.0000 0.3828 -0.9238
vn -0.0000 -0.3828 -0.9238
vn -0.0000 -0.3828 0.9238
vn 0.1724 -0.0000 0.9850
vn 0.0001 -0.0000 1.0000
vn 0.1724 -0.9850 -0.0000
vn 0.1724 -0.0000 -0.9850
vn 0.0001 -0.0000 -1.0000
vn 0.1724 0.9850 -0.0000
vn 0.0001 1.0000 -0.0000
vn 0.1104 -0.0000 -0.9939
vn 0.1105 -0.0000 -0.9939
vn 0.1105 -0.0000 0.9939
vn -0.0000 0.7074 -0.7068
vn -0.0000 0.7068 -0.7074
vn -0.0000 -0.5557 -0.8314
vn -0.0000 -0.7074 -0.7068
vn -0.0000 -0.7071 0.7072
vn 0.0001 -1.0000 -0.0000
s 1
usemtl Diffuse_51_51_51_100.014
f 1//1 2//1 3//1
f 4//1 5//1 6//1
f 7//1 8//1 9//1
f 10//1 11//1 12//1
f 13//1 14//1 15//1
f 16//1 17//1 18//1
f 16//1 19//1 20//1
f 21//1 22//1 23//1
f 24//1 25//1 26//1
f 26//1 25//1 27//1
f 28//1 29//1 22//1
f 30//1 27//1 31//1
f 32//1 15//1 33//1
f 27//1 30//1 26//1
f 34//1 35//1 30//1
f 31//1 36//1 30//1
f 20//1 37//1 38//1
f 39//1 16//1 38//1
f 30//1 40//1 26//1
f 41//1 42//1 43//1
s 0
f 44//2 43//2 42//2
s 1
f 45//1 46//1 42//1
f 47//1 48//1 42//1
f 49//3 50//1 42//1
f 51//2 49//3 42//1
f 52//1 51//2 42//1
f 53//1 54//1 55//1
f 53//1 52//1 54//1
f 56//2 53//1 55//1
f 57//1 56//2 55//1
f 57//1 58//1 56//2
f 59//1 60//1 58//1
f 59//1 61//1 60//1
f 61//1 62//1 63//1
f 63//1 62//1 64//1
f 64//1 65//1 66//1
f 66//1 65//1 67//1
f 67//1 68//1 66//1
f 69//1 70//1 68//1
f 69//1 71//1 70//1
f 70//1 71//1 72//1
f 72//1 71//1 73//1
f 74//1 73//1 75//1
f 76//1 74//1 75//1
f 77//1 78//1 79//1
f 77//1 80//1 78//1
f 81//1 82//1 83//1
f 84//1 82//1 85//1
f 86//1 87//1 81//1
f 88//1 89//1 81//1
f 90//1 79//1 91//1
f 80//1 76//1 75//1
f 50//1 92//1 93//1
f 94//1 95//1 96//1
f 94//1 97//1 95//1
f 95//1 97//1 98//1
f 98//1 97//1 99//1
f 97//1 100//1 101//1
f 97//1 102//1 100//1
f 97//1 103//1 102//1
f 103//1 104//1 105//1
f 106//1 103//1 107//1
f 106//1 108//1 103//1
f 107//1 103//1 109//1
f 109//1 103//1 110//1
f 110//1 103//1 4//1
f 111//1 110//1 4//1
f 4//1 103//1 112//1
f 4//1 113//1 111//1
f 113//1 4//1 114//1
f 114//1 4//1 115//1
f 116//1 117//1 5//1
f 5//1 117//1 6//1
f 118//1 119//1 116//1
f 116//1 119//1 117//1
f 120//1 118//1 116//1
f 121//1 120//1 116//1
f 116//1 122//1 121//1
f 116//1 123//1 122//1
f 102//1 103//1 105//1
f 122//1 123//1 124//3
f 103//1 108//1 104//1
f 125//1 126//1 127//1
f 93//1 42//1 50//1
f 97//1 101//1 99//1
f 93//1 47//1 42//1
f 128//1 125//1 123//1
f 48//1 45//1 42//1
f 129//1 123//1 130//1
f 129//1 128//1 123//1
f 123//1 131//1 132//1
f 44//1 42//1 46//1
f 133//1 134//1 123//1
f 132//1 130//1 123//1
f 123//1 125//1 127//1
f 124//3 123//1 127//1
f 135//1 116//1 5//1
f 136//1 135//1 5//1
f 5//1 137//1 138//1
f 139//1 140//1 5//1
f 5//1 140//1 137//1
f 5//1 138//1 141//1
f 142//1 143//1 7//1
f 7//1 143//1 144//1
f 145//1 7//1 144//1
f 146//1 145//1 144//1
f 147//1 148//1 149//1
f 146//1 149//1 145//1
f 150//1 149//1 151//1
f 149//1 152//3 153//1
f 149//1 154//1 155//1
f 156//1 149//1 155//1
f 156//1 157//2 158//1
f 159//1 160//1 156//1
f 159//1 161//1 160//1
f 159//1 162//1 161//1
f 163//1 164//1 159//1
f 165//1 163//1 159//1
f 166//1 165//1 159//1
f 155//1 157//2 156//1
f 154//1 149//1 167//1
f 167//1 149//1 168//1
f 168//1 149//1 169//1
f 169//1 149//1 146//1
f 145//1 149//1 148//1
f 159//1 158//1 170//1
f 171//1 152//3 149//1
f 149//1 153//1 151//1
f 7//1 172//1 142//1
f 7//1 9//1 173//1
f 174//1 7//1 173//1
f 173//1 9//1 175//1
f 175//1 9//1 176//1
f 177//1 178//1 9//1
f 9//1 178//1 179//1
f 180//1 9//1 181//1
f 181//1 9//1 182//1
f 183//1 181//1 182//1
f 184//1 183//1 182//1
f 182//1 185//1 184//1
f 186//1 187//1 188//1
f 186//1 189//1 182//1
f 190//1 188//1 187//1
f 190//1 191//1 188//1
f 188//1 191//1 192//1
f 192//1 191//1 193//1
f 191//1 194//1 195//1
f 191//1 196//1 194//1
f 191//1 83//1 196//1
f 81//1 87//1 197//1
f 83//1 82//1 84//1
f 88//1 81//1 197//1
f 198//1 199//1 79//1
f 78//1 198//1 79//1
f 198//1 200//1 199//1
f 199//1 200//1 201//1
f 201//1 202//1 203//1
f 203//1 204//1 205//1
f 91//1 84//1 85//1
f 205//1 206//1 207//1
f 207//1 206//1 208//1
f 209//1 207//1 208//1
f 208//1 210//1 209//1
f 209//1 210//1 211//1
f 211//1 212//1 213//1
f 213//1 212//1 214//1
f 215//1 216//1 217//1
f 218//1 219//1 220//1
f 221//1 222//2 223//1
f 224//1 218//1 220//1
f 225//1 213//1 214//1
f 81//1 226//1 86//1
f 191//1 195//1 193//1
f 172//1 7//1 174//1
f 220//1 219//1 227//1
f 176//1 9//1 179//1
f 219//1 228//1 229//1
f 150//1 147//1 149//1
f 182//1 189//1 185//1
f 159//1 164//1 162//1
f 230//1 219//1 231//1
f 230//1 228//1 219//1
f 219//1 218//1 232//1
f 159//1 156//1 158//1
f 233//1 234//3 235//1
f 235//1 234//3 236//1
f 237//1 235//1 236//1
f 237//1 238//1 235//1
f 235//1 238//1 239//1
s 0
f 238//1 240//1 241//1
s 1
f 238//1 242//1 243//1
f 241//1 244//1 238//1
f 238//1 244//1 242//1
f 233//1 235//1 219//1
f 227//1 219//1 229//1
f 219//1 232//1 245//3
f 221//1 219//1 245//3
f 221//1 233//1 219//1
f 221//1 223//1 233//1
f 238//1 237//1 246//1
f 81//1 83//1 191//1
f 247//1 217//1 216//1
f 222//2 216//1 215//1
f 247//1 248//1 217//1
f 247//1 225//1 248//1
f 248//1 225//1 214//1
f 206//1 205//1 204//1
f 198//1 78//1 249//1
f 249//1 78//1 250//1
f 251//1 252//1 250//1
f 251//1 253//1 252//1
f 251//1 254//1 253//1
f 22//1 21//1 28//1
f 16//1 20//1 38//1
f 255//1 16//1 256//1
f 256//1 16//1 39//1
f 257//1 37//1 20//1
f 257//1 32//1 37//1
f 258//1 30//1 35//1
f 259//1 32//1 260//1
f 261//1 260//1 32//1
f 262//1 263//1 33//1
f 32//1 263//1 264//1
f 265//1 262//1 33//1
f 32//1 257//1 266//1
f 267//1 268//1 10//1
f 10//1 268//1 33//1
f 10//1 33//1 3//1
f 10//1 269//1 267//1
f 33//1 268//1 270//1
f 271//1 272//1 33//1
f 269//1 10//1 273//1
f 273//1 10//1 274//1
f 275//1 276//1 11//1
f 11//1 276//1 12//1
f 277//1 278//1 275//1
f 275//1 278//1 276//1
f 279//1 277//1 275//1
f 280//1 279//1 275//1
f 275//1 281//1 280//1
f 275//1 282//1 281//1
f 274//1 10//1 12//1
f 281//1 282//1 283//2
f 272//1 284//1 33//1
f 285//1 286//1 287//1
f 288//1 22//1 29//1
f 252//1 249//1 250//1
f 288//1 25//1 22//1
f 211//1 210//1 212//1
f 36//1 34//1 30//1
f 22//1 25//1 24//1
f 32//1 259//1 37//1
f 215//1 223//1 222//2
f 203//1 202//1 204//1
f 289//1 238//1 243//1
f 16//1 253//1 22//1
f 32//1 30//1 15//1
f 239//1 238//1 289//1
f 23//1 22//1 254//1
f 290//1 282//1 291//1
f 291//1 282//1 292//1
f 292//1 282//1 293//3
f 285//1 282//1 286//1
f 294//1 275//1 11//1
f 285//1 283//2 282//1
f 295//1 11//1 296//1
f 297//1 298//1 13//1
f 13//1 298//1 299//1
f 300//1 13//1 299//1
f 301//1 300//1 299//1
f 302//1 303//1 304//1
f 301//1 304//1 300//1
f 305//1 304//1 306//1
s 0
f 304//2 307//2 308//2
s 1
f 304//1 309//1 310//1
f 311//1 304//1 310//1
f 311//1 312//3 313//1
f 314//1 315//1 311//1
f 314//1 316//1 315//1
f 314//1 317//1 316//1
f 318//1 319//1 314//1
f 320//1 318//1 314//1
f 321//1 320//1 314//1
f 310//1 312//3 311//1
f 309//1 304//1 322//1
f 322//1 304//1 323//1
f 323//1 304//1 324//1
f 324//1 304//1 301//1
f 300//1 304//1 303//1
f 314//1 313//1 325//1
f 326//1 307//1 304//1
f 304//1 308//1 306//1
f 13//1 327//1 297//1
f 13//1 15//1 328//1
f 329//1 13//1 328//1
f 328//1 15//1 330//1
f 330//1 15//1 331//1
f 332//1 333//1 15//1
f 15//1 333//1 334//1
f 335//1 15//1 258//1
f 258//1 15//1 30//1
f 263//1 32//1 33//1
f 264//1 261//1 32//1
f 33//1 284//1 265//1
f 293//3 282//1 336//1
f 337//1 11//1 338//1
f 338//1 11//1 339//1
f 11//1 337//1 296//1
f 16//1 255//1 17//1
f 340//1 286//1 282//1
f 22//1 24//1 341//1
f 18//1 253//1 16//1
f 22//1 253//1 254//1
f 200//1 202//1 201//1
f 52//1 42//1 54//1
f 81//1 89//1 82//1
f 90//1 91//1 85//1
f 96//1 226//1 81//1
f 90//1 77//1 79//1
f 80//1 77//1 76//1
f 74//1 72//1 73//1
f 67//1 69//1 68//1
f 60//1 61//1 63//1
f 342//2 54//1 343//1
f 343//1 54//1 42//1
f 343//1 344//1 342//2
f 339//1 11//1 345//1
f 57//1 59//1 58//1
f 65//1 64//1 62//1
f 344//1 343//1 346//1
f 346//1 347//1 348//1
f 343//1 349//1 347//1
f 15//1 334//1 331//1
f 343//1 350//1 349//1
f 13//1 329//1 327//1
f 305//1 302//1 304//1
f 290//1 351//1 282//1
f 33//1 270//1 271//1
f 314//1 319//1 317//1
s 0
f 343//2 352//2 353//2
s 1
f 354//1 355//1 343//1
f 343//1 356//1 352//1
f 311//1 313//1 314//1
s 0
f 123//2 134//2 131//2
s 1
f 4//1 112//1 357//1
f 9//1 180//1 177//1
f 219//1 358//3 231//1
f 186//1 182//1 187//1
f 359//1 357//1 112//1
f 9//1 97//1 182//1
f 8//1 7//1 357//1
f 8//1 357//1 359//1
f 182//1 360//1 187//1
f 361//1 97//1 94//1
f 103//1 97//1 9//1
f 347//1 346//1 343//1
f 5//1 141//1 136//1
f 226//1 96//1 95//1
f 81//1 362//1 96//1
f 354//1 343//1 353//1
f 355//1 350//1 343//1
f 363//1 358//3 219//1
f 115//1 4//1 6//1
f 14//1 2//1 1//1
f 14//1 13//1 2//1
f 3//1 2//1 10//1
f 11//1 295//1 294//1
f 351//1 340//1 282//1
f 15//1 335//1 332//1
f 191//1 190//1 364//1
f 365//4 366//4 367//4
f 368//4 369//4 370//4
f 371//4 372//4 373//4
f 374//4 375//4 376//4
f 367//4 366//4 377//4
f 378//4 379//4 380//4
f 381//4 379//4 382//4
f 370//4 383//5 368//4
f 370//4 369//4 384//4
f 385//4 381//4 368//4
f 386//4 368//4 383//5
f 387//4 368//4 386//4
f 388//4 368//4 387//4
f 389//4 368//4 388//4
f 390//4 368//4 389//4
f 368//4 390//4 391//4
f 368//4 391//4 392//4
f 368//4 392//4 393//4
f 368//4 393//4 385//4
f 381//4 385//4 394//4
f 381//4 394//4 395//4
f 381//4 395//4 396//4
f 381//4 396//4 397//4
f 381//4 397//4 398//4
f 379//4 398//4 399//4
f 379//4 399//4 400//4
f 401//4 402//4 403//4
f 400//4 402//4 401//4
f 404//4 403//4 405//4
f 404//4 405//4 406//4
f 405//4 407//4 406//4
f 407//4 408//4 409//4
f 408//4 410//4 409//4
f 411//4 412//4 413//4
f 411//4 413//4 414//4
f 414//4 415//4 416//4
f 417//4 416//4 415//4
f 418//4 419//4 417//4
f 420//4 419//4 418//4
f 421//4 420//4 422//4
f 421//4 422//4 423//4
f 424//4 423//4 425//4
f 426//4 427//4 428//4
f 427//4 425//4 428//4
f 426//4 428//4 429//4
f 424//4 425//4 427//4
f 430//4 431//4 432//4
f 433//4 431//4 430//4
f 434//4 435//4 436//4
f 435//4 437//4 436//4
f 438//4 371//4 434//4
f 434//4 439//4 440//4
f 441//4 371//4 438//4
f 442//4 439//4 434//4
f 443//4 371//4 441//4
f 444//4 371//4 443//4
f 445//4 371//4 444//4
f 446//4 371//4 445//4
f 371//4 446//4 447//4
f 442//4 434//4 448//4
f 371//4 449//4 450//4
f 451//4 452//4 429//4
f 451//4 431//4 433//4
f 451//4 433//4 452//4
f 429//4 452//4 426//4
f 372//4 371//4 453//4
f 454//4 376//4 375//4
f 376//4 455//4 374//4
f 456//4 457//4 374//4
f 458//4 374//4 455//4
f 459//4 374//4 458//4
f 460//4 374//4 459//4
f 461//4 374//4 460//4
f 462//4 374//4 461//4
f 374//4 462//4 463//4
f 374//4 463//4 464//4
f 374//4 464//4 465//4
f 374//4 465//4 456//4
f 457//4 456//4 466//4
f 457//4 466//4 467//4
f 457//4 467//4 468//4
f 457//4 468//4 469//4
f 457//4 469//4 435//4
f 457//4 435//4 434//4
f 436//4 448//4 434//4
f 371//4 447//4 449//4
f 450//4 453//4 371//4
f 373//4 372//4 470//4
f 432//4 436//4 437//4
f 432//4 437//4 430//4
f 400//4 399//4 402//4
f 423//4 424//4 421//4
f 422//4 420//4 418//4
f 417//4 419//4 416//4
f 413//4 415//4 414//4
f 471//4 412//4 411//4
f 410//4 408//4 472//4
f 410//4 472//4 471//4
f 409//4 406//4 407//4
f 403//4 404//4 401//4
f 379//4 381//4 398//4
f 473//4 378//4 380//4
f 474//4 378//4 473//4
f 378//4 474//4 475//4
f 440//4 438//4 434//4
f 378//4 476//4 365//4
f 476//4 477//4 365//4
f 478//4 365//4 479//4
f 365//4 480//4 479//4
f 481//4 365//4 478//4
f 482//4 365//4 481//4
f 483//4 365//4 482//4
f 365//4 483//4 484//4
f 365//4 484//4 485//6
f 477//4 480//4 365//4
f 378//4 475//4 476//4
f 472//4 412//4 471//4
f 366//4 365//4 485//6
f 382//4 379//4 378//4
f 486//7 487//7 488//7
f 489//7 490//7 488//7
f 491//7 489//7 488//7
f 491//7 492//7 493//7
f 494//7 492//7 495//7
f 489//7 496//7 497//7
f 498//8 495//7 492//7
f 499//9 492//7 500//7
f 500//7 492//7 501//7
f 501//7 492//7 502//10
f 492//7 503//11 502//10
f 504//12 505//7 492//7
f 492//7 505//7 503//11
f 492//7 499//9 498//8
f 492//7 491//7 488//7
f 488//11 506//13 507//13
f 508//13 488//11 507//13
f 508//13 509//14 488//11
f 488//11 510//15 511//7
f 488//11 509//14 510//15
f 512//16 488//11 511//7
f 513//7 514//17 488//11
f 512//16 513//7 488//11
f 493//7 492//7 494//7
f 515//11 516//18 517//11
f 518//19 515//11 517//11
f 519//7 518//19 517//11
f 520//7 519//7 517//11
f 521//20 520//7 517//11
f 522//21 521//20 517//11
f 523//21 522//21 517//11
f 524//7 517//7 525//7
f 526//7 517//7 527//7
f 528//11 527//18 529//22
f 529//22 527//18 530//23
f 530//23 527//18 531//24
f 527//18 532//25 531//24
f 533//7 534//7 527//18
f 527//18 534//7 532//25
f 535//18 533//7 527//18
f 527//18 528//11 536//26
f 517//11 537//10 523//21
f 527//7 538//7 539//7
f 540//27 541//27 542//27
f 543//27 544//27 545//27
f 546//27 547//27 548//27
f 549//27 550//27 551//27
f 552//28 553//29 554//28
f 555//28 552//28 554//28
f 556//30 555//28 554//28
f 557//31 556//30 554//28
f 558//32 557//31 554//28
f 559//33 558//32 554//28
f 560//28 559//33 554//28
f 561//28 554//28 562//28
f 562//28 554//28 563//34
f 564//28 563//34 554//28
f 564//28 565//28 566//28
f 564//28 554//28 565//28
f 567//28 568//28 564//28
f 565//28 569//28 570//28
f 571//35 565//36 572//37
f 572//37 565//36 573//35
f 573//35 565//36 574//28
f 565//36 575//28 574//28
f 576//38 577//36 565//36
f 565//36 577//36 575//28
f 565//36 571//35 578//36
f 554//28 579//28 560//28
f 565//36 578//36 580//39
f 579//28 554//28 561//28
f 581//40 582//40 583//40
f 584//40 585//40 586//40
f 587//4 588//4 589//4
f 590//4 591//4 592//4
f 593//4 594//4 595//4
f 596//4 597//4 598//4
f 599//4 600//4 601//4
f 589//6 602//6 603//6
f 589//4 604//4 605//4
f 606//4 607//4 608//4
f 609//4 610//4 602//4
f 611//4 612//4 609//4
f 613//6 614//6 611//6
f 615//4 616//4 613//4
f 617//4 618//4 615//4
f 619//4 617//4 620//4
f 621//4 620//4 622//4
f 623//4 622//4 624//4
f 625//4 624//4 606//4
f 626//4 606//4 627//4
f 628//4 627//4 629//4
f 630//4 629//4 631//4
f 632//4 631//4 633//4
f 634//4 633//4 600//4
f 635//4 600//4 636//4
f 600//4 637//4 636//4
f 638//4 639//4 640//4
f 637//4 639//4 638//4
f 640//4 641//4 642//4
f 642//4 643//4 644//4
f 643//4 645//4 644//4
f 645//4 646//4 647//4
f 646//4 648//4 647//4
f 649//4 650//4 651//4
f 649//4 651//4 652//4
f 652//4 653//4 654//4
f 655//4 654//4 653//4
f 656//4 657//4 655//4
f 658//4 657//4 656//4
f 659//4 658//4 660//4
f 659//4 660//4 661//4
f 662//4 661//4 663//4
f 664//4 665//4 666//4
f 665//4 663//4 666//4
f 664//4 666//4 667//4
f 662//4 663//4 665//4
f 668//4 669//4 670//4
f 671//4 669//4 668//4
f 672//4 673//4 674//4
f 673//4 675//4 674//4
f 676//4 590//4 672//4
f 672//4 677//4 678//4
f 679//4 590//4 676//4
f 680//4 677//4 672//4
f 681//4 590//4 679//4
f 682//4 590//4 681//4
f 683//4 590//4 682//4
f 684//4 590//4 683//4
f 590//4 684//4 685//4
f 680//4 672//4 686//4
f 590//4 687//4 688//4
f 689//4 690//4 667//4
f 689//4 669//4 671//4
f 689//4 671//4 690//4
f 667//4 690//4 664//4
f 591//4 590//4 691//4
f 595//4 692//4 593//4
f 595//4 594//4 693//4
f 694//4 695//4 593//4
f 696//4 593//4 692//4
f 697//4 593//4 696//4
f 698//4 593//4 697//4
f 699//4 593//4 698//4
f 700//4 593//4 699//4
f 593//4 700//4 701//4
f 593//4 701//4 702//4
f 593//4 702//4 703//4
f 593//4 703//4 694//4
f 695//4 694//4 704//4
f 695//4 704//4 705//4
f 695//4 705//4 706//4
f 695//4 706//4 707//4
f 695//4 707//4 673//4
f 695//4 673//4 672//4
f 674//4 686//4 672//4
f 590//4 685//4 687//4
f 688//4 691//4 590//4
f 592//4 591//4 708//4
f 670//4 674//4 675//4
f 670//4 675//4 668//4
f 636//4 637//4 638//4
f 661//4 662//4 659//4
f 660//4 658//4 656//4
f 655//4 657//4 654//4
f 651//4 653//4 652//4
f 709//4 650//4 649//4
f 648//4 646//4 710//4
f 648//4 710//4 709//4
f 647//4 644//4 645//4
f 643//4 642//4 641//4
f 641//4 640//4 639//4
f 711//4 712//4 636//4
f 713//4 714//4 711//4
f 715//4 716//4 713//4
f 717//4 715//4 718//4
f 719//4 720//4 721//4
f 720//4 722//4 723//4
f 724//4 725//4 726//4
f 727//4 728//4 726//4
f 729//4 730//4 724//4
f 731//4 732//4 729//4
f 733//4 731//4 734//4
f 735//4 734//4 736//4
f 722//4 728//4 737//4
f 738//4 718//4 720//4
f 678//4 676//4 672//4
f 739//4 740//4 736//4
f 710//4 650//4 709//4
f 597//5 741//5 739//5
f 597//4 742//4 743//4
f 601//4 600//4 744//4
f 745//28 746//28 747//28
f 748//28 749//28 750//28
f 751//36 752//39 746//30
f 753//41 746//30 754//36
f 754//36 746//30 755//42
f 746//30 756//28 755//42
f 757//28 758//37 746//30
f 746//30 758//37 756//28
f 759//43 757//28 746//30
f 746//30 753//41 751//36
f 746//28 760//28 750//28
f 750//35 761//44 762//42
f 763//28 750//35 762//42
f 763//28 764//35 750//35
f 750//35 765//28 766//42
f 750//35 764//35 767//45
f 768//43 750//35 769//28
f 769//28 750//35 766//42
f 750//35 767//45 765//28
f 770//27 771//27 772//27
f 773//27 771//27 774//27
f 775//7 776//7 777//7
f 778//7 779//7 780//7
f 781//46 782//46 783//46
f 784//11 785//11 786//11
f 786//13 787//13 788//13
f 789//20 790//20 788//20
f 791//7 792//7 793//7
f 794//7 792//7 790//7
f 795//18 791//18 796//18
f 797//47 784//47 781//47
f 798//7 799//7 800//7
f 801//10 802//10 803//10
f 804//18 805//18 803//18
f 804//10 806//10 807//10
f 808//7 809//10 810//10
f 811//48 806//48 812//48
f 813//18 814//18 815//18
f 815//7 816//49 810//7
f 817//9 812//9 809//9
f 818//40 819//40 820//40
f 821//40 819//40 822//40
f 823//28 824//28 825//28
f 826//28 827//28 828//28
f 829//39 830//39 831//39
f 832//39 833//39 834//39
f 834//50 835//50 836//50
f 837//28 838//28 836//28
f 839//36 840//36 841//36
f 842//51 840//51 838//51
f 843//43 839//43 844//43
f 845//52 832//52 829//52
f 846//28 847//28 848//28
f 849//44 850//44 851//44
f 852//53 853//53 851//53
f 852//54 854//54 855//54
f 856//42 857//42 858//42
f 859//55 854//55 860//55
f 861//43 862//43 863//43
f 863//35 864//35 858//35
f 865//36 860//36 857//36
f 866//56 867//56 868//56
f 869//56 870//56 871//56
f 872//56 873//56 874//56
f 875//56 876//56 877//56
f 878//56 879//56 880//56
f 881//56 882//56 883//56
f 884//56 885//56 886//56
f 887//57 888//57 889//57
f 890//57 891//57 892//57
f 893//57 894//57 895//57
f 896//57 897//57 898//57
f 899//57 900//57 901//57
f 902//57 903//57 904//57
f 905//57 906//57 907//57
f 908//40 909//40 910//40
f 911//40 912//40 913//40
f 914//40 915//40 916//40
f 917//40 918//40 919//40
f 920//58 921//59 922//58
f 923//59 924//60 925//59
f 926//60 927//60 928//59
f 929//61 930//61 931//60
f 932//62 933//61 934//61
f 935//63 936//62 937//62
f 938//63 939//62 940//63
f 941//64 942//65 943//64
f 944//64 945//64 946//66
f 947//67 948//67 949//68
f 950//69 951//68 952//68
f 953//68 954//70 955//70
f 956//71 957//72 958//71
f 959//72 960//73 961//72
f 962//73 963//73 964//72
f 965//58 966//58 967//57
f 968//74 969//40 970//40
f 971//74 972//40 973//74
f 974//74 975//74 976//75
f 977//74 978//75 979//75
f 980//75 981//76 982//75
f 983//76 984//76 985//75
f 986//73 987//76 988//76
f 989//73 990//76 991//73
f 992//71 993//72 994//72
f 995//68 996//68 997//77
f 998//66 999//64 1000//66
f 1001//64 1002//65 1003//65
f 1004//62 1005//62 1006//61
f 1007//60 1008//61 1009//60
f 1010//58 1011//57 1012//57
f 1013//59 1014//59 1015//58
f 1016//57 1017//57 1018//57
f 1019//57 1020//57 1021//57
f 1022//27 1023//27 1024//27
f 1025//27 1026//27 1027//27
f 1028//27 1029//27 1030//27
f 1031//27 1032//27 1033//27
f 1034//56 1035//56 1036//56
f 1037//56 1038//56 1039//56
f 1040//78 1041//79 1042//78
f 1043//79 1044//80 1045//79
f 1046//80 1047//80 1048//79
f 1049//81 1050//81 1051//80
f 1052//82 1053//81 1054//81
f 1055//83 1056//82 1057//82
f 1058//83 1059//82 1060//83
f 1061//84 1062//85 1063//84
f 1064//84 1065//84 1066//86
f 1067//87 1068//87 1069//88
f 1070//87 1071//88 1072//88
f 1073//88 1074//89 1075//89
f 1076//90 1077//91 1078//90
f 1079//91 1080//92 1081//91
f 1082//92 1083//92 1084//91
f 1085//78 1086//78 1087//40
f 1088//93 1089//56 1090//56
f 1091//93 1092//56 1093//93
f 1094//93 1095//93 1096//94
f 1097//93 1098//94 1099//94
f 1100//94 1101//95 1102//94
f 1103//95 1104//95 1105//94
f 1106//92 1107//95 1108//95
f 1109//92 1110//95 1111//92
f 1112//96 1113//91 1114//91
f 1115//88 1116//88 1117//89
f 1118//97 1119//84 1120//97
f 1121//84 1122//98 1123//98
f 1124//82 1125//82 1126//81
f 1127//80 1128//81 1129//80
f 1130//78 1131//40 1132//40
f 1133//79 1134//79 1135//78
f 1136//57 1137//57 1138//57
f 1139//57 1140//57 1141//57
f 1142//57 1143//57 1144//57
f 1145//56 1146//56 1147//56
f 1148//56 1149//56 1150//56
f 1151//56 1152//56 1153//56
f 1154//27 1155//27 1156//27
f 1157//27 1158//27 1159//27
f 1160//57 1161//99 1162//57
f 1163//99 1164//99 1165//57
f 1166//100 1167//99 1168//99
f 1169//100 1170//99 1171//100
f 1172//100 1173//100 1174//101
f 1175//100 1176//101 1177//101
f 1178//101 1179//102 1180//101
f 1181//102 1182//102 1183//101
f 1184//103 1185//102 1186//102
f 1187//103 1188//102 1189//103
f 1190//103 1191//103 1192//104
f 1193//103 1194//104 1195//104
f 1196//105 1197//106 1198//105
f 1199//106 1200//106 1201//105
f 1202//107 1203//108 1204//108
f 1205//109 1206//109 1207//110
f 1208//111 1209//112 1210//111
f 1211//112 1212//112 1213//111
f 1214//113 1215//112 1216//112
f 1217//113 1218//112 1219//113
f 1220//113 1221//113 1222//114
f 1223//113 1224//114 1225//114
f 1226//114 1227//115 1228//114
f 1229//115 1230//115 1231//114
f 1232//110 1233//115 1234//115
f 1235//110 1236//115 1237//110
f 1238//110 1239//110 1240//109
f 1241//108 1242//107 1243//107
f 1244//107 1245//116 1246//107
f 1247//117 1248//117 1249//107
f 1250//106 1251//116 1252//116
f 1253//106 1254//106 1255//116
f 1256//57 1257//57 1258//57
f 1259//57 1260//57 1261//57
f 1262//40 1263//40 1264//40
f 1265//40 1266//40 1267//40
f 1268//40 1269//40 1270//40
f 1271//40 1272//40 1273//40
f 1274//56 1275//56 1276//56
f 1277//56 1278//56 1279//56
f 1280//118 1281//119 1282//118
f 1283//119 1284//120 1285//119
f 1286//120 1287//120 1288//119
f 1289//121 1290//121 1291//120
f 1292//122 1293//122 1294//121
f 1295//123 1296//122 1297//122
f 1298//124 1299//123 1300//123
f 1301//125 1302//123 1303//125
f 1304//126 1305//127 1306//126
f 1307//126 1308//126 1309//128
f 1310//128 1311//128 1312//129
f 1313//128 1314//129 1315//129
f 1316//129 1317//130 1318//130
f 1319//131 1320//132 1321//131
f 1322//132 1323//133 1324//132
f 1325//133 1326//133 1327//132
f 1328//134 1329//56 1330//56
f 1331//134 1332//56 1333//134
f 1334//134 1335//134 1336//135
f 1337//134 1338//135 1339//135
f 1340//135 1341//136 1342//135
f 1343//136 1344//136 1345//135
f 1346//133 1347//136 1348//136
f 1349//133 1350//136 1351//133
f 1352//131 1353//132 1354//132
f 1355//129 1356//129 1357//130
f 1358//137 1359//126 1360//137
f 1361//126 1362//127 1363//127
f 1364//123 1365//123 1366//122
f 1367//121 1368//122 1369//121
f 1370//119 1371//118 1372//119
f 1373//120 1374//120 1375//121
f 1376//57 1377//57 1378//57
f 1379//57 1380//57 1381//57
f 1382//57 1383//57 1384//57
f 1385//56 1386//56 1387//56
f 1388//56 1389//56 1390//56
f 1391//56 1392//56 1393//56
f 1394//27 1395//27 1396//138
f 1397//138 1398//27 1399//138
f 1400//139 1401//122 1402//120
f 1403//139 1404//122 1405//122
f 1406//122 1407//122 1408//125
f 1409//125 1410//122 1411//124
f 1412//140 1413//127 1414//141
f 1415//130 1416//137 1417//137
f 1418//140 1419//140 1420//124
f 1421//142 1422//56 1423//56
f 1424//142 1425//142 1426//56
f 1427//143 1428//144 1429//143
f 1430//135 1431//144 1432//144
f 1433//133 1434//133 1435//145
f 1436//145 1437//133 1438//145
f 1439//146 1440//131 1441//130
f 1442//27 1443//27 1444//147
f 1445//148 1446//113 1447//115
f 1448//115 1449//113 1450//115
f 1451//149 1452//115 1453//149
f 1454//150 1455//151 1456//108
f 1457//105 1458//117 1459//117
f 1460//105 1461//104 1462//152
f 1463//153 1464//102 1465//153
f 1466//57 1467//154 1468//154
f 1469//154 1470//57 1471//57
f 1472//100 1473//155 1474//100
f 1475//156 1476//156 1477//108
f 1478//102 1479//104 1480//102
f 1481//147 1482//147 1483//27
f 1484//100 1485//102 1486//102
f 1487//115 1488//109 1489//115
f 1490//57 1491//57 1492//157
f 1493//157 1494//57 1495//157
f 1496//61 1497//59 1498//59
f 1499//61 1500//61 1501//59
f 1502//63 1503//63 1504//61
f 1505//66 1506//66 1507//63
f 1508//70 1509//158 1510//159
f 1511//73 1512//73 1513//71
f 1514//160 1515//40 1516//160
f 1517//160 1518//40 1519//40
f 1520//73 1521//75 1522//75
f 1523//73 1524//73 1525//75
f 1526//71 1527//71 1528//73
f 1529//159 1530//159 1531//77
f 1532//65 1533//161 1534//162
f 1535//61 1536//61 1537//163
f 1538//56 1539//164 1540//56
f 1541//56 1542//164 1543//164
f 1544//165 1545//165 1546//166
f 1547//166 1548//94 1549//166
f 1550//96 1551//87 1552//87
f 1553//90 1554//92 1555//90
f 1556//167 1557//168 1558//98
f 1559//90 1560//92 1561//92
f 1562//169 1563//40 1564//40
f 1565//169 1566//169 1567//40
f 1568//79 1569//81 1570//79
f 1571//79 1572//81 1573//81
f 1574//81 1575//81 1576//83
f 1577//83 1578//81 1579//83
f 1580//167 1581//85 1582//167
f 1583//170 1584//96 1585//96
f 819//40 1586//40 1587//160
f 1588//160 819//40 1589//160
f 1590//75 1591//73 1592//75
f 1593//75 1594//73 1595//73
f 1596//73 1597//73 1598//71
f 1599//77 1600//73 1601//77
f 1602//159 1603//70 1604//158
f 1605//63 1606//66 1607//66
f 1608//159 1609//159 1610//77
f 1611//157 1612//57 1613//57
f 1614//157 1615//157 1616//57
f 1617//59 1618//171 1619//59
f 1620//59 1621//171 1622//171
f 1623//61 1624//61 1625//163
f 1626//163 1627//61 1628//163
f 1629//172 1630//63 1631//63
f 1632//135 1633//144 1634//135
f 1635//133 1636//145 1637//133
f 1638//145 1639//145 1640//133
f 1641//173 1642//173 1643//174
f 1644//127 1645//140 1646//140
f 1647//122 1648//125 1649//124
f 1650//122 1651//125 1652//122
f 1653//142 1654//142 1655//56
f 1656//138 1657//27 1658//27
f 1659//138 1660//27 1661//138
f 1662//139 1663//139 1664//175
f 1665//139 1666//175 1667//175
f 1668//127 1669//127 1670//140
f 1671//174 1672//140 1673//174
f 1674//142 1675//56 1676//56
f 1677//144 1678//144 1679//143
f 1680//148 1681//176 1682//148
f 1683//115 1684//109 1685//115
f 1686//109 1687//109 1688//115
f 1689//177 1690//177 1691//151
f 1692//105 1693//150 1694//150
f 1695//102 1696//153 1697//104
f 1698//102 1699//153 1700//102
f 1701//147 1702//147 1703//27
f 1704//154 1705//57 1706//57
f 1707//154 1708//57 1709//154
f 1710//100 1711//100 1712//155
f 1713//178 1714//155 1715//155
f 1716//105 1717//105 1718//150
f 1719//151 1720//150 1721//108
f 1722//147 1723//27 1724//27
f 1725//176 1726//176 1727//148
f 1728//79 1729//179 1730//79
f 1731//81 1732//83 1733//81
f 1734//85 1735//85 1736//81
f 1737//167 1738//167 1739//98
f 1740//180 1741//167 1742//167
f 1743//92 1744//90 1745//90
f 1746//92 1747//90 1748//92
f 1749//56 1750//56 1751//164
f 1752//56 1753//164 1754//164
f 1755//165 1756//166 1757//94
f 1758//169 1759//169 1760//40
f 1761//166 1762//94 1763//166
f 1764//169 1765//40 1766//40
f 1767//79 1768//179 1769//179
f 1770//98 1771//86 1772//168
f 1773//180 1774//180 1775//181
f 1776//56 1777//56 1778//142
f 1779//142 1780//56 1781//142
f 1782//133 1783//135 1784//135
f 1785//133 1786//133 1787//135
f 1788//133 1789//131 1790//133
f 1791//133 1792//145 1793//145
f 1794//131 1795//137 1796//137
f 771//27 1797//27 1798//138
f 1799//138 1800//138 771//27
f 1801//139 1802//122 1803//120
f 1804//139 1805//122 1806//122
f 1807//122 1808//122 1809//125
f 1810//125 1811//122 1812//124
f 1813//182 1814//141 1815//127
f 1816//183 1817//183 1818//127
f 1819//140 1820//130 1821//130
f 1822//40 822//40 1823//169
f 1824//169 822//40 1825//169
f 1826//81 1827//79 1828//79
f 1829//81 1830//81 1831//79
f 1832//81 1833//83 1834//81
f 1835//81 1836//85 1837//85
f 1838//98 1839//168 1840//184
f 1841//185 1842//98 1843//185
f 1844//89 1845//86 1846//86
f 1847//56 1848//56 1849//164
f 1850//164 1851//56 1852//164
f 1853//92 1854//94 1855//94
f 1856//96 1857//92 1858//96
f 1859//90 1860//92 1861//92
f 1862//167 1863//89 1864//89
f 1865//92 1866//94 1867//92
f 1868//157 1869//157 1870//57
f 1871//171 1872//59 1873//186
f 1874//163 1875//61 1876//61
f 1877//163 1878//61 1879//163
f 1880//159 1881//65 1882//159
f 1883//159 1884//159 1885//158
f 1886//71 1887//71 1888//73
f 1889//40 1890//160 1891//40
f 1892//160 1893//160 1894//40
f 1895//187 1896//75 1897//75
f 1898//187 1899//75 1900//187
f 1901//73 1902//73 1903//71
f 1904//70 1905//158 1906//69
f 1907//65 1908//159 1909//65
f 1910//157 1911//57 1912//57
f 1913//171 1914//171 1915//59
f 1916//57 1917//154 1918//57
f 1919//57 1920//154 1921//154
f 1922//100 1923//100 1924//155
f 1925//155 1926//100 1927//155
f 1928//105 1929//117 1930//117
f 1931//153 1932//102 1933//153
f 1934//150 1935//151 1936//108
f 1937//153 1938//102 1939//102
f 1940//147 1941//27 774//27
f 1942//147 1943//147 774//27
f 1944//113 1945//115 1946//148
f 1947//148 1948//115 1949//115
f 1950//115 1951//115 1952//109
f 1953//149 1954//115 1955//149
f 1956//150 1957//149 1958//150
f 1959//152 1960//105 1961//104
f 1962//40 1963//40 1964//40
f 1963//40 1965//40 1966//40
f 1967//56 1968//56 1969//56
f 1970//56 1971//56 1969//56
f 1972//56 1973//56 1974//56
f 1975//40 1976//40 1977//40
f 1978//188 1979//188 1975//188
f 1980//40 1975//40 1981//40
f 1982//56 1983//56 1984//56
f 1985//56 1986//56 1987//56
f 1988//27 1989//27 1990//27
f 1991//27 1992//27 1990//27
f 1993//27 1994//27 1995//27
f 1996//56 1997//56 1998//56
f 1999//56 2000//56 1996//56
f 2001//189 1996//189 2002//189
f 2003//27 2004//27 2005//27
f 2006//27 2007//27 2008//27
f 2009//57 2010//57 2011//57
f 2012//57 2013//57 2011//57
f 2014//57 2015//57 2016//57
f 2017//27 2018//27 2019//27
f 2020//27 2021//27 2017//27
f 2022//27 2017//27 2023//27
f 2024//57 2025//57 2026//57
f 2027//57 2028//57 2029//57
f 2030//40 2031//40 2032//40
f 2033//190 2034//190 2032//190
f 2035//40 2036//40 2037//40
f 2038//94 2039//94 2040//56
f 2041//166 2039//94 2038//94
f 2042//96 2043//191 2041//166
f 2044//96 2043//191 2042//96
f 2045//87 2044//96 2046//87
f 2045//87 2046//87 2047//85
f 2048//85 2047//85 2049//81
f 2048//85 2049//81 2050//192
f 2050//192 2051//79 2052//79
f 2051//79 2053//40 2052//79
f 2053//40 2054//75 2055//40
f 2054//75 2056//75 2055//40
f 2057//193 2058//73 2056//75
f 2059//77 2058//73 2057//193
f 2060//66 2061//77 2059//77
f 2062//66 2061//77 2060//66
f 2063//63 2062//66 2064//63
f 2063//63 2064//63 2065//194
f 2066//171 2065//194 2067//59
f 2066//171 2067//59 2068//59
f 2068//59 2069//57 2070//57
f 2069//57 2071//100 2070//57
f 2072//100 2073//102 2074//195
f 2074//195 2073//102 2075//104
f 2076//27 2077//27 2078//113
f 2079//120 2080//120 2077//27
f 2081//122 2082//175 2080//120
f 2083//124 2084//124 2082//175
f 2085//140 2084//124 2083//124
f 2086//131 2087//128 2085//140
f 2088//131 2087//128 2086//131
f 2089//133 2088//131 2090//196
f 2064//63 2062//66 2060//66
f 2091//135 2092//135 2040//56
f 2089//133 2092//135 2091//135
f 2090//196 2092//135 2089//133
f 2086//131 2090//196 2088//131
f 2084//124 2085//140 2087//128
f 2082//175 2081//122 2083//124
f 2080//120 2079//120 2081//122
f 2091//135 2040//56 2093//56
f 2077//27 2076//27 2079//120
f 2078//113 2094//113 2076//27
f 2095//115 2094//113 2078//113
f 2096//176 2094//113 2095//115
f 2096//176 2095//115 2097//149
f 2096//176 2097//149 2098//149
f 2097//149 2099//150 2098//149
f 2099//150 2100//116 2098//149
f 2101//104 2100//116 2099//150
f 2075//104 2100//116 2101//104
f 2075//104 2101//104 2074//195
f 2073//102 2072//100 2071//100
f 2072//100 2070//57 2071//100
f 2069//57 2068//59 2067//59
f 2065//194 2066//171 2063//63
f 2058//73 2059//77 2061//77
f 2056//75 2054//75 2057//193
f 2055//40 2052//79 2053//40
f 2051//79 2050//192 2049//81
f 2047//85 2048//85 2045//87
f 2042//96 2046//87 2044//96
f 2039//94 2041//166 2043//191
f 2039//94 2093//56 2040//56
f 2102//57 2103//57 2104//57
f 2105//57 2106//57 2107//57
f 2108//57 2109//57 2110//57
f 2111//1 2112//1 2113//1
f 2114//1 2115//1 2116//1
f 2117//1 2118//1 2119//1
f 2120//1 2121//1 2122//1
f 2111//1 2123//1 2124//1
f 2125//1 2126//1 2127//1
f 2128//1 2129//1 2130//1
f 2114//1 2131//1 2132//1
f 2133//1 2134//1 2135//1
f 2136//1 2137//1 2138//1
f 2139//1 2140//1 2141//1
f 2142//1 2143//1 2144//1
f 2145//1 2146//1 2147//1
f 2148//1 2149//1 2150//1
f 2151//1 2152//1 2153//1
f 2154//1 2155//1 2111//1
f 2156//1 2157//1 2111//1
f 2158//1 2159//1 2160//1
f 2161//1 2162//1 2163//1
f 2164//1 2165//1 2166//1
f 2167//1 2168//1 2169//1
f 2170//1 2171//1 2172//1
f 2172//1 2173//1 2174//1
f 2175//1 2176//1 2172//1
f 2177//1 2178//1 2172//1
f 2179//1 2180//1 2172//1
f 2181//1 2182//1 2183//1
f 2184//1 2185//1 2186//1
f 2172//1 2187//1 2188//1
f 2139//1 2189//1 2190//1
f 2191//1 2192//1 2139//1
f 2193//1 2194//1 2139//1
f 2195//1 2196//1 2197//1
f 2198//1 2199//1 2200//1
f 2201//1 2202//1 2203//1
f 2204//1 2205//1 2206//1
f 2114//1 2207//1 2208//1
f 2114//1 2209//1 2210//1
f 2211//1 2212//1 2114//1
f 2213//1 2214//1 2114//1
f 2215//1 2216//1 2217//1
f 2218//1 2219//1 2220//1
f 2221//1 2222//1 2223//1
f 2224//1 2225//1 2226//1
f 2111//1 2227//1 2228//1
f 2139//1 2229//1 2230//1
f 2111//1 2231//1 2232//1
f 2139//1 2233//1 2234//1
f 2235//1 2236//1 2237//1
f 2238//2 2239//2 2240//2
f 2241//1 2242//1 2243//1
f 2244//1 2245//1 2246//1
f 2247//1 2248//1 2249//1
f 2250//1 2251//1 2252//1
f 2253//1 2254//1 2255//1
f 2256//1 2257//1 2258//1
f 2259//1 2260//1 2261//1
f 2262//1 2263//1 2264//1
f 2265//1 2266//1 2267//1
f 2268//1 2269//1 2270//1
f 2271//1 2272//1 2273//1
f 2274//1 2275//1 2276//1
f 2277//1 2278//1 2279//1
f 2280//1 2281//1 2282//1
f 2283//1 2284//1 2285//1
f 2286//1 2287//1 2288//1
f 2289//1 2290//1 2291//1
f 2292//1 2293//1 2294//1
f 2295//1 2296//1 2297//1
f 2298//1 2299//1 2300//1
f 2301//1 2302//1 2303//1
f 2304//1 2305//1 2306//1
f 2307//1 2308//1 2309//1
f 2310//1 2311//1 2312//1
f 2313//1 2314//1 2315//1
f 2316//3 2317//3 2318//3
f 2319//1 2320//1 2321//1
f 2322//1 2323//1 2324//1
f 2325//197 2326//197 2327//197
f 2328//197 2329//197 1982//56
f 1982//198 2330//197 2331//197
f 2332//199 2333//199 2334//199
f 2335//199 2336//199 2003//27
f 2003//27 2337//199 2338//199
f 2339//200 2340//200 2341//200
f 2342//200 2343//200 2024//57
f 2024//201 2344//200 2345//200
f 2346//202 2347//202 1963//203
f 2348//202 2349//202 1962//40
f 1962//40 2350//202 1963//40
f 2351//56 2352//56 2353//56
f 2354//56 2355//56 2353//56
f 2356//56 2351//56 2357//56
f 2358//40 2359//40 2360//40
f 2361//40 2362//40 2363//40
f 2364//57 2365//57 2366//57
f 2367//57 2368//57 2369//57
f 2370//27 2371//27 2372//27
f 2373//27 2374//27 2375//27
f 2376//1 2377//1 2378//1
f 2379//1 2380//1 2381//1
f 2382//204 2383//204 2384//204
f 2383//205 2385//205 2386//205
f 2387//204 2383//204 2388//204
f 2383//205 2389//205 2390//205
f 2391//4 2392//4 2393//4
f 2394//4 2395//4 2391//4
f 2396//4 2397//4 2398//4
f 2399//4 2400//4 2401//4
f 2402//206 2403//206 2404//206
f 2405//206 2406//206 2407//206
f 2408//206 2409//206 2410//206
f 2411//206 2412//206 2413//206
f 2414//40 2415//40 2416//40
f 2417//40 2418//40 2419//40
f 2420//58 2421//59 2422//58
f 2423//59 2424//60 2425//59
f 2426//60 2427//60 2428//59
f 2429//61 2430//61 2431//60
f 2432//62 2433//61 2434//61
f 2435//63 2436//62 2437//62
f 2438//163 2439//62 2440//163
f 2441//64 2442//65 2443//64
f 2444//64 2445//64 2446//66
f 2447//67 2448//67 2449//68
f 2450//69 2451//68 2452//68
f 2453//68 2454//70 2455//70
f 2456//71 2457//72 2458//71
f 2459//72 2460//73 2461//72
f 2462//73 2463//73 2464//72
f 2465//58 2466//58 2467//57
f 2468//74 2469//40 2470//40
f 2471//74 2472//40 2473//74
f 2474//74 2475//74 2476//75
f 2477//74 2478//75 2479//75
f 2480//75 2481//76 2482//75
f 2483//76 2484//76 2485//75
f 2486//73 2487//76 2488//76
f 2489//73 2490//76 2491//73
f 2492//71 2493//72 2494//72
f 2495//68 2496//68 2497//77
f 2498//66 2499//64 2500//66
f 2501//64 2502//65 2503//65
f 2504//62 2505//62 2506//61
f 2507//60 2508//61 2509//60
f 2510//58 2511//57 2512//57
f 2513//59 2514//59 2515//58
f 2516//57 2517//57 2518//57
f 2519//57 2520//57 2521//57
f 2522//27 2523//27 2524//27
f 2525//27 2526//27 2527//27
f 2528//27 2529//27 2530//27
f 2531//27 2532//27 2533//27
f 2534//56 2535//56 2536//56
f 2537//56 2538//56 2539//56
f 2540//78 2541//79 2542//78
f 2543//79 2544//80 2545//79
f 2546//80 2547//80 2548//79
f 2549//81 2550//81 2551//80
f 2552//82 2553//81 2554//81
f 2555//83 2556//82 2557//82
f 2558//83 2559//82 2560//83
f 2561//84 2562//85 2563//84
f 2564//84 2565//84 2566//86
f 2567//87 2568//87 2569//88
f 2570//87 2571//88 2572//88
f 2573//88 2574//89 2575//89
f 2576//96 2577//91 2578//96
f 2579//91 2580//92 2581//91
f 2582//92 2583//92 2584//91
f 2585//78 2586//78 2587//40
f 2588//93 2589//56 2590//56
f 2591//93 2592//56 2593//93
f 2594//93 2595//93 2596//94
f 2597//93 2598//94 2599//94
f 2600//94 2601//95 2602//94
f 2603//95 2604//95 2605//94
f 2606//92 2607//95 2608//95
f 2609//92 2610//95 2611//92
f 2612//96 2613//91 2614//91
f 2615//88 2616//88 2617//89
f 2618//97 2619//84 2620//97
f 2621//84 2622//98 2623//98
f 2624//82 2625//82 2626//81
f 2627//80 2628//81 2629//80
f 2630//78 2631//40 2632//40
f 2633//79 2634//79 2635//78
f 2636//57 2637//57 2638//57
f 2639//57 2640//57 2641//57
f 2642//57 2643//57 2644//57
f 2645//56 2646//56 2647//56
f 2648//56 2649//56 2650//56
f 2651//56 2652//56 2653//56
f 2654//27 2655//27 2656//27
f 2657//27 2658//27 2659//27
f 2660//57 2661//99 2662//57
f 2663//99 2664//99 2665//57
f 2666//100 2667//99 2668//99
f 2669//100 2670//99 2671//100
f 2672//100 2673//100 2674//101
f 2675//100 2676//101 2677//101
f 2678//101 2679//102 2680//101
f 2681//102 2682//102 2683//101
f 2684//103 2685//102 2686//102
f 2687//103 2688//102 2689//103
f 2690//103 2691//103 2692//104
f 2693//103 2694//104 2695//104
f 2696//105 2697//106 2698//105
f 2699//106 2700//106 2701//105
f 2702//107 2703//108 2704//108
f 2705//109 2706//109 2707//110
f 2708//111 2709//112 2710//111
f 2711//112 2712//112 2713//111
f 2714//113 2715//112 2716//112
f 2717//113 2718//112 2719//113
f 2720//113 2721//113 2722//114
f 2723//113 2724//114 2725//114
f 2726//114 2727//115 2728//114
f 2729//115 2730//115 2731//114
f 2732//110 2733//115 2734//115
f 2735//110 2736//115 2737//110
f 2738//110 2739//110 2740//149
f 2741//108 2742//107 2743//107
f 2744//107 2745//116 2746//107
f 2747//117 2748//117 2749//107
f 2750//106 2751//116 2752//116
f 2753//106 2754//106 2755//116
f 2756//57 2757//57 2758//57
f 2759//57 2760//57 2761//57
f 2762//40 2763//40 2764//40
f 2765//40 2766//40 2767//40
f 2768//40 2769//40 2770//40
f 2771//40 2772//40 2773//40
f 2774//56 2775//56 2776//56
f 2777//56 2778//56 2779//56
f 2780//27 2781//119 2782//27
f 2783//119 2784//120 2785//119
f 2786//120 2787//120 2788//119
f 2789//121 2790//121 2791//120
f 2792//122 2793//122 2794//121
f 2795//123 2796//122 2797//122
f 2798//125 2799//123 2800//123
f 2801//125 2802//123 2803//125
f 2804//126 2805//127 2806//126
f 2807//126 2808//126 2809//128
f 2810//128 2811//128 2812//129
f 2813//128 2814//129 2815//129
f 2816//129 2817//130 2818//130
f 2819//131 2820//132 2821//131
f 2822//132 2823//133 2824//132
f 2825//133 2826//133 2827//132
f 2828//134 2829//56 2830//56
f 2831//134 2832//56 2833//134
f 2834//134 2835//134 2836//135
f 2837//134 2838//135 2839//135
f 2840//135 2841//136 2842//135
f 2843//136 2844//136 2845//135
f 2846//133 2847//136 2848//136
f 2849//133 2850//136 2851//133
f 2852//131 2853//132 2854//132
f 2855//129 2856//129 2857//130
f 2858//137 2859//126 2860//137
f 2861//126 2862//127 2863//127
f 2864//123 2865//123 2866//122
f 2867//121 2868//122 2869//121
f 2870//119 2871//27 2872//119
f 2873//120 2874//120 2875//121
f 2876//57 2877//57 2878//57
f 2879//57 2880//57 2881//57
f 2882//57 2883//57 2884//57
f 2885//56 2886//56 2887//56
f 2888//56 2889//56 2890//56
f 2891//56 2892//56 2893//56
f 2894//27 2895//27 2896//138
f 2897//138 2898//27 2899//138
f 2900//139 2901//122 2902//120
f 2903//139 2904//122 2905//122
f 2906//122 2907//122 2908//125
f 2909//125 2910//122 2911//124
f 2912//182 2913//141 2914//127
f 2915//131 2916//137 2917//137
f 2918//183 2919//183 2920//127
f 2921//142 2922//56 2923//56
f 2924//142 2925//142 2926//56
f 2927//135 2928//144 2929//135
f 2930//135 2931//144 2932//144
f 2933//133 2934//133 2935//145
f 2936//145 2937//133 2938//145
f 2939//140 2940//130 2941//130
f 2942//56 2943//164 2944//56
f 2945//56 2946//164 2947//164
f 2948//94 2949//94 2950//166
f 2951//166 2952//94 2953//166
f 2954//89 2955//86 2956//86
f 2957//90 2958//92 2959//90
f 2960//184 2961//98 2962//168
f 2963//90 2964//92 2965//92
f 2966//169 2967//40 2968//40
f 2969//169 2970//169 2971//40
f 2972//79 2973//81 2974//79
f 2975//79 2976//81 2977//81
f 2978//81 2979//81 2980//83
f 2981//83 2982//81 2983//83
f 2984//185 2985//98 2986//185
f 2987//167 2988//89 2989//89
f 2990//57 2991//57 2992//157
f 2993//157 2994//57 2995//157
f 2996//171 2997//186 2998//59
f 2999//171 3000//171 3001//59
f 3002//61 3003//163 3004//61
f 3005//61 3006//163 3007//163
f 3008//63 3009//66 3010//66
f 3011//40 3012//40 3013//160
f 3014//160 3015//160 3016//40
f 3017//75 3018//73 3019//75
f 3020//75 3021//73 3022//73
f 3023//73 3024//73 3025//71
f 3026//77 3027//73 3028//77
f 3029//207 3030//158 3031//70
f 3032//208 3033//208 3034//70
f 3035//172 3036//63 3037//63
f 3038//135 3039//144 3040//143
f 3041//133 3042//145 3043//133
f 3044//145 3045//131 3046//133
f 3047//140 3048//140 3049//130
f 3050//141 3051//140 3052//140
f 3053//122 3054//125 3055//125
f 3056//122 3057//125 3058//122
f 3059//142 3060//142 3061//56
f 3062//138 3063//27 3064//27
f 3065//138 3066//27 3067//138
f 3068//139 3069//139 3070//175
f 3071//139 3072//175 3073//175
f 3074//127 3075//141 3076//173
f 3077//130 3078//140 3079//130
f 3080//142 3081//56 3082//56
f 3083//144 3084//144 3085//143
f 3086//148 3087//176 3088//148
f 3089//115 3090//109 3091//115
f 3092//109 3093//149 3094//115
f 3095//150 3096//150 3097//108
f 3098//209 3099//150 3100//150
f 3101//102 3102//153 3103//153
f 3104//102 3105//153 3106//102
f 3107//147 3108//147 3109//27
f 3110//154 3111//57 3112//57
f 3113//154 3114//57 3115//154
f 3116//100 3117//100 3118//155
f 3119//178 3120//155 3121//155
f 3122//209 3123//209 3124//177
f 3125//108 3126//150 3127//151
f 3128//147 3129//27 3130//27
f 3131//176 3132//176 3133//148
f 3134//79 3135//179 3136//79
f 3137//81 3138//83 3139//81
f 3140//83 3141//83 3142//81
f 3143//181 3144//181 3145//168
f 3146//89 3147//167 3148//167
f 3149//92 3150//90 3151//90
f 3152//92 3153//90 3154//92
f 3155//56 3156//56 3157//164
f 3158//56 3159//164 3160//164
f 3161//94 3162//166 3163//94
f 3164//169 3165//169 3166//40
f 3167//166 3168//94 3169//166
f 3170//169 3171//40 3172//40
f 3173//79 3174//179 3175//179
f 3176//98 3177//86 3178//98
f 3179//89 3180//89 3181//167
f 3182//157 3183//157 3184//57
f 3185//171 3186//59 3187//186
f 3188//163 3189//61 3190//61
f 3191//163 3192//61 3193//163
f 3194//162 3195//161 3196//162
f 3197//159 3198//159 3199//70
f 3200//77 3201//77 3202//73
f 3203//40 3204//160 3205//40
f 3206//160 3207//160 3208//40
f 3209//187 3210//75 3211//75
f 3212//187 3213//75 3214//187
f 3215//73 3216//73 3217//71
f 3218//158 3219//70 3220//69
f 3221//161 3222//159 3223//161
f 3224//157 3225//57 3226//57
f 3227//171 3228//171 3229//59
f 3230//27 3231//27 3232//147
f 3233//148 3234//113 3235//115
f 3236//115 3237//113 3238//115
f 3239//149 3240//115 3241//149
f 3242//210 3243//108 3244//151
f 3245//105 3246//117 3247//117
f 3248//105 3249//104 3250//152
f 3251//153 3252//102 3253//153
f 3254//57 3255//154 3256//154
f 3257//154 3258//57 3259//57
f 3260//178 3261//155 3262//178
f 3263//150 3264//150 3265//108
f 3266//102 3267//153 3268//102
f 3269//147 3270//147 3271//27
f 3272//100 3273//155 3274//155
f 3275//115 3276//109 3277//115
f 3278//40 3279//40 3280//40
f 3279//40 3281//40 3282//40
f 3283//56 3284//56 3285//56
f 3286//56 3287//56 3285//56
f 3288//56 3289//56 3290//56
f 3291//40 3292//40 3293//40
f 3294//188 3295//188 3291//188
f 3296//40 3291//40 3297//40
f 3298//56 3299//56 3300//56
f 3301//56 3302//56 3303//56
f 3304//27 3305//27 3306//27
f 3307//27 3308//27 3306//27
f 3309//27 3310//27 3311//27
f 3312//56 3313//56 3314//56
f 3315//56 3316//56 3312//56
f 3317//56 3312//56 3318//56
f 3319//27 3320//27 3321//27
f 3322//27 3323//27 3324//27
f 3325//201 3326//201 3327//201
f 3328//57 3329//57 3327//57
f 3330//57 3331//57 3332//57
f 3333//27 3334//27 3335//27
f 3336//27 3337//27 3333//27
f 3338//27 3333//27 3339//27
f 3340//57 3341//57 3342//57
f 3343//57 3344//57 3345//57
f 3346//40 3347//40 3348//40
f 3349//190 3350//190 3348//190
f 3351//40 3352//40 3353//40
f 3354//94 3355//94 3356//56
f 3357//166 3355//94 3354//94
f 3358//96 3359//191 3357//166
f 3360//96 3359//191 3358//96
f 3361//86 3360//96 3362//87
f 3361//86 3362//87 3363//83
f 3364//85 3363//83 3365//81
f 3364//85 3365//81 3366//192
f 3366//192 3367//79 3368//79
f 3367//79 3369//40 3368//79
f 3369//40 3370//75 3371//40
f 3370//75 3372//75 3371//40
f 3373//193 3374//73 3372//75
f 3375//77 3374//73 3373//193
f 3376//66 3377//77 3375//77
f 3378//66 3377//77 3376//66
f 3379//63 3378//66 3380//63
f 3379//63 3380//63 3381//194
f 3382//61 3381//194 3383//59
f 3382//61 3383//59 3384//59
f 3384//59 3385//57 3386//57
f 3385//57 3387//100 3386//57
f 3388//100 3389//102 3390//195
f 3390//195 3389//102 3391//104
f 3392//27 3393//27 3394//113
f 3395//120 3396//120 3393//27
f 3397//122 3398//175 3396//120
f 3399//124 3400//124 3398//175
f 3401//211 3400//124 3399//124
f 3402//131 3403//128 3401//211
f 3404//131 3403//128 3402//131
f 3405//133 3404//131 3406//196
f 3380//63 3378//66 3376//66
f 3407//135 3408//135 3356//56
f 3405//133 3408//135 3407//135
f 3406//196 3408//135 3405//133
f 3402//131 3406//196 3404//131
f 3400//124 3401//211 3403//128
f 3398//175 3397//122 3399//124
f 3396//120 3395//120 3397//122
f 3407//135 3356//56 3409//56
f 3393//27 3392//27 3395//120
f 3394//113 3410//113 3392//27
f 3411//115 3410//113 3394//113
f 3412//176 3410//113 3411//115
f 3412//176 3411//115 3413//149
f 3412//176 3413//149 3414//149
f 3413//149 3415//150 3414//149
f 3415//150 3416//116 3414//149
f 3417//104 3416//116 3415//150
f 3391//104 3416//116 3417//104
f 3391//104 3417//104 3390//195
f 3389//102 3388//100 3387//100
f 3388//100 3386//57 3387//100
f 3385//57 3384//59 3383//59
f 3381//194 3382//61 3379//63
f 3374//73 3375//77 3377//77
f 3372//75 3370//75 3373//193
f 3371//40 3368//79 3369//40
f 3367//79 3366//192 3365//81
f 3363//83 3364//85 3361//86
f 3358//96 3362//87 3360//96
f 3355//94 3357//166 3359//191
f 3355//94 3409//56 3356//56
f 3418//57 3419//57 3420//57
f 3421//57 3422//57 3423//57
f 3424//57 3425//57 3426//57
f 3427//1 3428//1 3429//1
f 3430//1 3431//1 3432//1
f 3433//1 3434//1 3435//1
f 3436//1 3437//1 3438//1
f 3427//1 3439//1 3440//1
f 3441//1 3442//1 3443//1
f 3444//1 3445//1 3446//1
f 3430//1 3447//1 3448//1
f 3449//1 3450//1 3451//1
f 3452//1 3453//1 3454//1
f 3455//1 3456//1 3457//1
f 3458//1 3459//1 3460//1
f 3461//1 3462//1 3463//1
f 3464//1 3465//1 3466//1
f 3467//1 3468//1 3469//1
f 3470//1 3471//1 3427//1
f 3472//1 3473//1 3427//1
f 3474//1 3475//1 3476//1
f 3477//1 3478//1 3479//1
f 3480//1 3481//1 3482//1
f 3483//1 3484//1 3485//1
f 3486//1 3487//1 3488//1
f 3488//1 3489//1 3490//1
f 3491//1 3492//1 3488//1
f 3493//1 3494//1 3488//1
f 3495//1 3496//1 3488//1
f 3497//1 3498//1 3499//1
f 3500//1 3501//1 3502//1
f 3488//1 3503//1 3504//1
f 3455//1 3505//1 3506//1
f 3507//1 3508//1 3455//1
f 3509//1 3510//1 3455//1
f 3511//1 3512//1 3513//1
f 3514//1 3515//1 3516//1
f 3517//1 3518//1 3519//1
f 3520//1 3521//1 3522//1
f 3430//1 3523//1 3524//1
f 3430//1 3525//1 3526//1
f 3527//1 3528//1 3430//1
f 3529//1 3530//1 3430//1
f 3531//1 3532//1 3533//1
f 3534//1 3535//1 3536//1
f 3537//1 3538//1 3539//1
f 3540//1 3541//1 3542//1
f 3427//1 3543//1 3544//1
f 3455//1 3545//1 3546//1
f 3427//1 3547//1 3548//1
f 3455//1 3549//1 3550//1
f 3551//1 3552//1 3553//1
f 3554//2 3555//2 3556//2
f 3557//1 3558//1 3559//1
f 3560//1 3561//1 3562//1
f 3563//1 3564//1 3565//1
f 3566//1 3567//1 3568//1
f 3569//1 3570//1 3571//1
f 3572//1 3573//1 3574//1
f 3575//1 3576//1 3577//1
f 3578//1 3579//1 3580//1
f 3581//1 3582//1 3583//1
f 3584//1 3585//1 3586//1
f 3587//1 3588//1 3589//1
f 3590//1 3591//1 3592//1
f 3593//1 3594//1 3595//1
f 3596//1 3597//1 3598//1
f 3599//1 3600//1 3601//1
f 3602//1 3603//1 3604//1
f 3605//1 3606//1 3607//1
f 3608//1 3609//1 3610//1
f 3611//1 3612//1 3613//1
f 3614//1 3615//1 3616//1
f 3617//1 3618//1 3619//1
f 3620//1 3621//1 3622//1
f 3623//1 3624//1 3625//1
f 3626//1 3627//1 3628//1
f 3629//1 3630//1 3631//1
f 3632//3 3633//3 3634//3
f 3635//1 3636//1 3637//1
f 3638//1 3639//1 3640//1
f 3641//197 3642//197 3643//197
f 3644//197 3645//197 3298//56
f 3298//56 3646//197 3647//197
f 3648//199 3649//199 3650//199
f 3651//199 3652//199 3319//212
f 3319//27 3653//199 3654//199
f 3655//200 3656//200 3657//200
f 3658//200 3659//200 3340//57
f 3340//57 3660//200 3661//200
f 3662//202 3663//202 3279//40
f 3664//202 3665//202 3278//40
f 3278//40 3666//202 3279//40
f 3667//56 3668//56 3669//56
f 3669//56 3670//56 3671//56
f 3672//40 3673//40 3674//40
f 3675//40 3676//40 3677//40
f 3678//57 3679//57 3680//57
f 3681//57 3682//57 3683//57
f 3684//57 3678//57 3685//57
f 3686//27 3687//27 3688//27
f 3689//27 3690//27 3691//27
f 3692//1 3693//1 3694//1
f 3695//1 3696//1 3697//1
