# Blender 4.4.3
# www.blender.org
mtllib Mesh_15.009.mtl
o Mesh_15.009
v -0.000360 0.008803 -0.003222
v -0.000360 0.008803 -0.003200
v -0.000360 0.008763 -0.003222
v -0.000360 0.008898 -0.004000
v -0.000360 0.008993 -0.004000
v -0.000360 0.008949 -0.003904
v -0.000360 0.008708 -0.004000
v -0.000360 0.008763 -0.003978
v -0.000360 0.008763 -0.003958
v -0.000360 0.008708 -0.003200
v -0.000360 0.008613 -0.003200
v -0.000360 0.008657 -0.003296
v -0.000360 0.008898 -0.003200
v -0.000360 0.008843 -0.003222
v -0.000360 0.008843 -0.003242
v -0.000360 0.008783 -0.003430
v -0.000360 0.008726 -0.003464
v -0.000360 0.008723 -0.003470
v -0.000360 0.008783 -0.003420
v -0.000360 0.008773 -0.003420
v -0.000360 0.008880 -0.003464
v -0.000360 0.008823 -0.003430
v -0.000360 0.008883 -0.003470
v -0.000360 0.008833 -0.003420
v -0.000360 0.008875 -0.003440
v -0.000360 0.008833 -0.003380
v -0.000360 0.008875 -0.003360
v -0.000360 0.008878 -0.003459
v -0.000360 0.008877 -0.003452
v -0.000360 0.008823 -0.003370
v -0.000360 0.008876 -0.003354
v -0.000360 0.008783 -0.003370
v -0.000360 0.008763 -0.003242
v -0.000360 0.008878 -0.003341
v -0.000360 0.008880 -0.003336
v -0.000360 0.008877 -0.003348
v -0.000360 0.008731 -0.003360
v -0.000360 0.008731 -0.003440
v -0.000360 0.008730 -0.003446
v -0.000360 0.008823 -0.003380
v -0.000360 0.009003 -0.003749
v -0.000360 0.009003 -0.003747
v -0.000360 0.009002 -0.003751
v -0.000360 0.009001 -0.003753
v -0.000360 0.008999 -0.003755
v -0.000360 0.009000 -0.003754
v -0.000360 0.008995 -0.003757
v -0.000360 0.008997 -0.003756
v -0.000360 0.008959 -0.003704
v -0.000360 0.008959 -0.003706
v -0.000360 0.008958 -0.003702
v -0.000360 0.008957 -0.003700
v -0.000360 0.008956 -0.003699
v -0.000360 0.008957 -0.003500
v -0.000360 0.008956 -0.003501
v -0.000360 0.008955 -0.003698
v -0.000360 0.008955 -0.003502
v -0.000360 0.008953 -0.003697
v -0.000360 0.008953 -0.003503
v -0.000360 0.008951 -0.003696
v -0.000360 0.008951 -0.003504
v -0.000360 0.008949 -0.003504
v -0.000360 0.008949 -0.003696
v -0.000360 0.008939 -0.003696
v -0.000360 0.008939 -0.003504
v -0.000360 0.008933 -0.003696
v -0.000360 0.008933 -0.003504
v -0.000360 0.008927 -0.003697
v -0.000360 0.008927 -0.003503
v -0.000360 0.008921 -0.003699
v -0.000360 0.008921 -0.003501
v -0.000360 0.008915 -0.003701
v -0.000360 0.008915 -0.003499
v -0.000360 0.008909 -0.003704
v -0.000360 0.008909 -0.003496
v -0.000360 0.008904 -0.003707
v -0.000360 0.008899 -0.003711
v -0.000360 0.008899 -0.003489
v -0.000360 0.008707 -0.003711
v -0.000360 0.008904 -0.003493
v -0.000360 0.008823 -0.003770
v -0.000360 0.008886 -0.003724
v -0.000360 0.008720 -0.003724
v -0.000360 0.008716 -0.003719
v -0.000360 0.008890 -0.003719
v -0.000360 0.008876 -0.003754
v -0.000360 0.008877 -0.003748
v -0.000360 0.008880 -0.003736
v -0.000360 0.008883 -0.003730
v -0.000360 0.008894 -0.003715
v -0.000360 0.008712 -0.003715
v -0.000360 0.008959 -0.003757
v -0.000360 0.008993 -0.003757
v -0.000360 0.008833 -0.003820
v -0.000360 0.008875 -0.003840
v -0.000360 0.008833 -0.003780
v -0.000360 0.008823 -0.003830
v -0.000360 0.008876 -0.003846
v -0.000360 0.008877 -0.003852
v -0.000360 0.008880 -0.003864
v -0.000360 0.008878 -0.003859
v -0.000360 0.008883 -0.003870
v -0.000360 0.008843 -0.003958
v -0.000360 0.008890 -0.003881
v -0.000360 0.008886 -0.003876
v -0.000360 0.008899 -0.003889
v -0.000360 0.008904 -0.003893
v -0.000360 0.008894 -0.003885
v -0.000360 0.008909 -0.003896
v -0.000360 0.008915 -0.003899
v -0.000360 0.008921 -0.003901
v -0.000360 0.008843 -0.003978
v -0.000360 0.008927 -0.003903
v -0.000360 0.008933 -0.003904
v -0.000360 0.008939 -0.003904
v -0.000360 0.009003 -0.003990
v -0.000360 0.008951 -0.003904
v -0.000360 0.008955 -0.003902
v -0.000360 0.008953 -0.003903
v -0.000360 0.008956 -0.003901
v -0.000360 0.008957 -0.003900
v -0.000360 0.008958 -0.003898
v -0.000360 0.009003 -0.003853
v -0.000360 0.008959 -0.003896
v -0.000360 0.008993 -0.003843
v -0.000360 0.008959 -0.003843
v -0.000360 0.008959 -0.003894
v -0.000360 0.008995 -0.003843
v -0.000360 0.008997 -0.003844
v -0.000360 0.008999 -0.003845
v -0.000360 0.009001 -0.003847
v -0.000360 0.009000 -0.003846
v -0.000360 0.009003 -0.003851
v -0.000360 0.009002 -0.003849
v -0.000360 0.009003 -0.003992
v -0.000360 0.009002 -0.003994
v -0.000360 0.008999 -0.003998
v -0.000360 0.009000 -0.003997
v -0.000360 0.008995 -0.004000
v -0.000360 0.008997 -0.003999
v -0.000360 0.009001 -0.003996
v -0.000360 0.008673 -0.003904
v -0.000360 0.008666 -0.003904
v -0.000360 0.008657 -0.003904
v -0.000360 0.008613 -0.004000
v -0.000360 0.008655 -0.003904
v -0.000360 0.008609 -0.003999
v -0.000360 0.008611 -0.004000
v -0.000360 0.008603 -0.003990
v -0.000360 0.008607 -0.003998
v -0.000360 0.008606 -0.003997
v -0.000360 0.008604 -0.003994
v -0.000360 0.008605 -0.003996
v -0.000360 0.008649 -0.003900
v -0.000360 0.008648 -0.003898
v -0.000360 0.008603 -0.003853
v -0.000360 0.008647 -0.003896
v -0.000360 0.008647 -0.003894
v -0.000360 0.008613 -0.003843
v -0.000360 0.008603 -0.003851
v -0.000360 0.008604 -0.003849
v -0.000360 0.008605 -0.003847
v -0.000360 0.008607 -0.003845
v -0.000360 0.008606 -0.003846
v -0.000360 0.008609 -0.003844
v -0.000360 0.008611 -0.003843
v -0.000360 0.008650 -0.003901
v -0.000360 0.008651 -0.003902
v -0.000360 0.008653 -0.003903
v -0.000360 0.008647 -0.003843
v -0.000360 0.008603 -0.003992
v -0.000360 0.008679 -0.003903
v -0.000360 0.008691 -0.003899
v -0.000360 0.008685 -0.003901
v -0.000360 0.008697 -0.003896
v -0.000360 0.008702 -0.003893
v -0.000360 0.008716 -0.003881
v -0.000360 0.008712 -0.003885
v -0.000360 0.008707 -0.003889
v -0.000360 0.008720 -0.003876
v -0.000360 0.008723 -0.003870
v -0.000360 0.008783 -0.003830
v -0.000360 0.008726 -0.003864
v -0.000360 0.008728 -0.003859
v -0.000360 0.008729 -0.003852
v -0.000360 0.008731 -0.003840
v -0.000360 0.008773 -0.003820
v -0.000360 0.008731 -0.003760
v -0.000360 0.008730 -0.003846
v -0.000360 0.008773 -0.003780
v -0.000360 0.008783 -0.003770
v -0.000360 0.008730 -0.003754
v -0.000360 0.008729 -0.003748
v -0.000360 0.008726 -0.003736
v -0.000360 0.008728 -0.003741
v -0.000360 0.008723 -0.003730
v -0.000360 0.008878 -0.003741
v -0.000360 0.008707 -0.003489
v -0.000360 0.008702 -0.003707
v -0.000360 0.008702 -0.003493
v -0.000360 0.008697 -0.003704
v -0.000360 0.008697 -0.003496
v -0.000360 0.008691 -0.003701
v -0.000360 0.008691 -0.003499
v -0.000360 0.008685 -0.003699
v -0.000360 0.008685 -0.003501
v -0.000360 0.008679 -0.003697
v -0.000360 0.008679 -0.003503
v -0.000360 0.008673 -0.003696
v -0.000360 0.008673 -0.003504
v -0.000360 0.008666 -0.003696
v -0.000360 0.008666 -0.003504
v -0.000360 0.008657 -0.003696
v -0.000360 0.008657 -0.003504
v -0.000360 0.008651 -0.003502
v -0.000360 0.008651 -0.003698
v -0.000360 0.008653 -0.003503
v -0.000360 0.008647 -0.003706
v -0.000360 0.008603 -0.003747
v -0.000360 0.008613 -0.003757
v -0.000360 0.008649 -0.003700
v -0.000360 0.008650 -0.003699
v -0.000360 0.008650 -0.003501
v -0.000360 0.008647 -0.003757
v -0.000360 0.008655 -0.003696
v -0.000360 0.008875 -0.003760
v -0.000360 0.008611 -0.003757
v -0.000360 0.008607 -0.003755
v -0.000360 0.008609 -0.003756
v -0.000360 0.008606 -0.003754
v -0.000360 0.008605 -0.003753
v -0.000360 0.008647 -0.003704
v -0.000360 0.008649 -0.003500
v -0.000360 0.008648 -0.003498
v -0.000360 0.008603 -0.003453
v -0.000360 0.008647 -0.003496
v -0.000360 0.008647 -0.003494
v -0.000360 0.008613 -0.003443
v -0.000360 0.008603 -0.003451
v -0.000360 0.008611 -0.003443
v -0.000360 0.008609 -0.003444
v -0.000360 0.008606 -0.003446
v -0.000360 0.008605 -0.003447
v -0.000360 0.008607 -0.003445
v -0.000360 0.008648 -0.003702
v -0.000360 0.008647 -0.003443
v -0.000360 0.008653 -0.003697
v -0.000360 0.008655 -0.003504
v -0.000360 0.008712 -0.003485
v -0.000360 0.008894 -0.003485
v -0.000360 0.008890 -0.003481
v -0.000360 0.008716 -0.003481
v -0.000360 0.008720 -0.003476
v -0.000360 0.008886 -0.003476
v -0.000360 0.008728 -0.003459
v -0.000360 0.008729 -0.003452
v -0.000360 0.008773 -0.003380
v -0.000360 0.008883 -0.003330
v -0.000360 0.008730 -0.003354
v -0.000360 0.008729 -0.003348
v -0.000360 0.008728 -0.003341
v -0.000360 0.008720 -0.003324
v -0.000360 0.008723 -0.003330
v -0.000360 0.008726 -0.003336
v -0.000360 0.008716 -0.003319
v -0.000360 0.008783 -0.003380
v -0.000360 0.008685 -0.003299
v -0.000360 0.008691 -0.003301
v -0.000360 0.008679 -0.003297
v -0.000360 0.008697 -0.003304
v -0.000360 0.008702 -0.003307
v -0.000360 0.008707 -0.003311
v -0.000360 0.008673 -0.003296
v -0.000360 0.008666 -0.003296
v -0.000360 0.008603 -0.003210
v -0.000360 0.008655 -0.003296
v -0.000360 0.008651 -0.003298
v -0.000360 0.008653 -0.003297
v -0.000360 0.008650 -0.003299
v -0.000360 0.008649 -0.003300
v -0.000360 0.008648 -0.003302
v -0.000360 0.008603 -0.003347
v -0.000360 0.008647 -0.003304
v -0.000360 0.008712 -0.003315
v -0.000360 0.008647 -0.003306
v -0.000360 0.008613 -0.003357
v -0.000360 0.008647 -0.003357
v -0.000360 0.008876 -0.003446
v -0.000360 0.008604 -0.003449
v -0.000360 0.008607 -0.003355
v -0.000360 0.008606 -0.003354
v -0.000360 0.008605 -0.003353
v -0.000360 0.008604 -0.003351
v -0.000360 0.008603 -0.003208
v -0.000360 0.008604 -0.003206
v -0.000360 0.008605 -0.003204
v -0.000360 0.008933 -0.003296
v -0.000360 0.008939 -0.003296
v -0.000360 0.008949 -0.003296
v -0.000360 0.008993 -0.003200
v -0.000360 0.008951 -0.003296
v -0.000360 0.008997 -0.003201
v -0.000360 0.008995 -0.003200
v -0.000360 0.009003 -0.003210
v -0.000360 0.008999 -0.003202
v -0.000360 0.009000 -0.003203
v -0.000360 0.009002 -0.003206
v -0.000360 0.009001 -0.003204
v -0.000360 0.008957 -0.003300
v -0.000360 0.008958 -0.003302
v -0.000360 0.009003 -0.003347
v -0.000360 0.008959 -0.003304
v -0.000360 0.008959 -0.003306
v -0.000360 0.008993 -0.003357
v -0.000360 0.009003 -0.003349
v -0.000360 0.009002 -0.003351
v -0.000360 0.009001 -0.003353
v -0.000360 0.008999 -0.003355
v -0.000360 0.009000 -0.003354
v -0.000360 0.008997 -0.003356
v -0.000360 0.008995 -0.003357
v -0.000360 0.008956 -0.003299
v -0.000360 0.008955 -0.003298
v -0.000360 0.008953 -0.003297
v -0.000360 0.008959 -0.003357
v -0.000360 0.009003 -0.003208
v -0.000360 0.008927 -0.003297
v -0.000360 0.008915 -0.003301
v -0.000360 0.008921 -0.003299
v -0.000360 0.008909 -0.003304
v -0.000360 0.008904 -0.003307
v -0.000360 0.008890 -0.003319
v -0.000360 0.008894 -0.003315
v -0.000360 0.008899 -0.003311
v -0.000360 0.008886 -0.003324
v -0.000360 0.008603 -0.003349
v -0.000360 0.008606 -0.003203
v -0.000360 0.008607 -0.003202
v -0.000360 0.008609 -0.003201
v -0.000360 0.008611 -0.003357
v -0.000360 0.008823 -0.003420
v -0.000360 0.008958 -0.003498
v -0.000360 0.009003 -0.003453
v -0.000360 0.008959 -0.003496
v -0.000360 0.008611 -0.003200
v -0.000360 0.008959 -0.003494
v -0.000360 0.008993 -0.003443
v -0.000360 0.008959 -0.003443
v -0.000360 0.008995 -0.003443
v -0.000360 0.008997 -0.003444
v -0.000360 0.008609 -0.003356
v -0.000360 0.009002 -0.003449
v -0.000360 0.009001 -0.003447
v -0.000360 0.009000 -0.003446
v -0.000360 0.008999 -0.003445
v -0.000360 0.009003 -0.003451
v -0.000360 0.008803 -0.004000
v -0.000360 0.008604 -0.003751
v -0.000360 0.008803 -0.003978
v -0.000360 0.008783 -0.003820
v -0.000360 0.008823 -0.003820
v -0.000360 0.008823 -0.003780
v -0.000360 0.008603 -0.003749
v -0.000360 0.008783 -0.003780
v -0.000400 0.008970 -0.003520
v -0.000400 0.008959 -0.003494
v -0.000400 0.008970 -0.003443
v -0.000400 0.008636 -0.003520
v -0.000400 0.008636 -0.003443
v -0.000400 0.008647 -0.003494
v -0.000400 0.008636 -0.003278
v -0.000400 0.008647 -0.003306
v -0.000400 0.008636 -0.003357
v -0.000400 0.008970 -0.003278
v -0.000400 0.008970 -0.003357
v -0.000400 0.008959 -0.003306
v -0.000400 0.008959 -0.003443
v -0.000400 0.008970 -0.003597
v -0.000400 0.008904 -0.003493
v -0.000400 0.008909 -0.003496
v -0.000400 0.008636 -0.003597
v -0.000400 0.008803 -0.003597
v -0.000400 0.008647 -0.003496
v -0.000400 0.008647 -0.003443
v -0.000400 0.008673 -0.003504
v -0.000400 0.008648 -0.003498
v -0.000400 0.008649 -0.003500
v -0.000400 0.008650 -0.003501
v -0.000400 0.008651 -0.003502
v -0.000400 0.008653 -0.003503
v -0.000400 0.008655 -0.003504
v -0.000400 0.008657 -0.003504
v -0.000400 0.008666 -0.003504
v -0.000400 0.008679 -0.003503
v -0.000400 0.008685 -0.003501
v -0.000400 0.008691 -0.003499
v -0.000400 0.008697 -0.003496
v -0.000400 0.008702 -0.003493
v -0.000400 0.008707 -0.003489
v -0.000400 0.008899 -0.003489
v -0.000400 0.008894 -0.003485
v -0.000400 0.008712 -0.003485
v -0.000400 0.008716 -0.003481
v -0.000400 0.008890 -0.003481
v -0.000400 0.008720 -0.003476
v -0.000400 0.008886 -0.003476
v -0.000400 0.008723 -0.003470
v -0.000400 0.008726 -0.003464
v -0.000400 0.008883 -0.003470
v -0.000400 0.008880 -0.003464
v -0.000400 0.008877 -0.003452
v -0.000400 0.008729 -0.003452
v -0.000400 0.008730 -0.003446
v -0.000400 0.008876 -0.003446
v -0.000400 0.008731 -0.003440
v -0.000400 0.008875 -0.003440
v -0.000400 0.008731 -0.003360
v -0.000400 0.008730 -0.003354
v -0.000400 0.008875 -0.003360
v -0.000400 0.008876 -0.003354
v -0.000400 0.008877 -0.003348
v -0.000400 0.008729 -0.003348
v -0.000400 0.008728 -0.003341
v -0.000400 0.008878 -0.003341
v -0.000400 0.008726 -0.003336
v -0.000400 0.008883 -0.003330
v -0.000400 0.008880 -0.003336
v -0.000400 0.008723 -0.003330
v -0.000400 0.008720 -0.003324
v -0.000400 0.008894 -0.003315
v -0.000400 0.008712 -0.003315
v -0.000400 0.008707 -0.003311
v -0.000400 0.008890 -0.003319
v -0.000400 0.008636 -0.003200
v -0.000400 0.008904 -0.003307
v -0.000400 0.008702 -0.003307
v -0.000400 0.008899 -0.003311
v -0.000400 0.008673 -0.003296
v -0.000400 0.008685 -0.003299
v -0.000400 0.008679 -0.003297
v -0.000400 0.008666 -0.003296
v -0.000400 0.008691 -0.003301
v -0.000400 0.008657 -0.003296
v -0.000400 0.008655 -0.003296
v -0.000400 0.008653 -0.003297
v -0.000400 0.008651 -0.003298
v -0.000400 0.008650 -0.003299
v -0.000400 0.008697 -0.003304
v -0.000400 0.008649 -0.003300
v -0.000400 0.008648 -0.003302
v -0.000400 0.008716 -0.003319
v -0.000400 0.008886 -0.003324
v -0.000400 0.008647 -0.003304
v -0.000400 0.008959 -0.003357
v -0.000400 0.008959 -0.003304
v -0.000400 0.008933 -0.003296
v -0.000400 0.008970 -0.003200
v -0.000400 0.008958 -0.003302
v -0.000400 0.008957 -0.003300
v -0.000400 0.008956 -0.003299
v -0.000400 0.008955 -0.003298
v -0.000400 0.008953 -0.003297
v -0.000400 0.008951 -0.003296
v -0.000400 0.008949 -0.003296
v -0.000400 0.008939 -0.003296
v -0.000400 0.008927 -0.003297
v -0.000400 0.008921 -0.003299
v -0.000400 0.008915 -0.003301
v -0.000400 0.008909 -0.003304
v -0.000400 0.008647 -0.003357
v -0.000400 0.008878 -0.003459
v -0.000400 0.008728 -0.003459
v -0.000400 0.008915 -0.003499
v -0.000400 0.008921 -0.003501
v -0.000400 0.008927 -0.003503
v -0.000400 0.008933 -0.003504
v -0.000400 0.008939 -0.003504
v -0.000400 0.008953 -0.003503
v -0.000400 0.008951 -0.003504
v -0.000400 0.008949 -0.003504
v -0.000400 0.008955 -0.003502
v -0.000400 0.008956 -0.003501
v -0.000400 0.008957 -0.003500
v -0.000400 0.008958 -0.003498
v -0.000400 0.008959 -0.003496
v -0.000400 0.008970 -0.003520
v -0.000400 0.008970 -0.003443
v -0.000367 0.009003 -0.003453
v -0.000373 0.008997 -0.003594
v -0.000400 0.008970 -0.003520
v -0.000373 0.008997 -0.003605
v -0.000367 0.009003 -0.003747
v -0.000400 0.008970 -0.003602
v -0.000400 0.008970 -0.003680
v -0.000400 0.008970 -0.003757
v -0.000400 0.008970 -0.003597
v -0.000400 0.008970 -0.003520
v -0.000377 0.008993 -0.003757
v -0.000375 0.008995 -0.003757
v -0.000373 0.008997 -0.003756
v -0.000371 0.008999 -0.003755
v -0.000370 0.009000 -0.003754
v -0.000369 0.009001 -0.003753
v -0.000367 0.009003 -0.003749
v -0.000368 0.009002 -0.003751
v -0.000400 0.008970 -0.003443
v -0.000377 0.008993 -0.003443
v -0.000375 0.008995 -0.003443
v -0.000373 0.008997 -0.003444
v -0.000371 0.008999 -0.003445
v -0.000370 0.009000 -0.003446
v -0.000369 0.009001 -0.003447
v -0.000368 0.009002 -0.003449
v -0.000367 0.009003 -0.003451
v -0.000368 0.009002 -0.003206
v -0.000367 0.009003 -0.003208
v -0.000367 0.009003 -0.003210
v -0.000369 0.009001 -0.003204
v -0.000370 0.009000 -0.003203
v -0.000371 0.008999 -0.003202
v -0.000373 0.008997 -0.003201
v -0.000375 0.008995 -0.003200
v -0.000377 0.008993 -0.003200
v -0.000400 0.008970 -0.003200
v -0.000400 0.008970 -0.003278
v -0.000400 0.008970 -0.003278
v -0.000367 0.009003 -0.003347
v -0.000377 0.008993 -0.003357
v -0.000375 0.008995 -0.003357
v -0.000373 0.008997 -0.003356
v -0.000371 0.008999 -0.003355
v -0.000370 0.009000 -0.003354
v -0.000368 0.009002 -0.003351
v -0.000369 0.009001 -0.003353
v -0.000367 0.009003 -0.003349
v -0.000400 0.008970 -0.003357
v -0.000400 0.008970 -0.003200
v -0.000400 0.008970 -0.003357
v -0.000400 0.008970 -0.003278
v -0.000360 0.009003 -0.003747
v -0.000367 0.009003 -0.003747
v -0.000360 0.009003 -0.003453
v -0.000360 0.009003 -0.003453
v -0.000367 0.009003 -0.003747
v -0.000367 0.009003 -0.003453
v -0.000367 0.009003 -0.003210
v -0.000360 0.009003 -0.003210
v -0.000367 0.009003 -0.003347
v -0.000367 0.009003 -0.003347
v -0.000360 0.009003 -0.003210
v -0.000360 0.009003 -0.003347
v -0.000368 0.008604 -0.003751
v -0.000367 0.008603 -0.003749
v -0.000367 0.008603 -0.003747
v -0.000369 0.008605 -0.003753
v -0.000370 0.008606 -0.003754
v -0.000371 0.008607 -0.003755
v -0.000373 0.008609 -0.003756
v -0.000375 0.008611 -0.003757
v -0.000377 0.008613 -0.003757
v -0.000400 0.008636 -0.003680
v -0.000400 0.008636 -0.003602
v -0.000373 0.008609 -0.003605
v -0.000373 0.008609 -0.003594
v -0.000367 0.008603 -0.003453
v -0.000400 0.008636 -0.003520
v -0.000400 0.008636 -0.003520
v -0.000400 0.008636 -0.003597
v -0.000400 0.008636 -0.003443
v -0.000400 0.008636 -0.003520
v -0.000375 0.008611 -0.003443
v -0.000373 0.008609 -0.003444
v -0.000371 0.008607 -0.003445
v -0.000370 0.008606 -0.003446
v -0.000369 0.008605 -0.003447
v -0.000367 0.008603 -0.003451
v -0.000368 0.008604 -0.003449
v -0.000377 0.008613 -0.003443
v -0.000400 0.008636 -0.003757
v -0.000400 0.008636 -0.003443
v -0.000367 0.008603 -0.003747
v -0.000360 0.008603 -0.003747
v -0.000367 0.008603 -0.003453
v -0.000367 0.008603 -0.003453
v -0.000360 0.008603 -0.003747
v -0.000360 0.008603 -0.003453
v -0.000400 0.008970 -0.003680
v -0.000400 0.008970 -0.003757
v -0.000400 0.008959 -0.003706
v -0.000400 0.008970 -0.003921
v -0.000400 0.008959 -0.003894
v -0.000400 0.008970 -0.003843
v -0.000400 0.008636 -0.003921
v -0.000400 0.008636 -0.003843
v -0.000400 0.008647 -0.003894
v -0.000400 0.008636 -0.003680
v -0.000400 0.008647 -0.003706
v -0.000400 0.008636 -0.003757
v -0.000400 0.008970 -0.003602
v -0.000400 0.008904 -0.003707
v -0.000400 0.008803 -0.003602
v -0.000400 0.008959 -0.003704
v -0.000400 0.008970 -0.003680
v -0.000400 0.008970 -0.003757
v -0.000400 0.008959 -0.003757
v -0.000400 0.008933 -0.003696
v -0.000400 0.008970 -0.003602
v -0.000400 0.008970 -0.003680
v -0.000400 0.008958 -0.003702
v -0.000400 0.008970 -0.003680
v -0.000400 0.008957 -0.003700
v -0.000400 0.008970 -0.003680
v -0.000400 0.008956 -0.003699
v -0.000400 0.008970 -0.003680
v -0.000400 0.008955 -0.003698
v -0.000400 0.008970 -0.003680
v -0.000400 0.008953 -0.003697
v -0.000400 0.008970 -0.003680
v -0.000400 0.008970 -0.003680
v -0.000400 0.008951 -0.003696
v -0.000400 0.008970 -0.003680
v -0.000400 0.008949 -0.003696
v -0.000400 0.008970 -0.003680
v -0.000400 0.008939 -0.003696
v -0.000400 0.008970 -0.003680
v -0.000400 0.008970 -0.003602
v -0.000400 0.008927 -0.003697
v -0.000400 0.008970 -0.003602
v -0.000400 0.008921 -0.003699
v -0.000400 0.008970 -0.003602
v -0.000400 0.008915 -0.003701
v -0.000400 0.008970 -0.003602
v -0.000400 0.008909 -0.003704
v -0.000400 0.008970 -0.003602
v -0.000400 0.008636 -0.003602
v -0.000400 0.008702 -0.003707
v -0.000400 0.008899 -0.003711
v -0.000400 0.008707 -0.003711
v -0.000400 0.008894 -0.003715
v -0.000400 0.008712 -0.003715
v -0.000400 0.008890 -0.003719
v -0.000400 0.008716 -0.003719
v -0.000400 0.008886 -0.003724
v -0.000400 0.008720 -0.003724
v -0.000400 0.008883 -0.003730
v -0.000400 0.008880 -0.003736
v -0.000400 0.008723 -0.003730
v -0.000400 0.008726 -0.003736
v -0.000400 0.008729 -0.003748
v -0.000400 0.008877 -0.003748
v -0.000400 0.008876 -0.003754
v -0.000400 0.008730 -0.003754
v -0.000400 0.008875 -0.003760
v -0.000400 0.008731 -0.003760
v -0.000400 0.008875 -0.003840
v -0.000400 0.008876 -0.003846
v -0.000400 0.008731 -0.003840
v -0.000400 0.008730 -0.003846
v -0.000400 0.008729 -0.003852
v -0.000400 0.008877 -0.003852
v -0.000400 0.008878 -0.003859
v -0.000400 0.008728 -0.003859
v -0.000400 0.008880 -0.003864
v -0.000400 0.008723 -0.003870
v -0.000400 0.008726 -0.003864
v -0.000400 0.008883 -0.003870
v -0.000400 0.008886 -0.003876
v -0.000400 0.008712 -0.003885
v -0.000400 0.008894 -0.003885
v -0.000400 0.008899 -0.003889
v -0.000400 0.008716 -0.003881
v -0.000400 0.008970 -0.004000
v -0.000400 0.008702 -0.003893
v -0.000400 0.008904 -0.003893
v -0.000400 0.008707 -0.003889
v -0.000400 0.008933 -0.003904
v -0.000400 0.008921 -0.003901
v -0.000400 0.008927 -0.003903
v -0.000400 0.008939 -0.003904
v -0.000400 0.008915 -0.003899
v -0.000400 0.008949 -0.003904
v -0.000400 0.008951 -0.003904
v -0.000400 0.008953 -0.003903
v -0.000400 0.008955 -0.003902
v -0.000400 0.008956 -0.003901
v -0.000400 0.008909 -0.003896
v -0.000400 0.008957 -0.003900
v -0.000400 0.008958 -0.003898
v -0.000400 0.008890 -0.003881
v -0.000400 0.008720 -0.003876
v -0.000400 0.008959 -0.003896
v -0.000400 0.008647 -0.003896
v -0.000400 0.008647 -0.003843
v -0.000400 0.008673 -0.003904
v -0.000400 0.008636 -0.004000
v -0.000400 0.008648 -0.003898
v -0.000400 0.008649 -0.003900
v -0.000400 0.008650 -0.003901
v -0.000400 0.008651 -0.003902
v -0.000400 0.008653 -0.003903
v -0.000400 0.008655 -0.003904
v -0.000400 0.008657 -0.003904
v -0.000400 0.008666 -0.003904
v -0.000400 0.008679 -0.003903
v -0.000400 0.008685 -0.003901
v -0.000400 0.008691 -0.003899
v -0.000400 0.008697 -0.003896
v -0.000400 0.008959 -0.003843
v -0.000400 0.008728 -0.003741
v -0.000400 0.008878 -0.003741
v -0.000400 0.008697 -0.003704
v -0.000400 0.008636 -0.003602
v -0.000400 0.008691 -0.003701
v -0.000400 0.008636 -0.003602
v -0.000400 0.008685 -0.003699
v -0.000400 0.008636 -0.003602
v -0.000400 0.008636 -0.003602
v -0.000400 0.008679 -0.003697
v -0.000400 0.008636 -0.003602
v -0.000400 0.008673 -0.003696
v -0.000400 0.008636 -0.003680
v -0.000400 0.008666 -0.003696
v -0.000400 0.008636 -0.003680
v -0.000400 0.008653 -0.003697
v -0.000400 0.008636 -0.003680
v -0.000400 0.008655 -0.003696
v -0.000400 0.008636 -0.003680
v -0.000400 0.008657 -0.003696
v -0.000400 0.008651 -0.003698
v -0.000400 0.008636 -0.003680
v -0.000400 0.008650 -0.003699
v -0.000400 0.008636 -0.003680
v -0.000400 0.008636 -0.003680
v -0.000400 0.008649 -0.003700
v -0.000400 0.008636 -0.003680
v -0.000400 0.008648 -0.003702
v -0.000400 0.008636 -0.003680
v -0.000400 0.008636 -0.003602
v -0.000400 0.008647 -0.003704
v -0.000400 0.008636 -0.003680
v -0.000400 0.008636 -0.003680
v -0.000400 0.008647 -0.003757
v -0.000400 0.008636 -0.003757
v -0.000400 0.008636 -0.003602
v -0.000400 0.008636 -0.003278
v -0.000367 0.008603 -0.003210
v -0.000400 0.008636 -0.003200
v -0.000400 0.008636 -0.003278
v -0.000400 0.008636 -0.003357
v -0.000367 0.008603 -0.003347
v -0.000377 0.008613 -0.003200
v -0.000400 0.008636 -0.003200
v -0.000375 0.008611 -0.003200
v -0.000373 0.008609 -0.003201
v -0.000371 0.008607 -0.003202
v -0.000370 0.008606 -0.003203
v -0.000368 0.008604 -0.003206
v -0.000369 0.008605 -0.003204
v -0.000367 0.008603 -0.003208
v -0.000400 0.008636 -0.003278
v -0.000400 0.008636 -0.003357
v -0.000377 0.008613 -0.003357
v -0.000375 0.008611 -0.003357
v -0.000373 0.008609 -0.003356
v -0.000370 0.008606 -0.003354
v -0.000369 0.008605 -0.003353
v -0.000371 0.008607 -0.003355
v -0.000367 0.008603 -0.003349
v -0.000368 0.008604 -0.003351
v -0.000360 0.009003 -0.003990
v -0.000367 0.009003 -0.003990
v -0.000360 0.009003 -0.003853
v -0.000360 0.009003 -0.003853
v -0.000367 0.009003 -0.003853
v -0.000400 0.008970 -0.003921
v -0.000367 0.009003 -0.003990
v -0.000400 0.008970 -0.004000
v -0.000400 0.008970 -0.003921
v -0.000400 0.008970 -0.003843
v -0.000367 0.009003 -0.003853
v -0.000377 0.008993 -0.004000
v -0.000400 0.008970 -0.004000
v -0.000367 0.009003 -0.003990
v -0.000375 0.008995 -0.004000
v -0.000367 0.009003 -0.003990
v -0.000373 0.008997 -0.003999
v -0.000367 0.009003 -0.003990
v -0.000371 0.008999 -0.003998
v -0.000367 0.009003 -0.003990
v -0.000370 0.009000 -0.003997
v -0.000368 0.009002 -0.003994
v -0.000369 0.009001 -0.003996
v -0.000367 0.009003 -0.003990
v -0.000367 0.009003 -0.003990
v -0.000367 0.009003 -0.003992
v -0.000367 0.009003 -0.003990
v -0.000367 0.009003 -0.003990
v -0.000367 0.009003 -0.003990
v -0.000400 0.008970 -0.003921
v -0.000367 0.009003 -0.003853
v -0.000367 0.009003 -0.003853
v -0.000400 0.008970 -0.003843
v -0.000377 0.008993 -0.003843
v -0.000375 0.008995 -0.003843
v -0.000367 0.009003 -0.003853
v -0.000373 0.008997 -0.003844
v -0.000367 0.009003 -0.003853
v -0.000367 0.009003 -0.003853
v -0.000370 0.009000 -0.003846
v -0.000369 0.009001 -0.003847
v -0.000367 0.009003 -0.003853
v -0.000371 0.008999 -0.003845
v -0.000367 0.009003 -0.003851
v -0.000367 0.009003 -0.003853
v -0.000368 0.009002 -0.003849
v -0.000367 0.009003 -0.003853
v -0.000367 0.009003 -0.003853
v -0.000360 0.008603 -0.003853
v -0.000367 0.008603 -0.003853
v -0.000360 0.008603 -0.003990
v -0.000360 0.008603 -0.003990
v -0.000367 0.008603 -0.003990
v -0.000400 0.008636 -0.003921
v -0.000367 0.008603 -0.003853
v -0.000400 0.008636 -0.003843
v -0.000400 0.008636 -0.003921
v -0.000400 0.008636 -0.004000
v -0.000367 0.008603 -0.003990
v -0.000377 0.008613 -0.003843
v -0.000400 0.008636 -0.003843
v -0.000367 0.008603 -0.003853
v -0.000375 0.008611 -0.003843
v -0.000367 0.008603 -0.003853
v -0.000373 0.008609 -0.003844
v -0.000367 0.008603 -0.003853
v -0.000371 0.008607 -0.003845
v -0.000367 0.008603 -0.003853
v -0.000370 0.008606 -0.003846
v -0.000368 0.008604 -0.003849
v -0.000369 0.008605 -0.003847
v -0.000367 0.008603 -0.003853
v -0.000367 0.008603 -0.003853
v -0.000367 0.008603 -0.003851
v -0.000367 0.008603 -0.003853
v -0.000367 0.008603 -0.003853
v -0.000367 0.008603 -0.003853
v -0.000400 0.008636 -0.003921
v -0.000367 0.008603 -0.003990
v -0.000367 0.008603 -0.003990
v -0.000400 0.008636 -0.004000
v -0.000377 0.008613 -0.004000
v -0.000375 0.008611 -0.004000
v -0.000367 0.008603 -0.003990
v -0.000373 0.008609 -0.003999
v -0.000367 0.008603 -0.003990
v -0.000367 0.008603 -0.003990
v -0.000370 0.008606 -0.003997
v -0.000369 0.008605 -0.003996
v -0.000367 0.008603 -0.003990
v -0.000371 0.008607 -0.003998
v -0.000367 0.008603 -0.003992
v -0.000367 0.008603 -0.003990
v -0.000368 0.008604 -0.003994
v -0.000367 0.008603 -0.003990
v -0.000367 0.008603 -0.003990
v -0.000400 0.008970 -0.004000
v -0.000360 0.008803 -0.004000
v -0.000400 0.008636 -0.004000
v -0.000400 0.008970 -0.004000
v -0.000377 0.008993 -0.004000
v -0.000360 0.008993 -0.004000
v -0.000400 0.008636 -0.004000
v -0.000360 0.008803 -0.004000
v -0.000360 0.008708 -0.004000
v -0.000377 0.008613 -0.004000
v -0.000400 0.008636 -0.004000
v -0.000360 0.008613 -0.004000
v -0.000360 0.008708 -0.004000
v -0.000360 0.008613 -0.004000
v -0.000400 0.008636 -0.004000
v -0.000360 0.008898 -0.004000
v -0.000360 0.008803 -0.004000
v -0.000400 0.008970 -0.004000
v -0.000360 0.008898 -0.004000
v -0.000400 0.008970 -0.004000
v -0.000360 0.008993 -0.004000
v -0.000400 0.008970 -0.003200
v -0.000360 0.008803 -0.003200
v -0.000360 0.008898 -0.003200
v -0.000400 0.008970 -0.003200
v -0.000400 0.008636 -0.003200
v -0.000360 0.008803 -0.003200
v -0.000377 0.008993 -0.003200
v -0.000400 0.008970 -0.003200
v -0.000360 0.008993 -0.003200
v -0.000360 0.008898 -0.003200
v -0.000360 0.008993 -0.003200
v -0.000400 0.008970 -0.003200
v -0.000360 0.008708 -0.003200
v -0.000400 0.008636 -0.003200
v -0.000360 0.008613 -0.003200
v -0.000377 0.008613 -0.003200
v -0.000360 0.008613 -0.003200
v -0.000400 0.008636 -0.003200
v -0.000400 0.008636 -0.003200
v -0.000360 0.008708 -0.003200
v -0.000360 0.008803 -0.003200
v -0.000360 0.008603 -0.003210
v -0.000367 0.008603 -0.003210
v -0.000360 0.008603 -0.003347
v -0.000360 0.008603 -0.003347
v -0.000367 0.008603 -0.003210
v -0.000367 0.008603 -0.003347
v -0.000360 0.008731 -0.003760
v -0.000400 0.008731 -0.003760
v -0.000360 0.008731 -0.003840
v -0.000400 0.008731 -0.003760
v -0.000400 0.008731 -0.003840
v -0.000360 0.008731 -0.003840
v -0.000360 0.008673 -0.003904
v -0.000360 0.008679 -0.003903
v -0.000400 0.008673 -0.003904
v -0.000360 0.008679 -0.003903
v -0.000360 0.008685 -0.003901
v -0.000400 0.008679 -0.003903
v -0.000360 0.008685 -0.003901
v -0.000400 0.008685 -0.003901
v -0.000400 0.008679 -0.003903
v -0.000360 0.008691 -0.003899
v -0.000400 0.008691 -0.003899
v -0.000400 0.008685 -0.003901
v -0.000360 0.008697 -0.003896
v -0.000400 0.008691 -0.003899
v -0.000360 0.008691 -0.003899
v -0.000360 0.008702 -0.003893
v -0.000400 0.008697 -0.003896
v -0.000360 0.008697 -0.003896
v -0.000400 0.008702 -0.003893
v -0.000400 0.008697 -0.003896
v -0.000360 0.008702 -0.003893
v -0.000400 0.008707 -0.003889
v -0.000400 0.008702 -0.003893
v -0.000360 0.008707 -0.003889
v -0.000400 0.008707 -0.003889
v -0.000360 0.008707 -0.003889
v -0.000360 0.008712 -0.003885
v -0.000400 0.008712 -0.003885
v -0.000360 0.008712 -0.003885
v -0.000360 0.008716 -0.003881
v -0.000400 0.008712 -0.003885
v -0.000360 0.008716 -0.003881
v -0.000400 0.008716 -0.003881
v -0.000400 0.008716 -0.003881
v -0.000360 0.008720 -0.003876
v -0.000400 0.008720 -0.003876
v -0.000360 0.008720 -0.003876
v -0.000360 0.008723 -0.003870
v -0.000400 0.008720 -0.003876
v -0.000360 0.008723 -0.003870
v -0.000360 0.008726 -0.003864
v -0.000400 0.008723 -0.003870
v -0.000360 0.008726 -0.003864
v -0.000400 0.008726 -0.003864
v -0.000400 0.008723 -0.003870
v -0.000360 0.008673 -0.003904
v -0.000400 0.008673 -0.003904
v -0.000360 0.008666 -0.003904
v -0.000400 0.008730 -0.003846
v -0.000360 0.008731 -0.003840
v -0.000400 0.008731 -0.003840
v -0.000360 0.008730 -0.003846
v -0.000360 0.008731 -0.003840
v -0.000400 0.008730 -0.003846
v -0.000360 0.008730 -0.003846
v -0.000400 0.008730 -0.003846
v -0.000400 0.008729 -0.003852
v -0.000360 0.008730 -0.003846
v -0.000400 0.008729 -0.003852
v -0.000360 0.008729 -0.003852
v -0.000400 0.008729 -0.003852
v -0.000400 0.008728 -0.003859
v -0.000360 0.008729 -0.003852
v -0.000400 0.008728 -0.003859
v -0.000360 0.008728 -0.003859
v -0.000360 0.008729 -0.003852
v -0.000400 0.008726 -0.003864
v -0.000360 0.008728 -0.003859
v -0.000400 0.008728 -0.003859
v -0.000360 0.008726 -0.003864
v -0.000360 0.008728 -0.003859
v -0.000400 0.008726 -0.003864
v -0.000400 0.008720 -0.003876
v -0.000360 0.008723 -0.003870
v -0.000400 0.008723 -0.003870
v -0.000400 0.008716 -0.003881
v -0.000360 0.008716 -0.003881
v -0.000360 0.008720 -0.003876
v -0.000400 0.008712 -0.003885
v -0.000400 0.008707 -0.003889
v -0.000360 0.008712 -0.003885
v -0.000360 0.008707 -0.003889
v -0.000400 0.008702 -0.003893
v -0.000360 0.008702 -0.003893
v -0.000360 0.008697 -0.003896
v -0.000400 0.008697 -0.003896
v -0.000400 0.008691 -0.003899
v -0.000360 0.008685 -0.003901
v -0.000360 0.008691 -0.003899
v -0.000400 0.008685 -0.003901
v -0.000400 0.008673 -0.003904
v -0.000400 0.008666 -0.003904
v -0.000360 0.008666 -0.003904
v -0.000360 0.008679 -0.003903
v -0.000400 0.008679 -0.003903
v -0.000400 0.008673 -0.003904
v -0.000400 0.008657 -0.003904
v -0.000360 0.008657 -0.003904
v -0.000400 0.008666 -0.003904
v -0.000360 0.008657 -0.003904
v -0.000360 0.008666 -0.003904
v -0.000400 0.008666 -0.003904
v -0.000360 0.008647 -0.003894
v -0.000400 0.008647 -0.003894
v -0.000360 0.008647 -0.003843
v -0.000400 0.008647 -0.003894
v -0.000400 0.008647 -0.003843
v -0.000360 0.008647 -0.003843
v -0.000400 0.008647 -0.003706
v -0.000360 0.008647 -0.003706
v -0.000400 0.008647 -0.003757
v -0.000360 0.008647 -0.003706
v -0.000360 0.008647 -0.003757
v -0.000400 0.008647 -0.003757
v -0.000360 0.008657 -0.003696
v -0.000400 0.008657 -0.003696
v -0.000360 0.008666 -0.003696
v -0.000400 0.008657 -0.003696
v -0.000400 0.008666 -0.003696
v -0.000360 0.008666 -0.003696
v -0.000360 0.008730 -0.003754
v -0.000360 0.008729 -0.003748
v -0.000400 0.008730 -0.003754
v -0.000360 0.008729 -0.003748
v -0.000360 0.008728 -0.003741
v -0.000400 0.008729 -0.003748
v -0.000360 0.008728 -0.003741
v -0.000400 0.008728 -0.003741
v -0.000400 0.008729 -0.003748
v -0.000360 0.008726 -0.003736
v -0.000400 0.008726 -0.003736
v -0.000400 0.008728 -0.003741
v -0.000360 0.008723 -0.003730
v -0.000400 0.008726 -0.003736
v -0.000360 0.008726 -0.003736
v -0.000360 0.008720 -0.003724
v -0.000400 0.008723 -0.003730
v -0.000360 0.008723 -0.003730
v -0.000400 0.008720 -0.003724
v -0.000400 0.008723 -0.003730
v -0.000360 0.008720 -0.003724
v -0.000400 0.008716 -0.003719
v -0.000400 0.008720 -0.003724
v -0.000360 0.008716 -0.003719
v -0.000400 0.008716 -0.003719
v -0.000360 0.008716 -0.003719
v -0.000360 0.008712 -0.003715
v -0.000400 0.008712 -0.003715
v -0.000360 0.008712 -0.003715
v -0.000360 0.008707 -0.003711
v -0.000400 0.008712 -0.003715
v -0.000360 0.008707 -0.003711
v -0.000400 0.008707 -0.003711
v -0.000400 0.008707 -0.003711
v -0.000360 0.008702 -0.003707
v -0.000400 0.008702 -0.003707
v -0.000360 0.008702 -0.003707
v -0.000360 0.008697 -0.003704
v -0.000400 0.008702 -0.003707
v -0.000360 0.008697 -0.003704
v -0.000360 0.008691 -0.003701
v -0.000400 0.008697 -0.003704
v -0.000360 0.008691 -0.003701
v -0.000400 0.008691 -0.003701
v -0.000400 0.008697 -0.003704
v -0.000360 0.008730 -0.003754
v -0.000400 0.008730 -0.003754
v -0.000360 0.008731 -0.003760
v -0.000400 0.008673 -0.003696
v -0.000360 0.008666 -0.003696
v -0.000400 0.008666 -0.003696
v -0.000360 0.008673 -0.003696
v -0.000360 0.008666 -0.003696
v -0.000400 0.008673 -0.003696
v -0.000360 0.008673 -0.003696
v -0.000400 0.008673 -0.003696
v -0.000400 0.008679 -0.003697
v -0.000360 0.008673 -0.003696
v -0.000400 0.008679 -0.003697
v -0.000360 0.008679 -0.003697
v -0.000400 0.008679 -0.003697
v -0.000400 0.008685 -0.003699
v -0.000360 0.008679 -0.003697
v -0.000400 0.008685 -0.003699
v -0.000360 0.008685 -0.003699
v -0.000360 0.008679 -0.003697
v -0.000400 0.008691 -0.003701
v -0.000360 0.008685 -0.003699
v -0.000400 0.008685 -0.003699
v -0.000360 0.008691 -0.003701
v -0.000360 0.008685 -0.003699
v -0.000400 0.008691 -0.003701
v -0.000400 0.008702 -0.003707
v -0.000360 0.008697 -0.003704
v -0.000400 0.008697 -0.003704
v -0.000400 0.008707 -0.003711
v -0.000360 0.008707 -0.003711
v -0.000360 0.008702 -0.003707
v -0.000400 0.008712 -0.003715
v -0.000400 0.008716 -0.003719
v -0.000360 0.008712 -0.003715
v -0.000360 0.008716 -0.003719
v -0.000400 0.008720 -0.003724
v -0.000360 0.008720 -0.003724
v -0.000360 0.008723 -0.003730
v -0.000400 0.008723 -0.003730
v -0.000400 0.008726 -0.003736
v -0.000360 0.008728 -0.003741
v -0.000360 0.008726 -0.003736
v -0.000400 0.008728 -0.003741
v -0.000400 0.008730 -0.003754
v -0.000400 0.008731 -0.003760
v -0.000360 0.008731 -0.003760
v -0.000360 0.008729 -0.003748
v -0.000400 0.008729 -0.003748
v -0.000400 0.008730 -0.003754
v -0.000377 0.008613 -0.003843
v -0.000360 0.008647 -0.003843
v -0.000400 0.008636 -0.003843
v -0.000360 0.008613 -0.003843
v -0.000360 0.008647 -0.003843
v -0.000377 0.008613 -0.003843
v -0.000400 0.008647 -0.003843
v -0.000400 0.008636 -0.003843
v -0.000360 0.008647 -0.003843
v -0.000360 0.008613 -0.003757
v -0.000377 0.008613 -0.003757
v -0.000360 0.008647 -0.003757
v -0.000400 0.008636 -0.003757
v -0.000400 0.008647 -0.003757
v -0.000360 0.008647 -0.003757
v -0.000377 0.008613 -0.003757
v -0.000400 0.008636 -0.003757
v -0.000360 0.008647 -0.003757
v -0.000360 0.008875 -0.003760
v -0.000360 0.008875 -0.003840
v -0.000400 0.008875 -0.003760
v -0.000400 0.008875 -0.003760
v -0.000360 0.008875 -0.003840
v -0.000400 0.008875 -0.003840
v -0.000400 0.008939 -0.003904
v -0.000400 0.008933 -0.003904
v -0.000360 0.008939 -0.003904
v -0.000400 0.008933 -0.003904
v -0.000360 0.008933 -0.003904
v -0.000360 0.008939 -0.003904
v -0.000400 0.008927 -0.003903
v -0.000360 0.008933 -0.003904
v -0.000400 0.008933 -0.003904
v -0.000360 0.008927 -0.003903
v -0.000360 0.008933 -0.003904
v -0.000400 0.008927 -0.003903
v -0.000360 0.008927 -0.003903
v -0.000400 0.008927 -0.003903
v -0.000400 0.008921 -0.003901
v -0.000360 0.008927 -0.003903
v -0.000400 0.008921 -0.003901
v -0.000360 0.008921 -0.003901
v -0.000400 0.008921 -0.003901
v -0.000400 0.008915 -0.003899
v -0.000360 0.008921 -0.003901
v -0.000400 0.008915 -0.003899
v -0.000360 0.008915 -0.003899
v -0.000360 0.008921 -0.003901
v -0.000400 0.008909 -0.003896
v -0.000360 0.008915 -0.003899
v -0.000400 0.008915 -0.003899
v -0.000360 0.008909 -0.003896
v -0.000360 0.008915 -0.003899
v -0.000400 0.008909 -0.003896
v -0.000360 0.008909 -0.003896
v -0.000400 0.008909 -0.003896
v -0.000400 0.008904 -0.003893
v -0.000360 0.008909 -0.003896
v -0.000400 0.008904 -0.003893
v -0.000360 0.008904 -0.003893
v -0.000400 0.008904 -0.003893
v -0.000400 0.008899 -0.003889
v -0.000360 0.008904 -0.003893
v -0.000400 0.008899 -0.003889
v -0.000360 0.008899 -0.003889
v -0.000360 0.008904 -0.003893
v -0.000360 0.008890 -0.003881
v -0.000400 0.008886 -0.003876
v -0.000360 0.008886 -0.003876
v -0.000360 0.008886 -0.003876
v -0.000400 0.008886 -0.003876
v -0.000400 0.008883 -0.003870
v -0.000360 0.008875 -0.003840
v -0.000360 0.008876 -0.003846
v -0.000400 0.008875 -0.003840
v -0.000360 0.008876 -0.003846
v -0.000400 0.008876 -0.003846
v -0.000400 0.008875 -0.003840
v -0.000360 0.008877 -0.003852
v -0.000400 0.008876 -0.003846
v -0.000360 0.008876 -0.003846
v -0.000400 0.008877 -0.003852
v -0.000400 0.008876 -0.003846
v -0.000360 0.008877 -0.003852
v -0.000400 0.008877 -0.003852
v -0.000360 0.008877 -0.003852
v -0.000360 0.008878 -0.003859
v -0.000400 0.008877 -0.003852
v -0.000360 0.008878 -0.003859
v -0.000400 0.008878 -0.003859
v -0.000360 0.008878 -0.003859
v -0.000360 0.008880 -0.003864
v -0.000400 0.008878 -0.003859
v -0.000360 0.008880 -0.003864
v -0.000400 0.008880 -0.003864
v -0.000400 0.008878 -0.003859
v -0.000360 0.008883 -0.003870
v -0.000400 0.008880 -0.003864
v -0.000360 0.008880 -0.003864
v -0.000400 0.008883 -0.003870
v -0.000400 0.008880 -0.003864
v -0.000360 0.008883 -0.003870
v -0.000400 0.008883 -0.003870
v -0.000360 0.008883 -0.003870
v -0.000360 0.008886 -0.003876
v -0.000400 0.008886 -0.003876
v -0.000360 0.008890 -0.003881
v -0.000400 0.008890 -0.003881
v -0.000360 0.008890 -0.003881
v -0.000360 0.008894 -0.003885
v -0.000400 0.008890 -0.003881
v -0.000360 0.008894 -0.003885
v -0.000400 0.008894 -0.003885
v -0.000400 0.008890 -0.003881
v -0.000360 0.008899 -0.003889
v -0.000400 0.008894 -0.003885
v -0.000360 0.008894 -0.003885
v -0.000360 0.008899 -0.003889
v -0.000400 0.008899 -0.003889
v -0.000400 0.008894 -0.003885
v -0.000400 0.008939 -0.003904
v -0.000360 0.008939 -0.003904
v -0.000400 0.008949 -0.003904
v -0.000400 0.008949 -0.003904
v -0.000360 0.008939 -0.003904
v -0.000360 0.008949 -0.003904
v -0.000360 0.008959 -0.003843
v -0.000400 0.008959 -0.003843
v -0.000360 0.008959 -0.003894
v -0.000360 0.008959 -0.003894
v -0.000400 0.008959 -0.003843
v -0.000400 0.008959 -0.003894
v -0.000400 0.008959 -0.003757
v -0.000360 0.008959 -0.003757
v -0.000400 0.008959 -0.003706
v -0.000400 0.008959 -0.003706
v -0.000360 0.008959 -0.003757
v -0.000360 0.008959 -0.003706
v -0.000360 0.008939 -0.003696
v -0.000400 0.008939 -0.003696
v -0.000360 0.008949 -0.003696
v -0.000360 0.008949 -0.003696
v -0.000400 0.008939 -0.003696
v -0.000400 0.008949 -0.003696
v -0.000400 0.008875 -0.003760
v -0.000400 0.008876 -0.003754
v -0.000360 0.008875 -0.003760
v -0.000400 0.008876 -0.003754
v -0.000400 0.008877 -0.003748
v -0.000360 0.008876 -0.003754
v -0.000400 0.008877 -0.003748
v -0.000360 0.008877 -0.003748
v -0.000360 0.008876 -0.003754
v -0.000400 0.008878 -0.003741
v -0.000360 0.008878 -0.003741
v -0.000360 0.008877 -0.003748
v -0.000400 0.008880 -0.003736
v -0.000360 0.008880 -0.003736
v -0.000360 0.008878 -0.003741
v -0.000400 0.008883 -0.003730
v -0.000360 0.008880 -0.003736
v -0.000400 0.008880 -0.003736
v -0.000400 0.008886 -0.003724
v -0.000360 0.008883 -0.003730
v -0.000400 0.008883 -0.003730
v -0.000360 0.008886 -0.003724
v -0.000360 0.008883 -0.003730
v -0.000400 0.008886 -0.003724
v -0.000360 0.008890 -0.003719
v -0.000360 0.008886 -0.003724
v -0.000400 0.008890 -0.003719
v -0.000360 0.008890 -0.003719
v -0.000400 0.008890 -0.003719
v -0.000400 0.008894 -0.003715
v -0.000360 0.008894 -0.003715
v -0.000400 0.008894 -0.003715
v -0.000400 0.008899 -0.003711
v -0.000360 0.008894 -0.003715
v -0.000400 0.008899 -0.003711
v -0.000360 0.008899 -0.003711
v -0.000360 0.008899 -0.003711
v -0.000400 0.008904 -0.003707
v -0.000360 0.008904 -0.003707
v -0.000400 0.008904 -0.003707
v -0.000400 0.008909 -0.003704
v -0.000360 0.008904 -0.003707
v -0.000400 0.008909 -0.003704
v -0.000400 0.008915 -0.003701
v -0.000360 0.008909 -0.003704
v -0.000400 0.008915 -0.003701
v -0.000360 0.008915 -0.003701
v -0.000360 0.008909 -0.003704
v -0.000360 0.008933 -0.003696
v -0.000400 0.008939 -0.003696
v -0.000360 0.008939 -0.003696
v -0.000400 0.008933 -0.003696
v -0.000400 0.008939 -0.003696
v -0.000360 0.008933 -0.003696
v -0.000400 0.008933 -0.003696
v -0.000360 0.008933 -0.003696
v -0.000360 0.008927 -0.003697
v -0.000400 0.008933 -0.003696
v -0.000360 0.008927 -0.003697
v -0.000400 0.008927 -0.003697
v -0.000360 0.008927 -0.003697
v -0.000360 0.008921 -0.003699
v -0.000400 0.008927 -0.003697
v -0.000360 0.008921 -0.003699
v -0.000400 0.008921 -0.003699
v -0.000400 0.008927 -0.003697
v -0.000360 0.008915 -0.003701
v -0.000400 0.008921 -0.003699
v -0.000360 0.008921 -0.003699
v -0.000400 0.008915 -0.003701
v -0.000400 0.008921 -0.003699
v -0.000360 0.008915 -0.003701
v -0.000360 0.008904 -0.003707
v -0.000400 0.008909 -0.003704
v -0.000360 0.008909 -0.003704
v -0.000360 0.008899 -0.003711
v -0.000400 0.008899 -0.003711
v -0.000400 0.008904 -0.003707
v -0.000360 0.008894 -0.003715
v -0.000360 0.008890 -0.003719
v -0.000400 0.008894 -0.003715
v -0.000400 0.008890 -0.003719
v -0.000360 0.008886 -0.003724
v -0.000400 0.008886 -0.003724
v -0.000400 0.008883 -0.003730
v -0.000360 0.008883 -0.003730
v -0.000360 0.008880 -0.003736
v -0.000400 0.008878 -0.003741
v -0.000400 0.008880 -0.003736
v -0.000360 0.008878 -0.003741
v -0.000360 0.008876 -0.003754
v -0.000360 0.008875 -0.003760
v -0.000400 0.008876 -0.003754
v -0.000360 0.008877 -0.003748
v -0.000400 0.008877 -0.003748
v -0.000400 0.008878 -0.003741
v -0.000400 0.008959 -0.003843
v -0.000360 0.008959 -0.003843
v -0.000400 0.008970 -0.003843
v -0.000377 0.008993 -0.003843
v -0.000360 0.008959 -0.003843
v -0.000360 0.008993 -0.003843
v -0.000377 0.008993 -0.003843
v -0.000400 0.008970 -0.003843
v -0.000360 0.008959 -0.003843
v -0.000400 0.008959 -0.003757
v -0.000400 0.008970 -0.003757
v -0.000360 0.008959 -0.003757
v -0.000360 0.008959 -0.003757
v -0.000400 0.008970 -0.003757
v -0.000377 0.008993 -0.003757
v -0.000377 0.008993 -0.003757
v -0.000360 0.008993 -0.003757
v -0.000360 0.008959 -0.003757
v -0.000367 0.009003 -0.003747
v -0.000360 0.009003 -0.003747
v -0.000360 0.009003 -0.003749
v -0.000367 0.009003 -0.003749
v -0.000367 0.009003 -0.003747
v -0.000360 0.009003 -0.003749
v -0.000360 0.009003 -0.003749
v -0.000360 0.009002 -0.003751
v -0.000367 0.009003 -0.003749
v -0.000367 0.009003 -0.003749
v -0.000360 0.009002 -0.003751
v -0.000368 0.009002 -0.003751
v -0.000368 0.009002 -0.003751
v -0.000360 0.009002 -0.003751
v -0.000360 0.009001 -0.003753
v -0.000369 0.009001 -0.003753
v -0.000368 0.009002 -0.003751
v -0.000360 0.009001 -0.003753
v -0.000360 0.009000 -0.003754
v -0.000369 0.009001 -0.003753
v -0.000360 0.009001 -0.003753
v -0.000360 0.008999 -0.003755
v -0.000370 0.009000 -0.003754
v -0.000360 0.009000 -0.003754
v -0.000360 0.009000 -0.003754
v -0.000370 0.009000 -0.003754
v -0.000369 0.009001 -0.003753
v -0.000375 0.008995 -0.003757
v -0.000360 0.008993 -0.003757
v -0.000377 0.008993 -0.003757
v -0.000375 0.008995 -0.003757
v -0.000360 0.008995 -0.003757
v -0.000360 0.008993 -0.003757
v -0.000375 0.008995 -0.003757
v -0.000373 0.008997 -0.003756
v -0.000360 0.008995 -0.003757
v -0.000360 0.008995 -0.003757
v -0.000373 0.008997 -0.003756
v -0.000360 0.008997 -0.003756
v -0.000360 0.008997 -0.003756
v -0.000373 0.008997 -0.003756
v -0.000371 0.008999 -0.003755
v -0.000360 0.008999 -0.003755
v -0.000360 0.008997 -0.003756
v -0.000371 0.008999 -0.003755
v -0.000370 0.009000 -0.003754
v -0.000360 0.008999 -0.003755
v -0.000371 0.008999 -0.003755
v -0.000360 0.009003 -0.003210
v -0.000367 0.009003 -0.003210
v -0.000360 0.009003 -0.003208
v -0.000360 0.009003 -0.003208
v -0.000367 0.009003 -0.003208
v -0.000360 0.009002 -0.003206
v -0.000360 0.009002 -0.003206
v -0.000367 0.009003 -0.003208
v -0.000368 0.009002 -0.003206
v -0.000360 0.009001 -0.003204
v -0.000368 0.009002 -0.003206
v -0.000369 0.009001 -0.003204
v -0.000360 0.009000 -0.003203
v -0.000360 0.009001 -0.003204
v -0.000369 0.009001 -0.003204
v -0.000360 0.008999 -0.003202
v -0.000360 0.009000 -0.003203
v -0.000370 0.009000 -0.003203
v -0.000371 0.008999 -0.003202
v -0.000360 0.008999 -0.003202
v -0.000370 0.009000 -0.003203
v -0.000371 0.008999 -0.003202
v -0.000360 0.008997 -0.003201
v -0.000360 0.008999 -0.003202
v -0.000360 0.008993 -0.003200
v -0.000360 0.008995 -0.003200
v -0.000375 0.008995 -0.003200
v -0.000375 0.008995 -0.003200
v -0.000377 0.008993 -0.003200
v -0.000360 0.008993 -0.003200
v -0.000360 0.008995 -0.003200
v -0.000373 0.008997 -0.003201
v -0.000375 0.008995 -0.003200
v -0.000370 0.009000 -0.003203
v -0.000360 0.009000 -0.003203
v -0.000369 0.009001 -0.003204
v -0.000360 0.008997 -0.003201
v -0.000371 0.008999 -0.003202
v -0.000373 0.008997 -0.003201
v -0.000367 0.009003 -0.003208
v -0.000360 0.009003 -0.003208
v -0.000367 0.009003 -0.003210
v -0.000360 0.008995 -0.003200
v -0.000360 0.008997 -0.003201
v -0.000373 0.008997 -0.003201
v -0.000368 0.009002 -0.003206
v -0.000360 0.009001 -0.003204
v -0.000360 0.009002 -0.003206
v -0.000360 0.008613 -0.003200
v -0.000377 0.008613 -0.003200
v -0.000375 0.008611 -0.003200
v -0.000360 0.008611 -0.003200
v -0.000360 0.008613 -0.003200
v -0.000375 0.008611 -0.003200
v -0.000373 0.008609 -0.003201
v -0.000360 0.008611 -0.003200
v -0.000375 0.008611 -0.003200
v -0.000373 0.008609 -0.003201
v -0.000360 0.008609 -0.003201
v -0.000360 0.008611 -0.003200
v -0.000371 0.008607 -0.003202
v -0.000360 0.008607 -0.003202
v -0.000360 0.008609 -0.003201
v -0.000370 0.008606 -0.003203
v -0.000360 0.008606 -0.003203
v -0.000360 0.008607 -0.003202
v -0.000369 0.008605 -0.003204
v -0.000360 0.008605 -0.003204
v -0.000360 0.008606 -0.003203
v -0.000368 0.008604 -0.003206
v -0.000360 0.008604 -0.003206
v -0.000360 0.008605 -0.003204
v -0.000367 0.008603 -0.003208
v -0.000367 0.008603 -0.003210
v -0.000360 0.008603 -0.003208
v -0.000360 0.008603 -0.003208
v -0.000367 0.008603 -0.003210
v -0.000360 0.008603 -0.003210
v -0.000360 0.008604 -0.003206
v -0.000367 0.008603 -0.003208
v -0.000360 0.008603 -0.003208
v -0.000360 0.008604 -0.003206
v -0.000368 0.008604 -0.003206
v -0.000367 0.008603 -0.003208
v -0.000360 0.008605 -0.003204
v -0.000369 0.008605 -0.003204
v -0.000368 0.008604 -0.003206
v -0.000360 0.008606 -0.003203
v -0.000370 0.008606 -0.003203
v -0.000369 0.008605 -0.003204
v -0.000360 0.008607 -0.003202
v -0.000371 0.008607 -0.003202
v -0.000370 0.008606 -0.003203
v -0.000360 0.008609 -0.003201
v -0.000373 0.008609 -0.003201
v -0.000371 0.008607 -0.003202
v -0.000360 0.008613 -0.003757
v -0.000375 0.008611 -0.003757
v -0.000377 0.008613 -0.003757
v -0.000360 0.008613 -0.003757
v -0.000360 0.008611 -0.003757
v -0.000375 0.008611 -0.003757
v -0.000375 0.008611 -0.003757
v -0.000360 0.008611 -0.003757
v -0.000373 0.008609 -0.003756
v -0.000373 0.008609 -0.003756
v -0.000360 0.008611 -0.003757
v -0.000360 0.008609 -0.003756
v -0.000360 0.008607 -0.003755
v -0.000360 0.008606 -0.003754
v -0.000370 0.008606 -0.003754
v -0.000371 0.008607 -0.003755
v -0.000360 0.008609 -0.003756
v -0.000360 0.008607 -0.003755
v -0.000360 0.008606 -0.003754
v -0.000360 0.008605 -0.003753
v -0.000369 0.008605 -0.003753
v -0.000371 0.008607 -0.003755
v -0.000373 0.008609 -0.003756
v -0.000360 0.008609 -0.003756
v -0.000360 0.008603 -0.003749
v -0.000360 0.008603 -0.003747
v -0.000367 0.008603 -0.003747
v -0.000367 0.008603 -0.003749
v -0.000360 0.008603 -0.003749
v -0.000367 0.008603 -0.003747
v -0.000367 0.008603 -0.003749
v -0.000360 0.008604 -0.003751
v -0.000360 0.008603 -0.003749
v -0.000367 0.008603 -0.003749
v -0.000368 0.008604 -0.003751
v -0.000360 0.008604 -0.003751
v -0.000360 0.008604 -0.003751
v -0.000368 0.008604 -0.003751
v -0.000360 0.008605 -0.003753
v -0.000360 0.008605 -0.003753
v -0.000368 0.008604 -0.003751
v -0.000369 0.008605 -0.003753
v -0.000360 0.008606 -0.003754
v -0.000369 0.008605 -0.003753
v -0.000370 0.008606 -0.003754
v -0.000370 0.008606 -0.003754
v -0.000371 0.008607 -0.003755
v -0.000360 0.008607 -0.003755
v -0.000360 0.008603 -0.003853
v -0.000360 0.008603 -0.003851
v -0.000367 0.008603 -0.003851
v -0.000360 0.008603 -0.003851
v -0.000360 0.008603 -0.003851
v -0.000360 0.008604 -0.003849
v -0.000367 0.008603 -0.003851
v -0.000367 0.008603 -0.003851
v -0.000360 0.008604 -0.003849
v -0.000368 0.008604 -0.003849
v -0.000368 0.008604 -0.003849
v -0.000360 0.008604 -0.003849
v -0.000360 0.008605 -0.003847
v -0.000369 0.008605 -0.003847
v -0.000368 0.008604 -0.003849
v -0.000360 0.008605 -0.003847
v -0.000360 0.008606 -0.003846
v -0.000369 0.008605 -0.003847
v -0.000360 0.008605 -0.003847
v -0.000360 0.008607 -0.003845
v -0.000370 0.008606 -0.003846
v -0.000360 0.008606 -0.003846
v -0.000360 0.008606 -0.003846
v -0.000370 0.008606 -0.003846
v -0.000369 0.008605 -0.003847
v -0.000375 0.008611 -0.003843
v -0.000360 0.008613 -0.003843
v -0.000377 0.008613 -0.003843
v -0.000375 0.008611 -0.003843
v -0.000360 0.008611 -0.003843
v -0.000360 0.008613 -0.003843
v -0.000375 0.008611 -0.003843
v -0.000373 0.008609 -0.003844
v -0.000360 0.008611 -0.003843
v -0.000360 0.008611 -0.003843
v -0.000373 0.008609 -0.003844
v -0.000360 0.008609 -0.003844
v -0.000360 0.008609 -0.003844
v -0.000373 0.008609 -0.003844
v -0.000371 0.008607 -0.003845
v -0.000360 0.008607 -0.003845
v -0.000360 0.008609 -0.003844
v -0.000371 0.008607 -0.003845
v -0.000370 0.008606 -0.003846
v -0.000360 0.008607 -0.003845
v -0.000371 0.008607 -0.003845
v -0.000360 0.008655 -0.003696
v -0.000360 0.008653 -0.003697
v -0.000400 0.008655 -0.003696
v -0.000360 0.008653 -0.003697
v -0.000360 0.008651 -0.003698
v -0.000400 0.008653 -0.003697
v -0.000360 0.008651 -0.003698
v -0.000400 0.008651 -0.003698
v -0.000400 0.008653 -0.003697
v -0.000360 0.008650 -0.003699
v -0.000400 0.008650 -0.003699
v -0.000400 0.008651 -0.003698
v -0.000360 0.008649 -0.003700
v -0.000400 0.008650 -0.003699
v -0.000360 0.008650 -0.003699
v -0.000360 0.008648 -0.003702
v -0.000400 0.008649 -0.003700
v -0.000360 0.008649 -0.003700
v -0.000400 0.008648 -0.003702
v -0.000400 0.008649 -0.003700
v -0.000360 0.008648 -0.003702
v -0.000360 0.008655 -0.003696
v -0.000400 0.008655 -0.003696
v -0.000360 0.008657 -0.003696
v -0.000400 0.008647 -0.003704
v -0.000360 0.008647 -0.003706
v -0.000400 0.008647 -0.003706
v -0.000360 0.008647 -0.003704
v -0.000360 0.008647 -0.003706
v -0.000400 0.008647 -0.003704
v -0.000360 0.008647 -0.003704
v -0.000400 0.008647 -0.003704
v -0.000400 0.008648 -0.003702
v -0.000360 0.008647 -0.003704
v -0.000400 0.008648 -0.003702
v -0.000360 0.008648 -0.003702
v -0.000360 0.008649 -0.003700
v -0.000400 0.008649 -0.003700
v -0.000400 0.008650 -0.003699
v -0.000360 0.008651 -0.003698
v -0.000360 0.008650 -0.003699
v -0.000400 0.008651 -0.003698
v -0.000400 0.008655 -0.003696
v -0.000400 0.008657 -0.003696
v -0.000360 0.008657 -0.003696
v -0.000360 0.008653 -0.003697
v -0.000400 0.008653 -0.003697
v -0.000400 0.008655 -0.003696
v -0.000360 0.008647 -0.003896
v -0.000360 0.008648 -0.003898
v -0.000400 0.008647 -0.003896
v -0.000360 0.008648 -0.003898
v -0.000360 0.008649 -0.003900
v -0.000400 0.008648 -0.003898
v -0.000360 0.008649 -0.003900
v -0.000400 0.008649 -0.003900
v -0.000400 0.008648 -0.003898
v -0.000360 0.008650 -0.003901
v -0.000400 0.008650 -0.003901
v -0.000400 0.008649 -0.003900
v -0.000360 0.008651 -0.003902
v -0.000400 0.008650 -0.003901
v -0.000360 0.008650 -0.003901
v -0.000360 0.008653 -0.003903
v -0.000400 0.008651 -0.003902
v -0.000360 0.008651 -0.003902
v -0.000400 0.008653 -0.003903
v -0.000400 0.008651 -0.003902
v -0.000360 0.008653 -0.003903
v -0.000360 0.008647 -0.003896
v -0.000400 0.008647 -0.003896
v -0.000360 0.008647 -0.003894
v -0.000400 0.008655 -0.003904
v -0.000360 0.008657 -0.003904
v -0.000400 0.008657 -0.003904
v -0.000360 0.008655 -0.003904
v -0.000360 0.008657 -0.003904
v -0.000400 0.008655 -0.003904
v -0.000360 0.008655 -0.003904
v -0.000400 0.008655 -0.003904
v -0.000400 0.008653 -0.003903
v -0.000360 0.008655 -0.003904
v -0.000400 0.008653 -0.003903
v -0.000360 0.008653 -0.003903
v -0.000360 0.008651 -0.003902
v -0.000400 0.008651 -0.003902
v -0.000400 0.008650 -0.003901
v -0.000360 0.008649 -0.003900
v -0.000360 0.008650 -0.003901
v -0.000400 0.008649 -0.003900
v -0.000400 0.008647 -0.003896
v -0.000400 0.008647 -0.003894
v -0.000360 0.008647 -0.003894
v -0.000360 0.008648 -0.003898
v -0.000400 0.008648 -0.003898
v -0.000400 0.008647 -0.003896
v -0.000360 0.008959 -0.003704
v -0.000360 0.008958 -0.003702
v -0.000400 0.008959 -0.003704
v -0.000360 0.008958 -0.003702
v -0.000360 0.008957 -0.003700
v -0.000400 0.008958 -0.003702
v -0.000360 0.008957 -0.003700
v -0.000400 0.008957 -0.003700
v -0.000400 0.008958 -0.003702
v -0.000360 0.008956 -0.003699
v -0.000400 0.008956 -0.003699
v -0.000400 0.008957 -0.003700
v -0.000360 0.008955 -0.003698
v -0.000400 0.008956 -0.003699
v -0.000360 0.008956 -0.003699
v -0.000360 0.008953 -0.003697
v -0.000400 0.008955 -0.003698
v -0.000360 0.008955 -0.003698
v -0.000400 0.008953 -0.003697
v -0.000400 0.008955 -0.003698
v -0.000360 0.008953 -0.003697
v -0.000360 0.008949 -0.003696
v -0.000400 0.008949 -0.003696
v -0.000400 0.008951 -0.003696
v -0.000360 0.008949 -0.003696
v -0.000400 0.008951 -0.003696
v -0.000360 0.008951 -0.003696
v -0.000400 0.008951 -0.003696
v -0.000400 0.008953 -0.003697
v -0.000360 0.008951 -0.003696
v -0.000360 0.008959 -0.003704
v -0.000400 0.008959 -0.003704
v -0.000360 0.008959 -0.003706
v -0.000360 0.008953 -0.003697
v -0.000360 0.008951 -0.003696
v -0.000400 0.008953 -0.003697
v -0.000400 0.008959 -0.003704
v -0.000400 0.008959 -0.003706
v -0.000360 0.008959 -0.003706
v -0.000400 0.008959 -0.003704
v -0.000360 0.008958 -0.003702
v -0.000400 0.008958 -0.003702
v -0.000360 0.008957 -0.003700
v -0.000360 0.008956 -0.003699
v -0.000400 0.008957 -0.003700
v -0.000360 0.008955 -0.003698
v -0.000400 0.008955 -0.003698
v -0.000400 0.008956 -0.003699
v -0.000360 0.008993 -0.004000
v -0.000377 0.008993 -0.004000
v -0.000375 0.008995 -0.004000
v -0.000360 0.008995 -0.004000
v -0.000360 0.008993 -0.004000
v -0.000375 0.008995 -0.004000
v -0.000373 0.008997 -0.003999
v -0.000360 0.008995 -0.004000
v -0.000375 0.008995 -0.004000
v -0.000373 0.008997 -0.003999
v -0.000360 0.008997 -0.003999
v -0.000360 0.008995 -0.004000
v -0.000373 0.008997 -0.003999
v -0.000371 0.008999 -0.003998
v -0.000360 0.008997 -0.003999
v -0.000360 0.008997 -0.003999
v -0.000371 0.008999 -0.003998
v -0.000360 0.008999 -0.003998
v -0.000360 0.008999 -0.003998
v -0.000370 0.009000 -0.003997
v -0.000360 0.009000 -0.003997
v -0.000360 0.009003 -0.003990
v -0.000360 0.009003 -0.003992
v -0.000360 0.009003 -0.003992
v -0.000367 0.009003 -0.003992
v -0.000360 0.009003 -0.003992
v -0.000360 0.009002 -0.003994
v -0.000367 0.009003 -0.003992
v -0.000367 0.009003 -0.003992
v -0.000360 0.009002 -0.003994
v -0.000368 0.009002 -0.003994
v -0.000368 0.009002 -0.003994
v -0.000360 0.009002 -0.003994
v -0.000360 0.009001 -0.003996
v -0.000369 0.009001 -0.003996
v -0.000368 0.009002 -0.003994
v -0.000360 0.009001 -0.003996
v -0.000360 0.009000 -0.003997
v -0.000369 0.009001 -0.003996
v -0.000360 0.009001 -0.003996
v -0.000360 0.009000 -0.003997
v -0.000370 0.009000 -0.003997
v -0.000369 0.009001 -0.003996
v -0.000370 0.009000 -0.003997
v -0.000360 0.008999 -0.003998
v -0.000371 0.008999 -0.003998
v -0.000360 0.008603 -0.003990
v -0.000360 0.008603 -0.003992
v -0.000360 0.008603 -0.003992
v -0.000367 0.008603 -0.003992
v -0.000360 0.008604 -0.003994
v -0.000360 0.008603 -0.003992
v -0.000367 0.008603 -0.003992
v -0.000368 0.008604 -0.003994
v -0.000360 0.008604 -0.003994
v -0.000367 0.008603 -0.003992
v -0.000368 0.008604 -0.003994
v -0.000360 0.008605 -0.003996
v -0.000360 0.008604 -0.003994
v -0.000368 0.008604 -0.003994
v -0.000369 0.008605 -0.003996
v -0.000360 0.008605 -0.003996
v -0.000360 0.008605 -0.003996
v -0.000369 0.008605 -0.003996
v -0.000360 0.008606 -0.003997
v -0.000360 0.008606 -0.003997
v -0.000369 0.008605 -0.003996
v -0.000370 0.008606 -0.003997
v -0.000360 0.008607 -0.003998
v -0.000360 0.008606 -0.003997
v -0.000370 0.008606 -0.003997
v -0.000377 0.008613 -0.004000
v -0.000360 0.008613 -0.004000
v -0.000375 0.008611 -0.004000
v -0.000375 0.008611 -0.004000
v -0.000360 0.008613 -0.004000
v -0.000360 0.008611 -0.004000
v -0.000373 0.008609 -0.003999
v -0.000375 0.008611 -0.004000
v -0.000360 0.008611 -0.004000
v -0.000371 0.008607 -0.003998
v -0.000360 0.008609 -0.003999
v -0.000360 0.008607 -0.003998
v -0.000371 0.008607 -0.003998
v -0.000373 0.008609 -0.003999
v -0.000360 0.008609 -0.003999
v -0.000370 0.008606 -0.003997
v -0.000371 0.008607 -0.003998
v -0.000360 0.008607 -0.003998
v -0.000373 0.008609 -0.003999
v -0.000360 0.008611 -0.004000
v -0.000360 0.008609 -0.003999
v -0.000360 0.008951 -0.003904
v -0.000400 0.008951 -0.003904
v -0.000360 0.008949 -0.003904
v -0.000360 0.008953 -0.003903
v -0.000400 0.008951 -0.003904
v -0.000360 0.008951 -0.003904
v -0.000360 0.008955 -0.003902
v -0.000400 0.008953 -0.003903
v -0.000360 0.008953 -0.003903
v -0.000400 0.008955 -0.003902
v -0.000400 0.008953 -0.003903
v -0.000360 0.008955 -0.003902
v -0.000400 0.008956 -0.003901
v -0.000400 0.008955 -0.003902
v -0.000360 0.008956 -0.003901
v -0.000400 0.008956 -0.003901
v -0.000360 0.008956 -0.003901
v -0.000360 0.008957 -0.003900
v -0.000400 0.008957 -0.003900
v -0.000360 0.008957 -0.003900
v -0.000360 0.008958 -0.003898
v -0.000400 0.008959 -0.003894
v -0.000400 0.008959 -0.003896
v -0.000360 0.008959 -0.003894
v -0.000400 0.008959 -0.003896
v -0.000360 0.008959 -0.003896
v -0.000360 0.008959 -0.003894
v -0.000400 0.008958 -0.003898
v -0.000360 0.008959 -0.003896
v -0.000400 0.008959 -0.003896
v -0.000360 0.008958 -0.003898
v -0.000360 0.008959 -0.003896
v -0.000400 0.008958 -0.003898
v -0.000360 0.008958 -0.003898
v -0.000400 0.008958 -0.003898
v -0.000400 0.008957 -0.003900
v -0.000360 0.008957 -0.003900
v -0.000400 0.008957 -0.003900
v -0.000400 0.008956 -0.003901
v -0.000360 0.008955 -0.003902
v -0.000360 0.008956 -0.003901
v -0.000400 0.008955 -0.003902
v -0.000400 0.008951 -0.003904
v -0.000400 0.008949 -0.003904
v -0.000360 0.008949 -0.003904
v -0.000360 0.008953 -0.003903
v -0.000400 0.008953 -0.003903
v -0.000400 0.008951 -0.003904
v -0.000360 0.008993 -0.003843
v -0.000375 0.008995 -0.003843
v -0.000377 0.008993 -0.003843
v -0.000360 0.008993 -0.003843
v -0.000360 0.008995 -0.003843
v -0.000375 0.008995 -0.003843
v -0.000375 0.008995 -0.003843
v -0.000360 0.008995 -0.003843
v -0.000373 0.008997 -0.003844
v -0.000373 0.008997 -0.003844
v -0.000360 0.008995 -0.003843
v -0.000360 0.008997 -0.003844
v -0.000360 0.008999 -0.003845
v -0.000360 0.009000 -0.003846
v -0.000370 0.009000 -0.003846
v -0.000371 0.008999 -0.003845
v -0.000360 0.008997 -0.003844
v -0.000360 0.008999 -0.003845
v -0.000360 0.009000 -0.003846
v -0.000360 0.009001 -0.003847
v -0.000369 0.009001 -0.003847
v -0.000371 0.008999 -0.003845
v -0.000373 0.008997 -0.003844
v -0.000360 0.008997 -0.003844
v -0.000360 0.009003 -0.003851
v -0.000360 0.009003 -0.003853
v -0.000367 0.009003 -0.003851
v -0.000360 0.009003 -0.003851
v -0.000367 0.009003 -0.003851
v -0.000360 0.009002 -0.003849
v -0.000360 0.009003 -0.003851
v -0.000367 0.009003 -0.003851
v -0.000368 0.009002 -0.003849
v -0.000360 0.009002 -0.003849
v -0.000360 0.009002 -0.003849
v -0.000368 0.009002 -0.003849
v -0.000360 0.009001 -0.003847
v -0.000360 0.009001 -0.003847
v -0.000368 0.009002 -0.003849
v -0.000369 0.009001 -0.003847
v -0.000360 0.009000 -0.003846
v -0.000369 0.009001 -0.003847
v -0.000370 0.009000 -0.003846
v -0.000370 0.009000 -0.003846
v -0.000371 0.008999 -0.003845
v -0.000360 0.008999 -0.003845
v -0.000310 0.008773 -0.003820
v -0.000310 0.008773 -0.003780
v -0.000360 0.008773 -0.003820
v -0.000360 0.008773 -0.003780
v -0.000360 0.008773 -0.003820
v -0.000270 0.008780 -0.003820
v -0.000310 0.008773 -0.003820
v -0.000270 0.008783 -0.003820
v -0.000310 0.008773 -0.003820
v -0.000360 0.008783 -0.003820
v -0.000360 0.008773 -0.003820
v -0.000360 0.008783 -0.003820
v -0.000310 0.008773 -0.003820
v -0.000310 0.008783 -0.003830
v -0.000360 0.008783 -0.003820
v -0.000360 0.008783 -0.003830
v -0.000270 0.008783 -0.003820
v -0.000360 0.008783 -0.003820
v -0.000270 0.008783 -0.003820
v -0.000270 0.008783 -0.003823
v -0.000310 0.008823 -0.003830
v -0.000310 0.008783 -0.003830
v -0.000360 0.008823 -0.003830
v -0.000310 0.008783 -0.003830
v -0.000360 0.008783 -0.003830
v -0.000360 0.008823 -0.003830
v -0.000270 0.008823 -0.003823
v -0.000310 0.008823 -0.003830
v -0.000270 0.008823 -0.003820
v -0.000310 0.008823 -0.003830
v -0.000360 0.008823 -0.003820
v -0.000360 0.008823 -0.003830
v -0.000360 0.008823 -0.003820
v -0.000310 0.008823 -0.003830
v -0.000310 0.008833 -0.003820
v -0.000360 0.008823 -0.003820
v -0.000360 0.008833 -0.003820
v -0.000270 0.008823 -0.003820
v -0.000360 0.008823 -0.003820
v -0.000270 0.008823 -0.003820
v -0.000270 0.008826 -0.003820
v -0.000310 0.008833 -0.003780
v -0.000310 0.008833 -0.003820
v -0.000360 0.008833 -0.003780
v -0.000310 0.008833 -0.003820
v -0.000360 0.008833 -0.003820
v -0.000360 0.008833 -0.003780
v -0.000270 0.008826 -0.003780
v -0.000310 0.008833 -0.003780
v -0.000270 0.008823 -0.003780
v -0.000310 0.008833 -0.003780
v -0.000360 0.008823 -0.003780
v -0.000360 0.008833 -0.003780
v -0.000360 0.008823 -0.003780
v -0.000310 0.008833 -0.003780
v -0.000310 0.008823 -0.003770
v -0.000360 0.008823 -0.003780
v -0.000360 0.008823 -0.003770
v -0.000270 0.008823 -0.003780
v -0.000360 0.008823 -0.003780
v -0.000270 0.008823 -0.003780
v -0.000270 0.008823 -0.003777
v -0.000310 0.008783 -0.003770
v -0.000310 0.008823 -0.003770
v -0.000360 0.008783 -0.003770
v -0.000310 0.008823 -0.003770
v -0.000360 0.008823 -0.003770
v -0.000360 0.008783 -0.003770
v -0.000270 0.008783 -0.003777
v -0.000310 0.008783 -0.003770
v -0.000270 0.008783 -0.003780
v -0.000310 0.008783 -0.003770
v -0.000360 0.008783 -0.003780
v -0.000360 0.008783 -0.003770
v -0.000360 0.008783 -0.003780
v -0.000310 0.008783 -0.003770
v -0.000360 0.008807 -0.003780
v -0.000270 0.008807 -0.003780
v -0.000360 0.008803 -0.003780
v -0.000360 0.008811 -0.003782
v -0.000360 0.008814 -0.003783
v -0.000270 0.008811 -0.003782
v -0.000270 0.008814 -0.003783
v -0.000270 0.008817 -0.003786
v -0.000360 0.008817 -0.003786
v -0.000360 0.008820 -0.003789
v -0.000270 0.008820 -0.003789
v -0.000360 0.008821 -0.003792
v -0.000270 0.008821 -0.003792
v -0.000360 0.008823 -0.003796
v -0.000270 0.008823 -0.003796
v -0.000360 0.008823 -0.003800
v -0.000360 0.008823 -0.003804
v -0.000270 0.008823 -0.003800
v -0.000270 0.008823 -0.003804
v -0.000360 0.008821 -0.003808
v -0.000270 0.008821 -0.003808
v -0.000360 0.008820 -0.003811
v -0.000360 0.008817 -0.003814
v -0.000270 0.008820 -0.003811
v -0.000270 0.008817 -0.003814
v -0.000270 0.008814 -0.003817
v -0.000360 0.008814 -0.003817
v -0.000360 0.008811 -0.003818
v -0.000270 0.008811 -0.003818
v -0.000360 0.008807 -0.003820
v -0.000270 0.008807 -0.003820
v -0.000360 0.008803 -0.003820
v -0.000270 0.008803 -0.003820
v -0.000360 0.008799 -0.003820
v -0.000270 0.008799 -0.003820
v -0.000360 0.008795 -0.003818
v -0.000270 0.008795 -0.003818
v -0.000360 0.008792 -0.003817
v -0.000360 0.008783 -0.003800
v -0.000270 0.008783 -0.003800
v -0.000270 0.008783 -0.003804
v -0.000360 0.008783 -0.003796
v -0.000270 0.008783 -0.003796
v -0.000360 0.008785 -0.003792
v -0.000270 0.008785 -0.003792
v -0.000360 0.008786 -0.003789
v -0.000270 0.008786 -0.003789
v -0.000360 0.008789 -0.003786
v -0.000360 0.008792 -0.003783
v -0.000270 0.008789 -0.003786
v -0.000270 0.008792 -0.003783
v -0.000270 0.008795 -0.003782
v -0.000360 0.008795 -0.003782
v -0.000270 0.008799 -0.003780
v -0.000360 0.008799 -0.003780
v -0.000270 0.008803 -0.003780
v -0.000360 0.008783 -0.003804
v -0.000270 0.008785 -0.003808
v -0.000360 0.008785 -0.003808
v -0.000270 0.008786 -0.003811
v -0.000360 0.008786 -0.003811
v -0.000270 0.008789 -0.003814
v -0.000360 0.008789 -0.003814
v -0.000270 0.008792 -0.003817
v -0.000310 0.008773 -0.003780
v -0.000360 0.008783 -0.003780
v -0.000360 0.008773 -0.003780
v -0.000270 0.008783 -0.003780
v -0.000360 0.008783 -0.003780
v -0.000310 0.008773 -0.003780
v -0.000270 0.008783 -0.003780
v -0.000310 0.008773 -0.003780
v -0.000270 0.008780 -0.003780
v -0.000270 0.008803 -0.003777
v -0.000270 0.008803 -0.003780
v -0.000270 0.008807 -0.003780
v -0.000270 0.008826 -0.003800
v -0.000270 0.008823 -0.003800
v -0.000270 0.008823 -0.003804
v -0.000270 0.008780 -0.003820
v -0.000270 0.008783 -0.003820
v -0.000270 0.008786 -0.003811
v -0.000270 0.008780 -0.003780
v -0.000270 0.008785 -0.003792
v -0.000270 0.008786 -0.003789
v -0.000270 0.008795 -0.003782
v -0.000270 0.008799 -0.003780
v -0.000270 0.008783 -0.003777
v -0.000270 0.008792 -0.003783
v -0.000270 0.008795 -0.003782
v -0.000270 0.008823 -0.003777
v -0.000270 0.008811 -0.003782
v -0.000270 0.008814 -0.003783
v -0.000270 0.008821 -0.003792
v -0.000270 0.008823 -0.003796
v -0.000270 0.008826 -0.003780
v -0.000270 0.008820 -0.003789
v -0.000270 0.008821 -0.003792
v -0.000270 0.008826 -0.003820
v -0.000270 0.008821 -0.003808
v -0.000270 0.008820 -0.003811
v -0.000270 0.008803 -0.003823
v -0.000270 0.008811 -0.003818
v -0.000270 0.008807 -0.003820
v -0.000270 0.008823 -0.003823
v -0.000270 0.008814 -0.003817
v -0.000270 0.008811 -0.003818
v -0.000270 0.008783 -0.003823
v -0.000270 0.008795 -0.003818
v -0.000270 0.008792 -0.003817
v -0.000270 0.008783 -0.003820
v -0.000270 0.008792 -0.003817
v -0.000270 0.008789 -0.003814
v -0.000270 0.008783 -0.003820
v -0.000270 0.008789 -0.003814
v -0.000270 0.008786 -0.003811
v -0.000270 0.008799 -0.003780
v -0.000270 0.008803 -0.003780
v -0.000270 0.008783 -0.003777
v -0.000270 0.008795 -0.003782
v -0.000270 0.008786 -0.003789
v -0.000270 0.008783 -0.003780
v -0.000270 0.008780 -0.003780
v -0.000270 0.008792 -0.003783
v -0.000270 0.008783 -0.003777
v -0.000270 0.008783 -0.003780
v -0.000270 0.008789 -0.003786
v -0.000270 0.008792 -0.003783
v -0.000270 0.008783 -0.003780
v -0.000270 0.008786 -0.003789
v -0.000270 0.008789 -0.003786
v -0.000270 0.008783 -0.003780
v -0.000270 0.008785 -0.003792
v -0.000270 0.008780 -0.003780
v -0.000270 0.008780 -0.003800
v -0.000270 0.008783 -0.003796
v -0.000270 0.008785 -0.003792
v -0.000270 0.008783 -0.003804
v -0.000270 0.008783 -0.003800
v -0.000270 0.008780 -0.003820
v -0.000270 0.008785 -0.003808
v -0.000270 0.008785 -0.003808
v -0.000270 0.008783 -0.003804
v -0.000270 0.008786 -0.003811
v -0.000270 0.008785 -0.003808
v -0.000270 0.008780 -0.003820
v -0.000270 0.008792 -0.003817
v -0.000270 0.008783 -0.003820
v -0.000270 0.008783 -0.003823
v -0.000270 0.008783 -0.003800
v -0.000270 0.008783 -0.003796
v -0.000270 0.008799 -0.003820
v -0.000270 0.008795 -0.003818
v -0.000270 0.008807 -0.003820
v -0.000270 0.008803 -0.003820
v -0.000270 0.008823 -0.003823
v -0.000270 0.008811 -0.003818
v -0.000270 0.008820 -0.003811
v -0.000270 0.008823 -0.003820
v -0.000270 0.008826 -0.003820
v -0.000270 0.008814 -0.003817
v -0.000270 0.008823 -0.003823
v -0.000270 0.008823 -0.003820
v -0.000270 0.008817 -0.003814
v -0.000270 0.008814 -0.003817
v -0.000270 0.008823 -0.003820
v -0.000270 0.008820 -0.003811
v -0.000270 0.008817 -0.003814
v -0.000270 0.008823 -0.003820
v -0.000270 0.008821 -0.003808
v -0.000270 0.008826 -0.003820
v -0.000270 0.008823 -0.003804
v -0.000270 0.008821 -0.003808
v -0.000270 0.008823 -0.003796
v -0.000270 0.008823 -0.003800
v -0.000270 0.008826 -0.003780
v -0.000270 0.008821 -0.003792
v -0.000270 0.008814 -0.003783
v -0.000270 0.008823 -0.003780
v -0.000270 0.008823 -0.003777
v -0.000270 0.008820 -0.003789
v -0.000270 0.008826 -0.003780
v -0.000270 0.008823 -0.003780
v -0.000270 0.008817 -0.003786
v -0.000270 0.008820 -0.003789
v -0.000270 0.008823 -0.003780
v -0.000270 0.008814 -0.003783
v -0.000270 0.008817 -0.003786
v -0.000270 0.008823 -0.003780
v -0.000270 0.008811 -0.003782
v -0.000270 0.008823 -0.003777
v -0.000270 0.008803 -0.003820
v -0.000270 0.008799 -0.003820
v -0.000270 0.008807 -0.003780
v -0.000270 0.008811 -0.003782
v -0.000270 0.008795 -0.003818
v -0.000270 0.008783 -0.003823
v -0.000360 0.008811 -0.003782
v -0.000360 0.008807 -0.003780
v -0.000360 0.008803 -0.003780
v -0.000360 0.008814 -0.003783
v -0.000360 0.008811 -0.003782
v -0.000360 0.008803 -0.003780
v -0.000360 0.008817 -0.003786
v -0.000360 0.008814 -0.003783
v -0.000360 0.008803 -0.003780
v -0.000360 0.008820 -0.003789
v -0.000360 0.008817 -0.003786
v -0.000360 0.008803 -0.003780
v -0.000360 0.008821 -0.003792
v -0.000360 0.008803 -0.003780
v -0.000360 0.008823 -0.003796
v -0.000360 0.008821 -0.003792
v -0.000360 0.008820 -0.003789
v -0.000360 0.008803 -0.003780
v -0.000360 0.008823 -0.003796
v -0.000360 0.008803 -0.003780
v -0.000360 0.008823 -0.003800
v -0.000360 0.008823 -0.003800
v -0.000360 0.008803 -0.003780
v -0.000360 0.008823 -0.003804
v -0.000360 0.008803 -0.003780
v -0.000360 0.008821 -0.003808
v -0.000360 0.008823 -0.003804
v -0.000360 0.008803 -0.003780
v -0.000360 0.008820 -0.003811
v -0.000360 0.008821 -0.003808
v -0.000360 0.008803 -0.003780
v -0.000360 0.008817 -0.003814
v -0.000360 0.008820 -0.003811
v -0.000360 0.008811 -0.003818
v -0.000360 0.008814 -0.003817
v -0.000360 0.008803 -0.003780
v -0.000360 0.008803 -0.003780
v -0.000360 0.008814 -0.003817
v -0.000360 0.008817 -0.003814
v -0.000360 0.008807 -0.003820
v -0.000360 0.008803 -0.003780
v -0.000360 0.008803 -0.003820
v -0.000360 0.008803 -0.003820
v -0.000360 0.008803 -0.003780
v -0.000360 0.008799 -0.003820
v -0.000360 0.008803 -0.003780
v -0.000360 0.008795 -0.003818
v -0.000360 0.008799 -0.003820
v -0.000360 0.008803 -0.003780
v -0.000360 0.008792 -0.003817
v -0.000360 0.008795 -0.003818
v -0.000360 0.008803 -0.003780
v -0.000360 0.008789 -0.003814
v -0.000360 0.008792 -0.003817
v -0.000360 0.008785 -0.003808
v -0.000360 0.008786 -0.003811
v -0.000360 0.008803 -0.003780
v -0.000360 0.008803 -0.003780
v -0.000360 0.008786 -0.003811
v -0.000360 0.008789 -0.003814
v -0.000360 0.008783 -0.003804
v -0.000360 0.008785 -0.003808
v -0.000360 0.008803 -0.003780
v -0.000360 0.008783 -0.003800
v -0.000360 0.008783 -0.003804
v -0.000360 0.008803 -0.003780
v -0.000360 0.008783 -0.003800
v -0.000360 0.008803 -0.003780
v -0.000360 0.008783 -0.003796
v -0.000360 0.008783 -0.003796
v -0.000360 0.008803 -0.003780
v -0.000360 0.008785 -0.003792
v -0.000360 0.008785 -0.003792
v -0.000360 0.008803 -0.003780
v -0.000360 0.008786 -0.003789
v -0.000360 0.008803 -0.003780
v -0.000360 0.008792 -0.003783
v -0.000360 0.008789 -0.003786
v -0.000360 0.008786 -0.003789
v -0.000360 0.008803 -0.003780
v -0.000360 0.008789 -0.003786
v -0.000360 0.008803 -0.003780
v -0.000360 0.008795 -0.003782
v -0.000360 0.008792 -0.003783
v -0.000360 0.008803 -0.003780
v -0.000360 0.008807 -0.003820
v -0.000360 0.008811 -0.003818
v -0.000360 0.008799 -0.003780
v -0.000360 0.008795 -0.003782
v -0.000360 0.008803 -0.003780
v -0.000270 0.008803 -0.003823
v -0.000270 0.008783 -0.003823
v -0.000310 0.008783 -0.003830
v -0.000270 0.008823 -0.003823
v -0.000270 0.008803 -0.003823
v -0.000270 0.008803 -0.003823
v -0.000310 0.008783 -0.003830
v -0.000270 0.008826 -0.003800
v -0.000270 0.008826 -0.003820
v -0.000310 0.008833 -0.003820
v -0.000270 0.008826 -0.003780
v -0.000270 0.008826 -0.003800
v -0.000270 0.008826 -0.003800
v -0.000310 0.008833 -0.003820
v -0.000270 0.008803 -0.003777
v -0.000270 0.008823 -0.003777
v -0.000310 0.008823 -0.003770
v -0.000270 0.008783 -0.003777
v -0.000270 0.008803 -0.003777
v -0.000270 0.008803 -0.003777
v -0.000310 0.008823 -0.003770
v -0.000270 0.008780 -0.003800
v -0.000270 0.008780 -0.003780
v -0.000270 0.008780 -0.003820
v -0.000270 0.008780 -0.003800
v -0.000270 0.008780 -0.003800
v -0.000330 0.008763 -0.003978
v -0.000360 0.008803 -0.003978
v -0.000330 0.008843 -0.003978
v -0.000360 0.008803 -0.003978
v -0.000360 0.008843 -0.003978
v -0.000360 0.008803 -0.003978
v -0.000360 0.008763 -0.003978
v -0.000330 0.008763 -0.003958
v -0.000360 0.008763 -0.003958
v -0.000330 0.008763 -0.003978
v -0.000330 0.008763 -0.003978
v -0.000360 0.008763 -0.003958
v -0.000360 0.008763 -0.003978
v -0.000330 0.008843 -0.003958
v -0.000360 0.008843 -0.003958
v -0.000330 0.008763 -0.003958
v -0.000330 0.008763 -0.003958
v -0.000360 0.008843 -0.003958
v -0.000360 0.008763 -0.003958
v -0.000330 0.008843 -0.003978
v -0.000360 0.008843 -0.003978
v -0.000330 0.008843 -0.003958
v -0.000330 0.008843 -0.003958
v -0.000360 0.008843 -0.003978
v -0.000360 0.008843 -0.003958
v -0.000330 0.008843 -0.003978
v -0.000330 0.008843 -0.003958
v -0.000330 0.008763 -0.003978
v -0.000330 0.008843 -0.003958
v -0.000330 0.008763 -0.003958
v -0.000330 0.008763 -0.003978
v -0.000400 0.008803 -0.003602
v -0.000373 0.008803 -0.003605
v -0.000400 0.008970 -0.003602
v -0.000400 0.008636 -0.003602
v -0.000373 0.008609 -0.003605
v -0.000400 0.008636 -0.003602
v -0.000400 0.008803 -0.003602
v -0.000373 0.008997 -0.003605
v -0.000400 0.008970 -0.003602
v -0.000373 0.008803 -0.003594
v -0.000373 0.008803 -0.003605
v -0.000373 0.008609 -0.003594
v -0.000373 0.008997 -0.003594
v -0.000373 0.008803 -0.003605
v -0.000373 0.008997 -0.003594
v -0.000373 0.008997 -0.003605
v -0.000373 0.008803 -0.003605
v -0.000373 0.008609 -0.003594
v -0.000373 0.008803 -0.003605
v -0.000373 0.008609 -0.003605
v -0.000400 0.008803 -0.003597
v -0.000373 0.008803 -0.003594
v -0.000400 0.008636 -0.003597
v -0.000400 0.008970 -0.003597
v -0.000373 0.008803 -0.003594
v -0.000400 0.008803 -0.003597
v -0.000373 0.008609 -0.003594
v -0.000400 0.008636 -0.003597
v -0.000373 0.008803 -0.003594
v -0.000373 0.008997 -0.003594
v -0.000373 0.008803 -0.003594
v -0.000400 0.008970 -0.003597
v -0.000360 0.008731 -0.003360
v -0.000400 0.008731 -0.003360
v -0.000360 0.008731 -0.003440
v -0.000400 0.008731 -0.003360
v -0.000400 0.008731 -0.003440
v -0.000360 0.008731 -0.003440
v -0.000360 0.008673 -0.003504
v -0.000360 0.008679 -0.003503
v -0.000400 0.008673 -0.003504
v -0.000360 0.008679 -0.003503
v -0.000360 0.008685 -0.003501
v -0.000400 0.008679 -0.003503
v -0.000360 0.008685 -0.003501
v -0.000400 0.008685 -0.003501
v -0.000400 0.008679 -0.003503
v -0.000360 0.008691 -0.003499
v -0.000400 0.008691 -0.003499
v -0.000400 0.008685 -0.003501
v -0.000360 0.008697 -0.003496
v -0.000400 0.008691 -0.003499
v -0.000360 0.008691 -0.003499
v -0.000360 0.008702 -0.003493
v -0.000400 0.008697 -0.003496
v -0.000360 0.008697 -0.003496
v -0.000400 0.008702 -0.003493
v -0.000400 0.008697 -0.003496
v -0.000360 0.008702 -0.003493
v -0.000400 0.008707 -0.003489
v -0.000400 0.008702 -0.003493
v -0.000360 0.008707 -0.003489
v -0.000400 0.008707 -0.003489
v -0.000360 0.008707 -0.003489
v -0.000360 0.008712 -0.003485
v -0.000400 0.008712 -0.003485
v -0.000360 0.008712 -0.003485
v -0.000360 0.008716 -0.003481
v -0.000400 0.008712 -0.003485
v -0.000360 0.008716 -0.003481
v -0.000400 0.008716 -0.003481
v -0.000400 0.008716 -0.003481
v -0.000360 0.008720 -0.003476
v -0.000400 0.008720 -0.003476
v -0.000360 0.008720 -0.003476
v -0.000360 0.008723 -0.003470
v -0.000400 0.008720 -0.003476
v -0.000360 0.008723 -0.003470
v -0.000360 0.008726 -0.003464
v -0.000400 0.008723 -0.003470
v -0.000360 0.008726 -0.003464
v -0.000400 0.008726 -0.003464
v -0.000400 0.008723 -0.003470
v -0.000360 0.008673 -0.003504
v -0.000400 0.008673 -0.003504
v -0.000360 0.008666 -0.003504
v -0.000400 0.008730 -0.003446
v -0.000360 0.008731 -0.003440
v -0.000400 0.008731 -0.003440
v -0.000360 0.008730 -0.003446
v -0.000360 0.008731 -0.003440
v -0.000400 0.008730 -0.003446
v -0.000360 0.008730 -0.003446
v -0.000400 0.008730 -0.003446
v -0.000400 0.008729 -0.003452
v -0.000360 0.008730 -0.003446
v -0.000400 0.008729 -0.003452
v -0.000360 0.008729 -0.003452
v -0.000400 0.008729 -0.003452
v -0.000400 0.008728 -0.003459
v -0.000360 0.008729 -0.003452
v -0.000400 0.008728 -0.003459
v -0.000360 0.008728 -0.003459
v -0.000360 0.008729 -0.003452
v -0.000400 0.008726 -0.003464
v -0.000360 0.008728 -0.003459
v -0.000400 0.008728 -0.003459
v -0.000360 0.008726 -0.003464
v -0.000360 0.008728 -0.003459
v -0.000400 0.008726 -0.003464
v -0.000400 0.008720 -0.003476
v -0.000360 0.008723 -0.003470
v -0.000400 0.008723 -0.003470
v -0.000400 0.008716 -0.003481
v -0.000360 0.008716 -0.003481
v -0.000360 0.008720 -0.003476
v -0.000400 0.008712 -0.003485
v -0.000400 0.008707 -0.003489
v -0.000360 0.008712 -0.003485
v -0.000360 0.008707 -0.003489
v -0.000400 0.008702 -0.003493
v -0.000360 0.008702 -0.003493
v -0.000360 0.008697 -0.003496
v -0.000400 0.008697 -0.003496
v -0.000400 0.008691 -0.003499
v -0.000360 0.008685 -0.003501
v -0.000360 0.008691 -0.003499
v -0.000400 0.008685 -0.003501
v -0.000400 0.008673 -0.003504
v -0.000400 0.008666 -0.003504
v -0.000360 0.008666 -0.003504
v -0.000360 0.008679 -0.003503
v -0.000400 0.008679 -0.003503
v -0.000400 0.008673 -0.003504
v -0.000400 0.008657 -0.003504
v -0.000360 0.008657 -0.003504
v -0.000400 0.008666 -0.003504
v -0.000360 0.008657 -0.003504
v -0.000360 0.008666 -0.003504
v -0.000400 0.008666 -0.003504
v -0.000360 0.008647 -0.003494
v -0.000400 0.008647 -0.003494
v -0.000360 0.008647 -0.003443
v -0.000400 0.008647 -0.003494
v -0.000400 0.008647 -0.003443
v -0.000360 0.008647 -0.003443
v -0.000400 0.008647 -0.003306
v -0.000360 0.008647 -0.003306
v -0.000400 0.008647 -0.003357
v -0.000360 0.008647 -0.003306
v -0.000360 0.008647 -0.003357
v -0.000400 0.008647 -0.003357
v -0.000360 0.008657 -0.003296
v -0.000400 0.008657 -0.003296
v -0.000360 0.008666 -0.003296
v -0.000400 0.008657 -0.003296
v -0.000400 0.008666 -0.003296
v -0.000360 0.008666 -0.003296
v -0.000360 0.008730 -0.003354
v -0.000360 0.008729 -0.003348
v -0.000400 0.008730 -0.003354
v -0.000360 0.008729 -0.003348
v -0.000360 0.008728 -0.003341
v -0.000400 0.008729 -0.003348
v -0.000360 0.008728 -0.003341
v -0.000400 0.008728 -0.003341
v -0.000400 0.008729 -0.003348
v -0.000360 0.008726 -0.003336
v -0.000400 0.008726 -0.003336
v -0.000400 0.008728 -0.003341
v -0.000360 0.008723 -0.003330
v -0.000400 0.008726 -0.003336
v -0.000360 0.008726 -0.003336
v -0.000360 0.008720 -0.003324
v -0.000400 0.008723 -0.003330
v -0.000360 0.008723 -0.003330
v -0.000400 0.008720 -0.003324
v -0.000400 0.008723 -0.003330
v -0.000360 0.008720 -0.003324
v -0.000400 0.008716 -0.003319
v -0.000400 0.008720 -0.003324
v -0.000360 0.008716 -0.003319
v -0.000400 0.008716 -0.003319
v -0.000360 0.008716 -0.003319
v -0.000360 0.008712 -0.003315
v -0.000400 0.008712 -0.003315
v -0.000360 0.008712 -0.003315
v -0.000360 0.008707 -0.003311
v -0.000400 0.008712 -0.003315
v -0.000360 0.008707 -0.003311
v -0.000400 0.008707 -0.003311
v -0.000400 0.008707 -0.003311
v -0.000360 0.008702 -0.003307
v -0.000400 0.008702 -0.003307
v -0.000360 0.008702 -0.003307
v -0.000360 0.008697 -0.003304
v -0.000400 0.008702 -0.003307
v -0.000360 0.008697 -0.003304
v -0.000360 0.008691 -0.003301
v -0.000400 0.008697 -0.003304
v -0.000360 0.008691 -0.003301
v -0.000400 0.008691 -0.003301
v -0.000400 0.008697 -0.003304
v -0.000360 0.008730 -0.003354
v -0.000400 0.008730 -0.003354
v -0.000360 0.008731 -0.003360
v -0.000400 0.008673 -0.003296
v -0.000360 0.008666 -0.003296
v -0.000400 0.008666 -0.003296
v -0.000360 0.008673 -0.003296
v -0.000360 0.008666 -0.003296
v -0.000400 0.008673 -0.003296
v -0.000360 0.008673 -0.003296
v -0.000400 0.008673 -0.003296
v -0.000400 0.008679 -0.003297
v -0.000360 0.008673 -0.003296
v -0.000400 0.008679 -0.003297
v -0.000360 0.008679 -0.003297
v -0.000400 0.008679 -0.003297
v -0.000400 0.008685 -0.003299
v -0.000360 0.008679 -0.003297
v -0.000400 0.008685 -0.003299
v -0.000360 0.008685 -0.003299
v -0.000360 0.008679 -0.003297
v -0.000400 0.008691 -0.003301
v -0.000360 0.008685 -0.003299
v -0.000400 0.008685 -0.003299
v -0.000360 0.008691 -0.003301
v -0.000360 0.008685 -0.003299
v -0.000400 0.008691 -0.003301
v -0.000400 0.008702 -0.003307
v -0.000360 0.008697 -0.003304
v -0.000400 0.008697 -0.003304
v -0.000400 0.008707 -0.003311
v -0.000360 0.008707 -0.003311
v -0.000360 0.008702 -0.003307
v -0.000400 0.008712 -0.003315
v -0.000400 0.008716 -0.003319
v -0.000360 0.008712 -0.003315
v -0.000360 0.008716 -0.003319
v -0.000400 0.008720 -0.003324
v -0.000360 0.008720 -0.003324
v -0.000360 0.008723 -0.003330
v -0.000400 0.008723 -0.003330
v -0.000400 0.008726 -0.003336
v -0.000360 0.008728 -0.003341
v -0.000360 0.008726 -0.003336
v -0.000400 0.008728 -0.003341
v -0.000400 0.008730 -0.003354
v -0.000400 0.008731 -0.003360
v -0.000360 0.008731 -0.003360
v -0.000360 0.008729 -0.003348
v -0.000400 0.008729 -0.003348
v -0.000400 0.008730 -0.003354
v -0.000377 0.008613 -0.003443
v -0.000360 0.008647 -0.003443
v -0.000400 0.008636 -0.003443
v -0.000360 0.008613 -0.003443
v -0.000360 0.008647 -0.003443
v -0.000377 0.008613 -0.003443
v -0.000400 0.008647 -0.003443
v -0.000400 0.008636 -0.003443
v -0.000360 0.008647 -0.003443
v -0.000360 0.008613 -0.003357
v -0.000377 0.008613 -0.003357
v -0.000360 0.008647 -0.003357
v -0.000400 0.008636 -0.003357
v -0.000400 0.008647 -0.003357
v -0.000360 0.008647 -0.003357
v -0.000377 0.008613 -0.003357
v -0.000400 0.008636 -0.003357
v -0.000360 0.008647 -0.003357
v -0.000360 0.008875 -0.003360
v -0.000360 0.008875 -0.003440
v -0.000400 0.008875 -0.003360
v -0.000400 0.008875 -0.003360
v -0.000360 0.008875 -0.003440
v -0.000400 0.008875 -0.003440
v -0.000400 0.008939 -0.003504
v -0.000400 0.008933 -0.003504
v -0.000360 0.008939 -0.003504
v -0.000400 0.008933 -0.003504
v -0.000360 0.008933 -0.003504
v -0.000360 0.008939 -0.003504
v -0.000400 0.008927 -0.003503
v -0.000360 0.008933 -0.003504
v -0.000400 0.008933 -0.003504
v -0.000360 0.008927 -0.003503
v -0.000360 0.008933 -0.003504
v -0.000400 0.008927 -0.003503
v -0.000360 0.008927 -0.003503
v -0.000400 0.008927 -0.003503
v -0.000400 0.008921 -0.003501
v -0.000360 0.008927 -0.003503
v -0.000400 0.008921 -0.003501
v -0.000360 0.008921 -0.003501
v -0.000400 0.008921 -0.003501
v -0.000400 0.008915 -0.003499
v -0.000360 0.008921 -0.003501
v -0.000400 0.008915 -0.003499
v -0.000360 0.008915 -0.003499
v -0.000360 0.008921 -0.003501
v -0.000400 0.008909 -0.003496
v -0.000360 0.008915 -0.003499
v -0.000400 0.008915 -0.003499
v -0.000360 0.008909 -0.003496
v -0.000360 0.008915 -0.003499
v -0.000400 0.008909 -0.003496
v -0.000360 0.008909 -0.003496
v -0.000400 0.008909 -0.003496
v -0.000400 0.008904 -0.003493
v -0.000360 0.008909 -0.003496
v -0.000400 0.008904 -0.003493
v -0.000360 0.008904 -0.003493
v -0.000400 0.008904 -0.003493
v -0.000400 0.008899 -0.003489
v -0.000360 0.008904 -0.003493
v -0.000400 0.008899 -0.003489
v -0.000360 0.008899 -0.003489
v -0.000360 0.008904 -0.003493
v -0.000360 0.008890 -0.003481
v -0.000400 0.008886 -0.003476
v -0.000360 0.008886 -0.003476
v -0.000360 0.008886 -0.003476
v -0.000400 0.008886 -0.003476
v -0.000400 0.008883 -0.003470
v -0.000360 0.008875 -0.003440
v -0.000360 0.008876 -0.003446
v -0.000400 0.008875 -0.003440
v -0.000360 0.008876 -0.003446
v -0.000400 0.008876 -0.003446
v -0.000400 0.008875 -0.003440
v -0.000360 0.008877 -0.003452
v -0.000400 0.008876 -0.003446
v -0.000360 0.008876 -0.003446
v -0.000400 0.008877 -0.003452
v -0.000400 0.008876 -0.003446
v -0.000360 0.008877 -0.003452
v -0.000400 0.008877 -0.003452
v -0.000360 0.008877 -0.003452
v -0.000360 0.008878 -0.003459
v -0.000400 0.008877 -0.003452
v -0.000360 0.008878 -0.003459
v -0.000400 0.008878 -0.003459
v -0.000360 0.008878 -0.003459
v -0.000360 0.008880 -0.003464
v -0.000400 0.008878 -0.003459
v -0.000360 0.008880 -0.003464
v -0.000400 0.008880 -0.003464
v -0.000400 0.008878 -0.003459
v -0.000360 0.008883 -0.003470
v -0.000400 0.008880 -0.003464
v -0.000360 0.008880 -0.003464
v -0.000400 0.008883 -0.003470
v -0.000400 0.008880 -0.003464
v -0.000360 0.008883 -0.003470
v -0.000400 0.008883 -0.003470
v -0.000360 0.008883 -0.003470
v -0.000360 0.008886 -0.003476
v -0.000400 0.008886 -0.003476
v -0.000360 0.008890 -0.003481
v -0.000400 0.008890 -0.003481
v -0.000360 0.008890 -0.003481
v -0.000360 0.008894 -0.003485
v -0.000400 0.008890 -0.003481
v -0.000360 0.008894 -0.003485
v -0.000400 0.008894 -0.003485
v -0.000400 0.008890 -0.003481
v -0.000360 0.008899 -0.003489
v -0.000400 0.008894 -0.003485
v -0.000360 0.008894 -0.003485
v -0.000360 0.008899 -0.003489
v -0.000400 0.008899 -0.003489
v -0.000400 0.008894 -0.003485
v -0.000400 0.008939 -0.003504
v -0.000360 0.008939 -0.003504
v -0.000400 0.008949 -0.003504
v -0.000400 0.008949 -0.003504
v -0.000360 0.008939 -0.003504
v -0.000360 0.008949 -0.003504
v -0.000360 0.008959 -0.003443
v -0.000400 0.008959 -0.003443
v -0.000360 0.008959 -0.003494
v -0.000360 0.008959 -0.003494
v -0.000400 0.008959 -0.003443
v -0.000400 0.008959 -0.003494
v -0.000400 0.008959 -0.003357
v -0.000360 0.008959 -0.003357
v -0.000400 0.008959 -0.003306
v -0.000400 0.008959 -0.003306
v -0.000360 0.008959 -0.003357
v -0.000360 0.008959 -0.003306
v -0.000360 0.008939 -0.003296
v -0.000400 0.008939 -0.003296
v -0.000360 0.008949 -0.003296
v -0.000360 0.008949 -0.003296
v -0.000400 0.008939 -0.003296
v -0.000400 0.008949 -0.003296
v -0.000400 0.008875 -0.003360
v -0.000400 0.008876 -0.003354
v -0.000360 0.008875 -0.003360
v -0.000400 0.008876 -0.003354
v -0.000400 0.008877 -0.003348
v -0.000360 0.008876 -0.003354
v -0.000400 0.008877 -0.003348
v -0.000360 0.008877 -0.003348
v -0.000360 0.008876 -0.003354
v -0.000400 0.008878 -0.003341
v -0.000360 0.008878 -0.003341
v -0.000360 0.008877 -0.003348
v -0.000400 0.008880 -0.003336
v -0.000360 0.008880 -0.003336
v -0.000360 0.008878 -0.003341
v -0.000400 0.008883 -0.003330
v -0.000360 0.008880 -0.003336
v -0.000400 0.008880 -0.003336
v -0.000400 0.008886 -0.003324
v -0.000360 0.008883 -0.003330
v -0.000400 0.008883 -0.003330
v -0.000360 0.008886 -0.003324
v -0.000360 0.008883 -0.003330
v -0.000400 0.008886 -0.003324
v -0.000360 0.008890 -0.003319
v -0.000360 0.008886 -0.003324
v -0.000400 0.008890 -0.003319
v -0.000360 0.008890 -0.003319
v -0.000400 0.008890 -0.003319
v -0.000400 0.008894 -0.003315
v -0.000360 0.008894 -0.003315
v -0.000400 0.008894 -0.003315
v -0.000400 0.008899 -0.003311
v -0.000360 0.008894 -0.003315
v -0.000400 0.008899 -0.003311
v -0.000360 0.008899 -0.003311
v -0.000360 0.008899 -0.003311
v -0.000400 0.008904 -0.003307
v -0.000360 0.008904 -0.003307
v -0.000400 0.008904 -0.003307
v -0.000400 0.008909 -0.003304
v -0.000360 0.008904 -0.003307
v -0.000400 0.008909 -0.003304
v -0.000400 0.008915 -0.003301
v -0.000360 0.008909 -0.003304
v -0.000400 0.008915 -0.003301
v -0.000360 0.008915 -0.003301
v -0.000360 0.008909 -0.003304
v -0.000360 0.008933 -0.003296
v -0.000400 0.008939 -0.003296
v -0.000360 0.008939 -0.003296
v -0.000400 0.008933 -0.003296
v -0.000400 0.008939 -0.003296
v -0.000360 0.008933 -0.003296
v -0.000400 0.008933 -0.003296
v -0.000360 0.008933 -0.003296
v -0.000360 0.008927 -0.003297
v -0.000400 0.008933 -0.003296
v -0.000360 0.008927 -0.003297
v -0.000400 0.008927 -0.003297
v -0.000360 0.008927 -0.003297
v -0.000360 0.008921 -0.003299
v -0.000400 0.008927 -0.003297
v -0.000360 0.008921 -0.003299
v -0.000400 0.008921 -0.003299
v -0.000400 0.008927 -0.003297
v -0.000360 0.008915 -0.003301
v -0.000400 0.008921 -0.003299
v -0.000360 0.008921 -0.003299
v -0.000400 0.008915 -0.003301
v -0.000400 0.008921 -0.003299
v -0.000360 0.008915 -0.003301
v -0.000360 0.008904 -0.003307
v -0.000400 0.008909 -0.003304
v -0.000360 0.008909 -0.003304
v -0.000360 0.008899 -0.003311
v -0.000400 0.008899 -0.003311
v -0.000400 0.008904 -0.003307
v -0.000360 0.008894 -0.003315
v -0.000360 0.008890 -0.003319
v -0.000400 0.008894 -0.003315
v -0.000400 0.008890 -0.003319
v -0.000360 0.008886 -0.003324
v -0.000400 0.008886 -0.003324
v -0.000400 0.008883 -0.003330
v -0.000360 0.008883 -0.003330
v -0.000360 0.008880 -0.003336
v -0.000400 0.008878 -0.003341
v -0.000400 0.008880 -0.003336
v -0.000360 0.008878 -0.003341
v -0.000360 0.008876 -0.003354
v -0.000360 0.008875 -0.003360
v -0.000400 0.008876 -0.003354
v -0.000360 0.008877 -0.003348
v -0.000400 0.008877 -0.003348
v -0.000400 0.008878 -0.003341
v -0.000400 0.008959 -0.003443
v -0.000360 0.008959 -0.003443
v -0.000400 0.008970 -0.003443
v -0.000377 0.008993 -0.003443
v -0.000360 0.008959 -0.003443
v -0.000360 0.008993 -0.003443
v -0.000377 0.008993 -0.003443
v -0.000400 0.008970 -0.003443
v -0.000360 0.008959 -0.003443
v -0.000400 0.008959 -0.003357
v -0.000400 0.008970 -0.003357
v -0.000360 0.008959 -0.003357
v -0.000360 0.008959 -0.003357
v -0.000400 0.008970 -0.003357
v -0.000377 0.008993 -0.003357
v -0.000377 0.008993 -0.003357
v -0.000360 0.008993 -0.003357
v -0.000360 0.008959 -0.003357
v -0.000367 0.009003 -0.003347
v -0.000360 0.009003 -0.003347
v -0.000360 0.009003 -0.003349
v -0.000367 0.009003 -0.003349
v -0.000367 0.009003 -0.003347
v -0.000360 0.009003 -0.003349
v -0.000360 0.009003 -0.003349
v -0.000360 0.009002 -0.003351
v -0.000367 0.009003 -0.003349
v -0.000367 0.009003 -0.003349
v -0.000360 0.009002 -0.003351
v -0.000368 0.009002 -0.003351
v -0.000368 0.009002 -0.003351
v -0.000360 0.009002 -0.003351
v -0.000360 0.009001 -0.003353
v -0.000369 0.009001 -0.003353
v -0.000368 0.009002 -0.003351
v -0.000360 0.009001 -0.003353
v -0.000360 0.009000 -0.003354
v -0.000369 0.009001 -0.003353
v -0.000360 0.009001 -0.003353
v -0.000360 0.008999 -0.003355
v -0.000370 0.009000 -0.003354
v -0.000360 0.009000 -0.003354
v -0.000360 0.009000 -0.003354
v -0.000370 0.009000 -0.003354
v -0.000369 0.009001 -0.003353
v -0.000375 0.008995 -0.003357
v -0.000360 0.008993 -0.003357
v -0.000377 0.008993 -0.003357
v -0.000375 0.008995 -0.003357
v -0.000360 0.008995 -0.003357
v -0.000360 0.008993 -0.003357
v -0.000375 0.008995 -0.003357
v -0.000373 0.008997 -0.003356
v -0.000360 0.008995 -0.003357
v -0.000360 0.008995 -0.003357
v -0.000373 0.008997 -0.003356
v -0.000360 0.008997 -0.003356
v -0.000360 0.008997 -0.003356
v -0.000373 0.008997 -0.003356
v -0.000371 0.008999 -0.003355
v -0.000360 0.008999 -0.003355
v -0.000360 0.008997 -0.003356
v -0.000371 0.008999 -0.003355
v -0.000370 0.009000 -0.003354
v -0.000360 0.008999 -0.003355
v -0.000371 0.008999 -0.003355
v -0.000360 0.008613 -0.003357
v -0.000375 0.008611 -0.003357
v -0.000377 0.008613 -0.003357
v -0.000360 0.008613 -0.003357
v -0.000360 0.008611 -0.003357
v -0.000375 0.008611 -0.003357
v -0.000375 0.008611 -0.003357
v -0.000360 0.008611 -0.003357
v -0.000373 0.008609 -0.003356
v -0.000373 0.008609 -0.003356
v -0.000360 0.008611 -0.003357
v -0.000360 0.008609 -0.003356
v -0.000360 0.008607 -0.003355
v -0.000360 0.008606 -0.003354
v -0.000370 0.008606 -0.003354
v -0.000371 0.008607 -0.003355
v -0.000360 0.008609 -0.003356
v -0.000360 0.008607 -0.003355
v -0.000360 0.008606 -0.003354
v -0.000360 0.008605 -0.003353
v -0.000369 0.008605 -0.003353
v -0.000371 0.008607 -0.003355
v -0.000373 0.008609 -0.003356
v -0.000360 0.008609 -0.003356
v -0.000360 0.008603 -0.003349
v -0.000360 0.008603 -0.003347
v -0.000367 0.008603 -0.003347
v -0.000367 0.008603 -0.003349
v -0.000360 0.008603 -0.003349
v -0.000367 0.008603 -0.003347
v -0.000367 0.008603 -0.003349
v -0.000360 0.008604 -0.003351
v -0.000360 0.008603 -0.003349
v -0.000367 0.008603 -0.003349
v -0.000368 0.008604 -0.003351
v -0.000360 0.008604 -0.003351
v -0.000360 0.008604 -0.003351
v -0.000368 0.008604 -0.003351
v -0.000360 0.008605 -0.003353
v -0.000360 0.008605 -0.003353
v -0.000368 0.008604 -0.003351
v -0.000369 0.008605 -0.003353
v -0.000360 0.008606 -0.003354
v -0.000369 0.008605 -0.003353
v -0.000370 0.008606 -0.003354
v -0.000370 0.008606 -0.003354
v -0.000371 0.008607 -0.003355
v -0.000360 0.008607 -0.003355
v -0.000360 0.008613 -0.003443
v -0.000377 0.008613 -0.003443
v -0.000375 0.008611 -0.003443
v -0.000360 0.008611 -0.003443
v -0.000360 0.008613 -0.003443
v -0.000375 0.008611 -0.003443
v -0.000373 0.008609 -0.003444
v -0.000360 0.008611 -0.003443
v -0.000375 0.008611 -0.003443
v -0.000373 0.008609 -0.003444
v -0.000360 0.008609 -0.003444
v -0.000360 0.008611 -0.003443
v -0.000373 0.008609 -0.003444
v -0.000371 0.008607 -0.003445
v -0.000360 0.008609 -0.003444
v -0.000360 0.008609 -0.003444
v -0.000371 0.008607 -0.003445
v -0.000360 0.008607 -0.003445
v -0.000360 0.008607 -0.003445
v -0.000370 0.008606 -0.003446
v -0.000360 0.008606 -0.003446
v -0.000367 0.008603 -0.003453
v -0.000360 0.008603 -0.003453
v -0.000360 0.008603 -0.003451
v -0.000360 0.008603 -0.003451
v -0.000367 0.008603 -0.003451
v -0.000367 0.008603 -0.003453
v -0.000360 0.008603 -0.003451
v -0.000360 0.008604 -0.003449
v -0.000367 0.008603 -0.003451
v -0.000367 0.008603 -0.003451
v -0.000360 0.008604 -0.003449
v -0.000368 0.008604 -0.003449
v -0.000368 0.008604 -0.003449
v -0.000360 0.008604 -0.003449
v -0.000360 0.008605 -0.003447
v -0.000369 0.008605 -0.003447
v -0.000368 0.008604 -0.003449
v -0.000360 0.008605 -0.003447
v -0.000360 0.008606 -0.003446
v -0.000369 0.008605 -0.003447
v -0.000360 0.008605 -0.003447
v -0.000360 0.008606 -0.003446
v -0.000370 0.008606 -0.003446
v -0.000369 0.008605 -0.003447
v -0.000370 0.008606 -0.003446
v -0.000360 0.008607 -0.003445
v -0.000371 0.008607 -0.003445
v -0.000360 0.008655 -0.003296
v -0.000360 0.008653 -0.003297
v -0.000400 0.008655 -0.003296
v -0.000360 0.008653 -0.003297
v -0.000360 0.008651 -0.003298
v -0.000400 0.008653 -0.003297
v -0.000360 0.008651 -0.003298
v -0.000400 0.008651 -0.003298
v -0.000400 0.008653 -0.003297
v -0.000360 0.008650 -0.003299
v -0.000400 0.008650 -0.003299
v -0.000400 0.008651 -0.003298
v -0.000360 0.008649 -0.003300
v -0.000400 0.008650 -0.003299
v -0.000360 0.008650 -0.003299
v -0.000360 0.008648 -0.003302
v -0.000400 0.008649 -0.003300
v -0.000360 0.008649 -0.003300
v -0.000400 0.008648 -0.003302
v -0.000400 0.008649 -0.003300
v -0.000360 0.008648 -0.003302
v -0.000360 0.008655 -0.003296
v -0.000400 0.008655 -0.003296
v -0.000360 0.008657 -0.003296
v -0.000400 0.008647 -0.003304
v -0.000360 0.008647 -0.003306
v -0.000400 0.008647 -0.003306
v -0.000360 0.008647 -0.003304
v -0.000360 0.008647 -0.003306
v -0.000400 0.008647 -0.003304
v -0.000360 0.008647 -0.003304
v -0.000400 0.008647 -0.003304
v -0.000400 0.008648 -0.003302
v -0.000360 0.008647 -0.003304
v -0.000400 0.008648 -0.003302
v -0.000360 0.008648 -0.003302
v -0.000360 0.008649 -0.003300
v -0.000400 0.008649 -0.003300
v -0.000400 0.008650 -0.003299
v -0.000360 0.008651 -0.003298
v -0.000360 0.008650 -0.003299
v -0.000400 0.008651 -0.003298
v -0.000400 0.008655 -0.003296
v -0.000400 0.008657 -0.003296
v -0.000360 0.008657 -0.003296
v -0.000360 0.008653 -0.003297
v -0.000400 0.008653 -0.003297
v -0.000400 0.008655 -0.003296
v -0.000360 0.008647 -0.003496
v -0.000360 0.008648 -0.003498
v -0.000400 0.008647 -0.003496
v -0.000360 0.008648 -0.003498
v -0.000360 0.008649 -0.003500
v -0.000400 0.008648 -0.003498
v -0.000360 0.008649 -0.003500
v -0.000400 0.008649 -0.003500
v -0.000400 0.008648 -0.003498
v -0.000360 0.008650 -0.003501
v -0.000400 0.008650 -0.003501
v -0.000400 0.008649 -0.003500
v -0.000360 0.008651 -0.003502
v -0.000400 0.008650 -0.003501
v -0.000360 0.008650 -0.003501
v -0.000360 0.008653 -0.003503
v -0.000400 0.008651 -0.003502
v -0.000360 0.008651 -0.003502
v -0.000400 0.008653 -0.003503
v -0.000400 0.008651 -0.003502
v -0.000360 0.008653 -0.003503
v -0.000360 0.008647 -0.003496
v -0.000400 0.008647 -0.003496
v -0.000360 0.008647 -0.003494
v -0.000400 0.008655 -0.003504
v -0.000360 0.008657 -0.003504
v -0.000400 0.008657 -0.003504
v -0.000360 0.008655 -0.003504
v -0.000360 0.008657 -0.003504
v -0.000400 0.008655 -0.003504
v -0.000360 0.008655 -0.003504
v -0.000400 0.008655 -0.003504
v -0.000400 0.008653 -0.003503
v -0.000360 0.008655 -0.003504
v -0.000400 0.008653 -0.003503
v -0.000360 0.008653 -0.003503
v -0.000360 0.008651 -0.003502
v -0.000400 0.008651 -0.003502
v -0.000400 0.008650 -0.003501
v -0.000360 0.008649 -0.003500
v -0.000360 0.008650 -0.003501
v -0.000400 0.008649 -0.003500
v -0.000400 0.008647 -0.003496
v -0.000400 0.008647 -0.003494
v -0.000360 0.008647 -0.003494
v -0.000360 0.008648 -0.003498
v -0.000400 0.008648 -0.003498
v -0.000400 0.008647 -0.003496
v -0.000360 0.008959 -0.003304
v -0.000360 0.008958 -0.003302
v -0.000400 0.008959 -0.003304
v -0.000360 0.008958 -0.003302
v -0.000360 0.008957 -0.003300
v -0.000400 0.008958 -0.003302
v -0.000360 0.008957 -0.003300
v -0.000400 0.008957 -0.003300
v -0.000400 0.008958 -0.003302
v -0.000360 0.008956 -0.003299
v -0.000400 0.008956 -0.003299
v -0.000400 0.008957 -0.003300
v -0.000360 0.008955 -0.003298
v -0.000400 0.008956 -0.003299
v -0.000360 0.008956 -0.003299
v -0.000360 0.008953 -0.003297
v -0.000400 0.008955 -0.003298
v -0.000360 0.008955 -0.003298
v -0.000400 0.008953 -0.003297
v -0.000400 0.008955 -0.003298
v -0.000360 0.008953 -0.003297
v -0.000360 0.008949 -0.003296
v -0.000400 0.008949 -0.003296
v -0.000400 0.008951 -0.003296
v -0.000360 0.008949 -0.003296
v -0.000400 0.008951 -0.003296
v -0.000360 0.008951 -0.003296
v -0.000400 0.008951 -0.003296
v -0.000400 0.008953 -0.003297
v -0.000360 0.008951 -0.003296
v -0.000360 0.008959 -0.003304
v -0.000400 0.008959 -0.003304
v -0.000360 0.008959 -0.003306
v -0.000360 0.008953 -0.003297
v -0.000360 0.008951 -0.003296
v -0.000400 0.008953 -0.003297
v -0.000400 0.008959 -0.003304
v -0.000400 0.008959 -0.003306
v -0.000360 0.008959 -0.003306
v -0.000400 0.008959 -0.003304
v -0.000360 0.008958 -0.003302
v -0.000400 0.008958 -0.003302
v -0.000360 0.008957 -0.003300
v -0.000360 0.008956 -0.003299
v -0.000400 0.008957 -0.003300
v -0.000360 0.008955 -0.003298
v -0.000400 0.008955 -0.003298
v -0.000400 0.008956 -0.003299
v -0.000360 0.008951 -0.003504
v -0.000400 0.008951 -0.003504
v -0.000360 0.008949 -0.003504
v -0.000360 0.008953 -0.003503
v -0.000400 0.008951 -0.003504
v -0.000360 0.008951 -0.003504
v -0.000360 0.008955 -0.003502
v -0.000400 0.008953 -0.003503
v -0.000360 0.008953 -0.003503
v -0.000400 0.008955 -0.003502
v -0.000400 0.008953 -0.003503
v -0.000360 0.008955 -0.003502
v -0.000400 0.008956 -0.003501
v -0.000400 0.008955 -0.003502
v -0.000360 0.008956 -0.003501
v -0.000400 0.008956 -0.003501
v -0.000360 0.008956 -0.003501
v -0.000360 0.008957 -0.003500
v -0.000400 0.008957 -0.003500
v -0.000360 0.008957 -0.003500
v -0.000360 0.008958 -0.003498
v -0.000400 0.008959 -0.003494
v -0.000400 0.008959 -0.003496
v -0.000360 0.008959 -0.003494
v -0.000400 0.008959 -0.003496
v -0.000360 0.008959 -0.003496
v -0.000360 0.008959 -0.003494
v -0.000400 0.008958 -0.003498
v -0.000360 0.008959 -0.003496
v -0.000400 0.008959 -0.003496
v -0.000360 0.008958 -0.003498
v -0.000360 0.008959 -0.003496
v -0.000400 0.008958 -0.003498
v -0.000360 0.008958 -0.003498
v -0.000400 0.008958 -0.003498
v -0.000400 0.008957 -0.003500
v -0.000360 0.008957 -0.003500
v -0.000400 0.008957 -0.003500
v -0.000400 0.008956 -0.003501
v -0.000360 0.008955 -0.003502
v -0.000360 0.008956 -0.003501
v -0.000400 0.008955 -0.003502
v -0.000400 0.008951 -0.003504
v -0.000400 0.008949 -0.003504
v -0.000360 0.008949 -0.003504
v -0.000360 0.008953 -0.003503
v -0.000400 0.008953 -0.003503
v -0.000400 0.008951 -0.003504
v -0.000360 0.009003 -0.003453
v -0.000367 0.009003 -0.003453
v -0.000360 0.009003 -0.003451
v -0.000360 0.009003 -0.003451
v -0.000367 0.009003 -0.003451
v -0.000360 0.009002 -0.003449
v -0.000360 0.009002 -0.003449
v -0.000367 0.009003 -0.003451
v -0.000368 0.009002 -0.003449
v -0.000360 0.009001 -0.003447
v -0.000368 0.009002 -0.003449
v -0.000369 0.009001 -0.003447
v -0.000360 0.009000 -0.003446
v -0.000360 0.009001 -0.003447
v -0.000369 0.009001 -0.003447
v -0.000360 0.008999 -0.003445
v -0.000360 0.009000 -0.003446
v -0.000370 0.009000 -0.003446
v -0.000371 0.008999 -0.003445
v -0.000360 0.008999 -0.003445
v -0.000370 0.009000 -0.003446
v -0.000371 0.008999 -0.003445
v -0.000360 0.008997 -0.003444
v -0.000360 0.008999 -0.003445
v -0.000360 0.008993 -0.003443
v -0.000360 0.008995 -0.003443
v -0.000375 0.008995 -0.003443
v -0.000375 0.008995 -0.003443
v -0.000377 0.008993 -0.003443
v -0.000360 0.008993 -0.003443
v -0.000360 0.008995 -0.003443
v -0.000373 0.008997 -0.003444
v -0.000375 0.008995 -0.003443
v -0.000370 0.009000 -0.003446
v -0.000360 0.009000 -0.003446
v -0.000369 0.009001 -0.003447
v -0.000360 0.008997 -0.003444
v -0.000371 0.008999 -0.003445
v -0.000373 0.008997 -0.003444
v -0.000367 0.009003 -0.003451
v -0.000360 0.009003 -0.003451
v -0.000367 0.009003 -0.003453
v -0.000360 0.008995 -0.003443
v -0.000360 0.008997 -0.003444
v -0.000373 0.008997 -0.003444
v -0.000368 0.009002 -0.003449
v -0.000360 0.009001 -0.003447
v -0.000360 0.009002 -0.003449
v -0.000310 0.008773 -0.003420
v -0.000310 0.008773 -0.003380
v -0.000360 0.008773 -0.003420
v -0.000360 0.008773 -0.003380
v -0.000360 0.008773 -0.003420
v -0.000270 0.008780 -0.003420
v -0.000310 0.008773 -0.003420
v -0.000270 0.008783 -0.003420
v -0.000310 0.008773 -0.003420
v -0.000360 0.008783 -0.003420
v -0.000360 0.008773 -0.003420
v -0.000360 0.008783 -0.003420
v -0.000310 0.008773 -0.003420
v -0.000310 0.008783 -0.003430
v -0.000360 0.008783 -0.003420
v -0.000360 0.008783 -0.003430
v -0.000270 0.008783 -0.003420
v -0.000360 0.008783 -0.003420
v -0.000270 0.008783 -0.003420
v -0.000270 0.008783 -0.003423
v -0.000310 0.008823 -0.003430
v -0.000310 0.008783 -0.003430
v -0.000360 0.008823 -0.003430
v -0.000310 0.008783 -0.003430
v -0.000360 0.008783 -0.003430
v -0.000360 0.008823 -0.003430
v -0.000270 0.008823 -0.003423
v -0.000310 0.008823 -0.003430
v -0.000270 0.008823 -0.003420
v -0.000310 0.008823 -0.003430
v -0.000360 0.008823 -0.003420
v -0.000360 0.008823 -0.003430
v -0.000360 0.008823 -0.003420
v -0.000310 0.008823 -0.003430
v -0.000310 0.008833 -0.003420
v -0.000360 0.008823 -0.003420
v -0.000360 0.008833 -0.003420
v -0.000270 0.008823 -0.003420
v -0.000360 0.008823 -0.003420
v -0.000270 0.008823 -0.003420
v -0.000270 0.008826 -0.003420
v -0.000310 0.008833 -0.003380
v -0.000310 0.008833 -0.003420
v -0.000360 0.008833 -0.003380
v -0.000310 0.008833 -0.003420
v -0.000360 0.008833 -0.003420
v -0.000360 0.008833 -0.003380
v -0.000270 0.008826 -0.003380
v -0.000310 0.008833 -0.003380
v -0.000270 0.008823 -0.003380
v -0.000310 0.008833 -0.003380
v -0.000360 0.008823 -0.003380
v -0.000360 0.008833 -0.003380
v -0.000360 0.008823 -0.003380
v -0.000310 0.008833 -0.003380
v -0.000310 0.008823 -0.003370
v -0.000360 0.008823 -0.003380
v -0.000360 0.008823 -0.003370
v -0.000270 0.008823 -0.003380
v -0.000360 0.008823 -0.003380
v -0.000270 0.008823 -0.003380
v -0.000270 0.008823 -0.003377
v -0.000310 0.008783 -0.003370
v -0.000310 0.008823 -0.003370
v -0.000360 0.008783 -0.003370
v -0.000310 0.008823 -0.003370
v -0.000360 0.008823 -0.003370
v -0.000360 0.008783 -0.003370
v -0.000270 0.008783 -0.003377
v -0.000310 0.008783 -0.003370
v -0.000270 0.008783 -0.003380
v -0.000310 0.008783 -0.003370
v -0.000360 0.008783 -0.003380
v -0.000360 0.008783 -0.003370
v -0.000360 0.008783 -0.003380
v -0.000310 0.008783 -0.003370
v -0.000360 0.008807 -0.003380
v -0.000270 0.008807 -0.003380
v -0.000360 0.008803 -0.003380
v -0.000360 0.008811 -0.003382
v -0.000360 0.008814 -0.003383
v -0.000270 0.008811 -0.003382
v -0.000270 0.008814 -0.003383
v -0.000270 0.008817 -0.003386
v -0.000360 0.008817 -0.003386
v -0.000360 0.008820 -0.003389
v -0.000270 0.008820 -0.003389
v -0.000360 0.008821 -0.003392
v -0.000270 0.008821 -0.003392
v -0.000360 0.008823 -0.003396
v -0.000270 0.008823 -0.003396
v -0.000360 0.008823 -0.003400
v -0.000360 0.008823 -0.003404
v -0.000270 0.008823 -0.003400
v -0.000270 0.008823 -0.003404
v -0.000360 0.008821 -0.003408
v -0.000270 0.008821 -0.003408
v -0.000360 0.008820 -0.003411
v -0.000360 0.008817 -0.003414
v -0.000270 0.008820 -0.003411
v -0.000270 0.008817 -0.003414
v -0.000270 0.008814 -0.003417
v -0.000360 0.008814 -0.003417
v -0.000360 0.008811 -0.003418
v -0.000270 0.008811 -0.003418
v -0.000360 0.008807 -0.003420
v -0.000270 0.008807 -0.003420
v -0.000360 0.008803 -0.003420
v -0.000270 0.008803 -0.003420
v -0.000360 0.008799 -0.003420
v -0.000270 0.008799 -0.003420
v -0.000360 0.008795 -0.003418
v -0.000270 0.008795 -0.003418
v -0.000360 0.008792 -0.003417
v -0.000360 0.008783 -0.003400
v -0.000270 0.008783 -0.003400
v -0.000270 0.008783 -0.003404
v -0.000360 0.008783 -0.003396
v -0.000270 0.008783 -0.003396
v -0.000360 0.008785 -0.003392
v -0.000270 0.008785 -0.003392
v -0.000360 0.008786 -0.003389
v -0.000270 0.008786 -0.003389
v -0.000360 0.008789 -0.003386
v -0.000360 0.008792 -0.003383
v -0.000270 0.008789 -0.003386
v -0.000270 0.008792 -0.003383
v -0.000270 0.008795 -0.003382
v -0.000360 0.008795 -0.003382
v -0.000270 0.008799 -0.003380
v -0.000360 0.008799 -0.003380
v -0.000270 0.008803 -0.003380
v -0.000360 0.008783 -0.003404
v -0.000270 0.008785 -0.003408
v -0.000360 0.008785 -0.003408
v -0.000270 0.008786 -0.003411
v -0.000360 0.008786 -0.003411
v -0.000270 0.008789 -0.003414
v -0.000360 0.008789 -0.003414
v -0.000270 0.008792 -0.003417
v -0.000310 0.008773 -0.003380
v -0.000360 0.008783 -0.003380
v -0.000360 0.008773 -0.003380
v -0.000270 0.008783 -0.003380
v -0.000360 0.008783 -0.003380
v -0.000310 0.008773 -0.003380
v -0.000270 0.008783 -0.003380
v -0.000310 0.008773 -0.003380
v -0.000270 0.008780 -0.003380
v -0.000270 0.008803 -0.003377
v -0.000270 0.008803 -0.003380
v -0.000270 0.008807 -0.003380
v -0.000270 0.008826 -0.003400
v -0.000270 0.008823 -0.003400
v -0.000270 0.008823 -0.003404
v -0.000270 0.008780 -0.003420
v -0.000270 0.008783 -0.003420
v -0.000270 0.008786 -0.003411
v -0.000270 0.008780 -0.003380
v -0.000270 0.008785 -0.003392
v -0.000270 0.008786 -0.003389
v -0.000270 0.008795 -0.003382
v -0.000270 0.008799 -0.003380
v -0.000270 0.008783 -0.003377
v -0.000270 0.008792 -0.003383
v -0.000270 0.008795 -0.003382
v -0.000270 0.008823 -0.003377
v -0.000270 0.008811 -0.003382
v -0.000270 0.008814 -0.003383
v -0.000270 0.008821 -0.003392
v -0.000270 0.008823 -0.003396
v -0.000270 0.008826 -0.003380
v -0.000270 0.008820 -0.003389
v -0.000270 0.008821 -0.003392
v -0.000270 0.008826 -0.003420
v -0.000270 0.008821 -0.003408
v -0.000270 0.008820 -0.003411
v -0.000270 0.008803 -0.003423
v -0.000270 0.008811 -0.003418
v -0.000270 0.008807 -0.003420
v -0.000270 0.008823 -0.003423
v -0.000270 0.008814 -0.003417
v -0.000270 0.008811 -0.003418
v -0.000270 0.008783 -0.003423
v -0.000270 0.008795 -0.003418
v -0.000270 0.008792 -0.003417
v -0.000270 0.008783 -0.003420
v -0.000270 0.008792 -0.003417
v -0.000270 0.008789 -0.003414
v -0.000270 0.008783 -0.003420
v -0.000270 0.008789 -0.003414
v -0.000270 0.008786 -0.003411
v -0.000270 0.008799 -0.003380
v -0.000270 0.008803 -0.003380
v -0.000270 0.008783 -0.003377
v -0.000270 0.008795 -0.003382
v -0.000270 0.008786 -0.003389
v -0.000270 0.008783 -0.003380
v -0.000270 0.008780 -0.003380
v -0.000270 0.008792 -0.003383
v -0.000270 0.008783 -0.003377
v -0.000270 0.008783 -0.003380
v -0.000270 0.008789 -0.003386
v -0.000270 0.008792 -0.003383
v -0.000270 0.008783 -0.003380
v -0.000270 0.008786 -0.003389
v -0.000270 0.008789 -0.003386
v -0.000270 0.008783 -0.003380
v -0.000270 0.008785 -0.003392
v -0.000270 0.008780 -0.003380
v -0.000270 0.008780 -0.003400
v -0.000270 0.008783 -0.003396
v -0.000270 0.008785 -0.003392
v -0.000270 0.008783 -0.003404
v -0.000270 0.008783 -0.003400
v -0.000270 0.008780 -0.003420
v -0.000270 0.008785 -0.003408
v -0.000270 0.008785 -0.003408
v -0.000270 0.008783 -0.003404
v -0.000270 0.008786 -0.003411
v -0.000270 0.008785 -0.003408
v -0.000270 0.008780 -0.003420
v -0.000270 0.008792 -0.003417
v -0.000270 0.008783 -0.003420
v -0.000270 0.008783 -0.003423
v -0.000270 0.008783 -0.003400
v -0.000270 0.008783 -0.003396
v -0.000270 0.008799 -0.003420
v -0.000270 0.008795 -0.003418
v -0.000270 0.008807 -0.003420
v -0.000270 0.008803 -0.003420
v -0.000270 0.008823 -0.003423
v -0.000270 0.008811 -0.003418
v -0.000270 0.008820 -0.003411
v -0.000270 0.008823 -0.003420
v -0.000270 0.008826 -0.003420
v -0.000270 0.008814 -0.003417
v -0.000270 0.008823 -0.003423
v -0.000270 0.008823 -0.003420
v -0.000270 0.008817 -0.003414
v -0.000270 0.008814 -0.003417
v -0.000270 0.008823 -0.003420
v -0.000270 0.008820 -0.003411
v -0.000270 0.008817 -0.003414
v -0.000270 0.008823 -0.003420
v -0.000270 0.008821 -0.003408
v -0.000270 0.008826 -0.003420
v -0.000270 0.008823 -0.003404
v -0.000270 0.008821 -0.003408
v -0.000270 0.008823 -0.003396
v -0.000270 0.008823 -0.003400
v -0.000270 0.008826 -0.003380
v -0.000270 0.008821 -0.003392
v -0.000270 0.008814 -0.003383
v -0.000270 0.008823 -0.003380
v -0.000270 0.008823 -0.003377
v -0.000270 0.008820 -0.003389
v -0.000270 0.008826 -0.003380
v -0.000270 0.008823 -0.003380
v -0.000270 0.008817 -0.003386
v -0.000270 0.008820 -0.003389
v -0.000270 0.008823 -0.003380
v -0.000270 0.008814 -0.003383
v -0.000270 0.008817 -0.003386
v -0.000270 0.008823 -0.003380
v -0.000270 0.008811 -0.003382
v -0.000270 0.008823 -0.003377
v -0.000270 0.008803 -0.003420
v -0.000270 0.008799 -0.003420
v -0.000270 0.008807 -0.003380
v -0.000270 0.008811 -0.003382
v -0.000270 0.008795 -0.003418
v -0.000270 0.008783 -0.003423
v -0.000360 0.008811 -0.003382
v -0.000360 0.008807 -0.003380
v -0.000360 0.008803 -0.003380
v -0.000360 0.008814 -0.003383
v -0.000360 0.008811 -0.003382
v -0.000360 0.008803 -0.003380
v -0.000360 0.008817 -0.003386
v -0.000360 0.008814 -0.003383
v -0.000360 0.008803 -0.003380
v -0.000360 0.008820 -0.003389
v -0.000360 0.008817 -0.003386
v -0.000360 0.008803 -0.003380
v -0.000360 0.008821 -0.003392
v -0.000360 0.008803 -0.003380
v -0.000360 0.008823 -0.003396
v -0.000360 0.008821 -0.003392
v -0.000360 0.008820 -0.003389
v -0.000360 0.008803 -0.003380
v -0.000360 0.008823 -0.003396
v -0.000360 0.008803 -0.003380
v -0.000360 0.008823 -0.003400
v -0.000360 0.008823 -0.003400
v -0.000360 0.008803 -0.003380
v -0.000360 0.008823 -0.003404
v -0.000360 0.008803 -0.003380
v -0.000360 0.008821 -0.003408
v -0.000360 0.008823 -0.003404
v -0.000360 0.008803 -0.003380
v -0.000360 0.008820 -0.003411
v -0.000360 0.008821 -0.003408
v -0.000360 0.008803 -0.003380
v -0.000360 0.008817 -0.003414
v -0.000360 0.008820 -0.003411
v -0.000360 0.008811 -0.003418
v -0.000360 0.008814 -0.003417
v -0.000360 0.008803 -0.003380
v -0.000360 0.008803 -0.003380
v -0.000360 0.008814 -0.003417
v -0.000360 0.008817 -0.003414
v -0.000360 0.008807 -0.003420
v -0.000360 0.008803 -0.003380
v -0.000360 0.008803 -0.003420
v -0.000360 0.008803 -0.003420
v -0.000360 0.008803 -0.003380
v -0.000360 0.008799 -0.003420
v -0.000360 0.008803 -0.003380
v -0.000360 0.008795 -0.003418
v -0.000360 0.008799 -0.003420
v -0.000360 0.008803 -0.003380
v -0.000360 0.008792 -0.003417
v -0.000360 0.008795 -0.003418
v -0.000360 0.008803 -0.003380
v -0.000360 0.008789 -0.003414
v -0.000360 0.008792 -0.003417
v -0.000360 0.008785 -0.003408
v -0.000360 0.008786 -0.003411
v -0.000360 0.008803 -0.003380
v -0.000360 0.008803 -0.003380
v -0.000360 0.008786 -0.003411
v -0.000360 0.008789 -0.003414
v -0.000360 0.008783 -0.003404
v -0.000360 0.008785 -0.003408
v -0.000360 0.008803 -0.003380
v -0.000360 0.008783 -0.003400
v -0.000360 0.008783 -0.003404
v -0.000360 0.008803 -0.003380
v -0.000360 0.008783 -0.003400
v -0.000360 0.008803 -0.003380
v -0.000360 0.008783 -0.003396
v -0.000360 0.008783 -0.003396
v -0.000360 0.008803 -0.003380
v -0.000360 0.008785 -0.003392
v -0.000360 0.008785 -0.003392
v -0.000360 0.008803 -0.003380
v -0.000360 0.008786 -0.003389
v -0.000360 0.008803 -0.003380
v -0.000360 0.008792 -0.003383
v -0.000360 0.008789 -0.003386
v -0.000360 0.008786 -0.003389
v -0.000360 0.008803 -0.003380
v -0.000360 0.008789 -0.003386
v -0.000360 0.008803 -0.003380
v -0.000360 0.008795 -0.003382
v -0.000360 0.008792 -0.003383
v -0.000360 0.008803 -0.003380
v -0.000360 0.008807 -0.003420
v -0.000360 0.008811 -0.003418
v -0.000360 0.008799 -0.003380
v -0.000360 0.008795 -0.003382
v -0.000360 0.008803 -0.003380
v -0.000270 0.008803 -0.003423
v -0.000270 0.008783 -0.003423
v -0.000310 0.008783 -0.003430
v -0.000270 0.008823 -0.003423
v -0.000270 0.008803 -0.003423
v -0.000270 0.008803 -0.003423
v -0.000310 0.008783 -0.003430
v -0.000270 0.008826 -0.003400
v -0.000270 0.008826 -0.003420
v -0.000310 0.008833 -0.003420
v -0.000270 0.008826 -0.003380
v -0.000270 0.008826 -0.003400
v -0.000270 0.008826 -0.003400
v -0.000310 0.008833 -0.003420
v -0.000270 0.008803 -0.003377
v -0.000270 0.008823 -0.003377
v -0.000310 0.008823 -0.003370
v -0.000270 0.008783 -0.003377
v -0.000270 0.008803 -0.003377
v -0.000270 0.008803 -0.003377
v -0.000310 0.008823 -0.003370
v -0.000270 0.008780 -0.003400
v -0.000270 0.008780 -0.003380
v -0.000270 0.008780 -0.003420
v -0.000270 0.008780 -0.003400
v -0.000270 0.008780 -0.003400
v -0.000330 0.008763 -0.003242
v -0.000360 0.008763 -0.003242
v -0.000330 0.008843 -0.003242
v -0.000360 0.008763 -0.003242
v -0.000360 0.008843 -0.003242
v -0.000330 0.008763 -0.003222
v -0.000360 0.008763 -0.003222
v -0.000330 0.008763 -0.003242
v -0.000330 0.008763 -0.003242
v -0.000360 0.008763 -0.003222
v -0.000360 0.008763 -0.003242
v -0.000330 0.008843 -0.003222
v -0.000360 0.008803 -0.003222
v -0.000330 0.008763 -0.003222
v -0.000360 0.008803 -0.003222
v -0.000360 0.008763 -0.003222
v -0.000330 0.008763 -0.003222
v -0.000360 0.008803 -0.003222
v -0.000360 0.008843 -0.003222
v -0.000330 0.008843 -0.003242
v -0.000360 0.008843 -0.003242
v -0.000330 0.008843 -0.003222
v -0.000330 0.008843 -0.003222
v -0.000360 0.008843 -0.003242
v -0.000360 0.008843 -0.003222
v -0.000330 0.008843 -0.003242
v -0.000330 0.008843 -0.003222
v -0.000330 0.008763 -0.003242
v -0.000330 0.008843 -0.003222
v -0.000330 0.008763 -0.003222
v -0.000330 0.008763 -0.003242
vn 1.0000 -0.0000 -0.0000
vn 1.0000 0.0001 -0.0000
vn 1.0000 -0.0001 -0.0000
vn -1.0000 -0.0000 -0.0000
vn -0.7071 0.7071 -0.0000
vn -0.7071 0.7071 -0.0001
vn -0.7072 0.7070 0.0001
vn -0.7071 0.7071 -0.0002
vn -0.7071 0.7071 0.0001
vn -0.7072 0.7070 0.0003
vn -0.7071 0.7071 0.0002
vn -0.7071 0.7071 -0.0003
vn -0.7072 0.7071 -0.0003
vn -0.7073 0.7069 -0.0000
vn -0.7072 0.7070 -0.0000
vn -0.7072 0.7070 -0.0001
vn -0.7072 0.7070 -0.0003
vn -0.0000 1.0000 -0.0000
vn -0.7071 -0.7071 -0.0000
vn -0.7072 -0.7070 0.0002
vn -0.7073 -0.7069 0.0003
vn -0.7070 -0.7073 0.0001
vn -0.7071 -0.7071 0.0001
vn -0.7071 -0.7072 -0.0003
vn -0.7071 -0.7071 0.0004
vn -0.7071 -0.7071 -0.0001
vn -0.7072 -0.7070 -0.0000
vn -0.0000 -1.0000 -0.0000
vn -1.0000 -0.0001 -0.0000
vn -0.7071 -0.7071 -0.0002
vn -0.7070 -0.7072 -0.0003
vn -0.7072 -0.7070 -0.0003
vn -0.7072 -0.7070 0.0001
vn -0.7072 -0.7070 0.0003
vn -0.7072 -0.7070 -0.0001
vn -0.7071 -0.7071 -0.0004
vn -0.7069 0.7073 -0.0000
vn -0.7071 0.7071 -0.0005
vn -0.7071 0.7072 -0.0003
vn -0.7070 -0.7073 -0.0003
vn -0.7072 -0.7070 0.0004
vn -0.7069 -0.7073 -0.0004
vn -0.7069 -0.7073 -0.0000
vn -0.7074 -0.7068 -0.0003
vn -0.0000 -0.0000 -1.0000
vn -0.0000 -0.0000 1.0000
vn -0.0000 -0.0980 0.9952
vn -0.0000 -0.1951 0.9808
vn -0.0000 -0.2903 0.9569
vn -0.0000 -0.3827 0.9239
vn -0.0000 -0.4714 0.8819
vn -0.0000 -0.5556 0.8315
vn -0.0000 -0.6344 0.7730
vn -0.0000 -0.5556 0.8314
vn -0.0000 -0.7071 0.7071
vn -0.0000 -0.7072 0.7070
vn -0.0000 -0.7730 0.6344
vn -0.0000 -0.8315 0.5556
vn -0.0000 -0.8819 0.4714
vn -0.0000 -0.9239 0.3827
vn -0.0000 -0.9952 0.0980
vn -0.0000 -0.9808 0.1951
vn -0.0000 -0.9569 0.2903
vn -0.0000 -0.8315 0.5555
vn -0.0000 -0.9952 -0.0980
vn -0.0000 -0.9808 -0.1951
vn -0.0000 -0.9569 -0.2903
vn -0.0000 -0.9239 -0.3827
vn -0.0000 -0.8819 -0.4714
vn -0.0000 -0.8315 -0.5555
vn -0.0000 -0.8315 -0.5556
vn -0.0000 -0.7730 -0.6344
vn -0.0000 -0.7071 -0.7072
vn -0.0000 -0.7071 -0.7071
vn -0.0000 -0.6344 -0.7730
vn -0.0000 -0.5556 -0.8314
vn -0.0000 -0.5556 -0.8315
vn -0.0000 -0.4714 -0.8819
vn -0.0000 -0.3827 -0.9239
vn -0.0000 -0.0980 -0.9952
vn -0.0000 -0.1951 -0.9808
vn -0.0000 -0.2903 -0.9569
vn -0.0000 -0.7072 -0.7070
vn -0.0000 0.0980 0.9952
vn -0.0000 0.1951 0.9808
vn -0.0000 0.2903 0.9569
vn -0.0000 0.3827 0.9239
vn -0.0000 0.4714 0.8819
vn -0.0000 0.5556 0.8315
vn -0.0000 0.5556 0.8314
vn -0.0000 0.6344 0.7730
vn -0.0000 0.7730 0.6344
vn -0.0000 0.8315 0.5556
vn -0.0000 0.8819 0.4714
vn -0.0000 0.9952 0.0980
vn -0.0000 0.9808 0.1951
vn -0.0000 0.9569 0.2903
vn -0.0000 0.9239 0.3827
vn -0.0000 0.8314 0.5556
vn -0.0000 0.7072 0.7070
vn -0.0000 0.7070 0.7073
vn -0.0000 0.7071 0.7071
vn -0.0000 0.9952 -0.0980
vn -0.0000 0.9808 -0.1951
vn -0.0000 0.9569 -0.2903
vn -0.0000 0.9239 -0.3827
vn -0.0000 0.8819 -0.4714
vn -0.0000 0.8315 -0.5556
vn -0.0000 0.7730 -0.6344
vn -0.0000 0.8314 -0.5556
vn -0.0000 0.7072 -0.7070
vn -0.0000 0.7071 -0.7071
vn -0.0000 0.6344 -0.7730
vn -0.0000 0.5556 -0.8314
vn -0.0000 0.5556 -0.8315
vn -0.0000 0.4714 -0.8819
vn -0.0000 0.3827 -0.9239
vn -0.0000 0.0980 -0.9952
vn -0.0000 0.1951 -0.9808
vn -0.0000 0.2903 -0.9569
vn -0.0000 0.7069 -0.7073
vn -0.0000 0.9808 -0.1950
vn -0.0000 0.8315 -0.5555
vn -0.0000 0.7073 -0.7069
vn -0.0000 0.8314 -0.5557
vn -0.0000 0.7070 -0.7072
vn -0.0000 0.1950 -0.9808
vn -0.0000 0.3826 -0.9239
vn -0.0000 0.5555 -0.8315
vn -0.0000 0.9808 0.1950
vn -0.0000 0.8315 0.5555
vn -0.0000 0.7073 0.7069
vn -0.0000 0.8314 0.5557
vn -0.0000 0.7070 0.7072
vn -0.0000 0.1950 0.9808
vn -0.0000 0.3826 0.9239
vn -0.0000 0.5555 0.8315
vn -0.0000 -0.1950 0.9808
vn -0.0000 -0.5555 0.8315
vn -0.0000 -0.8314 0.5557
vn -0.0000 -0.7073 0.7069
vn -0.0000 -0.9808 0.1950
vn -0.0000 -0.9808 0.1952
vn -0.0000 -0.7070 0.7072
vn -0.0000 -0.8314 0.5556
vn -0.0000 -0.5557 0.8314
vn -0.0000 -0.7068 0.7074
vn -0.0000 -0.1950 -0.9808
vn -0.0000 -0.3826 -0.9239
vn -0.0001 -0.1951 -0.9808
vn -0.0000 -0.5555 -0.8315
vn -0.0000 -0.7073 -0.7069
vn -0.0000 -0.8314 -0.5557
vn -0.0000 -0.9808 -0.1950
vn -0.0000 -0.9808 -0.1952
vn -0.0000 -0.7070 -0.7072
vn -0.0000 -0.8314 -0.5556
vn -0.0000 -0.3826 0.9239
vn -0.0000 0.1952 -0.9808
vn -0.0000 0.7070 -0.7073
vn -0.0000 0.5557 -0.8314
vn -0.0000 0.9239 -0.3826
vn -0.0000 0.9239 0.3826
vn -0.0000 0.5557 0.8314
vn -0.0000 0.1952 0.9808
vn -0.0000 -0.9239 -0.3826
vn -0.0000 -0.7070 -0.7073
vn -0.0000 -0.5557 -0.8314
vn -0.0000 -0.1952 -0.9808
vn -0.0000 0.7068 -0.7075
vn -0.0000 -0.7068 -0.7075
vn -0.0000 -0.7070 0.7073
vn -0.0000 -0.9239 0.3826
vn -0.0000 -0.1952 0.9808
vn -0.0001 -0.0000 -1.0000
vn -0.0000 1.0000 0.0001
vn -0.0000 1.0000 -0.0001
vn -0.0000 -0.3828 -0.9238
vn -0.0000 -0.3828 0.9238
vn -0.0000 0.3828 0.9238
vn -0.0000 0.9238 -0.3828
vn -0.0000 0.3828 -0.9238
vn -0.0000 0.9238 0.3828
vn 0.1724 -0.0000 -0.9850
vn 0.0001 -0.0000 -1.0000
vn 0.1724 0.9850 -0.0000
vn 0.1724 -0.0000 0.9850
vn 0.1724 -0.9850 -0.0000
vn 0.1104 -0.0000 0.9939
vn 0.1104 -0.0000 -0.9939
vn -0.0000 0.7069 0.7073
vn -0.0000 -0.7069 0.7073
vn 0.0001 -0.0000 1.0000
vn 0.0001 1.0000 -0.0000
s 1
usemtl Diffuse_51_51_51_100.014
f 1//1 2//1 3//1
f 4//1 5//1 6//1
f 7//1 8//1 9//1
f 10//1 11//1 12//1
f 13//1 14//1 15//1
f 16//1 17//1 18//1
f 16//1 19//1 20//1
f 21//1 22//1 23//1
f 24//1 25//1 26//1
f 26//1 25//1 27//1
f 28//1 29//1 22//1
f 30//1 27//1 31//1
f 32//1 15//1 33//1
f 27//1 30//1 26//1
f 34//1 35//1 30//1
f 31//1 36//1 30//1
f 20//1 37//1 38//1
f 39//1 16//1 38//1
f 30//1 40//1 26//1
f 41//1 42//1 43//2
f 44//3 43//2 42//1
f 45//1 46//1 42//1
f 47//1 48//1 42//1
f 49//1 50//1 42//1
f 51//2 49//1 42//1
f 52//1 51//2 42//1
f 53//1 54//1 55//1
f 53//1 52//1 54//1
f 56//1 53//1 55//1
f 57//1 56//1 55//1
f 57//1 58//1 56//1
f 59//1 60//1 58//1
f 59//1 61//1 60//1
f 61//1 62//1 63//1
f 63//1 62//1 64//1
f 64//1 65//1 66//1
f 66//1 65//1 67//1
f 67//1 68//1 66//1
f 69//1 70//1 68//1
f 69//1 71//1 70//1
f 70//1 71//1 72//1
f 72//1 71//1 73//1
f 74//1 73//1 75//1
f 76//1 74//1 75//1
f 77//1 78//1 79//1
f 77//1 80//1 78//1
f 81//1 82//1 83//1
f 84//1 82//1 85//1
f 86//1 87//1 81//1
f 88//1 89//1 81//1
f 90//1 79//1 91//1
f 80//1 76//1 75//1
f 50//1 92//1 93//1
f 94//1 95//1 96//1
f 94//1 97//1 95//1
f 95//1 97//1 98//1
f 98//1 97//1 99//1
f 97//1 100//1 101//1
f 97//1 102//1 100//1
f 97//1 103//1 102//1
f 103//1 104//1 105//1
f 106//1 103//1 107//1
f 106//1 108//1 103//1
f 107//1 103//1 109//1
f 109//1 103//1 110//1
f 110//1 103//1 4//1
f 111//1 110//1 4//1
f 4//1 103//1 112//1
f 4//1 113//1 111//1
f 113//1 4//1 114//1
f 114//1 4//1 115//1
f 116//1 117//1 5//1
f 5//1 117//1 6//1
f 118//1 119//1 116//1
f 116//1 119//1 117//1
f 120//1 118//1 116//1
f 121//1 120//1 116//1
f 116//1 122//1 121//1
f 116//1 123//1 122//1
f 102//1 103//1 105//1
f 122//1 123//1 124//1
f 103//1 108//1 104//1
f 125//1 126//1 127//1
f 93//1 42//1 50//1
f 97//1 101//1 99//1
f 93//1 47//1 42//1
f 128//1 125//1 123//1
f 48//1 45//1 42//1
f 129//1 123//1 130//1
f 129//1 128//1 123//1
f 123//1 131//3 132//1
f 44//3 42//1 46//1
f 133//1 134//2 123//1
f 132//1 130//1 123//1
f 123//1 125//1 127//1
f 124//1 123//1 127//1
f 135//1 116//1 5//1
f 136//1 135//1 5//1
f 5//1 137//1 138//1
f 139//1 140//1 5//1
s 0
f 5//1 140//1 137//1
s 1
f 5//1 138//1 141//1
f 142//1 143//1 7//1
f 7//1 143//1 144//1
f 145//1 7//1 144//1
f 146//1 145//1 144//1
f 147//1 148//1 149//1
f 146//1 149//1 145//1
f 150//1 149//1 151//1
s 0
f 149//3 152//3 153//3
s 1
f 149//1 154//1 155//1
f 156//1 149//1 155//1
f 156//1 157//1 158//1
f 159//1 160//1 156//1
f 159//1 161//1 160//1
f 159//1 162//1 161//1
f 163//3 164//1 159//1
f 165//1 163//3 159//1
s 0
f 166//1 165//1 159//1
s 1
f 155//1 157//1 156//1
f 154//1 149//1 167//1
f 167//1 149//1 168//1
f 168//1 149//1 169//1
f 169//1 149//1 146//1
f 145//1 149//1 148//1
f 159//1 158//1 170//1
f 171//1 152//1 149//1
f 149//1 153//1 151//1
f 7//1 172//1 142//1
f 7//1 9//1 173//1
f 174//1 7//1 173//1
f 173//1 9//1 175//1
f 175//1 9//1 176//1
f 177//1 178//1 9//1
f 9//1 178//1 179//1
f 180//1 9//1 181//1
f 181//1 9//1 182//1
f 183//1 181//1 182//1
f 184//1 183//1 182//1
f 182//1 185//1 184//1
f 186//1 187//1 188//1
f 186//1 189//1 182//1
f 190//1 188//1 187//1
f 190//1 191//1 188//1
f 188//1 191//1 192//1
f 192//1 191//1 193//1
f 191//1 194//1 195//1
f 191//1 196//1 194//1
f 191//1 83//1 196//1
f 81//1 87//1 197//1
f 83//1 82//1 84//1
f 88//1 81//1 197//1
f 198//1 199//1 79//1
f 78//1 198//1 79//1
f 198//1 200//1 199//1
f 199//1 200//1 201//1
f 201//1 202//1 203//1
f 203//1 204//1 205//1
f 91//1 84//1 85//1
f 205//1 206//1 207//1
f 207//1 206//1 208//1
f 209//1 207//1 208//1
f 208//1 210//1 209//1
f 209//1 210//1 211//1
f 211//1 212//1 213//1
f 213//1 212//1 214//1
f 215//1 216//1 217//1
f 218//1 219//1 220//1
f 221//1 222//1 223//1
f 224//1 218//1 220//1
f 225//1 213//1 214//1
f 81//1 226//1 86//1
f 191//1 195//1 193//1
f 172//1 7//1 174//1
f 220//1 219//1 227//1
f 176//1 9//1 179//1
f 219//1 228//1 229//1
f 150//1 147//1 149//1
f 182//1 189//1 185//1
f 159//1 164//1 162//1
f 230//1 219//1 231//2
f 230//1 228//1 219//1
f 219//1 218//1 232//1
f 159//1 156//1 158//1
f 233//1 234//1 235//1
f 235//1 234//1 236//1
f 237//1 235//1 236//1
f 237//1 238//1 235//1
f 235//1 238//1 239//1
s 0
f 238//1 240//1 241//1
s 1
f 238//1 242//1 243//1
f 241//1 244//1 238//1
f 238//1 244//1 242//1
f 233//1 235//1 219//1
f 227//1 219//1 229//1
f 219//1 232//1 245//3
f 221//1 219//1 245//3
f 221//1 233//1 219//1
f 221//1 223//1 233//1
f 238//1 237//1 246//1
f 81//1 83//1 191//1
f 247//1 217//1 216//1
f 222//1 216//1 215//1
f 247//1 248//1 217//1
f 247//1 225//1 248//1
f 248//1 225//1 214//1
f 206//1 205//1 204//1
f 198//1 78//1 249//1
f 249//1 78//1 250//1
f 251//1 252//1 250//1
f 251//1 253//1 252//1
f 251//1 254//1 253//1
f 22//1 21//1 28//1
f 16//1 20//1 38//1
f 255//1 16//1 256//1
f 256//1 16//1 39//1
f 257//1 37//1 20//1
f 257//1 32//1 37//1
f 258//1 30//1 35//1
f 259//1 32//1 260//1
f 261//1 260//1 32//1
f 262//1 263//1 33//1
f 32//1 263//1 264//1
f 265//1 262//1 33//1
f 32//1 257//1 266//1
f 267//1 268//1 10//1
f 10//1 268//1 33//1
f 10//1 33//1 3//1
f 10//1 269//1 267//1
f 33//1 268//1 270//1
f 271//1 272//1 33//1
f 269//1 10//1 273//1
f 273//1 10//1 274//1
f 275//1 276//1 11//1
f 11//1 276//1 12//1
f 277//1 278//1 275//1
f 275//1 278//1 276//1
f 279//1 277//1 275//1
f 280//1 279//1 275//1
f 275//1 281//1 280//1
f 275//1 282//1 281//1
f 274//1 10//1 12//1
f 281//1 282//1 283//1
f 272//1 284//1 33//1
f 285//1 286//1 287//1
f 288//1 22//1 29//1
f 252//1 249//1 250//1
f 288//1 25//1 22//1
f 211//1 210//1 212//1
f 36//1 34//1 30//1
f 22//1 25//1 24//1
f 32//1 259//1 37//1
f 215//1 223//1 222//1
f 203//1 202//1 204//1
f 289//1 238//1 243//1
f 16//1 253//1 22//1
f 32//1 30//1 15//1
f 239//1 238//1 289//1
f 23//1 22//1 254//1
f 290//1 282//1 291//1
f 291//1 282//1 292//1
s 0
f 292//1 282//1 293//1
s 1
f 285//1 282//1 286//1
f 294//1 275//1 11//1
f 285//1 283//1 282//1
f 295//1 11//1 296//1
f 297//1 298//1 13//1
f 13//1 298//1 299//1
f 300//1 13//1 299//1
f 301//1 300//1 299//1
f 302//1 303//1 304//1
f 301//1 304//1 300//1
f 305//1 304//1 306//1
f 304//1 307//2 308//3
f 304//1 309//1 310//1
f 311//1 304//1 310//1
f 311//1 312//1 313//1
f 314//1 315//1 311//1
f 314//1 316//1 315//1
f 314//1 317//1 316//1
f 318//2 319//1 314//1
s 0
f 320//1 318//1 314//1
s 1
f 321//1 320//1 314//1
f 310//1 312//1 311//1
f 309//1 304//1 322//1
f 322//1 304//1 323//1
f 323//1 304//1 324//1
f 324//1 304//1 301//1
f 300//1 304//1 303//1
f 314//1 313//1 325//1
f 326//1 307//2 304//1
f 304//1 308//3 306//1
f 13//1 327//1 297//1
f 13//1 15//1 328//1
f 329//1 13//1 328//1
f 328//1 15//1 330//1
f 330//1 15//1 331//1
f 332//1 333//1 15//1
f 15//1 333//1 334//1
f 335//1 15//1 258//1
f 258//1 15//1 30//1
f 263//1 32//1 33//1
f 264//1 261//1 32//1
f 33//1 284//1 265//1
f 293//1 282//1 336//1
f 337//1 11//1 338//1
f 338//1 11//1 339//1
f 11//1 337//1 296//1
f 16//1 255//1 17//1
f 340//1 286//1 282//1
f 22//1 24//1 341//1
f 18//1 253//1 16//1
f 22//1 253//1 254//1
f 200//1 202//1 201//1
f 52//1 42//1 54//1
f 81//1 89//1 82//1
f 90//1 91//1 85//1
f 96//1 226//1 81//1
f 90//1 77//1 79//1
f 80//1 77//1 76//1
f 74//1 72//1 73//1
f 67//1 69//1 68//1
f 60//1 61//1 63//1
f 342//1 54//1 343//1
f 343//1 54//1 42//1
f 343//1 344//1 342//1
s 0
f 339//1 11//1 345//1
s 1
f 57//1 59//1 58//1
f 65//1 64//1 62//1
f 344//1 343//1 346//1
f 346//1 347//1 348//1
f 343//1 349//1 347//1
f 15//1 334//1 331//1
f 343//1 350//1 349//1
f 13//1 329//1 327//1
f 305//1 302//1 304//1
f 290//1 351//1 282//1
f 33//1 270//1 271//1
f 314//1 319//1 317//1
f 343//1 352//2 353//3
f 354//1 355//1 343//1
f 343//1 356//1 352//2
f 311//1 313//1 314//1
f 123//1 134//2 131//3
f 4//1 112//1 357//1
f 9//1 180//1 177//1
s 0
f 219//3 358//3 231//3
s 1
f 186//1 182//1 187//1
f 359//1 357//1 112//1
f 9//1 97//1 182//1
f 8//1 7//1 357//1
f 8//1 357//1 359//1
f 182//1 360//1 187//1
f 361//1 97//1 94//1
f 103//1 97//1 9//1
f 347//1 346//1 343//1
f 5//1 141//1 136//1
f 226//1 96//1 95//1
f 81//1 362//1 96//1
f 354//1 343//1 353//3
f 355//1 350//1 343//1
f 363//1 358//1 219//1
f 115//1 4//1 6//1
f 14//1 2//1 1//1
f 14//1 13//1 2//1
f 3//1 2//1 10//1
f 11//1 295//1 294//1
f 351//1 340//1 282//1
f 15//1 335//1 332//1
f 191//1 190//1 364//1
f 365//4 366//4 367//4
f 368//4 369//4 370//4
f 371//4 372//4 373//4
f 374//4 375//4 376//4
f 367//4 366//4 377//4
f 378//4 379//4 380//4
f 381//4 379//4 382//4
f 370//4 383//4 368//4
f 370//4 369//4 384//4
f 385//4 381//4 368//4
f 386//4 368//4 383//4
f 387//4 368//4 386//4
f 388//4 368//4 387//4
f 389//4 368//4 388//4
f 390//4 368//4 389//4
f 368//4 390//4 391//4
f 368//4 391//4 392//4
f 368//4 392//4 393//4
f 368//4 393//4 385//4
f 381//4 385//4 394//4
f 381//4 394//4 395//4
f 381//4 395//4 396//4
f 381//4 396//4 397//4
f 381//4 397//4 398//4
f 379//4 398//4 399//4
f 379//4 399//4 400//4
f 401//4 402//4 403//4
f 400//4 402//4 401//4
f 404//4 403//4 405//4
f 404//4 405//4 406//4
f 405//4 407//4 406//4
f 407//4 408//4 409//4
f 408//4 410//4 409//4
f 411//4 412//4 413//4
f 411//4 413//4 414//4
f 414//4 415//4 416//4
f 417//4 416//4 415//4
f 418//4 419//4 417//4
f 420//4 419//4 418//4
f 421//4 420//4 422//4
f 421//4 422//4 423//4
f 424//4 423//4 425//4
f 426//4 427//4 428//4
f 427//4 425//4 428//4
f 426//4 428//4 429//4
f 424//4 425//4 427//4
f 430//4 431//4 432//4
f 433//4 431//4 430//4
f 434//4 435//4 436//4
f 435//4 437//4 436//4
f 438//4 371//4 434//4
f 434//4 439//4 440//4
f 441//4 371//4 438//4
f 442//4 439//4 434//4
f 443//4 371//4 441//4
f 444//4 371//4 443//4
f 445//4 371//4 444//4
f 446//4 371//4 445//4
f 371//4 446//4 447//4
f 442//4 434//4 448//4
f 371//4 449//4 450//4
f 451//4 452//4 429//4
f 451//4 431//4 433//4
f 451//4 433//4 452//4
f 429//4 452//4 426//4
f 372//4 371//4 453//4
f 454//4 376//4 375//4
f 376//4 455//4 374//4
f 456//4 457//4 374//4
f 458//4 374//4 455//4
f 459//4 374//4 458//4
f 460//4 374//4 459//4
f 461//4 374//4 460//4
f 462//4 374//4 461//4
f 374//4 462//4 463//4
f 374//4 463//4 464//4
f 374//4 464//4 465//4
f 374//4 465//4 456//4
f 457//4 456//4 466//4
f 457//4 466//4 467//4
f 457//4 467//4 468//4
f 457//4 468//4 469//4
f 457//4 469//4 435//4
f 457//4 435//4 434//4
f 436//4 448//4 434//4
f 371//4 447//4 449//4
f 450//4 453//4 371//4
f 373//4 372//4 470//4
f 432//4 436//4 437//4
f 432//4 437//4 430//4
f 400//4 399//4 402//4
f 423//4 424//4 421//4
f 422//4 420//4 418//4
f 417//4 419//4 416//4
f 413//4 415//4 414//4
f 471//4 412//4 411//4
f 410//4 408//4 472//4
f 410//4 472//4 471//4
f 409//4 406//4 407//4
f 403//4 404//4 401//4
f 379//4 381//4 398//4
f 473//4 378//4 380//4
f 474//4 378//4 473//4
f 378//4 474//4 475//4
f 440//4 438//4 434//4
f 378//4 476//4 365//4
f 476//4 477//4 365//4
f 478//4 365//4 479//4
f 365//4 480//4 479//4
f 481//4 365//4 478//4
f 482//4 365//4 481//4
f 483//4 365//4 482//4
f 365//4 483//4 484//4
f 365//4 484//4 485//4
f 477//4 480//4 365//4
f 378//4 475//4 476//4
f 472//4 412//4 471//4
f 366//4 365//4 485//4
f 382//4 379//4 378//4
f 486//5 487//5 488//5
f 489//5 490//5 488//5
f 491//5 489//5 488//5
f 491//5 492//5 493//5
f 494//5 492//5 495//5
f 489//5 496//5 497//5
f 498//6 495//5 492//5
f 499//7 492//5 500//8
f 500//8 492//5 501//9
f 501//9 492//5 502//5
f 492//5 503//10 502//5
f 504//5 505//6 492//5
f 492//5 505//6 503//10
f 492//5 499//7 498//6
f 492//5 491//5 488//5
f 488//9 506//11 507//5
f 508//12 488//9 507//5
f 508//12 509//11 488//9
f 488//9 510//13 511//5
f 488//9 509//11 510//13
f 512//14 488//9 511//5
f 513//11 514//15 488//9
f 512//14 513//11 488//9
f 493//5 492//5 494//5
f 515//9 516//5 517//5
f 518//6 515//9 517//5
f 519//5 518//6 517//5
f 520//16 519//5 517//5
f 521//9 520//16 517//5
f 522//17 521//9 517//5
f 523//5 522//17 517//5
f 524//5 517//5 525//5
f 526//5 517//5 527//5
f 528//5 527//6 529//10
f 529//10 527//6 530//8
f 530//8 527//6 531//7
f 527//6 532//5 531//7
f 533//5 534//11 527//6
f 527//6 534//11 532//5
f 535//15 533//5 527//6
f 527//6 528//5 536//8
f 517//5 537//11 523//5
f 527//5 538//5 539//5
f 540//18 541//18 542//18
f 543//18 544//18 545//18
f 546//18 547//18 548//18
f 549//18 550//18 551//18
f 552//19 553//19 554//19
f 555//20 552//19 554//19
f 556//19 555//20 554//19
f 557//19 556//19 554//19
f 558//21 557//19 554//19
f 559//22 558//21 554//19
f 560//23 559//22 554//19
f 561//19 554//19 562//19
f 562//19 554//19 563//19
f 564//19 563//19 554//19
f 564//19 565//19 566//19
f 564//19 554//19 565//19
f 567//19 568//19 564//19
f 565//19 569//19 570//19
f 571//24 565//19 572//19
f 572//19 565//19 573//23
f 573//23 565//19 574//25
f 565//19 575//26 574//25
f 576//27 577//19 565//19
f 565//19 577//19 575//26
f 565//19 571//24 578//26
f 554//19 579//19 560//23
f 565//19 578//26 580//26
f 579//19 554//19 561//19
f 581//28 582//28 583//28
f 584//28 585//28 586//28
f 587//4 588//4 589//4
f 590//4 591//4 592//4
f 593//4 594//4 595//4
f 596//4 597//4 598//4
f 599//4 600//4 601//4
f 589//4 602//4 603//4
f 589//4 604//4 605//4
f 606//4 607//4 608//4
f 609//4 610//4 602//4
f 611//4 612//4 609//4
f 613//29 614//29 611//29
f 615//4 616//4 613//4
f 617//4 618//4 615//4
f 619//4 617//4 620//4
f 621//4 620//4 622//4
f 623//4 622//4 624//4
f 625//4 624//4 606//4
f 626//4 606//4 627//4
f 628//4 627//4 629//4
f 630//4 629//4 631//4
f 632//4 631//4 633//4
f 634//4 633//4 600//4
f 635//4 600//4 636//4
f 600//4 637//4 636//4
f 638//4 639//4 640//4
f 637//4 639//4 638//4
f 640//4 641//4 642//4
f 642//4 643//4 644//4
f 643//4 645//4 644//4
f 645//4 646//4 647//4
f 646//4 648//4 647//4
f 649//4 650//4 651//4
f 649//4 651//4 652//4
f 652//4 653//4 654//4
f 655//4 654//4 653//4
f 656//4 657//4 655//4
f 658//4 657//4 656//4
f 659//4 658//4 660//4
f 659//4 660//4 661//4
f 662//4 661//4 663//4
f 664//4 665//4 666//4
f 665//4 663//4 666//4
f 664//4 666//4 667//4
f 662//4 663//4 665//4
f 668//4 669//4 670//4
f 671//4 669//4 668//4
f 672//4 673//4 674//4
f 673//4 675//4 674//4
f 676//4 590//4 672//4
f 672//4 677//4 678//4
f 679//4 590//4 676//4
f 680//4 677//4 672//4
f 681//4 590//4 679//4
f 682//4 590//4 681//4
f 683//4 590//4 682//4
f 684//4 590//4 683//4
f 590//4 684//4 685//4
f 680//4 672//4 686//4
f 590//4 687//4 688//4
f 689//4 690//4 667//4
f 689//4 669//4 671//4
f 689//4 671//4 690//4
f 667//4 690//4 664//4
f 591//4 590//4 691//4
f 595//4 692//4 593//4
f 595//4 594//4 693//4
f 694//4 695//4 593//4
f 696//4 593//4 692//4
f 697//4 593//4 696//4
f 698//4 593//4 697//4
f 699//4 593//4 698//4
f 700//4 593//4 699//4
f 593//4 700//4 701//4
f 593//4 701//4 702//4
f 593//4 702//4 703//4
f 593//4 703//4 694//4
f 695//4 694//4 704//4
f 695//4 704//4 705//4
f 695//4 705//4 706//4
f 695//4 706//4 707//4
f 695//4 707//4 673//4
f 695//4 673//4 672//4
f 674//4 686//4 672//4
f 590//4 685//4 687//4
f 688//4 691//4 590//4
f 592//4 591//4 708//4
f 670//4 674//4 675//4
f 670//4 675//4 668//4
f 636//4 637//4 638//4
f 661//4 662//4 659//4
f 660//4 658//4 656//4
f 655//4 657//4 654//4
f 651//4 653//4 652//4
f 709//4 650//4 649//4
f 648//4 646//4 710//4
f 648//4 710//4 709//4
f 647//4 644//4 645//4
f 643//4 642//4 641//4
f 641//4 640//4 639//4
f 711//4 712//4 636//4
f 713//4 714//4 711//4
f 715//4 716//4 713//4
f 717//4 715//4 718//4
f 719//4 720//4 721//4
f 720//4 722//4 723//4
f 724//4 725//4 726//4
f 727//4 728//4 726//4
f 729//4 730//4 724//4
f 731//4 732//4 729//4
f 733//4 731//4 734//4
f 735//4 734//4 736//4
f 722//4 728//4 737//4
f 738//4 718//4 720//4
f 678//4 676//4 672//4
f 739//4 740//4 736//4
f 710//4 650//4 709//4
f 597//4 741//4 739//4
f 597//4 742//4 743//4
f 601//4 600//4 744//4
f 745//19 746//19 747//19
f 748//19 749//19 750//19
f 751//30 752//30 746//19
f 753//31 746//19 754//32
f 754//32 746//19 755//25
f 746//19 756//33 755//25
f 757//19 758//26 746//19
f 746//19 758//26 756//33
f 759//19 757//19 746//19
f 746//19 753//31 751//30
f 746//19 760//19 750//19
f 750//19 761//23 762//23
f 763//33 750//19 762//23
f 763//33 764//34 750//19
f 750//19 765//35 766//23
f 750//19 764//34 767//36
f 768//27 750//19 769//19
f 769//19 750//19 766//23
f 750//19 767//36 765//35
f 770//18 771//18 772//18
f 773//18 771//18 774//18
f 775//5 776//5 777//5
f 778//5 779//5 780//5
f 781//8 782//8 783//8
f 784//5 785//5 786//5
f 786//15 787//15 788//15
f 789//6 790//6 788//6
f 791//5 792//5 793//5
f 794//5 792//5 790//5
f 795//37 791//37 796//37
f 797//10 784//10 781//10
f 798//5 799//5 800//5
f 801//11 802//11 803//11
f 804//38 805//38 803//38
f 804//5 806//5 807//5
f 808//39 809//39 810//39
f 811//5 806//5 812//5
f 813//5 814//5 815//5
f 815//5 816//5 810//5
f 817//5 812//5 809//5
f 818//28 819//28 820//28
f 821//28 819//28 822//28
f 823//19 824//19 825//19
f 826//19 827//19 828//19
f 829//30 830//30 831//30
f 832//19 833//19 834//19
f 834//19 835//19 836//19
f 837//21 838//21 836//21
f 839//23 840//23 841//23
f 842//19 840//19 838//19
f 843//19 839//19 844//19
f 845//40 832//40 829//40
f 846//19 847//19 848//19
f 849//23 850//23 851//23
f 852//19 853//19 851//19
f 852//41 854//41 855//41
f 856//23 857//23 858//23
f 859//42 854//42 860//42
f 861//43 862//43 863//43
f 863//26 864//26 858//26
f 865//44 860//44 857//44
f 866//45 867//45 868//45
f 869//45 870//45 871//45
f 872//45 873//45 874//45
f 875//45 876//45 877//45
f 878//45 879//45 880//45
f 881//45 882//45 883//45
f 884//45 885//45 886//45
f 887//46 888//46 889//46
f 890//46 891//46 892//46
f 893//46 894//46 895//46
f 896//46 897//46 898//46
f 899//46 900//46 901//46
f 902//46 903//46 904//46
f 905//46 906//46 907//46
f 908//28 909//28 910//28
f 911//28 912//28 913//28
f 914//28 915//28 916//28
f 917//28 918//28 919//28
f 920//47 921//48 922//47
f 923//48 924//49 925//48
f 926//49 927//49 928//48
f 929//50 930//50 931//49
f 932//51 933//50 934//50
f 935//52 936//51 937//51
f 938//52 939//51 940//52
f 941//53 942//54 943//53
f 944//53 945//53 946//55
f 947//56 948//56 949//57
f 950//55 951//57 952//57
f 953//57 954//58 955//58
f 956//58 957//59 958//58
f 959//59 960//60 961//59
f 962//60 963//60 964//59
f 965//47 966//47 967//46
f 968//61 969//28 970//28
f 971//61 972//28 973//61
f 974//61 975//61 976//62
f 977//61 978//62 979//62
f 980//62 981//63 982//62
f 983//63 984//63 985//62
f 986//60 987//63 988//63
f 989//60 990//63 991//60
f 992//64 993//59 994//59
f 995//57 996//57 997//58
f 998//55 999//53 1000//55
f 1001//53 1002//54 1003//54
f 1004//51 1005//51 1006//50
f 1007//49 1008//50 1009//49
f 1010//47 1011//46 1012//46
f 1013//48 1014//48 1015//47
f 1016//46 1017//46 1018//46
f 1019//46 1020//46 1021//46
f 1022//18 1023//18 1024//18
f 1025//18 1026//18 1027//18
f 1028//18 1029//18 1030//18
f 1031//18 1032//18 1033//18
f 1034//45 1035//45 1036//45
f 1037//45 1038//45 1039//45
f 1040//65 1041//66 1042//65
f 1043//66 1044//67 1045//66
f 1046//67 1047//67 1048//66
f 1049//68 1050//68 1051//67
f 1052//69 1053//68 1054//68
f 1055//70 1056//69 1057//69
f 1058//71 1059//69 1060//71
f 1061//72 1062//71 1063//72
f 1064//72 1065//72 1066//73
f 1067//74 1068//74 1069//75
f 1070//74 1071//75 1072//75
f 1073//75 1074//76 1075//76
f 1076//77 1077//78 1078//77
f 1079//78 1080//79 1081//78
f 1082//79 1083//79 1084//78
f 1085//65 1086//65 1087//28
f 1088//80 1089//45 1090//45
f 1091//80 1092//45 1093//80
f 1094//80 1095//80 1096//81
f 1097//80 1098//81 1099//81
f 1100//81 1101//82 1102//81
f 1103//82 1104//82 1105//81
f 1106//79 1107//82 1108//82
f 1109//79 1110//82 1111//79
f 1112//77 1113//78 1114//78
f 1115//75 1116//75 1117//76
f 1118//83 1119//72 1120//83
f 1121//72 1122//71 1123//71
f 1124//69 1125//69 1126//68
f 1127//67 1128//68 1129//67
f 1130//65 1131//28 1132//28
f 1133//66 1134//66 1135//65
f 1136//46 1137//46 1138//46
f 1139//46 1140//46 1141//46
f 1142//46 1143//46 1144//46
f 1145//45 1146//45 1147//45
f 1148//45 1149//45 1150//45
f 1151//45 1152//45 1153//45
f 1154//18 1155//18 1156//18
f 1157//18 1158//18 1159//18
f 1160//46 1161//84 1162//46
f 1163//84 1164//84 1165//46
f 1166//85 1167//84 1168//84
f 1169//85 1170//84 1171//85
f 1172//85 1173//85 1174//86
f 1175//85 1176//86 1177//86
f 1178//86 1179//87 1180//86
f 1181//87 1182//87 1183//86
f 1184//88 1185//87 1186//87
f 1187//88 1188//87 1189//88
f 1190//88 1191//88 1192//89
f 1193//88 1194//89 1195//89
f 1196//90 1197//91 1198//90
f 1199//91 1200//91 1201//90
f 1202//92 1203//93 1204//93
f 1205//93 1206//93 1207//94
f 1208//18 1209//95 1210//18
f 1211//95 1212//95 1213//18
f 1214//96 1215//95 1216//95
f 1217//96 1218//95 1219//96
f 1220//96 1221//96 1222//97
f 1223//96 1224//97 1225//97
f 1226//97 1227//98 1228//97
f 1229//98 1230//98 1231//97
f 1232//94 1233//98 1234//98
f 1235//94 1236//98 1237//94
f 1238//94 1239//94 1240//93
f 1241//99 1242//92 1243//92
f 1244//92 1245//100 1246//92
f 1247//101 1248//101 1249//92
f 1250//91 1251//102 1252//102
f 1253//91 1254//91 1255//102
f 1256//46 1257//46 1258//46
f 1259//46 1260//46 1261//46
f 1262//28 1263//28 1264//28
f 1265//28 1266//28 1267//28
f 1268//28 1269//28 1270//28
f 1271//28 1272//28 1273//28
f 1274//45 1275//45 1276//45
f 1277//45 1278//45 1279//45
f 1280//18 1281//103 1282//18
f 1283//103 1284//104 1285//103
f 1286//104 1287//104 1288//103
f 1289//105 1290//105 1291//104
f 1292//106 1293//106 1294//105
f 1295//107 1296//106 1297//106
f 1298//108 1299//107 1300//107
f 1301//108 1302//107 1303//108
f 1304//109 1305//110 1306//109
f 1307//109 1308//109 1309//111
f 1310//112 1311//112 1312//113
f 1313//112 1314//113 1315//113
f 1316//113 1317//114 1318//114
f 1319//115 1320//116 1321//115
f 1322//116 1323//117 1324//116
f 1325//117 1326//117 1327//116
f 1328//118 1329//45 1330//45
f 1331//118 1332//45 1333//118
f 1334//118 1335//118 1336//119
f 1337//118 1338//119 1339//119
f 1340//119 1341//120 1342//119
f 1343//120 1344//120 1345//119
f 1346//117 1347//120 1348//120
f 1349//117 1350//120 1351//117
f 1352//115 1353//116 1354//116
f 1355//113 1356//113 1357//114
f 1358//121 1359//109 1360//121
f 1361//109 1362//108 1363//108
f 1364//107 1365//107 1366//106
f 1367//105 1368//106 1369//105
f 1370//103 1371//18 1372//103
f 1373//104 1374//104 1375//105
f 1376//46 1377//46 1378//46
f 1379//46 1380//46 1381//46
f 1382//46 1383//46 1384//46
f 1385//45 1386//45 1387//45
f 1388//45 1389//45 1390//45
f 1391//45 1392//45 1393//45
f 1394//18 1395//18 1396//122
f 1397//122 1398//18 1399//122
f 1400//104 1401//106 1402//104
f 1403//104 1404//106 1405//106
f 1406//106 1407//106 1408//123
f 1409//108 1410//106 1411//108
f 1412//124 1413//125 1414//125
f 1415//114 1416//111 1417//111
f 1418//126 1419//126 1420//110
f 1421//127 1422//45 1423//45
f 1424//127 1425//127 1426//45
f 1427//119 1428//128 1429//119
f 1430//119 1431//128 1432//128
f 1433//117 1434//117 1435//129
f 1436//129 1437//117 1438//129
f 1439//126 1440//114 1441//114
f 1442//18 1443//18 1444//130
f 1445//96 1446//96 1447//98
f 1448//98 1449//96 1450//98
f 1451//131 1452//98 1453//131
f 1454//132 1455//133 1456//133
f 1457//90 1458//100 1459//100
f 1460//90 1461//90 1462//134
f 1463//89 1464//87 1465//89
f 1466//46 1467//135 1468//135
f 1469//135 1470//46 1471//46
f 1472//85 1473//136 1474//85
f 1475//101 1476//101 1477//99
f 1478//87 1479//137 1480//87
f 1481//130 1482//130 1483//18
f 1484//85 1485//87 1486//87
f 1487//98 1488//131 1489//98
f 1490//46 1491//46 1492//138
f 1493//138 1494//46 1495//138
f 1496//50 1497//48 1498//48
f 1499//50 1500//50 1501//48
f 1502//139 1503//139 1504//50
f 1505//55 1506//55 1507//54
f 1508//140 1509//140 1510//141
f 1511//60 1512//60 1513//64
f 1514//142 1515//28 1516//142
f 1517//142 1518//28 1519//28
f 1520//60 1521//62 1522//143
f 1523//60 1524//60 1525//143
f 1526//58 1527//58 1528//60
f 1529//144 1530//144 1531//145
f 1532//146 1533//146 1534//147
f 1535//50 1536//50 1537//52
f 1538//45 1539//148 1540//45
f 1541//45 1542//148 1543//148
f 1544//81 1545//81 1546//149
f 1547//149 1548//150 1549//149
f 1550//76 1551//74 1552//74
f 1553//151 1554//79 1555//151
f 1556//152 1557//153 1558//153
f 1559//151 1560//79 1561//79
f 1562//154 1563//28 1564//28
f 1565//154 1566//154 1567//28
f 1568//66 1569//68 1570//155
f 1571//155 1572//68 1573//68
f 1574//68 1575//68 1576//70
f 1577//71 1578//68 1579//71
f 1580//156 1581//157 1582//156
f 1583//156 1584//77 1585//76
f 819//28 1586//28 1587//142
f 1588//142 819//28 1589//142
f 1590//143 1591//60 1592//62
f 1593//143 1594//60 1595//60
f 1596//60 1597//60 1598//64
f 1599//64 1600//60 1601//58
f 1602//141 1603//140 1604//140
f 1605//54 1606//55 1607//55
f 1608//144 1609//144 1610//145
f 1611//138 1612//46 1613//46
f 1614//138 1615//138 1616//46
f 1617//48 1618//158 1619//48
f 1620//48 1621//158 1622//158
f 1623//50 1624//50 1625//139
f 1626//139 1627//50 1628//139
f 1629//144 1630//54 1631//52
f 1632//159 1633//128 1634//119
f 1635//117 1636//129 1637//117
f 1638//129 1639//129 1640//117
f 1641//160 1642//160 1643//161
f 1644//125 1645//160 1646//160
f 1647//106 1648//108 1649//108
f 1650//106 1651//123 1652//106
f 1653//127 1654//127 1655//45
f 1656//122 1657//18 1658//18
f 1659//122 1660//18 1661//122
f 1662//104 1663//104 1664//162
f 1665//104 1666//162 1667//162
f 1668//125 1669//125 1670//112
f 1671//161 1672//160 1673//161
f 1674//127 1675//45 1676//45
f 1677//128 1678//128 1679//119
f 1680//96 1681//163 1682//96
f 1683//98 1684//131 1685//98
f 1686//131 1687//131 1688//98
f 1689//101 1690//101 1691//133
f 1692//164 1693//101 1694//101
f 1695//87 1696//137 1697//137
f 1698//87 1699//137 1700//87
f 1701//130 1702//130 1703//18
f 1704//135 1705//46 1706//46
f 1707//135 1708//46 1709//135
f 1710//85 1711//165 1712//136
f 1713//85 1714//136 1715//136
f 1716//164 1717//164 1718//101
f 1719//133 1720//102 1721//133
f 1722//130 1723//18 1724//18
f 1725//163 1726//163 1727//96
f 1728//155 1729//166 1730//155
f 1731//68 1732//70 1733//68
f 1734//70 1735//71 1736//68
f 1737//167 1738//167 1739//153
f 1740//168 1741//167 1742//167
f 1743//79 1744//151 1745//151
f 1746//79 1747//151 1748//79
f 1749//45 1750//45 1751//148
f 1752//45 1753//148 1754//148
f 1755//81 1756//149 1757//81
f 1758//154 1759//154 1760//28
f 1761//149 1762//169 1763//149
f 1764//154 1765//28 1766//28
f 1767//155 1768//166 1769//166
f 1770//153 1771//167 1772//153
f 1773//168 1774//168 1775//167
f 1776//45 1777//45 1778//127
f 1779//127 1780//45 1781//127
f 1782//117 1783//119 1784//119
f 1785//117 1786//117 1787//119
f 1788//117 1789//129 1790//117
f 1791//117 1792//115 1793//115
f 1794//115 1795//112 1796//112
f 771//18 1797//18 1798//122
f 1799//122 1800//122 771//18
f 1801//104 1802//106 1803//104
f 1804//104 1805//106 1806//106
f 1807//106 1808//106 1809//123
f 1810//108 1811//106 1812//108
f 1813//111 1814//110 1815//125
f 1816//126 1817//126 1818//110
f 1819//170 1820//115 1821//115
f 1822//28 822//28 1823//154
f 1824//154 822//28 1825//154
f 1826//68 1827//155 1828//66
f 1829//68 1830//68 1831//155
f 1832//68 1833//70 1834//68
f 1835//68 1836//70 1837//71
f 1838//153 1839//157 1840//83
f 1841//156 1842//157 1843//156
f 1844//76 1845//83 1846//83
f 1847//45 1848//45 1849//148
f 1850//148 1851//45 1852//148
f 1853//79 1854//81 1855//81
f 1856//151 1857//79 1858//151
f 1859//77 1860//79 1861//79
f 1862//171 1863//76 1864//77
f 1865//79 1866//81 1867//79
f 1868//138 1869//138 1870//46
f 1871//158 1872//48 1873//48
f 1874//139 1875//50 1876//50
f 1877//52 1878//50 1879//139
f 1880//172 1881//146 1882//172
f 1883//172 1884//172 1885//140
f 1886//64 1887//64 1888//60
f 1889//28 1890//142 1891//28
f 1892//142 1893//142 1894//28
f 1895//173 1896//143 1897//143
f 1898//173 1899//143 1900//173
f 1901//60 1902//60 1903//64
f 1904//140 1905//140 1906//172
f 1907//146 1908//172 1909//146
f 1910//138 1911//46 1912//46
f 1913//158 1914//158 1915//174
f 1916//46 1917//135 1918//46
f 1919//46 1920//135 1921//135
f 1922//85 1923//85 1924//136
f 1925//136 1926//85 1927//136
f 1928//90 1929//100 1930//100
f 1931//137 1932//87 1933//137
f 1934//132 1935//133 1936//133
f 1937//137 1938//87 1939//87
f 1940//130 1941//18 774//18
f 1942//130 1943//130 774//18
f 1944//96 1945//98 1946//96
f 1947//96 1948//98 1949//98
f 1950//98 1951//98 1952//131
f 1953//131 1954//98 1955//131
f 1956//134 1957//99 1958//134
f 1959//134 1960//90 1961//90
f 1962//28 1963//28 1964//28
f 1963//28 1965//28 1966//28
f 1967//175 1968//175 1969//175
f 1970//45 1971//45 1969//45
f 1972//45 1973//45 1974//45
f 1975//28 1976//28 1977//28
f 1978//28 1979//28 1975//28
f 1980//28 1975//28 1981//28
f 1982//45 1983//45 1984//45
f 1985//45 1986//45 1987//45
f 1988//18 1989//18 1990//18
f 1991//176 1992//176 1990//176
f 1993//18 1994//18 1995//18
f 1996//45 1997//45 1998//45
f 1999//45 2000//45 1996//45
f 2001//45 1996//45 2002//45
f 2003//18 2004//18 2005//18
f 2006//18 2007//18 2008//18
f 2009//46 2010//46 2011//46
f 2012//46 2013//46 2011//46
f 2014//46 2015//46 2016//46
f 2017//18 2018//18 2019//18
f 2020//177 2021//177 2017//177
f 2022//18 2017//18 2023//18
f 2024//46 2025//46 2026//46
f 2027//46 2028//46 2029//46
f 2030//28 2031//28 2032//28
f 2033//28 2034//28 2032//28
f 2035//28 2036//28 2037//28
f 2038//81 2039//81 2040//45
f 2041//79 2039//81 2038//81
f 2042//77 2043//178 2041//79
f 2044//77 2043//178 2042//77
f 2045//156 2044//77 2046//74
f 2045//156 2046//74 2047//71
f 2048//71 2047//71 2049//166
f 2048//71 2049//166 2050//68
f 2050//68 2051//66 2052//66
f 2051//66 2053//28 2052//66
f 2053//28 2054//62 2055//28
f 2054//62 2056//62 2055//28
f 2057//60 2058//173 2056//62
f 2059//58 2058//173 2057//60
f 2060//144 2061//58 2059//58
f 2062//55 2061//58 2060//144
f 2063//139 2062//55 2064//52
f 2063//139 2064//52 2065//179
f 2066//50 2065//179 2067//48
f 2066//50 2067//48 2068//48
f 2068//48 2069//46 2070//46
f 2069//46 2071//85 2070//46
f 2072//85 2073//136 2074//180
f 2074//180 2073//136 2075//89
f 2076//18 2077//18 2078//96
f 2079//104 2080//104 2077//18
f 2081//181 2082//106 2080//104
f 2083//108 2084//108 2082//106
f 2085//111 2084//108 2083//108
f 2086//115 2087//112 2085//111
f 2088//115 2087//112 2086//115
f 2089//128 2088//115 2090//182
f 2064//52 2062//55 2060//144
f 2091//119 2092//119 2040//45
f 2089//128 2092//119 2091//119
f 2090//182 2092//119 2089//128
f 2086//115 2090//182 2088//115
f 2084//108 2085//111 2087//112
f 2082//106 2081//181 2083//108
f 2080//104 2079//104 2081//181
f 2091//119 2040//45 2093//45
f 2077//18 2076//18 2079//104
f 2078//96 2094//96 2076//18
f 2095//183 2094//96 2078//96
f 2096//98 2094//96 2095//183
f 2096//98 2095//183 2097//93
f 2096//98 2097//93 2098//93
f 2097//93 2099//100 2098//93
f 2099//100 2100//102 2098//93
f 2101//89 2100//102 2099//100
f 2075//89 2100//102 2101//89
f 2075//89 2101//89 2074//180
f 2073//136 2072//85 2071//85
f 2072//85 2070//46 2071//85
f 2069//46 2068//48 2067//48
f 2065//179 2066//50 2063//139
f 2058//173 2059//58 2061//58
f 2056//62 2054//62 2057//60
f 2055//28 2052//66 2053//28
f 2051//66 2050//68 2049//166
f 2047//71 2048//71 2045//156
f 2042//77 2046//74 2044//77
f 2039//81 2041//79 2043//178
f 2039//81 2093//45 2040//45
f 2102//46 2103//46 2104//46
f 2105//46 2106//46 2107//46
f 2108//46 2109//46 2110//46
f 2111//1 2112//1 2113//1
f 2114//1 2115//1 2116//1
f 2117//1 2118//1 2119//1
f 2120//1 2121//1 2122//1
f 2111//1 2123//1 2124//1
f 2125//1 2126//1 2127//1
f 2128//1 2129//1 2130//1
f 2114//1 2131//1 2132//1
f 2133//1 2134//1 2135//1
f 2136//1 2137//1 2138//1
f 2139//1 2140//1 2141//1
f 2142//1 2143//1 2144//1
f 2145//1 2146//1 2147//1
f 2148//1 2149//1 2150//1
f 2151//1 2152//1 2153//1
f 2154//1 2155//1 2111//1
f 2156//1 2157//1 2111//1
f 2158//1 2159//1 2160//1
f 2161//1 2162//1 2163//1
f 2164//1 2165//1 2166//1
f 2167//1 2168//1 2169//1
f 2170//1 2171//1 2172//1
f 2172//1 2173//1 2174//1
f 2175//1 2176//1 2172//1
f 2177//1 2178//1 2172//1
f 2179//1 2180//1 2172//1
f 2181//1 2182//1 2183//1
f 2184//1 2185//1 2186//1
f 2172//1 2187//1 2188//1
f 2139//1 2189//1 2190//1
f 2191//1 2192//1 2139//1
f 2193//1 2194//1 2139//1
f 2195//1 2196//1 2197//1
f 2198//1 2199//1 2200//1
f 2201//1 2202//1 2203//1
f 2204//1 2205//1 2206//1
f 2114//1 2207//1 2208//1
f 2114//1 2209//1 2210//1
f 2211//1 2212//1 2114//1
f 2213//1 2214//1 2114//1
f 2215//1 2216//1 2217//1
f 2218//1 2219//1 2220//1
f 2221//1 2222//1 2223//1
f 2224//1 2225//1 2226//1
f 2111//1 2227//1 2228//1
f 2139//1 2229//1 2230//1
f 2111//1 2231//1 2232//1
f 2139//1 2233//1 2234//1
f 2235//1 2236//1 2237//1
f 2238//2 2239//2 2240//2
f 2241//1 2242//1 2243//1
f 2244//1 2245//1 2246//1
f 2247//1 2248//1 2249//1
f 2250//1 2251//1 2252//1
f 2253//1 2254//1 2255//1
f 2256//1 2257//1 2258//1
f 2259//1 2260//1 2261//1
f 2262//1 2263//1 2264//1
f 2265//1 2266//1 2267//1
f 2268//1 2269//1 2270//1
f 2271//1 2272//1 2273//1
f 2274//1 2275//1 2276//1
f 2277//1 2278//1 2279//1
f 2280//1 2281//1 2282//1
f 2283//1 2284//1 2285//1
f 2286//1 2287//1 2288//1
f 2289//1 2290//1 2291//1
f 2292//1 2293//1 2294//1
f 2295//1 2296//1 2297//1
f 2298//1 2299//1 2300//1
f 2301//1 2302//1 2303//1
f 2304//1 2305//1 2306//1
f 2307//1 2308//1 2309//1
f 2310//1 2311//1 2312//1
f 2313//1 2314//1 2315//1
f 2316//3 2317//3 2318//3
f 2319//1 2320//1 2321//1
f 2322//1 2323//1 2324//1
f 2325//184 2326//184 2327//184
f 2328//184 2329//184 1982//45
f 1982//185 2330//184 2331//184
f 2332//186 2333//186 2334//186
f 2335//186 2336//186 2003//18
f 2003//18 2337//186 2338//186
f 2339//187 2340//187 2341//187
f 2342//187 2343//187 2024//46
f 2024//46 2344//187 2345//187
f 2346//188 2347//188 1963//28
f 2348//188 2349//188 1962//28
f 1962//28 2350//188 1963//28
f 2351//45 2352//45 2353//45
f 2354//45 2355//45 2353//45
f 2356//45 2351//45 2357//45
f 2358//28 2359//28 2360//28
f 2361//28 2362//28 2363//28
f 2364//46 2365//46 2366//46
f 2367//46 2368//46 2369//46
f 2370//18 2371//18 2372//18
f 2373//18 2374//18 2375//18
f 2376//1 2377//1 2378//1
f 2379//1 2380//1 2381//1
f 2382//189 2383//189 2384//189
f 2383//189 2385//189 2386//189
f 2387//189 2383//189 2388//189
f 2383//189 2389//189 2390//189
f 2391//4 2392//4 2393//4
f 2394//4 2395//4 2391//4
f 2396//4 2397//4 2398//4
f 2399//4 2400//4 2401//4
f 2402//190 2403//190 2404//190
f 2405//190 2406//190 2407//190
f 2408//190 2409//190 2410//190
f 2411//190 2412//190 2413//190
f 2414//28 2415//28 2416//28
f 2417//28 2418//28 2419//28
f 2420//47 2421//48 2422//47
f 2423//48 2424//49 2425//48
f 2426//49 2427//49 2428//48
f 2429//50 2430//50 2431//49
f 2432//51 2433//50 2434//50
f 2435//52 2436//51 2437//51
f 2438//52 2439//51 2440//52
f 2441//53 2442//54 2443//53
f 2444//53 2445//53 2446//55
f 2447//56 2448//56 2449//57
f 2450//55 2451//57 2452//57
f 2453//57 2454//58 2455//58
f 2456//64 2457//59 2458//64
f 2459//59 2460//60 2461//59
f 2462//60 2463//60 2464//59
f 2465//47 2466//47 2467//46
f 2468//61 2469//28 2470//28
f 2471//61 2472//28 2473//61
f 2474//61 2475//61 2476//62
f 2477//61 2478//62 2479//62
f 2480//62 2481//63 2482//62
f 2483//63 2484//63 2485//62
f 2486//60 2487//63 2488//63
f 2489//60 2490//63 2491//60
f 2492//64 2493//59 2494//59
f 2495//57 2496//57 2497//58
f 2498//55 2499//53 2500//55
f 2501//53 2502//54 2503//54
f 2504//51 2505//51 2506//50
f 2507//49 2508//50 2509//49
f 2510//47 2511//46 2512//46
f 2513//48 2514//48 2515//47
f 2516//46 2517//46 2518//46
f 2519//46 2520//46 2521//46
f 2522//18 2523//18 2524//18
f 2525//18 2526//18 2527//18
f 2528//18 2529//18 2530//18
f 2531//18 2532//18 2533//18
f 2534//45 2535//45 2536//45
f 2537//45 2538//45 2539//45
f 2540//65 2541//66 2542//65
f 2543//66 2544//67 2545//66
f 2546//67 2547//67 2548//66
f 2549//68 2550//68 2551//67
f 2552//69 2553//68 2554//68
f 2555//70 2556//69 2557//69
f 2558//71 2559//69 2560//71
f 2561//72 2562//71 2563//72
f 2564//72 2565//72 2566//73
f 2567//74 2568//74 2569//75
f 2570//74 2571//75 2572//75
f 2573//75 2574//76 2575//76
f 2576//77 2577//78 2578//77
f 2579//78 2580//79 2581//78
f 2582//79 2583//79 2584//78
f 2585//65 2586//65 2587//28
f 2588//80 2589//45 2590//45
f 2591//80 2592//45 2593//80
f 2594//80 2595//80 2596//81
f 2597//80 2598//81 2599//81
f 2600//81 2601//82 2602//81
f 2603//82 2604//82 2605//81
f 2606//79 2607//82 2608//82
f 2609//79 2610//82 2611//79
f 2612//77 2613//78 2614//78
f 2615//75 2616//75 2617//76
f 2618//83 2619//72 2620//83
f 2621//72 2622//71 2623//71
f 2624//69 2625//69 2626//68
f 2627//67 2628//68 2629//67
f 2630//65 2631//28 2632//28
f 2633//66 2634//66 2635//65
f 2636//46 2637//46 2638//46
f 2639//46 2640//46 2641//46
f 2642//46 2643//46 2644//46
f 2645//45 2646//45 2647//45
f 2648//45 2649//45 2650//45
f 2651//45 2652//45 2653//45
f 2654//18 2655//18 2656//18
f 2657//18 2658//18 2659//18
f 2660//46 2661//84 2662//46
f 2663//84 2664//84 2665//46
f 2666//85 2667//84 2668//84
f 2669//85 2670//84 2671//85
f 2672//85 2673//85 2674//86
f 2675//85 2676//86 2677//86
f 2678//86 2679//87 2680//86
f 2681//87 2682//87 2683//86
f 2684//88 2685//87 2686//87
f 2687//88 2688//87 2689//88
f 2690//88 2691//88 2692//89
f 2693//88 2694//89 2695//89
f 2696//90 2697//91 2698//90
f 2699//91 2700//91 2701//90
f 2702//92 2703//93 2704//93
f 2705//131 2706//131 2707//94
f 2708//18 2709//95 2710//18
f 2711//95 2712//95 2713//18
f 2714//96 2715//95 2716//95
f 2717//96 2718//95 2719//96
f 2720//96 2721//96 2722//97
f 2723//96 2724//97 2725//97
f 2726//97 2727//98 2728//97
f 2729//98 2730//98 2731//97
f 2732//94 2733//98 2734//98
f 2735//94 2736//98 2737//94
f 2738//94 2739//94 2740//131
f 2741//99 2742//92 2743//92
f 2744//92 2745//100 2746//92
f 2747//101 2748//101 2749//92
f 2750//91 2751//102 2752//102
f 2753//91 2754//91 2755//102
f 2756//46 2757//46 2758//46
f 2759//46 2760//46 2761//46
f 2762//28 2763//28 2764//28
f 2765//28 2766//28 2767//28
f 2768//28 2769//28 2770//28
f 2771//28 2772//28 2773//28
f 2774//45 2775//45 2776//45
f 2777//45 2778//45 2779//45
f 2780//18 2781//103 2782//18
f 2783//103 2784//104 2785//103
f 2786//104 2787//104 2788//103
f 2789//105 2790//105 2791//104
f 2792//106 2793//106 2794//105
f 2795//107 2796//106 2797//106
f 2798//108 2799//107 2800//107
f 2801//108 2802//107 2803//108
f 2804//109 2805//110 2806//109
f 2807//109 2808//109 2809//111
f 2810//112 2811//112 2812//113
f 2813//112 2814//113 2815//113
f 2816//113 2817//114 2818//114
f 2819//115 2820//116 2821//115
f 2822//116 2823//117 2824//116
f 2825//117 2826//117 2827//116
f 2828//118 2829//45 2830//45
f 2831//118 2832//45 2833//118
f 2834//118 2835//118 2836//119
f 2837//118 2838//119 2839//119
f 2840//119 2841//120 2842//119
f 2843//120 2844//120 2845//119
f 2846//117 2847//120 2848//120
f 2849//117 2850//120 2851//117
f 2852//115 2853//116 2854//116
f 2855//113 2856//113 2857//114
f 2858//121 2859//109 2860//121
f 2861//109 2862//108 2863//108
f 2864//107 2865//107 2866//106
f 2867//105 2868//106 2869//105
f 2870//103 2871//18 2872//103
f 2873//104 2874//104 2875//105
f 2876//46 2877//46 2878//46
f 2879//46 2880//46 2881//46
f 2882//46 2883//46 2884//46
f 2885//45 2886//45 2887//45
f 2888//45 2889//45 2890//45
f 2891//45 2892//45 2893//45
f 2894//18 2895//18 2896//122
f 2897//122 2898//18 2899//122
f 2900//104 2901//106 2902//104
f 2903//104 2904//106 2905//106
f 2906//106 2907//106 2908//123
f 2909//108 2910//106 2911//108
f 2912//124 2913//125 2914//125
f 2915//114 2916//111 2917//111
f 2918//126 2919//126 2920//110
f 2921//127 2922//45 2923//45
f 2924//127 2925//127 2926//45
f 2927//119 2928//128 2929//119
f 2930//119 2931//128 2932//128
f 2933//117 2934//117 2935//129
f 2936//129 2937//117 2938//129
f 2939//126 2940//114 2941//114
f 2942//45 2943//148 2944//45
f 2945//45 2946//148 2947//148
f 2948//81 2949//81 2950//149
f 2951//149 2952//150 2953//149
f 2954//76 2955//74 2956//74
f 2957//151 2958//79 2959//151
f 2960//152 2961//153 2962//153
f 2963//151 2964//79 2965//79
f 2966//154 2967//28 2968//28
f 2969//154 2970//154 2971//28
f 2972//66 2973//68 2974//155
f 2975//155 2976//68 2977//68
f 2978//68 2979//68 2980//70
f 2981//71 2982//68 2983//71
f 2984//156 2985//157 2986//156
f 2987//156 2988//77 2989//76
f 2990//46 2991//46 2992//138
f 2993//138 2994//46 2995//138
f 2996//158 2997//48 2998//48
f 2999//158 3000//158 3001//48
f 3002//50 3003//139 3004//50
f 3005//50 3006//139 3007//139
f 3008//54 3009//55 3010//55
f 3011//28 3012//28 3013//142
f 3014//142 3015//142 3016//28
f 3017//143 3018//60 3019//62
f 3020//143 3021//60 3022//60
f 3023//60 3024//60 3025//64
f 3026//64 3027//60 3028//58
f 3029//141 3030//140 3031//140
f 3032//144 3033//144 3034//145
f 3035//144 3036//54 3037//52
f 3038//159 3039//128 3040//119
f 3041//117 3042//129 3043//117
f 3044//129 3045//129 3046//117
f 3047//160 3048//160 3049//161
f 3050//125 3051//160 3052//160
f 3053//106 3054//123 3055//123
f 3056//106 3057//123 3058//106
f 3059//127 3060//127 3061//45
f 3062//122 3063//18 3064//18
f 3065//122 3066//18 3067//122
f 3068//104 3069//104 3070//162
f 3071//104 3072//162 3073//162
f 3074//125 3075//125 3076//112
f 3077//161 3078//160 3079//161
f 3080//127 3081//45 3082//45
f 3083//128 3084//128 3085//119
f 3086//96 3087//163 3088//96
f 3089//98 3090//131 3091//98
f 3092//93 3093//93 3094//98
f 3095//101 3096//101 3097//133
f 3098//164 3099//191 3100//191
f 3101//87 3102//137 3103//137
f 3104//87 3105//137 3106//87
f 3107//130 3108//130 3109//18
f 3110//135 3111//46 3112//46
f 3113//135 3114//46 3115//135
f 3116//85 3117//165 3118//136
f 3119//85 3120//136 3121//136
f 3122//90 3123//164 3124//191
f 3125//133 3126//102 3127//133
f 3128//130 3129//18 3130//18
f 3131//163 3132//163 3133//96
f 3134//155 3135//166 3136//155
f 3137//68 3138//70 3139//68
f 3140//70 3141//70 3142//68
f 3143//167 3144//167 3145//153
f 3146//168 3147//167 3148//167
f 3149//79 3150//151 3151//77
f 3152//79 3153//151 3154//79
f 3155//45 3156//45 3157//148
f 3158//45 3159//148 3160//148
f 3161//81 3162//149 3163//81
f 3164//154 3165//154 3166//28
f 3167//149 3168//169 3169//149
f 3170//154 3171//28 3172//28
f 3173//155 3174//166 3175//166
f 3176//153 3177//167 3178//153
f 3179//168 3180//168 3181//167
f 3182//138 3183//138 3184//46
f 3185//158 3186//48 3187//48
f 3188//139 3189//50 3190//50
f 3191//139 3192//50 3193//139
f 3194//192 3195//146 3196//192
f 3197//172 3198//172 3199//140
f 3200//64 3201//58 3202//60
f 3203//28 3204//142 3205//28
f 3206//142 3207//142 3208//28
f 3209//173 3210//143 3211//143
f 3212//173 3213//143 3214//173
f 3215//60 3216//60 3217//64
f 3218//140 3219//140 3220//172
f 3221//146 3222//192 3223//54
f 3224//138 3225//46 3226//46
f 3227//158 3228//158 3229//174
f 3230//18 3231//18 3232//130
f 3233//96 3234//96 3235//98
f 3236//98 3237//96 3238//98
f 3239//131 3240//98 3241//131
f 3242//132 3243//133 3244//133
f 3245//90 3246//100 3247//100
f 3248//90 3249//90 3250//134
f 3251//137 3252//87 3253//137
f 3254//46 3255//135 3256//135
f 3257//135 3258//46 3259//46
f 3260//85 3261//136 3262//85
f 3263//101 3264//101 3265//99
f 3266//87 3267//137 3268//87
f 3269//130 3270//130 3271//18
f 3272//85 3273//136 3274//136
f 3275//98 3276//131 3277//98
f 3278//28 3279//28 3280//28
f 3279//28 3281//28 3282//28
f 3283//45 3284//45 3285//45
f 3286//45 3287//45 3285//45
f 3288//45 3289//45 3290//45
f 3291//28 3292//28 3293//28
f 3294//28 3295//28 3291//28
f 3296//28 3291//28 3297//28
f 3298//45 3299//45 3300//45
f 3301//45 3302//45 3303//45
f 3304//18 3305//18 3306//18
f 3307//176 3308//176 3306//176
f 3309//18 3310//18 3311//18
f 3312//45 3313//45 3314//45
f 3315//45 3316//45 3312//45
f 3317//45 3312//45 3318//45
f 3319//18 3320//18 3321//18
f 3322//18 3323//18 3324//18
f 3325//193 3326//193 3327//193
f 3328//46 3329//46 3327//46
f 3330//46 3331//46 3332//46
f 3333//18 3334//18 3335//18
f 3336//177 3337//177 3333//177
f 3338//18 3333//18 3339//18
f 3340//46 3341//46 3342//46
f 3343//46 3344//46 3345//46
f 3346//28 3347//28 3348//28
f 3349//28 3350//28 3348//28
f 3351//28 3352//28 3353//28
f 3354//81 3355//81 3356//45
f 3357//79 3355//81 3354//81
f 3358//77 3359//178 3357//79
f 3360//77 3359//178 3358//77
f 3361//156 3360//77 3362//74
f 3361//156 3362//74 3363//71
f 3364//71 3363//71 3365//166
f 3364//71 3365//166 3366//68
f 3366//68 3367//66 3368//66
f 3367//66 3369//28 3368//66
f 3369//28 3370//62 3371//28
f 3370//62 3372//62 3371//28
f 3373//60 3374//173 3372//62
f 3375//58 3374//173 3373//60
f 3376//144 3377//58 3375//58
f 3378//55 3377//58 3376//144
f 3379//139 3378//55 3380//52
f 3379//139 3380//52 3381//179
f 3382//50 3381//179 3383//48
f 3382//50 3383//48 3384//48
f 3384//48 3385//46 3386//46
f 3385//46 3387//85 3386//46
f 3388//85 3389//136 3390//180
f 3390//180 3389//136 3391//89
f 3392//18 3393//18 3394//96
f 3395//104 3396//104 3393//18
f 3397//181 3398//106 3396//104
f 3399//108 3400//108 3398//106
f 3401//111 3400//108 3399//108
f 3402//115 3403//112 3401//111
f 3404//115 3403//112 3402//115
f 3405//128 3404//115 3406//182
f 3380//52 3378//55 3376//144
f 3407//119 3408//119 3356//45
f 3405//128 3408//119 3407//119
f 3406//182 3408//119 3405//128
f 3402//115 3406//182 3404//115
f 3400//108 3401//111 3403//112
f 3398//106 3397//181 3399//108
f 3396//104 3395//104 3397//181
f 3407//119 3356//45 3409//45
f 3393//18 3392//18 3395//104
f 3394//96 3410//96 3392//18
f 3411//183 3410//96 3394//96
f 3412//98 3410//96 3411//183
f 3412//98 3411//183 3413//93
f 3412//98 3413//93 3414//93
f 3413//93 3415//100 3414//93
f 3415//100 3416//102 3414//93
f 3417//89 3416//102 3415//100
f 3391//89 3416//102 3417//89
f 3391//89 3417//89 3390//180
f 3389//136 3388//85 3387//85
f 3388//85 3386//46 3387//85
f 3385//46 3384//48 3383//48
f 3381//179 3382//50 3379//139
f 3374//173 3375//58 3377//58
f 3372//62 3370//62 3373//60
f 3371//28 3368//66 3369//28
f 3367//66 3366//68 3365//166
f 3363//71 3364//71 3361//156
f 3358//77 3362//74 3360//77
f 3355//81 3357//79 3359//178
f 3355//81 3409//45 3356//45
f 3418//46 3419//46 3420//46
f 3421//46 3422//46 3423//46
f 3424//46 3425//46 3426//46
f 3427//1 3428//1 3429//1
f 3430//1 3431//1 3432//1
f 3433//1 3434//1 3435//1
f 3436//1 3437//1 3438//1
f 3427//1 3439//1 3440//1
f 3441//1 3442//1 3443//1
f 3444//1 3445//1 3446//1
f 3430//1 3447//1 3448//1
f 3449//1 3450//1 3451//1
f 3452//1 3453//1 3454//1
f 3455//1 3456//1 3457//1
f 3458//1 3459//1 3460//1
f 3461//1 3462//1 3463//1
f 3464//1 3465//1 3466//1
f 3467//1 3468//1 3469//1
f 3470//1 3471//1 3427//1
f 3472//1 3473//1 3427//1
f 3474//1 3475//1 3476//1
f 3477//1 3478//1 3479//1
f 3480//1 3481//1 3482//1
f 3483//1 3484//1 3485//1
f 3486//1 3487//1 3488//1
f 3488//1 3489//1 3490//1
f 3491//1 3492//1 3488//1
f 3493//1 3494//1 3488//1
f 3495//1 3496//1 3488//1
f 3497//1 3498//1 3499//1
f 3500//1 3501//1 3502//1
f 3488//1 3503//1 3504//1
f 3455//1 3505//1 3506//1
f 3507//1 3508//1 3455//1
f 3509//1 3510//1 3455//1
f 3511//1 3512//1 3513//1
f 3514//1 3515//1 3516//1
f 3517//1 3518//1 3519//1
f 3520//1 3521//1 3522//1
f 3430//1 3523//1 3524//1
f 3430//1 3525//1 3526//1
f 3527//1 3528//1 3430//1
f 3529//1 3530//1 3430//1
f 3531//1 3532//1 3533//1
f 3534//1 3535//1 3536//1
f 3537//1 3538//1 3539//1
f 3540//1 3541//1 3542//1
f 3427//1 3543//1 3544//1
f 3455//1 3545//1 3546//1
f 3427//1 3547//1 3548//1
f 3455//1 3549//1 3550//1
f 3551//1 3552//1 3553//1
f 3554//2 3555//2 3556//2
f 3557//1 3558//1 3559//1
f 3560//1 3561//1 3562//1
f 3563//1 3564//1 3565//1
f 3566//1 3567//1 3568//1
f 3569//1 3570//1 3571//1
f 3572//1 3573//1 3574//1
f 3575//1 3576//1 3577//1
f 3578//1 3579//1 3580//1
f 3581//1 3582//1 3583//1
f 3584//1 3585//1 3586//1
f 3587//1 3588//1 3589//1
f 3590//1 3591//1 3592//1
f 3593//1 3594//1 3595//1
f 3596//1 3597//1 3598//1
f 3599//1 3600//1 3601//1
f 3602//1 3603//1 3604//1
f 3605//1 3606//1 3607//1
f 3608//1 3609//1 3610//1
f 3611//1 3612//1 3613//1
f 3614//1 3615//1 3616//1
f 3617//1 3618//1 3619//1
f 3620//1 3621//1 3622//1
f 3623//1 3624//1 3625//1
f 3626//1 3627//1 3628//1
f 3629//1 3630//1 3631//1
f 3632//3 3633//3 3634//3
f 3635//1 3636//1 3637//1
f 3638//1 3639//1 3640//1
f 3641//184 3642//184 3643//184
f 3644//184 3645//184 3298//45
f 3298//45 3646//184 3647//184
f 3648//186 3649//186 3650//186
f 3651//186 3652//186 3319//18
f 3319//194 3653//186 3654//186
f 3655//187 3656//187 3657//187
f 3658//187 3659//187 3340//46
f 3340//193 3660//187 3661//187
f 3662//188 3663//188 3279//28
f 3664//188 3665//188 3278//28
f 3278//28 3666//188 3279//28
f 3667//45 3668//45 3669//45
f 3669//45 3670//45 3671//45
f 3672//28 3673//28 3674//28
f 3675//28 3676//28 3677//28
f 3678//46 3679//46 3680//46
f 3681//46 3682//46 3683//46
f 3684//46 3678//46 3685//46
f 3686//18 3687//18 3688//18
f 3689//18 3690//18 3691//18
f 3692//1 3693//1 3694//1
f 3695//1 3696//1 3697//1
