# Blender 4.4.3
# www.blender.org
mtllib camera_mount.mtl
o mesh_
v -0.005800 0.002255 0.009150
v -0.005800 0.002155 0.009123
v -0.005650 0.002255 0.009110
v -0.005650 0.002255 0.009110
v -0.005800 0.002155 0.009123
v -0.005663 0.002155 0.009087
v -0.005650 0.002255 0.009110
v -0.005663 0.002155 0.009087
v -0.005540 0.002255 0.009000
v -0.005540 0.002255 0.009000
v -0.005663 0.002155 0.009087
v -0.005563 0.002155 0.008987
v -0.005540 0.002255 0.009000
v -0.005563 0.002155 0.008987
v -0.005500 0.002255 0.008850
v -0.005500 0.002255 0.008850
v -0.005563 0.002155 0.008987
v -0.005527 0.002155 0.008850
v -0.005527 0.002155 0.008850
v -0.005563 0.002155 0.008987
v -0.005627 0.002082 0.008950
v -0.005527 0.002155 0.008850
v -0.005627 0.002082 0.008950
v -0.005600 0.002082 0.008850
v -0.005600 0.002082 0.008850
v -0.005627 0.002082 0.008950
v -0.005713 0.002055 0.008900
v -0.005600 0.002082 0.008850
v -0.005713 0.002055 0.008900
v -0.005700 0.002055 0.008850
v -0.005800 0.002155 0.009123
v -0.005800 0.002082 0.009050
v -0.005663 0.002155 0.009087
v -0.005663 0.002155 0.009087
v -0.005800 0.002082 0.009050
v -0.005700 0.002082 0.009023
v -0.005663 0.002155 0.009087
v -0.005700 0.002082 0.009023
v -0.005563 0.002155 0.008987
v -0.005563 0.002155 0.008987
v -0.005700 0.002082 0.009023
v -0.005627 0.002082 0.008950
v -0.005800 0.002082 0.009050
v -0.005800 0.002055 0.008950
v -0.005700 0.002082 0.009023
v -0.005700 0.002082 0.009023
v -0.005800 0.002055 0.008950
v -0.005750 0.002055 0.008937
v -0.005700 0.002082 0.009023
v -0.005750 0.002055 0.008937
v -0.005627 0.002082 0.008950
v -0.005627 0.002082 0.008950
v -0.005750 0.002055 0.008937
v -0.005713 0.002055 0.008900
v 0.005800 0.002055 0.008950
v 0.005800 0.002082 0.009050
v 0.005750 0.002055 0.008937
v 0.005750 0.002055 0.008937
v 0.005800 0.002082 0.009050
v 0.005700 0.002082 0.009023
v 0.005750 0.002055 0.008937
v 0.005700 0.002082 0.009023
v 0.005713 0.002055 0.008900
v 0.005713 0.002055 0.008900
v 0.005700 0.002082 0.009023
v 0.005627 0.002082 0.008950
v 0.005713 0.002055 0.008900
v 0.005627 0.002082 0.008950
v 0.005700 0.002055 0.008850
v 0.005700 0.002055 0.008850
v 0.005627 0.002082 0.008950
v 0.005600 0.002082 0.008850
v 0.005600 0.002082 0.008850
v 0.005627 0.002082 0.008950
v 0.005563 0.002155 0.008987
v 0.005600 0.002082 0.008850
v 0.005563 0.002155 0.008987
v 0.005527 0.002155 0.008850
v 0.005527 0.002155 0.008850
v 0.005563 0.002155 0.008987
v 0.005540 0.002255 0.009000
v 0.005527 0.002155 0.008850
v 0.005540 0.002255 0.009000
v 0.005500 0.002255 0.008850
v 0.005800 0.002082 0.009050
v 0.005800 0.002155 0.009123
v 0.005700 0.002082 0.009023
v 0.005700 0.002082 0.009023
v 0.005800 0.002155 0.009123
v 0.005663 0.002155 0.009087
v 0.005700 0.002082 0.009023
v 0.005663 0.002155 0.009087
v 0.005627 0.002082 0.008950
v 0.005627 0.002082 0.008950
v 0.005663 0.002155 0.009087
v 0.005563 0.002155 0.008987
v 0.005800 0.002155 0.009123
v 0.005800 0.002255 0.009150
v 0.005663 0.002155 0.009087
v 0.005663 0.002155 0.009087
v 0.005800 0.002255 0.009150
v 0.005650 0.002255 0.009110
v 0.005663 0.002155 0.009087
v 0.005650 0.002255 0.009110
v 0.005563 0.002155 0.008987
v 0.005563 0.002155 0.008987
v 0.005650 0.002255 0.009110
v 0.005540 0.002255 0.009000
v 0.005800 0.002255 0.009150
v 0.005800 0.005105 0.009150
v 0.005650 0.002255 0.009110
v 0.005650 0.002255 0.009110
v 0.005800 0.005105 0.009150
v 0.005650 0.005105 0.009110
v 0.005650 0.002255 0.009110
v 0.005650 0.005105 0.009110
v 0.005540 0.002255 0.009000
v 0.005540 0.002255 0.009000
v 0.005650 0.005105 0.009110
v 0.005540 0.005105 0.009000
v 0.005540 0.002255 0.009000
v 0.005540 0.005105 0.009000
v 0.005500 0.002255 0.008850
v 0.005500 0.002255 0.008850
v 0.005540 0.005105 0.009000
v 0.005500 0.005105 0.008850
v 0.005050 0.005855 0.009150
v 0.005050 0.005705 0.009110
v 0.005282 0.005818 0.009150
v 0.005282 0.005818 0.009150
v 0.005050 0.005705 0.009110
v 0.005235 0.005676 0.009110
v 0.005282 0.005818 0.009150
v 0.005235 0.005676 0.009110
v 0.005491 0.005712 0.009150
v 0.005491 0.005712 0.009150
v 0.005235 0.005676 0.009110
v 0.005403 0.005590 0.009110
v 0.005491 0.005712 0.009150
v 0.005403 0.005590 0.009110
v 0.005657 0.005546 0.009150
v 0.005657 0.005546 0.009150
v 0.005403 0.005590 0.009110
v 0.005535 0.005458 0.009110
v 0.005657 0.005546 0.009150
v 0.005535 0.005458 0.009110
v 0.005763 0.005337 0.009150
v 0.005763 0.005337 0.009150
v 0.005535 0.005458 0.009110
v 0.005621 0.005290 0.009110
v 0.005763 0.005337 0.009150
v 0.005621 0.005290 0.009110
v 0.005800 0.005105 0.009150
v 0.005800 0.005105 0.009150
v 0.005621 0.005290 0.009110
v 0.005650 0.005105 0.009110
v 0.005650 0.005105 0.009110
v 0.005621 0.005290 0.009110
v 0.005516 0.005256 0.009000
v 0.005650 0.005105 0.009110
v 0.005516 0.005256 0.009000
v 0.005540 0.005105 0.009000
v 0.005540 0.005105 0.009000
v 0.005516 0.005256 0.009000
v 0.005500 0.005105 0.008850
v 0.005500 0.005105 0.008850
v 0.005516 0.005256 0.009000
v 0.005466 0.005277 0.008850
v 0.005466 0.005277 0.008850
v 0.005516 0.005256 0.009000
v 0.005447 0.005393 0.009000
v 0.005466 0.005277 0.008850
v 0.005447 0.005393 0.009000
v 0.005368 0.005423 0.008850
v 0.005368 0.005423 0.008850
v 0.005447 0.005393 0.009000
v 0.005338 0.005502 0.009000
v 0.005368 0.005423 0.008850
v 0.005338 0.005502 0.009000
v 0.005222 0.005521 0.008850
v 0.005222 0.005521 0.008850
v 0.005338 0.005502 0.009000
v 0.005201 0.005571 0.009000
v 0.005222 0.005521 0.008850
v 0.005201 0.005571 0.009000
v 0.005050 0.005555 0.008850
v 0.005050 0.005555 0.008850
v 0.005201 0.005571 0.009000
v 0.005050 0.005595 0.009000
v 0.005050 0.005595 0.009000
v 0.005201 0.005571 0.009000
v 0.005235 0.005676 0.009110
v 0.005050 0.005595 0.009000
v 0.005235 0.005676 0.009110
v 0.005050 0.005705 0.009110
v 0.005403 0.005590 0.009110
v 0.005235 0.005676 0.009110
v 0.005201 0.005571 0.009000
v 0.005535 0.005458 0.009110
v 0.005403 0.005590 0.009110
v 0.005338 0.005502 0.009000
v 0.005338 0.005502 0.009000
v 0.005403 0.005590 0.009110
v 0.005201 0.005571 0.009000
v 0.005621 0.005290 0.009110
v 0.005535 0.005458 0.009110
v 0.005447 0.005393 0.009000
v 0.005447 0.005393 0.009000
v 0.005535 0.005458 0.009110
v 0.005338 0.005502 0.009000
v 0.005516 0.005256 0.009000
v 0.005621 0.005290 0.009110
v 0.005447 0.005393 0.009000
v 0.005050 0.005855 0.009150
v -0.005050 0.005855 0.009150
v 0.005050 0.005705 0.009110
v 0.005050 0.005705 0.009110
v -0.005050 0.005855 0.009150
v -0.005050 0.005705 0.009110
v 0.005050 0.005705 0.009110
v -0.005050 0.005705 0.009110
v 0.005050 0.005595 0.009000
v 0.005050 0.005595 0.009000
v -0.005050 0.005705 0.009110
v -0.005050 0.005595 0.009000
v 0.005050 0.005595 0.009000
v -0.005050 0.005595 0.009000
v 0.005050 0.005555 0.008850
v 0.005050 0.005555 0.008850
v -0.005050 0.005595 0.009000
v -0.005050 0.005555 0.008850
v -0.005800 0.005105 0.009150
v -0.005650 0.005105 0.009110
v -0.005763 0.005337 0.009150
v -0.005763 0.005337 0.009150
v -0.005650 0.005105 0.009110
v -0.005621 0.005290 0.009110
v -0.005763 0.005337 0.009150
v -0.005621 0.005290 0.009110
v -0.005657 0.005546 0.009150
v -0.005657 0.005546 0.009150
v -0.005621 0.005290 0.009110
v -0.005535 0.005458 0.009110
v -0.005657 0.005546 0.009150
v -0.005535 0.005458 0.009110
v -0.005491 0.005712 0.009150
v -0.005491 0.005712 0.009150
v -0.005535 0.005458 0.009110
v -0.005403 0.005590 0.009110
v -0.005491 0.005712 0.009150
v -0.005403 0.005590 0.009110
v -0.005282 0.005818 0.009150
v -0.005282 0.005818 0.009150
v -0.005403 0.005590 0.009110
v -0.005235 0.005676 0.009110
v -0.005282 0.005818 0.009150
v -0.005235 0.005676 0.009110
v -0.005050 0.005855 0.009150
v -0.005050 0.005855 0.009150
v -0.005235 0.005676 0.009110
v -0.005050 0.005705 0.009110
v -0.005050 0.005705 0.009110
v -0.005235 0.005676 0.009110
v -0.005201 0.005571 0.009000
v -0.005050 0.005705 0.009110
v -0.005201 0.005571 0.009000
v -0.005050 0.005595 0.009000
v -0.005050 0.005595 0.009000
v -0.005201 0.005571 0.009000
v -0.005050 0.005555 0.008850
v -0.005050 0.005555 0.008850
v -0.005201 0.005571 0.009000
v -0.005222 0.005521 0.008850
v -0.005222 0.005521 0.008850
v -0.005201 0.005571 0.009000
v -0.005338 0.005502 0.009000
v -0.005222 0.005521 0.008850
v -0.005338 0.005502 0.009000
v -0.005368 0.005423 0.008850
v -0.005368 0.005423 0.008850
v -0.005338 0.005502 0.009000
v -0.005447 0.005393 0.009000
v -0.005368 0.005423 0.008850
v -0.005447 0.005393 0.009000
v -0.005466 0.005277 0.008850
v -0.005466 0.005277 0.008850
v -0.005447 0.005393 0.009000
v -0.005516 0.005256 0.009000
v -0.005466 0.005277 0.008850
v -0.005516 0.005256 0.009000
v -0.005500 0.005105 0.008850
v -0.005500 0.005105 0.008850
v -0.005516 0.005256 0.009000
v -0.005540 0.005105 0.009000
v -0.005540 0.005105 0.009000
v -0.005516 0.005256 0.009000
v -0.005621 0.005290 0.009110
v -0.005540 0.005105 0.009000
v -0.005621 0.005290 0.009110
v -0.005650 0.005105 0.009110
v -0.005535 0.005458 0.009110
v -0.005621 0.005290 0.009110
v -0.005516 0.005256 0.009000
v -0.005403 0.005590 0.009110
v -0.005535 0.005458 0.009110
v -0.005447 0.005393 0.009000
v -0.005447 0.005393 0.009000
v -0.005535 0.005458 0.009110
v -0.005516 0.005256 0.009000
v -0.005235 0.005676 0.009110
v -0.005403 0.005590 0.009110
v -0.005338 0.005502 0.009000
v -0.005338 0.005502 0.009000
v -0.005403 0.005590 0.009110
v -0.005447 0.005393 0.009000
v -0.005201 0.005571 0.009000
v -0.005235 0.005676 0.009110
v -0.005338 0.005502 0.009000
v -0.005800 0.005105 0.009150
v -0.005800 0.002255 0.009150
v -0.005650 0.005105 0.009110
v -0.005650 0.005105 0.009110
v -0.005800 0.002255 0.009150
v -0.005650 0.002255 0.009110
v -0.005650 0.005105 0.009110
v -0.005650 0.002255 0.009110
v -0.005540 0.005105 0.009000
v -0.005540 0.005105 0.009000
v -0.005650 0.002255 0.009110
v -0.005540 0.002255 0.009000
v -0.005540 0.005105 0.009000
v -0.005540 0.002255 0.009000
v -0.005500 0.005105 0.008850
v -0.005500 0.005105 0.008850
v -0.005540 0.002255 0.009000
v -0.005500 0.002255 0.008850
v -0.006200 0.002055 0.008950
v -0.005800 0.002055 0.008950
v -0.006200 0.002082 0.009050
v -0.006200 0.002082 0.009050
v -0.005800 0.002055 0.008950
v -0.005800 0.002082 0.009050
v -0.006200 0.002082 0.009050
v -0.005800 0.002082 0.009050
v -0.006200 0.002155 0.009123
v -0.006200 0.002155 0.009123
v -0.005800 0.002082 0.009050
v -0.005800 0.002155 0.009123
v -0.006200 0.002155 0.009123
v -0.005800 0.002155 0.009123
v -0.006200 0.002255 0.009150
v -0.006200 0.002255 0.009150
v -0.005800 0.002155 0.009123
v -0.005800 0.002255 0.009150
v -0.005800 0.002255 0.009150
v -0.005800 0.005105 0.009150
v -0.006200 0.002255 0.009150
v -0.006200 0.002255 0.009150
v -0.005800 0.005105 0.009150
v -0.006200 0.006255 0.009150
v -0.006200 0.006255 0.009150
v -0.005800 0.005105 0.009150
v -0.005763 0.005337 0.009150
v -0.006200 0.006255 0.009150
v -0.005763 0.005337 0.009150
v -0.005657 0.005546 0.009150
v -0.005657 0.005546 0.009150
v -0.005491 0.005712 0.009150
v -0.006200 0.006255 0.009150
v -0.006200 0.006255 0.009150
v -0.005491 0.005712 0.009150
v -0.005282 0.005818 0.009150
v -0.006200 0.006255 0.009150
v -0.005282 0.005818 0.009150
v -0.005050 0.005855 0.009150
v -0.005050 0.005855 0.009150
v 0.005050 0.005855 0.009150
v -0.006200 0.006255 0.009150
v -0.006200 0.006255 0.009150
v 0.005050 0.005855 0.009150
v 0.006200 0.006255 0.009150
v 0.006200 0.006255 0.009150
v 0.005050 0.005855 0.009150
v 0.005282 0.005818 0.009150
v 0.006200 0.006255 0.009150
v 0.005282 0.005818 0.009150
v 0.005491 0.005712 0.009150
v 0.005491 0.005712 0.009150
v 0.005657 0.005546 0.009150
v 0.006200 0.006255 0.009150
v 0.006200 0.006255 0.009150
v 0.005657 0.005546 0.009150
v 0.005763 0.005337 0.009150
v 0.006200 0.006255 0.009150
v 0.005763 0.005337 0.009150
v 0.005800 0.005105 0.009150
v 0.005800 0.002255 0.009150
v 0.006200 0.002255 0.009150
v 0.005800 0.005105 0.009150
v 0.005800 0.005105 0.009150
v 0.006200 0.002255 0.009150
v 0.006200 0.006255 0.009150
v 0.006200 0.002255 0.009150
v 0.005800 0.002255 0.009150
v 0.006200 0.002155 0.009123
v 0.006200 0.002155 0.009123
v 0.005800 0.002255 0.009150
v 0.005800 0.002155 0.009123
v 0.006200 0.002155 0.009123
v 0.005800 0.002155 0.009123
v 0.006200 0.002082 0.009050
v 0.006200 0.002082 0.009050
v 0.005800 0.002155 0.009123
v 0.005800 0.002082 0.009050
v 0.006200 0.002082 0.009050
v 0.005800 0.002082 0.009050
v 0.006200 0.002055 0.008950
v 0.006200 0.002055 0.008950
v 0.005800 0.002082 0.009050
v 0.005800 0.002055 0.008950
v 0.005750 0.002055 0.008937
v 0.005700 0.002055 -0.000750
v 0.005800 0.002055 0.008950
v 0.005800 0.002055 0.008950
v 0.005700 0.002055 -0.000750
v 0.006300 0.002055 -0.000750
v 0.005800 0.002055 0.008950
v 0.006300 0.002055 -0.000750
v 0.006200 0.002055 0.008950
v 0.006200 0.002055 0.008950
v 0.006300 0.002055 -0.000750
v 0.006250 0.002055 0.008937
v 0.006250 0.002055 0.008937
v 0.006300 0.002055 -0.000750
v 0.006300 0.002055 0.008850
v 0.006250 0.002055 0.008937
v 0.006300 0.002055 0.008850
v 0.006287 0.002055 0.008900
v 0.005713 0.002055 0.008900
v 0.005700 0.002055 0.008850
v 0.005750 0.002055 0.008937
v 0.005750 0.002055 0.008937
v 0.005700 0.002055 0.008850
v 0.005700 0.002055 -0.000750
v 0.006200 0.002255 0.009150
v 0.006200 0.002155 0.009123
v 0.006350 0.002255 0.009110
v 0.006350 0.002255 0.009110
v 0.006200 0.002155 0.009123
v 0.006337 0.002155 0.009087
v 0.006350 0.002255 0.009110
v 0.006337 0.002155 0.009087
v 0.006460 0.002255 0.009000
v 0.006460 0.002255 0.009000
v 0.006337 0.002155 0.009087
v 0.006437 0.002155 0.008987
v 0.006460 0.002255 0.009000
v 0.006437 0.002155 0.008987
v 0.006500 0.002255 0.008850
v 0.006500 0.002255 0.008850
v 0.006437 0.002155 0.008987
v 0.006473 0.002155 0.008850
v 0.006473 0.002155 0.008850
v 0.006437 0.002155 0.008987
v 0.006373 0.002082 0.008950
v 0.006473 0.002155 0.008850
v 0.006373 0.002082 0.008950
v 0.006400 0.002082 0.008850
v 0.006400 0.002082 0.008850
v 0.006373 0.002082 0.008950
v 0.006287 0.002055 0.008900
v 0.006400 0.002082 0.008850
v 0.006287 0.002055 0.008900
v 0.006300 0.002055 0.008850
v 0.006200 0.002155 0.009123
v 0.006200 0.002082 0.009050
v 0.006337 0.002155 0.009087
v 0.006337 0.002155 0.009087
v 0.006200 0.002082 0.009050
v 0.006300 0.002082 0.009023
v 0.006337 0.002155 0.009087
v 0.006300 0.002082 0.009023
v 0.006437 0.002155 0.008987
v 0.006437 0.002155 0.008987
v 0.006300 0.002082 0.009023
v 0.006373 0.002082 0.008950
v 0.006200 0.002082 0.009050
v 0.006200 0.002055 0.008950
v 0.006300 0.002082 0.009023
v 0.006300 0.002082 0.009023
v 0.006200 0.002055 0.008950
v 0.006250 0.002055 0.008937
v 0.006300 0.002082 0.009023
v 0.006250 0.002055 0.008937
v 0.006373 0.002082 0.008950
v 0.006373 0.002082 0.008950
v 0.006250 0.002055 0.008937
v 0.006287 0.002055 0.008900
v 0.006460 0.006342 0.009000
v 0.006500 0.006355 0.008850
v 0.006481 0.006399 0.008938
v 0.006481 0.006399 0.008938
v 0.006500 0.006355 0.008850
v 0.006473 0.006455 0.008850
v 0.006481 0.006399 0.008938
v 0.006473 0.006455 0.008850
v 0.006429 0.006484 0.008947
v 0.006429 0.006484 0.008947
v 0.006473 0.006455 0.008850
v 0.006400 0.006528 0.008850
v 0.006429 0.006484 0.008947
v 0.006400 0.006528 0.008850
v 0.006405 0.006504 0.008946
v 0.006405 0.006504 0.008946
v 0.006400 0.006528 0.008850
v 0.006300 0.006555 0.008850
v 0.006405 0.006504 0.008946
v 0.006300 0.006555 0.008850
v 0.006287 0.006515 0.009000
v 0.006405 0.006504 0.008946
v 0.006287 0.006515 0.009000
v 0.006376 0.006469 0.009025
v 0.006376 0.006469 0.009025
v 0.006287 0.006515 0.009000
v 0.006250 0.006405 0.009110
v 0.006376 0.006469 0.009025
v 0.006250 0.006405 0.009110
v 0.006292 0.006368 0.009122
v 0.006292 0.006368 0.009122
v 0.006250 0.006405 0.009110
v 0.006212 0.006270 0.009150
v 0.006292 0.006368 0.009122
v 0.006212 0.006270 0.009150
v 0.006214 0.006269 0.009150
v 0.006214 0.006269 0.009150
v 0.006212 0.006270 0.009150
v 0.006200 0.006255 0.009150
v 0.006250 0.006405 0.009110
v 0.006200 0.006255 0.009150
v 0.006212 0.006270 0.009150
v 0.006460 0.006342 0.009000
v 0.006446 0.006380 0.009014
v 0.006350 0.006305 0.009110
v 0.006350 0.006305 0.009110
v 0.006446 0.006380 0.009014
v 0.006334 0.006322 0.009117
v 0.006350 0.006305 0.009110
v 0.006334 0.006322 0.009117
v 0.006218 0.006264 0.009149
v 0.006218 0.006264 0.009149
v 0.006334 0.006322 0.009117
v 0.006302 0.006357 0.009122
v 0.006218 0.006264 0.009149
v 0.006302 0.006357 0.009122
v 0.006214 0.006269 0.009150
v 0.006214 0.006269 0.009150
v 0.006302 0.006357 0.009122
v 0.006292 0.006368 0.009122
v 0.006446 0.006380 0.009014
v 0.006460 0.006342 0.009000
v 0.006481 0.006399 0.008938
v 0.006214 0.006269 0.009150
v 0.006200 0.006255 0.009150
v 0.006218 0.006264 0.009149
v 0.006200 0.006255 0.009150
v 0.006350 0.006305 0.009110
v 0.006218 0.006264 0.009149
v 0.006446 0.006380 0.009014
v 0.006481 0.006399 0.008938
v 0.006429 0.006484 0.008947
v 0.006429 0.006484 0.008947
v 0.006405 0.006504 0.008946
v 0.006396 0.006451 0.009026
v 0.006396 0.006451 0.009026
v 0.006405 0.006504 0.008946
v 0.006376 0.006469 0.009025
v 0.006396 0.006451 0.009026
v 0.006376 0.006469 0.009025
v 0.006302 0.006357 0.009122
v 0.006302 0.006357 0.009122
v 0.006376 0.006469 0.009025
v 0.006292 0.006368 0.009122
v 0.006302 0.006357 0.009122
v 0.006334 0.006322 0.009117
v 0.006396 0.006451 0.009026
v 0.006396 0.006451 0.009026
v 0.006334 0.006322 0.009117
v 0.006446 0.006380 0.009014
v 0.006396 0.006451 0.009026
v 0.006446 0.006380 0.009014
v 0.006429 0.006484 0.008947
v -0.006287 0.006515 0.009000
v -0.006300 0.006555 0.008850
v -0.006344 0.006536 0.008938
v -0.006344 0.006536 0.008938
v -0.006300 0.006555 0.008850
v -0.006400 0.006528 0.008850
v -0.006344 0.006536 0.008938
v -0.006400 0.006528 0.008850
v -0.006429 0.006484 0.008947
v -0.006429 0.006484 0.008947
v -0.006400 0.006528 0.008850
v -0.006473 0.006455 0.008850
v -0.006429 0.006484 0.008947
v -0.006473 0.006455 0.008850
v -0.006449 0.006460 0.008946
v -0.006449 0.006460 0.008946
v -0.006473 0.006455 0.008850
v -0.006500 0.006355 0.008850
v -0.006449 0.006460 0.008946
v -0.006500 0.006355 0.008850
v -0.006460 0.006342 0.009000
v -0.006449 0.006460 0.008946
v -0.006460 0.006342 0.009000
v -0.006415 0.006431 0.009025
v -0.006415 0.006431 0.009025
v -0.006460 0.006342 0.009000
v -0.006350 0.006305 0.009110
v -0.006415 0.006431 0.009025
v -0.006350 0.006305 0.009110
v -0.006313 0.006347 0.009122
v -0.006313 0.006347 0.009122
v -0.006350 0.006305 0.009110
v -0.006215 0.006267 0.009150
v -0.006313 0.006347 0.009122
v -0.006215 0.006267 0.009150
v -0.006214 0.006269 0.009150
v -0.006214 0.006269 0.009150
v -0.006215 0.006267 0.009150
v -0.006200 0.006255 0.009150
v -0.006350 0.006305 0.009110
v -0.006200 0.006255 0.009150
v -0.006215 0.006267 0.009150
v -0.006287 0.006515 0.009000
v -0.006325 0.006501 0.009014
v -0.006250 0.006405 0.009110
v -0.006250 0.006405 0.009110
v -0.006325 0.006501 0.009014
v -0.006267 0.006389 0.009117
v -0.006250 0.006405 0.009110
v -0.006267 0.006389 0.009117
v -0.006209 0.006273 0.009149
v -0.006209 0.006273 0.009149
v -0.006267 0.006389 0.009117
v -0.006302 0.006357 0.009122
v -0.006209 0.006273 0.009149
v -0.006302 0.006357 0.009122
v -0.006214 0.006269 0.009150
v -0.006214 0.006269 0.009150
v -0.006302 0.006357 0.009122
v -0.006313 0.006347 0.009122
v -0.006325 0.006501 0.009014
v -0.006287 0.006515 0.009000
v -0.006344 0.006536 0.008938
v -0.006214 0.006269 0.009150
v -0.006200 0.006255 0.009150
v -0.006209 0.006273 0.009149
v -0.006200 0.006255 0.009150
v -0.006250 0.006405 0.009110
v -0.006209 0.006273 0.009149
v -0.006325 0.006501 0.009014
v -0.006344 0.006536 0.008938
v -0.006429 0.006484 0.008947
v -0.006429 0.006484 0.008947
v -0.006449 0.006460 0.008946
v -0.006396 0.006451 0.009026
v -0.006396 0.006451 0.009026
v -0.006449 0.006460 0.008946
v -0.006415 0.006431 0.009025
v -0.006396 0.006451 0.009026
v -0.006415 0.006431 0.009025
v -0.006302 0.006357 0.009122
v -0.006302 0.006357 0.009122
v -0.006415 0.006431 0.009025
v -0.006313 0.006347 0.009122
v -0.006302 0.006357 0.009122
v -0.006267 0.006389 0.009117
v -0.006396 0.006451 0.009026
v -0.006396 0.006451 0.009026
v -0.006267 0.006389 0.009117
v -0.006325 0.006501 0.009014
v -0.006396 0.006451 0.009026
v -0.006325 0.006501 0.009014
v -0.006429 0.006484 0.008947
v -0.006200 0.002055 0.008950
v -0.006200 0.002082 0.009050
v -0.006250 0.002055 0.008937
v -0.006250 0.002055 0.008937
v -0.006200 0.002082 0.009050
v -0.006300 0.002082 0.009023
v -0.006250 0.002055 0.008937
v -0.006300 0.002082 0.009023
v -0.006287 0.002055 0.008900
v -0.006287 0.002055 0.008900
v -0.006300 0.002082 0.009023
v -0.006373 0.002082 0.008950
v -0.006287 0.002055 0.008900
v -0.006373 0.002082 0.008950
v -0.006300 0.002055 0.008850
v -0.006300 0.002055 0.008850
v -0.006373 0.002082 0.008950
v -0.006400 0.002082 0.008850
v -0.006400 0.002082 0.008850
v -0.006373 0.002082 0.008950
v -0.006437 0.002155 0.008987
v -0.006400 0.002082 0.008850
v -0.006437 0.002155 0.008987
v -0.006473 0.002155 0.008850
v -0.006473 0.002155 0.008850
v -0.006437 0.002155 0.008987
v -0.006460 0.002255 0.009000
v -0.006473 0.002155 0.008850
v -0.006460 0.002255 0.009000
v -0.006500 0.002255 0.008850
v -0.006200 0.002082 0.009050
v -0.006200 0.002155 0.009123
v -0.006300 0.002082 0.009023
v -0.006300 0.002082 0.009023
v -0.006200 0.002155 0.009123
v -0.006337 0.002155 0.009087
v -0.006300 0.002082 0.009023
v -0.006337 0.002155 0.009087
v -0.006373 0.002082 0.008950
v -0.006373 0.002082 0.008950
v -0.006337 0.002155 0.009087
v -0.006437 0.002155 0.008987
v -0.006200 0.002155 0.009123
v -0.006200 0.002255 0.009150
v -0.006337 0.002155 0.009087
v -0.006337 0.002155 0.009087
v -0.006200 0.002255 0.009150
v -0.006350 0.002255 0.009110
v -0.006337 0.002155 0.009087
v -0.006350 0.002255 0.009110
v -0.006437 0.002155 0.008987
v -0.006437 0.002155 0.008987
v -0.006350 0.002255 0.009110
v -0.006460 0.002255 0.009000
v -0.006200 0.002255 0.009150
v -0.006200 0.006255 0.009150
v -0.006350 0.002255 0.009110
v -0.006350 0.002255 0.009110
v -0.006200 0.006255 0.009150
v -0.006350 0.006305 0.009110
v -0.006350 0.002255 0.009110
v -0.006350 0.006305 0.009110
v -0.006460 0.002255 0.009000
v -0.006460 0.002255 0.009000
v -0.006350 0.006305 0.009110
v -0.006460 0.006342 0.009000
v -0.006460 0.002255 0.009000
v -0.006460 0.006342 0.009000
v -0.006500 0.002255 0.008850
v -0.006500 0.002255 0.008850
v -0.006460 0.006342 0.009000
v -0.006500 0.006355 0.008850
v -0.006200 0.006255 0.009150
v 0.006200 0.006255 0.009150
v -0.006250 0.006405 0.009110
v -0.006250 0.006405 0.009110
v 0.006200 0.006255 0.009150
v 0.006250 0.006405 0.009110
v -0.006250 0.006405 0.009110
v 0.006250 0.006405 0.009110
v -0.006287 0.006515 0.009000
v -0.006287 0.006515 0.009000
v 0.006250 0.006405 0.009110
v 0.006287 0.006515 0.009000
v -0.006287 0.006515 0.009000
v 0.006287 0.006515 0.009000
v -0.006300 0.006555 0.008850
v -0.006300 0.006555 0.008850
v 0.006287 0.006515 0.009000
v 0.006300 0.006555 0.008850
v 0.006500 0.006355 0.008850
v 0.006460 0.006342 0.009000
v 0.006500 0.002255 0.008850
v 0.006500 0.002255 0.008850
v 0.006460 0.006342 0.009000
v 0.006460 0.002255 0.009000
v 0.006460 0.002255 0.009000
v 0.006460 0.006342 0.009000
v 0.006350 0.006305 0.009110
v 0.006460 0.002255 0.009000
v 0.006350 0.006305 0.009110
v 0.006350 0.002255 0.009110
v 0.006350 0.002255 0.009110
v 0.006350 0.006305 0.009110
v 0.006200 0.006255 0.009150
v 0.006350 0.002255 0.009110
v 0.006200 0.006255 0.009150
v 0.006200 0.002255 0.009150
v 0.006500 0.002255 -0.000750
v 0.006500 0.002255 0.008850
v 0.006473 0.002155 -0.000750
v 0.006473 0.002155 -0.000750
v 0.006500 0.002255 0.008850
v 0.006473 0.002155 0.008850
v 0.006473 0.002155 -0.000750
v 0.006473 0.002155 0.008850
v 0.006400 0.002082 -0.000750
v 0.006400 0.002082 -0.000750
v 0.006473 0.002155 0.008850
v 0.006400 0.002082 0.008850
v 0.006400 0.002082 -0.000750
v 0.006400 0.002082 0.008850
v 0.006300 0.002055 -0.000750
v 0.006300 0.002055 -0.000750
v 0.006400 0.002082 0.008850
v 0.006300 0.002055 0.008850
v -0.005062 0.005559 -0.000789
v -0.005050 0.005555 -0.000750
v -0.005190 0.005533 -0.000760
v -0.005190 0.005533 -0.000760
v -0.005050 0.005555 -0.000750
v -0.005222 0.005521 -0.000750
v -0.005190 0.005533 -0.000760
v -0.005222 0.005521 -0.000750
v -0.005313 0.005470 -0.000753
v -0.005313 0.005470 -0.000753
v -0.005222 0.005521 -0.000750
v -0.005368 0.005423 -0.000750
v -0.005313 0.005470 -0.000753
v -0.005368 0.005423 -0.000750
v -0.005368 0.005423 -0.000752
v -0.005368 0.005423 -0.000752
v -0.005368 0.005423 -0.000750
v -0.005437 0.005335 -0.000754
v -0.005368 0.005423 -0.000752
v -0.005437 0.005335 -0.000754
v -0.005374 0.005429 -0.000771
v -0.005374 0.005429 -0.000771
v -0.005437 0.005335 -0.000754
v -0.005439 0.005350 -0.000777
v -0.005374 0.005429 -0.000771
v -0.005439 0.005350 -0.000777
v -0.005405 0.005460 -0.000822
v -0.005405 0.005460 -0.000822
v -0.005439 0.005350 -0.000777
v -0.005460 0.005399 -0.000827
v -0.005405 0.005460 -0.000822
v -0.005460 0.005399 -0.000827
v -0.005454 0.005509 -0.000869
v -0.005454 0.005509 -0.000869
v -0.005460 0.005399 -0.000827
v -0.005498 0.005462 -0.000873
v -0.005454 0.005509 -0.000869
v -0.005498 0.005462 -0.000873
v -0.005523 0.005578 -0.000911
v -0.005523 0.005578 -0.000911
v -0.005498 0.005462 -0.000873
v -0.005554 0.005547 -0.000913
v -0.005523 0.005578 -0.000911
v -0.005554 0.005547 -0.000913
v -0.005700 0.005755 -0.000950
v -0.005368 0.005423 -0.000750
v -0.005466 0.005277 -0.000750
v -0.005437 0.005335 -0.000754
v -0.005437 0.005335 -0.000754
v -0.005466 0.005277 -0.000750
v -0.005482 0.005233 -0.000761
v -0.005437 0.005335 -0.000754
v -0.005482 0.005233 -0.000761
v -0.005439 0.005350 -0.000777
v -0.005439 0.005350 -0.000777
v -0.005482 0.005233 -0.000761
v -0.005486 0.005261 -0.000794
v -0.005439 0.005350 -0.000777
v -0.005486 0.005261 -0.000794
v -0.005460 0.005399 -0.000827
v -0.005460 0.005399 -0.000827
v -0.005486 0.005261 -0.000794
v -0.005506 0.005332 -0.000845
v -0.005460 0.005399 -0.000827
v -0.005506 0.005332 -0.000845
v -0.005498 0.005462 -0.000873
v -0.005498 0.005462 -0.000873
v -0.005506 0.005332 -0.000845
v -0.005538 0.005413 -0.000885
v -0.005498 0.005462 -0.000873
v -0.005538 0.005413 -0.000885
v -0.005554 0.005547 -0.000913
v -0.005554 0.005547 -0.000913
v -0.005538 0.005413 -0.000885
v -0.005583 0.005514 -0.000919
v -0.005554 0.005547 -0.000913
v -0.005583 0.005514 -0.000919
v -0.005700 0.005755 -0.000950
v -0.005466 0.005277 -0.000750
v -0.005500 0.005105 -0.000750
v -0.005482 0.005233 -0.000761
v -0.005482 0.005233 -0.000761
v -0.005500 0.005105 -0.000750
v -0.005504 0.005117 -0.000789
v -0.005482 0.005233 -0.000761
v -0.005504 0.005117 -0.000789
v -0.005486 0.005261 -0.000794
v -0.005486 0.005261 -0.000794
v -0.005504 0.005117 -0.000789
v -0.005515 0.005154 -0.000827
v -0.005486 0.005261 -0.000794
v -0.005515 0.005154 -0.000827
v -0.005506 0.005332 -0.000845
v -0.005506 0.005332 -0.000845
v -0.005515 0.005154 -0.000827
v -0.005559 0.005295 -0.000891
v -0.005506 0.005332 -0.000845
v -0.005559 0.005295 -0.000891
v -0.005538 0.005413 -0.000885
v -0.005538 0.005413 -0.000885
v -0.005559 0.005295 -0.000891
v -0.005623 0.005506 -0.000935
v -0.005538 0.005413 -0.000885
v -0.005623 0.005506 -0.000935
v -0.005583 0.005514 -0.000919
v -0.005583 0.005514 -0.000919
v -0.005623 0.005506 -0.000935
v -0.005700 0.005755 -0.000950
v -0.005700 0.005755 -0.000950
v -0.005451 0.005678 -0.000935
v -0.005463 0.005635 -0.000918
v -0.005463 0.005635 -0.000918
v -0.005451 0.005678 -0.000935
v -0.005240 0.005614 -0.000891
v -0.005463 0.005635 -0.000918
v -0.005240 0.005614 -0.000891
v -0.005363 0.005589 -0.000883
v -0.005363 0.005589 -0.000883
v -0.005240 0.005614 -0.000891
v -0.005284 0.005557 -0.000842
v -0.005363 0.005589 -0.000883
v -0.005284 0.005557 -0.000842
v -0.005366 0.005497 -0.000824
v -0.005366 0.005497 -0.000824
v -0.005284 0.005557 -0.000842
v -0.005324 0.005473 -0.000773
v -0.005366 0.005497 -0.000824
v -0.005324 0.005473 -0.000773
v -0.005374 0.005429 -0.000771
v -0.005374 0.005429 -0.000771
v -0.005324 0.005473 -0.000773
v -0.005368 0.005423 -0.000752
v -0.005240 0.005614 -0.000891
v -0.005099 0.005570 -0.000827
v -0.005284 0.005557 -0.000842
v -0.005284 0.005557 -0.000842
v -0.005099 0.005570 -0.000827
v -0.005216 0.005537 -0.000791
v -0.005284 0.005557 -0.000842
v -0.005216 0.005537 -0.000791
v -0.005324 0.005473 -0.000773
v -0.005324 0.005473 -0.000773
v -0.005216 0.005537 -0.000791
v -0.005313 0.005470 -0.000753
v -0.005324 0.005473 -0.000773
v -0.005313 0.005470 -0.000753
v -0.005368 0.005423 -0.000752
v -0.005099 0.005570 -0.000827
v -0.005062 0.005559 -0.000789
v -0.005216 0.005537 -0.000791
v -0.005216 0.005537 -0.000791
v -0.005062 0.005559 -0.000789
v -0.005190 0.005533 -0.000760
v -0.005216 0.005537 -0.000791
v -0.005190 0.005533 -0.000760
v -0.005313 0.005470 -0.000753
v -0.005523 0.005578 -0.000911
v -0.005700 0.005755 -0.000950
v -0.005503 0.005598 -0.000912
v -0.005366 0.005497 -0.000824
v -0.005374 0.005429 -0.000771
v -0.005405 0.005460 -0.000822
v -0.005366 0.005497 -0.000824
v -0.005405 0.005460 -0.000822
v -0.005424 0.005538 -0.000870
v -0.005424 0.005538 -0.000870
v -0.005405 0.005460 -0.000822
v -0.005454 0.005509 -0.000869
v -0.005424 0.005538 -0.000870
v -0.005454 0.005509 -0.000869
v -0.005503 0.005598 -0.000912
v -0.005503 0.005598 -0.000912
v -0.005454 0.005509 -0.000869
v -0.005523 0.005578 -0.000911
v -0.005463 0.005635 -0.000918
v -0.005363 0.005589 -0.000883
v -0.005424 0.005538 -0.000870
v -0.005424 0.005538 -0.000870
v -0.005363 0.005589 -0.000883
v -0.005366 0.005497 -0.000824
v -0.005463 0.005635 -0.000918
v -0.005424 0.005538 -0.000870
v -0.005503 0.005598 -0.000912
v -0.005463 0.005635 -0.000918
v -0.005503 0.005598 -0.000912
v -0.005700 0.005755 -0.000950
v -0.005050 0.005555 -0.000750
v -0.005050 0.005555 0.008850
v -0.005222 0.005521 -0.000750
v -0.005222 0.005521 -0.000750
v -0.005050 0.005555 0.008850
v -0.005222 0.005521 0.008850
v -0.005222 0.005521 -0.000750
v -0.005222 0.005521 0.008850
v -0.005368 0.005423 -0.000750
v -0.005368 0.005423 -0.000750
v -0.005222 0.005521 0.008850
v -0.005368 0.005423 0.008850
v -0.005368 0.005423 -0.000750
v -0.005368 0.005423 0.008850
v -0.005466 0.005277 -0.000750
v -0.005466 0.005277 -0.000750
v -0.005368 0.005423 0.008850
v -0.005466 0.005277 0.008850
v -0.005466 0.005277 -0.000750
v -0.005466 0.005277 0.008850
v -0.005500 0.005105 -0.000750
v -0.005500 0.005105 -0.000750
v -0.005466 0.005277 0.008850
v -0.005500 0.005105 0.008850
v -0.005050 0.005555 0.008850
v -0.005050 0.005555 -0.000750
v 0.005050 0.005555 0.008850
v 0.005050 0.005555 0.008850
v -0.005050 0.005555 -0.000750
v 0.005050 0.005555 -0.000750
v 0.005050 0.005555 -0.000750
v -0.005050 0.005555 -0.000750
v 0.005062 0.005559 -0.000789
v 0.005062 0.005559 -0.000789
v -0.005050 0.005555 -0.000750
v -0.005062 0.005559 -0.000789
v 0.005062 0.005559 -0.000789
v -0.005062 0.005559 -0.000789
v 0.005099 0.005570 -0.000827
v 0.005099 0.005570 -0.000827
v -0.005062 0.005559 -0.000789
v -0.005099 0.005570 -0.000827
v 0.005099 0.005570 -0.000827
v -0.005099 0.005570 -0.000827
v -0.005240 0.005614 -0.000891
v 0.005099 0.005570 -0.000827
v -0.005240 0.005614 -0.000891
v 0.005240 0.005614 -0.000891
v 0.005240 0.005614 -0.000891
v -0.005240 0.005614 -0.000891
v -0.005451 0.005678 -0.000935
v 0.005240 0.005614 -0.000891
v -0.005451 0.005678 -0.000935
v 0.005451 0.005678 -0.000935
v 0.005451 0.005678 -0.000935
v -0.005451 0.005678 -0.000935
v 0.005700 0.005755 -0.000950
v 0.005700 0.005755 -0.000950
v -0.005451 0.005678 -0.000935
v -0.005700 0.005755 -0.000950
v 0.005504 0.005117 -0.000789
v 0.005500 0.005105 -0.000750
v 0.005478 0.005245 -0.000760
v 0.005478 0.005245 -0.000760
v 0.005500 0.005105 -0.000750
v 0.005466 0.005277 -0.000750
v 0.005478 0.005245 -0.000760
v 0.005466 0.005277 -0.000750
v 0.005416 0.005368 -0.000753
v 0.005416 0.005368 -0.000753
v 0.005466 0.005277 -0.000750
v 0.005368 0.005423 -0.000750
v 0.005416 0.005368 -0.000753
v 0.005368 0.005423 -0.000750
v 0.005368 0.005423 -0.000752
v 0.005368 0.005423 -0.000752
v 0.005368 0.005423 -0.000750
v 0.005280 0.005492 -0.000754
v 0.005368 0.005423 -0.000752
v 0.005280 0.005492 -0.000754
v 0.005374 0.005429 -0.000771
v 0.005374 0.005429 -0.000771
v 0.005280 0.005492 -0.000754
v 0.005295 0.005493 -0.000777
v 0.005374 0.005429 -0.000771
v 0.005295 0.005493 -0.000777
v 0.005405 0.005460 -0.000822
v 0.005405 0.005460 -0.000822
v 0.005295 0.005493 -0.000777
v 0.005344 0.005515 -0.000827
v 0.005405 0.005460 -0.000822
v 0.005344 0.005515 -0.000827
v 0.005454 0.005509 -0.000869
v 0.005454 0.005509 -0.000869
v 0.005344 0.005515 -0.000827
v 0.005407 0.005553 -0.000873
v 0.005454 0.005509 -0.000869
v 0.005407 0.005553 -0.000873
v 0.005523 0.005578 -0.000911
v 0.005523 0.005578 -0.000911
v 0.005407 0.005553 -0.000873
v 0.005492 0.005609 -0.000913
v 0.005523 0.005578 -0.000911
v 0.005492 0.005609 -0.000913
v 0.005700 0.005755 -0.000950
v 0.005368 0.005423 -0.000750
v 0.005222 0.005521 -0.000750
v 0.005280 0.005492 -0.000754
v 0.005280 0.005492 -0.000754
v 0.005222 0.005521 -0.000750
v 0.005178 0.005537 -0.000761
v 0.005280 0.005492 -0.000754
v 0.005178 0.005537 -0.000761
v 0.005295 0.005493 -0.000777
v 0.005295 0.005493 -0.000777
v 0.005178 0.005537 -0.000761
v 0.005206 0.005541 -0.000794
v 0.005295 0.005493 -0.000777
v 0.005206 0.005541 -0.000794
v 0.005344 0.005515 -0.000827
v 0.005344 0.005515 -0.000827
v 0.005206 0.005541 -0.000794
v 0.005277 0.005561 -0.000845
v 0.005344 0.005515 -0.000827
v 0.005277 0.005561 -0.000845
v 0.005407 0.005553 -0.000873
v 0.005407 0.005553 -0.000873
v 0.005277 0.005561 -0.000845
v 0.005358 0.005593 -0.000885
v 0.005407 0.005553 -0.000873
v 0.005358 0.005593 -0.000885
v 0.005492 0.005609 -0.000913
v 0.005492 0.005609 -0.000913
v 0.005358 0.005593 -0.000885
v 0.005459 0.005638 -0.000919
v 0.005492 0.005609 -0.000913
v 0.005459 0.005638 -0.000919
v 0.005700 0.005755 -0.000950
v 0.005222 0.005521 -0.000750
v 0.005050 0.005555 -0.000750
v 0.005178 0.005537 -0.000761
v 0.005178 0.005537 -0.000761
v 0.005050 0.005555 -0.000750
v 0.005062 0.005559 -0.000789
v 0.005178 0.005537 -0.000761
v 0.005062 0.005559 -0.000789
v 0.005206 0.005541 -0.000794
v 0.005206 0.005541 -0.000794
v 0.005062 0.005559 -0.000789
v 0.005099 0.005570 -0.000827
v 0.005206 0.005541 -0.000794
v 0.005099 0.005570 -0.000827
v 0.005277 0.005561 -0.000845
v 0.005277 0.005561 -0.000845
v 0.005099 0.005570 -0.000827
v 0.005240 0.005614 -0.000891
v 0.005277 0.005561 -0.000845
v 0.005240 0.005614 -0.000891
v 0.005358 0.005593 -0.000885
v 0.005358 0.005593 -0.000885
v 0.005240 0.005614 -0.000891
v 0.005451 0.005678 -0.000935
v 0.005358 0.005593 -0.000885
v 0.005451 0.005678 -0.000935
v 0.005459 0.005638 -0.000919
v 0.005459 0.005638 -0.000919
v 0.005451 0.005678 -0.000935
v 0.005700 0.005755 -0.000950
v 0.005700 0.005755 -0.000950
v 0.005623 0.005506 -0.000935
v 0.005580 0.005518 -0.000918
v 0.005580 0.005518 -0.000918
v 0.005623 0.005506 -0.000935
v 0.005559 0.005295 -0.000891
v 0.005580 0.005518 -0.000918
v 0.005559 0.005295 -0.000891
v 0.005534 0.005418 -0.000883
v 0.005534 0.005418 -0.000883
v 0.005559 0.005295 -0.000891
v 0.005502 0.005339 -0.000842
v 0.005534 0.005418 -0.000883
v 0.005502 0.005339 -0.000842
v 0.005442 0.005421 -0.000824
v 0.005442 0.005421 -0.000824
v 0.005502 0.005339 -0.000842
v 0.005418 0.005379 -0.000773
v 0.005442 0.005421 -0.000824
v 0.005418 0.005379 -0.000773
v 0.005374 0.005429 -0.000771
v 0.005374 0.005429 -0.000771
v 0.005418 0.005379 -0.000773
v 0.005368 0.005423 -0.000752
v 0.005559 0.005295 -0.000891
v 0.005515 0.005154 -0.000827
v 0.005502 0.005339 -0.000842
v 0.005502 0.005339 -0.000842
v 0.005515 0.005154 -0.000827
v 0.005482 0.005271 -0.000791
v 0.005502 0.005339 -0.000842
v 0.005482 0.005271 -0.000791
v 0.005418 0.005379 -0.000773
v 0.005418 0.005379 -0.000773
v 0.005482 0.005271 -0.000791
v 0.005416 0.005368 -0.000753
v 0.005418 0.005379 -0.000773
v 0.005416 0.005368 -0.000753
v 0.005368 0.005423 -0.000752
v 0.005515 0.005154 -0.000827
v 0.005504 0.005117 -0.000789
v 0.005482 0.005271 -0.000791
v 0.005482 0.005271 -0.000791
v 0.005504 0.005117 -0.000789
v 0.005478 0.005245 -0.000760
v 0.005482 0.005271 -0.000791
v 0.005478 0.005245 -0.000760
v 0.005416 0.005368 -0.000753
v 0.005523 0.005578 -0.000911
v 0.005700 0.005755 -0.000950
v 0.005543 0.005558 -0.000912
v 0.005442 0.005421 -0.000824
v 0.005374 0.005429 -0.000771
v 0.005405 0.005460 -0.000822
v 0.005442 0.005421 -0.000824
v 0.005405 0.005460 -0.000822
v 0.005483 0.005479 -0.000870
v 0.005483 0.005479 -0.000870
v 0.005405 0.005460 -0.000822
v 0.005454 0.005509 -0.000869
v 0.005483 0.005479 -0.000870
v 0.005454 0.005509 -0.000869
v 0.005543 0.005558 -0.000912
v 0.005543 0.005558 -0.000912
v 0.005454 0.005509 -0.000869
v 0.005523 0.005578 -0.000911
v 0.005580 0.005518 -0.000918
v 0.005534 0.005418 -0.000883
v 0.005483 0.005479 -0.000870
v 0.005483 0.005479 -0.000870
v 0.005534 0.005418 -0.000883
v 0.005442 0.005421 -0.000824
v 0.005580 0.005518 -0.000918
v 0.005483 0.005479 -0.000870
v 0.005543 0.005558 -0.000912
v 0.005580 0.005518 -0.000918
v 0.005543 0.005558 -0.000912
v 0.005700 0.005755 -0.000950
v 0.005500 0.005105 -0.000750
v 0.005500 0.005105 0.008850
v 0.005466 0.005277 -0.000750
v 0.005466 0.005277 -0.000750
v 0.005500 0.005105 0.008850
v 0.005466 0.005277 0.008850
v 0.005466 0.005277 -0.000750
v 0.005466 0.005277 0.008850
v 0.005368 0.005423 -0.000750
v 0.005368 0.005423 -0.000750
v 0.005466 0.005277 0.008850
v 0.005368 0.005423 0.008850
v 0.005368 0.005423 -0.000750
v 0.005368 0.005423 0.008850
v 0.005222 0.005521 -0.000750
v 0.005222 0.005521 -0.000750
v 0.005368 0.005423 0.008850
v 0.005222 0.005521 0.008850
v 0.005222 0.005521 -0.000750
v 0.005222 0.005521 0.008850
v 0.005050 0.005555 -0.000750
v 0.005050 0.005555 -0.000750
v 0.005222 0.005521 0.008850
v 0.005050 0.005555 0.008850
v 0.005500 0.005105 0.008850
v 0.005500 0.003185 0.007225
v 0.005500 0.002255 0.008850
v 0.005500 0.002255 0.008850
v 0.005500 0.003185 0.007225
v 0.005500 0.003106 0.007291
v 0.005500 0.002255 0.008850
v 0.005500 0.003106 0.007291
v 0.005500 0.003004 0.007291
v 0.005500 0.005105 -0.000750
v 0.005500 0.003203 0.002124
v 0.005500 0.005105 0.008850
v 0.005500 0.005105 0.008850
v 0.005500 0.003203 0.002124
v 0.005500 0.003203 0.007124
v 0.005500 0.005105 0.008850
v 0.005500 0.003203 0.007124
v 0.005500 0.003185 0.007225
v 0.005500 0.003203 0.002124
v 0.005500 0.005105 -0.000750
v 0.005500 0.003151 0.002035
v 0.005500 0.003151 0.002035
v 0.005500 0.005105 -0.000750
v 0.005500 0.002255 -0.000750
v 0.005500 0.003151 0.002035
v 0.005500 0.002255 -0.000750
v 0.005500 0.003055 0.002000
v 0.005500 0.003055 0.002000
v 0.005500 0.002255 -0.000750
v 0.005500 0.002959 0.002035
v 0.005500 0.002959 0.002035
v 0.005500 0.002255 -0.000750
v 0.005500 0.002907 0.002124
v 0.005500 0.002907 0.002124
v 0.005500 0.002255 -0.000750
v 0.005500 0.002255 0.008850
v 0.005500 0.002907 0.002124
v 0.005500 0.002255 0.008850
v 0.005500 0.002925 0.002225
v 0.005500 0.002925 0.002225
v 0.005500 0.002255 0.008850
v 0.005500 0.002907 0.007124
v 0.005500 0.002925 0.002225
v 0.005500 0.002907 0.007124
v 0.005500 0.002959 0.007035
v 0.005500 0.003151 0.007035
v 0.005500 0.003106 0.002291
v 0.005500 0.003055 0.007000
v 0.005500 0.003055 0.007000
v 0.005500 0.003106 0.002291
v 0.005500 0.003004 0.002291
v 0.005500 0.003055 0.007000
v 0.005500 0.003004 0.002291
v 0.005500 0.002959 0.007035
v 0.005500 0.002959 0.007035
v 0.005500 0.003004 0.002291
v 0.005500 0.002925 0.002225
v 0.005500 0.003106 0.002291
v 0.005500 0.003151 0.007035
v 0.005500 0.003185 0.002225
v 0.005500 0.003185 0.002225
v 0.005500 0.003151 0.007035
v 0.005500 0.003203 0.007124
v 0.005500 0.003185 0.002225
v 0.005500 0.003203 0.007124
v 0.005500 0.003203 0.002124
v 0.005500 0.003004 0.007291
v 0.005500 0.002925 0.007225
v 0.005500 0.002255 0.008850
v 0.005500 0.002255 0.008850
v 0.005500 0.002925 0.007225
v 0.005500 0.002907 0.007124
v 0.005500 0.005105 -0.000750
v 0.005504 0.005117 -0.000789
v 0.005500 0.002255 -0.000750
v 0.005500 0.002255 -0.000750
v 0.005504 0.005117 -0.000789
v 0.005527 0.002255 -0.000850
v 0.005527 0.002255 -0.000850
v 0.005504 0.005117 -0.000789
v 0.005515 0.005154 -0.000827
v 0.005527 0.002255 -0.000850
v 0.005515 0.005154 -0.000827
v 0.005559 0.005295 -0.000891
v 0.005527 0.002255 -0.000850
v 0.005559 0.005295 -0.000891
v 0.005600 0.002255 -0.000923
v 0.005600 0.002255 -0.000923
v 0.005559 0.005295 -0.000891
v 0.005623 0.005506 -0.000935
v 0.005600 0.002255 -0.000923
v 0.005623 0.005506 -0.000935
v 0.005700 0.002255 -0.000950
v 0.005700 0.002255 -0.000950
v 0.005623 0.005506 -0.000935
v 0.005700 0.005755 -0.000950
v 0.005700 0.002155 -0.000923
v 0.005672 0.002152 -0.000919
v 0.005700 0.002255 -0.000950
v 0.005700 0.002255 -0.000950
v 0.005672 0.002152 -0.000919
v 0.005598 0.002227 -0.000919
v 0.005700 0.002255 -0.000950
v 0.005598 0.002227 -0.000919
v 0.005600 0.002255 -0.000923
v 0.005600 0.002255 -0.000923
v 0.005598 0.002227 -0.000919
v 0.005527 0.002255 -0.000850
v 0.005527 0.002255 -0.000850
v 0.005598 0.002227 -0.000919
v 0.005543 0.002180 -0.000848
v 0.005527 0.002255 -0.000850
v 0.005543 0.002180 -0.000848
v 0.005500 0.002255 -0.000750
v 0.005500 0.002255 -0.000750
v 0.005543 0.002180 -0.000848
v 0.005527 0.002155 -0.000750
v 0.005527 0.002155 -0.000750
v 0.005543 0.002180 -0.000848
v 0.005625 0.002098 -0.000848
v 0.005527 0.002155 -0.000750
v 0.005625 0.002098 -0.000848
v 0.005600 0.002082 -0.000750
v 0.005600 0.002082 -0.000750
v 0.005625 0.002098 -0.000848
v 0.005700 0.002055 -0.000750
v 0.005700 0.002055 -0.000750
v 0.005625 0.002098 -0.000848
v 0.005700 0.002082 -0.000850
v 0.005700 0.002082 -0.000850
v 0.005625 0.002098 -0.000848
v 0.005672 0.002152 -0.000919
v 0.005700 0.002082 -0.000850
v 0.005672 0.002152 -0.000919
v 0.005700 0.002155 -0.000923
v 0.005672 0.002152 -0.000919
v 0.005625 0.002098 -0.000848
v 0.005598 0.002227 -0.000919
v 0.005598 0.002227 -0.000919
v 0.005625 0.002098 -0.000848
v 0.005543 0.002180 -0.000848
v 0.005700 0.002055 -0.000750
v 0.005700 0.002055 0.008850
v 0.005600 0.002082 -0.000750
v 0.005600 0.002082 -0.000750
v 0.005700 0.002055 0.008850
v 0.005600 0.002082 0.008850
v 0.005600 0.002082 -0.000750
v 0.005600 0.002082 0.008850
v 0.005527 0.002155 -0.000750
v 0.005527 0.002155 -0.000750
v 0.005600 0.002082 0.008850
v 0.005527 0.002155 0.008850
v 0.005527 0.002155 -0.000750
v 0.005527 0.002155 0.008850
v 0.005500 0.002255 -0.000750
v 0.005500 0.002255 -0.000750
v 0.005527 0.002155 0.008850
v 0.005500 0.002255 0.008850
v 0.006473 0.002255 -0.000850
v 0.006500 0.002255 -0.000750
v 0.006457 0.002157 -0.000825
v 0.006457 0.002157 -0.000825
v 0.006500 0.002255 -0.000750
v 0.006473 0.002155 -0.000750
v 0.006457 0.002157 -0.000825
v 0.006473 0.002155 -0.000750
v 0.006402 0.002085 -0.000778
v 0.006402 0.002085 -0.000778
v 0.006473 0.002155 -0.000750
v 0.006400 0.002082 -0.000750
v 0.006402 0.002085 -0.000778
v 0.006400 0.002082 -0.000750
v 0.006300 0.002055 -0.000750
v 0.006402 0.002085 -0.000778
v 0.006300 0.002055 -0.000750
v 0.006328 0.002085 -0.000852
v 0.006328 0.002085 -0.000852
v 0.006300 0.002055 -0.000750
v 0.006300 0.002082 -0.000850
v 0.006328 0.002085 -0.000852
v 0.006300 0.002082 -0.000850
v 0.006300 0.002155 -0.000923
v 0.006328 0.002085 -0.000852
v 0.006300 0.002155 -0.000923
v 0.006375 0.002157 -0.000907
v 0.006375 0.002157 -0.000907
v 0.006300 0.002155 -0.000923
v 0.006300 0.002255 -0.000950
v 0.006375 0.002157 -0.000907
v 0.006300 0.002255 -0.000950
v 0.006400 0.002255 -0.000923
v 0.006400 0.002255 -0.000923
v 0.006473 0.002255 -0.000850
v 0.006375 0.002157 -0.000907
v 0.006375 0.002157 -0.000907
v 0.006473 0.002255 -0.000850
v 0.006457 0.002157 -0.000825
v 0.006375 0.002157 -0.000907
v 0.006457 0.002157 -0.000825
v 0.006402 0.002085 -0.000778
v 0.006328 0.002085 -0.000852
v 0.006375 0.002157 -0.000907
v 0.006402 0.002085 -0.000778
v 0.005700 0.002255 -0.000950
v 0.006300 0.002255 -0.000950
v 0.005700 0.002155 -0.000923
v 0.005700 0.002155 -0.000923
v 0.006300 0.002255 -0.000950
v 0.006300 0.002155 -0.000923
v 0.005700 0.002155 -0.000923
v 0.006300 0.002155 -0.000923
v 0.005700 0.002082 -0.000850
v 0.005700 0.002082 -0.000850
v 0.006300 0.002155 -0.000923
v 0.006300 0.002082 -0.000850
v 0.005700 0.002082 -0.000850
v 0.006300 0.002082 -0.000850
v 0.005700 0.002055 -0.000750
v 0.005700 0.002055 -0.000750
v 0.006300 0.002082 -0.000850
v 0.006300 0.002055 -0.000750
v -0.005600 0.002255 -0.000923
v -0.005598 0.002227 -0.000919
v -0.005700 0.002255 -0.000950
v -0.005700 0.002255 -0.000950
v -0.005598 0.002227 -0.000919
v -0.005672 0.002152 -0.000919
v -0.005700 0.002255 -0.000950
v -0.005672 0.002152 -0.000919
v -0.005700 0.002155 -0.000923
v -0.005700 0.002155 -0.000923
v -0.005672 0.002152 -0.000919
v -0.005700 0.002082 -0.000850
v -0.005700 0.002082 -0.000850
v -0.005672 0.002152 -0.000919
v -0.005625 0.002098 -0.000848
v -0.005700 0.002082 -0.000850
v -0.005625 0.002098 -0.000848
v -0.005700 0.002055 -0.000750
v -0.005700 0.002055 -0.000750
v -0.005625 0.002098 -0.000848
v -0.005600 0.002082 -0.000750
v -0.005600 0.002082 -0.000750
v -0.005625 0.002098 -0.000848
v -0.005543 0.002180 -0.000848
v -0.005600 0.002082 -0.000750
v -0.005543 0.002180 -0.000848
v -0.005527 0.002155 -0.000750
v -0.005527 0.002155 -0.000750
v -0.005543 0.002180 -0.000848
v -0.005500 0.002255 -0.000750
v -0.005500 0.002255 -0.000750
v -0.005543 0.002180 -0.000848
v -0.005527 0.002255 -0.000850
v -0.005527 0.002255 -0.000850
v -0.005543 0.002180 -0.000848
v -0.005598 0.002227 -0.000919
v -0.005527 0.002255 -0.000850
v -0.005598 0.002227 -0.000919
v -0.005600 0.002255 -0.000923
v -0.005598 0.002227 -0.000919
v -0.005543 0.002180 -0.000848
v -0.005672 0.002152 -0.000919
v -0.005672 0.002152 -0.000919
v -0.005543 0.002180 -0.000848
v -0.005625 0.002098 -0.000848
v -0.005500 0.002255 -0.000750
v -0.005500 0.002255 0.008850
v -0.005527 0.002155 -0.000750
v -0.005527 0.002155 -0.000750
v -0.005500 0.002255 0.008850
v -0.005527 0.002155 0.008850
v -0.005527 0.002155 -0.000750
v -0.005527 0.002155 0.008850
v -0.005600 0.002082 -0.000750
v -0.005600 0.002082 -0.000750
v -0.005527 0.002155 0.008850
v -0.005600 0.002082 0.008850
v -0.005600 0.002082 -0.000750
v -0.005600 0.002082 0.008850
v -0.005700 0.002055 -0.000750
v -0.005700 0.002055 -0.000750
v -0.005600 0.002082 0.008850
v -0.005700 0.002055 0.008850
v -0.006400 0.002255 -0.000923
v -0.006300 0.002255 -0.000950
v -0.006375 0.002157 -0.000907
v -0.006375 0.002157 -0.000907
v -0.006300 0.002255 -0.000950
v -0.006300 0.002155 -0.000923
v -0.006375 0.002157 -0.000907
v -0.006300 0.002155 -0.000923
v -0.006328 0.002085 -0.000852
v -0.006328 0.002085 -0.000852
v -0.006300 0.002155 -0.000923
v -0.006300 0.002082 -0.000850
v -0.006328 0.002085 -0.000852
v -0.006300 0.002082 -0.000850
v -0.006300 0.002055 -0.000750
v -0.006328 0.002085 -0.000852
v -0.006300 0.002055 -0.000750
v -0.006402 0.002085 -0.000778
v -0.006402 0.002085 -0.000778
v -0.006300 0.002055 -0.000750
v -0.006400 0.002082 -0.000750
v -0.006402 0.002085 -0.000778
v -0.006400 0.002082 -0.000750
v -0.006473 0.002155 -0.000750
v -0.006402 0.002085 -0.000778
v -0.006473 0.002155 -0.000750
v -0.006457 0.002157 -0.000825
v -0.006457 0.002157 -0.000825
v -0.006473 0.002155 -0.000750
v -0.006500 0.002255 -0.000750
v -0.006457 0.002157 -0.000825
v -0.006500 0.002255 -0.000750
v -0.006473 0.002255 -0.000850
v -0.006473 0.002255 -0.000850
v -0.006400 0.002255 -0.000923
v -0.006457 0.002157 -0.000825
v -0.006457 0.002157 -0.000825
v -0.006400 0.002255 -0.000923
v -0.006375 0.002157 -0.000907
v -0.006457 0.002157 -0.000825
v -0.006375 0.002157 -0.000907
v -0.006328 0.002085 -0.000852
v -0.006402 0.002085 -0.000778
v -0.006457 0.002157 -0.000825
v -0.006328 0.002085 -0.000852
v -0.006300 0.002055 -0.000750
v -0.006300 0.002055 0.008850
v -0.006400 0.002082 -0.000750
v -0.006400 0.002082 -0.000750
v -0.006300 0.002055 0.008850
v -0.006400 0.002082 0.008850
v -0.006400 0.002082 -0.000750
v -0.006400 0.002082 0.008850
v -0.006473 0.002155 -0.000750
v -0.006473 0.002155 -0.000750
v -0.006400 0.002082 0.008850
v -0.006473 0.002155 0.008850
v -0.006473 0.002155 -0.000750
v -0.006473 0.002155 0.008850
v -0.006500 0.002255 -0.000750
v -0.006500 0.002255 -0.000750
v -0.006473 0.002155 0.008850
v -0.006500 0.002255 0.008850
v -0.006500 0.002255 -0.000750
v -0.006500 0.016555 -0.000750
v -0.006473 0.002255 -0.000850
v -0.006473 0.002255 -0.000850
v -0.006500 0.016555 -0.000750
v -0.006473 0.016555 -0.000850
v -0.006473 0.002255 -0.000850
v -0.006473 0.016555 -0.000850
v -0.006400 0.002255 -0.000923
v -0.006400 0.002255 -0.000923
v -0.006473 0.016555 -0.000850
v -0.006400 0.016555 -0.000923
v -0.006400 0.002255 -0.000923
v -0.006400 0.016555 -0.000923
v -0.006300 0.002255 -0.000950
v -0.006300 0.002255 -0.000950
v -0.006400 0.016555 -0.000923
v -0.006300 0.016555 -0.000950
v 0.006500 0.016555 -0.000750
v 0.006473 0.016555 -0.000850
v 0.006449 0.017370 -0.000750
v 0.006449 0.017370 -0.000750
v 0.006473 0.016555 -0.000850
v 0.006422 0.017366 -0.000850
v 0.006449 0.017370 -0.000750
v 0.006422 0.017366 -0.000850
v 0.006296 0.018171 -0.000750
v 0.006296 0.018171 -0.000750
v 0.006422 0.017366 -0.000850
v 0.006270 0.018165 -0.000850
v 0.006296 0.018171 -0.000750
v 0.006270 0.018165 -0.000850
v 0.006044 0.018948 -0.000750
v 0.006044 0.018948 -0.000750
v 0.006270 0.018165 -0.000850
v 0.006019 0.018938 -0.000850
v 0.006044 0.018948 -0.000750
v 0.006019 0.018938 -0.000850
v 0.005696 0.019686 -0.000750
v 0.005696 0.019686 -0.000750
v 0.006019 0.018938 -0.000850
v 0.005673 0.019673 -0.000850
v 0.005696 0.019686 -0.000750
v 0.005673 0.019673 -0.000850
v 0.005259 0.020376 -0.000750
v 0.005259 0.020376 -0.000750
v 0.005673 0.019673 -0.000850
v 0.005237 0.020360 -0.000850
v 0.005259 0.020376 -0.000750
v 0.005237 0.020360 -0.000850
v 0.004738 0.021005 -0.000750
v 0.004738 0.021005 -0.000750
v 0.005237 0.020360 -0.000850
v 0.004719 0.020986 -0.000850
v 0.004738 0.021005 -0.000750
v 0.004719 0.020986 -0.000850
v 0.004143 0.021563 -0.000750
v 0.004143 0.021563 -0.000750
v 0.004719 0.020986 -0.000850
v 0.004126 0.021543 -0.000850
v 0.004143 0.021563 -0.000750
v 0.004126 0.021543 -0.000850
v 0.003483 0.022043 -0.000750
v 0.003483 0.022043 -0.000750
v 0.004126 0.021543 -0.000850
v 0.003469 0.022020 -0.000850
v 0.003483 0.022043 -0.000750
v 0.003469 0.022020 -0.000850
v 0.002768 0.022436 -0.000750
v 0.002768 0.022436 -0.000750
v 0.003469 0.022020 -0.000850
v 0.002756 0.022412 -0.000850
v 0.002768 0.022436 -0.000750
v 0.002756 0.022412 -0.000850
v 0.002009 0.022737 -0.000750
v 0.002009 0.022737 -0.000750
v 0.002756 0.022412 -0.000850
v 0.002000 0.022711 -0.000850
v 0.002009 0.022737 -0.000750
v 0.002000 0.022711 -0.000850
v 0.001218 0.022940 -0.000750
v 0.001218 0.022940 -0.000750
v 0.002000 0.022711 -0.000850
v 0.001213 0.022914 -0.000850
v 0.001218 0.022940 -0.000750
v 0.001213 0.022914 -0.000850
v 0.000408 0.023042 -0.000750
v 0.000408 0.023042 -0.000750
v 0.001213 0.022914 -0.000850
v 0.000406 0.023015 -0.000850
v 0.000408 0.023042 -0.000750
v 0.000406 0.023015 -0.000850
v -0.000408 0.023042 -0.000750
v -0.000408 0.023042 -0.000750
v 0.000406 0.023015 -0.000850
v -0.000406 0.023015 -0.000850
v -0.000408 0.023042 -0.000750
v -0.000406 0.023015 -0.000850
v -0.001218 0.022940 -0.000750
v -0.001218 0.022940 -0.000750
v -0.000406 0.023015 -0.000850
v -0.001213 0.022914 -0.000850
v -0.001218 0.022940 -0.000750
v -0.001213 0.022914 -0.000850
v -0.002009 0.022737 -0.000750
v -0.002009 0.022737 -0.000750
v -0.001213 0.022914 -0.000850
v -0.002000 0.022711 -0.000850
v -0.002009 0.022737 -0.000750
v -0.002000 0.022711 -0.000850
v -0.002768 0.022436 -0.000750
v -0.002768 0.022436 -0.000750
v -0.002000 0.022711 -0.000850
v -0.002756 0.022412 -0.000850
v -0.002768 0.022436 -0.000750
v -0.002756 0.022412 -0.000850
v -0.003483 0.022043 -0.000750
v -0.003483 0.022043 -0.000750
v -0.002756 0.022412 -0.000850
v -0.003469 0.022020 -0.000850
v -0.003483 0.022043 -0.000750
v -0.003469 0.022020 -0.000850
v -0.004143 0.021563 -0.000750
v -0.004143 0.021563 -0.000750
v -0.003469 0.022020 -0.000850
v -0.004126 0.021543 -0.000850
v -0.004143 0.021563 -0.000750
v -0.004126 0.021543 -0.000850
v -0.004738 0.021005 -0.000750
v -0.004738 0.021005 -0.000750
v -0.004126 0.021543 -0.000850
v -0.004719 0.020986 -0.000850
v -0.004738 0.021005 -0.000750
v -0.004719 0.020986 -0.000850
v -0.005259 0.020376 -0.000750
v -0.005259 0.020376 -0.000750
v -0.004719 0.020986 -0.000850
v -0.005237 0.020360 -0.000850
v -0.005259 0.020376 -0.000750
v -0.005237 0.020360 -0.000850
v -0.005696 0.019686 -0.000750
v -0.005696 0.019686 -0.000750
v -0.005237 0.020360 -0.000850
v -0.005673 0.019673 -0.000850
v -0.005696 0.019686 -0.000750
v -0.005673 0.019673 -0.000850
v -0.006044 0.018948 -0.000750
v -0.006044 0.018948 -0.000750
v -0.005673 0.019673 -0.000850
v -0.006019 0.018938 -0.000850
v -0.006044 0.018948 -0.000750
v -0.006019 0.018938 -0.000850
v -0.006296 0.018171 -0.000750
v -0.006296 0.018171 -0.000750
v -0.006019 0.018938 -0.000850
v -0.006270 0.018165 -0.000850
v -0.006296 0.018171 -0.000750
v -0.006270 0.018165 -0.000850
v -0.006449 0.017370 -0.000750
v -0.006449 0.017370 -0.000750
v -0.006270 0.018165 -0.000850
v -0.006422 0.017366 -0.000850
v -0.006449 0.017370 -0.000750
v -0.006422 0.017366 -0.000850
v -0.006500 0.016555 -0.000750
v -0.006500 0.016555 -0.000750
v -0.006422 0.017366 -0.000850
v -0.006473 0.016555 -0.000850
v -0.006473 0.016555 -0.000850
v -0.006422 0.017366 -0.000850
v -0.006350 0.017357 -0.000923
v -0.006473 0.016555 -0.000850
v -0.006350 0.017357 -0.000923
v -0.006400 0.016555 -0.000923
v -0.006400 0.016555 -0.000923
v -0.006350 0.017357 -0.000923
v -0.006250 0.017345 -0.000950
v -0.006400 0.016555 -0.000923
v -0.006250 0.017345 -0.000950
v -0.006300 0.016555 -0.000950
v 0.006473 0.016555 -0.000850
v 0.006400 0.016555 -0.000923
v 0.006422 0.017366 -0.000850
v 0.006422 0.017366 -0.000850
v 0.006400 0.016555 -0.000923
v 0.006350 0.017357 -0.000923
v 0.006422 0.017366 -0.000850
v 0.006350 0.017357 -0.000923
v 0.006270 0.018165 -0.000850
v 0.006270 0.018165 -0.000850
v 0.006350 0.017357 -0.000923
v 0.006199 0.018147 -0.000923
v 0.006270 0.018165 -0.000850
v 0.006199 0.018147 -0.000923
v 0.006019 0.018938 -0.000850
v 0.006019 0.018938 -0.000850
v 0.006199 0.018147 -0.000923
v 0.005951 0.018911 -0.000923
v 0.006019 0.018938 -0.000850
v 0.005951 0.018911 -0.000923
v 0.005673 0.019673 -0.000850
v 0.005673 0.019673 -0.000850
v 0.005951 0.018911 -0.000923
v 0.005608 0.019638 -0.000923
v 0.005673 0.019673 -0.000850
v 0.005608 0.019638 -0.000923
v 0.005237 0.020360 -0.000850
v 0.005237 0.020360 -0.000850
v 0.005608 0.019638 -0.000923
v 0.005178 0.020317 -0.000923
v 0.005237 0.020360 -0.000850
v 0.005178 0.020317 -0.000923
v 0.004719 0.020986 -0.000850
v 0.004719 0.020986 -0.000850
v 0.005178 0.020317 -0.000923
v 0.004665 0.020936 -0.000923
v 0.004719 0.020986 -0.000850
v 0.004665 0.020936 -0.000923
v 0.004126 0.021543 -0.000850
v 0.004126 0.021543 -0.000850
v 0.004665 0.020936 -0.000923
v 0.004080 0.021486 -0.000923
v 0.004126 0.021543 -0.000850
v 0.004080 0.021486 -0.000923
v 0.003469 0.022020 -0.000850
v 0.003469 0.022020 -0.000850
v 0.004080 0.021486 -0.000923
v 0.003429 0.021959 -0.000923
v 0.003469 0.022020 -0.000850
v 0.003429 0.021959 -0.000923
v 0.002756 0.022412 -0.000850
v 0.002756 0.022412 -0.000850
v 0.003429 0.021959 -0.000923
v 0.002725 0.022346 -0.000923
v 0.002756 0.022412 -0.000850
v 0.002725 0.022346 -0.000923
v 0.002000 0.022711 -0.000850
v 0.002000 0.022711 -0.000850
v 0.002725 0.022346 -0.000923
v 0.001978 0.022642 -0.000923
v 0.002000 0.022711 -0.000850
v 0.001978 0.022642 -0.000923
v 0.001213 0.022914 -0.000850
v 0.001213 0.022914 -0.000850
v 0.001978 0.022642 -0.000923
v 0.001199 0.022842 -0.000923
v 0.001213 0.022914 -0.000850
v 0.001199 0.022842 -0.000923
v 0.000406 0.023015 -0.000850
v 0.000406 0.023015 -0.000850
v 0.001199 0.022842 -0.000923
v 0.000402 0.022942 -0.000923
v 0.000406 0.023015 -0.000850
v 0.000402 0.022942 -0.000923
v -0.000406 0.023015 -0.000850
v -0.000406 0.023015 -0.000850
v 0.000402 0.022942 -0.000923
v -0.000402 0.022942 -0.000923
v -0.000406 0.023015 -0.000850
v -0.000402 0.022942 -0.000923
v -0.001213 0.022914 -0.000850
v -0.001213 0.022914 -0.000850
v -0.000402 0.022942 -0.000923
v -0.001199 0.022842 -0.000923
v -0.001213 0.022914 -0.000850
v -0.001199 0.022842 -0.000923
v -0.002000 0.022711 -0.000850
v -0.002000 0.022711 -0.000850
v -0.001199 0.022842 -0.000923
v -0.001978 0.022642 -0.000923
v -0.002000 0.022711 -0.000850
v -0.001978 0.022642 -0.000923
v -0.002756 0.022412 -0.000850
v -0.002756 0.022412 -0.000850
v -0.001978 0.022642 -0.000923
v -0.002725 0.022346 -0.000923
v -0.002756 0.022412 -0.000850
v -0.002725 0.022346 -0.000923
v -0.003469 0.022020 -0.000850
v -0.003469 0.022020 -0.000850
v -0.002725 0.022346 -0.000923
v -0.003429 0.021959 -0.000923
v -0.003469 0.022020 -0.000850
v -0.003429 0.021959 -0.000923
v -0.004126 0.021543 -0.000850
v -0.004126 0.021543 -0.000850
v -0.003429 0.021959 -0.000923
v -0.004080 0.021486 -0.000923
v -0.004126 0.021543 -0.000850
v -0.004080 0.021486 -0.000923
v -0.004719 0.020986 -0.000850
v -0.004719 0.020986 -0.000850
v -0.004080 0.021486 -0.000923
v -0.004665 0.020936 -0.000923
v -0.004719 0.020986 -0.000850
v -0.004665 0.020936 -0.000923
v -0.005237 0.020360 -0.000850
v -0.005237 0.020360 -0.000850
v -0.004665 0.020936 -0.000923
v -0.005178 0.020317 -0.000923
v -0.005237 0.020360 -0.000850
v -0.005178 0.020317 -0.000923
v -0.005673 0.019673 -0.000850
v -0.005673 0.019673 -0.000850
v -0.005178 0.020317 -0.000923
v -0.005608 0.019638 -0.000923
v -0.005673 0.019673 -0.000850
v -0.005608 0.019638 -0.000923
v -0.006019 0.018938 -0.000850
v -0.006019 0.018938 -0.000850
v -0.005608 0.019638 -0.000923
v -0.005951 0.018911 -0.000923
v -0.006019 0.018938 -0.000850
v -0.005951 0.018911 -0.000923
v -0.006270 0.018165 -0.000850
v -0.006270 0.018165 -0.000850
v -0.005951 0.018911 -0.000923
v -0.006199 0.018147 -0.000923
v -0.006270 0.018165 -0.000850
v -0.006199 0.018147 -0.000923
v -0.006422 0.017366 -0.000850
v -0.006422 0.017366 -0.000850
v -0.006199 0.018147 -0.000923
v -0.006350 0.017357 -0.000923
v 0.006400 0.016555 -0.000923
v 0.006300 0.016555 -0.000950
v 0.006350 0.017357 -0.000923
v 0.006350 0.017357 -0.000923
v 0.006300 0.016555 -0.000950
v 0.006250 0.017345 -0.000950
v 0.006350 0.017357 -0.000923
v 0.006250 0.017345 -0.000950
v 0.006199 0.018147 -0.000923
v 0.006199 0.018147 -0.000923
v 0.006250 0.017345 -0.000950
v 0.006102 0.018122 -0.000950
v 0.006199 0.018147 -0.000923
v 0.006102 0.018122 -0.000950
v 0.005951 0.018911 -0.000923
v 0.005951 0.018911 -0.000923
v 0.006102 0.018122 -0.000950
v 0.005858 0.018874 -0.000950
v 0.005951 0.018911 -0.000923
v 0.005858 0.018874 -0.000950
v 0.005608 0.019638 -0.000923
v 0.005608 0.019638 -0.000923
v 0.005858 0.018874 -0.000950
v 0.005521 0.019590 -0.000950
v 0.005608 0.019638 -0.000923
v 0.005521 0.019590 -0.000950
v 0.005178 0.020317 -0.000923
v 0.005178 0.020317 -0.000923
v 0.005521 0.019590 -0.000950
v 0.005097 0.020258 -0.000950
v 0.005178 0.020317 -0.000923
v 0.005097 0.020258 -0.000950
v 0.004665 0.020936 -0.000923
v 0.004665 0.020936 -0.000923
v 0.005097 0.020258 -0.000950
v 0.004593 0.020868 -0.000950
v 0.004665 0.020936 -0.000923
v 0.004593 0.020868 -0.000950
v 0.004080 0.021486 -0.000923
v 0.004080 0.021486 -0.000923
v 0.004593 0.020868 -0.000950
v 0.004016 0.021409 -0.000950
v 0.004080 0.021486 -0.000923
v 0.004016 0.021409 -0.000950
v 0.003429 0.021959 -0.000923
v 0.003429 0.021959 -0.000923
v 0.004016 0.021409 -0.000950
v 0.003376 0.021874 -0.000950
v 0.003429 0.021959 -0.000923
v 0.003376 0.021874 -0.000950
v 0.002725 0.022346 -0.000923
v 0.002725 0.022346 -0.000923
v 0.003376 0.021874 -0.000950
v 0.002682 0.022255 -0.000950
v 0.002725 0.022346 -0.000923
v 0.002682 0.022255 -0.000950
v 0.001978 0.022642 -0.000923
v 0.001978 0.022642 -0.000923
v 0.002682 0.022255 -0.000950
v 0.001947 0.022547 -0.000950
v 0.001978 0.022642 -0.000923
v 0.001947 0.022547 -0.000950
v 0.001199 0.022842 -0.000923
v 0.001199 0.022842 -0.000923
v 0.001947 0.022547 -0.000950
v 0.001181 0.022743 -0.000950
v 0.001199 0.022842 -0.000923
v 0.001181 0.022743 -0.000950
v 0.000402 0.022942 -0.000923
v 0.000402 0.022942 -0.000923
v 0.001181 0.022743 -0.000950
v 0.000396 0.022843 -0.000950
v 0.000402 0.022942 -0.000923
v 0.000396 0.022843 -0.000950
v -0.000402 0.022942 -0.000923
v -0.000402 0.022942 -0.000923
v 0.000396 0.022843 -0.000950
v -0.000396 0.022843 -0.000950
v -0.000402 0.022942 -0.000923
v -0.000396 0.022843 -0.000950
v -0.001199 0.022842 -0.000923
v -0.001199 0.022842 -0.000923
v -0.000396 0.022843 -0.000950
v -0.001181 0.022743 -0.000950
v -0.001199 0.022842 -0.000923
v -0.001181 0.022743 -0.000950
v -0.001978 0.022642 -0.000923
v -0.001978 0.022642 -0.000923
v -0.001181 0.022743 -0.000950
v -0.001947 0.022547 -0.000950
v -0.001978 0.022642 -0.000923
v -0.001947 0.022547 -0.000950
v -0.002725 0.022346 -0.000923
v -0.002725 0.022346 -0.000923
v -0.001947 0.022547 -0.000950
v -0.002682 0.022255 -0.000950
v -0.002725 0.022346 -0.000923
v -0.002682 0.022255 -0.000950
v -0.003429 0.021959 -0.000923
v -0.003429 0.021959 -0.000923
v -0.002682 0.022255 -0.000950
v -0.003376 0.021874 -0.000950
v -0.003429 0.021959 -0.000923
v -0.003376 0.021874 -0.000950
v -0.004080 0.021486 -0.000923
v -0.004080 0.021486 -0.000923
v -0.003376 0.021874 -0.000950
v -0.004016 0.021409 -0.000950
v -0.004080 0.021486 -0.000923
v -0.004016 0.021409 -0.000950
v -0.004665 0.020936 -0.000923
v -0.004665 0.020936 -0.000923
v -0.004016 0.021409 -0.000950
v -0.004593 0.020868 -0.000950
v -0.004665 0.020936 -0.000923
v -0.004593 0.020868 -0.000950
v -0.005178 0.020317 -0.000923
v -0.005178 0.020317 -0.000923
v -0.004593 0.020868 -0.000950
v -0.005097 0.020258 -0.000950
v -0.005178 0.020317 -0.000923
v -0.005097 0.020258 -0.000950
v -0.005608 0.019638 -0.000923
v -0.005608 0.019638 -0.000923
v -0.005097 0.020258 -0.000950
v -0.005521 0.019590 -0.000950
v -0.005608 0.019638 -0.000923
v -0.005521 0.019590 -0.000950
v -0.005951 0.018911 -0.000923
v -0.005951 0.018911 -0.000923
v -0.005521 0.019590 -0.000950
v -0.005858 0.018874 -0.000950
v -0.005951 0.018911 -0.000923
v -0.005858 0.018874 -0.000950
v -0.006199 0.018147 -0.000923
v -0.006199 0.018147 -0.000923
v -0.005858 0.018874 -0.000950
v -0.006102 0.018122 -0.000950
v -0.006199 0.018147 -0.000923
v -0.006102 0.018122 -0.000950
v -0.006350 0.017357 -0.000923
v -0.006350 0.017357 -0.000923
v -0.006102 0.018122 -0.000950
v -0.006250 0.017345 -0.000950
v 0.006500 0.016555 -0.000750
v 0.006500 0.002255 -0.000750
v 0.006473 0.016555 -0.000850
v 0.006473 0.016555 -0.000850
v 0.006500 0.002255 -0.000750
v 0.006473 0.002255 -0.000850
v 0.006473 0.016555 -0.000850
v 0.006473 0.002255 -0.000850
v 0.006400 0.016555 -0.000923
v 0.006400 0.016555 -0.000923
v 0.006473 0.002255 -0.000850
v 0.006400 0.002255 -0.000923
v 0.006400 0.016555 -0.000923
v 0.006400 0.002255 -0.000923
v 0.006300 0.016555 -0.000950
v 0.006300 0.016555 -0.000950
v 0.006400 0.002255 -0.000923
v 0.006300 0.002255 -0.000950
v -0.006300 0.002255 -0.000950
v -0.005700 0.002255 -0.000950
v -0.006300 0.002155 -0.000923
v -0.006300 0.002155 -0.000923
v -0.005700 0.002255 -0.000950
v -0.005700 0.002155 -0.000923
v -0.006300 0.002155 -0.000923
v -0.005700 0.002155 -0.000923
v -0.006300 0.002082 -0.000850
v -0.006300 0.002082 -0.000850
v -0.005700 0.002155 -0.000923
v -0.005700 0.002082 -0.000850
v -0.006300 0.002082 -0.000850
v -0.005700 0.002082 -0.000850
v -0.006300 0.002055 -0.000750
v -0.006300 0.002055 -0.000750
v -0.005700 0.002082 -0.000850
v -0.005700 0.002055 -0.000750
v -0.005700 0.005755 -0.000950
v -0.005623 0.005506 -0.000935
v -0.005700 0.002255 -0.000950
v -0.005700 0.002255 -0.000950
v -0.005623 0.005506 -0.000935
v -0.005600 0.002255 -0.000923
v -0.005600 0.002255 -0.000923
v -0.005623 0.005506 -0.000935
v -0.005559 0.005295 -0.000891
v -0.005600 0.002255 -0.000923
v -0.005559 0.005295 -0.000891
v -0.005527 0.002255 -0.000850
v -0.005527 0.002255 -0.000850
v -0.005559 0.005295 -0.000891
v -0.005515 0.005154 -0.000827
v -0.005527 0.002255 -0.000850
v -0.005515 0.005154 -0.000827
v -0.005504 0.005117 -0.000789
v -0.005500 0.005105 -0.000750
v -0.005500 0.002255 -0.000750
v -0.005504 0.005117 -0.000789
v -0.005504 0.005117 -0.000789
v -0.005500 0.002255 -0.000750
v -0.005527 0.002255 -0.000850
v 0.006500 0.006355 0.007400
v 0.006500 0.006355 0.008850
v 0.006500 0.003204 0.007381
v 0.006500 0.003204 0.007381
v 0.006500 0.006355 0.008850
v 0.006500 0.002255 0.008850
v 0.006500 0.003204 0.007381
v 0.006500 0.002255 0.008850
v 0.006500 0.003055 0.007425
v 0.006500 0.003055 0.007425
v 0.006500 0.002255 0.008850
v 0.006500 0.002906 0.007381
v 0.006500 0.002906 0.007381
v 0.006500 0.002255 0.008850
v 0.006500 0.002805 0.007264
v 0.006500 0.002805 0.007264
v 0.006500 0.002255 0.008850
v 0.006500 0.002783 0.007111
v 0.006500 0.002783 0.007111
v 0.006500 0.002255 0.008850
v 0.006500 0.002805 0.002264
v 0.006500 0.002783 0.007111
v 0.006500 0.002805 0.002264
v 0.006500 0.002847 0.006970
v 0.006500 0.002847 0.006970
v 0.006500 0.002805 0.002264
v 0.006500 0.002906 0.002381
v 0.006500 0.002847 0.006970
v 0.006500 0.002906 0.002381
v 0.006500 0.002977 0.006886
v 0.006500 0.002977 0.006886
v 0.006500 0.002906 0.002381
v 0.006500 0.003055 0.002425
v 0.006500 0.002977 0.006886
v 0.006500 0.003055 0.002425
v 0.006500 0.003132 0.006886
v 0.006500 0.003132 0.006886
v 0.006500 0.003055 0.002425
v 0.006500 0.006827 0.005027
v 0.006500 0.003132 0.006886
v 0.006500 0.006827 0.005027
v 0.006500 0.006566 0.005795
v 0.006500 0.002805 0.002264
v 0.006500 0.002255 0.008850
v 0.006500 0.002783 0.002111
v 0.006500 0.002783 0.002111
v 0.006500 0.002255 0.008850
v 0.006500 0.002255 -0.000750
v 0.006500 0.002783 0.002111
v 0.006500 0.002255 -0.000750
v 0.006500 0.002847 0.001970
v 0.006500 0.002847 0.001970
v 0.006500 0.002255 -0.000750
v 0.006500 0.002977 0.001886
v 0.006500 0.002977 0.001886
v 0.006500 0.002255 -0.000750
v 0.006500 0.003132 0.001886
v 0.006500 0.003132 0.001886
v 0.006500 0.002255 -0.000750
v 0.006500 0.003263 0.001970
v 0.006500 0.003263 0.001970
v 0.006500 0.002255 -0.000750
v 0.006500 0.009455 0.002031
v 0.006500 0.003263 0.001970
v 0.006500 0.009455 0.002031
v 0.006500 0.008781 0.002481
v 0.006500 0.016555 -0.000750
v 0.006500 0.011746 0.001253
v 0.006500 0.002255 -0.000750
v 0.006500 0.002255 -0.000750
v 0.006500 0.011746 0.001253
v 0.006500 0.010950 0.001411
v 0.006500 0.002255 -0.000750
v 0.006500 0.010950 0.001411
v 0.006500 0.010182 0.001672
v 0.006500 0.016555 0.001200
v 0.006500 0.012555 0.001200
v 0.006500 0.016555 -0.000750
v 0.006500 0.016555 -0.000750
v 0.006500 0.012555 0.001200
v 0.006500 0.011746 0.001253
v 0.006500 0.010182 0.001672
v 0.006500 0.009455 0.002031
v 0.006500 0.002255 -0.000750
v 0.006500 0.003263 0.001970
v 0.006500 0.008781 0.002481
v 0.006500 0.003327 0.002111
v 0.006500 0.003327 0.002111
v 0.006500 0.008781 0.002481
v 0.006500 0.008171 0.003016
v 0.006500 0.003327 0.002111
v 0.006500 0.008171 0.003016
v 0.006500 0.003305 0.002264
v 0.006500 0.003305 0.002264
v 0.006500 0.008171 0.003016
v 0.006500 0.007636 0.003626
v 0.006500 0.003305 0.002264
v 0.006500 0.007636 0.003626
v 0.006500 0.003204 0.002381
v 0.006500 0.003204 0.002381
v 0.006500 0.007636 0.003626
v 0.006500 0.007186 0.004300
v 0.006500 0.003204 0.002381
v 0.006500 0.007186 0.004300
v 0.006500 0.006827 0.005027
v 0.006500 0.003132 0.006886
v 0.006500 0.006566 0.005795
v 0.006500 0.003263 0.006970
v 0.006500 0.003263 0.006970
v 0.006500 0.006566 0.005795
v 0.006500 0.006408 0.006591
v 0.006500 0.003263 0.006970
v 0.006500 0.006408 0.006591
v 0.006500 0.003327 0.007111
v 0.006500 0.003327 0.007111
v 0.006500 0.006408 0.006591
v 0.006500 0.006355 0.007400
v 0.006500 0.003327 0.007111
v 0.006500 0.006355 0.007400
v 0.006500 0.003305 0.007264
v 0.006500 0.003305 0.007264
v 0.006500 0.006355 0.007400
v 0.006500 0.003204 0.007381
v 0.006500 0.003055 0.002425
v 0.006500 0.003204 0.002381
v 0.006500 0.006827 0.005027
v 0.006500 0.016555 0.001200
v 0.006500 0.016555 -0.000750
v 0.006449 0.017370 0.001200
v 0.006449 0.017370 0.001200
v 0.006500 0.016555 -0.000750
v 0.006449 0.017370 -0.000750
v 0.006449 0.017370 0.001200
v 0.006449 0.017370 -0.000750
v 0.006296 0.018171 0.001200
v 0.006296 0.018171 0.001200
v 0.006449 0.017370 -0.000750
v 0.006296 0.018171 -0.000750
v 0.006296 0.018171 0.001200
v 0.006296 0.018171 -0.000750
v 0.006044 0.018948 0.001200
v 0.006044 0.018948 0.001200
v 0.006296 0.018171 -0.000750
v 0.006044 0.018948 -0.000750
v 0.006044 0.018948 0.001200
v 0.006044 0.018948 -0.000750
v 0.005696 0.019686 0.001200
v 0.005696 0.019686 0.001200
v 0.006044 0.018948 -0.000750
v 0.005696 0.019686 -0.000750
v 0.005696 0.019686 0.001200
v 0.005696 0.019686 -0.000750
v 0.005259 0.020376 0.001200
v 0.005259 0.020376 0.001200
v 0.005696 0.019686 -0.000750
v 0.005259 0.020376 -0.000750
v 0.005259 0.020376 0.001200
v 0.005259 0.020376 -0.000750
v 0.004738 0.021005 0.001200
v 0.004738 0.021005 0.001200
v 0.005259 0.020376 -0.000750
v 0.004738 0.021005 -0.000750
v 0.004738 0.021005 0.001200
v 0.004738 0.021005 -0.000750
v 0.004143 0.021563 0.001200
v 0.004143 0.021563 0.001200
v 0.004738 0.021005 -0.000750
v 0.004143 0.021563 -0.000750
v 0.004143 0.021563 0.001200
v 0.004143 0.021563 -0.000750
v 0.003483 0.022043 0.001200
v 0.003483 0.022043 0.001200
v 0.004143 0.021563 -0.000750
v 0.003483 0.022043 -0.000750
v 0.003483 0.022043 0.001200
v 0.003483 0.022043 -0.000750
v 0.002768 0.022436 0.001200
v 0.002768 0.022436 0.001200
v 0.003483 0.022043 -0.000750
v 0.002768 0.022436 -0.000750
v 0.002768 0.022436 0.001200
v 0.002768 0.022436 -0.000750
v 0.002009 0.022737 0.001200
v 0.002009 0.022737 0.001200
v 0.002768 0.022436 -0.000750
v 0.002009 0.022737 -0.000750
v 0.002009 0.022737 0.001200
v 0.002009 0.022737 -0.000750
v 0.001218 0.022940 0.001200
v 0.001218 0.022940 0.001200
v 0.002009 0.022737 -0.000750
v 0.001218 0.022940 -0.000750
v 0.001218 0.022940 0.001200
v 0.001218 0.022940 -0.000750
v 0.000408 0.023042 0.001200
v 0.000408 0.023042 0.001200
v 0.001218 0.022940 -0.000750
v 0.000408 0.023042 -0.000750
v 0.000408 0.023042 0.001200
v 0.000408 0.023042 -0.000750
v -0.000408 0.023042 0.001200
v -0.000408 0.023042 0.001200
v 0.000408 0.023042 -0.000750
v -0.000408 0.023042 -0.000750
v -0.000408 0.023042 0.001200
v -0.000408 0.023042 -0.000750
v -0.001218 0.022940 0.001200
v -0.001218 0.022940 0.001200
v -0.000408 0.023042 -0.000750
v -0.001218 0.022940 -0.000750
v -0.001218 0.022940 0.001200
v -0.001218 0.022940 -0.000750
v -0.002009 0.022737 0.001200
v -0.002009 0.022737 0.001200
v -0.001218 0.022940 -0.000750
v -0.002009 0.022737 -0.000750
v -0.002009 0.022737 0.001200
v -0.002009 0.022737 -0.000750
v -0.002768 0.022436 0.001200
v -0.002768 0.022436 0.001200
v -0.002009 0.022737 -0.000750
v -0.002768 0.022436 -0.000750
v -0.002768 0.022436 0.001200
v -0.002768 0.022436 -0.000750
v -0.003483 0.022043 0.001200
v -0.003483 0.022043 0.001200
v -0.002768 0.022436 -0.000750
v -0.003483 0.022043 -0.000750
v -0.003483 0.022043 0.001200
v -0.003483 0.022043 -0.000750
v -0.004143 0.021563 0.001200
v -0.004143 0.021563 0.001200
v -0.003483 0.022043 -0.000750
v -0.004143 0.021563 -0.000750
v -0.004143 0.021563 0.001200
v -0.004143 0.021563 -0.000750
v -0.004738 0.021005 0.001200
v -0.004738 0.021005 0.001200
v -0.004143 0.021563 -0.000750
v -0.004738 0.021005 -0.000750
v -0.004738 0.021005 0.001200
v -0.004738 0.021005 -0.000750
v -0.005259 0.020376 0.001200
v -0.005259 0.020376 0.001200
v -0.004738 0.021005 -0.000750
v -0.005259 0.020376 -0.000750
v -0.005259 0.020376 0.001200
v -0.005259 0.020376 -0.000750
v -0.005696 0.019686 0.001200
v -0.005696 0.019686 0.001200
v -0.005259 0.020376 -0.000750
v -0.005696 0.019686 -0.000750
v -0.005696 0.019686 0.001200
v -0.005696 0.019686 -0.000750
v -0.006044 0.018948 0.001200
v -0.006044 0.018948 0.001200
v -0.005696 0.019686 -0.000750
v -0.006044 0.018948 -0.000750
v -0.006044 0.018948 0.001200
v -0.006044 0.018948 -0.000750
v -0.006296 0.018171 0.001200
v -0.006296 0.018171 0.001200
v -0.006044 0.018948 -0.000750
v -0.006296 0.018171 -0.000750
v -0.006296 0.018171 0.001200
v -0.006296 0.018171 -0.000750
v -0.006449 0.017370 0.001200
v -0.006449 0.017370 0.001200
v -0.006296 0.018171 -0.000750
v -0.006449 0.017370 -0.000750
v -0.006449 0.017370 0.001200
v -0.006449 0.017370 -0.000750
v -0.006500 0.016555 0.001200
v -0.006500 0.016555 0.001200
v -0.006449 0.017370 -0.000750
v -0.006500 0.016555 -0.000750
v -0.006500 0.006355 0.008850
v -0.006500 0.003204 0.007381
v -0.006500 0.002255 0.008850
v -0.006500 0.002255 0.008850
v -0.006500 0.003204 0.007381
v -0.006500 0.003055 0.007425
v -0.006500 0.002255 0.008850
v -0.006500 0.003055 0.007425
v -0.006500 0.002906 0.007381
v -0.006500 0.006355 0.008850
v -0.006500 0.006355 0.007400
v -0.006500 0.003204 0.007381
v -0.006500 0.003204 0.007381
v -0.006500 0.006355 0.007400
v -0.006500 0.003305 0.007264
v -0.006500 0.003305 0.007264
v -0.006500 0.006355 0.007400
v -0.006500 0.003327 0.007111
v -0.006500 0.003327 0.007111
v -0.006500 0.006355 0.007400
v -0.006500 0.006408 0.006591
v -0.006500 0.003327 0.007111
v -0.006500 0.006408 0.006591
v -0.006500 0.003263 0.006970
v -0.006500 0.003263 0.006970
v -0.006500 0.006408 0.006591
v -0.006500 0.006566 0.005795
v -0.006500 0.003263 0.006970
v -0.006500 0.006566 0.005795
v -0.006500 0.003132 0.006886
v -0.006500 0.003132 0.006886
v -0.006500 0.006566 0.005795
v -0.006500 0.006827 0.005027
v -0.006500 0.003132 0.006886
v -0.006500 0.006827 0.005027
v -0.006500 0.003055 0.002425
v -0.006500 0.003055 0.002425
v -0.006500 0.006827 0.005027
v -0.006500 0.003204 0.002381
v -0.006500 0.003204 0.002381
v -0.006500 0.006827 0.005027
v -0.006500 0.007186 0.004300
v -0.006500 0.003204 0.002381
v -0.006500 0.007186 0.004300
v -0.006500 0.007636 0.003626
v -0.006500 0.003204 0.002381
v -0.006500 0.007636 0.003626
v -0.006500 0.003305 0.002264
v -0.006500 0.003305 0.002264
v -0.006500 0.007636 0.003626
v -0.006500 0.008171 0.003016
v -0.006500 0.003305 0.002264
v -0.006500 0.008171 0.003016
v -0.006500 0.003327 0.002111
v -0.006500 0.003327 0.002111
v -0.006500 0.008171 0.003016
v -0.006500 0.008781 0.002481
v -0.006500 0.003327 0.002111
v -0.006500 0.008781 0.002481
v -0.006500 0.003263 0.001970
v -0.006500 0.003263 0.001970
v -0.006500 0.008781 0.002481
v -0.006500 0.009455 0.002031
v -0.006500 0.003263 0.001970
v -0.006500 0.009455 0.002031
v -0.006500 0.002255 -0.000750
v -0.006500 0.002255 -0.000750
v -0.006500 0.009455 0.002031
v -0.006500 0.010182 0.001672
v -0.006500 0.002255 -0.000750
v -0.006500 0.010182 0.001672
v -0.006500 0.010950 0.001411
v -0.006500 0.010950 0.001411
v -0.006500 0.011746 0.001253
v -0.006500 0.002255 -0.000750
v -0.006500 0.002255 -0.000750
v -0.006500 0.011746 0.001253
v -0.006500 0.016555 -0.000750
v -0.006500 0.016555 -0.000750
v -0.006500 0.011746 0.001253
v -0.006500 0.012555 0.001200
v -0.006500 0.016555 -0.000750
v -0.006500 0.012555 0.001200
v -0.006500 0.016555 0.001200
v -0.006500 0.002255 0.008850
v -0.006500 0.002783 0.002111
v -0.006500 0.002255 -0.000750
v -0.006500 0.002255 -0.000750
v -0.006500 0.002783 0.002111
v -0.006500 0.002847 0.001970
v -0.006500 0.002255 -0.000750
v -0.006500 0.002847 0.001970
v -0.006500 0.002977 0.001886
v -0.006500 0.002906 0.007381
v -0.006500 0.002805 0.007264
v -0.006500 0.002255 0.008850
v -0.006500 0.002255 0.008850
v -0.006500 0.002805 0.007264
v -0.006500 0.002783 0.007111
v -0.006500 0.002255 0.008850
v -0.006500 0.002783 0.007111
v -0.006500 0.002805 0.002264
v -0.006500 0.002805 0.002264
v -0.006500 0.002783 0.007111
v -0.006500 0.002847 0.006970
v -0.006500 0.002805 0.002264
v -0.006500 0.002847 0.006970
v -0.006500 0.002906 0.002381
v -0.006500 0.002906 0.002381
v -0.006500 0.002847 0.006970
v -0.006500 0.002977 0.006886
v -0.006500 0.002906 0.002381
v -0.006500 0.002977 0.006886
v -0.006500 0.003055 0.002425
v -0.006500 0.003055 0.002425
v -0.006500 0.002977 0.006886
v -0.006500 0.003132 0.006886
v -0.006500 0.002805 0.002264
v -0.006500 0.002783 0.002111
v -0.006500 0.002255 0.008850
v -0.006500 0.002977 0.001886
v -0.006500 0.003132 0.001886
v -0.006500 0.002255 -0.000750
v -0.006500 0.002255 -0.000750
v -0.006500 0.003132 0.001886
v -0.006500 0.003263 0.001970
v -0.003149 0.015984 -0.000950
v -0.006300 0.016555 -0.000950
v -0.003200 0.016555 -0.000950
v -0.003200 0.016555 -0.000950
v -0.006300 0.016555 -0.000950
v -0.006250 0.017345 -0.000950
v -0.003200 0.016555 -0.000950
v -0.006250 0.017345 -0.000950
v -0.006102 0.018122 -0.000950
v -0.003149 0.015984 -0.000950
v -0.002996 0.015431 -0.000950
v -0.006300 0.016555 -0.000950
v -0.006300 0.016555 -0.000950
v -0.002996 0.015431 -0.000950
v -0.002747 0.014914 -0.000950
v -0.006300 0.016555 -0.000950
v -0.002747 0.014914 -0.000950
v -0.005700 0.005755 -0.000950
v -0.005700 0.005755 -0.000950
v -0.002747 0.014914 -0.000950
v -0.002410 0.014450 -0.000950
v -0.005700 0.005755 -0.000950
v -0.002410 0.014450 -0.000950
v -0.001995 0.014053 -0.000950
v -0.001995 0.014053 -0.000950
v -0.001516 0.013737 -0.000950
v -0.005700 0.005755 -0.000950
v -0.005700 0.005755 -0.000950
v -0.001516 0.013737 -0.000950
v -0.000989 0.013512 -0.000950
v -0.005700 0.005755 -0.000950
v -0.000989 0.013512 -0.000950
v -0.000430 0.013384 -0.000950
v -0.000430 0.013384 -0.000950
v 0.000144 0.013358 -0.000950
v -0.005700 0.005755 -0.000950
v -0.005700 0.005755 -0.000950
v 0.000144 0.013358 -0.000950
v 0.005700 0.005755 -0.000950
v 0.005700 0.005755 -0.000950
v 0.000144 0.013358 -0.000950
v 0.000712 0.013435 -0.000950
v 0.005700 0.005755 -0.000950
v 0.000712 0.013435 -0.000950
v 0.001258 0.013612 -0.000950
v 0.001258 0.013612 -0.000950
v 0.001763 0.013884 -0.000950
v 0.005700 0.005755 -0.000950
v 0.005700 0.005755 -0.000950
v 0.001763 0.013884 -0.000950
v 0.002211 0.014242 -0.000950
v 0.005700 0.005755 -0.000950
v 0.002211 0.014242 -0.000950
v 0.002589 0.014674 -0.000950
v 0.002589 0.014674 -0.000950
v 0.002883 0.015167 -0.000950
v 0.005700 0.005755 -0.000950
v 0.005700 0.005755 -0.000950
v 0.002883 0.015167 -0.000950
v 0.006300 0.016555 -0.000950
v 0.005700 0.005755 -0.000950
v 0.006300 0.016555 -0.000950
v 0.006300 0.002255 -0.000950
v 0.002883 0.015167 -0.000950
v 0.003085 0.015704 -0.000950
v 0.006300 0.016555 -0.000950
v 0.006300 0.016555 -0.000950
v 0.003085 0.015704 -0.000950
v 0.003187 0.016268 -0.000950
v 0.006300 0.016555 -0.000950
v 0.003187 0.016268 -0.000950
v 0.003187 0.016842 -0.000950
v 0.003085 0.017406 -0.000950
v 0.005521 0.019590 -0.000950
v 0.003187 0.016842 -0.000950
v 0.003187 0.016842 -0.000950
v 0.005521 0.019590 -0.000950
v 0.005858 0.018874 -0.000950
v 0.003187 0.016842 -0.000950
v 0.005858 0.018874 -0.000950
v 0.006102 0.018122 -0.000950
v 0.005521 0.019590 -0.000950
v 0.003085 0.017406 -0.000950
v 0.005097 0.020258 -0.000950
v 0.005097 0.020258 -0.000950
v 0.003085 0.017406 -0.000950
v 0.002883 0.017943 -0.000950
v 0.005097 0.020258 -0.000950
v 0.002883 0.017943 -0.000950
v 0.004593 0.020868 -0.000950
v 0.004593 0.020868 -0.000950
v 0.002883 0.017943 -0.000950
v 0.004016 0.021409 -0.000950
v 0.004016 0.021409 -0.000950
v 0.002883 0.017943 -0.000950
v 0.002589 0.018436 -0.000950
v 0.004016 0.021409 -0.000950
v 0.002589 0.018436 -0.000950
v 0.003376 0.021874 -0.000950
v 0.003376 0.021874 -0.000950
v 0.002589 0.018436 -0.000950
v 0.002211 0.018868 -0.000950
v 0.003376 0.021874 -0.000950
v 0.002211 0.018868 -0.000950
v 0.002682 0.022255 -0.000950
v 0.002682 0.022255 -0.000950
v 0.002211 0.018868 -0.000950
v 0.001763 0.019226 -0.000950
v 0.002682 0.022255 -0.000950
v 0.001763 0.019226 -0.000950
v 0.001947 0.022547 -0.000950
v 0.001947 0.022547 -0.000950
v 0.001763 0.019226 -0.000950
v 0.001258 0.019497 -0.000950
v 0.001947 0.022547 -0.000950
v 0.001258 0.019497 -0.000950
v 0.001181 0.022743 -0.000950
v 0.001181 0.022743 -0.000950
v 0.001258 0.019497 -0.000950
v 0.000712 0.019675 -0.000950
v 0.001181 0.022743 -0.000950
v 0.000712 0.019675 -0.000950
v 0.000396 0.022843 -0.000950
v 0.000396 0.022843 -0.000950
v 0.000712 0.019675 -0.000950
v 0.000144 0.019752 -0.000950
v 0.000396 0.022843 -0.000950
v 0.000144 0.019752 -0.000950
v -0.000396 0.022843 -0.000950
v -0.000396 0.022843 -0.000950
v 0.000144 0.019752 -0.000950
v -0.000430 0.019726 -0.000950
v -0.000396 0.022843 -0.000950
v -0.000430 0.019726 -0.000950
v -0.001181 0.022743 -0.000950
v -0.001181 0.022743 -0.000950
v -0.000430 0.019726 -0.000950
v -0.000989 0.019598 -0.000950
v -0.001181 0.022743 -0.000950
v -0.000989 0.019598 -0.000950
v -0.001947 0.022547 -0.000950
v -0.001947 0.022547 -0.000950
v -0.000989 0.019598 -0.000950
v -0.001516 0.019373 -0.000950
v -0.001947 0.022547 -0.000950
v -0.001516 0.019373 -0.000950
v -0.002682 0.022255 -0.000950
v -0.002682 0.022255 -0.000950
v -0.001516 0.019373 -0.000950
v -0.001995 0.019057 -0.000950
v -0.002682 0.022255 -0.000950
v -0.001995 0.019057 -0.000950
v -0.003376 0.021874 -0.000950
v -0.003376 0.021874 -0.000950
v -0.001995 0.019057 -0.000950
v -0.002410 0.018660 -0.000950
v -0.003376 0.021874 -0.000950
v -0.002410 0.018660 -0.000950
v -0.004016 0.021409 -0.000950
v -0.004016 0.021409 -0.000950
v -0.002410 0.018660 -0.000950
v -0.002747 0.018196 -0.000950
v -0.004016 0.021409 -0.000950
v -0.002747 0.018196 -0.000950
v -0.004593 0.020868 -0.000950
v -0.004593 0.020868 -0.000950
v -0.002747 0.018196 -0.000950
v -0.002996 0.017679 -0.000950
v -0.004593 0.020868 -0.000950
v -0.002996 0.017679 -0.000950
v -0.005097 0.020258 -0.000950
v -0.005097 0.020258 -0.000950
v -0.002996 0.017679 -0.000950
v -0.003149 0.017126 -0.000950
v -0.005097 0.020258 -0.000950
v -0.003149 0.017126 -0.000950
v -0.005521 0.019590 -0.000950
v -0.005521 0.019590 -0.000950
v -0.003149 0.017126 -0.000950
v -0.005858 0.018874 -0.000950
v -0.005858 0.018874 -0.000950
v -0.003149 0.017126 -0.000950
v -0.006102 0.018122 -0.000950
v -0.006102 0.018122 -0.000950
v -0.003149 0.017126 -0.000950
v -0.003200 0.016555 -0.000950
v -0.005700 0.002255 -0.000950
v -0.006300 0.002255 -0.000950
v -0.005700 0.005755 -0.000950
v -0.005700 0.005755 -0.000950
v -0.006300 0.002255 -0.000950
v -0.006300 0.016555 -0.000950
v 0.006102 0.018122 -0.000950
v 0.006250 0.017345 -0.000950
v 0.003187 0.016842 -0.000950
v 0.003187 0.016842 -0.000950
v 0.006250 0.017345 -0.000950
v 0.006300 0.016555 -0.000950
v 0.006300 0.002255 -0.000950
v 0.005700 0.002255 -0.000950
v 0.005700 0.005755 -0.000950
v -0.005500 0.002255 0.008850
v -0.005500 0.003185 0.007225
v -0.005500 0.005105 0.008850
v -0.005500 0.005105 0.008850
v -0.005500 0.003185 0.007225
v -0.005500 0.003203 0.007124
v -0.005500 0.005105 0.008850
v -0.005500 0.003203 0.007124
v -0.005500 0.003203 0.002124
v -0.005500 0.003203 0.002124
v -0.005500 0.003203 0.007124
v -0.005500 0.003185 0.002225
v -0.005500 0.003185 0.002225
v -0.005500 0.003203 0.007124
v -0.005500 0.003151 0.007035
v -0.005500 0.003185 0.002225
v -0.005500 0.003151 0.007035
v -0.005500 0.003106 0.002291
v -0.005500 0.003106 0.002291
v -0.005500 0.003151 0.007035
v -0.005500 0.003055 0.007000
v -0.005500 0.003106 0.002291
v -0.005500 0.003055 0.007000
v -0.005500 0.003004 0.002291
v -0.005500 0.003004 0.002291
v -0.005500 0.003055 0.007000
v -0.005500 0.002959 0.007035
v -0.005500 0.003004 0.002291
v -0.005500 0.002959 0.007035
v -0.005500 0.002925 0.002225
v -0.005500 0.002925 0.002225
v -0.005500 0.002959 0.007035
v -0.005500 0.002907 0.007124
v -0.005500 0.002925 0.002225
v -0.005500 0.002907 0.007124
v -0.005500 0.002255 0.008850
v -0.005500 0.002255 0.008850
v -0.005500 0.002907 0.007124
v -0.005500 0.002925 0.007225
v -0.005500 0.002255 0.008850
v -0.005500 0.002925 0.007225
v -0.005500 0.003004 0.007291
v -0.005500 0.002925 0.002225
v -0.005500 0.002255 0.008850
v -0.005500 0.002907 0.002124
v -0.005500 0.002907 0.002124
v -0.005500 0.002255 0.008850
v -0.005500 0.002255 -0.000750
v -0.005500 0.002907 0.002124
v -0.005500 0.002255 -0.000750
v -0.005500 0.002959 0.002035
v -0.005500 0.002959 0.002035
v -0.005500 0.002255 -0.000750
v -0.005500 0.003055 0.002000
v -0.005500 0.003055 0.002000
v -0.005500 0.002255 -0.000750
v -0.005500 0.003151 0.002035
v -0.005500 0.003151 0.002035
v -0.005500 0.002255 -0.000750
v -0.005500 0.005105 -0.000750
v -0.005500 0.003151 0.002035
v -0.005500 0.005105 -0.000750
v -0.005500 0.003203 0.002124
v -0.005500 0.003203 0.002124
v -0.005500 0.005105 -0.000750
v -0.005500 0.005105 0.008850
v -0.005500 0.003004 0.007291
v -0.005500 0.003106 0.007291
v -0.005500 0.002255 0.008850
v -0.005500 0.002255 0.008850
v -0.005500 0.003106 0.007291
v -0.005500 0.003185 0.007225
v -0.000273 0.018879 -0.000750
v -0.000376 0.018857 -0.000850
v -0.000325 0.019055 -0.000750
v -0.000325 0.019055 -0.000750
v -0.000376 0.018857 -0.000850
v -0.000425 0.019055 -0.000850
v -0.000325 0.019055 -0.000750
v -0.000425 0.019055 -0.000850
v -0.000376 0.019252 -0.000850
v -0.000376 0.018857 -0.000850
v -0.000273 0.018879 -0.000750
v -0.000241 0.018705 -0.000850
v -0.000241 0.018705 -0.000850
v -0.000273 0.018879 -0.000750
v -0.000135 0.018759 -0.000750
v -0.000241 0.018705 -0.000850
v -0.000135 0.018759 -0.000750
v -0.000051 0.018633 -0.000850
v -0.000051 0.018633 -0.000850
v -0.000135 0.018759 -0.000750
v 0.000046 0.018733 -0.000750
v -0.000051 0.018633 -0.000850
v 0.000046 0.018733 -0.000750
v 0.000151 0.018658 -0.000850
v 0.000151 0.018658 -0.000850
v 0.000046 0.018733 -0.000750
v 0.000213 0.018809 -0.000750
v 0.000151 0.018658 -0.000850
v 0.000213 0.018809 -0.000750
v 0.000318 0.018773 -0.000850
v 0.000318 0.018773 -0.000850
v 0.000213 0.018809 -0.000750
v 0.000312 0.018963 -0.000750
v 0.000318 0.018773 -0.000850
v 0.000312 0.018963 -0.000750
v 0.000413 0.018953 -0.000850
v 0.000413 0.018953 -0.000850
v 0.000312 0.018963 -0.000750
v 0.000312 0.019147 -0.000750
v 0.000413 0.018953 -0.000850
v 0.000312 0.019147 -0.000750
v 0.000413 0.019157 -0.000850
v 0.000413 0.019157 -0.000850
v 0.000312 0.019147 -0.000750
v 0.000318 0.019337 -0.000850
v 0.000318 0.019337 -0.000850
v 0.000312 0.019147 -0.000750
v 0.000213 0.019301 -0.000750
v 0.000318 0.019337 -0.000850
v 0.000213 0.019301 -0.000750
v 0.000151 0.019452 -0.000850
v 0.000151 0.019452 -0.000850
v 0.000213 0.019301 -0.000750
v 0.000046 0.019377 -0.000750
v 0.000151 0.019452 -0.000850
v 0.000046 0.019377 -0.000750
v -0.000051 0.019477 -0.000850
v -0.000051 0.019477 -0.000850
v 0.000046 0.019377 -0.000750
v -0.000135 0.019351 -0.000750
v -0.000051 0.019477 -0.000850
v -0.000135 0.019351 -0.000750
v -0.000241 0.019405 -0.000850
v -0.000241 0.019405 -0.000850
v -0.000135 0.019351 -0.000750
v -0.000273 0.019231 -0.000750
v -0.000241 0.019405 -0.000850
v -0.000273 0.019231 -0.000750
v -0.000376 0.019252 -0.000850
v -0.000376 0.019252 -0.000850
v -0.000273 0.019231 -0.000750
v -0.000325 0.019055 -0.000750
v 0.000273 0.019231 0.002050
v 0.000312 0.019147 -0.000750
v 0.000325 0.019055 0.002050
v 0.000325 0.019055 0.002050
v 0.000312 0.019147 -0.000750
v 0.000312 0.018963 -0.000750
v 0.000325 0.019055 0.002050
v 0.000312 0.018963 -0.000750
v 0.000273 0.018879 0.002050
v 0.000273 0.018879 0.002050
v 0.000312 0.018963 -0.000750
v 0.000213 0.018809 -0.000750
v 0.000273 0.018879 0.002050
v 0.000213 0.018809 -0.000750
v 0.000135 0.018759 0.002050
v 0.000135 0.018759 0.002050
v 0.000213 0.018809 -0.000750
v 0.000046 0.018733 -0.000750
v 0.000135 0.018759 0.002050
v 0.000046 0.018733 -0.000750
v -0.000046 0.018733 0.002050
v -0.000046 0.018733 0.002050
v 0.000046 0.018733 -0.000750
v -0.000135 0.018759 -0.000750
v -0.000046 0.018733 0.002050
v -0.000135 0.018759 -0.000750
v -0.000213 0.018809 0.002050
v -0.000213 0.018809 0.002050
v -0.000135 0.018759 -0.000750
v -0.000273 0.018879 -0.000750
v -0.000213 0.018809 0.002050
v -0.000273 0.018879 -0.000750
v -0.000312 0.018963 0.002050
v -0.000312 0.018963 0.002050
v -0.000273 0.018879 -0.000750
v -0.000325 0.019055 -0.000750
v -0.000312 0.018963 0.002050
v -0.000325 0.019055 -0.000750
v -0.000312 0.019147 0.002050
v -0.000312 0.019147 0.002050
v -0.000325 0.019055 -0.000750
v -0.000273 0.019231 -0.000750
v -0.000312 0.019147 0.002050
v -0.000273 0.019231 -0.000750
v -0.000213 0.019301 0.002050
v -0.000213 0.019301 0.002050
v -0.000273 0.019231 -0.000750
v -0.000135 0.019351 -0.000750
v -0.000213 0.019301 0.002050
v -0.000135 0.019351 -0.000750
v -0.000046 0.019377 0.002050
v -0.000046 0.019377 0.002050
v -0.000135 0.019351 -0.000750
v 0.000046 0.019377 -0.000750
v -0.000046 0.019377 0.002050
v 0.000046 0.019377 -0.000750
v 0.000135 0.019351 0.002050
v 0.000135 0.019351 0.002050
v 0.000046 0.019377 -0.000750
v 0.000213 0.019301 -0.000750
v 0.000135 0.019351 0.002050
v 0.000213 0.019301 -0.000750
v 0.000273 0.019231 0.002050
v 0.000273 0.019231 0.002050
v 0.000213 0.019301 -0.000750
v 0.000312 0.019147 -0.000750
v -0.003149 0.017126 -0.000850
v -0.001722 0.018001 -0.000850
v -0.003200 0.016555 -0.000850
v -0.003200 0.016555 -0.000850
v -0.001722 0.018001 -0.000850
v -0.001722 0.015109 -0.000850
v -0.003200 0.016555 -0.000850
v -0.001722 0.015109 -0.000850
v -0.003149 0.015984 -0.000850
v -0.003149 0.015984 -0.000850
v -0.001722 0.015109 -0.000850
v -0.001903 0.015083 -0.000850
v -0.003149 0.015984 -0.000850
v -0.001903 0.015083 -0.000850
v -0.002996 0.015431 -0.000850
v -0.002996 0.015431 -0.000850
v -0.001903 0.015083 -0.000850
v -0.002041 0.014963 -0.000850
v -0.002996 0.015431 -0.000850
v -0.002041 0.014963 -0.000850
v -0.002747 0.014914 -0.000850
v -0.002747 0.014914 -0.000850
v -0.002041 0.014963 -0.000850
v -0.002093 0.014787 -0.000850
v -0.002747 0.014914 -0.000850
v -0.002093 0.014787 -0.000850
v -0.002410 0.014450 -0.000850
v -0.002410 0.014450 -0.000850
v -0.002093 0.014787 -0.000850
v -0.002041 0.014611 -0.000850
v -0.002410 0.014450 -0.000850
v -0.002041 0.014611 -0.000850
v -0.001903 0.014492 -0.000850
v -0.001722 0.018001 -0.000850
v -0.003149 0.017126 -0.000850
v -0.001903 0.018027 -0.000850
v -0.001903 0.018027 -0.000850
v -0.003149 0.017126 -0.000850
v -0.002996 0.017679 -0.000850
v -0.001903 0.018027 -0.000850
v -0.002996 0.017679 -0.000850
v -0.002041 0.018147 -0.000850
v -0.002041 0.018147 -0.000850
v -0.002996 0.017679 -0.000850
v -0.002747 0.018196 -0.000850
v -0.002041 0.018147 -0.000850
v -0.002747 0.018196 -0.000850
v -0.002093 0.018323 -0.000850
v -0.002093 0.018323 -0.000850
v -0.002747 0.018196 -0.000850
v -0.002410 0.018660 -0.000850
v -0.002093 0.018323 -0.000850
v -0.002410 0.018660 -0.000850
v -0.002041 0.018498 -0.000850
v -0.002041 0.018498 -0.000850
v -0.002410 0.018660 -0.000850
v -0.001903 0.018618 -0.000850
v -0.001903 0.018618 -0.000850
v -0.002410 0.018660 -0.000850
v -0.001995 0.019057 -0.000850
v -0.001903 0.018618 -0.000850
v -0.001995 0.019057 -0.000850
v -0.001722 0.018644 -0.000850
v -0.001722 0.018644 -0.000850
v -0.001995 0.019057 -0.000850
v -0.001516 0.019373 -0.000850
v -0.001722 0.018644 -0.000850
v -0.001516 0.019373 -0.000850
v -0.001555 0.018568 -0.000850
v -0.001555 0.018568 -0.000850
v -0.001516 0.019373 -0.000850
v -0.000425 0.019055 -0.000850
v -0.001555 0.018568 -0.000850
v -0.000425 0.019055 -0.000850
v -0.001456 0.018414 -0.000850
v -0.001456 0.018414 -0.000850
v -0.000425 0.019055 -0.000850
v -0.000376 0.018857 -0.000850
v -0.001456 0.018414 -0.000850
v -0.000376 0.018857 -0.000850
v -0.000241 0.018705 -0.000850
v -0.001516 0.019373 -0.000850
v -0.000989 0.019598 -0.000850
v -0.000425 0.019055 -0.000850
v -0.000425 0.019055 -0.000850
v -0.000989 0.019598 -0.000850
v -0.000376 0.019252 -0.000850
v -0.000376 0.019252 -0.000850
v -0.000989 0.019598 -0.000850
v -0.000430 0.019726 -0.000850
v -0.000376 0.019252 -0.000850
v -0.000430 0.019726 -0.000850
v -0.000241 0.019405 -0.000850
v -0.000241 0.019405 -0.000850
v -0.000430 0.019726 -0.000850
v -0.000051 0.019477 -0.000850
v -0.000051 0.019477 -0.000850
v -0.000430 0.019726 -0.000850
v 0.000144 0.019752 -0.000850
v -0.000051 0.019477 -0.000850
v 0.000144 0.019752 -0.000850
v 0.000151 0.019452 -0.000850
v 0.000151 0.019452 -0.000850
v 0.000144 0.019752 -0.000850
v 0.000712 0.019675 -0.000850
v 0.000151 0.019452 -0.000850
v 0.000712 0.019675 -0.000850
v 0.000318 0.019337 -0.000850
v 0.000318 0.019337 -0.000850
v 0.000712 0.019675 -0.000850
v 0.000413 0.019157 -0.000850
v 0.000413 0.019157 -0.000850
v 0.000712 0.019675 -0.000850
v 0.001258 0.019497 -0.000850
v 0.000413 0.019157 -0.000850
v 0.001258 0.019497 -0.000850
v 0.000413 0.018953 -0.000850
v 0.000413 0.018953 -0.000850
v 0.001258 0.019497 -0.000850
v 0.001494 0.018498 -0.000850
v 0.000413 0.018953 -0.000850
v 0.001494 0.018498 -0.000850
v 0.000318 0.018773 -0.000850
v 0.000318 0.018773 -0.000850
v 0.001494 0.018498 -0.000850
v 0.001443 0.018323 -0.000850
v 0.000318 0.018773 -0.000850
v 0.001443 0.018323 -0.000850
v 0.000151 0.018658 -0.000850
v 0.000151 0.018658 -0.000850
v 0.001443 0.018323 -0.000850
v 0.001494 0.018147 -0.000850
v 0.000151 0.018658 -0.000850
v 0.001494 0.018147 -0.000850
v -0.000051 0.018633 -0.000850
v -0.000051 0.018633 -0.000850
v 0.001494 0.018147 -0.000850
v 0.001494 0.014963 -0.000850
v -0.000051 0.018633 -0.000850
v 0.001494 0.014963 -0.000850
v -0.001555 0.018077 -0.000850
v -0.001555 0.018077 -0.000850
v 0.001494 0.014963 -0.000850
v -0.001555 0.015033 -0.000850
v -0.001555 0.018077 -0.000850
v -0.001555 0.015033 -0.000850
v -0.001722 0.018001 -0.000850
v -0.001722 0.018001 -0.000850
v -0.001555 0.015033 -0.000850
v -0.001722 0.015109 -0.000850
v 0.001494 0.018498 -0.000850
v 0.001258 0.019497 -0.000850
v 0.001633 0.018618 -0.000850
v 0.001633 0.018618 -0.000850
v 0.001258 0.019497 -0.000850
v 0.001763 0.019226 -0.000850
v 0.001633 0.018618 -0.000850
v 0.001763 0.019226 -0.000850
v 0.001814 0.018644 -0.000850
v 0.001814 0.018644 -0.000850
v 0.001763 0.019226 -0.000850
v 0.002211 0.018868 -0.000850
v 0.001814 0.018644 -0.000850
v 0.002211 0.018868 -0.000850
v 0.001981 0.018568 -0.000850
v 0.001981 0.018568 -0.000850
v 0.002211 0.018868 -0.000850
v 0.002080 0.018414 -0.000850
v 0.002080 0.018414 -0.000850
v 0.002211 0.018868 -0.000850
v 0.002589 0.018436 -0.000850
v 0.002080 0.018414 -0.000850
v 0.002589 0.018436 -0.000850
v 0.002080 0.018231 -0.000850
v 0.002080 0.018231 -0.000850
v 0.002589 0.018436 -0.000850
v 0.002883 0.017943 -0.000850
v 0.002080 0.018231 -0.000850
v 0.002883 0.017943 -0.000850
v 0.001981 0.018077 -0.000850
v 0.001981 0.018077 -0.000850
v 0.002883 0.017943 -0.000850
v 0.003085 0.017406 -0.000850
v 0.001981 0.018077 -0.000850
v 0.003085 0.017406 -0.000850
v 0.001814 0.018001 -0.000850
v 0.001814 0.018001 -0.000850
v 0.003085 0.017406 -0.000850
v 0.003187 0.016842 -0.000850
v 0.001814 0.018001 -0.000850
v 0.003187 0.016842 -0.000850
v 0.003187 0.016268 -0.000850
v 0.001814 0.018001 -0.000850
v 0.003187 0.016268 -0.000850
v 0.001814 0.015109 -0.000850
v 0.001814 0.015109 -0.000850
v 0.003187 0.016268 -0.000850
v 0.003085 0.015704 -0.000850
v 0.001814 0.015109 -0.000850
v 0.003085 0.015704 -0.000850
v 0.001981 0.015033 -0.000850
v 0.001981 0.015033 -0.000850
v 0.003085 0.015704 -0.000850
v 0.002883 0.015167 -0.000850
v 0.001981 0.015033 -0.000850
v 0.002883 0.015167 -0.000850
v 0.002080 0.014879 -0.000850
v 0.002080 0.014879 -0.000850
v 0.002883 0.015167 -0.000850
v 0.002589 0.014674 -0.000850
v 0.002080 0.014879 -0.000850
v 0.002589 0.014674 -0.000850
v 0.002080 0.014696 -0.000850
v 0.002080 0.014696 -0.000850
v 0.002589 0.014674 -0.000850
v 0.002211 0.014242 -0.000850
v 0.002080 0.014696 -0.000850
v 0.002211 0.014242 -0.000850
v 0.001981 0.014542 -0.000850
v 0.001981 0.014542 -0.000850
v 0.002211 0.014242 -0.000850
v 0.001814 0.014465 -0.000850
v 0.001814 0.014465 -0.000850
v 0.002211 0.014242 -0.000850
v 0.001763 0.013884 -0.000850
v 0.001814 0.014465 -0.000850
v 0.001763 0.013884 -0.000850
v 0.001633 0.014492 -0.000850
v 0.001633 0.014492 -0.000850
v 0.001763 0.013884 -0.000850
v 0.001258 0.013612 -0.000850
v 0.001633 0.014492 -0.000850
v 0.001258 0.013612 -0.000850
v 0.001494 0.014611 -0.000850
v 0.001494 0.014611 -0.000850
v 0.001258 0.013612 -0.000850
v 0.000712 0.013435 -0.000850
v 0.001494 0.014611 -0.000850
v 0.000712 0.013435 -0.000850
v 0.001443 0.014787 -0.000850
v 0.001443 0.014787 -0.000850
v 0.000712 0.013435 -0.000850
v 0.000144 0.013358 -0.000850
v 0.001443 0.014787 -0.000850
v 0.000144 0.013358 -0.000850
v -0.001456 0.014879 -0.000850
v -0.001456 0.014879 -0.000850
v 0.000144 0.013358 -0.000850
v -0.001456 0.014696 -0.000850
v -0.001456 0.014696 -0.000850
v 0.000144 0.013358 -0.000850
v -0.000430 0.013384 -0.000850
v -0.001456 0.014696 -0.000850
v -0.000430 0.013384 -0.000850
v -0.000989 0.013512 -0.000850
v -0.001456 0.014696 -0.000850
v -0.000989 0.013512 -0.000850
v -0.001555 0.014542 -0.000850
v -0.001555 0.014542 -0.000850
v -0.000989 0.013512 -0.000850
v -0.001516 0.013737 -0.000850
v -0.001555 0.014542 -0.000850
v -0.001516 0.013737 -0.000850
v -0.001722 0.014465 -0.000850
v -0.001722 0.014465 -0.000850
v -0.001516 0.013737 -0.000850
v -0.001995 0.014053 -0.000850
v -0.001722 0.014465 -0.000850
v -0.001995 0.014053 -0.000850
v -0.001903 0.014492 -0.000850
v -0.001903 0.014492 -0.000850
v -0.001995 0.014053 -0.000850
v -0.002410 0.014450 -0.000850
v 0.001814 0.015109 -0.000850
v 0.001633 0.015083 -0.000850
v 0.001814 0.018001 -0.000850
v 0.001814 0.018001 -0.000850
v 0.001633 0.015083 -0.000850
v 0.001633 0.018027 -0.000850
v 0.001633 0.018027 -0.000850
v 0.001633 0.015083 -0.000850
v 0.001494 0.014963 -0.000850
v 0.001633 0.018027 -0.000850
v 0.001494 0.014963 -0.000850
v 0.001494 0.018147 -0.000850
v -0.001555 0.015033 -0.000850
v 0.001494 0.014963 -0.000850
v -0.001456 0.014879 -0.000850
v -0.001456 0.014879 -0.000850
v 0.001494 0.014963 -0.000850
v 0.001443 0.014787 -0.000850
v -0.001555 0.018077 -0.000850
v -0.001456 0.018231 -0.000850
v -0.000051 0.018633 -0.000850
v -0.000051 0.018633 -0.000850
v -0.001456 0.018231 -0.000850
v -0.000241 0.018705 -0.000850
v -0.000241 0.018705 -0.000850
v -0.001456 0.018231 -0.000850
v -0.001456 0.018414 -0.000850
v 0.000273 0.018879 0.002050
v 0.000376 0.018857 0.002150
v 0.000325 0.019055 0.002050
v 0.000325 0.019055 0.002050
v 0.000376 0.018857 0.002150
v 0.000425 0.019055 0.002150
v 0.000325 0.019055 0.002050
v 0.000425 0.019055 0.002150
v 0.000376 0.019252 0.002150
v 0.000376 0.018857 0.002150
v 0.000273 0.018879 0.002050
v 0.000241 0.018705 0.002150
v 0.000241 0.018705 0.002150
v 0.000273 0.018879 0.002050
v 0.000135 0.018759 0.002050
v 0.000241 0.018705 0.002150
v 0.000135 0.018759 0.002050
v 0.000051 0.018633 0.002150
v 0.000051 0.018633 0.002150
v 0.000135 0.018759 0.002050
v -0.000046 0.018733 0.002050
v 0.000051 0.018633 0.002150
v -0.000046 0.018733 0.002050
v -0.000151 0.018658 0.002150
v -0.000151 0.018658 0.002150
v -0.000046 0.018733 0.002050
v -0.000213 0.018809 0.002050
v -0.000151 0.018658 0.002150
v -0.000213 0.018809 0.002050
v -0.000318 0.018773 0.002150
v -0.000318 0.018773 0.002150
v -0.000213 0.018809 0.002050
v -0.000312 0.018963 0.002050
v -0.000318 0.018773 0.002150
v -0.000312 0.018963 0.002050
v -0.000413 0.018953 0.002150
v -0.000413 0.018953 0.002150
v -0.000312 0.018963 0.002050
v -0.000312 0.019147 0.002050
v -0.000413 0.018953 0.002150
v -0.000312 0.019147 0.002050
v -0.000413 0.019157 0.002150
v -0.000413 0.019157 0.002150
v -0.000312 0.019147 0.002050
v -0.000318 0.019337 0.002150
v -0.000318 0.019337 0.002150
v -0.000312 0.019147 0.002050
v -0.000213 0.019301 0.002050
v -0.000318 0.019337 0.002150
v -0.000213 0.019301 0.002050
v -0.000151 0.019452 0.002150
v -0.000151 0.019452 0.002150
v -0.000213 0.019301 0.002050
v -0.000046 0.019377 0.002050
v -0.000151 0.019452 0.002150
v -0.000046 0.019377 0.002050
v 0.000051 0.019477 0.002150
v 0.000051 0.019477 0.002150
v -0.000046 0.019377 0.002050
v 0.000135 0.019351 0.002050
v 0.000051 0.019477 0.002150
v 0.000135 0.019351 0.002050
v 0.000241 0.019405 0.002150
v 0.000241 0.019405 0.002150
v 0.000135 0.019351 0.002050
v 0.000273 0.019231 0.002050
v 0.000241 0.019405 0.002150
v 0.000273 0.019231 0.002050
v 0.000376 0.019252 0.002150
v 0.000376 0.019252 0.002150
v 0.000273 0.019231 0.002050
v 0.000325 0.019055 0.002050
v -0.001317 0.015004 0.002150
v -0.001268 0.014787 0.002150
v -0.000713 0.015039 0.002150
v -0.000713 0.015039 0.002150
v -0.001268 0.014787 0.002150
v -0.001317 0.014570 0.002150
v -0.000713 0.015039 0.002150
v -0.001317 0.014570 0.002150
v -0.000314 0.014910 0.002150
v -0.000314 0.014910 0.002150
v -0.001317 0.014570 0.002150
v -0.000835 0.013621 0.002150
v -0.000314 0.014910 0.002150
v -0.000835 0.013621 0.002150
v -0.000281 0.013518 0.002150
v -0.000835 0.013621 0.002150
v -0.001317 0.014570 0.002150
v -0.001360 0.013825 0.002150
v -0.001360 0.013825 0.002150
v -0.001317 0.014570 0.002150
v -0.001456 0.014396 0.002150
v -0.001360 0.013825 0.002150
v -0.001456 0.014396 0.002150
v -0.001657 0.014300 0.002150
v -0.001360 0.013825 0.002150
v -0.001657 0.014300 0.002150
v -0.001838 0.014121 0.002150
v -0.001838 0.014121 0.002150
v -0.001657 0.014300 0.002150
v -0.001879 0.014300 0.002150
v -0.001838 0.014121 0.002150
v -0.001879 0.014300 0.002150
v -0.002080 0.014396 0.002150
v -0.001838 0.014121 0.002150
v -0.002080 0.014396 0.002150
v -0.002254 0.014500 0.002150
v -0.002254 0.014500 0.002150
v -0.002080 0.014396 0.002150
v -0.002218 0.014570 0.002150
v -0.002254 0.014500 0.002150
v -0.002218 0.014570 0.002150
v -0.002268 0.014787 0.002150
v -0.002254 0.014500 0.002150
v -0.002268 0.014787 0.002150
v -0.002593 0.014949 0.002150
v -0.002593 0.014949 0.002150
v -0.002268 0.014787 0.002150
v -0.002218 0.015004 0.002150
v -0.002593 0.014949 0.002150
v -0.002218 0.015004 0.002150
v -0.002844 0.015453 0.002150
v -0.002844 0.015453 0.002150
v -0.002218 0.015004 0.002150
v -0.002080 0.015178 0.002150
v -0.002844 0.015453 0.002150
v -0.002080 0.015178 0.002150
v -0.001879 0.015275 0.002150
v -0.002844 0.015453 0.002150
v -0.001879 0.015275 0.002150
v -0.001557 0.015938 0.002150
v -0.001557 0.015938 0.002150
v -0.001879 0.015275 0.002150
v -0.001657 0.015275 0.002150
v -0.001557 0.015938 0.002150
v -0.001657 0.015275 0.002150
v -0.001355 0.015570 0.002150
v -0.001355 0.015570 0.002150
v -0.001657 0.015275 0.002150
v -0.001456 0.015178 0.002150
v -0.001355 0.015570 0.002150
v -0.001456 0.015178 0.002150
v -0.001068 0.015264 0.002150
v -0.001068 0.015264 0.002150
v -0.001456 0.015178 0.002150
v -0.001317 0.015004 0.002150
v -0.001068 0.015264 0.002150
v -0.001317 0.015004 0.002150
v -0.000713 0.015039 0.002150
v 0.002218 0.018106 0.002150
v 0.002593 0.018161 0.002150
v 0.002268 0.018323 0.002150
v 0.002268 0.018323 0.002150
v 0.002593 0.018161 0.002150
v 0.002254 0.018610 0.002150
v 0.002268 0.018323 0.002150
v 0.002254 0.018610 0.002150
v 0.002218 0.018540 0.002150
v 0.002218 0.018540 0.002150
v 0.002254 0.018610 0.002150
v 0.002080 0.018714 0.002150
v 0.002080 0.018714 0.002150
v 0.002254 0.018610 0.002150
v 0.001838 0.018989 0.002150
v 0.002080 0.018714 0.002150
v 0.001838 0.018989 0.002150
v 0.001879 0.018810 0.002150
v 0.001879 0.018810 0.002150
v 0.001838 0.018989 0.002150
v 0.001657 0.018810 0.002150
v 0.001657 0.018810 0.002150
v 0.001838 0.018989 0.002150
v 0.001360 0.019285 0.002150
v 0.001657 0.018810 0.002150
v 0.001360 0.019285 0.002150
v 0.001456 0.018714 0.002150
v 0.001456 0.018714 0.002150
v 0.001360 0.019285 0.002150
v 0.001317 0.018540 0.002150
v 0.001317 0.018540 0.002150
v 0.001360 0.019285 0.002150
v 0.000835 0.019489 0.002150
v 0.001317 0.018540 0.002150
v 0.000835 0.019489 0.002150
v 0.000425 0.019055 0.002150
v 0.000425 0.019055 0.002150
v 0.000835 0.019489 0.002150
v 0.000376 0.019252 0.002150
v 0.000376 0.019252 0.002150
v 0.000835 0.019489 0.002150
v 0.000281 0.019592 0.002150
v 0.000376 0.019252 0.002150
v 0.000281 0.019592 0.002150
v 0.000241 0.019405 0.002150
v 0.000241 0.019405 0.002150
v 0.000281 0.019592 0.002150
v 0.000051 0.019477 0.002150
v 0.000051 0.019477 0.002150
v 0.000281 0.019592 0.002150
v -0.000281 0.019592 0.002150
v 0.000051 0.019477 0.002150
v -0.000281 0.019592 0.002150
v -0.000151 0.019452 0.002150
v -0.000151 0.019452 0.002150
v -0.000281 0.019592 0.002150
v -0.000318 0.019337 0.002150
v -0.000318 0.019337 0.002150
v -0.000281 0.019592 0.002150
v -0.000835 0.019489 0.002150
v -0.000318 0.019337 0.002150
v -0.000835 0.019489 0.002150
v -0.000413 0.019157 0.002150
v -0.000413 0.019157 0.002150
v -0.000835 0.019489 0.002150
v -0.000413 0.018953 0.002150
v -0.000413 0.018953 0.002150
v -0.000835 0.019489 0.002150
v -0.001360 0.019285 0.002150
v -0.000413 0.018953 0.002150
v -0.001360 0.019285 0.002150
v -0.001317 0.018540 0.002150
v -0.001317 0.018540 0.002150
v -0.001360 0.019285 0.002150
v -0.001456 0.018714 0.002150
v -0.001456 0.018714 0.002150
v -0.001360 0.019285 0.002150
v -0.001657 0.018810 0.002150
v -0.001657 0.018810 0.002150
v -0.001360 0.019285 0.002150
v -0.001838 0.018989 0.002150
v -0.001657 0.018810 0.002150
v -0.001838 0.018989 0.002150
v -0.001879 0.018810 0.002150
v -0.001879 0.018810 0.002150
v -0.001838 0.018989 0.002150
v -0.002080 0.018714 0.002150
v -0.002080 0.018714 0.002150
v -0.001838 0.018989 0.002150
v -0.002254 0.018610 0.002150
v -0.002080 0.018714 0.002150
v -0.002254 0.018610 0.002150
v -0.002218 0.018540 0.002150
v -0.002218 0.018540 0.002150
v -0.002254 0.018610 0.002150
v -0.002268 0.018323 0.002150
v -0.002268 0.018323 0.002150
v -0.002254 0.018610 0.002150
v -0.002593 0.018161 0.002150
v -0.002268 0.018323 0.002150
v -0.002593 0.018161 0.002150
v -0.002218 0.018106 0.002150
v -0.002218 0.018106 0.002150
v -0.002593 0.018161 0.002150
v -0.002844 0.017657 0.002150
v -0.002218 0.018106 0.002150
v -0.002844 0.017657 0.002150
v -0.002080 0.017932 0.002150
v -0.002080 0.017932 0.002150
v -0.002844 0.017657 0.002150
v -0.001879 0.017835 0.002150
v -0.001879 0.017835 0.002150
v -0.002844 0.017657 0.002150
v -0.001557 0.017172 0.002150
v -0.001879 0.017835 0.002150
v -0.001557 0.017172 0.002150
v -0.001657 0.017835 0.002150
v -0.001657 0.017835 0.002150
v -0.001557 0.017172 0.002150
v -0.001355 0.017539 0.002150
v -0.001657 0.017835 0.002150
v -0.001355 0.017539 0.002150
v -0.001456 0.017932 0.002150
v -0.001456 0.017932 0.002150
v -0.001355 0.017539 0.002150
v -0.001068 0.017846 0.002150
v -0.001456 0.017932 0.002150
v -0.001068 0.017846 0.002150
v -0.001317 0.018106 0.002150
v -0.001317 0.018106 0.002150
v -0.001068 0.017846 0.002150
v -0.000713 0.018071 0.002150
v -0.001317 0.018106 0.002150
v -0.000713 0.018071 0.002150
v -0.001268 0.018323 0.002150
v -0.001268 0.018323 0.002150
v -0.000713 0.018071 0.002150
v -0.001317 0.018540 0.002150
v -0.001317 0.018540 0.002150
v -0.000713 0.018071 0.002150
v -0.000318 0.018773 0.002150
v -0.001317 0.018540 0.002150
v -0.000318 0.018773 0.002150
v -0.000413 0.018953 0.002150
v 0.002593 0.018161 0.002150
v 0.002218 0.018106 0.002150
v 0.002844 0.017657 0.002150
v 0.002844 0.017657 0.002150
v 0.002218 0.018106 0.002150
v 0.002080 0.017932 0.002150
v 0.002844 0.017657 0.002150
v 0.002080 0.017932 0.002150
v 0.001879 0.017835 0.002150
v 0.001657 0.017835 0.002150
v 0.001468 0.017362 0.002150
v 0.001879 0.017835 0.002150
v 0.001879 0.017835 0.002150
v 0.001468 0.017362 0.002150
v 0.001622 0.016972 0.002150
v 0.001879 0.017835 0.002150
v 0.001622 0.016972 0.002150
v 0.002844 0.017657 0.002150
v 0.002844 0.017657 0.002150
v 0.001622 0.016972 0.002150
v 0.002998 0.017115 0.002150
v 0.002998 0.017115 0.002150
v 0.001622 0.016972 0.002150
v 0.001675 0.016555 0.002150
v 0.002998 0.017115 0.002150
v 0.001675 0.016555 0.002150
v 0.003050 0.016555 0.002150
v 0.003050 0.016555 0.002150
v 0.001675 0.016555 0.002150
v 0.002998 0.015995 0.002150
v 0.002998 0.015995 0.002150
v 0.001675 0.016555 0.002150
v 0.001622 0.016138 0.002150
v 0.002998 0.015995 0.002150
v 0.001622 0.016138 0.002150
v 0.002844 0.015453 0.002150
v 0.002844 0.015453 0.002150
v 0.001622 0.016138 0.002150
v 0.001879 0.015275 0.002150
v 0.002844 0.015453 0.002150
v 0.001879 0.015275 0.002150
v 0.002080 0.015178 0.002150
v 0.001468 0.017362 0.002150
v 0.001657 0.017835 0.002150
v 0.001221 0.017702 0.002150
v 0.001221 0.017702 0.002150
v 0.001657 0.017835 0.002150
v 0.001456 0.017932 0.002150
v 0.001221 0.017702 0.002150
v 0.001456 0.017932 0.002150
v 0.001317 0.018106 0.002150
v 0.001221 0.017702 0.002150
v 0.001317 0.018106 0.002150
v 0.000898 0.017969 0.002150
v 0.000898 0.017969 0.002150
v 0.001317 0.018106 0.002150
v 0.001268 0.018323 0.002150
v 0.000898 0.017969 0.002150
v 0.001268 0.018323 0.002150
v 0.000518 0.018148 0.002150
v 0.000518 0.018148 0.002150
v 0.001268 0.018323 0.002150
v 0.001317 0.018540 0.002150
v 0.000518 0.018148 0.002150
v 0.001317 0.018540 0.002150
v 0.000376 0.018857 0.002150
v 0.000376 0.018857 0.002150
v 0.001317 0.018540 0.002150
v 0.000425 0.019055 0.002150
v 0.001622 0.016138 0.002150
v 0.001468 0.015748 0.002150
v 0.001879 0.015275 0.002150
v 0.001879 0.015275 0.002150
v 0.001468 0.015748 0.002150
v 0.001657 0.015275 0.002150
v 0.001657 0.015275 0.002150
v 0.001468 0.015748 0.002150
v 0.001221 0.015408 0.002150
v 0.001657 0.015275 0.002150
v 0.001221 0.015408 0.002150
v 0.001456 0.015178 0.002150
v 0.001456 0.015178 0.002150
v 0.001221 0.015408 0.002150
v 0.001317 0.015004 0.002150
v 0.001317 0.015004 0.002150
v 0.001221 0.015408 0.002150
v 0.000898 0.015141 0.002150
v 0.001317 0.015004 0.002150
v 0.000898 0.015141 0.002150
v 0.001268 0.014787 0.002150
v 0.001268 0.014787 0.002150
v 0.000898 0.015141 0.002150
v 0.000518 0.014962 0.002150
v 0.001268 0.014787 0.002150
v 0.000518 0.014962 0.002150
v 0.001317 0.014570 0.002150
v 0.001317 0.014570 0.002150
v 0.000518 0.014962 0.002150
v 0.000835 0.013621 0.002150
v 0.001317 0.014570 0.002150
v 0.000835 0.013621 0.002150
v 0.001360 0.013825 0.002150
v 0.000518 0.014962 0.002150
v 0.000105 0.014883 0.002150
v 0.000835 0.013621 0.002150
v 0.000835 0.013621 0.002150
v 0.000105 0.014883 0.002150
v 0.000281 0.013518 0.002150
v 0.000281 0.013518 0.002150
v 0.000105 0.014883 0.002150
v -0.000281 0.013518 0.002150
v -0.000281 0.013518 0.002150
v 0.000105 0.014883 0.002150
v -0.000314 0.014910 0.002150
v -0.002844 0.015453 0.002150
v -0.001557 0.015938 0.002150
v -0.002998 0.015995 0.002150
v -0.002998 0.015995 0.002150
v -0.001557 0.015938 0.002150
v -0.001662 0.016345 0.002150
v -0.002998 0.015995 0.002150
v -0.001662 0.016345 0.002150
v -0.003050 0.016555 0.002150
v -0.003050 0.016555 0.002150
v -0.001662 0.016345 0.002150
v -0.001662 0.016765 0.002150
v -0.003050 0.016555 0.002150
v -0.001662 0.016765 0.002150
v -0.002998 0.017115 0.002150
v -0.002998 0.017115 0.002150
v -0.001662 0.016765 0.002150
v -0.001557 0.017172 0.002150
v -0.002998 0.017115 0.002150
v -0.001557 0.017172 0.002150
v -0.002844 0.017657 0.002150
v -0.000713 0.018071 0.002150
v -0.000314 0.018200 0.002150
v -0.000318 0.018773 0.002150
v -0.000318 0.018773 0.002150
v -0.000314 0.018200 0.002150
v -0.000151 0.018658 0.002150
v -0.000151 0.018658 0.002150
v -0.000314 0.018200 0.002150
v 0.000105 0.018227 0.002150
v -0.000151 0.018658 0.002150
v 0.000105 0.018227 0.002150
v 0.000051 0.018633 0.002150
v 0.000051 0.018633 0.002150
v 0.000105 0.018227 0.002150
v 0.000241 0.018705 0.002150
v 0.000241 0.018705 0.002150
v 0.000105 0.018227 0.002150
v 0.000518 0.018148 0.002150
v 0.000241 0.018705 0.002150
v 0.000518 0.018148 0.002150
v 0.000376 0.018857 0.002150
v 0.001838 0.014121 0.002150
v 0.001657 0.014300 0.002150
v 0.001360 0.013825 0.002150
v 0.001360 0.013825 0.002150
v 0.001657 0.014300 0.002150
v 0.001456 0.014396 0.002150
v 0.001360 0.013825 0.002150
v 0.001456 0.014396 0.002150
v 0.001317 0.014570 0.002150
v 0.002254 0.014500 0.002150
v 0.002080 0.014396 0.002150
v 0.001838 0.014121 0.002150
v 0.001838 0.014121 0.002150
v 0.002080 0.014396 0.002150
v 0.001879 0.014300 0.002150
v 0.001838 0.014121 0.002150
v 0.001879 0.014300 0.002150
v 0.001657 0.014300 0.002150
v 0.002593 0.014949 0.002150
v 0.002268 0.014787 0.002150
v 0.002254 0.014500 0.002150
v 0.002254 0.014500 0.002150
v 0.002268 0.014787 0.002150
v 0.002218 0.014570 0.002150
v 0.002254 0.014500 0.002150
v 0.002218 0.014570 0.002150
v 0.002080 0.014396 0.002150
v 0.002268 0.014787 0.002150
v 0.002593 0.014949 0.002150
v 0.002218 0.015004 0.002150
v 0.002218 0.015004 0.002150
v 0.002593 0.014949 0.002150
v 0.002844 0.015453 0.002150
v 0.002218 0.015004 0.002150
v 0.002844 0.015453 0.002150
v 0.002080 0.015178 0.002150
v -0.005713 0.002055 0.008900
v -0.005750 0.002055 0.008937
v -0.005700 0.002055 0.008850
v -0.005700 0.002055 0.008850
v -0.005750 0.002055 0.008937
v -0.005700 0.002055 -0.000750
v -0.005700 0.002055 -0.000750
v -0.005750 0.002055 0.008937
v -0.005800 0.002055 0.008950
v -0.005700 0.002055 -0.000750
v -0.005800 0.002055 0.008950
v -0.006200 0.002055 0.008950
v -0.005700 0.002055 -0.000750
v -0.006200 0.002055 0.008950
v -0.006300 0.002055 -0.000750
v -0.006300 0.002055 -0.000750
v -0.006200 0.002055 0.008950
v -0.006250 0.002055 0.008937
v -0.006300 0.002055 -0.000750
v -0.006250 0.002055 0.008937
v -0.006300 0.002055 0.008850
v -0.006300 0.002055 0.008850
v -0.006250 0.002055 0.008937
v -0.006287 0.002055 0.008900
v 0.006000 0.002906 0.007381
v 0.006000 0.003004 0.007291
v 0.006000 0.003055 0.007425
v 0.006000 0.003055 0.007425
v 0.006000 0.003004 0.007291
v 0.006000 0.003106 0.007291
v 0.006000 0.003055 0.007425
v 0.006000 0.003106 0.007291
v 0.006000 0.003204 0.007381
v 0.006000 0.003204 0.007381
v 0.006000 0.003106 0.007291
v 0.006000 0.003185 0.007225
v 0.006000 0.003204 0.007381
v 0.006000 0.003185 0.007225
v 0.006000 0.003305 0.007264
v 0.006000 0.003305 0.007264
v 0.006000 0.003185 0.007225
v 0.006000 0.003203 0.007124
v 0.006000 0.003305 0.007264
v 0.006000 0.003203 0.007124
v 0.006000 0.003327 0.007111
v 0.006000 0.003327 0.007111
v 0.006000 0.003203 0.007124
v 0.006000 0.003263 0.006970
v 0.006000 0.003263 0.006970
v 0.006000 0.003203 0.007124
v 0.006000 0.003151 0.007035
v 0.006000 0.003263 0.006970
v 0.006000 0.003151 0.007035
v 0.006000 0.003132 0.006886
v 0.006000 0.003132 0.006886
v 0.006000 0.003151 0.007035
v 0.006000 0.003055 0.007000
v 0.006000 0.003132 0.006886
v 0.006000 0.003055 0.007000
v 0.006000 0.002977 0.006886
v 0.006000 0.002977 0.006886
v 0.006000 0.003055 0.007000
v 0.006000 0.002959 0.007035
v 0.006000 0.002977 0.006886
v 0.006000 0.002959 0.007035
v 0.006000 0.002847 0.006970
v 0.006000 0.002847 0.006970
v 0.006000 0.002959 0.007035
v 0.006000 0.002907 0.007124
v 0.006000 0.002847 0.006970
v 0.006000 0.002907 0.007124
v 0.006000 0.002783 0.007111
v 0.006000 0.002783 0.007111
v 0.006000 0.002907 0.007124
v 0.006000 0.002805 0.007264
v 0.006000 0.002805 0.007264
v 0.006000 0.002907 0.007124
v 0.006000 0.002925 0.007225
v 0.006000 0.002805 0.007264
v 0.006000 0.002925 0.007225
v 0.006000 0.002906 0.007381
v 0.006000 0.002906 0.007381
v 0.006000 0.002925 0.007225
v 0.006000 0.003004 0.007291
v 0.006000 0.003204 0.007381
v 0.006500 0.003204 0.007381
v 0.006000 0.003055 0.007425
v 0.006000 0.003055 0.007425
v 0.006500 0.003204 0.007381
v 0.006500 0.003055 0.007425
v 0.006000 0.003055 0.007425
v 0.006500 0.003055 0.007425
v 0.006000 0.002906 0.007381
v 0.006000 0.002906 0.007381
v 0.006500 0.003055 0.007425
v 0.006500 0.002906 0.007381
v 0.006000 0.002906 0.007381
v 0.006500 0.002906 0.007381
v 0.006500 0.002805 0.007264
v 0.006000 0.003204 0.007381
v 0.006000 0.003305 0.007264
v 0.006500 0.003204 0.007381
v 0.006500 0.003204 0.007381
v 0.006000 0.003305 0.007264
v 0.006500 0.003305 0.007264
v 0.006500 0.003305 0.007264
v 0.006000 0.003305 0.007264
v 0.006000 0.003327 0.007111
v 0.006500 0.003305 0.007264
v 0.006000 0.003327 0.007111
v 0.006500 0.003327 0.007111
v 0.006500 0.003327 0.007111
v 0.006000 0.003327 0.007111
v 0.006000 0.003263 0.006970
v 0.006500 0.003327 0.007111
v 0.006000 0.003263 0.006970
v 0.006500 0.003263 0.006970
v 0.006500 0.003263 0.006970
v 0.006000 0.003263 0.006970
v 0.006000 0.003132 0.006886
v 0.006500 0.003263 0.006970
v 0.006000 0.003132 0.006886
v 0.006500 0.003132 0.006886
v 0.006500 0.003132 0.006886
v 0.006000 0.003132 0.006886
v 0.006000 0.002977 0.006886
v 0.006500 0.003132 0.006886
v 0.006000 0.002977 0.006886
v 0.006500 0.002977 0.006886
v 0.006500 0.002977 0.006886
v 0.006000 0.002977 0.006886
v 0.006000 0.002847 0.006970
v 0.006500 0.002977 0.006886
v 0.006000 0.002847 0.006970
v 0.006500 0.002847 0.006970
v 0.006500 0.002847 0.006970
v 0.006000 0.002847 0.006970
v 0.006000 0.002783 0.007111
v 0.006500 0.002847 0.006970
v 0.006000 0.002783 0.007111
v 0.006500 0.002783 0.007111
v 0.006500 0.002783 0.007111
v 0.006000 0.002783 0.007111
v 0.006000 0.002805 0.007264
v 0.006500 0.002783 0.007111
v 0.006000 0.002805 0.007264
v 0.006500 0.002805 0.007264
v 0.006500 0.002805 0.007264
v 0.006000 0.002805 0.007264
v 0.006000 0.002906 0.007381
v 0.005500 0.002959 0.007035
v 0.006000 0.002959 0.007035
v 0.005500 0.003055 0.007000
v 0.005500 0.003055 0.007000
v 0.006000 0.002959 0.007035
v 0.006000 0.003055 0.007000
v 0.005500 0.003055 0.007000
v 0.006000 0.003055 0.007000
v 0.005500 0.003151 0.007035
v 0.005500 0.003151 0.007035
v 0.006000 0.003055 0.007000
v 0.006000 0.003151 0.007035
v 0.005500 0.003151 0.007035
v 0.006000 0.003151 0.007035
v 0.005500 0.003203 0.007124
v 0.005500 0.003203 0.007124
v 0.006000 0.003151 0.007035
v 0.006000 0.003203 0.007124
v 0.005500 0.003203 0.007124
v 0.006000 0.003203 0.007124
v 0.005500 0.003185 0.007225
v 0.005500 0.003185 0.007225
v 0.006000 0.003203 0.007124
v 0.006000 0.003185 0.007225
v 0.005500 0.003185 0.007225
v 0.006000 0.003185 0.007225
v 0.005500 0.003106 0.007291
v 0.005500 0.003106 0.007291
v 0.006000 0.003185 0.007225
v 0.006000 0.003106 0.007291
v 0.005500 0.003106 0.007291
v 0.006000 0.003106 0.007291
v 0.005500 0.003004 0.007291
v 0.005500 0.003004 0.007291
v 0.006000 0.003106 0.007291
v 0.006000 0.003004 0.007291
v 0.005500 0.003004 0.007291
v 0.006000 0.003004 0.007291
v 0.005500 0.002925 0.007225
v 0.005500 0.002925 0.007225
v 0.006000 0.003004 0.007291
v 0.006000 0.002925 0.007225
v 0.005500 0.002925 0.007225
v 0.006000 0.002925 0.007225
v 0.005500 0.002907 0.007124
v 0.005500 0.002907 0.007124
v 0.006000 0.002925 0.007225
v 0.006000 0.002907 0.007124
v 0.005500 0.002907 0.007124
v 0.006000 0.002907 0.007124
v 0.005500 0.002959 0.007035
v 0.005500 0.002959 0.007035
v 0.006000 0.002907 0.007124
v 0.006000 0.002959 0.007035
v 0.006000 0.002906 0.002381
v 0.006000 0.003004 0.002291
v 0.006000 0.003055 0.002425
v 0.006000 0.003055 0.002425
v 0.006000 0.003004 0.002291
v 0.006000 0.003106 0.002291
v 0.006000 0.003055 0.002425
v 0.006000 0.003106 0.002291
v 0.006000 0.003204 0.002381
v 0.006000 0.003204 0.002381
v 0.006000 0.003106 0.002291
v 0.006000 0.003185 0.002225
v 0.006000 0.003204 0.002381
v 0.006000 0.003185 0.002225
v 0.006000 0.003305 0.002264
v 0.006000 0.003305 0.002264
v 0.006000 0.003185 0.002225
v 0.006000 0.003203 0.002124
v 0.006000 0.003305 0.002264
v 0.006000 0.003203 0.002124
v 0.006000 0.003327 0.002111
v 0.006000 0.003327 0.002111
v 0.006000 0.003203 0.002124
v 0.006000 0.003263 0.001970
v 0.006000 0.003263 0.001970
v 0.006000 0.003203 0.002124
v 0.006000 0.003151 0.002035
v 0.006000 0.003263 0.001970
v 0.006000 0.003151 0.002035
v 0.006000 0.003132 0.001886
v 0.006000 0.003132 0.001886
v 0.006000 0.003151 0.002035
v 0.006000 0.003055 0.002000
v 0.006000 0.003132 0.001886
v 0.006000 0.003055 0.002000
v 0.006000 0.002977 0.001886
v 0.006000 0.002977 0.001886
v 0.006000 0.003055 0.002000
v 0.006000 0.002959 0.002035
v 0.006000 0.002977 0.001886
v 0.006000 0.002959 0.002035
v 0.006000 0.002847 0.001970
v 0.006000 0.002847 0.001970
v 0.006000 0.002959 0.002035
v 0.006000 0.002907 0.002124
v 0.006000 0.002847 0.001970
v 0.006000 0.002907 0.002124
v 0.006000 0.002783 0.002111
v 0.006000 0.002783 0.002111
v 0.006000 0.002907 0.002124
v 0.006000 0.002805 0.002264
v 0.006000 0.002805 0.002264
v 0.006000 0.002907 0.002124
v 0.006000 0.002925 0.002225
v 0.006000 0.002805 0.002264
v 0.006000 0.002925 0.002225
v 0.006000 0.002906 0.002381
v 0.006000 0.002906 0.002381
v 0.006000 0.002925 0.002225
v 0.006000 0.003004 0.002291
v 0.006000 0.003204 0.002381
v 0.006500 0.003204 0.002381
v 0.006000 0.003055 0.002425
v 0.006000 0.003055 0.002425
v 0.006500 0.003204 0.002381
v 0.006500 0.003055 0.002425
v 0.006000 0.003055 0.002425
v 0.006500 0.003055 0.002425
v 0.006000 0.002906 0.002381
v 0.006000 0.002906 0.002381
v 0.006500 0.003055 0.002425
v 0.006500 0.002906 0.002381
v 0.006000 0.002906 0.002381
v 0.006500 0.002906 0.002381
v 0.006500 0.002805 0.002264
v 0.006000 0.003204 0.002381
v 0.006000 0.003305 0.002264
v 0.006500 0.003204 0.002381
v 0.006500 0.003204 0.002381
v 0.006000 0.003305 0.002264
v 0.006500 0.003305 0.002264
v 0.006500 0.003305 0.002264
v 0.006000 0.003305 0.002264
v 0.006000 0.003327 0.002111
v 0.006500 0.003305 0.002264
v 0.006000 0.003327 0.002111
v 0.006500 0.003327 0.002111
v 0.006500 0.003327 0.002111
v 0.006000 0.003327 0.002111
v 0.006000 0.003263 0.001970
v 0.006500 0.003327 0.002111
v 0.006000 0.003263 0.001970
v 0.006500 0.003263 0.001970
v 0.006500 0.003263 0.001970
v 0.006000 0.003263 0.001970
v 0.006000 0.003132 0.001886
v 0.006500 0.003263 0.001970
v 0.006000 0.003132 0.001886
v 0.006500 0.003132 0.001886
v 0.006500 0.003132 0.001886
v 0.006000 0.003132 0.001886
v 0.006000 0.002977 0.001886
v 0.006500 0.003132 0.001886
v 0.006000 0.002977 0.001886
v 0.006500 0.002977 0.001886
v 0.006500 0.002977 0.001886
v 0.006000 0.002977 0.001886
v 0.006000 0.002847 0.001970
v 0.006500 0.002977 0.001886
v 0.006000 0.002847 0.001970
v 0.006500 0.002847 0.001970
v 0.006500 0.002847 0.001970
v 0.006000 0.002847 0.001970
v 0.006000 0.002783 0.002111
v 0.006500 0.002847 0.001970
v 0.006000 0.002783 0.002111
v 0.006500 0.002783 0.002111
v 0.006500 0.002783 0.002111
v 0.006000 0.002783 0.002111
v 0.006000 0.002805 0.002264
v 0.006500 0.002783 0.002111
v 0.006000 0.002805 0.002264
v 0.006500 0.002805 0.002264
v 0.006500 0.002805 0.002264
v 0.006000 0.002805 0.002264
v 0.006000 0.002906 0.002381
v 0.005500 0.002959 0.002035
v 0.006000 0.002959 0.002035
v 0.005500 0.003055 0.002000
v 0.005500 0.003055 0.002000
v 0.006000 0.002959 0.002035
v 0.006000 0.003055 0.002000
v 0.005500 0.003055 0.002000
v 0.006000 0.003055 0.002000
v 0.005500 0.003151 0.002035
v 0.005500 0.003151 0.002035
v 0.006000 0.003055 0.002000
v 0.006000 0.003151 0.002035
v 0.005500 0.003151 0.002035
v 0.006000 0.003151 0.002035
v 0.005500 0.003203 0.002124
v 0.005500 0.003203 0.002124
v 0.006000 0.003151 0.002035
v 0.006000 0.003203 0.002124
v 0.005500 0.003203 0.002124
v 0.006000 0.003203 0.002124
v 0.005500 0.003185 0.002225
v 0.005500 0.003185 0.002225
v 0.006000 0.003203 0.002124
v 0.006000 0.003185 0.002225
v 0.005500 0.003185 0.002225
v 0.006000 0.003185 0.002225
v 0.005500 0.003106 0.002291
v 0.005500 0.003106 0.002291
v 0.006000 0.003185 0.002225
v 0.006000 0.003106 0.002291
v 0.005500 0.003106 0.002291
v 0.006000 0.003106 0.002291
v 0.005500 0.003004 0.002291
v 0.005500 0.003004 0.002291
v 0.006000 0.003106 0.002291
v 0.006000 0.003004 0.002291
v 0.005500 0.003004 0.002291
v 0.006000 0.003004 0.002291
v 0.005500 0.002925 0.002225
v 0.005500 0.002925 0.002225
v 0.006000 0.003004 0.002291
v 0.006000 0.002925 0.002225
v 0.005500 0.002925 0.002225
v 0.006000 0.002925 0.002225
v 0.005500 0.002907 0.002124
v 0.005500 0.002907 0.002124
v 0.006000 0.002925 0.002225
v 0.006000 0.002907 0.002124
v 0.005500 0.002907 0.002124
v 0.006000 0.002907 0.002124
v 0.005500 0.002959 0.002035
v 0.005500 0.002959 0.002035
v 0.006000 0.002907 0.002124
v 0.006000 0.002959 0.002035
v -0.006000 0.002906 0.002381
v -0.006500 0.002906 0.002381
v -0.006000 0.003055 0.002425
v -0.006000 0.003055 0.002425
v -0.006500 0.002906 0.002381
v -0.006500 0.003055 0.002425
v -0.006000 0.003055 0.002425
v -0.006500 0.003055 0.002425
v -0.006000 0.003204 0.002381
v -0.006000 0.003204 0.002381
v -0.006500 0.003055 0.002425
v -0.006500 0.003204 0.002381
v -0.006000 0.003204 0.002381
v -0.006500 0.003204 0.002381
v -0.006500 0.003305 0.002264
v -0.006000 0.002906 0.002381
v -0.006000 0.002805 0.002264
v -0.006500 0.002906 0.002381
v -0.006500 0.002906 0.002381
v -0.006000 0.002805 0.002264
v -0.006500 0.002805 0.002264
v -0.006500 0.002805 0.002264
v -0.006000 0.002805 0.002264
v -0.006000 0.002783 0.002111
v -0.006500 0.002805 0.002264
v -0.006000 0.002783 0.002111
v -0.006500 0.002783 0.002111
v -0.006500 0.002783 0.002111
v -0.006000 0.002783 0.002111
v -0.006000 0.002847 0.001970
v -0.006500 0.002783 0.002111
v -0.006000 0.002847 0.001970
v -0.006500 0.002847 0.001970
v -0.006500 0.002847 0.001970
v -0.006000 0.002847 0.001970
v -0.006000 0.002977 0.001886
v -0.006500 0.002847 0.001970
v -0.006000 0.002977 0.001886
v -0.006500 0.002977 0.001886
v -0.006500 0.002977 0.001886
v -0.006000 0.002977 0.001886
v -0.006000 0.003132 0.001886
v -0.006500 0.002977 0.001886
v -0.006000 0.003132 0.001886
v -0.006500 0.003132 0.001886
v -0.006500 0.003132 0.001886
v -0.006000 0.003132 0.001886
v -0.006000 0.003263 0.001970
v -0.006500 0.003132 0.001886
v -0.006000 0.003263 0.001970
v -0.006500 0.003263 0.001970
v -0.006500 0.003263 0.001970
v -0.006000 0.003263 0.001970
v -0.006000 0.003327 0.002111
v -0.006500 0.003263 0.001970
v -0.006000 0.003327 0.002111
v -0.006500 0.003327 0.002111
v -0.006500 0.003327 0.002111
v -0.006000 0.003327 0.002111
v -0.006000 0.003305 0.002264
v -0.006500 0.003327 0.002111
v -0.006000 0.003305 0.002264
v -0.006500 0.003305 0.002264
v -0.006500 0.003305 0.002264
v -0.006000 0.003305 0.002264
v -0.006000 0.003204 0.002381
v -0.006000 0.003151 0.002035
v -0.006000 0.003132 0.001886
v -0.006000 0.003055 0.002000
v -0.006000 0.003055 0.002000
v -0.006000 0.003132 0.001886
v -0.006000 0.002977 0.001886
v -0.006000 0.003055 0.002000
v -0.006000 0.002977 0.001886
v -0.006000 0.002959 0.002035
v -0.006000 0.002959 0.002035
v -0.006000 0.002977 0.001886
v -0.006000 0.002847 0.001970
v -0.006000 0.002959 0.002035
v -0.006000 0.002847 0.001970
v -0.006000 0.002907 0.002124
v -0.006000 0.002907 0.002124
v -0.006000 0.002847 0.001970
v -0.006000 0.002783 0.002111
v -0.006000 0.002907 0.002124
v -0.006000 0.002783 0.002111
v -0.006000 0.002805 0.002264
v -0.006000 0.003132 0.001886
v -0.006000 0.003151 0.002035
v -0.006000 0.003263 0.001970
v -0.006000 0.003263 0.001970
v -0.006000 0.003151 0.002035
v -0.006000 0.003203 0.002124
v -0.006000 0.003263 0.001970
v -0.006000 0.003203 0.002124
v -0.006000 0.003327 0.002111
v -0.006000 0.003327 0.002111
v -0.006000 0.003203 0.002124
v -0.006000 0.003305 0.002264
v -0.006000 0.003305 0.002264
v -0.006000 0.003203 0.002124
v -0.006000 0.003185 0.002225
v -0.006000 0.003305 0.002264
v -0.006000 0.003185 0.002225
v -0.006000 0.003204 0.002381
v -0.006000 0.003204 0.002381
v -0.006000 0.003185 0.002225
v -0.006000 0.003106 0.002291
v -0.006000 0.003204 0.002381
v -0.006000 0.003106 0.002291
v -0.006000 0.003055 0.002425
v -0.006000 0.003055 0.002425
v -0.006000 0.003106 0.002291
v -0.006000 0.003004 0.002291
v -0.006000 0.003055 0.002425
v -0.006000 0.003004 0.002291
v -0.006000 0.002906 0.002381
v -0.006000 0.002906 0.002381
v -0.006000 0.003004 0.002291
v -0.006000 0.002925 0.002225
v -0.006000 0.002906 0.002381
v -0.006000 0.002925 0.002225
v -0.006000 0.002805 0.002264
v -0.006000 0.002805 0.002264
v -0.006000 0.002925 0.002225
v -0.006000 0.002907 0.002124
v -0.006000 0.002906 0.007381
v -0.006500 0.002906 0.007381
v -0.006000 0.003055 0.007425
v -0.006000 0.003055 0.007425
v -0.006500 0.002906 0.007381
v -0.006500 0.003055 0.007425
v -0.006000 0.003055 0.007425
v -0.006500 0.003055 0.007425
v -0.006000 0.003204 0.007381
v -0.006000 0.003204 0.007381
v -0.006500 0.003055 0.007425
v -0.006500 0.003204 0.007381
v -0.006000 0.003204 0.007381
v -0.006500 0.003204 0.007381
v -0.006500 0.003305 0.007264
v -0.006000 0.002906 0.007381
v -0.006000 0.002805 0.007264
v -0.006500 0.002906 0.007381
v -0.006500 0.002906 0.007381
v -0.006000 0.002805 0.007264
v -0.006500 0.002805 0.007264
v -0.006500 0.002805 0.007264
v -0.006000 0.002805 0.007264
v -0.006000 0.002783 0.007111
v -0.006500 0.002805 0.007264
v -0.006000 0.002783 0.007111
v -0.006500 0.002783 0.007111
v -0.006500 0.002783 0.007111
v -0.006000 0.002783 0.007111
v -0.006000 0.002847 0.006970
v -0.006500 0.002783 0.007111
v -0.006000 0.002847 0.006970
v -0.006500 0.002847 0.006970
v -0.006500 0.002847 0.006970
v -0.006000 0.002847 0.006970
v -0.006000 0.002977 0.006886
v -0.006500 0.002847 0.006970
v -0.006000 0.002977 0.006886
v -0.006500 0.002977 0.006886
v -0.006500 0.002977 0.006886
v -0.006000 0.002977 0.006886
v -0.006000 0.003132 0.006886
v -0.006500 0.002977 0.006886
v -0.006000 0.003132 0.006886
v -0.006500 0.003132 0.006886
v -0.006500 0.003132 0.006886
v -0.006000 0.003132 0.006886
v -0.006000 0.003263 0.006970
v -0.006500 0.003132 0.006886
v -0.006000 0.003263 0.006970
v -0.006500 0.003263 0.006970
v -0.006500 0.003263 0.006970
v -0.006000 0.003263 0.006970
v -0.006000 0.003327 0.007111
v -0.006500 0.003263 0.006970
v -0.006000 0.003327 0.007111
v -0.006500 0.003327 0.007111
v -0.006500 0.003327 0.007111
v -0.006000 0.003327 0.007111
v -0.006000 0.003305 0.007264
v -0.006500 0.003327 0.007111
v -0.006000 0.003305 0.007264
v -0.006500 0.003305 0.007264
v -0.006500 0.003305 0.007264
v -0.006000 0.003305 0.007264
v -0.006000 0.003204 0.007381
v -0.006000 0.003151 0.007035
v -0.006000 0.003132 0.006886
v -0.006000 0.003055 0.007000
v -0.006000 0.003055 0.007000
v -0.006000 0.003132 0.006886
v -0.006000 0.002977 0.006886
v -0.006000 0.003055 0.007000
v -0.006000 0.002977 0.006886
v -0.006000 0.002959 0.007035
v -0.006000 0.002959 0.007035
v -0.006000 0.002977 0.006886
v -0.006000 0.002847 0.006970
v -0.006000 0.002959 0.007035
v -0.006000 0.002847 0.006970
v -0.006000 0.002907 0.007124
v -0.006000 0.002907 0.007124
v -0.006000 0.002847 0.006970
v -0.006000 0.002783 0.007111
v -0.006000 0.002907 0.007124
v -0.006000 0.002783 0.007111
v -0.006000 0.002805 0.007264
v -0.006000 0.003132 0.006886
v -0.006000 0.003151 0.007035
v -0.006000 0.003263 0.006970
v -0.006000 0.003263 0.006970
v -0.006000 0.003151 0.007035
v -0.006000 0.003203 0.007124
v -0.006000 0.003263 0.006970
v -0.006000 0.003203 0.007124
v -0.006000 0.003327 0.007111
v -0.006000 0.003327 0.007111
v -0.006000 0.003203 0.007124
v -0.006000 0.003305 0.007264
v -0.006000 0.003305 0.007264
v -0.006000 0.003203 0.007124
v -0.006000 0.003185 0.007225
v -0.006000 0.003305 0.007264
v -0.006000 0.003185 0.007225
v -0.006000 0.003204 0.007381
v -0.006000 0.003204 0.007381
v -0.006000 0.003185 0.007225
v -0.006000 0.003106 0.007291
v -0.006000 0.003204 0.007381
v -0.006000 0.003106 0.007291
v -0.006000 0.003055 0.007425
v -0.006000 0.003055 0.007425
v -0.006000 0.003106 0.007291
v -0.006000 0.003004 0.007291
v -0.006000 0.003055 0.007425
v -0.006000 0.003004 0.007291
v -0.006000 0.002906 0.007381
v -0.006000 0.002906 0.007381
v -0.006000 0.003004 0.007291
v -0.006000 0.002925 0.007225
v -0.006000 0.002906 0.007381
v -0.006000 0.002925 0.007225
v -0.006000 0.002805 0.007264
v -0.006000 0.002805 0.007264
v -0.006000 0.002925 0.007225
v -0.006000 0.002907 0.007124
v -0.006000 0.002959 0.002035
v -0.005500 0.002959 0.002035
v -0.006000 0.003055 0.002000
v -0.006000 0.003055 0.002000
v -0.005500 0.002959 0.002035
v -0.005500 0.003055 0.002000
v -0.006000 0.003055 0.002000
v -0.005500 0.003055 0.002000
v -0.006000 0.003151 0.002035
v -0.006000 0.003151 0.002035
v -0.005500 0.003055 0.002000
v -0.005500 0.003151 0.002035
v -0.006000 0.003151 0.002035
v -0.005500 0.003151 0.002035
v -0.006000 0.003203 0.002124
v -0.006000 0.003203 0.002124
v -0.005500 0.003151 0.002035
v -0.005500 0.003203 0.002124
v -0.006000 0.003203 0.002124
v -0.005500 0.003203 0.002124
v -0.006000 0.003185 0.002225
v -0.006000 0.003185 0.002225
v -0.005500 0.003203 0.002124
v -0.005500 0.003185 0.002225
v -0.006000 0.003185 0.002225
v -0.005500 0.003185 0.002225
v -0.006000 0.003106 0.002291
v -0.006000 0.003106 0.002291
v -0.005500 0.003185 0.002225
v -0.005500 0.003106 0.002291
v -0.006000 0.003106 0.002291
v -0.005500 0.003106 0.002291
v -0.006000 0.003004 0.002291
v -0.006000 0.003004 0.002291
v -0.005500 0.003106 0.002291
v -0.005500 0.003004 0.002291
v -0.006000 0.003004 0.002291
v -0.005500 0.003004 0.002291
v -0.006000 0.002925 0.002225
v -0.006000 0.002925 0.002225
v -0.005500 0.003004 0.002291
v -0.005500 0.002925 0.002225
v -0.006000 0.002925 0.002225
v -0.005500 0.002925 0.002225
v -0.006000 0.002907 0.002124
v -0.006000 0.002907 0.002124
v -0.005500 0.002925 0.002225
v -0.005500 0.002907 0.002124
v -0.006000 0.002907 0.002124
v -0.005500 0.002907 0.002124
v -0.006000 0.002959 0.002035
v -0.006000 0.002959 0.002035
v -0.005500 0.002907 0.002124
v -0.005500 0.002959 0.002035
v -0.006000 0.002959 0.007035
v -0.005500 0.002959 0.007035
v -0.006000 0.003055 0.007000
v -0.006000 0.003055 0.007000
v -0.005500 0.002959 0.007035
v -0.005500 0.003055 0.007000
v -0.006000 0.003055 0.007000
v -0.005500 0.003055 0.007000
v -0.006000 0.003151 0.007035
v -0.006000 0.003151 0.007035
v -0.005500 0.003055 0.007000
v -0.005500 0.003151 0.007035
v -0.006000 0.003151 0.007035
v -0.005500 0.003151 0.007035
v -0.006000 0.003203 0.007124
v -0.006000 0.003203 0.007124
v -0.005500 0.003151 0.007035
v -0.005500 0.003203 0.007124
v -0.006000 0.003203 0.007124
v -0.005500 0.003203 0.007124
v -0.006000 0.003185 0.007225
v -0.006000 0.003185 0.007225
v -0.005500 0.003203 0.007124
v -0.005500 0.003185 0.007225
v -0.006000 0.003185 0.007225
v -0.005500 0.003185 0.007225
v -0.006000 0.003106 0.007291
v -0.006000 0.003106 0.007291
v -0.005500 0.003185 0.007225
v -0.005500 0.003106 0.007291
v -0.006000 0.003106 0.007291
v -0.005500 0.003106 0.007291
v -0.006000 0.003004 0.007291
v -0.006000 0.003004 0.007291
v -0.005500 0.003106 0.007291
v -0.005500 0.003004 0.007291
v -0.006000 0.003004 0.007291
v -0.005500 0.003004 0.007291
v -0.006000 0.002925 0.007225
v -0.006000 0.002925 0.007225
v -0.005500 0.003004 0.007291
v -0.005500 0.002925 0.007225
v -0.006000 0.002925 0.007225
v -0.005500 0.002925 0.007225
v -0.006000 0.002907 0.007124
v -0.006000 0.002907 0.007124
v -0.005500 0.002925 0.007225
v -0.005500 0.002907 0.007124
v -0.006000 0.002907 0.007124
v -0.005500 0.002907 0.007124
v -0.006000 0.002959 0.007035
v -0.006000 0.002959 0.007035
v -0.005500 0.002907 0.007124
v -0.005500 0.002959 0.007035
v 0.006300 0.006555 0.007400
v 0.006300 0.006555 0.008850
v 0.006400 0.006528 0.007400
v 0.006400 0.006528 0.007400
v 0.006300 0.006555 0.008850
v 0.006400 0.006528 0.008850
v 0.006400 0.006528 0.007400
v 0.006400 0.006528 0.008850
v 0.006473 0.006455 0.007400
v 0.006473 0.006455 0.007400
v 0.006400 0.006528 0.008850
v 0.006473 0.006455 0.008850
v 0.006473 0.006455 0.007400
v 0.006473 0.006455 0.008850
v 0.006500 0.006355 0.007400
v 0.006500 0.006355 0.007400
v 0.006473 0.006455 0.008850
v 0.006500 0.006355 0.008850
v 0.006500 0.011746 0.001253
v 0.006500 0.012555 0.001200
v 0.006473 0.011820 0.001344
v 0.006473 0.011820 0.001344
v 0.006500 0.012555 0.001200
v 0.006473 0.012555 0.001300
v 0.006473 0.011820 0.001344
v 0.006473 0.012555 0.001300
v 0.006400 0.012555 0.001373
v 0.006473 0.011820 0.001344
v 0.006400 0.012555 0.001373
v 0.006400 0.011829 0.001417
v 0.006400 0.011829 0.001417
v 0.006400 0.012555 0.001373
v 0.006300 0.012555 0.001400
v 0.006400 0.011829 0.001417
v 0.006300 0.012555 0.001400
v 0.006300 0.011772 0.001451
v 0.006400 0.011829 0.001417
v 0.006300 0.011772 0.001451
v 0.006400 0.011113 0.001548
v 0.006400 0.011113 0.001548
v 0.006300 0.011772 0.001451
v 0.006300 0.011002 0.001604
v 0.006400 0.011113 0.001548
v 0.006300 0.011002 0.001604
v 0.006400 0.010418 0.001765
v 0.006400 0.010418 0.001765
v 0.006300 0.011002 0.001604
v 0.006300 0.010259 0.001857
v 0.006400 0.010418 0.001765
v 0.006300 0.010259 0.001857
v 0.006400 0.009754 0.002064
v 0.006400 0.009754 0.002064
v 0.006300 0.010259 0.001857
v 0.006300 0.009555 0.002204
v 0.006400 0.009754 0.002064
v 0.006300 0.009555 0.002204
v 0.006400 0.009131 0.002440
v 0.006400 0.009131 0.002440
v 0.006300 0.009555 0.002204
v 0.006300 0.008902 0.002640
v 0.006400 0.009131 0.002440
v 0.006300 0.008902 0.002640
v 0.006400 0.008558 0.002889
v 0.006400 0.008558 0.002889
v 0.006300 0.008902 0.002640
v 0.006300 0.008312 0.003157
v 0.006400 0.008558 0.002889
v 0.006300 0.008312 0.003157
v 0.006400 0.008044 0.003403
v 0.006400 0.008044 0.003403
v 0.006300 0.008312 0.003157
v 0.006300 0.007795 0.003747
v 0.006400 0.008044 0.003403
v 0.006300 0.007795 0.003747
v 0.006400 0.007595 0.003976
v 0.006400 0.007595 0.003976
v 0.006300 0.007795 0.003747
v 0.006300 0.007359 0.004400
v 0.006400 0.007595 0.003976
v 0.006300 0.007359 0.004400
v 0.006400 0.007218 0.004599
v 0.006400 0.007218 0.004599
v 0.006300 0.007359 0.004400
v 0.006300 0.007012 0.005104
v 0.006400 0.007218 0.004599
v 0.006300 0.007012 0.005104
v 0.006400 0.006920 0.005263
v 0.006400 0.006920 0.005263
v 0.006300 0.007012 0.005104
v 0.006300 0.006759 0.005847
v 0.006400 0.006920 0.005263
v 0.006300 0.006759 0.005847
v 0.006400 0.006703 0.005958
v 0.006400 0.006703 0.005958
v 0.006300 0.006759 0.005847
v 0.006300 0.006606 0.006617
v 0.006400 0.006703 0.005958
v 0.006300 0.006606 0.006617
v 0.006400 0.006572 0.006674
v 0.006400 0.006572 0.006674
v 0.006300 0.006606 0.006617
v 0.006300 0.006555 0.007400
v 0.006400 0.006572 0.006674
v 0.006300 0.006555 0.007400
v 0.006400 0.006528 0.007400
v 0.006400 0.006528 0.007400
v 0.006473 0.006455 0.007400
v 0.006400 0.006572 0.006674
v 0.006400 0.006572 0.006674
v 0.006473 0.006455 0.007400
v 0.006473 0.006499 0.006665
v 0.006400 0.006572 0.006674
v 0.006473 0.006499 0.006665
v 0.006400 0.006703 0.005958
v 0.006400 0.006703 0.005958
v 0.006473 0.006499 0.006665
v 0.006473 0.006632 0.005940
v 0.006400 0.006703 0.005958
v 0.006473 0.006632 0.005940
v 0.006400 0.006920 0.005263
v 0.006400 0.006920 0.005263
v 0.006473 0.006632 0.005940
v 0.006473 0.006851 0.005237
v 0.006400 0.006920 0.005263
v 0.006473 0.006851 0.005237
v 0.006400 0.007218 0.004599
v 0.006400 0.007218 0.004599
v 0.006473 0.006851 0.005237
v 0.006473 0.007154 0.004565
v 0.006400 0.007218 0.004599
v 0.006473 0.007154 0.004565
v 0.006400 0.007595 0.003976
v 0.006400 0.007595 0.003976
v 0.006473 0.007154 0.004565
v 0.006473 0.007535 0.003935
v 0.006400 0.007595 0.003976
v 0.006473 0.007535 0.003935
v 0.006400 0.008044 0.003403
v 0.006400 0.008044 0.003403
v 0.006473 0.007535 0.003935
v 0.006473 0.007989 0.003355
v 0.006400 0.008044 0.003403
v 0.006473 0.007989 0.003355
v 0.006400 0.008558 0.002889
v 0.006400 0.008558 0.002889
v 0.006473 0.007989 0.003355
v 0.006473 0.008510 0.002834
v 0.006400 0.008558 0.002889
v 0.006473 0.008510 0.002834
v 0.006400 0.009131 0.002440
v 0.006400 0.009131 0.002440
v 0.006473 0.008510 0.002834
v 0.006473 0.009090 0.002380
v 0.006400 0.009131 0.002440
v 0.006473 0.009090 0.002380
v 0.006400 0.009754 0.002064
v 0.006400 0.009754 0.002064
v 0.006473 0.009090 0.002380
v 0.006473 0.009720 0.001999
v 0.006400 0.009754 0.002064
v 0.006473 0.009720 0.001999
v 0.006400 0.010418 0.001765
v 0.006400 0.010418 0.001765
v 0.006473 0.009720 0.001999
v 0.006473 0.010392 0.001696
v 0.006400 0.010418 0.001765
v 0.006473 0.010392 0.001696
v 0.006400 0.011113 0.001548
v 0.006400 0.011113 0.001548
v 0.006473 0.010392 0.001696
v 0.006473 0.011095 0.001477
v 0.006400 0.011113 0.001548
v 0.006473 0.011095 0.001477
v 0.006400 0.011829 0.001417
v 0.006400 0.011829 0.001417
v 0.006473 0.011095 0.001477
v 0.006473 0.011820 0.001344
v 0.006473 0.006455 0.007400
v 0.006500 0.006355 0.007400
v 0.006473 0.006499 0.006665
v 0.006473 0.006499 0.006665
v 0.006500 0.006355 0.007400
v 0.006500 0.006408 0.006591
v 0.006473 0.006499 0.006665
v 0.006500 0.006408 0.006591
v 0.006473 0.006632 0.005940
v 0.006473 0.006632 0.005940
v 0.006500 0.006408 0.006591
v 0.006500 0.006566 0.005795
v 0.006473 0.006632 0.005940
v 0.006500 0.006566 0.005795
v 0.006473 0.006851 0.005237
v 0.006473 0.006851 0.005237
v 0.006500 0.006566 0.005795
v 0.006500 0.006827 0.005027
v 0.006473 0.006851 0.005237
v 0.006500 0.006827 0.005027
v 0.006473 0.007154 0.004565
v 0.006473 0.007154 0.004565
v 0.006500 0.006827 0.005027
v 0.006500 0.007186 0.004300
v 0.006473 0.007154 0.004565
v 0.006500 0.007186 0.004300
v 0.006473 0.007535 0.003935
v 0.006473 0.007535 0.003935
v 0.006500 0.007186 0.004300
v 0.006500 0.007636 0.003626
v 0.006473 0.007535 0.003935
v 0.006500 0.007636 0.003626
v 0.006473 0.007989 0.003355
v 0.006473 0.007989 0.003355
v 0.006500 0.007636 0.003626
v 0.006500 0.008171 0.003016
v 0.006473 0.007989 0.003355
v 0.006500 0.008171 0.003016
v 0.006473 0.008510 0.002834
v 0.006473 0.008510 0.002834
v 0.006500 0.008171 0.003016
v 0.006500 0.008781 0.002481
v 0.006473 0.008510 0.002834
v 0.006500 0.008781 0.002481
v 0.006473 0.009090 0.002380
v 0.006473 0.009090 0.002380
v 0.006500 0.008781 0.002481
v 0.006500 0.009455 0.002031
v 0.006473 0.009090 0.002380
v 0.006500 0.009455 0.002031
v 0.006473 0.009720 0.001999
v 0.006473 0.009720 0.001999
v 0.006500 0.009455 0.002031
v 0.006500 0.010182 0.001672
v 0.006473 0.009720 0.001999
v 0.006500 0.010182 0.001672
v 0.006473 0.010392 0.001696
v 0.006473 0.010392 0.001696
v 0.006500 0.010182 0.001672
v 0.006500 0.010950 0.001411
v 0.006473 0.010392 0.001696
v 0.006500 0.010950 0.001411
v 0.006473 0.011095 0.001477
v 0.006473 0.011095 0.001477
v 0.006500 0.010950 0.001411
v 0.006500 0.011746 0.001253
v 0.006473 0.011095 0.001477
v 0.006500 0.011746 0.001253
v 0.006473 0.011820 0.001344
v 0.006500 0.012555 0.001200
v 0.006500 0.016555 0.001200
v 0.006473 0.012555 0.001300
v 0.006473 0.012555 0.001300
v 0.006500 0.016555 0.001200
v 0.006473 0.016555 0.001300
v 0.006473 0.012555 0.001300
v 0.006473 0.016555 0.001300
v 0.006400 0.012555 0.001373
v 0.006400 0.012555 0.001373
v 0.006473 0.016555 0.001300
v 0.006400 0.016555 0.001373
v 0.006400 0.012555 0.001373
v 0.006400 0.016555 0.001373
v 0.006300 0.012555 0.001400
v 0.006300 0.012555 0.001400
v 0.006400 0.016555 0.001373
v 0.006300 0.016555 0.001400
v -0.006500 0.016555 0.001200
v -0.006473 0.016555 0.001300
v -0.006449 0.017370 0.001200
v -0.006449 0.017370 0.001200
v -0.006473 0.016555 0.001300
v -0.006422 0.017366 0.001300
v -0.006449 0.017370 0.001200
v -0.006422 0.017366 0.001300
v -0.006296 0.018171 0.001200
v -0.006296 0.018171 0.001200
v -0.006422 0.017366 0.001300
v -0.006270 0.018165 0.001300
v -0.006296 0.018171 0.001200
v -0.006270 0.018165 0.001300
v -0.006044 0.018948 0.001200
v -0.006044 0.018948 0.001200
v -0.006270 0.018165 0.001300
v -0.006019 0.018938 0.001300
v -0.006044 0.018948 0.001200
v -0.006019 0.018938 0.001300
v -0.005696 0.019686 0.001200
v -0.005696 0.019686 0.001200
v -0.006019 0.018938 0.001300
v -0.005673 0.019673 0.001300
v -0.005696 0.019686 0.001200
v -0.005673 0.019673 0.001300
v -0.005259 0.020376 0.001200
v -0.005259 0.020376 0.001200
v -0.005673 0.019673 0.001300
v -0.005237 0.020360 0.001300
v -0.005259 0.020376 0.001200
v -0.005237 0.020360 0.001300
v -0.004738 0.021005 0.001200
v -0.004738 0.021005 0.001200
v -0.005237 0.020360 0.001300
v -0.004719 0.020986 0.001300
v -0.004738 0.021005 0.001200
v -0.004719 0.020986 0.001300
v -0.004143 0.021563 0.001200
v -0.004143 0.021563 0.001200
v -0.004719 0.020986 0.001300
v -0.004126 0.021543 0.001300
v -0.004143 0.021563 0.001200
v -0.004126 0.021543 0.001300
v -0.003483 0.022043 0.001200
v -0.003483 0.022043 0.001200
v -0.004126 0.021543 0.001300
v -0.003469 0.022020 0.001300
v -0.003483 0.022043 0.001200
v -0.003469 0.022020 0.001300
v -0.002768 0.022436 0.001200
v -0.002768 0.022436 0.001200
v -0.003469 0.022020 0.001300
v -0.002756 0.022412 0.001300
v -0.002768 0.022436 0.001200
v -0.002756 0.022412 0.001300
v -0.002009 0.022737 0.001200
v -0.002009 0.022737 0.001200
v -0.002756 0.022412 0.001300
v -0.002000 0.022711 0.001300
v -0.002009 0.022737 0.001200
v -0.002000 0.022711 0.001300
v -0.001218 0.022940 0.001200
v -0.001218 0.022940 0.001200
v -0.002000 0.022711 0.001300
v -0.001213 0.022914 0.001300
v -0.001218 0.022940 0.001200
v -0.001213 0.022914 0.001300
v -0.000408 0.023042 0.001200
v -0.000408 0.023042 0.001200
v -0.001213 0.022914 0.001300
v -0.000406 0.023015 0.001300
v -0.000408 0.023042 0.001200
v -0.000406 0.023015 0.001300
v 0.000408 0.023042 0.001200
v 0.000408 0.023042 0.001200
v -0.000406 0.023015 0.001300
v 0.000406 0.023015 0.001300
v 0.000408 0.023042 0.001200
v 0.000406 0.023015 0.001300
v 0.001218 0.022940 0.001200
v 0.001218 0.022940 0.001200
v 0.000406 0.023015 0.001300
v 0.001213 0.022914 0.001300
v 0.001218 0.022940 0.001200
v 0.001213 0.022914 0.001300
v 0.002009 0.022737 0.001200
v 0.002009 0.022737 0.001200
v 0.001213 0.022914 0.001300
v 0.002000 0.022711 0.001300
v 0.002009 0.022737 0.001200
v 0.002000 0.022711 0.001300
v 0.002768 0.022436 0.001200
v 0.002768 0.022436 0.001200
v 0.002000 0.022711 0.001300
v 0.002756 0.022412 0.001300
v 0.002768 0.022436 0.001200
v 0.002756 0.022412 0.001300
v 0.003483 0.022043 0.001200
v 0.003483 0.022043 0.001200
v 0.002756 0.022412 0.001300
v 0.003469 0.022020 0.001300
v 0.003483 0.022043 0.001200
v 0.003469 0.022020 0.001300
v 0.004143 0.021563 0.001200
v 0.004143 0.021563 0.001200
v 0.003469 0.022020 0.001300
v 0.004126 0.021543 0.001300
v 0.004143 0.021563 0.001200
v 0.004126 0.021543 0.001300
v 0.004738 0.021005 0.001200
v 0.004738 0.021005 0.001200
v 0.004126 0.021543 0.001300
v 0.004719 0.020986 0.001300
v 0.004738 0.021005 0.001200
v 0.004719 0.020986 0.001300
v 0.005259 0.020376 0.001200
v 0.005259 0.020376 0.001200
v 0.004719 0.020986 0.001300
v 0.005237 0.020360 0.001300
v 0.005259 0.020376 0.001200
v 0.005237 0.020360 0.001300
v 0.005696 0.019686 0.001200
v 0.005696 0.019686 0.001200
v 0.005237 0.020360 0.001300
v 0.005673 0.019673 0.001300
v 0.005696 0.019686 0.001200
v 0.005673 0.019673 0.001300
v 0.006044 0.018948 0.001200
v 0.006044 0.018948 0.001200
v 0.005673 0.019673 0.001300
v 0.006019 0.018938 0.001300
v 0.006044 0.018948 0.001200
v 0.006019 0.018938 0.001300
v 0.006296 0.018171 0.001200
v 0.006296 0.018171 0.001200
v 0.006019 0.018938 0.001300
v 0.006270 0.018165 0.001300
v 0.006296 0.018171 0.001200
v 0.006270 0.018165 0.001300
v 0.006449 0.017370 0.001200
v 0.006449 0.017370 0.001200
v 0.006270 0.018165 0.001300
v 0.006422 0.017366 0.001300
v 0.006449 0.017370 0.001200
v 0.006422 0.017366 0.001300
v 0.006500 0.016555 0.001200
v 0.006500 0.016555 0.001200
v 0.006422 0.017366 0.001300
v 0.006473 0.016555 0.001300
v 0.006473 0.016555 0.001300
v 0.006422 0.017366 0.001300
v 0.006350 0.017357 0.001373
v 0.006473 0.016555 0.001300
v 0.006350 0.017357 0.001373
v 0.006400 0.016555 0.001373
v 0.006400 0.016555 0.001373
v 0.006350 0.017357 0.001373
v 0.006250 0.017345 0.001400
v 0.006400 0.016555 0.001373
v 0.006250 0.017345 0.001400
v 0.006300 0.016555 0.001400
v -0.006473 0.016555 0.001300
v -0.006400 0.016555 0.001373
v -0.006422 0.017366 0.001300
v -0.006422 0.017366 0.001300
v -0.006400 0.016555 0.001373
v -0.006350 0.017357 0.001373
v -0.006422 0.017366 0.001300
v -0.006350 0.017357 0.001373
v -0.006270 0.018165 0.001300
v -0.006270 0.018165 0.001300
v -0.006350 0.017357 0.001373
v -0.006199 0.018147 0.001373
v -0.006270 0.018165 0.001300
v -0.006199 0.018147 0.001373
v -0.006019 0.018938 0.001300
v -0.006019 0.018938 0.001300
v -0.006199 0.018147 0.001373
v -0.005951 0.018911 0.001373
v -0.006019 0.018938 0.001300
v -0.005951 0.018911 0.001373
v -0.005673 0.019673 0.001300
v -0.005673 0.019673 0.001300
v -0.005951 0.018911 0.001373
v -0.005608 0.019638 0.001373
v -0.005673 0.019673 0.001300
v -0.005608 0.019638 0.001373
v -0.005237 0.020360 0.001300
v -0.005237 0.020360 0.001300
v -0.005608 0.019638 0.001373
v -0.005178 0.020317 0.001373
v -0.005237 0.020360 0.001300
v -0.005178 0.020317 0.001373
v -0.004719 0.020986 0.001300
v -0.004719 0.020986 0.001300
v -0.005178 0.020317 0.001373
v -0.004665 0.020936 0.001373
v -0.004719 0.020986 0.001300
v -0.004665 0.020936 0.001373
v -0.004126 0.021543 0.001300
v -0.004126 0.021543 0.001300
v -0.004665 0.020936 0.001373
v -0.004080 0.021486 0.001373
v -0.004126 0.021543 0.001300
v -0.004080 0.021486 0.001373
v -0.003469 0.022020 0.001300
v -0.003469 0.022020 0.001300
v -0.004080 0.021486 0.001373
v -0.003429 0.021959 0.001373
v -0.003469 0.022020 0.001300
v -0.003429 0.021959 0.001373
v -0.002756 0.022412 0.001300
v -0.002756 0.022412 0.001300
v -0.003429 0.021959 0.001373
v -0.002725 0.022346 0.001373
v -0.002756 0.022412 0.001300
v -0.002725 0.022346 0.001373
v -0.002000 0.022711 0.001300
v -0.002000 0.022711 0.001300
v -0.002725 0.022346 0.001373
v -0.001978 0.022642 0.001373
v -0.002000 0.022711 0.001300
v -0.001978 0.022642 0.001373
v -0.001213 0.022914 0.001300
v -0.001213 0.022914 0.001300
v -0.001978 0.022642 0.001373
v -0.001199 0.022842 0.001373
v -0.001213 0.022914 0.001300
v -0.001199 0.022842 0.001373
v -0.000406 0.023015 0.001300
v -0.000406 0.023015 0.001300
v -0.001199 0.022842 0.001373
v -0.000402 0.022942 0.001373
v -0.000406 0.023015 0.001300
v -0.000402 0.022942 0.001373
v 0.000406 0.023015 0.001300
v 0.000406 0.023015 0.001300
v -0.000402 0.022942 0.001373
v 0.000402 0.022942 0.001373
v 0.000406 0.023015 0.001300
v 0.000402 0.022942 0.001373
v 0.001213 0.022914 0.001300
v 0.001213 0.022914 0.001300
v 0.000402 0.022942 0.001373
v 0.001199 0.022842 0.001373
v 0.001213 0.022914 0.001300
v 0.001199 0.022842 0.001373
v 0.002000 0.022711 0.001300
v 0.002000 0.022711 0.001300
v 0.001199 0.022842 0.001373
v 0.001978 0.022642 0.001373
v 0.002000 0.022711 0.001300
v 0.001978 0.022642 0.001373
v 0.002756 0.022412 0.001300
v 0.002756 0.022412 0.001300
v 0.001978 0.022642 0.001373
v 0.002725 0.022346 0.001373
v 0.002756 0.022412 0.001300
v 0.002725 0.022346 0.001373
v 0.003469 0.022020 0.001300
v 0.003469 0.022020 0.001300
v 0.002725 0.022346 0.001373
v 0.003429 0.021959 0.001373
v 0.003469 0.022020 0.001300
v 0.003429 0.021959 0.001373
v 0.004126 0.021543 0.001300
v 0.004126 0.021543 0.001300
v 0.003429 0.021959 0.001373
v 0.004080 0.021486 0.001373
v 0.004126 0.021543 0.001300
v 0.004080 0.021486 0.001373
v 0.004719 0.020986 0.001300
v 0.004719 0.020986 0.001300
v 0.004080 0.021486 0.001373
v 0.004665 0.020936 0.001373
v 0.004719 0.020986 0.001300
v 0.004665 0.020936 0.001373
v 0.005237 0.020360 0.001300
v 0.005237 0.020360 0.001300
v 0.004665 0.020936 0.001373
v 0.005178 0.020317 0.001373
v 0.005237 0.020360 0.001300
v 0.005178 0.020317 0.001373
v 0.005673 0.019673 0.001300
v 0.005673 0.019673 0.001300
v 0.005178 0.020317 0.001373
v 0.005608 0.019638 0.001373
v 0.005673 0.019673 0.001300
v 0.005608 0.019638 0.001373
v 0.006019 0.018938 0.001300
v 0.006019 0.018938 0.001300
v 0.005608 0.019638 0.001373
v 0.005951 0.018911 0.001373
v 0.006019 0.018938 0.001300
v 0.005951 0.018911 0.001373
v 0.006270 0.018165 0.001300
v 0.006270 0.018165 0.001300
v 0.005951 0.018911 0.001373
v 0.006199 0.018147 0.001373
v 0.006270 0.018165 0.001300
v 0.006199 0.018147 0.001373
v 0.006422 0.017366 0.001300
v 0.006422 0.017366 0.001300
v 0.006199 0.018147 0.001373
v 0.006350 0.017357 0.001373
v -0.006400 0.016555 0.001373
v -0.006300 0.016555 0.001400
v -0.006350 0.017357 0.001373
v -0.006350 0.017357 0.001373
v -0.006300 0.016555 0.001400
v -0.006250 0.017345 0.001400
v -0.006350 0.017357 0.001373
v -0.006250 0.017345 0.001400
v -0.006199 0.018147 0.001373
v -0.006199 0.018147 0.001373
v -0.006250 0.017345 0.001400
v -0.006102 0.018122 0.001400
v -0.006199 0.018147 0.001373
v -0.006102 0.018122 0.001400
v -0.005951 0.018911 0.001373
v -0.005951 0.018911 0.001373
v -0.006102 0.018122 0.001400
v -0.005858 0.018874 0.001400
v -0.005951 0.018911 0.001373
v -0.005858 0.018874 0.001400
v -0.005608 0.019638 0.001373
v -0.005608 0.019638 0.001373
v -0.005858 0.018874 0.001400
v -0.005521 0.019590 0.001400
v -0.005608 0.019638 0.001373
v -0.005521 0.019590 0.001400
v -0.005178 0.020317 0.001373
v -0.005178 0.020317 0.001373
v -0.005521 0.019590 0.001400
v -0.005097 0.020258 0.001400
v -0.005178 0.020317 0.001373
v -0.005097 0.020258 0.001400
v -0.004665 0.020936 0.001373
v -0.004665 0.020936 0.001373
v -0.005097 0.020258 0.001400
v -0.004593 0.020868 0.001400
v -0.004665 0.020936 0.001373
v -0.004593 0.020868 0.001400
v -0.004080 0.021486 0.001373
v -0.004080 0.021486 0.001373
v -0.004593 0.020868 0.001400
v -0.004016 0.021409 0.001400
v -0.004080 0.021486 0.001373
v -0.004016 0.021409 0.001400
v -0.003429 0.021959 0.001373
v -0.003429 0.021959 0.001373
v -0.004016 0.021409 0.001400
v -0.003376 0.021874 0.001400
v -0.003429 0.021959 0.001373
v -0.003376 0.021874 0.001400
v -0.002725 0.022346 0.001373
v -0.002725 0.022346 0.001373
v -0.003376 0.021874 0.001400
v -0.002682 0.022255 0.001400
v -0.002725 0.022346 0.001373
v -0.002682 0.022255 0.001400
v -0.001978 0.022642 0.001373
v -0.001978 0.022642 0.001373
v -0.002682 0.022255 0.001400
v -0.001947 0.022547 0.001400
v -0.001978 0.022642 0.001373
v -0.001947 0.022547 0.001400
v -0.001199 0.022842 0.001373
v -0.001199 0.022842 0.001373
v -0.001947 0.022547 0.001400
v -0.001181 0.022743 0.001400
v -0.001199 0.022842 0.001373
v -0.001181 0.022743 0.001400
v -0.000402 0.022942 0.001373
v -0.000402 0.022942 0.001373
v -0.001181 0.022743 0.001400
v -0.000396 0.022843 0.001400
v -0.000402 0.022942 0.001373
v -0.000396 0.022843 0.001400
v 0.000402 0.022942 0.001373
v 0.000402 0.022942 0.001373
v -0.000396 0.022843 0.001400
v 0.000396 0.022843 0.001400
v 0.000402 0.022942 0.001373
v 0.000396 0.022843 0.001400
v 0.001199 0.022842 0.001373
v 0.001199 0.022842 0.001373
v 0.000396 0.022843 0.001400
v 0.001181 0.022743 0.001400
v 0.001199 0.022842 0.001373
v 0.001181 0.022743 0.001400
v 0.001978 0.022642 0.001373
v 0.001978 0.022642 0.001373
v 0.001181 0.022743 0.001400
v 0.001947 0.022547 0.001400
v 0.001978 0.022642 0.001373
v 0.001947 0.022547 0.001400
v 0.002725 0.022346 0.001373
v 0.002725 0.022346 0.001373
v 0.001947 0.022547 0.001400
v 0.002682 0.022255 0.001400
v 0.002725 0.022346 0.001373
v 0.002682 0.022255 0.001400
v 0.003429 0.021959 0.001373
v 0.003429 0.021959 0.001373
v 0.002682 0.022255 0.001400
v 0.003376 0.021874 0.001400
v 0.003429 0.021959 0.001373
v 0.003376 0.021874 0.001400
v 0.004080 0.021486 0.001373
v 0.004080 0.021486 0.001373
v 0.003376 0.021874 0.001400
v 0.004016 0.021409 0.001400
v 0.004080 0.021486 0.001373
v 0.004016 0.021409 0.001400
v 0.004665 0.020936 0.001373
v 0.004665 0.020936 0.001373
v 0.004016 0.021409 0.001400
v 0.004593 0.020868 0.001400
v 0.004665 0.020936 0.001373
v 0.004593 0.020868 0.001400
v 0.005178 0.020317 0.001373
v 0.005178 0.020317 0.001373
v 0.004593 0.020868 0.001400
v 0.005097 0.020258 0.001400
v 0.005178 0.020317 0.001373
v 0.005097 0.020258 0.001400
v 0.005608 0.019638 0.001373
v 0.005608 0.019638 0.001373
v 0.005097 0.020258 0.001400
v 0.005521 0.019590 0.001400
v 0.005608 0.019638 0.001373
v 0.005521 0.019590 0.001400
v 0.005951 0.018911 0.001373
v 0.005951 0.018911 0.001373
v 0.005521 0.019590 0.001400
v 0.005858 0.018874 0.001400
v 0.005951 0.018911 0.001373
v 0.005858 0.018874 0.001400
v 0.006199 0.018147 0.001373
v 0.006199 0.018147 0.001373
v 0.005858 0.018874 0.001400
v 0.006102 0.018122 0.001400
v 0.006199 0.018147 0.001373
v 0.006102 0.018122 0.001400
v 0.006350 0.017357 0.001373
v 0.006350 0.017357 0.001373
v 0.006102 0.018122 0.001400
v 0.006250 0.017345 0.001400
v -0.006500 0.016555 0.001200
v -0.006500 0.012555 0.001200
v -0.006473 0.016555 0.001300
v -0.006473 0.016555 0.001300
v -0.006500 0.012555 0.001200
v -0.006473 0.012555 0.001300
v -0.006473 0.016555 0.001300
v -0.006473 0.012555 0.001300
v -0.006400 0.016555 0.001373
v -0.006400 0.016555 0.001373
v -0.006473 0.012555 0.001300
v -0.006400 0.012555 0.001373
v -0.006400 0.016555 0.001373
v -0.006400 0.012555 0.001373
v -0.006300 0.016555 0.001400
v -0.006300 0.016555 0.001400
v -0.006400 0.012555 0.001373
v -0.006300 0.012555 0.001400
v -0.006500 0.006408 0.006591
v -0.006500 0.006355 0.007400
v -0.006473 0.006499 0.006665
v -0.006473 0.006499 0.006665
v -0.006500 0.006355 0.007400
v -0.006473 0.006455 0.007400
v -0.006473 0.006499 0.006665
v -0.006473 0.006455 0.007400
v -0.006400 0.006528 0.007400
v -0.006473 0.006499 0.006665
v -0.006400 0.006528 0.007400
v -0.006400 0.006572 0.006674
v -0.006400 0.006572 0.006674
v -0.006400 0.006528 0.007400
v -0.006300 0.006555 0.007400
v -0.006400 0.006572 0.006674
v -0.006300 0.006555 0.007400
v -0.006300 0.006606 0.006617
v -0.006400 0.006572 0.006674
v -0.006300 0.006606 0.006617
v -0.006400 0.006703 0.005958
v -0.006400 0.006703 0.005958
v -0.006300 0.006606 0.006617
v -0.006300 0.006759 0.005847
v -0.006400 0.006703 0.005958
v -0.006300 0.006759 0.005847
v -0.006400 0.006920 0.005263
v -0.006400 0.006920 0.005263
v -0.006300 0.006759 0.005847
v -0.006300 0.007012 0.005104
v -0.006400 0.006920 0.005263
v -0.006300 0.007012 0.005104
v -0.006400 0.007218 0.004599
v -0.006400 0.007218 0.004599
v -0.006300 0.007012 0.005104
v -0.006300 0.007359 0.004400
v -0.006400 0.007218 0.004599
v -0.006300 0.007359 0.004400
v -0.006400 0.007595 0.003976
v -0.006400 0.007595 0.003976
v -0.006300 0.007359 0.004400
v -0.006300 0.007795 0.003747
v -0.006400 0.007595 0.003976
v -0.006300 0.007795 0.003747
v -0.006400 0.008044 0.003403
v -0.006400 0.008044 0.003403
v -0.006300 0.007795 0.003747
v -0.006300 0.008312 0.003157
v -0.006400 0.008044 0.003403
v -0.006300 0.008312 0.003157
v -0.006400 0.008558 0.002889
v -0.006400 0.008558 0.002889
v -0.006300 0.008312 0.003157
v -0.006300 0.008902 0.002640
v -0.006400 0.008558 0.002889
v -0.006300 0.008902 0.002640
v -0.006400 0.009131 0.002440
v -0.006400 0.009131 0.002440
v -0.006300 0.008902 0.002640
v -0.006300 0.009555 0.002204
v -0.006400 0.009131 0.002440
v -0.006300 0.009555 0.002204
v -0.006400 0.009754 0.002064
v -0.006400 0.009754 0.002064
v -0.006300 0.009555 0.002204
v -0.006300 0.010259 0.001857
v -0.006400 0.009754 0.002064
v -0.006300 0.010259 0.001857
v -0.006400 0.010418 0.001765
v -0.006400 0.010418 0.001765
v -0.006300 0.010259 0.001857
v -0.006300 0.011002 0.001604
v -0.006400 0.010418 0.001765
v -0.006300 0.011002 0.001604
v -0.006400 0.011113 0.001548
v -0.006400 0.011113 0.001548
v -0.006300 0.011002 0.001604
v -0.006300 0.011772 0.001451
v -0.006400 0.011113 0.001548
v -0.006300 0.011772 0.001451
v -0.006400 0.011829 0.001417
v -0.006400 0.011829 0.001417
v -0.006300 0.011772 0.001451
v -0.006300 0.012555 0.001400
v -0.006400 0.011829 0.001417
v -0.006300 0.012555 0.001400
v -0.006400 0.012555 0.001373
v -0.006400 0.012555 0.001373
v -0.006473 0.012555 0.001300
v -0.006400 0.011829 0.001417
v -0.006400 0.011829 0.001417
v -0.006473 0.012555 0.001300
v -0.006473 0.011820 0.001344
v -0.006400 0.011829 0.001417
v -0.006473 0.011820 0.001344
v -0.006400 0.011113 0.001548
v -0.006400 0.011113 0.001548
v -0.006473 0.011820 0.001344
v -0.006473 0.011095 0.001477
v -0.006400 0.011113 0.001548
v -0.006473 0.011095 0.001477
v -0.006400 0.010418 0.001765
v -0.006400 0.010418 0.001765
v -0.006473 0.011095 0.001477
v -0.006473 0.010392 0.001696
v -0.006400 0.010418 0.001765
v -0.006473 0.010392 0.001696
v -0.006400 0.009754 0.002064
v -0.006400 0.009754 0.002064
v -0.006473 0.010392 0.001696
v -0.006473 0.009720 0.001999
v -0.006400 0.009754 0.002064
v -0.006473 0.009720 0.001999
v -0.006400 0.009131 0.002440
v -0.006400 0.009131 0.002440
v -0.006473 0.009720 0.001999
v -0.006473 0.009090 0.002380
v -0.006400 0.009131 0.002440
v -0.006473 0.009090 0.002380
v -0.006400 0.008558 0.002889
v -0.006400 0.008558 0.002889
v -0.006473 0.009090 0.002380
v -0.006473 0.008510 0.002834
v -0.006400 0.008558 0.002889
v -0.006473 0.008510 0.002834
v -0.006400 0.008044 0.003403
v -0.006400 0.008044 0.003403
v -0.006473 0.008510 0.002834
v -0.006473 0.007989 0.003355
v -0.006400 0.008044 0.003403
v -0.006473 0.007989 0.003355
v -0.006400 0.007595 0.003976
v -0.006400 0.007595 0.003976
v -0.006473 0.007989 0.003355
v -0.006473 0.007535 0.003935
v -0.006400 0.007595 0.003976
v -0.006473 0.007535 0.003935
v -0.006400 0.007218 0.004599
v -0.006400 0.007218 0.004599
v -0.006473 0.007535 0.003935
v -0.006473 0.007154 0.004565
v -0.006400 0.007218 0.004599
v -0.006473 0.007154 0.004565
v -0.006400 0.006920 0.005263
v -0.006400 0.006920 0.005263
v -0.006473 0.007154 0.004565
v -0.006473 0.006851 0.005237
v -0.006400 0.006920 0.005263
v -0.006473 0.006851 0.005237
v -0.006400 0.006703 0.005958
v -0.006400 0.006703 0.005958
v -0.006473 0.006851 0.005237
v -0.006473 0.006632 0.005940
v -0.006400 0.006703 0.005958
v -0.006473 0.006632 0.005940
v -0.006400 0.006572 0.006674
v -0.006400 0.006572 0.006674
v -0.006473 0.006632 0.005940
v -0.006473 0.006499 0.006665
v -0.006473 0.012555 0.001300
v -0.006500 0.012555 0.001200
v -0.006473 0.011820 0.001344
v -0.006473 0.011820 0.001344
v -0.006500 0.012555 0.001200
v -0.006500 0.011746 0.001253
v -0.006473 0.011820 0.001344
v -0.006500 0.011746 0.001253
v -0.006473 0.011095 0.001477
v -0.006473 0.011095 0.001477
v -0.006500 0.011746 0.001253
v -0.006500 0.010950 0.001411
v -0.006473 0.011095 0.001477
v -0.006500 0.010950 0.001411
v -0.006473 0.010392 0.001696
v -0.006473 0.010392 0.001696
v -0.006500 0.010950 0.001411
v -0.006500 0.010182 0.001672
v -0.006473 0.010392 0.001696
v -0.006500 0.010182 0.001672
v -0.006473 0.009720 0.001999
v -0.006473 0.009720 0.001999
v -0.006500 0.010182 0.001672
v -0.006500 0.009455 0.002031
v -0.006473 0.009720 0.001999
v -0.006500 0.009455 0.002031
v -0.006473 0.009090 0.002380
v -0.006473 0.009090 0.002380
v -0.006500 0.009455 0.002031
v -0.006500 0.008781 0.002481
v -0.006473 0.009090 0.002380
v -0.006500 0.008781 0.002481
v -0.006473 0.008510 0.002834
v -0.006473 0.008510 0.002834
v -0.006500 0.008781 0.002481
v -0.006500 0.008171 0.003016
v -0.006473 0.008510 0.002834
v -0.006500 0.008171 0.003016
v -0.006473 0.007989 0.003355
v -0.006473 0.007989 0.003355
v -0.006500 0.008171 0.003016
v -0.006500 0.007636 0.003626
v -0.006473 0.007989 0.003355
v -0.006500 0.007636 0.003626
v -0.006473 0.007535 0.003935
v -0.006473 0.007535 0.003935
v -0.006500 0.007636 0.003626
v -0.006500 0.007186 0.004300
v -0.006473 0.007535 0.003935
v -0.006500 0.007186 0.004300
v -0.006473 0.007154 0.004565
v -0.006473 0.007154 0.004565
v -0.006500 0.007186 0.004300
v -0.006500 0.006827 0.005027
v -0.006473 0.007154 0.004565
v -0.006500 0.006827 0.005027
v -0.006473 0.006851 0.005237
v -0.006473 0.006851 0.005237
v -0.006500 0.006827 0.005027
v -0.006500 0.006566 0.005795
v -0.006473 0.006851 0.005237
v -0.006500 0.006566 0.005795
v -0.006473 0.006632 0.005940
v -0.006473 0.006632 0.005940
v -0.006500 0.006566 0.005795
v -0.006500 0.006408 0.006591
v -0.006473 0.006632 0.005940
v -0.006500 0.006408 0.006591
v -0.006473 0.006499 0.006665
v -0.006500 0.006355 0.007400
v -0.006500 0.006355 0.008850
v -0.006473 0.006455 0.007400
v -0.006473 0.006455 0.007400
v -0.006500 0.006355 0.008850
v -0.006473 0.006455 0.008850
v -0.006473 0.006455 0.007400
v -0.006473 0.006455 0.008850
v -0.006400 0.006528 0.007400
v -0.006400 0.006528 0.007400
v -0.006473 0.006455 0.008850
v -0.006400 0.006528 0.008850
v -0.006400 0.006528 0.007400
v -0.006400 0.006528 0.008850
v -0.006300 0.006555 0.007400
v -0.006300 0.006555 0.007400
v -0.006400 0.006528 0.008850
v -0.006300 0.006555 0.008850
v -0.006300 0.011772 0.001451
v -0.001050 0.012190 0.001411
v -0.006300 0.012555 0.001400
v -0.006300 0.012555 0.001400
v -0.001050 0.012190 0.001411
v -0.001568 0.012341 0.001404
v -0.006300 0.012555 0.001400
v -0.001568 0.012341 0.001404
v -0.002062 0.012555 0.001400
v -0.006300 0.011002 0.001604
v 0.006300 0.011002 0.001604
v -0.006300 0.011772 0.001451
v -0.006300 0.011772 0.001451
v 0.006300 0.011002 0.001604
v 0.006300 0.011772 0.001451
v -0.006300 0.011772 0.001451
v 0.006300 0.011772 0.001451
v 0.000000 0.012074 0.001419
v 0.000000 0.012074 0.001419
v 0.006300 0.011772 0.001451
v 0.000521 0.012102 0.001417
v 0.000521 0.012102 0.001417
v 0.006300 0.011772 0.001451
v 0.001050 0.012190 0.001411
v 0.001050 0.012190 0.001411
v 0.006300 0.011772 0.001451
v 0.006300 0.012555 0.001400
v 0.001050 0.012190 0.001411
v 0.006300 0.012555 0.001400
v 0.001568 0.012341 0.001404
v 0.001568 0.012341 0.001404
v 0.006300 0.012555 0.001400
v 0.002062 0.012555 0.001400
v 0.006300 0.011002 0.001604
v -0.006300 0.011002 0.001604
v 0.006300 0.010259 0.001857
v 0.006300 0.010259 0.001857
v -0.006300 0.011002 0.001604
v -0.006300 0.010259 0.001857
v 0.006300 0.010259 0.001857
v -0.006300 0.010259 0.001857
v 0.006300 0.009555 0.002204
v 0.006300 0.009555 0.002204
v -0.006300 0.010259 0.001857
v -0.006300 0.009555 0.002204
v 0.006300 0.009555 0.002204
v -0.006300 0.009555 0.002204
v 0.006300 0.008902 0.002640
v 0.006300 0.008902 0.002640
v -0.006300 0.009555 0.002204
v -0.006300 0.008902 0.002640
v 0.006300 0.008902 0.002640
v -0.006300 0.008902 0.002640
v 0.006300 0.008312 0.003157
v 0.006300 0.008312 0.003157
v -0.006300 0.008902 0.002640
v -0.006300 0.008312 0.003157
v 0.006300 0.008312 0.003157
v -0.006300 0.008312 0.003157
v 0.006300 0.007795 0.003747
v 0.006300 0.007795 0.003747
v -0.006300 0.008312 0.003157
v -0.006300 0.007795 0.003747
v 0.006300 0.007795 0.003747
v -0.006300 0.007795 0.003747
v 0.006300 0.007359 0.004400
v 0.006300 0.007359 0.004400
v -0.006300 0.007795 0.003747
v -0.006300 0.007359 0.004400
v 0.006300 0.007359 0.004400
v -0.006300 0.007359 0.004400
v 0.006300 0.007012 0.005104
v 0.006300 0.007012 0.005104
v -0.006300 0.007359 0.004400
v -0.006300 0.007012 0.005104
v 0.006300 0.007012 0.005104
v -0.006300 0.007012 0.005104
v 0.006300 0.006759 0.005847
v 0.006300 0.006759 0.005847
v -0.006300 0.007012 0.005104
v -0.006300 0.006759 0.005847
v 0.006300 0.006759 0.005847
v -0.006300 0.006759 0.005847
v 0.006300 0.006606 0.006617
v 0.006300 0.006606 0.006617
v -0.006300 0.006759 0.005847
v -0.006300 0.006606 0.006617
v 0.006300 0.006606 0.006617
v -0.006300 0.006606 0.006617
v 0.006300 0.006555 0.007400
v 0.006300 0.006555 0.007400
v -0.006300 0.006606 0.006617
v -0.006300 0.006555 0.007400
v 0.000000 0.012074 0.001419
v -0.000521 0.012102 0.001417
v -0.006300 0.011772 0.001451
v -0.006300 0.011772 0.001451
v -0.000521 0.012102 0.001417
v -0.001050 0.012190 0.001411
v 0.004348 0.015883 0.001500
v 0.004498 0.016426 0.001400
v 0.004400 0.016555 0.001500
v 0.004400 0.016555 0.001500
v 0.004498 0.016426 0.001400
v 0.004466 0.017110 0.001400
v 0.004400 0.016555 0.001500
v 0.004466 0.017110 0.001400
v 0.004348 0.017227 0.001500
v 0.004348 0.017227 0.001500
v 0.004466 0.017110 0.001400
v 0.004330 0.017781 0.001400
v 0.004348 0.017227 0.001500
v 0.004330 0.017781 0.001400
v 0.004195 0.017883 0.001500
v 0.004195 0.017883 0.001500
v 0.004330 0.017781 0.001400
v 0.004093 0.018424 0.001400
v 0.004195 0.017883 0.001500
v 0.004093 0.018424 0.001400
v 0.003943 0.018507 0.001500
v 0.003943 0.018507 0.001500
v 0.004093 0.018424 0.001400
v 0.003762 0.019024 0.001400
v 0.003943 0.018507 0.001500
v 0.003762 0.019024 0.001400
v 0.003599 0.019086 0.001500
v 0.003599 0.019086 0.001500
v 0.003762 0.019024 0.001400
v 0.003344 0.019566 0.001400
v 0.003599 0.019086 0.001500
v 0.003344 0.019566 0.001400
v 0.003170 0.019606 0.001500
v 0.003170 0.019606 0.001500
v 0.003344 0.019566 0.001400
v 0.002849 0.020039 0.001400
v 0.003170 0.019606 0.001500
v 0.002849 0.020039 0.001400
v 0.002667 0.020054 0.001500
v 0.002667 0.020054 0.001500
v 0.002849 0.020039 0.001400
v 0.002287 0.020430 0.001400
v 0.002667 0.020054 0.001500
v 0.002287 0.020430 0.001400
v 0.002102 0.020420 0.001500
v 0.002102 0.020420 0.001500
v 0.002287 0.020430 0.001400
v 0.001673 0.020733 0.001400
v 0.002102 0.020420 0.001500
v 0.001673 0.020733 0.001400
v 0.001487 0.020696 0.001500
v 0.001487 0.020696 0.001500
v 0.001673 0.020733 0.001400
v 0.001019 0.020938 0.001400
v 0.001487 0.020696 0.001500
v 0.001019 0.020938 0.001400
v 0.000838 0.020874 0.001500
v 0.000838 0.020874 0.001500
v 0.001019 0.020938 0.001400
v 0.000342 0.021042 0.001400
v 0.000838 0.020874 0.001500
v 0.000342 0.021042 0.001400
v 0.000169 0.020952 0.001500
v 0.000169 0.020952 0.001500
v 0.000342 0.021042 0.001400
v -0.000342 0.021042 0.001400
v 0.000169 0.020952 0.001500
v -0.000342 0.021042 0.001400
v -0.000505 0.020926 0.001500
v -0.000505 0.020926 0.001500
v -0.000342 0.021042 0.001400
v -0.001019 0.020938 0.001400
v -0.000505 0.020926 0.001500
v -0.001019 0.020938 0.001400
v -0.001166 0.020798 0.001500
v -0.001166 0.020798 0.001500
v -0.001019 0.020938 0.001400
v -0.001673 0.020733 0.001400
v -0.001166 0.020798 0.001500
v -0.001673 0.020733 0.001400
v -0.001800 0.020570 0.001500
v -0.001800 0.020570 0.001500
v -0.001673 0.020733 0.001400
v -0.002287 0.020430 0.001400
v -0.001800 0.020570 0.001500
v -0.002287 0.020430 0.001400
v -0.002392 0.020248 0.001500
v -0.002392 0.020248 0.001500
v -0.002287 0.020430 0.001400
v -0.002849 0.020039 0.001400
v -0.002392 0.020248 0.001500
v -0.002849 0.020039 0.001400
v -0.002927 0.019840 0.001500
v -0.002927 0.019840 0.001500
v -0.002849 0.020039 0.001400
v -0.003344 0.019566 0.001400
v -0.002927 0.019840 0.001500
v -0.003344 0.019566 0.001400
v -0.003395 0.019354 0.001500
v -0.003395 0.019354 0.001500
v -0.003344 0.019566 0.001400
v -0.003762 0.019024 0.001400
v -0.003395 0.019354 0.001500
v -0.003762 0.019024 0.001400
v -0.003782 0.018803 0.001500
v -0.003782 0.018803 0.001500
v -0.003762 0.019024 0.001400
v -0.004093 0.018424 0.001400
v -0.003782 0.018803 0.001500
v -0.004093 0.018424 0.001400
v -0.004081 0.018200 0.001500
v -0.004081 0.018200 0.001500
v -0.004093 0.018424 0.001400
v -0.004330 0.017781 0.001400
v -0.004081 0.018200 0.001500
v -0.004330 0.017781 0.001400
v -0.004284 0.017558 0.001500
v -0.004284 0.017558 0.001500
v -0.004330 0.017781 0.001400
v -0.004466 0.017110 0.001400
v -0.004284 0.017558 0.001500
v -0.004466 0.017110 0.001400
v -0.004387 0.016892 0.001500
v -0.004387 0.016892 0.001500
v -0.004466 0.017110 0.001400
v -0.004498 0.016426 0.001400
v -0.004387 0.016892 0.001500
v -0.004498 0.016426 0.001400
v -0.004387 0.016218 0.001500
v -0.004387 0.016218 0.001500
v -0.004498 0.016426 0.001400
v -0.004427 0.015745 0.001400
v -0.004387 0.016218 0.001500
v -0.004427 0.015745 0.001400
v -0.004284 0.015552 0.001500
v -0.004284 0.015552 0.001500
v -0.004427 0.015745 0.001400
v -0.004252 0.015083 0.001400
v -0.004284 0.015552 0.001500
v -0.004252 0.015083 0.001400
v -0.004081 0.014910 0.001500
v -0.004081 0.014910 0.001500
v -0.004252 0.015083 0.001400
v -0.003980 0.014455 0.001400
v -0.004081 0.014910 0.001500
v -0.003980 0.014455 0.001400
v -0.003782 0.014306 0.001500
v -0.003782 0.014306 0.001500
v -0.003980 0.014455 0.001400
v -0.003615 0.013875 0.001400
v -0.003782 0.014306 0.001500
v -0.003615 0.013875 0.001400
v -0.003395 0.013755 0.001500
v -0.003395 0.013755 0.001500
v -0.003615 0.013875 0.001400
v -0.003166 0.013358 0.001400
v -0.003395 0.013755 0.001500
v -0.003166 0.013358 0.001400
v -0.002927 0.013270 0.001500
v -0.002927 0.013270 0.001500
v -0.003166 0.013358 0.001400
v -0.002645 0.012914 0.001400
v -0.002927 0.013270 0.001500
v -0.002645 0.012914 0.001400
v -0.002392 0.012862 0.001500
v -0.002392 0.012862 0.001500
v -0.002645 0.012914 0.001400
v -0.002062 0.012555 0.001400
v -0.002392 0.012862 0.001500
v -0.002062 0.012555 0.001400
v -0.001800 0.012540 0.001500
v -0.001800 0.012540 0.001500
v -0.002062 0.012555 0.001400
v -0.001568 0.012341 0.001404
v -0.001800 0.012540 0.001500
v -0.001568 0.012341 0.001404
v -0.001166 0.012312 0.001500
v -0.001166 0.012312 0.001500
v -0.001568 0.012341 0.001404
v -0.001050 0.012190 0.001411
v -0.001166 0.012312 0.001500
v -0.001050 0.012190 0.001411
v -0.000505 0.012184 0.001500
v -0.000505 0.012184 0.001500
v -0.001050 0.012190 0.001411
v -0.000521 0.012102 0.001417
v -0.000505 0.012184 0.001500
v -0.000521 0.012102 0.001417
v 0.000000 0.012074 0.001419
v 0.004498 0.016426 0.001400
v 0.004348 0.015883 0.001500
v 0.004427 0.015745 0.001400
v 0.004427 0.015745 0.001400
v 0.004348 0.015883 0.001500
v 0.004195 0.015227 0.001500
v 0.004427 0.015745 0.001400
v 0.004195 0.015227 0.001500
v 0.004252 0.015083 0.001400
v 0.004252 0.015083 0.001400
v 0.004195 0.015227 0.001500
v 0.003943 0.014603 0.001500
v 0.004252 0.015083 0.001400
v 0.003943 0.014603 0.001500
v 0.003980 0.014455 0.001400
v 0.003980 0.014455 0.001400
v 0.003943 0.014603 0.001500
v 0.003599 0.014024 0.001500
v 0.003980 0.014455 0.001400
v 0.003599 0.014024 0.001500
v 0.003615 0.013875 0.001400
v 0.003615 0.013875 0.001400
v 0.003599 0.014024 0.001500
v 0.003170 0.013504 0.001500
v 0.003615 0.013875 0.001400
v 0.003170 0.013504 0.001500
v 0.003166 0.013358 0.001400
v 0.003166 0.013358 0.001400
v 0.003170 0.013504 0.001500
v 0.002667 0.013056 0.001500
v 0.003166 0.013358 0.001400
v 0.002667 0.013056 0.001500
v 0.002645 0.012914 0.001400
v 0.002645 0.012914 0.001400
v 0.002667 0.013056 0.001500
v 0.002102 0.012689 0.001500
v 0.002645 0.012914 0.001400
v 0.002102 0.012689 0.001500
v 0.002062 0.012555 0.001400
v 0.002062 0.012555 0.001400
v 0.002102 0.012689 0.001500
v 0.001487 0.012414 0.001500
v 0.002062 0.012555 0.001400
v 0.001487 0.012414 0.001500
v 0.001568 0.012341 0.001404
v 0.001568 0.012341 0.001404
v 0.001487 0.012414 0.001500
v 0.001050 0.012190 0.001411
v 0.001050 0.012190 0.001411
v 0.001487 0.012414 0.001500
v 0.000838 0.012235 0.001500
v 0.001050 0.012190 0.001411
v 0.000838 0.012235 0.001500
v 0.000521 0.012102 0.001417
v 0.000521 0.012102 0.001417
v 0.000838 0.012235 0.001500
v 0.000169 0.012158 0.001500
v 0.000521 0.012102 0.001417
v 0.000169 0.012158 0.001500
v 0.000000 0.012074 0.001419
v 0.000000 0.012074 0.001419
v 0.000169 0.012158 0.001500
v -0.000505 0.012184 0.001500
v -0.006300 0.012555 0.001400
v -0.004252 0.015083 0.001400
v -0.006300 0.016555 0.001400
v -0.006300 0.016555 0.001400
v -0.004252 0.015083 0.001400
v -0.004427 0.015745 0.001400
v -0.006300 0.016555 0.001400
v -0.004427 0.015745 0.001400
v -0.004498 0.016426 0.001400
v -0.002062 0.012555 0.001400
v -0.002645 0.012914 0.001400
v -0.006300 0.012555 0.001400
v -0.006300 0.012555 0.001400
v -0.002645 0.012914 0.001400
v -0.003166 0.013358 0.001400
v -0.006300 0.012555 0.001400
v -0.003166 0.013358 0.001400
v -0.003615 0.013875 0.001400
v -0.003615 0.013875 0.001400
v -0.003980 0.014455 0.001400
v -0.006300 0.012555 0.001400
v -0.006300 0.012555 0.001400
v -0.003980 0.014455 0.001400
v -0.004252 0.015083 0.001400
v -0.004498 0.016426 0.001400
v -0.004466 0.017110 0.001400
v -0.006300 0.016555 0.001400
v -0.006300 0.016555 0.001400
v -0.004466 0.017110 0.001400
v -0.006250 0.017345 0.001400
v -0.006250 0.017345 0.001400
v -0.004466 0.017110 0.001400
v -0.004330 0.017781 0.001400
v -0.006250 0.017345 0.001400
v -0.004330 0.017781 0.001400
v -0.006102 0.018122 0.001400
v -0.006102 0.018122 0.001400
v -0.004330 0.017781 0.001400
v -0.005858 0.018874 0.001400
v -0.005858 0.018874 0.001400
v -0.004330 0.017781 0.001400
v -0.004093 0.018424 0.001400
v -0.005858 0.018874 0.001400
v -0.004093 0.018424 0.001400
v -0.005521 0.019590 0.001400
v -0.005521 0.019590 0.001400
v -0.004093 0.018424 0.001400
v -0.003762 0.019024 0.001400
v -0.005521 0.019590 0.001400
v -0.003762 0.019024 0.001400
v -0.005097 0.020258 0.001400
v -0.005097 0.020258 0.001400
v -0.003762 0.019024 0.001400
v -0.003344 0.019566 0.001400
v -0.005097 0.020258 0.001400
v -0.003344 0.019566 0.001400
v -0.004593 0.020868 0.001400
v -0.004593 0.020868 0.001400
v -0.003344 0.019566 0.001400
v -0.002849 0.020039 0.001400
v -0.004593 0.020868 0.001400
v -0.002849 0.020039 0.001400
v -0.004016 0.021409 0.001400
v -0.004016 0.021409 0.001400
v -0.002849 0.020039 0.001400
v -0.002287 0.020430 0.001400
v -0.004016 0.021409 0.001400
v -0.002287 0.020430 0.001400
v -0.003376 0.021874 0.001400
v -0.003376 0.021874 0.001400
v -0.002287 0.020430 0.001400
v -0.001673 0.020733 0.001400
v -0.003376 0.021874 0.001400
v -0.001673 0.020733 0.001400
v -0.002682 0.022255 0.001400
v -0.002682 0.022255 0.001400
v -0.001673 0.020733 0.001400
v -0.001947 0.022547 0.001400
v -0.001947 0.022547 0.001400
v -0.001673 0.020733 0.001400
v -0.001019 0.020938 0.001400
v -0.001947 0.022547 0.001400
v -0.001019 0.020938 0.001400
v -0.001181 0.022743 0.001400
v -0.001181 0.022743 0.001400
v -0.001019 0.020938 0.001400
v -0.000342 0.021042 0.001400
v -0.001181 0.022743 0.001400
v -0.000342 0.021042 0.001400
v -0.000396 0.022843 0.001400
v -0.000396 0.022843 0.001400
v -0.000342 0.021042 0.001400
v 0.000342 0.021042 0.001400
v -0.000396 0.022843 0.001400
v 0.000342 0.021042 0.001400
v 0.000396 0.022843 0.001400
v 0.000396 0.022843 0.001400
v 0.000342 0.021042 0.001400
v 0.001181 0.022743 0.001400
v 0.001181 0.022743 0.001400
v 0.000342 0.021042 0.001400
v 0.001019 0.020938 0.001400
v 0.001181 0.022743 0.001400
v 0.001019 0.020938 0.001400
v 0.001947 0.022547 0.001400
v 0.001947 0.022547 0.001400
v 0.001019 0.020938 0.001400
v 0.001673 0.020733 0.001400
v 0.001947 0.022547 0.001400
v 0.001673 0.020733 0.001400
v 0.002682 0.022255 0.001400
v 0.002682 0.022255 0.001400
v 0.001673 0.020733 0.001400
v 0.003376 0.021874 0.001400
v 0.003376 0.021874 0.001400
v 0.001673 0.020733 0.001400
v 0.002287 0.020430 0.001400
v 0.003376 0.021874 0.001400
v 0.002287 0.020430 0.001400
v 0.004016 0.021409 0.001400
v 0.004016 0.021409 0.001400
v 0.002287 0.020430 0.001400
v 0.002849 0.020039 0.001400
v 0.004016 0.021409 0.001400
v 0.002849 0.020039 0.001400
v 0.004593 0.020868 0.001400
v 0.004593 0.020868 0.001400
v 0.002849 0.020039 0.001400
v 0.003344 0.019566 0.001400
v 0.004593 0.020868 0.001400
v 0.003344 0.019566 0.001400
v 0.005097 0.020258 0.001400
v 0.005097 0.020258 0.001400
v 0.003344 0.019566 0.001400
v 0.003762 0.019024 0.001400
v 0.005097 0.020258 0.001400
v 0.003762 0.019024 0.001400
v 0.005521 0.019590 0.001400
v 0.005521 0.019590 0.001400
v 0.003762 0.019024 0.001400
v 0.004093 0.018424 0.001400
v 0.005521 0.019590 0.001400
v 0.004093 0.018424 0.001400
v 0.005858 0.018874 0.001400
v 0.005858 0.018874 0.001400
v 0.004093 0.018424 0.001400
v 0.004330 0.017781 0.001400
v 0.005858 0.018874 0.001400
v 0.004330 0.017781 0.001400
v 0.006102 0.018122 0.001400
v 0.006102 0.018122 0.001400
v 0.004330 0.017781 0.001400
v 0.006250 0.017345 0.001400
v 0.006250 0.017345 0.001400
v 0.004330 0.017781 0.001400
v 0.004466 0.017110 0.001400
v 0.006250 0.017345 0.001400
v 0.004466 0.017110 0.001400
v 0.006300 0.016555 0.001400
v 0.006300 0.016555 0.001400
v 0.004466 0.017110 0.001400
v 0.004498 0.016426 0.001400
v 0.006300 0.016555 0.001400
v 0.004498 0.016426 0.001400
v 0.004427 0.015745 0.001400
v 0.004427 0.015745 0.001400
v 0.004252 0.015083 0.001400
v 0.006300 0.016555 0.001400
v 0.006300 0.016555 0.001400
v 0.004252 0.015083 0.001400
v 0.006300 0.012555 0.001400
v 0.006300 0.012555 0.001400
v 0.004252 0.015083 0.001400
v 0.003980 0.014455 0.001400
v 0.006300 0.012555 0.001400
v 0.003980 0.014455 0.001400
v 0.003615 0.013875 0.001400
v 0.003615 0.013875 0.001400
v 0.003166 0.013358 0.001400
v 0.006300 0.012555 0.001400
v 0.006300 0.012555 0.001400
v 0.003166 0.013358 0.001400
v 0.002645 0.012914 0.001400
v 0.006300 0.012555 0.001400
v 0.002645 0.012914 0.001400
v 0.002062 0.012555 0.001400
v -0.003149 0.015984 -0.000850
v -0.003149 0.015984 -0.000950
v -0.003200 0.016555 -0.000850
v -0.003200 0.016555 -0.000850
v -0.003149 0.015984 -0.000950
v -0.003200 0.016555 -0.000950
v -0.003200 0.016555 -0.000850
v -0.003200 0.016555 -0.000950
v -0.003149 0.017126 -0.000850
v -0.003149 0.017126 -0.000850
v -0.003200 0.016555 -0.000950
v -0.003149 0.017126 -0.000950
v -0.003149 0.017126 -0.000850
v -0.003149 0.017126 -0.000950
v -0.002996 0.017679 -0.000850
v -0.002996 0.017679 -0.000850
v -0.003149 0.017126 -0.000950
v -0.002996 0.017679 -0.000950
v -0.002996 0.017679 -0.000850
v -0.002996 0.017679 -0.000950
v -0.002747 0.018196 -0.000850
v -0.002747 0.018196 -0.000850
v -0.002996 0.017679 -0.000950
v -0.002747 0.018196 -0.000950
v -0.002747 0.018196 -0.000850
v -0.002747 0.018196 -0.000950
v -0.002410 0.018660 -0.000850
v -0.002410 0.018660 -0.000850
v -0.002747 0.018196 -0.000950
v -0.002410 0.018660 -0.000950
v -0.002410 0.018660 -0.000850
v -0.002410 0.018660 -0.000950
v -0.001995 0.019057 -0.000850
v -0.001995 0.019057 -0.000850
v -0.002410 0.018660 -0.000950
v -0.001995 0.019057 -0.000950
v -0.001995 0.019057 -0.000850
v -0.001995 0.019057 -0.000950
v -0.001516 0.019373 -0.000850
v -0.001516 0.019373 -0.000850
v -0.001995 0.019057 -0.000950
v -0.001516 0.019373 -0.000950
v -0.001516 0.019373 -0.000850
v -0.001516 0.019373 -0.000950
v -0.000989 0.019598 -0.000850
v -0.000989 0.019598 -0.000850
v -0.001516 0.019373 -0.000950
v -0.000989 0.019598 -0.000950
v -0.000989 0.019598 -0.000850
v -0.000989 0.019598 -0.000950
v -0.000430 0.019726 -0.000850
v -0.000430 0.019726 -0.000850
v -0.000989 0.019598 -0.000950
v -0.000430 0.019726 -0.000950
v -0.000430 0.019726 -0.000850
v -0.000430 0.019726 -0.000950
v 0.000144 0.019752 -0.000850
v 0.000144 0.019752 -0.000850
v -0.000430 0.019726 -0.000950
v 0.000144 0.019752 -0.000950
v 0.000144 0.019752 -0.000850
v 0.000144 0.019752 -0.000950
v 0.000712 0.019675 -0.000850
v 0.000712 0.019675 -0.000850
v 0.000144 0.019752 -0.000950
v 0.000712 0.019675 -0.000950
v 0.000712 0.019675 -0.000850
v 0.000712 0.019675 -0.000950
v 0.001258 0.019497 -0.000850
v 0.001258 0.019497 -0.000850
v 0.000712 0.019675 -0.000950
v 0.001258 0.019497 -0.000950
v 0.001258 0.019497 -0.000850
v 0.001258 0.019497 -0.000950
v 0.001763 0.019226 -0.000850
v 0.001763 0.019226 -0.000850
v 0.001258 0.019497 -0.000950
v 0.001763 0.019226 -0.000950
v 0.001763 0.019226 -0.000850
v 0.001763 0.019226 -0.000950
v 0.002211 0.018868 -0.000850
v 0.002211 0.018868 -0.000850
v 0.001763 0.019226 -0.000950
v 0.002211 0.018868 -0.000950
v 0.002211 0.018868 -0.000850
v 0.002211 0.018868 -0.000950
v 0.002589 0.018436 -0.000850
v 0.002589 0.018436 -0.000850
v 0.002211 0.018868 -0.000950
v 0.002589 0.018436 -0.000950
v 0.002589 0.018436 -0.000850
v 0.002589 0.018436 -0.000950
v 0.002883 0.017943 -0.000850
v 0.002883 0.017943 -0.000850
v 0.002589 0.018436 -0.000950
v 0.002883 0.017943 -0.000950
v 0.002883 0.017943 -0.000850
v 0.002883 0.017943 -0.000950
v 0.003085 0.017406 -0.000850
v 0.003085 0.017406 -0.000850
v 0.002883 0.017943 -0.000950
v 0.003085 0.017406 -0.000950
v 0.003085 0.017406 -0.000850
v 0.003085 0.017406 -0.000950
v 0.003187 0.016842 -0.000850
v 0.003187 0.016842 -0.000850
v 0.003085 0.017406 -0.000950
v 0.003187 0.016842 -0.000950
v 0.003187 0.016842 -0.000850
v 0.003187 0.016842 -0.000950
v 0.003187 0.016268 -0.000850
v 0.003187 0.016268 -0.000850
v 0.003187 0.016842 -0.000950
v 0.003187 0.016268 -0.000950
v 0.003187 0.016268 -0.000850
v 0.003187 0.016268 -0.000950
v 0.003085 0.015704 -0.000850
v 0.003085 0.015704 -0.000850
v 0.003187 0.016268 -0.000950
v 0.003085 0.015704 -0.000950
v 0.003085 0.015704 -0.000850
v 0.003085 0.015704 -0.000950
v 0.002883 0.015167 -0.000850
v 0.002883 0.015167 -0.000850
v 0.003085 0.015704 -0.000950
v 0.002883 0.015167 -0.000950
v 0.002883 0.015167 -0.000850
v 0.002883 0.015167 -0.000950
v 0.002589 0.014674 -0.000850
v 0.002589 0.014674 -0.000850
v 0.002883 0.015167 -0.000950
v 0.002589 0.014674 -0.000950
v 0.002589 0.014674 -0.000850
v 0.002589 0.014674 -0.000950
v 0.002211 0.014242 -0.000850
v 0.002211 0.014242 -0.000850
v 0.002589 0.014674 -0.000950
v 0.002211 0.014242 -0.000950
v 0.002211 0.014242 -0.000850
v 0.002211 0.014242 -0.000950
v 0.001763 0.013884 -0.000850
v 0.001763 0.013884 -0.000850
v 0.002211 0.014242 -0.000950
v 0.001763 0.013884 -0.000950
v 0.001763 0.013884 -0.000850
v 0.001763 0.013884 -0.000950
v 0.001258 0.013612 -0.000850
v 0.001258 0.013612 -0.000850
v 0.001763 0.013884 -0.000950
v 0.001258 0.013612 -0.000950
v 0.001258 0.013612 -0.000850
v 0.001258 0.013612 -0.000950
v 0.000712 0.013435 -0.000850
v 0.000712 0.013435 -0.000850
v 0.001258 0.013612 -0.000950
v 0.000712 0.013435 -0.000950
v 0.000712 0.013435 -0.000850
v 0.000712 0.013435 -0.000950
v 0.000144 0.013358 -0.000850
v 0.000144 0.013358 -0.000850
v 0.000712 0.013435 -0.000950
v 0.000144 0.013358 -0.000950
v 0.000144 0.013358 -0.000850
v 0.000144 0.013358 -0.000950
v -0.000430 0.013384 -0.000850
v -0.000430 0.013384 -0.000850
v 0.000144 0.013358 -0.000950
v -0.000430 0.013384 -0.000950
v -0.000430 0.013384 -0.000850
v -0.000430 0.013384 -0.000950
v -0.000989 0.013512 -0.000850
v -0.000989 0.013512 -0.000850
v -0.000430 0.013384 -0.000950
v -0.000989 0.013512 -0.000950
v -0.000989 0.013512 -0.000850
v -0.000989 0.013512 -0.000950
v -0.001516 0.013737 -0.000850
v -0.001516 0.013737 -0.000850
v -0.000989 0.013512 -0.000950
v -0.001516 0.013737 -0.000950
v -0.001516 0.013737 -0.000850
v -0.001516 0.013737 -0.000950
v -0.001995 0.014053 -0.000850
v -0.001995 0.014053 -0.000850
v -0.001516 0.013737 -0.000950
v -0.001995 0.014053 -0.000950
v -0.001995 0.014053 -0.000850
v -0.001995 0.014053 -0.000950
v -0.002410 0.014450 -0.000850
v -0.002410 0.014450 -0.000850
v -0.001995 0.014053 -0.000950
v -0.002410 0.014450 -0.000950
v -0.002410 0.014450 -0.000850
v -0.002410 0.014450 -0.000950
v -0.002747 0.014914 -0.000850
v -0.002747 0.014914 -0.000850
v -0.002410 0.014450 -0.000950
v -0.002747 0.014914 -0.000950
v -0.002747 0.014914 -0.000850
v -0.002747 0.014914 -0.000950
v -0.002996 0.015431 -0.000850
v -0.002996 0.015431 -0.000850
v -0.002747 0.014914 -0.000950
v -0.002996 0.015431 -0.000950
v -0.002996 0.015431 -0.000850
v -0.002996 0.015431 -0.000950
v -0.003149 0.015984 -0.000850
v -0.003149 0.015984 -0.000850
v -0.002996 0.015431 -0.000950
v -0.003149 0.015984 -0.000950
v -0.001335 0.014579 0.002130
v -0.001268 0.014787 0.002150
v -0.001288 0.014787 0.002130
v -0.001288 0.014787 0.002130
v -0.001268 0.014787 0.002150
v -0.001317 0.015004 0.002150
v -0.001288 0.014787 0.002130
v -0.001317 0.015004 0.002150
v -0.001335 0.014995 0.002130
v -0.001335 0.014995 0.002130
v -0.001317 0.015004 0.002150
v -0.001456 0.015178 0.002150
v -0.001335 0.014995 0.002130
v -0.001456 0.015178 0.002150
v -0.001468 0.015162 0.002130
v -0.001468 0.015162 0.002130
v -0.001456 0.015178 0.002150
v -0.001657 0.015275 0.002150
v -0.001468 0.015162 0.002130
v -0.001657 0.015275 0.002150
v -0.001661 0.015255 0.002130
v -0.001661 0.015255 0.002130
v -0.001657 0.015275 0.002150
v -0.001879 0.015275 0.002150
v -0.001661 0.015255 0.002130
v -0.001879 0.015275 0.002150
v -0.001875 0.015255 0.002130
v -0.001875 0.015255 0.002130
v -0.001879 0.015275 0.002150
v -0.002080 0.015178 0.002150
v -0.001875 0.015255 0.002130
v -0.002080 0.015178 0.002150
v -0.002067 0.015162 0.002130
v -0.002067 0.015162 0.002130
v -0.002080 0.015178 0.002150
v -0.002218 0.015004 0.002150
v -0.002067 0.015162 0.002130
v -0.002218 0.015004 0.002150
v -0.002200 0.014995 0.002130
v -0.002200 0.014995 0.002130
v -0.002218 0.015004 0.002150
v -0.002268 0.014787 0.002150
v -0.002200 0.014995 0.002130
v -0.002268 0.014787 0.002150
v -0.002248 0.014787 0.002130
v -0.002248 0.014787 0.002130
v -0.002268 0.014787 0.002150
v -0.002218 0.014570 0.002150
v -0.002248 0.014787 0.002130
v -0.002218 0.014570 0.002150
v -0.002200 0.014579 0.002130
v -0.002200 0.014579 0.002130
v -0.002218 0.014570 0.002150
v -0.002080 0.014396 0.002150
v -0.002200 0.014579 0.002130
v -0.002080 0.014396 0.002150
v -0.002067 0.014412 0.002130
v -0.002067 0.014412 0.002130
v -0.002080 0.014396 0.002150
v -0.001879 0.014300 0.002150
v -0.002067 0.014412 0.002130
v -0.001879 0.014300 0.002150
v -0.001875 0.014319 0.002130
v -0.001875 0.014319 0.002130
v -0.001879 0.014300 0.002150
v -0.001657 0.014300 0.002150
v -0.001875 0.014319 0.002130
v -0.001657 0.014300 0.002150
v -0.001661 0.014319 0.002130
v -0.001661 0.014319 0.002130
v -0.001657 0.014300 0.002150
v -0.001456 0.014396 0.002150
v -0.001661 0.014319 0.002130
v -0.001456 0.014396 0.002150
v -0.001468 0.014412 0.002130
v -0.001468 0.014412 0.002130
v -0.001456 0.014396 0.002150
v -0.001317 0.014570 0.002150
v -0.001468 0.014412 0.002130
v -0.001317 0.014570 0.002150
v -0.001335 0.014579 0.002130
v -0.001335 0.014579 0.002130
v -0.001317 0.014570 0.002150
v -0.001268 0.014787 0.002150
v -0.001335 0.014579 0.002110
v -0.001335 0.014579 0.002130
v -0.001288 0.014787 0.002110
v -0.001288 0.014787 0.002110
v -0.001335 0.014579 0.002130
v -0.001288 0.014787 0.002130
v -0.001288 0.014787 0.002110
v -0.001288 0.014787 0.002130
v -0.001335 0.014995 0.002110
v -0.001335 0.014995 0.002110
v -0.001288 0.014787 0.002130
v -0.001335 0.014995 0.002130
v -0.001335 0.014995 0.002110
v -0.001335 0.014995 0.002130
v -0.001468 0.015162 0.002110
v -0.001468 0.015162 0.002110
v -0.001335 0.014995 0.002130
v -0.001468 0.015162 0.002130
v -0.001468 0.015162 0.002110
v -0.001468 0.015162 0.002130
v -0.001661 0.015255 0.002110
v -0.001661 0.015255 0.002110
v -0.001468 0.015162 0.002130
v -0.001661 0.015255 0.002130
v -0.001661 0.015255 0.002110
v -0.001661 0.015255 0.002130
v -0.001875 0.015255 0.002110
v -0.001875 0.015255 0.002110
v -0.001661 0.015255 0.002130
v -0.001875 0.015255 0.002130
v -0.001875 0.015255 0.002110
v -0.001875 0.015255 0.002130
v -0.002067 0.015162 0.002110
v -0.002067 0.015162 0.002110
v -0.001875 0.015255 0.002130
v -0.002067 0.015162 0.002130
v -0.002067 0.015162 0.002110
v -0.002067 0.015162 0.002130
v -0.002200 0.014995 0.002110
v -0.002200 0.014995 0.002110
v -0.002067 0.015162 0.002130
v -0.002200 0.014995 0.002130
v -0.002200 0.014995 0.002110
v -0.002200 0.014995 0.002130
v -0.002248 0.014787 0.002110
v -0.002248 0.014787 0.002110
v -0.002200 0.014995 0.002130
v -0.002248 0.014787 0.002130
v -0.002248 0.014787 0.002110
v -0.002248 0.014787 0.002130
v -0.002200 0.014579 0.002110
v -0.002200 0.014579 0.002110
v -0.002248 0.014787 0.002130
v -0.002200 0.014579 0.002130
v -0.002200 0.014579 0.002110
v -0.002200 0.014579 0.002130
v -0.002067 0.014412 0.002110
v -0.002067 0.014412 0.002110
v -0.002200 0.014579 0.002130
v -0.002067 0.014412 0.002130
v -0.002067 0.014412 0.002110
v -0.002067 0.014412 0.002130
v -0.001875 0.014319 0.002110
v -0.001875 0.014319 0.002110
v -0.002067 0.014412 0.002130
v -0.001875 0.014319 0.002130
v -0.001875 0.014319 0.002110
v -0.001875 0.014319 0.002130
v -0.001661 0.014319 0.002110
v -0.001661 0.014319 0.002110
v -0.001875 0.014319 0.002130
v -0.001661 0.014319 0.002130
v -0.001661 0.014319 0.002110
v -0.001661 0.014319 0.002130
v -0.001468 0.014412 0.002110
v -0.001468 0.014412 0.002110
v -0.001661 0.014319 0.002130
v -0.001468 0.014412 0.002130
v -0.001468 0.014412 0.002110
v -0.001468 0.014412 0.002130
v -0.001335 0.014579 0.002110
v -0.001335 0.014579 0.002110
v -0.001468 0.014412 0.002130
v -0.001335 0.014579 0.002130
v 0.002200 0.014579 0.002130
v 0.002268 0.014787 0.002150
v 0.002248 0.014787 0.002130
v 0.002248 0.014787 0.002130
v 0.002268 0.014787 0.002150
v 0.002218 0.015004 0.002150
v 0.002248 0.014787 0.002130
v 0.002218 0.015004 0.002150
v 0.002200 0.014995 0.002130
v 0.002200 0.014995 0.002130
v 0.002218 0.015004 0.002150
v 0.002080 0.015178 0.002150
v 0.002200 0.014995 0.002130
v 0.002080 0.015178 0.002150
v 0.002067 0.015162 0.002130
v 0.002067 0.015162 0.002130
v 0.002080 0.015178 0.002150
v 0.001879 0.015275 0.002150
v 0.002067 0.015162 0.002130
v 0.001879 0.015275 0.002150
v 0.001875 0.015255 0.002130
v 0.001875 0.015255 0.002130
v 0.001879 0.015275 0.002150
v 0.001657 0.015275 0.002150
v 0.001875 0.015255 0.002130
v 0.001657 0.015275 0.002150
v 0.001661 0.015255 0.002130
v 0.001661 0.015255 0.002130
v 0.001657 0.015275 0.002150
v 0.001456 0.015178 0.002150
v 0.001661 0.015255 0.002130
v 0.001456 0.015178 0.002150
v 0.001468 0.015162 0.002130
v 0.001468 0.015162 0.002130
v 0.001456 0.015178 0.002150
v 0.001317 0.015004 0.002150
v 0.001468 0.015162 0.002130
v 0.001317 0.015004 0.002150
v 0.001335 0.014995 0.002130
v 0.001335 0.014995 0.002130
v 0.001317 0.015004 0.002150
v 0.001268 0.014787 0.002150
v 0.001335 0.014995 0.002130
v 0.001268 0.014787 0.002150
v 0.001288 0.014787 0.002130
v 0.001288 0.014787 0.002130
v 0.001268 0.014787 0.002150
v 0.001317 0.014570 0.002150
v 0.001288 0.014787 0.002130
v 0.001317 0.014570 0.002150
v 0.001335 0.014579 0.002130
v 0.001335 0.014579 0.002130
v 0.001317 0.014570 0.002150
v 0.001456 0.014396 0.002150
v 0.001335 0.014579 0.002130
v 0.001456 0.014396 0.002150
v 0.001468 0.014412 0.002130
v 0.001468 0.014412 0.002130
v 0.001456 0.014396 0.002150
v 0.001657 0.014300 0.002150
v 0.001468 0.014412 0.002130
v 0.001657 0.014300 0.002150
v 0.001661 0.014319 0.002130
v 0.001661 0.014319 0.002130
v 0.001657 0.014300 0.002150
v 0.001879 0.014300 0.002150
v 0.001661 0.014319 0.002130
v 0.001879 0.014300 0.002150
v 0.001875 0.014319 0.002130
v 0.001875 0.014319 0.002130
v 0.001879 0.014300 0.002150
v 0.002080 0.014396 0.002150
v 0.001875 0.014319 0.002130
v 0.002080 0.014396 0.002150
v 0.002067 0.014412 0.002130
v 0.002067 0.014412 0.002130
v 0.002080 0.014396 0.002150
v 0.002218 0.014570 0.002150
v 0.002067 0.014412 0.002130
v 0.002218 0.014570 0.002150
v 0.002200 0.014579 0.002130
v 0.002200 0.014579 0.002130
v 0.002218 0.014570 0.002150
v 0.002268 0.014787 0.002150
v 0.002200 0.014579 0.002110
v 0.002200 0.014579 0.002130
v 0.002248 0.014787 0.002110
v 0.002248 0.014787 0.002110
v 0.002200 0.014579 0.002130
v 0.002248 0.014787 0.002130
v 0.002248 0.014787 0.002110
v 0.002248 0.014787 0.002130
v 0.002200 0.014995 0.002110
v 0.002200 0.014995 0.002110
v 0.002248 0.014787 0.002130
v 0.002200 0.014995 0.002130
v 0.002200 0.014995 0.002110
v 0.002200 0.014995 0.002130
v 0.002067 0.015162 0.002110
v 0.002067 0.015162 0.002110
v 0.002200 0.014995 0.002130
v 0.002067 0.015162 0.002130
v 0.002067 0.015162 0.002110
v 0.002067 0.015162 0.002130
v 0.001875 0.015255 0.002110
v 0.001875 0.015255 0.002110
v 0.002067 0.015162 0.002130
v 0.001875 0.015255 0.002130
v 0.001875 0.015255 0.002110
v 0.001875 0.015255 0.002130
v 0.001661 0.015255 0.002110
v 0.001661 0.015255 0.002110
v 0.001875 0.015255 0.002130
v 0.001661 0.015255 0.002130
v 0.001661 0.015255 0.002110
v 0.001661 0.015255 0.002130
v 0.001468 0.015162 0.002110
v 0.001468 0.015162 0.002110
v 0.001661 0.015255 0.002130
v 0.001468 0.015162 0.002130
v 0.001468 0.015162 0.002110
v 0.001468 0.015162 0.002130
v 0.001335 0.014995 0.002110
v 0.001335 0.014995 0.002110
v 0.001468 0.015162 0.002130
v 0.001335 0.014995 0.002130
v 0.001335 0.014995 0.002110
v 0.001335 0.014995 0.002130
v 0.001288 0.014787 0.002110
v 0.001288 0.014787 0.002110
v 0.001335 0.014995 0.002130
v 0.001288 0.014787 0.002130
v 0.001288 0.014787 0.002110
v 0.001288 0.014787 0.002130
v 0.001335 0.014579 0.002110
v 0.001335 0.014579 0.002110
v 0.001288 0.014787 0.002130
v 0.001335 0.014579 0.002130
v 0.001335 0.014579 0.002110
v 0.001335 0.014579 0.002130
v 0.001468 0.014412 0.002110
v 0.001468 0.014412 0.002110
v 0.001335 0.014579 0.002130
v 0.001468 0.014412 0.002130
v 0.001468 0.014412 0.002110
v 0.001468 0.014412 0.002130
v 0.001661 0.014319 0.002110
v 0.001661 0.014319 0.002110
v 0.001468 0.014412 0.002130
v 0.001661 0.014319 0.002130
v 0.001661 0.014319 0.002110
v 0.001661 0.014319 0.002130
v 0.001875 0.014319 0.002110
v 0.001875 0.014319 0.002110
v 0.001661 0.014319 0.002130
v 0.001875 0.014319 0.002130
v 0.001875 0.014319 0.002110
v 0.001875 0.014319 0.002130
v 0.002067 0.014412 0.002110
v 0.002067 0.014412 0.002110
v 0.001875 0.014319 0.002130
v 0.002067 0.014412 0.002130
v 0.002067 0.014412 0.002110
v 0.002067 0.014412 0.002130
v 0.002200 0.014579 0.002110
v 0.002200 0.014579 0.002110
v 0.002067 0.014412 0.002130
v 0.002200 0.014579 0.002130
v 0.002200 0.018114 0.002130
v 0.002268 0.018323 0.002150
v 0.002248 0.018323 0.002130
v 0.002248 0.018323 0.002130
v 0.002268 0.018323 0.002150
v 0.002218 0.018540 0.002150
v 0.002248 0.018323 0.002130
v 0.002218 0.018540 0.002150
v 0.002200 0.018531 0.002130
v 0.002200 0.018531 0.002130
v 0.002218 0.018540 0.002150
v 0.002080 0.018714 0.002150
v 0.002200 0.018531 0.002130
v 0.002080 0.018714 0.002150
v 0.002067 0.018698 0.002130
v 0.002067 0.018698 0.002130
v 0.002080 0.018714 0.002150
v 0.001879 0.018810 0.002150
v 0.002067 0.018698 0.002130
v 0.001879 0.018810 0.002150
v 0.001875 0.018791 0.002130
v 0.001875 0.018791 0.002130
v 0.001879 0.018810 0.002150
v 0.001657 0.018810 0.002150
v 0.001875 0.018791 0.002130
v 0.001657 0.018810 0.002150
v 0.001661 0.018791 0.002130
v 0.001661 0.018791 0.002130
v 0.001657 0.018810 0.002150
v 0.001456 0.018714 0.002150
v 0.001661 0.018791 0.002130
v 0.001456 0.018714 0.002150
v 0.001468 0.018698 0.002130
v 0.001468 0.018698 0.002130
v 0.001456 0.018714 0.002150
v 0.001317 0.018540 0.002150
v 0.001468 0.018698 0.002130
v 0.001317 0.018540 0.002150
v 0.001335 0.018531 0.002130
v 0.001335 0.018531 0.002130
v 0.001317 0.018540 0.002150
v 0.001268 0.018323 0.002150
v 0.001335 0.018531 0.002130
v 0.001268 0.018323 0.002150
v 0.001288 0.018323 0.002130
v 0.001288 0.018323 0.002130
v 0.001268 0.018323 0.002150
v 0.001317 0.018106 0.002150
v 0.001288 0.018323 0.002130
v 0.001317 0.018106 0.002150
v 0.001335 0.018114 0.002130
v 0.001335 0.018114 0.002130
v 0.001317 0.018106 0.002150
v 0.001456 0.017932 0.002150
v 0.001335 0.018114 0.002130
v 0.001456 0.017932 0.002150
v 0.001468 0.017947 0.002130
v 0.001468 0.017947 0.002130
v 0.001456 0.017932 0.002150
v 0.001657 0.017835 0.002150
v 0.001468 0.017947 0.002130
v 0.001657 0.017835 0.002150
v 0.001661 0.017855 0.002130
v 0.001661 0.017855 0.002130
v 0.001657 0.017835 0.002150
v 0.001879 0.017835 0.002150
v 0.001661 0.017855 0.002130
v 0.001879 0.017835 0.002150
v 0.001875 0.017855 0.002130
v 0.001875 0.017855 0.002130
v 0.001879 0.017835 0.002150
v 0.002080 0.017932 0.002150
v 0.001875 0.017855 0.002130
v 0.002080 0.017932 0.002150
v 0.002067 0.017947 0.002130
v 0.002067 0.017947 0.002130
v 0.002080 0.017932 0.002150
v 0.002218 0.018106 0.002150
v 0.002067 0.017947 0.002130
v 0.002218 0.018106 0.002150
v 0.002200 0.018114 0.002130
v 0.002200 0.018114 0.002130
v 0.002218 0.018106 0.002150
v 0.002268 0.018323 0.002150
v 0.002200 0.018114 0.002110
v 0.002200 0.018114 0.002130
v 0.002248 0.018323 0.002110
v 0.002248 0.018323 0.002110
v 0.002200 0.018114 0.002130
v 0.002248 0.018323 0.002130
v 0.002248 0.018323 0.002110
v 0.002248 0.018323 0.002130
v 0.002200 0.018531 0.002110
v 0.002200 0.018531 0.002110
v 0.002248 0.018323 0.002130
v 0.002200 0.018531 0.002130
v 0.002200 0.018531 0.002110
v 0.002200 0.018531 0.002130
v 0.002067 0.018698 0.002110
v 0.002067 0.018698 0.002110
v 0.002200 0.018531 0.002130
v 0.002067 0.018698 0.002130
v 0.002067 0.018698 0.002110
v 0.002067 0.018698 0.002130
v 0.001875 0.018791 0.002110
v 0.001875 0.018791 0.002110
v 0.002067 0.018698 0.002130
v 0.001875 0.018791 0.002130
v 0.001875 0.018791 0.002110
v 0.001875 0.018791 0.002130
v 0.001661 0.018791 0.002110
v 0.001661 0.018791 0.002110
v 0.001875 0.018791 0.002130
v 0.001661 0.018791 0.002130
v 0.001661 0.018791 0.002110
v 0.001661 0.018791 0.002130
v 0.001468 0.018698 0.002110
v 0.001468 0.018698 0.002110
v 0.001661 0.018791 0.002130
v 0.001468 0.018698 0.002130
v 0.001468 0.018698 0.002110
v 0.001468 0.018698 0.002130
v 0.001335 0.018531 0.002110
v 0.001335 0.018531 0.002110
v 0.001468 0.018698 0.002130
v 0.001335 0.018531 0.002130
v 0.001335 0.018531 0.002110
v 0.001335 0.018531 0.002130
v 0.001288 0.018323 0.002110
v 0.001288 0.018323 0.002110
v 0.001335 0.018531 0.002130
v 0.001288 0.018323 0.002130
v 0.001288 0.018323 0.002110
v 0.001288 0.018323 0.002130
v 0.001335 0.018114 0.002110
v 0.001335 0.018114 0.002110
v 0.001288 0.018323 0.002130
v 0.001335 0.018114 0.002130
v 0.001335 0.018114 0.002110
v 0.001335 0.018114 0.002130
v 0.001468 0.017947 0.002110
v 0.001468 0.017947 0.002110
v 0.001335 0.018114 0.002130
v 0.001468 0.017947 0.002130
v 0.001468 0.017947 0.002110
v 0.001468 0.017947 0.002130
v 0.001661 0.017855 0.002110
v 0.001661 0.017855 0.002110
v 0.001468 0.017947 0.002130
v 0.001661 0.017855 0.002130
v 0.001661 0.017855 0.002110
v 0.001661 0.017855 0.002130
v 0.001875 0.017855 0.002110
v 0.001875 0.017855 0.002110
v 0.001661 0.017855 0.002130
v 0.001875 0.017855 0.002130
v 0.001875 0.017855 0.002110
v 0.001875 0.017855 0.002130
v 0.002067 0.017947 0.002110
v 0.002067 0.017947 0.002110
v 0.001875 0.017855 0.002130
v 0.002067 0.017947 0.002130
v 0.002067 0.017947 0.002110
v 0.002067 0.017947 0.002130
v 0.002200 0.018114 0.002110
v 0.002200 0.018114 0.002110
v 0.002067 0.017947 0.002130
v 0.002200 0.018114 0.002130
v -0.001335 0.018114 0.002130
v -0.001268 0.018323 0.002150
v -0.001288 0.018323 0.002130
v -0.001288 0.018323 0.002130
v -0.001268 0.018323 0.002150
v -0.001317 0.018540 0.002150
v -0.001288 0.018323 0.002130
v -0.001317 0.018540 0.002150
v -0.001335 0.018531 0.002130
v -0.001335 0.018531 0.002130
v -0.001317 0.018540 0.002150
v -0.001456 0.018714 0.002150
v -0.001335 0.018531 0.002130
v -0.001456 0.018714 0.002150
v -0.001468 0.018698 0.002130
v -0.001468 0.018698 0.002130
v -0.001456 0.018714 0.002150
v -0.001657 0.018810 0.002150
v -0.001468 0.018698 0.002130
v -0.001657 0.018810 0.002150
v -0.001661 0.018791 0.002130
v -0.001661 0.018791 0.002130
v -0.001657 0.018810 0.002150
v -0.001879 0.018810 0.002150
v -0.001661 0.018791 0.002130
v -0.001879 0.018810 0.002150
v -0.001875 0.018791 0.002130
v -0.001875 0.018791 0.002130
v -0.001879 0.018810 0.002150
v -0.002080 0.018714 0.002150
v -0.001875 0.018791 0.002130
v -0.002080 0.018714 0.002150
v -0.002067 0.018698 0.002130
v -0.002067 0.018698 0.002130
v -0.002080 0.018714 0.002150
v -0.002218 0.018540 0.002150
v -0.002067 0.018698 0.002130
v -0.002218 0.018540 0.002150
v -0.002200 0.018531 0.002130
v -0.002200 0.018531 0.002130
v -0.002218 0.018540 0.002150
v -0.002268 0.018323 0.002150
v -0.002200 0.018531 0.002130
v -0.002268 0.018323 0.002150
v -0.002248 0.018323 0.002130
v -0.002248 0.018323 0.002130
v -0.002268 0.018323 0.002150
v -0.002218 0.018106 0.002150
v -0.002248 0.018323 0.002130
v -0.002218 0.018106 0.002150
v -0.002200 0.018114 0.002130
v -0.002200 0.018114 0.002130
v -0.002218 0.018106 0.002150
v -0.002080 0.017932 0.002150
v -0.002200 0.018114 0.002130
v -0.002080 0.017932 0.002150
v -0.002067 0.017947 0.002130
v -0.002067 0.017947 0.002130
v -0.002080 0.017932 0.002150
v -0.001879 0.017835 0.002150
v -0.002067 0.017947 0.002130
v -0.001879 0.017835 0.002150
v -0.001875 0.017855 0.002130
v -0.001875 0.017855 0.002130
v -0.001879 0.017835 0.002150
v -0.001657 0.017835 0.002150
v -0.001875 0.017855 0.002130
v -0.001657 0.017835 0.002150
v -0.001661 0.017855 0.002130
v -0.001661 0.017855 0.002130
v -0.001657 0.017835 0.002150
v -0.001456 0.017932 0.002150
v -0.001661 0.017855 0.002130
v -0.001456 0.017932 0.002150
v -0.001468 0.017947 0.002130
v -0.001468 0.017947 0.002130
v -0.001456 0.017932 0.002150
v -0.001317 0.018106 0.002150
v -0.001468 0.017947 0.002130
v -0.001317 0.018106 0.002150
v -0.001335 0.018114 0.002130
v -0.001335 0.018114 0.002130
v -0.001317 0.018106 0.002150
v -0.001268 0.018323 0.002150
v -0.001335 0.018114 0.002110
v -0.001335 0.018114 0.002130
v -0.001288 0.018323 0.002110
v -0.001288 0.018323 0.002110
v -0.001335 0.018114 0.002130
v -0.001288 0.018323 0.002130
v -0.001288 0.018323 0.002110
v -0.001288 0.018323 0.002130
v -0.001335 0.018531 0.002110
v -0.001335 0.018531 0.002110
v -0.001288 0.018323 0.002130
v -0.001335 0.018531 0.002130
v -0.001335 0.018531 0.002110
v -0.001335 0.018531 0.002130
v -0.001468 0.018698 0.002110
v -0.001468 0.018698 0.002110
v -0.001335 0.018531 0.002130
v -0.001468 0.018698 0.002130
v -0.001468 0.018698 0.002110
v -0.001468 0.018698 0.002130
v -0.001661 0.018791 0.002110
v -0.001661 0.018791 0.002110
v -0.001468 0.018698 0.002130
v -0.001661 0.018791 0.002130
v -0.001661 0.018791 0.002110
v -0.001661 0.018791 0.002130
v -0.001875 0.018791 0.002110
v -0.001875 0.018791 0.002110
v -0.001661 0.018791 0.002130
v -0.001875 0.018791 0.002130
v -0.001875 0.018791 0.002110
v -0.001875 0.018791 0.002130
v -0.002067 0.018698 0.002110
v -0.002067 0.018698 0.002110
v -0.001875 0.018791 0.002130
v -0.002067 0.018698 0.002130
v -0.002067 0.018698 0.002110
v -0.002067 0.018698 0.002130
v -0.002200 0.018531 0.002110
v -0.002200 0.018531 0.002110
v -0.002067 0.018698 0.002130
v -0.002200 0.018531 0.002130
v -0.002200 0.018531 0.002110
v -0.002200 0.018531 0.002130
v -0.002248 0.018323 0.002110
v -0.002248 0.018323 0.002110
v -0.002200 0.018531 0.002130
v -0.002248 0.018323 0.002130
v -0.002248 0.018323 0.002110
v -0.002248 0.018323 0.002130
v -0.002200 0.018114 0.002110
v -0.002200 0.018114 0.002110
v -0.002248 0.018323 0.002130
v -0.002200 0.018114 0.002130
v -0.002200 0.018114 0.002110
v -0.002200 0.018114 0.002130
v -0.002067 0.017947 0.002110
v -0.002067 0.017947 0.002110
v -0.002200 0.018114 0.002130
v -0.002067 0.017947 0.002130
v -0.002067 0.017947 0.002110
v -0.002067 0.017947 0.002130
v -0.001875 0.017855 0.002110
v -0.001875 0.017855 0.002110
v -0.002067 0.017947 0.002130
v -0.001875 0.017855 0.002130
v -0.001875 0.017855 0.002110
v -0.001875 0.017855 0.002130
v -0.001661 0.017855 0.002110
v -0.001661 0.017855 0.002110
v -0.001875 0.017855 0.002130
v -0.001661 0.017855 0.002130
v -0.001661 0.017855 0.002110
v -0.001661 0.017855 0.002130
v -0.001468 0.017947 0.002110
v -0.001468 0.017947 0.002110
v -0.001661 0.017855 0.002130
v -0.001468 0.017947 0.002130
v -0.001468 0.017947 0.002110
v -0.001468 0.017947 0.002130
v -0.001335 0.018114 0.002110
v -0.001335 0.018114 0.002110
v -0.001468 0.017947 0.002130
v -0.001335 0.018114 0.002130
v -0.002041 0.014963 0.002110
v -0.002200 0.014995 0.002110
v -0.002093 0.014787 0.002110
v -0.002093 0.014787 0.002110
v -0.002200 0.014995 0.002110
v -0.002248 0.014787 0.002110
v -0.002093 0.014787 0.002110
v -0.002248 0.014787 0.002110
v -0.002200 0.014579 0.002110
v -0.002200 0.014995 0.002110
v -0.002041 0.014963 0.002110
v -0.002067 0.015162 0.002110
v -0.002067 0.015162 0.002110
v -0.002041 0.014963 0.002110
v -0.001903 0.015083 0.002110
v -0.002067 0.015162 0.002110
v -0.001903 0.015083 0.002110
v -0.001875 0.015255 0.002110
v -0.001875 0.015255 0.002110
v -0.001903 0.015083 0.002110
v -0.001722 0.015109 0.002110
v -0.001875 0.015255 0.002110
v -0.001722 0.015109 0.002110
v -0.001661 0.015255 0.002110
v -0.001661 0.015255 0.002110
v -0.001722 0.015109 0.002110
v -0.001555 0.015033 0.002110
v -0.001661 0.015255 0.002110
v -0.001555 0.015033 0.002110
v -0.001468 0.015162 0.002110
v -0.001468 0.015162 0.002110
v -0.001555 0.015033 0.002110
v -0.001335 0.014995 0.002110
v -0.001335 0.014995 0.002110
v -0.001555 0.015033 0.002110
v -0.001456 0.014879 0.002110
v -0.001335 0.014995 0.002110
v -0.001456 0.014879 0.002110
v -0.001288 0.014787 0.002110
v -0.001288 0.014787 0.002110
v -0.001456 0.014879 0.002110
v -0.001456 0.014696 0.002110
v -0.001288 0.014787 0.002110
v -0.001456 0.014696 0.002110
v -0.001335 0.014579 0.002110
v -0.001335 0.014579 0.002110
v -0.001456 0.014696 0.002110
v -0.001555 0.014542 0.002110
v -0.001335 0.014579 0.002110
v -0.001555 0.014542 0.002110
v -0.001468 0.014412 0.002110
v -0.001468 0.014412 0.002110
v -0.001555 0.014542 0.002110
v -0.001661 0.014319 0.002110
v -0.001661 0.014319 0.002110
v -0.001555 0.014542 0.002110
v -0.001722 0.014465 0.002110
v -0.001661 0.014319 0.002110
v -0.001722 0.014465 0.002110
v -0.001875 0.014319 0.002110
v -0.001875 0.014319 0.002110
v -0.001722 0.014465 0.002110
v -0.001903 0.014492 0.002110
v -0.001875 0.014319 0.002110
v -0.001903 0.014492 0.002110
v -0.002067 0.014412 0.002110
v -0.002067 0.014412 0.002110
v -0.001903 0.014492 0.002110
v -0.002041 0.014611 0.002110
v -0.002067 0.014412 0.002110
v -0.002041 0.014611 0.002110
v -0.002200 0.014579 0.002110
v -0.002200 0.014579 0.002110
v -0.002041 0.014611 0.002110
v -0.002093 0.014787 0.002110
v 0.001494 0.018498 0.002110
v 0.001335 0.018531 0.002110
v 0.001443 0.018323 0.002110
v 0.001443 0.018323 0.002110
v 0.001335 0.018531 0.002110
v 0.001288 0.018323 0.002110
v 0.001443 0.018323 0.002110
v 0.001288 0.018323 0.002110
v 0.001335 0.018114 0.002110
v 0.001335 0.018531 0.002110
v 0.001494 0.018498 0.002110
v 0.001468 0.018698 0.002110
v 0.001468 0.018698 0.002110
v 0.001494 0.018498 0.002110
v 0.001633 0.018618 0.002110
v 0.001468 0.018698 0.002110
v 0.001633 0.018618 0.002110
v 0.001661 0.018791 0.002110
v 0.001661 0.018791 0.002110
v 0.001633 0.018618 0.002110
v 0.001814 0.018644 0.002110
v 0.001661 0.018791 0.002110
v 0.001814 0.018644 0.002110
v 0.001875 0.018791 0.002110
v 0.001875 0.018791 0.002110
v 0.001814 0.018644 0.002110
v 0.001981 0.018568 0.002110
v 0.001875 0.018791 0.002110
v 0.001981 0.018568 0.002110
v 0.002067 0.018698 0.002110
v 0.002067 0.018698 0.002110
v 0.001981 0.018568 0.002110
v 0.002200 0.018531 0.002110
v 0.002200 0.018531 0.002110
v 0.001981 0.018568 0.002110
v 0.002080 0.018414 0.002110
v 0.002200 0.018531 0.002110
v 0.002080 0.018414 0.002110
v 0.002248 0.018323 0.002110
v 0.002248 0.018323 0.002110
v 0.002080 0.018414 0.002110
v 0.002080 0.018231 0.002110
v 0.002248 0.018323 0.002110
v 0.002080 0.018231 0.002110
v 0.002200 0.018114 0.002110
v 0.002200 0.018114 0.002110
v 0.002080 0.018231 0.002110
v 0.001981 0.018077 0.002110
v 0.002200 0.018114 0.002110
v 0.001981 0.018077 0.002110
v 0.002067 0.017947 0.002110
v 0.002067 0.017947 0.002110
v 0.001981 0.018077 0.002110
v 0.001875 0.017855 0.002110
v 0.001875 0.017855 0.002110
v 0.001981 0.018077 0.002110
v 0.001814 0.018001 0.002110
v 0.001875 0.017855 0.002110
v 0.001814 0.018001 0.002110
v 0.001661 0.017855 0.002110
v 0.001661 0.017855 0.002110
v 0.001814 0.018001 0.002110
v 0.001633 0.018027 0.002110
v 0.001661 0.017855 0.002110
v 0.001633 0.018027 0.002110
v 0.001468 0.017947 0.002110
v 0.001468 0.017947 0.002110
v 0.001633 0.018027 0.002110
v 0.001494 0.018147 0.002110
v 0.001468 0.017947 0.002110
v 0.001494 0.018147 0.002110
v 0.001335 0.018114 0.002110
v 0.001335 0.018114 0.002110
v 0.001494 0.018147 0.002110
v 0.001443 0.018323 0.002110
v 0.001494 0.014963 0.002110
v 0.001335 0.014995 0.002110
v 0.001443 0.014787 0.002110
v 0.001443 0.014787 0.002110
v 0.001335 0.014995 0.002110
v 0.001288 0.014787 0.002110
v 0.001443 0.014787 0.002110
v 0.001288 0.014787 0.002110
v 0.001335 0.014579 0.002110
v 0.001335 0.014995 0.002110
v 0.001494 0.014963 0.002110
v 0.001468 0.015162 0.002110
v 0.001468 0.015162 0.002110
v 0.001494 0.014963 0.002110
v 0.001633 0.015083 0.002110
v 0.001468 0.015162 0.002110
v 0.001633 0.015083 0.002110
v 0.001661 0.015255 0.002110
v 0.001661 0.015255 0.002110
v 0.001633 0.015083 0.002110
v 0.001814 0.015109 0.002110
v 0.001661 0.015255 0.002110
v 0.001814 0.015109 0.002110
v 0.001875 0.015255 0.002110
v 0.001875 0.015255 0.002110
v 0.001814 0.015109 0.002110
v 0.001981 0.015033 0.002110
v 0.001875 0.015255 0.002110
v 0.001981 0.015033 0.002110
v 0.002067 0.015162 0.002110
v 0.002067 0.015162 0.002110
v 0.001981 0.015033 0.002110
v 0.002200 0.014995 0.002110
v 0.002200 0.014995 0.002110
v 0.001981 0.015033 0.002110
v 0.002080 0.014879 0.002110
v 0.002200 0.014995 0.002110
v 0.002080 0.014879 0.002110
v 0.002248 0.014787 0.002110
v 0.002248 0.014787 0.002110
v 0.002080 0.014879 0.002110
v 0.002080 0.014696 0.002110
v 0.002248 0.014787 0.002110
v 0.002080 0.014696 0.002110
v 0.002200 0.014579 0.002110
v 0.002200 0.014579 0.002110
v 0.002080 0.014696 0.002110
v 0.001981 0.014542 0.002110
v 0.002200 0.014579 0.002110
v 0.001981 0.014542 0.002110
v 0.002067 0.014412 0.002110
v 0.002067 0.014412 0.002110
v 0.001981 0.014542 0.002110
v 0.001875 0.014319 0.002110
v 0.001875 0.014319 0.002110
v 0.001981 0.014542 0.002110
v 0.001814 0.014465 0.002110
v 0.001875 0.014319 0.002110
v 0.001814 0.014465 0.002110
v 0.001661 0.014319 0.002110
v 0.001661 0.014319 0.002110
v 0.001814 0.014465 0.002110
v 0.001633 0.014492 0.002110
v 0.001661 0.014319 0.002110
v 0.001633 0.014492 0.002110
v 0.001468 0.014412 0.002110
v 0.001468 0.014412 0.002110
v 0.001633 0.014492 0.002110
v 0.001494 0.014611 0.002110
v 0.001468 0.014412 0.002110
v 0.001494 0.014611 0.002110
v 0.001335 0.014579 0.002110
v 0.001335 0.014579 0.002110
v 0.001494 0.014611 0.002110
v 0.001443 0.014787 0.002110
v -0.001335 0.018114 0.002110
v -0.001288 0.018323 0.002110
v -0.001443 0.018323 0.002110
v -0.001443 0.018323 0.002110
v -0.001288 0.018323 0.002110
v -0.001335 0.018531 0.002110
v -0.001443 0.018323 0.002110
v -0.001335 0.018531 0.002110
v -0.001494 0.018498 0.002110
v -0.001494 0.018498 0.002110
v -0.001335 0.018531 0.002110
v -0.001468 0.018698 0.002110
v -0.001494 0.018498 0.002110
v -0.001468 0.018698 0.002110
v -0.001633 0.018618 0.002110
v -0.001633 0.018618 0.002110
v -0.001468 0.018698 0.002110
v -0.001661 0.018791 0.002110
v -0.001633 0.018618 0.002110
v -0.001661 0.018791 0.002110
v -0.001814 0.018644 0.002110
v -0.001814 0.018644 0.002110
v -0.001661 0.018791 0.002110
v -0.001875 0.018791 0.002110
v -0.001814 0.018644 0.002110
v -0.001875 0.018791 0.002110
v -0.001981 0.018568 0.002110
v -0.001981 0.018568 0.002110
v -0.001875 0.018791 0.002110
v -0.002067 0.018698 0.002110
v -0.001981 0.018568 0.002110
v -0.002067 0.018698 0.002110
v -0.002200 0.018531 0.002110
v -0.001981 0.018568 0.002110
v -0.002200 0.018531 0.002110
v -0.002080 0.018414 0.002110
v -0.002080 0.018414 0.002110
v -0.002200 0.018531 0.002110
v -0.002248 0.018323 0.002110
v -0.002080 0.018414 0.002110
v -0.002248 0.018323 0.002110
v -0.002080 0.018231 0.002110
v -0.002080 0.018231 0.002110
v -0.002248 0.018323 0.002110
v -0.002200 0.018114 0.002110
v -0.002080 0.018231 0.002110
v -0.002200 0.018114 0.002110
v -0.001981 0.018077 0.002110
v -0.001981 0.018077 0.002110
v -0.002200 0.018114 0.002110
v -0.002067 0.017947 0.002110
v -0.001981 0.018077 0.002110
v -0.002067 0.017947 0.002110
v -0.001875 0.017855 0.002110
v -0.001981 0.018077 0.002110
v -0.001875 0.017855 0.002110
v -0.001814 0.018001 0.002110
v -0.001814 0.018001 0.002110
v -0.001875 0.017855 0.002110
v -0.001661 0.017855 0.002110
v -0.001814 0.018001 0.002110
v -0.001661 0.017855 0.002110
v -0.001633 0.018027 0.002110
v -0.001633 0.018027 0.002110
v -0.001661 0.017855 0.002110
v -0.001468 0.017947 0.002110
v -0.001633 0.018027 0.002110
v -0.001468 0.017947 0.002110
v -0.001494 0.018147 0.002110
v -0.001494 0.018147 0.002110
v -0.001468 0.017947 0.002110
v -0.001335 0.018114 0.002110
v -0.001494 0.018147 0.002110
v -0.001335 0.018114 0.002110
v -0.001443 0.018323 0.002110
v 0.001494 0.014963 -0.000850
v 0.001494 0.014963 0.002110
v 0.001443 0.014787 -0.000850
v 0.001443 0.014787 -0.000850
v 0.001494 0.014963 0.002110
v 0.001443 0.014787 0.002110
v 0.001443 0.014787 -0.000850
v 0.001443 0.014787 0.002110
v 0.001494 0.014611 -0.000850
v 0.001494 0.014611 -0.000850
v 0.001443 0.014787 0.002110
v 0.001494 0.014611 0.002110
v 0.001494 0.014611 -0.000850
v 0.001494 0.014611 0.002110
v 0.001633 0.014492 -0.000850
v 0.001633 0.014492 -0.000850
v 0.001494 0.014611 0.002110
v 0.001633 0.014492 0.002110
v 0.001633 0.014492 -0.000850
v 0.001633 0.014492 0.002110
v 0.001814 0.014465 -0.000850
v 0.001814 0.014465 -0.000850
v 0.001633 0.014492 0.002110
v 0.001814 0.014465 0.002110
v 0.001814 0.014465 -0.000850
v 0.001814 0.014465 0.002110
v 0.001981 0.014542 -0.000850
v 0.001981 0.014542 -0.000850
v 0.001814 0.014465 0.002110
v 0.001981 0.014542 0.002110
v 0.001981 0.014542 -0.000850
v 0.001981 0.014542 0.002110
v 0.002080 0.014696 -0.000850
v 0.002080 0.014696 -0.000850
v 0.001981 0.014542 0.002110
v 0.002080 0.014696 0.002110
v 0.002080 0.014696 -0.000850
v 0.002080 0.014696 0.002110
v 0.002080 0.014879 -0.000850
v 0.002080 0.014879 -0.000850
v 0.002080 0.014696 0.002110
v 0.002080 0.014879 0.002110
v 0.002080 0.014879 -0.000850
v 0.002080 0.014879 0.002110
v 0.001981 0.015033 -0.000850
v 0.001981 0.015033 -0.000850
v 0.002080 0.014879 0.002110
v 0.001981 0.015033 0.002110
v 0.001981 0.015033 -0.000850
v 0.001981 0.015033 0.002110
v 0.001814 0.015109 -0.000850
v 0.001814 0.015109 -0.000850
v 0.001981 0.015033 0.002110
v 0.001814 0.015109 0.002110
v 0.001814 0.015109 -0.000850
v 0.001814 0.015109 0.002110
v 0.001633 0.015083 -0.000850
v 0.001633 0.015083 -0.000850
v 0.001814 0.015109 0.002110
v 0.001633 0.015083 0.002110
v 0.001633 0.015083 -0.000850
v 0.001633 0.015083 0.002110
v 0.001494 0.014963 -0.000850
v 0.001494 0.014963 -0.000850
v 0.001633 0.015083 0.002110
v 0.001494 0.014963 0.002110
v -0.002041 0.014963 -0.000850
v -0.002041 0.014963 0.002110
v -0.002093 0.014787 -0.000850
v -0.002093 0.014787 -0.000850
v -0.002041 0.014963 0.002110
v -0.002093 0.014787 0.002110
v -0.002093 0.014787 -0.000850
v -0.002093 0.014787 0.002110
v -0.002041 0.014611 -0.000850
v -0.002041 0.014611 -0.000850
v -0.002093 0.014787 0.002110
v -0.002041 0.014611 0.002110
v -0.002041 0.014611 -0.000850
v -0.002041 0.014611 0.002110
v -0.001903 0.014492 -0.000850
v -0.001903 0.014492 -0.000850
v -0.002041 0.014611 0.002110
v -0.001903 0.014492 0.002110
v -0.001903 0.014492 -0.000850
v -0.001903 0.014492 0.002110
v -0.001722 0.014465 -0.000850
v -0.001722 0.014465 -0.000850
v -0.001903 0.014492 0.002110
v -0.001722 0.014465 0.002110
v -0.001722 0.014465 -0.000850
v -0.001722 0.014465 0.002110
v -0.001555 0.014542 -0.000850
v -0.001555 0.014542 -0.000850
v -0.001722 0.014465 0.002110
v -0.001555 0.014542 0.002110
v -0.001555 0.014542 -0.000850
v -0.001555 0.014542 0.002110
v -0.001456 0.014696 -0.000850
v -0.001456 0.014696 -0.000850
v -0.001555 0.014542 0.002110
v -0.001456 0.014696 0.002110
v -0.001456 0.014696 -0.000850
v -0.001456 0.014696 0.002110
v -0.001456 0.014879 -0.000850
v -0.001456 0.014879 -0.000850
v -0.001456 0.014696 0.002110
v -0.001456 0.014879 0.002110
v -0.001456 0.014879 -0.000850
v -0.001456 0.014879 0.002110
v -0.001555 0.015033 -0.000850
v -0.001555 0.015033 -0.000850
v -0.001456 0.014879 0.002110
v -0.001555 0.015033 0.002110
v -0.001555 0.015033 -0.000850
v -0.001555 0.015033 0.002110
v -0.001722 0.015109 -0.000850
v -0.001722 0.015109 -0.000850
v -0.001555 0.015033 0.002110
v -0.001722 0.015109 0.002110
v -0.001722 0.015109 -0.000850
v -0.001722 0.015109 0.002110
v -0.001903 0.015083 -0.000850
v -0.001903 0.015083 -0.000850
v -0.001722 0.015109 0.002110
v -0.001903 0.015083 0.002110
v -0.001903 0.015083 -0.000850
v -0.001903 0.015083 0.002110
v -0.002041 0.014963 -0.000850
v -0.002041 0.014963 -0.000850
v -0.001903 0.015083 0.002110
v -0.002041 0.014963 0.002110
v 0.001494 0.018498 -0.000850
v 0.001494 0.018498 0.002110
v 0.001443 0.018323 -0.000850
v 0.001443 0.018323 -0.000850
v 0.001494 0.018498 0.002110
v 0.001443 0.018323 0.002110
v 0.001443 0.018323 -0.000850
v 0.001443 0.018323 0.002110
v 0.001494 0.018147 -0.000850
v 0.001494 0.018147 -0.000850
v 0.001443 0.018323 0.002110
v 0.001494 0.018147 0.002110
v 0.001494 0.018147 -0.000850
v 0.001494 0.018147 0.002110
v 0.001633 0.018027 -0.000850
v 0.001633 0.018027 -0.000850
v 0.001494 0.018147 0.002110
v 0.001633 0.018027 0.002110
v 0.001633 0.018027 -0.000850
v 0.001633 0.018027 0.002110
v 0.001814 0.018001 -0.000850
v 0.001814 0.018001 -0.000850
v 0.001633 0.018027 0.002110
v 0.001814 0.018001 0.002110
v 0.001814 0.018001 -0.000850
v 0.001814 0.018001 0.002110
v 0.001981 0.018077 -0.000850
v 0.001981 0.018077 -0.000850
v 0.001814 0.018001 0.002110
v 0.001981 0.018077 0.002110
v 0.001981 0.018077 -0.000850
v 0.001981 0.018077 0.002110
v 0.002080 0.018231 -0.000850
v 0.002080 0.018231 -0.000850
v 0.001981 0.018077 0.002110
v 0.002080 0.018231 0.002110
v 0.002080 0.018231 -0.000850
v 0.002080 0.018231 0.002110
v 0.002080 0.018414 -0.000850
v 0.002080 0.018414 -0.000850
v 0.002080 0.018231 0.002110
v 0.002080 0.018414 0.002110
v 0.002080 0.018414 -0.000850
v 0.002080 0.018414 0.002110
v 0.001981 0.018568 -0.000850
v 0.001981 0.018568 -0.000850
v 0.002080 0.018414 0.002110
v 0.001981 0.018568 0.002110
v 0.001981 0.018568 -0.000850
v 0.001981 0.018568 0.002110
v 0.001814 0.018644 -0.000850
v 0.001814 0.018644 -0.000850
v 0.001981 0.018568 0.002110
v 0.001814 0.018644 0.002110
v 0.001814 0.018644 -0.000850
v 0.001814 0.018644 0.002110
v 0.001633 0.018618 -0.000850
v 0.001633 0.018618 -0.000850
v 0.001814 0.018644 0.002110
v 0.001633 0.018618 0.002110
v 0.001633 0.018618 -0.000850
v 0.001633 0.018618 0.002110
v 0.001494 0.018498 -0.000850
v 0.001494 0.018498 -0.000850
v 0.001633 0.018618 0.002110
v 0.001494 0.018498 0.002110
v -0.002041 0.018498 -0.000850
v -0.002080 0.018414 0.002110
v -0.002093 0.018323 -0.000850
v -0.002093 0.018323 -0.000850
v -0.002080 0.018414 0.002110
v -0.002080 0.018231 0.002110
v -0.002093 0.018323 -0.000850
v -0.002080 0.018231 0.002110
v -0.002041 0.018147 -0.000850
v -0.002041 0.018147 -0.000850
v -0.002080 0.018231 0.002110
v -0.001981 0.018077 0.002110
v -0.002041 0.018147 -0.000850
v -0.001981 0.018077 0.002110
v -0.001903 0.018027 -0.000850
v -0.001903 0.018027 -0.000850
v -0.001981 0.018077 0.002110
v -0.001814 0.018001 0.002110
v -0.001903 0.018027 -0.000850
v -0.001814 0.018001 0.002110
v -0.001722 0.018001 -0.000850
v -0.001722 0.018001 -0.000850
v -0.001814 0.018001 0.002110
v -0.001633 0.018027 0.002110
v -0.001722 0.018001 -0.000850
v -0.001633 0.018027 0.002110
v -0.001555 0.018077 -0.000850
v -0.001555 0.018077 -0.000850
v -0.001633 0.018027 0.002110
v -0.001494 0.018147 0.002110
v -0.001555 0.018077 -0.000850
v -0.001494 0.018147 0.002110
v -0.001456 0.018231 -0.000850
v -0.001456 0.018231 -0.000850
v -0.001494 0.018147 0.002110
v -0.001443 0.018323 0.002110
v -0.001456 0.018231 -0.000850
v -0.001443 0.018323 0.002110
v -0.001456 0.018414 -0.000850
v -0.001456 0.018414 -0.000850
v -0.001443 0.018323 0.002110
v -0.001494 0.018498 0.002110
v -0.001456 0.018414 -0.000850
v -0.001494 0.018498 0.002110
v -0.001555 0.018568 -0.000850
v -0.001555 0.018568 -0.000850
v -0.001494 0.018498 0.002110
v -0.001633 0.018618 0.002110
v -0.001555 0.018568 -0.000850
v -0.001633 0.018618 0.002110
v -0.001722 0.018644 -0.000850
v -0.001722 0.018644 -0.000850
v -0.001633 0.018618 0.002110
v -0.001814 0.018644 0.002110
v -0.001722 0.018644 -0.000850
v -0.001814 0.018644 0.002110
v -0.001903 0.018618 -0.000850
v -0.001903 0.018618 -0.000850
v -0.001814 0.018644 0.002110
v -0.001981 0.018568 0.002110
v -0.001903 0.018618 -0.000850
v -0.001981 0.018568 0.002110
v -0.002041 0.018498 -0.000850
v -0.002041 0.018498 -0.000850
v -0.001981 0.018568 0.002110
v -0.002080 0.018414 0.002110
v 0.001526 0.016163 0.002050
v 0.001622 0.016138 0.002150
v 0.001575 0.016555 0.002050
v 0.001575 0.016555 0.002050
v 0.001622 0.016138 0.002150
v 0.001675 0.016555 0.002150
v 0.001575 0.016555 0.002050
v 0.001675 0.016555 0.002150
v 0.001526 0.016947 0.002050
v 0.001526 0.016947 0.002050
v 0.001675 0.016555 0.002150
v 0.001622 0.016972 0.002150
v 0.001526 0.016947 0.002050
v 0.001622 0.016972 0.002150
v 0.001380 0.017314 0.002050
v 0.001380 0.017314 0.002050
v 0.001622 0.016972 0.002150
v 0.001468 0.017362 0.002150
v 0.001380 0.017314 0.002050
v 0.001468 0.017362 0.002150
v 0.001148 0.017633 0.002050
v 0.001148 0.017633 0.002050
v 0.001468 0.017362 0.002150
v 0.001221 0.017702 0.002150
v 0.001148 0.017633 0.002050
v 0.001221 0.017702 0.002150
v 0.000844 0.017885 0.002050
v 0.000844 0.017885 0.002050
v 0.001221 0.017702 0.002150
v 0.000898 0.017969 0.002150
v 0.000844 0.017885 0.002050
v 0.000898 0.017969 0.002150
v 0.000487 0.018053 0.002050
v 0.000487 0.018053 0.002050
v 0.000898 0.017969 0.002150
v 0.000518 0.018148 0.002150
v 0.000487 0.018053 0.002050
v 0.000518 0.018148 0.002150
v 0.000099 0.018127 0.002050
v 0.000099 0.018127 0.002050
v 0.000518 0.018148 0.002150
v 0.000105 0.018227 0.002150
v 0.000099 0.018127 0.002050
v 0.000105 0.018227 0.002150
v -0.000295 0.018102 0.002050
v -0.000295 0.018102 0.002050
v 0.000105 0.018227 0.002150
v -0.000314 0.018200 0.002150
v -0.000295 0.018102 0.002050
v -0.000314 0.018200 0.002150
v -0.000671 0.017980 0.002050
v -0.000671 0.017980 0.002050
v -0.000314 0.018200 0.002150
v -0.000713 0.018071 0.002150
v -0.000671 0.017980 0.002050
v -0.000713 0.018071 0.002150
v -0.001004 0.017769 0.002050
v -0.001004 0.017769 0.002050
v -0.000713 0.018071 0.002150
v -0.001068 0.017846 0.002150
v -0.001004 0.017769 0.002050
v -0.001068 0.017846 0.002150
v -0.001274 0.017481 0.002050
v -0.001274 0.017481 0.002050
v -0.001068 0.017846 0.002150
v -0.001355 0.017539 0.002150
v -0.001274 0.017481 0.002050
v -0.001355 0.017539 0.002150
v -0.001464 0.017135 0.002050
v -0.001464 0.017135 0.002050
v -0.001355 0.017539 0.002150
v -0.001557 0.017172 0.002150
v -0.001464 0.017135 0.002050
v -0.001557 0.017172 0.002150
v -0.001563 0.016752 0.002050
v -0.001563 0.016752 0.002050
v -0.001557 0.017172 0.002150
v -0.001662 0.016765 0.002150
v -0.001563 0.016752 0.002050
v -0.001662 0.016765 0.002150
v -0.001563 0.016358 0.002050
v -0.001563 0.016358 0.002050
v -0.001662 0.016765 0.002150
v -0.001662 0.016345 0.002150
v -0.001563 0.016358 0.002050
v -0.001662 0.016345 0.002150
v -0.001464 0.015975 0.002050
v -0.001464 0.015975 0.002050
v -0.001662 0.016345 0.002150
v -0.001557 0.015938 0.002150
v -0.001464 0.015975 0.002050
v -0.001557 0.015938 0.002150
v -0.001274 0.015629 0.002050
v -0.001274 0.015629 0.002050
v -0.001557 0.015938 0.002150
v -0.001355 0.015570 0.002150
v -0.001274 0.015629 0.002050
v -0.001355 0.015570 0.002150
v -0.001004 0.015341 0.002050
v -0.001004 0.015341 0.002050
v -0.001355 0.015570 0.002150
v -0.001068 0.015264 0.002150
v -0.001004 0.015341 0.002050
v -0.001068 0.015264 0.002150
v -0.000671 0.015130 0.002050
v -0.000671 0.015130 0.002050
v -0.001068 0.015264 0.002150
v -0.000713 0.015039 0.002150
v -0.000671 0.015130 0.002050
v -0.000713 0.015039 0.002150
v -0.000295 0.015008 0.002050
v -0.000295 0.015008 0.002050
v -0.000713 0.015039 0.002150
v -0.000314 0.014910 0.002150
v -0.000295 0.015008 0.002050
v -0.000314 0.014910 0.002150
v 0.000099 0.014983 0.002050
v 0.000099 0.014983 0.002050
v -0.000314 0.014910 0.002150
v 0.000105 0.014883 0.002150
v 0.000099 0.014983 0.002050
v 0.000105 0.014883 0.002150
v 0.000487 0.015057 0.002050
v 0.000487 0.015057 0.002050
v 0.000105 0.014883 0.002150
v 0.000518 0.014962 0.002150
v 0.000487 0.015057 0.002050
v 0.000518 0.014962 0.002150
v 0.000844 0.015225 0.002050
v 0.000844 0.015225 0.002050
v 0.000518 0.014962 0.002150
v 0.000898 0.015141 0.002150
v 0.000844 0.015225 0.002050
v 0.000898 0.015141 0.002150
v 0.001148 0.015477 0.002050
v 0.001148 0.015477 0.002050
v 0.000898 0.015141 0.002150
v 0.001221 0.015408 0.002150
v 0.001148 0.015477 0.002050
v 0.001221 0.015408 0.002150
v 0.001380 0.015796 0.002050
v 0.001380 0.015796 0.002050
v 0.001221 0.015408 0.002150
v 0.001468 0.015748 0.002150
v 0.001380 0.015796 0.002050
v 0.001468 0.015748 0.002150
v 0.001526 0.016163 0.002050
v 0.001526 0.016163 0.002050
v 0.001468 0.015748 0.002150
v 0.001622 0.016138 0.002150
v 0.001526 0.016163 0.001500
v 0.001575 0.016555 0.002050
v 0.001575 0.016555 0.001500
v 0.001575 0.016555 0.001500
v 0.001575 0.016555 0.002050
v 0.001526 0.016947 0.002050
v 0.001575 0.016555 0.001500
v 0.001526 0.016947 0.002050
v 0.001526 0.016947 0.001500
v 0.001526 0.016947 0.001500
v 0.001526 0.016947 0.002050
v 0.001380 0.017314 0.002050
v 0.001526 0.016947 0.001500
v 0.001380 0.017314 0.002050
v 0.001380 0.017314 0.001500
v 0.001380 0.017314 0.001500
v 0.001380 0.017314 0.002050
v 0.001148 0.017633 0.002050
v 0.001380 0.017314 0.001500
v 0.001148 0.017633 0.002050
v 0.001148 0.017633 0.001500
v 0.001148 0.017633 0.001500
v 0.001148 0.017633 0.002050
v 0.000844 0.017885 0.002050
v 0.001148 0.017633 0.001500
v 0.000844 0.017885 0.002050
v 0.000844 0.017885 0.001500
v 0.000844 0.017885 0.001500
v 0.000844 0.017885 0.002050
v 0.000487 0.018053 0.002050
v 0.000844 0.017885 0.001500
v 0.000487 0.018053 0.002050
v 0.000487 0.018053 0.001500
v 0.000487 0.018053 0.001500
v 0.000487 0.018053 0.002050
v 0.000099 0.018127 0.002050
v 0.000487 0.018053 0.001500
v 0.000099 0.018127 0.002050
v 0.000099 0.018127 0.001500
v 0.000099 0.018127 0.001500
v 0.000099 0.018127 0.002050
v -0.000295 0.018102 0.002050
v 0.000099 0.018127 0.001500
v -0.000295 0.018102 0.002050
v -0.000295 0.018102 0.001500
v -0.000295 0.018102 0.001500
v -0.000295 0.018102 0.002050
v -0.000671 0.017980 0.002050
v -0.000295 0.018102 0.001500
v -0.000671 0.017980 0.002050
v -0.000671 0.017980 0.001500
v -0.000671 0.017980 0.001500
v -0.000671 0.017980 0.002050
v -0.001004 0.017769 0.002050
v -0.000671 0.017980 0.001500
v -0.001004 0.017769 0.002050
v -0.001004 0.017769 0.001500
v -0.001004 0.017769 0.001500
v -0.001004 0.017769 0.002050
v -0.001274 0.017481 0.002050
v -0.001004 0.017769 0.001500
v -0.001274 0.017481 0.002050
v -0.001274 0.017481 0.001500
v -0.001274 0.017481 0.001500
v -0.001274 0.017481 0.002050
v -0.001464 0.017135 0.002050
v -0.001274 0.017481 0.001500
v -0.001464 0.017135 0.002050
v -0.001464 0.017135 0.001500
v -0.001464 0.017135 0.001500
v -0.001464 0.017135 0.002050
v -0.001563 0.016752 0.002050
v -0.001464 0.017135 0.001500
v -0.001563 0.016752 0.002050
v -0.001563 0.016752 0.001500
v -0.001563 0.016752 0.001500
v -0.001563 0.016752 0.002050
v -0.001563 0.016358 0.002050
v -0.001563 0.016752 0.001500
v -0.001563 0.016358 0.002050
v -0.001563 0.016358 0.001500
v -0.001563 0.016358 0.001500
v -0.001563 0.016358 0.002050
v -0.001464 0.015975 0.002050
v -0.001563 0.016358 0.001500
v -0.001464 0.015975 0.002050
v -0.001464 0.015975 0.001500
v -0.001464 0.015975 0.001500
v -0.001464 0.015975 0.002050
v -0.001274 0.015629 0.002050
v -0.001464 0.015975 0.001500
v -0.001274 0.015629 0.002050
v -0.001274 0.015629 0.001500
v -0.001274 0.015629 0.001500
v -0.001274 0.015629 0.002050
v -0.001004 0.015341 0.002050
v -0.001274 0.015629 0.001500
v -0.001004 0.015341 0.002050
v -0.001004 0.015341 0.001500
v -0.001004 0.015341 0.001500
v -0.001004 0.015341 0.002050
v -0.000671 0.015130 0.002050
v -0.001004 0.015341 0.001500
v -0.000671 0.015130 0.002050
v -0.000671 0.015130 0.001500
v -0.000671 0.015130 0.001500
v -0.000671 0.015130 0.002050
v -0.000295 0.015008 0.002050
v -0.000671 0.015130 0.001500
v -0.000295 0.015008 0.002050
v -0.000295 0.015008 0.001500
v -0.000295 0.015008 0.001500
v -0.000295 0.015008 0.002050
v 0.000099 0.014983 0.002050
v -0.000295 0.015008 0.001500
v 0.000099 0.014983 0.002050
v 0.000099 0.014983 0.001500
v 0.000099 0.014983 0.001500
v 0.000099 0.014983 0.002050
v 0.000487 0.015057 0.002050
v 0.000099 0.014983 0.001500
v 0.000487 0.015057 0.002050
v 0.000487 0.015057 0.001500
v 0.000487 0.015057 0.001500
v 0.000487 0.015057 0.002050
v 0.000844 0.015225 0.002050
v 0.000487 0.015057 0.001500
v 0.000844 0.015225 0.002050
v 0.000844 0.015225 0.001500
v 0.000844 0.015225 0.001500
v 0.000844 0.015225 0.002050
v 0.001148 0.015477 0.002050
v 0.000844 0.015225 0.001500
v 0.001148 0.015477 0.002050
v 0.001148 0.015477 0.001500
v 0.001148 0.015477 0.001500
v 0.001148 0.015477 0.002050
v 0.001380 0.015796 0.002050
v 0.001148 0.015477 0.001500
v 0.001380 0.015796 0.002050
v 0.001380 0.015796 0.001500
v 0.001380 0.015796 0.001500
v 0.001380 0.015796 0.002050
v 0.001526 0.016163 0.002050
v 0.001380 0.015796 0.001500
v 0.001526 0.016163 0.002050
v 0.001526 0.016163 0.001500
v 0.001526 0.016163 0.001500
v 0.001526 0.016163 0.002050
v 0.001575 0.016555 0.002050
v 0.001526 0.016163 0.001500
v 0.001575 0.016555 0.001500
v -0.000671 0.015130 0.001500
v -0.000671 0.015130 0.001500
v 0.001575 0.016555 0.001500
v 0.001526 0.016947 0.001500
v -0.000671 0.015130 0.001500
v 0.001526 0.016947 0.001500
v 0.001380 0.017314 0.001500
v 0.001380 0.017314 0.001500
v 0.001148 0.017633 0.001500
v -0.000671 0.015130 0.001500
v -0.000671 0.015130 0.001500
v 0.001148 0.017633 0.001500
v 0.000844 0.017885 0.001500
v -0.000671 0.015130 0.001500
v 0.000844 0.017885 0.001500
v 0.000487 0.018053 0.001500
v 0.000487 0.018053 0.001500
v 0.000099 0.018127 0.001500
v -0.000671 0.015130 0.001500
v -0.000671 0.015130 0.001500
v 0.000099 0.018127 0.001500
v -0.000295 0.018102 0.001500
v -0.000671 0.015130 0.001500
v -0.000295 0.018102 0.001500
v -0.000671 0.017980 0.001500
v -0.000671 0.015130 0.001500
v -0.000671 0.017980 0.001500
v -0.001004 0.015341 0.001500
v -0.001004 0.015341 0.001500
v -0.000671 0.017980 0.001500
v -0.001004 0.017769 0.001500
v -0.001004 0.015341 0.001500
v -0.001004 0.017769 0.001500
v -0.001274 0.015629 0.001500
v -0.001274 0.015629 0.001500
v -0.001004 0.017769 0.001500
v -0.001274 0.017481 0.001500
v -0.001274 0.015629 0.001500
v -0.001274 0.017481 0.001500
v -0.001464 0.015975 0.001500
v -0.001464 0.015975 0.001500
v -0.001274 0.017481 0.001500
v -0.001464 0.017135 0.001500
v -0.001464 0.015975 0.001500
v -0.001464 0.017135 0.001500
v -0.001563 0.016358 0.001500
v -0.001563 0.016358 0.001500
v -0.001464 0.017135 0.001500
v -0.001563 0.016752 0.001500
v -0.000295 0.015008 0.001500
v 0.000487 0.015057 0.001500
v -0.000671 0.015130 0.001500
v -0.000671 0.015130 0.001500
v 0.000487 0.015057 0.001500
v 0.000844 0.015225 0.001500
v -0.000671 0.015130 0.001500
v 0.000844 0.015225 0.001500
v 0.001148 0.015477 0.001500
v -0.000295 0.015008 0.001500
v 0.000099 0.014983 0.001500
v 0.000487 0.015057 0.001500
v 0.001148 0.015477 0.001500
v 0.001380 0.015796 0.001500
v -0.000671 0.015130 0.001500
v -0.000671 0.015130 0.001500
v 0.001380 0.015796 0.001500
v 0.001526 0.016163 0.001500
v 0.003099 0.015992 0.002050
v 0.003150 0.016555 0.002050
v 0.003050 0.016555 0.002150
v 0.003050 0.016555 0.002150
v 0.003150 0.016555 0.002050
v 0.003099 0.017117 0.002050
v 0.003050 0.016555 0.002150
v 0.003099 0.017117 0.002050
v 0.002998 0.017115 0.002150
v 0.002998 0.017115 0.002150
v 0.003099 0.017117 0.002050
v 0.002949 0.017662 0.002050
v 0.002998 0.017115 0.002150
v 0.002949 0.017662 0.002050
v 0.002844 0.017657 0.002150
v 0.002844 0.017657 0.002150
v 0.002949 0.017662 0.002050
v 0.002704 0.018171 0.002050
v 0.002844 0.017657 0.002150
v 0.002704 0.018171 0.002050
v 0.002593 0.018161 0.002150
v 0.002593 0.018161 0.002150
v 0.002704 0.018171 0.002050
v 0.002372 0.018627 0.002050
v 0.002593 0.018161 0.002150
v 0.002372 0.018627 0.002050
v 0.002254 0.018610 0.002150
v 0.002254 0.018610 0.002150
v 0.002372 0.018627 0.002050
v 0.001964 0.019018 0.002050
v 0.002254 0.018610 0.002150
v 0.001964 0.019018 0.002050
v 0.001838 0.018989 0.002150
v 0.001838 0.018989 0.002150
v 0.001964 0.019018 0.002050
v 0.001493 0.019329 0.002050
v 0.001838 0.018989 0.002150
v 0.001493 0.019329 0.002050
v 0.001360 0.019285 0.002150
v 0.001360 0.019285 0.002150
v 0.001493 0.019329 0.002050
v 0.000973 0.019551 0.002050
v 0.001360 0.019285 0.002150
v 0.000973 0.019551 0.002050
v 0.000835 0.019489 0.002150
v 0.000835 0.019489 0.002150
v 0.000973 0.019551 0.002050
v 0.000423 0.019676 0.002050
v 0.000835 0.019489 0.002150
v 0.000423 0.019676 0.002050
v 0.000281 0.019592 0.002150
v 0.000281 0.019592 0.002150
v 0.000423 0.019676 0.002050
v -0.000141 0.019702 0.002050
v 0.000281 0.019592 0.002150
v -0.000141 0.019702 0.002050
v -0.000281 0.019592 0.002150
v -0.000281 0.019592 0.002150
v -0.000141 0.019702 0.002050
v -0.000701 0.019626 0.002050
v -0.000281 0.019592 0.002150
v -0.000701 0.019626 0.002050
v -0.000835 0.019489 0.002150
v -0.000835 0.019489 0.002150
v -0.000701 0.019626 0.002050
v -0.001238 0.019451 0.002050
v -0.000835 0.019489 0.002150
v -0.001238 0.019451 0.002050
v -0.001360 0.019285 0.002150
v -0.001360 0.019285 0.002150
v -0.001238 0.019451 0.002050
v -0.001735 0.019184 0.002050
v -0.001360 0.019285 0.002150
v -0.001735 0.019184 0.002050
v -0.001838 0.018989 0.002150
v -0.001838 0.018989 0.002150
v -0.001735 0.019184 0.002050
v -0.002177 0.018832 0.002050
v -0.001838 0.018989 0.002150
v -0.002177 0.018832 0.002050
v -0.002254 0.018610 0.002150
v -0.002254 0.018610 0.002150
v -0.002177 0.018832 0.002050
v -0.002548 0.018406 0.002050
v -0.002254 0.018610 0.002150
v -0.002548 0.018406 0.002050
v -0.002593 0.018161 0.002150
v -0.002593 0.018161 0.002150
v -0.002548 0.018406 0.002050
v -0.002838 0.017922 0.002050
v -0.002593 0.018161 0.002150
v -0.002838 0.017922 0.002050
v -0.002844 0.017657 0.002150
v -0.002844 0.017657 0.002150
v -0.002838 0.017922 0.002050
v -0.003036 0.017393 0.002050
v -0.002844 0.017657 0.002150
v -0.003036 0.017393 0.002050
v -0.002998 0.017115 0.002150
v -0.002998 0.017115 0.002150
v -0.003036 0.017393 0.002050
v -0.003137 0.016837 0.002050
v -0.002998 0.017115 0.002150
v -0.003137 0.016837 0.002050
v -0.003050 0.016555 0.002150
v -0.003050 0.016555 0.002150
v -0.003137 0.016837 0.002050
v -0.003137 0.016273 0.002050
v -0.003050 0.016555 0.002150
v -0.003137 0.016273 0.002050
v -0.002998 0.015995 0.002150
v -0.002998 0.015995 0.002150
v -0.003137 0.016273 0.002050
v -0.003036 0.015717 0.002050
v -0.002998 0.015995 0.002150
v -0.003036 0.015717 0.002050
v -0.002844 0.015453 0.002150
v -0.002844 0.015453 0.002150
v -0.003036 0.015717 0.002050
v -0.002838 0.015188 0.002050
v -0.002844 0.015453 0.002150
v -0.002838 0.015188 0.002050
v -0.002593 0.014949 0.002150
v -0.002593 0.014949 0.002150
v -0.002838 0.015188 0.002050
v -0.002548 0.014703 0.002050
v -0.002593 0.014949 0.002150
v -0.002548 0.014703 0.002050
v -0.002254 0.014500 0.002150
v -0.002254 0.014500 0.002150
v -0.002548 0.014703 0.002050
v -0.002177 0.014278 0.002050
v -0.002254 0.014500 0.002150
v -0.002177 0.014278 0.002050
v -0.001838 0.014121 0.002150
v -0.001838 0.014121 0.002150
v -0.002177 0.014278 0.002050
v -0.001735 0.013926 0.002050
v -0.001838 0.014121 0.002150
v -0.001735 0.013926 0.002050
v -0.001360 0.013825 0.002150
v -0.001360 0.013825 0.002150
v -0.001735 0.013926 0.002050
v -0.001238 0.013658 0.002050
v -0.001360 0.013825 0.002150
v -0.001238 0.013658 0.002050
v -0.000835 0.013621 0.002150
v -0.000835 0.013621 0.002150
v -0.001238 0.013658 0.002050
v -0.000701 0.013484 0.002050
v -0.000835 0.013621 0.002150
v -0.000701 0.013484 0.002050
v -0.000281 0.013518 0.002150
v -0.000281 0.013518 0.002150
v -0.000701 0.013484 0.002050
v -0.000141 0.013408 0.002050
v -0.000281 0.013518 0.002150
v -0.000141 0.013408 0.002050
v 0.000281 0.013518 0.002150
v 0.000281 0.013518 0.002150
v -0.000141 0.013408 0.002050
v 0.000423 0.013433 0.002050
v 0.000281 0.013518 0.002150
v 0.000423 0.013433 0.002050
v 0.000835 0.013621 0.002150
v 0.000835 0.013621 0.002150
v 0.000423 0.013433 0.002050
v 0.000973 0.013559 0.002050
v 0.000835 0.013621 0.002150
v 0.000973 0.013559 0.002050
v 0.001360 0.013825 0.002150
v 0.001360 0.013825 0.002150
v 0.000973 0.013559 0.002050
v 0.001493 0.013781 0.002050
v 0.001360 0.013825 0.002150
v 0.001493 0.013781 0.002050
v 0.001838 0.014121 0.002150
v 0.001838 0.014121 0.002150
v 0.001493 0.013781 0.002050
v 0.001964 0.014092 0.002050
v 0.001838 0.014121 0.002150
v 0.001964 0.014092 0.002050
v 0.002254 0.014500 0.002150
v 0.002254 0.014500 0.002150
v 0.001964 0.014092 0.002050
v 0.002372 0.014482 0.002050
v 0.002254 0.014500 0.002150
v 0.002372 0.014482 0.002050
v 0.002593 0.014949 0.002150
v 0.002593 0.014949 0.002150
v 0.002372 0.014482 0.002050
v 0.002704 0.014939 0.002050
v 0.002593 0.014949 0.002150
v 0.002704 0.014939 0.002050
v 0.002844 0.015453 0.002150
v 0.002844 0.015453 0.002150
v 0.002704 0.014939 0.002050
v 0.002949 0.015448 0.002050
v 0.002844 0.015453 0.002150
v 0.002949 0.015448 0.002050
v 0.002998 0.015995 0.002150
v 0.002998 0.015995 0.002150
v 0.002949 0.015448 0.002050
v 0.003099 0.015992 0.002050
v 0.002998 0.015995 0.002150
v 0.003099 0.015992 0.002050
v 0.003050 0.016555 0.002150
v 0.003099 0.017117 0.001500
v 0.003150 0.016555 0.002050
v 0.003150 0.016555 0.001500
v 0.003150 0.016555 0.001500
v 0.003150 0.016555 0.002050
v 0.003099 0.015992 0.002050
v 0.003150 0.016555 0.001500
v 0.003099 0.015992 0.002050
v 0.003099 0.015992 0.001500
v 0.003099 0.015992 0.001500
v 0.003099 0.015992 0.002050
v 0.002949 0.015448 0.002050
v 0.003099 0.015992 0.001500
v 0.002949 0.015448 0.002050
v 0.002949 0.015448 0.001500
v 0.002949 0.015448 0.001500
v 0.002949 0.015448 0.002050
v 0.002704 0.014939 0.002050
v 0.002949 0.015448 0.001500
v 0.002704 0.014939 0.002050
v 0.002704 0.014939 0.001500
v 0.002704 0.014939 0.001500
v 0.002704 0.014939 0.002050
v 0.002372 0.014482 0.002050
v 0.002704 0.014939 0.001500
v 0.002372 0.014482 0.002050
v 0.002372 0.014482 0.001500
v 0.002372 0.014482 0.001500
v 0.002372 0.014482 0.002050
v 0.001964 0.014092 0.002050
v 0.002372 0.014482 0.001500
v 0.001964 0.014092 0.002050
v 0.001964 0.014092 0.001500
v 0.001964 0.014092 0.001500
v 0.001964 0.014092 0.002050
v 0.001493 0.013781 0.002050
v 0.001964 0.014092 0.001500
v 0.001493 0.013781 0.002050
v 0.001493 0.013781 0.001500
v 0.001493 0.013781 0.001500
v 0.001493 0.013781 0.002050
v 0.000973 0.013559 0.002050
v 0.001493 0.013781 0.001500
v 0.000973 0.013559 0.002050
v 0.000973 0.013559 0.001500
v 0.000973 0.013559 0.001500
v 0.000973 0.013559 0.002050
v 0.000423 0.013433 0.002050
v 0.000973 0.013559 0.001500
v 0.000423 0.013433 0.002050
v 0.000423 0.013433 0.001500
v 0.000423 0.013433 0.001500
v 0.000423 0.013433 0.002050
v -0.000141 0.013408 0.002050
v 0.000423 0.013433 0.001500
v -0.000141 0.013408 0.002050
v -0.000141 0.013408 0.001500
v -0.000141 0.013408 0.001500
v -0.000141 0.013408 0.002050
v -0.000701 0.013484 0.002050
v -0.000141 0.013408 0.001500
v -0.000701 0.013484 0.002050
v -0.000701 0.013484 0.001500
v -0.000701 0.013484 0.001500
v -0.000701 0.013484 0.002050
v -0.001238 0.013658 0.002050
v -0.000701 0.013484 0.001500
v -0.001238 0.013658 0.002050
v -0.001238 0.013658 0.001500
v -0.001238 0.013658 0.001500
v -0.001238 0.013658 0.002050
v -0.001735 0.013926 0.002050
v -0.001238 0.013658 0.001500
v -0.001735 0.013926 0.002050
v -0.001735 0.013926 0.001500
v -0.001735 0.013926 0.001500
v -0.001735 0.013926 0.002050
v -0.002177 0.014278 0.002050
v -0.001735 0.013926 0.001500
v -0.002177 0.014278 0.002050
v -0.002177 0.014278 0.001500
v -0.002177 0.014278 0.001500
v -0.002177 0.014278 0.002050
v -0.002548 0.014703 0.002050
v -0.002177 0.014278 0.001500
v -0.002548 0.014703 0.002050
v -0.002548 0.014703 0.001500
v -0.002548 0.014703 0.001500
v -0.002548 0.014703 0.002050
v -0.002838 0.015188 0.002050
v -0.002548 0.014703 0.001500
v -0.002838 0.015188 0.002050
v -0.002838 0.015188 0.001500
v -0.002838 0.015188 0.001500
v -0.002838 0.015188 0.002050
v -0.003036 0.015717 0.002050
v -0.002838 0.015188 0.001500
v -0.003036 0.015717 0.002050
v -0.003036 0.015717 0.001500
v -0.003036 0.015717 0.001500
v -0.003036 0.015717 0.002050
v -0.003137 0.016273 0.002050
v -0.003036 0.015717 0.001500
v -0.003137 0.016273 0.002050
v -0.003137 0.016273 0.001500
v -0.003137 0.016273 0.001500
v -0.003137 0.016273 0.002050
v -0.003137 0.016837 0.002050
v -0.003137 0.016273 0.001500
v -0.003137 0.016837 0.002050
v -0.003137 0.016837 0.001500
v -0.003137 0.016837 0.001500
v -0.003137 0.016837 0.002050
v -0.003036 0.017393 0.002050
v -0.003137 0.016837 0.001500
v -0.003036 0.017393 0.002050
v -0.003036 0.017393 0.001500
v -0.003036 0.017393 0.001500
v -0.003036 0.017393 0.002050
v -0.002838 0.017922 0.002050
v -0.003036 0.017393 0.001500
v -0.002838 0.017922 0.002050
v -0.002838 0.017922 0.001500
v -0.002838 0.017922 0.001500
v -0.002838 0.017922 0.002050
v -0.002548 0.018406 0.002050
v -0.002838 0.017922 0.001500
v -0.002548 0.018406 0.002050
v -0.002548 0.018406 0.001500
v -0.002548 0.018406 0.001500
v -0.002548 0.018406 0.002050
v -0.002177 0.018832 0.002050
v -0.002548 0.018406 0.001500
v -0.002177 0.018832 0.002050
v -0.002177 0.018832 0.001500
v -0.002177 0.018832 0.001500
v -0.002177 0.018832 0.002050
v -0.001735 0.019184 0.002050
v -0.002177 0.018832 0.001500
v -0.001735 0.019184 0.002050
v -0.001735 0.019184 0.001500
v -0.001735 0.019184 0.001500
v -0.001735 0.019184 0.002050
v -0.001238 0.019451 0.002050
v -0.001735 0.019184 0.001500
v -0.001238 0.019451 0.002050
v -0.001238 0.019451 0.001500
v -0.001238 0.019451 0.001500
v -0.001238 0.019451 0.002050
v -0.000701 0.019626 0.002050
v -0.001238 0.019451 0.001500
v -0.000701 0.019626 0.002050
v -0.000701 0.019626 0.001500
v -0.000701 0.019626 0.001500
v -0.000701 0.019626 0.002050
v -0.000141 0.019702 0.002050
v -0.000701 0.019626 0.001500
v -0.000141 0.019702 0.002050
v -0.000141 0.019702 0.001500
v -0.000141 0.019702 0.001500
v -0.000141 0.019702 0.002050
v 0.000423 0.019676 0.002050
v -0.000141 0.019702 0.001500
v 0.000423 0.019676 0.002050
v 0.000423 0.019676 0.001500
v 0.000423 0.019676 0.001500
v 0.000423 0.019676 0.002050
v 0.000973 0.019551 0.002050
v 0.000423 0.019676 0.001500
v 0.000973 0.019551 0.002050
v 0.000973 0.019551 0.001500
v 0.000973 0.019551 0.001500
v 0.000973 0.019551 0.002050
v 0.001493 0.019329 0.002050
v 0.000973 0.019551 0.001500
v 0.001493 0.019329 0.002050
v 0.001493 0.019329 0.001500
v 0.001493 0.019329 0.001500
v 0.001493 0.019329 0.002050
v 0.001964 0.019018 0.002050
v 0.001493 0.019329 0.001500
v 0.001964 0.019018 0.002050
v 0.001964 0.019018 0.001500
v 0.001964 0.019018 0.001500
v 0.001964 0.019018 0.002050
v 0.002372 0.018627 0.002050
v 0.001964 0.019018 0.001500
v 0.002372 0.018627 0.002050
v 0.002372 0.018627 0.001500
v 0.002372 0.018627 0.001500
v 0.002372 0.018627 0.002050
v 0.002704 0.018171 0.002050
v 0.002372 0.018627 0.001500
v 0.002704 0.018171 0.002050
v 0.002704 0.018171 0.001500
v 0.002704 0.018171 0.001500
v 0.002704 0.018171 0.002050
v 0.002949 0.017662 0.002050
v 0.002704 0.018171 0.001500
v 0.002949 0.017662 0.002050
v 0.002949 0.017662 0.001500
v 0.002949 0.017662 0.001500
v 0.002949 0.017662 0.002050
v 0.003099 0.017117 0.002050
v 0.002949 0.017662 0.001500
v 0.003099 0.017117 0.002050
v 0.003099 0.017117 0.001500
v 0.003099 0.017117 0.001500
v 0.003099 0.017117 0.002050
v 0.003150 0.016555 0.002050
v 0.003099 0.015992 0.001500
v 0.004348 0.015883 0.001500
v 0.003150 0.016555 0.001500
v 0.003150 0.016555 0.001500
v 0.004348 0.015883 0.001500
v 0.004400 0.016555 0.001500
v 0.003150 0.016555 0.001500
v 0.004400 0.016555 0.001500
v 0.004348 0.017227 0.001500
v 0.004348 0.015883 0.001500
v 0.003099 0.015992 0.001500
v 0.004195 0.015227 0.001500
v 0.004195 0.015227 0.001500
v 0.003099 0.015992 0.001500
v 0.002949 0.015448 0.001500
v 0.004195 0.015227 0.001500
v 0.002949 0.015448 0.001500
v 0.003943 0.014603 0.001500
v 0.003943 0.014603 0.001500
v 0.002949 0.015448 0.001500
v 0.002704 0.014939 0.001500
v 0.003943 0.014603 0.001500
v 0.002704 0.014939 0.001500
v 0.003599 0.014024 0.001500
v 0.003599 0.014024 0.001500
v 0.002704 0.014939 0.001500
v 0.002372 0.014482 0.001500
v 0.003599 0.014024 0.001500
v 0.002372 0.014482 0.001500
v 0.003170 0.013504 0.001500
v 0.003170 0.013504 0.001500
v 0.002372 0.014482 0.001500
v 0.001964 0.014092 0.001500
v 0.003170 0.013504 0.001500
v 0.001964 0.014092 0.001500
v 0.002667 0.013056 0.001500
v 0.002667 0.013056 0.001500
v 0.001964 0.014092 0.001500
v 0.001493 0.013781 0.001500
v 0.002667 0.013056 0.001500
v 0.001493 0.013781 0.001500
v 0.002102 0.012689 0.001500
v 0.002102 0.012689 0.001500
v 0.001493 0.013781 0.001500
v 0.001487 0.012414 0.001500
v 0.001487 0.012414 0.001500
v 0.001493 0.013781 0.001500
v 0.000973 0.013559 0.001500
v 0.001487 0.012414 0.001500
v 0.000973 0.013559 0.001500
v 0.000838 0.012235 0.001500
v 0.000838 0.012235 0.001500
v 0.000973 0.013559 0.001500
v 0.000423 0.013433 0.001500
v 0.000838 0.012235 0.001500
v 0.000423 0.013433 0.001500
v 0.000169 0.012158 0.001500
v 0.000169 0.012158 0.001500
v 0.000423 0.013433 0.001500
v -0.000141 0.013408 0.001500
v 0.000169 0.012158 0.001500
v -0.000141 0.013408 0.001500
v -0.000505 0.012184 0.001500
v -0.000505 0.012184 0.001500
v -0.000141 0.013408 0.001500
v -0.000701 0.013484 0.001500
v -0.000505 0.012184 0.001500
v -0.000701 0.013484 0.001500
v -0.001166 0.012312 0.001500
v -0.001166 0.012312 0.001500
v -0.000701 0.013484 0.001500
v -0.001238 0.013658 0.001500
v -0.001166 0.012312 0.001500
v -0.001238 0.013658 0.001500
v -0.001800 0.012540 0.001500
v -0.001800 0.012540 0.001500
v -0.001238 0.013658 0.001500
v -0.001735 0.013926 0.001500
v -0.001800 0.012540 0.001500
v -0.001735 0.013926 0.001500
v -0.002392 0.012862 0.001500
v -0.002392 0.012862 0.001500
v -0.001735 0.013926 0.001500
v -0.002927 0.013270 0.001500
v -0.002927 0.013270 0.001500
v -0.001735 0.013926 0.001500
v -0.002177 0.014278 0.001500
v -0.002927 0.013270 0.001500
v -0.002177 0.014278 0.001500
v -0.003395 0.013755 0.001500
v -0.003395 0.013755 0.001500
v -0.002177 0.014278 0.001500
v -0.002548 0.014703 0.001500
v -0.003395 0.013755 0.001500
v -0.002548 0.014703 0.001500
v -0.003782 0.014306 0.001500
v -0.003782 0.014306 0.001500
v -0.002548 0.014703 0.001500
v -0.002838 0.015188 0.001500
v -0.003782 0.014306 0.001500
v -0.002838 0.015188 0.001500
v -0.004081 0.014910 0.001500
v -0.004081 0.014910 0.001500
v -0.002838 0.015188 0.001500
v -0.003036 0.015717 0.001500
v -0.004081 0.014910 0.001500
v -0.003036 0.015717 0.001500
v -0.004284 0.015552 0.001500
v -0.004284 0.015552 0.001500
v -0.003036 0.015717 0.001500
v -0.003137 0.016273 0.001500
v -0.004284 0.015552 0.001500
v -0.003137 0.016273 0.001500
v -0.004387 0.016218 0.001500
v -0.004387 0.016218 0.001500
v -0.003137 0.016273 0.001500
v -0.003137 0.016837 0.001500
v -0.004387 0.016218 0.001500
v -0.003137 0.016837 0.001500
v -0.004387 0.016892 0.001500
v -0.004387 0.016892 0.001500
v -0.003137 0.016837 0.001500
v -0.004284 0.017558 0.001500
v -0.004284 0.017558 0.001500
v -0.003137 0.016837 0.001500
v -0.003036 0.017393 0.001500
v -0.004284 0.017558 0.001500
v -0.003036 0.017393 0.001500
v -0.004081 0.018200 0.001500
v -0.004081 0.018200 0.001500
v -0.003036 0.017393 0.001500
v -0.002838 0.017922 0.001500
v -0.004081 0.018200 0.001500
v -0.002838 0.017922 0.001500
v -0.003782 0.018803 0.001500
v -0.003782 0.018803 0.001500
v -0.002838 0.017922 0.001500
v -0.002548 0.018406 0.001500
v -0.003782 0.018803 0.001500
v -0.002548 0.018406 0.001500
v -0.003395 0.019354 0.001500
v -0.003395 0.019354 0.001500
v -0.002548 0.018406 0.001500
v -0.002177 0.018832 0.001500
v -0.003395 0.019354 0.001500
v -0.002177 0.018832 0.001500
v -0.002927 0.019840 0.001500
v -0.002927 0.019840 0.001500
v -0.002177 0.018832 0.001500
v -0.001735 0.019184 0.001500
v -0.002927 0.019840 0.001500
v -0.001735 0.019184 0.001500
v -0.002392 0.020248 0.001500
v -0.002392 0.020248 0.001500
v -0.001735 0.019184 0.001500
v -0.001800 0.020570 0.001500
v -0.001800 0.020570 0.001500
v -0.001735 0.019184 0.001500
v -0.001238 0.019451 0.001500
v -0.001800 0.020570 0.001500
v -0.001238 0.019451 0.001500
v -0.001166 0.020798 0.001500
v -0.001166 0.020798 0.001500
v -0.001238 0.019451 0.001500
v -0.000701 0.019626 0.001500
v -0.001166 0.020798 0.001500
v -0.000701 0.019626 0.001500
v -0.000505 0.020926 0.001500
v -0.000505 0.020926 0.001500
v -0.000701 0.019626 0.001500
v -0.000141 0.019702 0.001500
v -0.000505 0.020926 0.001500
v -0.000141 0.019702 0.001500
v 0.000169 0.020952 0.001500
v 0.000169 0.020952 0.001500
v -0.000141 0.019702 0.001500
v 0.000423 0.019676 0.001500
v 0.000169 0.020952 0.001500
v 0.000423 0.019676 0.001500
v 0.000838 0.020874 0.001500
v 0.000838 0.020874 0.001500
v 0.000423 0.019676 0.001500
v 0.000973 0.019551 0.001500
v 0.000838 0.020874 0.001500
v 0.000973 0.019551 0.001500
v 0.001487 0.020696 0.001500
v 0.001487 0.020696 0.001500
v 0.000973 0.019551 0.001500
v 0.001493 0.019329 0.001500
v 0.001487 0.020696 0.001500
v 0.001493 0.019329 0.001500
v 0.002102 0.020420 0.001500
v 0.002102 0.020420 0.001500
v 0.001493 0.019329 0.001500
v 0.002667 0.020054 0.001500
v 0.002667 0.020054 0.001500
v 0.001493 0.019329 0.001500
v 0.001964 0.019018 0.001500
v 0.002667 0.020054 0.001500
v 0.001964 0.019018 0.001500
v 0.003170 0.019606 0.001500
v 0.003170 0.019606 0.001500
v 0.001964 0.019018 0.001500
v 0.002372 0.018627 0.001500
v 0.003170 0.019606 0.001500
v 0.002372 0.018627 0.001500
v 0.003599 0.019086 0.001500
v 0.003599 0.019086 0.001500
v 0.002372 0.018627 0.001500
v 0.002704 0.018171 0.001500
v 0.003599 0.019086 0.001500
v 0.002704 0.018171 0.001500
v 0.003943 0.018507 0.001500
v 0.003943 0.018507 0.001500
v 0.002704 0.018171 0.001500
v 0.002949 0.017662 0.001500
v 0.003943 0.018507 0.001500
v 0.002949 0.017662 0.001500
v 0.004195 0.017883 0.001500
v 0.004195 0.017883 0.001500
v 0.002949 0.017662 0.001500
v 0.003099 0.017117 0.001500
v 0.004195 0.017883 0.001500
v 0.003099 0.017117 0.001500
v 0.004348 0.017227 0.001500
v 0.004348 0.017227 0.001500
v 0.003099 0.017117 0.001500
v 0.003150 0.016555 0.001500
v 0.006300 0.006555 0.008850
v 0.006300 0.006555 0.007400
v -0.006300 0.006555 0.008850
v -0.006300 0.006555 0.008850
v 0.006300 0.006555 0.007400
v -0.006300 0.006555 0.007400
vn 0.2506 -0.2506 0.9351
vn 0.6845 -0.2506 0.6845
vn 0.6846 -0.2506 0.6846
vn 0.9351 -0.2506 0.2506
vn 0.6947 -0.6948 0.1862
vn 0.2582 -0.9636 0.0692
vn 0.1862 -0.6947 0.6947
vn 0.1862 -0.6948 0.6947
vn 0.5086 -0.6948 0.5086
vn 0.5086 -0.6947 0.5086
vn 0.0692 -0.9636 0.2582
vn 0.1890 -0.9636 0.1890
vn -0.0692 -0.9636 0.2582
vn -0.1890 -0.9636 0.1890
vn -0.2582 -0.9636 0.0692
vn -0.6947 -0.6948 0.1861
vn -0.6947 -0.6948 0.1862
vn -0.9351 -0.2505 0.2506
vn -0.9351 -0.2506 0.2506
vn -0.1861 -0.6948 0.6947
vn -0.1862 -0.6947 0.6947
vn -0.5086 -0.6948 0.5086
vn -0.5086 -0.6947 0.5086
vn -0.2506 -0.2506 0.9351
vn -0.6845 -0.2506 0.6845
vn -0.6846 -0.2506 0.6846
vn -0.2588 -0.0000 0.9659
vn -0.7071 -0.0000 0.7071
vn -0.9659 -0.0000 0.2588
vn -0.0410 -0.2586 0.9651
vn -0.1189 -0.2333 0.9651
vn -0.1851 -0.1851 0.9651
vn -0.2333 -0.1189 0.9651
vn -0.2586 -0.0410 0.9651
vn -0.7027 -0.1113 0.7027
vn -0.9548 -0.1512 0.2558
vn -0.9387 -0.1867 0.2899
vn -0.8670 -0.4418 0.2306
vn -0.7912 -0.5287 0.3074
vn -0.6895 -0.6895 0.2220
vn -0.5287 -0.7912 0.3074
vn -0.4418 -0.8670 0.2306
vn -0.1867 -0.9387 0.2899
vn -0.1512 -0.9548 0.2558
vn -0.1113 -0.7027 0.7027
vn -0.3230 -0.6339 0.7027
vn -0.5031 -0.5031 0.7027
vn -0.6339 -0.3230 0.7027
vn -0.0000 -0.2588 0.9659
vn -0.0000 -0.7071 0.7071
vn -0.0000 -0.9659 0.2588
vn 0.2586 -0.0410 0.9651
vn 0.2333 -0.1189 0.9651
vn 0.1851 -0.1851 0.9651
vn 0.1189 -0.2333 0.9651
vn 0.0410 -0.2586 0.9651
vn 0.1113 -0.7027 0.7027
vn 0.1512 -0.9548 0.2558
vn 0.1867 -0.9387 0.2899
vn 0.4418 -0.8670 0.2306
vn 0.5287 -0.7912 0.3074
vn 0.6895 -0.6895 0.2220
vn 0.7912 -0.5287 0.3074
vn 0.8670 -0.4418 0.2306
vn 0.9387 -0.1867 0.2899
vn 0.9548 -0.1512 0.2558
vn 0.7027 -0.1113 0.7027
vn 0.6339 -0.3230 0.7027
vn 0.5031 -0.5031 0.7027
vn 0.3230 -0.6339 0.7027
vn 0.2588 -0.0000 0.9659
vn 0.7071 -0.0000 0.7071
vn 0.9659 -0.0000 0.2588
vn -0.0000 -0.0000 1.0000
vn -0.0000 -1.0000 -0.0000
vn 0.6947 -0.6947 0.1862
vn 0.9646 -0.0803 0.2513
vn 0.9626 0.2579 0.0833
vn 0.8392 0.4879 0.2401
vn 0.7025 0.7025 0.1142
vn 0.6420 0.7510 0.1542
vn 0.2524 0.9419 0.2218
vn 0.2070 0.9402 0.2704
vn 0.2890 0.8325 0.4727
vn 0.1388 0.6767 0.7230
vn 0.2562 0.5459 0.7977
vn -0.0213 0.2877 0.9575
vn 0.1483 0.1555 0.9767
vn 0.0133 0.0206 0.9997
vn -0.4138 0.3618 0.8354
vn 0.7089 -0.0108 0.7053
vn 0.5989 0.2148 0.7715
vn 0.3177 -0.1120 0.9415
vn 0.2358 0.0676 0.9694
vn 0.1604 0.1378 0.9774
vn 0.1229 0.1753 0.9768
vn 0.8856 0.1511 0.4391
vn 0.0286 0.0054 0.9996
vn 0.3924 -0.7567 0.5230
vn 0.7786 0.4279 0.4591
vn 0.5546 0.6645 0.5008
vn 0.5631 0.6593 0.4983
vn 0.3663 0.4607 0.8085
vn 0.3913 0.4428 0.8067
vn 0.4944 0.3288 0.8046
vn 0.5727 0.2698 0.7741
vn 0.7504 0.4433 0.4903
vn 0.0803 0.9646 0.2513
vn -0.2579 0.9626 0.0833
vn -0.4879 0.8392 0.2401
vn -0.7025 0.7025 0.1142
vn -0.7510 0.6420 0.1542
vn -0.9419 0.2524 0.2218
vn -0.9402 0.2070 0.2704
vn -0.8325 0.2890 0.4727
vn -0.6767 0.1388 0.7230
vn -0.5459 0.2562 0.7977
vn -0.2877 -0.0213 0.9575
vn -0.1555 0.1480 0.9767
vn -0.0208 0.0132 0.9997
vn -0.3618 -0.4139 0.8353
vn 0.0108 0.7089 0.7053
vn -0.2148 0.5989 0.7715
vn 0.1120 0.3178 0.9415
vn -0.0676 0.2358 0.9694
vn -0.1378 0.1606 0.9773
vn -0.1752 0.1229 0.9768
vn -0.1511 0.8856 0.4391
vn -0.0055 0.0285 0.9996
vn 0.7568 0.3924 0.5228
vn -0.4279 0.7786 0.4591
vn -0.6645 0.5546 0.5008
vn -0.6593 0.5630 0.4983
vn -0.4607 0.3664 0.8084
vn -0.4428 0.3913 0.8067
vn -0.3288 0.4944 0.8047
vn -0.2698 0.5728 0.7740
vn -0.4433 0.7504 0.4903
vn -0.0000 0.2588 0.9659
vn -0.0000 0.7071 0.7071
vn -0.0000 0.9659 0.2588
vn 0.9659 -0.2588 -0.0000
vn 0.7071 -0.7071 -0.0000
vn 0.2588 -0.9659 -0.0000
vn 0.1609 -0.9759 -0.1477
vn 0.1652 -0.8303 -0.5323
vn 0.4349 -0.8073 0.3989
vn 0.1809 -0.2708 -0.9455
vn 0.6468 -0.7612 -0.0474
vn 0.7881 -0.6137 -0.0477
vn 0.7330 -0.5624 -0.3827
vn 0.7184 -0.5582 -0.4151
vn 0.6064 -0.4487 -0.6565
vn 0.5796 -0.4499 -0.6795
vn 0.4615 -0.3320 -0.8227
vn 0.4364 -0.3352 -0.8350
vn 0.3311 -0.2300 -0.9151
vn 0.3065 -0.2375 -0.9218
vn 0.1432 -0.0750 -0.9868
vn 0.3748 -0.2504 -0.8927
vn 0.8517 -0.3986 0.3400
vn 0.8778 -0.3698 -0.3044
vn 0.8404 -0.3687 -0.3972
vn 0.7523 -0.2841 -0.5944
vn 0.6755 -0.2903 -0.6778
vn 0.5901 -0.2052 -0.7808
vn 0.5134 -0.2113 -0.8318
vn 0.4372 -0.1357 -0.8891
vn 0.3585 -0.1518 -0.9211
vn 0.2222 -0.0175 -0.9749
vn 0.8033 -0.1598 -0.5738
vn 0.9783 -0.1490 -0.1440
vn 0.9681 -0.1298 -0.2145
vn 0.9069 -0.1282 -0.4015
vn 0.8712 -0.0935 -0.4819
vn 0.7030 -0.1074 -0.7030
vn 0.6952 -0.0819 -0.7141
vn 0.4770 -0.0338 -0.8782
vn 0.3837 -0.1379 -0.9131
vn 0.3538 0.0517 -0.9339
vn -0.0488 -0.3450 -0.9373
vn 0.0753 -0.3731 -0.9247
vn 0.0500 -0.5342 -0.8439
vn 0.0903 -0.6907 -0.7175
vn 0.2073 -0.5331 -0.8203
vn 0.3627 -0.6879 -0.6288
vn 0.4729 -0.5760 -0.6667
vn 0.5984 -0.7029 -0.3844
vn 0.1110 -0.6979 -0.7075
vn 0.1046 -0.8679 -0.4856
vn 0.2927 -0.6857 -0.6664
vn 0.4372 -0.8359 -0.3319
vn 0.5904 -0.7018 -0.3987
vn 0.1375 -0.9020 -0.4091
vn 0.1438 -0.9663 -0.2137
vn 0.3982 -0.8222 -0.4068
vn 0.0869 -0.1315 -0.9875
vn 0.4876 -0.5721 -0.6595
vn 0.3515 -0.4362 -0.8284
vn 0.3649 -0.4311 -0.8252
vn 0.2453 -0.3114 -0.9181
vn 0.2586 -0.3036 -0.9170
vn 0.1381 -0.3937 -0.9088
vn 0.2702 -0.5261 -0.8064
vn 0.1952 -0.3703 -0.9082
vn 0.0288 -0.2025 -0.9789
vn 0.1951 -0.9808 -0.0000
vn 0.5556 -0.8315 -0.0000
vn 0.8315 -0.5556 -0.0000
vn 0.9808 -0.1951 -0.0000
vn -0.0000 -0.9952 -0.0981
vn -0.0000 -0.9952 -0.0980
vn -0.0000 -0.9570 -0.2902
vn -0.0000 -0.9569 -0.2903
vn -0.0000 -0.8315 -0.5556
vn -0.0000 -0.8315 -0.5555
vn -0.0000 -0.5556 -0.8315
vn -0.0000 -0.1951 -0.9808
vn -0.9759 -0.1609 -0.1476
vn -0.8302 -0.1651 -0.5324
vn -0.8072 -0.4349 0.3990
vn -0.2707 -0.1809 -0.9455
vn -0.7612 -0.6468 -0.0478
vn -0.6136 -0.7882 -0.0477
vn -0.5623 -0.7330 -0.3828
vn -0.5583 -0.7184 -0.4150
vn -0.4487 -0.6064 -0.6565
vn -0.4499 -0.5795 -0.6795
vn -0.3320 -0.4615 -0.8227
vn -0.3352 -0.4364 -0.8350
vn -0.2300 -0.3311 -0.9151
vn -0.2375 -0.3065 -0.9218
vn -0.0750 -0.1432 -0.9868
vn -0.2504 -0.3748 -0.8926
vn -0.3986 -0.8517 0.3401
vn -0.3698 -0.8778 -0.3044
vn -0.3687 -0.8404 -0.3972
vn -0.2841 -0.7523 -0.5944
vn -0.2903 -0.6755 -0.6778
vn -0.2052 -0.5901 -0.7808
vn -0.2113 -0.5133 -0.8318
vn -0.1357 -0.4372 -0.8891
vn -0.1518 -0.3585 -0.9211
vn -0.0175 -0.2222 -0.9749
vn -0.1598 -0.8033 -0.5737
vn -0.1490 -0.9783 -0.1441
vn -0.1298 -0.9681 -0.2145
vn -0.1282 -0.9068 -0.4015
vn -0.0935 -0.8712 -0.4819
vn -0.1074 -0.7030 -0.7030
vn -0.0818 -0.6952 -0.7141
vn -0.0338 -0.4770 -0.8782
vn -0.1379 -0.3837 -0.9131
vn 0.0517 -0.3538 -0.9339
vn -0.3450 0.0488 -0.9373
vn -0.3732 -0.0753 -0.9247
vn -0.5342 -0.0500 -0.8439
vn -0.6907 -0.0903 -0.7175
vn -0.5331 -0.2073 -0.8202
vn -0.6878 -0.3627 -0.6288
vn -0.5760 -0.4729 -0.6667
vn -0.7029 -0.5984 -0.3845
vn -0.6980 -0.1110 -0.7075
vn -0.8679 -0.1046 -0.4856
vn -0.6857 -0.2927 -0.6664
vn -0.8358 -0.4372 -0.3320
vn -0.7018 -0.5904 -0.3987
vn -0.9020 -0.1375 -0.4092
vn -0.9663 -0.1438 -0.2137
vn -0.8222 -0.3982 -0.4068
vn -0.1315 -0.0869 -0.9875
vn -0.5721 -0.4876 -0.6595
vn -0.4362 -0.3515 -0.8284
vn -0.4311 -0.3649 -0.8252
vn -0.3114 -0.2453 -0.9181
vn -0.3036 -0.2586 -0.9170
vn -0.3937 -0.1381 -0.9088
vn -0.5261 -0.2702 -0.8064
vn -0.3703 -0.1952 -0.9082
vn -0.2025 -0.0288 -0.9789
vn -0.9808 -0.1951 -0.0000
vn -0.8315 -0.5556 -0.0000
vn -0.5556 -0.8315 -0.0000
vn -0.1951 -0.9808 -0.0000
vn -1.0000 -0.0000 -0.0000
vn -0.9952 -0.0000 -0.0980
vn -0.9659 -0.0022 -0.2588
vn -0.9565 -0.0015 -0.2916
vn -0.8326 0.0012 -0.5538
vn -0.7071 -0.0022 -0.7071
vn -0.5580 0.0011 -0.8299
vn -0.2588 -0.0016 -0.9659
vn -0.1951 -0.0000 -0.9808
vn -0.1056 -0.2574 -0.9605
vn -0.2222 -0.2222 -0.9493
vn -0.2574 -0.1056 -0.9605
vn -0.7067 -0.0322 -0.7068
vn -0.7240 -0.1719 -0.6681
vn -0.9452 -0.2060 -0.2533
vn -0.9430 -0.2527 -0.2164
vn -0.6786 -0.6786 -0.2812
vn -0.2527 -0.9430 -0.2164
vn -0.2060 -0.9452 -0.2533
vn -0.1719 -0.7240 -0.6681
vn -0.0322 -0.7068 -0.7067
vn -0.4979 -0.4979 -0.7101
vn -0.2588 -0.9659 -0.0000
vn -0.7071 -0.7071 -0.0000
vn -0.9659 -0.2588 -0.0000
vn 0.9430 -0.2164 -0.2527
vn 0.9452 -0.2533 -0.2060
vn 0.7240 -0.6681 -0.1719
vn 0.7067 -0.7067 -0.0323
vn 0.2574 -0.9605 -0.1057
vn 0.2222 -0.9493 -0.2222
vn 0.1056 -0.9605 -0.2574
vn 0.0322 -0.7067 -0.7067
vn 0.1719 -0.6681 -0.7240
vn 0.2060 -0.2533 -0.9452
vn 0.2527 -0.2164 -0.9430
vn 0.6786 -0.2812 -0.6786
vn 0.4979 -0.7101 -0.4979
vn -0.0000 -0.2588 -0.9659
vn -0.0000 -0.7071 -0.7071
vn -0.0000 -0.9659 -0.2589
vn -0.0000 -0.9659 -0.2588
vn 0.2574 -0.1056 -0.9605
vn 0.2222 -0.2222 -0.9493
vn 0.1056 -0.2574 -0.9605
vn 0.0322 -0.7068 -0.7067
vn 0.1719 -0.7240 -0.6681
vn 0.2060 -0.9452 -0.2533
vn 0.2527 -0.9430 -0.2164
vn 0.6786 -0.6786 -0.2812
vn 0.9430 -0.2527 -0.2164
vn 0.9452 -0.2060 -0.2533
vn 0.7240 -0.1719 -0.6681
vn 0.7067 -0.0322 -0.7068
vn 0.4979 -0.4979 -0.7101
vn -0.2527 -0.2164 -0.9430
vn -0.2060 -0.2533 -0.9452
vn -0.1719 -0.6681 -0.7240
vn -0.0322 -0.7067 -0.7067
vn -0.1056 -0.9605 -0.2574
vn -0.2222 -0.9493 -0.2222
vn -0.2574 -0.9605 -0.1057
vn -0.7067 -0.7067 -0.0323
vn -0.7240 -0.6681 -0.1719
vn -0.9452 -0.2533 -0.2060
vn -0.9430 -0.2164 -0.2527
vn -0.6786 -0.2812 -0.6786
vn -0.4979 -0.7101 -0.4979
vn -0.9659 -0.0000 -0.2588
vn -0.7071 -0.0000 -0.7071
vn -0.2588 -0.0000 -0.9659
vn 0.9641 0.0607 -0.2583
vn 0.9489 0.1810 -0.2583
vn 0.9188 0.2985 -0.2583
vn 0.8741 0.4113 -0.2583
vn 0.8157 0.5176 -0.2583
vn 0.7444 0.6158 -0.2583
vn 0.6613 0.7042 -0.2583
vn 0.5678 0.7816 -0.2583
vn 0.4654 0.8466 -0.2583
vn 0.3556 0.8982 -0.2583
vn 0.2402 0.9357 -0.2583
vn 0.1211 0.9584 -0.2584
vn 0.1211 0.9584 -0.2583
vn -0.0000 0.9661 -0.2584
vn -0.0000 0.9661 -0.2583
vn -0.1211 0.9584 -0.2583
vn -0.2402 0.9357 -0.2583
vn -0.3556 0.8982 -0.2583
vn -0.4654 0.8466 -0.2583
vn -0.5678 0.7816 -0.2583
vn -0.6613 0.7042 -0.2583
vn -0.7444 0.6158 -0.2583
vn -0.8157 0.5176 -0.2583
vn -0.8741 0.4113 -0.2583
vn -0.9188 0.2985 -0.2583
vn -0.9489 0.1810 -0.2583
vn -0.9641 0.0607 -0.2583
vn -0.7064 0.0444 -0.7064
vn -0.2588 0.0163 -0.9658
vn 0.7064 0.0444 -0.7064
vn 0.6953 0.1326 -0.7064
vn 0.6732 0.2187 -0.7064
vn 0.6404 0.3014 -0.7064
vn 0.5976 0.3793 -0.7064
vn 0.5454 0.4512 -0.7064
vn 0.4845 0.5160 -0.7064
vn 0.4160 0.5726 -0.7064
vn 0.3410 0.6203 -0.7064
vn 0.2606 0.6581 -0.7064
vn 0.1760 0.6856 -0.7064
vn 0.0887 0.7022 -0.7064
vn -0.0000 0.7078 -0.7064
vn -0.0887 0.7022 -0.7064
vn -0.1760 0.6856 -0.7064
vn -0.2606 0.6581 -0.7064
vn -0.3410 0.6203 -0.7064
vn -0.4160 0.5726 -0.7064
vn -0.4845 0.5160 -0.7064
vn -0.5454 0.4512 -0.7064
vn -0.5976 0.3793 -0.7064
vn -0.6404 0.3014 -0.7064
vn -0.6732 0.2187 -0.7064
vn -0.6953 0.1326 -0.7064
vn 0.2588 0.0163 -0.9658
vn 0.2547 0.0486 -0.9658
vn 0.2466 0.0801 -0.9658
vn 0.2346 0.1104 -0.9658
vn 0.2189 0.1389 -0.9658
vn 0.1998 0.1653 -0.9658
vn 0.1775 0.1890 -0.9658
vn 0.1524 0.2098 -0.9658
vn 0.1249 0.2272 -0.9658
vn 0.0955 0.2411 -0.9658
vn 0.0645 0.2512 -0.9658
vn 0.0645 0.2511 -0.9658
vn 0.0325 0.2573 -0.9658
vn 0.0325 0.2572 -0.9658
vn -0.0000 0.2593 -0.9658
vn -0.0325 0.2572 -0.9658
vn -0.0325 0.2573 -0.9658
vn -0.0645 0.2512 -0.9658
vn -0.0955 0.2411 -0.9658
vn -0.1249 0.2272 -0.9658
vn -0.1524 0.2098 -0.9658
vn -0.1775 0.1890 -0.9658
vn -0.1998 0.1653 -0.9658
vn -0.2189 0.1389 -0.9658
vn -0.2346 0.1104 -0.9658
vn -0.2466 0.0801 -0.9658
vn -0.2547 0.0486 -0.9658
vn 0.9659 -0.0000 -0.2588
vn 0.7071 -0.0000 -0.7071
vn 0.2588 -0.0000 -0.9659
vn 0.1951 -0.0000 -0.9808
vn 0.2588 -0.0016 -0.9659
vn 0.5580 0.0011 -0.8299
vn 0.7071 -0.0022 -0.7071
vn 0.8326 0.0012 -0.5538
vn 0.9565 -0.0015 -0.2916
vn 0.9952 -0.0000 -0.0980
vn 0.9659 -0.0022 -0.2588
vn 1.0000 -0.0000 -0.0000
vn 0.9980 0.0628 -0.0000
vn 0.9823 0.1874 -0.0000
vn 0.9511 0.3090 -0.0000
vn 0.9048 0.4258 -0.0000
vn 0.8443 0.5358 -0.0000
vn 0.7705 0.6374 -0.0000
vn 0.6845 0.7290 -0.0000
vn 0.5878 0.8090 -0.0000
vn 0.4818 0.8763 -0.0000
vn 0.3681 0.9298 -0.0000
vn 0.2487 0.9686 -0.0000
vn 0.1253 0.9921 -0.0000
vn -0.0000 1.0000 -0.0000
vn -0.1253 0.9921 -0.0000
vn -0.2487 0.9686 -0.0000
vn -0.3681 0.9298 -0.0000
vn -0.4818 0.8763 -0.0000
vn -0.5878 0.8090 -0.0000
vn -0.6845 0.7290 -0.0000
vn -0.7705 0.6374 -0.0000
vn -0.8443 0.5358 -0.0000
vn -0.9048 0.4258 -0.0000
vn -0.9511 0.3090 -0.0000
vn -0.9823 0.1874 -0.0000
vn -0.9980 0.0628 -0.0000
vn -0.0000 -0.0000 -1.0000
vn 0.6621 0.1944 -0.7238
vn 0.6966 0.1717 -0.6966
vn 0.6966 -0.1717 -0.6966
vn 0.5523 0.4893 -0.6750
vn 0.4392 0.5068 -0.7418
vn 0.2657 0.7007 -0.6621
vn 0.0943 0.6558 -0.7490
vn -0.0906 0.7462 -0.6595
vn -0.2763 0.6051 -0.7467
vn -0.4231 0.6129 -0.6674
vn -0.5711 0.3670 -0.7342
vn -0.6452 0.3386 -0.6848
vn -0.7042 -0.0000 -0.7100
vn -0.6452 -0.3386 -0.6848
vn -0.5711 -0.3670 -0.7342
vn -0.4231 -0.6129 -0.6674
vn -0.2763 -0.6051 -0.7467
vn -0.0906 -0.7462 -0.6595
vn 0.0943 -0.6558 -0.7490
vn 0.2657 -0.7007 -0.6621
vn 0.4392 -0.5068 -0.7418
vn 0.5523 -0.4893 -0.6750
vn 0.6621 -0.1944 -0.7238
vn -0.9595 -0.2817 -0.0047
vn -1.0000 -0.0000 0.0047
vn -0.9595 0.2817 -0.0047
vn -0.8412 0.5406 0.0047
vn -0.6549 0.7557 -0.0047
vn -0.4154 0.9096 0.0047
vn -0.1423 0.9898 -0.0047
vn 0.1423 0.9898 0.0047
vn 0.4154 0.9096 -0.0047
vn 0.6549 0.7557 0.0047
vn 0.8412 0.5406 -0.0047
vn 0.9595 0.2817 0.0047
vn 1.0000 -0.0000 -0.0047
vn 0.9595 -0.2817 0.0047
vn 0.8412 -0.5406 -0.0047
vn 0.6549 -0.7557 0.0047
vn 0.4154 -0.9096 -0.0047
vn 0.1423 -0.9898 0.0047
vn -0.1423 -0.9898 -0.0047
vn -0.4154 -0.9096 0.0047
vn -0.6549 -0.7557 -0.0047
vn -0.8412 -0.5406 0.0047
vn -0.6621 0.1944 0.7238
vn -0.6966 0.1717 0.6966
vn -0.6966 -0.1717 0.6966
vn -0.5523 0.4893 0.6750
vn -0.4392 0.5068 0.7418
vn -0.2657 0.7007 0.6621
vn -0.0943 0.6558 0.7490
vn 0.0906 0.7462 0.6595
vn 0.2763 0.6051 0.7467
vn 0.4231 0.6129 0.6674
vn 0.5711 0.3670 0.7342
vn 0.6452 0.3386 0.6848
vn 0.7042 -0.0000 0.7100
vn 0.6452 -0.3386 0.6848
vn 0.5711 -0.3670 0.7342
vn 0.4231 -0.6129 0.6674
vn 0.2763 -0.6051 0.7467
vn 0.0906 -0.7462 0.6595
vn -0.0943 -0.6558 0.7490
vn -0.2657 -0.7007 0.6621
vn -0.4392 -0.5068 0.7418
vn -0.5523 -0.4893 0.6750
vn -0.6621 -0.1944 0.7238
vn -0.0000 -0.2817 -0.9595
vn -0.0000 0.2817 -0.9595
vn -0.0000 0.7557 -0.6549
vn -0.0000 -0.7557 -0.6549
vn -0.0000 -0.9898 -0.1423
vn -0.0000 -0.9096 0.4154
vn -0.0000 -0.5406 0.8413
vn -0.0000 0.5406 0.8413
vn -0.0000 0.9096 0.4154
vn -0.0000 0.9898 -0.1423
vn -0.0000 0.3420 0.9397
vn -0.0000 -0.3420 0.9397
vn -0.0000 -0.8660 0.5000
vn -0.0000 -0.9848 -0.1737
vn -0.0000 -0.9848 -0.1736
vn -0.0000 -0.6428 -0.7661
vn -0.0000 -0.6428 -0.7660
vn -0.0000 0.6428 -0.7660
vn -0.0000 0.6428 -0.7661
vn -0.0000 0.9848 -0.1736
vn -0.0000 0.9848 -0.1737
vn -0.0000 0.8660 0.5000
vn -0.0000 -0.7558 -0.6549
vn -0.0000 0.7558 -0.6549
vn 0.2588 0.9659 -0.0000
vn 0.7071 0.7071 -0.0000
vn 0.9659 0.2588 -0.0000
vn 0.9632 0.0176 0.2681
vn 0.9658 0.0157 0.2588
vn 0.7065 0.0427 0.7065
vn 0.2584 0.0583 0.9643
vn 0.2909 0.0626 0.9547
vn 0.2279 0.1755 0.9577
vn 0.3173 0.1850 0.9301
vn 0.2024 0.2913 0.9350
vn 0.3379 0.3025 0.8912
vn 0.1823 0.4035 0.8966
vn 0.3530 0.4138 0.8391
vn 0.1678 0.5100 0.8437
vn 0.3630 0.5177 0.7748
vn 0.1590 0.6089 0.7772
vn 0.3679 0.6131 0.6991
vn 0.1561 0.6984 0.6984
vn 0.3679 0.6991 0.6131
vn 0.1590 0.7772 0.6089
vn 0.3630 0.7748 0.5177
vn 0.1677 0.8437 0.5100
vn 0.3530 0.8391 0.4138
vn 0.1823 0.8966 0.4035
vn 0.3379 0.8912 0.3025
vn 0.2024 0.9350 0.2913
vn 0.3173 0.9301 0.1850
vn 0.2279 0.9577 0.1755
vn 0.2909 0.9547 0.0626
vn 0.2584 0.9643 0.0583
vn 0.7065 0.7065 0.0427
vn 0.7065 0.6962 0.1276
vn 0.7065 0.6757 0.2106
vn 0.7065 0.6454 0.2905
vn 0.7065 0.6057 0.3661
vn 0.7065 0.5571 0.4365
vn 0.7065 0.5005 0.5005
vn 0.7065 0.5004 0.5005
vn 0.7065 0.4365 0.5571
vn 0.7065 0.3662 0.6057
vn 0.7065 0.3661 0.6057
vn 0.7065 0.2905 0.6454
vn 0.7065 0.2106 0.6757
vn 0.7065 0.1276 0.6962
vn 0.9658 0.2588 0.0157
vn 0.9632 0.2681 0.0176
vn 0.9679 0.2470 0.0453
vn 0.9609 0.2716 0.0540
vn 0.9696 0.2338 0.0728
vn 0.9589 0.2688 0.0912
vn 0.9707 0.2190 0.0986
vn 0.9572 0.2595 0.1280
vn 0.9715 0.2028 0.1226
vn 0.9561 0.2437 0.1628
vn 0.9720 0.1850 0.1449
vn 0.9555 0.2218 0.1945
vn 0.9721 0.1658 0.1657
vn 0.9555 0.1945 0.2218
vn 0.9720 0.1449 0.1850
vn 0.9561 0.1628 0.2437
vn 0.9715 0.1226 0.2028
vn 0.9572 0.1280 0.2595
vn 0.9707 0.0986 0.2190
vn 0.9589 0.0912 0.2688
vn 0.9696 0.0729 0.2338
vn 0.9609 0.0540 0.2716
vn 0.9679 0.0453 0.2470
vn -0.9641 0.0607 0.2583
vn -0.9489 0.1810 0.2583
vn -0.9188 0.2985 0.2583
vn -0.8741 0.4113 0.2583
vn -0.8157 0.5176 0.2583
vn -0.7444 0.6158 0.2583
vn -0.6613 0.7042 0.2583
vn -0.5678 0.7816 0.2583
vn -0.4654 0.8466 0.2583
vn -0.3556 0.8982 0.2583
vn -0.2402 0.9357 0.2583
vn -0.1211 0.9584 0.2584
vn -0.1211 0.9584 0.2583
vn -0.0000 0.9661 0.2584
vn -0.0000 0.9661 0.2583
vn 0.1211 0.9584 0.2583
vn 0.2402 0.9357 0.2583
vn 0.3556 0.8982 0.2583
vn 0.4654 0.8466 0.2583
vn 0.5678 0.7816 0.2583
vn 0.6613 0.7042 0.2583
vn 0.7444 0.6158 0.2583
vn 0.8157 0.5176 0.2583
vn 0.8741 0.4113 0.2583
vn 0.9188 0.2985 0.2583
vn 0.9489 0.1810 0.2583
vn 0.9641 0.0607 0.2583
vn 0.7064 0.0444 0.7064
vn 0.2588 0.0163 0.9658
vn -0.7064 0.0444 0.7064
vn -0.6953 0.1326 0.7064
vn -0.6732 0.2187 0.7064
vn -0.6404 0.3014 0.7064
vn -0.5976 0.3793 0.7064
vn -0.5454 0.4512 0.7064
vn -0.4845 0.5160 0.7064
vn -0.4160 0.5726 0.7064
vn -0.3410 0.6203 0.7064
vn -0.2606 0.6581 0.7064
vn -0.1760 0.6856 0.7064
vn -0.0887 0.7022 0.7064
vn -0.0000 0.7078 0.7064
vn 0.0887 0.7022 0.7064
vn 0.1760 0.6856 0.7064
vn 0.2606 0.6581 0.7064
vn 0.3410 0.6203 0.7064
vn 0.4160 0.5726 0.7064
vn 0.4845 0.5160 0.7064
vn 0.5454 0.4512 0.7064
vn 0.5976 0.3793 0.7064
vn 0.6404 0.3014 0.7064
vn 0.6732 0.2187 0.7064
vn 0.6953 0.1326 0.7064
vn -0.2588 0.0163 0.9658
vn -0.2547 0.0486 0.9658
vn -0.2466 0.0801 0.9658
vn -0.2346 0.1104 0.9658
vn -0.2189 0.1389 0.9658
vn -0.1998 0.1653 0.9658
vn -0.1775 0.1890 0.9658
vn -0.1524 0.2098 0.9658
vn -0.1249 0.2272 0.9658
vn -0.0955 0.2411 0.9658
vn -0.0645 0.2512 0.9658
vn -0.0325 0.2573 0.9658
vn -0.0325 0.2572 0.9658
vn -0.0000 0.2593 0.9658
vn 0.0325 0.2572 0.9658
vn 0.0325 0.2573 0.9658
vn 0.0645 0.2512 0.9658
vn 0.0955 0.2411 0.9658
vn 0.1249 0.2272 0.9658
vn 0.1524 0.2098 0.9658
vn 0.1775 0.1890 0.9658
vn 0.1998 0.1653 0.9658
vn 0.2189 0.1389 0.9658
vn 0.2346 0.1104 0.9658
vn 0.2466 0.0801 0.9658
vn 0.2547 0.0486 0.9658
vn -0.9632 0.2681 0.0176
vn -0.9658 0.2588 0.0157
vn -0.7065 0.7065 0.0427
vn -0.2584 0.9643 0.0583
vn -0.2909 0.9547 0.0626
vn -0.2279 0.9577 0.1755
vn -0.3173 0.9301 0.1850
vn -0.2024 0.9350 0.2913
vn -0.3379 0.8912 0.3025
vn -0.1823 0.8966 0.4035
vn -0.3530 0.8391 0.4138
vn -0.1677 0.8437 0.5100
vn -0.3630 0.7748 0.5177
vn -0.1590 0.7772 0.6089
vn -0.3679 0.6991 0.6131
vn -0.1561 0.6984 0.6984
vn -0.3679 0.6131 0.6991
vn -0.1590 0.6089 0.7772
vn -0.3630 0.5177 0.7748
vn -0.1677 0.5100 0.8437
vn -0.3530 0.4138 0.8391
vn -0.1823 0.4035 0.8966
vn -0.3379 0.3025 0.8912
vn -0.2024 0.2913 0.9350
vn -0.3173 0.1850 0.9301
vn -0.2279 0.1755 0.9577
vn -0.2909 0.0626 0.9547
vn -0.2584 0.0583 0.9643
vn -0.7065 0.0427 0.7065
vn -0.7065 0.1276 0.6962
vn -0.7065 0.2106 0.6757
vn -0.7065 0.2905 0.6454
vn -0.7065 0.3662 0.6057
vn -0.7065 0.3661 0.6057
vn -0.7065 0.4365 0.5571
vn -0.7065 0.5005 0.5005
vn -0.7065 0.5004 0.5005
vn -0.7065 0.5571 0.4365
vn -0.7065 0.6057 0.3661
vn -0.7065 0.6454 0.2905
vn -0.7065 0.6757 0.2106
vn -0.7065 0.6962 0.1276
vn -0.9658 0.0157 0.2588
vn -0.9632 0.0176 0.2681
vn -0.9679 0.0453 0.2470
vn -0.9609 0.0540 0.2716
vn -0.9696 0.0729 0.2338
vn -0.9589 0.0912 0.2688
vn -0.9707 0.0986 0.2190
vn -0.9572 0.1280 0.2595
vn -0.9715 0.1226 0.2028
vn -0.9561 0.1628 0.2437
vn -0.9720 0.1449 0.1850
vn -0.9555 0.1945 0.2218
vn -0.9721 0.1658 0.1657
vn -0.9555 0.2218 0.1945
vn -0.9720 0.1850 0.1449
vn -0.9561 0.2437 0.1628
vn -0.9715 0.2028 0.1226
vn -0.9572 0.2595 0.1280
vn -0.9707 0.2190 0.0986
vn -0.9589 0.2688 0.0912
vn -0.9696 0.2338 0.0728
vn -0.9609 0.2716 0.0540
vn -0.9679 0.2470 0.0453
vn -0.9659 0.2588 -0.0000
vn -0.7071 0.7071 -0.0000
vn -0.2588 0.9659 -0.0000
vn 0.0024 0.0654 0.9979
vn 0.0016 0.0536 0.9986
vn -0.0000 0.0178 0.9998
vn -0.0000 0.1951 0.9808
vn -0.0000 0.1054 0.9944
vn -0.0007 0.0912 0.9958
vn -0.0015 0.0770 0.9970
vn -0.0024 0.0654 0.9979
vn -0.0016 0.0536 0.9986
vn -0.0000 0.3214 0.9469
vn -0.0000 0.4423 0.8969
vn -0.0000 0.5556 0.8315
vn -0.0000 0.6593 0.7518
vn -0.0000 0.7518 0.6593
vn -0.0000 0.8315 0.5556
vn -0.0000 0.8969 0.4423
vn -0.0000 0.9469 0.3214
vn -0.0000 0.9808 0.1951
vn -0.0000 0.9979 0.0654
vn 0.0007 0.0912 0.9958
vn 0.0015 0.0770 0.9970
vn 0.6783 -0.0521 0.7329
vn 0.7354 0.0350 0.6768
vn 0.6777 0.0520 0.7335
vn 0.7222 0.1463 0.6760
vn 0.6611 0.1547 0.7341
vn 0.6923 0.2544 0.6752
vn 0.6292 0.2536 0.7347
vn 0.6463 0.3569 0.6745
vn 0.5826 0.3463 0.7353
vn 0.5852 0.4512 0.6738
vn 0.5224 0.4308 0.7359
vn 0.5104 0.5352 0.6731
vn 0.4501 0.5051 0.7364
vn 0.4236 0.6070 0.6724
vn 0.3674 0.5674 0.7370
vn 0.3269 0.6648 0.6717
vn 0.2763 0.6163 0.7375
vn 0.2224 0.7073 0.6710
vn 0.1788 0.6507 0.7380
vn 0.1126 0.7334 0.6704
vn 0.0773 0.6698 0.7385
vn -0.0000 0.7426 0.6697
vn -0.0258 0.6732 0.7390
vn -0.1128 0.7346 0.6691
vn -0.1282 0.6609 0.7395
vn -0.2231 0.7095 0.6685
vn -0.2274 0.6331 0.7399
vn -0.3284 0.6679 0.6679
vn -0.3211 0.5905 0.7404
vn -0.4263 0.6108 0.6673
vn -0.4072 0.5342 0.7408
vn -0.5143 0.5394 0.6667
vn -0.4837 0.4655 0.7412
vn -0.5906 0.4554 0.6661
vn -0.5487 0.3859 0.7416
vn -0.6533 0.3607 0.6656
vn -0.6008 0.2975 0.7420
vn -0.7009 0.2576 0.6651
vn -0.6387 0.2021 0.7424
vn -0.7324 0.1483 0.6646
vn -0.6617 0.1022 0.7428
vn -0.7468 0.0355 0.6641
vn -0.6691 -0.0000 0.7432
vn -0.7440 -0.0783 0.6636
vn -0.6609 -0.1021 0.7435
vn -0.7239 -0.1903 0.6631
vn -0.6372 -0.2017 0.7438
vn -0.6870 -0.2982 0.6626
vn -0.5986 -0.2964 0.7442
vn -0.6342 -0.3992 0.6622
vn -0.5461 -0.3841 0.7445
vn -0.5665 -0.4910 0.6618
vn -0.4808 -0.4627 0.7448
vn -0.4857 -0.5716 0.6614
vn -0.4043 -0.5304 0.7451
vn -0.3935 -0.6389 0.6610
vn -0.3185 -0.5857 0.7454
vn -0.2972 -0.6737 0.6766
vn -0.2239 -0.6234 0.7492
vn -0.2131 -0.7009 0.6807
vn -0.1284 -0.6621 0.7384
vn -0.1238 -0.6953 0.7079
vn -0.0414 -0.7085 0.7045
vn 0.7315 -0.0769 0.6775
vn 0.6631 -0.1552 0.7323
vn 0.7106 -0.1868 0.6783
vn 0.6323 -0.2548 0.7316
vn 0.6734 -0.2922 0.6791
vn 0.5866 -0.3487 0.7310
vn 0.6206 -0.3906 0.6799
vn 0.5270 -0.4346 0.7303
vn 0.5535 -0.4797 0.6808
vn 0.4550 -0.5106 0.7296
vn 0.4738 -0.5576 0.6816
vn 0.3721 -0.5747 0.7289
vn 0.3833 -0.6224 0.6824
vn 0.2804 -0.6254 0.7282
vn 0.2813 -0.6362 0.7184
vn 0.2093 -0.6869 0.6960
vn 0.1766 -0.6427 0.7455
vn 0.1288 -0.7272 0.6742
vn 0.0751 -0.6503 0.7559
vn 0.0428 -0.7357 0.6759
vn -0.0255 -0.6658 0.7457
vn 0.9960 0.0896 -0.0000
vn 0.9960 -0.0896 -0.0000
vn 0.9640 -0.2660 -0.0000
vn 0.9010 -0.4339 -0.0000
vn 0.8090 -0.5878 -0.0000
vn 0.6911 -0.7228 -0.0000
vn 0.5509 -0.8346 -0.0000
vn 0.3930 -0.9195 -0.0000
vn 0.2225 -0.9749 -0.0000
vn 0.0449 -0.9990 -0.0000
vn -0.1342 -0.9909 -0.0000
vn -0.3090 -0.9511 -0.0000
vn -0.4739 -0.8806 -0.0000
vn -0.6235 -0.7818 -0.0000
vn -0.7531 -0.6579 -0.0000
vn -0.8584 -0.5129 -0.0000
vn -0.9362 -0.3514 -0.0000
vn -0.9839 -0.1786 -0.0000
vn -0.9839 0.1786 -0.0000
vn -0.9362 0.3514 -0.0000
vn -0.8584 0.5129 -0.0000
vn -0.7531 0.6579 -0.0000
vn -0.6235 0.7818 -0.0000
vn -0.4739 0.8806 -0.0000
vn -0.3090 0.9511 -0.0000
vn -0.1342 0.9909 -0.0000
vn 0.0449 0.9990 -0.0000
vn 0.2225 0.9749 -0.0000
vn 0.3930 0.9195 -0.0000
vn 0.5509 0.8346 -0.0000
vn 0.6911 0.7228 -0.0000
vn 0.8090 0.5878 -0.0000
vn 0.9010 0.4339 -0.0000
vn 0.9640 0.2660 -0.0000
vn -0.6981 0.1593 0.6981
vn -0.6981 -0.1593 0.6981
vn -0.5598 -0.4464 0.6981
vn -0.3107 -0.6451 0.6981
vn -0.0000 -0.7160 0.6981
vn 0.3107 -0.6451 0.6981
vn 0.5598 -0.4464 0.6981
vn 0.6981 -0.1593 0.6981
vn 0.6981 0.1593 0.6981
vn 0.5598 0.4464 0.6981
vn 0.3107 0.6451 0.6981
vn -0.0000 0.7160 0.6981
vn -0.3107 0.6451 0.6981
vn -0.5598 0.4464 0.6981
vn -0.9749 0.2225 -0.0000
vn -0.9749 -0.2225 -0.0000
vn -0.7818 -0.6235 -0.0000
vn -0.4339 -0.9010 -0.0000
vn 0.4339 -0.9010 -0.0000
vn 0.7818 -0.6235 -0.0000
vn 0.9749 -0.2225 -0.0000
vn 0.9749 0.2225 -0.0000
vn 0.7818 0.6235 -0.0000
vn 0.4339 0.9010 -0.0000
vn -0.4339 0.9010 -0.0000
vn -0.7818 0.6235 -0.0000
vn 0.9595 -0.2817 -0.0000
vn 0.9595 0.2817 -0.0000
vn 0.6549 0.7557 -0.0000
vn 0.1423 0.9898 -0.0000
vn -0.4154 0.9096 -0.0000
vn -0.8413 0.5406 -0.0000
vn -0.8413 -0.5406 -0.0000
vn -0.4154 -0.9096 -0.0000
vn 0.1423 -0.9898 -0.0000
vn 0.6549 -0.7557 -0.0000
vn 0.9595 -0.2817 0.0044
vn 1.0000 -0.0000 -0.0044
vn 0.9595 0.2817 0.0044
vn 0.8412 0.5406 -0.0044
vn 0.6549 0.7557 0.0044
vn 0.4154 0.9096 -0.0044
vn 0.1423 0.9898 0.0044
vn -0.1423 0.9898 -0.0044
vn -0.4154 0.9096 0.0044
vn -0.6549 0.7557 -0.0044
vn -0.8412 0.5406 0.0044
vn -0.9595 0.2817 -0.0044
vn -1.0000 -0.0000 0.0044
vn -0.9595 -0.2817 -0.0044
vn -0.8412 -0.5406 0.0044
vn -0.6549 -0.7557 -0.0044
vn -0.4154 -0.9096 0.0044
vn -0.1423 -0.9898 -0.0044
vn 0.1423 -0.9898 0.0044
vn 0.4154 -0.9096 -0.0044
vn 0.6549 -0.7557 0.0044
vn 0.8412 -0.5406 -0.0044
vn -0.7043 0.0890 0.7043
vn -0.7043 -0.0890 0.7043
vn -0.6600 -0.2613 0.7043
vn -0.5743 -0.4173 0.7043
vn -0.4525 -0.5470 0.7043
vn -0.3023 -0.6423 0.7043
vn -0.1330 -0.6973 0.7043
vn 0.0446 -0.7085 0.7043
vn 0.2194 -0.6752 0.7043
vn 0.3804 -0.5994 0.7043
vn 0.5175 -0.4860 0.7043
vn 0.6221 -0.3420 0.7043
vn 0.6876 -0.1765 0.7043
vn 0.7099 -0.0000 0.7043
vn 0.6876 0.1765 0.7043
vn 0.6221 0.3420 0.7043
vn 0.5175 0.4860 0.7043
vn 0.3804 0.5994 0.7043
vn 0.2194 0.6752 0.7043
vn 0.0446 0.7085 0.7043
vn -0.1330 0.6973 0.7043
vn -0.3023 0.6423 0.7043
vn -0.4525 0.5470 0.7043
vn -0.5743 0.4173 0.7043
vn -0.6600 0.2613 0.7043
vn -0.9921 0.1253 -0.0000
vn -0.9921 -0.1253 -0.0000
vn -0.9298 -0.3681 -0.0000
vn -0.8090 -0.5878 -0.0000
vn -0.6374 -0.7705 -0.0000
vn -0.4258 -0.9048 -0.0000
vn -0.1874 -0.9823 -0.0000
vn 0.0628 -0.9980 -0.0000
vn 0.3090 -0.9511 -0.0000
vn 0.5358 -0.8443 -0.0000
vn 0.7290 -0.6845 -0.0000
vn 0.8763 -0.4818 -0.0000
vn 0.9686 -0.2487 -0.0000
vn 0.9686 0.2487 -0.0000
vn 0.8763 0.4818 -0.0000
vn 0.7290 0.6845 -0.0000
vn 0.5358 0.8443 -0.0000
vn 0.3090 0.9511 -0.0000
vn 0.0628 0.9980 -0.0000
vn -0.1874 0.9823 -0.0000
vn -0.4258 0.9048 -0.0000
vn -0.6374 0.7705 -0.0000
vn -0.8090 0.5878 -0.0000
vn -0.9298 0.3681 -0.0000
vn 0.7057 -0.0635 0.7057
vn 0.7057 0.0635 0.7057
vn 0.7004 0.0649 0.7108
vn 0.6878 0.1898 0.7006
vn 0.6718 0.1911 0.7157
vn 0.6471 0.3116 0.6958
vn 0.6211 0.3093 0.7201
vn 0.5846 0.4248 0.6912
vn 0.5503 0.4156 0.7242
vn 0.5023 0.5253 0.6868
vn 0.4620 0.5067 0.7279
vn 0.4025 0.6098 0.6827
vn 0.3591 0.5799 0.7313
vn 0.2886 0.6752 0.6789
vn 0.2452 0.6330 0.7343
vn 0.1641 0.7190 0.6753
vn 0.1242 0.6644 0.7370
vn 0.0332 0.7397 0.6721
vn -0.0000 0.6732 0.7394
vn -0.0998 0.7364 0.6691
vn -0.1233 0.6594 0.7416
vn -0.2304 0.7090 0.6665
vn -0.2416 0.6237 0.7434
vn -0.3542 0.6583 0.6642
vn -0.3512 0.5672 0.7450
vn -0.4672 0.5858 0.6622
vn -0.4484 0.4919 0.7463
vn -0.5653 0.4939 0.6606
vn -0.5302 0.4004 0.7473
vn -0.6454 0.3856 0.6594
vn -0.5940 0.2958 0.7481
vn -0.7046 0.2645 0.6585
vn -0.6377 0.1814 0.7486
vn -0.7410 0.1345 0.6579
vn -0.6599 0.0611 0.7489
vn -0.7533 -0.0000 0.6577
vn -0.6599 -0.0611 0.7489
vn -0.7410 -0.1345 0.6579
vn -0.6377 -0.1814 0.7486
vn -0.7046 -0.2645 0.6585
vn -0.5940 -0.2958 0.7481
vn -0.6454 -0.3856 0.6594
vn -0.5302 -0.4004 0.7473
vn -0.5653 -0.4939 0.6606
vn -0.4484 -0.4919 0.7463
vn -0.4672 -0.5858 0.6622
vn -0.3512 -0.5672 0.7450
vn -0.3542 -0.6583 0.6642
vn -0.2416 -0.6237 0.7434
vn -0.2304 -0.7090 0.6665
vn -0.1233 -0.6594 0.7416
vn -0.0998 -0.7364 0.6691
vn -0.0000 -0.6732 0.7394
vn 0.0332 -0.7397 0.6721
vn 0.1242 -0.6644 0.7370
vn 0.1641 -0.7190 0.6753
vn 0.2452 -0.6330 0.7343
vn 0.2886 -0.6752 0.6789
vn 0.3591 -0.5799 0.7313
vn 0.4025 -0.6098 0.6827
vn 0.4620 -0.5067 0.7279
vn 0.5023 -0.5253 0.6868
vn 0.5503 -0.4156 0.7242
vn 0.5846 -0.4248 0.6912
vn 0.6211 -0.3093 0.7201
vn 0.6471 -0.3116 0.6958
vn 0.6718 -0.1911 0.7157
vn 0.6878 -0.1898 0.7006
vn 0.7004 -0.0649 0.7108
s 1
usemtl DefaultMaterial
f 1//1 2//1 3//1
f 4//1 5//1 6//1
f 7//2 8//2 9//2
f 10//3 11//3 12//3
f 13//4 14//4 15//4
f 16//4 17//4 18//4
f 19//5 20//5 21//5
f 22//5 23//5 24//5
f 25//6 26//6 27//6
f 28//6 29//6 30//6
f 31//7 32//7 33//7
f 34//8 35//8 36//8
f 37//9 38//9 39//9
f 40//10 41//10 42//10
f 43//11 44//11 45//11
f 46//11 47//11 48//11
f 49//12 50//12 51//12
f 52//12 53//12 54//12
f 55//13 56//13 57//13
f 58//13 59//13 60//13
f 61//14 62//14 63//14
f 64//14 65//14 66//14
f 67//15 68//15 69//15
f 70//15 71//15 72//15
f 73//16 74//16 75//16
f 76//17 77//17 78//17
f 79//18 80//18 81//18
f 82//19 83//19 84//19
f 85//20 86//20 87//20
f 88//21 89//21 90//21
f 91//22 92//22 93//22
f 94//23 95//23 96//23
f 97//24 98//24 99//24
f 100//24 101//24 102//24
f 103//25 104//25 105//25
f 106//26 107//26 108//26
f 109//27 110//27 111//27
f 112//27 113//27 114//27
f 115//28 116//28 117//28
f 118//28 119//28 120//28
f 121//29 122//29 123//29
f 124//29 125//29 126//29
f 127//30 128//30 129//30
f 130//30 131//30 132//30
f 133//31 134//31 135//31
f 136//31 137//31 138//31
f 139//32 140//32 141//32
f 142//32 143//32 144//32
f 145//33 146//33 147//33
f 148//33 149//33 150//33
f 151//34 152//34 153//34
f 154//34 155//34 156//34
f 157//35 158//35 159//35
f 160//35 161//35 162//35
f 163//36 164//36 165//36
f 166//37 167//37 168//37
f 169//38 170//38 171//38
f 172//39 173//39 174//39
f 175//40 176//40 177//40
f 178//41 179//41 180//41
f 181//42 182//42 183//42
f 184//43 185//43 186//43
f 187//44 188//44 189//44
f 190//45 191//45 192//45
f 193//45 194//45 195//45
f 196//46 197//46 198//46
f 199//47 200//47 201//47
f 202//46 203//46 204//46
f 205//48 206//48 207//48
f 208//47 209//47 210//47
f 211//48 212//48 213//48
f 214//49 215//49 216//49
f 217//49 218//49 219//49
f 220//50 221//50 222//50
f 223//50 224//50 225//50
f 226//51 227//51 228//51
f 229//51 230//51 231//51
f 232//52 233//52 234//52
f 235//52 236//52 237//52
f 238//53 239//53 240//53
f 241//53 242//53 243//53
f 244//54 245//54 246//54
f 247//54 248//54 249//54
f 250//55 251//55 252//55
f 253//55 254//55 255//55
f 256//56 257//56 258//56
f 259//56 260//56 261//56
f 262//57 263//57 264//57
f 265//57 266//57 267//57
f 268//58 269//58 270//58
f 271//59 272//59 273//59
f 274//60 275//60 276//60
f 277//61 278//61 279//61
f 280//62 281//62 282//62
f 283//63 284//63 285//63
f 286//64 287//64 288//64
f 289//65 290//65 291//65
f 292//66 293//66 294//66
f 295//67 296//67 297//67
f 298//67 299//67 300//67
f 301//68 302//68 303//68
f 304//69 305//69 306//69
f 307//68 308//68 309//68
f 310//70 311//70 312//70
f 313//69 314//69 315//69
f 316//70 317//70 318//70
f 319//71 320//71 321//71
f 322//71 323//71 324//71
f 325//72 326//72 327//72
f 328//72 329//72 330//72
f 331//73 332//73 333//73
f 334//73 335//73 336//73
f 337//51 338//51 339//51
f 340//51 341//51 342//51
f 343//50 344//50 345//50
f 346//50 347//50 348//50
f 349//49 350//49 351//49
f 352//49 353//49 354//49
f 355//74 356//74 357//74
f 358//74 359//74 360//74
f 361//74 362//74 363//74
f 364//74 365//74 366//74
f 367//74 368//74 369//74
f 370//74 371//74 372//74
f 373//74 374//74 375//74
f 376//74 377//74 378//74
f 379//74 380//74 381//74
f 382//74 383//74 384//74
f 385//74 386//74 387//74
f 388//74 389//74 390//74
f 391//74 392//74 393//74
f 394//74 395//74 396//74
f 397//74 398//74 399//74
f 400//74 401//74 402//74
f 403//49 404//49 405//49
f 406//49 407//49 408//49
f 409//50 410//50 411//50
f 412//50 413//50 414//50
f 415//51 416//51 417//51
f 418//51 419//51 420//51
f 421//75 422//75 423//75
f 424//75 425//75 426//75
f 427//75 428//75 429//75
f 430//75 431//75 432//75
f 433//75 434//75 435//75
f 436//75 437//75 438//75
f 439//75 440//75 441//75
f 442//75 443//75 444//75
f 445//1 446//1 447//1
f 448//1 449//1 450//1
f 451//2 452//2 453//2
f 454//3 455//3 456//3
f 457//4 458//4 459//4
f 460//4 461//4 462//4
f 463//5 464//5 465//5
f 466//76 467//76 468//76
f 469//6 470//6 471//6
f 472//6 473//6 474//6
f 475//7 476//7 477//7
f 478//8 479//8 480//8
f 481//9 482//9 483//9
f 484//10 485//10 486//10
f 487//11 488//11 489//11
f 490//11 491//11 492//11
f 493//12 494//12 495//12
f 496//12 497//12 498//12
f 499//77 500//77 501//77
f 502//78 503//78 504//78
f 505//79 506//79 507//79
f 508//80 509//80 510//80
f 511//81 512//81 513//81
f 514//82 515//82 516//82
f 517//83 518//83 519//83
f 520//84 521//84 522//84
f 523//85 524//85 525//85
f 526//86 527//86 528//86
f 529//87 530//87 531//87
f 532//88 533//88 534//88
f 535//89 536//89 537//89
f 538//90 539//90 540//90
f 541//91 542//91 543//91
f 544//92 545//92 546//92
f 547//93 548//93 549//93
f 550//94 551//94 552//94
f 553//95 554//95 555//95
f 556//96 557//96 558//96
f 559//97 560//97 561//97
f 562//98 563//98 564//98
f 565//99 566//99 567//99
f 568//100 569//100 570//100
f 571//101 572//101 573//101
f 574//102 575//102 576//102
f 577//103 578//103 579//103
f 580//104 581//104 582//104
f 583//105 584//105 585//105
f 586//106 587//106 588//106
f 589//107 590//107 591//107
f 592//108 593//108 594//108
f 595//109 596//109 597//109
f 598//110 599//110 600//110
f 601//111 602//111 603//111
f 604//112 605//112 606//112
f 607//113 608//113 609//113
f 610//114 611//114 612//114
f 613//115 614//115 615//115
f 616//116 617//116 618//116
f 619//117 620//117 621//117
f 622//118 623//118 624//118
f 625//119 626//119 627//119
f 628//120 629//120 630//120
f 631//121 632//121 633//121
f 634//122 635//122 636//122
f 637//123 638//123 639//123
f 640//124 641//124 642//124
f 643//125 644//125 645//125
f 646//126 647//126 648//126
f 649//127 650//127 651//127
f 652//128 653//128 654//128
f 655//129 656//129 657//129
f 658//130 659//130 660//130
f 661//131 662//131 663//131
f 664//132 665//132 666//132
f 667//133 668//133 669//133
f 670//134 671//134 672//134
f 673//135 674//135 675//135
f 676//136 677//136 678//136
f 679//137 680//137 681//137
f 682//138 683//138 684//138
f 685//13 686//13 687//13
f 688//13 689//13 690//13
f 691//14 692//14 693//14
f 694//14 695//14 696//14
f 697//15 698//15 699//15
f 700//15 701//15 702//15
f 703//16 704//16 705//16
f 706//17 707//17 708//17
f 709//18 710//18 711//18
f 712//19 713//19 714//19
f 715//20 716//20 717//20
f 718//21 719//21 720//21
f 721//22 722//22 723//22
f 724//23 725//23 726//23
f 727//24 728//24 729//24
f 730//24 731//24 732//24
f 733//25 734//25 735//25
f 736//26 737//26 738//26
f 739//27 740//27 741//27
f 742//27 743//27 744//27
f 745//28 746//28 747//28
f 748//28 749//28 750//28
f 751//29 752//29 753//29
f 754//29 755//29 756//29
f 757//139 758//139 759//139
f 760//139 761//139 762//139
f 763//140 764//140 765//140
f 766//140 767//140 768//140
f 769//141 770//141 771//141
f 772//141 773//141 774//141
f 775//73 776//73 777//73
f 778//73 779//73 780//73
f 781//72 782//72 783//72
f 784//72 785//72 786//72
f 787//71 788//71 789//71
f 790//71 791//71 792//71
f 793//142 794//142 795//142
f 796//142 797//142 798//142
f 799//143 800//143 801//143
f 802//143 803//143 804//143
f 805//144 806//144 807//144
f 808//144 809//144 810//144
f 811//145 812//145 813//145
f 814//146 815//146 816//146
f 817//147 818//147 819//147
f 820//148 821//148 822//148
f 823//149 824//149 825//149
f 826//150 827//150 828//150
f 829//151 830//151 831//151
f 832//152 833//152 834//152
f 835//153 836//153 837//153
f 838//154 839//154 840//154
f 841//155 842//155 843//155
f 844//156 845//156 846//156
f 847//157 848//157 849//157
f 850//158 851//158 852//158
f 853//159 854//159 855//159
f 856//160 857//160 858//160
f 859//161 860//161 861//161
f 862//162 863//162 864//162
f 865//163 866//163 867//163
f 868//164 869//164 870//164
f 871//165 872//165 873//165
f 874//166 875//166 876//166
f 877//167 878//167 879//167
f 880//168 881//168 882//168
f 883//169 884//169 885//169
f 886//170 887//170 888//170
f 889//171 890//171 891//171
f 892//172 893//172 894//172
f 895//173 896//173 897//173
f 898//174 899//174 900//174
f 901//175 902//175 903//175
f 904//176 905//176 906//176
f 907//177 908//177 909//177
f 910//178 911//178 912//178
f 913//179 914//179 915//179
f 916//180 917//180 918//180
f 919//181 920//181 921//181
f 922//182 923//182 924//182
f 925//183 926//183 927//183
f 928//184 929//184 930//184
f 931//185 932//185 933//185
f 934//186 935//186 936//186
f 937//187 938//187 939//187
f 940//188 941//188 942//188
f 943//189 944//189 945//189
f 946//190 947//190 948//190
f 949//191 950//191 951//191
f 952//192 953//192 954//192
f 955//193 956//193 957//193
f 958//194 959//194 960//194
f 961//195 962//195 963//195
f 964//196 965//196 966//196
f 967//197 968//197 969//197
f 970//198 971//198 972//198
f 973//199 974//199 975//199
f 976//200 977//200 978//200
f 979//201 980//201 981//201
f 982//202 983//202 984//202
f 985//203 986//203 987//203
f 988//204 989//204 990//204
f 991//205 992//205 993//205
f 994//206 995//206 996//206
f 997//207 998//207 999//207
f 1000//207 1001//207 1002//207
f 1003//208 1004//208 1005//208
f 1006//208 1007//208 1008//208
f 1009//209 1010//209 1011//209
f 1012//209 1013//209 1014//209
f 1015//210 1016//210 1017//210
f 1018//210 1019//210 1020//210
f 1021//75 1022//75 1023//75
f 1024//75 1025//75 1026//75
f 1027//211 1028//211 1029//211
f 1030//212 1031//212 1032//212
f 1033//213 1034//213 1035//213
f 1036//214 1037//214 1038//214
f 1039//215 1040//215 1041//215
f 1042//216 1043//216 1044//216
f 1045//217 1046//217 1047//217
f 1048//217 1049//217 1050//217
f 1051//218 1052//218 1053//218
f 1054//218 1055//218 1056//218
f 1057//219 1058//219 1059//219
f 1060//220 1061//220 1062//220
f 1063//221 1064//221 1065//221
f 1066//222 1067//222 1068//222
f 1069//223 1070//223 1071//223
f 1072//224 1073//224 1074//224
f 1075//225 1076//225 1077//225
f 1078//226 1079//226 1080//226
f 1081//227 1082//227 1083//227
f 1084//228 1085//228 1086//228
f 1087//229 1088//229 1089//229
f 1090//230 1091//230 1092//230
f 1093//231 1094//231 1095//231
f 1096//232 1097//232 1098//232
f 1099//233 1100//233 1101//233
f 1102//234 1103//234 1104//234
f 1105//235 1106//235 1107//235
f 1108//236 1109//236 1110//236
f 1111//237 1112//237 1113//237
f 1114//238 1115//238 1116//238
f 1117//239 1118//239 1119//239
f 1120//240 1121//240 1122//240
f 1123//241 1124//241 1125//241
f 1126//242 1127//242 1128//242
f 1129//243 1130//243 1131//243
f 1132//244 1133//244 1134//244
f 1135//245 1136//245 1137//245
f 1138//246 1139//246 1140//246
f 1141//247 1142//247 1143//247
f 1144//248 1145//248 1146//248
f 1147//249 1148//249 1149//249
f 1150//250 1151//250 1152//250
f 1153//251 1154//251 1155//251
f 1156//252 1157//252 1158//252
f 1159//253 1160//253 1161//253
f 1162//254 1163//254 1164//254
f 1165//255 1166//255 1167//255
f 1168//256 1169//256 1170//256
f 1171//257 1172//257 1173//257
f 1174//258 1175//258 1176//258
f 1177//259 1178//259 1179//259
f 1180//260 1181//260 1182//260
f 1183//261 1184//261 1185//261
f 1186//262 1187//262 1188//262
f 1189//263 1190//263 1191//263
f 1192//264 1193//264 1194//264
f 1195//265 1196//265 1197//265
f 1198//266 1199//266 1200//266
f 1201//267 1202//267 1203//267
f 1204//268 1205//268 1206//268
f 1207//269 1208//269 1209//269
f 1210//270 1211//270 1212//270
f 1213//271 1214//271 1215//271
f 1216//272 1217//272 1218//272
f 1219//273 1220//273 1221//273
f 1222//274 1223//274 1224//274
f 1225//275 1226//275 1227//275
f 1228//276 1229//276 1230//276
f 1231//277 1232//277 1233//277
f 1234//278 1235//278 1236//278
f 1237//279 1238//279 1239//279
f 1240//280 1241//280 1242//280
f 1243//281 1244//281 1245//281
f 1246//281 1247//281 1248//281
f 1249//282 1250//282 1251//282
f 1252//282 1253//282 1254//282
f 1255//283 1256//283 1257//283
f 1258//283 1259//283 1260//283
f 1261//284 1262//284 1263//284
f 1264//284 1265//284 1266//284
f 1267//285 1268//285 1269//285
f 1270//285 1271//285 1272//285
f 1273//285 1274//285 1275//285
f 1276//285 1277//285 1278//285
f 1279//285 1280//285 1281//285
f 1282//285 1283//285 1284//285
f 1285//285 1286//285 1287//285
f 1288//285 1289//285 1290//285
f 1291//285 1292//285 1293//285
f 1294//285 1295//285 1296//285
f 1297//285 1298//285 1299//285
f 1300//285 1301//285 1302//285
f 1303//285 1304//285 1305//285
f 1306//285 1307//285 1308//285
f 1309//285 1310//285 1311//285
f 1312//285 1313//285 1314//285
f 1315//285 1316//285 1317//285
f 1318//285 1319//285 1320//285
f 1321//285 1322//285 1323//285
f 1324//285 1325//285 1326//285
f 1327//285 1328//285 1329//285
f 1330//285 1331//285 1332//285
f 1333//285 1334//285 1335//285
f 1336//285 1337//285 1338//285
f 1339//286 1340//286 1341//286
f 1342//287 1343//287 1344//287
f 1345//288 1346//288 1347//288
f 1348//289 1349//289 1350//289
f 1351//290 1352//290 1353//290
f 1354//291 1355//291 1356//291
f 1357//292 1358//292 1359//292
f 1360//293 1361//293 1362//293
f 1363//294 1364//294 1365//294
f 1366//295 1367//295 1368//295
f 1369//296 1370//296 1371//296
f 1372//297 1373//297 1374//297
f 1375//298 1376//298 1377//298
f 1378//299 1379//299 1380//299
f 1381//300 1382//300 1383//300
f 1384//301 1385//301 1386//301
f 1387//301 1388//301 1389//301
f 1390//302 1391//302 1392//302
f 1393//303 1394//303 1395//303
f 1396//304 1397//304 1398//304
f 1399//305 1400//305 1401//305
f 1402//306 1403//306 1404//306
f 1405//306 1406//306 1407//306
f 1408//307 1409//307 1410//307
f 1411//307 1412//307 1413//307
f 1414//308 1415//308 1416//308
f 1417//308 1418//308 1419//308
f 1420//309 1421//309 1422//309
f 1423//309 1424//309 1425//309
f 1426//310 1427//310 1428//310
f 1429//311 1430//311 1431//311
f 1432//312 1433//312 1434//312
f 1435//313 1436//313 1437//313
f 1438//314 1439//314 1440//314
f 1441//315 1442//315 1443//315
f 1444//316 1445//316 1446//316
f 1447//317 1448//317 1449//317
f 1450//318 1451//318 1452//318
f 1453//319 1454//319 1455//319
f 1456//320 1457//320 1458//320
f 1459//321 1460//321 1461//321
f 1462//321 1463//321 1464//321
f 1465//322 1466//322 1467//322
f 1468//322 1469//322 1470//322
f 1471//323 1472//323 1473//323
f 1474//323 1475//323 1476//323
f 1477//324 1478//324 1479//324
f 1480//324 1481//324 1482//324
f 1483//325 1484//325 1485//325
f 1486//326 1487//326 1488//326
f 1489//327 1490//327 1491//327
f 1492//328 1493//328 1494//328
f 1495//329 1496//329 1497//329
f 1498//330 1499//330 1500//330
f 1501//331 1502//331 1503//331
f 1504//332 1505//332 1506//332
f 1507//333 1508//333 1509//333
f 1510//334 1511//334 1512//334
f 1513//334 1514//334 1515//334
f 1516//335 1517//335 1518//335
f 1519//336 1520//336 1521//336
f 1522//337 1523//337 1524//337
f 1525//338 1526//338 1527//338
f 1528//339 1529//339 1530//339
f 1531//339 1532//339 1533//339
f 1534//142 1535//142 1536//142
f 1537//142 1538//142 1539//142
f 1540//143 1541//143 1542//143
f 1543//143 1544//143 1545//143
f 1546//144 1547//144 1548//144
f 1549//144 1550//144 1551//144
f 1552//340 1553//340 1554//340
f 1555//341 1556//341 1557//341
f 1558//342 1559//342 1560//342
f 1561//343 1562//343 1563//343
f 1564//344 1565//344 1566//344
f 1567//345 1568//345 1569//345
f 1570//346 1571//346 1572//346
f 1573//347 1574//347 1575//347
f 1576//348 1577//348 1578//348
f 1579//349 1580//349 1581//349
f 1582//350 1583//350 1584//350
f 1585//351 1586//351 1587//351
f 1588//351 1589//351 1590//351
f 1591//352 1592//352 1593//352
f 1594//352 1595//352 1596//352
f 1597//307 1598//307 1599//307
f 1600//307 1601//307 1602//307
f 1603//308 1604//308 1605//308
f 1606//308 1607//308 1608//308
f 1609//309 1610//309 1611//309
f 1612//309 1613//309 1614//309
f 1615//353 1616//353 1617//353
f 1618//353 1619//353 1620//353
f 1621//354 1622//354 1623//354
f 1624//354 1625//354 1626//354
f 1627//355 1628//355 1629//355
f 1630//355 1631//355 1632//355
f 1633//356 1634//356 1635//356
f 1636//356 1637//356 1638//356
f 1639//357 1640//357 1641//357
f 1642//357 1643//357 1644//357
f 1645//358 1646//358 1647//358
f 1648//358 1649//358 1650//358
f 1651//359 1652//359 1653//359
f 1654//359 1655//359 1656//359
f 1657//360 1658//360 1659//360
f 1660//360 1661//360 1662//360
f 1663//361 1664//361 1665//361
f 1666//361 1667//361 1668//361
f 1669//362 1670//362 1671//362
f 1672//362 1673//362 1674//362
f 1675//363 1676//363 1677//363
f 1678//363 1679//363 1680//363
f 1681//364 1682//364 1683//364
f 1684//364 1685//364 1686//364
f 1687//365 1688//365 1689//365
f 1690//365 1691//365 1692//365
f 1693//366 1694//366 1695//366
f 1696//366 1697//366 1698//366
f 1699//367 1700//367 1701//367
f 1702//368 1703//368 1704//368
f 1705//369 1706//369 1707//369
f 1708//370 1709//370 1710//370
f 1711//371 1712//371 1713//371
f 1714//371 1715//371 1716//371
f 1717//372 1718//372 1719//372
f 1720//372 1721//372 1722//372
f 1723//373 1724//373 1725//373
f 1726//373 1727//373 1728//373
f 1729//374 1730//374 1731//374
f 1732//374 1733//374 1734//374
f 1735//375 1736//375 1737//375
f 1738//375 1739//375 1740//375
f 1741//376 1742//376 1743//376
f 1744//376 1745//376 1746//376
f 1747//377 1748//377 1749//377
f 1750//377 1751//377 1752//377
f 1753//378 1754//378 1755//378
f 1756//378 1757//378 1758//378
f 1759//379 1760//379 1761//379
f 1762//379 1763//379 1764//379
f 1765//380 1766//380 1767//380
f 1768//380 1769//380 1770//380
f 1771//381 1772//381 1773//381
f 1774//381 1775//381 1776//381
f 1777//382 1778//382 1779//382
f 1780//382 1781//382 1782//382
f 1783//383 1784//383 1785//383
f 1786//383 1787//383 1788//383
f 1789//384 1790//384 1791//384
f 1792//384 1793//384 1794//384
f 1795//385 1796//385 1797//385
f 1798//385 1799//385 1800//385
f 1801//386 1802//386 1803//386
f 1804//386 1805//386 1806//386
f 1807//387 1808//387 1809//387
f 1810//387 1811//387 1812//387
f 1813//388 1814//388 1815//388
f 1816//388 1817//388 1818//388
f 1819//389 1820//389 1821//389
f 1822//389 1823//389 1824//389
f 1825//390 1826//390 1827//390
f 1828//390 1829//390 1830//390
f 1831//391 1832//391 1833//391
f 1834//391 1835//391 1836//391
f 1837//392 1838//392 1839//392
f 1840//392 1841//392 1842//392
f 1843//393 1844//393 1845//393
f 1846//393 1847//393 1848//393
f 1849//394 1850//394 1851//394
f 1852//394 1853//394 1854//394
f 1855//395 1856//395 1857//395
f 1858//395 1859//395 1860//395
f 1861//396 1862//396 1863//396
f 1864//396 1865//396 1866//396
f 1867//397 1868//397 1869//397
f 1870//397 1871//397 1872//397
f 1873//398 1874//398 1875//398
f 1876//398 1877//398 1878//398
f 1879//399 1880//399 1881//399
f 1882//399 1883//399 1884//399
f 1885//400 1886//400 1887//400
f 1888//400 1889//400 1890//400
f 1891//401 1892//401 1893//401
f 1894//401 1895//401 1896//401
f 1897//402 1898//402 1899//402
f 1900//402 1901//402 1902//402
f 1903//403 1904//403 1905//403
f 1906//403 1907//403 1908//403
f 1909//404 1910//404 1911//404
f 1912//404 1913//404 1914//404
f 1915//405 1916//405 1917//405
f 1918//405 1919//405 1920//405
f 1921//406 1922//406 1923//406
f 1924//406 1925//406 1926//406
f 1927//407 1928//407 1929//407
f 1930//407 1931//407 1932//407
f 1933//408 1934//408 1935//408
f 1936//408 1937//408 1938//408
f 1939//409 1940//409 1941//409
f 1942//409 1943//409 1944//409
f 1945//410 1946//410 1947//410
f 1948//410 1949//410 1950//410
f 1951//411 1952//411 1953//411
f 1954//411 1955//411 1956//411
f 1957//412 1958//412 1959//412
f 1960//412 1961//412 1962//412
f 1963//413 1964//413 1965//413
f 1966//413 1967//413 1968//413
f 1969//414 1970//414 1971//414
f 1972//414 1973//414 1974//414
f 1975//415 1976//415 1977//415
f 1978//415 1979//415 1980//415
f 1981//416 1982//416 1983//416
f 1984//416 1985//416 1986//416
f 1987//417 1988//417 1989//417
f 1990//417 1991//417 1992//417
f 1993//418 1994//418 1995//418
f 1996//418 1997//418 1998//418
f 1999//419 2000//419 2001//419
f 2002//420 2003//420 2004//420
f 2005//421 2006//421 2007//421
f 2008//422 2009//422 2010//422
f 2011//423 2012//423 2013//423
f 2014//423 2015//423 2016//423
f 2017//424 2018//424 2019//424
f 2020//425 2021//425 2022//425
f 2023//426 2024//426 2025//426
f 2026//426 2027//426 2028//426
f 2029//427 2030//427 2031//427
f 2032//427 2033//427 2034//427
f 2035//428 2036//428 2037//428
f 2038//428 2039//428 2040//428
f 2041//429 2042//429 2043//429
f 2044//429 2045//429 2046//429
f 2047//430 2048//430 2049//430
f 2050//430 2051//430 2052//430
f 2053//431 2054//431 2055//431
f 2056//431 2057//431 2058//431
f 2059//432 2060//432 2061//432
f 2062//432 2063//432 2064//432
f 2065//433 2066//433 2067//433
f 2068//433 2069//433 2070//433
f 2071//434 2072//434 2073//434
f 2074//434 2075//434 2076//434
f 2077//435 2078//435 2079//435
f 2080//435 2081//435 2082//435
f 2083//436 2084//436 2085//436
f 2086//436 2087//436 2088//436
f 2089//437 2090//437 2091//437
f 2092//437 2093//437 2094//437
f 2095//438 2096//438 2097//438
f 2098//438 2099//438 2100//438
f 2101//323 2102//323 2103//323
f 2104//323 2105//323 2106//323
f 2107//324 2108//324 2109//324
f 2110//324 2111//324 2112//324
f 2113//325 2114//325 2115//325
f 2116//326 2117//326 2118//326
f 2119//439 2120//439 2121//439
f 2122//440 2123//440 2124//440
f 2125//441 2126//441 2127//441
f 2128//442 2129//442 2130//442
f 2131//443 2132//443 2133//443
f 2134//444 2135//444 2136//444
f 2137//445 2138//445 2139//445
f 2140//446 2141//446 2142//446
f 2143//447 2144//447 2145//447
f 2146//447 2147//447 2148//447
f 2149//447 2150//447 2151//447
f 2152//447 2153//447 2154//447
f 2155//447 2156//447 2157//447
f 2158//447 2159//447 2160//447
f 2161//447 2162//447 2163//447
f 2164//447 2165//447 2166//447
f 2167//447 2168//447 2169//447
f 2170//447 2171//447 2172//447
f 2173//447 2174//447 2175//447
f 2176//447 2177//447 2178//447
f 2179//447 2180//447 2181//447
f 2182//447 2183//447 2184//447
f 2185//447 2186//447 2187//447
f 2188//447 2189//447 2190//447
f 2191//447 2192//447 2193//447
f 2194//447 2195//447 2196//447
f 2197//447 2198//447 2199//447
f 2200//447 2201//447 2202//447
f 2203//447 2204//447 2205//447
f 2206//447 2207//447 2208//447
f 2209//447 2210//447 2211//447
f 2212//447 2213//447 2214//447
f 2215//447 2216//447 2217//447
f 2218//447 2219//447 2220//447
f 2221//447 2222//447 2223//447
f 2224//447 2225//447 2226//447
f 2227//447 2228//447 2229//447
f 2230//447 2231//447 2232//447
f 2233//447 2234//447 2235//447
f 2236//447 2237//447 2238//447
f 2239//447 2240//447 2241//447
f 2242//447 2243//447 2244//447
f 2245//447 2246//447 2247//447
f 2248//447 2249//447 2250//447
f 2251//447 2252//447 2253//447
f 2254//447 2255//447 2256//447
f 2257//447 2258//447 2259//447
f 2260//447 2261//447 2262//447
f 2263//447 2264//447 2265//447
f 2266//447 2267//447 2268//447
f 2269//448 2270//448 2271//448
f 2272//448 2273//448 2274//448
f 2275//449 2276//449 2277//449
f 2278//449 2279//449 2280//449
f 2281//450 2282//450 2283//450
f 2284//450 2285//450 2286//450
f 2287//451 2288//451 2289//451
f 2290//451 2291//451 2292//451
f 2293//452 2294//452 2295//452
f 2296//452 2297//452 2298//452
f 2299//453 2300//453 2301//453
f 2302//453 2303//453 2304//453
f 2305//454 2306//454 2307//454
f 2308//454 2309//454 2310//454
f 2311//455 2312//455 2313//455
f 2314//455 2315//455 2316//455
f 2317//456 2318//456 2319//456
f 2320//456 2321//456 2322//456
f 2323//457 2324//457 2325//457
f 2326//457 2327//457 2328//457
f 2329//458 2330//458 2331//458
f 2332//458 2333//458 2334//458
f 2335//459 2336//459 2337//459
f 2338//459 2339//459 2340//459
f 2341//460 2342//460 2343//460
f 2344//460 2345//460 2346//460
f 2347//461 2348//461 2349//461
f 2350//461 2351//461 2352//461
f 2353//462 2354//462 2355//462
f 2356//462 2357//462 2358//462
f 2359//463 2360//463 2361//463
f 2362//463 2363//463 2364//463
f 2365//464 2366//464 2367//464
f 2368//464 2369//464 2370//464
f 2371//465 2372//465 2373//465
f 2374//465 2375//465 2376//465
f 2377//466 2378//466 2379//466
f 2380//466 2381//466 2382//466
f 2383//467 2384//467 2385//467
f 2386//467 2387//467 2388//467
f 2389//468 2390//468 2391//468
f 2392//468 2393//468 2394//468
f 2395//469 2396//469 2397//469
f 2398//469 2399//469 2400//469
f 2401//470 2402//470 2403//470
f 2404//470 2405//470 2406//470
f 2407//471 2408//471 2409//471
f 2410//471 2411//471 2412//471
f 2413//472 2414//472 2415//472
f 2416//472 2417//472 2418//472
f 2419//285 2420//285 2421//285
f 2422//285 2423//285 2424//285
f 2425//285 2426//285 2427//285
f 2428//285 2429//285 2430//285
f 2431//285 2432//285 2433//285
f 2434//285 2435//285 2436//285
f 2437//285 2438//285 2439//285
f 2440//285 2441//285 2442//285
f 2443//285 2444//285 2445//285
f 2446//285 2447//285 2448//285
f 2449//285 2450//285 2451//285
f 2452//285 2453//285 2454//285
f 2455//285 2456//285 2457//285
f 2458//285 2459//285 2460//285
f 2461//285 2462//285 2463//285
f 2464//285 2465//285 2466//285
f 2467//285 2468//285 2469//285
f 2470//285 2471//285 2472//285
f 2473//285 2474//285 2475//285
f 2476//285 2477//285 2478//285
f 2479//285 2480//285 2481//285
f 2482//285 2483//285 2484//285
f 2485//285 2486//285 2487//285
f 2488//285 2489//285 2490//285
f 2491//285 2492//285 2493//285
f 2494//285 2495//285 2496//285
f 2497//285 2498//285 2499//285
f 2500//285 2501//285 2502//285
f 2503//285 2504//285 2505//285
f 2506//285 2507//285 2508//285
f 2509//285 2510//285 2511//285
f 2512//285 2513//285 2514//285
f 2515//285 2516//285 2517//285
f 2518//285 2519//285 2520//285
f 2521//285 2522//285 2523//285
f 2524//285 2525//285 2526//285
f 2527//285 2528//285 2529//285
f 2530//285 2531//285 2532//285
f 2533//285 2534//285 2535//285
f 2536//285 2537//285 2538//285
f 2539//285 2540//285 2541//285
f 2542//285 2543//285 2544//285
f 2545//473 2546//473 2547//473
f 2548//473 2549//473 2550//473
f 2551//473 2552//473 2553//473
f 2554//473 2555//473 2556//473
f 2557//473 2558//473 2559//473
f 2560//473 2561//473 2562//473
f 2563//473 2564//473 2565//473
f 2566//473 2567//473 2568//473
f 2569//473 2570//473 2571//473
f 2572//473 2573//473 2574//473
f 2575//473 2576//473 2577//473
f 2578//473 2579//473 2580//473
f 2581//473 2582//473 2583//473
f 2584//473 2585//473 2586//473
f 2587//473 2588//473 2589//473
f 2590//473 2591//473 2592//473
f 2593//473 2594//473 2595//473
f 2596//473 2597//473 2598//473
f 2599//473 2600//473 2601//473
f 2602//473 2603//473 2604//473
f 2605//473 2606//473 2607//473
f 2608//473 2609//473 2610//473
f 2611//473 2612//473 2613//473
f 2614//473 2615//473 2616//473
f 2617//473 2618//473 2619//473
f 2620//473 2621//473 2622//473
f 2623//473 2624//473 2625//473
f 2626//473 2627//473 2628//473
f 2629//473 2630//473 2631//473
f 2632//473 2633//473 2634//473
f 2635//473 2636//473 2637//473
f 2638//473 2639//473 2640//473
f 2641//473 2642//473 2643//473
f 2644//473 2645//473 2646//473
f 2647//473 2648//473 2649//473
f 2650//473 2651//473 2652//473
f 2653//473 2654//473 2655//473
f 2656//473 2657//473 2658//473
f 2659//473 2660//473 2661//473
f 2662//473 2663//473 2664//473
f 2665//473 2666//473 2667//473
f 2668//473 2669//473 2670//473
f 2671//473 2672//473 2673//473
f 2674//473 2675//473 2676//473
f 2677//473 2678//473 2679//473
f 2680//473 2681//473 2682//473
f 2683//473 2684//473 2685//473
f 2686//473 2687//473 2688//473
f 2689//473 2690//473 2691//473
f 2692//473 2693//473 2694//473
f 2695//473 2696//473 2697//473
f 2698//473 2699//473 2700//473
f 2701//473 2702//473 2703//473
f 2704//473 2705//473 2706//473
f 2707//473 2708//473 2709//473
f 2710//473 2711//473 2712//473
f 2713//473 2714//473 2715//473
f 2716//473 2717//473 2718//473
f 2719//473 2720//473 2721//473
f 2722//473 2723//473 2724//473
f 2725//473 2726//473 2727//473
f 2728//473 2729//473 2730//473
f 2731//473 2732//473 2733//473
f 2734//473 2735//473 2736//473
f 2737//473 2738//473 2739//473
f 2740//473 2741//473 2742//473
f 2743//473 2744//473 2745//473
f 2746//447 2747//447 2748//447
f 2749//447 2750//447 2751//447
f 2752//447 2753//447 2754//447
f 2755//447 2756//447 2757//447
f 2758//447 2759//447 2760//447
f 2761//447 2762//447 2763//447
f 2764//447 2765//447 2766//447
f 2767//447 2768//447 2769//447
f 2770//447 2771//447 2772//447
f 2773//447 2774//447 2775//447
f 2776//447 2777//447 2778//447
f 2779//447 2780//447 2781//447
f 2782//447 2783//447 2784//447
f 2785//447 2786//447 2787//447
f 2788//447 2789//447 2790//447
f 2791//447 2792//447 2793//447
f 2794//447 2795//447 2796//447
f 2797//447 2798//447 2799//447
f 2800//447 2801//447 2802//447
f 2803//447 2804//447 2805//447
f 2806//447 2807//447 2808//447
f 2809//447 2810//447 2811//447
f 2812//447 2813//447 2814//447
f 2815//447 2816//447 2817//447
f 2818//474 2819//474 2820//474
f 2821//475 2822//475 2823//475
f 2824//476 2825//476 2826//476
f 2827//477 2828//477 2829//477
f 2830//478 2831//478 2832//478
f 2833//479 2834//479 2835//479
f 2836//480 2837//480 2838//480
f 2839//481 2840//481 2841//481
f 2842//482 2843//482 2844//482
f 2845//483 2846//483 2847//483
f 2848//484 2849//484 2850//484
f 2851//485 2852//485 2853//485
f 2854//486 2855//486 2856//486
f 2857//486 2858//486 2859//486
f 2860//487 2861//487 2862//487
f 2863//488 2864//488 2865//488
f 2866//489 2867//489 2868//489
f 2869//490 2870//490 2871//490
f 2872//491 2873//491 2874//491
f 2875//492 2876//492 2877//492
f 2878//493 2879//493 2880//493
f 2881//494 2882//494 2883//494
f 2884//495 2885//495 2886//495
f 2887//496 2888//496 2889//496
f 2890//497 2891//497 2892//497
f 2893//498 2894//498 2895//498
f 2896//499 2897//499 2898//499
f 2899//500 2900//500 2901//500
f 2902//501 2903//501 2904//501
f 2905//502 2906//502 2907//502
f 2908//503 2909//503 2910//503
f 2911//504 2912//504 2913//504
f 2914//505 2915//505 2916//505
f 2917//506 2918//506 2919//506
f 2920//507 2921//507 2922//507
f 2923//508 2924//508 2925//508
f 2926//509 2927//509 2928//509
f 2929//510 2930//510 2931//510
f 2932//511 2933//511 2934//511
f 2935//512 2936//512 2937//512
f 2938//513 2939//513 2940//513
f 2941//514 2942//514 2943//514
f 2944//515 2945//515 2946//515
f 2947//516 2948//516 2949//516
f 2950//517 2951//517 2952//517
f 2953//518 2954//518 2955//518
f 2956//473 2957//473 2958//473
f 2959//473 2960//473 2961//473
f 2962//473 2963//473 2964//473
f 2965//473 2966//473 2967//473
f 2968//473 2969//473 2970//473
f 2971//473 2972//473 2973//473
f 2974//473 2975//473 2976//473
f 2977//473 2978//473 2979//473
f 2980//473 2981//473 2982//473
f 2983//473 2984//473 2985//473
f 2986//473 2987//473 2988//473
f 2989//473 2990//473 2991//473
f 2992//473 2993//473 2994//473
f 2995//473 2996//473 2997//473
f 2998//473 2999//473 3000//473
f 3001//473 3002//473 3003//473
f 3004//473 3005//473 3006//473
f 3007//473 3008//473 3009//473
f 3010//473 3011//473 3012//473
f 3013//473 3014//473 3015//473
f 3016//473 3017//473 3018//473
f 3019//473 3020//473 3021//473
f 3022//473 3023//473 3024//473
f 3025//473 3026//473 3027//473
f 3028//473 3029//473 3030//473
f 3031//473 3032//473 3033//473
f 3034//473 3035//473 3036//473
f 3037//473 3038//473 3039//473
f 3040//473 3041//473 3042//473
f 3043//473 3044//473 3045//473
f 3046//473 3047//473 3048//473
f 3049//473 3050//473 3051//473
f 3052//473 3053//473 3054//473
f 3055//473 3056//473 3057//473
f 3058//473 3059//473 3060//473
f 3061//473 3062//473 3063//473
f 3064//473 3065//473 3066//473
f 3067//473 3068//473 3069//473
f 3070//473 3071//473 3072//473
f 3073//473 3074//473 3075//473
f 3076//473 3077//473 3078//473
f 3079//473 3080//473 3081//473
f 3082//473 3083//473 3084//473
f 3085//473 3086//473 3087//473
f 3088//473 3089//473 3090//473
f 3091//473 3092//473 3093//473
f 3094//473 3095//473 3096//473
f 3097//473 3098//473 3099//473
f 3100//473 3101//473 3102//473
f 3103//473 3104//473 3105//473
f 3106//473 3107//473 3108//473
f 3109//473 3110//473 3111//473
f 3112//473 3113//473 3114//473
f 3115//473 3116//473 3117//473
f 3118//473 3119//473 3120//473
f 3121//473 3122//473 3123//473
f 3124//473 3125//473 3126//473
f 3127//473 3128//473 3129//473
f 3130//473 3131//473 3132//473
f 3133//473 3134//473 3135//473
f 3136//473 3137//473 3138//473
f 3139//473 3140//473 3141//473
f 3142//473 3143//473 3144//473
f 3145//473 3146//473 3147//473
f 3148//473 3149//473 3150//473
f 3151//473 3152//473 3153//473
f 3154//473 3155//473 3156//473
f 3157//473 3158//473 3159//473
f 3160//473 3161//473 3162//473
f 3163//473 3164//473 3165//473
f 3166//473 3167//473 3168//473
f 3169//473 3170//473 3171//473
f 3172//473 3173//473 3174//473
f 3175//473 3176//473 3177//473
f 3178//473 3179//473 3180//473
f 3181//473 3182//473 3183//473
f 3184//473 3185//473 3186//473
f 3187//473 3188//473 3189//473
f 3190//473 3191//473 3192//473
f 3193//473 3194//473 3195//473
f 3196//473 3197//473 3198//473
f 3199//473 3200//473 3201//473
f 3202//473 3203//473 3204//473
f 3205//473 3206//473 3207//473
f 3208//473 3209//473 3210//473
f 3211//473 3212//473 3213//473
f 3214//473 3215//473 3216//473
f 3217//473 3218//473 3219//473
f 3220//473 3221//473 3222//473
f 3223//473 3224//473 3225//473
f 3226//473 3227//473 3228//473
f 3229//473 3230//473 3231//473
f 3232//473 3233//473 3234//473
f 3235//473 3236//473 3237//473
f 3238//473 3239//473 3240//473
f 3241//473 3242//473 3243//473
f 3244//473 3245//473 3246//473
f 3247//473 3248//473 3249//473
f 3250//473 3251//473 3252//473
f 3253//473 3254//473 3255//473
f 3256//519 3257//519 3258//519
f 3259//520 3260//520 3261//520
f 3262//521 3263//521 3264//521
f 3265//522 3266//522 3267//522
f 3268//523 3269//523 3270//523
f 3271//524 3272//524 3273//524
f 3274//525 3275//525 3276//525
f 3277//526 3278//526 3279//526
f 3280//527 3281//527 3282//527
f 3283//528 3284//528 3285//528
f 3286//529 3287//529 3288//529
f 3289//530 3290//530 3291//530
f 3292//531 3293//531 3294//531
f 3295//531 3296//531 3297//531
f 3298//532 3299//532 3300//532
f 3301//533 3302//533 3303//533
f 3304//534 3305//534 3306//534
f 3307//535 3308//535 3309//535
f 3310//536 3311//536 3312//536
f 3313//537 3314//537 3315//537
f 3316//538 3317//538 3318//538
f 3319//539 3320//539 3321//539
f 3322//540 3323//540 3324//540
f 3325//541 3326//541 3327//541
f 3328//74 3329//74 3330//74
f 3331//74 3332//74 3333//74
f 3334//74 3335//74 3336//74
f 3337//74 3338//74 3339//74
f 3340//74 3341//74 3342//74
f 3343//74 3344//74 3345//74
f 3346//74 3347//74 3348//74
f 3349//74 3350//74 3351//74
f 3352//74 3353//74 3354//74
f 3355//74 3356//74 3357//74
f 3358//74 3359//74 3360//74
f 3361//74 3362//74 3363//74
f 3364//74 3365//74 3366//74
f 3367//74 3368//74 3369//74
f 3370//74 3371//74 3372//74
f 3373//74 3374//74 3375//74
f 3376//74 3377//74 3378//74
f 3379//74 3380//74 3381//74
f 3382//74 3383//74 3384//74
f 3385//74 3386//74 3387//74
f 3388//74 3389//74 3390//74
f 3391//74 3392//74 3393//74
f 3394//74 3395//74 3396//74
f 3397//74 3398//74 3399//74
f 3400//74 3401//74 3402//74
f 3403//74 3404//74 3405//74
f 3406//74 3407//74 3408//74
f 3409//74 3410//74 3411//74
f 3412//74 3413//74 3414//74
f 3415//74 3416//74 3417//74
f 3418//74 3419//74 3420//74
f 3421//74 3422//74 3423//74
f 3424//74 3425//74 3426//74
f 3427//74 3428//74 3429//74
f 3430//74 3431//74 3432//74
f 3433//74 3434//74 3435//74
f 3436//74 3437//74 3438//74
f 3439//74 3440//74 3441//74
f 3442//74 3443//74 3444//74
f 3445//74 3446//74 3447//74
f 3448//74 3449//74 3450//74
f 3451//74 3452//74 3453//74
f 3454//74 3455//74 3456//74
f 3457//74 3458//74 3459//74
f 3460//74 3461//74 3462//74
f 3463//74 3464//74 3465//74
f 3466//74 3467//74 3468//74
f 3469//74 3470//74 3471//74
f 3472//74 3473//74 3474//74
f 3475//74 3476//74 3477//74
f 3478//74 3479//74 3480//74
f 3481//74 3482//74 3483//74
f 3484//74 3485//74 3486//74
f 3487//74 3488//74 3489//74
f 3490//74 3491//74 3492//74
f 3493//74 3494//74 3495//74
f 3496//74 3497//74 3498//74
f 3499//74 3500//74 3501//74
f 3502//74 3503//74 3504//74
f 3505//74 3506//74 3507//74
f 3508//74 3509//74 3510//74
f 3511//74 3512//74 3513//74
f 3514//74 3515//74 3516//74
f 3517//74 3518//74 3519//74
f 3520//74 3521//74 3522//74
f 3523//74 3524//74 3525//74
f 3526//74 3527//74 3528//74
f 3529//74 3530//74 3531//74
f 3532//74 3533//74 3534//74
f 3535//74 3536//74 3537//74
f 3538//74 3539//74 3540//74
f 3541//74 3542//74 3543//74
f 3544//74 3545//74 3546//74
f 3547//74 3548//74 3549//74
f 3550//74 3551//74 3552//74
f 3553//74 3554//74 3555//74
f 3556//74 3557//74 3558//74
f 3559//74 3560//74 3561//74
f 3562//74 3563//74 3564//74
f 3565//74 3566//74 3567//74
f 3568//74 3569//74 3570//74
f 3571//74 3572//74 3573//74
f 3574//74 3575//74 3576//74
f 3577//74 3578//74 3579//74
f 3580//74 3581//74 3582//74
f 3583//74 3584//74 3585//74
f 3586//74 3587//74 3588//74
f 3589//74 3590//74 3591//74
f 3592//74 3593//74 3594//74
f 3595//74 3596//74 3597//74
f 3598//74 3599//74 3600//74
f 3601//74 3602//74 3603//74
f 3604//74 3605//74 3606//74
f 3607//74 3608//74 3609//74
f 3610//74 3611//74 3612//74
f 3613//74 3614//74 3615//74
f 3616//74 3617//74 3618//74
f 3619//74 3620//74 3621//74
f 3622//74 3623//74 3624//74
f 3625//74 3626//74 3627//74
f 3628//74 3629//74 3630//74
f 3631//74 3632//74 3633//74
f 3634//74 3635//74 3636//74
f 3637//74 3638//74 3639//74
f 3640//74 3641//74 3642//74
f 3643//74 3644//74 3645//74
f 3646//74 3647//74 3648//74
f 3649//74 3650//74 3651//74
f 3652//74 3653//74 3654//74
f 3655//74 3656//74 3657//74
f 3658//74 3659//74 3660//74
f 3661//74 3662//74 3663//74
f 3664//74 3665//74 3666//74
f 3667//74 3668//74 3669//74
f 3670//74 3671//74 3672//74
f 3673//74 3674//74 3675//74
f 3676//74 3677//74 3678//74
f 3679//74 3680//74 3681//74
f 3682//74 3683//74 3684//74
f 3685//74 3686//74 3687//74
f 3688//74 3689//74 3690//74
f 3691//74 3692//74 3693//74
f 3694//74 3695//74 3696//74
f 3697//74 3698//74 3699//74
f 3700//74 3701//74 3702//74
f 3703//74 3704//74 3705//74
f 3706//74 3707//74 3708//74
f 3709//74 3710//74 3711//74
f 3712//74 3713//74 3714//74
f 3715//74 3716//74 3717//74
f 3718//74 3719//74 3720//74
f 3721//74 3722//74 3723//74
f 3724//74 3725//74 3726//74
f 3727//74 3728//74 3729//74
f 3730//74 3731//74 3732//74
f 3733//74 3734//74 3735//74
f 3736//74 3737//74 3738//74
f 3739//74 3740//74 3741//74
f 3742//75 3743//75 3744//75
f 3745//75 3746//75 3747//75
f 3748//75 3749//75 3750//75
f 3751//75 3752//75 3753//75
f 3754//75 3755//75 3756//75
f 3757//75 3758//75 3759//75
f 3760//75 3761//75 3762//75
f 3763//75 3764//75 3765//75
f 3766//447 3767//447 3768//447
f 3769//447 3770//447 3771//447
f 3772//447 3773//447 3774//447
f 3775//447 3776//447 3777//447
f 3778//447 3779//447 3780//447
f 3781//447 3782//447 3783//447
f 3784//447 3785//447 3786//447
f 3787//447 3788//447 3789//447
f 3790//447 3791//447 3792//447
f 3793//447 3794//447 3795//447
f 3796//447 3797//447 3798//447
f 3799//447 3800//447 3801//447
f 3802//447 3803//447 3804//447
f 3805//447 3806//447 3807//447
f 3808//447 3809//447 3810//447
f 3811//447 3812//447 3813//447
f 3814//447 3815//447 3816//447
f 3817//447 3818//447 3819//447
f 3820//447 3821//447 3822//447
f 3823//447 3824//447 3825//447
f 3826//542 3827//542 3828//542
f 3829//542 3830//542 3831//542
f 3832//543 3833//543 3834//543
f 3835//543 3836//543 3837//543
f 3838//544 3839//544 3840//544
f 3841//545 3842//545 3843//545
f 3844//545 3845//545 3846//545
f 3847//546 3848//546 3849//546
f 3850//546 3851//546 3852//546
f 3853//547 3854//547 3855//547
f 3856//547 3857//547 3858//547
f 3859//548 3860//548 3861//548
f 3862//548 3863//548 3864//548
f 3865//74 3866//74 3867//74
f 3868//74 3869//74 3870//74
f 3871//549 3872//549 3873//549
f 3874//549 3875//549 3876//549
f 3877//550 3878//550 3879//550
f 3880//550 3881//550 3882//550
f 3883//551 3884//551 3885//551
f 3886//551 3887//551 3888//551
f 3889//544 3890//544 3891//544
f 3892//552 3893//552 3894//552
f 3895//552 3896//552 3897//552
f 3898//553 3899//553 3900//553
f 3901//553 3902//553 3903//553
f 3904//554 3905//554 3906//554
f 3907//554 3908//554 3909//554
f 3910//555 3911//555 3912//555
f 3913//556 3914//556 3915//556
f 3916//557 3917//557 3918//557
f 3919//558 3920//558 3921//558
f 3922//473 3923//473 3924//473
f 3925//473 3926//473 3927//473
f 3928//559 3929//559 3930//559
f 3931//560 3932//560 3933//560
f 3934//561 3935//561 3936//561
f 3937//562 3938//562 3939//562
f 3940//563 3941//563 3942//563
f 3943//563 3944//563 3945//563
f 3946//447 3947//447 3948//447
f 3949//447 3950//447 3951//447
f 3952//447 3953//447 3954//447
f 3955//447 3956//447 3957//447
f 3958//447 3959//447 3960//447
f 3961//447 3962//447 3963//447
f 3964//447 3965//447 3966//447
f 3967//447 3968//447 3969//447
f 3970//447 3971//447 3972//447
f 3973//447 3974//447 3975//447
f 3976//447 3977//447 3978//447
f 3979//447 3980//447 3981//447
f 3982//447 3983//447 3984//447
f 3985//447 3986//447 3987//447
f 3988//447 3989//447 3990//447
f 3991//447 3992//447 3993//447
f 3994//447 3995//447 3996//447
f 3997//447 3998//447 3999//447
f 4000//447 4001//447 4002//447
f 4003//447 4004//447 4005//447
f 4006//542 4007//542 4008//542
f 4009//542 4010//542 4011//542
f 4012//543 4013//543 4014//543
f 4015//543 4016//543 4017//543
f 4018//544 4019//544 4020//544
f 4021//545 4022//545 4023//545
f 4024//564 4025//564 4026//564
f 4027//546 4028//546 4029//546
f 4030//546 4031//546 4032//546
f 4033//547 4034//547 4035//547
f 4036//547 4037//547 4038//547
f 4039//548 4040//548 4041//548
f 4042//548 4043//548 4044//548
f 4045//74 4046//74 4047//74
f 4048//74 4049//74 4050//74
f 4051//549 4052//549 4053//549
f 4054//549 4055//549 4056//549
f 4057//550 4058//550 4059//550
f 4060//550 4061//550 4062//550
f 4063//551 4064//551 4065//551
f 4066//551 4067//551 4068//551
f 4069//565 4070//565 4071//565
f 4072//552 4073//552 4074//552
f 4075//552 4076//552 4077//552
f 4078//553 4079//553 4080//553
f 4081//553 4082//553 4083//553
f 4084//554 4085//554 4086//554
f 4087//554 4088//554 4089//554
f 4090//555 4091//555 4092//555
f 4093//556 4094//556 4095//556
f 4096//557 4097//557 4098//557
f 4099//558 4100//558 4101//558
f 4102//473 4103//473 4104//473
f 4105//473 4106//473 4107//473
f 4108//559 4109//559 4110//559
f 4111//560 4112//560 4113//560
f 4114//561 4115//561 4116//561
f 4117//562 4118//562 4119//562
f 4120//563 4121//563 4122//563
f 4123//563 4124//563 4125//563
f 4126//543 4127//543 4128//543
f 4129//543 4130//543 4131//543
f 4132//542 4133//542 4134//542
f 4135//542 4136//542 4137//542
f 4138//545 4139//545 4140//545
f 4141//544 4142//544 4143//544
f 4144//565 4145//565 4146//565
f 4147//551 4148//551 4149//551
f 4150//551 4151//551 4152//551
f 4153//550 4154//550 4155//550
f 4156//550 4157//550 4158//550
f 4159//549 4160//549 4161//549
f 4162//549 4163//549 4164//549
f 4165//74 4166//74 4167//74
f 4168//74 4169//74 4170//74
f 4171//548 4172//548 4173//548
f 4174//548 4175//548 4176//548
f 4177//547 4178//547 4179//547
f 4180//547 4181//547 4182//547
f 4183//546 4184//546 4185//546
f 4186//546 4187//546 4188//546
f 4189//564 4190//564 4191//564
f 4192//285 4193//285 4194//285
f 4195//285 4196//285 4197//285
f 4198//285 4199//285 4200//285
f 4201//285 4202//285 4203//285
f 4204//285 4205//285 4206//285
f 4207//285 4208//285 4209//285
f 4210//285 4211//285 4212//285
f 4213//285 4214//285 4215//285
f 4216//285 4217//285 4218//285
f 4219//285 4220//285 4221//285
f 4222//285 4223//285 4224//285
f 4225//285 4226//285 4227//285
f 4228//285 4229//285 4230//285
f 4231//285 4232//285 4233//285
f 4234//285 4235//285 4236//285
f 4237//285 4238//285 4239//285
f 4240//285 4241//285 4242//285
f 4243//285 4244//285 4245//285
f 4246//285 4247//285 4248//285
f 4249//285 4250//285 4251//285
f 4252//543 4253//543 4254//543
f 4255//543 4256//543 4257//543
f 4258//542 4259//542 4260//542
f 4261//542 4262//542 4263//542
f 4264//545 4265//545 4266//545
f 4267//544 4268//544 4269//544
f 4270//544 4271//544 4272//544
f 4273//551 4274//551 4275//551
f 4276//551 4277//551 4278//551
f 4279//550 4280//550 4281//550
f 4282//550 4283//550 4284//550
f 4285//549 4286//549 4287//549
f 4288//549 4289//549 4290//549
f 4291//74 4292//74 4293//74
f 4294//74 4295//74 4296//74
f 4297//548 4298//548 4299//548
f 4300//548 4301//548 4302//548
f 4303//547 4304//547 4305//547
f 4306//547 4307//547 4308//547
f 4309//546 4310//546 4311//546
f 4312//546 4313//546 4314//546
f 4315//545 4316//545 4317//545
f 4318//285 4319//285 4320//285
f 4321//285 4322//285 4323//285
f 4324//285 4325//285 4326//285
f 4327//285 4328//285 4329//285
f 4330//285 4331//285 4332//285
f 4333//285 4334//285 4335//285
f 4336//285 4337//285 4338//285
f 4339//285 4340//285 4341//285
f 4342//285 4343//285 4344//285
f 4345//285 4346//285 4347//285
f 4348//285 4349//285 4350//285
f 4351//285 4352//285 4353//285
f 4354//285 4355//285 4356//285
f 4357//285 4358//285 4359//285
f 4360//285 4361//285 4362//285
f 4363//285 4364//285 4365//285
f 4366//285 4367//285 4368//285
f 4369//285 4370//285 4371//285
f 4372//285 4373//285 4374//285
f 4375//285 4376//285 4377//285
f 4378//552 4379//552 4380//552
f 4381//552 4382//552 4383//552
f 4384//553 4385//553 4386//553
f 4387//553 4388//553 4389//553
f 4390//554 4391//554 4392//554
f 4393//554 4394//554 4395//554
f 4396//555 4397//555 4398//555
f 4399//556 4400//556 4401//556
f 4402//557 4403//557 4404//557
f 4405//558 4406//558 4407//558
f 4408//473 4409//473 4410//473
f 4411//473 4412//473 4413//473
f 4414//559 4415//559 4416//559
f 4417//560 4418//560 4419//560
f 4420//561 4421//561 4422//561
f 4423//562 4424//562 4425//562
f 4426//563 4427//563 4428//563
f 4429//563 4430//563 4431//563
f 4432//552 4433//552 4434//552
f 4435//552 4436//552 4437//552
f 4438//553 4439//553 4440//553
f 4441//553 4442//553 4443//553
f 4444//554 4445//554 4446//554
f 4447//554 4448//554 4449//554
f 4450//555 4451//555 4452//555
f 4453//556 4454//556 4455//556
f 4456//557 4457//557 4458//557
f 4459//558 4460//558 4461//558
f 4462//473 4463//473 4464//473
f 4465//473 4466//473 4467//473
f 4468//559 4469//559 4470//559
f 4471//560 4472//560 4473//560
f 4474//561 4475//561 4476//561
f 4477//562 4478//562 4479//562
f 4480//563 4481//563 4482//563
f 4483//563 4484//563 4485//563
f 4486//566 4487//566 4488//566
f 4489//566 4490//566 4491//566
f 4492//567 4493//567 4494//567
f 4495//567 4496//567 4497//567
f 4498//568 4499//568 4500//568
f 4501//568 4502//568 4503//568
f 4504//569 4505//569 4506//569
f 4507//570 4508//570 4509//570
f 4510//571 4511//571 4512//571
f 4513//571 4514//571 4515//571
f 4516//572 4517//572 4518//572
f 4519//573 4520//573 4521//573
f 4522//574 4523//574 4524//574
f 4525//575 4526//575 4527//575
f 4528//576 4529//576 4530//576
f 4531//577 4532//577 4533//577
f 4534//578 4535//578 4536//578
f 4537//579 4538//579 4539//579
f 4540//580 4541//580 4542//580
f 4543//581 4544//581 4545//581
f 4546//582 4547//582 4548//582
f 4549//583 4550//583 4551//583
f 4552//584 4553//584 4554//584
f 4555//585 4556//585 4557//585
f 4558//586 4559//586 4560//586
f 4561//587 4562//587 4563//587
f 4564//588 4565//588 4566//588
f 4567//589 4568//589 4569//589
f 4570//590 4571//590 4572//590
f 4573//591 4574//591 4575//591
f 4576//592 4577//592 4578//592
f 4579//593 4580//593 4581//593
f 4582//594 4583//594 4584//594
f 4585//595 4586//595 4587//595
f 4588//596 4589//596 4590//596
f 4591//597 4592//597 4593//597
f 4594//597 4595//597 4596//597
f 4597//598 4598//598 4599//598
f 4600//598 4601//598 4602//598
f 4603//599 4604//599 4605//599
f 4606//599 4607//599 4608//599
f 4609//600 4610//600 4611//600
f 4612//600 4613//600 4614//600
f 4615//601 4616//601 4617//601
f 4618//601 4619//601 4620//601
f 4621//602 4622//602 4623//602
f 4624//602 4625//602 4626//602
f 4627//603 4628//603 4629//603
f 4630//604 4631//604 4632//604
f 4633//605 4634//605 4635//605
f 4636//605 4637//605 4638//605
f 4639//606 4640//606 4641//606
f 4642//607 4643//607 4644//607
f 4645//608 4646//608 4647//608
f 4648//608 4649//608 4650//608
f 4651//609 4652//609 4653//609
f 4654//609 4655//609 4656//609
f 4657//610 4658//610 4659//610
f 4660//610 4661//610 4662//610
f 4663//611 4664//611 4665//611
f 4666//612 4667//612 4668//612
f 4669//613 4670//613 4671//613
f 4672//614 4673//614 4674//614
f 4675//615 4676//615 4677//615
f 4678//616 4679//616 4680//616
f 4681//617 4682//617 4683//617
f 4684//618 4685//618 4686//618
f 4687//619 4688//619 4689//619
f 4690//620 4691//620 4692//620
f 4693//621 4694//621 4695//621
f 4696//622 4697//622 4698//622
f 4699//623 4700//623 4701//623
f 4702//624 4703//624 4704//624
f 4705//625 4706//625 4707//625
f 4708//626 4709//626 4710//626
f 4711//627 4712//627 4713//627
f 4714//628 4715//628 4716//628
f 4717//629 4718//629 4719//629
f 4720//630 4721//630 4722//630
f 4723//631 4724//631 4725//631
f 4726//632 4727//632 4728//632
f 4729//633 4730//633 4731//633
f 4732//73 4733//73 4734//73
f 4735//73 4736//73 4737//73
f 4738//72 4739//72 4740//72
f 4741//72 4742//72 4743//72
f 4744//71 4745//71 4746//71
f 4747//71 4748//71 4749//71
f 4750//634 4751//634 4752//634
f 4753//634 4754//634 4755//634
f 4756//635 4757//635 4758//635
f 4759//635 4760//635 4761//635
f 4762//636 4763//636 4764//636
f 4765//636 4766//636 4767//636
f 4768//637 4769//637 4770//637
f 4771//637 4772//637 4773//637
f 4774//638 4775//638 4776//638
f 4777//638 4778//638 4779//638
f 4780//639 4781//639 4782//639
f 4783//639 4784//639 4785//639
f 4786//640 4787//640 4788//640
f 4789//640 4790//640 4791//640
f 4792//641 4793//641 4794//641
f 4795//641 4796//641 4797//641
f 4798//642 4799//642 4800//642
f 4801//642 4802//642 4803//642
f 4804//643 4805//643 4806//643
f 4807//643 4808//643 4809//643
f 4810//644 4811//644 4812//644
f 4813//644 4814//644 4815//644
f 4816//645 4817//645 4818//645
f 4819//646 4820//646 4821//646
f 4822//647 4823//647 4824//647
f 4825//648 4826//648 4827//648
f 4828//649 4829//649 4830//649
f 4831//649 4832//649 4833//649
f 4834//650 4835//650 4836//650
f 4837//650 4838//650 4839//650
f 4840//651 4841//651 4842//651
f 4843//651 4844//651 4845//651
f 4846//652 4847//652 4848//652
f 4849//652 4850//652 4851//652
f 4852//653 4853//653 4854//653
f 4855//653 4856//653 4857//653
f 4858//654 4859//654 4860//654
f 4861//654 4862//654 4863//654
f 4864//655 4865//655 4866//655
f 4867//655 4868//655 4869//655
f 4870//656 4871//656 4872//656
f 4873//656 4874//656 4875//656
f 4876//657 4877//657 4878//657
f 4879//657 4880//657 4881//657
f 4882//658 4883//658 4884//658
f 4885//658 4886//658 4887//658
f 4888//659 4889//659 4890//659
f 4891//659 4892//659 4893//659
f 4894//660 4895//660 4896//660
f 4897//660 4898//660 4899//660
f 4900//661 4901//661 4902//661
f 4903//661 4904//661 4905//661
f 4906//662 4907//662 4908//662
f 4909//662 4910//662 4911//662
f 4912//663 4913//663 4914//663
f 4915//663 4916//663 4917//663
f 4918//664 4919//664 4920//664
f 4921//664 4922//664 4923//664
f 4924//665 4925//665 4926//665
f 4927//665 4928//665 4929//665
f 4930//666 4931//666 4932//666
f 4933//666 4934//666 4935//666
f 4936//667 4937//667 4938//667
f 4939//667 4940//667 4941//667
f 4942//668 4943//668 4944//668
f 4945//668 4946//668 4947//668
f 4948//669 4949//669 4950//669
f 4951//669 4952//669 4953//669
f 4954//670 4955//670 4956//670
f 4957//670 4958//670 4959//670
f 4960//671 4961//671 4962//671
f 4963//671 4964//671 4965//671
f 4966//672 4967//672 4968//672
f 4969//672 4970//672 4971//672
f 4972//673 4973//673 4974//673
f 4975//673 4976//673 4977//673
f 4978//674 4979//674 4980//674
f 4981//674 4982//674 4983//674
f 4984//675 4985//675 4986//675
f 4987//675 4988//675 4989//675
f 4990//676 4991//676 4992//676
f 4993//676 4994//676 4995//676
f 4996//677 4997//677 4998//677
f 4999//677 5000//677 5001//677
f 5002//678 5003//678 5004//678
f 5005//678 5006//678 5007//678
f 5008//679 5009//679 5010//679
f 5011//679 5012//679 5013//679
f 5014//680 5015//680 5016//680
f 5017//680 5018//680 5019//680
f 5020//681 5021//681 5022//681
f 5023//681 5024//681 5025//681
f 5026//682 5027//682 5028//682
f 5029//682 5030//682 5031//682
f 5032//683 5033//683 5034//683
f 5035//683 5036//683 5037//683
f 5038//684 5039//684 5040//684
f 5041//684 5042//684 5043//684
f 5044//685 5045//685 5046//685
f 5047//685 5048//685 5049//685
f 5050//686 5051//686 5052//686
f 5053//686 5054//686 5055//686
f 5056//687 5057//687 5058//687
f 5059//687 5060//687 5061//687
f 5062//688 5063//688 5064//688
f 5065//688 5066//688 5067//688
f 5068//689 5069//689 5070//689
f 5071//689 5072//689 5073//689
f 5074//690 5075//690 5076//690
f 5077//690 5078//690 5079//690
f 5080//691 5081//691 5082//691
f 5083//691 5084//691 5085//691
f 5086//692 5087//692 5088//692
f 5089//692 5090//692 5091//692
f 5092//693 5093//693 5094//693
f 5095//693 5096//693 5097//693
f 5098//694 5099//694 5100//694
f 5101//694 5102//694 5103//694
f 5104//695 5105//695 5106//695
f 5107//695 5108//695 5109//695
f 5110//696 5111//696 5112//696
f 5113//696 5114//696 5115//696
f 5116//697 5117//697 5118//697
f 5119//697 5120//697 5121//697
f 5122//698 5123//698 5124//698
f 5125//699 5126//699 5127//699
f 5128//700 5129//700 5130//700
f 5131//700 5132//700 5133//700
f 5134//701 5135//701 5136//701
f 5137//702 5138//702 5139//702
f 5140//703 5141//703 5142//703
f 5143//703 5144//703 5145//703
f 5146//704 5147//704 5148//704
f 5149//704 5150//704 5151//704
f 5152//705 5153//705 5154//705
f 5155//705 5156//705 5157//705
f 5158//706 5159//706 5160//706
f 5161//706 5162//706 5163//706
f 5164//707 5165//707 5166//707
f 5167//707 5168//707 5169//707
f 5170//708 5171//708 5172//708
f 5173//708 5174//708 5175//708
f 5176//709 5177//709 5178//709
f 5179//709 5180//709 5181//709
f 5182//710 5183//710 5184//710
f 5185//710 5186//710 5187//710
f 5188//711 5189//711 5190//711
f 5191//711 5192//711 5193//711
f 5194//712 5195//712 5196//712
f 5197//712 5198//712 5199//712
f 5200//29 5201//29 5202//29
f 5203//29 5204//29 5205//29
f 5206//28 5207//28 5208//28
f 5209//28 5210//28 5211//28
f 5212//27 5213//27 5214//27
f 5215//27 5216//27 5217//27
f 5218//713 5219//713 5220//713
f 5221//714 5222//714 5223//714
f 5224//715 5225//715 5226//715
f 5227//715 5228//715 5229//715
f 5230//716 5231//716 5232//716
f 5233//717 5234//717 5235//717
f 5236//718 5237//718 5238//718
f 5239//719 5240//719 5241//719
f 5242//720 5243//720 5244//720
f 5245//721 5246//721 5247//721
f 5248//722 5249//722 5250//722
f 5251//723 5252//723 5253//723
f 5254//724 5255//724 5256//724
f 5257//725 5258//725 5259//725
f 5260//726 5261//726 5262//726
f 5263//727 5264//727 5265//727
f 5266//728 5267//728 5268//728
f 5269//729 5270//729 5271//729
f 5272//730 5273//730 5274//730
f 5275//731 5276//731 5277//731
f 5278//732 5279//732 5280//732
f 5281//733 5282//733 5283//733
f 5284//734 5285//734 5286//734
f 5287//735 5288//735 5289//735
f 5290//736 5291//736 5292//736
f 5293//737 5294//737 5295//737
f 5296//738 5297//738 5298//738
f 5299//739 5300//739 5301//739
f 5302//740 5303//740 5304//740
f 5305//741 5306//741 5307//741
f 5308//741 5309//741 5310//741
f 5311//742 5312//742 5313//742
f 5314//742 5315//742 5316//742
f 5317//743 5318//743 5319//743
f 5320//743 5321//743 5322//743
f 5323//744 5324//744 5325//744
f 5326//744 5327//744 5328//744
f 5329//745 5330//745 5331//745
f 5332//746 5333//746 5334//746
f 5335//747 5336//747 5337//747
f 5338//747 5339//747 5340//747
f 5341//748 5342//748 5343//748
f 5344//749 5345//749 5346//749
f 5347//750 5348//750 5349//750
f 5350//750 5351//750 5352//750
f 5353//751 5354//751 5355//751
f 5356//751 5357//751 5358//751
f 5359//752 5360//752 5361//752
f 5362//752 5363//752 5364//752
f 5365//753 5366//753 5367//753
f 5368//753 5369//753 5370//753
f 5371//754 5372//754 5373//754
f 5374//754 5375//754 5376//754
f 5377//755 5378//755 5379//755
f 5380//756 5381//756 5382//756
f 5383//757 5384//757 5385//757
f 5386//758 5387//758 5388//758
f 5389//759 5390//759 5391//759
f 5392//760 5393//760 5394//760
f 5395//761 5396//761 5397//761
f 5398//762 5399//762 5400//762
f 5401//763 5402//763 5403//763
f 5404//764 5405//764 5406//764
f 5407//765 5408//765 5409//765
f 5410//766 5411//766 5412//766
f 5413//767 5414//767 5415//767
f 5416//768 5417//768 5418//768
f 5419//769 5420//769 5421//769
f 5422//770 5423//770 5424//770
f 5425//771 5426//771 5427//771
f 5428//772 5429//772 5430//772
f 5431//773 5432//773 5433//773
f 5434//774 5435//774 5436//774
f 5437//775 5438//775 5439//775
f 5440//776 5441//776 5442//776
f 5443//777 5444//777 5445//777
f 5446//778 5447//778 5448//778
f 5449//778 5450//778 5451//778
f 5452//779 5453//779 5454//779
f 5455//779 5456//779 5457//779
f 5458//780 5459//780 5460//780
f 5461//780 5462//780 5463//780
f 5464//781 5465//781 5466//781
f 5467//782 5468//782 5469//782
f 5470//783 5471//783 5472//783
f 5473//784 5474//784 5475//784
f 5476//784 5477//784 5478//784
f 5479//785 5480//785 5481//785
f 5482//786 5483//786 5484//786
f 5485//787 5486//787 5487//787
f 5488//788 5489//788 5490//788
f 5491//789 5492//789 5493//789
f 5494//783 5495//783 5496//783
f 5497//790 5498//790 5499//790
f 5500//790 5501//790 5502//790
f 5503//791 5504//791 5505//791
f 5506//791 5507//791 5508//791
f 5509//792 5510//792 5511//792
f 5512//792 5513//792 5514//792
f 5515//793 5516//793 5517//793
f 5518//793 5519//793 5520//793
f 5521//794 5522//794 5523//794
f 5524//794 5525//794 5526//794
f 5527//795 5528//795 5529//795
f 5530//795 5531//795 5532//795
f 5533//796 5534//796 5535//796
f 5536//796 5537//796 5538//796
f 5539//797 5540//797 5541//797
f 5542//797 5543//797 5544//797
f 5545//798 5546//798 5547//798
f 5548//798 5549//798 5550//798
f 5551//799 5552//799 5553//799
f 5554//799 5555//799 5556//799
f 5557//800 5558//800 5559//800
f 5560//801 5561//801 5562//801
f 5563//802 5564//802 5565//802
f 5566//803 5567//803 5568//803
f 5569//804 5570//804 5571//804
f 5572//805 5573//805 5574//805
f 5575//806 5576//806 5577//806
f 5578//807 5579//807 5580//807
f 5581//808 5582//808 5583//808
f 5584//809 5585//809 5586//809
f 5587//810 5588//810 5589//810
f 5590//811 5591//811 5592//811
f 5593//812 5594//812 5595//812
f 5596//813 5597//813 5598//813
f 5599//814 5600//814 5601//814
f 5602//815 5603//815 5604//815
f 5605//816 5606//816 5607//816
f 5608//817 5609//817 5610//817
f 5611//818 5612//818 5613//818
f 5614//819 5615//819 5616//819
f 5617//820 5618//820 5619//820
f 5620//821 5621//821 5622//821
f 5623//822 5624//822 5625//822
f 5626//823 5627//823 5628//823
f 5629//824 5630//824 5631//824
f 5632//825 5633//825 5634//825
f 5635//826 5636//826 5637//826
f 5638//827 5639//827 5640//827
f 5641//828 5642//828 5643//828
f 5644//829 5645//829 5646//829
f 5647//830 5648//830 5649//830
f 5650//831 5651//831 5652//831
f 5653//832 5654//832 5655//832
f 5656//833 5657//833 5658//833
f 5659//834 5660//834 5661//834
f 5662//835 5663//835 5664//835
f 5665//836 5666//836 5667//836
f 5668//837 5669//837 5670//837
f 5671//838 5672//838 5673//838
f 5674//839 5675//839 5676//839
f 5677//840 5678//840 5679//840
f 5680//841 5681//841 5682//841
f 5683//842 5684//842 5685//842
f 5686//843 5687//843 5688//843
f 5689//844 5690//844 5691//844
f 5692//845 5693//845 5694//845
f 5695//846 5696//846 5697//846
f 5698//847 5699//847 5700//847
f 5701//848 5702//848 5703//848
f 5704//849 5705//849 5706//849
f 5707//850 5708//850 5709//850
f 5710//851 5711//851 5712//851
f 5713//852 5714//852 5715//852
f 5716//853 5717//853 5718//853
f 5719//854 5720//854 5721//854
f 5722//855 5723//855 5724//855
f 5725//856 5726//856 5727//856
f 5728//857 5729//857 5730//857
f 5731//858 5732//858 5733//858
f 5734//859 5735//859 5736//859
f 5737//860 5738//860 5739//860
f 5740//861 5741//861 5742//861
f 5743//862 5744//862 5745//862
f 5746//863 5747//863 5748//863
f 5749//864 5750//864 5751//864
f 5752//865 5753//865 5754//865
f 5755//866 5756//866 5757//866
f 5758//867 5759//867 5760//867
f 5761//868 5762//868 5763//868
f 5764//869 5765//869 5766//869
f 5767//870 5768//870 5769//870
f 5770//871 5771//871 5772//871
f 5773//872 5774//872 5775//872
f 5776//873 5777//873 5778//873
f 5779//874 5780//874 5781//874
f 5782//875 5783//875 5784//875
f 5785//876 5786//876 5787//876
f 5788//877 5789//877 5790//877
f 5791//878 5792//878 5793//878
f 5794//879 5795//879 5796//879
f 5797//880 5798//880 5799//880
f 5800//881 5801//881 5802//881
f 5803//882 5804//882 5805//882
f 5806//883 5807//883 5808//883
f 5809//884 5810//884 5811//884
f 5812//885 5813//885 5814//885
f 5815//74 5816//74 5817//74
f 5818//74 5819//74 5820//74
f 5821//74 5822//74 5823//74
f 5824//74 5825//74 5826//74
f 5827//74 5828//74 5829//74
f 5830//74 5831//74 5832//74
f 5833//74 5834//74 5835//74
f 5836//74 5837//74 5838//74
f 5839//74 5840//74 5841//74
f 5842//74 5843//74 5844//74
f 5845//74 5846//74 5847//74
f 5848//74 5849//74 5850//74
f 5851//74 5852//74 5853//74
f 5854//74 5855//74 5856//74
f 5857//74 5858//74 5859//74
f 5860//74 5861//74 5862//74
f 5863//74 5864//74 5865//74
f 5866//74 5867//74 5868//74
f 5869//74 5870//74 5871//74
f 5872//74 5873//74 5874//74
f 5875//74 5876//74 5877//74
f 5878//74 5879//74 5880//74
f 5881//74 5882//74 5883//74
f 5884//74 5885//74 5886//74
f 5887//74 5888//74 5889//74
f 5890//74 5891//74 5892//74
f 5893//74 5894//74 5895//74
f 5896//74 5897//74 5898//74
f 5899//74 5900//74 5901//74
f 5902//74 5903//74 5904//74
f 5905//74 5906//74 5907//74
f 5908//74 5909//74 5910//74
f 5911//74 5912//74 5913//74
f 5914//74 5915//74 5916//74
f 5917//74 5918//74 5919//74
f 5920//74 5921//74 5922//74
f 5923//74 5924//74 5925//74
f 5926//74 5927//74 5928//74
f 5929//74 5930//74 5931//74
f 5932//74 5933//74 5934//74
f 5935//74 5936//74 5937//74
f 5938//74 5939//74 5940//74
f 5941//74 5942//74 5943//74
f 5944//74 5945//74 5946//74
f 5947//74 5948//74 5949//74
f 5950//74 5951//74 5952//74
f 5953//74 5954//74 5955//74
f 5956//74 5957//74 5958//74
f 5959//74 5960//74 5961//74
f 5962//74 5963//74 5964//74
f 5965//74 5966//74 5967//74
f 5968//74 5969//74 5970//74
f 5971//74 5972//74 5973//74
f 5974//74 5975//74 5976//74
f 5977//74 5978//74 5979//74
f 5980//74 5981//74 5982//74
f 5983//74 5984//74 5985//74
f 5986//74 5987//74 5988//74
f 5989//74 5990//74 5991//74
f 5992//74 5993//74 5994//74
f 5995//74 5996//74 5997//74
f 5998//74 5999//74 6000//74
f 6001//886 6002//886 6003//886
f 6004//886 6005//886 6006//886
f 6007//887 6008//887 6009//887
f 6010//887 6011//887 6012//887
f 6013//888 6014//888 6015//888
f 6016//888 6017//888 6018//888
f 6019//889 6020//889 6021//889
f 6022//889 6023//889 6024//889
f 6025//890 6026//890 6027//890
f 6028//890 6029//890 6030//890
f 6031//891 6032//891 6033//891
f 6034//891 6035//891 6036//891
f 6037//892 6038//892 6039//892
f 6040//892 6041//892 6042//892
f 6043//893 6044//893 6045//893
f 6046//893 6047//893 6048//893
f 6049//894 6050//894 6051//894
f 6052//894 6053//894 6054//894
f 6055//895 6056//895 6057//895
f 6058//895 6059//895 6060//895
f 6061//896 6062//896 6063//896
f 6064//896 6065//896 6066//896
f 6067//897 6068//897 6069//897
f 6070//897 6071//897 6072//897
f 6073//898 6074//898 6075//898
f 6076//898 6077//898 6078//898
f 6079//899 6080//899 6081//899
f 6082//899 6083//899 6084//899
f 6085//900 6086//900 6087//900
f 6088//900 6089//900 6090//900
f 6091//901 6092//901 6093//901
f 6094//901 6095//901 6096//901
f 6097//902 6098//902 6099//902
f 6100//902 6101//902 6102//902
f 6103//903 6104//903 6105//903
f 6106//903 6107//903 6108//903
f 6109//285 6110//285 6111//285
f 6112//285 6113//285 6114//285
f 6115//904 6116//904 6117//904
f 6118//904 6119//904 6120//904
f 6121//905 6122//905 6123//905
f 6124//905 6125//905 6126//905
f 6127//906 6128//906 6129//906
f 6130//906 6131//906 6132//906
f 6133//907 6134//907 6135//907
f 6136//907 6137//907 6138//907
f 6139//908 6140//908 6141//908
f 6142//908 6143//908 6144//908
f 6145//909 6146//909 6147//909
f 6148//909 6149//909 6150//909
f 6151//910 6152//910 6153//910
f 6154//910 6155//910 6156//910
f 6157//911 6158//911 6159//911
f 6160//911 6161//911 6162//911
f 6163//912 6164//912 6165//912
f 6166//912 6167//912 6168//912
f 6169//913 6170//913 6171//913
f 6172//913 6173//913 6174//913
f 6175//914 6176//914 6177//914
f 6178//914 6179//914 6180//914
f 6181//915 6182//915 6183//915
f 6184//915 6185//915 6186//915
f 6187//916 6188//916 6189//916
f 6190//916 6191//916 6192//916
f 6193//917 6194//917 6195//917
f 6196//917 6197//917 6198//917
f 6199//918 6200//918 6201//918
f 6202//918 6203//918 6204//918
f 6205//919 6206//919 6207//919
f 6208//919 6209//919 6210//919
f 6211//920 6212//920 6213//920
f 6214//921 6215//921 6216//921
f 6217//921 6218//921 6219//921
f 6220//922 6221//922 6222//922
f 6223//922 6224//922 6225//922
f 6226//923 6227//923 6228//923
f 6229//923 6230//923 6231//923
f 6232//924 6233//924 6234//924
f 6235//924 6236//924 6237//924
f 6238//925 6239//925 6240//925
f 6241//925 6242//925 6243//925
f 6244//926 6245//926 6246//926
f 6247//926 6248//926 6249//926
f 6250//927 6251//927 6252//927
f 6253//927 6254//927 6255//927
f 6256//928 6257//928 6258//928
f 6259//928 6260//928 6261//928
f 6262//929 6263//929 6264//929
f 6265//929 6266//929 6267//929
f 6268//930 6269//930 6270//930
f 6271//930 6272//930 6273//930
f 6274//931 6275//931 6276//931
f 6277//931 6278//931 6279//931
f 6280//932 6281//932 6282//932
f 6283//932 6284//932 6285//932
f 6286//933 6287//933 6288//933
f 6289//933 6290//933 6291//933
f 6292//920 6293//920 6294//920
f 6295//934 6296//934 6297//934
f 6298//934 6299//934 6300//934
f 6301//935 6302//935 6303//935
f 6304//935 6305//935 6306//935
f 6307//936 6308//936 6309//936
f 6310//936 6311//936 6312//936
f 6313//937 6314//937 6315//937
f 6316//937 6317//937 6318//937
f 6319//75 6320//75 6321//75
f 6322//75 6323//75 6324//75
f 6325//938 6326//938 6327//938
f 6328//938 6329//938 6330//938
f 6331//939 6332//939 6333//939
f 6334//939 6335//939 6336//939
f 6337//940 6338//940 6339//940
f 6340//940 6341//940 6342//940
f 6343//941 6344//941 6345//941
f 6346//941 6347//941 6348//941
f 6349//942 6350//942 6351//942
f 6352//942 6353//942 6354//942
f 6355//943 6356//943 6357//943
f 6358//943 6359//943 6360//943
f 6361//460 6362//460 6363//460
f 6364//460 6365//460 6366//460
f 6367//944 6368//944 6369//944
f 6370//944 6371//944 6372//944
f 6373//945 6374//945 6375//945
f 6376//945 6377//945 6378//945
f 6379//920 6380//920 6381//920
f 6382//921 6383//921 6384//921
f 6385//921 6386//921 6387//921
f 6388//922 6389//922 6390//922
f 6391//922 6392//922 6393//922
f 6394//923 6395//923 6396//923
f 6397//923 6398//923 6399//923
f 6400//924 6401//924 6402//924
f 6403//924 6404//924 6405//924
f 6406//925 6407//925 6408//925
f 6409//925 6410//925 6411//925
f 6412//926 6413//926 6414//926
f 6415//926 6416//926 6417//926
f 6418//927 6419//927 6420//927
f 6421//927 6422//927 6423//927
f 6424//928 6425//928 6426//928
f 6427//928 6428//928 6429//928
f 6430//929 6431//929 6432//929
f 6433//929 6434//929 6435//929
f 6436//930 6437//930 6438//930
f 6439//930 6440//930 6441//930
f 6442//931 6443//931 6444//931
f 6445//931 6446//931 6447//931
f 6448//932 6449//932 6450//932
f 6451//932 6452//932 6453//932
f 6454//933 6455//933 6456//933
f 6457//933 6458//933 6459//933
f 6460//920 6461//920 6462//920
f 6463//934 6464//934 6465//934
f 6466//934 6467//934 6468//934
f 6469//935 6470//935 6471//935
f 6472//935 6473//935 6474//935
f 6475//936 6476//936 6477//936
f 6478//936 6479//936 6480//936
f 6481//937 6482//937 6483//937
f 6484//937 6485//937 6486//937
f 6487//75 6488//75 6489//75
f 6490//75 6491//75 6492//75
f 6493//938 6494//938 6495//938
f 6496//938 6497//938 6498//938
f 6499//939 6500//939 6501//939
f 6502//939 6503//939 6504//939
f 6505//940 6506//940 6507//940
f 6508//940 6509//940 6510//940
f 6511//941 6512//941 6513//941
f 6514//941 6515//941 6516//941
f 6517//942 6518//942 6519//942
f 6520//942 6521//942 6522//942
f 6523//943 6524//943 6525//943
f 6526//943 6527//943 6528//943
f 6529//460 6530//460 6531//460
f 6532//460 6533//460 6534//460
f 6535//944 6536//944 6537//944
f 6538//944 6539//944 6540//944
f 6541//945 6542//945 6543//945
f 6544//945 6545//945 6546//945
f 6547//920 6548//920 6549//920
f 6550//921 6551//921 6552//921
f 6553//921 6554//921 6555//921
f 6556//922 6557//922 6558//922
f 6559//922 6560//922 6561//922
f 6562//923 6563//923 6564//923
f 6565//923 6566//923 6567//923
f 6568//924 6569//924 6570//924
f 6571//924 6572//924 6573//924
f 6574//925 6575//925 6576//925
f 6577//925 6578//925 6579//925
f 6580//926 6581//926 6582//926
f 6583//926 6584//926 6585//926
f 6586//927 6587//927 6588//927
f 6589//927 6590//927 6591//927
f 6592//928 6593//928 6594//928
f 6595//928 6596//928 6597//928
f 6598//929 6599//929 6600//929
f 6601//929 6602//929 6603//929
f 6604//930 6605//930 6606//930
f 6607//930 6608//930 6609//930
f 6610//931 6611//931 6612//931
f 6613//931 6614//931 6615//931
f 6616//932 6617//932 6618//932
f 6619//932 6620//932 6621//932
f 6622//933 6623//933 6624//933
f 6625//933 6626//933 6627//933
f 6628//920 6629//920 6630//920
f 6631//934 6632//934 6633//934
f 6634//934 6635//934 6636//934
f 6637//935 6638//935 6639//935
f 6640//935 6641//935 6642//935
f 6643//936 6644//936 6645//936
f 6646//936 6647//936 6648//936
f 6649//937 6650//937 6651//937
f 6652//937 6653//937 6654//937
f 6655//75 6656//75 6657//75
f 6658//75 6659//75 6660//75
f 6661//938 6662//938 6663//938
f 6664//938 6665//938 6666//938
f 6667//939 6668//939 6669//939
f 6670//939 6671//939 6672//939
f 6673//940 6674//940 6675//940
f 6676//940 6677//940 6678//940
f 6679//941 6680//941 6681//941
f 6682//941 6683//941 6684//941
f 6685//942 6686//942 6687//942
f 6688//942 6689//942 6690//942
f 6691//943 6692//943 6693//943
f 6694//943 6695//943 6696//943
f 6697//460 6698//460 6699//460
f 6700//460 6701//460 6702//460
f 6703//944 6704//944 6705//944
f 6706//944 6707//944 6708//944
f 6709//945 6710//945 6711//945
f 6712//945 6713//945 6714//945
f 6715//920 6716//920 6717//920
f 6718//921 6719//921 6720//921
f 6721//921 6722//921 6723//921
f 6724//922 6725//922 6726//922
f 6727//922 6728//922 6729//922
f 6730//923 6731//923 6732//923
f 6733//923 6734//923 6735//923
f 6736//924 6737//924 6738//924
f 6739//924 6740//924 6741//924
f 6742//925 6743//925 6744//925
f 6745//925 6746//925 6747//925
f 6748//926 6749//926 6750//926
f 6751//926 6752//926 6753//926
f 6754//927 6755//927 6756//927
f 6757//927 6758//927 6759//927
f 6760//928 6761//928 6762//928
f 6763//928 6764//928 6765//928
f 6766//929 6767//929 6768//929
f 6769//929 6770//929 6771//929
f 6772//930 6773//930 6774//930
f 6775//930 6776//930 6777//930
f 6778//931 6779//931 6780//931
f 6781//931 6782//931 6783//931
f 6784//932 6785//932 6786//932
f 6787//932 6788//932 6789//932
f 6790//933 6791//933 6792//933
f 6793//933 6794//933 6795//933
f 6796//920 6797//920 6798//920
f 6799//934 6800//934 6801//934
f 6802//934 6803//934 6804//934
f 6805//935 6806//935 6807//935
f 6808//935 6809//935 6810//935
f 6811//936 6812//936 6813//936
f 6814//936 6815//936 6816//936
f 6817//937 6818//937 6819//937
f 6820//937 6821//937 6822//937
f 6823//75 6824//75 6825//75
f 6826//75 6827//75 6828//75
f 6829//938 6830//938 6831//938
f 6832//938 6833//938 6834//938
f 6835//939 6836//939 6837//939
f 6838//939 6839//939 6840//939
f 6841//940 6842//940 6843//940
f 6844//940 6845//940 6846//940
f 6847//941 6848//941 6849//941
f 6850//941 6851//941 6852//941
f 6853//942 6854//942 6855//942
f 6856//942 6857//942 6858//942
f 6859//943 6860//943 6861//943
f 6862//943 6863//943 6864//943
f 6865//460 6866//460 6867//460
f 6868//460 6869//460 6870//460
f 6871//944 6872//944 6873//944
f 6874//944 6875//944 6876//944
f 6877//945 6878//945 6879//945
f 6880//945 6881//945 6882//945
f 6883//74 6884//74 6885//74
f 6886//74 6887//74 6888//74
f 6889//74 6890//74 6891//74
f 6892//74 6893//74 6894//74
f 6895//74 6896//74 6897//74
f 6898//74 6899//74 6900//74
f 6901//74 6902//74 6903//74
f 6904//74 6905//74 6906//74
f 6907//74 6908//74 6909//74
f 6910//74 6911//74 6912//74
f 6913//74 6914//74 6915//74
f 6916//74 6917//74 6918//74
f 6919//74 6920//74 6921//74
f 6922//74 6923//74 6924//74
f 6925//74 6926//74 6927//74
f 6928//74 6929//74 6930//74
f 6931//74 6932//74 6933//74
f 6934//74 6935//74 6936//74
f 6937//74 6938//74 6939//74
f 6940//74 6941//74 6942//74
f 6943//74 6944//74 6945//74
f 6946//74 6947//74 6948//74
f 6949//74 6950//74 6951//74
f 6952//74 6953//74 6954//74
f 6955//74 6956//74 6957//74
f 6958//74 6959//74 6960//74
f 6961//74 6962//74 6963//74
f 6964//74 6965//74 6966//74
f 6967//74 6968//74 6969//74
f 6970//74 6971//74 6972//74
f 6973//74 6974//74 6975//74
f 6976//74 6977//74 6978//74
f 6979//74 6980//74 6981//74
f 6982//74 6983//74 6984//74
f 6985//74 6986//74 6987//74
f 6988//74 6989//74 6990//74
f 6991//74 6992//74 6993//74
f 6994//74 6995//74 6996//74
f 6997//74 6998//74 6999//74
f 7000//74 7001//74 7002//74
f 7003//74 7004//74 7005//74
f 7006//74 7007//74 7008//74
f 7009//74 7010//74 7011//74
f 7012//74 7013//74 7014//74
f 7015//74 7016//74 7017//74
f 7018//74 7019//74 7020//74
f 7021//74 7022//74 7023//74
f 7024//74 7025//74 7026//74
f 7027//74 7028//74 7029//74
f 7030//74 7031//74 7032//74
f 7033//74 7034//74 7035//74
f 7036//74 7037//74 7038//74
f 7039//74 7040//74 7041//74
f 7042//74 7043//74 7044//74
f 7045//74 7046//74 7047//74
f 7048//74 7049//74 7050//74
f 7051//74 7052//74 7053//74
f 7054//74 7055//74 7056//74
f 7057//74 7058//74 7059//74
f 7060//74 7061//74 7062//74
f 7063//74 7064//74 7065//74
f 7066//74 7067//74 7068//74
f 7069//74 7070//74 7071//74
f 7072//74 7073//74 7074//74
f 7075//74 7076//74 7077//74
f 7078//74 7079//74 7080//74
f 7081//74 7082//74 7083//74
f 7084//74 7085//74 7086//74
f 7087//74 7088//74 7089//74
f 7090//74 7091//74 7092//74
f 7093//74 7094//74 7095//74
f 7096//74 7097//74 7098//74
f 7099//74 7100//74 7101//74
f 7102//74 7103//74 7104//74
f 7105//74 7106//74 7107//74
f 7108//74 7109//74 7110//74
f 7111//74 7112//74 7113//74
f 7114//74 7115//74 7116//74
f 7117//74 7118//74 7119//74
f 7120//74 7121//74 7122//74
f 7123//74 7124//74 7125//74
f 7126//74 7127//74 7128//74
f 7129//74 7130//74 7131//74
f 7132//74 7133//74 7134//74
f 7135//74 7136//74 7137//74
f 7138//74 7139//74 7140//74
f 7141//74 7142//74 7143//74
f 7144//74 7145//74 7146//74
f 7147//74 7148//74 7149//74
f 7150//74 7151//74 7152//74
f 7153//74 7154//74 7155//74
f 7156//74 7157//74 7158//74
f 7159//74 7160//74 7161//74
f 7162//74 7163//74 7164//74
f 7165//74 7166//74 7167//74
f 7168//74 7169//74 7170//74
f 7171//74 7172//74 7173//74
f 7174//74 7175//74 7176//74
f 7177//74 7178//74 7179//74
f 7180//74 7181//74 7182//74
f 7183//946 7184//946 7185//946
f 7186//946 7187//946 7188//946
f 7189//947 7190//947 7191//947
f 7192//947 7193//947 7194//947
f 7195//948 7196//948 7197//948
f 7198//948 7199//948 7200//948
f 7201//949 7202//949 7203//949
f 7204//949 7205//949 7206//949
f 7207//950 7208//950 7209//950
f 7210//950 7211//950 7212//950
f 7213//951 7214//951 7215//951
f 7216//951 7217//951 7218//951
f 7219//285 7220//285 7221//285
f 7222//285 7223//285 7224//285
f 7225//952 7226//952 7227//952
f 7228//952 7229//952 7230//952
f 7231//953 7232//953 7233//953
f 7234//953 7235//953 7236//953
f 7237//954 7238//954 7239//954
f 7240//954 7241//954 7242//954
f 7243//955 7244//955 7245//955
f 7246//955 7247//955 7248//955
f 7249//946 7250//946 7251//946
f 7252//946 7253//946 7254//946
f 7255//947 7256//947 7257//947
f 7258//947 7259//947 7260//947
f 7261//948 7262//948 7263//948
f 7264//948 7265//948 7266//948
f 7267//949 7268//949 7269//949
f 7270//949 7271//949 7272//949
f 7273//950 7274//950 7275//950
f 7276//950 7277//950 7278//950
f 7279//951 7280//951 7281//951
f 7282//951 7283//951 7284//951
f 7285//285 7286//285 7287//285
f 7288//285 7289//285 7290//285
f 7291//952 7292//952 7293//952
f 7294//952 7295//952 7296//952
f 7297//953 7298//953 7299//953
f 7300//953 7301//953 7302//953
f 7303//954 7304//954 7305//954
f 7306//954 7307//954 7308//954
f 7309//955 7310//955 7311//955
f 7312//955 7313//955 7314//955
f 7315//946 7316//946 7317//946
f 7318//946 7319//946 7320//946
f 7321//947 7322//947 7323//947
f 7324//947 7325//947 7326//947
f 7327//948 7328//948 7329//948
f 7330//948 7331//948 7332//948
f 7333//949 7334//949 7335//949
f 7336//949 7337//949 7338//949
f 7339//950 7340//950 7341//950
f 7342//950 7343//950 7344//950
f 7345//951 7346//951 7347//951
f 7348//951 7349//951 7350//951
f 7351//285 7352//285 7353//285
f 7354//285 7355//285 7356//285
f 7357//952 7358//952 7359//952
f 7360//952 7361//952 7362//952
f 7363//953 7364//953 7365//953
f 7366//953 7367//953 7368//953
f 7369//954 7370//954 7371//954
f 7372//954 7373//954 7374//954
f 7375//955 7376//955 7377//955
f 7378//955 7379//955 7380//955
f 7381//956 7382//956 7383//956
f 7384//957 7385//957 7386//957
f 7387//958 7388//958 7389//958
f 7390//959 7391//959 7392//959
f 7393//960 7394//960 7395//960
f 7396//961 7397//961 7398//961
f 7399//962 7400//962 7401//962
f 7402//963 7403//963 7404//963
f 7405//964 7406//964 7407//964
f 7408//965 7409//965 7410//965
f 7411//966 7412//966 7413//966
f 7414//967 7415//967 7416//967
f 7417//968 7418//968 7419//968
f 7420//969 7421//969 7422//969
f 7423//970 7424//970 7425//970
f 7426//971 7427//971 7428//971
f 7429//972 7430//972 7431//972
f 7432//973 7433//973 7434//973
f 7435//974 7436//974 7437//974
f 7438//975 7439//975 7440//975
f 7441//976 7442//976 7443//976
f 7444//977 7445//977 7446//977
f 7447//978 7448//978 7449//978
f 7450//978 7451//978 7452//978
f 7453//979 7454//979 7455//979
f 7456//979 7457//979 7458//979
f 7459//980 7460//980 7461//980
f 7462//980 7463//980 7464//980
f 7465//981 7466//981 7467//981
f 7468//981 7469//981 7470//981
f 7471//982 7472//982 7473//982
f 7474//982 7475//982 7476//982
f 7477//983 7478//983 7479//983
f 7480//983 7481//983 7482//983
f 7483//984 7484//984 7485//984
f 7486//984 7487//984 7488//984
f 7489//985 7490//985 7491//985
f 7492//985 7493//985 7494//985
f 7495//986 7496//986 7497//986
f 7498//986 7499//986 7500//986
f 7501//987 7502//987 7503//987
f 7504//987 7505//987 7506//987
f 7507//988 7508//988 7509//988
f 7510//988 7511//988 7512//988
f 7513//989 7514//989 7515//989
f 7516//989 7517//989 7518//989
f 7519//990 7520//990 7521//990
f 7522//990 7523//990 7524//990
f 7525//991 7526//991 7527//991
f 7528//991 7529//991 7530//991
f 7531//992 7532//992 7533//992
f 7534//992 7535//992 7536//992
f 7537//993 7538//993 7539//993
f 7540//993 7541//993 7542//993
f 7543//994 7544//994 7545//994
f 7546//994 7547//994 7548//994
f 7549//995 7550//995 7551//995
f 7552//995 7553//995 7554//995
f 7555//996 7556//996 7557//996
f 7558//996 7559//996 7560//996
f 7561//997 7562//997 7563//997
f 7564//997 7565//997 7566//997
f 7567//998 7568//998 7569//998
f 7570//998 7571//998 7572//998
f 7573//999 7574//999 7575//999
f 7576//999 7577//999 7578//999
f 7579//1000 7580//1000 7581//1000
f 7582//1000 7583//1000 7584//1000
f 7585//1001 7586//1001 7587//1001
f 7588//1001 7589//1001 7590//1001
f 7591//1002 7592//1002 7593//1002
f 7594//1002 7595//1002 7596//1002
f 7597//1003 7598//1003 7599//1003
f 7600//1004 7601//1004 7602//1004
f 7603//1004 7604//1004 7605//1004
f 7606//1005 7607//1005 7608//1005
f 7609//1005 7610//1005 7611//1005
f 7612//1006 7613//1006 7614//1006
f 7615//1006 7616//1006 7617//1006
f 7618//1007 7619//1007 7620//1007
f 7621//1007 7622//1007 7623//1007
f 7624//1008 7625//1008 7626//1008
f 7627//1008 7628//1008 7629//1008
f 7630//1009 7631//1009 7632//1009
f 7633//1009 7634//1009 7635//1009
f 7636//1010 7637//1010 7638//1010
f 7639//1010 7640//1010 7641//1010
f 7642//1011 7643//1011 7644//1011
f 7645//1011 7646//1011 7647//1011
f 7648//1012 7649//1012 7650//1012
f 7651//1012 7652//1012 7653//1012
f 7654//1013 7655//1013 7656//1013
f 7657//1013 7658//1013 7659//1013
f 7660//1014 7661//1014 7662//1014
f 7663//1014 7664//1014 7665//1014
f 7666//1015 7667//1015 7668//1015
f 7669//1015 7670//1015 7671//1015
f 7672//447 7673//447 7674//447
f 7675//447 7676//447 7677//447
f 7678//1016 7679//1016 7680//1016
f 7681//1016 7682//1016 7683//1016
f 7684//1017 7685//1017 7686//1017
f 7687//1017 7688//1017 7689//1017
f 7690//1018 7691//1018 7692//1018
f 7693//1018 7694//1018 7695//1018
f 7696//1019 7697//1019 7698//1019
f 7699//1019 7700//1019 7701//1019
f 7702//1020 7703//1020 7704//1020
f 7705//1020 7706//1020 7707//1020
f 7708//1021 7709//1021 7710//1021
f 7711//1021 7712//1021 7713//1021
f 7714//1022 7715//1022 7716//1022
f 7717//1022 7718//1022 7719//1022
f 7720//1023 7721//1023 7722//1023
f 7723//1023 7724//1023 7725//1023
f 7726//1024 7727//1024 7728//1024
f 7729//1024 7730//1024 7731//1024
f 7732//1025 7733//1025 7734//1025
f 7735//1025 7736//1025 7737//1025
f 7738//1026 7739//1026 7740//1026
f 7741//1026 7742//1026 7743//1026
f 7744//1003 7745//1003 7746//1003
f 7747//74 7748//74 7749//74
f 7750//74 7751//74 7752//74
f 7753//74 7754//74 7755//74
f 7756//74 7757//74 7758//74
f 7759//74 7760//74 7761//74
f 7762//74 7763//74 7764//74
f 7765//74 7766//74 7767//74
f 7768//74 7769//74 7770//74
f 7771//74 7772//74 7773//74
f 7774//74 7775//74 7776//74
f 7777//74 7778//74 7779//74
f 7780//74 7781//74 7782//74
f 7783//74 7784//74 7785//74
f 7786//74 7787//74 7788//74
f 7789//74 7790//74 7791//74
f 7792//74 7793//74 7794//74
f 7795//74 7796//74 7797//74
f 7798//74 7799//74 7800//74
f 7801//74 7802//74 7803//74
f 7804//74 7805//74 7806//74
f 7807//74 7808//74 7809//74
f 7810//74 7811//74 7812//74
f 7813//74 7814//74 7815//74
f 7816//1027 7817//1027 7818//1027
f 7819//1028 7820//1028 7821//1028
f 7822//1029 7823//1029 7824//1029
f 7825//1030 7826//1030 7827//1030
f 7828//1031 7829//1031 7830//1031
f 7831//1032 7832//1032 7833//1032
f 7834//1033 7835//1033 7836//1033
f 7837//1034 7838//1034 7839//1034
f 7840//1035 7841//1035 7842//1035
f 7843//1036 7844//1036 7845//1036
f 7846//1037 7847//1037 7848//1037
f 7849//1038 7850//1038 7851//1038
f 7852//1039 7853//1039 7854//1039
f 7855//1040 7856//1040 7857//1040
f 7858//1041 7859//1041 7860//1041
f 7861//1042 7862//1042 7863//1042
f 7864//1043 7865//1043 7866//1043
f 7867//1044 7868//1044 7869//1044
f 7870//1045 7871//1045 7872//1045
f 7873//1046 7874//1046 7875//1046
f 7876//1047 7877//1047 7878//1047
f 7879//1048 7880//1048 7881//1048
f 7882//1049 7883//1049 7884//1049
f 7885//1050 7886//1050 7887//1050
f 7888//1051 7889//1051 7890//1051
f 7891//1052 7892//1052 7893//1052
f 7894//1053 7895//1053 7896//1053
f 7897//1054 7898//1054 7899//1054
f 7900//1055 7901//1055 7902//1055
f 7903//1056 7904//1056 7905//1056
f 7906//1057 7907//1057 7908//1057
f 7909//1058 7910//1058 7911//1058
f 7912//1059 7913//1059 7914//1059
f 7915//1060 7916//1060 7917//1060
f 7918//1061 7919//1061 7920//1061
f 7921//1062 7922//1062 7923//1062
f 7924//1063 7925//1063 7926//1063
f 7927//1064 7928//1064 7929//1064
f 7930//1065 7931//1065 7932//1065
f 7933//1066 7934//1066 7935//1066
f 7936//1067 7937//1067 7938//1067
f 7939//1068 7940//1068 7941//1068
f 7942//1069 7943//1069 7944//1069
f 7945//1070 7946//1070 7947//1070
f 7948//1071 7949//1071 7950//1071
f 7951//1072 7952//1072 7953//1072
f 7954//1073 7955//1073 7956//1073
f 7957//1074 7958//1074 7959//1074
f 7960//1075 7961//1075 7962//1075
f 7963//1076 7964//1076 7965//1076
f 7966//1077 7967//1077 7968//1077
f 7969//1078 7970//1078 7971//1078
f 7972//1079 7973//1079 7974//1079
f 7975//1080 7976//1080 7977//1080
f 7978//1081 7979//1081 7980//1081
f 7981//1082 7982//1082 7983//1082
f 7984//1083 7985//1083 7986//1083
f 7987//1084 7988//1084 7989//1084
f 7990//1085 7991//1085 7992//1085
f 7993//1086 7994//1086 7995//1086
f 7996//1087 7997//1087 7998//1087
f 7999//1088 8000//1088 8001//1088
f 8002//1089 8003//1089 8004//1089
f 8005//1090 8006//1090 8007//1090
f 8008//1091 8009//1091 8010//1091
f 8011//1092 8012//1092 8013//1092
f 8014//1093 8015//1093 8016//1093
f 8017//1094 8018//1094 8019//1094
f 8020//1095 8021//1095 8022//1095
f 8023//886 8024//886 8025//886
f 8026//887 8027//887 8028//887
f 8029//887 8030//887 8031//887
f 8032//888 8033//888 8034//888
f 8035//888 8036//888 8037//888
f 8038//889 8039//889 8040//889
f 8041//889 8042//889 8043//889
f 8044//890 8045//890 8046//890
f 8047//890 8048//890 8049//890
f 8050//891 8051//891 8052//891
f 8053//891 8054//891 8055//891
f 8056//892 8057//892 8058//892
f 8059//892 8060//892 8061//892
f 8062//893 8063//893 8064//893
f 8065//893 8066//893 8067//893
f 8068//894 8069//894 8070//894
f 8071//894 8072//894 8073//894
f 8074//895 8075//895 8076//895
f 8077//895 8078//895 8079//895
f 8080//896 8081//896 8082//896
f 8083//896 8084//896 8085//896
f 8086//897 8087//897 8088//897
f 8089//897 8090//897 8091//897
f 8092//898 8093//898 8094//898
f 8095//898 8096//898 8097//898
f 8098//899 8099//899 8100//899
f 8101//899 8102//899 8103//899
f 8104//900 8105//900 8106//900
f 8107//900 8108//900 8109//900
f 8110//901 8111//901 8112//901
f 8113//901 8114//901 8115//901
f 8116//902 8117//902 8118//902
f 8119//902 8120//902 8121//902
f 8122//903 8123//903 8124//903
f 8125//903 8126//903 8127//903
f 8128//285 8129//285 8130//285
f 8131//285 8132//285 8133//285
f 8134//904 8135//904 8136//904
f 8137//904 8138//904 8139//904
f 8140//905 8141//905 8142//905
f 8143//905 8144//905 8145//905
f 8146//906 8147//906 8148//906
f 8149//906 8150//906 8151//906
f 8152//907 8153//907 8154//907
f 8155//907 8156//907 8157//907
f 8158//908 8159//908 8160//908
f 8161//908 8162//908 8163//908
f 8164//909 8165//909 8166//909
f 8167//909 8168//909 8169//909
f 8170//910 8171//910 8172//910
f 8173//910 8174//910 8175//910
f 8176//911 8177//911 8178//911
f 8179//911 8180//911 8181//911
f 8182//912 8183//912 8184//912
f 8185//912 8186//912 8187//912
f 8188//913 8189//913 8190//913
f 8191//913 8192//913 8193//913
f 8194//914 8195//914 8196//914
f 8197//914 8198//914 8199//914
f 8200//915 8201//915 8202//915
f 8203//915 8204//915 8205//915
f 8206//916 8207//916 8208//916
f 8209//916 8210//916 8211//916
f 8212//917 8213//917 8214//917
f 8215//917 8216//917 8217//917
f 8218//918 8219//918 8220//918
f 8221//918 8222//918 8223//918
f 8224//919 8225//919 8226//919
f 8227//919 8228//919 8229//919
f 8230//886 8231//886 8232//886
f 8233//74 8234//74 8235//74
f 8236//74 8237//74 8238//74
f 8239//74 8240//74 8241//74
f 8242//74 8243//74 8244//74
f 8245//74 8246//74 8247//74
f 8248//74 8249//74 8250//74
f 8251//74 8252//74 8253//74
f 8254//74 8255//74 8256//74
f 8257//74 8258//74 8259//74
f 8260//74 8261//74 8262//74
f 8263//74 8264//74 8265//74
f 8266//74 8267//74 8268//74
f 8269//74 8270//74 8271//74
f 8272//74 8273//74 8274//74
f 8275//74 8276//74 8277//74
f 8278//74 8279//74 8280//74
f 8281//74 8282//74 8283//74
f 8284//74 8285//74 8286//74
f 8287//74 8288//74 8289//74
f 8290//74 8291//74 8292//74
f 8293//74 8294//74 8295//74
f 8296//74 8297//74 8298//74
f 8299//74 8300//74 8301//74
f 8302//74 8303//74 8304//74
f 8305//74 8306//74 8307//74
f 8308//74 8309//74 8310//74
f 8311//74 8312//74 8313//74
f 8314//74 8315//74 8316//74
f 8317//74 8318//74 8319//74
f 8320//74 8321//74 8322//74
f 8323//74 8324//74 8325//74
f 8326//74 8327//74 8328//74
f 8329//74 8330//74 8331//74
f 8332//74 8333//74 8334//74
f 8335//74 8336//74 8337//74
f 8338//74 8339//74 8340//74
f 8341//74 8342//74 8343//74
f 8344//74 8345//74 8346//74
f 8347//74 8348//74 8349//74
f 8350//74 8351//74 8352//74
f 8353//74 8354//74 8355//74
f 8356//74 8357//74 8358//74
f 8359//74 8360//74 8361//74
f 8362//74 8363//74 8364//74
f 8365//74 8366//74 8367//74
f 8368//74 8369//74 8370//74
f 8371//74 8372//74 8373//74
f 8374//74 8375//74 8376//74
f 8377//74 8378//74 8379//74
f 8380//74 8381//74 8382//74
f 8383//74 8384//74 8385//74
f 8386//74 8387//74 8388//74
f 8389//74 8390//74 8391//74
f 8392//74 8393//74 8394//74
f 8395//74 8396//74 8397//74
f 8398//74 8399//74 8400//74
f 8401//74 8402//74 8403//74
f 8404//74 8405//74 8406//74
f 8407//74 8408//74 8409//74
f 8410//74 8411//74 8412//74
f 8413//74 8414//74 8415//74
f 8416//74 8417//74 8418//74
f 8419//74 8420//74 8421//74
f 8422//74 8423//74 8424//74
f 8425//74 8426//74 8427//74
f 8428//74 8429//74 8430//74
f 8431//74 8432//74 8433//74
f 8434//74 8435//74 8436//74
f 8437//74 8438//74 8439//74
f 8440//74 8441//74 8442//74
f 8443//74 8444//74 8445//74
f 8446//74 8447//74 8448//74
f 8449//74 8450//74 8451//74
f 8452//74 8453//74 8454//74
f 8455//74 8456//74 8457//74
f 8458//74 8459//74 8460//74
f 8461//460 8462//460 8463//460
f 8464//460 8465//460 8466//460
