# Blender 4.4.3
# www.blender.org
mtllib orbec_fempto_mega.mtl
o Mesh_0
v 0.019716 0.000100 -0.022503
v 0.019716 0.000000 -0.022503
v 0.019955 0.000100 -0.020080
v 0.019010 0.000100 -0.024833
v 0.019010 0.000000 -0.024833
v 0.019716 0.000000 -0.022503
v 0.017862 0.000100 -0.026980
v 0.017862 0.000000 -0.026980
v 0.019010 0.000000 -0.024833
v 0.016317 0.000100 -0.028862
v 0.016317 0.000000 -0.028862
v 0.017862 0.000000 -0.026980
v 0.014435 0.000100 -0.030407
v 0.014435 0.000000 -0.030407
v 0.016317 0.000000 -0.028862
v 0.012288 0.000100 -0.031555
v 0.012288 0.000000 -0.031555
v 0.014435 0.000000 -0.030407
v 0.009958 0.000100 -0.032261
v 0.009958 0.000000 -0.032261
v 0.012288 0.000000 -0.031555
v 0.007535 0.000100 -0.032500
v 0.007535 0.000000 -0.032500
v 0.009958 0.000000 -0.032261
v 0.005112 0.000100 -0.032261
v 0.005112 0.000000 -0.032261
v 0.007535 0.000000 -0.032500
v 0.002782 0.000100 -0.031555
v 0.002782 0.000000 -0.031555
v 0.005112 0.000000 -0.032261
v 0.000635 0.000100 -0.030407
v 0.000635 0.000000 -0.030407
v 0.002782 0.000000 -0.031555
v -0.001247 0.000100 -0.028862
v -0.001247 0.000000 -0.028862
v 0.000635 0.000000 -0.030407
v -0.002792 0.000100 -0.026980
v -0.002792 0.000000 -0.026980
v -0.001247 0.000000 -0.028862
v -0.003940 0.000100 -0.024833
v -0.003940 0.000000 -0.024833
v -0.002792 0.000000 -0.026980
v -0.004646 0.000100 -0.022503
v -0.004646 0.000000 -0.022503
v -0.003940 0.000000 -0.024833
v -0.004885 0.000100 -0.020080
v -0.004885 0.000000 -0.020080
v -0.004646 0.000000 -0.022503
v -0.004885 0.000100 -0.020080
v -0.004646 0.000100 -0.017657
v -0.004885 0.000000 -0.020080
v -0.004646 0.000100 -0.017657
v -0.003940 0.000100 -0.015327
v -0.004646 0.000000 -0.017657
v -0.003940 0.000100 -0.015327
v -0.002792 0.000100 -0.013180
v -0.003940 0.000000 -0.015327
v -0.002792 0.000100 -0.013180
v -0.001247 0.000100 -0.011298
v -0.002792 0.000000 -0.013180
v -0.001247 0.000100 -0.011298
v 0.000635 0.000100 -0.009753
v -0.001247 0.000000 -0.011298
v 0.000635 0.000100 -0.009753
v 0.002782 0.000100 -0.008605
v 0.000635 0.000000 -0.009753
v 0.002782 0.000100 -0.008605
v 0.005112 0.000100 -0.007899
v 0.002782 0.000000 -0.008605
v 0.005112 0.000100 -0.007899
v 0.007535 0.000100 -0.007660
v 0.005112 0.000000 -0.007899
v 0.007535 0.000100 -0.007660
v 0.009958 0.000100 -0.007899
v 0.007535 0.000000 -0.007660
v 0.009958 0.000100 -0.007899
v 0.012288 0.000100 -0.008605
v 0.009958 0.000000 -0.007899
v 0.012288 0.000100 -0.008605
v 0.014435 0.000100 -0.009753
v 0.012288 0.000000 -0.008605
v 0.014435 0.000100 -0.009753
v 0.016317 0.000100 -0.011298
v 0.014435 0.000000 -0.009753
v 0.016317 0.000100 -0.011298
v 0.017862 0.000100 -0.013180
v 0.016317 0.000000 -0.011298
v 0.017862 0.000100 -0.013180
v 0.019010 0.000100 -0.015327
v 0.017862 0.000000 -0.013180
v 0.019010 0.000100 -0.015327
v 0.019716 0.000100 -0.017657
v 0.019010 0.000000 -0.015327
v 0.019716 0.000100 -0.017657
v 0.019955 0.000100 -0.020080
v 0.019716 0.000000 -0.017657
v 0.019010 0.000000 -0.015327
v 0.019716 0.000100 -0.017657
v 0.019716 0.000000 -0.017657
v 0.017862 0.000000 -0.013180
v 0.019010 0.000100 -0.015327
v 0.019010 0.000000 -0.015327
v 0.016317 0.000000 -0.011298
v 0.017862 0.000100 -0.013180
v 0.017862 0.000000 -0.013180
v 0.014435 0.000000 -0.009753
v 0.016317 0.000100 -0.011298
v 0.016317 0.000000 -0.011298
v 0.012288 0.000000 -0.008605
v 0.014435 0.000100 -0.009753
v 0.014435 0.000000 -0.009753
v 0.009958 0.000000 -0.007899
v 0.012288 0.000100 -0.008605
v 0.012288 0.000000 -0.008605
v 0.007535 0.000000 -0.007660
v 0.009958 0.000100 -0.007899
v 0.009958 0.000000 -0.007899
v 0.005112 0.000000 -0.007899
v 0.007535 0.000100 -0.007660
v 0.007535 0.000000 -0.007660
v 0.002782 0.000000 -0.008605
v 0.005112 0.000100 -0.007899
v 0.005112 0.000000 -0.007899
v 0.000635 0.000000 -0.009753
v 0.002782 0.000100 -0.008605
v 0.002782 0.000000 -0.008605
v -0.001247 0.000000 -0.011298
v 0.000635 0.000100 -0.009753
v 0.000635 0.000000 -0.009753
v -0.002792 0.000000 -0.013180
v -0.001247 0.000100 -0.011298
v -0.001247 0.000000 -0.011298
v -0.003940 0.000000 -0.015327
v -0.002792 0.000100 -0.013180
v -0.002792 0.000000 -0.013180
v -0.004646 0.000000 -0.017657
v -0.003940 0.000100 -0.015327
v -0.003940 0.000000 -0.015327
v -0.004885 0.000000 -0.020080
v -0.004646 0.000100 -0.017657
v -0.004646 0.000000 -0.017657
v -0.004646 0.000000 -0.022503
v -0.004646 0.000100 -0.022503
v -0.004885 0.000100 -0.020080
v -0.003940 0.000000 -0.024833
v -0.003940 0.000100 -0.024833
v -0.004646 0.000100 -0.022503
v -0.002792 0.000000 -0.026980
v -0.002792 0.000100 -0.026980
v -0.003940 0.000100 -0.024833
v -0.001247 0.000000 -0.028862
v -0.001247 0.000100 -0.028862
v -0.002792 0.000100 -0.026980
v 0.000635 0.000000 -0.030407
v 0.000635 0.000100 -0.030407
v -0.001247 0.000100 -0.028862
v 0.002782 0.000000 -0.031555
v 0.002782 0.000100 -0.031555
v 0.000635 0.000100 -0.030407
v 0.005112 0.000000 -0.032261
v 0.005112 0.000100 -0.032261
v 0.002782 0.000100 -0.031555
v 0.007535 0.000000 -0.032500
v 0.007535 0.000100 -0.032500
v 0.005112 0.000100 -0.032261
v 0.009958 0.000000 -0.032261
v 0.009958 0.000100 -0.032261
v 0.007535 0.000100 -0.032500
v 0.012288 0.000000 -0.031555
v 0.012288 0.000100 -0.031555
v 0.009958 0.000100 -0.032261
v 0.014435 0.000000 -0.030407
v 0.014435 0.000100 -0.030407
v 0.012288 0.000100 -0.031555
v 0.016317 0.000000 -0.028862
v 0.016317 0.000100 -0.028862
v 0.014435 0.000100 -0.030407
v 0.017862 0.000000 -0.026980
v 0.017862 0.000100 -0.026980
v 0.016317 0.000100 -0.028862
v 0.019010 0.000000 -0.024833
v 0.019010 0.000100 -0.024833
v 0.017862 0.000100 -0.026980
v 0.019716 0.000000 -0.022503
v 0.019716 0.000100 -0.022503
v 0.019010 0.000100 -0.024833
v 0.019955 0.000000 -0.020080
v 0.019716 0.000000 -0.017657
v 0.019955 0.000100 -0.020080
v 0.019955 0.000100 -0.020080
v 0.019716 0.000000 -0.022503
v 0.019955 0.000000 -0.020080
v 0.047136 0.000100 -0.022042
v 0.047136 0.000000 -0.022042
v 0.047285 0.000100 -0.020530
v 0.046695 0.000100 -0.023496
v 0.046695 0.000000 -0.023496
v 0.047136 0.000000 -0.022042
v 0.045979 0.000100 -0.024836
v 0.045979 0.000000 -0.024836
v 0.046695 0.000000 -0.023496
v 0.045015 0.000100 -0.026010
v 0.045015 0.000000 -0.026010
v 0.045979 0.000000 -0.024836
v 0.043841 0.000100 -0.026974
v 0.043841 0.000000 -0.026974
v 0.045015 0.000000 -0.026010
v 0.042501 0.000100 -0.027690
v 0.042501 0.000000 -0.027690
v 0.043841 0.000000 -0.026974
v 0.041047 0.000100 -0.028131
v 0.041047 0.000000 -0.028131
v 0.042501 0.000000 -0.027690
v 0.039535 0.000100 -0.028280
v 0.039535 0.000000 -0.028280
v 0.041047 0.000000 -0.028131
v 0.038023 0.000100 -0.028131
v 0.038023 0.000000 -0.028131
v 0.039535 0.000000 -0.028280
v 0.036569 0.000100 -0.027690
v 0.036569 0.000000 -0.027690
v 0.038023 0.000000 -0.028131
v 0.035229 0.000100 -0.026974
v 0.035229 0.000000 -0.026974
v 0.036569 0.000000 -0.027690
v 0.034055 0.000100 -0.026010
v 0.034055 0.000000 -0.026010
v 0.035229 0.000000 -0.026974
v 0.033091 0.000100 -0.024836
v 0.033091 0.000000 -0.024836
v 0.034055 0.000000 -0.026010
v 0.032375 0.000100 -0.023496
v 0.032375 0.000000 -0.023496
v 0.033091 0.000000 -0.024836
v 0.031934 0.000100 -0.022042
v 0.031934 0.000000 -0.022042
v 0.032375 0.000000 -0.023496
v 0.031785 0.000100 -0.020530
v 0.031785 0.000000 -0.020530
v 0.031934 0.000000 -0.022042
v 0.031785 0.000100 -0.020530
v 0.031934 0.000100 -0.019018
v 0.031785 0.000000 -0.020530
v 0.031934 0.000100 -0.019018
v 0.032375 0.000100 -0.017564
v 0.031934 0.000000 -0.019018
v 0.032375 0.000100 -0.017564
v 0.033091 0.000100 -0.016224
v 0.032375 0.000000 -0.017564
v 0.033091 0.000100 -0.016224
v 0.034055 0.000100 -0.015050
v 0.033091 0.000000 -0.016224
v 0.034055 0.000100 -0.015050
v 0.035229 0.000100 -0.014086
v 0.034055 0.000000 -0.015050
v 0.035229 0.000100 -0.014086
v 0.036569 0.000100 -0.013370
v 0.035229 0.000000 -0.014086
v 0.036569 0.000100 -0.013370
v 0.038023 0.000100 -0.012929
v 0.036569 0.000000 -0.013370
v 0.038023 0.000100 -0.012929
v 0.039535 0.000100 -0.012780
v 0.038023 0.000000 -0.012929
v 0.039535 0.000100 -0.012780
v 0.041047 0.000100 -0.012929
v 0.039535 0.000000 -0.012780
v 0.041047 0.000100 -0.012929
v 0.042501 0.000100 -0.013370
v 0.041047 0.000000 -0.012929
v 0.042501 0.000100 -0.013370
v 0.043841 0.000100 -0.014086
v 0.042501 0.000000 -0.013370
v 0.043841 0.000100 -0.014086
v 0.045015 0.000100 -0.015050
v 0.043841 0.000000 -0.014086
v 0.045015 0.000100 -0.015050
v 0.045979 0.000100 -0.016224
v 0.045015 0.000000 -0.015050
v 0.045979 0.000100 -0.016224
v 0.046695 0.000100 -0.017564
v 0.045979 0.000000 -0.016224
v 0.046695 0.000100 -0.017564
v 0.047136 0.000100 -0.019018
v 0.046695 0.000000 -0.017564
v 0.047136 0.000100 -0.019018
v 0.047285 0.000100 -0.020530
v 0.047136 0.000000 -0.019018
v 0.046695 0.000000 -0.017564
v 0.047136 0.000100 -0.019018
v 0.047136 0.000000 -0.019018
v 0.045979 0.000000 -0.016224
v 0.046695 0.000100 -0.017564
v 0.046695 0.000000 -0.017564
v 0.045015 0.000000 -0.015050
v 0.045979 0.000100 -0.016224
v 0.045979 0.000000 -0.016224
v 0.043841 0.000000 -0.014086
v 0.045015 0.000100 -0.015050
v 0.045015 0.000000 -0.015050
v 0.042501 0.000000 -0.013370
v 0.043841 0.000100 -0.014086
v 0.043841 0.000000 -0.014086
v 0.041047 0.000000 -0.012929
v 0.042501 0.000100 -0.013370
v 0.042501 0.000000 -0.013370
v 0.039535 0.000000 -0.012780
v 0.041047 0.000100 -0.012929
v 0.041047 0.000000 -0.012929
v 0.038023 0.000000 -0.012929
v 0.039535 0.000100 -0.012780
v 0.039535 0.000000 -0.012780
v 0.036569 0.000000 -0.013370
v 0.038023 0.000100 -0.012929
v 0.038023 0.000000 -0.012929
v 0.035229 0.000000 -0.014086
v 0.036569 0.000100 -0.013370
v 0.036569 0.000000 -0.013370
v 0.034055 0.000000 -0.015050
v 0.035229 0.000100 -0.014086
v 0.035229 0.000000 -0.014086
v 0.033091 0.000000 -0.016224
v 0.034055 0.000100 -0.015050
v 0.034055 0.000000 -0.015050
v 0.032375 0.000000 -0.017564
v 0.033091 0.000100 -0.016224
v 0.033091 0.000000 -0.016224
v 0.031934 0.000000 -0.019018
v 0.032375 0.000100 -0.017564
v 0.032375 0.000000 -0.017564
v 0.031785 0.000000 -0.020530
v 0.031934 0.000100 -0.019018
v 0.031934 0.000000 -0.019018
v 0.031934 0.000000 -0.022042
v 0.031934 0.000100 -0.022042
v 0.031785 0.000100 -0.020530
v 0.032375 0.000000 -0.023496
v 0.032375 0.000100 -0.023496
v 0.031934 0.000100 -0.022042
v 0.033091 0.000000 -0.024836
v 0.033091 0.000100 -0.024836
v 0.032375 0.000100 -0.023496
v 0.034055 0.000000 -0.026010
v 0.034055 0.000100 -0.026010
v 0.033091 0.000100 -0.024836
v 0.035229 0.000000 -0.026974
v 0.035229 0.000100 -0.026974
v 0.034055 0.000100 -0.026010
v 0.036569 0.000000 -0.027690
v 0.036569 0.000100 -0.027690
v 0.035229 0.000100 -0.026974
v 0.038023 0.000000 -0.028131
v 0.038023 0.000100 -0.028131
v 0.036569 0.000100 -0.027690
v 0.039535 0.000000 -0.028280
v 0.039535 0.000100 -0.028280
v 0.038023 0.000100 -0.028131
v 0.041047 0.000000 -0.028131
v 0.041047 0.000100 -0.028131
v 0.039535 0.000100 -0.028280
v 0.042501 0.000000 -0.027690
v 0.042501 0.000100 -0.027690
v 0.041047 0.000100 -0.028131
v 0.043841 0.000000 -0.026974
v 0.043841 0.000100 -0.026974
v 0.042501 0.000100 -0.027690
v 0.045015 0.000000 -0.026010
v 0.045015 0.000100 -0.026010
v 0.043841 0.000100 -0.026974
v 0.045979 0.000000 -0.024836
v 0.045979 0.000100 -0.024836
v 0.045015 0.000100 -0.026010
v 0.046695 0.000000 -0.023496
v 0.046695 0.000100 -0.023496
v 0.045979 0.000100 -0.024836
v 0.047136 0.000000 -0.022042
v 0.047136 0.000100 -0.022042
v 0.046695 0.000100 -0.023496
v 0.047285 0.000000 -0.020530
v 0.047136 0.000000 -0.019018
v 0.047285 0.000100 -0.020530
v 0.047285 0.000100 -0.020530
v 0.047136 0.000000 -0.022042
v 0.047285 0.000000 -0.020530
v 0.064571 0.133400 -0.011768
v 0.064571 0.143400 -0.011768
v 0.064335 0.133400 -0.010581
v 0.065243 0.133400 -0.012773
v 0.064571 0.143400 -0.011768
v 0.064571 0.133400 -0.011768
v 0.066249 0.133400 -0.013445
v 0.065243 0.143400 -0.012773
v 0.065243 0.133400 -0.012773
v 0.066249 0.143400 -0.013445
v 0.065243 0.143400 -0.012773
v 0.066249 0.133400 -0.013445
v 0.067435 0.143400 -0.013681
v 0.066249 0.143400 -0.013445
v 0.067435 0.133400 -0.013681
v 0.067435 0.143400 -0.013681
v 0.067435 0.133400 -0.013681
v 0.068621 0.133400 -0.013445
v 0.068621 0.143400 -0.013445
v 0.068621 0.133400 -0.013445
v 0.069627 0.133400 -0.012773
v 0.070535 0.133400 -0.010581
v 0.070535 0.143400 -0.010581
v 0.070299 0.143400 -0.011768
v 0.070535 0.133400 -0.010581
v 0.070299 0.133400 -0.009395
v 0.070535 0.143400 -0.010581
v 0.070299 0.133400 -0.009395
v 0.069627 0.133400 -0.008389
v 0.070299 0.143400 -0.009395
v 0.069627 0.133400 -0.008389
v 0.069627 0.143400 -0.008389
v 0.070299 0.143400 -0.009395
v 0.068621 0.133400 -0.007717
v 0.068621 0.143400 -0.007717
v 0.069627 0.143400 -0.008389
v 0.067435 0.133400 -0.007481
v 0.067435 0.143400 -0.007481
v 0.068621 0.143400 -0.007717
v 0.066249 0.133400 -0.007717
v 0.067435 0.143400 -0.007481
v 0.067435 0.133400 -0.007481
v 0.065243 0.133400 -0.008389
v 0.066249 0.143400 -0.007717
v 0.066249 0.133400 -0.007717
v 0.065243 0.143400 -0.008389
v 0.066249 0.143400 -0.007717
v 0.065243 0.133400 -0.008389
v 0.064571 0.143400 -0.009395
v 0.064571 0.133400 -0.009395
v 0.064335 0.133400 -0.010581
v 0.065243 0.143400 -0.008389
v 0.064571 0.133400 -0.009395
v 0.064571 0.143400 -0.009395
v 0.065243 0.133400 -0.008389
v 0.064571 0.133400 -0.009395
v 0.065243 0.143400 -0.008389
v 0.066249 0.133400 -0.007717
v 0.066249 0.143400 -0.007717
v 0.067435 0.143400 -0.007481
v 0.068621 0.133400 -0.007717
v 0.067435 0.133400 -0.007481
v 0.068621 0.143400 -0.007717
v 0.069627 0.133400 -0.008389
v 0.068621 0.133400 -0.007717
v 0.069627 0.143400 -0.008389
v 0.070535 0.143400 -0.010581
v 0.070299 0.133400 -0.009395
v 0.070299 0.143400 -0.009395
v 0.070299 0.143400 -0.011768
v 0.070299 0.133400 -0.011768
v 0.070535 0.133400 -0.010581
v 0.069627 0.143400 -0.012773
v 0.070299 0.133400 -0.011768
v 0.070299 0.143400 -0.011768
v 0.069627 0.133400 -0.012773
v 0.070299 0.133400 -0.011768
v 0.069627 0.143400 -0.012773
v 0.069627 0.133400 -0.012773
v 0.069627 0.143400 -0.012773
v 0.068621 0.143400 -0.013445
v 0.068621 0.133400 -0.013445
v 0.068621 0.143400 -0.013445
v 0.067435 0.143400 -0.013681
v 0.066249 0.133400 -0.013445
v 0.067435 0.133400 -0.013681
v 0.066249 0.143400 -0.013445
v 0.064571 0.143400 -0.011768
v 0.064335 0.143400 -0.010581
v 0.064335 0.133400 -0.010581
v 0.064335 0.143400 -0.010581
v 0.064571 0.143400 -0.009395
v 0.064335 0.133400 -0.010581
v 0.065243 0.133400 -0.012773
v 0.065243 0.143400 -0.012773
v 0.064571 0.143400 -0.011768
v 0.080019 0.102741 -0.020422
v 0.080021 0.102519 -0.020755
v 0.091819 0.102844 -0.020422
v 0.080021 0.102519 -0.020755
v 0.080024 0.102186 -0.020977
v 0.091821 0.102622 -0.020755
v 0.080024 0.102186 -0.020977
v 0.091824 0.102289 -0.020977
v 0.091821 0.102622 -0.020755
v 0.080028 0.101794 -0.021055
v 0.091827 0.101897 -0.021055
v 0.091824 0.102289 -0.020977
v 0.080031 0.101402 -0.020977
v 0.091827 0.101897 -0.021055
v 0.080028 0.101794 -0.021055
v 0.080034 0.101069 -0.020755
v 0.091831 0.101505 -0.020977
v 0.080031 0.101402 -0.020977
v 0.091834 0.101172 -0.020755
v 0.091831 0.101505 -0.020977
v 0.080034 0.101069 -0.020755
v 0.080037 0.100769 -0.020030
v 0.091835 0.100950 -0.020422
v 0.080036 0.100847 -0.020422
v 0.080036 0.100847 -0.019638
v 0.091835 0.100950 -0.019638
v 0.091836 0.100872 -0.020030
v 0.080034 0.101069 -0.019305
v 0.091834 0.101172 -0.019305
v 0.091835 0.100950 -0.019638
v 0.080031 0.101402 -0.019083
v 0.091834 0.101172 -0.019305
v 0.080034 0.101069 -0.019305
v 0.080028 0.101794 -0.019005
v 0.091831 0.101505 -0.019083
v 0.080031 0.101402 -0.019083
v 0.080024 0.102186 -0.019083
v 0.091827 0.101897 -0.019005
v 0.080028 0.101794 -0.019005
v 0.091824 0.102289 -0.019083
v 0.091827 0.101897 -0.019005
v 0.080024 0.102186 -0.019083
v 0.091821 0.102622 -0.019305
v 0.091824 0.102289 -0.019083
v 0.080021 0.102519 -0.019305
v 0.091819 0.102844 -0.019638
v 0.080019 0.102741 -0.019638
v 0.080019 0.102819 -0.020030
v 0.091821 0.102622 -0.019305
v 0.080019 0.102741 -0.019638
v 0.091819 0.102844 -0.019638
v 0.080021 0.102519 -0.019305
v 0.080019 0.102741 -0.019638
v 0.091821 0.102622 -0.019305
v 0.080021 0.102519 -0.019305
v 0.091824 0.102289 -0.019083
v 0.080024 0.102186 -0.019083
v 0.080028 0.101794 -0.019005
v 0.091827 0.101897 -0.019005
v 0.091831 0.101505 -0.019083
v 0.080031 0.101402 -0.019083
v 0.091831 0.101505 -0.019083
v 0.091834 0.101172 -0.019305
v 0.080036 0.100847 -0.019638
v 0.080034 0.101069 -0.019305
v 0.091835 0.100950 -0.019638
v 0.091836 0.100872 -0.020030
v 0.080037 0.100769 -0.020030
v 0.080036 0.100847 -0.019638
v 0.091835 0.100950 -0.020422
v 0.080037 0.100769 -0.020030
v 0.091836 0.100872 -0.020030
v 0.091834 0.101172 -0.020755
v 0.080036 0.100847 -0.020422
v 0.091835 0.100950 -0.020422
v 0.080034 0.101069 -0.020755
v 0.080036 0.100847 -0.020422
v 0.091834 0.101172 -0.020755
v 0.091819 0.102844 -0.020422
v 0.080019 0.102819 -0.020030
v 0.080019 0.102741 -0.020422
v 0.080031 0.101402 -0.020977
v 0.091831 0.101505 -0.020977
v 0.091827 0.101897 -0.021055
v 0.080024 0.102186 -0.020977
v 0.080028 0.101794 -0.021055
v 0.091824 0.102289 -0.020977
v 0.091819 0.102844 -0.020422
v 0.091818 0.102922 -0.020030
v 0.080019 0.102819 -0.020030
v 0.091818 0.102922 -0.020030
v 0.091819 0.102844 -0.019638
v 0.080019 0.102819 -0.020030
v 0.080021 0.102519 -0.020755
v 0.091821 0.102622 -0.020755
v 0.091819 0.102844 -0.020422
v 0.079550 0.101580 -0.019943
v 0.079412 0.101789 -0.020030
v 0.079825 0.101531 -0.019399
v 0.079550 0.101580 -0.019943
v 0.080031 0.101402 -0.020977
v 0.079412 0.101789 -0.020030
v 0.079825 0.101531 -0.019399
v 0.080034 0.101069 -0.019305
v 0.079550 0.101580 -0.019943
v 0.080034 0.101069 -0.019305
v 0.080036 0.100847 -0.019638
v 0.079550 0.101580 -0.019943
v 0.080019 0.102741 -0.019638
v 0.080021 0.102519 -0.019305
v 0.079412 0.101789 -0.020030
v 0.080021 0.102519 -0.019305
v 0.080024 0.102186 -0.019083
v 0.079412 0.101789 -0.020030
v 0.080024 0.102186 -0.019083
v 0.079825 0.101531 -0.019399
v 0.079412 0.101789 -0.020030
v 0.080028 0.101794 -0.019005
v 0.079825 0.101531 -0.019399
v 0.080024 0.102186 -0.019083
v 0.080031 0.101402 -0.019083
v 0.079825 0.101531 -0.019399
v 0.080028 0.101794 -0.019005
v 0.080034 0.101069 -0.019305
v 0.079825 0.101531 -0.019399
v 0.080031 0.101402 -0.019083
v 0.080036 0.100847 -0.020422
v 0.079550 0.101580 -0.019943
v 0.080037 0.100769 -0.020030
v 0.079550 0.101580 -0.019943
v 0.080036 0.100847 -0.019638
v 0.080037 0.100769 -0.020030
v 0.080034 0.101069 -0.020755
v 0.080031 0.101402 -0.020977
v 0.079550 0.101580 -0.019943
v 0.080031 0.101402 -0.020977
v 0.080028 0.101794 -0.021055
v 0.079412 0.101789 -0.020030
v 0.080028 0.101794 -0.021055
v 0.080024 0.102186 -0.020977
v 0.079412 0.101789 -0.020030
v 0.080024 0.102186 -0.020977
v 0.080021 0.102519 -0.020755
v 0.079412 0.101789 -0.020030
v 0.080021 0.102519 -0.020755
v 0.080019 0.102741 -0.020422
v 0.079412 0.101789 -0.020030
v 0.080019 0.102741 -0.020422
v 0.080019 0.102819 -0.020030
v 0.079412 0.101789 -0.020030
v 0.080019 0.102819 -0.020030
v 0.080019 0.102741 -0.019638
v 0.079412 0.101789 -0.020030
v 0.079550 0.101580 -0.019943
v 0.080036 0.100847 -0.020422
v 0.080034 0.101069 -0.020755
v 0.080456 0.052743 -0.020422
v 0.080458 0.052521 -0.020755
v 0.092255 0.052846 -0.020422
v 0.080458 0.052521 -0.020755
v 0.080461 0.052188 -0.020977
v 0.092257 0.052624 -0.020755
v 0.080461 0.052188 -0.020977
v 0.092260 0.052291 -0.020977
v 0.092257 0.052624 -0.020755
v 0.080464 0.051796 -0.021055
v 0.092264 0.051899 -0.021055
v 0.092260 0.052291 -0.020977
v 0.080467 0.051404 -0.020977
v 0.092264 0.051899 -0.021055
v 0.080464 0.051796 -0.021055
v 0.080470 0.051071 -0.020755
v 0.092267 0.051507 -0.020977
v 0.080467 0.051404 -0.020977
v 0.092270 0.051174 -0.020755
v 0.092267 0.051507 -0.020977
v 0.080470 0.051071 -0.020755
v 0.080473 0.050771 -0.020030
v 0.092272 0.050952 -0.020422
v 0.080472 0.050849 -0.020422
v 0.080472 0.050849 -0.019638
v 0.092272 0.050952 -0.019638
v 0.092272 0.050874 -0.020030
v 0.080470 0.051071 -0.019305
v 0.092270 0.051174 -0.019305
v 0.092272 0.050952 -0.019638
v 0.080467 0.051404 -0.019083
v 0.092270 0.051174 -0.019305
v 0.080470 0.051071 -0.019305
v 0.080464 0.051796 -0.019005
v 0.092267 0.051507 -0.019083
v 0.080467 0.051404 -0.019083
v 0.080461 0.052188 -0.019083
v 0.092264 0.051899 -0.019005
v 0.080464 0.051796 -0.019005
v 0.092260 0.052291 -0.019083
v 0.092264 0.051899 -0.019005
v 0.080461 0.052188 -0.019083
v 0.092257 0.052624 -0.019305
v 0.092260 0.052291 -0.019083
v 0.080458 0.052521 -0.019305
v 0.092255 0.052846 -0.019638
v 0.080456 0.052743 -0.019638
v 0.080455 0.052821 -0.020030
v 0.092257 0.052624 -0.019305
v 0.080456 0.052743 -0.019638
v 0.092255 0.052846 -0.019638
v 0.080458 0.052521 -0.019305
v 0.080456 0.052743 -0.019638
v 0.092257 0.052624 -0.019305
v 0.080458 0.052521 -0.019305
v 0.092260 0.052291 -0.019083
v 0.080461 0.052188 -0.019083
v 0.080464 0.051796 -0.019005
v 0.092264 0.051899 -0.019005
v 0.092267 0.051507 -0.019083
v 0.080467 0.051404 -0.019083
v 0.092267 0.051507 -0.019083
v 0.092270 0.051174 -0.019305
v 0.080472 0.050849 -0.019638
v 0.080470 0.051071 -0.019305
v 0.092272 0.050952 -0.019638
v 0.092272 0.050874 -0.020030
v 0.080473 0.050771 -0.020030
v 0.080472 0.050849 -0.019638
v 0.092272 0.050952 -0.020422
v 0.080473 0.050771 -0.020030
v 0.092272 0.050874 -0.020030
v 0.092270 0.051174 -0.020755
v 0.080472 0.050849 -0.020422
v 0.092272 0.050952 -0.020422
v 0.080470 0.051071 -0.020755
v 0.080472 0.050849 -0.020422
v 0.092270 0.051174 -0.020755
v 0.092255 0.052846 -0.020422
v 0.080455 0.052821 -0.020030
v 0.080456 0.052743 -0.020422
v 0.080467 0.051404 -0.020977
v 0.092267 0.051507 -0.020977
v 0.092264 0.051899 -0.021055
v 0.080461 0.052188 -0.020977
v 0.080464 0.051796 -0.021055
v 0.092260 0.052291 -0.020977
v 0.092255 0.052846 -0.020422
v 0.092255 0.052924 -0.020030
v 0.080455 0.052821 -0.020030
v 0.092255 0.052924 -0.020030
v 0.092255 0.052846 -0.019638
v 0.080455 0.052821 -0.020030
v 0.080458 0.052521 -0.020755
v 0.092257 0.052624 -0.020755
v 0.092255 0.052846 -0.020422
v 0.079987 0.051582 -0.019943
v 0.079848 0.051791 -0.020030
v 0.080261 0.051533 -0.019399
v 0.079987 0.051582 -0.019943
v 0.080467 0.051404 -0.020977
v 0.079848 0.051791 -0.020030
v 0.080261 0.051533 -0.019399
v 0.080470 0.051071 -0.019305
v 0.079987 0.051582 -0.019943
v 0.080470 0.051071 -0.019305
v 0.080472 0.050849 -0.019638
v 0.079987 0.051582 -0.019943
v 0.080456 0.052743 -0.019638
v 0.080458 0.052521 -0.019305
v 0.079848 0.051791 -0.020030
v 0.080458 0.052521 -0.019305
v 0.080461 0.052188 -0.019083
v 0.079848 0.051791 -0.020030
v 0.080461 0.052188 -0.019083
v 0.080261 0.051533 -0.019399
v 0.079848 0.051791 -0.020030
v 0.080464 0.051796 -0.019005
v 0.080261 0.051533 -0.019399
v 0.080461 0.052188 -0.019083
v 0.080467 0.051404 -0.019083
v 0.080261 0.051533 -0.019399
v 0.080464 0.051796 -0.019005
v 0.080470 0.051071 -0.019305
v 0.080261 0.051533 -0.019399
v 0.080467 0.051404 -0.019083
v 0.080472 0.050849 -0.020422
v 0.079987 0.051582 -0.019943
v 0.080473 0.050771 -0.020030
v 0.079987 0.051582 -0.019943
v 0.080472 0.050849 -0.019638
v 0.080473 0.050771 -0.020030
v 0.080470 0.051071 -0.020755
v 0.080467 0.051404 -0.020977
v 0.079987 0.051582 -0.019943
v 0.080467 0.051404 -0.020977
v 0.080464 0.051796 -0.021055
v 0.079848 0.051791 -0.020030
v 0.080464 0.051796 -0.021055
v 0.080461 0.052188 -0.020977
v 0.079848 0.051791 -0.020030
v 0.080461 0.052188 -0.020977
v 0.080458 0.052521 -0.020755
v 0.079848 0.051791 -0.020030
v 0.080458 0.052521 -0.020755
v 0.080456 0.052743 -0.020422
v 0.079848 0.051791 -0.020030
v 0.080456 0.052743 -0.020422
v 0.080455 0.052821 -0.020030
v 0.079848 0.051791 -0.020030
v 0.080455 0.052821 -0.020030
v 0.080456 0.052743 -0.019638
v 0.079848 0.051791 -0.020030
v 0.079987 0.051582 -0.019943
v 0.080472 0.050849 -0.020422
v 0.080470 0.051071 -0.020755
v -0.007242 0.050865 -0.020422
v -0.007240 0.051087 -0.020755
v -0.017242 0.050952 -0.020422
v -0.007240 0.051087 -0.020755
v -0.007237 0.051420 -0.020977
v -0.017240 0.051174 -0.020755
v -0.007237 0.051420 -0.020977
v -0.017237 0.051507 -0.020977
v -0.017240 0.051174 -0.020755
v -0.007234 0.051812 -0.021055
v -0.017234 0.051899 -0.021055
v -0.017237 0.051507 -0.020977
v -0.007230 0.052204 -0.020977
v -0.017234 0.051899 -0.021055
v -0.007234 0.051812 -0.021055
v -0.007228 0.052537 -0.020755
v -0.017230 0.052291 -0.020977
v -0.007230 0.052204 -0.020977
v -0.017227 0.052624 -0.020755
v -0.017230 0.052291 -0.020977
v -0.007228 0.052537 -0.020755
v -0.007225 0.052837 -0.020030
v -0.017225 0.052924 -0.020030
v -0.017225 0.052846 -0.020422
v -0.007226 0.052759 -0.019638
v -0.017225 0.052846 -0.019638
v -0.017225 0.052924 -0.020030
v -0.007228 0.052537 -0.019305
v -0.017227 0.052624 -0.019305
v -0.017225 0.052846 -0.019638
v -0.007230 0.052204 -0.019083
v -0.017230 0.052291 -0.019083
v -0.017227 0.052624 -0.019305
v -0.007234 0.051812 -0.019005
v -0.017230 0.052291 -0.019083
v -0.007230 0.052204 -0.019083
v -0.007237 0.051420 -0.019083
v -0.017234 0.051899 -0.019005
v -0.007234 0.051812 -0.019005
v -0.017237 0.051507 -0.019083
v -0.017234 0.051899 -0.019005
v -0.007237 0.051420 -0.019083
v -0.017240 0.051174 -0.019305
v -0.017237 0.051507 -0.019083
v -0.007240 0.051087 -0.019305
v -0.017242 0.050952 -0.019638
v -0.007242 0.050865 -0.019638
v -0.007243 0.050787 -0.020030
v -0.017240 0.051174 -0.019305
v -0.007242 0.050865 -0.019638
v -0.017242 0.050952 -0.019638
v -0.007240 0.051087 -0.019305
v -0.007242 0.050865 -0.019638
v -0.017240 0.051174 -0.019305
v -0.007240 0.051087 -0.019305
v -0.017237 0.051507 -0.019083
v -0.007237 0.051420 -0.019083
v -0.007234 0.051812 -0.019005
v -0.017234 0.051899 -0.019005
v -0.017230 0.052291 -0.019083
v -0.007228 0.052537 -0.019305
v -0.007230 0.052204 -0.019083
v -0.017227 0.052624 -0.019305
v -0.007226 0.052759 -0.019638
v -0.007228 0.052537 -0.019305
v -0.017225 0.052846 -0.019638
v -0.017225 0.052924 -0.020030
v -0.007225 0.052837 -0.020030
v -0.007226 0.052759 -0.019638
v -0.017225 0.052846 -0.020422
v -0.007226 0.052759 -0.020422
v -0.007225 0.052837 -0.020030
v -0.017227 0.052624 -0.020755
v -0.007226 0.052759 -0.020422
v -0.017225 0.052846 -0.020422
v -0.007228 0.052537 -0.020755
v -0.007226 0.052759 -0.020422
v -0.017227 0.052624 -0.020755
v -0.017242 0.050952 -0.020422
v -0.007243 0.050787 -0.020030
v -0.007242 0.050865 -0.020422
v -0.007230 0.052204 -0.020977
v -0.017230 0.052291 -0.020977
v -0.017234 0.051899 -0.021055
v -0.007237 0.051420 -0.020977
v -0.007234 0.051812 -0.021055
v -0.017237 0.051507 -0.020977
v -0.017242 0.050952 -0.020422
v -0.017242 0.050874 -0.020030
v -0.007243 0.050787 -0.020030
v -0.017242 0.050874 -0.020030
v -0.017242 0.050952 -0.019638
v -0.007243 0.050787 -0.020030
v -0.007240 0.051087 -0.020755
v -0.017240 0.051174 -0.020755
v -0.017242 0.050952 -0.020422
v -0.006753 0.052018 -0.019943
v -0.006618 0.051806 -0.020030
v -0.007026 0.052072 -0.019399
v -0.006753 0.052018 -0.019943
v -0.007230 0.052204 -0.020977
v -0.006618 0.051806 -0.020030
v -0.007026 0.052072 -0.019399
v -0.007228 0.052537 -0.019305
v -0.006753 0.052018 -0.019943
v -0.007228 0.052537 -0.019305
v -0.007226 0.052759 -0.019638
v -0.006753 0.052018 -0.019943
v -0.007242 0.050865 -0.019638
v -0.007240 0.051087 -0.019305
v -0.006618 0.051806 -0.020030
v -0.007240 0.051087 -0.019305
v -0.007237 0.051420 -0.019083
v -0.006618 0.051806 -0.020030
v -0.007237 0.051420 -0.019083
v -0.007026 0.052072 -0.019399
v -0.006618 0.051806 -0.020030
v -0.007234 0.051812 -0.019005
v -0.007026 0.052072 -0.019399
v -0.007237 0.051420 -0.019083
v -0.007230 0.052204 -0.019083
v -0.007026 0.052072 -0.019399
v -0.007234 0.051812 -0.019005
v -0.007228 0.052537 -0.019305
v -0.007026 0.052072 -0.019399
v -0.007230 0.052204 -0.019083
v -0.007226 0.052759 -0.020422
v -0.006753 0.052018 -0.019943
v -0.007225 0.052837 -0.020030
v -0.006753 0.052018 -0.019943
v -0.007226 0.052759 -0.019638
v -0.007225 0.052837 -0.020030
v -0.007228 0.052537 -0.020755
v -0.007230 0.052204 -0.020977
v -0.006753 0.052018 -0.019943
v -0.007230 0.052204 -0.020977
v -0.007234 0.051812 -0.021055
v -0.006618 0.051806 -0.020030
v -0.007234 0.051812 -0.021055
v -0.007237 0.051420 -0.020977
v -0.006618 0.051806 -0.020030
v -0.007237 0.051420 -0.020977
v -0.007240 0.051087 -0.020755
v -0.006618 0.051806 -0.020030
v -0.007240 0.051087 -0.020755
v -0.007242 0.050865 -0.020422
v -0.006618 0.051806 -0.020030
v -0.007242 0.050865 -0.020422
v -0.007243 0.050787 -0.020030
v -0.006618 0.051806 -0.020030
v -0.007243 0.050787 -0.020030
v -0.007242 0.050865 -0.019638
v -0.006618 0.051806 -0.020030
v -0.006753 0.052018 -0.019943
v -0.007226 0.052759 -0.020422
v -0.007228 0.052537 -0.020755
v -0.006806 0.100863 -0.020422
v -0.006804 0.101085 -0.020755
v -0.016805 0.100950 -0.020422
v -0.006804 0.101085 -0.020755
v -0.006801 0.101418 -0.020977
v -0.016804 0.101172 -0.020755
v -0.006801 0.101418 -0.020977
v -0.016801 0.101505 -0.020977
v -0.016804 0.101172 -0.020755
v -0.006798 0.101810 -0.021055
v -0.016797 0.101897 -0.021055
v -0.016801 0.101505 -0.020977
v -0.006794 0.102202 -0.020977
v -0.016797 0.101897 -0.021055
v -0.006798 0.101810 -0.021055
v -0.006791 0.102535 -0.020755
v -0.016794 0.102289 -0.020977
v -0.006794 0.102202 -0.020977
v -0.016791 0.102622 -0.020755
v -0.016794 0.102289 -0.020977
v -0.006791 0.102535 -0.020755
v -0.006789 0.102835 -0.020030
v -0.016788 0.102922 -0.020030
v -0.016789 0.102844 -0.020422
v -0.006789 0.102757 -0.019638
v -0.016789 0.102844 -0.019638
v -0.016788 0.102922 -0.020030
v -0.006791 0.102535 -0.019305
v -0.016791 0.102622 -0.019305
v -0.016789 0.102844 -0.019638
v -0.006794 0.102202 -0.019083
v -0.016794 0.102289 -0.019083
v -0.016791 0.102622 -0.019305
v -0.006798 0.101810 -0.019005
v -0.016794 0.102289 -0.019083
v -0.006794 0.102202 -0.019083
v -0.006801 0.101418 -0.019083
v -0.016797 0.101897 -0.019005
v -0.006798 0.101810 -0.019005
v -0.016801 0.101505 -0.019083
v -0.016797 0.101897 -0.019005
v -0.006801 0.101418 -0.019083
v -0.016804 0.101172 -0.019305
v -0.016801 0.101505 -0.019083
v -0.006804 0.101085 -0.019305
v -0.016805 0.100950 -0.019638
v -0.006806 0.100863 -0.019638
v -0.006807 0.100785 -0.020030
v -0.016804 0.101172 -0.019305
v -0.006806 0.100863 -0.019638
v -0.016805 0.100950 -0.019638
v -0.006804 0.101085 -0.019305
v -0.006806 0.100863 -0.019638
v -0.016804 0.101172 -0.019305
v -0.006804 0.101085 -0.019305
v -0.016801 0.101505 -0.019083
v -0.006801 0.101418 -0.019083
v -0.006798 0.101810 -0.019005
v -0.016797 0.101897 -0.019005
v -0.016794 0.102289 -0.019083
v -0.006791 0.102535 -0.019305
v -0.006794 0.102202 -0.019083
v -0.016791 0.102622 -0.019305
v -0.006789 0.102757 -0.019638
v -0.006791 0.102535 -0.019305
v -0.016789 0.102844 -0.019638
v -0.016788 0.102922 -0.020030
v -0.006789 0.102835 -0.020030
v -0.006789 0.102757 -0.019638
v -0.016789 0.102844 -0.020422
v -0.006789 0.102757 -0.020422
v -0.006789 0.102835 -0.020030
v -0.016791 0.102622 -0.020755
v -0.006789 0.102757 -0.020422
v -0.016789 0.102844 -0.020422
v -0.006791 0.102535 -0.020755
v -0.006789 0.102757 -0.020422
v -0.016791 0.102622 -0.020755
v -0.016805 0.100950 -0.020422
v -0.006807 0.100785 -0.020030
v -0.006806 0.100863 -0.020422
v -0.006794 0.102202 -0.020977
v -0.016794 0.102289 -0.020977
v -0.016797 0.101897 -0.021055
v -0.006801 0.101418 -0.020977
v -0.006798 0.101810 -0.021055
v -0.016801 0.101505 -0.020977
v -0.016805 0.100950 -0.020422
v -0.016806 0.100872 -0.020030
v -0.006807 0.100785 -0.020030
v -0.016806 0.100872 -0.020030
v -0.016805 0.100950 -0.019638
v -0.006807 0.100785 -0.020030
v -0.006804 0.101085 -0.020755
v -0.016804 0.101172 -0.020755
v -0.016805 0.100950 -0.020422
v -0.006317 0.102016 -0.019943
v -0.006182 0.101805 -0.020030
v -0.006590 0.102070 -0.019399
v -0.006317 0.102016 -0.019943
v -0.006794 0.102202 -0.020977
v -0.006182 0.101805 -0.020030
v -0.006590 0.102070 -0.019399
v -0.006791 0.102535 -0.019305
v -0.006317 0.102016 -0.019943
v -0.006791 0.102535 -0.019305
v -0.006789 0.102757 -0.019638
v -0.006317 0.102016 -0.019943
v -0.006806 0.100863 -0.019638
v -0.006804 0.101085 -0.019305
v -0.006182 0.101805 -0.020030
v -0.006804 0.101085 -0.019305
v -0.006801 0.101418 -0.019083
v -0.006182 0.101805 -0.020030
v -0.006801 0.101418 -0.019083
v -0.006590 0.102070 -0.019399
v -0.006182 0.101805 -0.020030
v -0.006798 0.101810 -0.019005
v -0.006590 0.102070 -0.019399
v -0.006801 0.101418 -0.019083
v -0.006794 0.102202 -0.019083
v -0.006590 0.102070 -0.019399
v -0.006798 0.101810 -0.019005
v -0.006791 0.102535 -0.019305
v -0.006590 0.102070 -0.019399
v -0.006794 0.102202 -0.019083
v -0.006789 0.102757 -0.020422
v -0.006317 0.102016 -0.019943
v -0.006789 0.102835 -0.020030
v -0.006317 0.102016 -0.019943
v -0.006789 0.102757 -0.019638
v -0.006789 0.102835 -0.020030
v -0.006791 0.102535 -0.020755
v -0.006794 0.102202 -0.020977
v -0.006317 0.102016 -0.019943
v -0.006794 0.102202 -0.020977
v -0.006798 0.101810 -0.021055
v -0.006182 0.101805 -0.020030
v -0.006798 0.101810 -0.021055
v -0.006801 0.101418 -0.020977
v -0.006182 0.101805 -0.020030
v -0.006801 0.101418 -0.020977
v -0.006804 0.101085 -0.020755
v -0.006182 0.101805 -0.020030
v -0.006804 0.101085 -0.020755
v -0.006806 0.100863 -0.020422
v -0.006182 0.101805 -0.020030
v -0.006806 0.100863 -0.020422
v -0.006807 0.100785 -0.020030
v -0.006182 0.101805 -0.020030
v -0.006807 0.100785 -0.020030
v -0.006806 0.100863 -0.019638
v -0.006182 0.101805 -0.020030
v -0.006317 0.102016 -0.019943
v -0.006789 0.102757 -0.020422
v -0.006791 0.102535 -0.020755
v 0.022478 0.027900 -0.039817
v 0.023198 0.000000 -0.040060
v 0.010240 0.000000 -0.040060
v 0.009340 0.027900 -0.039817
v 0.022478 0.027900 -0.039817
v 0.010240 0.000000 -0.040060
v 0.003761 0.000000 -0.040060
v 0.009340 0.027900 -0.039817
v 0.010240 0.000000 -0.040060
v 0.003761 0.000000 -0.040060
v 0.002779 0.027900 -0.039817
v 0.009340 0.027900 -0.039817
v 0.003761 0.000000 -0.040060
v 0.000514 0.000000 -0.040060
v 0.002779 0.027900 -0.039817
v 0.002779 0.027900 -0.039817
v 0.000514 0.000000 -0.040060
v -0.000549 0.027900 -0.039810
v -0.000549 0.027900 -0.039810
v 0.000514 0.000000 -0.040060
v -0.003104 0.000000 -0.039821
v -0.002344 0.027900 -0.039682
v -0.000549 0.027900 -0.039810
v -0.003104 0.000000 -0.039821
v -0.004343 0.027900 -0.039334
v -0.002344 0.027900 -0.039682
v -0.003104 0.000000 -0.039821
v -0.005254 0.000000 -0.039358
v -0.004343 0.027900 -0.039334
v -0.003104 0.000000 -0.039821
v -0.005254 0.000000 -0.039358
v -0.006622 0.027900 -0.038674
v -0.004343 0.027900 -0.039334
v -0.005254 0.000000 -0.039358
v -0.007634 0.000000 -0.038549
v -0.006622 0.027900 -0.038674
v -0.006622 0.027900 -0.038674
v -0.007634 0.000000 -0.038549
v -0.008841 0.027900 -0.037732
v -0.008841 0.027900 -0.037732
v -0.007634 0.000000 -0.038549
v -0.009796 0.000000 -0.037501
v -0.010775 0.027900 -0.036625
v -0.008841 0.027900 -0.037732
v -0.009796 0.000000 -0.037501
v -0.011667 0.000000 -0.036312
v -0.010775 0.027900 -0.036625
v -0.009796 0.000000 -0.037501
v -0.011667 0.000000 -0.036312
v -0.012424 0.027900 -0.035432
v -0.010775 0.027900 -0.036625
v -0.011667 0.000000 -0.036312
v -0.013261 0.000000 -0.035044
v -0.012424 0.027900 -0.035432
v -0.013261 0.000000 -0.035044
v -0.014620 0.000000 -0.033723
v -0.015029 0.027900 -0.032900
v -0.015029 0.027900 -0.032900
v -0.014620 0.000000 -0.033723
v -0.016760 0.000000 -0.030999
v -0.016923 0.027900 -0.030284
v -0.015029 0.027900 -0.032900
v -0.016760 0.000000 -0.030999
v -0.018233 0.000000 -0.028324
v -0.016923 0.027900 -0.030284
v -0.016760 0.000000 -0.030999
v -0.018233 0.000000 -0.028324
v -0.018228 0.027900 -0.027729
v -0.016923 0.027900 -0.030284
v -0.018233 0.000000 -0.028324
v -0.019196 0.000000 -0.025751
v -0.018228 0.027900 -0.027729
v -0.018228 0.027900 -0.027729
v -0.019196 0.000000 -0.025751
v -0.019081 0.027900 -0.025267
v -0.019081 0.027900 -0.025267
v -0.019758 0.000000 -0.023321
v -0.019571 0.027900 -0.022949
v -0.019571 0.027900 -0.022949
v -0.019758 0.000000 -0.023321
v -0.020003 0.000000 -0.021093
v -0.019772 0.027900 -0.020813
v -0.019571 0.027900 -0.022949
v -0.020003 0.000000 -0.021093
v 0.075030 0.027900 -0.039817
v 0.075030 0.000000 -0.040060
v 0.023198 0.000000 -0.040060
v -0.000000 0.027900 -0.000243
v -0.001478 0.027900 -0.000297
v 0.000000 0.000000 0.000000
v 0.000000 0.000000 0.000000
v -0.001478 0.027900 -0.000297
v -0.001516 0.000000 -0.000056
v -0.001516 0.000000 -0.000056
v -0.001478 0.027900 -0.000297
v -0.004096 0.027900 -0.000673
v -0.004202 0.000000 -0.000447
v -0.001516 0.000000 -0.000056
v -0.004096 0.027900 -0.000673
v -0.007213 0.027900 -0.001604
v -0.004202 0.000000 -0.000447
v -0.004096 0.027900 -0.000673
v -0.007213 0.027900 -0.001604
v -0.007384 -0.000000 -0.001410
v -0.004202 0.000000 -0.000447
v -0.007213 0.027900 -0.001604
v -0.010198 0.027900 -0.003073
v -0.007384 -0.000000 -0.001410
v -0.007384 -0.000000 -0.001410
v -0.010198 0.027900 -0.003073
v -0.010427 0.000000 -0.002927
v -0.010427 0.000000 -0.002927
v -0.010198 0.027900 -0.003073
v -0.011732 0.027900 -0.004097
v -0.011979 0.000000 -0.003977
v -0.010427 0.000000 -0.002927
v -0.011732 0.027900 -0.004097
v -0.013286 0.027900 -0.005367
v -0.011979 0.000000 -0.003977
v -0.011732 0.027900 -0.004097
v -0.013286 0.027900 -0.005367
v -0.013542 0.000000 -0.005270
v -0.011979 0.000000 -0.003977
v -0.013286 0.027900 -0.005367
v -0.014810 0.027900 -0.006907
v -0.013542 0.000000 -0.005270
v -0.013542 0.000000 -0.005270
v -0.014810 0.027900 -0.006907
v -0.015067 -0.000000 -0.006829
v -0.015067 -0.000000 -0.006829
v -0.014810 0.027900 -0.006907
v -0.016272 0.027900 -0.008771
v -0.016531 -0.000000 -0.008719
v -0.015067 -0.000000 -0.006829
v -0.016272 0.027900 -0.008771
v -0.017630 0.027900 -0.011046
v -0.016531 -0.000000 -0.008719
v -0.016272 0.027900 -0.008771
v -0.017630 0.027900 -0.011046
v -0.017897 -0.000000 -0.011035
v -0.016531 -0.000000 -0.008719
v -0.017630 0.027900 -0.011046
v -0.018765 0.027900 -0.013750
v -0.017897 -0.000000 -0.011035
v -0.019037 -0.000000 -0.013797
v -0.017897 -0.000000 -0.011035
v -0.018765 0.027900 -0.013750
v -0.019817 0.000000 -0.017121
v -0.019549 0.027900 -0.016978
v -0.019750 0.027900 -0.018826
v -0.019817 0.000000 -0.017121
v -0.019037 -0.000000 -0.013797
v -0.019549 0.027900 -0.016978
v -0.020006 0.000000 -0.019033
v -0.019817 0.000000 -0.017121
v -0.019750 0.027900 -0.018826
v -0.019772 0.027900 -0.020813
v -0.020006 0.000000 -0.019033
v -0.019750 0.027900 -0.018826
v -0.019772 0.027900 -0.020813
v -0.020003 0.000000 -0.021093
v -0.020006 0.000000 -0.019033
v -0.019196 0.000000 -0.025751
v -0.019758 0.000000 -0.023321
v -0.019081 0.027900 -0.025267
v 0.023198 0.000000 -0.040060
v 0.022478 0.027900 -0.039817
v 0.075030 0.027900 -0.039817
v -0.013261 0.000000 -0.035044
v -0.015029 0.027900 -0.032900
v -0.012424 0.027900 -0.035432
v -0.019549 0.027900 -0.016978
v -0.019037 -0.000000 -0.013797
v -0.018765 0.027900 -0.013750
v 0.092114 0.068985 -0.025171
v 0.090898 0.108939 -0.027312
v 0.091756 0.110069 -0.024997
v 0.092473 0.027900 -0.025346
v 0.091821 0.027900 -0.027147
v 0.090898 0.108939 -0.027312
v 0.090898 0.108939 -0.027312
v 0.091821 0.027900 -0.027147
v 0.091090 0.027900 -0.028671
v 0.089710 0.107873 -0.029497
v 0.090898 0.108939 -0.027312
v 0.091090 0.027900 -0.028671
v 0.089637 0.027900 -0.030944
v 0.089710 0.107873 -0.029497
v 0.091090 0.027900 -0.028671
v 0.089637 0.027900 -0.030944
v 0.088202 0.106887 -0.031518
v 0.089710 0.107873 -0.029497
v 0.088094 0.027900 -0.032753
v 0.086388 0.106005 -0.033325
v 0.088202 0.106887 -0.031518
v 0.089637 0.027900 -0.030944
v 0.088094 0.027900 -0.032753
v 0.088202 0.106887 -0.031518
v 0.084051 0.027900 -0.035880
v 0.084103 0.105194 -0.034988
v 0.086325 0.027900 -0.034345
v 0.075030 0.027900 -0.038265
v 0.075030 0.103950 -0.037536
v 0.077021 0.027900 -0.038158
v 0.077021 0.027900 -0.038158
v 0.075030 0.103950 -0.037536
v 0.077111 0.104010 -0.037413
v 0.078646 0.027900 -0.037903
v 0.077021 0.027900 -0.038158
v 0.077111 0.104010 -0.037413
v 0.078817 0.104154 -0.037119
v 0.078646 0.027900 -0.037903
v 0.077111 0.104010 -0.037413
v 0.078817 0.104154 -0.037119
v 0.080561 0.027900 -0.037406
v 0.078646 0.027900 -0.037903
v 0.078817 0.104154 -0.037119
v 0.080784 0.104427 -0.036559
v 0.080561 0.027900 -0.037406
v 0.080561 0.027900 -0.037406
v 0.080784 0.104427 -0.036559
v 0.082465 0.027900 -0.036682
v 0.082465 0.027900 -0.036682
v 0.080784 0.104427 -0.036559
v 0.082580 0.104789 -0.035817
v 0.084051 0.027900 -0.035880
v 0.082465 0.027900 -0.036682
v 0.082580 0.104789 -0.035817
v 0.084103 0.105194 -0.034988
v 0.084051 0.027900 -0.035880
v 0.082580 0.104789 -0.035817
v 0.086388 0.106005 -0.033325
v 0.086325 0.027900 -0.034345
v 0.084103 0.105194 -0.034988
v 0.088094 0.027900 -0.032753
v 0.086325 0.027900 -0.034345
v 0.086388 0.106005 -0.033325
v 0.092294 0.048442 -0.025259
v 0.090898 0.108939 -0.027312
v 0.092114 0.068985 -0.025171
v 0.092473 0.027900 -0.025346
v 0.090898 0.108939 -0.027312
v 0.092294 0.048442 -0.025259
v 0.025110 0.103950 -0.037536
v 0.037515 0.027900 -0.038265
v 0.018757 0.027900 -0.038265
v 0.000181 0.103950 -0.037536
v 0.025110 0.103950 -0.037536
v -0.000000 0.027900 -0.038265
v -0.001991 0.027900 -0.038158
v 0.000181 0.103950 -0.037536
v -0.000000 0.027900 -0.038265
v -0.001991 0.027900 -0.038158
v -0.002871 0.104066 -0.037298
v 0.000181 0.103950 -0.037536
v -0.001991 0.027900 -0.038158
v -0.003616 0.027900 -0.037903
v -0.002871 0.104066 -0.037298
v -0.004651 0.104259 -0.036904
v -0.002871 0.104066 -0.037298
v -0.003616 0.027900 -0.037903
v -0.005531 0.027900 -0.037406
v -0.004651 0.104259 -0.036904
v -0.003616 0.027900 -0.037903
v -0.005531 0.027900 -0.037406
v -0.007435 0.027900 -0.036683
v -0.004651 0.104259 -0.036904
v -0.004651 0.104259 -0.036904
v -0.007435 0.027900 -0.036683
v -0.006494 0.104562 -0.036282
v -0.006494 0.104562 -0.036282
v -0.007435 0.027900 -0.036683
v -0.009020 0.027900 -0.035880
v -0.016790 0.027900 -0.027149
v -0.015883 0.108956 -0.027279
v -0.014720 0.107904 -0.029435
v -0.016790 0.027900 -0.027149
v -0.017443 0.027900 -0.025347
v -0.015883 0.108956 -0.027279
v -0.016059 0.027900 -0.028673
v -0.016790 0.027900 -0.027149
v -0.014720 0.107904 -0.029435
v -0.013251 0.106932 -0.031427
v -0.016059 0.027900 -0.028673
v -0.014720 0.107904 -0.029435
v -0.013251 0.106932 -0.031427
v -0.014606 0.027900 -0.030946
v -0.016059 0.027900 -0.028673
v -0.013251 0.106932 -0.031427
v -0.011491 0.106061 -0.033210
v -0.014606 0.027900 -0.030946
v -0.014606 0.027900 -0.030946
v -0.011491 0.106061 -0.033210
v -0.013062 0.027900 -0.032754
v -0.013062 0.027900 -0.032754
v -0.011491 0.106061 -0.033210
v -0.009415 0.105299 -0.034773
v -0.011294 0.027900 -0.034346
v -0.013062 0.027900 -0.032754
v -0.009415 0.105299 -0.034773
v 0.037515 0.027900 -0.038265
v 0.075030 0.103950 -0.037536
v 0.075030 0.027900 -0.038265
v -0.009020 0.027900 -0.035880
v -0.011294 0.027900 -0.034346
v -0.009415 0.105299 -0.034773
v 0.037515 0.027900 -0.038265
v 0.025110 0.103950 -0.037536
v 0.075030 0.103950 -0.037536
v -0.017263 0.048442 -0.025259
v -0.015883 0.108956 -0.027279
v -0.017443 0.027900 -0.025347
v -0.009415 0.105299 -0.034773
v -0.006494 0.104562 -0.036282
v -0.009020 0.027900 -0.035880
v 0.025110 0.103950 -0.037536
v 0.018757 0.027900 -0.038265
v 0.009379 0.027900 -0.038265
v 0.025110 0.103950 -0.037536
v 0.009379 0.027900 -0.038265
v -0.000000 0.027900 -0.038265
v -0.016726 0.110069 -0.024997
v -0.015883 0.108956 -0.027279
v -0.017084 0.068985 -0.025172
v -0.017084 0.068985 -0.025172
v -0.015883 0.108956 -0.027279
v -0.017263 0.048442 -0.025259
v 0.065651 0.027900 -0.001795
v 0.056273 0.027900 -0.001795
v 0.065690 0.027900 -0.000243
v 0.065651 0.027900 -0.001795
v 0.065690 0.027900 -0.000243
v 0.072259 0.027900 -0.000243
v 0.037515 0.027900 -0.001795
v 0.052552 0.027900 -0.000243
v 0.056273 0.027900 -0.001795
v 0.009379 0.027900 -0.038265
v 0.018757 0.027900 -0.038265
v 0.009340 0.027900 -0.039817
v 0.037515 0.027900 -0.001795
v -0.000000 0.027900 -0.001795
v -0.000000 0.027900 -0.000243
v 0.009379 0.027900 -0.038265
v 0.009340 0.027900 -0.039817
v 0.002779 0.027900 -0.039817
v 0.072259 0.027900 -0.000243
v 0.075030 0.027900 -0.001795
v 0.065651 0.027900 -0.001795
v 0.075579 0.027900 -0.000251
v 0.076989 0.027900 -0.001901
v 0.075030 0.027900 -0.001795
v 0.077374 0.027900 -0.000382
v 0.078927 0.027900 -0.002217
v 0.076989 0.027900 -0.001901
v 0.079373 0.027900 -0.000727
v 0.080819 0.027900 -0.002738
v 0.078927 0.027900 -0.002217
v 0.085173 0.027900 -0.004876
v 0.082535 0.027900 -0.003409
v 0.083871 0.027900 -0.002328
v 0.083871 0.027900 -0.002328
v 0.082535 0.027900 -0.003409
v 0.081649 0.027900 -0.001383
v 0.087459 0.027900 -0.004635
v 0.085173 0.027900 -0.004876
v 0.085805 0.027900 -0.003435
v 0.085805 0.027900 -0.003435
v 0.085173 0.027900 -0.004876
v 0.083871 0.027900 -0.002328
v 0.090059 0.027900 -0.007160
v 0.086963 0.027900 -0.006241
v 0.087459 0.027900 -0.004635
v 0.087459 0.027900 -0.004635
v 0.086963 0.027900 -0.006241
v 0.085173 0.027900 -0.004876
v 0.089881 0.027900 -0.009450
v 0.088517 0.027900 -0.007757
v 0.090059 0.027900 -0.007160
v 0.090059 0.027900 -0.007160
v 0.088517 0.027900 -0.007757
v 0.086963 0.027900 -0.006241
v 0.091219 0.027900 -0.011634
v 0.089881 0.027900 -0.009450
v 0.091956 0.027900 -0.009783
v 0.091956 0.027900 -0.009783
v 0.089881 0.027900 -0.009450
v 0.090059 0.027900 -0.007160
v 0.092473 0.027900 -0.014714
v 0.093258 0.027900 -0.012331
v 0.094111 0.027900 -0.014793
v 0.092473 0.027900 -0.014714
v 0.091219 0.027900 -0.011634
v 0.093258 0.027900 -0.012331
v 0.092473 0.027900 -0.025346
v 0.092473 0.027900 -0.014714
v 0.094802 0.027900 -0.019250
v 0.094580 0.027900 -0.023082
v 0.092473 0.027900 -0.025346
v 0.094780 0.027900 -0.021234
v 0.091090 0.027900 -0.028671
v 0.091821 0.027900 -0.027147
v 0.092660 0.027900 -0.029014
v 0.092660 0.027900 -0.029014
v 0.091821 0.027900 -0.027147
v 0.093792 0.027900 -0.026314
v 0.091299 0.027900 -0.031291
v 0.089637 0.027900 -0.030944
v 0.091090 0.027900 -0.028671
v 0.089837 0.027900 -0.033155
v 0.088094 0.027900 -0.032753
v 0.089637 0.027900 -0.030944
v 0.088317 0.027900 -0.034693
v 0.086325 0.027900 -0.034345
v 0.088094 0.027900 -0.032753
v 0.086762 0.027900 -0.035963
v 0.084051 0.027900 -0.035880
v 0.086325 0.027900 -0.034345
v 0.085224 0.027900 -0.036988
v 0.082465 0.027900 -0.036682
v 0.084051 0.027900 -0.035880
v 0.082243 0.027900 -0.038456
v 0.080561 0.027900 -0.037406
v 0.082465 0.027900 -0.036682
v 0.077021 0.027900 -0.038158
v 0.078646 0.027900 -0.037903
v 0.079128 0.027900 -0.039386
v 0.079128 0.027900 -0.039386
v 0.078646 0.027900 -0.037903
v 0.080561 0.027900 -0.037406
v 0.077374 0.027900 -0.000382
v 0.079373 0.027900 -0.000727
v 0.078927 0.027900 -0.002217
v 0.075030 0.027900 -0.038265
v 0.075030 0.027900 -0.039817
v 0.037515 0.027900 -0.038265
v 0.037515 0.027900 -0.038265
v 0.022478 0.027900 -0.039817
v 0.018757 0.027900 -0.038265
v 0.002779 0.027900 -0.039817
v -0.000000 0.027900 -0.038265
v 0.009379 0.027900 -0.038265
v -0.000549 0.027900 -0.039810
v -0.001991 0.027900 -0.038158
v -0.000000 0.027900 -0.038265
v -0.002344 0.027900 -0.039682
v -0.003616 0.027900 -0.037903
v -0.001991 0.027900 -0.038158
v -0.006622 0.027900 -0.038674
v -0.005531 0.027900 -0.037406
v -0.004343 0.027900 -0.039334
v -0.004343 0.027900 -0.039334
v -0.005531 0.027900 -0.037406
v -0.003616 0.027900 -0.037903
v -0.006622 0.027900 -0.038674
v -0.007435 0.027900 -0.036683
v -0.005531 0.027900 -0.037406
v -0.008841 0.027900 -0.037732
v -0.009020 0.027900 -0.035880
v -0.007435 0.027900 -0.036683
v -0.010775 0.027900 -0.036625
v -0.011294 0.027900 -0.034346
v -0.009020 0.027900 -0.035880
v -0.014606 0.027900 -0.030946
v -0.013062 0.027900 -0.032754
v -0.015029 0.027900 -0.032900
v -0.015029 0.027900 -0.032900
v -0.013062 0.027900 -0.032754
v -0.012424 0.027900 -0.035432
v -0.016059 0.027900 -0.028673
v -0.014606 0.027900 -0.030946
v -0.016923 0.027900 -0.030284
v -0.016923 0.027900 -0.030284
v -0.014606 0.027900 -0.030946
v -0.015029 0.027900 -0.032900
v -0.017443 0.027900 -0.025347
v -0.018228 0.027900 -0.027729
v -0.019081 0.027900 -0.025267
v -0.017443 0.027900 -0.025347
v -0.016790 0.027900 -0.027149
v -0.018228 0.027900 -0.027729
v -0.017443 0.027900 -0.014713
v -0.017443 0.027900 -0.025347
v -0.019772 0.027900 -0.020813
v -0.019549 0.027900 -0.016978
v -0.017443 0.027900 -0.014713
v -0.019750 0.027900 -0.018826
v -0.016059 0.027900 -0.011387
v -0.016790 0.027900 -0.012911
v -0.017630 0.027900 -0.011046
v -0.017630 0.027900 -0.011046
v -0.016790 0.027900 -0.012911
v -0.018765 0.027900 -0.013750
v -0.016272 0.027900 -0.008771
v -0.014606 0.027900 -0.009114
v -0.016059 0.027900 -0.011387
v -0.014810 0.027900 -0.006907
v -0.013062 0.027900 -0.007306
v -0.014606 0.027900 -0.009114
v -0.013286 0.027900 -0.005367
v -0.011294 0.027900 -0.005714
v -0.013062 0.027900 -0.007306
v -0.011732 0.027900 -0.004097
v -0.009020 0.027900 -0.004180
v -0.011294 0.027900 -0.005714
v -0.010198 0.027900 -0.003073
v -0.007435 0.027900 -0.003377
v -0.009020 0.027900 -0.004180
v -0.007213 0.027900 -0.001604
v -0.005531 0.027900 -0.002654
v -0.007435 0.027900 -0.003377
v -0.001991 0.027900 -0.001902
v -0.003616 0.027900 -0.002157
v -0.004096 0.027900 -0.000673
v -0.004096 0.027900 -0.000673
v -0.003616 0.027900 -0.002157
v -0.005531 0.027900 -0.002654
v -0.002344 0.027900 -0.039682
v -0.004343 0.027900 -0.039334
v -0.003616 0.027900 -0.037903
v 0.037515 0.027900 -0.001795
v -0.000000 0.027900 -0.000243
v 0.052552 0.027900 -0.000243
v -0.000000 0.027900 -0.001795
v -0.001478 0.027900 -0.000297
v -0.000000 0.027900 -0.000243
v -0.000000 0.027900 -0.001795
v -0.001991 0.027900 -0.001902
v -0.001478 0.027900 -0.000297
v -0.001478 0.027900 -0.000297
v -0.001991 0.027900 -0.001902
v -0.004096 0.027900 -0.000673
v -0.002344 0.027900 -0.039682
v -0.001991 0.027900 -0.038158
v -0.000549 0.027900 -0.039810
v -0.017630 0.027900 -0.011046
v -0.016272 0.027900 -0.008771
v -0.016059 0.027900 -0.011387
v -0.014810 0.027900 -0.006907
v -0.013286 0.027900 -0.005367
v -0.013062 0.027900 -0.007306
v -0.011732 0.027900 -0.004097
v -0.010198 0.027900 -0.003073
v -0.009020 0.027900 -0.004180
v -0.007435 0.027900 -0.003377
v -0.010198 0.027900 -0.003073
v -0.007213 0.027900 -0.001604
v -0.011294 0.027900 -0.005714
v -0.013286 0.027900 -0.005367
v -0.011732 0.027900 -0.004097
v -0.007213 0.027900 -0.001604
v -0.004096 0.027900 -0.000673
v -0.005531 0.027900 -0.002654
v -0.016272 0.027900 -0.008771
v -0.014810 0.027900 -0.006907
v -0.014606 0.027900 -0.009114
v -0.016790 0.027900 -0.012911
v -0.017443 0.027900 -0.014713
v -0.018765 0.027900 -0.013750
v -0.017443 0.027900 -0.014713
v -0.019772 0.027900 -0.020813
v -0.019750 0.027900 -0.018826
v -0.019549 0.027900 -0.016978
v -0.018765 0.027900 -0.013750
v -0.017443 0.027900 -0.014713
v -0.017443 0.027900 -0.025347
v -0.019571 0.027900 -0.022949
v -0.019772 0.027900 -0.020813
v -0.017443 0.027900 -0.025347
v -0.019081 0.027900 -0.025267
v -0.019571 0.027900 -0.022949
v -0.016059 0.027900 -0.028673
v -0.018228 0.027900 -0.027729
v -0.016790 0.027900 -0.027149
v -0.016059 0.027900 -0.028673
v -0.016923 0.027900 -0.030284
v -0.018228 0.027900 -0.027729
v -0.012424 0.027900 -0.035432
v -0.013062 0.027900 -0.032754
v -0.011294 0.027900 -0.034346
v -0.010775 0.027900 -0.036625
v -0.012424 0.027900 -0.035432
v -0.011294 0.027900 -0.034346
v -0.008841 0.027900 -0.037732
v -0.010775 0.027900 -0.036625
v -0.009020 0.027900 -0.035880
v 0.002779 0.027900 -0.039817
v -0.000549 0.027900 -0.039810
v -0.000000 0.027900 -0.038265
v 0.009340 0.027900 -0.039817
v 0.018757 0.027900 -0.038265
v 0.022478 0.027900 -0.039817
v 0.022478 0.027900 -0.039817
v 0.037515 0.027900 -0.038265
v 0.075030 0.027900 -0.039817
v 0.056273 0.027900 -0.001795
v 0.052552 0.027900 -0.000243
v 0.065690 0.027900 -0.000243
v 0.072259 0.027900 -0.000243
v 0.075579 0.027900 -0.000251
v 0.075030 0.027900 -0.001795
v 0.075030 0.027900 -0.038265
v 0.077021 0.027900 -0.038158
v 0.076508 0.027900 -0.039761
v 0.075030 0.027900 -0.039817
v 0.075030 0.027900 -0.038265
v 0.076508 0.027900 -0.039761
v 0.079128 0.027900 -0.039386
v 0.076508 0.027900 -0.039761
v 0.077021 0.027900 -0.038158
v 0.075579 0.027900 -0.000251
v 0.077374 0.027900 -0.000382
v 0.076989 0.027900 -0.001901
v 0.085224 0.027900 -0.036988
v 0.082243 0.027900 -0.038456
v 0.082465 0.027900 -0.036682
v 0.086762 0.027900 -0.035963
v 0.085224 0.027900 -0.036988
v 0.084051 0.027900 -0.035880
v 0.088317 0.027900 -0.034693
v 0.086762 0.027900 -0.035963
v 0.086325 0.027900 -0.034345
v 0.091299 0.027900 -0.031291
v 0.089837 0.027900 -0.033155
v 0.089637 0.027900 -0.030944
v 0.091299 0.027900 -0.031291
v 0.091090 0.027900 -0.028671
v 0.092660 0.027900 -0.029014
v 0.092473 0.027900 -0.025346
v 0.094580 0.027900 -0.023082
v 0.093792 0.027900 -0.026314
v 0.092473 0.027900 -0.025346
v 0.093792 0.027900 -0.026314
v 0.091821 0.027900 -0.027147
v 0.094802 0.027900 -0.019250
v 0.094780 0.027900 -0.021234
v 0.092473 0.027900 -0.025346
v 0.094802 0.027900 -0.019250
v 0.092473 0.027900 -0.014714
v 0.094601 0.027900 -0.017117
v 0.091219 0.027900 -0.011634
v 0.091956 0.027900 -0.009783
v 0.093258 0.027900 -0.012331
v 0.082535 0.027900 -0.003409
v 0.080819 0.027900 -0.002738
v 0.081649 0.027900 -0.001383
v 0.092473 0.027900 -0.014714
v 0.094111 0.027900 -0.014793
v 0.094601 0.027900 -0.017117
v 0.088317 0.027900 -0.034693
v 0.088094 0.027900 -0.032753
v 0.089837 0.027900 -0.033155
v 0.079128 0.027900 -0.039386
v 0.080561 0.027900 -0.037406
v 0.082243 0.027900 -0.038456
v -0.007435 0.027900 -0.036683
v -0.006622 0.027900 -0.038674
v -0.008841 0.027900 -0.037732
v 0.081649 0.027900 -0.001383
v 0.080819 0.027900 -0.002738
v 0.079373 0.027900 -0.000727
v 0.047136 0.000000 -0.022042
v 0.046695 0.000000 -0.023496
v 0.075030 0.000000 -0.040060
v 0.047136 0.000000 -0.022042
v 0.075030 0.000000 -0.040060
v 0.047285 0.000000 -0.020530
v 0.046695 0.000000 -0.023496
v 0.045979 0.000000 -0.024836
v 0.075030 0.000000 -0.040060
v 0.045979 0.000000 -0.024836
v 0.045015 0.000000 -0.026010
v 0.075030 0.000000 -0.040060
v 0.045015 0.000000 -0.026010
v 0.043841 0.000000 -0.026974
v 0.075030 0.000000 -0.040060
v 0.043841 0.000000 -0.026974
v 0.042501 0.000000 -0.027690
v 0.075030 0.000000 -0.040060
v 0.042501 0.000000 -0.027690
v 0.041047 0.000000 -0.028131
v 0.075030 0.000000 -0.040060
v 0.023198 0.000000 -0.040060
v 0.075030 0.000000 -0.040060
v 0.041047 0.000000 -0.028131
v 0.023198 0.000000 -0.040060
v 0.041047 0.000000 -0.028131
v 0.039535 0.000000 -0.028280
v 0.036569 0.000000 -0.027690
v 0.035229 0.000000 -0.026974
v 0.023198 0.000000 -0.040060
v 0.036569 0.000000 -0.027690
v 0.023198 0.000000 -0.040060
v 0.038023 0.000000 -0.028131
v 0.035229 0.000000 -0.026974
v 0.034055 0.000000 -0.026010
v 0.023198 0.000000 -0.040060
v 0.034055 0.000000 -0.026010
v 0.033091 0.000000 -0.024836
v 0.023198 0.000000 -0.040060
v 0.023198 0.000000 -0.040060
v 0.039535 0.000000 -0.028280
v 0.038023 0.000000 -0.028131
v 0.017862 0.000000 -0.026980
v 0.023198 0.000000 -0.040060
v 0.033091 0.000000 -0.024836
v 0.017862 0.000000 -0.026980
v 0.033091 0.000000 -0.024836
v 0.019010 0.000000 -0.024833
v 0.033091 0.000000 -0.024836
v 0.032375 0.000000 -0.023496
v 0.019010 0.000000 -0.024833
v 0.032375 0.000000 -0.023496
v 0.031934 0.000000 -0.022042
v 0.019716 0.000000 -0.022503
v 0.019955 0.000000 -0.020080
v 0.031785 0.000000 -0.020530
v 0.031934 0.000000 -0.019018
v 0.019716 0.000000 -0.022503
v 0.031785 0.000000 -0.020530
v 0.019955 0.000000 -0.020080
v 0.019955 0.000000 -0.020080
v 0.031934 0.000000 -0.019018
v 0.019716 0.000000 -0.017657
v 0.019010 0.000000 -0.015327
v 0.033091 0.000000 -0.016224
v 0.017862 0.000000 -0.013180
v 0.032375 0.000000 -0.017564
v 0.033091 0.000000 -0.016224
v 0.019010 0.000000 -0.015327
v 0.033091 0.000000 -0.016224
v 0.034055 0.000000 -0.015050
v 0.017862 0.000000 -0.013180
v 0.014435 0.000000 -0.009753
v 0.016317 0.000000 -0.011298
v 0.036569 0.000000 -0.013370
v 0.016317 0.000000 -0.011298
v 0.035229 0.000000 -0.014086
v 0.036569 0.000000 -0.013370
v 0.051832 -0.000000 -0.000000
v 0.036569 0.000000 -0.013370
v 0.038023 0.000000 -0.012929
v 0.041047 0.000000 -0.012929
v 0.042501 0.000000 -0.013370
v 0.051832 -0.000000 -0.000000
v 0.051832 -0.000000 -0.000000
v 0.038023 0.000000 -0.012929
v 0.039535 0.000000 -0.012780
v 0.042501 0.000000 -0.013370
v 0.043841 0.000000 -0.014086
v 0.051832 -0.000000 -0.000000
v 0.043841 0.000000 -0.014086
v 0.045015 0.000000 -0.015050
v 0.051832 -0.000000 -0.000000
v 0.014435 0.000000 -0.009753
v 0.036569 0.000000 -0.013370
v 0.051832 -0.000000 -0.000000
v 0.045015 0.000000 -0.015050
v 0.045979 0.000000 -0.016224
v 0.051832 -0.000000 -0.000000
v 0.064790 -0.000000 0.000000
v 0.051832 -0.000000 -0.000000
v 0.046695 0.000000 -0.017564
v 0.031934 0.000000 -0.022042
v 0.031785 0.000000 -0.020530
v 0.019716 0.000000 -0.022503
v 0.047285 0.000000 -0.020530
v 0.064790 -0.000000 0.000000
v 0.047136 0.000000 -0.019018
v 0.019010 0.000000 -0.015327
v 0.019716 0.000000 -0.017657
v 0.032375 0.000000 -0.017564
v 0.034055 0.000000 -0.015050
v 0.035229 0.000000 -0.014086
v 0.017862 0.000000 -0.013180
v 0.019010 0.000000 -0.024833
v 0.032375 0.000000 -0.023496
v 0.019716 0.000000 -0.022503
v 0.017862 0.000000 -0.026980
v 0.016317 0.000000 -0.028862
v 0.023198 0.000000 -0.040060
v 0.016317 0.000000 -0.028862
v 0.014435 0.000000 -0.030407
v 0.023198 0.000000 -0.040060
v 0.014435 0.000000 -0.030407
v 0.010240 0.000000 -0.040060
v 0.023198 0.000000 -0.040060
v 0.012288 0.000000 -0.031555
v 0.010240 0.000000 -0.040060
v 0.014435 0.000000 -0.030407
v 0.007535 0.000000 -0.032500
v 0.003761 0.000000 -0.040060
v 0.010240 0.000000 -0.040060
v 0.010240 0.000000 -0.040060
v 0.012288 0.000000 -0.031555
v 0.009958 0.000000 -0.032261
v 0.003761 0.000000 -0.040060
v 0.007535 0.000000 -0.032500
v 0.005112 0.000000 -0.032261
v 0.003761 0.000000 -0.040060
v 0.005112 0.000000 -0.032261
v 0.002782 0.000000 -0.031555
v -0.003104 0.000000 -0.039821
v 0.000514 0.000000 -0.040060
v 0.000635 0.000000 -0.030407
v 0.000514 0.000000 -0.040060
v 0.002782 0.000000 -0.031555
v 0.000635 0.000000 -0.030407
v 0.000635 0.000000 -0.030407
v -0.001247 0.000000 -0.028862
v -0.005254 0.000000 -0.039358
v -0.001247 0.000000 -0.028862
v -0.009796 0.000000 -0.037501
v -0.007634 0.000000 -0.038549
v -0.002792 0.000000 -0.026980
v -0.013261 0.000000 -0.035044
v -0.011667 0.000000 -0.036312
v -0.003940 0.000000 -0.024833
v -0.018233 0.000000 -0.028324
v -0.016760 0.000000 -0.030999
v -0.003940 0.000000 -0.024833
v -0.016760 0.000000 -0.030999
v -0.014620 0.000000 -0.033723
v -0.004646 0.000000 -0.022503
v -0.019196 0.000000 -0.025751
v -0.018233 0.000000 -0.028324
v -0.004885 0.000000 -0.020080
v -0.020006 0.000000 -0.019033
v -0.020003 0.000000 -0.021093
v -0.004885 0.000000 -0.020080
v -0.020003 0.000000 -0.021093
v -0.019758 0.000000 -0.023321
v -0.019817 0.000000 -0.017121
v -0.020006 0.000000 -0.019033
v -0.004885 0.000000 -0.020080
v -0.003940 0.000000 -0.015327
v -0.016531 -0.000000 -0.008719
v -0.017897 -0.000000 -0.011035
v -0.003940 0.000000 -0.015327
v -0.017897 -0.000000 -0.011035
v -0.004646 0.000000 -0.017657
v -0.002792 0.000000 -0.013180
v -0.015067 -0.000000 -0.006829
v -0.003940 0.000000 -0.015327
v -0.001247 0.000000 -0.011298
v -0.010427 0.000000 -0.002927
v -0.002792 0.000000 -0.013180
v -0.010427 0.000000 -0.002927
v -0.011979 0.000000 -0.003977
v -0.002792 0.000000 -0.013180
v -0.004202 0.000000 -0.000447
v -0.007384 -0.000000 -0.001410
v -0.001247 0.000000 -0.011298
v 0.002782 0.000000 -0.008605
v 0.005112 0.000000 -0.007899
v 0.000000 0.000000 0.000000
v 0.002782 0.000000 -0.008605
v 0.000000 0.000000 0.000000
v 0.000635 0.000000 -0.009753
v 0.012288 0.000000 -0.008605
v 0.000000 0.000000 0.000000
v 0.009958 0.000000 -0.007899
v 0.000000 0.000000 0.000000
v 0.007535 0.000000 -0.007660
v 0.009958 0.000000 -0.007899
v 0.039535 0.000000 -0.012780
v 0.041047 0.000000 -0.012929
v 0.051832 -0.000000 -0.000000
v 0.014435 0.000000 -0.009753
v 0.051832 -0.000000 -0.000000
v 0.012288 0.000000 -0.008605
v 0.045979 0.000000 -0.016224
v 0.046695 0.000000 -0.017564
v 0.051832 -0.000000 -0.000000
v 0.047136 0.000000 -0.019018
v 0.064790 -0.000000 0.000000
v 0.046695 0.000000 -0.017564
v 0.016317 0.000000 -0.011298
v 0.017862 0.000000 -0.013180
v 0.035229 0.000000 -0.014086
v 0.000514 0.000000 -0.040060
v 0.003761 0.000000 -0.040060
v 0.002782 0.000000 -0.031555
v 0.051832 -0.000000 -0.000000
v 0.000000 0.000000 0.000000
v 0.012288 0.000000 -0.008605
v 0.005112 0.000000 -0.007899
v 0.007535 0.000000 -0.007660
v 0.000000 0.000000 0.000000
v -0.013542 0.000000 -0.005270
v -0.015067 -0.000000 -0.006829
v -0.002792 0.000000 -0.013180
v -0.001516 0.000000 -0.000056
v -0.004202 0.000000 -0.000447
v 0.000635 0.000000 -0.009753
v -0.004202 0.000000 -0.000447
v -0.001247 0.000000 -0.011298
v 0.000635 0.000000 -0.009753
v -0.007384 -0.000000 -0.001410
v -0.010427 0.000000 -0.002927
v -0.001247 0.000000 -0.011298
v 0.000000 0.000000 0.000000
v -0.001516 0.000000 -0.000056
v 0.000635 0.000000 -0.009753
v -0.011979 0.000000 -0.003977
v -0.013542 0.000000 -0.005270
v -0.002792 0.000000 -0.013180
v -0.004646 0.000000 -0.017657
v -0.017897 -0.000000 -0.011035
v -0.019037 -0.000000 -0.013797
v -0.015067 -0.000000 -0.006829
v -0.016531 -0.000000 -0.008719
v -0.003940 0.000000 -0.015327
v -0.004646 0.000000 -0.017657
v -0.019037 -0.000000 -0.013797
v -0.019817 0.000000 -0.017121
v -0.004885 0.000000 -0.020080
v -0.004646 0.000000 -0.017657
v -0.019817 0.000000 -0.017121
v -0.018233 0.000000 -0.028324
v -0.003940 0.000000 -0.024833
v -0.004646 0.000000 -0.022503
v -0.019758 0.000000 -0.023321
v -0.004646 0.000000 -0.022503
v -0.004885 0.000000 -0.020080
v -0.004646 0.000000 -0.022503
v -0.019758 0.000000 -0.023321
v -0.019196 0.000000 -0.025751
v -0.003940 0.000000 -0.024833
v -0.014620 0.000000 -0.033723
v -0.002792 0.000000 -0.026980
v -0.009796 0.000000 -0.037501
v -0.002792 0.000000 -0.026980
v -0.011667 0.000000 -0.036312
v -0.001247 0.000000 -0.028862
v -0.002792 0.000000 -0.026980
v -0.009796 0.000000 -0.037501
v -0.005254 0.000000 -0.039358
v -0.001247 0.000000 -0.028862
v -0.007634 0.000000 -0.038549
v -0.003104 0.000000 -0.039821
v 0.000635 0.000000 -0.030407
v -0.005254 0.000000 -0.039358
v 0.009958 0.000000 -0.032261
v 0.007535 0.000000 -0.032500
v 0.010240 0.000000 -0.040060
v 0.031934 0.000000 -0.019018
v 0.032375 0.000000 -0.017564
v 0.019716 0.000000 -0.017657
v 0.071269 -0.000000 0.000000
v 0.064790 -0.000000 0.000000
v 0.047285 0.000000 -0.020530
v 0.074516 -0.000000 0.000000
v 0.071269 -0.000000 0.000000
v 0.075030 0.000000 -0.040060
v 0.074516 -0.000000 0.000000
v 0.075030 0.000000 -0.040060
v 0.078135 -0.000000 -0.000243
v 0.075030 0.000000 -0.040060
v 0.079234 0.000000 -0.039613
v 0.078135 -0.000000 -0.000243
v 0.076545 0.000000 -0.040003
v 0.079234 0.000000 -0.039613
v 0.075030 0.000000 -0.040060
v 0.079234 0.000000 -0.039613
v 0.094788 0.000000 -0.016743
v 0.078135 -0.000000 -0.000243
v 0.079234 0.000000 -0.039613
v 0.085452 -0.000000 -0.037135
v 0.091559 -0.000000 -0.031343
v 0.082414 0.000000 -0.038650
v 0.085452 -0.000000 -0.037135
v 0.079234 0.000000 -0.039613
v 0.091559 -0.000000 -0.031343
v 0.087009 -0.000000 -0.036083
v 0.090092 -0.000000 -0.033234
v 0.087009 -0.000000 -0.036083
v 0.088572 -0.000000 -0.034790
v 0.090092 -0.000000 -0.033234
v 0.094788 0.000000 -0.016743
v 0.079234 0.000000 -0.039613
v 0.091559 -0.000000 -0.031343
v 0.094848 0.000000 -0.022939
v 0.091559 -0.000000 -0.031343
v 0.094064 0.000000 -0.026269
v 0.094848 0.000000 -0.022939
v 0.094788 0.000000 -0.016743
v 0.091559 -0.000000 -0.031343
v 0.095036 0.000000 -0.021027
v 0.094788 0.000000 -0.016743
v 0.094848 0.000000 -0.022939
v 0.095036 0.000000 -0.021027
v 0.095033 0.000000 -0.018971
v 0.094788 0.000000 -0.016743
v 0.091791 0.000000 -0.009064
v 0.094788 0.000000 -0.016743
v 0.094226 0.000000 -0.014309
v 0.091791 0.000000 -0.009064
v 0.094226 0.000000 -0.014309
v 0.093263 0.000000 -0.011737
v 0.086701 0.000000 -0.003752
v 0.078135 -0.000000 -0.000243
v 0.091791 0.000000 -0.009064
v 0.088294 0.000000 -0.005021
v 0.091791 0.000000 -0.009064
v 0.089650 0.000000 -0.006337
v 0.086701 0.000000 -0.003752
v 0.091791 0.000000 -0.009064
v 0.088294 0.000000 -0.005021
v 0.086701 0.000000 -0.003752
v 0.084826 0.000000 -0.002558
v 0.080282 -0.000000 -0.000701
v 0.084826 0.000000 -0.002558
v 0.082664 -0.000000 -0.001511
v 0.080282 -0.000000 -0.000701
v 0.086701 0.000000 -0.003752
v 0.080282 -0.000000 -0.000701
v 0.078135 -0.000000 -0.000243
v 0.091791 0.000000 -0.009064
v 0.078135 -0.000000 -0.000243
v 0.094788 0.000000 -0.016743
v 0.092927 -0.000000 -0.029026
v 0.094064 0.000000 -0.026269
v 0.091559 -0.000000 -0.031343
v 0.087009 -0.000000 -0.036083
v 0.091559 -0.000000 -0.031343
v 0.085452 -0.000000 -0.037135
v -0.013261 0.000000 -0.035044
v -0.002792 0.000000 -0.026980
v -0.014620 0.000000 -0.033723
v 0.075030 0.000000 -0.040060
v 0.071269 -0.000000 0.000000
v 0.047285 0.000000 -0.020530
v 0.052552 0.027900 -0.000243
v -0.000000 0.027900 -0.000243
v 0.051832 -0.000000 -0.000000
v 0.064790 -0.000000 0.000000
v 0.052552 0.027900 -0.000243
v 0.051832 -0.000000 -0.000000
v 0.052552 0.027900 -0.000243
v 0.064790 -0.000000 0.000000
v 0.065690 0.027900 -0.000243
v 0.071269 -0.000000 0.000000
v 0.074516 -0.000000 0.000000
v 0.072259 0.027900 -0.000243
v 0.065690 0.027900 -0.000243
v 0.071269 -0.000000 0.000000
v 0.072259 0.027900 -0.000243
v 0.072259 0.027900 -0.000243
v 0.074516 -0.000000 0.000000
v 0.075579 0.027900 -0.000251
v 0.065690 0.027900 -0.000243
v 0.064790 -0.000000 0.000000
v 0.071269 -0.000000 0.000000
v 0.079373 0.027900 -0.000727
v 0.077374 0.027900 -0.000382
v 0.078135 -0.000000 -0.000243
v 0.078135 -0.000000 -0.000243
v 0.077374 0.027900 -0.000382
v 0.075579 0.027900 -0.000251
v 0.074516 -0.000000 0.000000
v 0.078135 -0.000000 -0.000243
v 0.075579 0.027900 -0.000251
v 0.080282 -0.000000 -0.000701
v 0.081649 0.027900 -0.001383
v 0.079373 0.027900 -0.000727
v 0.078135 -0.000000 -0.000243
v 0.080282 -0.000000 -0.000701
v 0.079373 0.027900 -0.000727
v 0.080282 -0.000000 -0.000701
v 0.082664 -0.000000 -0.001511
v 0.081649 0.027900 -0.001383
v 0.083871 0.027900 -0.002328
v 0.082664 -0.000000 -0.001511
v 0.084826 0.000000 -0.002558
v 0.083871 0.027900 -0.002328
v 0.081649 0.027900 -0.001383
v 0.082664 -0.000000 -0.001511
v 0.083871 0.027900 -0.002328
v 0.084826 0.000000 -0.002558
v 0.085805 0.027900 -0.003435
v 0.086701 0.000000 -0.003752
v 0.088294 0.000000 -0.005021
v 0.087459 0.027900 -0.004635
v 0.085805 0.027900 -0.003435
v 0.086701 0.000000 -0.003752
v 0.087459 0.027900 -0.004635
v 0.085805 0.027900 -0.003435
v 0.084826 0.000000 -0.002558
v 0.086701 0.000000 -0.003752
v 0.090059 0.027900 -0.007160
v 0.089650 0.000000 -0.006337
v 0.091791 0.000000 -0.009064
v 0.090059 0.027900 -0.007160
v 0.087459 0.027900 -0.004635
v 0.088294 0.000000 -0.005021
v 0.091956 0.027900 -0.009783
v 0.090059 0.027900 -0.007160
v 0.091791 0.000000 -0.009064
v 0.093263 0.000000 -0.011737
v 0.094226 0.000000 -0.014309
v 0.093258 0.027900 -0.012331
v 0.091956 0.027900 -0.009783
v 0.093263 0.000000 -0.011737
v 0.093258 0.027900 -0.012331
v 0.093258 0.027900 -0.012331
v 0.094226 0.000000 -0.014309
v 0.094111 0.027900 -0.014793
v 0.094111 0.027900 -0.014793
v 0.094226 0.000000 -0.014309
v 0.094788 0.000000 -0.016743
v 0.092927 -0.000000 -0.029026
v 0.092660 0.027900 -0.029014
v 0.093792 0.027900 -0.026314
v 0.094064 0.000000 -0.026269
v 0.092927 -0.000000 -0.029026
v 0.093792 0.027900 -0.026314
v 0.085224 0.027900 -0.036988
v 0.082414 0.000000 -0.038650
v 0.082243 0.027900 -0.038456
v 0.085224 0.027900 -0.036988
v 0.085452 -0.000000 -0.037135
v 0.082414 0.000000 -0.038650
v 0.075030 0.027900 -0.039817
v 0.076508 0.027900 -0.039761
v 0.075030 0.000000 -0.040060
v 0.076545 0.000000 -0.040003
v 0.075030 0.000000 -0.040060
v 0.076508 0.027900 -0.039761
v 0.079128 0.027900 -0.039386
v 0.076545 0.000000 -0.040003
v 0.076508 0.027900 -0.039761
v 0.079128 0.027900 -0.039386
v 0.079234 0.000000 -0.039613
v 0.076545 0.000000 -0.040003
v 0.079128 0.027900 -0.039386
v 0.082243 0.027900 -0.038456
v 0.079234 0.000000 -0.039613
v 0.079234 0.000000 -0.039613
v 0.082243 0.027900 -0.038456
v 0.082414 0.000000 -0.038650
v 0.085452 -0.000000 -0.037135
v 0.085224 0.027900 -0.036988
v 0.086762 0.027900 -0.035963
v 0.087009 -0.000000 -0.036083
v 0.085452 -0.000000 -0.037135
v 0.086762 0.027900 -0.035963
v 0.088317 0.027900 -0.034693
v 0.087009 -0.000000 -0.036083
v 0.086762 0.027900 -0.035963
v 0.088317 0.027900 -0.034693
v 0.088572 -0.000000 -0.034790
v 0.087009 -0.000000 -0.036083
v 0.088317 0.027900 -0.034693
v 0.089837 0.027900 -0.033155
v 0.088572 -0.000000 -0.034790
v 0.088572 -0.000000 -0.034790
v 0.089837 0.027900 -0.033155
v 0.090092 -0.000000 -0.033234
v 0.090092 -0.000000 -0.033234
v 0.089837 0.027900 -0.033155
v 0.091299 0.027900 -0.031291
v 0.091559 -0.000000 -0.031343
v 0.090092 -0.000000 -0.033234
v 0.091299 0.027900 -0.031291
v 0.092660 0.027900 -0.029014
v 0.091559 -0.000000 -0.031343
v 0.091299 0.027900 -0.031291
v 0.092660 0.027900 -0.029014
v 0.092927 -0.000000 -0.029026
v 0.091559 -0.000000 -0.031343
v 0.091956 0.027900 -0.009783
v 0.091791 0.000000 -0.009064
v 0.093263 0.000000 -0.011737
v 0.093792 0.027900 -0.026314
v 0.094580 0.027900 -0.023082
v 0.094064 0.000000 -0.026269
v 0.094064 0.000000 -0.026269
v 0.094580 0.027900 -0.023082
v 0.094848 0.000000 -0.022939
v 0.094848 0.000000 -0.022939
v 0.094580 0.027900 -0.023082
v 0.094780 0.027900 -0.021234
v 0.095036 0.000000 -0.021027
v 0.094848 0.000000 -0.022939
v 0.094780 0.027900 -0.021234
v 0.094802 0.027900 -0.019250
v 0.095036 0.000000 -0.021027
v 0.094780 0.027900 -0.021234
v 0.094802 0.027900 -0.019250
v 0.095033 0.000000 -0.018971
v 0.095036 0.000000 -0.021027
v 0.094802 0.027900 -0.019250
v 0.094601 0.027900 -0.017117
v 0.095033 0.000000 -0.018971
v 0.095033 0.000000 -0.018971
v 0.094601 0.027900 -0.017117
v 0.094788 0.000000 -0.016743
v 0.094788 0.000000 -0.016743
v 0.094601 0.027900 -0.017117
v 0.094111 0.027900 -0.014793
v 0.051832 -0.000000 -0.000000
v -0.000000 0.027900 -0.000243
v 0.000000 0.000000 0.000000
v 0.090059 0.027900 -0.007160
v 0.088294 0.000000 -0.005021
v 0.089650 0.000000 -0.006337
v 0.010595 0.143400 -0.016581
v 0.010540 0.143400 -0.017142
v 0.007295 0.143400 -0.016581
v 0.010540 0.143400 -0.017142
v 0.013895 0.143400 -0.016581
v 0.037515 0.143400 -0.017142
v 0.044185 0.143400 -0.009401
v 0.042591 0.143400 -0.002901
v 0.044778 0.143400 -0.009519
v 0.044185 0.143400 -0.009401
v 0.037745 0.143400 -0.009401
v 0.042591 0.143400 -0.002901
v 0.044778 0.143400 -0.009519
v 0.042591 0.143400 -0.002901
v 0.050419 0.143400 -0.009228
v 0.045617 0.143400 -0.010358
v 0.045281 0.143400 -0.009855
v 0.048986 0.143400 -0.010660
v 0.048986 0.143400 -0.010660
v 0.045281 0.143400 -0.009855
v 0.050419 0.143400 -0.009228
v 0.045735 0.143400 -0.010951
v 0.045617 0.143400 -0.010358
v 0.048840 0.143400 -0.011014
v 0.045735 0.143400 -0.011591
v 0.045735 0.143400 -0.010951
v 0.048840 0.143400 -0.011014
v 0.048840 0.143400 -0.011014
v 0.048840 0.143400 -0.012137
v 0.045735 0.143400 -0.011591
v 0.049148 0.143400 -0.012599
v 0.045281 0.143400 -0.012687
v 0.048986 0.143400 -0.012490
v 0.048986 0.143400 -0.012490
v 0.045281 0.143400 -0.012687
v 0.045617 0.143400 -0.012185
v 0.044185 0.143400 -0.013141
v 0.044778 0.143400 -0.013023
v 0.037515 0.143400 -0.017142
v 0.037515 0.143400 -0.017142
v 0.049340 0.143400 -0.012637
v 0.057050 0.143400 -0.012637
v 0.033457 0.143400 -0.013773
v 0.037515 0.143400 -0.017142
v 0.033349 0.143400 -0.013935
v 0.037152 0.143400 -0.013023
v 0.037745 0.143400 -0.013141
v 0.037515 0.143400 -0.017142
v 0.037515 0.143400 -0.017142
v 0.044778 0.143400 -0.013023
v 0.049340 0.143400 -0.012637
v 0.036649 0.143400 -0.012687
v 0.037152 0.143400 -0.013023
v 0.033457 0.143400 -0.013773
v 0.049340 0.143400 -0.012637
v 0.044778 0.143400 -0.013023
v 0.049148 0.143400 -0.012599
v 0.033457 0.143400 -0.013773
v 0.033495 0.143400 -0.013581
v 0.036649 0.143400 -0.012687
v 0.033495 0.143400 -0.013581
v 0.036195 0.143400 -0.011591
v 0.036313 0.143400 -0.012185
v 0.050419 0.143400 -0.009228
v 0.045281 0.143400 -0.009855
v 0.044778 0.143400 -0.009519
v 0.036649 0.143400 -0.009855
v 0.036313 0.143400 -0.010358
v 0.033457 0.143400 -0.009610
v 0.033457 0.143400 -0.009610
v 0.036313 0.143400 -0.010358
v 0.033495 0.143400 -0.009801
v 0.036195 0.143400 -0.011591
v 0.033495 0.143400 -0.009801
v 0.036195 0.143400 -0.010951
v 0.045735 0.143400 -0.011591
v 0.048840 0.143400 -0.012137
v 0.045617 0.143400 -0.012185
v 0.033349 0.143400 -0.009448
v 0.037152 0.143400 -0.009519
v 0.036649 0.143400 -0.009855
v 0.055618 0.143400 -0.009081
v 0.050772 0.143400 -0.009081
v 0.042591 0.143400 -0.002901
v 0.055971 0.143400 -0.009228
v 0.055618 0.143400 -0.009081
v 0.065243 0.143400 -0.008389
v 0.069796 0.143400 -0.002901
v 0.055618 0.143400 -0.009081
v 0.042591 0.143400 -0.002901
v 0.057404 0.143400 -0.010660
v 0.055971 0.143400 -0.009228
v 0.064571 0.143400 -0.009395
v 0.064571 0.143400 -0.009395
v 0.064335 0.143400 -0.010581
v 0.057404 0.143400 -0.010660
v 0.057404 0.143400 -0.010660
v 0.064335 0.143400 -0.010581
v 0.057550 0.143400 -0.011014
v 0.057550 0.143400 -0.011014
v 0.064335 0.143400 -0.010581
v 0.057550 0.143400 -0.012137
v 0.057242 0.143400 -0.012599
v 0.057404 0.143400 -0.012490
v 0.065243 0.143400 -0.012773
v 0.065243 0.143400 -0.012773
v 0.057404 0.143400 -0.012490
v 0.057512 0.143400 -0.012328
v 0.066249 0.143400 -0.013445
v 0.057242 0.143400 -0.012599
v 0.065243 0.143400 -0.012773
v 0.037745 0.143400 -0.013141
v 0.044185 0.143400 -0.013141
v 0.037515 0.143400 -0.017142
v 0.033186 0.143400 -0.014043
v 0.033349 0.143400 -0.013935
v 0.037515 0.143400 -0.017142
v 0.037515 0.143400 -0.017142
v 0.033457 0.143400 -0.013773
v 0.037152 0.143400 -0.013023
v 0.036649 0.143400 -0.012687
v 0.033495 0.143400 -0.013581
v 0.036313 0.143400 -0.012185
v 0.037515 0.143400 -0.017142
v 0.057050 0.143400 -0.012637
v 0.066249 0.143400 -0.013445
v 0.033495 0.143400 -0.009801
v 0.036195 0.143400 -0.011591
v 0.033495 0.143400 -0.013581
v 0.033495 0.143400 -0.009801
v 0.036313 0.143400 -0.010358
v 0.036195 0.143400 -0.010951
v 0.049148 0.143400 -0.012599
v 0.044778 0.143400 -0.013023
v 0.045281 0.143400 -0.012687
v 0.057550 0.143400 -0.012137
v 0.064335 0.143400 -0.010581
v 0.064571 0.143400 -0.011768
v 0.045617 0.143400 -0.012185
v 0.048840 0.143400 -0.012137
v 0.048878 0.143400 -0.012328
v 0.066249 0.143400 -0.013445
v 0.057050 0.143400 -0.012637
v 0.057242 0.143400 -0.012599
v 0.057512 0.143400 -0.012328
v 0.057550 0.143400 -0.012137
v 0.064571 0.143400 -0.011768
v 0.065243 0.143400 -0.012773
v 0.057512 0.143400 -0.012328
v 0.064571 0.143400 -0.011768
v 0.065243 0.143400 -0.008389
v 0.064571 0.143400 -0.009395
v 0.055971 0.143400 -0.009228
v 0.067435 0.143400 -0.007481
v 0.069796 0.143400 -0.002901
v 0.068621 0.143400 -0.007717
v 0.068621 0.143400 -0.007717
v 0.069796 0.143400 -0.002901
v 0.069627 0.143400 -0.008389
v 0.069796 0.143400 -0.002901
v 0.066249 0.143400 -0.007717
v 0.065243 0.143400 -0.008389
v 0.076596 0.143400 -0.002974
v 0.069627 0.143400 -0.008389
v 0.069796 0.143400 -0.002901
v 0.070535 0.143400 -0.010581
v 0.076596 0.143400 -0.002974
v 0.079931 0.143400 -0.003618
v 0.070535 0.143400 -0.010581
v 0.070299 0.143400 -0.009395
v 0.076596 0.143400 -0.002974
v 0.085909 0.143400 -0.006800
v 0.070299 0.143400 -0.011768
v 0.083078 0.143400 -0.004910
v 0.068621 0.143400 -0.013445
v 0.069627 0.143400 -0.012773
v 0.091465 0.143400 -0.017142
v 0.091465 0.143400 -0.017142
v 0.069627 0.143400 -0.012773
v 0.070299 0.143400 -0.011768
v 0.067435 0.143400 -0.013681
v 0.091465 0.143400 -0.017142
v 0.064490 0.143400 -0.017142
v 0.036649 0.143400 -0.009855
v 0.033457 0.143400 -0.009610
v 0.033349 0.143400 -0.009448
v 0.048878 0.143400 -0.012328
v 0.048986 0.143400 -0.012490
v 0.045617 0.143400 -0.012185
v 0.079931 0.143400 -0.003618
v 0.083078 0.143400 -0.004910
v 0.070535 0.143400 -0.010581
v 0.055618 0.143400 -0.009081
v 0.069796 0.143400 -0.002901
v 0.065243 0.143400 -0.008389
v 0.016765 0.143400 -0.006581
v 0.015386 0.143400 -0.002901
v 0.016956 0.143400 -0.006619
v 0.016765 0.143400 -0.006581
v 0.004425 0.143400 -0.006581
v 0.015386 0.143400 -0.002901
v 0.017119 0.143400 -0.006728
v 0.016956 0.143400 -0.006619
v 0.015386 0.143400 -0.002901
v 0.017227 0.143400 -0.006890
v 0.021995 0.143400 -0.009301
v 0.021804 0.143400 -0.009339
v 0.017227 0.143400 -0.006890
v 0.017119 0.143400 -0.006728
v 0.021995 0.143400 -0.009301
v 0.017265 0.143400 -0.007081
v 0.021495 0.143400 -0.009801
v 0.017265 0.143400 -0.014281
v 0.017265 0.143400 -0.014281
v 0.021495 0.143400 -0.009801
v 0.021495 0.143400 -0.013581
v 0.021641 0.143400 -0.013935
v 0.017227 0.143400 -0.014473
v 0.021533 0.143400 -0.013773
v 0.021533 0.143400 -0.013773
v 0.017227 0.143400 -0.014473
v 0.017265 0.143400 -0.014281
v 0.016956 0.143400 -0.014743
v 0.017119 0.143400 -0.014635
v 0.021804 0.143400 -0.014043
v 0.021804 0.143400 -0.014043
v 0.017119 0.143400 -0.014635
v 0.021641 0.143400 -0.013935
v 0.016765 0.143400 -0.014781
v 0.014395 0.143400 -0.016081
v 0.014895 0.143400 -0.014781
v 0.021995 0.143400 -0.014081
v 0.016956 0.143400 -0.014743
v 0.021804 0.143400 -0.014043
v 0.017227 0.143400 -0.014473
v 0.021641 0.143400 -0.013935
v 0.017119 0.143400 -0.014635
v 0.021533 0.143400 -0.013773
v 0.017265 0.143400 -0.014281
v 0.021495 0.143400 -0.013581
v 0.014541 0.143400 -0.014928
v 0.014704 0.143400 -0.014819
v 0.014395 0.143400 -0.015281
v 0.014395 0.143400 -0.015281
v 0.014704 0.143400 -0.014819
v 0.014895 0.143400 -0.014781
v 0.016765 0.143400 -0.014781
v 0.014357 0.143400 -0.016273
v 0.014395 0.143400 -0.016081
v 0.014395 0.143400 -0.015281
v 0.014895 0.143400 -0.014781
v 0.014395 0.143400 -0.016081
v 0.037515 0.143400 -0.017142
v 0.021995 0.143400 -0.014081
v 0.032995 0.143400 -0.014081
v 0.010595 0.143400 -0.016581
v 0.013895 0.143400 -0.016581
v 0.010540 0.143400 -0.017142
v 0.037515 0.143400 -0.017142
v 0.032995 0.143400 -0.014081
v 0.033186 0.143400 -0.014043
v 0.007295 0.143400 -0.016581
v 0.010540 0.143400 -0.017142
v -0.016435 0.143400 -0.017142
v 0.007104 0.143400 -0.016543
v 0.007295 0.143400 -0.016581
v -0.016435 0.143400 -0.017142
v 0.006941 0.143400 -0.016435
v 0.007104 0.143400 -0.016543
v -0.016435 0.143400 -0.017142
v 0.004234 0.143400 -0.014743
v 0.006941 0.143400 -0.016435
v -0.016435 0.143400 -0.017142
v 0.006941 0.143400 -0.016435
v 0.004425 0.143400 -0.014781
v 0.006833 0.143400 -0.016273
v 0.006941 0.143400 -0.016435
v 0.004234 0.143400 -0.014743
v 0.004425 0.143400 -0.014781
v 0.006295 0.143400 -0.014781
v 0.006795 0.143400 -0.015281
v 0.006795 0.143400 -0.016081
v 0.006295 0.143400 -0.014781
v 0.006757 0.143400 -0.015090
v 0.006795 0.143400 -0.015281
v 0.006295 0.143400 -0.014781
v 0.006649 0.143400 -0.014928
v 0.006757 0.143400 -0.015090
v 0.006295 0.143400 -0.014781
v 0.006486 0.143400 -0.014819
v 0.006649 0.143400 -0.014928
v 0.037515 0.143400 -0.017142
v 0.014086 0.143400 -0.016543
v 0.021995 0.143400 -0.014081
v 0.004425 0.143400 -0.014781
v 0.006795 0.143400 -0.016081
v 0.006833 0.143400 -0.016273
v 0.004234 0.143400 -0.014743
v -0.016435 0.143400 -0.017142
v 0.004071 0.143400 -0.014635
v 0.004071 0.143400 -0.014635
v -0.016435 0.143400 -0.017142
v 0.003963 0.143400 -0.014473
v 0.003963 0.143400 -0.014473
v -0.016435 0.143400 -0.017142
v -0.015155 0.143400 -0.012047
v 0.003925 0.143400 -0.014281
v 0.003963 0.143400 -0.014473
v -0.015155 0.143400 -0.012047
v 0.016956 0.143400 -0.014743
v 0.014249 0.143400 -0.016435
v 0.016765 0.143400 -0.014781
v -0.013274 0.143400 -0.009205
v -0.012128 0.143400 -0.007934
v 0.003925 0.143400 -0.014281
v 0.003925 0.143400 -0.014281
v -0.012128 0.143400 -0.007934
v -0.010857 0.143400 -0.006782
v -0.007998 0.143400 -0.004883
v 0.003925 0.143400 -0.014281
v -0.009476 0.143400 -0.005762
v 0.021995 0.143400 -0.009301
v 0.017119 0.143400 -0.006728
v 0.015386 0.143400 -0.002901
v -0.007998 0.143400 -0.004883
v -0.004896 0.143400 -0.003616
v 0.003925 0.143400 -0.014281
v 0.016765 0.143400 -0.014781
v 0.014249 0.143400 -0.016435
v 0.014357 0.143400 -0.016273
v 0.032995 0.143400 -0.009301
v 0.021995 0.143400 -0.009301
v 0.015386 0.143400 -0.002901
v 0.037152 0.143400 -0.009519
v 0.042591 0.143400 -0.002901
v 0.037745 0.143400 -0.009401
v 0.033186 0.143400 -0.009339
v 0.032995 0.143400 -0.009301
v 0.042591 0.143400 -0.002901
v 0.037152 0.143400 -0.009519
v 0.033186 0.143400 -0.009339
v 0.042591 0.143400 -0.002901
v 0.037152 0.143400 -0.009519
v 0.033349 0.143400 -0.009448
v 0.033186 0.143400 -0.009339
v 0.042591 0.143400 -0.002901
v 0.032995 0.143400 -0.009301
v 0.015386 0.143400 -0.002901
v 0.045617 0.143400 -0.010358
v 0.048986 0.143400 -0.010660
v 0.048840 0.143400 -0.011014
v 0.050772 0.143400 -0.009081
v 0.050419 0.143400 -0.009228
v 0.042591 0.143400 -0.002901
v 0.076596 0.143400 -0.002974
v 0.070299 0.143400 -0.009395
v 0.069627 0.143400 -0.008389
v 0.067435 0.143400 -0.013681
v 0.037515 0.143400 -0.017142
v 0.066249 0.143400 -0.013445
v 0.014249 0.143400 -0.016435
v 0.021995 0.143400 -0.014081
v 0.014086 0.143400 -0.016543
v 0.003925 0.143400 -0.014281
v -0.010857 0.143400 -0.006782
v -0.009476 0.143400 -0.005762
v 0.015386 0.143400 -0.002901
v 0.004425 0.143400 -0.006581
v 0.001786 0.143400 -0.002901
v 0.016956 0.143400 -0.014743
v 0.021995 0.143400 -0.014081
v 0.014249 0.143400 -0.016435
v 0.014395 0.143400 -0.015281
v 0.014433 0.143400 -0.015090
v 0.014541 0.143400 -0.014928
v 0.021804 0.143400 -0.009339
v 0.021641 0.143400 -0.009448
v 0.017265 0.143400 -0.007081
v 0.017265 0.143400 -0.007081
v 0.021641 0.143400 -0.009448
v 0.021533 0.143400 -0.009610
v 0.021495 0.143400 -0.009801
v 0.017265 0.143400 -0.007081
v 0.021533 0.143400 -0.009610
v 0.014086 0.143400 -0.016543
v 0.037515 0.143400 -0.017142
v 0.013895 0.143400 -0.016581
v 0.091465 0.143400 -0.017142
v 0.090187 0.143400 -0.012052
v 0.091465 0.143400 -0.015205
v 0.091465 0.143400 -0.017142
v 0.067435 0.143400 -0.013681
v 0.068621 0.143400 -0.013445
v 0.088311 0.143400 -0.009213
v 0.090187 0.143400 -0.012052
v 0.070299 0.143400 -0.011768
v 0.070299 0.143400 -0.011768
v 0.090187 0.143400 -0.012052
v 0.091465 0.143400 -0.017142
v 0.085909 0.143400 -0.006800
v 0.088311 0.143400 -0.009213
v 0.070299 0.143400 -0.011768
v 0.083078 0.143400 -0.004910
v 0.070299 0.143400 -0.011768
v 0.070535 0.143400 -0.010581
v 0.066249 0.143400 -0.007717
v 0.069796 0.143400 -0.002901
v 0.067435 0.143400 -0.007481
v 0.021804 0.143400 -0.009339
v 0.017265 0.143400 -0.007081
v 0.017227 0.143400 -0.006890
v 0.004234 0.143400 -0.006619
v 0.001786 0.143400 -0.002901
v 0.004425 0.143400 -0.006581
v 0.004234 0.143400 -0.006619
v 0.004071 0.143400 -0.006728
v 0.001786 0.143400 -0.002901
v 0.001786 0.143400 -0.002901
v 0.004071 0.143400 -0.006728
v 0.003963 0.143400 -0.006890
v 0.003925 0.143400 -0.007081
v 0.001786 0.143400 -0.002901
v 0.003963 0.143400 -0.006890
v -0.004896 0.143400 -0.003616
v -0.002176 0.143400 -0.003039
v 0.003925 0.143400 -0.007081
v 0.003925 0.143400 -0.007081
v -0.002176 0.143400 -0.003039
v 0.001786 0.143400 -0.002901
v 0.003925 0.143400 -0.014281
v -0.015155 0.143400 -0.012047
v -0.013274 0.143400 -0.009205
v 0.004425 0.143400 -0.014781
v 0.006295 0.143400 -0.014781
v 0.006795 0.143400 -0.016081
v -0.016435 0.143400 -0.015205
v -0.015155 0.143400 -0.012047
v -0.016435 0.143400 -0.017142
v 0.003925 0.143400 -0.014281
v -0.004896 0.143400 -0.003616
v 0.003925 0.143400 -0.007081
v 0.067435 0.143400 -0.013681
v 0.064490 0.143400 -0.017142
v 0.037515 0.143400 -0.017142
v -0.015155 0.143400 -0.012047
v -0.016059 0.027900 -0.011387
v -0.014606 0.027900 -0.009114
v -0.015155 0.143400 -0.012047
v -0.016435 0.143400 -0.015205
v -0.016790 0.027900 -0.012911
v -0.013274 0.143400 -0.009205
v -0.015155 0.143400 -0.012047
v -0.014606 0.027900 -0.009114
v -0.013274 0.143400 -0.009205
v -0.013062 0.027900 -0.007306
v -0.012128 0.143400 -0.007934
v -0.012128 0.143400 -0.007934
v -0.013062 0.027900 -0.007306
v -0.011294 0.027900 -0.005714
v -0.010857 0.143400 -0.006782
v -0.012128 0.143400 -0.007934
v -0.011294 0.027900 -0.005714
v -0.005531 0.027900 -0.002654
v -0.004896 0.143400 -0.003616
v -0.007435 0.027900 -0.003377
v -0.009020 0.027900 -0.004180
v -0.007435 0.027900 -0.003377
v -0.007998 0.143400 -0.004883
v -0.009476 0.143400 -0.005762
v -0.011294 0.027900 -0.005714
v -0.009020 0.027900 -0.004180
v -0.002176 0.143400 -0.003039
v -0.001991 0.027900 -0.001902
v -0.000000 0.027900 -0.001795
v -0.000000 0.027900 -0.001795
v 0.037515 0.027900 -0.001795
v 0.015386 0.143400 -0.002901
v 0.037515 0.027900 -0.001795
v 0.056273 0.027900 -0.001795
v 0.042591 0.143400 -0.002901
v 0.065651 0.027900 -0.001795
v 0.075030 0.027900 -0.001795
v 0.069796 0.143400 -0.002901
v 0.056273 0.027900 -0.001795
v 0.065651 0.027900 -0.001795
v 0.069796 0.143400 -0.002901
v 0.042591 0.143400 -0.002901
v 0.056273 0.027900 -0.001795
v 0.069796 0.143400 -0.002901
v 0.075030 0.027900 -0.001795
v 0.076596 0.143400 -0.002974
v 0.069796 0.143400 -0.002901
v 0.075030 0.027900 -0.001795
v 0.076989 0.027900 -0.001901
v 0.076596 0.143400 -0.002974
v 0.080819 0.027900 -0.002738
v 0.082535 0.027900 -0.003409
v 0.079931 0.143400 -0.003618
v 0.076596 0.143400 -0.002974
v 0.078927 0.027900 -0.002217
v 0.079931 0.143400 -0.003618
v 0.091219 0.027900 -0.011634
v 0.092473 0.027900 -0.014714
v 0.092221 0.056775 -0.014837
v 0.090187 0.143400 -0.012052
v 0.091219 0.027900 -0.011634
v 0.091465 0.143400 -0.015205
v 0.090187 0.143400 -0.012052
v 0.089881 0.027900 -0.009450
v 0.091219 0.027900 -0.011634
v 0.090187 0.143400 -0.012052
v 0.088311 0.143400 -0.009213
v 0.089881 0.027900 -0.009450
v 0.089881 0.027900 -0.009450
v 0.088311 0.143400 -0.009213
v 0.088517 0.027900 -0.007757
v 0.088517 0.027900 -0.007757
v 0.088311 0.143400 -0.009213
v 0.085909 0.143400 -0.006800
v 0.086963 0.027900 -0.006241
v 0.088517 0.027900 -0.007757
v 0.085909 0.143400 -0.006800
v 0.085173 0.027900 -0.004876
v 0.086963 0.027900 -0.006241
v 0.085909 0.143400 -0.006800
v 0.083078 0.143400 -0.004910
v 0.085173 0.027900 -0.004876
v 0.085909 0.143400 -0.006800
v 0.083078 0.143400 -0.004910
v 0.082535 0.027900 -0.003409
v 0.085173 0.027900 -0.004876
v 0.083078 0.143400 -0.004910
v 0.079931 0.143400 -0.003618
v 0.082535 0.027900 -0.003409
v 0.076596 0.143400 -0.002974
v 0.076989 0.027900 -0.001901
v 0.078927 0.027900 -0.002217
v 0.080819 0.027900 -0.002738
v 0.079931 0.143400 -0.003618
v 0.078927 0.027900 -0.002217
v 0.015386 0.143400 -0.002901
v 0.037515 0.027900 -0.001795
v 0.042591 0.143400 -0.002901
v 0.001786 0.143400 -0.002901
v -0.000000 0.027900 -0.001795
v 0.015386 0.143400 -0.002901
v 0.001786 0.143400 -0.002901
v -0.002176 0.143400 -0.003039
v -0.000000 0.027900 -0.001795
v -0.002176 0.143400 -0.003039
v -0.003616 0.027900 -0.002157
v -0.001991 0.027900 -0.001902
v -0.002176 0.143400 -0.003039
v -0.004896 0.143400 -0.003616
v -0.003616 0.027900 -0.002157
v -0.003616 0.027900 -0.002157
v -0.004896 0.143400 -0.003616
v -0.005531 0.027900 -0.002654
v -0.004896 0.143400 -0.003616
v -0.007998 0.143400 -0.004883
v -0.007435 0.027900 -0.003377
v -0.007998 0.143400 -0.004883
v -0.009476 0.143400 -0.005762
v -0.009020 0.027900 -0.004180
v -0.009476 0.143400 -0.005762
v -0.010857 0.143400 -0.006782
v -0.011294 0.027900 -0.005714
v -0.013274 0.143400 -0.009205
v -0.014606 0.027900 -0.009114
v -0.013062 0.027900 -0.007306
v -0.016790 0.027900 -0.012911
v -0.016059 0.027900 -0.011387
v -0.015155 0.143400 -0.012047
v -0.016435 0.143400 -0.015205
v -0.016687 0.114525 -0.015082
v -0.016790 0.027900 -0.012911
v 0.091219 0.027900 -0.011634
v 0.091969 0.085650 -0.014960
v 0.091717 0.114525 -0.015082
v 0.091219 0.027900 -0.011634
v 0.092221 0.056775 -0.014837
v 0.091969 0.085650 -0.014960
v 0.091219 0.027900 -0.011634
v 0.091717 0.114525 -0.015082
v 0.091465 0.143400 -0.015205
v -0.016939 0.085650 -0.014959
v -0.017191 0.056775 -0.014836
v -0.016790 0.027900 -0.012911
v -0.016687 0.114525 -0.015082
v -0.016939 0.085650 -0.014959
v -0.016790 0.027900 -0.012911
v -0.017191 0.056775 -0.014836
v -0.017443 0.027900 -0.014713
v -0.016790 0.027900 -0.012911
v 0.091717 0.114525 -0.015082
v 0.091827 0.101897 -0.019005
v 0.091824 0.102289 -0.019083
v 0.091717 0.114525 -0.015082
v 0.091728 0.113279 -0.022219
v 0.091716 0.114664 -0.022031
v 0.092221 0.056775 -0.014837
v 0.092264 0.051899 -0.019005
v 0.092260 0.052291 -0.019083
v 0.091969 0.085650 -0.014960
v 0.092221 0.056775 -0.014837
v 0.092114 0.068985 -0.025171
v 0.092294 0.048442 -0.025259
v 0.092473 0.027900 -0.014714
v 0.092473 0.027900 -0.025346
v 0.092114 0.068985 -0.025171
v 0.091756 0.110069 -0.024997
v 0.091831 0.101505 -0.020977
v 0.092255 0.052846 -0.020422
v 0.092221 0.056775 -0.014837
v 0.092255 0.052924 -0.020030
v 0.092221 0.056775 -0.014837
v 0.092255 0.052846 -0.019638
v 0.092255 0.052924 -0.020030
v 0.092114 0.068985 -0.025171
v 0.091834 0.101172 -0.020755
v 0.091969 0.085650 -0.014960
v 0.092264 0.051899 -0.021055
v 0.092294 0.048442 -0.025259
v 0.092260 0.052291 -0.020977
v 0.092294 0.048442 -0.025259
v 0.092114 0.068985 -0.025171
v 0.092260 0.052291 -0.020977
v 0.092267 0.051507 -0.020977
v 0.092294 0.048442 -0.025259
v 0.092264 0.051899 -0.021055
v 0.091831 0.101505 -0.020977
v 0.091834 0.101172 -0.020755
v 0.092114 0.068985 -0.025171
v 0.092294 0.048442 -0.025259
v 0.092267 0.051507 -0.020977
v 0.092270 0.051174 -0.020755
v 0.092294 0.048442 -0.025259
v 0.092270 0.051174 -0.020755
v 0.092272 0.050952 -0.020422
v 0.092473 0.027900 -0.014714
v 0.092294 0.048442 -0.025259
v 0.092272 0.050874 -0.020030
v 0.092473 0.027900 -0.014714
v 0.092272 0.050874 -0.020030
v 0.092272 0.050952 -0.019638
v 0.092267 0.051507 -0.019083
v 0.092221 0.056775 -0.014837
v 0.092473 0.027900 -0.014714
v 0.092267 0.051507 -0.019083
v 0.092473 0.027900 -0.014714
v 0.092270 0.051174 -0.019305
v 0.092264 0.051899 -0.019005
v 0.092221 0.056775 -0.014837
v 0.092267 0.051507 -0.019083
v 0.091834 0.101172 -0.019305
v 0.091831 0.101505 -0.019083
v 0.091969 0.085650 -0.014960
v 0.092221 0.056775 -0.014837
v 0.092260 0.052291 -0.019083
v 0.092257 0.052624 -0.019305
v 0.091834 0.101172 -0.019305
v 0.091969 0.085650 -0.014960
v 0.091835 0.100950 -0.019638
v 0.091834 0.101172 -0.020755
v 0.091835 0.100950 -0.020422
v 0.091969 0.085650 -0.014960
v 0.091819 0.102844 -0.020422
v 0.091821 0.102622 -0.020755
v 0.091755 0.110147 -0.024838
v 0.091819 0.102844 -0.020422
v 0.091748 0.110929 -0.023680
v 0.091818 0.102922 -0.020030
v 0.091821 0.102622 -0.020755
v 0.091756 0.110069 -0.024997
v 0.091755 0.110147 -0.024838
v 0.091824 0.102289 -0.020977
v 0.091827 0.101897 -0.021055
v 0.091756 0.110069 -0.024997
v 0.092272 0.050874 -0.020030
v 0.092294 0.048442 -0.025259
v 0.092272 0.050952 -0.020422
v 0.092114 0.068985 -0.025171
v 0.092257 0.052624 -0.020755
v 0.092260 0.052291 -0.020977
v 0.092255 0.052846 -0.020422
v 0.092257 0.052624 -0.020755
v 0.092114 0.068985 -0.025171
v 0.092255 0.052846 -0.019638
v 0.092221 0.056775 -0.014837
v 0.092257 0.052624 -0.019305
v 0.091835 0.100950 -0.020422
v 0.091836 0.100872 -0.020030
v 0.091969 0.085650 -0.014960
v 0.091831 0.101505 -0.020977
v 0.091756 0.110069 -0.024997
v 0.091827 0.101897 -0.021055
v 0.091827 0.101897 -0.019005
v 0.091969 0.085650 -0.014960
v 0.091831 0.101505 -0.019083
v 0.091821 0.102622 -0.019305
v 0.091717 0.114525 -0.015082
v 0.091824 0.102289 -0.019083
v 0.091728 0.113279 -0.022219
v 0.091717 0.114525 -0.015082
v 0.091739 0.112001 -0.022784
v 0.092272 0.050952 -0.019638
v 0.092270 0.051174 -0.019305
v 0.092473 0.027900 -0.014714
v 0.091969 0.085650 -0.014960
v 0.091827 0.101897 -0.019005
v 0.091717 0.114525 -0.015082
v 0.091821 0.102622 -0.020755
v 0.091824 0.102289 -0.020977
v 0.091756 0.110069 -0.024997
v 0.092221 0.056775 -0.014837
v 0.092255 0.052846 -0.020422
v 0.092114 0.068985 -0.025171
v 0.091748 0.110929 -0.023680
v 0.091819 0.102844 -0.020422
v 0.091755 0.110147 -0.024838
v 0.091739 0.112001 -0.022784
v 0.091818 0.102922 -0.020030
v 0.091748 0.110929 -0.023680
v 0.091821 0.102622 -0.019305
v 0.091819 0.102844 -0.019638
v 0.091717 0.114525 -0.015082
v 0.091509 0.138377 -0.022141
v 0.091465 0.143400 -0.015205
v 0.091717 0.114525 -0.015082
v 0.091509 0.138377 -0.022141
v 0.091465 0.143400 -0.017142
v 0.091465 0.143400 -0.015205
v 0.091509 0.138377 -0.022141
v 0.091500 0.139355 -0.022049
v 0.091465 0.143400 -0.017142
v 0.091500 0.139355 -0.022049
v 0.091492 0.140297 -0.021768
v 0.091465 0.143400 -0.017142
v 0.091465 0.143400 -0.017142
v 0.091485 0.141166 -0.021307
v 0.091478 0.141927 -0.020685
v 0.091492 0.140297 -0.021768
v 0.091485 0.141166 -0.021307
v 0.091465 0.143400 -0.017142
v 0.091465 0.143400 -0.017142
v 0.091478 0.141927 -0.020685
v 0.091472 0.142552 -0.019927
v 0.091465 0.143400 -0.017142
v 0.091472 0.142552 -0.019927
v 0.091468 0.143017 -0.019060
v 0.091465 0.143400 -0.017142
v 0.091468 0.143017 -0.019060
v 0.091466 0.143303 -0.018120
v 0.091717 0.114525 -0.015082
v 0.091716 0.114664 -0.022031
v 0.091509 0.138377 -0.022141
v 0.091969 0.085650 -0.014960
v 0.091836 0.100872 -0.020030
v 0.091835 0.100950 -0.019638
v 0.091739 0.112001 -0.022784
v 0.091819 0.102844 -0.019638
v 0.091818 0.102922 -0.020030
v 0.091717 0.114525 -0.015082
v 0.091819 0.102844 -0.019638
v 0.091739 0.112001 -0.022784
v -0.017263 0.048442 -0.025259
v -0.017237 0.051507 -0.020977
v -0.017234 0.051899 -0.021055
v -0.017263 0.048442 -0.025259
v -0.017234 0.051899 -0.021055
v -0.017230 0.052291 -0.020977
v -0.016687 0.114525 -0.015082
v -0.016791 0.102622 -0.019305
v -0.016794 0.102289 -0.019083
v -0.017227 0.052624 -0.019305
v -0.017230 0.052291 -0.019083
v -0.017191 0.056775 -0.014836
v -0.016939 0.085650 -0.014959
v -0.016797 0.101897 -0.019005
v -0.016801 0.101505 -0.019083
v -0.016805 0.100950 -0.020422
v -0.016804 0.101172 -0.020755
v -0.016939 0.085650 -0.014959
v -0.016805 0.100950 -0.020422
v -0.016939 0.085650 -0.014959
v -0.016806 0.100872 -0.020030
v -0.017230 0.052291 -0.020977
v -0.017227 0.052624 -0.020755
v -0.017084 0.068985 -0.025172
v -0.016797 0.101897 -0.021055
v -0.016726 0.110069 -0.024997
v -0.016801 0.101505 -0.020977
v -0.016726 0.110069 -0.024997
v -0.017084 0.068985 -0.025172
v -0.016801 0.101505 -0.020977
v -0.017191 0.056775 -0.014836
v -0.016939 0.085650 -0.014959
v -0.017084 0.068985 -0.025172
v -0.016791 0.102622 -0.020755
v -0.016725 0.110147 -0.024838
v -0.016726 0.110069 -0.024997
v -0.016725 0.110147 -0.024838
v -0.016791 0.102622 -0.020755
v -0.016789 0.102844 -0.020422
v -0.016725 0.110147 -0.024838
v -0.016789 0.102844 -0.020422
v -0.016718 0.110929 -0.023680
v -0.016698 0.113279 -0.022219
v -0.016709 0.112001 -0.022784
v -0.016687 0.114525 -0.015082
v -0.016709 0.112001 -0.022784
v -0.016788 0.102922 -0.020030
v -0.016789 0.102844 -0.019638
v -0.016794 0.102289 -0.019083
v -0.016797 0.101897 -0.019005
v -0.016687 0.114525 -0.015082
v -0.016687 0.114525 -0.015082
v -0.016479 0.138377 -0.022141
v -0.016686 0.114664 -0.022031
v -0.016797 0.101897 -0.019005
v -0.016939 0.085650 -0.014959
v -0.016687 0.114525 -0.015082
v -0.016804 0.101172 -0.019305
v -0.016939 0.085650 -0.014959
v -0.016801 0.101505 -0.019083
v -0.017191 0.056775 -0.014836
v -0.017225 0.052846 -0.019638
v -0.017227 0.052624 -0.019305
v -0.017191 0.056775 -0.014836
v -0.017225 0.052924 -0.020030
v -0.017225 0.052846 -0.019638
v -0.016718 0.110929 -0.023680
v -0.016789 0.102844 -0.020422
v -0.016788 0.102922 -0.020030
v -0.016687 0.114525 -0.015082
v -0.016789 0.102844 -0.019638
v -0.016791 0.102622 -0.019305
v -0.017242 0.050952 -0.020422
v -0.017263 0.048442 -0.025259
v -0.017242 0.050874 -0.020030
v -0.017263 0.048442 -0.025259
v -0.017443 0.027900 -0.014713
v -0.017242 0.050874 -0.020030
v -0.017240 0.051174 -0.020755
v -0.017263 0.048442 -0.025259
v -0.017242 0.050952 -0.020422
v -0.017230 0.052291 -0.020977
v -0.017084 0.068985 -0.025172
v -0.017263 0.048442 -0.025259
v -0.016794 0.102289 -0.020977
v -0.016726 0.110069 -0.024997
v -0.016797 0.101897 -0.021055
v -0.016804 0.101172 -0.020755
v -0.017084 0.068985 -0.025172
v -0.016939 0.085650 -0.014959
v -0.017084 0.068985 -0.025172
v -0.016804 0.101172 -0.020755
v -0.016801 0.101505 -0.020977
v -0.017084 0.068985 -0.025172
v -0.017227 0.052624 -0.020755
v -0.017225 0.052846 -0.020422
v -0.017263 0.048442 -0.025259
v -0.017240 0.051174 -0.020755
v -0.017237 0.051507 -0.020977
v -0.017237 0.051507 -0.019083
v -0.017443 0.027900 -0.014713
v -0.017191 0.056775 -0.014836
v -0.016805 0.100950 -0.019638
v -0.016939 0.085650 -0.014959
v -0.016804 0.101172 -0.019305
v -0.017237 0.051507 -0.019083
v -0.017191 0.056775 -0.014836
v -0.017234 0.051899 -0.019005
v -0.017240 0.051174 -0.019305
v -0.017443 0.027900 -0.014713
v -0.017237 0.051507 -0.019083
v -0.017191 0.056775 -0.014836
v -0.017225 0.052846 -0.020422
v -0.017225 0.052924 -0.020030
v -0.017084 0.068985 -0.025172
v -0.017225 0.052846 -0.020422
v -0.017191 0.056775 -0.014836
v -0.016726 0.110069 -0.024997
v -0.016794 0.102289 -0.020977
v -0.016791 0.102622 -0.020755
v -0.017263 0.048442 -0.025259
v -0.017443 0.027900 -0.025347
v -0.017443 0.027900 -0.014713
v -0.016479 0.138377 -0.022141
v -0.016435 0.143400 -0.015205
v -0.016435 0.143400 -0.017142
v -0.016479 0.138377 -0.022141
v -0.016435 0.143400 -0.017142
v -0.016470 0.139355 -0.022049
v -0.016435 0.143400 -0.017142
v -0.016462 0.140297 -0.021768
v -0.016470 0.139355 -0.022049
v -0.016454 0.141166 -0.021307
v -0.016462 0.140297 -0.021768
v -0.016435 0.143400 -0.017142
v -0.016454 0.141166 -0.021307
v -0.016435 0.143400 -0.017142
v -0.016448 0.141927 -0.020685
v -0.016435 0.143400 -0.017142
v -0.016442 0.142552 -0.019927
v -0.016448 0.141927 -0.020685
v -0.016438 0.143017 -0.019060
v -0.016442 0.142552 -0.019927
v -0.016435 0.143400 -0.017142
v -0.016438 0.143017 -0.019060
v -0.016435 0.143400 -0.017142
v -0.016436 0.143303 -0.018120
v -0.017234 0.051899 -0.019005
v -0.017191 0.056775 -0.014836
v -0.017230 0.052291 -0.019083
v -0.016698 0.113279 -0.022219
v -0.016687 0.114525 -0.015082
v -0.016686 0.114664 -0.022031
v -0.017240 0.051174 -0.019305
v -0.017242 0.050952 -0.019638
v -0.017443 0.027900 -0.014713
v -0.016687 0.114525 -0.015082
v -0.016435 0.143400 -0.015205
v -0.016479 0.138377 -0.022141
v -0.016709 0.112001 -0.022784
v -0.016718 0.110929 -0.023680
v -0.016788 0.102922 -0.020030
v -0.016687 0.114525 -0.015082
v -0.016709 0.112001 -0.022784
v -0.016789 0.102844 -0.019638
v -0.016805 0.100950 -0.019638
v -0.016806 0.100872 -0.020030
v -0.016939 0.085650 -0.014959
v -0.017242 0.050874 -0.020030
v -0.017443 0.027900 -0.014713
v -0.017242 0.050952 -0.019638
v 0.036313 0.143400 -0.010358
v 0.036649 0.143400 -0.009855
v 0.036313 0.133400 -0.010358
v 0.036649 0.143400 -0.009855
v 0.037152 0.143400 -0.009519
v 0.036649 0.133400 -0.009855
v 0.037152 0.143400 -0.009519
v 0.037152 0.133400 -0.009519
v 0.036649 0.133400 -0.009855
v 0.036313 0.143400 -0.010358
v 0.036313 0.133400 -0.010358
v 0.036195 0.143400 -0.010951
v 0.037152 0.133400 -0.009519
v 0.037745 0.143400 -0.009401
v 0.037745 0.133400 -0.009401
v 0.037152 0.143400 -0.009519
v 0.037745 0.143400 -0.009401
v 0.037152 0.133400 -0.009519
v 0.036313 0.133400 -0.010358
v 0.036195 0.133400 -0.010951
v 0.036195 0.143400 -0.010951
v 0.036649 0.143400 -0.009855
v 0.036649 0.133400 -0.009855
v 0.036313 0.133400 -0.010358
v 0.036195 0.143400 -0.010951
v 0.036195 0.133400 -0.010951
v 0.036195 0.143400 -0.011591
v 0.036195 0.133400 -0.010951
v 0.036195 0.133400 -0.011591
v 0.036195 0.143400 -0.011591
v 0.037152 0.143400 -0.013023
v 0.036649 0.143400 -0.012687
v 0.037152 0.133400 -0.013023
v 0.036649 0.143400 -0.012687
v 0.036313 0.143400 -0.012185
v 0.036649 0.133400 -0.012687
v 0.036313 0.143400 -0.012185
v 0.036313 0.133400 -0.012185
v 0.036649 0.133400 -0.012687
v 0.037152 0.143400 -0.013023
v 0.037152 0.133400 -0.013023
v 0.037745 0.143400 -0.013141
v 0.036313 0.133400 -0.012185
v 0.036195 0.143400 -0.011591
v 0.036195 0.133400 -0.011591
v 0.036313 0.143400 -0.012185
v 0.036195 0.143400 -0.011591
v 0.036313 0.133400 -0.012185
v 0.037152 0.133400 -0.013023
v 0.037745 0.133400 -0.013141
v 0.037745 0.143400 -0.013141
v 0.036649 0.143400 -0.012687
v 0.036649 0.133400 -0.012687
v 0.037152 0.133400 -0.013023
v 0.037745 0.143400 -0.013141
v 0.037745 0.133400 -0.013141
v 0.044185 0.143400 -0.013141
v 0.037745 0.133400 -0.013141
v 0.044185 0.133400 -0.013141
v 0.044185 0.143400 -0.013141
v 0.045617 0.143400 -0.012185
v 0.045281 0.143400 -0.012687
v 0.045617 0.133400 -0.012185
v 0.045281 0.143400 -0.012687
v 0.044778 0.143400 -0.013023
v 0.045281 0.133400 -0.012687
v 0.044778 0.143400 -0.013023
v 0.044778 0.133400 -0.013023
v 0.045281 0.133400 -0.012687
v 0.045617 0.143400 -0.012185
v 0.045617 0.133400 -0.012185
v 0.045735 0.143400 -0.011591
v 0.045617 0.133400 -0.012185
v 0.045735 0.133400 -0.011591
v 0.045735 0.143400 -0.011591
v 0.044778 0.143400 -0.013023
v 0.044185 0.143400 -0.013141
v 0.044778 0.133400 -0.013023
v 0.044778 0.133400 -0.013023
v 0.044185 0.143400 -0.013141
v 0.044185 0.133400 -0.013141
v 0.045281 0.143400 -0.012687
v 0.045281 0.133400 -0.012687
v 0.045617 0.133400 -0.012185
v 0.045735 0.143400 -0.011591
v 0.045735 0.133400 -0.011591
v 0.045735 0.143400 -0.010951
v 0.045735 0.133400 -0.011591
v 0.045735 0.133400 -0.010951
v 0.045735 0.143400 -0.010951
v 0.044778 0.143400 -0.009519
v 0.044778 0.133400 -0.009519
v 0.044185 0.143400 -0.009401
v 0.045281 0.143400 -0.009855
v 0.044778 0.133400 -0.009519
v 0.044778 0.143400 -0.009519
v 0.045617 0.143400 -0.010358
v 0.045281 0.133400 -0.009855
v 0.045281 0.143400 -0.009855
v 0.045735 0.133400 -0.010951
v 0.045617 0.133400 -0.010358
v 0.045735 0.143400 -0.010951
v 0.045617 0.133400 -0.010358
v 0.045617 0.143400 -0.010358
v 0.045735 0.143400 -0.010951
v 0.045281 0.133400 -0.009855
v 0.045617 0.143400 -0.010358
v 0.045617 0.133400 -0.010358
v 0.044778 0.133400 -0.009519
v 0.044185 0.133400 -0.009401
v 0.044185 0.143400 -0.009401
v 0.045281 0.143400 -0.009855
v 0.045281 0.133400 -0.009855
v 0.044778 0.133400 -0.009519
v 0.044185 0.143400 -0.009401
v 0.044185 0.133400 -0.009401
v 0.037745 0.143400 -0.009401
v 0.044185 0.133400 -0.009401
v 0.037745 0.133400 -0.009401
v 0.037745 0.143400 -0.009401
v 0.036649 0.133400 -0.009855
v 0.037152 0.133400 -0.009519
v 0.037745 0.133400 -0.009401
v 0.036313 0.133400 -0.010358
v 0.036649 0.133400 -0.009855
v 0.037745 0.133400 -0.009401
v 0.036195 0.133400 -0.010951
v 0.037745 0.133400 -0.009401
v 0.036195 0.133400 -0.011591
v 0.036195 0.133400 -0.010951
v 0.036313 0.133400 -0.010358
v 0.037745 0.133400 -0.009401
v 0.036195 0.133400 -0.011591
v 0.037745 0.133400 -0.009401
v 0.037745 0.133400 -0.013141
v 0.037152 0.133400 -0.013023
v 0.036649 0.133400 -0.012687
v 0.037745 0.133400 -0.013141
v 0.036195 0.133400 -0.011591
v 0.037745 0.133400 -0.013141
v 0.036313 0.133400 -0.012185
v 0.037745 0.133400 -0.013141
v 0.037745 0.133400 -0.009401
v 0.044185 0.133400 -0.013141
v 0.037745 0.133400 -0.009401
v 0.044185 0.133400 -0.009401
v 0.044185 0.133400 -0.013141
v 0.044185 0.133400 -0.013141
v 0.045735 0.133400 -0.011591
v 0.044778 0.133400 -0.013023
v 0.044185 0.133400 -0.013141
v 0.044185 0.133400 -0.009401
v 0.045735 0.133400 -0.011591
v 0.044778 0.133400 -0.013023
v 0.045735 0.133400 -0.011591
v 0.045281 0.133400 -0.012687
v 0.045735 0.133400 -0.010951
v 0.044185 0.133400 -0.009401
v 0.045617 0.133400 -0.010358
v 0.044778 0.133400 -0.009519
v 0.045281 0.133400 -0.009855
v 0.044185 0.133400 -0.009401
v 0.044185 0.133400 -0.009401
v 0.045281 0.133400 -0.009855
v 0.045617 0.133400 -0.010358
v 0.044185 0.133400 -0.009401
v 0.045735 0.133400 -0.010951
v 0.045735 0.133400 -0.011591
v 0.036313 0.133400 -0.012185
v 0.037745 0.133400 -0.013141
v 0.036649 0.133400 -0.012687
v 0.045281 0.133400 -0.012687
v 0.045735 0.133400 -0.011591
v 0.045617 0.133400 -0.012185
v 0.050772 0.143400 -0.009081
v 0.050772 0.133400 -0.009081
v 0.050419 0.143400 -0.009228
v 0.050772 0.133400 -0.009081
v 0.050419 0.133400 -0.009228
v 0.050419 0.143400 -0.009228
v 0.050419 0.143400 -0.009228
v 0.050419 0.133400 -0.009228
v 0.048986 0.143400 -0.010660
v 0.050419 0.133400 -0.009228
v 0.048986 0.133400 -0.010660
v 0.048986 0.143400 -0.010660
v 0.048986 0.143400 -0.010660
v 0.048986 0.133400 -0.010660
v 0.048840 0.143400 -0.011014
v 0.048986 0.133400 -0.010660
v 0.048840 0.133400 -0.011014
v 0.048840 0.143400 -0.011014
v 0.048840 0.143400 -0.011014
v 0.048840 0.133400 -0.011014
v 0.048840 0.143400 -0.012137
v 0.048840 0.133400 -0.011014
v 0.048840 0.133400 -0.012137
v 0.048840 0.143400 -0.012137
v 0.049148 0.143400 -0.012599
v 0.048986 0.143400 -0.012490
v 0.049148 0.133400 -0.012599
v 0.048986 0.143400 -0.012490
v 0.048878 0.143400 -0.012328
v 0.048986 0.133400 -0.012490
v 0.048878 0.143400 -0.012328
v 0.048878 0.133400 -0.012328
v 0.048986 0.133400 -0.012490
v 0.049148 0.143400 -0.012599
v 0.049148 0.133400 -0.012599
v 0.049340 0.143400 -0.012637
v 0.048878 0.133400 -0.012328
v 0.048840 0.143400 -0.012137
v 0.048840 0.133400 -0.012137
v 0.048878 0.143400 -0.012328
v 0.048840 0.143400 -0.012137
v 0.048878 0.133400 -0.012328
v 0.049148 0.133400 -0.012599
v 0.049340 0.133400 -0.012637
v 0.049340 0.143400 -0.012637
v 0.048986 0.143400 -0.012490
v 0.048986 0.133400 -0.012490
v 0.049148 0.133400 -0.012599
v 0.049340 0.143400 -0.012637
v 0.049340 0.133400 -0.012637
v 0.057050 0.143400 -0.012637
v 0.049340 0.133400 -0.012637
v 0.057050 0.133400 -0.012637
v 0.057050 0.143400 -0.012637
v 0.057512 0.143400 -0.012328
v 0.057512 0.133400 -0.012328
v 0.057550 0.143400 -0.012137
v 0.057404 0.143400 -0.012490
v 0.057512 0.133400 -0.012328
v 0.057512 0.143400 -0.012328
v 0.057242 0.143400 -0.012599
v 0.057404 0.133400 -0.012490
v 0.057404 0.143400 -0.012490
v 0.057242 0.133400 -0.012599
v 0.057404 0.133400 -0.012490
v 0.057242 0.143400 -0.012599
v 0.057242 0.133400 -0.012599
v 0.057050 0.143400 -0.012637
v 0.057050 0.133400 -0.012637
v 0.057242 0.143400 -0.012599
v 0.057050 0.143400 -0.012637
v 0.057242 0.133400 -0.012599
v 0.057512 0.133400 -0.012328
v 0.057550 0.133400 -0.012137
v 0.057550 0.143400 -0.012137
v 0.057404 0.143400 -0.012490
v 0.057404 0.133400 -0.012490
v 0.057512 0.133400 -0.012328
v 0.057550 0.143400 -0.012137
v 0.057550 0.133400 -0.012137
v 0.057550 0.143400 -0.011014
v 0.057550 0.133400 -0.012137
v 0.057550 0.133400 -0.011014
v 0.057550 0.143400 -0.011014
v 0.057550 0.133400 -0.011014
v 0.057404 0.143400 -0.010660
v 0.057550 0.143400 -0.011014
v 0.057550 0.133400 -0.011014
v 0.057404 0.133400 -0.010660
v 0.057404 0.143400 -0.010660
v 0.057404 0.143400 -0.010660
v 0.057404 0.133400 -0.010660
v 0.055971 0.143400 -0.009228
v 0.057404 0.133400 -0.010660
v 0.055971 0.133400 -0.009228
v 0.055971 0.143400 -0.009228
v 0.055971 0.143400 -0.009228
v 0.055971 0.133400 -0.009228
v 0.055618 0.143400 -0.009081
v 0.055971 0.133400 -0.009228
v 0.055618 0.133400 -0.009081
v 0.055618 0.143400 -0.009081
v 0.055618 0.143400 -0.009081
v 0.055618 0.133400 -0.009081
v 0.050772 0.143400 -0.009081
v 0.055618 0.133400 -0.009081
v 0.050772 0.133400 -0.009081
v 0.050772 0.143400 -0.009081
v 0.049340 0.133400 -0.012637
v 0.050419 0.133400 -0.009228
v 0.050772 0.133400 -0.009081
v 0.048840 0.133400 -0.011014
v 0.048986 0.133400 -0.010660
v 0.049340 0.133400 -0.012637
v 0.049340 0.133400 -0.012637
v 0.048986 0.133400 -0.010660
v 0.050419 0.133400 -0.009228
v 0.048840 0.133400 -0.012137
v 0.048840 0.133400 -0.011014
v 0.049340 0.133400 -0.012637
v 0.049340 0.133400 -0.012637
v 0.048986 0.133400 -0.012490
v 0.048878 0.133400 -0.012328
v 0.048840 0.133400 -0.012137
v 0.049340 0.133400 -0.012637
v 0.048878 0.133400 -0.012328
v 0.049340 0.133400 -0.012637
v 0.050772 0.133400 -0.009081
v 0.057050 0.133400 -0.012637
v 0.050772 0.133400 -0.009081
v 0.055618 0.133400 -0.009081
v 0.057050 0.133400 -0.012637
v 0.057050 0.133400 -0.012637
v 0.055971 0.133400 -0.009228
v 0.057404 0.133400 -0.010660
v 0.057050 0.133400 -0.012637
v 0.055618 0.133400 -0.009081
v 0.055971 0.133400 -0.009228
v 0.057550 0.133400 -0.011014
v 0.057050 0.133400 -0.012637
v 0.057404 0.133400 -0.010660
v 0.057550 0.133400 -0.011014
v 0.057550 0.133400 -0.012137
v 0.057050 0.133400 -0.012637
v 0.057404 0.133400 -0.012490
v 0.057242 0.133400 -0.012599
v 0.057550 0.133400 -0.012137
v 0.057550 0.133400 -0.012137
v 0.057242 0.133400 -0.012599
v 0.057050 0.133400 -0.012637
v 0.048986 0.133400 -0.012490
v 0.049340 0.133400 -0.012637
v 0.049148 0.133400 -0.012599
v 0.057512 0.133400 -0.012328
v 0.057404 0.133400 -0.012490
v 0.057550 0.133400 -0.012137
v 0.065243 0.133400 -0.012773
v 0.064571 0.133400 -0.011768
v 0.064335 0.133400 -0.010581
v 0.066249 0.133400 -0.013445
v 0.064335 0.133400 -0.010581
v 0.067435 0.133400 -0.013681
v 0.066249 0.133400 -0.013445
v 0.065243 0.133400 -0.012773
v 0.064335 0.133400 -0.010581
v 0.064335 0.133400 -0.010581
v 0.068621 0.133400 -0.013445
v 0.067435 0.133400 -0.013681
v 0.070299 0.133400 -0.011768
v 0.064335 0.133400 -0.010581
v 0.070535 0.133400 -0.010581
v 0.064335 0.133400 -0.010581
v 0.069627 0.133400 -0.012773
v 0.068621 0.133400 -0.013445
v 0.064335 0.133400 -0.010581
v 0.070299 0.133400 -0.009395
v 0.070535 0.133400 -0.010581
v 0.068621 0.133400 -0.007717
v 0.069627 0.133400 -0.008389
v 0.064335 0.133400 -0.010581
v 0.064335 0.133400 -0.010581
v 0.069627 0.133400 -0.008389
v 0.070299 0.133400 -0.009395
v 0.068621 0.133400 -0.007717
v 0.064335 0.133400 -0.010581
v 0.067435 0.133400 -0.007481
v 0.064335 0.133400 -0.010581
v 0.065243 0.133400 -0.008389
v 0.066249 0.133400 -0.007717
v 0.067435 0.133400 -0.007481
v 0.064335 0.133400 -0.010581
v 0.066249 0.133400 -0.007717
v 0.064335 0.133400 -0.010581
v 0.064571 0.133400 -0.009395
v 0.065243 0.133400 -0.008389
v 0.070299 0.133400 -0.011768
v 0.069627 0.133400 -0.012773
v 0.064335 0.133400 -0.010581
v 0.003963 0.143400 -0.006890
v 0.004071 0.143400 -0.006728
v 0.003963 0.133400 -0.006890
v 0.004071 0.143400 -0.006728
v 0.004234 0.143400 -0.006619
v 0.004071 0.133400 -0.006728
v 0.004234 0.143400 -0.006619
v 0.004234 0.133400 -0.006619
v 0.004071 0.133400 -0.006728
v 0.003963 0.143400 -0.006890
v 0.003963 0.133400 -0.006890
v 0.003925 0.143400 -0.007081
v 0.004234 0.133400 -0.006619
v 0.004425 0.143400 -0.006581
v 0.004425 0.133400 -0.006581
v 0.004234 0.143400 -0.006619
v 0.004425 0.143400 -0.006581
v 0.004234 0.133400 -0.006619
v 0.003963 0.133400 -0.006890
v 0.003925 0.133400 -0.007081
v 0.003925 0.143400 -0.007081
v 0.004071 0.143400 -0.006728
v 0.004071 0.133400 -0.006728
v 0.003963 0.133400 -0.006890
v 0.003925 0.143400 -0.007081
v 0.003925 0.133400 -0.007081
v 0.003925 0.143400 -0.014281
v 0.003925 0.133400 -0.007081
v 0.003925 0.133400 -0.014281
v 0.003925 0.143400 -0.014281
v 0.004234 0.143400 -0.014743
v 0.004071 0.143400 -0.014635
v 0.004234 0.133400 -0.014743
v 0.004071 0.143400 -0.014635
v 0.003963 0.143400 -0.014473
v 0.004071 0.133400 -0.014635
v 0.003963 0.143400 -0.014473
v 0.003963 0.133400 -0.014473
v 0.004071 0.133400 -0.014635
v 0.004234 0.143400 -0.014743
v 0.004234 0.133400 -0.014743
v 0.004425 0.143400 -0.014781
v 0.003963 0.133400 -0.014473
v 0.003925 0.143400 -0.014281
v 0.003925 0.133400 -0.014281
v 0.003963 0.143400 -0.014473
v 0.003925 0.143400 -0.014281
v 0.003963 0.133400 -0.014473
v 0.004234 0.133400 -0.014743
v 0.004425 0.133400 -0.014781
v 0.004425 0.143400 -0.014781
v 0.004071 0.143400 -0.014635
v 0.004071 0.133400 -0.014635
v 0.004234 0.133400 -0.014743
v 0.004425 0.143400 -0.014781
v 0.004425 0.133400 -0.014781
v 0.006295 0.143400 -0.014781
v 0.004425 0.133400 -0.014781
v 0.006295 0.133400 -0.014781
v 0.006295 0.143400 -0.014781
v 0.006795 0.133400 -0.015281
v 0.006795 0.143400 -0.015281
v 0.006757 0.133400 -0.015090
v 0.006757 0.133400 -0.015090
v 0.006795 0.143400 -0.015281
v 0.006757 0.143400 -0.015090
v 0.006649 0.133400 -0.014928
v 0.006757 0.133400 -0.015090
v 0.006757 0.143400 -0.015090
v 0.006649 0.143400 -0.014928
v 0.006649 0.133400 -0.014928
v 0.006757 0.143400 -0.015090
v 0.006295 0.133400 -0.014781
v 0.006486 0.143400 -0.014819
v 0.006295 0.143400 -0.014781
v 0.006295 0.133400 -0.014781
v 0.006486 0.133400 -0.014819
v 0.006486 0.143400 -0.014819
v 0.006486 0.133400 -0.014819
v 0.006649 0.143400 -0.014928
v 0.006486 0.143400 -0.014819
v 0.006649 0.133400 -0.014928
v 0.006649 0.143400 -0.014928
v 0.006486 0.133400 -0.014819
v 0.006795 0.143400 -0.015281
v 0.006795 0.133400 -0.015281
v 0.006795 0.143400 -0.016081
v 0.006795 0.133400 -0.015281
v 0.006795 0.133400 -0.016081
v 0.006795 0.143400 -0.016081
v 0.007104 0.143400 -0.016543
v 0.006941 0.143400 -0.016435
v 0.007104 0.133400 -0.016543
v 0.006941 0.143400 -0.016435
v 0.006833 0.143400 -0.016273
v 0.006941 0.133400 -0.016435
v 0.006833 0.143400 -0.016273
v 0.006833 0.133400 -0.016273
v 0.006941 0.133400 -0.016435
v 0.007104 0.143400 -0.016543
v 0.007104 0.133400 -0.016543
v 0.007295 0.143400 -0.016581
v 0.006833 0.133400 -0.016273
v 0.006795 0.143400 -0.016081
v 0.006795 0.133400 -0.016081
v 0.006833 0.143400 -0.016273
v 0.006795 0.143400 -0.016081
v 0.006833 0.133400 -0.016273
v 0.007104 0.133400 -0.016543
v 0.007295 0.133400 -0.016581
v 0.007295 0.143400 -0.016581
v 0.006941 0.143400 -0.016435
v 0.006941 0.133400 -0.016435
v 0.007104 0.133400 -0.016543
v 0.010595 0.143400 -0.016581
v 0.013895 0.133400 -0.016581
v 0.013895 0.143400 -0.016581
v 0.007295 0.143400 -0.016581
v 0.007295 0.133400 -0.016581
v 0.010595 0.143400 -0.016581
v 0.007295 0.133400 -0.016581
v 0.013895 0.133400 -0.016581
v 0.010595 0.143400 -0.016581
v 0.014357 0.143400 -0.016273
v 0.014357 0.133400 -0.016273
v 0.014395 0.143400 -0.016081
v 0.014249 0.143400 -0.016435
v 0.014357 0.133400 -0.016273
v 0.014357 0.143400 -0.016273
v 0.014086 0.143400 -0.016543
v 0.014249 0.133400 -0.016435
v 0.014249 0.143400 -0.016435
v 0.014086 0.133400 -0.016543
v 0.014249 0.133400 -0.016435
v 0.014086 0.143400 -0.016543
v 0.014086 0.133400 -0.016543
v 0.013895 0.143400 -0.016581
v 0.013895 0.133400 -0.016581
v 0.014086 0.143400 -0.016543
v 0.013895 0.143400 -0.016581
v 0.014086 0.133400 -0.016543
v 0.014357 0.133400 -0.016273
v 0.014395 0.133400 -0.016081
v 0.014395 0.143400 -0.016081
v 0.014249 0.143400 -0.016435
v 0.014249 0.133400 -0.016435
v 0.014357 0.133400 -0.016273
v 0.014395 0.143400 -0.016081
v 0.014395 0.133400 -0.016081
v 0.014395 0.143400 -0.015281
v 0.014395 0.133400 -0.016081
v 0.014395 0.133400 -0.015281
v 0.014395 0.143400 -0.015281
v 0.014895 0.133400 -0.014781
v 0.014895 0.143400 -0.014781
v 0.014704 0.133400 -0.014819
v 0.014704 0.133400 -0.014819
v 0.014895 0.143400 -0.014781
v 0.014704 0.143400 -0.014819
v 0.014541 0.133400 -0.014928
v 0.014704 0.133400 -0.014819
v 0.014704 0.143400 -0.014819
v 0.014541 0.143400 -0.014928
v 0.014541 0.133400 -0.014928
v 0.014704 0.143400 -0.014819
v 0.014433 0.143400 -0.015090
v 0.014395 0.143400 -0.015281
v 0.014395 0.133400 -0.015281
v 0.014433 0.133400 -0.015090
v 0.014433 0.143400 -0.015090
v 0.014395 0.133400 -0.015281
v 0.014433 0.133400 -0.015090
v 0.014541 0.143400 -0.014928
v 0.014433 0.143400 -0.015090
v 0.014541 0.133400 -0.014928
v 0.014541 0.143400 -0.014928
v 0.014433 0.133400 -0.015090
v 0.014895 0.143400 -0.014781
v 0.014895 0.133400 -0.014781
v 0.016765 0.143400 -0.014781
v 0.014895 0.133400 -0.014781
v 0.016765 0.133400 -0.014781
v 0.016765 0.143400 -0.014781
v 0.017227 0.143400 -0.014473
v 0.017227 0.133400 -0.014473
v 0.017265 0.143400 -0.014281
v 0.017119 0.143400 -0.014635
v 0.017227 0.133400 -0.014473
v 0.017227 0.143400 -0.014473
v 0.016956 0.143400 -0.014743
v 0.017119 0.133400 -0.014635
v 0.017119 0.143400 -0.014635
v 0.016956 0.133400 -0.014743
v 0.017119 0.133400 -0.014635
v 0.016956 0.143400 -0.014743
v 0.016956 0.133400 -0.014743
v 0.016765 0.143400 -0.014781
v 0.016765 0.133400 -0.014781
v 0.016956 0.143400 -0.014743
v 0.016765 0.143400 -0.014781
v 0.016956 0.133400 -0.014743
v 0.017227 0.133400 -0.014473
v 0.017265 0.133400 -0.014281
v 0.017265 0.143400 -0.014281
v 0.017119 0.143400 -0.014635
v 0.017119 0.133400 -0.014635
v 0.017227 0.133400 -0.014473
v 0.017265 0.143400 -0.014281
v 0.017265 0.133400 -0.014281
v 0.017265 0.143400 -0.007081
v 0.017265 0.133400 -0.014281
v 0.017265 0.133400 -0.007081
v 0.017265 0.143400 -0.007081
v 0.016956 0.143400 -0.006619
v 0.016956 0.133400 -0.006619
v 0.016765 0.143400 -0.006581
v 0.017119 0.143400 -0.006728
v 0.016956 0.133400 -0.006619
v 0.016956 0.143400 -0.006619
v 0.017227 0.143400 -0.006890
v 0.017119 0.133400 -0.006728
v 0.017119 0.143400 -0.006728
v 0.017227 0.133400 -0.006890
v 0.017265 0.143400 -0.007081
v 0.017265 0.133400 -0.007081
v 0.017227 0.143400 -0.006890
v 0.017265 0.143400 -0.007081
v 0.017227 0.133400 -0.006890
v 0.016956 0.133400 -0.006619
v 0.016765 0.133400 -0.006581
v 0.016765 0.143400 -0.006581
v 0.017119 0.143400 -0.006728
v 0.017119 0.133400 -0.006728
v 0.016956 0.133400 -0.006619
v 0.017119 0.133400 -0.006728
v 0.017227 0.143400 -0.006890
v 0.017227 0.133400 -0.006890
v 0.016765 0.143400 -0.006581
v 0.016765 0.133400 -0.006581
v 0.004425 0.143400 -0.006581
v 0.016765 0.133400 -0.006581
v 0.004425 0.133400 -0.006581
v 0.004425 0.143400 -0.006581
v 0.004071 0.133400 -0.006728
v 0.004234 0.133400 -0.006619
v 0.004425 0.133400 -0.006581
v 0.003963 0.133400 -0.006890
v 0.004071 0.133400 -0.006728
v 0.004425 0.133400 -0.006581
v 0.003925 0.133400 -0.007081
v 0.003963 0.133400 -0.006890
v 0.004425 0.133400 -0.006581
v 0.004425 0.133400 -0.006581
v 0.006486 0.133400 -0.014819
v 0.003925 0.133400 -0.007081
v 0.003925 0.133400 -0.007081
v 0.006295 0.133400 -0.014781
v 0.003925 0.133400 -0.014281
v 0.003925 0.133400 -0.014281
v 0.006295 0.133400 -0.014781
v 0.004425 0.133400 -0.014781
v 0.004425 0.133400 -0.014781
v 0.004071 0.133400 -0.014635
v 0.003963 0.133400 -0.014473
v 0.003963 0.133400 -0.014473
v 0.003925 0.133400 -0.014281
v 0.004425 0.133400 -0.014781
v 0.006295 0.133400 -0.014781
v 0.003925 0.133400 -0.007081
v 0.006486 0.133400 -0.014819
v 0.006649 0.133400 -0.014928
v 0.006486 0.133400 -0.014819
v 0.004425 0.133400 -0.006581
v 0.006757 0.133400 -0.015090
v 0.014541 0.133400 -0.014928
v 0.014433 0.133400 -0.015090
v 0.006757 0.133400 -0.015090
v 0.006649 0.133400 -0.014928
v 0.014541 0.133400 -0.014928
v 0.006795 0.133400 -0.015281
v 0.006757 0.133400 -0.015090
v 0.014433 0.133400 -0.015090
v 0.014395 0.133400 -0.015281
v 0.006795 0.133400 -0.015281
v 0.014433 0.133400 -0.015090
v 0.014541 0.133400 -0.014928
v 0.006649 0.133400 -0.014928
v 0.004425 0.133400 -0.006581
v 0.007104 0.133400 -0.016543
v 0.006941 0.133400 -0.016435
v 0.007295 0.133400 -0.016581
v 0.007295 0.133400 -0.016581
v 0.006941 0.133400 -0.016435
v 0.006833 0.133400 -0.016273
v 0.007295 0.133400 -0.016581
v 0.006833 0.133400 -0.016273
v 0.006795 0.133400 -0.016081
v 0.014395 0.133400 -0.015281
v 0.014395 0.133400 -0.016081
v 0.013895 0.133400 -0.016581
v 0.013895 0.133400 -0.016581
v 0.014395 0.133400 -0.016081
v 0.014086 0.133400 -0.016543
v 0.014395 0.133400 -0.016081
v 0.014357 0.133400 -0.016273
v 0.014249 0.133400 -0.016435
v 0.014086 0.133400 -0.016543
v 0.014395 0.133400 -0.016081
v 0.014249 0.133400 -0.016435
v 0.007295 0.133400 -0.016581
v 0.014395 0.133400 -0.015281
v 0.013895 0.133400 -0.016581
v 0.007295 0.133400 -0.016581
v 0.006795 0.133400 -0.015281
v 0.014395 0.133400 -0.015281
v 0.014704 0.133400 -0.014819
v 0.014541 0.133400 -0.014928
v 0.016765 0.133400 -0.006581
v 0.016765 0.133400 -0.006581
v 0.014541 0.133400 -0.014928
v 0.004425 0.133400 -0.006581
v 0.017265 0.133400 -0.007081
v 0.014704 0.133400 -0.014819
v 0.016765 0.133400 -0.006581
v 0.007295 0.133400 -0.016581
v 0.006795 0.133400 -0.016081
v 0.006795 0.133400 -0.015281
v 0.014895 0.133400 -0.014781
v 0.014704 0.133400 -0.014819
v 0.017265 0.133400 -0.007081
v 0.017265 0.133400 -0.014281
v 0.017119 0.133400 -0.014635
v 0.016956 0.133400 -0.014743
v 0.016765 0.133400 -0.014781
v 0.014895 0.133400 -0.014781
v 0.017265 0.133400 -0.014281
v 0.017265 0.133400 -0.014281
v 0.017227 0.133400 -0.014473
v 0.017119 0.133400 -0.014635
v 0.016765 0.133400 -0.006581
v 0.017227 0.133400 -0.006890
v 0.017265 0.133400 -0.007081
v 0.016956 0.133400 -0.006619
v 0.017119 0.133400 -0.006728
v 0.016765 0.133400 -0.006581
v 0.016765 0.133400 -0.006581
v 0.017119 0.133400 -0.006728
v 0.017227 0.133400 -0.006890
v 0.014895 0.133400 -0.014781
v 0.017265 0.133400 -0.007081
v 0.017265 0.133400 -0.014281
v 0.004071 0.133400 -0.014635
v 0.004425 0.133400 -0.014781
v 0.004234 0.133400 -0.014743
v 0.016765 0.133400 -0.014781
v 0.017265 0.133400 -0.014281
v 0.016956 0.133400 -0.014743
v 0.021533 0.143400 -0.009610
v 0.021641 0.143400 -0.009448
v 0.021533 0.133400 -0.009610
v 0.021641 0.143400 -0.009448
v 0.021804 0.143400 -0.009339
v 0.021641 0.133400 -0.009448
v 0.021804 0.143400 -0.009339
v 0.021804 0.133400 -0.009339
v 0.021641 0.133400 -0.009448
v 0.021533 0.143400 -0.009610
v 0.021533 0.133400 -0.009610
v 0.021495 0.143400 -0.009801
v 0.021804 0.133400 -0.009339
v 0.021995 0.143400 -0.009301
v 0.021995 0.133400 -0.009301
v 0.021804 0.143400 -0.009339
v 0.021995 0.143400 -0.009301
v 0.021804 0.133400 -0.009339
v 0.021533 0.133400 -0.009610
v 0.021495 0.133400 -0.009801
v 0.021495 0.143400 -0.009801
v 0.021641 0.143400 -0.009448
v 0.021641 0.133400 -0.009448
v 0.021533 0.133400 -0.009610
v 0.021495 0.143400 -0.009801
v 0.021495 0.133400 -0.009801
v 0.021495 0.143400 -0.013581
v 0.021495 0.133400 -0.009801
v 0.021495 0.133400 -0.013581
v 0.021495 0.143400 -0.013581
v 0.021804 0.143400 -0.014043
v 0.021641 0.143400 -0.013935
v 0.021804 0.133400 -0.014043
v 0.021641 0.143400 -0.013935
v 0.021533 0.143400 -0.013773
v 0.021641 0.133400 -0.013935
v 0.021533 0.143400 -0.013773
v 0.021533 0.133400 -0.013773
v 0.021641 0.133400 -0.013935
v 0.021804 0.143400 -0.014043
v 0.021804 0.133400 -0.014043
v 0.021995 0.143400 -0.014081
v 0.021533 0.133400 -0.013773
v 0.021495 0.143400 -0.013581
v 0.021495 0.133400 -0.013581
v 0.021533 0.143400 -0.013773
v 0.021495 0.143400 -0.013581
v 0.021533 0.133400 -0.013773
v 0.021804 0.133400 -0.014043
v 0.021995 0.133400 -0.014081
v 0.021995 0.143400 -0.014081
v 0.021641 0.143400 -0.013935
v 0.021641 0.133400 -0.013935
v 0.021804 0.133400 -0.014043
v 0.021995 0.143400 -0.014081
v 0.021995 0.133400 -0.014081
v 0.032995 0.143400 -0.014081
v 0.021995 0.133400 -0.014081
v 0.032995 0.133400 -0.014081
v 0.032995 0.143400 -0.014081
v 0.033457 0.143400 -0.013773
v 0.033457 0.133400 -0.013773
v 0.033495 0.143400 -0.013581
v 0.033349 0.143400 -0.013935
v 0.033457 0.133400 -0.013773
v 0.033457 0.143400 -0.013773
v 0.033186 0.143400 -0.014043
v 0.033349 0.133400 -0.013935
v 0.033349 0.143400 -0.013935
v 0.033186 0.133400 -0.014043
v 0.033349 0.133400 -0.013935
v 0.033186 0.143400 -0.014043
v 0.033186 0.133400 -0.014043
v 0.032995 0.143400 -0.014081
v 0.032995 0.133400 -0.014081
v 0.033186 0.143400 -0.014043
v 0.032995 0.143400 -0.014081
v 0.033186 0.133400 -0.014043
v 0.033457 0.133400 -0.013773
v 0.033495 0.133400 -0.013581
v 0.033495 0.143400 -0.013581
v 0.033349 0.143400 -0.013935
v 0.033349 0.133400 -0.013935
v 0.033457 0.133400 -0.013773
v 0.033495 0.143400 -0.013581
v 0.033495 0.133400 -0.013581
v 0.033495 0.143400 -0.009801
v 0.033495 0.133400 -0.013581
v 0.033495 0.133400 -0.009801
v 0.033495 0.143400 -0.009801
v 0.033186 0.143400 -0.009339
v 0.033186 0.133400 -0.009339
v 0.032995 0.143400 -0.009301
v 0.033349 0.143400 -0.009448
v 0.033186 0.133400 -0.009339
v 0.033186 0.143400 -0.009339
v 0.033457 0.143400 -0.009610
v 0.033349 0.133400 -0.009448
v 0.033349 0.143400 -0.009448
v 0.033457 0.133400 -0.009610
v 0.033495 0.143400 -0.009801
v 0.033495 0.133400 -0.009801
v 0.033457 0.143400 -0.009610
v 0.033495 0.143400 -0.009801
v 0.033457 0.133400 -0.009610
v 0.033186 0.133400 -0.009339
v 0.032995 0.133400 -0.009301
v 0.032995 0.143400 -0.009301
v 0.033349 0.143400 -0.009448
v 0.033349 0.133400 -0.009448
v 0.033186 0.133400 -0.009339
v 0.033349 0.133400 -0.009448
v 0.033457 0.143400 -0.009610
v 0.033457 0.133400 -0.009610
v 0.032995 0.143400 -0.009301
v 0.032995 0.133400 -0.009301
v 0.021995 0.143400 -0.009301
v 0.032995 0.133400 -0.009301
v 0.021995 0.133400 -0.009301
v 0.021995 0.143400 -0.009301
v 0.021641 0.133400 -0.009448
v 0.021804 0.133400 -0.009339
v 0.021995 0.133400 -0.009301
v 0.021533 0.133400 -0.009610
v 0.021641 0.133400 -0.009448
v 0.021995 0.133400 -0.009301
v 0.021495 0.133400 -0.009801
v 0.021533 0.133400 -0.009610
v 0.021995 0.133400 -0.009301
v 0.021495 0.133400 -0.013581
v 0.021995 0.133400 -0.009301
v 0.021995 0.133400 -0.014081
v 0.021495 0.133400 -0.013581
v 0.021495 0.133400 -0.009801
v 0.021995 0.133400 -0.009301
v 0.021804 0.133400 -0.014043
v 0.021641 0.133400 -0.013935
v 0.021995 0.133400 -0.014081
v 0.021495 0.133400 -0.013581
v 0.021995 0.133400 -0.014081
v 0.021533 0.133400 -0.013773
v 0.021995 0.133400 -0.014081
v 0.021995 0.133400 -0.009301
v 0.032995 0.133400 -0.014081
v 0.021995 0.133400 -0.009301
v 0.032995 0.133400 -0.009301
v 0.032995 0.133400 -0.014081
v 0.032995 0.133400 -0.014081
v 0.033495 0.133400 -0.013581
v 0.033186 0.133400 -0.014043
v 0.032995 0.133400 -0.014081
v 0.032995 0.133400 -0.009301
v 0.033495 0.133400 -0.013581
v 0.033495 0.133400 -0.013581
v 0.032995 0.133400 -0.009301
v 0.033495 0.133400 -0.009801
v 0.033495 0.133400 -0.013581
v 0.033349 0.133400 -0.013935
v 0.033186 0.133400 -0.014043
v 0.033495 0.133400 -0.009801
v 0.032995 0.133400 -0.009301
v 0.033457 0.133400 -0.009610
v 0.033186 0.133400 -0.009339
v 0.033349 0.133400 -0.009448
v 0.032995 0.133400 -0.009301
v 0.032995 0.133400 -0.009301
v 0.033349 0.133400 -0.009448
v 0.033457 0.133400 -0.009610
v 0.021533 0.133400 -0.013773
v 0.021995 0.133400 -0.014081
v 0.021641 0.133400 -0.013935
v 0.033495 0.133400 -0.013581
v 0.033457 0.133400 -0.013773
v 0.033349 0.133400 -0.013935
v 0.091716 0.114664 -0.022031
v -0.016686 0.114664 -0.022031
v 0.091509 0.138377 -0.022141
v 0.091509 0.138377 -0.022141
v -0.016686 0.114664 -0.022031
v 0.064512 0.138377 -0.022141
v 0.037515 0.138377 -0.022141
v -0.016686 0.114664 -0.022031
v 0.010518 0.138377 -0.022141
v 0.064512 0.138377 -0.022141
v -0.016686 0.114664 -0.022031
v 0.037515 0.138377 -0.022141
v 0.010518 0.138377 -0.022141
v -0.016686 0.114664 -0.022031
v -0.016479 0.138377 -0.022141
v -0.016725 0.110147 -0.024838
v -0.015883 0.108956 -0.027279
v -0.016726 0.110069 -0.024997
v 0.091755 0.110147 -0.024838
v 0.025110 0.103950 -0.037536
v -0.016725 0.110147 -0.024838
v 0.075030 0.103950 -0.037536
v 0.025110 0.103950 -0.037536
v 0.091755 0.110147 -0.024838
v 0.090898 0.108939 -0.027312
v 0.091755 0.110147 -0.024838
v 0.091756 0.110069 -0.024997
v 0.089710 0.107873 -0.029497
v 0.075030 0.103950 -0.037536
v 0.090898 0.108939 -0.027312
v 0.088202 0.106887 -0.031518
v 0.086388 0.106005 -0.033325
v 0.075030 0.103950 -0.037536
v 0.086388 0.106005 -0.033325
v 0.084103 0.105194 -0.034988
v 0.075030 0.103950 -0.037536
v 0.075030 0.103950 -0.037536
v 0.084103 0.105194 -0.034988
v 0.082580 0.104789 -0.035817
v 0.078817 0.104154 -0.037119
v 0.075030 0.103950 -0.037536
v 0.080784 0.104427 -0.036559
v 0.075030 0.103950 -0.037536
v 0.082580 0.104789 -0.035817
v 0.080784 0.104427 -0.036559
v 0.077111 0.104010 -0.037413
v 0.075030 0.103950 -0.037536
v 0.078817 0.104154 -0.037119
v 0.075030 0.103950 -0.037536
v 0.089710 0.107873 -0.029497
v 0.088202 0.106887 -0.031518
v 0.091755 0.110147 -0.024838
v 0.090898 0.108939 -0.027312
v 0.075030 0.103950 -0.037536
v 0.025110 0.103950 -0.037536
v 0.000181 0.103950 -0.037536
v -0.016725 0.110147 -0.024838
v 0.000181 0.103950 -0.037536
v -0.015883 0.108956 -0.027279
v -0.016725 0.110147 -0.024838
v -0.014720 0.107904 -0.029435
v -0.015883 0.108956 -0.027279
v 0.000181 0.103950 -0.037536
v -0.014720 0.107904 -0.029435
v 0.000181 0.103950 -0.037536
v -0.013251 0.106932 -0.031427
v 0.000181 0.103950 -0.037536
v -0.011491 0.106061 -0.033210
v -0.013251 0.106932 -0.031427
v -0.009415 0.105299 -0.034773
v -0.011491 0.106061 -0.033210
v 0.000181 0.103950 -0.037536
v -0.006494 0.104562 -0.036282
v 0.000181 0.103950 -0.037536
v -0.004651 0.104259 -0.036904
v -0.009415 0.105299 -0.034773
v 0.000181 0.103950 -0.037536
v -0.006494 0.104562 -0.036282
v -0.004651 0.104259 -0.036904
v 0.000181 0.103950 -0.037536
v -0.002871 0.104066 -0.037298
v 0.037848 0.143227 -0.018447
v 0.037515 0.143400 -0.017142
v 0.042511 0.143054 -0.018970
v 0.037848 0.143227 -0.018447
v 0.033517 0.142969 -0.019172
v 0.037515 0.143400 -0.017142
v 0.019338 0.140523 -0.021669
v 0.017526 0.141613 -0.020972
v 0.025521 0.140759 -0.021550
v 0.019338 0.140523 -0.021669
v 0.015966 0.139684 -0.021974
v 0.012857 0.140468 -0.021694
v 0.066897 0.143233 -0.018422
v 0.064490 0.143400 -0.017142
v 0.076036 0.143345 -0.017882
v 0.066897 0.143233 -0.018422
v 0.064048 0.143129 -0.018766
v 0.064490 0.143400 -0.017142
v 0.019338 0.140523 -0.021669
v 0.012857 0.140468 -0.021694
v 0.017526 0.141613 -0.020972
v 0.015966 0.139684 -0.021974
v 0.010518 0.138377 -0.022141
v 0.012857 0.140468 -0.021694
v 0.012857 0.140468 -0.021694
v 0.010528 0.141166 -0.021307
v 0.017526 0.141613 -0.020972
v 0.012857 0.140468 -0.021694
v 0.010518 0.138377 -0.022141
v 0.001857 0.139683 -0.021974
v 0.001857 0.139683 -0.021974
v -0.002471 0.140465 -0.021695
v -0.001464 0.141604 -0.020980
v 0.001857 0.139683 -0.021974
v -0.016479 0.138377 -0.022141
v -0.002471 0.140465 -0.021695
v 0.083290 0.143299 -0.018143
v 0.082368 0.142888 -0.019346
v 0.076036 0.143345 -0.017882
v 0.083290 0.143299 -0.018143
v 0.091465 0.143400 -0.017142
v 0.091466 0.143303 -0.018120
v 0.011420 0.142189 -0.020405
v 0.010528 0.141166 -0.021307
v 0.007203 0.142543 -0.019940
v 0.011420 0.142189 -0.020405
v 0.016529 0.142651 -0.019773
v 0.017526 0.141613 -0.020972
v 0.064915 0.139740 -0.021959
v 0.064512 0.138377 -0.022141
v 0.061508 0.140059 -0.021858
v 0.064915 0.139740 -0.021959
v 0.068724 0.140711 -0.021575
v 0.075169 0.139986 -0.021883
v 0.033517 0.141996 -0.020616
v 0.034516 0.142593 -0.019866
v 0.043845 0.141922 -0.020691
v 0.033517 0.141996 -0.020616
v 0.028519 0.142293 -0.020279
v 0.034516 0.142593 -0.019866
v 0.075502 0.142083 -0.020523
v 0.074754 0.141287 -0.021223
v 0.069494 0.141919 -0.020694
v 0.075502 0.142083 -0.020523
v 0.079600 0.141785 -0.020822
v 0.074754 0.141287 -0.021223
v 0.074754 0.141287 -0.021223
v 0.075169 0.139986 -0.021883
v 0.068724 0.140711 -0.021575
v 0.074754 0.141287 -0.021223
v 0.079600 0.141785 -0.020822
v 0.075169 0.139986 -0.021883
v 0.082368 0.142888 -0.019346
v 0.079600 0.141785 -0.020822
v 0.075502 0.142083 -0.020523
v 0.082368 0.142888 -0.019346
v 0.091468 0.143017 -0.019060
v 0.091472 0.142552 -0.019927
v 0.076036 0.143345 -0.017882
v 0.072153 0.142911 -0.019297
v 0.066897 0.143233 -0.018422
v 0.091468 0.143017 -0.019060
v 0.083290 0.143299 -0.018143
v 0.091466 0.143303 -0.018120
v 0.068724 0.140711 -0.021575
v 0.069494 0.141919 -0.020694
v 0.074754 0.141287 -0.021223
v 0.068724 0.140711 -0.021575
v 0.061508 0.140059 -0.021858
v 0.062168 0.141675 -0.020920
v -0.001451 0.143341 -0.017904
v 0.001543 0.142881 -0.019359
v -0.016438 0.143017 -0.019060
v -0.001451 0.143341 -0.017904
v 0.010540 0.143400 -0.017142
v 0.009538 0.143117 -0.018799
v 0.039070 0.139873 -0.021920
v 0.037515 0.140887 -0.021479
v 0.042179 0.140260 -0.021783
v 0.039070 0.139873 -0.021920
v 0.037515 0.138377 -0.022141
v 0.024521 0.140150 -0.021825
v 0.017526 0.141613 -0.020972
v 0.016529 0.142651 -0.019773
v 0.028519 0.142293 -0.020279
v 0.017526 0.141613 -0.020972
v 0.010528 0.141166 -0.021307
v 0.011420 0.142189 -0.020405
v 0.065236 0.142352 -0.020204
v 0.064048 0.143129 -0.018766
v 0.066897 0.143233 -0.018422
v 0.065236 0.142352 -0.020204
v 0.062168 0.141675 -0.020920
v 0.055501 0.142670 -0.019742
v 0.020195 0.143140 -0.018734
v 0.016529 0.142651 -0.019773
v 0.009538 0.143117 -0.018799
v 0.020195 0.143140 -0.018734
v 0.033517 0.142969 -0.019172
v 0.028519 0.142293 -0.020279
v 0.065236 0.142352 -0.020204
v 0.066897 0.143233 -0.018422
v 0.072153 0.142911 -0.019297
v 0.064048 0.143129 -0.018766
v 0.055501 0.142670 -0.019742
v 0.055056 0.143129 -0.018766
v 0.064490 0.143400 -0.017142
v 0.055056 0.143129 -0.018766
v 0.037515 0.143400 -0.017142
v 0.055056 0.143129 -0.018766
v 0.055501 0.142670 -0.019742
v 0.042511 0.143054 -0.018970
v 0.055056 0.143129 -0.018766
v 0.064490 0.143400 -0.017142
v 0.064048 0.143129 -0.018766
v 0.011420 0.142189 -0.020405
v 0.009538 0.143117 -0.018799
v 0.016529 0.142651 -0.019773
v 0.007203 0.142543 -0.019940
v 0.001543 0.142881 -0.019359
v 0.009538 0.143117 -0.018799
v 0.009538 0.143117 -0.018799
v 0.010540 0.143400 -0.017142
v 0.020195 0.143140 -0.018734
v 0.009538 0.143117 -0.018799
v 0.001543 0.142881 -0.019359
v -0.001451 0.143341 -0.017904
v 0.024521 0.140150 -0.021825
v 0.025521 0.140759 -0.021550
v 0.037515 0.140887 -0.021479
v 0.024521 0.140150 -0.021825
v 0.010518 0.138377 -0.022141
v 0.015966 0.139684 -0.021974
v 0.043845 0.141922 -0.020691
v 0.042511 0.143054 -0.018970
v 0.055501 0.142670 -0.019742
v 0.043845 0.141922 -0.020691
v 0.037515 0.140887 -0.021479
v 0.033517 0.141996 -0.020616
v 0.042511 0.143054 -0.018970
v 0.037515 0.143400 -0.017142
v 0.055056 0.143129 -0.018766
v 0.037848 0.143227 -0.018447
v 0.034516 0.142593 -0.019866
v 0.033517 0.142969 -0.019172
v 0.042179 0.140260 -0.021783
v 0.037515 0.140887 -0.021479
v 0.043845 0.141922 -0.020691
v 0.042179 0.140260 -0.021783
v 0.037515 0.138377 -0.022141
v 0.039070 0.139873 -0.021920
v 0.062168 0.141675 -0.020920
v 0.061508 0.140059 -0.021858
v 0.051508 0.141335 -0.021189
v 0.062168 0.141675 -0.020920
v 0.069494 0.141919 -0.020694
v 0.068724 0.140711 -0.021575
v 0.051508 0.141335 -0.021189
v 0.055501 0.142670 -0.019742
v 0.062168 0.141675 -0.020920
v 0.042511 0.143054 -0.018970
v 0.043845 0.141922 -0.020691
v 0.034516 0.142593 -0.019866
v 0.033517 0.142969 -0.019172
v 0.034516 0.142593 -0.019866
v 0.028519 0.142293 -0.020279
v 0.034516 0.142593 -0.019866
v 0.037848 0.143227 -0.018447
v 0.042511 0.143054 -0.018970
v 0.001857 0.139683 -0.021974
v -0.001464 0.141604 -0.020980
v 0.010528 0.141166 -0.021307
v -0.002471 0.140465 -0.021695
v -0.016479 0.138377 -0.022141
v -0.016470 0.139355 -0.022049
v -0.001464 0.141604 -0.020980
v 0.001543 0.142881 -0.019359
v 0.007203 0.142543 -0.019940
v -0.001464 0.141604 -0.020980
v -0.002471 0.140465 -0.021695
v -0.016454 0.141166 -0.021307
v 0.072153 0.142911 -0.019297
v 0.075502 0.142083 -0.020523
v 0.069494 0.141919 -0.020694
v 0.079600 0.141785 -0.020822
v 0.091478 0.141927 -0.020685
v 0.091485 0.141166 -0.021307
v 0.065236 0.142352 -0.020204
v 0.069494 0.141919 -0.020694
v 0.062168 0.141675 -0.020920
v 0.091468 0.143017 -0.019060
v 0.082368 0.142888 -0.019346
v 0.083290 0.143299 -0.018143
v 0.082368 0.142888 -0.019346
v 0.075502 0.142083 -0.020523
v 0.072153 0.142911 -0.019297
v 0.068724 0.140711 -0.021575
v 0.064915 0.139740 -0.021959
v 0.061508 0.140059 -0.021858
v 0.064048 0.143129 -0.018766
v 0.065236 0.142352 -0.020204
v 0.055501 0.142670 -0.019742
v 0.082368 0.142888 -0.019346
v 0.072153 0.142911 -0.019297
v 0.076036 0.143345 -0.017882
v 0.025521 0.140759 -0.021550
v 0.028519 0.142293 -0.020279
v 0.033517 0.141996 -0.020616
v 0.025521 0.140759 -0.021550
v 0.024521 0.140150 -0.021825
v 0.019338 0.140523 -0.021669
v 0.024521 0.140150 -0.021825
v 0.015966 0.139684 -0.021974
v 0.019338 0.140523 -0.021669
v 0.011420 0.142189 -0.020405
v 0.007203 0.142543 -0.019940
v 0.009538 0.143117 -0.018799
v 0.033517 0.142969 -0.019172
v 0.020195 0.143140 -0.018734
v 0.037515 0.143400 -0.017142
v 0.007203 0.142543 -0.019940
v 0.010528 0.141166 -0.021307
v -0.001464 0.141604 -0.020980
v 0.075169 0.139986 -0.021883
v 0.064512 0.138377 -0.022141
v 0.064915 0.139740 -0.021959
v 0.051508 0.141335 -0.021189
v 0.061508 0.140059 -0.021858
v 0.042179 0.140260 -0.021783
v 0.043845 0.141922 -0.020691
v 0.051508 0.141335 -0.021189
v 0.042179 0.140260 -0.021783
v 0.091485 0.141166 -0.021307
v 0.091492 0.140297 -0.021768
v 0.079600 0.141785 -0.020822
v 0.033517 0.141996 -0.020616
v 0.037515 0.140887 -0.021479
v 0.025521 0.140759 -0.021550
v 0.051508 0.141335 -0.021189
v 0.043845 0.141922 -0.020691
v 0.055501 0.142670 -0.019742
v 0.024521 0.140150 -0.021825
v 0.037515 0.140887 -0.021479
v 0.039070 0.139873 -0.021920
v 0.028519 0.142293 -0.020279
v 0.016529 0.142651 -0.019773
v 0.020195 0.143140 -0.018734
v 0.037515 0.143400 -0.017142
v 0.020195 0.143140 -0.018734
v 0.010540 0.143400 -0.017142
v -0.016454 0.141166 -0.021307
v -0.002471 0.140465 -0.021695
v -0.016462 0.140297 -0.021768
v 0.072153 0.142911 -0.019297
v 0.069494 0.141919 -0.020694
v 0.065236 0.142352 -0.020204
v 0.010518 0.138377 -0.022141
v 0.024521 0.140150 -0.021825
v 0.037515 0.138377 -0.022141
v 0.064512 0.138377 -0.022141
v 0.037515 0.138377 -0.022141
v 0.042179 0.140260 -0.021783
v 0.001857 0.139683 -0.021974
v 0.010518 0.138377 -0.022141
v -0.016479 0.138377 -0.022141
v 0.064490 0.143400 -0.017142
v 0.091465 0.143400 -0.017142
v 0.076036 0.143345 -0.017882
v 0.075169 0.139986 -0.021883
v 0.091509 0.138377 -0.022141
v 0.064512 0.138377 -0.022141
v 0.075169 0.139986 -0.021883
v 0.091500 0.139355 -0.022049
v 0.091509 0.138377 -0.022141
v 0.075169 0.139986 -0.021883
v 0.091492 0.140297 -0.021768
v 0.091500 0.139355 -0.022049
v 0.075169 0.139986 -0.021883
v 0.079600 0.141785 -0.020822
v 0.091492 0.140297 -0.021768
v 0.076036 0.143345 -0.017882
v 0.091465 0.143400 -0.017142
v 0.083290 0.143299 -0.018143
v 0.042179 0.140260 -0.021783
v 0.061508 0.140059 -0.021858
v 0.064512 0.138377 -0.022141
v 0.079600 0.141785 -0.020822
v 0.082368 0.142888 -0.019346
v 0.091478 0.141927 -0.020685
v 0.017526 0.141613 -0.020972
v 0.028519 0.142293 -0.020279
v 0.025521 0.140759 -0.021550
v 0.082368 0.142888 -0.019346
v 0.091472 0.142552 -0.019927
v 0.091478 0.141927 -0.020685
v -0.016435 0.143400 -0.017142
v 0.010540 0.143400 -0.017142
v -0.001451 0.143341 -0.017904
v -0.016436 0.143303 -0.018120
v -0.016435 0.143400 -0.017142
v -0.001451 0.143341 -0.017904
v -0.016438 0.143017 -0.019060
v -0.016436 0.143303 -0.018120
v -0.001451 0.143341 -0.017904
v -0.016442 0.142552 -0.019927
v -0.016438 0.143017 -0.019060
v 0.001543 0.142881 -0.019359
v -0.001464 0.141604 -0.020980
v -0.016442 0.142552 -0.019927
v 0.001543 0.142881 -0.019359
v -0.001464 0.141604 -0.020980
v -0.016448 0.141927 -0.020685
v -0.016442 0.142552 -0.019927
v -0.001464 0.141604 -0.020980
v -0.016454 0.141166 -0.021307
v -0.016448 0.141927 -0.020685
v 0.010528 0.141166 -0.021307
v 0.012857 0.140468 -0.021694
v 0.001857 0.139683 -0.021974
v -0.002471 0.140465 -0.021695
v -0.016470 0.139355 -0.022049
v -0.016462 0.140297 -0.021768
v 0.091748 0.110929 -0.023680
v -0.016725 0.110147 -0.024838
v -0.016718 0.110929 -0.023680
v 0.091748 0.110929 -0.023680
v -0.016718 0.110929 -0.023680
v -0.016709 0.112001 -0.022784
v 0.091728 0.113279 -0.022219
v 0.091739 0.112001 -0.022784
v -0.016698 0.113279 -0.022219
v 0.091739 0.112001 -0.022784
v -0.016709 0.112001 -0.022784
v -0.016698 0.113279 -0.022219
v 0.091728 0.113279 -0.022219
v -0.016686 0.114664 -0.022031
v 0.091716 0.114664 -0.022031
v -0.016698 0.113279 -0.022219
v -0.016686 0.114664 -0.022031
v 0.091728 0.113279 -0.022219
v 0.091748 0.110929 -0.023680
v 0.091755 0.110147 -0.024838
v -0.016725 0.110147 -0.024838
v 0.091739 0.112001 -0.022784
v 0.091748 0.110929 -0.023680
v -0.016709 0.112001 -0.022784
v 0.046695 0.000100 -0.017564
v 0.047285 0.000100 -0.020530
v 0.047136 0.000100 -0.019018
v 0.045979 0.000100 -0.016224
v 0.047285 0.000100 -0.020530
v 0.046695 0.000100 -0.017564
v 0.045015 0.000100 -0.015050
v 0.047285 0.000100 -0.020530
v 0.045979 0.000100 -0.016224
v 0.043841 0.000100 -0.014086
v 0.047285 0.000100 -0.020530
v 0.045015 0.000100 -0.015050
v 0.042501 0.000100 -0.013370
v 0.041047 0.000100 -0.012929
v 0.047285 0.000100 -0.020530
v 0.042501 0.000100 -0.013370
v 0.047285 0.000100 -0.020530
v 0.043841 0.000100 -0.014086
v 0.041047 0.000100 -0.012929
v 0.039535 0.000100 -0.012780
v 0.047285 0.000100 -0.020530
v 0.039535 0.000100 -0.012780
v 0.038023 0.000100 -0.012929
v 0.047285 0.000100 -0.020530
v 0.047285 0.000100 -0.020530
v 0.038023 0.000100 -0.012929
v 0.036569 0.000100 -0.013370
v 0.047285 0.000100 -0.020530
v 0.036569 0.000100 -0.013370
v 0.035229 0.000100 -0.014086
v 0.047285 0.000100 -0.020530
v 0.035229 0.000100 -0.014086
v 0.034055 0.000100 -0.015050
v 0.032375 0.000100 -0.017564
v 0.047285 0.000100 -0.020530
v 0.033091 0.000100 -0.016224
v 0.047285 0.000100 -0.020530
v 0.034055 0.000100 -0.015050
v 0.033091 0.000100 -0.016224
v 0.031934 0.000100 -0.019018
v 0.031785 0.000100 -0.020530
v 0.047285 0.000100 -0.020530
v 0.031785 0.000100 -0.020530
v 0.031934 0.000100 -0.022042
v 0.047285 0.000100 -0.020530
v 0.047285 0.000100 -0.020530
v 0.031934 0.000100 -0.022042
v 0.032375 0.000100 -0.023496
v 0.047285 0.000100 -0.020530
v 0.032375 0.000100 -0.023496
v 0.033091 0.000100 -0.024836
v 0.047285 0.000100 -0.020530
v 0.033091 0.000100 -0.024836
v 0.034055 0.000100 -0.026010
v 0.036569 0.000100 -0.027690
v 0.047285 0.000100 -0.020530
v 0.035229 0.000100 -0.026974
v 0.047285 0.000100 -0.020530
v 0.034055 0.000100 -0.026010
v 0.035229 0.000100 -0.026974
v 0.038023 0.000100 -0.028131
v 0.047285 0.000100 -0.020530
v 0.036569 0.000100 -0.027690
v 0.039535 0.000100 -0.028280
v 0.047285 0.000100 -0.020530
v 0.038023 0.000100 -0.028131
v 0.039535 0.000100 -0.028280
v 0.041047 0.000100 -0.028131
v 0.047285 0.000100 -0.020530
v 0.041047 0.000100 -0.028131
v 0.042501 0.000100 -0.027690
v 0.047285 0.000100 -0.020530
v 0.042501 0.000100 -0.027690
v 0.043841 0.000100 -0.026974
v 0.047285 0.000100 -0.020530
v 0.047285 0.000100 -0.020530
v 0.045015 0.000100 -0.026010
v 0.045979 0.000100 -0.024836
v 0.043841 0.000100 -0.026974
v 0.045015 0.000100 -0.026010
v 0.047285 0.000100 -0.020530
v 0.047285 0.000100 -0.020530
v 0.045979 0.000100 -0.024836
v 0.046695 0.000100 -0.023496
v 0.047285 0.000100 -0.020530
v 0.046695 0.000100 -0.023496
v 0.047136 0.000100 -0.022042
v 0.031934 0.000100 -0.019018
v 0.047285 0.000100 -0.020530
v 0.032375 0.000100 -0.017564
v 0.019010 0.000100 -0.015327
v 0.019955 0.000100 -0.020080
v 0.019716 0.000100 -0.017657
v 0.017862 0.000100 -0.013180
v 0.019955 0.000100 -0.020080
v 0.019010 0.000100 -0.015327
v 0.016317 0.000100 -0.011298
v 0.019955 0.000100 -0.020080
v 0.017862 0.000100 -0.013180
v 0.014435 0.000100 -0.009753
v 0.019955 0.000100 -0.020080
v 0.016317 0.000100 -0.011298
v 0.012288 0.000100 -0.008605
v 0.009958 0.000100 -0.007899
v 0.019955 0.000100 -0.020080
v 0.012288 0.000100 -0.008605
v 0.019955 0.000100 -0.020080
v 0.014435 0.000100 -0.009753
v 0.009958 0.000100 -0.007899
v 0.007535 0.000100 -0.007660
v 0.019955 0.000100 -0.020080
v 0.007535 0.000100 -0.007660
v 0.005112 0.000100 -0.007899
v 0.019955 0.000100 -0.020080
v 0.019955 0.000100 -0.020080
v 0.005112 0.000100 -0.007899
v 0.002782 0.000100 -0.008605
v 0.019955 0.000100 -0.020080
v 0.002782 0.000100 -0.008605
v 0.000635 0.000100 -0.009753
v 0.019955 0.000100 -0.020080
v 0.000635 0.000100 -0.009753
v -0.001247 0.000100 -0.011298
v -0.003940 0.000100 -0.015327
v 0.019955 0.000100 -0.020080
v -0.002792 0.000100 -0.013180
v 0.019955 0.000100 -0.020080
v -0.001247 0.000100 -0.011298
v -0.002792 0.000100 -0.013180
v -0.004646 0.000100 -0.017657
v -0.004885 0.000100 -0.020080
v 0.019955 0.000100 -0.020080
v -0.004885 0.000100 -0.020080
v -0.004646 0.000100 -0.022503
v 0.019955 0.000100 -0.020080
v 0.019955 0.000100 -0.020080
v -0.004646 0.000100 -0.022503
v -0.003940 0.000100 -0.024833
v 0.019955 0.000100 -0.020080
v -0.003940 0.000100 -0.024833
v -0.002792 0.000100 -0.026980
v 0.019955 0.000100 -0.020080
v -0.002792 0.000100 -0.026980
v -0.001247 0.000100 -0.028862
v 0.002782 0.000100 -0.031555
v 0.019955 0.000100 -0.020080
v 0.000635 0.000100 -0.030407
v 0.019955 0.000100 -0.020080
v -0.001247 0.000100 -0.028862
v 0.000635 0.000100 -0.030407
v 0.005112 0.000100 -0.032261
v 0.019955 0.000100 -0.020080
v 0.002782 0.000100 -0.031555
v 0.007535 0.000100 -0.032500
v 0.019955 0.000100 -0.020080
v 0.005112 0.000100 -0.032261
v 0.007535 0.000100 -0.032500
v 0.009958 0.000100 -0.032261
v 0.019955 0.000100 -0.020080
v 0.009958 0.000100 -0.032261
v 0.012288 0.000100 -0.031555
v 0.019955 0.000100 -0.020080
v 0.012288 0.000100 -0.031555
v 0.014435 0.000100 -0.030407
v 0.019955 0.000100 -0.020080
v 0.019955 0.000100 -0.020080
v 0.016317 0.000100 -0.028862
v 0.017862 0.000100 -0.026980
v 0.014435 0.000100 -0.030407
v 0.016317 0.000100 -0.028862
v 0.019955 0.000100 -0.020080
v 0.019955 0.000100 -0.020080
v 0.017862 0.000100 -0.026980
v 0.019010 0.000100 -0.024833
v 0.019955 0.000100 -0.020080
v 0.019010 0.000100 -0.024833
v 0.019716 0.000100 -0.022503
v -0.004646 0.000100 -0.017657
v 0.019955 0.000100 -0.020080
v -0.003940 0.000100 -0.015327
vn -0.9808 -0.0000 0.1951
vn -1.0000 -0.0000 -0.0000
vn -0.9239 -0.0000 0.3827
vn -0.8315 -0.0000 0.5556
vn -0.7071 -0.0000 0.7071
vn -0.5556 -0.0000 0.8315
vn -0.3827 -0.0000 0.9239
vn -0.1951 -0.0000 0.9808
vn -0.0000 -0.0000 1.0000
vn 0.1951 -0.0000 0.9808
vn 0.3827 -0.0000 0.9239
vn 0.5556 -0.0000 0.8315
vn 0.7071 -0.0000 0.7071
vn 0.8315 -0.0000 0.5556
vn 0.9239 -0.0000 0.3827
vn 0.9808 -0.0000 0.1951
vn 1.0000 -0.0000 -0.0000
vn 0.9808 -0.0000 -0.1951
vn 0.9239 -0.0000 -0.3827
vn 0.8315 -0.0000 -0.5556
vn 0.7071 -0.0000 -0.7071
vn 0.5556 -0.0000 -0.8315
vn 0.3827 -0.0000 -0.9239
vn 0.1951 -0.0000 -0.9808
vn -0.0000 -0.0000 -1.0000
vn -0.1951 -0.0000 -0.9808
vn -0.3827 -0.0000 -0.9239
vn -0.5556 -0.0000 -0.8315
vn -0.7071 -0.0000 -0.7071
vn -0.8315 -0.0000 -0.5556
vn -0.9239 -0.0000 -0.3827
vn -0.9808 -0.0000 -0.1951
vn 0.0081 -0.9238 0.3827
vn 0.0062 -0.7071 0.7071
vn 0.0033 -0.3827 0.9239
vn -0.0033 0.3827 0.9239
vn -0.0062 0.7071 0.7071
vn -0.0087 1.0000 -0.0000
vn -0.0081 0.9238 0.3827
vn -0.0081 0.9238 -0.3827
vn -0.0062 0.7071 -0.7071
vn -0.0033 0.3827 -0.9239
vn 0.0033 -0.3827 -0.9239
vn 0.0062 -0.7071 -0.7071
vn 0.0081 -0.9238 -0.3827
vn 0.0087 -1.0000 -0.0000
vn 0.8530 0.4833 -0.1971
vn 0.8540 0.3716 -0.3642
vn 0.8554 0.2045 -0.4758
vn 0.8554 0.2046 0.4759
vn 0.8613 -0.4683 -0.1971
vn 0.8540 0.3717 -0.3642
vn 0.8603 -0.3567 -0.3642
vn 0.8609 -0.4207 -0.2861
vn 0.8589 -0.1896 -0.4758
vn 0.8596 -0.2786 -0.4282
vn 0.8572 0.0074 -0.5150
vn 0.8554 0.2045 -0.4759
vn 0.8571 0.0075 -0.5150
vn 0.8554 0.2046 -0.4758
vn 0.8530 0.4833 0.1971
vn 0.8526 0.5225 -0.0000
vn 0.8540 0.3716 0.3642
vn 0.8554 0.2046 0.4758
vn 0.8554 0.2045 0.4758
vn 0.8571 0.0075 0.5150
vn 0.8563 0.1080 0.5052
vn 0.8589 -0.1896 0.4758
vn 0.8580 -0.0930 0.5051
vn 0.8603 -0.3567 0.3642
vn 0.8596 -0.2786 0.4282
vn 0.8613 -0.4683 0.1971
vn 0.8609 -0.4208 0.2861
vn 0.8613 -0.4684 0.1971
vn 0.8616 -0.5075 -0.0000
vn 0.8615 -0.4977 0.1005
vn 0.8613 -0.4684 -0.1971
vn 0.8615 -0.4977 -0.1005
vn 0.8540 0.3717 0.3641
vn 0.8596 -0.2787 -0.4283
vn 0.8562 0.1080 0.5052
vn 0.8571 0.0074 0.5150
vn 0.8580 -0.0930 0.5052
vn 0.8596 -0.2787 0.4282
vn 0.8609 -0.4208 0.2862
vn 0.8540 0.3717 0.3642
vn 0.0081 0.9238 0.3827
vn 0.0062 0.7071 0.7071
vn 0.0033 0.3827 0.9239
vn -0.0033 -0.3827 0.9239
vn -0.0062 -0.7071 0.7071
vn -0.0087 -1.0000 -0.0000
vn -0.0081 -0.9238 0.3827
vn -0.0081 -0.9238 -0.3827
vn -0.0062 -0.7071 -0.7071
vn -0.0033 -0.3827 -0.9239
vn 0.0033 0.3827 -0.9239
vn 0.0062 0.7071 -0.7071
vn 0.0081 0.9238 -0.3827
vn 0.0087 1.0000 -0.0000
vn -0.8613 -0.4683 -0.1971
vn -0.8603 -0.3567 -0.3642
vn -0.8589 -0.1896 -0.4758
vn -0.8589 -0.1896 0.4758
vn -0.8530 0.4832 -0.1971
vn -0.8530 0.4833 -0.1971
vn -0.8540 0.3717 -0.3642
vn -0.8534 0.4357 -0.2861
vn -0.8540 0.3716 -0.3642
vn -0.8554 0.2046 -0.4758
vn -0.8546 0.2936 -0.4283
vn -0.8554 0.2045 -0.4758
vn -0.8571 0.0075 -0.5150
vn -0.8588 -0.1896 -0.4759
vn -0.8571 0.0074 -0.5150
vn -0.8613 -0.4684 0.1971
vn -0.8616 -0.5075 -0.0000
vn -0.8603 -0.3567 0.3642
vn -0.8613 -0.4683 -0.1972
vn -0.8588 -0.1896 0.4759
vn -0.8571 0.0074 0.5150
vn -0.8580 -0.0930 0.5051
vn -0.8571 0.0075 0.5150
vn -0.8554 0.2045 0.4758
vn -0.8563 0.1080 0.5051
vn -0.8554 0.2046 0.4758
vn -0.8540 0.3716 0.3642
vn -0.8546 0.2936 0.4283
vn -0.8540 0.3717 0.3642
vn -0.8530 0.4833 0.1971
vn -0.8534 0.4357 0.2862
vn -0.8526 0.5225 -0.0000
vn -0.8527 0.5126 0.1005
vn -0.8527 0.5126 -0.1005
vn -0.8613 -0.4683 0.1971
vn -0.8546 0.2936 -0.4282
vn -0.8580 -0.0930 0.5052
vn -0.8534 0.4357 0.2861
vn -0.0000 0.0087 -1.0000
vn -0.0001 0.0087 -1.0000
vn -0.0280 0.0087 -0.9996
vn -0.1551 0.0087 -0.9879
vn -0.1187 0.0087 -0.9929
vn -0.2192 0.0087 -0.9756
vn -0.2618 0.0087 -0.9651
vn -0.3342 0.0088 -0.9425
vn -0.3810 0.0087 -0.9245
vn -0.4473 0.0087 -0.8944
vn -0.4894 0.0087 -0.8720
vn -0.5446 0.0087 -0.8386
vn -0.5823 0.0087 -0.8129
vn -0.6275 0.0087 -0.7786
vn -0.6616 0.0087 -0.7498
vn -0.7301 0.0087 -0.6833
vn -0.7599 0.0087 -0.6500
vn -0.8367 0.0087 -0.5477
vn -0.8550 0.0087 -0.5185
vn -0.9101 0.0087 -0.4144
vn -0.9211 0.0087 -0.3892
vn -0.9585 0.0087 -0.2851
vn -0.9644 0.0087 -0.2643
vn -0.9863 0.0087 -0.1645
vn -0.9890 0.0087 -0.1478
vn -0.9985 0.0087 -0.0535
vn -0.9992 0.0087 -0.0399
vn 0.0001 0.0087 -1.0000
vn -0.0000 0.0087 1.0000
vn -0.0751 0.0087 0.9971
vn -0.0761 0.0087 0.9971
vn -0.2068 0.0087 0.9783
vn -0.2095 0.0087 0.9778
vn -0.3642 0.0087 0.9313
vn -0.3684 0.0087 0.9296
vn -0.5157 0.0089 0.8567
vn -0.5208 0.0087 0.8537
vn -0.5927 0.0087 0.8053
vn -0.5978 0.0087 0.8016
vn -0.6712 0.0087 0.7412
vn -0.6757 0.0087 0.7371
vn -0.7488 0.0087 0.6628
vn -0.7525 0.0087 0.6586
vn -0.8224 0.0087 0.5689
vn -0.8253 0.0087 0.5646
vn -0.8907 0.0087 0.4544
vn -0.8932 0.0087 0.4495
vn -0.9484 0.0087 0.3169
vn -0.9505 0.0087 0.3106
vn -0.9893 0.0087 0.1456
vn -0.9880 0.0087 0.1545
vn -0.9981 0.0087 0.0613
vn -0.9987 0.0087 0.0503
vn 0.9577 0.0096 -0.2877
vn 0.9087 0.0096 -0.4174
vn 0.9587 0.0096 -0.2842
vn 0.9567 0.0096 -0.2910
vn 0.9207 0.0096 -0.3903
vn 0.8803 0.0096 -0.4743
vn 0.8403 0.0096 -0.5420
vn 0.8012 0.0096 -0.5983
vn 0.7539 0.0096 -0.6569
vn 0.7164 0.0092 -0.6977
vn 0.6492 0.0096 -0.7606
vn 0.4950 0.0096 -0.8688
vn 0.5189 0.0096 -0.8548
vn 0.6190 0.0096 -0.7854
vn -0.0000 0.0096 -1.0000
vn 0.1095 0.0096 -0.9939
vn 0.1192 0.0096 -0.9928
vn 0.1981 0.0096 -0.9801
vn 0.2162 0.0096 -0.9763
vn 0.3028 0.0096 -0.9530
vn 0.3283 0.0096 -0.9445
vn 0.4080 0.0096 -0.9129
vn 0.4318 0.0096 -0.9019
vn 0.9572 0.0096 -0.2894
vn -0.0000 0.0100 -1.0000
vn -0.1095 0.0096 -0.9939
vn -0.1641 0.0096 -0.9864
vn -0.1981 0.0096 -0.9801
vn -0.2653 0.0096 -0.9641
vn -0.3027 0.0096 -0.9530
vn -0.4080 0.0096 -0.9129
vn -0.3708 0.0096 -0.9286
vn -0.4950 0.0096 -0.8689
vn -0.9206 0.0096 -0.3904
vn -0.9095 0.0096 -0.4155
vn -0.8426 0.0096 -0.5385
vn -0.9567 0.0096 -0.2910
vn -0.8803 0.0096 -0.4744
vn -0.7584 0.0096 -0.6517
vn -0.8012 0.0096 -0.5983
vn -0.6568 0.0096 -0.7540
vn -0.7165 0.0096 -0.6976
vn -0.5384 0.0096 -0.8427
vn -0.6189 0.0096 -0.7854
vn -0.9572 0.0096 -0.2894
vn -0.9587 0.0096 -0.2842
vn -0.9577 0.0096 -0.2877
vn -0.0000 1.0000 -0.0000
vn -0.0000 -1.0000 -0.0000
vn 0.0280 0.0087 0.9996
vn 0.2192 0.0087 0.9756
vn 0.1188 0.0087 0.9929
vn 0.1551 0.0087 0.9879
vn 0.2617 0.0087 0.9651
vn 0.3340 0.0087 0.9425
vn 0.3810 0.0087 0.9245
vn 0.4472 0.0087 0.8944
vn 0.4894 0.0087 0.8720
vn 0.5446 0.0087 0.8386
vn 0.5825 0.0087 0.8128
vn 0.6618 0.0087 0.7496
vn 0.6278 0.0087 0.7783
vn 0.5447 0.0087 0.8386
vn 0.7598 0.0087 0.6500
vn 0.7301 0.0087 0.6833
vn 0.8368 0.0087 0.5475
vn 0.7598 0.0087 0.6501
vn 0.8553 0.0087 0.5181
vn 0.7599 0.0087 0.6500
vn 0.9101 0.0087 0.4143
vn 0.9585 0.0087 0.2851
vn 0.9211 0.0087 0.3891
vn 0.9211 0.0087 0.3892
vn 0.9584 0.0087 0.2851
vn 0.9644 0.0087 0.2643
vn 0.9864 0.0087 0.1643
vn 0.8932 0.0087 -0.4495
vn 0.8907 0.0087 -0.4544
vn 0.9483 0.0087 -0.3171
vn 0.9504 0.0087 -0.3110
vn 0.9483 0.0087 -0.3172
vn 0.5154 0.0087 -0.8569
vn 0.3685 0.0087 -0.9296
vn 0.3643 0.0087 -0.9313
vn 0.5205 0.0087 -0.8538
vn 0.0751 0.0087 -0.9971
vn 0.0761 0.0087 -0.9971
vn 0.2069 0.0087 -0.9783
vn 0.2096 0.0087 -0.9778
vn 0.2070 0.0087 -0.9783
vn 0.3642 0.0087 -0.9313
vn 0.2096 0.0087 -0.9777
vn 0.2097 0.0087 -0.9777
vn 0.3684 0.0087 -0.9296
vn 0.5206 0.0087 -0.8538
vn 0.5155 0.0087 -0.8569
vn 0.5927 0.0087 -0.8054
vn 0.5978 0.0087 -0.8016
vn 0.6711 0.0087 -0.7413
vn 0.6757 0.0087 -0.7371
vn 0.6712 0.0087 -0.7413
vn 0.7486 0.0087 -0.6630
vn 0.6758 0.0087 -0.7371
vn 0.7523 0.0087 -0.6588
vn 0.7486 0.0087 -0.6629
vn 0.8223 0.0087 -0.5691
vn 0.8252 0.0087 -0.5648
vn 0.8222 0.0087 -0.5691
vn 0.8907 0.0087 -0.4545
vn 0.8252 0.0087 -0.5647
vn 0.8223 0.0087 -0.5690
vn 0.9880 0.0087 -0.1545
vn 0.9879 0.0087 -0.1545
vn 0.9893 0.0087 -0.1456
vn 0.9981 0.0087 -0.0613
vn 0.9987 0.0087 -0.0503
vn 0.9893 0.0087 -0.1455
vn 0.9992 0.0087 0.0398
vn 0.9987 0.0087 -0.0502
vn 0.9985 0.0087 0.0533
vn 0.9890 0.0087 0.1475
vn 0.9985 0.0087 0.0534
vn -0.0002 1.0000 -0.0000
vn 0.0001 1.0000 -0.0000
vn -0.0005 1.0000 -0.0000
vn -0.8845 0.0096 0.4664
vn -0.8802 0.0096 0.4744
vn -0.8012 0.0096 0.5984
vn -0.9596 0.0096 0.2813
vn -0.9206 0.0096 0.3904
vn -0.7752 0.0096 0.6316
vn -0.8012 0.0096 0.5983
vn -0.7165 0.0096 0.6976
vn -0.7080 0.0096 0.7062
vn -0.7164 0.0096 0.6976
vn -0.6189 0.0096 0.7854
vn -0.6336 0.0096 0.7736
vn -0.3027 0.0096 0.9530
vn -0.2853 0.0096 0.9584
vn -0.4080 0.0096 0.9129
vn -0.4949 0.0096 0.8689
vn -0.4673 0.0096 0.8840
vn -0.5533 0.0096 0.8329
vn -0.4950 0.0096 0.8689
vn -0.1273 0.0096 0.9918
vn -0.1095 0.0096 0.9939
vn -0.0000 0.0096 1.0000
vn 0.0918 0.0096 0.9957
vn 0.1078 0.0096 0.9941
vn 0.3169 0.0096 0.9484
vn 0.4118 0.0096 0.9112
vn 0.2856 0.0096 0.9583
vn 0.2134 0.0096 0.9769
vn 0.8874 0.0096 0.4608
vn 0.9567 0.0096 0.2910
vn 0.9574 0.0096 0.2887
vn 0.8847 0.0096 0.4661
vn 0.9596 0.0096 0.2813
vn 0.8846 0.0096 0.4662
vn 0.8145 0.0096 0.5801
vn 0.8874 0.0096 0.4609
vn 0.7756 0.0096 0.6311
vn 0.8145 0.0096 0.5800
vn 0.7756 0.0096 0.6312
vn 0.7399 0.0096 0.6726
vn 0.6348 0.0096 0.7726
vn 0.6540 0.0096 0.7565
vn 0.5562 0.0096 0.8310
vn 0.6539 0.0096 0.7565
vn 0.4703 0.0096 0.8825
vn 0.4702 0.0096 0.8825
vn 0.4119 0.0096 0.9112
vn -0.1981 0.0096 0.9801
vn -0.1274 0.0096 0.9918
vn -0.6335 0.0096 0.7736
vn -0.7165 0.0096 0.6975
vn -0.8803 0.0096 0.4744
vn -0.9588 0.0096 0.2839
vn 0.9581 0.0096 0.2863
vn 0.9588 0.0096 0.2838
vn -0.9581 0.0096 0.2863
vn -0.9574 0.0096 0.2887
vn -0.9588 0.0096 0.2838
vn -0.9574 0.0096 0.2888
vn -0.9567 0.0096 0.2910
vn 1.0000 0.0087 -0.0000
vn 0.9574 0.0096 0.2886
vn 0.9577 0.0096 -0.2876
vn 1.0000 0.0088 -0.0001
vn 0.9572 0.0096 -0.2893
vn 1.0000 0.0087 0.0001
vn 0.9581 0.0095 0.2863
vn 1.0000 0.0087 -0.0001
vn 0.9581 0.0095 0.2862
vn -1.0000 0.0087 -0.0000
vn -0.9572 0.0096 -0.2893
vn -1.0000 0.0087 -0.0001
vn -0.9581 0.0095 0.2863
vn -1.0000 0.0088 -0.0000
vn -0.9572 0.0095 -0.2893
vn -1.0000 0.0087 0.0001
vn -0.9574 0.0095 0.2887
vn 0.9239 -0.0000 -0.3826
vn 0.3826 -0.0000 -0.9239
vn 0.3826 -0.0000 0.9239
vn 0.9239 -0.0000 0.3826
vn -1.0000 -0.0000 0.0001
vn -0.9239 -0.0000 0.3826
vn -0.3826 -0.0000 0.9239
vn -0.3826 -0.0000 -0.9239
vn -0.9239 -0.0000 -0.3826
vn -1.0000 -0.0000 -0.0001
vn -0.0001 1.0000 -0.0000
vn 1.0000 -0.0000 0.0001
vn -0.0001 -0.0000 1.0000
vn 0.0002 1.0000 -0.0000
vn -0.7071 -0.0000 0.7072
vn -0.0000 -0.0047 -1.0000
vn -0.0000 -0.0046 -1.0000
vn 0.0002 0.8987 -0.4385
vn -0.0000 0.8987 -0.4386
vn -0.0002 0.8987 -0.4386
vn -0.0000 0.9653 -0.2611
vn -0.0000 0.9307 -0.3657
vn -0.0000 0.9138 -0.4061
vn -0.0000 0.4246 -0.9054
vn -0.0000 0.6427 -0.7661
vn -0.0000 0.4718 -0.8817
vn -0.0000 0.2568 -0.9665
vn -0.0000 0.4136 -0.9104
vn -0.0000 0.9667 -0.2560
vn -0.0000 0.9890 -0.1480
vn -0.0000 0.9457 -0.3249
vn -0.0000 0.5531 -0.8331
vn -0.0000 0.2566 -0.9665
vn -0.0000 0.4129 -0.9108
vn -0.0000 0.6408 -0.7677
vn -0.0000 0.9797 -0.2004
vn -0.0000 0.8976 -0.4409
vn -0.0000 0.9807 -0.1957
vn -0.0000 0.7577 -0.6526
vn -0.0000 0.8287 -0.5597
vn -0.0000 0.8502 -0.5264
vn -0.0000 0.2680 -0.9634
vn -0.0000 0.3318 -0.9434
vn -0.0000 0.4622 -0.8868
vn -0.0000 0.3172 -0.9484
vn -0.0000 0.7191 -0.6949
vn -0.0000 0.8385 -0.5448
vn -0.0000 0.7043 -0.7099
vn -0.0000 0.7786 -0.6275
vn -0.0000 0.7367 -0.6762
vn -0.0000 0.5775 -0.8164
vn -0.0000 0.7037 -0.7105
vn -0.0000 0.6769 -0.7360
vn -0.0000 0.8976 -0.4408
vn -0.0000 0.9234 -0.3838
vn -0.0000 0.8305 -0.5570
vn -0.0000 0.9023 -0.4311
vn -0.0000 0.9234 -0.3837
vn -0.0000 0.6550 -0.7557
vn -0.0000 0.9883 -0.1526
vn -0.0000 0.8963 -0.4435
vn -0.0000 0.9434 -0.3316
vn -0.0000 0.2945 -0.9556
vn -0.0000 0.4973 -0.8676
vn -0.0000 0.3719 -0.9283
vn -0.0000 0.3500 -0.9367
vn -0.0000 0.7905 -0.6125
vn -0.0000 0.8541 -0.5202
vn -0.0000 0.9479 -0.3185
vn -0.0000 0.5871 -0.8095
vn -0.0000 0.1911 -0.9816
vn -0.0000 0.7054 -0.7088
vn -0.0000 0.5532 -0.8331
vn -0.0000 0.3795 -0.9252
vn -0.0000 0.4130 -0.9108
vn -0.0000 0.3171 -0.9484
vn -0.0000 0.1910 -0.9816
vn -0.0000 0.3794 -0.9252
vn -0.0000 0.7055 -0.7087
vn -0.0000 0.7055 -0.7088
vn -0.0000 0.9807 -0.1956
vn -0.0000 0.9235 -0.3837
vn -0.0000 0.7423 -0.6701
vn 0.0007 0.8987 -0.4386
vn -0.0000 0.7422 -0.6701
vn 0.0009 0.7422 -0.6701
vn -0.0000 0.5279 -0.8493
vn 0.0011 0.2722 -0.9622
vn -0.0000 0.5278 -0.8493
vn -0.0000 0.2722 -0.9622
vn 0.0011 0.5278 -0.8493
vn -0.0000 0.2722 -0.9623
vn 0.0012 -0.0047 -1.0000
vn 0.0012 0.2722 -0.9622
vn 0.0007 0.7423 -0.6701
vn 0.0009 0.5279 -0.8493
vt 0.000100 0.022503
vt 0.000000 0.022503
vt 0.000100 0.020080
vt 0.000100 0.024833
vt 0.000000 0.024833
vt 0.000100 0.026980
vt 0.000000 0.026980
vt 0.000100 0.028862
vt 0.000000 0.028862
vt 0.014435 0.000100
vt 0.014435 0.000000
vt 0.016317 0.000000
vt 0.012288 0.000100
vt 0.012288 0.000000
vt 0.009958 0.000100
vt 0.009958 0.000000
vt 0.007535 0.000100
vt 0.007535 0.000000
vt 0.005112 0.000100
vt 0.005112 0.000000
vt 0.002782 0.000100
vt 0.002782 0.000000
vt 0.000635 0.000100
vt 0.000635 0.000000
vt -0.001247 0.000100
vt -0.001247 0.000000
vt -0.000100 0.026980
vt -0.000100 0.024833
vt -0.000100 0.022503
vt -0.000100 0.020080
vt -0.000000 0.020080
vt -0.000100 0.017657
vt -0.000100 0.015327
vt -0.000000 0.017657
vt -0.000100 0.013180
vt -0.000000 0.015327
vt -0.000100 0.011298
vt -0.000000 0.013180
vt 0.001247 0.000100
vt -0.000635 0.000100
vt 0.001247 0.000000
vt -0.002782 0.000100
vt -0.000635 0.000000
vt -0.005112 0.000100
vt -0.002782 0.000000
vt -0.007535 0.000100
vt -0.005112 0.000000
vt -0.009958 0.000100
vt -0.007535 0.000000
vt -0.012288 0.000100
vt -0.009958 0.000000
vt -0.014435 0.000100
vt -0.012288 0.000000
vt -0.016317 0.000100
vt -0.014435 0.000000
vt 0.000100 0.011298
vt 0.000100 0.013180
vt 0.000000 0.011298
vt 0.000100 0.015327
vt 0.000100 0.017657
vt -0.016317 0.000000
vt -0.000100 0.028862
vt 0.016317 0.000100
vt 0.000100 0.022042
vt 0.000000 0.022042
vt 0.000100 0.020530
vt 0.000100 0.023496
vt 0.000000 0.023496
vt 0.000100 0.024836
vt 0.000000 0.024836
vt 0.000100 0.026010
vt 0.000000 0.026010
vt 0.043841 0.000100
vt 0.043841 0.000000
vt 0.045015 0.000000
vt 0.042501 0.000100
vt 0.042501 0.000000
vt 0.041047 0.000100
vt 0.041047 0.000000
vt 0.039535 0.000100
vt 0.039535 0.000000
vt 0.038023 0.000100
vt 0.038023 0.000000
vt 0.036569 0.000100
vt 0.036569 0.000000
vt 0.035229 0.000100
vt 0.035229 0.000000
vt 0.034055 0.000100
vt 0.034055 0.000000
vt -0.000100 0.024836
vt -0.000100 0.023496
vt -0.000100 0.022042
vt -0.000100 0.020530
vt -0.000000 0.020530
vt -0.000100 0.019018
vt -0.000100 0.017564
vt -0.000000 0.019018
vt -0.000100 0.016224
vt -0.000000 0.017564
vt -0.000100 0.015050
vt -0.000000 0.016224
vt -0.034055 0.000100
vt -0.035229 0.000100
vt -0.034055 0.000000
vt -0.036569 0.000100
vt -0.035229 0.000000
vt -0.038023 0.000100
vt -0.036569 0.000000
vt -0.039535 0.000100
vt -0.038023 0.000000
vt -0.041047 0.000100
vt -0.039535 0.000000
vt -0.042501 0.000100
vt -0.041047 0.000000
vt -0.043841 0.000100
vt -0.042501 0.000000
vt -0.045015 0.000100
vt -0.043841 0.000000
vt 0.000100 0.015050
vt 0.000100 0.016224
vt 0.000000 0.015050
vt 0.000100 0.017564
vt 0.000100 0.019018
vt -0.045015 0.000000
vt -0.000100 0.026010
vt 0.045015 0.000100
vt -0.133400 0.011768
vt -0.143400 0.011768
vt -0.133400 0.010581
vt -0.133400 0.012773
vt 0.066249 0.133400
vt 0.065243 0.143400
vt 0.065243 0.133400
vt 0.066249 0.143400
vt 0.067435 0.143400
vt 0.067435 0.133400
vt 0.068621 0.133400
vt 0.068621 0.143400
vt 0.069627 0.133400
vt 0.133400 0.010581
vt 0.143400 0.010581
vt 0.143400 0.011768
vt 0.133400 0.009395
vt 0.133400 0.008389
vt 0.143400 0.009395
vt 0.143400 0.008389
vt -0.068621 0.133400
vt -0.068621 0.143400
vt -0.069627 0.143400
vt -0.067435 0.133400
vt -0.067435 0.143400
vt -0.066249 0.133400
vt -0.065243 0.133400
vt -0.066249 0.143400
vt -0.065243 0.143400
vt -0.143400 0.009395
vt -0.133400 0.009395
vt -0.143400 0.008389
vt -0.133400 0.008389
vt -0.069627 0.133400
vt 0.133400 0.011768
vt 0.143400 0.012773
vt 0.133400 0.012773
vt 0.069627 0.143400
vt -0.143400 0.010581
vt -0.143400 0.012773
vt -0.080019 0.020422
vt -0.080021 0.020755
vt -0.091819 0.020422
vt 0.080021 0.102519
vt 0.080024 0.102186
vt 0.091821 0.102622
vt 0.091824 0.102289
vt 0.080028 0.101794
vt 0.091827 0.101897
vt 0.080031 0.101402
vt 0.080034 0.101069
vt 0.091831 0.101505
vt 0.091834 0.101172
vt 0.080037 0.020030
vt 0.091835 0.020422
vt 0.080036 0.020422
vt 0.080036 0.019638
vt 0.091835 0.019638
vt 0.091836 0.020030
vt 0.080034 0.019305
vt 0.091834 0.019305
vt -0.080031 0.101402
vt -0.091834 0.101172
vt -0.080034 0.101069
vt -0.080028 0.101794
vt -0.091831 0.101505
vt -0.080024 0.102186
vt -0.091827 0.101897
vt -0.091824 0.102289
vt -0.091821 0.102622
vt -0.080021 0.102519
vt -0.091819 0.019638
vt -0.080019 0.019638
vt -0.080019 0.020030
vt -0.091821 0.019305
vt -0.080021 0.019305
vt 0.091834 0.020755
vt 0.080034 0.020755
vt -0.091818 0.020030
vt -0.091821 0.020755
vt -0.101580 0.019943
vt -0.101789 0.020030
vt -0.101531 0.019399
vt -0.101402 0.020977
vt -0.101069 0.019305
vt -0.100847 0.019638
vt -0.102741 0.019638
vt -0.102519 0.019305
vt -0.102186 0.019083
vt -0.101794 0.019005
vt -0.101402 0.019083
vt -0.100847 0.020422
vt -0.100769 0.020030
vt -0.101069 0.020755
vt -0.101794 0.021055
vt -0.102186 0.020977
vt -0.102519 0.020755
vt -0.102741 0.020422
vt -0.102819 0.020030
vt -0.080456 0.020422
vt -0.080458 0.020755
vt -0.092255 0.020422
vt 0.080458 0.052521
vt 0.080461 0.052188
vt 0.092257 0.052624
vt 0.092260 0.052291
vt 0.080464 0.051796
vt 0.092264 0.051899
vt 0.080467 0.051404
vt 0.080470 0.051071
vt 0.092267 0.051507
vt 0.092270 0.051174
vt 0.080473 0.020030
vt 0.092272 0.020422
vt 0.080472 0.020422
vt 0.080472 0.019638
vt 0.092272 0.019638
vt 0.092272 0.020030
vt 0.080470 0.019305
vt 0.092270 0.019305
vt -0.080467 0.051404
vt -0.092270 0.051174
vt -0.080470 0.051071
vt -0.080464 0.051796
vt -0.092267 0.051507
vt -0.080461 0.052188
vt -0.092264 0.051899
vt -0.092260 0.052291
vt -0.092257 0.052624
vt -0.080458 0.052521
vt -0.092255 0.019638
vt -0.080456 0.019638
vt -0.080455 0.020030
vt -0.092257 0.019305
vt -0.080458 0.019305
vt 0.092270 0.020755
vt 0.080470 0.020755
vt -0.092255 0.020030
vt -0.092257 0.020755
vt -0.051582 0.019943
vt -0.051791 0.020030
vt -0.051533 0.019399
vt -0.051404 0.020977
vt -0.051071 0.019305
vt -0.050849 0.019638
vt -0.052743 0.019638
vt -0.052521 0.019305
vt -0.052188 0.019083
vt -0.051796 0.019005
vt -0.051404 0.019083
vt -0.050849 0.020422
vt -0.050771 0.020030
vt -0.051071 0.020755
vt -0.051796 0.021055
vt -0.052188 0.020977
vt -0.052521 0.020755
vt -0.052743 0.020422
vt -0.052821 0.020030
vt -0.007242 0.020422
vt -0.007240 0.020755
vt -0.017242 0.020422
vt -0.007240 0.051087
vt -0.007237 0.051420
vt -0.017240 0.051174
vt -0.017237 0.051507
vt -0.007234 0.051812
vt -0.017234 0.051899
vt -0.007230 0.052204
vt -0.007228 0.052537
vt -0.017230 0.052291
vt -0.017227 0.052624
vt 0.007225 0.020030
vt 0.017225 0.020030
vt 0.017225 0.020422
vt 0.007226 0.019638
vt 0.017225 0.019638
vt 0.007228 0.019305
vt 0.017227 0.019305
vt 0.007230 0.052204
vt 0.017230 0.052291
vt 0.017227 0.052624
vt 0.007234 0.051812
vt 0.007237 0.051420
vt 0.017234 0.051899
vt 0.017237 0.051507
vt 0.017240 0.051174
vt 0.007240 0.051087
vt -0.017242 0.019638
vt -0.007242 0.019638
vt -0.007243 0.020030
vt -0.017240 0.019305
vt -0.007240 0.019305
vt 0.007228 0.052537
vt 0.007226 0.020422
vt 0.017227 0.020755
vt 0.007228 0.020755
vt -0.017242 0.020030
vt -0.017240 0.020755
vt 0.052018 0.019943
vt 0.051806 0.020030
vt 0.052072 0.019399
vt 0.052204 0.020977
vt 0.052537 0.019305
vt 0.052759 0.019638
vt 0.050865 0.019638
vt 0.051087 0.019305
vt 0.051420 0.019083
vt 0.051812 0.019005
vt 0.052204 0.019083
vt 0.052759 0.020422
vt 0.052837 0.020030
vt 0.052537 0.020755
vt 0.051812 0.021055
vt 0.051420 0.020977
vt 0.051087 0.020755
vt 0.050865 0.020422
vt 0.050787 0.020030
vt -0.006806 0.020422
vt -0.006804 0.020755
vt -0.016805 0.020422
vt -0.006804 0.101085
vt -0.006801 0.101418
vt -0.016804 0.101172
vt -0.016801 0.101505
vt -0.006798 0.101810
vt -0.016797 0.101897
vt -0.006794 0.102202
vt -0.006791 0.102535
vt -0.016794 0.102289
vt -0.016791 0.102622
vt 0.006789 0.020030
vt 0.016788 0.020030
vt 0.016789 0.020422
vt 0.006789 0.019638
vt 0.016789 0.019638
vt 0.006791 0.019305
vt 0.016791 0.019305
vt 0.006794 0.102202
vt 0.016794 0.102289
vt 0.016791 0.102622
vt 0.006798 0.101810
vt 0.006801 0.101418
vt 0.016797 0.101897
vt 0.016801 0.101505
vt 0.016804 0.101172
vt 0.006804 0.101085
vt -0.016805 0.019638
vt -0.006806 0.019638
vt -0.006807 0.020030
vt -0.016804 0.019305
vt -0.006804 0.019305
vt 0.006791 0.102535
vt 0.006789 0.020422
vt 0.016791 0.020755
vt 0.006791 0.020755
vt -0.016806 0.020030
vt -0.016804 0.020755
vt 0.102016 0.019943
vt 0.101805 0.020030
vt 0.102070 0.019399
vt 0.102202 0.020977
vt 0.102535 0.019305
vt 0.102757 0.019638
vt 0.100863 0.019638
vt 0.101085 0.019305
vt 0.101418 0.019083
vt 0.101810 0.019005
vt 0.102202 0.019083
vt 0.102757 0.020422
vt 0.102835 0.020030
vt 0.102535 0.020755
vt 0.101810 0.021055
vt 0.101418 0.020977
vt 0.101085 0.020755
vt 0.100863 0.020422
vt 0.100785 0.020030
vt -0.022478 0.027900
vt -0.023198 0.000000
vt -0.010240 0.000000
vt -0.009340 0.027900
vt -0.003761 0.000000
vt -0.002779 0.027900
vt -0.000514 0.000000
vt 0.000549 0.027900
vt 0.003104 0.000000
vt 0.002344 0.027900
vt 0.004343 0.027900
vt 0.005254 0.000000
vt 0.006622 0.027900
vt 0.007634 0.000000
vt 0.008841 0.027900
vt 0.009796 0.000000
vt 0.010775 0.027900
vt 0.011667 0.000000
vt 0.012424 0.027900
vt 0.013261 0.000000
vt 0.014620 0.000000
vt 0.015029 0.027900
vt 0.027900 0.032900
vt 0.000000 0.033723
vt 0.000000 0.030999
vt 0.027900 0.030284
vt 0.000000 0.028324
vt 0.027900 0.027729
vt 0.000000 0.025751
vt 0.027900 0.025267
vt 0.000000 0.023321
vt 0.027900 0.022949
vt 0.000000 0.021093
vt 0.027900 0.020813
vt -0.075030 0.027900
vt -0.075030 0.000000
vt -0.000000 0.027900
vt -0.001478 0.027900
vt 0.000000 0.000000
vt -0.001516 0.000000
vt -0.004096 0.027900
vt -0.004202 0.000000
vt -0.007213 0.027900
vt -0.007384 -0.000000
vt -0.010198 0.027900
vt -0.010427 0.000000
vt -0.011732 0.027900
vt -0.011979 0.000000
vt -0.013286 0.027900
vt -0.013542 0.000000
vt 0.027900 0.005367
vt 0.027900 0.006907
vt 0.000000 0.005270
vt -0.000000 0.006829
vt 0.027900 0.008771
vt -0.000000 0.008719
vt 0.027900 0.011046
vt -0.000000 0.011035
vt 0.027900 0.013750
vt -0.000000 0.013797
vt 0.000000 0.017121
vt 0.027900 0.016978
vt 0.027900 0.018826
vt 0.000000 0.019033
vt -0.068985 0.025171
vt -0.108939 0.027312
vt -0.110069 0.024997
vt -0.027900 0.025346
vt -0.027900 0.027147
vt -0.027900 0.028671
vt -0.107873 0.029497
vt -0.027900 0.030944
vt -0.106887 0.031518
vt -0.088094 0.027900
vt -0.086388 0.106005
vt -0.088202 0.106887
vt -0.027900 0.032753
vt -0.084051 0.027900
vt -0.084103 0.105194
vt -0.086325 0.027900
vt -0.075030 0.103950
vt -0.077021 0.027900
vt -0.077111 0.104010
vt -0.078646 0.027900
vt -0.078817 0.104154
vt -0.080561 0.027900
vt -0.080784 0.104427
vt -0.082465 0.027900
vt -0.082580 0.104789
vt -0.048442 0.025259
vt -0.025110 0.103950
vt -0.037515 0.027900
vt -0.018757 0.027900
vt -0.000181 0.103950
vt 0.000000 0.027900
vt 0.001991 0.027900
vt 0.002871 0.104066
vt 0.003616 0.027900
vt 0.004651 0.104259
vt 0.005531 0.027900
vt 0.007435 0.027900
vt 0.006494 0.104562
vt 0.009020 0.027900
vt 0.027900 0.027149
vt 0.108956 0.027279
vt 0.107904 0.029435
vt 0.027900 0.025347
vt 0.027900 0.028673
vt 0.106932 0.031427
vt 0.027900 0.030946
vt 0.106061 0.033210
vt 0.027900 0.032754
vt 0.013062 0.027900
vt 0.011491 0.106061
vt 0.009415 0.105299
vt 0.011294 0.027900
vt 0.048442 0.025259
vt -0.009379 0.027900
vt 0.110069 0.024997
vt 0.068985 0.025172
vt 0.065651 0.001795
vt 0.056273 0.001795
vt 0.065690 0.000243
vt 0.072259 0.000243
vt 0.037515 0.001795
vt 0.052552 0.000243
vt 0.009379 0.038265
vt 0.018757 0.038265
vt 0.009340 0.039817
vt -0.000000 0.001795
vt -0.000000 0.000243
vt 0.002779 0.039817
vt 0.075030 0.001795
vt 0.075579 0.000251
vt 0.076989 0.001901
vt 0.077374 0.000382
vt 0.078927 0.002217
vt 0.079373 0.000727
vt 0.080819 0.002738
vt 0.085173 0.004876
vt 0.082535 0.003409
vt 0.083871 0.002328
vt 0.081649 0.001383
vt 0.087459 0.004635
vt 0.085805 0.003435
vt 0.090059 0.007160
vt 0.086963 0.006241
vt 0.089881 0.009450
vt 0.088517 0.007757
vt 0.091219 0.011634
vt 0.091956 0.009783
vt 0.092473 0.014714
vt 0.093258 0.012331
vt 0.094111 0.014793
vt 0.092473 0.025346
vt 0.094802 0.019250
vt 0.094580 0.023082
vt 0.094780 0.021234
vt 0.091090 0.028671
vt 0.091821 0.027147
vt 0.092660 0.029014
vt 0.093792 0.026314
vt 0.091299 0.031291
vt 0.089637 0.030944
vt 0.089837 0.033155
vt 0.088094 0.032753
vt 0.088317 0.034693
vt 0.086325 0.034345
vt 0.086762 0.035963
vt 0.084051 0.035880
vt 0.085224 0.036988
vt 0.082465 0.036682
vt 0.082243 0.038456
vt 0.080561 0.037406
vt 0.077021 0.038158
vt 0.078646 0.037903
vt 0.079128 0.039386
vt 0.075030 0.038265
vt 0.075030 0.039817
vt 0.037515 0.038265
vt 0.022478 0.039817
vt -0.000000 0.038265
vt -0.000549 0.039810
vt -0.001991 0.038158
vt -0.002344 0.039682
vt -0.003616 0.037903
vt -0.006622 0.038674
vt -0.005531 0.037406
vt -0.004343 0.039334
vt -0.007435 0.036683
vt -0.008841 0.037732
vt -0.009020 0.035880
vt -0.010775 0.036625
vt -0.011294 0.034346
vt -0.014606 0.030946
vt -0.013062 0.032754
vt -0.015029 0.032900
vt -0.012424 0.035432
vt -0.016059 0.028673
vt -0.016923 0.030284
vt -0.017443 0.025347
vt -0.018228 0.027729
vt -0.019081 0.025267
vt -0.016790 0.027149
vt -0.017443 0.014713
vt -0.019772 0.020813
vt -0.019549 0.016978
vt -0.019750 0.018826
vt -0.016059 0.011387
vt -0.016790 0.012911
vt -0.017630 0.011046
vt -0.018765 0.013750
vt -0.016272 0.008771
vt -0.014606 0.009114
vt -0.014810 0.006907
vt -0.013062 0.007306
vt -0.013286 0.005367
vt -0.011294 0.005714
vt -0.011732 0.004097
vt -0.009020 0.004180
vt -0.010198 0.003073
vt -0.007435 0.003377
vt -0.007213 0.001604
vt -0.005531 0.002654
vt -0.001991 0.001902
vt -0.003616 0.002157
vt -0.004096 0.000673
vt -0.001478 0.000297
vt -0.019571 0.022949
vt 0.076508 0.039761
vt 0.094601 0.017117
vt -0.047136 0.022042
vt -0.046695 0.023496
vt -0.075030 0.040060
vt -0.047285 0.020530
vt -0.045979 0.024836
vt -0.045015 0.026010
vt -0.043841 0.026974
vt -0.042501 0.027690
vt -0.041047 0.028131
vt -0.023198 0.040060
vt -0.039535 0.028280
vt -0.036569 0.027690
vt -0.035229 0.026974
vt -0.038023 0.028131
vt -0.034055 0.026010
vt -0.033091 0.024836
vt -0.017862 0.026980
vt -0.019010 0.024833
vt -0.032375 0.023496
vt -0.031934 0.022042
vt -0.019716 0.022503
vt -0.019955 0.020080
vt -0.031785 0.020530
vt -0.031934 0.019018
vt -0.019716 0.017657
vt -0.019010 0.015327
vt -0.033091 0.016224
vt -0.017862 0.013180
vt -0.032375 0.017564
vt -0.034055 0.015050
vt -0.014435 0.009753
vt -0.016317 0.011298
vt -0.036569 0.013370
vt -0.035229 0.014086
vt -0.051832 0.000000
vt -0.038023 0.012929
vt -0.041047 0.012929
vt -0.042501 0.013370
vt -0.039535 0.012780
vt -0.043841 0.014086
vt -0.045015 0.015050
vt -0.045979 0.016224
vt -0.064790 -0.000000
vt -0.046695 0.017564
vt -0.047136 0.019018
vt -0.016317 0.028862
vt -0.014435 0.030407
vt -0.010240 0.040060
vt -0.012288 0.031555
vt -0.007535 0.032500
vt -0.003761 0.040060
vt -0.009958 0.032261
vt -0.005112 0.032261
vt -0.002782 0.031555
vt 0.003104 0.039821
vt -0.000514 0.040060
vt -0.000635 0.030407
vt 0.001247 0.028862
vt 0.005254 0.039358
vt 0.009796 0.037501
vt 0.007634 0.038549
vt 0.002792 0.026980
vt 0.013261 0.035044
vt 0.011667 0.036312
vt 0.003940 0.024833
vt 0.018233 0.028324
vt 0.016760 0.030999
vt 0.014620 0.033723
vt 0.004646 0.022503
vt 0.019196 0.025751
vt 0.004885 0.020080
vt 0.020006 0.019033
vt 0.020003 0.021093
vt 0.019758 0.023321
vt 0.019817 0.017121
vt 0.003940 0.015327
vt 0.016531 0.008719
vt 0.017897 0.011035
vt 0.004646 0.017657
vt 0.002792 0.013180
vt 0.015067 0.006829
vt 0.001247 0.011298
vt 0.010427 0.002927
vt 0.011979 0.003977
vt 0.004202 0.000447
vt 0.007384 0.001410
vt -0.002782 0.008605
vt -0.005112 0.007899
vt -0.000635 0.009753
vt -0.012288 0.008605
vt -0.009958 0.007899
vt -0.007535 0.007660
vt 0.013542 0.005270
vt 0.001516 0.000056
vt 0.019037 0.013797
vt -0.071269 -0.000000
vt -0.074516 -0.000000
vt -0.078135 0.000243
vt -0.079234 0.039613
vt -0.076545 0.040003
vt -0.094788 0.016743
vt -0.085452 0.037134
vt -0.091559 0.031343
vt -0.082414 0.038650
vt -0.087009 0.036083
vt -0.090092 0.033234
vt -0.088572 0.034790
vt -0.094848 0.022939
vt -0.094064 0.026269
vt -0.095036 0.021027
vt -0.095033 0.018971
vt -0.091791 0.009064
vt -0.094226 0.014309
vt -0.093263 0.011737
vt -0.086701 0.003752
vt -0.088294 0.005021
vt -0.089650 0.006337
vt -0.084826 0.002558
vt -0.080282 0.000701
vt -0.082664 0.001511
vt -0.092927 0.029026
vt 0.052552 0.027900
vt 0.051832 -0.000000
vt 0.064790 -0.000000
vt 0.065690 0.027900
vt 0.071269 -0.000000
vt 0.074516 -0.000000
vt 0.072259 0.027900
vt 0.075579 0.027900
vt 0.079373 0.027900
vt 0.077374 0.027900
vt 0.078135 -0.000000
vt 0.080282 -0.000000
vt 0.081649 0.027900
vt 0.082664 -0.000000
vt 0.083871 0.027900
vt 0.084826 0.000000
vt 0.085805 0.027900
vt 0.086701 0.000000
vt 0.088294 0.000000
vt 0.087459 0.027900
vt -0.027900 0.007160
vt -0.000000 0.006337
vt -0.000000 0.009064
vt 0.090059 0.027900
vt -0.027900 0.009783
vt -0.000000 0.011737
vt -0.000000 0.014309
vt -0.027900 0.012331
vt -0.027900 0.014793
vt -0.000000 0.016743
vt 0.000000 0.029026
vt -0.027900 0.029014
vt -0.027900 0.026314
vt -0.000000 0.026269
vt -0.085224 0.027900
vt -0.082414 0.000000
vt -0.082243 0.027900
vt -0.085452 -0.000000
vt -0.076508 0.027900
vt -0.076545 0.000000
vt -0.079128 0.027900
vt -0.079234 0.000000
vt -0.086762 0.027900
vt -0.087009 -0.000000
vt -0.088317 0.027900
vt -0.088572 -0.000000
vt -0.027900 0.034693
vt -0.027900 0.033155
vt 0.000000 0.034790
vt 0.000000 0.033234
vt -0.027900 0.031291
vt 0.000000 0.031343
vt -0.027900 0.023082
vt -0.000000 0.022939
vt -0.027900 0.021234
vt -0.000000 0.021027
vt -0.027900 0.019250
vt -0.000000 0.018971
vt -0.027900 0.017117
vt 0.089650 0.000000
vt 0.010595 0.016581
vt 0.010540 0.017142
vt 0.007295 0.016581
vt 0.013895 0.016581
vt 0.037515 0.017142
vt 0.044185 0.009401
vt 0.042591 0.002901
vt 0.044778 0.009519
vt 0.037745 0.009401
vt 0.050419 0.009228
vt 0.045617 0.010358
vt 0.045281 0.009855
vt 0.048986 0.010660
vt 0.045735 0.010951
vt 0.048840 0.011014
vt 0.045735 0.011591
vt 0.048840 0.012137
vt 0.049148 0.012599
vt 0.045281 0.012687
vt 0.048986 0.012490
vt 0.045617 0.012185
vt 0.044185 0.013141
vt 0.044778 0.013023
vt 0.049340 0.012637
vt 0.057050 0.012637
vt 0.033457 0.013773
vt 0.033349 0.013935
vt 0.037152 0.013023
vt 0.037745 0.013141
vt 0.036649 0.012687
vt 0.033495 0.013581
vt 0.036195 0.011591
vt 0.036313 0.012185
vt 0.036649 0.009855
vt 0.036313 0.010358
vt 0.033457 0.009610
vt 0.033495 0.009801
vt 0.036195 0.010951
vt 0.033349 0.009448
vt 0.037152 0.009519
vt 0.055618 0.009081
vt 0.050772 0.009081
vt 0.055971 0.009228
vt 0.065243 0.008389
vt 0.069796 0.002901
vt 0.057404 0.010660
vt 0.064571 0.009395
vt 0.064335 0.010581
vt 0.057550 0.011014
vt 0.057550 0.012137
vt 0.057242 0.012599
vt 0.057404 0.012490
vt 0.065243 0.012773
vt 0.057512 0.012328
vt 0.066249 0.013445
vt 0.033186 0.014043
vt 0.064571 0.011768
vt 0.048878 0.012328
vt 0.067435 0.007481
vt 0.068621 0.007717
vt 0.069627 0.008389
vt 0.066249 0.007717
vt 0.076596 0.002974
vt 0.070535 0.010581
vt 0.079931 0.003618
vt 0.070299 0.009395
vt 0.085909 0.006800
vt 0.070299 0.011768
vt 0.083078 0.004910
vt 0.068621 0.013445
vt 0.069627 0.012773
vt 0.091465 0.017142
vt 0.067435 0.013681
vt 0.064490 0.017142
vt 0.016765 0.006581
vt 0.015386 0.002901
vt 0.016956 0.006619
vt 0.004425 0.006581
vt 0.017119 0.006728
vt 0.017227 0.006890
vt 0.021995 0.009301
vt 0.021804 0.009339
vt 0.017265 0.007081
vt 0.021495 0.009801
vt 0.017265 0.014281
vt 0.021495 0.013581
vt 0.021641 0.013935
vt 0.017227 0.014473
vt 0.021533 0.013773
vt 0.016956 0.014743
vt 0.017119 0.014635
vt 0.021804 0.014043
vt 0.016765 0.014781
vt 0.014395 0.016081
vt 0.014895 0.014781
vt 0.021995 0.014081
vt 0.014541 0.014928
vt 0.014704 0.014819
vt 0.014395 0.015281
vt 0.014357 0.016273
vt 0.032995 0.014081
vt -0.016435 0.017142
vt 0.007104 0.016543
vt 0.006941 0.016435
vt 0.004234 0.014743
vt 0.004425 0.014781
vt 0.006833 0.016273
vt 0.006295 0.014781
vt 0.006795 0.015281
vt 0.006795 0.016081
vt 0.006757 0.015090
vt 0.006649 0.014928
vt 0.006486 0.014819
vt 0.014086 0.016543
vt 0.004071 0.014635
vt 0.003963 0.014473
vt -0.015155 0.012047
vt 0.003925 0.014281
vt 0.014249 0.016435
vt -0.013274 0.009205
vt -0.012128 0.007934
vt -0.010857 0.006782
vt -0.007998 0.004883
vt -0.009476 0.005762
vt -0.004896 0.003616
vt 0.032995 0.009301
vt 0.033186 0.009339
vt 0.001786 0.002901
vt 0.014433 0.015090
vt 0.021641 0.009448
vt 0.021533 0.009610
vt 0.090187 0.012052
vt 0.091465 0.015205
vt 0.088311 0.009213
vt 0.004234 0.006619
vt 0.004071 0.006728
vt 0.003963 0.006890
vt 0.003925 0.007081
vt -0.002176 0.003039
vt -0.016435 0.015205
vt 0.143400 0.012047
vt 0.027900 0.011387
vt 0.027900 0.009114
vt 0.143400 0.015205
vt 0.027900 0.012911
vt 0.143400 0.009205
vt 0.027900 0.007306
vt 0.143400 0.007934
vt -0.012128 0.143400
vt -0.013062 0.027900
vt -0.011294 0.027900
vt -0.010857 0.143400
vt -0.005531 0.027900
vt -0.004896 0.143400
vt -0.007435 0.027900
vt -0.009020 0.027900
vt -0.007998 0.143400
vt -0.009476 0.143400
vt -0.002176 0.143400
vt -0.001991 0.027900
vt -0.000000 0.027900
vt 0.037515 0.027900
vt 0.015386 0.143400
vt 0.056273 0.027900
vt 0.042591 0.143400
vt 0.065651 0.027900
vt 0.075030 0.027900
vt 0.069796 0.143400
vt 0.076596 0.143400
vt 0.076989 0.027900
vt 0.080819 0.027900
vt 0.082535 0.027900
vt 0.079931 0.143400
vt 0.078927 0.027900
vt -0.027900 0.011634
vt -0.027900 0.014714
vt -0.056775 0.014837
vt -0.143400 0.012052
vt -0.143400 0.015205
vt -0.027900 0.009450
vt -0.143400 0.009213
vt -0.027900 0.007757
vt -0.143400 0.006800
vt 0.086963 0.027900
vt 0.088517 0.027900
vt 0.085909 0.143400
vt 0.085173 0.027900
vt 0.083078 0.143400
vt 0.001786 0.143400
vt -0.003616 0.027900
vt 0.114525 0.015082
vt -0.085650 0.014960
vt -0.114525 0.015082
vt 0.085650 0.014959
vt 0.056775 0.014836
vt 0.027900 0.014713
vt -0.101897 0.019005
vt -0.102289 0.019083
vt -0.113279 0.022219
vt -0.114664 0.022031
vt -0.051899 0.019005
vt -0.052291 0.019083
vt -0.101505 0.020977
vt -0.052846 0.020422
vt -0.052924 0.020030
vt -0.052846 0.019638
vt -0.101172 0.020755
vt -0.051899 0.021055
vt -0.052291 0.020977
vt -0.051507 0.020977
vt -0.051174 0.020755
vt -0.050952 0.020422
vt -0.050874 0.020030
vt -0.050952 0.019638
vt -0.051507 0.019083
vt -0.051174 0.019305
vt -0.101172 0.019305
vt -0.101505 0.019083
vt -0.052624 0.019305
vt -0.100950 0.019638
vt -0.100950 0.020422
vt -0.102844 0.020422
vt -0.102622 0.020755
vt -0.110147 0.024838
vt -0.110929 0.023680
vt -0.102922 0.020030
vt -0.102289 0.020977
vt -0.101897 0.021055
vt -0.052624 0.020755
vt -0.100872 0.020030
vt -0.102622 0.019305
vt -0.112001 0.022784
vt -0.102844 0.019638
vt -0.138377 0.022141
vt -0.143400 0.017142
vt -0.139355 0.022049
vt -0.140297 0.021768
vt -0.141166 0.021307
vt -0.141927 0.020685
vt -0.142552 0.019927
vt -0.143017 0.019060
vt -0.143303 0.018120
vt 0.051507 0.020977
vt 0.051899 0.021055
vt 0.052291 0.020977
vt 0.102622 0.019305
vt 0.102289 0.019083
vt 0.052624 0.019305
vt 0.052291 0.019083
vt 0.101897 0.019005
vt 0.101505 0.019083
vt 0.100950 0.020422
vt 0.101172 0.020755
vt 0.100872 0.020030
vt 0.052624 0.020755
vt 0.101897 0.021055
vt 0.101505 0.020977
vt 0.102622 0.020755
vt 0.110147 0.024838
vt 0.102844 0.020422
vt 0.110929 0.023680
vt 0.113279 0.022219
vt 0.112001 0.022784
vt 0.102922 0.020030
vt 0.102844 0.019638
vt 0.138377 0.022141
vt 0.114664 0.022031
vt 0.101172 0.019305
vt 0.052846 0.019638
vt 0.052924 0.020030
vt 0.050952 0.020422
vt 0.050874 0.020030
vt 0.051174 0.020755
vt 0.102289 0.020977
vt 0.052846 0.020422
vt 0.051507 0.019083
vt 0.100950 0.019638
vt 0.051899 0.019005
vt 0.051174 0.019305
vt 0.143400 0.017142
vt 0.139355 0.022049
vt 0.140297 0.021768
vt 0.141166 0.021307
vt 0.141927 0.020685
vt 0.142552 0.019927
vt 0.143017 0.019060
vt 0.143303 0.018120
vt 0.050952 0.019638
vt -0.143400 0.010358
vt -0.143400 0.009855
vt -0.133400 0.010358
vt -0.036649 0.143400
vt -0.037152 0.143400
vt -0.036649 0.133400
vt -0.037152 0.133400
vt -0.143400 0.010951
vt -0.037745 0.143400
vt -0.037745 0.133400
vt -0.133400 0.010951
vt -0.133400 0.009855
vt -0.143400 0.011591
vt -0.133400 0.011591
vt 0.037152 0.143400
vt 0.036649 0.143400
vt 0.037152 0.133400
vt -0.143400 0.012687
vt -0.143400 0.012185
vt -0.133400 0.012687
vt -0.133400 0.012185
vt 0.037745 0.143400
vt 0.037745 0.133400
vt 0.036649 0.133400
vt 0.044185 0.143400
vt 0.044185 0.133400
vt 0.143400 0.012185
vt 0.143400 0.012687
vt 0.133400 0.012185
vt 0.045281 0.143400
vt 0.044778 0.143400
vt 0.045281 0.133400
vt 0.044778 0.133400
vt 0.143400 0.011591
vt 0.133400 0.011591
vt 0.133400 0.012687
vt 0.143400 0.010951
vt 0.133400 0.010951
vt -0.044778 0.143400
vt -0.044778 0.133400
vt -0.044185 0.143400
vt -0.045281 0.143400
vt 0.143400 0.010358
vt 0.133400 0.009855
vt 0.143400 0.009855
vt 0.133400 0.010358
vt -0.044185 0.133400
vt -0.045281 0.133400
vt -0.050772 0.143400
vt -0.050772 0.133400
vt -0.050419 0.143400
vt -0.050419 0.133400
vt -0.143400 0.009228
vt -0.133400 0.009228
vt -0.143400 0.010660
vt -0.133400 0.010660
vt -0.143400 0.011014
vt -0.133400 0.011014
vt -0.143400 0.012137
vt -0.133400 0.012137
vt 0.049148 0.143400
vt 0.048986 0.143400
vt 0.049148 0.133400
vt -0.143400 0.012490
vt -0.143400 0.012328
vt -0.133400 0.012490
vt -0.133400 0.012328
vt 0.049340 0.143400
vt 0.049340 0.133400
vt 0.048986 0.133400
vt 0.057050 0.143400
vt 0.057050 0.133400
vt 0.143400 0.012328
vt 0.133400 0.012328
vt 0.143400 0.012137
vt 0.143400 0.012490
vt 0.057242 0.143400
vt 0.057404 0.133400
vt 0.057404 0.143400
vt 0.057242 0.133400
vt 0.133400 0.012137
vt 0.133400 0.012490
vt 0.143400 0.011014
vt 0.133400 0.011014
vt 0.143400 0.010660
vt 0.133400 0.010660
vt -0.057404 0.143400
vt -0.057404 0.133400
vt -0.055971 0.143400
vt -0.055971 0.133400
vt -0.055618 0.143400
vt -0.055618 0.133400
vt -0.143400 0.006890
vt -0.143400 0.006728
vt -0.133400 0.006890
vt -0.004071 0.143400
vt -0.004234 0.143400
vt -0.004071 0.133400
vt -0.004234 0.133400
vt -0.143400 0.007081
vt -0.004425 0.143400
vt -0.004425 0.133400
vt -0.133400 0.007081
vt -0.133400 0.006728
vt -0.143400 0.014281
vt -0.133400 0.014281
vt 0.004234 0.143400
vt 0.004071 0.143400
vt 0.004234 0.133400
vt -0.143400 0.014635
vt -0.143400 0.014473
vt -0.133400 0.014635
vt -0.133400 0.014473
vt 0.004425 0.143400
vt 0.004425 0.133400
vt 0.004071 0.133400
vt 0.006295 0.143400
vt 0.006295 0.133400
vt -0.133400 0.015281
vt -0.143400 0.015281
vt -0.133400 0.015090
vt -0.143400 0.015090
vt -0.133400 0.014928
vt -0.143400 0.014928
vt 0.006486 0.143400
vt 0.006486 0.133400
vt 0.006649 0.143400
vt 0.006649 0.133400
vt -0.143400 0.016081
vt -0.133400 0.016081
vt 0.007104 0.143400
vt 0.006941 0.143400
vt 0.007104 0.133400
vt -0.143400 0.016435
vt -0.143400 0.016273
vt -0.133400 0.016435
vt -0.133400 0.016273
vt 0.007295 0.143400
vt 0.007295 0.133400
vt 0.006941 0.133400
vt 0.010595 0.143400
vt 0.013895 0.133400
vt 0.013895 0.143400
vt 0.143400 0.016273
vt 0.133400 0.016273
vt 0.143400 0.016081
vt 0.143400 0.016435
vt 0.014086 0.143400
vt 0.014249 0.133400
vt 0.014249 0.143400
vt 0.014086 0.133400
vt 0.133400 0.016081
vt 0.133400 0.016435
vt 0.143400 0.015281
vt 0.133400 0.015281
vt 0.014895 0.133400
vt 0.014895 0.143400
vt 0.014704 0.133400
vt 0.014704 0.143400
vt 0.014541 0.133400
vt 0.014541 0.143400
vt 0.143400 0.015090
vt 0.133400 0.015090
vt 0.143400 0.014928
vt 0.133400 0.014928
vt 0.016765 0.143400
vt 0.016765 0.133400
vt 0.143400 0.014473
vt 0.133400 0.014473
vt 0.143400 0.014281
vt 0.143400 0.014635
vt 0.016956 0.143400
vt 0.017119 0.133400
vt 0.017119 0.143400
vt 0.016956 0.133400
vt 0.133400 0.014281
vt 0.133400 0.014635
vt 0.143400 0.007081
vt 0.133400 0.007081
vt -0.016956 0.143400
vt -0.016956 0.133400
vt -0.016765 0.143400
vt -0.017119 0.143400
vt 0.143400 0.006890
vt 0.133400 0.006728
vt 0.143400 0.006728
vt 0.133400 0.006890
vt -0.016765 0.133400
vt -0.017119 0.133400
vt -0.143400 0.009610
vt -0.143400 0.009448
vt -0.133400 0.009610
vt -0.021641 0.143400
vt -0.021804 0.143400
vt -0.021641 0.133400
vt -0.021804 0.133400
vt -0.143400 0.009801
vt -0.021995 0.143400
vt -0.021995 0.133400
vt -0.133400 0.009801
vt -0.133400 0.009448
vt -0.143400 0.013581
vt -0.133400 0.013581
vt 0.021804 0.143400
vt 0.021641 0.143400
vt 0.021804 0.133400
vt -0.143400 0.013935
vt -0.143400 0.013773
vt -0.133400 0.013935
vt -0.133400 0.013773
vt 0.021995 0.143400
vt 0.021995 0.133400
vt 0.021641 0.133400
vt 0.032995 0.143400
vt 0.032995 0.133400
vt 0.143400 0.013773
vt 0.133400 0.013773
vt 0.143400 0.013581
vt 0.143400 0.013935
vt 0.033186 0.143400
vt 0.033349 0.133400
vt 0.033349 0.143400
vt 0.033186 0.133400
vt 0.133400 0.013581
vt 0.133400 0.013935
vt 0.143400 0.009801
vt 0.133400 0.009801
vt -0.033186 0.143400
vt -0.033186 0.133400
vt -0.032995 0.143400
vt -0.033349 0.143400
vt 0.143400 0.009610
vt 0.133400 0.009448
vt 0.143400 0.009448
vt 0.133400 0.009610
vt -0.032995 0.133400
vt -0.033349 0.133400
vt -0.091716 0.114664
vt 0.016686 0.114664
vt -0.091509 0.138377
vt -0.064512 0.138377
vt -0.037515 0.138377
vt -0.010518 0.138377
vt 0.016479 0.138377
vt -0.016725 0.024838
vt -0.015883 0.027279
vt -0.016726 0.024997
vt 0.091755 0.024838
vt 0.025110 0.037536
vt 0.075030 0.037536
vt 0.090898 0.027312
vt 0.091756 0.024997
vt 0.089710 0.029497
vt 0.088202 0.031518
vt 0.086388 0.033325
vt 0.084103 0.034988
vt 0.082580 0.035817
vt 0.078817 0.037119
vt 0.080784 0.036559
vt 0.077111 0.037413
vt 0.000181 0.037536
vt -0.014720 0.029435
vt -0.013251 0.031427
vt -0.011491 0.033210
vt -0.009415 0.034773
vt -0.006494 0.036282
vt -0.004651 0.036904
vt -0.002871 0.037298
vt 0.037848 0.018447
vt 0.042511 0.018970
vt 0.033517 0.019172
vt -0.019338 0.140523
vt -0.017526 0.141613
vt -0.025521 0.140759
vt -0.015966 0.139684
vt -0.012857 0.140468
vt 0.066897 0.018422
vt 0.076036 0.017882
vt 0.064048 0.018766
vt -0.010528 0.141166
vt -0.001857 0.139683
vt 0.002471 0.140465
vt 0.001464 0.141604
vt 0.083290 0.018143
vt 0.082368 0.019346
vt 0.091466 0.018120
vt -0.011420 0.142188
vt -0.007203 0.142543
vt 0.011420 0.020405
vt 0.016529 0.019773
vt 0.017526 0.020972
vt -0.064915 0.139740
vt -0.061508 0.140059
vt -0.068724 0.140711
vt -0.075169 0.139986
vt 0.033517 0.020616
vt 0.034516 0.019866
vt 0.043845 0.020691
vt 0.028519 0.020279
vt -0.075502 0.142083
vt -0.074754 0.141287
vt -0.069494 0.141919
vt -0.079600 0.141785
vt 0.079600 0.020822
vt 0.075502 0.020523
vt 0.091468 0.019060
vt 0.091472 0.019927
vt 0.072153 0.019297
vt -0.062168 0.141675
vt -0.001451 0.017904
vt 0.001543 0.019359
vt -0.016438 0.019060
vt 0.009538 0.018799
vt -0.039070 0.139873
vt -0.037515 0.140886
vt -0.042179 0.140260
vt -0.024521 0.140150
vt 0.065236 0.020204
vt 0.062168 0.020920
vt 0.055501 0.019742
vt 0.020195 0.018734
vt 0.055056 0.018766
vt 0.007203 0.019940
vt -0.043845 0.141922
vt -0.033517 0.141996
vt -0.051508 0.141335
vt 0.051508 0.021189
vt 0.016470 0.139355
vt -0.001464 0.020980
vt 0.016454 0.141166
vt 0.069494 0.020694
vt -0.091478 0.141927
vt -0.091484 0.141166
vt -0.028519 0.142293
vt 0.010528 0.021307
vt -0.091492 0.140297
vt 0.016462 0.140297
vt -0.091500 0.139355
vt 0.091478 0.020685
vt -0.016436 0.018120
vt -0.016442 0.019927
vt -0.016448 0.020685
vt 0.016448 0.141927
vt 0.091748 0.023680
vt -0.016718 0.023680
vt -0.091748 0.110929
vt 0.016718 0.110929
vt 0.016709 0.112001
vt -0.091728 0.113279
vt -0.091739 0.112001
vt 0.016698 0.113279
s 1
usemtl Diffuse_51_51_51_100.001
f 1/1/1 2/2/1 3/3/2
f 4/4/3 5/5/3 2/2/1
f 7/6/4 8/7/4 5/5/3
f 10/8/5 11/9/5 8/7/4
f 13/10/6 14/11/6 11/12/5
f 16/13/7 17/14/7 14/11/6
f 19/15/8 20/16/8 17/14/7
f 22/17/9 23/18/9 20/16/8
f 25/19/10 26/20/10 23/18/9
f 28/21/11 29/22/11 26/20/10
f 31/23/12 32/24/12 29/22/11
f 34/25/13 35/26/13 32/24/12
f 37/27/14 38/7/14 35/9/13
f 40/28/15 41/5/15 38/7/14
f 43/29/16 44/2/16 41/5/15
f 46/30/17 47/31/17 44/2/16
f 46/30/17 50/32/18 47/31/17
f 50/32/18 53/33/19 54/34/18
f 53/33/19 56/35/20 57/36/19
f 56/35/20 59/37/21 60/38/20
f 59/39/21 62/40/22 63/41/21
f 62/40/22 65/42/23 66/43/22
f 65/42/23 68/44/24 69/45/23
f 68/44/24 71/46/25 72/47/24
f 71/46/25 74/48/26 75/49/25
f 74/48/26 77/50/27 78/51/26
f 77/50/27 80/52/28 81/53/27
f 80/52/28 83/54/29 84/55/28
f 83/56/29 86/57/30 87/58/29
f 86/57/30 89/59/31 90/38/30
f 89/59/31 92/60/32 93/36/31
f 92/60/32 3/3/2 96/34/32
f 93/36/31 92/60/32 96/34/32
f 90/38/30 89/59/31 93/36/31
f 87/58/29 86/57/30 90/38/30
f 84/55/28 83/54/29 87/61/29
f 81/53/27 80/52/28 84/55/28
f 78/51/26 77/50/27 81/53/27
f 75/49/25 74/48/26 78/51/26
f 72/47/24 71/46/25 75/49/25
f 69/45/23 68/44/24 72/47/24
f 66/43/22 65/42/23 69/45/23
f 63/41/21 62/40/22 66/43/22
f 60/38/20 59/37/21 63/58/21
f 57/36/19 56/35/20 60/38/20
f 54/34/18 53/33/19 57/36/19
f 47/31/17 50/32/18 54/34/18
f 44/2/16 43/29/16 46/30/17
f 41/5/15 40/28/15 43/29/16
f 38/7/14 37/27/14 40/28/15
f 35/9/13 34/62/13 37/27/14
f 32/24/12 31/23/12 34/25/13
f 29/22/11 28/21/11 31/23/12
f 26/20/10 25/19/10 28/21/11
f 23/18/9 22/17/9 25/19/10
f 20/16/8 19/15/8 22/17/9
f 17/14/7 16/13/7 19/15/8
f 14/11/6 13/10/6 16/13/7
f 11/12/5 10/63/5 13/10/6
f 8/7/4 7/6/4 10/8/5
f 5/5/3 4/4/3 7/6/4
f 2/2/1 1/1/1 4/4/3
f 187/31/2 96/34/32 3/3/2
f 3/3/2 2/2/1 187/31/2
f 193/64/1 194/65/1 195/66/2
f 196/67/3 197/68/3 194/65/1
f 199/69/4 200/70/4 197/68/3
f 202/71/5 203/72/5 200/70/4
f 205/73/6 206/74/6 203/75/5
f 208/76/7 209/77/7 206/74/6
f 211/78/8 212/79/8 209/77/7
f 214/80/9 215/81/9 212/79/8
f 217/82/10 218/83/10 215/81/9
f 220/84/11 221/85/11 218/83/10
f 223/86/12 224/87/12 221/85/11
f 226/88/13 227/89/13 224/87/12
f 229/90/14 230/70/14 227/72/13
f 232/91/15 233/68/15 230/70/14
f 235/92/16 236/65/16 233/68/15
f 238/93/17 239/94/17 236/65/16
f 238/93/17 242/95/18 239/94/17
f 242/95/18 245/96/19 246/97/18
f 245/96/19 248/98/20 249/99/19
f 248/98/20 251/100/21 252/101/20
f 251/102/21 254/103/22 255/104/21
f 254/103/22 257/105/23 258/106/22
f 257/105/23 260/107/24 261/108/23
f 260/107/24 263/109/25 264/110/24
f 263/109/25 266/111/26 267/112/25
f 266/111/26 269/113/27 270/114/26
f 269/113/27 272/115/28 273/116/27
f 272/115/28 275/117/29 276/118/28
f 275/119/29 278/120/30 279/121/29
f 278/120/30 281/122/31 282/101/30
f 281/122/31 284/123/32 285/99/31
f 284/123/32 195/66/2 288/97/32
f 285/99/31 284/123/32 288/97/32
f 282/101/30 281/122/31 285/99/31
f 279/121/29 278/120/30 282/101/30
f 276/118/28 275/117/29 279/124/29
f 273/116/27 272/115/28 276/118/28
f 270/114/26 269/113/27 273/116/27
f 267/112/25 266/111/26 270/114/26
f 264/110/24 263/109/25 267/112/25
f 261/108/23 260/107/24 264/110/24
f 258/106/22 257/105/23 261/108/23
f 255/104/21 254/103/22 258/106/22
f 252/101/20 251/100/21 255/121/21
f 249/99/19 248/98/20 252/101/20
f 246/97/18 245/96/19 249/99/19
f 239/94/17 242/95/18 246/97/18
f 236/65/16 235/92/16 238/93/17
f 233/68/15 232/91/15 235/92/16
f 230/70/14 229/90/14 232/91/15
f 227/72/13 226/125/13 229/90/14
f 224/87/12 223/86/12 226/88/13
f 221/85/11 220/84/11 223/86/12
f 218/83/10 217/82/10 220/84/11
f 215/81/9 214/80/9 217/82/10
f 212/79/8 211/78/8 214/80/9
f 209/77/7 208/76/7 211/78/8
f 206/74/6 205/73/6 208/76/7
f 203/75/5 202/126/5 205/73/6
f 200/70/4 199/69/4 202/71/5
f 197/68/3 196/67/3 199/69/4
f 194/65/1 193/64/1 196/67/3
f 379/94/2 288/97/32 195/66/2
f 195/66/2 194/65/1 379/94/2
f 385/127/15 386/128/15 387/129/17
f 388/130/13 386/128/15 385/127/15
f 391/131/11 392/132/13 388/133/13
f 394/134/11 392/132/13 391/131/11
f 397/135/9 394/134/11 399/136/9
f 397/135/9 399/136/9 402/137/7
f 403/138/7 402/137/7 405/139/5
f 406/140/2 407/141/2 408/142/3
f 406/140/2 410/143/31 407/141/2
f 410/143/31 413/144/29 414/145/31
f 413/144/29 416/146/29 414/145/31
f 418/147/27 419/148/27 416/149/29
f 421/150/25 422/151/25 419/148/27
f 424/152/23 422/151/25 421/150/25
f 427/153/21 428/154/23 424/152/23
f 430/155/21 428/154/23 427/153/21
f 433/156/19 434/157/19 387/129/17
f 430/158/21 434/157/19 433/156/19
f 427/159/21 434/157/19 430/158/21
f 424/152/23 428/154/23 422/151/25
f 418/147/27 421/150/25 419/148/27
f 413/160/29 418/147/27 416/149/29
f 407/141/2 410/143/31 414/145/31
f 408/142/3 455/161/3 406/140/2
f 457/162/5 455/161/3 408/142/3
f 405/163/5 455/161/3 457/162/5
f 405/139/5 457/164/5 403/138/7
f 402/137/7 403/138/7 397/135/9
f 391/131/11 399/136/9 394/134/11
f 386/128/15 473/165/17 387/129/17
f 473/165/17 433/156/19 387/129/17
f 388/130/13 392/166/13 386/128/15
f 481/167/33 482/168/34 483/169/33
f 482/170/34 485/171/35 486/172/34
f 485/171/35 488/173/35 486/172/34
f 490/174/9 491/175/9 488/173/35
f 493/176/36 491/175/9 490/174/9
f 496/177/37 497/178/36 493/176/36
f 499/179/37 497/178/36 496/177/37
f 502/180/38 503/181/39 504/182/39
f 505/183/40 506/184/40 507/185/38
f 508/186/41 509/187/41 506/184/40
f 511/188/42 509/189/41 508/190/41
f 514/191/25 515/192/42 511/188/42
f 517/193/43 518/194/25 514/191/25
f 520/195/43 518/194/25 517/193/43
f 523/196/44 520/195/43 525/197/44
f 526/198/45 527/199/45 528/200/46
f 523/201/44 527/199/45 526/198/45
f 525/202/44 527/199/45 523/201/44
f 525/197/44 520/195/43 517/193/43
f 514/191/25 518/194/25 515/192/42
f 511/188/42 515/192/42 509/189/41
f 505/183/40 508/186/41 506/184/40
f 507/185/38 502/180/38 505/183/40
f 503/181/39 502/180/38 507/185/38
f 499/203/37 504/182/39 503/181/39
f 496/204/37 504/182/39 499/203/37
f 483/169/33 528/200/46 481/167/33
f 493/176/36 497/178/36 491/175/9
f 485/171/35 490/174/9 488/173/35
f 483/169/33 569/205/46 528/200/46
f 569/205/46 526/198/45 528/200/46
f 482/168/34 486/206/34 483/169/33
f 577/207/47 578/208/48 579/209/49
f 577/207/47 581/210/50 582/208/51
f 579/209/49 584/211/48 577/207/47
f 586/211/52 587/212/47 577/207/47
f 589/213/51 590/214/53 591/208/54
f 592/214/53 593/215/55 594/208/56
f 595/215/55 579/209/49 578/208/48
f 598/216/57 579/209/49 600/215/55
f 601/217/49 579/209/58 603/216/59
f 604/211/48 579/209/60 606/217/60
f 607/218/61 577/207/47 609/219/62
f 577/207/47 611/212/47 612/219/62
f 613/220/63 614/210/64 577/207/47
f 616/210/65 617/221/66 618/208/67
f 619/221/66 620/222/68 621/208/69
f 622/222/68 623/223/70 624/208/71
f 625/223/70 626/224/72 627/208/73
f 628/224/74 629/225/75 630/208/76
f 631/225/75 632/213/77 633/208/78
f 577/207/47 635/218/61 636/220/79
f 637/226/33 638/227/34 639/228/33
f 638/229/34 641/230/35 642/231/34
f 641/230/35 644/232/35 642/231/34
f 646/233/9 647/234/9 644/232/35
f 649/235/36 647/234/9 646/233/9
f 652/236/37 653/237/36 649/235/36
f 655/238/37 653/237/36 652/236/37
f 658/239/38 659/240/39 660/241/39
f 661/242/40 662/243/40 663/244/38
f 664/245/41 665/246/41 662/243/40
f 667/247/42 665/248/41 664/249/41
f 670/250/25 671/251/42 667/247/42
f 673/252/43 674/253/25 670/250/25
f 676/254/43 674/253/25 673/252/43
f 679/255/44 676/254/43 681/256/44
f 682/257/45 683/258/45 684/259/46
f 679/260/44 683/258/45 682/257/45
f 681/261/44 683/258/45 679/260/44
f 681/256/44 676/254/43 673/252/43
f 670/250/25 674/253/25 671/251/42
f 667/247/42 671/251/42 665/248/41
f 661/242/40 664/245/41 662/243/40
f 663/244/38 658/239/38 661/242/40
f 659/240/39 658/239/38 663/244/38
f 655/262/37 660/241/39 659/240/39
f 652/263/37 660/241/39 655/262/37
f 639/228/33 684/259/46 637/226/33
f 649/235/36 653/237/36 647/234/9
f 641/230/35 646/233/9 644/232/35
f 639/228/33 725/264/46 684/259/46
f 725/264/46 682/257/45 684/259/46
f 638/227/34 642/265/34 639/228/33
f 733/266/47 734/267/48 735/268/60
f 733/266/47 737/269/64 738/267/51
f 735/268/60 740/270/52 733/266/47
f 742/270/52 743/271/47 733/266/47
f 745/272/51 746/273/53 747/267/54
f 748/273/53 749/274/55 750/267/80
f 751/274/55 735/268/60 734/267/48
f 754/275/59 735/268/58 756/274/55
f 757/276/49 735/268/49 759/275/59
f 760/270/48 735/268/60 762/276/60
f 763/277/61 733/266/47 765/278/62
f 733/266/47 767/271/47 768/278/62
f 769/279/63 770/269/64 733/266/47
f 772/269/65 773/280/66 774/267/81
f 775/280/82 776/281/68 777/267/83
f 778/281/68 779/282/70 780/267/84
f 781/282/70 782/283/72 783/267/85
f 784/283/72 785/284/75 786/267/76
f 787/284/75 788/272/51 789/267/78
f 733/266/47 791/277/61 792/279/86
f 793/285/87 794/286/88 795/287/87
f 794/288/88 797/289/89 798/290/88
f 797/289/89 800/291/89 798/290/88
f 802/292/9 803/293/9 800/291/89
f 805/294/90 803/293/9 802/292/9
f 808/295/91 809/296/90 805/294/90
f 811/297/91 809/296/90 808/295/91
f 814/298/92 815/299/92 816/300/93
f 817/301/94 818/302/94 815/299/92
f 820/303/95 821/304/95 818/302/94
f 823/305/96 824/306/96 821/307/95
f 826/308/25 824/306/96 823/305/96
f 829/309/97 830/310/25 826/308/25
f 832/311/97 830/310/25 829/309/97
f 835/312/98 832/311/97 837/313/98
f 838/314/99 839/315/99 840/316/100
f 835/317/98 839/315/99 838/314/99
f 837/318/98 839/315/99 835/317/98
f 837/313/98 832/311/97 829/309/97
f 826/308/25 830/310/25 824/306/96
f 820/319/95 823/305/96 821/307/95
f 817/301/94 820/303/95 818/302/94
f 815/299/92 814/298/92 817/301/94
f 816/300/93 863/320/93 814/298/92
f 811/321/91 863/320/93 816/300/93
f 808/322/91 863/320/93 811/321/91
f 795/287/87 840/316/100 793/285/87
f 805/294/90 809/296/90 803/293/9
f 797/289/89 802/292/9 800/291/89
f 795/287/87 881/323/100 840/316/100
f 881/323/100 838/314/99 840/316/100
f 794/286/88 798/324/88 795/287/87
f 889/325/101 890/326/102 891/327/103
f 889/325/101 893/328/104 894/326/105
f 891/327/103 896/329/102 889/325/101
f 898/329/102 899/330/101 889/325/101
f 901/331/106 902/332/107 903/326/108
f 904/332/109 905/333/110 906/326/111
f 907/333/112 891/327/103 890/326/102
f 910/334/113 891/327/103 912/333/112
f 913/335/103 891/327/114 915/334/115
f 916/329/102 891/327/103 918/335/103
f 919/336/116 889/325/101 921/337/117
f 889/325/101 923/330/101 924/337/117
f 925/338/118 926/328/104 889/325/119
f 928/328/120 929/339/121 930/326/122
f 931/339/123 932/340/124 933/326/125
f 934/340/126 935/341/127 936/326/128
f 937/341/129 938/342/130 939/326/131
f 940/342/130 941/343/132 942/326/133
f 943/343/132 944/331/106 945/326/134
f 889/325/101 947/336/135 948/338/118
f 949/344/87 950/345/88 951/346/87
f 950/347/88 953/348/89 954/349/88
f 953/348/89 956/350/89 954/349/88
f 958/351/9 959/352/9 956/350/89
f 961/353/90 959/352/9 958/351/9
f 964/354/91 965/355/90 961/353/90
f 967/356/91 965/355/90 964/354/91
f 970/357/92 971/358/92 972/359/93
f 973/360/94 974/361/94 971/358/92
f 976/362/95 977/363/95 974/361/94
f 979/364/96 980/365/96 977/366/95
f 982/367/25 980/365/96 979/364/96
f 985/368/97 986/369/25 982/367/25
f 988/370/97 986/369/25 985/368/97
f 991/371/98 988/370/97 993/372/98
f 994/373/99 995/374/99 996/375/100
f 991/376/98 995/374/99 994/373/99
f 993/377/98 995/374/99 991/376/98
f 993/372/98 988/370/97 985/368/97
f 982/367/25 986/369/25 980/365/96
f 976/378/95 979/364/96 977/366/95
f 973/360/94 976/362/95 974/361/94
f 971/358/92 970/357/92 973/360/94
f 972/359/93 1019/379/93 970/357/92
f 967/380/91 1019/379/93 972/359/93
f 964/381/91 1019/379/93 967/380/91
f 951/346/87 996/375/100 949/344/87
f 961/353/90 965/355/90 959/352/9
f 953/348/89 958/351/9 956/350/89
f 951/346/87 1037/382/100 996/375/100
f 1037/382/100 994/373/99 996/375/100
f 950/345/88 954/383/88 951/346/87
f 1045/384/101 1046/385/102 1047/386/103
f 1045/384/101 1049/387/104 1050/385/105
f 1047/386/103 1052/388/102 1045/384/101
f 1054/388/102 1055/389/101 1045/384/101
f 1057/390/106 1058/391/107 1059/385/108
f 1060/391/109 1061/392/110 1062/385/136
f 1063/392/112 1047/386/103 1046/385/102
f 1066/393/113 1047/386/103 1068/392/112
f 1069/394/103 1047/386/103 1071/393/115
f 1072/388/102 1047/386/103 1074/394/103
f 1075/395/135 1045/384/101 1077/396/117
f 1045/384/101 1079/389/101 1080/396/117
f 1081/397/118 1082/387/104 1045/384/101
f 1084/387/104 1085/398/121 1086/385/137
f 1087/398/123 1088/399/124 1089/385/125
f 1090/399/126 1091/400/127 1092/385/128
f 1093/400/129 1094/401/130 1095/385/138
f 1096/401/130 1097/402/132 1098/385/133
f 1099/402/132 1100/390/106 1101/385/134
f 1045/384/101 1103/395/135 1104/397/118
f 1105/403/139 1106/404/139 1107/405/139
f 1108/406/139 1105/403/139 1107/405/139
f 1111/407/139 1108/406/139 1107/405/139
f 1111/407/139 1115/408/140 1108/406/139
f 1111/407/139 1118/409/139 1115/408/140
f 1115/408/140 1118/409/139 1122/410/141
f 1122/410/141 1118/409/139 1125/411/142
f 1126/412/143 1122/410/141 1125/411/142
f 1129/413/144 1126/412/143 1125/411/142
f 1132/414/145 1129/413/144 1125/411/142
f 1132/414/145 1136/415/146 1129/413/144
f 1132/414/145 1139/416/147 1136/415/146
f 1136/415/146 1139/416/147 1143/417/148
f 1143/417/148 1139/416/147 1146/418/149
f 1147/419/150 1143/417/148 1146/418/149
f 1150/420/151 1147/419/150 1146/418/149
f 1150/420/151 1154/421/152 1147/419/150
f 1150/420/151 1157/422/153 1154/421/152
f 1157/422/153 1160/423/154 1161/424/155
f 1161/425/155 1160/426/154 1164/427/156
f 1165/428/157 1161/425/155 1164/427/156
f 1168/429/158 1165/428/157 1164/427/156
f 1168/429/158 1172/430/159 1165/428/157
f 1168/429/158 1175/431/160 1172/430/159
f 1172/430/159 1175/431/160 1179/432/161
f 1179/432/161 1181/433/162 1182/434/163
f 1182/434/163 1181/433/162 1185/435/164
f 1186/436/165 1182/434/163 1185/435/164
f 1189/437/139 1190/438/166 1106/404/139
f 1192/439/167 1193/440/168 1194/441/167
f 1194/441/167 1193/440/168 1197/442/169
f 1197/442/169 1193/440/168 1200/443/170
f 1201/444/171 1197/442/169 1200/443/170
f 1204/445/172 1201/444/171 1200/443/170
f 1204/445/172 1208/446/173 1201/444/171
f 1204/445/172 1211/447/174 1208/446/173
f 1208/446/173 1211/447/174 1215/448/175
f 1215/448/175 1211/447/174 1218/449/176
f 1219/450/177 1215/448/175 1218/449/176
f 1222/451/178 1219/450/177 1218/449/176
f 1222/451/178 1226/452/179 1219/450/177
f 1222/453/178 1229/454/180 1226/455/179
f 1226/455/179 1229/454/180 1233/456/181
f 1233/456/181 1229/454/180 1236/457/182
f 1237/458/183 1233/456/181 1236/457/182
f 1240/459/184 1237/458/183 1236/457/182
f 1240/459/184 1244/460/185 1237/458/183
f 1240/459/184 1247/461/186 1244/460/185
f 1249/462/187 1244/460/185 1247/461/186
f 1252/463/188 1253/464/189 1254/465/190
f 1252/463/188 1249/462/187 1253/464/189
f 1258/466/191 1252/463/188 1254/465/190
f 1186/436/165 1258/466/191 1254/465/190
f 1186/436/165 1185/435/164 1258/466/191
f 1175/431/160 1181/433/162 1179/432/161
f 1106/404/139 1105/403/139 1189/437/139
f 1157/422/153 1161/424/155 1154/421/152
f 1253/464/189 1249/462/187 1247/461/186
f 1279/467/192 1280/468/193 1281/469/194
f 1282/470/195 1283/471/196 1280/468/193
f 1280/468/193 1283/471/196 1287/472/197
f 1288/473/198 1280/468/193 1287/472/197
f 1291/474/199 1288/473/198 1287/472/197
f 1291/474/199 1295/475/200 1288/473/198
f 1297/476/201 1298/477/202 1295/478/200
f 1291/474/199 1297/479/201 1295/475/200
f 1303/480/203 1304/481/204 1305/482/205
f 1306/437/206 1307/483/206 1308/484/207
f 1308/484/207 1307/483/206 1311/485/208
f 1312/486/209 1308/484/207 1311/485/208
f 1315/487/210 1312/486/209 1311/485/208
f 1315/487/210 1319/488/211 1312/486/209
f 1315/487/210 1322/489/212 1319/488/211
f 1319/488/211 1322/489/212 1326/490/213
f 1326/490/213 1322/489/212 1329/491/214
f 1303/480/203 1326/490/213 1329/491/214
f 1304/481/204 1303/480/203 1329/491/214
f 1298/477/202 1305/482/205 1304/481/204
f 1297/476/201 1305/482/205 1298/477/202
f 1342/492/215 1280/468/193 1279/467/192
f 1282/470/195 1280/468/193 1342/492/215
f 1348/493/206 1349/494/206 1350/495/206
f 1351/496/216 1348/493/206 1353/497/206
f 1354/498/217 1351/496/216 1353/497/206
f 1354/498/217 1358/499/218 1351/496/216
f 1354/498/217 1361/500/219 1358/499/218
f 1363/501/220 1358/499/218 1361/500/219
f 1366/502/221 1363/501/220 1361/500/219
f 1366/502/221 1370/503/222 1363/501/220
f 1363/501/220 1370/503/222 1374/504/223
f 1374/504/223 1370/503/222 1377/505/224
f 1378/506/225 1379/507/226 1380/508/227
f 1378/506/225 1382/509/228 1379/507/226
f 1384/510/229 1378/506/225 1380/508/227
f 1387/511/230 1384/510/229 1380/508/227
f 1387/511/230 1391/512/231 1384/510/229
f 1387/511/230 1394/513/232 1391/512/231
f 1391/512/231 1394/513/232 1398/514/233
f 1398/515/233 1394/516/232 1401/517/234
f 1402/518/235 1398/515/233 1401/517/234
f 1349/494/206 1307/483/206 1306/437/206
f 1377/505/224 1402/518/235 1401/517/234
f 1349/494/206 1348/493/206 1307/483/206
f 1414/519/236 1379/507/226 1382/509/228
f 1401/517/234 1374/504/223 1377/505/224
f 1348/493/206 1350/495/206 1422/520/206
f 1348/493/206 1422/520/206 1353/497/206
f 1426/521/237 1379/507/226 1428/522/238
f 1428/522/238 1379/507/226 1414/519/236
f 1432/523/239 1433/524/239 1434/525/239
f 1432/523/239 1434/525/239 1437/526/239
f 1438/527/239 1439/528/239 1433/524/239
f 1441/529/239 1442/530/239 1443/531/239
f 1438/527/239 1445/532/239 1446/533/239
f 1447/529/239 1448/531/239 1449/534/239
f 1437/526/239 1451/535/239 1432/523/239
f 1453/536/239 1454/537/239 1451/535/239
f 1456/538/239 1457/539/239 1454/537/239
f 1459/540/239 1460/541/239 1457/539/239
f 1462/542/239 1463/543/239 1464/544/239
f 1464/544/239 1463/543/239 1467/545/239
f 1468/546/239 1462/542/239 1470/547/239
f 1470/547/239 1462/542/239 1464/544/239
f 1474/548/239 1475/549/239 1468/546/239
f 1468/546/239 1475/549/239 1462/542/239
f 1480/550/239 1481/551/239 1474/548/239
f 1474/548/239 1481/551/239 1475/549/239
f 1486/552/239 1480/550/239 1488/553/239
f 1488/553/239 1480/550/239 1474/548/239
f 1492/554/239 1493/555/239 1494/556/239
f 1492/554/239 1486/552/239 1493/555/239
f 1498/557/239 1492/554/239 1500/558/239
f 1501/559/239 1502/557/239 1503/560/239
f 1504/561/239 1505/562/239 1506/563/239
f 1506/563/239 1508/562/239 1509/564/239
f 1510/565/239 1511/566/239 1512/561/239
f 1513/567/239 1514/568/239 1515/566/239
f 1516/569/239 1517/570/239 1518/568/239
f 1519/571/239 1520/572/239 1521/570/239
f 1522/573/239 1523/574/239 1524/572/239
f 1525/575/239 1526/576/239 1527/574/239
f 1528/577/239 1529/578/239 1530/579/239
f 1530/579/239 1532/578/239 1533/576/239
f 1456/538/239 1459/540/239 1457/539/239
f 1537/580/239 1538/581/239 1539/582/239
f 1540/582/239 1541/583/239 1542/530/239
f 1543/534/239 1544/584/239 1545/529/239
f 1546/585/239 1547/586/239 1548/584/239
f 1549/587/239 1550/588/239 1551/586/239
f 1552/589/239 1553/590/239 1554/591/239
f 1555/591/239 1556/590/239 1557/588/239
f 1558/589/239 1559/592/239 1560/590/239
f 1561/593/239 1562/594/239 1563/592/239
f 1564/595/239 1565/596/239 1566/594/239
f 1567/597/239 1568/598/239 1569/599/239
f 1570/599/239 1571/598/239 1572/600/239
f 1573/601/239 1574/597/239 1575/602/239
f 1576/602/239 1577/597/239 1578/599/239
f 1579/603/239 1580/604/239 1581/605/239
f 1582/603/239 1583/606/239 1584/604/239
f 1585/607/239 1586/603/239 1587/608/239
f 1588/609/239 1585/607/239 1590/610/239
f 1591/611/239 1592/612/239 1593/613/239
f 1594/613/239 1592/612/239 1596/614/239
f 1597/615/239 1598/616/239 1591/611/239
f 1600/617/239 1601/618/239 1598/616/239
f 1603/619/239 1604/620/239 1601/618/239
f 1606/621/239 1607/622/239 1604/620/239
f 1609/623/239 1610/624/239 1607/622/239
f 1612/625/239 1613/626/239 1610/624/239
f 1615/627/239 1616/628/239 1617/629/239
f 1618/629/239 1616/628/239 1613/626/239
f 1621/587/239 1622/591/239 1623/588/239
f 1438/527/239 1625/533/239 1439/528/239
f 1445/532/239 1628/630/239 1629/533/239
f 1445/532/239 1615/627/239 1632/630/239
f 1633/630/239 1615/627/239 1635/629/239
f 1636/587/239 1637/586/239 1638/585/239
f 1639/613/239 1640/615/239 1591/611/239
f 1642/617/239 1643/619/239 1601/618/239
f 1645/621/239 1646/623/239 1607/622/239
f 1610/624/239 1649/623/239 1650/625/239
f 1604/620/239 1652/619/239 1653/621/239
f 1654/625/239 1655/629/239 1613/626/239
f 1657/615/239 1658/617/239 1598/616/239
f 1592/612/239 1585/607/239 1662/614/239
f 1585/607/239 1664/608/239 1665/610/239
f 1666/609/239 1667/614/239 1585/607/239
f 1669/603/239 1670/631/239 1671/608/239
f 1672/603/239 1673/605/239 1674/631/239
f 1675/601/239 1676/604/239 1677/606/239
f 1678/601/239 1679/602/239 1680/604/239
f 1681/600/239 1682/598/239 1683/596/239
f 1684/595/239 1685/600/239 1686/596/239
f 1687/593/239 1688/595/239 1689/594/239
f 1690/534/239 1691/585/239 1692/584/239
f 1693/531/239 1694/530/239 1695/583/239
f 1696/583/239 1697/582/239 1698/581/239
f 1433/524/239 1439/528/239 1434/525/239
f 1437/526/239 1453/536/239 1451/535/239
f 1705/580/239 1706/577/239 1707/632/239
f 1708/581/239 1709/580/239 1707/632/239
f 1530/579/239 1707/632/239 1713/577/239
f 1453/536/239 1456/538/239 1454/537/239
f 1522/573/239 1525/575/239 1719/574/239
f 1519/571/239 1522/573/239 1722/572/239
f 1516/569/239 1519/571/239 1725/570/239
f 1510/565/239 1513/567/239 1728/566/239
f 1510/565/239 1730/561/239 1506/563/239
f 1732/557/239 1501/559/239 1509/564/239
f 1735/557/239 1509/564/239 1737/562/239
f 1500/558/239 1503/560/239 1740/557/239
f 1500/558/239 1492/554/239 1743/633/239
f 1486/552/239 1488/553/239 1493/555/239
f 1463/543/239 1460/541/239 1467/545/239
f 1492/554/239 1494/556/239 1743/633/239
f 1516/569/239 1754/568/239 1513/567/239
f 1530/579/239 1757/576/239 1525/575/239
f 1759/592/239 1760/589/239 1761/593/239
f 1467/545/239 1460/541/239 1459/540/239
f 1765/634/240 1766/635/240 1767/636/240
f 1768/634/240 1769/636/240 1770/637/240
f 1771/635/240 1772/638/240 1773/636/240
f 1774/638/240 1775/639/240 1776/636/240
f 1777/639/240 1778/640/240 1779/636/240
f 1780/640/240 1781/641/240 1782/636/240
f 1783/641/240 1784/642/240 1785/636/240
f 1786/643/240 1787/636/240 1788/642/240
f 1789/643/240 1790/642/240 1791/644/240
f 1792/645/240 1793/646/240 1794/643/240
f 1795/645/240 1796/643/240 1797/647/240
f 1798/646/240 1799/648/240 1800/643/240
f 1801/648/240 1802/649/240 1803/643/240
f 1804/643/240 1805/644/240 1806/647/240
f 1807/650/240 1808/643/240 1809/649/240
f 1810/650/240 1811/649/240 1812/651/240
f 1813/649/240 1814/652/240 1815/651/240
f 1816/652/240 1817/653/240 1818/654/240
f 1819/655/240 1820/656/240 1821/657/240
f 1822/654/240 1823/656/240 1824/655/240
f 1825/655/240 1826/657/240 1827/658/240
f 1828/659/240 1829/660/240 1830/661/240
f 1831/662/240 1832/660/240 1833/659/240
f 1834/660/240 1835/663/240 1836/661/240
f 1837/664/240 1838/665/240 1839/666/240
f 1840/665/240 1841/667/240 1842/666/240
f 1843/668/240 1844/666/240 1845/669/240
f 1846/670/240 1847/671/240 1843/668/240
f 1843/668/240 1850/669/240 1851/672/240
f 1852/671/240 1853/673/240 1843/668/240
f 1855/673/240 1856/674/240 1843/668/240
f 1858/664/240 1859/666/240 1843/668/240
f 1861/674/240 1862/675/240 1843/668/240
f 1864/676/240 1843/668/240 1866/677/240
f 1867/653/240 1868/656/240 1869/654/240
f 1870/637/240 1864/676/240 1872/678/240
f 1873/659/240 1874/658/240 1875/662/240
f 1876/663/240 1877/667/240 1878/661/240
f 1879/651/240 1880/652/240 1881/654/240
f 1882/650/240 1883/679/240 1884/643/240
f 1885/679/240 1886/680/240 1887/643/240
f 1888/680/240 1889/681/240 1890/643/240
f 1891/682/240 1892/681/240 1893/680/240
f 1894/683/240 1895/684/240 1896/681/240
f 1897/681/240 1898/682/240 1899/685/240
f 1900/684/240 1901/683/240 1902/686/240
f 1903/684/240 1904/686/240 1905/687/240
f 1906/688/240 1907/689/240 1908/690/240
f 1909/689/240 1910/687/240 1911/690/240
f 1912/690/240 1913/691/240 1914/692/240
f 1915/691/240 1916/693/240 1917/694/240
f 1918/695/240 1919/696/240 1920/697/240
f 1921/698/240 1922/699/240 1923/700/240
f 1924/698/240 1925/700/240 1926/701/240
f 1927/702/240 1928/703/240 1929/699/240
f 1930/704/240 1931/705/240 1932/706/240
f 1933/704/240 1934/706/240 1935/707/240
f 1936/708/240 1937/705/240 1938/704/240
f 1939/709/240 1940/710/240 1941/711/240
f 1942/709/240 1943/711/240 1944/712/240
f 1945/713/240 1946/714/240 1947/709/240
f 1948/715/240 1949/716/240 1950/713/240
f 1951/716/240 1952/717/240 1953/713/240
f 1954/718/240 1955/719/240 1956/715/240
f 1957/720/240 1958/721/240 1959/441/240
f 1960/720/240 1961/441/240 1962/722/240
f 1963/723/240 1964/441/240 1965/724/240
f 1966/441/240 1967/725/240 1968/724/240
f 1969/672/240 1970/670/240 1843/668/240
f 1972/664/240 1843/668/240 1974/723/240
f 1975/675/240 1976/677/240 1843/668/240
f 1978/678/240 1864/676/240 1980/677/240
f 1981/665/240 1982/661/240 1983/667/240
f 1984/689/240 1985/684/240 1986/687/240
f 1843/668/240 1988/441/240 1989/723/240
f 1990/721/240 1991/725/240 1992/441/240
f 1993/726/240 1994/714/240 1995/713/240
f 1996/727/240 1997/718/240 1998/722/240
f 1999/718/240 2000/715/240 2001/722/240
f 2002/719/240 2003/716/240 2004/715/240
f 2005/441/240 2006/727/240 2007/722/240
f 2008/717/240 2009/726/240 2010/713/240
f 2011/712/240 2012/711/240 2013/728/240
f 2014/714/240 2015/710/240 2016/709/240
f 2017/712/240 2018/728/240 2019/708/240
f 2020/704/240 2021/712/240 2022/708/240
f 2023/699/240 2024/698/240 2025/702/240
f 2026/707/240 2027/702/240 2028/704/240
f 2029/702/240 2030/707/240 2031/703/240
f 2032/698/240 2033/701/240 2034/695/240
f 2035/693/240 2036/695/240 2037/697/240
f 2038/691/240 2039/695/240 2040/693/240
f 2041/692/240 2042/691/240 2043/694/240
f 2044/688/240 2045/690/240 2046/692/240
f 2047/685/240 2048/683/240 2049/681/240
f 2050/657/240 2051/662/240 2052/658/240
f 2053/729/240 1864/676/240 2055/637/240
f 2056/730/240 2053/729/240 2058/636/240
f 2056/730/240 2060/636/240 2061/731/240
f 2062/636/240 2063/732/240 2061/731/240
f 2065/733/240 2063/732/240 2067/636/240
f 2063/732/240 2069/734/240 2061/731/240
f 2063/732/240 2072/735/240 2073/736/240
f 2074/737/240 2072/735/240 2063/732/240
f 2073/736/240 2078/738/240 2079/739/240
f 2078/738/240 2081/740/240 2079/739/240
f 2069/734/240 2063/732/240 2073/736/240
f 2086/741/240 2073/736/240 2088/742/240
f 2086/741/240 2069/734/240 2073/736/240
f 2092/743/240 2069/734/240 2086/741/240
f 2092/743/240 2096/744/240 2069/734/240
f 2098/745/240 2069/734/240 2100/746/240
f 2098/745/240 2100/746/240 2103/747/240
f 2104/748/240 2061/731/240 2098/745/240
f 2107/749/240 2098/745/240 2109/750/240
f 2104/748/240 2098/745/240 2107/749/240
f 2104/748/240 2114/751/240 2115/752/240
f 2114/751/240 2117/753/240 2115/752/240
f 2104/748/240 2115/752/240 2061/731/240
f 2098/745/240 2061/731/240 2069/734/240
f 2125/754/240 2088/742/240 2073/736/240
f 2078/738/240 2073/736/240 2072/735/240
f 2131/696/240 2132/695/240 2133/701/240
f 2134/636/240 2053/729/240 2136/637/240
f 2137/755/167 1192/439/167 2139/756/167
f 2140/757/167 2141/755/167 2142/756/167
f 2143/755/167 2144/757/167 2145/758/167
f 2146/759/167 2147/760/167 2148/761/167
f 2149/758/167 2150/759/167 2151/761/167
f 2152/761/167 2153/760/167 2154/762/241
f 2155/758/167 2156/757/167 2157/759/167
f 2158/763/242 2159/764/243 2160/765/244
f 2161/765/244 2162/764/243 2163/762/241
f 2164/760/167 2165/765/244 2166/762/241
f 2167/766/245 2168/767/246 2169/763/242
f 2170/765/244 2171/766/245 2172/763/242
f 2173/766/245 2174/768/247 2175/767/246
f 2176/769/248 2177/768/247 2178/770/249
f 2179/769/248 2180/767/246 2181/768/247
f 2182/769/248 2183/770/249 2184/771/250
f 2185/772/251 2186/773/252 2187/774/253
f 2188/771/254 2189/772/251 2190/774/253
f 2191/771/254 2192/770/249 2193/772/251
f 2194/775/255 2195/776/256 2196/777/257
f 2197/778/258 2198/774/253 2199/773/252
f 2200/779/259 2201/775/260 2202/777/257
f 2203/780/261 2204/781/262 2205/782/263
f 2206/779/259 2207/780/261 2208/782/264
f 2209/782/264 2210/781/265 2211/783/266
f 2212/783/266 2213/781/262 2214/784/267
f 2215/785/268 2216/786/269 2217/787/270
f 2218/788/271 2219/785/268 2220/787/272
f 2221/789/273 2222/790/274 2223/791/275
f 2224/789/273 2225/792/276 2226/790/274
f 1189/437/139 2228/793/277 1190/438/166
f 2230/794/278 1190/438/139 2232/793/277
f 2233/795/279 2234/794/278 2235/793/277
f 2236/795/279 2237/796/280 2238/794/278
f 2239/795/281 2240/791/282 2241/796/283
f 2242/796/284 2243/791/275 2244/790/285
f 2245/792/286 2246/789/287 2247/797/288
f 2248/798/289 2249/792/286 2250/797/288
f 2251/799/290 2252/798/289 2253/797/288
f 2254/799/290 2255/800/291 2256/798/289
f 2257/801/292 2258/802/293 2259/803/291
f 2260/803/294 2261/802/293 2262/804/295
f 2263/804/295 2264/802/296 2265/805/297
f 2266/806/298 2267/804/295 2268/805/299
f 2269/786/300 2270/806/301 2271/805/302
f 2272/786/300 2273/785/268 2274/806/301
f 2275/779/259 2276/777/257 2277/780/261
f 2278/787/270 2279/807/303 2280/788/271
f 2281/788/271 2282/807/304 2283/808/305
f 2284/808/305 2285/807/303 2286/809/306
f 2287/810/307 2288/808/308 2289/809/306
f 2290/811/309 2291/810/310 2292/809/306
f 2293/811/309 2294/812/311 2295/810/310
f 2296/811/309 2297/813/312 2298/812/311
f 2299/812/313 2300/813/312 2301/784/267
f 2302/784/267 2303/813/312 2304/783/266
f 2305/756/167 1192/439/167 1194/441/167
f 2308/778/255 2309/773/252 2310/814/256
f 2311/815/239 2312/816/239 2313/817/239
f 2312/816/239 2315/818/239 2316/819/239
f 2317/820/239 2318/821/239 2319/822/239
f 2317/820/239 2321/823/239 2318/821/239
f 2319/822/239 2318/821/239 2325/824/239
f 2326/825/239 2327/826/239 2328/827/239
f 2328/827/239 2327/826/239 2325/824/239
f 2332/828/239 2326/825/239 2334/829/239
f 2335/830/239 2332/828/239 2334/829/239
f 2334/829/239 2339/831/239 2335/830/239
f 2341/832/239 2342/833/239 2343/834/239
f 2343/834/239 2342/833/239 2346/835/239
f 2347/836/239 2348/837/239 2316/819/239
f 2316/819/239 2351/838/239 2352/839/239
f 2353/840/239 2316/819/239 2355/841/239
f 2356/842/239 2357/843/239 2316/819/239
f 2316/819/239 2348/837/239 2351/838/239
f 2362/844/239 2356/842/239 2353/840/239
f 2351/838/239 2348/837/239 2341/832/239
f 2353/840/239 2369/845/239 2362/844/239
f 2369/845/239 2372/846/239 2373/847/239
f 2325/824/239 2327/826/239 2319/822/239
f 2377/848/239 2378/849/239 2379/850/239
f 2379/850/239 2378/849/239 2382/851/239
f 2372/846/239 2382/851/239 2385/852/239
f 2335/830/239 2339/831/239 2346/835/239
f 2389/853/239 2390/854/239 2377/848/239
f 2392/855/239 2393/856/239 2318/821/239
f 2395/857/239 2392/855/239 2397/858/239
f 2398/859/239 2392/855/239 2318/821/239
f 2401/860/239 2395/857/239 2403/861/239
f 2404/861/239 2405/862/239 2401/860/239
f 2401/860/239 2408/862/239 2409/863/239
f 2409/863/239 2411/862/239 2412/864/239
f 2413/865/239 2414/866/239 2415/867/239
f 2416/867/239 2414/866/239 2418/868/239
f 2419/869/239 2413/865/239 2421/867/239
f 2357/843/239 2347/836/239 2316/819/239
f 2425/870/239 2355/841/239 2316/819/239
f 2316/819/239 2353/840/239 2356/842/239
f 2362/844/239 2369/845/239 2373/847/239
f 2316/819/239 2352/839/239 2436/869/239
f 2382/851/239 2372/846/239 2369/845/239
f 2382/851/239 2378/849/239 2385/852/239
f 2341/832/239 2348/837/239 2342/833/239
f 2412/864/239 2447/862/239 2448/871/239
f 2346/835/239 2339/831/239 2451/872/239
f 2452/869/239 2352/839/239 2413/865/239
f 2418/868/239 2412/864/239 2457/871/239
f 2458/867/239 2418/868/239 2460/871/239
f 2461/858/239 2462/861/239 2395/857/239
f 2464/873/239 2398/859/239 2466/874/239
f 2467/874/239 2398/859/239 2469/875/239
f 2398/859/239 2471/876/239 2472/858/239
f 2473/877/239 2474/875/239 2398/859/239
f 2476/878/239 2473/877/239 2478/879/239
f 2479/878/239 2480/880/239 2473/877/239
f 2482/881/239 2483/882/239 2484/883/239
f 2485/884/239 2486/885/239 2487/886/239
f 2487/886/239 2489/885/239 2490/882/239
f 2491/887/239 2487/886/239 2493/888/239
f 2377/848/239 2379/850/239 2389/853/239
f 2451/872/239 2343/834/239 2346/835/239
f 2478/879/239 2484/883/239 2502/878/239
f 2392/855/239 2398/859/239 2505/858/239
f 2506/889/239 2507/890/239 2508/891/314
f 2506/889/239 2510/892/239 2507/890/239
f 2512/893/239 2508/891/314 2507/890/239
f 2515/894/239 2516/895/239 2517/896/239
f 2515/894/239 2512/893/239 2516/895/239
f 2521/897/239 2522/898/239 2523/899/239
f 2523/899/239 2522/898/239 2526/900/239
f 2527/901/239 2528/902/239 2529/903/239
f 2529/903/239 2528/902/239 2523/899/239
f 2533/904/239 2534/905/239 2535/906/239
f 2535/906/239 2534/905/239 2527/901/239
f 2539/907/239 2540/908/239 2541/909/239
f 2542/910/239 2533/904/239 2535/906/239
f 2528/902/239 2527/901/239 2534/905/239
f 2529/903/239 2523/899/239 2526/900/239
f 2551/911/239 2552/912/239 2553/913/315
f 2553/913/315 2552/912/239 2541/909/239
f 2539/907/239 2558/914/239 2540/908/239
f 2553/913/315 2541/909/239 2540/908/239
f 2316/819/239 2542/910/239 2565/915/239
f 2311/815/239 2315/818/239 2312/816/239
f 2316/819/239 2565/915/239 2425/870/239
f 2313/817/239 2312/816/239 2574/916/316
f 2575/917/239 2313/817/239 2574/916/316
f 2578/918/239 2575/917/239 2574/916/316
f 2581/919/239 2578/918/239 2574/916/316
f 2578/918/239 2585/920/239 2586/921/239
f 2578/918/239 2581/919/239 2585/920/239
f 2590/922/239 2591/923/239 2592/924/239
f 2590/922/239 2594/925/239 2591/923/239
f 2590/922/239 2597/926/239 2594/925/239
f 2590/922/239 2600/927/314 2597/926/239
f 2316/819/239 2603/928/239 2542/910/239
f 2585/920/239 2592/924/239 2586/921/239
f 2581/919/239 2574/916/316 2610/929/239
f 2610/929/239 2574/916/316 2613/930/239
f 2613/930/239 2574/916/316 2616/931/239
f 2617/932/239 2613/930/239 2616/931/239
f 2533/904/239 2621/933/239 2539/907/239
f 2623/934/239 2624/935/239 2617/932/239
f 2617/932/239 2624/935/239 2628/936/239
f 2629/937/239 2617/932/239 2631/938/239
f 2516/895/239 2512/893/239 2507/890/239
f 2629/937/239 2636/939/239 2617/932/239
f 2539/907/239 2621/933/239 2558/914/239
f 2641/940/239 2516/895/239 2507/890/239
f 2390/854/239 2318/821/239 2321/823/239
f 2647/941/239 2641/940/239 2318/821/239
f 2390/854/239 2647/941/239 2318/821/239
f 2390/854/239 2389/853/239 2647/941/239
f 2318/821/239 2641/940/239 2507/890/239
f 2326/825/239 2328/827/239 2334/829/239
f 2393/856/239 2325/824/239 2318/821/239
f 2473/877/239 2666/880/239 2667/875/239
f 2668/887/239 2316/819/239 2670/869/239
f 2621/933/239 2542/910/239 2603/928/239
f 2617/932/239 2628/936/239 2631/938/239
f 2507/890/239 2510/892/239 2679/942/239
f 2533/904/239 2542/910/239 2621/933/239
f 2553/913/315 2684/943/239 2551/911/239
f 2517/896/239 2687/944/239 2521/897/239
f 2521/897/239 2687/944/239 2691/945/239
f 2522/898/239 2521/897/239 2691/945/239
f 2603/928/239 2316/819/239 2315/818/239
f 2487/886/239 2699/946/239 2700/947/239
f 2487/886/239 2702/887/239 2703/884/239
f 2704/948/239 2699/946/239 2706/882/239
f 2707/882/239 2699/946/239 2487/886/239
f 2482/881/239 2704/948/239 2712/882/239
f 2484/883/239 2714/882/239 2715/878/239
f 2716/876/239 2398/859/239 2718/873/239
f 2517/896/239 2521/897/239 2515/894/239
f 2722/949/315 2679/942/239 2510/892/239
f 2722/949/315 2726/950/239 2679/942/239
f 2679/942/239 2726/950/239 2730/951/315
f 2731/952/239 2679/942/239 2730/951/315
f 2636/939/239 2735/953/239 2731/952/239
f 2731/952/239 2735/953/239 2679/942/239
f 2617/932/239 2616/931/239 2623/934/239
f 2585/920/239 2590/922/239 2592/924/239
f 2746/954/239 2616/931/239 2574/916/316
f 2617/932/239 2636/939/239 2731/952/239
f 2752/887/239 2493/888/239 2316/819/239
f 2755/955/317 2756/956/318 2757/957/319
f 2758/955/317 2759/958/320 2760/959/321
f 2761/960/322 2762/955/317 2763/957/323
f 2764/960/322 2765/961/324 2766/962/325
f 2767/963/325 2768/964/326 2769/965/327
f 2770/966/328 2771/963/325 2772/965/327
f 2773/967/329 2774/968/330 2775/969/331
f 2776/970/332 2777/969/331 2778/971/333
f 2779/972/334 2780/965/327 2781/970/335
f 2782/973/336 2783/974/337 2784/975/338
f 2785/975/338 2786/976/338 2787/977/338
f 2788/976/338 2789/978/338 2790/979/338
f 2791/980/338 2792/981/338 2793/982/338
f 2794/978/338 2795/980/338 2796/982/338
f 2797/979/338 2798/978/338 2799/982/338
f 2800/981/338 2801/983/339 2802/982/338
f 2803/981/338 2804/984/340 2805/983/339
f 2806/985/341 2807/986/342 2808/987/343
f 2809/983/339 2810/988/344 2811/987/343
f 2812/989/345 2813/990/346 2814/991/347
f 2815/992/348 2816/989/345 2817/993/349
f 2818/992/350 2819/994/351 2820/989/352
f 2821/992/350 2822/995/353 2823/994/354
f 2824/994/351 2825/995/355 2826/996/356
f 2827/996/356 2828/995/355 2829/997/357
f 2830/998/358 2831/999/356 2832/1000/357
f 2833/1001/359 2834/998/360 2835/1000/357
f 2836/1002/361 2837/1001/359 2838/1000/357
f 2839/1002/362 2840/986/363 2841/1001/359
f 2842/1002/362 2843/987/343 2844/986/363
f 2845/983/339 2846/984/340 2847/988/344
f 2848/985/341 2849/987/343 2850/988/344
f 2851/977/338 2852/976/338 2853/979/338
f 2854/1003/338 2855/975/338 2856/977/338
f 2857/1003/338 2858/973/336 2859/975/338
f 2860/973/336 2861/1004/364 2862/974/337
f 2863/973/365 2864/968/330 2865/1004/364
f 2866/1004/364 2867/968/330 2868/967/329
f 2869/968/330 2870/971/333 2871/969/331
f 2872/971/333 2873/972/334 2874/970/332
f 2875/972/334 2876/966/366 2877/965/327
f 2878/960/322 2879/957/319 2880/961/367
f 2881/959/321 2882/956/368 2883/955/317
f 2884/958/320 2885/1005/369 2886/959/321
f 2887/989/345 2888/1006/370 2889/1007/371
f 2890/989/352 2814/991/347 2888/1006/370
f 2893/989/352 2889/1007/371 2895/993/349
f 2896/1008/372 2897/1009/373 2898/959/321
f 2885/1005/374 2896/1008/372 2901/959/321
f 2897/1009/375 2903/1010/376 2904/959/321
f 2889/1007/371 2906/1011/377 2907/1012/377
f 2889/1007/371 2909/1013/377 2910/1014/377
f 2814/991/378 2912/1015/377 2913/1016/377
f 2888/1006/370 2814/991/347 1279/467/379
f 1342/492/215 2918/990/377 1282/470/195
f 1279/467/192 1281/469/194 2922/1017/377
f 2923/1018/380 2814/991/378 2925/1019/380
f 2814/991/378 2927/1020/377 2928/1019/377
f 1279/467/379 2930/1021/377 2888/1006/370
f 2932/1022/377 1342/492/381 2934/1023/377
f 1342/492/215 1279/467/192 2937/1023/377
f 2938/1024/377 1342/492/381 2940/1022/377
f 2941/1017/377 2942/1021/377 1279/467/379
f 1342/492/381 2945/1024/377 2946/1025/377
f 1342/492/381 2948/1025/377 2949/1026/377
f 2950/990/377 1342/492/381 2952/1027/377
f 2953/990/377 2954/1027/377 2955/1028/377
f 2956/1029/377 2814/991/347 2958/990/377
f 2959/1029/382 2960/990/382 2961/1030/382
f 2962/1015/377 2814/991/378 2964/1029/377
f 2965/1031/377 2966/1032/377 2888/1006/383
f 2814/991/347 2969/1016/377 2970/1033/377
f 2971/1031/377 2888/1006/370 2973/1034/377
f 2974/1021/377 2975/1035/377 2888/1006/370
f 2977/1036/377 2978/1037/377 2979/1038/377
f 2980/1036/377 2981/1039/377 2982/1040/377
f 2983/1037/382 1281/469/194 2979/1038/382
f 2986/1041/377 2987/1042/377 1281/469/194
f 2989/1027/377 1342/492/381 2991/1026/377
f 1279/467/379 2993/1043/377 2994/1023/377
f 2995/1018/377 2996/1043/377 1279/467/379
f 2998/1020/384 2814/991/378 3000/1033/384
f 3001/1035/377 3002/1044/377 2888/1006/370
f 3004/1017/377 1281/469/194 3006/1042/377
f 3007/1011/384 2888/1006/383 3009/1032/384
f 3010/1045/377 2889/1007/371 3012/1012/377
f 2909/1013/377 2889/1007/371 3015/1046/377
f 3016/1028/384 3017/1030/384 3018/990/384
f 2888/1006/370 3020/1011/377 2889/1007/371
f 3022/1037/377 3023/1041/377 1281/469/194
f 2814/991/347 3026/1018/377 1279/467/379
f 2981/1039/377 3029/1036/377 2979/1038/377
f 3015/1046/377 3032/1040/377 2981/1039/377
f 3034/1045/377 3035/1047/377 2889/1007/371
f 3037/1048/377 3038/993/377 2889/1007/371
f 3037/1048/377 3041/1049/377 3042/993/377
f 3037/1048/377 3044/1050/377 3045/1049/377
f 3044/1050/377 3047/1051/377 3048/1049/377
f 3049/1049/377 3050/1052/377 3051/1053/377
f 3047/1051/377 3050/1052/377 3054/1049/377
f 3055/1049/377 3051/1053/377 3057/1054/377
f 3058/1049/377 3057/1054/377 3060/1055/377
f 3061/1049/377 3060/1055/377 3063/1056/377
f 2889/1007/371 2910/1014/377 3037/1048/377
f 2888/1006/385 3068/1044/377 3069/1034/377
f 3015/1046/377 3071/1047/377 3072/1040/377
f 2889/1007/371 3074/1047/377 3015/1046/377
f 1414/519/236 3077/1057/386 3078/1058/386
f 1414/519/387 3080/1058/388 3081/1059/388
f 2885/1005/374 3083/1060/386 3084/1061/386
f 3085/1062/386 3086/1063/386 2897/1009/373
f 2896/1008/372 3089/1064/386 3090/1065/386
f 3091/1066/386 3092/1067/386 2896/1008/372
f 3094/1066/386 2896/1008/372 3096/1068/386
f 3097/1059/386 3098/1069/386 1428/522/238
f 3100/1070/386 1426/521/237 3102/1071/386
f 1426/521/237 1428/522/238 3105/1071/386
f 2897/1009/373 2896/1008/372 1428/522/238
f 3109/1072/386 3110/1073/386 1426/521/237
f 3110/1073/386 3113/1072/386 3114/1074/386
f 3110/1073/386 3116/1074/386 3117/1075/386
f 3118/1076/386 3119/1077/386 2885/1005/374
f 3119/1077/386 3122/1078/386 3123/1079/386
f 3124/1061/386 3125/1064/386 2885/1005/374
f 2885/1005/374 3128/1080/386 3129/1081/386
f 3130/1064/386 2896/1008/372 2885/1005/374
f 3133/1082/386 2896/1008/389 3135/1065/386
f 2897/1009/373 3137/1083/390 3138/1062/390
f 2897/1009/373 3140/1084/390 3141/1083/390
f 3117/1075/386 3143/1074/386 3144/1078/386
f 2885/1005/374 3146/1079/386 3147/1060/386
f 3148/1085/386 1414/519/391 3150/1086/386
f 1414/519/236 3152/1010/386 3153/1086/386
f 3154/1087/386 1414/519/387 3156/1085/386
f 3157/1059/388 1428/522/238 1414/519/236
f 3160/1088/386 1426/521/237 3162/1070/386
f 3163/1067/386 1428/522/238 2896/1008/372
f 1428/522/238 3167/1067/386 3168/1071/386
f 1428/522/238 3170/1069/386 3171/1089/386
f 1414/519/236 3173/1087/386 3174/1057/386
f 3175/1090/392 3176/1010/392 2897/1009/373
f 3178/1091/386 2896/1008/389 3180/1082/386
f 3181/1090/392 2897/1009/393 3183/1092/392
f 3184/1093/386 3185/1010/386 3186/1090/386
f 2897/1009/373 3188/1089/390 3189/1084/390
f 1428/522/238 3191/1089/386 2897/1009/373
f 1426/521/237 3194/1088/386 3195/1072/386
f 1414/519/236 1382/509/228 3198/1010/386
f 3128/1080/386 3200/958/386 3201/1094/386
f 3128/1080/386 3203/1094/386 3204/1095/386
f 3205/1094/386 3206/1096/386 3204/1095/386
f 3208/1097/386 3206/1096/386 3210/1094/386
f 3208/1097/386 3212/1094/386 3213/1098/386
f 3214/1094/386 3215/1099/386 3213/1098/386
f 3217/1100/386 3215/1099/386 3219/1094/386
f 3217/1100/386 3221/1094/386 3222/1101/386
f 3223/1092/392 2897/1009/373 3225/1063/392
f 3118/1076/386 2885/1005/374 3129/1081/386
f 3229/1093/386 3230/1102/386 3231/1010/386
f 2885/1005/374 3233/958/386 3128/1080/386
f 3119/1077/386 3117/1075/386 3237/1078/386
f 2885/1005/374 3119/1077/386 3240/1079/386
f 3241/1091/386 3242/1068/386 2896/1008/389
f 3244/1086/386 3245/1010/386 3246/1102/386
f 3247/1103/19 3248/1104/21 3249/1105/19
f 3250/1106/21 3251/1107/23 3252/1108/21
f 3253/1107/23 3254/1109/23 3252/1108/21
f 3256/1103/394 3249/1105/394 3258/1110/17
f 3254/1109/395 3260/1111/25 3261/1112/25
f 3262/1107/395 3263/1111/25 3254/1109/395
f 3249/1105/394 3266/1113/17 3267/1110/17
f 3268/1104/21 3252/1114/21 3249/1105/19
f 3271/1110/17 3266/1113/17 3273/1115/17
f 3266/1113/17 3275/1116/17 3276/1115/17
f 3277/1117/11 3278/1118/13 3279/1119/11
f 3280/1120/13 3281/1121/15 3282/1122/13
f 3283/1121/15 3284/1123/15 3282/1122/13
f 3286/1117/396 3279/1119/396 3288/1124/9
f 3284/1123/397 3290/1115/17 3275/1116/17
f 3292/1121/397 3293/1115/17 3284/1123/397
f 3279/1119/396 3296/1125/9 3297/1124/9
f 3298/1118/13 3282/1126/13 3279/1119/11
f 3301/1124/9 3296/1125/9 3303/1127/9
f 3296/1125/9 3305/1128/9 3306/1127/9
f 3307/1129/3 3308/1130/5 3309/1131/3
f 3310/1132/5 3311/1133/7 3312/1134/5
f 3313/1133/7 3314/1135/7 3312/1134/5
f 3316/1129/3 3309/1131/3 3318/1136/398
f 3309/1131/399 3320/1137/2 3321/1136/2
f 3322/1133/400 3323/1127/9 3314/1135/400
f 3314/1135/400 3326/1127/9 3305/1128/9
f 3328/1130/5 3312/1138/5 3309/1131/3
f 3331/1136/2 3320/1137/2 3333/1139/2
f 3320/1137/2 3335/1140/2 3336/1139/2
f 3337/1141/401 3338/1142/401 3339/1143/25
f 3340/1144/29 3338/1142/27 3342/1141/27
f 3343/1145/31 3344/1146/29 3345/1147/29
f 3335/1140/2 3347/1148/402 3348/1139/2
f 3347/1148/31 3350/1145/31 3351/1139/403
f 3344/1146/29 3353/1145/31 3347/1148/31
f 3338/1142/401 3356/1149/25 3357/1143/25
f 3358/1144/29 3344/1150/29 3338/1142/27
f 3361/1143/25 3356/1149/25 3363/1111/25
f 3356/1149/25 3261/1112/25 3366/1111/25
f 3367/848/239 3368/854/239 3369/823/239
f 3370/849/239 3371/848/239 3372/823/239
f 3373/852/239 3374/823/239 3375/846/239
f 3376/852/239 3377/849/239 3378/823/239
f 3379/846/239 3380/823/239 3381/843/239
f 3382/842/239 3383/844/239 3384/843/239
f 3385/846/239 3386/843/239 3387/847/239
f 3388/843/239 3389/823/239 3390/836/239
f 3391/823/239 3392/820/239 3393/836/239
f 3394/836/239 3395/830/239 3396/837/239
f 3397/836/239 3398/820/239 3399/830/239
f 3400/837/315 3401/830/315 3402/833/315
f 3403/828/239 3404/820/239 3405/825/239
f 3406/822/239 3407/826/239 3408/820/239
f 3409/820/239 3410/826/239 3411/825/239
f 3412/820/239 3413/828/239 3414/830/239
f 3415/847/239 3416/843/239 3417/844/239
f 3418/833/404 3419/830/404 3420/835/404
f 3421/1151/25 3422/1152/25 3423/1153/21
f 3422/1152/25 3425/1154/21 3426/1153/21
f 3427/1155/21 3425/1156/21 3429/1157/21
f 3425/1156/21 3431/1158/21 3432/1157/21
f 3433/1157/21 3431/1158/21 3435/1159/17
f 3431/1158/21 3437/1160/17 3438/1159/17
f 3439/1159/17 3437/1160/17 3441/1161/17
f 3437/1160/17 3443/1162/17 3444/1161/17
f 3445/1163/11 3446/1164/13 3447/1165/11
f 3448/1166/13 3449/1167/15 3450/1168/13
f 3451/1167/15 3452/1169/15 3450/1168/13
f 3454/1163/396 3447/1165/396 3456/1170/9
f 3452/1169/397 3458/1161/405 3443/1162/17
f 3460/1167/397 3461/1161/17 3452/1169/15
f 3447/1165/396 3464/1171/9 3465/1170/9
f 3466/1164/13 3450/1172/13 3447/1165/11
f 3469/1170/9 3464/1171/9 3471/1173/9
f 3464/1171/9 3473/1174/9 3474/1173/9
f 3475/1175/399 3476/1176/3 3477/1177/2
f 3478/1178/5 3476/1176/3 3480/1175/3
f 3481/1179/7 3482/1180/5 3483/1181/5
f 3484/1182/7 3482/1180/5 3486/1179/7
f 3484/1182/7 3488/1173/406 3473/1174/9
f 3490/1179/400 3491/1173/9 3484/1182/400
f 3476/1176/399 3494/1183/2 3495/1177/2
f 3496/1178/5 3482/1184/5 3476/1176/3
f 3499/1177/2 3494/1183/2 3501/1185/2
f 3494/1183/2 3503/1186/2 3504/1185/2
f 3503/1186/2 3506/1187/29 3507/1185/2
f 3503/1186/2 3509/1188/29 3510/1187/29
f 3511/1189/29 3509/1190/29 3513/1191/29
f 3509/1190/29 3515/1192/29 3516/1191/29
f 3517/1191/29 3515/1192/29 3519/1193/25
f 3515/1192/29 3521/1194/25 3522/1193/25
f 3523/1193/25 3521/1194/25 3525/1151/25
f 3521/1194/25 3422/1152/25 3528/1151/25
f 3529/838/239 3530/824/239 3531/856/239
f 3532/829/239 3533/827/239 3534/838/239
f 3535/838/239 3536/827/239 3537/824/239
f 3538/831/239 3539/829/239 3540/838/239
f 3541/838/315 3542/834/315 3543/872/315
f 3544/831/239 3545/838/239 3546/872/239
f 3547/838/239 3548/856/239 3549/839/239
f 3550/856/239 3551/855/239 3552/839/239
f 3553/839/239 3554/857/239 3555/860/239
f 3556/839/239 3557/855/239 3558/857/239
f 3559/863/239 3560/839/239 3561/860/239
f 3562/863/239 3563/864/239 3564/839/239
f 3565/866/239 3566/865/239 3567/864/239
f 3568/864/239 3569/865/239 3570/839/239
f 3571/834/404 3572/838/404 3573/832/404
f 3574/868/239 3575/866/239 3576/864/239
f 3577/867/315 3578/871/315 3579/862/315
f 3580/869/239 3581/862/239 3582/887/239
f 3583/869/239 3584/867/239 3585/862/239
f 3586/862/239 3587/884/239 3588/887/239
f 3589/882/239 3590/862/239 3591/878/239
f 3592/862/239 3593/885/239 3594/884/239
f 3595/862/239 3596/880/239 3597/878/239
f 3598/874/239 3599/875/239 3600/862/239
f 3601/862/239 3602/875/239 3603/880/239
f 3604/874/239 3605/862/239 3606/873/239
f 3607/862/239 3608/858/239 3609/876/239
f 3610/873/239 3611/862/239 3612/876/239
f 3613/862/315 3614/861/315 3615/858/315
f 3616/882/239 3617/885/239 3618/862/239
f 3619/1195/19 3620/1196/21 3621/1197/19
f 3622/1198/21 3623/1199/23 3624/1200/21
f 3625/1199/23 3626/1201/23 3624/1200/21
f 3628/1195/394 3621/1197/394 3630/1202/17
f 3626/1201/395 3632/1203/25 3633/1204/25
f 3634/1199/395 3635/1203/25 3626/1201/395
f 3621/1197/394 3638/1205/17 3639/1202/17
f 3640/1196/21 3624/1206/21 3621/1197/19
f 3643/1202/17 3638/1205/17 3645/1207/17
f 3638/1205/17 3647/1208/17 3648/1207/17
f 3649/1209/11 3650/1210/13 3651/1211/11
f 3652/1212/13 3653/1213/15 3654/1214/13
f 3655/1213/15 3656/1215/15 3654/1214/13
f 3658/1209/396 3651/1211/396 3660/1216/9
f 3656/1215/397 3662/1207/17 3647/1208/17
f 3664/1213/397 3665/1207/17 3656/1215/397
f 3651/1211/396 3668/1217/9 3669/1216/9
f 3670/1210/13 3654/1218/13 3651/1211/11
f 3673/1216/9 3668/1217/9 3675/1219/9
f 3668/1217/9 3677/1220/9 3678/1219/9
f 3679/1221/17 3680/1222/17 3681/1223/397
f 3681/1223/397 3683/1222/17 3684/1224/397
f 3685/1225/13 3681/1223/15 3687/1224/15
f 3688/1226/13 3685/1225/13 3690/1224/15
f 3677/1220/9 3692/1227/396 3693/1219/9
f 3677/1220/9 3695/1228/396 3696/1227/396
f 3695/1228/11 3698/1229/13 3699/1227/11
f 3685/1230/13 3701/1229/13 3695/1228/11
f 3703/1222/17 3679/1221/17 3705/1231/17
f 3679/1221/17 3707/1232/17 3708/1231/17
f 3709/1233/11 3710/1234/13 3711/1235/11
f 3712/1236/13 3713/1237/15 3714/1238/13
f 3715/1237/15 3716/1239/15 3714/1238/13
f 3718/1233/396 3711/1235/396 3720/1240/9
f 3716/1239/15 3722/1231/17 3707/1232/17
f 3724/1237/397 3725/1231/17 3716/1239/397
f 3711/1235/396 3728/1241/9 3729/1240/9
f 3730/1234/13 3714/1242/13 3711/1235/11
f 3733/1243/9 3734/1244/9 3735/1245/9
f 3736/1240/9 3728/1241/9 3738/1243/9
f 3728/1241/9 3734/1244/9 3741/1243/9
f 3742/1246/3 3743/1247/3 3744/1248/2
f 3745/1249/5 3743/1247/3 3747/1246/3
f 3748/1250/7 3749/1251/5 3750/1252/5
f 3751/1253/7 3749/1251/5 3753/1250/7
f 3751/1253/400 3755/1245/9 3734/1244/9
f 3757/1250/400 3758/1245/9 3751/1253/400
f 3743/1247/3 3761/1254/2 3762/1248/2
f 3763/1249/5 3749/1255/5 3743/1247/3
f 3766/1248/2 3761/1254/2 3768/1256/2
f 3761/1254/2 3770/1257/2 3771/1256/2
f 3772/1258/9 3773/1259/9 3774/1260/400
f 3774/1260/400 3776/1259/9 3777/1261/400
f 3778/1262/5 3774/1260/7 3780/1261/7
f 3781/1263/5 3778/1262/5 3783/1261/7
f 3784/1264/399 3785/1256/2 3770/1257/2
f 3787/1265/3 3788/1264/399 3770/1257/2
f 3787/1265/3 3791/1266/5 3792/1264/3
f 3778/1267/5 3794/1266/5 3787/1265/3
f 3796/1259/9 3772/1258/9 3798/1268/9
f 3772/1258/9 3800/1269/9 3801/1268/9
f 3802/1270/399 3803/1271/399 3804/1272/2
f 3805/1273/5 3803/1271/3 3807/1270/3
f 3808/1274/7 3809/1275/5 3810/1276/5
f 3811/1277/7 3809/1275/5 3813/1274/7
f 3811/1277/400 3815/1268/9 3800/1269/9
f 3817/1274/400 3818/1268/9 3811/1277/400
f 3803/1271/399 3821/1278/2 3822/1272/2
f 3823/1273/5 3809/1279/5 3803/1271/3
f 3826/1272/2 3821/1278/2 3828/1280/2
f 3821/1278/2 3830/1281/2 3831/1280/2
f 3832/1282/401 3833/1283/401 3834/1284/25
f 3835/1285/29 3833/1283/27 3837/1282/27
f 3838/1286/31 3839/1287/29 3840/1288/29
f 3841/1289/402 3842/1280/2 3830/1281/2
f 3844/1286/402 3845/1280/2 3841/1289/402
f 3833/1283/401 3848/1290/25 3849/1284/25
f 3850/1285/29 3839/1291/29 3833/1283/27
f 3839/1287/29 3854/1286/31 3841/1289/31
f 3856/1284/25 3848/1290/25 3858/1203/25
f 3848/1290/25 3633/1204/25 3861/1203/25
f 3862/950/404 3863/949/404 3864/892/404
f 3865/951/239 3866/950/239 3867/892/239
f 3868/952/239 3869/951/239 3870/892/239
f 3871/892/239 3872/927/239 3873/952/239
f 3874/952/239 3875/922/239 3876/932/239
f 3877/932/239 3878/922/239 3879/920/239
f 3880/920/404 3881/929/404 3882/930/404
f 3883/930/239 3884/932/239 3885/920/239
f 3886/922/239 3887/952/239 3888/927/239
f 3889/926/315 3890/927/315 3891/892/315
f 3892/925/239 3893/911/239 3894/943/239
f 3895/925/239 3896/926/239 3897/911/239
f 3898/923/239 3899/925/239 3900/943/239
f 3901/913/239 3902/923/239 3903/943/239
f 3904/911/239 3905/926/239 3906/892/239
f 3907/917/239 3908/918/239 3909/817/239
f 3910/817/239 3911/918/239 3912/921/239
f 3913/817/239 3914/921/239 3915/924/239
f 3916/913/239 3917/908/239 3918/818/239
f 3919/818/239 3920/908/239 3921/928/239
f 3922/908/407 3923/914/407 3924/933/407
f 3925/928/239 3926/908/239 3927/933/239
f 3928/817/239 3929/913/239 3930/818/239
f 3931/817/239 3932/923/239 3933/913/239
f 3934/912/404 3935/911/404 3936/889/404
f 3937/889/239 3938/911/239 3939/892/239
f 3940/897/239 3941/912/239 3942/889/239
f 3943/817/239 3944/924/239 3945/923/239
f 3946/909/239 3947/912/239 3948/897/239
f 3949/899/239 3950/905/239 3951/904/239
f 3952/907/239 3953/909/239 3954/899/239
f 3955/899/239 3956/902/239 3957/905/239
f 3958/889/239 3959/894/239 3960/897/239
f 3961/891/239 3962/893/239 3963/889/239
f 3964/889/239 3965/893/239 3966/894/239
f 3967/909/239 3968/897/239 3969/899/239
f 3970/929/315 3971/920/315 3972/919/315
f 3973/907/239 3974/899/239 3975/904/239
f 3976/1292/19 3977/1293/21 3978/1294/19
f 3979/1295/21 3980/1296/23 3981/1297/21
f 3982/1296/23 3983/1298/23 3981/1297/21
f 3985/1292/394 3978/1294/394 3987/1299/17
f 3983/1298/395 3989/1300/25 3990/1301/25
f 3991/1296/395 3992/1300/25 3983/1298/395
f 3978/1294/394 3995/1302/17 3996/1299/17
f 3997/1293/21 3981/1303/21 3978/1294/19
f 4000/1299/17 3995/1302/17 4002/1304/17
f 3995/1302/17 4004/1305/17 4005/1304/17
f 4006/1306/11 4007/1307/13 4008/1308/11
f 4009/1309/13 4010/1310/15 4011/1311/13
f 4012/1310/15 4013/1312/15 4011/1311/13
f 4015/1306/396 4008/1308/396 4017/1313/9
f 4013/1312/397 4019/1304/17 4004/1305/17
f 4021/1310/397 4022/1304/17 4013/1312/397
f 4008/1308/396 4025/1314/9 4026/1313/9
f 4027/1307/13 4011/1315/13 4008/1308/11
f 4030/1313/9 4025/1314/9 4032/1316/9
f 4025/1314/9 4034/1317/9 4035/1316/9
f 4036/1318/399 4037/1319/399 4038/1320/2
f 4039/1321/5 4037/1319/3 4041/1318/3
f 4042/1322/7 4043/1323/5 4044/1324/5
f 4045/1325/7 4043/1323/408 4047/1322/7
f 4045/1325/7 4049/1316/9 4034/1317/9
f 4051/1322/400 4052/1316/9 4045/1325/400
f 4037/1319/3 4055/1326/2 4056/1320/2
f 4057/1321/5 4043/1327/5 4037/1319/3
f 4060/1320/2 4055/1326/2 4062/1328/2
f 4055/1326/2 4064/1329/2 4065/1328/2
f 4066/1330/401 4067/1331/401 4068/1332/25
f 4069/1333/29 4067/1331/27 4071/1330/27
f 4072/1334/31 4073/1335/29 4074/1336/29
f 4075/1337/31 4076/1328/2 4064/1329/2
f 4078/1334/402 4079/1328/2 4075/1337/402
f 4067/1331/401 4082/1338/25 4083/1332/25
f 4084/1333/29 4073/1339/29 4067/1331/27
f 4073/1335/29 4088/1334/31 4075/1337/31
f 4090/1332/25 4082/1338/25 4092/1300/25
f 4082/1338/25 3990/1301/25 4095/1300/25
f 4096/944/315 4097/896/315 4098/895/315
f 4099/945/404 4100/944/404 4101/895/404
f 4102/898/239 4103/945/239 4104/895/239
f 4105/900/315 4106/895/315 4107/910/315
f 4108/900/239 4109/898/239 4110/895/239
f 4111/906/239 4112/901/239 4113/910/239
f 4114/900/239 4115/910/239 4116/903/239
f 4117/910/239 4118/895/239 4119/915/239
f 4120/895/239 4121/940/239 4122/915/239
f 4123/915/239 4124/845/239 4125/870/239
f 4126/915/404 4127/940/404 4128/845/404
f 4129/845/239 4130/940/239 4131/851/239
f 4132/845/239 4133/841/239 4134/870/239
f 4135/851/239 4136/940/239 4137/850/239
f 4138/941/239 4139/853/239 4140/940/239
f 4141/940/315 4142/853/315 4143/850/315
f 4144/903/404 4145/910/404 4146/901/404
f 4147/845/239 4148/840/239 4149/841/239
f 4150/1340/409 4151/1341/409 4152/1342/409
f 4153/1342/409 4154/1341/409 4155/1343/409
f 4156/1344/410 4157/1341/409 4158/1345/410
f 4155/1343/410 4160/1341/409 4156/1344/410
f 4158/1345/409 4163/1341/409 4164/1346/409
f 4165/1347/411 4166/1348/411 4167/1349/411
f 4168/1350/412 4169/1351/412 4170/1347/412
f 4171/1352/412 4172/1351/412 4173/1350/412
f 4174/1353/413 4175/1350/413 4176/1354/413
f 4177/1355/412 4178/1352/412 4179/1353/412
f 4180/1356/412 4181/1357/412 4182/1352/412
f 4183/1357/412 4184/1358/412 4185/1352/412
f 4186/1352/412 4187/1358/412 4188/1359/412
f 4189/1360/412 4190/1352/412 4191/1361/412
f 4192/1352/412 4193/1359/412 4194/1361/412
f 4195/1362/412 4196/1352/412 4197/1360/412
f 4198/1352/412 4199/1355/412 4200/1356/412
f 4201/1350/412 4202/1353/412 4203/1352/412
f 4204/1351/412 4205/1363/412 4206/1347/412
f 4207/1363/412 4208/1348/412 4209/1347/412
f 4210/1364/412 4211/1348/412 4212/1363/412
f 4213/1364/412 4214/1363/412 4215/1365/412
f 4216/1363/412 4217/1366/412 4218/1365/412
f 4219/1367/412 4220/1366/412 4221/1363/412
f 4222/1368/412 4223/1363/412 4224/1369/412
f 4225/1367/412 4226/1363/412 4227/1368/412
f 4228/1369/412 4229/1363/412 4230/1370/412
f 4231/1371/414 2316/819/239 4233/1372/415
f 4231/1371/414 4235/1373/416 2316/819/239
f 4237/1374/417 4238/1375/418 4239/1376/419
f 4237/1374/417 4241/1377/420 4242/1378/421
f 4243/1379/422 2493/888/239 4245/1380/423
f 4243/1379/422 4247/1381/424 2493/888/239
f 4237/1374/417 4242/1378/421 4238/1375/418
f 4241/1377/420 4158/1345/410 4242/1378/421
f 4242/1378/421 4256/1382/425 4238/1375/418
f 4242/1378/421 4158/1345/410 4260/1383/426
f 4260/1383/426 4262/1384/427 4263/1385/428
f 4260/1383/426 4265/1346/410 4262/1384/427
f 4267/1386/429 4268/1387/430 4245/1380/423
f 4267/1386/429 2487/886/239 4272/1388/431
f 4273/1389/432 4256/1382/425 4275/1390/433
f 4273/1391/432 4277/1392/434 4238/1393/418
f 4279/1394/435 4155/1343/410 4281/1395/436
f 4279/1394/435 4283/1396/437 4284/1397/438
f 4285/1398/439 4286/1399/440 4287/1400/441
f 4285/1398/439 4289/1401/442 4286/1399/440
f 4291/1402/443 4292/1403/444 4293/1404/445
f 4291/1402/443 4295/1405/446 4292/1403/444
f 4292/1403/444 4284/1397/438 4283/1396/437
f 4292/1403/444 4295/1405/446 4284/1397/438
f 4268/1387/430 4295/1406/446 4291/1407/443
f 4268/1387/447 4307/1408/448 4308/1409/449
f 4245/1380/423 4310/1410/450 4243/1379/422
f 4312/1408/451 4267/1386/429 4314/1388/431
f 4283/1396/437 4293/1404/445 4292/1403/444
f 4283/1396/437 4281/1395/436 4320/1411/452
f 4321/1412/453 4322/1413/454 4323/1414/451
f 4321/1412/453 2312/816/239 4326/1415/455
f 4327/1416/456 4328/1417/457 4329/1418/458
f 4327/1416/456 4156/1344/410 4332/1419/459
f 4238/1393/418 4277/1392/434 4289/1401/442
f 4238/1375/418 4256/1382/425 4273/1389/432
f 4339/1420/460 4247/1381/424 4243/1379/422
f 4339/1420/460 4320/1421/452 4344/1422/461
f 4345/1423/462 4277/1392/434 4326/1415/455
f 4345/1423/462 4235/1373/416 4289/1401/442
f 4339/1420/460 4243/1379/422 4310/1410/450
f 4247/1381/424 4344/1422/461 4356/1424/424
f 2493/888/239 4356/1424/424 2316/819/239
f 4356/1424/424 4344/1422/461 4233/1372/415
f 4356/1424/424 2493/888/239 4247/1381/424
f 4273/1391/432 4326/1415/455 4277/1392/434
f 4275/1425/433 4322/1413/454 4326/1415/455
f 4326/1415/455 2312/816/239 4345/1423/462
f 4326/1415/455 4322/1413/454 4321/1412/453
f 4332/1419/459 4239/1376/419 4328/1417/457
f 4332/1419/459 4158/1345/410 4241/1377/420
f 4287/1400/441 4233/1372/415 4344/1422/461
f 4287/1426/441 4328/1417/457 4285/1427/439
f 4233/1372/415 2316/819/239 4356/1424/424
f 4231/1371/414 4286/1399/440 4235/1373/416
f 4329/1418/458 4328/1417/457 4287/1426/441
f 4329/1418/458 4156/1344/410 4327/1416/456
f 4320/1411/452 4281/1395/436 4404/1428/463
f 4320/1411/452 4293/1404/445 4283/1396/437
f 4404/1429/463 4344/1422/461 4320/1421/452
f 4233/1372/415 4287/1400/441 4286/1399/440
f 4235/1373/416 4286/1399/440 4289/1401/442
f 4286/1399/440 4231/1371/414 4233/1372/415
f 4260/1383/426 4263/1385/428 4256/1382/425
f 4262/1384/427 4424/1346/410 4425/1430/464
f 4263/1431/428 4322/1413/454 4275/1425/433
f 4263/1385/428 4262/1384/427 4431/1432/425
f 4310/1410/450 4291/1407/443 4293/1433/445
f 4295/1405/446 4436/1434/465 4437/1435/466
f 4339/1420/460 4293/1433/445 4320/1421/452
f 4441/1408/451 4268/1387/430 4267/1386/429
f 4268/1387/430 4291/1407/443 4310/1410/450
f 4283/1396/437 4279/1394/435 4281/1395/436
f 4247/1381/424 4339/1420/460 4344/1422/461
f 4268/1387/430 4310/1410/450 4245/1380/423
f 4239/1376/419 4289/1436/442 4285/1427/439
f 4239/1376/419 4332/1419/459 4237/1374/417
f 4332/1419/459 4241/1377/420 4237/1374/417
f 4273/1391/432 4275/1425/433 4326/1415/455
f 4235/1373/416 4345/1423/462 2316/819/239
f 4275/1425/433 4256/1437/425 4263/1431/428
f 4284/1397/438 4155/1343/410 4279/1394/435
f 4404/1428/463 4281/1395/436 4329/1418/458
f 4287/1426/441 4404/1428/463 4329/1418/458
f 4483/1435/425 4484/1438/467 4295/1405/446
f 4285/1427/439 4328/1417/457 4239/1376/419
f 4404/1429/463 4287/1400/441 4344/1422/461
f 4332/1419/459 4328/1417/457 4327/1416/456
f 4289/1401/442 4277/1392/434 4345/1423/462
f 2316/819/239 4345/1423/462 2312/816/239
f 4501/1432/425 4262/1384/468 4503/1439/467
f 4310/1410/450 4293/1433/445 4339/1420/460
f 4158/1345/410 4332/1419/459 4156/1344/410
f 4155/1343/410 4156/1344/410 4329/1418/458
f 4260/1383/426 4158/1345/410 4515/1346/410
f 2493/888/239 2487/886/239 4245/1380/423
f 4284/1397/438 4520/1342/410 4155/1343/410
f 4284/1397/469 4523/1440/470 4524/1342/409
f 4284/1397/438 4526/1438/471 4527/1440/464
f 4284/1397/438 4295/1405/446 4530/1438/467
f 4245/1380/423 2487/886/239 4267/1386/429
f 4329/1418/458 4281/1395/436 4155/1343/410
f 4295/1406/446 4268/1387/430 4539/1441/472
f 4238/1375/418 4289/1436/442 4239/1376/419
f 4268/1387/430 4544/1409/449 4545/1441/473
f 2574/916/316 2312/816/239 4321/1412/453
f 4549/1442/474 2574/916/316 4321/1412/453
f 4552/1414/475 4553/1442/431 4321/1412/453
f 4555/1443/449 4556/1414/448 4322/1413/454
f 4263/1431/428 4559/1443/449 4322/1413/454
f 4263/1431/428 4562/1444/472 4563/1443/449
f 4263/1385/428 4565/1432/466 4566/1445/465
f 4256/1382/425 4242/1378/421 4260/1383/426
f 4262/1384/427 4571/1430/464 4572/1439/471
f 4573/1446/476 4574/1347/477 4575/1447/476
f 4576/1448/478 4577/1449/479 4578/1450/480
f 4579/1451/481 4580/1452/482 4581/1453/483
f 4582/1452/482 4583/1450/484 4584/1453/483
f 4585/1451/485 4586/1341/409 4587/1340/486
f 4588/1453/487 4589/1341/409 4590/1451/483
f 4591/1446/488 4592/1350/412 4593/1347/412
f 4594/1452/489 4595/1448/478 4596/1450/480
f 4597/677/240 4598/637/240 4599/678/240
f 4600/675/240 4601/637/240 4602/677/240
f 4603/674/240 4604/637/240 4605/675/240
f 4606/673/240 4607/637/240 4608/674/240
f 4609/671/240 4610/670/240 4611/637/240
f 4612/671/240 4613/637/240 4614/673/240
f 4615/670/240 4616/672/240 4617/637/240
f 4618/672/240 4619/669/240 4620/637/240
f 4621/637/240 4622/669/240 4623/666/240
f 4624/637/240 4625/666/240 4626/667/240
f 4627/637/240 4628/667/240 4629/663/240
f 4630/662/240 4631/637/240 4632/660/240
f 4633/637/240 4634/663/240 4635/660/240
f 4636/657/240 4637/656/240 4638/637/240
f 4639/656/240 4640/653/240 4641/637/240
f 4642/637/240 4643/653/240 4644/652/240
f 4645/637/240 4646/652/240 4647/649/240
f 4648/637/240 4649/649/240 4650/648/240
f 4651/645/240 4652/637/240 4653/646/240
f 4654/637/240 4655/648/240 4656/646/240
f 4657/647/240 4658/637/240 4659/645/240
f 4660/644/240 4661/637/240 4662/647/240
f 4663/644/240 4664/642/240 4665/637/240
f 4666/642/240 4667/641/240 4668/637/240
f 4669/641/240 4670/640/240 4671/637/240
f 4672/637/240 4673/639/240 4674/638/240
f 4675/640/240 4676/639/240 4677/637/240
f 4678/637/240 4679/638/240 4680/635/240
f 4681/637/240 4682/635/240 4683/634/240
f 4684/657/240 4685/637/240 4686/662/240
f 4687/659/240 4688/655/240 4689/658/240
f 4690/661/240 4691/655/240 4692/659/240
f 4693/665/240 4694/655/240 4695/661/240
f 4696/664/240 4697/655/240 4698/665/240
f 4699/723/240 4700/724/240 4701/655/240
f 4702/723/240 4703/655/240 4704/664/240
f 4705/724/240 4706/725/240 4707/655/240
f 4708/725/240 4709/721/240 4710/655/240
f 4711/655/240 4712/721/240 4713/720/240
f 4714/655/240 4715/720/240 4716/722/240
f 4717/655/240 4718/722/240 4719/715/240
f 4720/709/240 4721/655/240 4722/713/240
f 4723/655/240 4724/715/240 4725/713/240
f 4726/712/240 4727/704/240 4728/655/240
f 4729/704/240 4730/702/240 4731/655/240
f 4732/655/240 4733/702/240 4734/698/240
f 4735/655/240 4736/698/240 4737/695/240
f 4738/655/240 4739/695/240 4740/691/240
f 4741/687/240 4742/655/240 4743/690/240
f 4744/655/240 4745/691/240 4746/690/240
f 4747/686/240 4748/655/240 4749/687/240
f 4750/683/240 4751/655/240 4752/686/240
f 4753/683/240 4754/685/240 4755/655/240
f 4756/685/240 4757/682/240 4758/655/240
f 4759/682/240 4760/680/240 4761/655/240
f 4762/655/240 4763/679/240 4764/650/240
f 4765/680/240 4766/679/240 4767/655/240
f 4768/655/240 4769/650/240 4770/651/240
f 4771/655/240 4772/651/240 4773/654/240
f 4774/712/240 4775/655/240 4776/709/240
